row,t,dt,event,cause,intentOn,targetGuid,opcode,swingTimerOwner,weaponSpeedMs,rangeEligibility,arcEligibility,clientAction,distance,bearingDelta,clipId,clipName,clipTime,clipB,clipBTime,blendWeight,animChoice,detail
0,0.000000,0.000000,TraceStart,operator,false,0x0000000000000000,,server,,unchecked,unchecked,none,-1,,0,Stand,2.1078787,,,,0->0:Exact,server-authoritative swing timing; client range/arc gates absent
1,0.000000,0.000000,AttackSwingSend,network-session-send,false,0xF13000007900B1EF,CMSG_ATTACKSWING,server,,unchecked,unchecked,none,72.42237,-0.7993698,0,Stand,2.1183176,,,,0->0:Exact,CMSG_ATTACKSWING
2,0.000000,0.000000,IntentOn,user-start,true,0xF13000007900B1EF,,server,,unchecked,unchecked,none,72.42237,-0.7993698,0,Stand,2.1183176,,,,0->0:Exact,local attack latch edge
3,0.017846,0.017846,Tick,live-sample,true,0xF13000007900B1EF,,server,,unchecked,unchecked,none,72.42237,-0.7993698,0,Stand,2.1361637,,,,0->0:Exact,none; server owns swing cadence
4,0.033241,0.015395,Tick,live-sample,true,0xF13000007900B1EF,,server,,unchecked,unchecked,none,72.42237,-0.7993698,0,Stand,2.1515589,,,,0->0:Exact,none; server owns swing cadence
5,0.050015,0.016773,Tick,live-sample,true,0xF13000007900B1EF,,server,,unchecked,unchecked,none,72.42237,-0.7993698,0,Stand,2.1683323,,,,0->0:Exact,none; server owns swing cadence
6,0.066692,0.016677,Tick,live-sample,true,0xF13000007900B1EF,,server,,unchecked,unchecked,none,72.42237,-0.7993698,0,Stand,2.1850095,,,,0->0:Exact,none; server owns swing cadence
7,0.066692,0.000000,AttackStartReceive,server,true,0xF13000007900B1EF,SMSG_ATTACKSTART,server,,unchecked,unchecked,none,72.42237,-0.7993698,0,Stand,2.1850095,,,,0->0:Exact,attacker=0x0000000000000001
8,0.066692,0.000000,AnimChoice,animator,true,0xF13000007900B1EF,,server,,unchecked,unchecked,none,72.42237,-0.7993698,0,Stand,2.1850095,,,,26->26:Exact,track=0 requested=26 played=26 kind=Exact base=0:Stand clipB= blendWeight=0
9,0.083415,0.016724,Tick,live-sample,true,0xF13000007900B1EF,,server,,unchecked,unchecked,none,72.42237,-0.7993698,26,Ready1H,0.0167235,Stand,2.2017329,0.03451842,26->26:Exact,none; server owns swing cadence
10,0.099953,0.016538,Tick,live-sample,true,0xF13000007900B1EF,,server,,unchecked,unchecked,none,72.42237,-0.7993698,26,Ready1H,0.033261,Stand,2.2182703,0.1257006,26->26:Exact,none; server owns swing cadence
11,0.117083,0.017130,Tick,live-sample,true,0xF13000007900B1EF,,server,,unchecked,unchecked,none,72.42237,-0.7993698,26,Ready1H,0.0503907,Stand,2.2354,0.26273894,26->26:Exact,none; server owns swing cadence
12,0.133174,0.016092,Tick,live-sample,true,0xF13000007900B1EF,,server,,unchecked,unchecked,none,72.42237,-0.7993698,26,Ready1H,0.0664825,Stand,2.2514918,0.41519123,26->26:Exact,none; server owns swing cadence
13,0.150114,0.016940,Tick,live-sample,true,0xF13000007900B1EF,,server,,unchecked,unchecked,none,72.42237,-0.7993698,26,Ready1H,0.0834221,Stand,2.2684314,0.5838671,26->26:Exact,none; server owns swing cadence
14,0.166808,0.016694,Tick,live-sample,true,0xF13000007900B1EF,,server,,unchecked,unchecked,none,72.42237,-0.7993698,26,Ready1H,0.1001159,Stand,2.2851253,0.7417704,26->26:Exact,none; server owns swing cadence
15,0.183917,0.017110,Tick,live-sample,true,0xF13000007900B1EF,,server,,unchecked,unchecked,none,72.42237,-0.7993698,26,Ready1H,0.1172256,Stand,2.302235,0.8776407,26->26:Exact,none; server owns swing cadence
16,0.200065,0.016147,Tick,live-sample,true,0xF13000007900B1EF,,server,,unchecked,unchecked,none,72.42237,-0.7993698,26,Ready1H,0.1333729,Stand,2.3183823,0.96586263,26->26:Exact,none; server owns swing cadence
17,0.217381,0.017316,Tick,live-sample,true,0xF13000007900B1EF,,server,,unchecked,unchecked,none,72.42237,-0.7993698,26,Ready1H,0.1506889,,,,26->26:Exact,none; server owns swing cadence
18,0.233945,0.016564,Tick,live-sample,true,0xF13000007900B1EF,,server,,unchecked,unchecked,none,72.42237,-0.7993698,26,Ready1H,0.167253,,,,26->26:Exact,none; server owns swing cadence
19,0.250148,0.016203,Tick,live-sample,true,0xF13000007900B1EF,,server,,unchecked,unchecked,none,72.42237,-0.7993698,26,Ready1H,0.1834562,,,,26->26:Exact,none; server owns swing cadence
20,0.266728,0.016580,Tick,live-sample,true,0xF13000007900B1EF,,server,,unchecked,unchecked,none,72.42237,-0.7993698,26,Ready1H,0.2000365,,,,26->26:Exact,none; server owns swing cadence
21,0.283423,0.016695,Tick,live-sample,true,0xF13000007900B1EF,,server,,unchecked,unchecked,none,72.42237,-0.7993698,26,Ready1H,0.2167311,,,,26->26:Exact,none; server owns swing cadence
22,0.300485,0.017062,Tick,live-sample,true,0xF13000007900B1EF,,server,,unchecked,unchecked,none,72.42237,-0.7993698,26,Ready1H,0.2337932,,,,26->26:Exact,none; server owns swing cadence
23,0.316805,0.016320,Tick,live-sample,true,0xF13000007900B1EF,,server,,unchecked,unchecked,none,72.42237,-0.7993698,26,Ready1H,0.2501131,,,,26->26:Exact,none; server owns swing cadence
24,0.333661,0.016856,Tick,live-sample,true,0xF13000007900B1EF,,server,,unchecked,unchecked,none,72.42237,-0.7993698,26,Ready1H,0.266969,,,,26->26:Exact,none; server owns swing cadence
25,0.350347,0.016686,Tick,live-sample,true,0xF13000007900B1EF,,server,,unchecked,unchecked,none,72.42237,-0.7993698,26,Ready1H,0.2836547,,,,26->26:Exact,none; server owns swing cadence
26,0.366934,0.016588,Tick,live-sample,true,0xF13000007900B1EF,,server,,unchecked,unchecked,none,72.42237,-0.7993698,26,Ready1H,0.30024248,,,,26->26:Exact,none; server owns swing cadence
27,0.383631,0.016697,Tick,live-sample,true,0xF13000007900B1EF,,server,,unchecked,unchecked,none,72.42237,-0.7993698,26,Ready1H,0.3169391,,,,26->26:Exact,none; server owns swing cadence
28,0.400571,0.016940,Tick,live-sample,true,0xF13000007900B1EF,,server,,unchecked,unchecked,none,72.42237,-0.7993698,26,Ready1H,0.3338787,,,,26->26:Exact,none; server owns swing cadence
29,0.416993,0.016423,Tick,live-sample,true,0xF13000007900B1EF,,server,,unchecked,unchecked,none,72.42237,-0.7993698,26,Ready1H,0.3503016,,,,26->26:Exact,none; server owns swing cadence
30,0.434332,0.017339,Tick,live-sample,true,0xF13000007900B1EF,,server,,unchecked,unchecked,none,72.42237,-0.7993698,26,Ready1H,0.3676404,,,,26->26:Exact,none; server owns swing cadence
31,0.450314,0.015982,Tick,live-sample,true,0xF13000007900B1EF,,server,,unchecked,unchecked,none,72.42237,-0.7993698,26,Ready1H,0.38362262,,,,26->26:Exact,none; server owns swing cadence
32,0.467118,0.016803,Tick,live-sample,true,0xF13000007900B1EF,,server,,unchecked,unchecked,none,72.42237,-0.7993698,26,Ready1H,0.40042582,,,,26->26:Exact,none; server owns swing cadence
33,0.484041,0.016923,Tick,live-sample,true,0xF13000007900B1EF,,server,,unchecked,unchecked,none,72.42237,-0.7993698,26,Ready1H,0.41734892,,,,26->26:Exact,none; server owns swing cadence
34,0.500296,0.016255,Tick,live-sample,true,0xF13000007900B1EF,,server,,unchecked,unchecked,none,72.42237,-0.7993698,26,Ready1H,0.43360412,,,,26->26:Exact,none; server owns swing cadence
35,0.518494,0.018198,Tick,live-sample,true,0xF13000007900B1EF,,server,,unchecked,unchecked,none,72.42237,-0.7993698,26,Ready1H,0.45180172,,,,26->26:Exact,none; server owns swing cadence
36,0.533661,0.015167,Tick,live-sample,true,0xF13000007900B1EF,,server,,unchecked,unchecked,none,72.42237,-0.7993698,26,Ready1H,0.4669688,,,,26->26:Exact,none; server owns swing cadence
37,0.550429,0.016769,Tick,live-sample,true,0xF13000007900B1EF,,server,,unchecked,unchecked,none,72.42237,-0.7993698,26,Ready1H,0.4837375,,,,26->26:Exact,none; server owns swing cadence
38,0.567128,0.016698,Tick,live-sample,true,0xF13000007900B1EF,,server,,unchecked,unchecked,none,72.42237,-0.7993698,26,Ready1H,0.5004357,,,,26->26:Exact,none; server owns swing cadence
39,0.584112,0.016985,Tick,live-sample,true,0xF13000007900B1EF,,server,,unchecked,unchecked,none,72.42237,-0.7993698,26,Ready1H,0.5174203,,,,26->26:Exact,none; server owns swing cadence
40,0.600221,0.016109,Tick,live-sample,true,0xF13000007900B1EF,,server,,unchecked,unchecked,none,74.89787,-0.76148754,26,Ready1H,0.5335293,,,,26->26:Exact,none; server owns swing cadence
41,0.617022,0.016801,Tick,live-sample,true,0xF13000007900B1EF,,server,,unchecked,unchecked,none,74.88667,-0.7619974,26,Ready1H,0.5503304,,,,26->26:Exact,none; server owns swing cadence
42,0.633618,0.016596,Tick,live-sample,true,0xF13000007900B1EF,,server,,unchecked,unchecked,none,74.874695,-0.7625361,26,Ready1H,0.5669261,,,,26->26:Exact,none; server owns swing cadence
43,0.650500,0.016882,Tick,live-sample,true,0xF13000007900B1EF,,server,,unchecked,unchecked,none,74.86197,-0.76306677,26,Ready1H,0.58380795,,,,26->26:Exact,none; server owns swing cadence
44,0.667168,0.016668,Tick,live-sample,true,0xF13000007900B1EF,,server,,unchecked,unchecked,none,74.85004,-0.76360583,26,Ready1H,0.60047597,,,,26->26:Exact,none; server owns swing cadence
45,0.684081,0.016913,Tick,live-sample,true,0xF13000007900B1EF,,server,,unchecked,unchecked,none,74.83892,-0.76411635,26,Ready1H,0.6173888,,,,26->26:Exact,none; server owns swing cadence
46,0.700532,0.016451,Tick,live-sample,true,0xF13000007900B1EF,,server,,unchecked,unchecked,none,74.82703,-0.7646557,26,Ready1H,0.6338398,,,,26->26:Exact,none; server owns swing cadence
47,0.718041,0.017510,Tick,live-sample,true,0xF13000007900B1EF,,server,,unchecked,unchecked,none,74.81507,-0.7651964,26,Ready1H,0.6513496,,,,26->26:Exact,none; server owns swing cadence
48,0.734179,0.016137,Tick,live-sample,true,0xF13000007900B1EF,,server,,unchecked,unchecked,none,74.803215,-0.7657361,26,Ready1H,0.667487,,,,26->26:Exact,none; server owns swing cadence
49,0.750844,0.016665,Tick,live-sample,true,0xF13000007900B1EF,,server,,unchecked,unchecked,none,74.791504,-0.7662379,26,Ready1H,0.68415195,,,,26->26:Exact,none; server owns swing cadence
50,0.767351,0.016507,Tick,live-sample,true,0xF13000007900B1EF,,server,,unchecked,unchecked,none,74.77969,-0.766778,26,Ready1H,0.70065886,,,,26->26:Exact,none; server owns swing cadence
51,0.783877,0.016527,Tick,live-sample,true,0xF13000007900B1EF,,server,,unchecked,unchecked,none,74.7687,-0.7672894,26,Ready1H,0.7171857,,,,26->26:Exact,none; server owns swing cadence
52,0.800605,0.016727,Tick,live-sample,true,0xF13000007900B1EF,,server,,unchecked,unchecked,none,74.756935,-0.76782984,26,Ready1H,0.7339132,,,,26->26:Exact,none; server owns swing cadence
53,0.817209,0.016604,Tick,live-sample,true,0xF13000007900B1EF,,server,,unchecked,unchecked,none,74.74511,-0.7683715,26,Ready1H,0.7505173,,,,26->26:Exact,none; server owns swing cadence
54,0.834010,0.016801,Tick,live-sample,true,0xF13000007900B1EF,,server,,unchecked,unchecked,none,74.733574,-0.768873,26,Ready1H,0.767318,,,,26->26:Exact,none; server owns swing cadence
55,0.850750,0.016741,Tick,live-sample,true,0xF13000007900B1EF,,server,,unchecked,unchecked,none,74.72179,-0.769415,26,Ready1H,0.78405863,,,,26->26:Exact,none; server owns swing cadence
56,0.867155,0.016405,Tick,live-sample,true,0xF13000007900B1EF,,server,,unchecked,unchecked,none,74.71011,-0.76995605,26,Ready1H,0.80046386,,,,26->26:Exact,none; server owns swing cadence
57,0.884131,0.016976,Tick,live-sample,true,0xF13000007900B1EF,,server,,unchecked,unchecked,none,74.698364,-0.77049845,26,Ready1H,0.8174397,,,,26->26:Exact,none; server owns swing cadence
58,0.900543,0.016412,Tick,live-sample,true,0xF13000007900B1EF,,server,,unchecked,unchecked,none,74.687515,-0.771011,26,Ready1H,0.8338516,,,,26->26:Exact,none; server owns swing cadence
59,0.917292,0.016749,Tick,live-sample,true,0xF13000007900B1EF,,server,,unchecked,unchecked,none,74.67521,-0.77154326,26,Ready1H,0.85060036,,,,26->26:Exact,none; server owns swing cadence
60,0.934160,0.016868,Tick,live-sample,true,0xF13000007900B1EF,,server,,unchecked,unchecked,none,74.66362,-0.772085,26,Ready1H,0.86746854,,,,26->26:Exact,none; server owns swing cadence
61,0.951777,0.017617,Tick,live-sample,true,0xF13000007900B1EF,,server,,unchecked,unchecked,none,74.65196,-0.77262807,26,Ready1H,0.8850855,,,,26->26:Exact,none; server owns swing cadence
62,0.967339,0.015562,Tick,live-sample,true,0xF13000007900B1EF,,server,,unchecked,unchecked,none,74.64119,-0.7731412,26,Ready1H,0.90064734,,,,26->26:Exact,none; server owns swing cadence
63,0.984079,0.016740,Tick,live-sample,true,0xF13000007900B1EF,,server,,unchecked,unchecked,none,74.62984,-0.7736441,26,Ready1H,0.91738755,,,,26->26:Exact,none; server owns swing cadence
64,1.000595,0.016516,Tick,live-sample,true,0xF13000007900B1EF,,server,,unchecked,unchecked,none,74.61824,-0.7741876,26,Ready1H,0.93390316,,,,26->26:Exact,none; server owns swing cadence
65,1.018706,0.018112,Tick,live-sample,true,0xF13000007900B1EF,,server,,unchecked,unchecked,none,74.605896,-0.7747603,26,Ready1H,0.95201486,,,,26->26:Exact,none; server owns swing cadence
66,1.034228,0.015522,Tick,live-sample,true,0xF13000007900B1EF,,server,,unchecked,unchecked,none,74.59521,-0.7752741,26,Ready1H,0.96753687,,,,26->26:Exact,none; server owns swing cadence
67,1.050816,0.016588,Tick,live-sample,true,0xF13000007900B1EF,,server,,unchecked,unchecked,none,74.584625,-0.7757869,26,Ready1H,0.9841245,,,,26->26:Exact,none; server owns swing cadence
68,1.067707,0.016891,Tick,live-sample,true,0xF13000007900B1EF,,server,,unchecked,unchecked,none,74.57312,-0.77633107,26,Ready1H,1.0010153,,,,26->26:Exact,none; server owns swing cadence
69,1.084427,0.016720,Tick,live-sample,true,0xF13000007900B1EF,,server,,unchecked,unchecked,none,74.56172,-0.77687424,26,Ready1H,1.017735,,,,26->26:Exact,none; server owns swing cadence
70,1.100858,0.016431,Tick,live-sample,true,0xF13000007900B1EF,,server,,unchecked,unchecked,none,74.55042,-0.7773794,26,Ready1H,1.034166,,,,26->26:Exact,none; server owns swing cadence
71,1.117457,0.016600,Tick,live-sample,true,0xF13000007900B1EF,,server,,unchecked,unchecked,none,74.53906,-0.7779229,26,Ready1H,1.0507656,,,,26->26:Exact,none; server owns swing cadence
72,1.134473,0.017015,Tick,live-sample,true,0xF13000007900B1EF,,server,,unchecked,unchecked,none,74.52764,-0.77846783,26,Ready1H,1.067781,,,,26->26:Exact,none; server owns swing cadence
73,1.150938,0.016465,Tick,live-sample,true,0xF13000007900B1EF,,server,,unchecked,unchecked,none,74.51718,-0.7789815,26,Ready1H,1.0842464,,,,26->26:Exact,none; server owns swing cadence
74,1.167401,0.016463,Tick,live-sample,true,0xF13000007900B1EF,,server,,unchecked,unchecked,none,74.505806,-0.7795267,26,Ready1H,1.1007094,,,,26->26:Exact,none; server owns swing cadence
75,1.184200,0.016799,Tick,live-sample,true,0xF13000007900B1EF,,server,,unchecked,unchecked,none,74.49384,-0.78006166,26,Ready1H,1.1175083,,,,26->26:Exact,none; server owns swing cadence
76,1.200933,0.016733,Tick,live-sample,true,0xF13000007900B1EF,,server,,unchecked,unchecked,none,74.48336,-0.78057694,26,Ready1H,1.134241,,,,26->26:Exact,none; server owns swing cadence
77,1.218370,0.017438,Tick,live-sample,true,0xF13000007900B1EF,,server,,unchecked,unchecked,none,74.47128,-0.78115165,26,Ready1H,1.1516784,,,,26->26:Exact,none; server owns swing cadence
78,1.234174,0.015804,Tick,live-sample,true,0xF13000007900B1EF,,server,,unchecked,unchecked,none,74.46084,-0.7816673,26,Ready1H,1.167482,,,,26->26:Exact,none; server owns swing cadence
79,1.251031,0.016858,Tick,live-sample,true,0xF13000007900B1EF,,server,,unchecked,unchecked,none,74.44972,-0.7821739,26,Ready1H,1.1843398,,,,26->26:Exact,none; server owns swing cadence
80,1.267510,0.016479,Tick,live-sample,true,0xF13000007900B1EF,,server,,unchecked,unchecked,none,74.43856,-0.78271884,26,Ready1H,1.2008187,,,,26->26:Exact,none; server owns swing cadence
81,1.284244,0.016733,Tick,live-sample,true,0xF13000007900B1EF,,server,,unchecked,unchecked,none,74.42742,-0.78326404,26,Ready1H,1.2175522,,,,26->26:Exact,none; server owns swing cadence
82,1.301255,0.017011,Tick,live-sample,true,0xF13000007900B1EF,,server,,unchecked,unchecked,none,74.416214,-0.7838105,26,Ready1H,1.2345635,,,,26->26:Exact,none; server owns swing cadence
83,1.317787,0.016532,Tick,live-sample,true,0xF13000007900B1EF,,server,,unchecked,unchecked,none,74.405876,-0.78432685,26,Ready1H,1.2510952,,,,26->26:Exact,none; server owns swing cadence
84,1.334503,0.016716,Tick,live-sample,true,0xF13000007900B1EF,,server,,unchecked,unchecked,none,74.394806,-0.78487253,26,Ready1H,1.2678114,,,,26->26:Exact,none; server owns swing cadence
85,1.351163,0.016660,Tick,live-sample,true,0xF13000007900B1EF,,server,,unchecked,unchecked,none,74.38367,-0.78541946,26,Ready1H,1.2844719,,,,26->26:Exact,none; server owns swing cadence
86,1.367670,0.016507,Tick,live-sample,true,0xF13000007900B1EF,,server,,unchecked,unchecked,none,74.37277,-0.785926,26,Ready1H,1.3009787,,,,26->26:Exact,none; server owns swing cadence
87,1.384390,0.016719,Tick,live-sample,true,0xF13000007900B1EF,,server,,unchecked,unchecked,none,74.36168,-0.7864733,26,Ready1H,1.317698,,,,26->26:Exact,none; server owns swing cadence
88,1.401204,0.016815,Tick,live-sample,true,0xF13000007900B1EF,,server,,unchecked,unchecked,none,74.35069,-0.7870195,26,Ready1H,1.334513,,,,26->26:Exact,none; server owns swing cadence
89,1.417995,0.016790,Tick,live-sample,true,0xF13000007900B1EF,,server,,unchecked,unchecked,none,74.34047,-0.7875368,26,Ready1H,1.3513035,,,,26->26:Exact,none; server owns swing cadence
90,1.434451,0.016456,Tick,live-sample,true,0xF13000007900B1EF,,server,,unchecked,unchecked,none,74.32953,-0.7880834,26,Ready1H,1.3677595,,,,26->26:Exact,none; server owns swing cadence
91,1.451290,0.016839,Tick,live-sample,true,0xF13000007900B1EF,,server,,unchecked,unchecked,none,74.317825,-0.78862214,26,Ready1H,1.3845987,,,,26->26:Exact,none; server owns swing cadence
92,1.468435,0.017144,Tick,live-sample,true,0xF13000007900B1EF,,server,,unchecked,unchecked,none,74.30692,-0.7891691,26,Ready1H,1.401743,,,,26->26:Exact,none; server owns swing cadence
93,1.484709,0.016274,Tick,live-sample,true,0xF13000007900B1EF,,server,,unchecked,unchecked,none,74.29679,-0.7896869,26,Ready1H,1.418017,,,,26->26:Exact,none; server owns swing cadence
94,1.501141,0.016433,Tick,live-sample,true,0xF13000007900B1EF,,server,,unchecked,unchecked,none,74.28593,-0.79023415,26,Ready1H,1.4344497,,,,26->26:Exact,none; server owns swing cadence
95,1.519057,0.017916,Tick,live-sample,true,0xF13000007900B1EF,,server,,unchecked,unchecked,none,74.27501,-0.79078275,26,Ready1H,1.4523652,,,,26->26:Exact,none; server owns swing cadence
96,1.534497,0.015440,Tick,live-sample,true,0xF13000007900B1EF,,server,,unchecked,unchecked,none,74.26432,-0.7912907,26,Ready1H,1.4678055,,,,26->26:Exact,none; server owns swing cadence
97,1.551260,0.016763,Tick,live-sample,true,0xF13000007900B1EF,,server,,unchecked,unchecked,none,74.25345,-0.7918396,26,Ready1H,1.4845685,,,,26->26:Exact,none; server owns swing cadence
98,1.567857,0.016597,Tick,live-sample,true,0xF13000007900B1EF,,server,,unchecked,unchecked,none,74.243416,-0.7923582,26,Ready1H,1.5011653,,,,26->26:Exact,none; server owns swing cadence
99,1.584782,0.016926,Tick,live-sample,true,0xF13000007900B1EF,,server,,unchecked,unchecked,none,74.232666,-0.7929062,26,Ready1H,1.5180908,,,,26->26:Exact,none; server owns swing cadence
100,1.601153,0.016371,Tick,live-sample,true,0xF13000007900B1EF,,server,,unchecked,unchecked,none,74.22194,-0.7934544,26,Ready1H,1.5344619,,,,26->26:Exact,none; server owns swing cadence
101,1.617763,0.016610,Tick,live-sample,true,0xF13000007900B1EF,,server,,unchecked,unchecked,none,74.211266,-0.7939643,26,Ready1H,1.5510714,,,,26->26:Exact,none; server owns swing cadence
102,1.634631,0.016868,Tick,live-sample,true,0xF13000007900B1EF,,server,,unchecked,unchecked,none,74.2005,-0.794514,26,Ready1H,1.5679394,,,,26->26:Exact,none; server owns swing cadence
103,1.651178,0.016547,Tick,live-sample,true,0xF13000007900B1EF,,server,,unchecked,unchecked,none,74.18984,-0.7950626,26,Ready1H,1.5844862,,,,26->26:Exact,none; server owns swing cadence
104,1.668134,0.016956,Tick,live-sample,true,0xF13000007900B1EF,,server,,unchecked,unchecked,none,74.1792,-0.7956114,26,Ready1H,1.6014419,,,,26->26:Exact,none; server owns swing cadence
105,1.684815,0.016682,Tick,live-sample,true,0xF13000007900B1EF,,server,,unchecked,unchecked,none,74.16932,-0.796131,26,Ready1H,1.6181234,,,,26->26:Exact,none; server owns swing cadence
106,1.701434,0.016619,Tick,live-sample,true,0xF13000007900B1EF,,server,,unchecked,unchecked,none,74.15863,-0.79668134,26,Ready1H,1.6347424,,,,26->26:Exact,none; server owns swing cadence
107,1.718757,0.017323,Tick,live-sample,true,0xF13000007900B1EF,,server,,unchecked,unchecked,none,74.147354,-0.7972215,26,Ready1H,1.6520655,,,,26->26:Exact,none; server owns swing cadence
108,1.734901,0.016143,Tick,live-sample,true,0xF13000007900B1EF,,server,,unchecked,unchecked,none,74.137535,-0.79774153,26,Ready1H,1.6682088,,,,26->26:Exact,none; server owns swing cadence
109,1.751725,0.016825,Tick,live-sample,true,0xF13000007900B1EF,,server,,unchecked,unchecked,none,74.127,-0.7982911,26,Ready1H,1.6850336,,,,26->26:Exact,none; server owns swing cadence
110,1.768125,0.016400,Tick,live-sample,true,0xF13000007900B1EF,,server,,unchecked,unchecked,none,74.11642,-0.798842,26,Ready1H,1.7014337,,,,26->26:Exact,none; server owns swing cadence
111,1.784704,0.016578,Tick,live-sample,true,0xF13000007900B1EF,,server,,unchecked,unchecked,none,74.10603,-0.7993522,26,Ready1H,1.7180119,,,,26->26:Exact,none; server owns swing cadence
112,1.801390,0.016687,Tick,live-sample,true,0xF13000007900B1EF,,server,,unchecked,unchecked,none,74.09548,-0.79990345,26,Ready1H,1.7346988,,,,26->26:Exact,none; server owns swing cadence
113,1.818129,0.016739,Tick,live-sample,true,0xF13000007900B1EF,,server,,unchecked,unchecked,none,74.08504,-0.80045366,26,Ready1H,1.7514377,,,,26->26:Exact,none; server owns swing cadence
114,1.834765,0.016635,Tick,live-sample,true,0xF13000007900B1EF,,server,,unchecked,unchecked,none,74.07534,-0.8009746,26,Ready1H,1.7680732,,,,26->26:Exact,none; server owns swing cadence
115,1.851453,0.016688,Tick,live-sample,true,0xF13000007900B1EF,,server,,unchecked,unchecked,none,74.06495,-0.80152506,26,Ready1H,1.7847611,,,,26->26:Exact,none; server owns swing cadence
116,1.868130,0.016677,Tick,live-sample,true,0xF13000007900B1EF,,server,,unchecked,unchecked,none,74.05449,-0.8020769,26,Ready1H,1.8014379,,,,26->26:Exact,none; server owns swing cadence
117,1.884879,0.016749,Tick,live-sample,true,0xF13000007900B1EF,,server,,unchecked,unchecked,none,74.04414,-0.8025892,26,Ready1H,1.818187,,,,26->26:Exact,none; server owns swing cadence
118,1.901734,0.016855,Tick,live-sample,true,0xF13000007900B1EF,,server,,unchecked,unchecked,none,74.033806,-0.8031401,26,Ready1H,1.8350422,,,,26->26:Exact,none; server owns swing cadence
119,1.918700,0.016966,Tick,live-sample,true,0xF13000007900B1EF,,server,,unchecked,unchecked,none,74.0235,-0.8036912,26,Ready1H,1.8520083,,,,26->26:Exact,none; server owns swing cadence
120,1.934784,0.016084,Tick,live-sample,true,0xF13000007900B1EF,,server,,unchecked,unchecked,none,74.01392,-0.804213,26,Ready1H,1.868092,,,,26->26:Exact,none; server owns swing cadence
121,1.951514,0.016730,Tick,live-sample,true,0xF13000007900B1EF,,server,,unchecked,unchecked,none,74.00358,-0.8047656,26,Ready1H,1.8848222,,,,26->26:Exact,none; server owns swing cadence
122,1.968197,0.016683,Tick,live-sample,true,0xF13000007900B1EF,,server,,unchecked,unchecked,none,73.99333,-0.80531716,26,Ready1H,1.9015056,,,,26->26:Exact,none; server owns swing cadence
123,1.984972,0.016774,Tick,live-sample,true,0xF13000007900B1EF,,server,,unchecked,unchecked,none,73.98311,-0.8058303,26,Ready1H,1.91828,,,,26->26:Exact,none; server owns swing cadence
124,2.001540,0.016569,Tick,live-sample,true,0xF13000007900B1EF,,server,,unchecked,unchecked,none,73.972916,-0.8063822,26,Ready1H,1.9348488,,,,26->26:Exact,none; server owns swing cadence
125,2.019879,0.018338,Tick,live-sample,true,0xF13000007900B1EF,,server,,unchecked,unchecked,none,73.961945,-0.8069649,26,Ready1H,1.9531869,,,,26->26:Exact,none; server owns swing cadence
126,2.034739,0.014861,Tick,live-sample,true,0xF13000007900B1EF,,server,,unchecked,unchecked,none,73.953285,-0.8074568,26,Ready1H,1.9680477,,,,26->26:Exact,none; server owns swing cadence
127,2.051603,0.016864,Tick,live-sample,true,0xF13000007900B1EF,,server,,unchecked,unchecked,none,73.94235,-0.8080013,26,Ready1H,1.9849112,,,,26->26:Exact,none; server owns swing cadence
128,2.068383,0.016780,Tick,live-sample,true,0xF13000007900B1EF,,server,,unchecked,unchecked,none,73.93224,-0.8085537,26,Ready1H,2.001691,,,,26->26:Exact,none; server owns swing cadence
129,2.085067,0.016684,Tick,live-sample,true,0xF13000007900B1EF,,server,,unchecked,unchecked,none,73.92286,-0.8090767,26,Ready1H,2.0183754,,,,26->26:Exact,none; server owns swing cadence
130,2.101627,0.016560,Tick,live-sample,true,0xF13000007900B1EF,,server,,unchecked,unchecked,none,73.91279,-0.8096295,26,Ready1H,2.0349352,,,,26->26:Exact,none; server owns swing cadence
131,2.118220,0.016593,Tick,live-sample,true,0xF13000007900B1EF,,server,,unchecked,unchecked,none,73.902664,-0.8101836,26,Ready1H,2.0515282,,,,26->26:Exact,none; server owns swing cadence
132,2.134960,0.016740,Tick,live-sample,true,0xF13000007900B1EF,,server,,unchecked,unchecked,none,73.89271,-0.81069684,26,Ready1H,2.0682685,,,,26->26:Exact,none; server owns swing cadence
133,2.151501,0.016541,Tick,live-sample,true,0xF13000007900B1EF,,server,,unchecked,unchecked,none,73.88263,-0.8112512,26,Ready1H,2.0848095,,,,26->26:Exact,none; server owns swing cadence
134,2.168540,0.017039,Tick,live-sample,true,0xF13000007900B1EF,,server,,unchecked,unchecked,none,73.87265,-0.8118046,26,Ready1H,2.1018488,,,,26->26:Exact,none; server owns swing cadence
135,2.185090,0.016550,Tick,live-sample,true,0xF13000007900B1EF,,server,,unchecked,unchecked,none,73.86339,-0.81232846,26,Ready1H,2.1183984,,,,26->26:Exact,none; server owns swing cadence
136,2.202738,0.017648,Tick,live-sample,true,0xF13000007900B1EF,,server,,unchecked,unchecked,none,73.85268,-0.8129129,26,Ready1H,2.1360466,,,,26->26:Exact,none; server owns swing cadence
137,2.219381,0.016643,Tick,live-sample,true,0xF13000007900B1EF,,server,,unchecked,unchecked,none,73.840675,-0.81345844,26,Ready1H,2.1526897,,,,26->26:Exact,none; server owns swing cadence
138,2.235088,0.015706,Tick,live-sample,true,0xF13000007900B1EF,,server,,unchecked,unchecked,none,73.828224,-0.813933,26,Ready1H,2.168396,,,,26->26:Exact,none; server owns swing cadence
139,2.251691,0.016603,Tick,live-sample,true,0xF13000007900B1EF,,server,,unchecked,unchecked,none,73.81407,-0.81447184,26,Ready1H,2.1849992,,,,26->26:Exact,none; server owns swing cadence
140,2.268586,0.016895,Tick,live-sample,true,0xF13000007900B1EF,,server,,unchecked,unchecked,none,73.79995,-0.8150109,26,Ready1H,2.2018945,,,,26->26:Exact,none; server owns swing cadence
141,2.285073,0.016487,Tick,live-sample,true,0xF13000007900B1EF,,server,,unchecked,unchecked,none,73.786705,-0.8155181,26,Ready1H,2.2183812,,,,26->26:Exact,none; server owns swing cadence
142,2.301760,0.016688,Tick,live-sample,true,0xF13000007900B1EF,,server,,unchecked,unchecked,none,73.77262,-0.81605756,26,Ready1H,2.235069,,,,26->26:Exact,none; server owns swing cadence
143,2.318639,0.016879,Tick,live-sample,true,0xF13000007900B1EF,,server,,unchecked,unchecked,none,73.75856,-0.8165972,26,Ready1H,2.251948,,,,26->26:Exact,none; server owns swing cadence
144,2.335201,0.016562,Tick,live-sample,true,0xF13000007900B1EF,,server,,unchecked,unchecked,none,73.7446,-0.8171359,26,Ready1H,2.2685103,,,,26->26:Exact,none; server owns swing cadence
145,2.352002,0.016801,Tick,live-sample,true,0xF13000007900B1EF,,server,,unchecked,unchecked,none,73.731346,-0.8176451,26,Ready1H,2.2853112,,,,26->26:Exact,none; server owns swing cadence
146,2.368509,0.016506,Tick,live-sample,true,0xF13000007900B1EF,,server,,unchecked,unchecked,none,73.71743,-0.8181841,26,Ready1H,2.3018174,,,,26->26:Exact,none; server owns swing cadence
147,2.385213,0.016705,Tick,live-sample,true,0xF13000007900B1EF,,server,,unchecked,unchecked,none,73.70345,-0.8187246,26,Ready1H,2.3185222,,,,26->26:Exact,none; server owns swing cadence
148,2.401880,0.016667,Tick,live-sample,true,0xF13000007900B1EF,,server,,unchecked,unchecked,none,73.69106,-0.81924206,26,Ready1H,2.3351889,,,,26->26:Exact,none; server owns swing cadence
149,2.418511,0.016632,Tick,live-sample,true,0xF13000007900B1EF,,server,,unchecked,unchecked,none,73.67713,-0.8197829,26,Ready1H,2.3518205,,,,26->26:Exact,none; server owns swing cadence
150,2.435374,0.016863,Tick,live-sample,true,0xF13000007900B1EF,,server,,unchecked,unchecked,none,73.663216,-0.820324,26,Ready1H,2.368683,,,,26->26:Exact,none; server owns swing cadence
151,2.452041,0.016666,Tick,live-sample,true,0xF13000007900B1EF,,server,,unchecked,unchecked,none,73.65017,-0.820833,26,Ready1H,2.3853495,,,,26->26:Exact,none; server owns swing cadence
152,2.468513,0.016472,Tick,live-sample,true,0xF13000007900B1EF,,server,,unchecked,unchecked,none,73.6363,-0.82137454,26,Ready1H,2.4018216,,,,26->26:Exact,none; server owns swing cadence
153,2.485371,0.016859,Tick,live-sample,true,0xF13000007900B1EF,,server,,unchecked,unchecked,none,73.622444,-0.8219162,26,Ready1H,2.4186802,,,,26->26:Exact,none; server owns swing cadence
154,2.502406,0.017035,Tick,live-sample,true,0xF13000007900B1EF,,server,,unchecked,unchecked,none,73.60862,-0.8224581,26,Ready1H,2.4357147,,,,26->26:Exact,none; server owns swing cadence
155,2.519861,0.017455,Tick,live-sample,true,0xF13000007900B1EF,,server,,unchecked,unchecked,none,73.59481,-0.82300013,26,Ready1H,2.4531698,,,,26->26:Exact,none; server owns swing cadence
156,2.535551,0.015690,Tick,live-sample,true,0xF13000007900B1EF,,server,,unchecked,unchecked,none,73.58186,-0.82351017,26,Ready1H,2.46886,,,,26->26:Exact,none; server owns swing cadence
157,2.552036,0.016485,Tick,live-sample,true,0xF13000007900B1EF,,server,,unchecked,unchecked,none,73.56893,-0.8240204,26,Ready1H,2.485345,,,,26->26:Exact,none; server owns swing cadence
158,2.568549,0.016514,Tick,live-sample,true,0xF13000007900B1EF,,server,,unchecked,unchecked,none,73.55519,-0.824563,26,Ready1H,2.5018585,,,,26->26:Exact,none; server owns swing cadence
159,2.585189,0.016640,Tick,live-sample,true,0xF13000007900B1EF,,server,,unchecked,unchecked,none,73.541466,-0.8251059,26,Ready1H,2.518498,,,,26->26:Exact,none; server owns swing cadence
160,2.601940,0.016751,Tick,live-sample,true,0xF13000007900B1EF,,server,,unchecked,unchecked,none,73.528595,-0.82561666,26,Ready1H,2.535249,,,,26->26:Exact,none; server owns swing cadence
161,2.618536,0.016596,Tick,live-sample,true,0xF13000007900B1EF,,server,,unchecked,unchecked,none,73.514915,-0.82615995,26,Ready1H,2.5518446,,,,26->26:Exact,none; server owns swing cadence
162,2.635455,0.016919,Tick,live-sample,true,0xF13000007900B1EF,,server,,unchecked,unchecked,none,73.50126,-0.8267034,26,Ready1H,2.5687637,,,,26->26:Exact,none; server owns swing cadence
163,2.652265,0.016810,Tick,live-sample,true,0xF13000007900B1EF,,server,,unchecked,unchecked,none,73.4877,-0.82724583,26,Ready1H,2.585574,,,,26->26:Exact,none; server owns swing cadence
164,2.668657,0.016392,Tick,live-sample,true,0xF13000007900B1EF,,server,,unchecked,unchecked,none,73.47483,-0.82775855,26,Ready1H,2.601966,,,,26->26:Exact,none; server owns swing cadence
165,2.685381,0.016724,Tick,live-sample,true,0xF13000007900B1EF,,server,,unchecked,unchecked,none,73.46132,-0.82830137,26,Ready1H,2.61869,,,,26->26:Exact,none; server owns swing cadence
166,2.702166,0.016785,Tick,live-sample,true,0xF13000007900B1EF,,server,,unchecked,unchecked,none,73.44775,-0.8288457,26,Ready1H,2.6354752,,,,26->26:Exact,none; server owns swing cadence
167,2.719582,0.017416,Tick,live-sample,true,0xF13000007900B1EF,,server,,unchecked,unchecked,none,73.43419,-0.8293901,26,Ready1H,2.6528912,,,,26->26:Exact,none; server owns swing cadence
168,2.735665,0.016083,Tick,live-sample,true,0xF13000007900B1EF,,server,,unchecked,unchecked,none,73.42148,-0.82990235,26,Ready1H,2.6689746,,,,26->26:Exact,none; server owns swing cadence
169,2.752186,0.016521,Tick,live-sample,true,0xF13000007900B1EF,,server,,unchecked,unchecked,none,73.407974,-0.8304472,26,Ready1H,2.6854956,,,,26->26:Exact,none; server owns swing cadence
170,2.768949,0.016763,Tick,live-sample,true,0xF13000007900B1EF,,server,,unchecked,unchecked,none,73.3953,-0.83095986,26,Ready1H,2.702258,,,,26->26:Exact,none; server owns swing cadence
171,2.785512,0.016563,Tick,live-sample,true,0xF13000007900B1EF,,server,,unchecked,unchecked,none,73.381836,-0.83150506,26,Ready1H,2.718821,,,,26->26:Exact,none; server owns swing cadence
172,2.802376,0.016865,Tick,live-sample,true,0xF13000007900B1EF,,server,,unchecked,unchecked,none,73.36839,-0.8320505,26,Ready1H,2.7356856,,,,26->26:Exact,none; server owns swing cadence
173,2.818834,0.016457,Tick,live-sample,true,0xF13000007900B1EF,,server,,unchecked,unchecked,none,73.35578,-0.8325637,26,Ready1H,2.7521431,,,,26->26:Exact,none; server owns swing cadence
174,2.835613,0.016779,Tick,live-sample,true,0xF13000007900B1EF,,server,,unchecked,unchecked,none,73.34238,-0.8331095,26,Ready1H,2.7689223,,,,26->26:Exact,none; server owns swing cadence
175,2.852287,0.016673,Tick,live-sample,true,0xF13000007900B1EF,,server,,unchecked,unchecked,none,73.329,-0.83365554,26,Ready1H,2.7855957,,,,26->26:Exact,none; server owns swing cadence
176,2.868753,0.016467,Tick,live-sample,true,0xF13000007900B1EF,,server,,unchecked,unchecked,none,73.31645,-0.83416927,26,Ready1H,2.8020625,,,,26->26:Exact,none; server owns swing cadence
177,2.885558,0.016804,Tick,live-sample,true,0xF13000007900B1EF,,server,,unchecked,unchecked,none,73.303116,-0.83471566,26,Ready1H,2.818867,,,,26->26:Exact,none; server owns swing cadence
178,2.902433,0.016876,Tick,live-sample,true,0xF13000007900B1EF,,server,,unchecked,unchecked,none,73.289795,-0.83526224,26,Ready1H,2.8357425,,,,26->26:Exact,none; server owns swing cadence
179,2.919117,0.016683,Tick,live-sample,true,0xF13000007900B1EF,,server,,unchecked,unchecked,none,73.277306,-0.8357765,26,Ready1H,2.8524256,,,,26->26:Exact,none; server owns swing cadence
180,2.935595,0.016479,Tick,live-sample,true,0xF13000007900B1EF,,server,,unchecked,unchecked,none,73.26403,-0.8363235,26,Ready1H,2.868904,,,,26->26:Exact,none; server owns swing cadence
181,2.952529,0.016934,Tick,live-sample,true,0xF13000007900B1EF,,server,,unchecked,unchecked,none,73.250786,-0.83687073,26,Ready1H,2.8858378,,,,26->26:Exact,none; server owns swing cadence
182,2.968943,0.016414,Tick,live-sample,true,0xF13000007900B1EF,,server,,unchecked,unchecked,none,73.23835,-0.83738554,26,Ready1H,2.9022515,,,,26->26:Exact,none; server owns swing cadence
183,2.985563,0.016621,Tick,live-sample,true,0xF13000007900B1EF,,server,,unchecked,unchecked,none,73.226364,-0.83793443,26,Ready1H,2.918872,,,,26->26:Exact,none; server owns swing cadence
184,3.002371,0.016807,Tick,live-sample,true,0xF13000007900B1EF,,server,,unchecked,unchecked,none,73.21569,-0.8384835,26,Ready1H,2.9356794,,,,26->26:Exact,none; server owns swing cadence
185,3.020270,0.017900,Tick,live-sample,true,0xF13000007900B1EF,,server,,unchecked,unchecked,none,73.20441,-0.83906287,26,Ready1H,2.953579,,,,26->26:Exact,none; server owns swing cadence
186,3.035719,0.015449,Tick,live-sample,true,0xF13000007900B1EF,,server,,unchecked,unchecked,none,73.195206,-0.8395496,26,Ready1H,2.969028,,,,26->26:Exact,none; server owns swing cadence
187,3.052628,0.016909,Tick,live-sample,true,0xF13000007900B1EF,,server,,unchecked,unchecked,none,73.184685,-0.8400979,26,Ready1H,2.9859369,,,,26->26:Exact,none; server owns swing cadence
188,3.069088,0.016460,Tick,live-sample,true,0xF13000007900B1EF,,server,,unchecked,unchecked,none,73.17481,-0.8406163,26,Ready1H,3.0023966,,,,26->26:Exact,none; server owns swing cadence
189,3.085785,0.016697,Tick,live-sample,true,0xF13000007900B1EF,,server,,unchecked,unchecked,none,73.16432,-0.84116495,26,Ready1H,3.0190933,,,,26->26:Exact,none; server owns swing cadence
190,3.102579,0.016795,Tick,live-sample,true,0xF13000007900B1EF,,server,,unchecked,unchecked,none,73.15378,-0.841715,26,Ready1H,3.035888,,,,26->26:Exact,none; server owns swing cadence
191,3.119022,0.016443,Tick,live-sample,true,0xF13000007900B1EF,,server,,unchecked,unchecked,none,73.14405,-0.8422325,26,Ready1H,3.0523307,,,,26->26:Exact,none; server owns swing cadence
192,3.135756,0.016734,Tick,live-sample,true,0xF13000007900B1EF,,server,,unchecked,unchecked,none,73.13355,-0.84278286,26,Ready1H,3.0690646,,,,26->26:Exact,none; server owns swing cadence
193,3.152669,0.016913,Tick,live-sample,true,0xF13000007900B1EF,,server,,unchecked,unchecked,none,73.12315,-0.8433321,26,Ready1H,3.085978,,,,26->26:Exact,none; server owns swing cadence
194,3.169447,0.016778,Tick,live-sample,true,0xF13000007900B1EF,,server,,unchecked,unchecked,none,73.1127,-0.84388274,26,Ready1H,3.102756,,,,26->26:Exact,none; server owns swing cadence
195,3.185858,0.016410,Tick,live-sample,true,0xF13000007900B1EF,,server,,unchecked,unchecked,none,73.10305,-0.8444009,26,Ready1H,3.1191664,,,,26->26:Exact,none; server owns swing cadence
196,3.202632,0.016774,Tick,live-sample,true,0xF13000007900B1EF,,server,,unchecked,unchecked,none,73.09272,-0.84495056,26,Ready1H,3.1359406,,,,26->26:Exact,none; server owns swing cadence
197,3.220003,0.017371,Tick,live-sample,true,0xF13000007900B1EF,,server,,unchecked,unchecked,none,73.08233,-0.8455017,26,Ready1H,3.1533117,,,,26->26:Exact,none; server owns swing cadence
198,3.236061,0.016057,Tick,live-sample,true,0xF13000007900B1EF,,server,,unchecked,unchecked,none,73.07274,-0.8460202,26,Ready1H,3.1693692,,,,26->26:Exact,none; server owns swing cadence
199,3.252510,0.016450,Tick,live-sample,true,0xF13000007900B1EF,,server,,unchecked,unchecked,none,73.06239,-0.8465717,26,Ready1H,3.185819,,,,26->26:Exact,none; server owns swing cadence
200,3.269266,0.016756,Tick,live-sample,true,0xF13000007900B1EF,,server,,unchecked,unchecked,none,73.052155,-0.847122,26,Ready1H,3.2025747,,,,26->26:Exact,none; server owns swing cadence
201,3.285938,0.016672,Tick,live-sample,true,0xF13000007900B1EF,,server,,unchecked,unchecked,none,73.04255,-0.84764224,26,Ready1H,3.2192464,,,,26->26:Exact,none; server owns swing cadence
202,3.302591,0.016653,Tick,live-sample,true,0xF13000007900B1EF,,server,,unchecked,unchecked,none,73.03235,-0.8481929,26,Ready1H,3.2358994,,,,26->26:Exact,none; server owns swing cadence
203,3.319212,0.016621,Tick,live-sample,true,0xF13000007900B1EF,,server,,unchecked,unchecked,none,73.02208,-0.84874487,26,Ready1H,3.2525203,,,,26->26:Exact,none; server owns swing cadence
204,3.336156,0.016944,Tick,live-sample,true,0xF13000007900B1EF,,server,,unchecked,unchecked,none,73.011925,-0.8492958,26,Ready1H,3.2694645,,,,26->26:Exact,none; server owns swing cadence
205,3.352714,0.016558,Tick,live-sample,true,0xF13000007900B1EF,,server,,unchecked,unchecked,none,73.0024,-0.8498166,26,Ready1H,3.2860222,,,,26->26:Exact,none; server owns swing cadence
206,3.369070,0.016356,Tick,live-sample,true,0xF13000007900B1EF,,server,,unchecked,unchecked,none,72.99298,-0.8503363,26,Ready1H,3.3023787,,,,26->26:Exact,none; server owns swing cadence
207,3.385879,0.016809,Tick,live-sample,true,0xF13000007900B1EF,,server,,unchecked,unchecked,none,72.98281,-0.8508889,26,Ready1H,3.3191874,,,,26->26:Exact,none; server owns swing cadence
208,3.402791,0.016912,Tick,live-sample,true,0xF13000007900B1EF,,server,,unchecked,unchecked,none,72.97274,-0.8514404,26,Ready1H,3.3360996,,,,26->26:Exact,none; server owns swing cadence
209,3.419389,0.016598,Tick,live-sample,true,0xF13000007900B1EF,,server,,unchecked,unchecked,none,72.96261,-0.8519934,26,Ready1H,3.3526976,,,,26->26:Exact,none; server owns swing cadence
210,3.436032,0.016642,Tick,live-sample,true,0xF13000007900B1EF,,server,,unchecked,unchecked,none,72.95327,-0.8525136,26,Ready1H,3.36934,,,,26->26:Exact,none; server owns swing cadence
211,3.452594,0.016562,Tick,live-sample,true,0xF13000007900B1EF,,server,,unchecked,unchecked,none,72.95258,-0.8525452,26,Ready1H,3.3859022,,,,26->26:Exact,none; server owns swing cadence
212,3.469250,0.016656,Tick,live-sample,true,0xF13000007900B1EF,,server,,unchecked,unchecked,none,72.95258,-0.8525452,26,Ready1H,3.4025578,,,,26->26:Exact,none; server owns swing cadence
213,3.486083,0.016833,Tick,live-sample,true,0xF13000007900B1EF,,server,,unchecked,unchecked,none,72.95258,-0.8525452,26,Ready1H,3.419391,,,,26->26:Exact,none; server owns swing cadence
214,3.502918,0.016835,Tick,live-sample,true,0xF13000007900B1EF,,server,,unchecked,unchecked,none,72.95258,-0.8525452,26,Ready1H,3.4362261,,,,26->26:Exact,none; server owns swing cadence
215,3.520500,0.017582,Tick,live-sample,true,0xF13000007900B1EF,,server,,unchecked,unchecked,none,72.95258,-0.8525452,26,Ready1H,3.4538078,,,,26->26:Exact,none; server owns swing cadence
216,3.535979,0.015479,Tick,live-sample,true,0xF13000007900B1EF,,server,,unchecked,unchecked,none,72.95258,-0.8525452,26,Ready1H,3.4692872,,,,26->26:Exact,none; server owns swing cadence
217,3.552707,0.016728,Tick,live-sample,true,0xF13000007900B1EF,,server,,unchecked,unchecked,none,72.93562,-0.85201377,26,Ready1H,3.4860153,,,,26->26:Exact,none; server owns swing cadence
218,3.569472,0.016765,Tick,live-sample,true,0xF13000007900B1EF,,server,,unchecked,unchecked,none,72.91861,-0.85148335,26,Ready1H,3.5027804,,,,26->26:Exact,none; server owns swing cadence
219,3.586056,0.016584,Tick,live-sample,true,0xF13000007900B1EF,,server,,unchecked,unchecked,none,72.903206,-0.850989,26,Ready1H,3.5193646,,,,26->26:Exact,none; server owns swing cadence
220,3.602825,0.016768,Tick,live-sample,true,0xF13000007900B1EF,,server,,unchecked,unchecked,none,72.88631,-0.85045683,26,Ready1H,3.536133,,,,26->26:Exact,none; server owns swing cadence
221,3.619367,0.016542,Tick,live-sample,true,0xF13000007900B1EF,,server,,unchecked,unchecked,none,72.86943,-0.84992445,26,Ready1H,3.552675,,,,26->26:Exact,none; server owns swing cadence
222,3.636354,0.016987,Tick,live-sample,true,0xF13000007900B1EF,,server,,unchecked,unchecked,none,72.85249,-0.84939307,26,Ready1H,3.5696623,,,,26->26:Exact,none; server owns swing cadence
223,3.653028,0.016674,Tick,live-sample,true,0xF13000007900B1EF,,server,,unchecked,unchecked,none,72.837166,-0.8488978,26,Ready1H,3.5863364,,,,26->26:Exact,none; server owns swing cadence
224,3.669451,0.016423,Tick,live-sample,true,0xF13000007900B1EF,,server,,unchecked,unchecked,none,72.82035,-0.8483647,26,Ready1H,3.6027591,,,,26->26:Exact,none; server owns swing cadence
225,3.686211,0.016761,Tick,live-sample,true,0xF13000007900B1EF,,server,,unchecked,unchecked,none,72.80356,-0.8478313,26,Ready1H,3.6195197,,,,26->26:Exact,none; server owns swing cadence
226,3.702845,0.016634,Tick,live-sample,true,0xF13000007900B1EF,,server,,unchecked,unchecked,none,72.787544,-0.84732664,26,Ready1H,3.6361537,,,,26->26:Exact,none; server owns swing cadence
227,3.720578,0.017732,Tick,live-sample,true,0xF13000007900B1EF,,server,,unchecked,unchecked,none,72.76995,-0.8467651,26,Ready1H,3.653886,,,,26->26:Exact,none; server owns swing cadence
228,3.736387,0.015809,Tick,live-sample,true,0xF13000007900B1EF,,server,,unchecked,unchecked,none,72.754715,-0.8462687,26,Ready1H,3.6696954,,,,26->26:Exact,none; server owns swing cadence
229,3.752939,0.016552,Tick,live-sample,true,0xF13000007900B1EF,,server,,unchecked,unchecked,none,72.738754,-0.8457634,26,Ready1H,3.6862476,,,,26->26:Exact,none; server owns swing cadence
230,3.769573,0.016633,Tick,live-sample,true,0xF13000007900B1EF,,server,,unchecked,unchecked,none,72.72207,-0.84522885,26,Ready1H,3.702881,,,,26->26:Exact,none; server owns swing cadence
231,3.786316,0.016743,Tick,live-sample,true,0xF13000007900B1EF,,server,,unchecked,unchecked,none,72.705315,-0.84469527,26,Ready1H,3.7196243,,,,26->26:Exact,none; server owns swing cadence
232,3.802949,0.016633,Tick,live-sample,true,0xF13000007900B1EF,,server,,unchecked,unchecked,none,72.690155,-0.84419805,26,Ready1H,3.7362573,,,,26->26:Exact,none; server owns swing cadence
233,3.819686,0.016737,Tick,live-sample,true,0xF13000007900B1EF,,server,,unchecked,unchecked,none,72.67352,-0.8436628,26,Ready1H,3.7529943,,,,26->26:Exact,none; server owns swing cadence
234,3.836237,0.016551,Tick,live-sample,true,0xF13000007900B1EF,,server,,unchecked,unchecked,none,72.656906,-0.84312725,26,Ready1H,3.7695453,,,,26->26:Exact,none; server owns swing cadence
235,3.853018,0.016780,Tick,live-sample,true,0xF13000007900B1EF,,server,,unchecked,unchecked,none,72.64098,-0.8426218,26,Ready1H,3.7863257,,,,26->26:Exact,none; server owns swing cadence
236,3.869855,0.016837,Tick,live-sample,true,0xF13000007900B1EF,,server,,unchecked,unchecked,none,72.62515,-0.8420946,26,Ready1H,3.8031628,,,,26->26:Exact,none; server owns swing cadence
237,3.886815,0.016961,Tick,live-sample,true,0xF13000007900B1EF,,server,,unchecked,unchecked,none,72.6086,-0.8415584,26,Ready1H,3.8201237,,,,26->26:Exact,none; server owns swing cadence
238,3.903104,0.016288,Tick,live-sample,true,0xF13000007900B1EF,,server,,unchecked,unchecked,none,72.59282,-0.841051,26,Ready1H,3.836412,,,,26->26:Exact,none; server owns swing cadence
239,3.919666,0.016562,Tick,live-sample,true,0xF13000007900B1EF,,server,,unchecked,unchecked,none,72.57623,-0.8405155,26,Ready1H,3.852974,,,,26->26:Exact,none; server owns swing cadence
240,3.936511,0.016845,Tick,live-sample,true,0xF13000007900B1EF,,server,,unchecked,unchecked,none,72.55974,-0.8399786,26,Ready1H,3.869819,,,,26->26:Exact,none; server owns swing cadence
241,3.953097,0.016586,Tick,live-sample,true,0xF13000007900B1EF,,server,,unchecked,unchecked,none,72.54475,-0.8394794,26,Ready1H,3.8864052,,,,26->26:Exact,none; server owns swing cadence
242,3.969897,0.016800,Tick,live-sample,true,0xF13000007900B1EF,,server,,unchecked,unchecked,none,72.528305,-0.83894193,26,Ready1H,3.9032052,,,,26->26:Exact,none; server owns swing cadence
243,3.986583,0.016686,Tick,live-sample,true,0xF13000007900B1EF,,server,,unchecked,unchecked,none,72.511795,-0.8384055,26,Ready1H,3.9198914,,,,26->26:Exact,none; server owns swing cadence
244,4.003192,0.016609,Tick,live-sample,true,0xF13000007900B1EF,,server,,unchecked,unchecked,none,72.495384,-0.83786756,26,Ready1H,3.9365005,,,,26->26:Exact,none; server owns swing cadence
245,4.021089,0.017897,Tick,live-sample,true,0xF13000007900B1EF,,server,,unchecked,unchecked,none,72.479004,-0.8373294,26,Ready1H,3.9543972,,,,26->26:Exact,none; server owns swing cadence
246,4.036391,0.015302,Tick,live-sample,true,0xF13000007900B1EF,,server,,unchecked,unchecked,none,72.4641,-0.8368291,26,Ready1H,3.969699,,,,26->26:Exact,none; server owns swing cadence
247,4.053200,0.016810,Tick,live-sample,true,0xF13000007900B1EF,,server,,unchecked,unchecked,none,72.44768,-0.83629173,26,Ready1H,3.9865086,,,,26->26:Exact,none; server owns swing cadence
248,4.070011,0.016810,Tick,live-sample,true,0xF13000007900B1EF,,server,,unchecked,unchecked,none,72.43209,-0.8357821,26,Ready1H,4.003319,,,,26->26:Exact,none; server owns swing cadence
249,4.086510,0.016499,Tick,live-sample,true,0xF13000007900B1EF,,server,,unchecked,unchecked,none,72.41652,-0.8352519,26,Ready1H,4.019818,,,,26->26:Exact,none; server owns swing cadence
250,4.103155,0.016645,Tick,live-sample,true,0xF13000007900B1EF,,server,,unchecked,unchecked,none,72.40024,-0.83471256,26,Ready1H,4.0364633,,,,26->26:Exact,none; server owns swing cadence
251,4.119924,0.016769,Tick,live-sample,true,0xF13000007900B1EF,,server,,unchecked,unchecked,none,72.38462,-0.8342035,26,Ready1H,4.053232,,,,26->26:Exact,none; server owns swing cadence
252,4.136630,0.016706,Tick,live-sample,true,0xF13000007900B1EF,,server,,unchecked,unchecked,none,72.36838,-0.8336637,26,Ready1H,4.069938,,,,26->26:Exact,none; server owns swing cadence
253,4.153366,0.016736,Tick,live-sample,true,0xF13000007900B1EF,,server,,unchecked,unchecked,none,72.35216,-0.8331236,26,Ready1H,4.0866747,,,,26->26:Exact,none; server owns swing cadence
254,4.170032,0.016666,Tick,live-sample,true,0xF13000007900B1EF,,server,,unchecked,unchecked,none,72.33742,-0.8326216,26,Ready1H,4.1033406,,,,26->26:Exact,none; server owns swing cadence
255,4.186593,0.016562,Tick,live-sample,true,0xF13000007900B1EF,,server,,unchecked,unchecked,none,72.32116,-0.83208233,26,Ready1H,4.119902,,,,26->26:Exact,none; server owns swing cadence
256,4.203226,0.016633,Tick,live-sample,true,0xF13000007900B1EF,,server,,unchecked,unchecked,none,72.305,-0.83154154,26,Ready1H,4.136535,,,,26->26:Exact,none; server owns swing cadence
257,4.220681,0.017455,Tick,live-sample,true,0xF13000007900B1EF,,server,,unchecked,unchecked,none,72.28886,-0.83100057,26,Ready1H,4.1539903,,,,26->26:Exact,none; server owns swing cadence
258,4.236684,0.016002,Tick,live-sample,true,0xF13000007900B1EF,,server,,unchecked,unchecked,none,72.27419,-0.8304976,26,Ready1H,4.1699924,,,,26->26:Exact,none; server owns swing cadence
259,4.253381,0.016697,Tick,live-sample,true,0xF13000007900B1EF,,server,,unchecked,unchecked,none,72.25802,-0.8299574,26,Ready1H,4.1866894,,,,26->26:Exact,none; server owns swing cadence
260,4.270241,0.016860,Tick,live-sample,true,0xF13000007900B1EF,,server,,unchecked,unchecked,none,72.241936,-0.8294157,26,Ready1H,4.20355,,,,26->26:Exact,none; server owns swing cadence
261,4.286550,0.016309,Tick,live-sample,true,0xF13000007900B1EF,,server,,unchecked,unchecked,none,72.22733,-0.82891214,26,Ready1H,4.2198586,,,,26->26:Exact,none; server owns swing cadence
262,4.303507,0.016957,Tick,live-sample,true,0xF13000007900B1EF,,server,,unchecked,unchecked,none,72.21129,-0.82837,26,Ready1H,4.236816,,,,26->26:Exact,none; server owns swing cadence
263,4.320032,0.016525,Tick,live-sample,true,0xF13000007900B1EF,,server,,unchecked,unchecked,none,72.196,-0.82785696,26,Ready1H,4.253341,,,,26->26:Exact,none; server owns swing cadence
264,4.336883,0.016851,Tick,live-sample,true,0xF13000007900B1EF,,server,,unchecked,unchecked,none,72.179924,-0.82731557,26,Ready1H,4.270192,,,,26->26:Exact,none; server owns swing cadence
265,4.353414,0.016531,Tick,live-sample,true,0xF13000007900B1EF,,server,,unchecked,unchecked,none,72.16395,-0.8267727,26,Ready1H,4.286723,,,,26->26:Exact,none; server owns swing cadence
266,4.370218,0.016804,Tick,live-sample,true,0xF13000007900B1EF,,server,,unchecked,unchecked,none,72.14873,-0.82623863,26,Ready1H,4.303527,,,,26->26:Exact,none; server owns swing cadence
267,4.386745,0.016527,Tick,live-sample,true,0xF13000007900B1EF,,server,,unchecked,unchecked,none,72.13351,-0.8257247,26,Ready1H,4.320054,,,,26->26:Exact,none; server owns swing cadence
268,4.403433,0.016688,Tick,live-sample,true,0xF13000007900B1EF,,server,,unchecked,unchecked,none,72.117516,-0.8251824,26,Ready1H,4.336742,,,,26->26:Exact,none; server owns swing cadence
269,4.420214,0.016781,Tick,live-sample,true,0xF13000007900B1EF,,server,,unchecked,unchecked,none,72.10162,-0.82463855,26,Ready1H,4.3535233,,,,26->26:Exact,none; server owns swing cadence
270,4.436685,0.016470,Tick,live-sample,true,0xF13000007900B1EF,,server,,unchecked,unchecked,none,72.0872,-0.82413304,26,Ready1H,4.3699937,,,,26->26:Exact,none; server owns swing cadence
271,4.453423,0.016739,Tick,live-sample,true,0xF13000007900B1EF,,server,,unchecked,unchecked,none,72.07126,-0.82359004,26,Ready1H,4.386732,,,,26->26:Exact,none; server owns swing cadence
272,4.470258,0.016835,Tick,live-sample,true,0xF13000007900B1EF,,server,,unchecked,unchecked,none,72.055435,-0.8230455,26,Ready1H,4.4035673,,,,26->26:Exact,none; server owns swing cadence
273,4.486877,0.016618,Tick,live-sample,true,0xF13000007900B1EF,,server,,unchecked,unchecked,none,72.04034,-0.82253027,26,Ready1H,4.420186,,,,26->26:Exact,none; server owns swing cadence
274,4.503942,0.017066,Tick,live-sample,true,0xF13000007900B1EF,,server,,unchecked,unchecked,none,72.025276,-0.82199436,26,Ready1H,4.437252,,,,26->26:Exact,none; server owns swing cadence
275,4.521631,0.017689,Tick,live-sample,true,0xF13000007900B1EF,,server,,unchecked,unchecked,none,72.008,-0.8214117,26,Ready1H,4.4549413,,,,26->26:Exact,none; server owns swing cadence
276,4.537016,0.015385,Tick,live-sample,true,0xF13000007900B1EF,,server,,unchecked,unchecked,none,71.99439,-0.8209345,26,Ready1H,4.470326,,,,26->26:Exact,none; server owns swing cadence
277,4.553883,0.016867,Tick,live-sample,true,0xF13000007900B1EF,,server,,unchecked,unchecked,none,71.97867,-0.8203888,26,Ready1H,4.487193,,,,26->26:Exact,none; server owns swing cadence
278,4.570270,0.016387,Tick,live-sample,true,0xF13000007900B1EF,,server,,unchecked,unchecked,none,71.96297,-0.8198429,26,Ready1H,4.50358,,,,26->26:Exact,none; server owns swing cadence
279,4.586997,0.016727,Tick,live-sample,true,0xF13000007900B1EF,,server,,unchecked,unchecked,none,71.94871,-0.81933546,26,Ready1H,4.520307,,,,26->26:Exact,none; server owns swing cadence
280,4.603660,0.016663,Tick,live-sample,true,0xF13000007900B1EF,,server,,unchecked,unchecked,none,71.93297,-0.8187903,26,Ready1H,4.53697,,,,26->26:Exact,none; server owns swing cadence
281,4.620268,0.016608,Tick,live-sample,true,0xF13000007900B1EF,,server,,unchecked,unchecked,none,71.91733,-0.8182437,26,Ready1H,4.5535784,,,,26->26:Exact,none; server owns swing cadence
282,4.637266,0.016998,Tick,live-sample,true,0xF13000007900B1EF,,server,,unchecked,unchecked,none,71.90171,-0.8176968,26,Ready1H,4.570576,,,,26->26:Exact,none; server owns swing cadence
283,4.653635,0.016369,Tick,live-sample,true,0xF13000007900B1EF,,server,,unchecked,unchecked,none,71.88753,-0.81718856,26,Ready1H,4.586945,,,,26->26:Exact,none; server owns swing cadence
284,4.670306,0.016671,Tick,live-sample,true,0xF13000007900B1EF,,server,,unchecked,unchecked,none,71.87187,-0.81664246,26,Ready1H,4.6036158,,,,26->26:Exact,none; server owns swing cadence
285,4.687233,0.016927,Tick,live-sample,true,0xF13000007900B1EF,,server,,unchecked,unchecked,none,71.856316,-0.81609493,26,Ready1H,4.620543,,,,26->26:Exact,none; server owns swing cadence
286,4.703732,0.016499,Tick,live-sample,true,0xF13000007900B1EF,,server,,unchecked,unchecked,none,71.84148,-0.8155768,26,Ready1H,4.6370416,,,,26->26:Exact,none; server owns swing cadence
287,4.721036,0.017304,Tick,live-sample,true,0xF13000007900B1EF,,server,,unchecked,unchecked,none,71.82668,-0.815038,26,Ready1H,4.654345,,,,26->26:Exact,none; server owns swing cadence
288,4.737050,0.016015,Tick,live-sample,true,0xF13000007900B1EF,,server,,unchecked,unchecked,none,71.811806,-0.8145207,26,Ready1H,4.6703596,,,,26->26:Exact,none; server owns swing cadence
289,4.753891,0.016840,Tick,live-sample,true,0xF13000007900B1EF,,server,,unchecked,unchecked,none,71.796326,-0.81397223,26,Ready1H,4.6872,,,,26->26:Exact,none; server owns swing cadence
290,4.770557,0.016666,Tick,live-sample,true,0xF13000007900B1EF,,server,,unchecked,unchecked,none,71.78088,-0.8134235,26,Ready1H,4.7038665,,,,26->26:Exact,none; server owns swing cadence
291,4.787392,0.016835,Tick,live-sample,true,0xF13000007900B1EF,,server,,unchecked,unchecked,none,71.76546,-0.81287456,26,Ready1H,4.7207017,,,,26->26:Exact,none; server owns swing cadence
292,4.803833,0.016441,Tick,live-sample,true,0xF13000007900B1EF,,server,,unchecked,unchecked,none,71.751366,-0.81236565,26,Ready1H,4.7371426,,,,26->26:Exact,none; server owns swing cadence
293,4.820538,0.016705,Tick,live-sample,true,0xF13000007900B1EF,,server,,unchecked,unchecked,none,71.7486,-0.8122672,26,Ready1H,4.753847,,,,26->26:Exact,none; server owns swing cadence
294,4.837265,0.016727,Tick,live-sample,true,0xF13000007900B1EF,,server,,unchecked,unchecked,none,71.7486,-0.8122672,26,Ready1H,4.7705746,,,,26->26:Exact,none; server owns swing cadence
295,4.853769,0.016504,Tick,live-sample,true,0xF13000007900B1EF,,server,,unchecked,unchecked,none,71.73774,-0.81172985,26,Ready1H,4.7870784,,,,26->26:Exact,none; server owns swing cadence
296,4.870603,0.016834,Tick,live-sample,true,0xF13000007900B1EF,,server,,unchecked,unchecked,none,71.72702,-0.81117064,26,Ready1H,4.803912,,,,26->26:Exact,none; server owns swing cadence
297,4.887165,0.016562,Tick,live-sample,true,0xF13000007900B1EF,,server,,unchecked,unchecked,none,71.71561,-0.81060195,26,Ready1H,4.8204746,,,,26->26:Exact,none; server owns swing cadence
298,4.903952,0.016787,Tick,live-sample,true,0xF13000007900B1EF,,server,,unchecked,unchecked,none,71.70481,-0.81006414,26,Ready1H,4.8372617,,,,26->26:Exact,none; server owns swing cadence
299,4.920723,0.016770,Tick,live-sample,true,0xF13000007900B1EF,,server,,unchecked,unchecked,none,71.69416,-0.8095044,26,Ready1H,4.854032,,,,26->26:Exact,none; server owns swing cadence
300,4.937286,0.016563,Tick,live-sample,true,0xF13000007900B1EF,,server,,unchecked,unchecked,none,71.68289,-0.8089339,26,Ready1H,4.870595,,,,26->26:Exact,none; server owns swing cadence
301,4.953977,0.016692,Tick,live-sample,true,0xF13000007900B1EF,,server,,unchecked,unchecked,none,71.67208,-0.8083969,26,Ready1H,4.8872867,,,,26->26:Exact,none; server owns swing cadence
302,4.970689,0.016712,Tick,live-sample,true,0xF13000007900B1EF,,server,,unchecked,unchecked,none,71.661575,-0.8078354,26,Ready1H,4.9039984,,,,26->26:Exact,none; server owns swing cadence
303,4.987180,0.016491,Tick,live-sample,true,0xF13000007900B1EF,,server,,unchecked,unchecked,none,71.6503,-0.80726564,26,Ready1H,4.92049,,,,26->26:Exact,none; server owns swing cadence
304,5.004116,0.016935,Tick,live-sample,true,0xF13000007900B1EF,,server,,unchecked,unchecked,none,71.639046,-0.80669576,26,Ready1H,4.937425,,,,26->26:Exact,none; server owns swing cadence
305,5.022014,0.017898,Tick,live-sample,true,0xF13000007900B1EF,,server,,unchecked,unchecked,none,71.62853,-0.806135,26,Ready1H,4.9553227,,,,26->26:Exact,none; server owns swing cadence
306,5.037414,0.015401,Tick,live-sample,true,0xF13000007900B1EF,,server,,unchecked,unchecked,none,71.61791,-0.8055959,26,Ready1H,4.9707236,,,,26->26:Exact,none; server owns swing cadence
307,5.053982,0.016568,Tick,live-sample,true,0xF13000007900B1EF,,server,,unchecked,unchecked,none,71.60731,-0.8050566,26,Ready1H,4.9872913,,,,26->26:Exact,none; server owns swing cadence
308,5.071294,0.017312,Tick,live-sample,true,0xF13000007900B1EF,,server,,unchecked,unchecked,none,71.59635,-0.80446297,26,Ready1H,5.0046034,,,,26->26:Exact,none; server owns swing cadence
309,5.087290,0.015996,Tick,live-sample,true,0xF13000007900B1EF,,server,,unchecked,unchecked,none,71.58572,-0.80392456,26,Ready1H,5.0205994,,,,26->26:Exact,none; server owns swing cadence
310,5.104120,0.016830,Tick,live-sample,true,0xF13000007900B1EF,,server,,unchecked,unchecked,none,71.574684,-0.8033524,26,Ready1H,5.037429,,,,26->26:Exact,none; server owns swing cadence
311,5.120823,0.016703,Tick,live-sample,true,0xF13000007900B1EF,,server,,unchecked,unchecked,none,71.5648,-0.802823,26,Ready1H,5.054132,,,,26->26:Exact,none; server owns swing cadence
312,5.137571,0.016748,Tick,live-sample,true,0xF13000007900B1EF,,server,,unchecked,unchecked,none,71.55381,-0.8022505,26,Ready1H,5.07088,,,,26->26:Exact,none; server owns swing cadence
313,5.154286,0.016715,Tick,live-sample,true,0xF13000007900B1EF,,server,,unchecked,unchecked,none,71.542755,-0.8016791,26,Ready1H,5.0875945,,,,26->26:Exact,none; server owns swing cadence
314,5.170926,0.016640,Tick,live-sample,true,0xF13000007900B1EF,,server,,unchecked,unchecked,none,71.53302,-0.801148,26,Ready1H,5.1042347,,,,26->26:Exact,none; server owns swing cadence
315,5.187523,0.016597,Tick,live-sample,true,0xF13000007900B1EF,,server,,unchecked,unchecked,none,71.52201,-0.8005762,26,Ready1H,5.1208315,,,,26->26:Exact,none; server owns swing cadence
316,5.204242,0.016718,Tick,live-sample,true,0xF13000007900B1EF,,server,,unchecked,unchecked,none,71.51103,-0.8000043,26,Ready1H,5.13755,,,,26->26:Exact,none; server owns swing cadence
317,5.221876,0.017634,Tick,live-sample,true,0xF13000007900B1EF,,server,,unchecked,unchecked,none,71.50087,-0.7994403,26,Ready1H,5.1551843,,,,26->26:Exact,none; server owns swing cadence
318,5.237598,0.015722,Tick,live-sample,true,0xF13000007900B1EF,,server,,unchecked,unchecked,none,71.49042,-0.7989005,26,Ready1H,5.170906,,,,26->26:Exact,none; server owns swing cadence
319,5.254034,0.016437,Tick,live-sample,true,0xF13000007900B1EF,,server,,unchecked,unchecked,none,71.48008,-0.7983592,26,Ready1H,5.1873426,,,,26->26:Exact,none; server owns swing cadence
320,5.271036,0.017001,Tick,live-sample,true,0xF13000007900B1EF,,server,,unchecked,unchecked,none,71.469894,-0.797796,26,Ready1H,5.204344,,,,26->26:Exact,none; server owns swing cadence
321,5.287445,0.016409,Tick,live-sample,true,0xF13000007900B1EF,,server,,unchecked,unchecked,none,71.459114,-0.79722196,26,Ready1H,5.2207527,,,,26->26:Exact,none; server owns swing cadence
322,5.304674,0.017230,Tick,live-sample,true,0xF13000007900B1EF,,server,,unchecked,unchecked,none,71.44827,-0.796649,26,Ready1H,5.2379823,,,,26->26:Exact,none; server owns swing cadence
323,5.320765,0.016091,Tick,live-sample,true,0xF13000007900B1EF,,server,,unchecked,unchecked,none,71.43872,-0.79611653,26,Ready1H,5.2540736,,,,26->26:Exact,none; server owns swing cadence
324,5.337771,0.017005,Tick,live-sample,true,0xF13000007900B1EF,,server,,unchecked,unchecked,none,71.427925,-0.79554325,26,Ready1H,5.271079,,,,26->26:Exact,none; server owns swing cadence
325,5.354217,0.016446,Tick,live-sample,true,0xF13000007900B1EF,,server,,unchecked,unchecked,none,71.41715,-0.7949698,26,Ready1H,5.287525,,,,26->26:Exact,none; server owns swing cadence
326,5.371060,0.016843,Tick,live-sample,true,0xF13000007900B1EF,,server,,unchecked,unchecked,none,71.40766,-0.7944369,26,Ready1H,5.304368,,,,26->26:Exact,none; server owns swing cadence
327,5.387605,0.016545,Tick,live-sample,true,0xF13000007900B1EF,,server,,unchecked,unchecked,none,71.396935,-0.79386306,26,Ready1H,5.320913,,,,26->26:Exact,none; server owns swing cadence
328,5.404567,0.016962,Tick,live-sample,true,0xF13000007900B1EF,,server,,unchecked,unchecked,none,71.38623,-0.79328907,26,Ready1H,5.337875,,,,26->26:Exact,none; server owns swing cadence
329,5.420958,0.016391,Tick,live-sample,true,0xF13000007900B1EF,,server,,unchecked,unchecked,none,71.37681,-0.7927557,26,Ready1H,5.354266,,,,26->26:Exact,none; server owns swing cadence
330,5.437616,0.016658,Tick,live-sample,true,0xF13000007900B1EF,,server,,unchecked,unchecked,none,71.36615,-0.79218143,26,Ready1H,5.3709245,,,,26->26:Exact,none; server owns swing cadence
331,5.454223,0.016607,Tick,live-sample,true,0xF13000007900B1EF,,server,,unchecked,unchecked,none,71.3556,-0.7916057,26,Ready1H,5.3875318,,,,26->26:Exact,none; server owns swing cadence
332,5.470881,0.016658,Tick,live-sample,true,0xF13000007900B1EF,,server,,unchecked,unchecked,none,71.34615,-0.79107314,26,Ready1H,5.4041896,,,,26->26:Exact,none; server owns swing cadence
333,5.488452,0.017570,Tick,live-sample,true,0xF13000007900B1EF,,server,,unchecked,unchecked,none,71.33509,-0.7904658,26,Ready1H,5.42176,,,,26->26:Exact,none; server owns swing cadence
334,5.504497,0.016046,Tick,live-sample,true,0xF13000007900B1EF,,server,,unchecked,unchecked,none,71.32507,-0.7899221,26,Ready1H,5.437806,,,,26->26:Exact,none; server owns swing cadence
335,5.522317,0.017820,Tick,live-sample,true,0xF13000007900B1EF,,server,,unchecked,unchecked,none,71.31407,-0.7893144,26,Ready1H,5.455626,,,,26->26:Exact,none; server owns swing cadence
336,5.537647,0.015329,Tick,live-sample,true,0xF13000007900B1EF,,server,,unchecked,unchecked,none,71.30526,-0.7888126,26,Ready1H,5.4709554,,,,26->26:Exact,none; server owns swing cadence
337,5.554278,0.016632,Tick,live-sample,true,0xF13000007900B1EF,,server,,unchecked,unchecked,none,71.29476,-0.78823715,26,Ready1H,5.487587,,,,26->26:Exact,none; server owns swing cadence
338,5.571134,0.016856,Tick,live-sample,true,0xF13000007900B1EF,,server,,unchecked,unchecked,none,71.28507,-0.78766984,26,Ready1H,5.504443,,,,26->26:Exact,none; server owns swing cadence
339,5.587765,0.016630,Tick,live-sample,true,0xF13000007900B1EF,,server,,unchecked,unchecked,none,71.275085,-0.78712666,26,Ready1H,5.5210733,,,,26->26:Exact,none; server owns swing cadence
340,5.604439,0.016674,Tick,live-sample,true,0xF13000007900B1EF,,server,,unchecked,unchecked,none,71.26474,-0.78654945,26,Ready1H,5.5377474,,,,26->26:Exact,none; server owns swing cadence
341,5.620996,0.016557,Tick,live-sample,true,0xF13000007900B1EF,,server,,unchecked,unchecked,none,71.255486,-0.78601557,26,Ready1H,5.554304,,,,26->26:Exact,none; server owns swing cadence
342,5.637719,0.016723,Tick,live-sample,true,0xF13000007900B1EF,,server,,unchecked,unchecked,none,71.24519,-0.78543806,26,Ready1H,5.5710273,,,,26->26:Exact,none; server owns swing cadence
343,5.654406,0.016687,Tick,live-sample,true,0xF13000007900B1EF,,server,,unchecked,unchecked,none,71.23483,-0.7848616,26,Ready1H,5.5877147,,,,26->26:Exact,none; server owns swing cadence
344,5.671200,0.016794,Tick,live-sample,true,0xF13000007900B1EF,,server,,unchecked,unchecked,none,71.2252,-0.7842946,26,Ready1H,5.604509,,,,26->26:Exact,none; server owns swing cadence
345,5.687659,0.016459,Tick,live-sample,true,0xF13000007900B1EF,,server,,unchecked,unchecked,none,71.215416,-0.7837493,26,Ready1H,5.6209683,,,,26->26:Exact,none; server owns swing cadence
346,5.704603,0.016943,Tick,live-sample,true,0xF13000007900B1EF,,server,,unchecked,unchecked,none,71.205124,-0.7831723,26,Ready1H,5.637912,,,,26->26:Exact,none; server owns swing cadence
347,5.722313,0.017711,Tick,live-sample,true,0xF13000007900B1EF,,server,,unchecked,unchecked,none,71.194405,-0.78256255,26,Ready1H,5.6556225,,,,26->26:Exact,none; server owns swing cadence
348,5.738029,0.015715,Tick,live-sample,true,0xF13000007900B1EF,,server,,unchecked,unchecked,none,71.185844,-0.7820591,26,Ready1H,5.671338,,,,26->26:Exact,none; server owns swing cadence
349,5.754656,0.016627,Tick,live-sample,true,0xF13000007900B1EF,,server,,unchecked,unchecked,none,71.17563,-0.7814816,26,Ready1H,5.6879654,,,,26->26:Exact,none; server owns swing cadence
350,5.771401,0.016745,Tick,live-sample,true,0xF13000007900B1EF,,server,,unchecked,unchecked,none,71.16621,-0.78091246,26,Ready1H,5.70471,,,,26->26:Exact,none; server owns swing cadence
351,5.788089,0.016688,Tick,live-sample,true,0xF13000007900B1EF,,server,,unchecked,unchecked,none,71.15648,-0.78036743,26,Ready1H,5.7213984,,,,26->26:Exact,none; server owns swing cadence
352,5.804645,0.016556,Tick,live-sample,true,0xF13000007900B1EF,,server,,unchecked,unchecked,none,71.146416,-0.7797884,26,Ready1H,5.737954,,,,26->26:Exact,none; server owns swing cadence
353,5.821410,0.016765,Tick,live-sample,true,0xF13000007900B1EF,,server,,unchecked,unchecked,none,71.13698,-0.7792199,26,Ready1H,5.7547193,,,,26->26:Exact,none; server owns swing cadence
354,5.837841,0.016431,Tick,live-sample,true,0xF13000007900B1EF,,server,,unchecked,unchecked,none,71.1274,-0.77867323,26,Ready1H,5.77115,,,,26->26:Exact,none; server owns swing cadence
355,5.854651,0.016810,Tick,live-sample,true,0xF13000007900B1EF,,server,,unchecked,unchecked,none,71.11732,-0.7780949,26,Ready1H,5.78796,,,,26->26:Exact,none; server owns swing cadence
356,5.871405,0.016754,Tick,live-sample,true,0xF13000007900B1EF,,server,,unchecked,unchecked,none,71.10795,-0.777526,26,Ready1H,5.8047137,,,,26->26:Exact,none; server owns swing cadence
357,5.888107,0.016702,Tick,live-sample,true,0xF13000007900B1EF,,server,,unchecked,unchecked,none,71.09844,-0.7769789,26,Ready1H,5.821416,,,,26->26:Exact,none; server owns swing cadence
358,5.904748,0.016641,Tick,live-sample,true,0xF13000007900B1EF,,server,,unchecked,unchecked,none,71.088425,-0.7764,26,Ready1H,5.8380575,,,,26->26:Exact,none; server owns swing cadence
359,5.921574,0.016825,Tick,live-sample,true,0xF13000007900B1EF,,server,,unchecked,unchecked,none,71.079216,-0.7758295,26,Ready1H,5.8548827,,,,26->26:Exact,none; server owns swing cadence
360,5.938234,0.016661,Tick,live-sample,true,0xF13000007900B1EF,,server,,unchecked,unchecked,none,71.06925,-0.7752504,26,Ready1H,5.8715434,,,,26->26:Exact,none; server owns swing cadence
361,5.954831,0.016597,Tick,live-sample,true,0xF13000007900B1EF,,server,,unchecked,unchecked,none,71.05983,-0.7747026,26,Ready1H,5.8881407,,,,26->26:Exact,none; server owns swing cadence
362,5.971452,0.016621,Tick,live-sample,true,0xF13000007900B1EF,,server,,unchecked,unchecked,none,71.0506,-0.77413285,26,Ready1H,5.904762,,,,26->26:Exact,none; server owns swing cadence
363,5.988301,0.016849,Tick,live-sample,true,0xF13000007900B1EF,,server,,unchecked,unchecked,none,71.04071,-0.7735532,26,Ready1H,5.9216104,,,,26->26:Exact,none; server owns swing cadence
364,6.004844,0.016543,Tick,live-sample,true,0xF13000007900B1EF,,server,,unchecked,unchecked,none,71.03135,-0.773005,26,Ready1H,5.9381537,,,,26->26:Exact,none; server owns swing cadence
365,6.022993,0.018149,Tick,live-sample,true,0xF13000007900B1EF,,server,,unchecked,unchecked,none,71.02107,-0.7723922,26,Ready1H,5.9563026,,,,26->26:Exact,none; server owns swing cadence
366,6.038051,0.015058,Tick,live-sample,true,0xF13000007900B1EF,,server,,unchecked,unchecked,none,71.01287,-0.77188635,26,Ready1H,5.9713607,,,,26->26:Exact,none; server owns swing cadence
367,6.054835,0.016784,Tick,live-sample,true,0xF13000007900B1EF,,server,,unchecked,unchecked,none,71.003075,-0.7713061,26,Ready1H,5.988145,,,,26->26:Exact,none; server owns swing cadence
368,6.071369,0.016533,Tick,live-sample,true,0xF13000007900B1EF,,server,,unchecked,unchecked,none,70.99398,-0.77073544,26,Ready1H,6.0046782,,,,26->26:Exact,none; server owns swing cadence
369,6.088117,0.016748,Tick,live-sample,true,0xF13000007900B1EF,,server,,unchecked,unchecked,none,70.984314,-0.77015364,26,Ready1H,6.0214267,,,,26->26:Exact,none; server owns swing cadence
370,6.104929,0.016812,Tick,live-sample,true,0xF13000007900B1EF,,server,,unchecked,unchecked,none,70.975006,-0.7696058,26,Ready1H,6.038239,,,,26->26:Exact,none; server owns swing cadence
371,6.121594,0.016664,Tick,live-sample,true,0xF13000007900B1EF,,server,,unchecked,unchecked,none,70.966064,-0.7690335,26,Ready1H,6.0549035,,,,26->26:Exact,none; server owns swing cadence
372,6.138065,0.016471,Tick,live-sample,true,0xF13000007900B1EF,,server,,unchecked,unchecked,none,70.956795,-0.7684853,26,Ready1H,6.071375,,,,26->26:Exact,none; server owns swing cadence
373,6.155141,0.017076,Tick,live-sample,true,0xF13000007900B1EF,,server,,unchecked,unchecked,none,70.946724,-0.76787126,26,Ready1H,6.088451,,,,26->26:Exact,none; server owns swing cadence
374,6.171568,0.016427,Tick,live-sample,true,0xF13000007900B1EF,,server,,unchecked,unchecked,none,70.946304,-0.76783836,26,Ready1H,6.104878,,,,26->26:Exact,none; server owns swing cadence
375,6.188225,0.016657,Tick,live-sample,true,0xF13000007900B1EF,,server,,unchecked,unchecked,none,70.946304,-0.76783836,26,Ready1H,6.1215353,,,,26->26:Exact,none; server owns swing cadence
376,6.204813,0.016588,Tick,live-sample,true,0xF13000007900B1EF,,server,,unchecked,unchecked,none,70.946304,-0.76783836,26,Ready1H,6.1381235,,,,26->26:Exact,none; server owns swing cadence
377,6.222717,0.017904,Tick,live-sample,true,0xF13000007900B1EF,,server,,unchecked,unchecked,none,70.946304,-0.76783836,26,Ready1H,6.1560273,,,,26->26:Exact,none; server owns swing cadence
378,6.238493,0.015776,Tick,live-sample,true,0xF13000007900B1EF,,server,,unchecked,unchecked,none,70.946304,-0.76783836,26,Ready1H,6.1718035,,,,26->26:Exact,none; server owns swing cadence
379,6.254985,0.016491,Tick,live-sample,true,0xF13000007900B1EF,,server,,unchecked,unchecked,none,70.946304,-0.76783836,26,Ready1H,6.188295,,,,26->26:Exact,none; server owns swing cadence
380,6.271592,0.016608,Tick,live-sample,true,0xF13000007900B1EF,,server,,unchecked,unchecked,none,70.946304,-0.76783836,26,Ready1H,6.2049026,,,,26->26:Exact,none; server owns swing cadence
381,6.288462,0.016869,Tick,live-sample,true,0xF13000007900B1EF,,server,,unchecked,unchecked,none,70.946304,-0.76783836,26,Ready1H,6.2217717,,,,26->26:Exact,none; server owns swing cadence
382,6.304993,0.016532,Tick,live-sample,true,0xF13000007900B1EF,,server,,unchecked,unchecked,none,70.946304,-0.76783836,26,Ready1H,6.238303,,,,26->26:Exact,none; server owns swing cadence
383,6.321687,0.016694,Tick,live-sample,true,0xF13000007900B1EF,,server,,unchecked,unchecked,none,70.946304,-0.76783836,26,Ready1H,6.2549973,,,,26->26:Exact,none; server owns swing cadence
384,6.338204,0.016517,Tick,live-sample,true,0xF13000007900B1EF,,server,,unchecked,unchecked,none,70.946304,-0.76783836,26,Ready1H,6.2715144,,,,26->26:Exact,none; server owns swing cadence
385,6.355012,0.016808,Tick,live-sample,true,0xF13000007900B1EF,,server,,unchecked,unchecked,none,70.946304,-0.76783836,26,Ready1H,6.2883224,,,,26->26:Exact,none; server owns swing cadence
386,6.371706,0.016694,Tick,live-sample,true,0xF13000007900B1EF,,server,,unchecked,unchecked,none,70.946304,-0.76783836,26,Ready1H,6.305016,,,,26->26:Exact,none; server owns swing cadence
387,6.388376,0.016671,Tick,live-sample,true,0xF13000007900B1EF,,server,,unchecked,unchecked,none,70.946304,-0.76783836,26,Ready1H,6.3216867,,,,26->26:Exact,none; server owns swing cadence
388,6.405286,0.016909,Tick,live-sample,true,0xF13000007900B1EF,,server,,unchecked,unchecked,none,70.946304,-0.76783836,26,Ready1H,6.3385963,,,,26->26:Exact,none; server owns swing cadence
389,6.421656,0.016370,Tick,live-sample,true,0xF13000007900B1EF,,server,,unchecked,unchecked,none,70.946304,-0.76783836,26,Ready1H,6.354966,,,,26->26:Exact,none; server owns swing cadence
390,6.438775,0.017120,Tick,live-sample,true,0xF13000007900B1EF,,server,,unchecked,unchecked,none,70.946304,-0.76783836,26,Ready1H,6.372086,,,,26->26:Exact,none; server owns swing cadence
391,6.455313,0.016538,Tick,live-sample,true,0xF13000007900B1EF,,server,,unchecked,unchecked,none,70.946304,-0.76783836,26,Ready1H,6.3886237,,,,26->26:Exact,none; server owns swing cadence
392,6.471709,0.016396,Tick,live-sample,true,0xF13000007900B1EF,,server,,unchecked,unchecked,none,70.946304,-0.76783836,26,Ready1H,6.40502,,,,26->26:Exact,none; server owns swing cadence
393,6.488402,0.016693,Tick,live-sample,true,0xF13000007900B1EF,,server,,unchecked,unchecked,none,70.946304,-0.76783836,26,Ready1H,6.421713,,,,26->26:Exact,none; server owns swing cadence
394,6.505124,0.016722,Tick,live-sample,true,0xF13000007900B1EF,,server,,unchecked,unchecked,none,70.946304,-0.76783836,26,Ready1H,6.438435,,,,26->26:Exact,none; server owns swing cadence
395,6.523017,0.017893,Tick,live-sample,true,0xF13000007900B1EF,,server,,unchecked,unchecked,none,70.946304,-0.76783836,26,Ready1H,6.456328,,,,26->26:Exact,none; server owns swing cadence
396,6.538509,0.015493,Tick,live-sample,true,0xF13000007900B1EF,,server,,unchecked,unchecked,none,70.946304,-0.76783836,26,Ready1H,6.4718204,,,,26->26:Exact,none; server owns swing cadence
397,6.555409,0.016900,Tick,live-sample,true,0xF13000007900B1EF,,server,,unchecked,unchecked,none,70.946304,-0.76783836,26,Ready1H,6.4887204,,,,26->26:Exact,none; server owns swing cadence
398,6.571879,0.016469,Tick,live-sample,true,0xF13000007900B1EF,,server,,unchecked,unchecked,none,70.946304,-0.76783836,26,Ready1H,6.50519,,,,26->26:Exact,none; server owns swing cadence
399,6.588506,0.016627,Tick,live-sample,true,0xF13000007900B1EF,,server,,unchecked,unchecked,none,70.946304,-0.76783836,26,Ready1H,6.5218167,,,,26->26:Exact,none; server owns swing cadence
400,6.605210,0.016705,Tick,live-sample,true,0xF13000007900B1EF,,server,,unchecked,unchecked,none,70.946304,-0.76783836,26,Ready1H,6.5385213,,,,26->26:Exact,none; server owns swing cadence
401,6.622010,0.016799,Tick,live-sample,true,0xF13000007900B1EF,,server,,unchecked,unchecked,none,70.946304,-0.76783836,26,Ready1H,6.5553203,,,,26->26:Exact,none; server owns swing cadence
402,6.638585,0.016575,Tick,live-sample,true,0xF13000007900B1EF,,server,,unchecked,unchecked,none,70.946304,-0.76783836,26,Ready1H,6.571895,,,,26->26:Exact,none; server owns swing cadence
403,6.655226,0.016642,Tick,live-sample,true,0xF13000007900B1EF,,server,,unchecked,unchecked,none,70.946304,-0.76783836,26,Ready1H,6.5885367,,,,26->26:Exact,none; server owns swing cadence
404,6.672025,0.016799,Tick,live-sample,true,0xF13000007900B1EF,,server,,unchecked,unchecked,none,70.946304,-0.76783836,26,Ready1H,6.6053357,,,,26->26:Exact,none; server owns swing cadence
405,6.688620,0.016595,Tick,live-sample,true,0xF13000007900B1EF,,server,,unchecked,unchecked,none,70.946304,-0.76783836,26,Ready1H,6.6219306,,,,26->26:Exact,none; server owns swing cadence
406,6.705402,0.016782,Tick,live-sample,true,0xF13000007900B1EF,,server,,unchecked,unchecked,none,70.946304,-0.76783836,26,Ready1H,6.638713,,,,26->26:Exact,none; server owns swing cadence
407,6.722842,0.017440,Tick,live-sample,true,0xF13000007900B1EF,,server,,unchecked,unchecked,none,70.946304,-0.76783836,26,Ready1H,6.6561522,,,,26->26:Exact,none; server owns swing cadence
408,6.738753,0.015911,Tick,live-sample,true,0xF13000007900B1EF,,server,,unchecked,unchecked,none,70.946304,-0.76783836,26,Ready1H,6.672064,,,,26->26:Exact,none; server owns swing cadence
409,6.755494,0.016740,Tick,live-sample,true,0xF13000007900B1EF,,server,,unchecked,unchecked,none,70.946304,-0.76783836,26,Ready1H,6.688804,,,,26->26:Exact,none; server owns swing cadence
410,6.772168,0.016674,Tick,live-sample,true,0xF13000007900B1EF,,server,,unchecked,unchecked,none,70.946304,-0.76783836,26,Ready1H,6.7054787,,,,26->26:Exact,none; server owns swing cadence
411,6.788998,0.016830,Tick,live-sample,true,0xF13000007900B1EF,,server,,unchecked,unchecked,none,70.946304,-0.76783836,26,Ready1H,6.7223086,,,,26->26:Exact,none; server owns swing cadence
412,6.805550,0.016552,Tick,live-sample,true,0xF13000007900B1EF,,server,,unchecked,unchecked,none,70.946304,-0.76783836,26,Ready1H,6.7388606,,,,26->26:Exact,none; server owns swing cadence
413,6.822460,0.016911,Tick,live-sample,true,0xF13000007900B1EF,,server,,unchecked,unchecked,none,70.946304,-0.76783836,26,Ready1H,6.755771,,,,26->26:Exact,none; server owns swing cadence
414,6.838660,0.016200,Tick,live-sample,true,0xF13000007900B1EF,,server,,unchecked,unchecked,none,70.946304,-0.76783836,26,Ready1H,6.771971,,,,26->26:Exact,none; server owns swing cadence
415,6.855577,0.016916,Tick,live-sample,true,0xF13000007900B1EF,,server,,unchecked,unchecked,none,70.946304,-0.76783836,26,Ready1H,6.7888875,,,,26->26:Exact,none; server owns swing cadence
416,6.872069,0.016493,Tick,live-sample,true,0xF13000007900B1EF,,server,,unchecked,unchecked,none,70.946304,-0.76783836,26,Ready1H,6.80538,,,,26->26:Exact,none; server owns swing cadence
417,6.888854,0.016784,Tick,live-sample,true,0xF13000007900B1EF,,server,,unchecked,unchecked,none,70.946304,-0.76783836,26,Ready1H,6.822164,,,,26->26:Exact,none; server owns swing cadence
418,6.906177,0.017323,Tick,live-sample,true,0xF13000007900B1EF,,server,,unchecked,unchecked,none,70.946304,-0.76783836,26,Ready1H,6.839487,,,,26->26:Exact,none; server owns swing cadence
419,6.922798,0.016621,Tick,live-sample,true,0xF13000007900B1EF,,server,,unchecked,unchecked,none,70.946304,-0.76783836,26,Ready1H,6.856108,,,,26->26:Exact,none; server owns swing cadence
420,6.938835,0.016037,Tick,live-sample,true,0xF13000007900B1EF,,server,,unchecked,unchecked,none,70.946304,-0.76783836,26,Ready1H,6.872145,,,,26->26:Exact,none; server owns swing cadence
421,6.955729,0.016895,Tick,live-sample,true,0xF13000007900B1EF,,server,,unchecked,unchecked,none,70.946304,-0.76783836,26,Ready1H,6.8890395,,,,26->26:Exact,none; server owns swing cadence
422,6.972136,0.016406,Tick,live-sample,true,0xF13000007900B1EF,,server,,unchecked,unchecked,none,70.946304,-0.76783836,26,Ready1H,6.9054456,,,,26->26:Exact,none; server owns swing cadence
423,6.989031,0.016896,Tick,live-sample,true,0xF13000007900B1EF,,server,,unchecked,unchecked,none,70.946304,-0.76783836,26,Ready1H,6.9223413,,,,26->26:Exact,none; server owns swing cadence
424,7.005825,0.016794,Tick,live-sample,true,0xF13000007900B1EF,,server,,unchecked,unchecked,none,70.946304,-0.76783836,26,Ready1H,6.939135,,,,26->26:Exact,none; server owns swing cadence
425,7.023396,0.017571,Tick,live-sample,true,0xF13000007900B1EF,,server,,unchecked,unchecked,none,70.946304,-0.76783836,26,Ready1H,6.956706,,,,26->26:Exact,none; server owns swing cadence
426,7.039533,0.016137,Tick,live-sample,true,0xF13000007900B1EF,,server,,unchecked,unchecked,none,70.946304,-0.76783836,26,Ready1H,6.972843,,,,26->26:Exact,none; server owns swing cadence
427,7.055739,0.016206,Tick,live-sample,true,0xF13000007900B1EF,,server,,unchecked,unchecked,none,70.946304,-0.76783836,26,Ready1H,6.989049,,,,26->26:Exact,none; server owns swing cadence
428,7.072195,0.016456,Tick,live-sample,true,0xF13000007900B1EF,,server,,unchecked,unchecked,none,70.946304,-0.76783836,26,Ready1H,7.0055056,,,,26->26:Exact,none; server owns swing cadence
429,7.089562,0.017367,Tick,live-sample,true,0xF13000007900B1EF,,server,,unchecked,unchecked,none,70.946304,-0.76783836,26,Ready1H,7.022872,,,,26->26:Exact,none; server owns swing cadence
430,7.105827,0.016265,Tick,live-sample,true,0xF13000007900B1EF,,server,,unchecked,unchecked,none,70.946304,-0.76783836,26,Ready1H,7.039137,,,,26->26:Exact,none; server owns swing cadence
431,7.122336,0.016509,Tick,live-sample,true,0xF13000007900B1EF,,server,,unchecked,unchecked,none,70.946304,-0.76783836,26,Ready1H,7.0556464,,,,26->26:Exact,none; server owns swing cadence
432,7.139118,0.016782,Tick,live-sample,true,0xF13000007900B1EF,,server,,unchecked,unchecked,none,70.946304,-0.76783836,26,Ready1H,7.072428,,,,26->26:Exact,none; server owns swing cadence
433,7.155702,0.016584,Tick,live-sample,true,0xF13000007900B1EF,,server,,unchecked,unchecked,none,70.946304,-0.76783836,26,Ready1H,7.089012,,,,26->26:Exact,none; server owns swing cadence
434,7.172370,0.016668,Tick,live-sample,true,0xF13000007900B1EF,,server,,unchecked,unchecked,none,70.946304,-0.76783836,26,Ready1H,7.10568,,,,26->26:Exact,none; server owns swing cadence
435,7.189077,0.016707,Tick,live-sample,true,0xF13000007900B1EF,,server,,unchecked,unchecked,none,70.946304,-0.76783836,26,Ready1H,7.122387,,,,26->26:Exact,none; server owns swing cadence
436,7.205854,0.016778,Tick,live-sample,true,0xF13000007900B1EF,,server,,unchecked,unchecked,none,70.946304,-0.76783836,26,Ready1H,7.1391644,,,,26->26:Exact,none; server owns swing cadence
437,7.223537,0.017683,Tick,live-sample,true,0xF13000007900B1EF,,server,,unchecked,unchecked,none,70.946304,-0.76783836,26,Ready1H,7.1568475,,,,26->26:Exact,none; server owns swing cadence
438,7.239229,0.015692,Tick,live-sample,true,0xF13000007900B1EF,,server,,unchecked,unchecked,none,70.946304,-0.76783836,26,Ready1H,7.1725388,,,,26->26:Exact,none; server owns swing cadence
439,7.256132,0.016903,Tick,live-sample,true,0xF13000007900B1EF,,server,,unchecked,unchecked,none,70.946304,-0.76783836,26,Ready1H,7.1894417,,,,26->26:Exact,none; server owns swing cadence
440,7.272627,0.016495,Tick,live-sample,true,0xF13000007900B1EF,,server,,unchecked,unchecked,none,70.946304,-0.76783836,26,Ready1H,7.205937,,,,26->26:Exact,none; server owns swing cadence
441,7.289327,0.016700,Tick,live-sample,true,0xF13000007900B1EF,,server,,unchecked,unchecked,none,70.946304,-0.76783836,26,Ready1H,7.222637,,,,26->26:Exact,none; server owns swing cadence
442,7.305974,0.016647,Tick,live-sample,true,0xF13000007900B1EF,,server,,unchecked,unchecked,none,70.946304,-0.76783836,26,Ready1H,7.239284,,,,26->26:Exact,none; server owns swing cadence
443,7.322794,0.016820,Tick,live-sample,true,0xF13000007900B1EF,,server,,unchecked,unchecked,none,70.946304,-0.76783836,26,Ready1H,7.256104,,,,26->26:Exact,none; server owns swing cadence
444,7.339093,0.016299,Tick,live-sample,true,0xF13000007900B1EF,,server,,unchecked,unchecked,none,70.946304,-0.76783836,26,Ready1H,7.2724032,,,,26->26:Exact,none; server owns swing cadence
445,7.356007,0.016914,Tick,live-sample,true,0xF13000007900B1EF,,server,,unchecked,unchecked,none,70.946304,-0.76783836,26,Ready1H,7.289317,,,,26->26:Exact,none; server owns swing cadence
446,7.372531,0.016525,Tick,live-sample,true,0xF13000007900B1EF,,server,,unchecked,unchecked,none,70.946304,-0.76783836,26,Ready1H,7.305842,,,,26->26:Exact,none; server owns swing cadence
447,7.389100,0.016568,Tick,live-sample,true,0xF13000007900B1EF,,server,,unchecked,unchecked,none,70.946304,-0.76783836,26,Ready1H,7.32241,,,,26->26:Exact,none; server owns swing cadence
448,7.406004,0.016905,Tick,live-sample,true,0xF13000007900B1EF,,server,,unchecked,unchecked,none,70.946304,-0.76783836,26,Ready1H,7.339315,,,,26->26:Exact,none; server owns swing cadence
449,7.422739,0.016735,Tick,live-sample,true,0xF13000007900B1EF,,server,,unchecked,unchecked,none,70.946304,-0.76783836,26,Ready1H,7.35605,,,,26->26:Exact,none; server owns swing cadence
450,7.439266,0.016527,Tick,live-sample,true,0xF13000007900B1EF,,server,,unchecked,unchecked,none,70.946304,-0.76783836,26,Ready1H,7.3725767,,,,26->26:Exact,none; server owns swing cadence
451,7.455876,0.016609,Tick,live-sample,true,0xF13000007900B1EF,,server,,unchecked,unchecked,none,70.946304,-0.76783836,26,Ready1H,7.3891864,,,,26->26:Exact,none; server owns swing cadence
452,7.472578,0.016702,Tick,live-sample,true,0xF13000007900B1EF,,server,,unchecked,unchecked,none,70.946304,-0.76783836,26,Ready1H,7.405888,,,,26->26:Exact,none; server owns swing cadence
453,7.489354,0.016776,Tick,live-sample,true,0xF13000007900B1EF,,server,,unchecked,unchecked,none,70.946304,-0.76783836,26,Ready1H,7.422664,,,,26->26:Exact,none; server owns swing cadence
454,7.505960,0.016607,Tick,live-sample,true,0xF13000007900B1EF,,server,,unchecked,unchecked,none,70.946304,-0.76783836,26,Ready1H,7.439271,,,,26->26:Exact,none; server owns swing cadence
455,7.524033,0.018073,Tick,live-sample,true,0xF13000007900B1EF,,server,,unchecked,unchecked,none,70.946304,-0.76783836,26,Ready1H,7.4573436,,,,26->26:Exact,none; server owns swing cadence
456,7.539377,0.015344,Tick,live-sample,true,0xF13000007900B1EF,,server,,unchecked,unchecked,none,70.946304,-0.76783836,26,Ready1H,7.472688,,,,26->26:Exact,none; server owns swing cadence
457,7.555987,0.016609,Tick,live-sample,true,0xF13000007900B1EF,,server,,unchecked,unchecked,none,70.946304,-0.76783836,26,Ready1H,7.4892974,,,,26->26:Exact,none; server owns swing cadence
458,7.572685,0.016699,Tick,live-sample,true,0xF13000007900B1EF,,server,,unchecked,unchecked,none,70.946304,-0.76783836,26,Ready1H,7.505996,,,,26->26:Exact,none; server owns swing cadence
459,7.589187,0.016502,Tick,live-sample,true,0xF13000007900B1EF,,server,,unchecked,unchecked,none,70.946304,-0.76783836,26,Ready1H,7.522498,,,,26->26:Exact,none; server owns swing cadence
460,7.605978,0.016791,Tick,live-sample,true,0xF13000007900B1EF,,server,,unchecked,unchecked,none,70.946304,-0.76783836,26,Ready1H,7.539289,,,,26->26:Exact,none; server owns swing cadence
461,7.622748,0.016770,Tick,live-sample,true,0xF13000007900B1EF,,server,,unchecked,unchecked,none,70.946304,-0.76783836,26,Ready1H,7.5560584,,,,26->26:Exact,none; server owns swing cadence
462,7.639423,0.016675,Tick,live-sample,true,0xF13000007900B1EF,,server,,unchecked,unchecked,none,70.946304,-0.76783836,26,Ready1H,7.572734,,,,26->26:Exact,none; server owns swing cadence
463,7.656049,0.016626,Tick,live-sample,true,0xF13000007900B1EF,,server,,unchecked,unchecked,none,70.946304,-0.76783836,26,Ready1H,7.5893593,,,,26->26:Exact,none; server owns swing cadence
464,7.672786,0.016737,Tick,live-sample,true,0xF13000007900B1EF,,server,,unchecked,unchecked,none,70.946304,-0.76783836,26,Ready1H,7.6060967,,,,26->26:Exact,none; server owns swing cadence
465,7.689325,0.016539,Tick,live-sample,true,0xF13000007900B1EF,,server,,unchecked,unchecked,none,70.946304,-0.76783836,26,Ready1H,7.622636,,,,26->26:Exact,none; server owns swing cadence
466,7.706095,0.016770,Tick,live-sample,true,0xF13000007900B1EF,,server,,unchecked,unchecked,none,70.946304,-0.76783836,26,Ready1H,7.6394057,,,,26->26:Exact,none; server owns swing cadence
467,7.723212,0.017117,Tick,live-sample,true,0xF13000007900B1EF,,server,,unchecked,unchecked,none,70.946304,-0.76783836,26,Ready1H,7.6565228,,,,26->26:Exact,none; server owns swing cadence
468,7.739492,0.016281,Tick,live-sample,true,0xF13000007900B1EF,,server,,unchecked,unchecked,none,70.946304,-0.76783836,26,Ready1H,7.6728034,,,,26->26:Exact,none; server owns swing cadence
469,7.756565,0.017072,Tick,live-sample,true,0xF13000007900B1EF,,server,,unchecked,unchecked,none,70.946304,-0.76783836,26,Ready1H,7.6898756,,,,26->26:Exact,none; server owns swing cadence
470,7.773008,0.016444,Tick,live-sample,true,0xF13000007900B1EF,,server,,unchecked,unchecked,none,70.946304,-0.76783836,26,Ready1H,7.7063193,,,,26->26:Exact,none; server owns swing cadence
471,7.789664,0.016655,Tick,live-sample,true,0xF13000007900B1EF,,server,,unchecked,unchecked,none,70.946304,-0.76783836,26,Ready1H,7.722975,,,,26->26:Exact,none; server owns swing cadence
472,7.806284,0.016620,Tick,live-sample,true,0xF13000007900B1EF,,server,,unchecked,unchecked,none,70.946304,-0.76783836,26,Ready1H,7.739595,,,,26->26:Exact,none; server owns swing cadence
473,7.823012,0.016728,Tick,live-sample,true,0xF13000007900B1EF,,server,,unchecked,unchecked,none,70.946304,-0.76783836,26,Ready1H,7.7563233,,,,26->26:Exact,none; server owns swing cadence
474,7.839625,0.016613,Tick,live-sample,true,0xF13000007900B1EF,,server,,unchecked,unchecked,none,70.946304,-0.76783836,26,Ready1H,7.7729363,,,,26->26:Exact,none; server owns swing cadence
475,7.856240,0.016615,Tick,live-sample,true,0xF13000007900B1EF,,server,,unchecked,unchecked,none,70.946304,-0.76783836,26,Ready1H,7.7895517,,,,26->26:Exact,none; server owns swing cadence
476,7.872979,0.016739,Tick,live-sample,true,0xF13000007900B1EF,,server,,unchecked,unchecked,none,70.946304,-0.76783836,26,Ready1H,7.80629,,,,26->26:Exact,none; server owns swing cadence
477,7.889569,0.016591,Tick,live-sample,true,0xF13000007900B1EF,,server,,unchecked,unchecked,none,70.946304,-0.76783836,26,Ready1H,7.8228807,,,,26->26:Exact,none; server owns swing cadence
478,7.906278,0.016709,Tick,live-sample,true,0xF13000007900B1EF,,server,,unchecked,unchecked,none,70.946304,-0.76783836,26,Ready1H,7.839589,,,,26->26:Exact,none; server owns swing cadence
479,7.922981,0.016703,Tick,live-sample,true,0xF13000007900B1EF,,server,,unchecked,unchecked,none,70.946304,-0.76783836,26,Ready1H,7.8562922,,,,26->26:Exact,none; server owns swing cadence
480,7.939605,0.016624,Tick,live-sample,true,0xF13000007900B1EF,,server,,unchecked,unchecked,none,70.946304,-0.76783836,26,Ready1H,7.872916,,,,26->26:Exact,none; server owns swing cadence
481,7.956339,0.016734,Tick,live-sample,true,0xF13000007900B1EF,,server,,unchecked,unchecked,none,70.946304,-0.76783836,26,Ready1H,7.8896503,,,,26->26:Exact,none; server owns swing cadence
482,7.973100,0.016761,Tick,live-sample,true,0xF13000007900B1EF,,server,,unchecked,unchecked,none,70.946304,-0.76783836,26,Ready1H,7.906411,,,,26->26:Exact,none; server owns swing cadence
483,7.989664,0.016564,Tick,live-sample,true,0xF13000007900B1EF,,server,,unchecked,unchecked,none,70.946304,-0.76783836,26,Ready1H,7.922975,,,,26->26:Exact,none; server owns swing cadence
484,8.006396,0.016733,Tick,live-sample,true,0xF13000007900B1EF,,server,,unchecked,unchecked,none,70.946304,-0.76783836,26,Ready1H,7.9397078,,,,26->26:Exact,none; server owns swing cadence
485,8.024119,0.017723,Tick,live-sample,true,0xF13000007900B1EF,,server,,unchecked,unchecked,none,70.946304,-0.76783836,26,Ready1H,7.957431,,,,26->26:Exact,none; server owns swing cadence
486,8.039663,0.015543,Tick,live-sample,true,0xF13000007900B1EF,,server,,unchecked,unchecked,none,70.946304,-0.76783836,26,Ready1H,7.972974,,,,26->26:Exact,none; server owns swing cadence
487,8.056360,0.016697,Tick,live-sample,true,0xF13000007900B1EF,,server,,unchecked,unchecked,none,70.946304,-0.76783836,26,Ready1H,7.989671,,,,26->26:Exact,none; server owns swing cadence
488,8.072969,0.016609,Tick,live-sample,true,0xF13000007900B1EF,,server,,unchecked,unchecked,none,70.946304,-0.76783836,26,Ready1H,8.006281,,,,26->26:Exact,none; server owns swing cadence
489,8.089768,0.016799,Tick,live-sample,true,0xF13000007900B1EF,,server,,unchecked,unchecked,none,70.946304,-0.76783836,26,Ready1H,8.02308,,,,26->26:Exact,none; server owns swing cadence
490,8.106517,0.016748,Tick,live-sample,true,0xF13000007900B1EF,,server,,unchecked,unchecked,none,70.946304,-0.76783836,26,Ready1H,8.039828,,,,26->26:Exact,none; server owns swing cadence
491,8.122977,0.016460,Tick,live-sample,true,0xF13000007900B1EF,,server,,unchecked,unchecked,none,70.946304,-0.76783836,26,Ready1H,8.056289,,,,26->26:Exact,none; server owns swing cadence
492,8.139872,0.016895,Tick,live-sample,true,0xF13000007900B1EF,,server,,unchecked,unchecked,none,70.946304,-0.76783836,26,Ready1H,8.073184,,,,26->26:Exact,none; server owns swing cadence
493,8.156786,0.016914,Tick,live-sample,true,0xF13000007900B1EF,,server,,unchecked,unchecked,none,70.946304,-0.76783836,26,Ready1H,8.090098,,,,26->26:Exact,none; server owns swing cadence
494,8.173073,0.016286,Tick,live-sample,true,0xF13000007900B1EF,,server,,unchecked,unchecked,none,70.946304,-0.76783836,26,Ready1H,8.106384,,,,26->26:Exact,none; server owns swing cadence
495,8.189876,0.016803,Tick,live-sample,true,0xF13000007900B1EF,,server,,unchecked,unchecked,none,70.946304,-0.76783836,26,Ready1H,8.123187,,,,26->26:Exact,none; server owns swing cadence
496,8.206585,0.016710,Tick,live-sample,true,0xF13000007900B1EF,,server,,unchecked,unchecked,none,70.946304,-0.76783836,26,Ready1H,8.139896,,,,26->26:Exact,none; server owns swing cadence
497,8.224299,0.017714,Tick,live-sample,true,0xF13000007900B1EF,,server,,unchecked,unchecked,none,70.946304,-0.76783836,26,Ready1H,8.15761,,,,26->26:Exact,none; server owns swing cadence
498,8.240157,0.015857,Tick,live-sample,true,0xF13000007900B1EF,,server,,unchecked,unchecked,none,70.946304,-0.76783836,26,Ready1H,8.173468,,,,26->26:Exact,none; server owns swing cadence
499,8.256571,0.016415,Tick,live-sample,true,0xF13000007900B1EF,,server,,unchecked,unchecked,none,70.946304,-0.76783836,26,Ready1H,8.189882,,,,26->26:Exact,none; server owns swing cadence
500,8.273221,0.016650,Tick,live-sample,true,0xF13000007900B1EF,,server,,unchecked,unchecked,none,70.946304,-0.76783836,26,Ready1H,8.206532,,,,26->26:Exact,none; server owns swing cadence
501,8.289862,0.016641,Tick,live-sample,true,0xF13000007900B1EF,,server,,unchecked,unchecked,none,70.946304,-0.76783836,26,Ready1H,8.223172,,,,26->26:Exact,none; server owns swing cadence
502,8.306812,0.016950,Tick,live-sample,true,0xF13000007900B1EF,,server,,unchecked,unchecked,none,70.946304,-0.76783836,26,Ready1H,8.240122,,,,26->26:Exact,none; server owns swing cadence
503,8.323559,0.016748,Tick,live-sample,true,0xF13000007900B1EF,,server,,unchecked,unchecked,none,70.946304,-0.76783836,26,Ready1H,8.256869,,,,26->26:Exact,none; server owns swing cadence
504,8.339875,0.016316,Tick,live-sample,true,0xF13000007900B1EF,,server,,unchecked,unchecked,none,70.946304,-0.76783836,26,Ready1H,8.273186,,,,26->26:Exact,none; server owns swing cadence
505,8.356815,0.016939,Tick,live-sample,true,0xF13000007900B1EF,,server,,unchecked,unchecked,none,70.946304,-0.76783836,26,Ready1H,8.290125,,,,26->26:Exact,none; server owns swing cadence
506,8.373343,0.016528,Tick,live-sample,true,0xF13000007900B1EF,,server,,unchecked,unchecked,none,70.946304,-0.76783836,26,Ready1H,8.306653,,,,26->26:Exact,none; server owns swing cadence
507,8.389950,0.016608,Tick,live-sample,true,0xF13000007900B1EF,,server,,unchecked,unchecked,none,70.946304,-0.76783836,26,Ready1H,8.32326,,,,26->26:Exact,none; server owns swing cadence
508,8.406657,0.016707,Tick,live-sample,true,0xF13000007900B1EF,,server,,unchecked,unchecked,none,70.946304,-0.76783836,26,Ready1H,8.339968,,,,26->26:Exact,none; server owns swing cadence
509,8.423604,0.016947,Tick,live-sample,true,0xF13000007900B1EF,,server,,unchecked,unchecked,none,70.946304,-0.76783836,26,Ready1H,8.3569145,,,,26->26:Exact,none; server owns swing cadence
510,8.440226,0.016622,Tick,live-sample,true,0xF13000007900B1EF,,server,,unchecked,unchecked,none,70.946304,-0.76783836,26,Ready1H,8.373536,,,,26->26:Exact,none; server owns swing cadence
511,8.456945,0.016720,Tick,live-sample,true,0xF13000007900B1EF,,server,,unchecked,unchecked,none,70.946304,-0.76783836,26,Ready1H,8.390256,,,,26->26:Exact,none; server owns swing cadence
512,8.473522,0.016577,Tick,live-sample,true,0xF13000007900B1EF,,server,,unchecked,unchecked,none,70.946304,-0.76783836,26,Ready1H,8.406833,,,,26->26:Exact,none; server owns swing cadence
513,8.490138,0.016615,Tick,live-sample,true,0xF13000007900B1EF,,server,,unchecked,unchecked,none,70.946304,-0.76783836,26,Ready1H,8.423448,,,,26->26:Exact,none; server owns swing cadence
514,8.506719,0.016581,Tick,live-sample,true,0xF13000007900B1EF,,server,,unchecked,unchecked,none,70.946304,-0.76783836,26,Ready1H,8.440029,,,,26->26:Exact,none; server owns swing cadence
515,8.524665,0.017947,Tick,live-sample,true,0xF13000007900B1EF,,server,,unchecked,unchecked,none,70.946304,-0.76783836,26,Ready1H,8.457975,,,,26->26:Exact,none; server owns swing cadence
516,8.540103,0.015437,Tick,live-sample,true,0xF13000007900B1EF,,server,,unchecked,unchecked,none,70.946304,-0.76783836,26,Ready1H,8.4734125,,,,26->26:Exact,none; server owns swing cadence
517,8.556778,0.016675,Tick,live-sample,true,0xF13000007900B1EF,,server,,unchecked,unchecked,none,70.946304,-0.76783836,26,Ready1H,8.4900875,,,,26->26:Exact,none; server owns swing cadence
518,8.573538,0.016760,Tick,live-sample,true,0xF13000007900B1EF,,server,,unchecked,unchecked,none,70.946304,-0.76783836,26,Ready1H,8.506848,,,,26->26:Exact,none; server owns swing cadence
519,8.590221,0.016683,Tick,live-sample,true,0xF13000007900B1EF,,server,,unchecked,unchecked,none,70.946304,-0.76783836,26,Ready1H,8.523531,,,,26->26:Exact,none; server owns swing cadence
520,8.606780,0.016559,Tick,live-sample,true,0xF13000007900B1EF,,server,,unchecked,unchecked,none,70.946304,-0.76783836,26,Ready1H,8.54009,,,,26->26:Exact,none; server owns swing cadence
521,8.623484,0.016704,Tick,live-sample,true,0xF13000007900B1EF,,server,,unchecked,unchecked,none,70.946304,-0.76783836,26,Ready1H,8.556793,,,,26->26:Exact,none; server owns swing cadence
522,8.640229,0.016745,Tick,live-sample,true,0xF13000007900B1EF,,server,,unchecked,unchecked,none,70.946304,-0.76783836,26,Ready1H,8.573538,,,,26->26:Exact,none; server owns swing cadence
523,8.656767,0.016539,Tick,live-sample,true,0xF13000007900B1EF,,server,,unchecked,unchecked,none,70.946304,-0.76783836,26,Ready1H,8.590076,,,,26->26:Exact,none; server owns swing cadence
524,8.673466,0.016699,Tick,live-sample,true,0xF13000007900B1EF,,server,,unchecked,unchecked,none,70.946304,-0.76783836,26,Ready1H,8.606775,,,,26->26:Exact,none; server owns swing cadence
525,8.690261,0.016795,Tick,live-sample,true,0xF13000007900B1EF,,server,,unchecked,unchecked,none,70.946304,-0.76783836,26,Ready1H,8.6235695,,,,26->26:Exact,none; server owns swing cadence
526,8.706896,0.016636,Tick,live-sample,true,0xF13000007900B1EF,,server,,unchecked,unchecked,none,70.946304,-0.76783836,26,Ready1H,8.640205,,,,26->26:Exact,none; server owns swing cadence
527,8.724052,0.017156,Tick,live-sample,true,0xF13000007900B1EF,,server,,unchecked,unchecked,none,70.946304,-0.76783836,26,Ready1H,8.657361,,,,26->26:Exact,none; server owns swing cadence
528,8.740097,0.016045,Tick,live-sample,true,0xF13000007900B1EF,,server,,unchecked,unchecked,none,70.946304,-0.76783836,26,Ready1H,8.673407,,,,26->26:Exact,none; server owns swing cadence
529,8.756765,0.016668,Tick,live-sample,true,0xF13000007900B1EF,,server,,unchecked,unchecked,none,70.946304,-0.76783836,26,Ready1H,8.690075,,,,26->26:Exact,none; server owns swing cadence
530,8.773653,0.016888,Tick,live-sample,true,0xF13000007900B1EF,,server,,unchecked,unchecked,none,70.946304,-0.76783836,26,Ready1H,8.706963,,,,26->26:Exact,none; server owns swing cadence
531,8.790349,0.016696,Tick,live-sample,true,0xF13000007900B1EF,,server,,unchecked,unchecked,none,70.946304,-0.76783836,26,Ready1H,8.7236595,,,,26->26:Exact,none; server owns swing cadence
532,8.807235,0.016886,Tick,live-sample,true,0xF13000007900B1EF,,server,,unchecked,unchecked,none,70.946304,-0.76783836,26,Ready1H,8.740545,,,,26->26:Exact,none; server owns swing cadence
533,8.823868,0.016633,Tick,live-sample,true,0xF13000007900B1EF,,server,,unchecked,unchecked,none,70.946304,-0.76783836,26,Ready1H,8.757178,,,,26->26:Exact,none; server owns swing cadence
534,8.840907,0.017039,Tick,live-sample,true,0xF13000007900B1EF,,server,,unchecked,unchecked,none,70.946304,-0.76783836,26,Ready1H,8.774218,,,,26->26:Exact,none; server owns swing cadence
535,8.857152,0.016246,Tick,live-sample,true,0xF13000007900B1EF,,server,,unchecked,unchecked,none,70.946304,-0.76783836,26,Ready1H,8.790463,,,,26->26:Exact,none; server owns swing cadence
536,8.873812,0.016660,Tick,live-sample,true,0xF13000007900B1EF,,server,,unchecked,unchecked,none,70.946304,-0.76783836,26,Ready1H,8.807123,,,,26->26:Exact,none; server owns swing cadence
537,8.890429,0.016617,Tick,live-sample,true,0xF13000007900B1EF,,server,,unchecked,unchecked,none,70.946304,-0.76783836,26,Ready1H,8.823741,,,,26->26:Exact,none; server owns swing cadence
538,8.907221,0.016791,Tick,live-sample,true,0xF13000007900B1EF,,server,,unchecked,unchecked,none,70.946304,-0.76783836,26,Ready1H,8.840532,,,,26->26:Exact,none; server owns swing cadence
539,8.923773,0.016552,Tick,live-sample,true,0xF13000007900B1EF,,server,,unchecked,unchecked,none,70.946304,-0.76783836,26,Ready1H,8.857084,,,,26->26:Exact,none; server owns swing cadence
540,8.940586,0.016813,Tick,live-sample,true,0xF13000007900B1EF,,server,,unchecked,unchecked,none,70.946304,-0.76783836,26,Ready1H,8.873898,,,,26->26:Exact,none; server owns swing cadence
541,8.957335,0.016749,Tick,live-sample,true,0xF13000007900B1EF,,server,,unchecked,unchecked,none,70.946304,-0.76783836,26,Ready1H,8.890646,,,,26->26:Exact,none; server owns swing cadence
542,8.973898,0.016564,Tick,live-sample,true,0xF13000007900B1EF,,server,,unchecked,unchecked,none,70.946304,-0.76783836,26,Ready1H,8.907209,,,,26->26:Exact,none; server owns swing cadence
543,8.990622,0.016723,Tick,live-sample,true,0xF13000007900B1EF,,server,,unchecked,unchecked,none,70.946304,-0.76783836,26,Ready1H,8.923933,,,,26->26:Exact,none; server owns swing cadence
544,9.007201,0.016580,Tick,live-sample,true,0xF13000007900B1EF,,server,,unchecked,unchecked,none,70.946304,-0.76783836,26,Ready1H,8.940513,,,,26->26:Exact,none; server owns swing cadence
545,9.024971,0.017770,Tick,live-sample,true,0xF13000007900B1EF,,server,,unchecked,unchecked,none,70.946304,-0.76783836,26,Ready1H,8.958282,,,,26->26:Exact,none; server owns swing cadence
546,9.040765,0.015795,Tick,live-sample,true,0xF13000007900B1EF,,server,,unchecked,unchecked,none,70.946304,-0.76783836,26,Ready1H,8.974077,,,,26->26:Exact,none; server owns swing cadence
547,9.057125,0.016359,Tick,live-sample,true,0xF13000007900B1EF,,server,,unchecked,unchecked,none,70.946304,-0.76783836,26,Ready1H,8.990437,,,,26->26:Exact,none; server owns swing cadence
548,9.073732,0.016607,Tick,live-sample,true,0xF13000007900B1EF,,server,,unchecked,unchecked,none,70.946304,-0.76783836,26,Ready1H,9.007044,,,,26->26:Exact,none; server owns swing cadence
549,9.090742,0.017010,Tick,live-sample,true,0xF13000007900B1EF,,server,,unchecked,unchecked,none,70.946304,-0.76783836,26,Ready1H,9.024055,,,,26->26:Exact,none; server owns swing cadence
550,9.107486,0.016744,Tick,live-sample,true,0xF13000007900B1EF,,server,,unchecked,unchecked,none,70.946304,-0.76783836,26,Ready1H,9.040798,,,,26->26:Exact,none; server owns swing cadence
551,9.123845,0.016359,Tick,live-sample,true,0xF13000007900B1EF,,server,,unchecked,unchecked,none,70.946304,-0.76783836,26,Ready1H,9.0571575,,,,26->26:Exact,none; server owns swing cadence
552,9.140552,0.016707,Tick,live-sample,true,0xF13000007900B1EF,,server,,unchecked,unchecked,none,70.946304,-0.76783836,26,Ready1H,9.073864,,,,26->26:Exact,none; server owns swing cadence
553,9.157336,0.016784,Tick,live-sample,true,0xF13000007900B1EF,,server,,unchecked,unchecked,none,70.946304,-0.76783836,26,Ready1H,9.090648,,,,26->26:Exact,none; server owns swing cadence
554,9.173903,0.016568,Tick,live-sample,true,0xF13000007900B1EF,,server,,unchecked,unchecked,none,70.946304,-0.76783836,26,Ready1H,9.107215,,,,26->26:Exact,none; server owns swing cadence
555,9.190525,0.016622,Tick,live-sample,true,0xF13000007900B1EF,,server,,unchecked,unchecked,none,70.946304,-0.76783836,26,Ready1H,9.123837,,,,26->26:Exact,none; server owns swing cadence
556,9.207493,0.016968,Tick,live-sample,true,0xF13000007900B1EF,,server,,unchecked,unchecked,none,70.946304,-0.76783836,26,Ready1H,9.140805,,,,26->26:Exact,none; server owns swing cadence
557,9.224885,0.017392,Tick,live-sample,true,0xF13000007900B1EF,,server,,unchecked,unchecked,none,70.946304,-0.76783836,26,Ready1H,9.158197,,,,26->26:Exact,none; server owns swing cadence
558,9.240760,0.015875,Tick,live-sample,true,0xF13000007900B1EF,,server,,unchecked,unchecked,none,70.946304,-0.76783836,26,Ready1H,9.174072,,,,26->26:Exact,none; server owns swing cadence
559,9.257367,0.016607,Tick,live-sample,true,0xF13000007900B1EF,,server,,unchecked,unchecked,none,70.946304,-0.76783836,26,Ready1H,9.190679,,,,26->26:Exact,none; server owns swing cadence
560,9.273923,0.016556,Tick,live-sample,true,0xF13000007900B1EF,,server,,unchecked,unchecked,none,70.946304,-0.76783836,26,Ready1H,9.207235,,,,26->26:Exact,none; server owns swing cadence
561,9.290849,0.016925,Tick,live-sample,true,0xF13000007900B1EF,,server,,unchecked,unchecked,none,70.946304,-0.76783836,26,Ready1H,9.22416,,,,26->26:Exact,none; server owns swing cadence
562,9.307713,0.016864,Tick,live-sample,true,0xF13000007900B1EF,,server,,unchecked,unchecked,none,70.946304,-0.76783836,26,Ready1H,9.241024,,,,26->26:Exact,none; server owns swing cadence
563,9.324152,0.016439,Tick,live-sample,true,0xF13000007900B1EF,,server,,unchecked,unchecked,none,70.946304,-0.76783836,26,Ready1H,9.257463,,,,26->26:Exact,none; server owns swing cadence
564,9.340649,0.016497,Tick,live-sample,true,0xF13000007900B1EF,,server,,unchecked,unchecked,none,70.946304,-0.76783836,26,Ready1H,9.27396,,,,26->26:Exact,none; server owns swing cadence
565,9.357689,0.017040,Tick,live-sample,true,0xF13000007900B1EF,,server,,unchecked,unchecked,none,70.946304,-0.76783836,26,Ready1H,9.291,,,,26->26:Exact,none; server owns swing cadence
566,9.374311,0.016622,Tick,live-sample,true,0xF13000007900B1EF,,server,,unchecked,unchecked,none,70.946304,-0.76783836,26,Ready1H,9.307623,,,,26->26:Exact,none; server owns swing cadence
567,9.390829,0.016518,Tick,live-sample,true,0xF13000007900B1EF,,server,,unchecked,unchecked,none,70.946304,-0.76783836,26,Ready1H,9.3241415,,,,26->26:Exact,none; server owns swing cadence
568,9.407702,0.016872,Tick,live-sample,true,0xF13000007900B1EF,,server,,unchecked,unchecked,none,70.946304,-0.76783836,26,Ready1H,9.341014,,,,26->26:Exact,none; server owns swing cadence
569,9.424389,0.016687,Tick,live-sample,true,0xF13000007900B1EF,,server,,unchecked,unchecked,none,70.946304,-0.76783836,26,Ready1H,9.357701,,,,26->26:Exact,none; server owns swing cadence
570,9.441144,0.016755,Tick,live-sample,true,0xF13000007900B1EF,,server,,unchecked,unchecked,none,70.946304,-0.76783836,26,Ready1H,9.374456,,,,26->26:Exact,none; server owns swing cadence
571,9.457497,0.016353,Tick,live-sample,true,0xF13000007900B1EF,,server,,unchecked,unchecked,none,70.946304,-0.76783836,26,Ready1H,9.390809,,,,26->26:Exact,none; server owns swing cadence
572,9.474216,0.016719,Tick,live-sample,true,0xF13000007900B1EF,,server,,unchecked,unchecked,none,70.946304,-0.76783836,26,Ready1H,9.407528,,,,26->26:Exact,none; server owns swing cadence
573,9.490826,0.016610,Tick,live-sample,true,0xF13000007900B1EF,,server,,unchecked,unchecked,none,70.946304,-0.76783836,26,Ready1H,9.424138,,,,26->26:Exact,none; server owns swing cadence
574,9.507844,0.017018,Tick,live-sample,true,0xF13000007900B1EF,,server,,unchecked,unchecked,none,70.946304,-0.76783836,26,Ready1H,9.441156,,,,26->26:Exact,none; server owns swing cadence
575,9.526075,0.018231,Tick,live-sample,true,0xF13000007900B1EF,,server,,unchecked,unchecked,none,70.946304,-0.76783836,26,Ready1H,9.459387,,,,26->26:Exact,none; server owns swing cadence
576,9.540896,0.014821,Tick,live-sample,true,0xF13000007900B1EF,,server,,unchecked,unchecked,none,70.946304,-0.76783836,26,Ready1H,9.474208,,,,26->26:Exact,none; server owns swing cadence
577,9.557737,0.016841,Tick,live-sample,true,0xF13000007900B1EF,,server,,unchecked,unchecked,none,70.946304,-0.76783836,26,Ready1H,9.491049,,,,26->26:Exact,none; server owns swing cadence
578,9.574211,0.016474,Tick,live-sample,true,0xF13000007900B1EF,,server,,unchecked,unchecked,none,70.946304,-0.76783836,26,Ready1H,9.507523,,,,26->26:Exact,none; server owns swing cadence
579,9.590761,0.016550,Tick,live-sample,true,0xF13000007900B1EF,,server,,unchecked,unchecked,none,70.946304,-0.76783836,26,Ready1H,9.524073,,,,26->26:Exact,none; server owns swing cadence
580,9.607861,0.017100,Tick,live-sample,true,0xF13000007900B1EF,,server,,unchecked,unchecked,none,70.946304,-0.76783836,26,Ready1H,9.541172,,,,26->26:Exact,none; server owns swing cadence
581,9.624312,0.016451,Tick,live-sample,true,0xF13000007900B1EF,,server,,unchecked,unchecked,none,70.946304,-0.76783836,26,Ready1H,9.557623,,,,26->26:Exact,none; server owns swing cadence
582,9.641049,0.016737,Tick,live-sample,true,0xF13000007900B1EF,,server,,unchecked,unchecked,none,70.946304,-0.76783836,26,Ready1H,9.57436,,,,26->26:Exact,none; server owns swing cadence
583,9.657609,0.016560,Tick,live-sample,true,0xF13000007900B1EF,,server,,unchecked,unchecked,none,70.946304,-0.76783836,26,Ready1H,9.5909195,,,,26->26:Exact,none; server owns swing cadence
584,9.674329,0.016720,Tick,live-sample,true,0xF13000007900B1EF,,server,,unchecked,unchecked,none,70.946304,-0.76783836,26,Ready1H,9.607639,,,,26->26:Exact,none; server owns swing cadence
585,9.691157,0.016828,Tick,live-sample,true,0xF13000007900B1EF,,server,,unchecked,unchecked,none,70.946304,-0.76783836,26,Ready1H,9.624468,,,,26->26:Exact,none; server owns swing cadence
586,9.707682,0.016524,Tick,live-sample,true,0xF13000007900B1EF,,server,,unchecked,unchecked,none,70.946304,-0.76783836,26,Ready1H,9.640992,,,,26->26:Exact,none; server owns swing cadence
587,9.725070,0.017389,Tick,live-sample,true,0xF13000007900B1EF,,server,,unchecked,unchecked,none,70.946304,-0.76783836,26,Ready1H,9.6583805,,,,26->26:Exact,none; server owns swing cadence
588,9.741268,0.016198,Tick,live-sample,true,0xF13000007900B1EF,,server,,unchecked,unchecked,none,70.946304,-0.76783836,26,Ready1H,9.674578,,,,26->26:Exact,none; server owns swing cadence
589,9.758006,0.016738,Tick,live-sample,true,0xF13000007900B1EF,,server,,unchecked,unchecked,none,70.946304,-0.76783836,26,Ready1H,9.691316,,,,26->26:Exact,none; server owns swing cadence
590,9.774463,0.016457,Tick,live-sample,true,0xF13000007900B1EF,,server,,unchecked,unchecked,none,70.946304,-0.76783836,26,Ready1H,9.707773,,,,26->26:Exact,none; server owns swing cadence
591,9.791205,0.016741,Tick,live-sample,true,0xF13000007900B1EF,,server,,unchecked,unchecked,none,70.946304,-0.76783836,26,Ready1H,9.724515,,,,26->26:Exact,none; server owns swing cadence
592,9.807914,0.016710,Tick,live-sample,true,0xF13000007900B1EF,,server,,unchecked,unchecked,none,70.946304,-0.76783836,26,Ready1H,9.741224,,,,26->26:Exact,none; server owns swing cadence
593,9.824748,0.016833,Tick,live-sample,true,0xF13000007900B1EF,,server,,unchecked,unchecked,none,70.946304,-0.76783836,26,Ready1H,9.758058,,,,26->26:Exact,none; server owns swing cadence
594,9.841068,0.016320,Tick,live-sample,true,0xF13000007900B1EF,,server,,unchecked,unchecked,none,70.946304,-0.76783836,26,Ready1H,9.774378,,,,26->26:Exact,none; server owns swing cadence
595,9.857996,0.016928,Tick,live-sample,true,0xF13000007900B1EF,,server,,unchecked,unchecked,none,70.946304,-0.76783836,26,Ready1H,9.791306,,,,26->26:Exact,none; server owns swing cadence
596,9.874688,0.016692,Tick,live-sample,true,0xF13000007900B1EF,,server,,unchecked,unchecked,none,70.946304,-0.76783836,26,Ready1H,9.807998,,,,26->26:Exact,none; server owns swing cadence
597,9.891321,0.016632,Tick,live-sample,true,0xF13000007900B1EF,,server,,unchecked,unchecked,none,70.946304,-0.76783836,26,Ready1H,9.82463,,,,26->26:Exact,none; server owns swing cadence
598,9.908233,0.016912,Tick,live-sample,true,0xF13000007900B1EF,,server,,unchecked,unchecked,none,70.946304,-0.76783836,26,Ready1H,9.841542,,,,26->26:Exact,none; server owns swing cadence
599,9.924511,0.016279,Tick,live-sample,true,0xF13000007900B1EF,,server,,unchecked,unchecked,none,70.946304,-0.76783836,26,Ready1H,9.8578205,,,,26->26:Exact,none; server owns swing cadence
600,9.941131,0.016620,Tick,live-sample,true,0xF13000007900B1EF,,server,,unchecked,unchecked,none,70.946304,-0.76783836,26,Ready1H,9.87444,,,,26->26:Exact,none; server owns swing cadence
601,9.958219,0.017088,Tick,live-sample,true,0xF13000007900B1EF,,server,,unchecked,unchecked,none,70.946304,-0.76783836,26,Ready1H,9.891528,,,,26->26:Exact,none; server owns swing cadence
602,9.974619,0.016400,Tick,live-sample,true,0xF13000007900B1EF,,server,,unchecked,unchecked,none,70.946304,-0.76783836,26,Ready1H,9.907928,,,,26->26:Exact,none; server owns swing cadence
603,9.991218,0.016599,Tick,live-sample,true,0xF13000007900B1EF,,server,,unchecked,unchecked,none,70.946304,-0.76783836,26,Ready1H,9.924527,,,,26->26:Exact,none; server owns swing cadence
604,10.008056,0.016838,Tick,live-sample,true,0xF13000007900B1EF,,server,,unchecked,unchecked,none,70.946304,-0.76783836,26,Ready1H,9.941365,,,,26->26:Exact,none; server owns swing cadence
605,10.026027,0.017971,Tick,live-sample,true,0xF13000007900B1EF,,server,,unchecked,unchecked,none,70.946304,-0.76783836,26,Ready1H,9.959336,,,,26->26:Exact,none; server owns swing cadence
606,10.041352,0.015324,Tick,live-sample,true,0xF13000007900B1EF,,server,,unchecked,unchecked,none,70.946304,-0.76783836,26,Ready1H,9.974661,,,,26->26:Exact,none; server owns swing cadence
607,10.058024,0.016672,Tick,live-sample,true,0xF13000007900B1EF,,server,,unchecked,unchecked,none,70.946304,-0.76783836,26,Ready1H,9.991333,,,,26->26:Exact,none; server owns swing cadence
608,10.074611,0.016588,Tick,live-sample,true,0xF13000007900B1EF,,server,,unchecked,unchecked,none,70.946304,-0.76783836,26,Ready1H,10.00792,,,,26->26:Exact,none; server owns swing cadence
609,10.091585,0.016973,Tick,live-sample,true,0xF13000007900B1EF,,server,,unchecked,unchecked,none,70.946304,-0.76783836,26,Ready1H,10.024894,,,,26->26:Exact,none; server owns swing cadence
610,10.108183,0.016599,Tick,live-sample,true,0xF13000007900B1EF,,server,,unchecked,unchecked,none,70.946304,-0.76783836,26,Ready1H,10.041492,,,,26->26:Exact,none; server owns swing cadence
611,10.124620,0.016437,Tick,live-sample,true,0xF13000007900B1EF,,server,,unchecked,unchecked,none,70.946304,-0.76783836,26,Ready1H,10.057929,,,,26->26:Exact,none; server owns swing cadence
612,10.141551,0.016931,Tick,live-sample,true,0xF13000007900B1EF,,server,,unchecked,unchecked,none,70.946304,-0.76783836,26,Ready1H,10.07486,,,,26->26:Exact,none; server owns swing cadence
613,10.158367,0.016816,Tick,live-sample,true,0xF13000007900B1EF,,server,,unchecked,unchecked,none,70.946304,-0.76783836,26,Ready1H,10.091675,,,,26->26:Exact,none; server owns swing cadence
614,10.174816,0.016449,Tick,live-sample,true,0xF13000007900B1EF,,server,,unchecked,unchecked,none,70.946304,-0.76783836,26,Ready1H,10.108124,,,,26->26:Exact,none; server owns swing cadence
615,10.191399,0.016583,Tick,live-sample,true,0xF13000007900B1EF,,server,,unchecked,unchecked,none,70.946304,-0.76783836,26,Ready1H,10.124706,,,,26->26:Exact,none; server owns swing cadence
616,10.208267,0.016868,Tick,live-sample,true,0xF13000007900B1EF,,server,,unchecked,unchecked,none,70.98237,-0.7675305,26,Ready1H,10.141575,,,,26->26:Exact,none; server owns swing cadence
617,10.225577,0.017311,Tick,live-sample,true,0xF13000007900B1EF,,server,,unchecked,unchecked,none,71.01903,-0.76723397,26,Ready1H,10.158885,,,,26->26:Exact,none; server owns swing cadence
618,10.241790,0.016212,Tick,live-sample,true,0xF13000007900B1EF,,server,,unchecked,unchecked,none,71.05336,-0.7669508,26,Ready1H,10.175097,,,,26->26:Exact,none; server owns swing cadence
619,10.258269,0.016480,Tick,live-sample,true,0xF13000007900B1EF,,server,,unchecked,unchecked,none,71.08945,-0.7666438,26,Ready1H,10.191577,,,,26->26:Exact,none; server owns swing cadence
620,10.275010,0.016740,Tick,live-sample,true,0xF13000007900B1EF,,server,,unchecked,unchecked,none,71.12379,-0.76636124,26,Ready1H,10.208317,,,,26->26:Exact,none; server owns swing cadence
621,10.291562,0.016552,Tick,live-sample,true,0xF13000007900B1EF,,server,,unchecked,unchecked,none,71.15979,-0.7660561,26,Ready1H,10.224869,,,,26->26:Exact,none; server owns swing cadence
622,10.308449,0.016887,Tick,live-sample,true,0xF13000007900B1EF,,server,,unchecked,unchecked,none,71.19657,-0.7657598,26,Ready1H,10.2417555,,,,26->26:Exact,none; server owns swing cadence
623,10.324825,0.016376,Tick,live-sample,true,0xF13000007900B1EF,,server,,unchecked,unchecked,none,71.23094,-0.76547813,26,Ready1H,10.258132,,,,26->26:Exact,none; server owns swing cadence
624,10.341760,0.016935,Tick,live-sample,true,0xF13000007900B1EF,,server,,unchecked,unchecked,none,71.26705,-0.76517266,26,Ready1H,10.275067,,,,26->26:Exact,none; server owns swing cadence
625,10.358115,0.016355,Tick,live-sample,true,0xF13000007900B1EF,,server,,unchecked,unchecked,none,71.30308,-0.76486874,26,Ready1H,10.291422,,,,26->26:Exact,none; server owns swing cadence
626,10.374980,0.016866,Tick,live-sample,true,0xF13000007900B1EF,,server,,unchecked,unchecked,none,71.33746,-0.7645878,26,Ready1H,10.308288,,,,26->26:Exact,none; server owns swing cadence
627,10.391627,0.016646,Tick,live-sample,true,0xF13000007900B1EF,,server,,unchecked,unchecked,none,71.374275,-0.7642931,26,Ready1H,10.324934,,,,26->26:Exact,none; server owns swing cadence
628,10.408396,0.016769,Tick,live-sample,true,0xF13000007900B1EF,,server,,unchecked,unchecked,none,71.410416,-0.76398885,26,Ready1H,10.341703,,,,26->26:Exact,none; server owns swing cadence
629,10.425338,0.016942,Tick,live-sample,true,0xF13000007900B1EF,,server,,unchecked,unchecked,none,71.446465,-0.7636861,26,Ready1H,10.358645,,,,26->26:Exact,none; server owns swing cadence
630,10.441792,0.016454,Tick,live-sample,true,0xF13000007900B1EF,,server,,unchecked,unchecked,none,71.48087,-0.76340634,26,Ready1H,10.3751,,,,26->26:Exact,none; server owns swing cadence
631,10.458509,0.016717,Tick,live-sample,true,0xF13000007900B1EF,,server,,unchecked,unchecked,none,71.517715,-0.7631128,26,Ready1H,10.391817,,,,26->26:Exact,none; server owns swing cadence
632,10.475164,0.016654,Tick,live-sample,true,0xF13000007900B1EF,,server,,unchecked,unchecked,none,71.55388,-0.76280975,26,Ready1H,10.408471,,,,26->26:Exact,none; server owns swing cadence
633,10.491609,0.016446,Tick,live-sample,true,0xF13000007900B1EF,,server,,unchecked,unchecked,none,71.58821,-0.76253206,26,Ready1H,10.424916,,,,26->26:Exact,none; server owns swing cadence
634,10.508386,0.016777,Tick,live-sample,true,0xF13000007900B1EF,,server,,unchecked,unchecked,none,71.62439,-0.7622296,26,Ready1H,10.441693,,,,26->26:Exact,none; server owns swing cadence
635,10.526335,0.017949,Tick,live-sample,true,0xF13000007900B1EF,,server,,unchecked,unchecked,none,71.66291,-0.7619146,26,Ready1H,10.459641,,,,26->26:Exact,none; server owns swing cadence
636,10.541778,0.015443,Tick,live-sample,true,0xF13000007900B1EF,,server,,unchecked,unchecked,none,71.69569,-0.76165915,26,Ready1H,10.475084,,,,26->26:Exact,none; server owns swing cadence
637,10.558648,0.016869,Tick,live-sample,true,0xF13000007900B1EF,,server,,unchecked,unchecked,none,71.7318,-0.7613588,26,Ready1H,10.491954,,,,26->26:Exact,none; server owns swing cadence
638,10.574998,0.016350,Tick,live-sample,true,0xF13000007900B1EF,,server,,unchecked,unchecked,none,71.75973,-0.76113176,26,Ready1H,10.508304,,,,26->26:Exact,none; server owns swing cadence
639,10.592161,0.017163,Tick,live-sample,true,0xF13000007900B1EF,,server,,unchecked,unchecked,none,71.75491,-0.761748,26,Ready1H,10.525467,,,,26->26:Exact,none; server owns swing cadence
640,10.608372,0.016211,Tick,live-sample,true,0xF13000007900B1EF,,server,,unchecked,unchecked,none,71.75138,-0.76230925,26,Ready1H,10.541678,,,,26->26:Exact,none; server owns swing cadence
641,10.625062,0.016690,Tick,live-sample,true,0xF13000007900B1EF,,server,,unchecked,unchecked,none,71.747284,-0.7628596,26,Ready1H,10.558369,,,,26->26:Exact,none; server owns swing cadence
642,10.641751,0.016689,Tick,live-sample,true,0xF13000007900B1EF,,server,,unchecked,unchecked,none,71.74317,-0.7634485,26,Ready1H,10.575058,,,,26->26:Exact,none; server owns swing cadence
643,10.658616,0.016865,Tick,live-sample,true,0xF13000007900B1EF,,server,,unchecked,unchecked,none,71.73909,-0.76403743,26,Ready1H,10.591923,,,,26->26:Exact,none; server owns swing cadence
644,10.675238,0.016622,Tick,live-sample,true,0xF13000007900B1EF,,server,,unchecked,unchecked,none,71.735115,-0.7646253,26,Ready1H,10.608544,,,,26->26:Exact,none; server owns swing cadence
645,10.692122,0.016885,Tick,live-sample,true,0xF13000007900B1EF,,server,,unchecked,unchecked,none,71.7304,-0.76520467,26,Ready1H,10.625429,,,,26->26:Exact,none; server owns swing cadence
646,10.708784,0.016662,Tick,live-sample,true,0xF13000007900B1EF,,server,,unchecked,unchecked,none,71.727005,-0.76576626,26,Ready1H,10.642091,,,,26->26:Exact,none; server owns swing cadence
647,10.725933,0.017149,Tick,live-sample,true,0xF13000007900B1EF,,server,,unchecked,unchecked,none,71.72243,-0.7663446,26,Ready1H,10.65924,,,,26->26:Exact,none; server owns swing cadence
648,10.741982,0.016049,Tick,live-sample,true,0xF13000007900B1EF,,server,,unchecked,unchecked,none,71.719086,-0.76690626,26,Ready1H,10.675289,,,,26->26:Exact,none; server owns swing cadence
649,10.758606,0.016624,Tick,live-sample,true,0xF13000007900B1EF,,server,,unchecked,unchecked,none,71.71523,-0.76749444,26,Ready1H,10.691914,,,,26->26:Exact,none; server owns swing cadence
650,10.775455,0.016849,Tick,live-sample,true,0xF13000007900B1EF,,server,,unchecked,unchecked,none,71.71063,-0.76807415,26,Ready1H,10.708762,,,,26->26:Exact,none; server owns swing cadence
651,10.792145,0.016690,Tick,live-sample,true,0xF13000007900B1EF,,server,,unchecked,unchecked,none,71.70674,-0.76866364,26,Ready1H,10.725452,,,,26->26:Exact,none; server owns swing cadence
652,10.808945,0.016800,Tick,live-sample,true,0xF13000007900B1EF,,server,,unchecked,unchecked,none,71.70289,-0.7692147,26,Ready1H,10.742252,,,,26->26:Exact,none; server owns swing cadence
653,10.825453,0.016508,Tick,live-sample,true,0xF13000007900B1EF,,server,,unchecked,unchecked,none,71.69905,-0.7698043,26,Ready1H,10.75876,,,,26->26:Exact,none; server owns swing cadence
654,10.842211,0.016758,Tick,live-sample,true,0xF13000007900B1EF,,server,,unchecked,unchecked,none,71.69524,-0.770394,26,Ready1H,10.775518,,,,26->26:Exact,none; server owns swing cadence
655,10.858699,0.016488,Tick,live-sample,true,0xF13000007900B1EF,,server,,unchecked,unchecked,none,71.69146,-0.7709452,26,Ready1H,10.7920065,,,,26->26:Exact,none; server owns swing cadence
656,10.875288,0.016589,Tick,live-sample,true,0xF13000007900B1EF,,server,,unchecked,unchecked,none,71.68769,-0.77153504,26,Ready1H,10.808596,,,,26->26:Exact,none; server owns swing cadence
657,10.891977,0.016690,Tick,live-sample,true,0xF13000007900B1EF,,server,,unchecked,unchecked,none,71.68464,-0.772096,26,Ready1H,10.825285,,,,26->26:Exact,none; server owns swing cadence
658,10.908689,0.016712,Tick,live-sample,true,0xF13000007900B1EF,,server,,unchecked,unchecked,none,71.68024,-0.7726763,26,Ready1H,10.841997,,,,26->26:Exact,none; server owns swing cadence
659,10.925366,0.016677,Tick,live-sample,true,0xF13000007900B1EF,,server,,unchecked,unchecked,none,71.67654,-0.77326626,26,Ready1H,10.858674,,,,26->26:Exact,none; server owns swing cadence
660,10.942091,0.016724,Tick,live-sample,true,0xF13000007900B1EF,,server,,unchecked,unchecked,none,71.672874,-0.7738178,26,Ready1H,10.875399,,,,26->26:Exact,none; server owns swing cadence
661,10.958872,0.016782,Tick,live-sample,true,0xF13000007900B1EF,,server,,unchecked,unchecked,none,71.66923,-0.77440786,26,Ready1H,10.89218,,,,26->26:Exact,none; server owns swing cadence
662,10.975491,0.016618,Tick,live-sample,true,0xF13000007900B1EF,,server,,unchecked,unchecked,none,71.6656,-0.77499807,26,Ready1H,10.908799,,,,26->26:Exact,none; server owns swing cadence
663,10.991981,0.016490,Tick,live-sample,true,0xF13000007900B1EF,,server,,unchecked,unchecked,none,71.66201,-0.7755497,26,Ready1H,10.925289,,,,26->26:Exact,none; server owns swing cadence
664,11.009192,0.017212,Tick,live-sample,true,0xF13000007900B1EF,,server,,unchecked,unchecked,none,71.65844,-0.77617854,26,Ready1H,10.942501,,,,26->26:Exact,none; server owns swing cadence
665,11.026779,0.017587,Tick,live-sample,true,0xF13000007900B1EF,,server,,unchecked,unchecked,none,71.65489,-0.77676886,26,Ready1H,10.960088,,,,26->26:Exact,none; server owns swing cadence
666,11.042116,0.015337,Tick,live-sample,true,0xF13000007900B1EF,,server,,unchecked,unchecked,none,71.65137,-0.77732074,26,Ready1H,10.975425,,,,26->26:Exact,none; server owns swing cadence
667,11.058761,0.016645,Tick,live-sample,true,0xF13000007900B1EF,,server,,unchecked,unchecked,none,71.64786,-0.7778726,26,Ready1H,10.992069,,,,26->26:Exact,none; server owns swing cadence
668,11.075634,0.016874,Tick,live-sample,true,0xF13000007900B1EF,,server,,unchecked,unchecked,none,71.64439,-0.7784631,26,Ready1H,11.008944,,,,26->26:Exact,none; server owns swing cadence
669,11.092057,0.016423,Tick,live-sample,true,0xF13000007900B1EF,,server,,unchecked,unchecked,none,71.64092,-0.7790152,26,Ready1H,11.025367,,,,26->26:Exact,none; server owns swing cadence
670,11.108773,0.016716,Tick,live-sample,true,0xF13000007900B1EF,,server,,unchecked,unchecked,none,71.6375,-0.7796058,26,Ready1H,11.042083,,,,26->26:Exact,none; server owns swing cadence
671,11.125528,0.016755,Tick,live-sample,true,0xF13000007900B1EF,,server,,unchecked,unchecked,none,71.634094,-0.7801965,26,Ready1H,11.058837,,,,26->26:Exact,none; server owns swing cadence
672,11.142721,0.017193,Tick,live-sample,true,0xF13000007900B1EF,,server,,unchecked,unchecked,none,71.63072,-0.7807872,26,Ready1H,11.07603,,,,26->26:Exact,none; server owns swing cadence
673,11.159183,0.016462,Tick,live-sample,true,0xF13000007900B1EF,,server,,unchecked,unchecked,none,71.62745,-0.7813768,26,Ready1H,11.092491,,,,26->26:Exact,none; server owns swing cadence
674,11.175703,0.016520,Tick,live-sample,true,0xF13000007900B1EF,,server,,unchecked,unchecked,none,71.624016,-0.78193027,26,Ready1H,11.109011,,,,26->26:Exact,none; server owns swing cadence
675,11.192615,0.016913,Tick,live-sample,true,0xF13000007900B1EF,,server,,unchecked,unchecked,none,71.62072,-0.7825212,26,Ready1H,11.125923,,,,26->26:Exact,none; server owns swing cadence
676,11.209162,0.016547,Tick,live-sample,true,0xF13000007900B1EF,,server,,unchecked,unchecked,none,71.61752,-0.7831109,26,Ready1H,11.142469,,,,26->26:Exact,none; server owns swing cadence
677,11.226449,0.017287,Tick,live-sample,true,0xF13000007900B1EF,,server,,unchecked,unchecked,none,71.61427,-0.78370196,26,Ready1H,11.159757,,,,26->26:Exact,none; server owns swing cadence
678,11.242202,0.015753,Tick,live-sample,true,0xF13000007900B1EF,,server,,unchecked,unchecked,none,71.611015,-0.78425443,26,Ready1H,11.175509,,,,26->26:Exact,none; server owns swing cadence
679,11.258979,0.016777,Tick,live-sample,true,0xF13000007900B1EF,,server,,unchecked,unchecked,none,71.6077,-0.78480816,26,Ready1H,11.1922865,,,,26->26:Exact,none; server owns swing cadence
680,11.275572,0.016594,Tick,live-sample,true,0xF13000007900B1EF,,server,,unchecked,unchecked,none,71.604515,-0.7853993,26,Ready1H,11.20888,,,,26->26:Exact,none; server owns swing cadence
681,11.292271,0.016698,Tick,live-sample,true,0xF13000007900B1EF,,server,,unchecked,unchecked,none,71.60145,-0.78598934,26,Ready1H,11.225579,,,,26->26:Exact,none; server owns swing cadence
682,11.309119,0.016848,Tick,live-sample,true,0xF13000007900B1EF,,server,,unchecked,unchecked,none,71.59832,-0.7865806,26,Ready1H,11.242427,,,,26->26:Exact,none; server owns swing cadence
683,11.325977,0.016858,Tick,live-sample,true,0xF13000007900B1EF,,server,,unchecked,unchecked,none,71.59518,-0.78713334,26,Ready1H,11.259285,,,,26->26:Exact,none; server owns swing cadence
684,11.342371,0.016395,Tick,live-sample,true,0xF13000007900B1EF,,server,,unchecked,unchecked,none,71.592094,-0.78772473,26,Ready1H,11.27568,,,,26->26:Exact,none; server owns swing cadence
685,11.359039,0.016668,Tick,live-sample,true,0xF13000007900B1EF,,server,,unchecked,unchecked,none,71.58891,-0.78827876,26,Ready1H,11.292348,,,,26->26:Exact,none; server owns swing cadence
686,11.375787,0.016747,Tick,live-sample,true,0xF13000007900B1EF,,server,,unchecked,unchecked,none,71.58597,-0.788869,26,Ready1H,11.309095,,,,26->26:Exact,none; server owns swing cadence
687,11.392447,0.016660,Tick,live-sample,true,0xF13000007900B1EF,,server,,unchecked,unchecked,none,71.582954,-0.78946054,26,Ready1H,11.325755,,,,26->26:Exact,none; server owns swing cadence
688,11.409264,0.016818,Tick,live-sample,true,0xF13000007900B1EF,,server,,unchecked,unchecked,none,71.57927,-0.79004264,26,Ready1H,11.342573,,,,26->26:Exact,none; server owns swing cadence
689,11.426471,0.017206,Tick,live-sample,true,0xF13000007900B1EF,,server,,unchecked,unchecked,none,71.57631,-0.7906342,26,Ready1H,11.359779,,,,26->26:Exact,none; server owns swing cadence
690,11.442709,0.016238,Tick,live-sample,true,0xF13000007900B1EF,,server,,unchecked,unchecked,none,71.574036,-0.7911968,26,Ready1H,11.376018,,,,26->26:Exact,none; server owns swing cadence
691,11.459480,0.016771,Tick,live-sample,true,0xF13000007900B1EF,,server,,unchecked,unchecked,none,71.57042,-0.79177904,26,Ready1H,11.392789,,,,26->26:Exact,none; server owns swing cadence
692,11.475955,0.016475,Tick,live-sample,true,0xF13000007900B1EF,,server,,unchecked,unchecked,none,71.56819,-0.7923417,26,Ready1H,11.409264,,,,26->26:Exact,none; server owns swing cadence
693,11.492660,0.016705,Tick,live-sample,true,0xF13000007900B1EF,,server,,unchecked,unchecked,none,71.56462,-0.79292405,26,Ready1H,11.425969,,,,26->26:Exact,none; server owns swing cadence
694,11.509213,0.016552,Tick,live-sample,true,0xF13000007900B1EF,,server,,unchecked,unchecked,none,71.56178,-0.79351586,26,Ready1H,11.442521,,,,26->26:Exact,none; server owns swing cadence
695,11.527183,0.017970,Tick,live-sample,true,0xF13000007900B1EF,,server,,unchecked,unchecked,none,71.55911,-0.79414517,26,Ready1H,11.460491,,,,26->26:Exact,none; server owns swing cadence
696,11.542557,0.015375,Tick,live-sample,true,0xF13000007900B1EF,,server,,unchecked,unchecked,none,71.55614,-0.79466116,26,Ready1H,11.475866,,,,26->26:Exact,none; server owns swing cadence
697,11.559264,0.016706,Tick,live-sample,true,0xF13000007900B1EF,,server,,unchecked,unchecked,none,71.55337,-0.79525316,26,Ready1H,11.492573,,,,26->26:Exact,none; server owns swing cadence
698,11.575917,0.016653,Tick,live-sample,true,0xF13000007900B1EF,,server,,unchecked,unchecked,none,71.55128,-0.79581606,26,Ready1H,11.509226,,,,26->26:Exact,none; server owns swing cadence
699,11.592724,0.016807,Tick,live-sample,true,0xF13000007900B1EF,,server,,unchecked,unchecked,none,71.54786,-0.7963987,26,Ready1H,11.526032,,,,26->26:Exact,none; server owns swing cadence
700,11.609130,0.016406,Tick,live-sample,true,0xF13000007900B1EF,,server,,unchecked,unchecked,none,71.545166,-0.7969908,26,Ready1H,11.5424385,,,,26->26:Exact,none; server owns swing cadence
701,11.626091,0.016960,Tick,live-sample,true,0xF13000007900B1EF,,server,,unchecked,unchecked,none,71.542496,-0.797583,26,Ready1H,11.559399,,,,26->26:Exact,none; server owns swing cadence
702,11.642634,0.016543,Tick,live-sample,true,0xF13000007900B1EF,,server,,unchecked,unchecked,none,71.539795,-0.7981366,26,Ready1H,11.575942,,,,26->26:Exact,none; server owns swing cadence
703,11.659238,0.016604,Tick,live-sample,true,0xF13000007900B1EF,,server,,unchecked,unchecked,none,71.53718,-0.7987289,26,Ready1H,11.592546,,,,26->26:Exact,none; server owns swing cadence
704,11.676177,0.016939,Tick,live-sample,true,0xF13000007900B1EF,,server,,unchecked,unchecked,none,71.53459,-0.7993212,26,Ready1H,11.609486,,,,26->26:Exact,none; server owns swing cadence
705,11.692750,0.016572,Tick,live-sample,true,0xF13000007900B1EF,,server,,unchecked,unchecked,none,71.53195,-0.7998749,26,Ready1H,11.626058,,,,26->26:Exact,none; server owns swing cadence
706,11.709290,0.016540,Tick,live-sample,true,0xF13000007900B1EF,,server,,unchecked,unchecked,none,71.5294,-0.8004673,26,Ready1H,11.642598,,,,26->26:Exact,none; server owns swing cadence
707,11.726829,0.017539,Tick,live-sample,true,0xF13000007900B1EF,,server,,unchecked,unchecked,none,71.52689,-0.8010597,26,Ready1H,11.660137,,,,26->26:Exact,none; server owns swing cadence
708,11.742981,0.016152,Tick,live-sample,true,0xF13000007900B1EF,,server,,unchecked,unchecked,none,71.52432,-0.8016136,26,Ready1H,11.67629,,,,26->26:Exact,none; server owns swing cadence
709,11.759511,0.016530,Tick,live-sample,true,0xF13000007900B1EF,,server,,unchecked,unchecked,none,71.52186,-0.80220616,26,Ready1H,11.69282,,,,26->26:Exact,none; server owns swing cadence
710,11.775954,0.016443,Tick,live-sample,true,0xF13000007900B1EF,,server,,unchecked,unchecked,none,71.51933,-0.80276006,26,Ready1H,11.709262,,,,26->26:Exact,none; server owns swing cadence
711,11.792803,0.016850,Tick,live-sample,true,0xF13000007900B1EF,,server,,unchecked,unchecked,none,71.516914,-0.80335265,26,Ready1H,11.726111,,,,26->26:Exact,none; server owns swing cadence
712,11.809532,0.016729,Tick,live-sample,true,0xF13000007900B1EF,,server,,unchecked,unchecked,none,71.5146,-0.80394405,26,Ready1H,11.74284,,,,26->26:Exact,none; server owns swing cadence
713,11.826374,0.016842,Tick,live-sample,true,0xF13000007900B1EF,,server,,unchecked,unchecked,none,71.51223,-0.80453676,26,Ready1H,11.759682,,,,26->26:Exact,none; server owns swing cadence
714,11.842795,0.016421,Tick,live-sample,true,0xF13000007900B1EF,,server,,unchecked,unchecked,none,71.50972,-0.8050921,26,Ready1H,11.776103,,,,26->26:Exact,none; server owns swing cadence
715,11.859667,0.016872,Tick,live-sample,true,0xF13000007900B1EF,,server,,unchecked,unchecked,none,71.50748,-0.8056836,26,Ready1H,11.792974,,,,26->26:Exact,none; server owns swing cadence
716,11.876224,0.016557,Tick,live-sample,true,0xF13000007900B1EF,,server,,unchecked,unchecked,none,71.50518,-0.8062764,26,Ready1H,11.809532,,,,26->26:Exact,none; server owns swing cadence
717,11.893480,0.017256,Tick,live-sample,true,0xF13000007900B1EF,,server,,unchecked,unchecked,none,71.502914,-0.8068692,26,Ready1H,11.826788,,,,26->26:Exact,none; server owns swing cadence
718,11.909577,0.016097,Tick,live-sample,true,0xF13000007900B1EF,,server,,unchecked,unchecked,none,71.50057,-0.8074235,26,Ready1H,11.842885,,,,26->26:Exact,none; server owns swing cadence
719,11.926170,0.016593,Tick,live-sample,true,0xF13000007900B1EF,,server,,unchecked,unchecked,none,71.49835,-0.80801636,26,Ready1H,11.859478,,,,26->26:Exact,none; server owns swing cadence
720,11.942757,0.016587,Tick,live-sample,true,0xF13000007900B1EF,,server,,unchecked,unchecked,none,71.49606,-0.8085707,26,Ready1H,11.876065,,,,26->26:Exact,none; server owns swing cadence
721,11.959635,0.016879,Tick,live-sample,true,0xF13000007900B1EF,,server,,unchecked,unchecked,none,71.49389,-0.8091637,26,Ready1H,11.892943,,,,26->26:Exact,none; server owns swing cadence
722,11.976381,0.016746,Tick,live-sample,true,0xF13000007900B1EF,,server,,unchecked,unchecked,none,71.49174,-0.8097567,26,Ready1H,11.909689,,,,26->26:Exact,none; server owns swing cadence
723,11.992886,0.016505,Tick,live-sample,true,0xF13000007900B1EF,,server,,unchecked,unchecked,none,71.48952,-0.8103111,26,Ready1H,11.926194,,,,26->26:Exact,none; server owns swing cadence
724,12.009894,0.017008,Tick,live-sample,true,0xF13000007900B1EF,,server,,unchecked,unchecked,none,71.48741,-0.8109042,26,Ready1H,11.943202,,,,26->26:Exact,none; server owns swing cadence
725,12.027671,0.017777,Tick,live-sample,true,0xF13000007900B1EF,,server,,unchecked,unchecked,none,71.484726,-0.8115266,26,Ready1H,11.960979,,,,26->26:Exact,none; server owns swing cadence
726,12.043014,0.015343,Tick,live-sample,true,0xF13000007900B1EF,,server,,unchecked,unchecked,none,71.483185,-0.81205183,26,Ready1H,11.976322,,,,26->26:Exact,none; server owns swing cadence
727,12.059608,0.016594,Tick,live-sample,true,0xF13000007900B1EF,,server,,unchecked,unchecked,none,71.48116,-0.812645,26,Ready1H,11.992916,,,,26->26:Exact,none; server owns swing cadence
728,12.076470,0.016862,Tick,live-sample,true,0xF13000007900B1EF,,server,,unchecked,unchecked,none,71.47916,-0.8132382,26,Ready1H,12.009778,,,,26->26:Exact,none; server owns swing cadence
729,12.093163,0.016694,Tick,live-sample,true,0xF13000007900B1EF,,server,,unchecked,unchecked,none,71.47646,-0.8138222,26,Ready1H,12.026471,,,,26->26:Exact,none; server owns swing cadence
730,12.109967,0.016804,Tick,live-sample,true,0xF13000007900B1EF,,server,,unchecked,unchecked,none,71.47512,-0.8143861,26,Ready1H,12.043275,,,,26->26:Exact,none; server owns swing cadence
731,12.126378,0.016411,Tick,live-sample,true,0xF13000007900B1EF,,server,,unchecked,unchecked,none,71.47319,-0.81497943,26,Ready1H,12.059686,,,,26->26:Exact,none; server owns swing cadence
732,12.143251,0.016873,Tick,live-sample,true,0xF13000007900B1EF,,server,,unchecked,unchecked,none,71.47057,-0.81556356,26,Ready1H,12.076559,,,,26->26:Exact,none; server owns swing cadence
733,12.159718,0.016466,Tick,live-sample,true,0xF13000007900B1EF,,server,,unchecked,unchecked,none,71.4693,-0.81612754,26,Ready1H,12.093025,,,,26->26:Exact,none; server owns swing cadence
734,12.176871,0.017153,Tick,live-sample,true,0xF13000007900B1EF,,server,,unchecked,unchecked,none,71.46672,-0.8167117,26,Ready1H,12.110179,,,,26->26:Exact,none; server owns swing cadence
735,12.193130,0.016259,Tick,live-sample,true,0xF13000007900B1EF,,server,,unchecked,unchecked,none,71.46823,-0.8172947,26,Ready1H,12.126437,,,,26->26:Exact,none; server owns swing cadence
736,12.209718,0.016588,Tick,live-sample,true,0xF13000007900B1EF,,server,,unchecked,unchecked,none,71.47045,-0.817847,26,Ready1H,12.143025,,,,26->26:Exact,none; server owns swing cadence
737,12.227271,0.017554,Tick,live-sample,true,0xF13000007900B1EF,,server,,unchecked,unchecked,none,71.47173,-0.8184543,26,Ready1H,12.160579,,,,26->26:Exact,none; server owns swing cadence
738,12.243409,0.016137,Tick,live-sample,true,0xF13000007900B1EF,,server,,unchecked,unchecked,none,71.474,-0.81900656,26,Ready1H,12.176716,,,,26->26:Exact,none; server owns swing cadence
739,12.259885,0.016476,Tick,live-sample,true,0xF13000007900B1EF,,server,,unchecked,unchecked,none,71.475555,-0.81954956,26,Ready1H,12.193192,,,,26->26:Exact,none; server owns swing cadence
740,12.276484,0.016600,Tick,live-sample,true,0xF13000007900B1EF,,server,,unchecked,unchecked,none,71.47735,-0.82012993,26,Ready1H,12.209791,,,,26->26:Exact,none; server owns swing cadence
741,12.293086,0.016602,Tick,live-sample,true,0xF13000007900B1EF,,server,,unchecked,unchecked,none,71.47896,-0.82067287,26,Ready1H,12.226394,,,,26->26:Exact,none; server owns swing cadence
742,12.309859,0.016773,Tick,live-sample,true,0xF13000007900B1EF,,server,,unchecked,unchecked,none,71.4808,-0.8212531,26,Ready1H,12.243167,,,,26->26:Exact,none; server owns swing cadence
743,12.326524,0.016665,Tick,live-sample,true,0xF13000007900B1EF,,server,,unchecked,unchecked,none,71.48346,-0.8218413,26,Ready1H,12.259831,,,,26->26:Exact,none; server owns swing cadence
744,12.343291,0.016767,Tick,live-sample,true,0xF13000007900B1EF,,server,,unchecked,unchecked,none,71.485344,-0.8224215,26,Ready1H,12.276598,,,,26->26:Exact,none; server owns swing cadence
745,12.359912,0.016621,Tick,live-sample,true,0xF13000007900B1EF,,server,,unchecked,unchecked,none,71.487045,-0.8229644,26,Ready1H,12.293219,,,,26->26:Exact,none; server owns swing cadence
746,12.376369,0.016457,Tick,live-sample,true,0xF13000007900B1EF,,server,,unchecked,unchecked,none,71.48906,-0.82354325,26,Ready1H,12.309676,,,,26->26:Exact,none; server owns swing cadence
747,12.393246,0.016877,Tick,live-sample,true,0xF13000007900B1EF,,server,,unchecked,unchecked,none,71.49101,-0.8241233,26,Ready1H,12.326553,,,,26->26:Exact,none; server owns swing cadence
748,12.409910,0.016664,Tick,live-sample,true,0xF13000007900B1EF,,server,,unchecked,unchecked,none,71.492775,-0.8246661,26,Ready1H,12.343217,,,,26->26:Exact,none; server owns swing cadence
749,12.427082,0.017173,Tick,live-sample,true,0xF13000007900B1EF,,server,,unchecked,unchecked,none,71.49478,-0.82524616,26,Ready1H,12.36039,,,,26->26:Exact,none; server owns swing cadence
750,12.443503,0.016420,Tick,live-sample,true,0xF13000007900B1EF,,server,,unchecked,unchecked,none,71.49689,-0.8258249,26,Ready1H,12.37681,,,,26->26:Exact,none; server owns swing cadence
751,12.459992,0.016489,Tick,live-sample,true,0xF13000007900B1EF,,server,,unchecked,unchecked,none,71.49936,-0.826378,26,Ready1H,12.393299,,,,26->26:Exact,none; server owns swing cadence
752,12.476849,0.016858,Tick,live-sample,true,0xF13000007900B1EF,,server,,unchecked,unchecked,none,71.50152,-0.8269567,26,Ready1H,12.410156,,,,26->26:Exact,none; server owns swing cadence
753,12.493595,0.016746,Tick,live-sample,true,0xF13000007900B1EF,,server,,unchecked,unchecked,none,71.50361,-0.8275366,26,Ready1H,12.426903,,,,26->26:Exact,none; server owns swing cadence
754,12.509977,0.016382,Tick,live-sample,true,0xF13000007900B1EF,,server,,unchecked,unchecked,none,71.50551,-0.82807916,26,Ready1H,12.443284,,,,26->26:Exact,none; server owns swing cadence
755,12.528102,0.018125,Tick,live-sample,true,0xF13000007900B1EF,,server,,unchecked,unchecked,none,71.50804,-0.8286938,26,Ready1H,12.46141,,,,26->26:Exact,none; server owns swing cadence
756,12.543343,0.015241,Tick,live-sample,true,0xF13000007900B1EF,,server,,unchecked,unchecked,none,71.5099,-0.8292376,26,Ready1H,12.47665,,,,26->26:Exact,none; server owns swing cadence
757,12.560231,0.016888,Tick,live-sample,true,0xF13000007900B1EF,,server,,unchecked,unchecked,none,71.51218,-0.82981604,26,Ready1H,12.493538,,,,26->26:Exact,none; server owns swing cadence
758,12.576682,0.016452,Tick,live-sample,true,0xF13000007900B1EF,,server,,unchecked,unchecked,none,71.5148,-0.8303689,26,Ready1H,12.50999,,,,26->26:Exact,none; server owns swing cadence
759,12.593401,0.016719,Tick,live-sample,true,0xF13000007900B1EF,,server,,unchecked,unchecked,none,71.51713,-0.83094734,26,Ready1H,12.526709,,,,26->26:Exact,none; server owns swing cadence
760,12.610207,0.016806,Tick,live-sample,true,0xF13000007900B1EF,,server,,unchecked,unchecked,none,71.51939,-0.831527,26,Ready1H,12.543514,,,,26->26:Exact,none; server owns swing cadence
761,12.626736,0.016529,Tick,live-sample,true,0xF13000007900B1EF,,server,,unchecked,unchecked,none,71.52144,-0.83206934,26,Ready1H,12.560042,,,,26->26:Exact,none; server owns swing cadence
762,12.643499,0.016764,Tick,live-sample,true,0xF13000007900B1EF,,server,,unchecked,unchecked,none,71.52383,-0.8326477,26,Ready1H,12.576806,,,,26->26:Exact,none; server owns swing cadence
763,12.660331,0.016832,Tick,live-sample,true,0xF13000007900B1EF,,server,,unchecked,unchecked,none,71.52616,-0.8332272,26,Ready1H,12.593638,,,,26->26:Exact,none; server owns swing cadence
764,12.676757,0.016426,Tick,live-sample,true,0xF13000007900B1EF,,server,,unchecked,unchecked,none,71.52828,-0.83376944,26,Ready1H,12.6100645,,,,26->26:Exact,none; server owns swing cadence
765,12.693707,0.016950,Tick,live-sample,true,0xF13000007900B1EF,,server,,unchecked,unchecked,none,71.530655,-0.8343489,26,Ready1H,12.627014,,,,26->26:Exact,none; server owns swing cadence
766,12.710494,0.016787,Tick,live-sample,true,0xF13000007900B1EF,,server,,unchecked,unchecked,none,71.533875,-0.83493614,26,Ready1H,12.643802,,,,26->26:Exact,none; server owns swing cadence
767,12.727505,0.017011,Tick,live-sample,true,0xF13000007900B1EF,,server,,unchecked,unchecked,none,71.53631,-0.83551556,26,Ready1H,12.660812,,,,26->26:Exact,none; server owns swing cadence
768,12.743364,0.015859,Tick,live-sample,true,0xF13000007900B1EF,,server,,unchecked,unchecked,none,71.538506,-0.83605766,26,Ready1H,12.676671,,,,26->26:Exact,none; server owns swing cadence
769,12.760335,0.016971,Tick,live-sample,true,0xF13000007900B1EF,,server,,unchecked,unchecked,none,71.540985,-0.83663696,26,Ready1H,12.693643,,,,26->26:Exact,none; server owns swing cadence
770,12.776805,0.016469,Tick,live-sample,true,0xF13000007900B1EF,,server,,unchecked,unchecked,none,71.54323,-0.837179,26,Ready1H,12.710112,,,,26->26:Exact,none; server owns swing cadence
771,12.793469,0.016664,Tick,live-sample,true,0xF13000007900B1EF,,server,,unchecked,unchecked,none,71.54584,-0.837757,26,Ready1H,12.726776,,,,26->26:Exact,none; server owns swing cadence
772,12.810264,0.016795,Tick,live-sample,true,0xF13000007900B1EF,,server,,unchecked,unchecked,none,71.54838,-0.83833617,26,Ready1H,12.74357,,,,26->26:Exact,none; server owns swing cadence
773,12.827149,0.016886,Tick,live-sample,true,0xF13000007900B1EF,,server,,unchecked,unchecked,none,71.55103,-0.83891404,26,Ready1H,12.760456,,,,26->26:Exact,none; server owns swing cadence
774,12.843780,0.016631,Tick,live-sample,true,0xF13000007900B1EF,,server,,unchecked,unchecked,none,71.554016,-0.8394662,26,Ready1H,12.777087,,,,26->26:Exact,none; server owns swing cadence
775,12.860904,0.017124,Tick,live-sample,true,0xF13000007900B1EF,,server,,unchecked,unchecked,none,71.55672,-0.840044,26,Ready1H,12.794211,,,,26->26:Exact,none; server owns swing cadence
776,12.877155,0.016251,Tick,live-sample,true,0xF13000007900B1EF,,server,,unchecked,unchecked,none,71.55936,-0.840623,26,Ready1H,12.810462,,,,26->26:Exact,none; server owns swing cadence
777,12.893515,0.016360,Tick,live-sample,true,0xF13000007900B1EF,,server,,unchecked,unchecked,none,71.56176,-0.8411648,26,Ready1H,12.826822,,,,26->26:Exact,none; server owns swing cadence
778,12.910471,0.016955,Tick,live-sample,true,0xF13000007900B1EF,,server,,unchecked,unchecked,none,71.564445,-0.84174377,26,Ready1H,12.843778,,,,26->26:Exact,none; server owns swing cadence
779,12.926957,0.016486,Tick,live-sample,true,0xF13000007900B1EF,,server,,unchecked,unchecked,none,71.56689,-0.84228545,26,Ready1H,12.860264,,,,26->26:Exact,none; server owns swing cadence
780,12.943851,0.016893,Tick,live-sample,true,0xF13000007900B1EF,,server,,unchecked,unchecked,none,71.57044,-0.84287196,26,Ready1H,12.877157,,,,26->26:Exact,none; server owns swing cadence
781,12.960527,0.016677,Tick,live-sample,true,0xF13000007900B1EF,,server,,unchecked,unchecked,none,71.5732,-0.8434508,26,Ready1H,12.893834,,,,26->26:Exact,none; server owns swing cadence
782,12.977034,0.016506,Tick,live-sample,true,0xF13000007900B1EF,,server,,unchecked,unchecked,none,71.57571,-0.84399235,26,Ready1H,12.91034,,,,26->26:Exact,none; server owns swing cadence
783,12.993833,0.016799,Tick,live-sample,true,0xF13000007900B1EF,,server,,unchecked,unchecked,none,71.578514,-0.8445711,26,Ready1H,12.927139,,,,26->26:Exact,none; server owns swing cadence
784,13.010520,0.016687,Tick,live-sample,true,0xF13000007900B1EF,,server,,unchecked,unchecked,none,71.58142,-0.8451485,26,Ready1H,12.943827,,,,26->26:Exact,none; server owns swing cadence
785,13.028384,0.017865,Tick,live-sample,true,0xF13000007900B1EF,,server,,unchecked,unchecked,none,71.58463,-0.845763,26,Ready1H,12.961691,,,,26->26:Exact,none; server owns swing cadence
786,13.043843,0.015459,Tick,live-sample,true,0xF13000007900B1EF,,server,,unchecked,unchecked,none,71.58687,-0.84626853,26,Ready1H,12.977149,,,,26->26:Exact,none; server owns swing cadence
787,13.060531,0.016688,Tick,live-sample,true,0xF13000007900B1EF,,server,,unchecked,unchecked,none,71.59011,-0.84686244,26,Ready1H,12.993837,,,,26->26:Exact,none; server owns swing cadence
788,13.077472,0.016941,Tick,live-sample,true,0xF13000007900B1EF,,server,,unchecked,unchecked,none,71.59329,-0.8474576,26,Ready1H,13.010777,,,,26->26:Exact,none; server owns swing cadence
789,13.093929,0.016457,Tick,live-sample,true,0xF13000007900B1EF,,server,,unchecked,unchecked,none,71.59614,-0.8480168,26,Ready1H,13.027235,,,,26->26:Exact,none; server owns swing cadence
790,13.110433,0.016504,Tick,live-sample,true,0xF13000007900B1EF,,server,,unchecked,unchecked,none,71.59937,-0.84861183,26,Ready1H,13.043738,,,,26->26:Exact,none; server owns swing cadence
791,13.127257,0.016823,Tick,live-sample,true,0xF13000007900B1EF,,server,,unchecked,unchecked,none,71.60263,-0.84920686,26,Ready1H,13.060562,,,,26->26:Exact,none; server owns swing cadence
792,13.143746,0.016490,Tick,live-sample,true,0xF13000007900B1EF,,server,,unchecked,unchecked,none,71.60563,-0.8497646,26,Ready1H,13.077052,,,,26->26:Exact,none; server owns swing cadence
793,13.160709,0.016963,Tick,live-sample,true,0xF13000007900B1EF,,server,,unchecked,unchecked,none,71.60893,-0.8503595,26,Ready1H,13.094015,,,,26->26:Exact,none; server owns swing cadence
794,13.177199,0.016490,Tick,live-sample,true,0xF13000007900B1EF,,server,,unchecked,unchecked,none,71.61227,-0.85095435,26,Ready1H,13.110505,,,,26->26:Exact,none; server owns swing cadence
795,13.193972,0.016772,Tick,live-sample,true,0xF13000007900B1EF,,server,,unchecked,unchecked,none,71.61526,-0.85151327,26,Ready1H,13.127277,,,,26->26:Exact,none; server owns swing cadence
796,13.210623,0.016651,Tick,live-sample,true,0xF13000007900B1EF,,server,,unchecked,unchecked,none,71.61863,-0.852108,26,Ready1H,13.143929,,,,26->26:Exact,none; server owns swing cadence
797,13.227979,0.017356,Tick,live-sample,true,0xF13000007900B1EF,,server,,unchecked,unchecked,none,71.62204,-0.8527027,26,Ready1H,13.161284,,,,26->26:Exact,none; server owns swing cadence
798,13.243906,0.015927,Tick,live-sample,true,0xF13000007900B1EF,,server,,unchecked,unchecked,none,71.6251,-0.8532614,26,Ready1H,13.177211,,,,26->26:Exact,none; server owns swing cadence
799,13.260680,0.016774,Tick,live-sample,true,0xF13000007900B1EF,,server,,unchecked,unchecked,none,71.627815,-0.85384715,26,Ready1H,13.193985,,,,26->26:Exact,none; server owns swing cadence
800,13.277559,0.016879,Tick,live-sample,true,0xF13000007900B1EF,,server,,unchecked,unchecked,none,71.631294,-0.85444164,26,Ready1H,13.210864,,,,26->26:Exact,none; server owns swing cadence
801,13.293795,0.016236,Tick,live-sample,true,0xF13000007900B1EF,,server,,unchecked,unchecked,none,71.6345,-0.854999,26,Ready1H,13.2271,,,,26->26:Exact,none; server owns swing cadence
802,13.310821,0.017026,Tick,live-sample,true,0xF13000007900B1EF,,server,,unchecked,unchecked,none,71.63803,-0.8555934,26,Ready1H,13.244126,,,,26->26:Exact,none; server owns swing cadence
803,13.327562,0.016741,Tick,live-sample,true,0xF13000007900B1EF,,server,,unchecked,unchecked,none,71.64159,-0.8561877,26,Ready1H,13.260867,,,,26->26:Exact,none; server owns swing cadence
804,13.344133,0.016571,Tick,live-sample,true,0xF13000007900B1EF,,server,,unchecked,unchecked,none,71.641884,-0.85622483,26,Ready1H,13.277438,,,,26->26:Exact,none; server owns swing cadence
805,13.360978,0.016845,Tick,live-sample,true,0xF13000007900B1EF,,server,,unchecked,unchecked,none,71.641884,-0.85622483,26,Ready1H,13.294283,,,,26->26:Exact,none; server owns swing cadence
806,13.377356,0.016378,Tick,live-sample,true,0xF13000007900B1EF,,server,,unchecked,unchecked,none,71.641884,-0.85622483,26,Ready1H,13.31066,,,,26->26:Exact,none; server owns swing cadence
807,13.394119,0.016763,Tick,live-sample,true,0xF13000007900B1EF,,server,,unchecked,unchecked,none,71.641884,-0.85622483,26,Ready1H,13.327423,,,,26->26:Exact,none; server owns swing cadence
808,13.411121,0.017002,Tick,live-sample,true,0xF13000007900B1EF,,server,,unchecked,unchecked,none,71.641884,-0.85622483,26,Ready1H,13.344425,,,,26->26:Exact,none; server owns swing cadence
809,13.427505,0.016384,Tick,live-sample,true,0xF13000007900B1EF,,server,,unchecked,unchecked,none,71.641884,-0.85622483,26,Ready1H,13.360809,,,,26->26:Exact,none; server owns swing cadence
810,13.444020,0.016516,Tick,live-sample,true,0xF13000007900B1EF,,server,,unchecked,unchecked,none,71.641884,-0.85622483,26,Ready1H,13.377325,,,,26->26:Exact,none; server owns swing cadence
811,13.460847,0.016827,Tick,live-sample,true,0xF13000007900B1EF,,server,,unchecked,unchecked,none,71.641884,-0.85622483,26,Ready1H,13.394152,,,,26->26:Exact,none; server owns swing cadence
812,13.477445,0.016598,Tick,live-sample,true,0xF13000007900B1EF,,server,,unchecked,unchecked,none,71.62888,-0.85565937,26,Ready1H,13.410749,,,,26->26:Exact,none; server owns swing cadence
813,13.494150,0.016705,Tick,live-sample,true,0xF13000007900B1EF,,server,,unchecked,unchecked,none,71.61665,-0.8551025,26,Ready1H,13.427454,,,,26->26:Exact,none; server owns swing cadence
814,13.510821,0.016671,Tick,live-sample,true,0xF13000007900B1EF,,server,,unchecked,unchecked,none,71.60432,-0.85456854,26,Ready1H,13.444125,,,,26->26:Exact,none; server owns swing cadence
815,13.528560,0.017739,Tick,live-sample,true,0xF13000007900B1EF,,server,,unchecked,unchecked,none,71.59151,-0.85397935,26,Ready1H,13.461864,,,,26->26:Exact,none; server owns swing cadence
816,13.544214,0.015654,Tick,live-sample,true,0xF13000007900B1EF,,server,,unchecked,unchecked,none,71.57921,-0.85344505,26,Ready1H,13.477519,,,,26->26:Exact,none; server owns swing cadence
817,13.560787,0.016572,Tick,live-sample,true,0xF13000007900B1EF,,server,,unchecked,unchecked,none,71.56767,-0.8529194,26,Ready1H,13.494091,,,,26->26:Exact,none; server owns swing cadence
818,13.577468,0.016682,Tick,live-sample,true,0xF13000007900B1EF,,server,,unchecked,unchecked,none,71.5548,-0.85235274,26,Ready1H,13.510773,,,,26->26:Exact,none; server owns swing cadence
819,13.594211,0.016742,Tick,live-sample,true,0xF13000007900B1EF,,server,,unchecked,unchecked,none,71.54196,-0.85178584,26,Ready1H,13.527514,,,,26->26:Exact,none; server owns swing cadence
820,13.610765,0.016555,Tick,live-sample,true,0xF13000007900B1EF,,server,,unchecked,unchecked,none,71.53049,-0.85125965,26,Ready1H,13.544069,,,,26->26:Exact,none; server owns swing cadence
821,13.627513,0.016748,Tick,live-sample,true,0xF13000007900B1EF,,server,,unchecked,unchecked,none,71.517685,-0.8506924,26,Ready1H,13.560817,,,,26->26:Exact,none; server owns swing cadence
822,13.644161,0.016648,Tick,live-sample,true,0xF13000007900B1EF,,server,,unchecked,unchecked,none,71.50565,-0.8501338,26,Ready1H,13.577464,,,,26->26:Exact,none; server owns swing cadence
823,13.660772,0.016612,Tick,live-sample,true,0xF13000007900B1EF,,server,,unchecked,unchecked,none,71.49358,-0.8495969,26,Ready1H,13.594076,,,,26->26:Exact,none; server owns swing cadence
824,13.677638,0.016865,Tick,live-sample,true,0xF13000007900B1EF,,server,,unchecked,unchecked,none,71.48158,-0.84903795,26,Ready1H,13.610942,,,,26->26:Exact,none; server owns swing cadence
825,13.694363,0.016725,Tick,live-sample,true,0xF13000007900B1EF,,server,,unchecked,unchecked,none,71.46888,-0.8484699,26,Ready1H,13.627667,,,,26->26:Exact,none; server owns swing cadence
826,13.711042,0.016679,Tick,live-sample,true,0xF13000007900B1EF,,server,,unchecked,unchecked,none,71.45753,-0.84794265,26,Ready1H,13.644346,,,,26->26:Exact,none; server owns swing cadence
827,13.728316,0.017274,Tick,live-sample,true,0xF13000007900B1EF,,server,,unchecked,unchecked,none,71.44427,-0.84734213,26,Ready1H,13.66162,,,,26->26:Exact,none; server owns swing cadence
828,13.744473,0.016158,Tick,live-sample,true,0xF13000007900B1EF,,server,,unchecked,unchecked,none,71.43222,-0.8468056,26,Ready1H,13.677778,,,,26->26:Exact,none; server owns swing cadence
829,13.760950,0.016477,Tick,live-sample,true,0xF13000007900B1EF,,server,,unchecked,unchecked,none,71.42094,-0.8462778,26,Ready1H,13.694255,,,,26->26:Exact,none; server owns swing cadence
830,13.777703,0.016753,Tick,live-sample,true,0xF13000007900B1EF,,server,,unchecked,unchecked,none,71.40834,-0.8457087,26,Ready1H,13.711008,,,,26->26:Exact,none; server owns swing cadence
831,13.794336,0.016633,Tick,live-sample,true,0xF13000007900B1EF,,server,,unchecked,unchecked,none,71.39651,-0.8451485,26,Ready1H,13.727641,,,,26->26:Exact,none; server owns swing cadence
832,13.811078,0.016742,Tick,live-sample,true,0xF13000007900B1EF,,server,,unchecked,unchecked,none,71.384544,-0.8446112,26,Ready1H,13.744383,,,,26->26:Exact,none; server owns swing cadence
833,13.828217,0.017139,Tick,live-sample,true,0xF13000007900B1EF,,server,,unchecked,unchecked,none,71.372154,-0.8440184,26,Ready1H,13.761522,,,,26->26:Exact,none; server owns swing cadence
834,13.844435,0.016218,Tick,live-sample,true,0xF13000007900B1EF,,server,,unchecked,unchecked,none,71.360245,-0.84348077,26,Ready1H,13.7777405,,,,26->26:Exact,none; server owns swing cadence
835,13.861036,0.016601,Tick,live-sample,true,0xF13000007900B1EF,,server,,unchecked,unchecked,none,71.34908,-0.84295195,26,Ready1H,13.794342,,,,26->26:Exact,none; server owns swing cadence
836,13.877985,0.016949,Tick,live-sample,true,0xF13000007900B1EF,,server,,unchecked,unchecked,none,71.33662,-0.8423818,26,Ready1H,13.811292,,,,26->26:Exact,none; server owns swing cadence
837,13.894347,0.016361,Tick,live-sample,true,0xF13000007900B1EF,,server,,unchecked,unchecked,none,71.32491,-0.84182036,26,Ready1H,13.827653,,,,26->26:Exact,none; server owns swing cadence
838,13.911164,0.016817,Tick,live-sample,true,0xF13000007900B1EF,,server,,unchecked,unchecked,none,71.3125,-0.8412498,26,Ready1H,13.84447,,,,26->26:Exact,none; server owns swing cadence
839,13.927918,0.016754,Tick,live-sample,true,0xF13000007900B1EF,,server,,unchecked,unchecked,none,71.30069,-0.84071124,26,Ready1H,13.861224,,,,26->26:Exact,none; server owns swing cadence
840,13.944452,0.016534,Tick,live-sample,true,0xF13000007900B1EF,,server,,unchecked,unchecked,none,71.289055,-0.84014934,26,Ready1H,13.877759,,,,26->26:Exact,none; server owns swing cadence
841,13.961189,0.016737,Tick,live-sample,true,0xF13000007900B1EF,,server,,unchecked,unchecked,none,71.2767,-0.83957815,26,Ready1H,13.894496,,,,26->26:Exact,none; server owns swing cadence
842,13.977768,0.016579,Tick,live-sample,true,0xF13000007900B1EF,,server,,unchecked,unchecked,none,71.26569,-0.8390481,26,Ready1H,13.911075,,,,26->26:Exact,none; server owns swing cadence
843,13.994532,0.016764,Tick,live-sample,true,0xF13000007900B1EF,,server,,unchecked,unchecked,none,71.25339,-0.8384766,26,Ready1H,13.927838,,,,26->26:Exact,none; server owns swing cadence
844,14.012166,0.017634,Tick,live-sample,true,0xF13000007900B1EF,,server,,unchecked,unchecked,none,71.24053,-0.83787256,26,Ready1H,13.945472,,,,26->26:Exact,none; server owns swing cadence
845,14.029111,0.016945,Tick,live-sample,true,0xF13000007900B1EF,,server,,unchecked,unchecked,none,71.229004,-0.8373097,26,Ready1H,13.962417,,,,26->26:Exact,none; server owns swing cadence
846,14.044506,0.015395,Tick,live-sample,true,0xF13000007900B1EF,,server,,unchecked,unchecked,none,71.218735,-0.83680993,26,Ready1H,13.977812,,,,26->26:Exact,none; server owns swing cadence
847,14.061279,0.016772,Tick,live-sample,true,0xF13000007900B1EF,,server,,unchecked,unchecked,none,71.20653,-0.83623767,26,Ready1H,13.994584,,,,26->26:Exact,none; server owns swing cadence
848,14.078022,0.016743,Tick,live-sample,true,0xF13000007900B1EF,,server,,unchecked,unchecked,none,71.19491,-0.8356975,26,Ready1H,14.011327,,,,26->26:Exact,none; server owns swing cadence
849,14.094675,0.016654,Tick,live-sample,true,0xF13000007900B1EF,,server,,unchecked,unchecked,none,71.18347,-0.8351339,26,Ready1H,14.027981,,,,26->26:Exact,none; server owns swing cadence
850,14.111203,0.016527,Tick,live-sample,true,0xF13000007900B1EF,,server,,unchecked,unchecked,none,71.171326,-0.83456105,26,Ready1H,14.044508,,,,26->26:Exact,none; server owns swing cadence
851,14.128163,0.016960,Tick,live-sample,true,0xF13000007900B1EF,,server,,unchecked,unchecked,none,71.159935,-0.83399713,26,Ready1H,14.061468,,,,26->26:Exact,none; server owns swing cadence
852,14.144697,0.016535,Tick,live-sample,true,0xF13000007900B1EF,,server,,unchecked,unchecked,none,71.14841,-0.8334562,26,Ready1H,14.078003,,,,26->26:Exact,none; server owns swing cadence
853,14.161766,0.017069,Tick,live-sample,true,0xF13000007900B1EF,,server,,unchecked,unchecked,none,71.137054,-0.8328919,26,Ready1H,14.095072,,,,26->26:Exact,none; server owns swing cadence
854,14.178066,0.016299,Tick,live-sample,true,0xF13000007900B1EF,,server,,unchecked,unchecked,none,71.12557,-0.8323506,26,Ready1H,14.111371,,,,26->26:Exact,none; server owns swing cadence
855,14.194668,0.016602,Tick,live-sample,true,0xF13000007900B1EF,,server,,unchecked,unchecked,none,71.114265,-0.831786,26,Ready1H,14.127974,,,,26->26:Exact,none; server owns swing cadence
856,14.211493,0.016825,Tick,live-sample,true,0xF13000007900B1EF,,server,,unchecked,unchecked,none,71.10226,-0.831212,26,Ready1H,14.144799,,,,26->26:Exact,none; server owns swing cadence
857,14.228782,0.017289,Tick,live-sample,true,0xF13000007900B1EF,,server,,unchecked,unchecked,none,71.09027,-0.8306378,26,Ready1H,14.162088,,,,26->26:Exact,none; server owns swing cadence
858,14.244836,0.016054,Tick,live-sample,true,0xF13000007900B1EF,,server,,unchecked,unchecked,none,71.0796,-0.830105,26,Ready1H,14.178143,,,,26->26:Exact,none; server owns swing cadence
859,14.261407,0.016571,Tick,live-sample,true,0xF13000007900B1EF,,server,,unchecked,unchecked,none,71.067665,-0.8295305,26,Ready1H,14.194714,,,,26->26:Exact,none; server owns swing cadence
860,14.278106,0.016699,Tick,live-sample,true,0xF13000007900B1EF,,server,,unchecked,unchecked,none,71.05647,-0.8289649,26,Ready1H,14.211412,,,,26->26:Exact,none; server owns swing cadence
861,14.294692,0.016586,Tick,live-sample,true,0xF13000007900B1EF,,server,,unchecked,unchecked,none,71.045135,-0.82842237,26,Ready1H,14.227999,,,,26->26:Exact,none; server owns swing cadence
862,14.311581,0.016889,Tick,live-sample,true,0xF13000007900B1EF,,server,,unchecked,unchecked,none,71.03399,-0.8278565,26,Ready1H,14.244888,,,,26->26:Exact,none; server owns swing cadence
863,14.328204,0.016623,Tick,live-sample,true,0xF13000007900B1EF,,server,,unchecked,unchecked,none,71.02215,-0.8272812,26,Ready1H,14.261511,,,,26->26:Exact,none; server owns swing cadence
864,14.345020,0.016816,Tick,live-sample,true,0xF13000007900B1EF,,server,,unchecked,unchecked,none,71.011604,-0.82674736,26,Ready1H,14.278327,,,,26->26:Exact,none; server owns swing cadence
865,14.361489,0.016469,Tick,live-sample,true,0xF13000007900B1EF,,server,,unchecked,unchecked,none,70.999794,-0.8261717,26,Ready1H,14.294796,,,,26->26:Exact,none; server owns swing cadence
866,14.378096,0.016607,Tick,live-sample,true,0xF13000007900B1EF,,server,,unchecked,unchecked,none,70.98938,-0.82563627,26,Ready1H,14.311403,,,,26->26:Exact,none; server owns swing cadence
867,14.394939,0.016842,Tick,live-sample,true,0xF13000007900B1EF,,server,,unchecked,unchecked,none,70.977615,-0.82506025,26,Ready1H,14.328246,,,,26->26:Exact,none; server owns swing cadence
868,14.411567,0.016628,Tick,live-sample,true,0xF13000007900B1EF,,server,,unchecked,unchecked,none,70.96589,-0.824484,26,Ready1H,14.344874,,,,26->26:Exact,none; server owns swing cadence
869,14.428369,0.016802,Tick,live-sample,true,0xF13000007900B1EF,,server,,unchecked,unchecked,none,70.954895,-0.82391685,26,Ready1H,14.361676,,,,26->26:Exact,none; server owns swing cadence
870,14.478369,0.050000,Tick,live-sample,true,0xF13000007900B1EF,,server,,unchecked,unchecked,none,70.91136,-0.8217255,26,Ready1H,14.411676,,,,26->26:Exact,none; server owns swing cadence
871,14.484333,0.005964,Tick,live-sample,true,0xF13000007900B1EF,,server,,unchecked,unchecked,none,70.90902,-0.8216186,26,Ready1H,14.41764,,,,26->26:Exact,none; server owns swing cadence
872,14.486234,0.001901,Tick,live-sample,true,0xF13000007900B1EF,,server,,unchecked,unchecked,none,70.90785,-0.8215548,26,Ready1H,14.41954,,,,26->26:Exact,none; server owns swing cadence
873,14.499446,0.013213,Tick,live-sample,true,0xF13000007900B1EF,,server,,unchecked,unchecked,none,70.89922,-0.8211157,26,Ready1H,14.432753,,,,26->26:Exact,none; server owns swing cadence
874,14.516058,0.016612,Tick,live-sample,true,0xF13000007900B1EF,,server,,unchecked,unchecked,none,70.88766,-0.82053816,26,Ready1H,14.449365,,,,26->26:Exact,none; server owns swing cadence
875,14.533899,0.017841,Tick,live-sample,true,0xF13000007900B1EF,,server,,unchecked,unchecked,none,70.87683,-0.8199698,26,Ready1H,14.467205,,,,26->26:Exact,none; server owns swing cadence
876,14.549458,0.015559,Tick,live-sample,true,0xF13000007900B1EF,,server,,unchecked,unchecked,none,70.86584,-0.81942445,26,Ready1H,14.482764,,,,26->26:Exact,none; server owns swing cadence
877,14.566150,0.016692,Tick,live-sample,true,0xF13000007900B1EF,,server,,unchecked,unchecked,none,70.85506,-0.8188557,26,Ready1H,14.499456,,,,26->26:Exact,none; server owns swing cadence
878,14.582692,0.016542,Tick,live-sample,true,0xF13000007900B1EF,,server,,unchecked,unchecked,none,70.84411,-0.8183101,26,Ready1H,14.515999,,,,26->26:Exact,none; server owns swing cadence
879,14.599930,0.017237,Tick,live-sample,true,0xF13000007900B1EF,,server,,unchecked,unchecked,none,70.83285,-0.8177084,26,Ready1H,14.5332365,,,,26->26:Exact,none; server owns swing cadence
880,14.616309,0.016379,Tick,live-sample,true,0xF13000007900B1EF,,server,,unchecked,unchecked,none,70.82194,-0.81716245,26,Ready1H,14.549616,,,,26->26:Exact,none; server owns swing cadence
881,14.632853,0.016544,Tick,live-sample,true,0xF13000007900B1EF,,server,,unchecked,unchecked,none,70.81178,-0.8166256,26,Ready1H,14.56616,,,,26->26:Exact,none; server owns swing cadence
882,14.649680,0.016827,Tick,live-sample,true,0xF13000007900B1EF,,server,,unchecked,unchecked,none,70.80039,-0.81604666,26,Ready1H,14.582987,,,,26->26:Exact,none; server owns swing cadence
883,14.666236,0.016556,Tick,live-sample,true,0xF13000007900B1EF,,server,,unchecked,unchecked,none,70.789024,-0.81546754,26,Ready1H,14.599543,,,,26->26:Exact,none; server owns swing cadence
884,14.682858,0.016622,Tick,live-sample,true,0xF13000007900B1EF,,server,,unchecked,unchecked,none,70.779015,-0.81492895,26,Ready1H,14.616165,,,,26->26:Exact,none; server owns swing cadence
885,14.699662,0.016803,Tick,live-sample,true,0xF13000007900B1EF,,server,,unchecked,unchecked,none,70.76761,-0.8143508,26,Ready1H,14.632969,,,,26->26:Exact,none; server owns swing cadence
886,14.716289,0.016628,Tick,live-sample,true,0xF13000007900B1EF,,server,,unchecked,unchecked,none,70.757034,-0.8137805,26,Ready1H,14.649597,,,,26->26:Exact,none; server owns swing cadence
887,14.733513,0.017223,Tick,live-sample,true,0xF13000007900B1EF,,server,,unchecked,unchecked,none,70.745766,-0.8132006,26,Ready1H,14.666821,,,,26->26:Exact,none; server owns swing cadence
888,14.750098,0.016585,Tick,live-sample,true,0xF13000007900B1EF,,server,,unchecked,unchecked,none,70.73523,-0.81263,26,Ready1H,14.683406,,,,26->26:Exact,none; server owns swing cadence
889,14.766674,0.016576,Tick,live-sample,true,0xF13000007900B1EF,,server,,unchecked,unchecked,none,70.72461,-0.8120812,26,Ready1H,14.699982,,,,26->26:Exact,none; server owns swing cadence
890,14.783368,0.016694,Tick,live-sample,true,0xF13000007900B1EF,,server,,unchecked,unchecked,none,70.71413,-0.8115102,26,Ready1H,14.716676,,,,26->26:Exact,none; server owns swing cadence
891,14.799975,0.016607,Tick,live-sample,true,0xF13000007900B1EF,,server,,unchecked,unchecked,none,70.70295,-0.81092966,26,Ready1H,14.733282,,,,26->26:Exact,none; server owns swing cadence
892,14.816719,0.016745,Tick,live-sample,true,0xF13000007900B1EF,,server,,unchecked,unchecked,none,70.69231,-0.81038165,26,Ready1H,14.750027,,,,26->26:Exact,none; server owns swing cadence
893,14.833134,0.016414,Tick,live-sample,true,0xF13000007900B1EF,,server,,unchecked,unchecked,none,70.68189,-0.80981016,26,Ready1H,14.766441,,,,26->26:Exact,none; server owns swing cadence
894,14.849906,0.016773,Tick,live-sample,true,0xF13000007900B1EF,,server,,unchecked,unchecked,none,70.670784,-0.8092291,26,Ready1H,14.783214,,,,26->26:Exact,none; server owns swing cadence
895,14.866308,0.016402,Tick,live-sample,true,0xF13000007900B1EF,,server,,unchecked,unchecked,none,70.66092,-0.80868995,26,Ready1H,14.799615,,,,26->26:Exact,none; server owns swing cadence
896,14.883052,0.016744,Tick,live-sample,true,0xF13000007900B1EF,,server,,unchecked,unchecked,none,70.649864,-0.80810857,26,Ready1H,14.816359,,,,26->26:Exact,none; server owns swing cadence
897,14.899823,0.016771,Tick,live-sample,true,0xF13000007900B1EF,,server,,unchecked,unchecked,none,70.640045,-0.80756915,26,Ready1H,14.83313,,,,26->26:Exact,none; server owns swing cadence
898,14.916593,0.016770,Tick,live-sample,true,0xF13000007900B1EF,,server,,unchecked,unchecked,none,70.62903,-0.80698735,26,Ready1H,14.849899,,,,26->26:Exact,none; server owns swing cadence
899,14.933200,0.016607,Tick,live-sample,true,0xF13000007900B1EF,,server,,unchecked,unchecked,none,70.61875,-0.80641484,26,Ready1H,14.866507,,,,26->26:Exact,none; server owns swing cadence
900,14.950006,0.016806,Tick,live-sample,true,0xF13000007900B1EF,,server,,unchecked,unchecked,none,70.60778,-0.80583274,26,Ready1H,14.883312,,,,26->26:Exact,none; server owns swing cadence
901,14.966570,0.016564,Tick,live-sample,true,0xF13000007900B1EF,,server,,unchecked,unchecked,none,70.59734,-0.8052832,26,Ready1H,14.899877,,,,26->26:Exact,none; server owns swing cadence
902,14.983287,0.016717,Tick,live-sample,true,0xF13000007900B1EF,,server,,unchecked,unchecked,none,70.58713,-0.8047102,26,Ready1H,14.916594,,,,26->26:Exact,none; server owns swing cadence
903,14.999695,0.016408,Tick,live-sample,true,0xF13000007900B1EF,,server,,unchecked,unchecked,none,70.57673,-0.80416036,26,Ready1H,14.9330015,,,,26->26:Exact,none; server owns swing cadence
904,15.016806,0.017111,Tick,live-sample,true,0xF13000007900B1EF,,server,,unchecked,unchecked,none,70.56656,-0.803587,26,Ready1H,14.950113,,,,26->26:Exact,none; server owns swing cadence
905,15.034008,0.017202,Tick,live-sample,true,0xF13000007900B1EF,,server,,unchecked,unchecked,none,70.555214,-0.8029712,26,Ready1H,14.967315,,,,26->26:Exact,none; server owns swing cadence
906,15.049855,0.015847,Tick,live-sample,true,0xF13000007900B1EF,,server,,unchecked,unchecked,none,70.54617,-0.8024619,26,Ready1H,14.983161,,,,26->26:Exact,none; server owns swing cadence
907,15.066601,0.016746,Tick,live-sample,true,0xF13000007900B1EF,,server,,unchecked,unchecked,none,70.53537,-0.8018786,26,Ready1H,14.9999075,,,,26->26:Exact,none; server owns swing cadence
908,15.083211,0.016610,Tick,live-sample,true,0xF13000007900B1EF,,server,,unchecked,unchecked,none,70.525215,-0.80130583,26,Ready1H,15.016518,,,,26->26:Exact,none; server owns swing cadence
909,15.100125,0.016914,Tick,live-sample,true,0xF13000007900B1EF,,server,,unchecked,unchecked,none,70.51445,-0.8007221,26,Ready1H,15.033432,,,,26->26:Exact,none; server owns swing cadence
910,15.116418,0.016294,Tick,live-sample,true,0xF13000007900B1EF,,server,,unchecked,unchecked,none,70.50413,-0.8001724,26,Ready1H,15.049726,,,,26->26:Exact,none; server owns swing cadence
911,15.133733,0.017315,Tick,live-sample,true,0xF13000007900B1EF,,server,,unchecked,unchecked,none,70.4924,-0.7996034,26,Ready1H,15.06704,,,,26->26:Exact,none; server owns swing cadence
912,15.149946,0.016213,Tick,live-sample,true,0xF13000007900B1EF,,server,,unchecked,unchecked,none,70.479996,-0.7990247,26,Ready1H,15.083253,,,,26->26:Exact,none; server owns swing cadence
913,15.166493,0.016547,Tick,live-sample,true,0xF13000007900B1EF,,server,,unchecked,unchecked,none,70.468895,-0.798487,26,Ready1H,15.0998,,,,26->26:Exact,none; server owns swing cadence
914,15.183129,0.016636,Tick,live-sample,true,0xF13000007900B1EF,,server,,unchecked,unchecked,none,70.456535,-0.7979079,26,Ready1H,15.116437,,,,26->26:Exact,none; server owns swing cadence
915,15.199826,0.016697,Tick,live-sample,true,0xF13000007900B1EF,,server,,unchecked,unchecked,none,70.44539,-0.79737103,26,Ready1H,15.133134,,,,26->26:Exact,none; server owns swing cadence
916,15.217110,0.017284,Tick,live-sample,true,0xF13000007900B1EF,,server,,unchecked,unchecked,none,70.432594,-0.7967586,26,Ready1H,15.150417,,,,26->26:Exact,none; server owns swing cadence
917,15.234253,0.017143,Tick,live-sample,true,0xF13000007900B1EF,,server,,unchecked,unchecked,none,70.42022,-0.7961801,26,Ready1H,15.167561,,,,26->26:Exact,none; server owns swing cadence
918,15.250062,0.015809,Tick,live-sample,true,0xF13000007900B1EF,,server,,unchecked,unchecked,none,70.40922,-0.7956415,26,Ready1H,15.18337,,,,26->26:Exact,none; server owns swing cadence
919,15.266585,0.016522,Tick,live-sample,true,0xF13000007900B1EF,,server,,unchecked,unchecked,none,70.39825,-0.7951027,26,Ready1H,15.199892,,,,26->26:Exact,none; server owns swing cadence
920,15.283492,0.016907,Tick,live-sample,true,0xF13000007900B1EF,,server,,unchecked,unchecked,none,70.386024,-0.7945224,26,Ready1H,15.216799,,,,26->26:Exact,none; server owns swing cadence
921,15.300418,0.016927,Tick,live-sample,true,0xF13000007900B1EF,,server,,unchecked,unchecked,none,70.373825,-0.7939419,26,Ready1H,15.233726,,,,26->26:Exact,none; server owns swing cadence
922,15.316814,0.016396,Tick,live-sample,true,0xF13000007900B1EF,,server,,unchecked,unchecked,none,70.362915,-0.7934026,26,Ready1H,15.250121,,,,26->26:Exact,none; server owns swing cadence
923,15.333339,0.016525,Tick,live-sample,true,0xF13000007900B1EF,,server,,unchecked,unchecked,none,70.35076,-0.79282176,26,Ready1H,15.266646,,,,26->26:Exact,none; server owns swing cadence
924,15.350154,0.016815,Tick,live-sample,true,0xF13000007900B1EF,,server,,unchecked,unchecked,none,70.33925,-0.7922515,26,Ready1H,15.283462,,,,26->26:Exact,none; server owns swing cadence
925,15.367070,0.016916,Tick,live-sample,true,0xF13000007900B1EF,,server,,unchecked,unchecked,none,70.32714,-0.79167026,26,Ready1H,15.300377,,,,26->26:Exact,none; server owns swing cadence
926,15.383333,0.016263,Tick,live-sample,true,0xF13000007900B1EF,,server,,unchecked,unchecked,none,70.31632,-0.79113024,26,Ready1H,15.31664,,,,26->26:Exact,none; server owns swing cadence
927,15.400877,0.017545,Tick,live-sample,true,0xF13000007900B1EF,,server,,unchecked,unchecked,none,70.30426,-0.7905486,26,Ready1H,15.334185,,,,26->26:Exact,none; server owns swing cadence
928,15.416976,0.016099,Tick,live-sample,true,0xF13000007900B1EF,,server,,unchecked,unchecked,none,70.29293,-0.7899764,26,Ready1H,15.350284,,,,26->26:Exact,none; server owns swing cadence
929,15.433824,0.016848,Tick,live-sample,true,0xF13000007900B1EF,,server,,unchecked,unchecked,none,70.28146,-0.7894262,26,Ready1H,15.367131,,,,26->26:Exact,none; server owns swing cadence
930,15.450468,0.016645,Tick,live-sample,true,0xF13000007900B1EF,,server,,unchecked,unchecked,none,70.27017,-0.78885365,26,Ready1H,15.383776,,,,26->26:Exact,none; server owns swing cadence
931,15.466914,0.016445,Tick,live-sample,true,0xF13000007900B1EF,,server,,unchecked,unchecked,none,70.25821,-0.7882712,26,Ready1H,15.400221,,,,26->26:Exact,none; server owns swing cadence
932,15.483646,0.016732,Tick,live-sample,true,0xF13000007900B1EF,,server,,unchecked,unchecked,none,70.24743,-0.7877314,26,Ready1H,15.416953,,,,26->26:Exact,none; server owns swing cadence
933,15.500566,0.016920,Tick,live-sample,true,0xF13000007900B1EF,,server,,unchecked,unchecked,none,70.23551,-0.7871486,26,Ready1H,15.433873,,,,26->26:Exact,none; server owns swing cadence
934,15.517159,0.016593,Tick,live-sample,true,0xF13000007900B1EF,,server,,unchecked,unchecked,none,70.22361,-0.7865656,26,Ready1H,15.450466,,,,26->26:Exact,none; server owns swing cadence
935,15.534534,0.017375,Tick,live-sample,true,0xF13000007900B1EF,,server,,unchecked,unchecked,none,70.21244,-0.7859921,26,Ready1H,15.467841,,,,26->26:Exact,none; server owns swing cadence
936,15.550406,0.015872,Tick,live-sample,true,0xF13000007900B1EF,,server,,unchecked,unchecked,none,70.20113,-0.78544056,26,Ready1H,15.483713,,,,26->26:Exact,none; server owns swing cadence
937,15.566920,0.016515,Tick,live-sample,true,0xF13000007900B1EF,,server,,unchecked,unchecked,none,70.19,-0.78486675,26,Ready1H,15.500228,,,,26->26:Exact,none; server owns swing cadence
938,15.583584,0.016664,Tick,live-sample,true,0xF13000007900B1EF,,server,,unchecked,unchecked,none,70.17874,-0.7843149,26,Ready1H,15.5168915,,,,26->26:Exact,none; server owns swing cadence
939,15.600510,0.016926,Tick,live-sample,true,0xF13000007900B1EF,,server,,unchecked,unchecked,none,70.167656,-0.7837407,26,Ready1H,15.533817,,,,26->26:Exact,none; server owns swing cadence
940,15.616964,0.016454,Tick,live-sample,true,0xF13000007900B1EF,,server,,unchecked,unchecked,none,70.155815,-0.78315777,26,Ready1H,15.550272,,,,26->26:Exact,none; server owns swing cadence
941,15.633732,0.016767,Tick,live-sample,true,0xF13000007900B1EF,,server,,unchecked,unchecked,none,70.14531,-0.7826151,26,Ready1H,15.5670395,,,,26->26:Exact,none; server owns swing cadence
942,15.650391,0.016659,Tick,live-sample,true,0xF13000007900B1EF,,server,,unchecked,unchecked,none,70.1336,-0.78203064,26,Ready1H,15.583699,,,,26->26:Exact,none; server owns swing cadence
943,15.667323,0.016932,Tick,live-sample,true,0xF13000007900B1EF,,server,,unchecked,unchecked,none,70.122604,-0.7814557,26,Ready1H,15.600631,,,,26->26:Exact,none; server owns swing cadence
944,15.683856,0.016533,Tick,live-sample,true,0xF13000007900B1EF,,server,,unchecked,unchecked,none,70.11147,-0.7809028,26,Ready1H,15.617165,,,,26->26:Exact,none; server owns swing cadence
945,15.700630,0.016773,Tick,live-sample,true,0xF13000007900B1EF,,server,,unchecked,unchecked,none,70.10053,-0.7803275,26,Ready1H,15.633938,,,,26->26:Exact,none; server owns swing cadence
946,15.717044,0.016414,Tick,live-sample,true,0xF13000007900B1EF,,server,,unchecked,unchecked,none,70.08891,-0.77974224,26,Ready1H,15.6503525,,,,26->26:Exact,none; server owns swing cadence
947,15.733687,0.016643,Tick,live-sample,true,0xF13000007900B1EF,,server,,unchecked,unchecked,none,70.078545,-0.7791985,26,Ready1H,15.666995,,,,26->26:Exact,none; server owns swing cadence
948,15.750667,0.016981,Tick,live-sample,true,0xF13000007900B1EF,,server,,unchecked,unchecked,none,70.06689,-0.77861416,26,Ready1H,15.683976,,,,26->26:Exact,none; server owns swing cadence
949,15.767110,0.016442,Tick,live-sample,true,0xF13000007900B1EF,,server,,unchecked,unchecked,none,70.05534,-0.7780283,26,Ready1H,15.700418,,,,26->26:Exact,none; server owns swing cadence
950,15.783983,0.016873,Tick,live-sample,true,0xF13000007900B1EF,,server,,unchecked,unchecked,none,70.04451,-0.7774521,26,Ready1H,15.717292,,,,26->26:Exact,none; server owns swing cadence
951,15.800429,0.016446,Tick,live-sample,true,0xF13000007900B1EF,,server,,unchecked,unchecked,none,70.03354,-0.77689797,26,Ready1H,15.733738,,,,26->26:Exact,none; server owns swing cadence
952,15.818128,0.017699,Tick,live-sample,true,0xF13000007900B1EF,,server,,unchecked,unchecked,none,70.02154,-0.7762795,26,Ready1H,15.751437,,,,26->26:Exact,none; server owns swing cadence
953,15.835174,0.017046,Tick,live-sample,true,0xF13000007900B1EF,,server,,unchecked,unchecked,none,70.01078,-0.7757028,26,Ready1H,15.768484,,,,26->26:Exact,none; server owns swing cadence
954,15.851496,0.016322,Tick,live-sample,true,0xF13000007900B1EF,,server,,unchecked,unchecked,none,69.99987,-0.77514803,26,Ready1H,15.784806,,,,26->26:Exact,none; server owns swing cadence
955,15.867509,0.016012,Tick,live-sample,true,0xF13000007900B1EF,,server,,unchecked,unchecked,none,69.98968,-0.774603,26,Ready1H,15.800818,,,,26->26:Exact,none; server owns swing cadence
956,15.884005,0.016496,Tick,live-sample,true,0xF13000007900B1EF,,server,,unchecked,unchecked,none,69.978294,-0.7740159,26,Ready1H,15.817315,,,,26->26:Exact,none; server owns swing cadence
957,15.900973,0.016968,Tick,live-sample,true,0xF13000007900B1EF,,server,,unchecked,unchecked,none,69.96754,-0.77343965,26,Ready1H,15.834283,,,,26->26:Exact,none; server owns swing cadence
958,15.917510,0.016537,Tick,live-sample,true,0xF13000007900B1EF,,server,,unchecked,unchecked,none,69.95672,-0.77288425,26,Ready1H,15.85082,,,,26->26:Exact,none; server owns swing cadence
959,15.934025,0.016516,Tick,live-sample,true,0xF13000007900B1EF,,server,,unchecked,unchecked,none,69.952515,-0.77264845,26,Ready1H,15.867335,,,,26->26:Exact,none; server owns swing cadence
960,15.950660,0.016634,Tick,live-sample,true,0xF13000007900B1EF,,server,,unchecked,unchecked,none,69.952515,-0.77264845,26,Ready1H,15.883969,,,,26->26:Exact,none; server owns swing cadence
961,15.967329,0.016670,Tick,live-sample,true,0xF13000007900B1EF,,server,,unchecked,unchecked,none,69.952515,-0.77264845,26,Ready1H,15.900639,,,,26->26:Exact,none; server owns swing cadence
962,15.983897,0.016568,Tick,live-sample,true,0xF13000007900B1EF,,server,,unchecked,unchecked,none,69.952515,-0.77264845,26,Ready1H,15.917207,,,,26->26:Exact,none; server owns swing cadence
963,16.000619,0.016722,Tick,live-sample,true,0xF13000007900B1EF,,server,,unchecked,unchecked,none,69.952515,-0.77264845,26,Ready1H,15.9339285,,,,26->26:Exact,none; server owns swing cadence
964,16.017386,0.016767,Tick,live-sample,true,0xF13000007900B1EF,,server,,unchecked,unchecked,none,69.952515,-0.77264845,26,Ready1H,15.950695,,,,26->26:Exact,none; server owns swing cadence
965,16.035002,0.017617,Tick,live-sample,true,0xF13000007900B1EF,,server,,unchecked,unchecked,none,69.952515,-0.77264845,26,Ready1H,15.968312,,,,26->26:Exact,none; server owns swing cadence
966,16.050735,0.015732,Tick,live-sample,true,0xF13000007900B1EF,,server,,unchecked,unchecked,none,69.952515,-0.77264845,26,Ready1H,15.984044,,,,26->26:Exact,none; server owns swing cadence
967,16.067428,0.016693,Tick,live-sample,true,0xF13000007900B1EF,,server,,unchecked,unchecked,none,69.952515,-0.77264845,26,Ready1H,16.000736,,,,26->26:Exact,none; server owns swing cadence
968,16.084057,0.016630,Tick,live-sample,true,0xF13000007900B1EF,,server,,unchecked,unchecked,none,69.952515,-0.77264845,26,Ready1H,16.017366,,,,26->26:Exact,none; server owns swing cadence
969,16.100645,0.016587,Tick,live-sample,true,0xF13000007900B1EF,,server,,unchecked,unchecked,none,69.952515,-0.77264845,26,Ready1H,16.033955,,,,26->26:Exact,none; server owns swing cadence
970,16.117780,0.017135,Tick,live-sample,true,0xF13000007900B1EF,,server,,unchecked,unchecked,none,69.99412,-0.7726669,26,Ready1H,16.05109,,,,26->26:Exact,none; server owns swing cadence
971,16.134142,0.016362,Tick,live-sample,true,0xF13000007900B1EF,,server,,unchecked,unchecked,none,70.036415,-0.7726952,26,Ready1H,16.067453,,,,26->26:Exact,none; server owns swing cadence
972,16.150677,0.016534,Tick,live-sample,true,0xF13000007900B1EF,,server,,unchecked,unchecked,none,70.07612,-0.7727209,26,Ready1H,16.083988,,,,26->26:Exact,none; server owns swing cadence
973,16.167342,0.016665,Tick,live-sample,true,0xF13000007900B1EF,,server,,unchecked,unchecked,none,70.11763,-0.7727405,26,Ready1H,16.100655,,,,26->26:Exact,none; server owns swing cadence
974,16.184025,0.016683,Tick,live-sample,true,0xF13000007900B1EF,,server,,unchecked,unchecked,none,70.15993,-0.7727687,26,Ready1H,16.117338,,,,26->26:Exact,none; server owns swing cadence
975,16.200694,0.016669,Tick,live-sample,true,0xF13000007900B1EF,,server,,unchecked,unchecked,none,70.19894,-0.7727844,26,Ready1H,16.134007,,,,26->26:Exact,none; server owns swing cadence
976,16.217494,0.016800,Tick,live-sample,true,0xF13000007900B1EF,,server,,unchecked,unchecked,none,70.24123,-0.77281255,26,Ready1H,16.150806,,,,26->26:Exact,none; server owns swing cadence
977,16.233950,0.016456,Tick,live-sample,true,0xF13000007900B1EF,,server,,unchecked,unchecked,none,70.28283,-0.7728308,26,Ready1H,16.167263,,,,26->26:Exact,none; server owns swing cadence
978,16.250685,0.016736,Tick,live-sample,true,0xF13000007900B1EF,,server,,unchecked,unchecked,none,70.32253,-0.77285635,26,Ready1H,16.183998,,,,26->26:Exact,none; server owns swing cadence
979,16.267421,0.016736,Tick,live-sample,true,0xF13000007900B1EF,,server,,unchecked,unchecked,none,70.364136,-0.77287453,26,Ready1H,16.200733,,,,26->26:Exact,none; server owns swing cadence
980,16.284107,0.016686,Tick,live-sample,true,0xF13000007900B1EF,,server,,unchecked,unchecked,none,70.40634,-0.7729038,26,Ready1H,16.217419,,,,26->26:Exact,none; server owns swing cadence
981,16.300859,0.016752,Tick,live-sample,true,0xF13000007900B1EF,,server,,unchecked,unchecked,none,70.446045,-0.77292925,26,Ready1H,16.23417,,,,26->26:Exact,none; server owns swing cadence
982,16.317815,0.016956,Tick,live-sample,true,0xF13000007900B1EF,,server,,unchecked,unchecked,none,70.48764,-0.7729474,26,Ready1H,16.251127,,,,26->26:Exact,none; server owns swing cadence
983,16.335604,0.017789,Tick,live-sample,true,0xF13000007900B1EF,,server,,unchecked,unchecked,none,70.53184,-0.772968,26,Ready1H,16.268917,,,,26->26:Exact,none; server owns swing cadence
984,16.351008,0.015404,Tick,live-sample,true,0xF13000007900B1EF,,server,,unchecked,unchecked,none,70.57154,-0.7729934,26,Ready1H,16.28432,,,,26->26:Exact,none; server owns swing cadence
985,16.367447,0.016439,Tick,live-sample,true,0xF13000007900B1EF,,server,,unchecked,unchecked,none,70.61124,-0.7730187,26,Ready1H,16.30076,,,,26->26:Exact,none; server owns swing cadence
986,16.384236,0.016789,Tick,live-sample,true,0xF13000007900B1EF,,server,,unchecked,unchecked,none,70.65285,-0.7730368,26,Ready1H,16.317549,,,,26->26:Exact,none; server owns swing cadence
987,16.400920,0.016684,Tick,live-sample,true,0xF13000007900B1EF,,server,,unchecked,unchecked,none,70.69505,-0.7730658,26,Ready1H,16.334232,,,,26->26:Exact,none; server owns swing cadence
988,16.417793,0.016873,Tick,live-sample,true,0xF13000007900B1EF,,server,,unchecked,unchecked,none,70.73407,-0.7730813,26,Ready1H,16.351107,,,,26->26:Exact,none; server owns swing cadence
989,16.434146,0.016352,Tick,live-sample,true,0xF13000007900B1EF,,server,,unchecked,unchecked,none,70.77636,-0.773109,26,Ready1H,16.367458,,,,26->26:Exact,none; server owns swing cadence
990,16.450858,0.016712,Tick,live-sample,true,0xF13000007900B1EF,,server,,unchecked,unchecked,none,70.81537,-0.77312446,26,Ready1H,16.38417,,,,26->26:Exact,none; server owns swing cadence
991,16.467534,0.016677,Tick,live-sample,true,0xF13000007900B1EF,,server,,unchecked,unchecked,none,70.857666,-0.7731522,26,Ready1H,16.400846,,,,26->26:Exact,none; server owns swing cadence
992,16.484692,0.017158,Tick,live-sample,true,0xF13000007900B1EF,,server,,unchecked,unchecked,none,70.89927,-0.77317005,26,Ready1H,16.418005,,,,26->26:Exact,none; server owns swing cadence
993,16.501037,0.016345,Tick,live-sample,true,0xF13000007900B1EF,,server,,unchecked,unchecked,none,70.941475,-0.7731989,26,Ready1H,16.43435,,,,26->26:Exact,none; server owns swing cadence
994,16.517912,0.016874,Tick,live-sample,true,0xF13000007900B1EF,,server,,unchecked,unchecked,none,70.98307,-0.7732167,26,Ready1H,16.451223,,,,26->26:Exact,none; server owns swing cadence
995,16.535057,0.017145,Tick,live-sample,true,0xF13000007900B1EF,,server,,unchecked,unchecked,none,71.02537,-0.7732443,26,Ready1H,16.468369,,,,26->26:Exact,none; server owns swing cadence
996,16.550933,0.015877,Tick,live-sample,true,0xF13000007900B1EF,,server,,unchecked,unchecked,none,71.06507,-0.77326936,26,Ready1H,16.484245,,,,26->26:Exact,none; server owns swing cadence
997,16.567880,0.016947,Tick,live-sample,true,0xF13000007900B1EF,,server,,unchecked,unchecked,none,71.10409,-0.7732847,26,Ready1H,16.501192,,,,26->26:Exact,none; server owns swing cadence
998,16.584360,0.016480,Tick,live-sample,true,0xF13000007900B1EF,,server,,unchecked,unchecked,none,71.14638,-0.7733121,26,Ready1H,16.517672,,,,26->26:Exact,none; server owns swing cadence
999,16.601027,0.016667,Tick,live-sample,true,0xF13000007900B1EF,,server,,unchecked,unchecked,none,71.18798,-0.77332985,26,Ready1H,16.534338,,,,26->26:Exact,none; server owns swing cadence
1000,16.617735,0.016709,Tick,live-sample,true,0xF13000007900B1EF,,server,,unchecked,unchecked,none,71.227684,-0.77335477,26,Ready1H,16.551046,,,,26->26:Exact,none; server owns swing cadence
1001,16.634584,0.016849,Tick,live-sample,true,0xF13000007900B1EF,,server,,unchecked,unchecked,none,71.2692,-0.77337366,26,Ready1H,16.567896,,,,26->26:Exact,none; server owns swing cadence
1002,16.651069,0.016484,Tick,live-sample,true,0xF13000007900B1EF,,server,,unchecked,unchecked,none,71.31149,-0.773401,26,Ready1H,16.584381,,,,26->26:Exact,none; server owns swing cadence
1003,16.667923,0.016855,Tick,live-sample,true,0xF13000007900B1EF,,server,,unchecked,unchecked,none,71.353096,-0.77341866,26,Ready1H,16.601236,,,,26->26:Exact,none; server owns swing cadence
1004,16.684576,0.016653,Tick,live-sample,true,0xF13000007900B1EF,,server,,unchecked,unchecked,none,71.3928,-0.7734435,26,Ready1H,16.61789,,,,26->26:Exact,none; server owns swing cadence
1005,16.701105,0.016529,Tick,live-sample,true,0xF13000007900B1EF,,server,,unchecked,unchecked,none,71.4351,-0.77347076,26,Ready1H,16.634418,,,,26->26:Exact,none; server owns swing cadence
1006,16.718102,0.016997,Tick,live-sample,true,0xF13000007900B1EF,,server,,unchecked,unchecked,none,71.47669,-0.77348834,26,Ready1H,16.651415,,,,26->26:Exact,none; server owns swing cadence
1007,16.734445,0.016343,Tick,live-sample,true,0xF13000007900B1EF,,server,,unchecked,unchecked,none,71.5164,-0.77351314,26,Ready1H,16.667757,,,,26->26:Exact,none; server owns swing cadence
1008,16.751581,0.017136,Tick,live-sample,true,0xF13000007900B1EF,,server,,unchecked,unchecked,none,71.557915,-0.77353185,26,Ready1H,16.684893,,,,26->26:Exact,none; server owns swing cadence
1009,16.767974,0.016393,Tick,live-sample,true,0xF13000007900B1EF,,server,,unchecked,unchecked,none,71.60021,-0.773559,26,Ready1H,16.701286,,,,26->26:Exact,none; server owns swing cadence
1010,16.784475,0.016501,Tick,live-sample,true,0xF13000007900B1EF,,server,,unchecked,unchecked,none,71.63923,-0.773574,26,Ready1H,16.717787,,,,26->26:Exact,none; server owns swing cadence
1011,16.801316,0.016841,Tick,live-sample,true,0xF13000007900B1EF,,server,,unchecked,unchecked,none,71.68152,-0.7736011,26,Ready1H,16.734627,,,,26->26:Exact,none; server owns swing cadence
1012,16.817990,0.016674,Tick,live-sample,true,0xF13000007900B1EF,,server,,unchecked,unchecked,none,71.72312,-0.7736185,26,Ready1H,16.7513,,,,26->26:Exact,none; server owns swing cadence
1013,16.835381,0.017390,Tick,live-sample,true,0xF13000007900B1EF,,server,,unchecked,unchecked,none,71.76541,-0.7736456,26,Ready1H,16.76869,,,,26->26:Exact,none; server owns swing cadence
1014,16.851496,0.016116,Tick,live-sample,true,0xF13000007900B1EF,,server,,unchecked,unchecked,none,71.80443,-0.77366054,26,Ready1H,16.784805,,,,26->26:Exact,none; server owns swing cadence
1015,16.868270,0.016774,Tick,live-sample,true,0xF13000007900B1EF,,server,,unchecked,unchecked,none,71.84664,-0.77368873,26,Ready1H,16.801579,,,,26->26:Exact,none; server owns swing cadence
1016,16.884771,0.016500,Tick,live-sample,true,0xF13000007900B1EF,,server,,unchecked,unchecked,none,71.88634,-0.77371323,26,Ready1H,16.818079,,,,26->26:Exact,none; server owns swing cadence
1017,16.901449,0.016678,Tick,live-sample,true,0xF13000007900B1EF,,server,,unchecked,unchecked,none,71.92794,-0.7737306,26,Ready1H,16.834757,,,,26->26:Exact,none; server owns swing cadence
1018,16.918054,0.016605,Tick,live-sample,true,0xF13000007900B1EF,,server,,unchecked,unchecked,none,71.97024,-0.77375746,26,Ready1H,16.851362,,,,26->26:Exact,none; server owns swing cadence
1019,16.935123,0.017069,Tick,live-sample,true,0xF13000007900B1EF,,server,,unchecked,unchecked,none,72.01184,-0.7737747,26,Ready1H,16.868431,,,,26->26:Exact,none; server owns swing cadence
1020,16.951472,0.016349,Tick,live-sample,true,0xF13000007900B1EF,,server,,unchecked,unchecked,none,72.051544,-0.7737991,26,Ready1H,16.88478,,,,26->26:Exact,none; server owns swing cadence
1021,16.968529,0.017057,Tick,live-sample,true,0xF13000007900B1EF,,server,,unchecked,unchecked,none,72.09315,-0.77381635,26,Ready1H,16.901838,,,,26->26:Exact,none; server owns swing cadence
1022,16.985068,0.016539,Tick,live-sample,true,0xF13000007900B1EF,,server,,unchecked,unchecked,none,72.13536,-0.77384436,26,Ready1H,16.918377,,,,26->26:Exact,none; server owns swing cadence
1023,17.001719,0.016650,Tick,live-sample,true,0xF13000007900B1EF,,server,,unchecked,unchecked,none,72.17437,-0.7738591,26,Ready1H,16.935028,,,,26->26:Exact,none; server owns swing cadence
1024,17.018106,0.016387,Tick,live-sample,true,0xF13000007900B1EF,,server,,unchecked,unchecked,none,72.21667,-0.77388585,26,Ready1H,16.951416,,,,26->26:Exact,none; server owns swing cadence
1025,17.068106,0.050000,Tick,live-sample,true,0xF13000007900B1EF,,server,,unchecked,unchecked,none,75.668976,-0.7747991,26,Ready1H,17.001415,,,,26->26:Exact,none; server owns swing cadence
1026,17.068106,0.000000,AttackStopSend,network-session-send,true,0x0000000000000000,CMSG_ATTACKSTOP,server,,unchecked,unchecked,none,-1,,26,Ready1H,17.001415,,,,26->26:Exact,CMSG_ATTACKSTOP
1027,17.068106,0.000000,IntentOff,user-cancel,true,0xF13000007900B1EF,,server,,unchecked,unchecked,none,75.668976,-0.7747991,26,Ready1H,17.001415,,,,26->26:Exact,local attack latch edge
1028,17.072023,0.003917,Tick,live-sample,false,0x0000000000000000,,server,,unchecked,unchecked,none,-1,,26,Ready1H,17.005333,,,,26->26:Exact,none; server owns swing cadence
