row,t,dt,event,cause,intentOn,targetGuid,opcode,swingTimerOwner,weaponSpeedMs,rangeEligibility,arcEligibility,clientAction,distance,bearingDelta,facingDelta,clipId,clipName,clipTime,clipB,clipBTime,blendWeight,animChoice,detail
0,0.000000,0.000000,TraceStart,operator,false,0x0000000000000000,,server,,unchecked,unchecked,none,-1,,,11,ShuffleLeft,0.5162863,,,,11->11:Exact,server-authoritative swing timing; client range/arc gates absent
1,0.000000,0.000000,AttackSwingSend,network-session-send,false,0xF13000007A015EA7,CMSG_ATTACKSWING,server,,unchecked,unchecked,none,58.806297,1.7197416,1.7197416,11,ShuffleLeft,0.53132874,,,,11->11:Exact,CMSG_ATTACKSWING
2,0.000000,0.000000,IntentOn,user-start,true,0xF13000007A015EA7,,server,,unchecked,unchecked,none,58.806297,1.7197416,1.7197416,11,ShuffleLeft,0.53132874,,,,11->11:Exact,local attack latch edge
3,0.015237,0.015237,Tick,live-sample,true,0xF13000007A015EA7,,server,,unchecked,unchecked,none,58.806297,1.7197416,1.7197416,11,ShuffleLeft,0.5465657,,,,11->11:Exact,none; server owns swing cadence
4,0.031998,0.016761,Tick,live-sample,true,0xF13000007A015EA7,,server,,unchecked,unchecked,none,58.806297,1.7197416,1.7197416,11,ShuffleLeft,0.5633263,,,,11->11:Exact,none; server owns swing cadence
5,0.031998,0.000000,AnimChoice,animator,true,0xF13000007A015EA7,,server,,unchecked,unchecked,none,58.806297,1.7197416,1.7197416,11,ShuffleLeft,0.5633263,,,,0->0:Exact,track=0 requested=0 played=0 kind=Exact base=11:ShuffleLeft clipB= blendWeight=0
6,0.048644,0.016646,Tick,live-sample,true,0xF13000007A015EA7,,server,,unchecked,unchecked,none,58.806297,1.7197416,1.7197416,0,Stand,0.016646,ShuffleLeft,0.5799723,0.005051255,0->0:Exact,none; server owns swing cadence
7,0.065212,0.016568,Tick,live-sample,true,0xF13000007A015EA7,,server,,unchecked,unchecked,none,58.806297,1.7197416,1.7197416,0,Stand,0.0332139,ShuffleLeft,0.5965402,0.019539237,0->0:Exact,none; server owns swing cadence
8,0.082146,0.016934,Tick,live-sample,true,0xF13000007A015EA7,,server,,unchecked,unchecked,none,58.806297,1.7197416,1.7197416,0,Stand,0.050148398,ShuffleLeft,0.6134747,0.043212533,0->0:Exact,none; server owns swing cadence
9,0.082146,0.000000,AttackStartReceive,server,true,0xF13000007A015EA7,SMSG_ATTACKSTART,server,,unchecked,unchecked,none,58.806297,1.7197416,1.7197416,0,Stand,0.050148398,ShuffleLeft,0.6134747,0.043212533,0->0:Exact,attacker=0x0000000000000001
10,0.082146,0.000000,AnimChoice,animator,true,0xF13000007A015EA7,,server,,unchecked,unchecked,none,58.806297,1.7197416,1.7197416,0,Stand,0.050148398,ShuffleLeft,0.6134747,0.043212533,26->26:Exact,track=0 requested=26 played=26 kind=Exact base=0:Stand clipB=ShuffleLeft blendWeight=0.043212533
11,0.099934,0.017788,Tick,live-sample,true,0xF13000007A015EA7,,server,,unchecked,unchecked,none,58.806297,1.7197416,1.7197416,26,Ready1H,0.017788,Stand,0.0679364,0.03885305,26->26:Exact,none; server owns swing cadence
12,0.115511,0.015577,Tick,live-sample,true,0xF13000007A015EA7,,server,,unchecked,unchecked,none,58.806297,1.7197416,1.7197416,26,Ready1H,0.033364803,Stand,0.0835132,0.12641788,26->26:Exact,none; server owns swing cadence
13,0.131890,0.016379,Tick,live-sample,true,0xF13000007A015EA7,,server,,unchecked,unchecked,none,58.806297,1.7197416,1.7197416,26,Ready1H,0.0497436,Stand,0.099892,0.25698298,26->26:Exact,none; server owns swing cadence
14,0.148672,0.016783,Tick,live-sample,true,0xF13000007A015EA7,,server,,unchecked,unchecked,none,58.806297,1.7197416,1.7197416,26,Ready1H,0.0665264,Stand,0.116674796,0.41562444,26->26:Exact,none; server owns swing cadence
15,0.165329,0.016656,Tick,live-sample,true,0xF13000007A015EA7,,server,,unchecked,unchecked,none,58.806297,1.7197416,1.7197416,26,Ready1H,0.0831825,Stand,0.1333309,0.58150023,26->26:Exact,none; server owns swing cadence
16,0.182255,0.016927,Tick,live-sample,true,0xF13000007A015EA7,,server,,unchecked,unchecked,none,58.806297,1.7197416,1.7197416,26,Ready1H,0.1001091,Stand,0.1502575,0.7417099,26->26:Exact,none; server owns swing cadence
17,0.199606,0.017351,Tick,live-sample,true,0xF13000007A015EA7,,server,,unchecked,unchecked,none,58.806297,1.7197416,1.7197416,26,Ready1H,0.1174602,Stand,0.1676086,0.87923884,26->26:Exact,none; server owns swing cadence
18,0.215414,0.015808,Tick,live-sample,true,0xF13000007A015EA7,,server,,unchecked,unchecked,none,58.806297,1.7197416,1.7197416,26,Ready1H,0.1332679,Stand,0.1834163,0.9654474,26->26:Exact,none; server owns swing cadence
19,0.232119,0.016705,Tick,live-sample,true,0xF13000007A015EA7,,server,,unchecked,unchecked,none,58.806297,1.7197416,1.7197416,26,Ready1H,0.14997259,Stand,0.20012102,0.9999999,26->26:Exact,none; server owns swing cadence
20,0.248607,0.016488,Tick,live-sample,true,0xF13000007A015EA7,,server,,unchecked,unchecked,none,58.806297,1.7197416,1.7197416,26,Ready1H,0.1664607,,,,26->26:Exact,none; server owns swing cadence
21,0.265528,0.016921,Tick,live-sample,true,0xF13000007A015EA7,,server,,unchecked,unchecked,none,58.806297,1.7197416,1.7197416,26,Ready1H,0.18338189,,,,26->26:Exact,none; server owns swing cadence
22,0.282205,0.016677,Tick,live-sample,true,0xF13000007A015EA7,,server,,unchecked,unchecked,none,58.806297,1.7197416,1.7197416,26,Ready1H,0.20005888,,,,26->26:Exact,none; server owns swing cadence
23,0.299623,0.017418,Tick,live-sample,true,0xF13000007A015EA7,,server,,unchecked,unchecked,none,58.806297,1.7197416,1.7197416,26,Ready1H,0.21747679,,,,26->26:Exact,none; server owns swing cadence
24,0.315293,0.015670,Tick,live-sample,true,0xF13000007A015EA7,,server,,unchecked,unchecked,none,58.806297,1.7197416,1.7197416,26,Ready1H,0.23314719,,,,26->26:Exact,none; server owns swing cadence
25,0.332246,0.016953,Tick,live-sample,true,0xF13000007A015EA7,,server,,unchecked,unchecked,none,58.806297,1.7197416,1.7197416,26,Ready1H,0.25009978,,,,26->26:Exact,none; server owns swing cadence
26,0.348819,0.016573,Tick,live-sample,true,0xF13000007A015EA7,,server,,unchecked,unchecked,none,58.806297,1.7197416,1.7197416,26,Ready1H,0.26667318,,,,26->26:Exact,none; server owns swing cadence
27,0.365429,0.016610,Tick,live-sample,true,0xF13000007A015EA7,,server,,unchecked,unchecked,none,58.806297,1.7197416,1.7197416,26,Ready1H,0.28328317,,,,26->26:Exact,none; server owns swing cadence
28,0.381988,0.016559,Tick,live-sample,true,0xF13000007A015EA7,,server,,unchecked,unchecked,none,58.806297,1.7197416,1.7197416,26,Ready1H,0.29984227,,,,26->26:Exact,none; server owns swing cadence
29,0.398841,0.016853,Tick,live-sample,true,0xF13000007A015EA7,,server,,unchecked,unchecked,none,58.806297,1.7197416,1.7197416,26,Ready1H,0.31669506,,,,26->26:Exact,none; server owns swing cadence
30,0.415455,0.016614,Tick,live-sample,true,0xF13000007A015EA7,,server,,unchecked,unchecked,none,58.806297,1.7197416,1.7197416,26,Ready1H,0.33330905,,,,26->26:Exact,none; server owns swing cadence
31,0.434837,0.019382,Tick,live-sample,true,0xF13000007A015EA7,,server,,unchecked,unchecked,none,58.806297,1.7197416,1.7197416,26,Ready1H,0.35269067,,,,26->26:Exact,none; server owns swing cadence
32,0.448914,0.014077,Tick,live-sample,true,0xF13000007A015EA7,,server,,unchecked,unchecked,none,58.806297,1.7197416,1.7197416,26,Ready1H,0.36676785,,,,26->26:Exact,none; server owns swing cadence
33,0.465597,0.016683,Tick,live-sample,true,0xF13000007A015EA7,,server,,unchecked,unchecked,none,58.806297,1.7197416,1.7197416,26,Ready1H,0.38345096,,,,26->26:Exact,none; server owns swing cadence
34,0.482470,0.016873,Tick,live-sample,true,0xF13000007A015EA7,,server,,unchecked,unchecked,none,58.806297,1.7197416,1.7197416,26,Ready1H,0.40032405,,,,26->26:Exact,none; server owns swing cadence
35,0.500633,0.018163,Tick,live-sample,true,0xF13000007A015EA7,,server,,unchecked,unchecked,none,58.806297,1.7197416,1.7197416,26,Ready1H,0.41848674,,,,26->26:Exact,none; server owns swing cadence
36,0.515670,0.015037,Tick,live-sample,true,0xF13000007A015EA7,,server,,unchecked,unchecked,none,58.806297,1.7197416,1.7197416,26,Ready1H,0.43352404,,,,26->26:Exact,none; server owns swing cadence
37,0.532464,0.016794,Tick,live-sample,true,0xF13000007A015EA7,,server,,unchecked,unchecked,none,58.806297,1.7197416,1.7197416,26,Ready1H,0.45031753,,,,26->26:Exact,none; server owns swing cadence
38,0.549231,0.016768,Tick,live-sample,true,0xF13000007A015EA7,,server,,unchecked,unchecked,none,58.806297,1.7197416,1.7197416,26,Ready1H,0.46708533,,,,26->26:Exact,none; server owns swing cadence
39,0.565649,0.016418,Tick,live-sample,true,0xF13000007A015EA7,,server,,unchecked,unchecked,none,58.806297,1.7197416,1.7197416,26,Ready1H,0.48350343,,,,26->26:Exact,none; server owns swing cadence
40,0.582285,0.016636,Tick,live-sample,true,0xF13000007A015EA7,,server,,unchecked,unchecked,none,58.806297,1.7197416,1.7197416,26,Ready1H,0.50013924,,,,26->26:Exact,none; server owns swing cadence
41,0.600340,0.018055,Tick,live-sample,true,0xF13000007A015EA7,,server,,unchecked,unchecked,none,58.806297,1.7197416,1.7197416,26,Ready1H,0.51819444,,,,26->26:Exact,none; server owns swing cadence
42,0.615822,0.015482,Tick,live-sample,true,0xF13000007A015EA7,,server,,unchecked,unchecked,none,58.806297,1.7197416,1.7197416,26,Ready1H,0.53367627,,,,26->26:Exact,none; server owns swing cadence
43,0.632461,0.016639,Tick,live-sample,true,0xF13000007A015EA7,,server,,unchecked,unchecked,none,58.806297,1.7197416,1.7197416,26,Ready1H,0.5503151,,,,26->26:Exact,none; server owns swing cadence
44,0.649031,0.016570,Tick,live-sample,true,0xF13000007A015EA7,,server,,unchecked,unchecked,none,58.806297,1.7197416,1.7197416,26,Ready1H,0.5668849,,,,26->26:Exact,none; server owns swing cadence
45,0.665795,0.016764,Tick,live-sample,true,0xF13000007A015EA7,,server,,unchecked,unchecked,none,58.806297,1.7197416,1.7197416,26,Ready1H,0.58364886,,,,26->26:Exact,none; server owns swing cadence
46,0.682603,0.016808,Tick,live-sample,true,0xF13000007A015EA7,,server,,unchecked,unchecked,none,58.806297,1.7197416,1.7197416,26,Ready1H,0.60045725,,,,26->26:Exact,none; server owns swing cadence
47,0.700672,0.018069,Tick,live-sample,true,0xF13000007A015EA7,,server,,unchecked,unchecked,none,58.806297,1.7197416,1.7197416,26,Ready1H,0.61852646,,,,26->26:Exact,none; server owns swing cadence
48,0.715870,0.015197,Tick,live-sample,true,0xF13000007A015EA7,,server,,unchecked,unchecked,none,58.806297,1.7197416,1.7197416,26,Ready1H,0.63372374,,,,26->26:Exact,none; server owns swing cadence
49,0.732555,0.016685,Tick,live-sample,true,0xF13000007A015EA7,,server,,unchecked,unchecked,none,58.806297,1.7197416,1.7197416,26,Ready1H,0.65040904,,,,26->26:Exact,none; server owns swing cadence
50,0.749259,0.016704,Tick,live-sample,true,0xF13000007A015EA7,,server,,unchecked,unchecked,none,58.806297,1.7197416,1.7197416,26,Ready1H,0.66711324,,,,26->26:Exact,none; server owns swing cadence
51,0.765854,0.016595,Tick,live-sample,true,0xF13000007A015EA7,,server,,unchecked,unchecked,none,58.806297,1.7197416,1.7197416,26,Ready1H,0.68370837,,,,26->26:Exact,none; server owns swing cadence
52,0.782531,0.016676,Tick,live-sample,true,0xF13000007A015EA7,,server,,unchecked,unchecked,none,58.806297,1.7197416,1.7197416,26,Ready1H,0.7003848,,,,26->26:Exact,none; server owns swing cadence
53,0.799613,0.017082,Tick,live-sample,true,0xF13000007A015EA7,,server,,unchecked,unchecked,none,58.806297,1.7197416,1.7197416,26,Ready1H,0.7174672,,,,26->26:Exact,none; server owns swing cadence
54,0.816177,0.016564,Tick,live-sample,true,0xF13000007A015EA7,,server,,unchecked,unchecked,none,58.806297,1.7197416,1.7197416,26,Ready1H,0.73403126,,,,26->26:Exact,none; server owns swing cadence
55,0.832619,0.016441,Tick,live-sample,true,0xF13000007A015EA7,,server,,unchecked,unchecked,none,58.806297,1.7197416,1.7197416,26,Ready1H,0.7504728,,,,26->26:Exact,none; server owns swing cadence
56,0.849579,0.016960,Tick,live-sample,true,0xF13000007A015EA7,,server,,unchecked,unchecked,none,58.806297,1.7197416,1.7197416,26,Ready1H,0.7674328,,,,26->26:Exact,none; server owns swing cadence
57,0.865910,0.016331,Tick,live-sample,true,0xF13000007A015EA7,,server,,unchecked,unchecked,none,58.806297,1.7197416,1.7197416,26,Ready1H,0.7837637,,,,26->26:Exact,none; server owns swing cadence
58,0.882835,0.016926,Tick,live-sample,true,0xF13000007A015EA7,,server,,unchecked,unchecked,none,58.806297,1.7197416,1.7197416,26,Ready1H,0.8006895,,,,26->26:Exact,none; server owns swing cadence
59,0.899403,0.016568,Tick,live-sample,true,0xF13000007A015EA7,,server,,unchecked,unchecked,none,58.806297,1.7197416,1.7197416,26,Ready1H,0.8172574,,,,26->26:Exact,none; server owns swing cadence
60,0.916070,0.016666,Tick,live-sample,true,0xF13000007A015EA7,,server,,unchecked,unchecked,none,58.806297,1.7197416,1.7197416,26,Ready1H,0.8339239,,,,26->26:Exact,none; server owns swing cadence
61,0.932566,0.016496,Tick,live-sample,true,0xF13000007A015EA7,,server,,unchecked,unchecked,none,58.806297,1.7197416,1.7197416,26,Ready1H,0.8504196,,,,26->26:Exact,none; server owns swing cadence
62,0.949254,0.016689,Tick,live-sample,true,0xF13000007A015EA7,,server,,unchecked,unchecked,none,58.806297,1.7197416,1.7197416,26,Ready1H,0.8671084,,,,26->26:Exact,none; server owns swing cadence
63,0.966005,0.016750,Tick,live-sample,true,0xF13000007A015EA7,,server,,unchecked,unchecked,none,58.806297,1.7197416,1.7197416,26,Ready1H,0.8838586,,,,26->26:Exact,none; server owns swing cadence
64,0.982705,0.016701,Tick,live-sample,true,0xF13000007A015EA7,,server,,unchecked,unchecked,none,58.806297,1.7197416,1.7197416,26,Ready1H,0.90055954,,,,26->26:Exact,none; server owns swing cadence
65,1.000815,0.018109,Tick,live-sample,true,0xF13000007A015EA7,,server,,unchecked,unchecked,none,58.806297,1.7197416,1.7197416,26,Ready1H,0.91866875,,,,26->26:Exact,none; server owns swing cadence
66,1.016117,0.015303,Tick,live-sample,true,0xF13000007A015EA7,,server,,unchecked,unchecked,none,58.806297,1.7197416,1.7197416,26,Ready1H,0.93397146,,,,26->26:Exact,none; server owns swing cadence
67,1.032780,0.016662,Tick,live-sample,true,0xF13000007A015EA7,,server,,unchecked,unchecked,none,58.806297,1.7197416,1.7197416,26,Ready1H,0.95063376,,,,26->26:Exact,none; server owns swing cadence
68,1.049425,0.016645,Tick,live-sample,true,0xF13000007A015EA7,,server,,unchecked,unchecked,none,58.806297,1.7197416,1.7197416,26,Ready1H,0.96727866,,,,26->26:Exact,none; server owns swing cadence
69,1.066182,0.016758,Tick,live-sample,true,0xF13000007A015EA7,,server,,unchecked,unchecked,none,58.806297,1.7197416,1.7197416,26,Ready1H,0.98403627,,,,26->26:Exact,none; server owns swing cadence
70,1.082753,0.016571,Tick,live-sample,true,0xF13000007A015EA7,,server,,unchecked,unchecked,none,58.806297,1.7197416,1.7197416,26,Ready1H,1.000607,,,,26->26:Exact,none; server owns swing cadence
71,1.100451,0.017698,Tick,live-sample,true,0xF13000007A015EA7,,server,,unchecked,unchecked,none,58.806297,1.7197416,1.7197416,26,Ready1H,1.0183054,,,,26->26:Exact,none; server owns swing cadence
72,1.115990,0.015539,Tick,live-sample,true,0xF13000007A015EA7,,server,,unchecked,unchecked,none,58.806297,1.7197416,1.7197416,26,Ready1H,1.0338445,,,,26->26:Exact,none; server owns swing cadence
73,1.133008,0.017018,Tick,live-sample,true,0xF13000007A015EA7,,server,,unchecked,unchecked,none,58.806297,1.7197416,1.7197416,26,Ready1H,1.0508623,,,,26->26:Exact,none; server owns swing cadence
74,1.149553,0.016545,Tick,live-sample,true,0xF13000007A015EA7,,server,,unchecked,unchecked,none,58.806297,1.7197416,1.7197416,26,Ready1H,1.0674069,,,,26->26:Exact,none; server owns swing cadence
75,1.166355,0.016802,Tick,live-sample,true,0xF13000007A015EA7,,server,,unchecked,unchecked,none,58.806297,1.7197416,1.7197416,26,Ready1H,1.0842087,,,,26->26:Exact,none; server owns swing cadence
76,1.182781,0.016426,Tick,live-sample,true,0xF13000007A015EA7,,server,,unchecked,unchecked,none,58.806297,1.7197416,1.7197416,26,Ready1H,1.1006349,,,,26->26:Exact,none; server owns swing cadence
77,1.200431,0.017650,Tick,live-sample,true,0xF13000007A015EA7,,server,,unchecked,unchecked,none,58.806297,1.7197416,1.7197416,26,Ready1H,1.1182853,,,,26->26:Exact,none; server owns swing cadence
78,1.216231,0.015800,Tick,live-sample,true,0xF13000007A015EA7,,server,,unchecked,unchecked,none,58.806297,1.7197416,1.7197416,26,Ready1H,1.134085,,,,26->26:Exact,none; server owns swing cadence
79,1.232817,0.016586,Tick,live-sample,true,0xF13000007A015EA7,,server,,unchecked,unchecked,none,58.806297,1.7197416,1.7197416,26,Ready1H,1.1506709,,,,26->26:Exact,none; server owns swing cadence
80,1.249407,0.016591,Tick,live-sample,true,0xF13000007A015EA7,,server,,unchecked,unchecked,none,58.806297,1.7197416,1.7197416,26,Ready1H,1.1672614,,,,26->26:Exact,none; server owns swing cadence
81,1.266295,0.016888,Tick,live-sample,true,0xF13000007A015EA7,,server,,unchecked,unchecked,none,58.806297,1.7197416,1.7197416,26,Ready1H,1.1841489,,,,26->26:Exact,none; server owns swing cadence
82,1.283045,0.016750,Tick,live-sample,true,0xF13000007A015EA7,,server,,unchecked,unchecked,none,58.806297,1.7197416,1.7197416,26,Ready1H,1.200899,,,,26->26:Exact,none; server owns swing cadence
83,1.299552,0.016507,Tick,live-sample,true,0xF13000007A015EA7,,server,,unchecked,unchecked,none,58.806297,1.7197416,1.7197416,26,Ready1H,1.2174056,,,,26->26:Exact,none; server owns swing cadence
84,1.316161,0.016609,Tick,live-sample,true,0xF13000007A015EA7,,server,,unchecked,unchecked,none,58.806297,1.7197416,1.7197416,26,Ready1H,1.2340151,,,,26->26:Exact,none; server owns swing cadence
85,1.333004,0.016843,Tick,live-sample,true,0xF13000007A015EA7,,server,,unchecked,unchecked,none,58.806297,1.7197416,1.7197416,26,Ready1H,1.250858,,,,26->26:Exact,none; server owns swing cadence
86,1.349556,0.016552,Tick,live-sample,true,0xF13000007A015EA7,,server,,unchecked,unchecked,none,58.806297,1.7197416,1.7197416,26,Ready1H,1.2674102,,,,26->26:Exact,none; server owns swing cadence
87,1.366144,0.016587,Tick,live-sample,true,0xF13000007A015EA7,,server,,unchecked,unchecked,none,58.806297,1.7197416,1.7197416,26,Ready1H,1.2839975,,,,26->26:Exact,none; server owns swing cadence
88,1.382885,0.016742,Tick,live-sample,true,0xF13000007A015EA7,,server,,unchecked,unchecked,none,58.806297,1.7197416,1.7197416,26,Ready1H,1.3007393,,,,26->26:Exact,none; server owns swing cadence
89,1.401029,0.018143,Tick,live-sample,true,0xF13000007A015EA7,,server,,unchecked,unchecked,none,58.806297,1.7197416,1.7197416,26,Ready1H,1.3188826,,,,26->26:Exact,none; server owns swing cadence
90,1.416209,0.015181,Tick,live-sample,true,0xF13000007A015EA7,,server,,unchecked,unchecked,none,58.806297,1.7197416,1.7197416,26,Ready1H,1.3340634,,,,26->26:Exact,none; server owns swing cadence
91,1.432958,0.016748,Tick,live-sample,true,0xF13000007A015EA7,,server,,unchecked,unchecked,none,58.806297,1.7197416,1.7197416,26,Ready1H,1.3508116,,,,26->26:Exact,none; server owns swing cadence
92,1.449619,0.016661,Tick,live-sample,true,0xF13000007A015EA7,,server,,unchecked,unchecked,none,58.806297,1.7197416,1.7197416,26,Ready1H,1.3674726,,,,26->26:Exact,none; server owns swing cadence
93,1.466121,0.016502,Tick,live-sample,true,0xF13000007A015EA7,,server,,unchecked,unchecked,none,58.806297,1.7197416,1.7197416,26,Ready1H,1.3839749,,,,26->26:Exact,none; server owns swing cadence
94,1.483084,0.016963,Tick,live-sample,true,0xF13000007A015EA7,,server,,unchecked,unchecked,none,58.806297,1.7197416,1.7197416,26,Ready1H,1.4009382,,,,26->26:Exact,none; server owns swing cadence
95,1.500896,0.017811,Tick,live-sample,true,0xF13000007A015EA7,,server,,unchecked,unchecked,none,58.806297,1.7197416,1.7197416,26,Ready1H,1.4187497,,,,26->26:Exact,none; server owns swing cadence
96,1.516629,0.015733,Tick,live-sample,true,0xF13000007A015EA7,,server,,unchecked,unchecked,none,58.806297,1.7197416,1.7197416,26,Ready1H,1.4344828,,,,26->26:Exact,none; server owns swing cadence
97,1.533005,0.016376,Tick,live-sample,true,0xF13000007A015EA7,,server,,unchecked,unchecked,none,58.806297,1.7197416,1.7197416,26,Ready1H,1.4508593,,,,26->26:Exact,none; server owns swing cadence
98,1.549842,0.016836,Tick,live-sample,true,0xF13000007A015EA7,,server,,unchecked,unchecked,none,58.806297,1.7197416,1.7197416,26,Ready1H,1.4676956,,,,26->26:Exact,none; server owns swing cadence
99,1.566612,0.016771,Tick,live-sample,true,0xF13000007A015EA7,,server,,unchecked,unchecked,none,58.806297,1.7197416,1.7197416,26,Ready1H,1.4844662,,,,26->26:Exact,none; server owns swing cadence
100,1.583177,0.016565,Tick,live-sample,true,0xF13000007A015EA7,,server,,unchecked,unchecked,none,58.806297,1.7197416,1.7197416,26,Ready1H,1.5010312,,,,26->26:Exact,none; server owns swing cadence
101,1.601021,0.017844,Tick,live-sample,true,0xF13000007A015EA7,,server,,unchecked,unchecked,none,58.806297,1.7197416,1.7197416,26,Ready1H,1.518875,,,,26->26:Exact,none; server owns swing cadence
102,1.616649,0.015628,Tick,live-sample,true,0xF13000007A015EA7,,server,,unchecked,unchecked,none,58.806297,1.7197416,1.7197416,26,Ready1H,1.5345027,,,,26->26:Exact,none; server owns swing cadence
103,1.633389,0.016740,Tick,live-sample,true,0xF13000007A015EA7,,server,,unchecked,unchecked,none,58.806297,1.7197416,1.7197416,26,Ready1H,1.5512427,,,,26->26:Exact,none; server owns swing cadence
104,1.650134,0.016745,Tick,live-sample,true,0xF13000007A015EA7,,server,,unchecked,unchecked,none,58.806297,1.7197416,1.7197416,26,Ready1H,1.5679878,,,,26->26:Exact,none; server owns swing cadence
105,1.666599,0.016465,Tick,live-sample,true,0xF13000007A015EA7,,server,,unchecked,unchecked,none,58.806297,1.7197416,1.7197416,26,Ready1H,1.584453,,,,26->26:Exact,none; server owns swing cadence
106,1.683319,0.016720,Tick,live-sample,true,0xF13000007A015EA7,,server,,unchecked,unchecked,none,58.806297,1.7197416,1.7197416,26,Ready1H,1.601173,,,,26->26:Exact,none; server owns swing cadence
107,1.700947,0.017628,Tick,live-sample,true,0xF13000007A015EA7,,server,,unchecked,unchecked,none,58.806297,1.7197416,1.7197416,26,Ready1H,1.6188012,,,,26->26:Exact,none; server owns swing cadence
108,1.716783,0.015836,Tick,live-sample,true,0xF13000007A015EA7,,server,,unchecked,unchecked,none,58.806297,1.7197416,1.7197416,26,Ready1H,1.6346372,,,,26->26:Exact,none; server owns swing cadence
109,1.733524,0.016740,Tick,live-sample,true,0xF13000007A015EA7,,server,,unchecked,unchecked,none,58.806297,1.7197416,1.7197416,26,Ready1H,1.6513776,,,,26->26:Exact,none; server owns swing cadence
110,1.750007,0.016483,Tick,live-sample,true,0xF13000007A015EA7,,server,,unchecked,unchecked,none,58.806297,1.7197416,1.7197416,26,Ready1H,1.6678605,,,,26->26:Exact,none; server owns swing cadence
111,1.766757,0.016750,Tick,live-sample,true,0xF13000007A015EA7,,server,,unchecked,unchecked,none,58.806297,1.7197416,1.7197416,26,Ready1H,1.684611,,,,26->26:Exact,none; server owns swing cadence
112,1.783423,0.016666,Tick,live-sample,true,0xF13000007A015EA7,,server,,unchecked,unchecked,none,58.806297,1.7197416,1.7197416,26,Ready1H,1.7012769,,,,26->26:Exact,none; server owns swing cadence
113,1.800083,0.016660,Tick,live-sample,true,0xF13000007A015EA7,,server,,unchecked,unchecked,none,58.806297,1.7197416,1.7197416,26,Ready1H,1.717937,,,,26->26:Exact,none; server owns swing cadence
114,1.816784,0.016701,Tick,live-sample,true,0xF13000007A015EA7,,server,,unchecked,unchecked,none,58.806297,1.7197416,1.7197416,26,Ready1H,1.7346377,,,,26->26:Exact,none; server owns swing cadence
115,1.833374,0.016591,Tick,live-sample,true,0xF13000007A015EA7,,server,,unchecked,unchecked,none,58.806297,1.7197416,1.7197416,26,Ready1H,1.7512282,,,,26->26:Exact,none; server owns swing cadence
116,1.850018,0.016643,Tick,live-sample,true,0xF13000007A015EA7,,server,,unchecked,unchecked,none,58.806297,1.7197416,1.7197416,26,Ready1H,1.7678716,,,,26->26:Exact,none; server owns swing cadence
117,1.866773,0.016755,Tick,live-sample,true,0xF13000007A015EA7,,server,,unchecked,unchecked,none,58.806297,1.7197416,1.7197416,26,Ready1H,1.7846264,,,,26->26:Exact,none; server owns swing cadence
118,1.883382,0.016610,Tick,live-sample,true,0xF13000007A015EA7,,server,,unchecked,unchecked,none,58.806297,1.7197416,1.7197416,26,Ready1H,1.801236,,,,26->26:Exact,none; server owns swing cadence
119,1.901529,0.018147,Tick,live-sample,true,0xF13000007A015EA7,,server,,unchecked,unchecked,none,58.806297,1.7197416,1.7197416,26,Ready1H,1.8193831,,,,26->26:Exact,none; server owns swing cadence
120,1.916812,0.015283,Tick,live-sample,true,0xF13000007A015EA7,,server,,unchecked,unchecked,none,58.806297,1.7197416,1.7197416,26,Ready1H,1.8346663,,,,26->26:Exact,none; server owns swing cadence
121,1.933407,0.016595,Tick,live-sample,true,0xF13000007A015EA7,,server,,unchecked,unchecked,none,58.806297,1.7197416,1.7197416,26,Ready1H,1.8512611,,,,26->26:Exact,none; server owns swing cadence
122,1.950181,0.016774,Tick,live-sample,true,0xF13000007A015EA7,,server,,unchecked,unchecked,none,58.806297,1.7197416,1.7197416,26,Ready1H,1.8680351,,,,26->26:Exact,none; server owns swing cadence
123,1.966878,0.016697,Tick,live-sample,true,0xF13000007A015EA7,,server,,unchecked,unchecked,none,58.806297,1.7197416,1.7197416,26,Ready1H,1.8847321,,,,26->26:Exact,none; server owns swing cadence
124,1.983336,0.016457,Tick,live-sample,true,0xF13000007A015EA7,,server,,unchecked,unchecked,none,58.806297,1.7197416,1.7197416,26,Ready1H,1.9011894,,,,26->26:Exact,none; server owns swing cadence
125,2.001695,0.018360,Tick,live-sample,true,0xF13000007A015EA7,,server,,unchecked,unchecked,none,58.806297,1.7197416,1.7197416,26,Ready1H,1.9195491,,,,26->26:Exact,none; server owns swing cadence
126,2.016881,0.015186,Tick,live-sample,true,0xF13000007A015EA7,,server,,unchecked,unchecked,none,58.806297,1.7197416,1.7197416,26,Ready1H,1.9347353,,,,26->26:Exact,none; server owns swing cadence
127,2.033421,0.016539,Tick,live-sample,true,0xF13000007A015EA7,,server,,unchecked,unchecked,none,58.806297,1.771702,1.771702,26,Ready1H,1.9512748,,,,26->26:Exact,none; server owns swing cadence
128,2.050235,0.016814,Tick,live-sample,true,0xF13000007A015EA7,,server,,unchecked,unchecked,none,58.806297,-4.458662,-4.458662,26,Ready1H,1.9680885,,,,26->26:Exact,none; server owns swing cadence
129,2.067012,0.016777,Tick,live-sample,true,0xF13000007A015EA7,,server,,unchecked,unchecked,none,58.806297,-4.4059544,-4.4059544,26,Ready1H,1.9848659,,,,26->26:Exact,none; server owns swing cadence
130,2.083817,0.016805,Tick,live-sample,true,0xF13000007A015EA7,,server,,unchecked,unchecked,none,58.806297,-4.353161,-4.353161,26,Ready1H,2.0016706,,,,26->26:Exact,none; server owns swing cadence
131,2.101202,0.017385,Tick,live-sample,true,0xF13000007A015EA7,,server,,unchecked,unchecked,none,58.806297,-4.298542,-4.298542,26,Ready1H,2.019056,,,,26->26:Exact,none; server owns swing cadence
132,2.116884,0.015682,Tick,live-sample,true,0xF13000007A015EA7,,server,,unchecked,unchecked,none,58.806297,-4.249275,-4.249275,26,Ready1H,2.034738,,,,26->26:Exact,none; server owns swing cadence
133,2.133802,0.016918,Tick,live-sample,true,0xF13000007A015EA7,,server,,unchecked,unchecked,none,58.806297,-4.196126,-4.196126,26,Ready1H,2.051656,,,,26->26:Exact,none; server owns swing cadence
134,2.150306,0.016504,Tick,live-sample,true,0xF13000007A015EA7,,server,,unchecked,unchecked,none,58.806297,-4.1442776,-4.1442776,26,Ready1H,2.0681598,,,,26->26:Exact,none; server owns swing cadence
135,2.167066,0.016760,Tick,live-sample,true,0xF13000007A015EA7,,server,,unchecked,unchecked,none,58.806297,-4.091625,-4.091625,26,Ready1H,2.0849197,,,,26->26:Exact,none; server owns swing cadence
136,2.183642,0.016576,Tick,live-sample,true,0xF13000007A015EA7,,server,,unchecked,unchecked,none,58.806297,-4.039551,-4.039551,26,Ready1H,2.1014955,,,,26->26:Exact,none; server owns swing cadence
137,2.200258,0.016616,Tick,live-sample,true,0xF13000007A015EA7,,server,,unchecked,unchecked,none,58.806297,-3.9873502,-3.9873502,26,Ready1H,2.1181116,,,,26->26:Exact,none; server owns swing cadence
138,2.217082,0.016825,Tick,live-sample,true,0xF13000007A015EA7,,server,,unchecked,unchecked,none,58.806297,-3.9344938,-3.9344938,26,Ready1H,2.1349363,,,,26->26:Exact,none; server owns swing cadence
139,2.233749,0.016667,Tick,live-sample,true,0xF13000007A015EA7,,server,,unchecked,unchecked,none,58.806297,-3.8821332,-3.8821332,26,Ready1H,2.1516032,,,,26->26:Exact,none; server owns swing cadence
140,2.250376,0.016627,Tick,live-sample,true,0xF13000007A015EA7,,server,,unchecked,unchecked,none,58.806297,-3.8298967,-3.8298967,26,Ready1H,2.1682305,,,,26->26:Exact,none; server owns swing cadence
141,2.267070,0.016693,Tick,live-sample,true,0xF13000007A015EA7,,server,,unchecked,unchecked,none,58.806297,-3.7774522,-3.7774522,26,Ready1H,2.184924,,,,26->26:Exact,none; server owns swing cadence
142,2.283691,0.016621,Tick,live-sample,true,0xF13000007A015EA7,,server,,unchecked,unchecked,none,58.806297,-3.7252357,-3.7252357,26,Ready1H,2.201545,,,,26->26:Exact,none; server owns swing cadence
143,2.301909,0.018218,Tick,live-sample,true,0xF13000007A015EA7,,server,,unchecked,unchecked,none,58.806297,-3.6680028,-3.6680028,26,Ready1H,2.219763,,,,26->26:Exact,none; server owns swing cadence
144,2.317015,0.015106,Tick,live-sample,true,0xF13000007A015EA7,,server,,unchecked,unchecked,none,58.806297,-3.6205451,-3.6205451,26,Ready1H,2.2348692,,,,26->26:Exact,none; server owns swing cadence
145,2.333752,0.016737,Tick,live-sample,true,0xF13000007A015EA7,,server,,unchecked,unchecked,none,58.806297,-3.5679624,-3.5679624,26,Ready1H,2.2516067,,,,26->26:Exact,none; server owns swing cadence
146,2.350396,0.016643,Tick,live-sample,true,0xF13000007A015EA7,,server,,unchecked,unchecked,none,58.806297,-3.5156753,-3.5156753,26,Ready1H,2.2682502,,,,26->26:Exact,none; server owns swing cadence
147,2.366995,0.016599,Tick,live-sample,true,0xF13000007A015EA7,,server,,unchecked,unchecked,none,58.806297,-3.4635293,-3.4635293,26,Ready1H,2.284849,,,,26->26:Exact,none; server owns swing cadence
148,2.383755,0.016760,Tick,live-sample,true,0xF13000007A015EA7,,server,,unchecked,unchecked,none,58.806297,-3.410875,-3.410875,26,Ready1H,2.3016093,,,,26->26:Exact,none; server owns swing cadence
149,2.401809,0.018054,Tick,live-sample,true,0xF13000007A015EA7,,server,,unchecked,unchecked,none,58.806297,-3.3541563,-3.3541563,26,Ready1H,2.3196633,,,,26->26:Exact,none; server owns swing cadence
150,2.417032,0.015223,Tick,live-sample,true,0xF13000007A015EA7,,server,,unchecked,unchecked,none,58.806297,-3.3063314,-3.3063314,26,Ready1H,2.334886,,,,26->26:Exact,none; server owns swing cadence
151,2.433746,0.016714,Tick,live-sample,true,0xF13000007A015EA7,,server,,unchecked,unchecked,none,58.806297,-3.253823,-3.253823,26,Ready1H,2.3516,,,,26->26:Exact,none; server owns swing cadence
152,2.450542,0.016796,Tick,live-sample,true,0xF13000007A015EA7,,server,,unchecked,unchecked,none,58.806297,-3.2010572,-3.2010572,26,Ready1H,2.3683958,,,,26->26:Exact,none; server owns swing cadence
153,2.467146,0.016604,Tick,live-sample,true,0xF13000007A015EA7,,server,,unchecked,unchecked,none,58.806297,-3.148894,-3.148894,26,Ready1H,2.3849998,,,,26->26:Exact,none; server owns swing cadence
154,2.483920,0.016774,Tick,live-sample,true,0xF13000007A015EA7,,server,,unchecked,unchecked,none,58.806297,-3.096197,-3.096197,26,Ready1H,2.401774,,,,26->26:Exact,none; server owns swing cadence
155,2.500929,0.017009,Tick,live-sample,true,0xF13000007A015EA7,,server,,unchecked,unchecked,none,58.806297,-3.0427616,-3.0427616,26,Ready1H,2.418783,,,,26->26:Exact,none; server owns swing cadence
156,2.500929,0.000000,AnimChoice,animator,true,0xF13000007A015EA7,,server,,unchecked,unchecked,none,58.806297,-2.9911964,-2.9911964,26,Ready1H,2.418783,,,,12->12:Exact,track=0 requested=12 played=12 kind=Exact base=26:Ready1H clipB= blendWeight=0
157,2.517343,0.016414,Tick,live-sample,true,0xF13000007A015EA7,,server,,unchecked,unchecked,none,58.806297,-2.9911964,-2.9911964,12,ShuffleRight,0.0164137,Ready1H,2.4351966,0.012365639,12->12:Exact,none; server owns swing cadence
158,2.534417,0.017074,Tick,live-sample,true,0xF13000007A015EA7,,server,,unchecked,unchecked,none,58.806297,-2.937556,-2.937556,12,ShuffleRight,0.0334879,Ready1H,2.4522707,0.049022138,12->12:Exact,none; server owns swing cadence
159,2.550726,0.016309,Tick,live-sample,true,0xF13000007A015EA7,,server,,unchecked,unchecked,none,58.806297,-2.886318,-2.886318,12,ShuffleRight,0.0497974,Ready1H,2.4685802,0.103223205,12->12:Exact,none; server owns swing cadence
160,2.567103,0.016377,Tick,live-sample,true,0xF13000007A015EA7,,server,,unchecked,unchecked,none,58.806297,-2.8348691,-2.8348691,12,ShuffleRight,0.066174105,Ready1H,2.484957,0.17310113,12->12:Exact,none; server owns swing cadence
161,2.583623,0.016520,Tick,live-sample,true,0xF13000007A015EA7,,server,,unchecked,unchecked,none,58.806297,-2.7829702,-2.7829702,12,ShuffleRight,0.082694106,Ready1H,2.501477,0.25585657,12->12:Exact,none; server owns swing cadence
162,2.600450,0.016827,Tick,live-sample,true,0xF13000007A015EA7,,server,,unchecked,unchecked,none,58.806297,-2.730106,-2.730106,12,ShuffleRight,0.09952131,Ready1H,2.518304,0.34924483,12->12:Exact,none; server owns swing cadence
163,2.617214,0.016764,Tick,live-sample,true,0xF13000007A015EA7,,server,,unchecked,unchecked,none,58.806297,-2.6774423,-2.6774423,12,ShuffleRight,0.11628481,Ready1H,2.5350676,0.44779348,12->12:Exact,none; server owns swing cadence
164,2.633987,0.016773,Tick,live-sample,true,0xF13000007A015EA7,,server,,unchecked,unchecked,none,58.806297,-2.624748,-2.624748,12,ShuffleRight,0.13305771,Ready1H,2.5518405,0.54827917,12->12:Exact,none; server owns swing cadence
165,2.650657,0.016671,Tick,live-sample,true,0xF13000007A015EA7,,server,,unchecked,unchecked,none,58.806297,-2.572376,-2.572376,12,ShuffleRight,0.14972831,Ready1H,2.5685112,0.6464342,12->12:Exact,none; server owns swing cadence
166,2.667289,0.016632,Tick,live-sample,true,0xF13000007A015EA7,,server,,unchecked,unchecked,none,58.806297,-2.5201242,-2.5201242,12,ShuffleRight,0.16636062,Ready1H,2.5851436,0.73910683,12->12:Exact,none; server owns swing cadence
167,2.684159,0.016870,Tick,live-sample,true,0xF13000007A015EA7,,server,,unchecked,unchecked,none,58.806297,-2.4671257,-2.4671257,12,ShuffleRight,0.18323052,Ready1H,2.6020133,0.8241097,12->12:Exact,none; server owns swing cadence
168,2.701587,0.017428,Tick,live-sample,true,0xF13000007A015EA7,,server,,unchecked,unchecked,none,58.806297,-2.4123743,-2.4123743,12,ShuffleRight,0.20065852,Ready1H,2.6194413,0.89851606,12->12:Exact,none; server owns swing cadence
169,2.717427,0.015840,Tick,live-sample,true,0xF13000007A015EA7,,server,,unchecked,unchecked,none,58.806297,-2.3626125,-2.3626125,12,ShuffleRight,0.2164981,Ready1H,2.6352808,0.9509389,12->12:Exact,none; server owns swing cadence
170,2.734056,0.016629,Tick,live-sample,true,0xF13000007A015EA7,,server,,unchecked,unchecked,none,58.806297,-2.3103693,-2.3103693,12,ShuffleRight,0.2331275,Ready1H,2.6519103,0.9869501,12->12:Exact,none; server owns swing cadence
171,2.750710,0.016653,Tick,live-sample,true,0xF13000007A015EA7,,server,,unchecked,unchecked,none,58.806297,-2.2580507,-2.2580507,12,ShuffleRight,0.24978091,Ready1H,2.6685636,0.9999977,12->12:Exact,none; server owns swing cadence
172,2.767294,0.016585,Tick,live-sample,true,0xF13000007A015EA7,,server,,unchecked,unchecked,none,58.806297,-2.2059486,-2.2059486,12,ShuffleRight,0.2663655,,,,12->12:Exact,none; server owns swing cadence
173,2.784063,0.016769,Tick,live-sample,true,0xF13000007A015EA7,,server,,unchecked,unchecked,none,58.806297,-2.1532676,-2.1532676,12,ShuffleRight,0.2831344,,,,12->12:Exact,none; server owns swing cadence
174,2.800758,0.016695,Tick,live-sample,true,0xF13000007A015EA7,,server,,unchecked,unchecked,none,58.806297,-2.1008184,-2.1008184,12,ShuffleRight,0.2998295,,,,12->12:Exact,none; server owns swing cadence
175,2.817694,0.016936,Tick,live-sample,true,0xF13000007A015EA7,,server,,unchecked,unchecked,none,58.806297,-2.047613,-2.047613,12,ShuffleRight,0.3167653,,,,12->12:Exact,none; server owns swing cadence
176,2.833976,0.016282,Tick,live-sample,true,0xF13000007A015EA7,,server,,unchecked,unchecked,none,58.806297,-1.9964616,-1.9964616,12,ShuffleRight,0.33304742,,,,12->12:Exact,none; server owns swing cadence
177,2.850592,0.016616,Tick,live-sample,true,0xF13000007A015EA7,,server,,unchecked,unchecked,none,58.806297,-1.9442613,-1.9442613,12,ShuffleRight,0.34966332,,,,12->12:Exact,none; server owns swing cadence
178,2.867369,0.016777,Tick,live-sample,true,0xF13000007A015EA7,,server,,unchecked,unchecked,none,58.806297,-1.8915565,-1.8915565,12,ShuffleRight,0.36643982,,,,12->12:Exact,none; server owns swing cadence
179,2.884029,0.016660,Tick,live-sample,true,0xF13000007A015EA7,,server,,unchecked,unchecked,none,58.806297,-1.839216,-1.839216,12,ShuffleRight,0.3831002,,,,12->12:Exact,none; server owns swing cadence
180,2.901622,0.017593,Tick,live-sample,true,0xF13000007A015EA7,,server,,unchecked,unchecked,none,58.806297,-1.7839468,-1.7839468,12,ShuffleRight,0.400693,,,,12->12:Exact,none; server owns swing cadence
181,2.917563,0.015941,Tick,live-sample,true,0xF13000007A015EA7,,server,,unchecked,unchecked,none,58.806297,-1.7338655,-1.7338655,12,ShuffleRight,0.4166343,,,,12->12:Exact,none; server owns swing cadence
182,2.934131,0.016568,Tick,live-sample,true,0xF13000007A015EA7,,server,,unchecked,unchecked,none,58.806297,-1.6818149,-1.6818149,12,ShuffleRight,0.4332026,,,,12->12:Exact,none; server owns swing cadence
183,2.950719,0.016587,Tick,live-sample,true,0xF13000007A015EA7,,server,,unchecked,unchecked,none,58.806297,-1.6297052,-1.6297052,12,ShuffleRight,0.4497898,,,,12->12:Exact,none; server owns swing cadence
184,2.967554,0.016835,Tick,live-sample,true,0xF13000007A015EA7,,server,,unchecked,unchecked,none,58.806297,-1.5768163,-1.5768163,12,ShuffleRight,0.46662468,,,,12->12:Exact,none; server owns swing cadence
185,2.984126,0.016572,Tick,live-sample,true,0xF13000007A015EA7,,server,,unchecked,unchecked,none,58.806297,-1.5247533,-1.5247533,12,ShuffleRight,0.48319677,,,,12->12:Exact,none; server owns swing cadence
186,3.000873,0.016748,Tick,live-sample,true,0xF13000007A015EA7,,server,,unchecked,unchecked,none,58.806297,-1.4721391,-1.4721391,12,ShuffleRight,0.49994448,,,,12->12:Exact,none; server owns swing cadence
187,3.017526,0.016652,Tick,live-sample,true,0xF13000007A015EA7,,server,,unchecked,unchecked,none,58.806297,-1.4198244,-1.4198244,12,ShuffleRight,0.5165968,,,,12->12:Exact,none; server owns swing cadence
188,3.034255,0.016729,Tick,live-sample,true,0xF13000007A015EA7,,server,,unchecked,unchecked,none,58.806297,-1.3672683,-1.3672683,12,ShuffleRight,0.5333259,,,,12->12:Exact,none; server owns swing cadence
189,3.050910,0.016655,Tick,live-sample,true,0xF13000007A015EA7,,server,,unchecked,unchecked,none,58.806297,-1.3672683,-1.3672683,12,ShuffleRight,0.5499807,,,,12->12:Exact,none; server owns swing cadence
190,3.067511,0.016601,Tick,live-sample,true,0xF13000007A015EA7,,server,,unchecked,unchecked,none,58.806297,-1.3672683,-1.3672683,12,ShuffleRight,0.5665822,,,,12->12:Exact,none; server owns swing cadence
191,3.084261,0.016750,Tick,live-sample,true,0xF13000007A015EA7,,server,,unchecked,unchecked,none,58.806297,-1.3672683,-1.3672683,12,ShuffleRight,0.5833322,,,,12->12:Exact,none; server owns swing cadence
192,3.101786,0.017525,Tick,live-sample,true,0xF13000007A015EA7,,server,,unchecked,unchecked,none,58.806297,-1.3672683,-1.3672683,12,ShuffleRight,0.60085726,,,,12->12:Exact,none; server owns swing cadence
193,3.101786,0.000000,AnimChoice,animator,true,0xF13000007A015EA7,,server,,unchecked,unchecked,none,58.806297,-1.3672683,-1.3672683,12,ShuffleRight,0.60085726,,,,26->26:Exact,track=0 requested=26 played=26 kind=Exact base=12:ShuffleRight clipB= blendWeight=0
194,3.117588,0.015801,Tick,live-sample,true,0xF13000007A015EA7,,server,,unchecked,unchecked,none,58.806297,-1.3672683,-1.3672683,26,Ready1H,0.0158014,ShuffleRight,0.6166587,0.030953288,26->26:Exact,none; server owns swing cadence
195,3.134160,0.016573,Tick,live-sample,true,0xF13000007A015EA7,,server,,unchecked,unchecked,none,58.806297,-1.3672683,-1.3672683,26,Ready1H,0.032374002,ShuffleRight,0.6332313,0.119636595,26->26:Exact,none; server owns swing cadence
196,3.151002,0.016842,Tick,live-sample,true,0xF13000007A015EA7,,server,,unchecked,unchecked,none,58.806297,-1.3672683,-1.3672683,26,Ready1H,0.049216103,ShuffleRight,0.6500734,0.25231886,26->26:Exact,none; server owns swing cadence
197,3.167612,0.016610,Tick,live-sample,true,0xF13000007A015EA7,,server,,unchecked,unchecked,none,58.806297,-1.3672683,-1.3672683,26,Ready1H,0.0658259,ShuffleRight,0.6666832,0.40871662,26->26:Exact,none; server owns swing cadence
198,3.184558,0.016946,Tick,live-sample,true,0xF13000007A015EA7,,server,,unchecked,unchecked,none,58.806297,-1.3672683,-1.3672683,26,Ready1H,0.0827719,ShuffleRight,0.6836292,0.57744086,26->26:Exact,none; server owns swing cadence
199,3.202922,0.018364,Tick,live-sample,true,0xF13000007A015EA7,,server,,unchecked,unchecked,none,58.806297,-1.3672683,-1.3672683,26,Ready1H,0.101136,ShuffleRight,0.7019933,0.75078034,26->26:Exact,none; server owns swing cadence
200,3.217816,0.014894,Tick,live-sample,true,0xF13000007A015EA7,,server,,unchecked,unchecked,none,58.806297,-1.3672683,-1.3672683,26,Ready1H,0.1160296,ShuffleRight,0.7168869,0.86936545,26->26:Exact,none; server owns swing cadence
201,3.234170,0.016354,Tick,live-sample,true,0xF13000007A015EA7,,server,,unchecked,unchecked,none,58.806297,-1.3672683,-1.3672683,26,Ready1H,0.1323834,ShuffleRight,0.73324066,0.9618606,26->26:Exact,none; server owns swing cadence
202,3.251137,0.016967,Tick,live-sample,true,0xF13000007A015EA7,,server,,unchecked,unchecked,none,58.806297,-1.3672683,-1.3672683,26,Ready1H,0.1493504,ShuffleRight,0.75020766,0.9999439,26->26:Exact,none; server owns swing cadence
203,3.267889,0.016752,Tick,live-sample,true,0xF13000007A015EA7,,server,,unchecked,unchecked,none,58.806297,-1.3672683,-1.3672683,26,Ready1H,0.1661027,,,,26->26:Exact,none; server owns swing cadence
204,3.284502,0.016613,Tick,live-sample,true,0xF13000007A015EA7,,server,,unchecked,unchecked,none,58.806297,-1.3672683,-1.3672683,26,Ready1H,0.18271561,,,,26->26:Exact,none; server owns swing cadence
205,3.302502,0.018000,Tick,live-sample,true,0xF13000007A015EA7,,server,,unchecked,unchecked,none,58.806297,-1.3672683,-1.3672683,26,Ready1H,0.20071551,,,,26->26:Exact,none; server owns swing cadence
206,3.317801,0.015299,Tick,live-sample,true,0xF13000007A015EA7,,server,,unchecked,unchecked,none,58.806297,-1.3672683,-1.3672683,26,Ready1H,0.21601461,,,,26->26:Exact,none; server owns swing cadence
207,3.334562,0.016761,Tick,live-sample,true,0xF13000007A015EA7,,server,,unchecked,unchecked,none,58.806297,-1.3672683,-1.3672683,26,Ready1H,0.23277591,,,,26->26:Exact,none; server owns swing cadence
208,3.351459,0.016897,Tick,live-sample,true,0xF13000007A015EA7,,server,,unchecked,unchecked,none,58.806297,-1.3672683,-1.3672683,26,Ready1H,0.24967311,,,,26->26:Exact,none; server owns swing cadence
209,3.367695,0.016236,Tick,live-sample,true,0xF13000007A015EA7,,server,,unchecked,unchecked,none,58.806297,-1.3672683,-1.3672683,26,Ready1H,0.26590902,,,,26->26:Exact,none; server owns swing cadence
210,3.384306,0.016611,Tick,live-sample,true,0xF13000007A015EA7,,server,,unchecked,unchecked,none,58.806297,-1.3672683,-1.3672683,26,Ready1H,0.2825202,,,,26->26:Exact,none; server owns swing cadence
211,3.401563,0.017257,Tick,live-sample,true,0xF13000007A015EA7,,server,,unchecked,unchecked,none,58.806297,-1.3672683,-1.3672683,26,Ready1H,0.2997771,,,,26->26:Exact,none; server owns swing cadence
212,3.418044,0.016481,Tick,live-sample,true,0xF13000007A015EA7,,server,,unchecked,unchecked,none,58.806297,-1.3672683,-1.3672683,26,Ready1H,0.31625777,,,,26->26:Exact,none; server owns swing cadence
213,3.434513,0.016469,Tick,live-sample,true,0xF13000007A015EA7,,server,,unchecked,unchecked,none,58.806297,-1.3672683,-1.3672683,26,Ready1H,0.3327267,,,,26->26:Exact,none; server owns swing cadence
214,3.451100,0.016587,Tick,live-sample,true,0xF13000007A015EA7,,server,,unchecked,unchecked,none,58.806297,-1.3672683,-1.3672683,26,Ready1H,0.3493141,,,,26->26:Exact,none; server owns swing cadence
215,3.467876,0.016776,Tick,live-sample,true,0xF13000007A015EA7,,server,,unchecked,unchecked,none,58.806297,-1.3672683,-1.3672683,26,Ready1H,0.36608988,,,,26->26:Exact,none; server owns swing cadence
216,3.484681,0.016805,Tick,live-sample,true,0xF13000007A015EA7,,server,,unchecked,unchecked,none,58.806297,-1.3672683,-1.3672683,26,Ready1H,0.3828953,,,,26->26:Exact,none; server owns swing cadence
217,3.500977,0.016296,Tick,live-sample,true,0xF13000007A015EA7,,server,,unchecked,unchecked,none,58.806297,-1.3672683,-1.3672683,26,Ready1H,0.3991913,,,,26->26:Exact,none; server owns swing cadence
218,3.517969,0.016992,Tick,live-sample,true,0xF13000007A015EA7,,server,,unchecked,unchecked,none,58.806297,-1.3672683,-1.3672683,26,Ready1H,0.4161832,,,,26->26:Exact,none; server owns swing cadence
219,3.534574,0.016604,Tick,live-sample,true,0xF13000007A015EA7,,server,,unchecked,unchecked,none,58.806297,-1.3672683,-1.3672683,26,Ready1H,0.4327876,,,,26->26:Exact,none; server owns swing cadence
220,3.551312,0.016738,Tick,live-sample,true,0xF13000007A015EA7,,server,,unchecked,unchecked,none,58.806297,-1.3672683,-1.3672683,26,Ready1H,0.44952568,,,,26->26:Exact,none; server owns swing cadence
221,3.567940,0.016628,Tick,live-sample,true,0xF13000007A015EA7,,server,,unchecked,unchecked,none,58.806297,-1.3672683,-1.3672683,26,Ready1H,0.4661536,,,,26->26:Exact,none; server owns swing cadence
222,3.584600,0.016660,Tick,live-sample,true,0xF13000007A015EA7,,server,,unchecked,unchecked,none,58.806297,-1.3672683,-1.3672683,26,Ready1H,0.4828137,,,,26->26:Exact,none; server owns swing cadence
223,3.602318,0.017718,Tick,live-sample,true,0xF13000007A015EA7,,server,,unchecked,unchecked,none,58.806297,-1.3672683,-1.3672683,26,Ready1H,0.5005315,,,,26->26:Exact,none; server owns swing cadence
224,3.618344,0.016026,Tick,live-sample,true,0xF13000007A015EA7,,server,,unchecked,unchecked,none,58.806297,-1.3672683,-1.3672683,26,Ready1H,0.5165577,,,,26->26:Exact,none; server owns swing cadence
225,3.634731,0.016387,Tick,live-sample,true,0xF13000007A015EA7,,server,,unchecked,unchecked,none,58.806297,-1.3672683,-1.3672683,26,Ready1H,0.5329451,,,,26->26:Exact,none; server owns swing cadence
226,3.651267,0.016536,Tick,live-sample,true,0xF13000007A015EA7,,server,,unchecked,unchecked,none,58.806297,-1.3672683,-1.3672683,26,Ready1H,0.5494812,,,,26->26:Exact,none; server owns swing cadence
227,3.668147,0.016880,Tick,live-sample,true,0xF13000007A015EA7,,server,,unchecked,unchecked,none,58.806297,-1.3672683,-1.3672683,26,Ready1H,0.5663607,,,,26->26:Exact,none; server owns swing cadence
228,3.684853,0.016706,Tick,live-sample,true,0xF13000007A015EA7,,server,,unchecked,unchecked,none,58.806297,-1.3672683,-1.3672683,26,Ready1H,0.583067,,,,26->26:Exact,none; server owns swing cadence
229,3.701159,0.016306,Tick,live-sample,true,0xF13000007A015EA7,,server,,unchecked,unchecked,none,58.806297,-1.3672683,-1.3672683,26,Ready1H,0.5993731,,,,26->26:Exact,none; server owns swing cadence
230,3.718046,0.016887,Tick,live-sample,true,0xF13000007A015EA7,,server,,unchecked,unchecked,none,58.806297,-1.3672683,-1.3672683,26,Ready1H,0.61626023,,,,26->26:Exact,none; server owns swing cadence
231,3.734981,0.016935,Tick,live-sample,true,0xF13000007A015EA7,,server,,unchecked,unchecked,none,58.806297,-1.3672683,-1.3672683,26,Ready1H,0.6331952,,,,26->26:Exact,none; server owns swing cadence
232,3.751386,0.016405,Tick,live-sample,true,0xF13000007A015EA7,,server,,unchecked,unchecked,none,58.806297,-1.3672683,-1.3672683,26,Ready1H,0.6496002,,,,26->26:Exact,none; server owns swing cadence
233,3.768178,0.016791,Tick,live-sample,true,0xF13000007A015EA7,,server,,unchecked,unchecked,none,58.806297,-1.3672683,-1.3672683,26,Ready1H,0.66639143,,,,26->26:Exact,none; server owns swing cadence
234,3.785048,0.016871,Tick,live-sample,true,0xF13000007A015EA7,,server,,unchecked,unchecked,none,58.806297,-1.3672683,-1.3672683,26,Ready1H,0.6832622,,,,26->26:Exact,none; server owns swing cadence
235,3.802282,0.017234,Tick,live-sample,true,0xF13000007A015EA7,,server,,unchecked,unchecked,none,58.806297,-1.3672683,-1.3672683,26,Ready1H,0.70049614,,,,26->26:Exact,none; server owns swing cadence
236,3.818174,0.015892,Tick,live-sample,true,0xF13000007A015EA7,,server,,unchecked,unchecked,none,58.806297,-1.3672683,-1.3672683,26,Ready1H,0.71638775,,,,26->26:Exact,none; server owns swing cadence
237,3.834912,0.016738,Tick,live-sample,true,0xF13000007A015EA7,,server,,unchecked,unchecked,none,58.806297,-1.3672683,-1.3672683,26,Ready1H,0.7331259,,,,26->26:Exact,none; server owns swing cadence
238,3.851712,0.016800,Tick,live-sample,true,0xF13000007A015EA7,,server,,unchecked,unchecked,none,58.806297,-1.3672683,-1.3672683,26,Ready1H,0.74992603,,,,26->26:Exact,none; server owns swing cadence
239,3.868046,0.016334,Tick,live-sample,true,0xF13000007A015EA7,,server,,unchecked,unchecked,none,58.806297,-1.3672683,-1.3672683,26,Ready1H,0.7662603,,,,26->26:Exact,none; server owns swing cadence
240,3.885071,0.017025,Tick,live-sample,true,0xF13000007A015EA7,,server,,unchecked,unchecked,none,58.806297,-1.3672683,-1.3672683,26,Ready1H,0.7832852,,,,26->26:Exact,none; server owns swing cadence
241,3.901590,0.016518,Tick,live-sample,true,0xF13000007A015EA7,,server,,unchecked,unchecked,none,58.806297,-1.3672683,-1.3672683,26,Ready1H,0.7998034,,,,26->26:Exact,none; server owns swing cadence
242,3.918163,0.016574,Tick,live-sample,true,0xF13000007A015EA7,,server,,unchecked,unchecked,none,58.806297,-1.3672683,-1.3672683,26,Ready1H,0.81637716,,,,26->26:Exact,none; server owns swing cadence
243,3.934962,0.016798,Tick,live-sample,true,0xF13000007A015EA7,,server,,unchecked,unchecked,none,58.806297,-1.3672683,-1.3672683,26,Ready1H,0.83317566,,,,26->26:Exact,none; server owns swing cadence
244,3.951741,0.016779,Tick,live-sample,true,0xF13000007A015EA7,,server,,unchecked,unchecked,none,58.806297,-1.3672683,-1.3672683,26,Ready1H,0.84995437,,,,26->26:Exact,none; server owns swing cadence
245,3.968253,0.016512,Tick,live-sample,true,0xF13000007A015EA7,,server,,unchecked,unchecked,none,58.806297,-1.3672683,-1.3672683,26,Ready1H,0.86646676,,,,26->26:Exact,none; server owns swing cadence
246,3.985093,0.016840,Tick,live-sample,true,0xF13000007A015EA7,,server,,unchecked,unchecked,none,58.806297,-1.3672683,-1.3672683,26,Ready1H,0.88330716,,,,26->26:Exact,none; server owns swing cadence
247,4.002817,0.017723,Tick,live-sample,true,0xF13000007A015EA7,,server,,unchecked,unchecked,none,58.806297,-1.3672683,-1.3672683,26,Ready1H,0.90103036,,,,26->26:Exact,none; server owns swing cadence
248,4.018288,0.015472,Tick,live-sample,true,0xF13000007A015EA7,,server,,unchecked,unchecked,none,58.806297,-1.3672683,-1.3672683,26,Ready1H,0.91650224,,,,26->26:Exact,none; server owns swing cadence
249,4.035034,0.016746,Tick,live-sample,true,0xF13000007A015EA7,,server,,unchecked,unchecked,none,58.806297,-1.3672683,-1.3672683,26,Ready1H,0.93324786,,,,26->26:Exact,none; server owns swing cadence
250,4.051691,0.016656,Tick,live-sample,true,0xF13000007A015EA7,,server,,unchecked,unchecked,none,58.806297,-1.3672683,-1.3672683,26,Ready1H,0.9499044,,,,26->26:Exact,none; server owns swing cadence
251,4.068203,0.016512,Tick,live-sample,true,0xF13000007A015EA7,,server,,unchecked,unchecked,none,58.806297,-1.3672683,-1.3672683,26,Ready1H,0.9664166,,,,26->26:Exact,none; server owns swing cadence
252,4.085189,0.016986,Tick,live-sample,true,0xF13000007A015EA7,,server,,unchecked,unchecked,none,58.806297,-1.3672683,-1.3672683,26,Ready1H,0.98340297,,,,26->26:Exact,none; server owns swing cadence
253,4.101707,0.016518,Tick,live-sample,true,0xF13000007A015EA7,,server,,unchecked,unchecked,none,58.806297,-1.3672683,-1.3672683,26,Ready1H,0.99992126,,,,26->26:Exact,none; server owns swing cadence
254,4.118309,0.016602,Tick,live-sample,true,0xF13000007A015EA7,,server,,unchecked,unchecked,none,58.806297,-1.3672683,-1.3672683,26,Ready1H,1.0165232,,,,26->26:Exact,none; server owns swing cadence
255,4.135117,0.016808,Tick,live-sample,true,0xF13000007A015EA7,,server,,unchecked,unchecked,none,58.806297,-1.3672683,-1.3672683,26,Ready1H,1.0333308,,,,26->26:Exact,none; server owns swing cadence
256,4.152130,0.017013,Tick,live-sample,true,0xF13000007A015EA7,,server,,unchecked,unchecked,none,58.806297,-1.3672683,-1.3672683,26,Ready1H,1.0503436,,,,26->26:Exact,none; server owns swing cadence
257,4.168398,0.016268,Tick,live-sample,true,0xF13000007A015EA7,,server,,unchecked,unchecked,none,58.806297,-1.3672683,-1.3672683,26,Ready1H,1.0666114,,,,26->26:Exact,none; server owns swing cadence
258,4.185025,0.016627,Tick,live-sample,true,0xF13000007A015EA7,,server,,unchecked,unchecked,none,58.806297,-1.3672683,-1.3672683,26,Ready1H,1.0832388,,,,26->26:Exact,none; server owns swing cadence
259,4.203353,0.018328,Tick,live-sample,true,0xF13000007A015EA7,,server,,unchecked,unchecked,none,58.806297,-1.3672683,-1.3672683,26,Ready1H,1.1015667,,,,26->26:Exact,none; server owns swing cadence
260,4.218336,0.014983,Tick,live-sample,true,0xF13000007A015EA7,,server,,unchecked,unchecked,none,58.806297,-1.3672683,-1.3672683,26,Ready1H,1.11655,,,,26->26:Exact,none; server owns swing cadence
261,4.235224,0.016888,Tick,live-sample,true,0xF13000007A015EA7,,server,,unchecked,unchecked,none,58.806297,-1.3672683,-1.3672683,26,Ready1H,1.1334381,,,,26->26:Exact,none; server owns swing cadence
262,4.251851,0.016627,Tick,live-sample,true,0xF13000007A015EA7,,server,,unchecked,unchecked,none,58.806297,-1.3672683,-1.3672683,26,Ready1H,1.1500647,,,,26->26:Exact,none; server owns swing cadence
263,4.268603,0.016753,Tick,live-sample,true,0xF13000007A015EA7,,server,,unchecked,unchecked,none,58.806297,-1.3672683,-1.3672683,26,Ready1H,1.1668174,,,,26->26:Exact,none; server owns swing cadence
264,4.285171,0.016568,Tick,live-sample,true,0xF13000007A015EA7,,server,,unchecked,unchecked,none,58.806297,-1.3672683,-1.3672683,26,Ready1H,1.1833849,,,,26->26:Exact,none; server owns swing cadence
265,4.301790,0.016619,Tick,live-sample,true,0xF13000007A015EA7,,server,,unchecked,unchecked,none,58.806297,-1.3672683,-1.3672683,26,Ready1H,1.2000043,,,,26->26:Exact,none; server owns swing cadence
266,4.318426,0.016635,Tick,live-sample,true,0xF13000007A015EA7,,server,,unchecked,unchecked,none,58.806297,-1.3672683,-1.3672683,26,Ready1H,1.2166396,,,,26->26:Exact,none; server owns swing cadence
267,4.335354,0.016928,Tick,live-sample,true,0xF13000007A015EA7,,server,,unchecked,unchecked,none,58.806297,-1.3672683,-1.3672683,26,Ready1H,1.2335675,,,,26->26:Exact,none; server owns swing cadence
268,4.352021,0.016667,Tick,live-sample,true,0xF13000007A015EA7,,server,,unchecked,unchecked,none,58.806297,-1.3672683,-1.3672683,26,Ready1H,1.2502347,,,,26->26:Exact,none; server owns swing cadence
269,4.368437,0.016416,Tick,live-sample,true,0xF13000007A015EA7,,server,,unchecked,unchecked,none,58.806297,-1.3672683,-1.3672683,26,Ready1H,1.2666506,,,,26->26:Exact,none; server owns swing cadence
270,4.385325,0.016889,Tick,live-sample,true,0xF13000007A015EA7,,server,,unchecked,unchecked,none,58.806297,-1.3672683,-1.3672683,26,Ready1H,1.2835394,,,,26->26:Exact,none; server owns swing cadence
271,4.403506,0.018181,Tick,live-sample,true,0xF13000007A015EA7,,server,,unchecked,unchecked,none,58.806297,-1.3672683,-1.3672683,26,Ready1H,1.30172,,,,26->26:Exact,none; server owns swing cadence
272,4.419030,0.015524,Tick,live-sample,true,0xF13000007A015EA7,,server,,unchecked,unchecked,none,58.806297,-1.3672683,-1.3672683,26,Ready1H,1.3172442,,,,26->26:Exact,none; server owns swing cadence
273,4.435172,0.016142,Tick,live-sample,true,0xF13000007A015EA7,,server,,unchecked,unchecked,none,58.806297,-1.3672683,-1.3672683,26,Ready1H,1.3333857,,,,26->26:Exact,none; server owns swing cadence
274,4.451883,0.016711,Tick,live-sample,true,0xF13000007A015EA7,,server,,unchecked,unchecked,none,58.806297,-1.3672683,-1.3672683,26,Ready1H,1.3500967,,,,26->26:Exact,none; server owns swing cadence
275,4.468836,0.016953,Tick,live-sample,true,0xF13000007A015EA7,,server,,unchecked,unchecked,none,58.806297,-1.3672683,-1.3672683,26,Ready1H,1.3670497,,,,26->26:Exact,none; server owns swing cadence
276,4.485278,0.016443,Tick,live-sample,true,0xF13000007A015EA7,,server,,unchecked,unchecked,none,58.806297,-1.3672683,-1.3672683,26,Ready1H,1.3834925,,,,26->26:Exact,none; server owns swing cadence
277,4.502427,0.017149,Tick,live-sample,true,0xF13000007A015EA7,,server,,unchecked,unchecked,none,58.806297,-1.3672683,-1.3672683,26,Ready1H,1.400641,,,,26->26:Exact,none; server owns swing cadence
278,4.518589,0.016162,Tick,live-sample,true,0xF13000007A015EA7,,server,,unchecked,unchecked,none,58.806297,-1.3672683,-1.3672683,26,Ready1H,1.4168031,,,,26->26:Exact,none; server owns swing cadence
279,4.535352,0.016763,Tick,live-sample,true,0xF13000007A015EA7,,server,,unchecked,unchecked,none,58.806297,-1.3672683,-1.3672683,26,Ready1H,1.433566,,,,26->26:Exact,none; server owns swing cadence
280,4.552117,0.016765,Tick,live-sample,true,0xF13000007A015EA7,,server,,unchecked,unchecked,none,58.806297,-1.3672683,-1.3672683,26,Ready1H,1.4503309,,,,26->26:Exact,none; server owns swing cadence
281,4.568655,0.016538,Tick,live-sample,true,0xF13000007A015EA7,,server,,unchecked,unchecked,none,58.806297,-1.3672683,-1.3672683,26,Ready1H,1.4668685,,,,26->26:Exact,none; server owns swing cadence
282,4.585336,0.016681,Tick,live-sample,true,0xF13000007A015EA7,,server,,unchecked,unchecked,none,58.806297,-1.3672683,-1.3672683,26,Ready1H,1.4835501,,,,26->26:Exact,none; server owns swing cadence
283,4.602340,0.017004,Tick,live-sample,true,0xF13000007A015EA7,,server,,unchecked,unchecked,none,58.806297,-1.3672683,-1.3672683,26,Ready1H,1.5005536,,,,26->26:Exact,none; server owns swing cadence
284,4.618963,0.016623,Tick,live-sample,true,0xF13000007A015EA7,,server,,unchecked,unchecked,none,58.806297,-1.3672683,-1.3672683,26,Ready1H,1.5171769,,,,26->26:Exact,none; server owns swing cadence
285,4.635608,0.016645,Tick,live-sample,true,0xF13000007A015EA7,,server,,unchecked,unchecked,none,58.806297,-1.3672683,-1.3672683,26,Ready1H,1.5338218,,,,26->26:Exact,none; server owns swing cadence
286,4.652208,0.016600,Tick,live-sample,true,0xF13000007A015EA7,,server,,unchecked,unchecked,none,58.806297,-1.3672683,-1.3672683,26,Ready1H,1.5504222,,,,26->26:Exact,none; server owns swing cadence
287,4.668785,0.016577,Tick,live-sample,true,0xF13000007A015EA7,,server,,unchecked,unchecked,none,58.806297,-1.3672683,-1.3672683,26,Ready1H,1.5669994,,,,26->26:Exact,none; server owns swing cadence
288,4.685808,0.017023,Tick,live-sample,true,0xF13000007A015EA7,,server,,unchecked,unchecked,none,58.806297,-1.3672683,-1.3672683,26,Ready1H,1.5840222,,,,26->26:Exact,none; server owns swing cadence
289,4.703194,0.017385,Tick,live-sample,true,0xF13000007A015EA7,,server,,unchecked,unchecked,none,58.806297,-1.3672683,-1.3672683,26,Ready1H,1.6014076,,,,26->26:Exact,none; server owns swing cadence
290,4.718756,0.015562,Tick,live-sample,true,0xF13000007A015EA7,,server,,unchecked,unchecked,none,58.806297,-1.3672683,-1.3672683,26,Ready1H,1.6169697,,,,26->26:Exact,none; server owns swing cadence
291,4.735535,0.016780,Tick,live-sample,true,0xF13000007A015EA7,,server,,unchecked,unchecked,none,58.806297,-1.3672683,-1.3672683,26,Ready1H,1.6337494,,,,26->26:Exact,none; server owns swing cadence
292,4.752396,0.016861,Tick,live-sample,true,0xF13000007A015EA7,,server,,unchecked,unchecked,none,58.806297,-1.3672683,-1.3672683,26,Ready1H,1.6506102,,,,26->26:Exact,none; server owns swing cadence
293,4.768954,0.016558,Tick,live-sample,true,0xF13000007A015EA7,,server,,unchecked,unchecked,none,58.806297,-1.3672683,-1.3672683,26,Ready1H,1.6671685,,,,26->26:Exact,none; server owns swing cadence
294,4.785561,0.016606,Tick,live-sample,true,0xF13000007A015EA7,,server,,unchecked,unchecked,none,58.806297,-1.3672683,-1.3672683,26,Ready1H,1.6837748,,,,26->26:Exact,none; server owns swing cadence
295,4.802161,0.016601,Tick,live-sample,true,0xF13000007A015EA7,,server,,unchecked,unchecked,none,58.806297,-1.3672683,-1.3672683,26,Ready1H,1.7003753,,,,26->26:Exact,none; server owns swing cadence
296,4.818947,0.016785,Tick,live-sample,true,0xF13000007A015EA7,,server,,unchecked,unchecked,none,58.806297,-1.3672683,-1.3672683,26,Ready1H,1.7171607,,,,26->26:Exact,none; server owns swing cadence
297,4.835724,0.016777,Tick,live-sample,true,0xF13000007A015EA7,,server,,unchecked,unchecked,none,58.806297,-1.3672683,-1.3672683,26,Ready1H,1.7339379,,,,26->26:Exact,none; server owns swing cadence
298,4.852357,0.016633,Tick,live-sample,true,0xF13000007A015EA7,,server,,unchecked,unchecked,none,58.806297,-1.3672683,-1.3672683,26,Ready1H,1.7505714,,,,26->26:Exact,none; server owns swing cadence
299,4.868951,0.016593,Tick,live-sample,true,0xF13000007A015EA7,,server,,unchecked,unchecked,none,58.806297,-1.3672683,-1.3672683,26,Ready1H,1.7671648,,,,26->26:Exact,none; server owns swing cadence
300,4.886102,0.017151,Tick,live-sample,true,0xF13000007A015EA7,,server,,unchecked,unchecked,none,58.806297,-1.3672683,-1.3672683,26,Ready1H,1.7843163,,,,26->26:Exact,none; server owns swing cadence
301,4.903559,0.017457,Tick,live-sample,true,0xF13000007A015EA7,,server,,unchecked,unchecked,none,58.806297,-1.3672683,-1.3672683,26,Ready1H,1.8017734,,,,26->26:Exact,none; server owns swing cadence
302,4.919131,0.015572,Tick,live-sample,true,0xF13000007A015EA7,,server,,unchecked,unchecked,none,58.806297,-1.3672683,-1.3672683,26,Ready1H,1.8173454,,,,26->26:Exact,none; server owns swing cadence
303,4.935587,0.016456,Tick,live-sample,true,0xF13000007A015EA7,,server,,unchecked,unchecked,none,58.806297,-1.3672683,-1.3672683,26,Ready1H,1.8338014,,,,26->26:Exact,none; server owns swing cadence
304,4.952378,0.016791,Tick,live-sample,true,0xF13000007A015EA7,,server,,unchecked,unchecked,none,58.806297,-1.3672683,-1.3672683,26,Ready1H,1.8505921,,,,26->26:Exact,none; server owns swing cadence
305,4.969218,0.016840,Tick,live-sample,true,0xF13000007A015EA7,,server,,unchecked,unchecked,none,58.806297,-1.3672683,-1.3672683,26,Ready1H,1.867432,,,,26->26:Exact,none; server owns swing cadence
306,4.985923,0.016705,Tick,live-sample,true,0xF13000007A015EA7,,server,,unchecked,unchecked,none,58.806297,-1.3672683,-1.3672683,26,Ready1H,1.8841375,,,,26->26:Exact,none; server owns swing cadence
307,5.002483,0.016560,Tick,live-sample,true,0xF13000007A015EA7,,server,,unchecked,unchecked,none,58.806297,-1.3672683,-1.3672683,26,Ready1H,1.900697,,,,26->26:Exact,none; server owns swing cadence
308,5.019144,0.016662,Tick,live-sample,true,0xF13000007A015EA7,,server,,unchecked,unchecked,none,58.806297,-1.3672683,-1.3672683,26,Ready1H,1.9173586,,,,26->26:Exact,none; server owns swing cadence
309,5.035748,0.016603,Tick,live-sample,true,0xF13000007A015EA7,,server,,unchecked,unchecked,none,58.806297,-1.3672683,-1.3672683,26,Ready1H,1.933962,,,,26->26:Exact,none; server owns swing cadence
310,5.052480,0.016733,Tick,live-sample,true,0xF13000007A015EA7,,server,,unchecked,unchecked,none,58.806297,-1.3672683,-1.3672683,26,Ready1H,1.9506947,,,,26->26:Exact,none; server owns swing cadence
311,5.069253,0.016773,Tick,live-sample,true,0xF13000007A015EA7,,server,,unchecked,unchecked,none,58.806297,-1.3672683,-1.3672683,26,Ready1H,1.9674674,,,,26->26:Exact,none; server owns swing cadence
312,5.085689,0.016435,Tick,live-sample,true,0xF13000007A015EA7,,server,,unchecked,unchecked,none,58.806297,-1.3672683,-1.3672683,26,Ready1H,1.9839027,,,,26->26:Exact,none; server owns swing cadence
313,5.103464,0.017776,Tick,live-sample,true,0xF13000007A015EA7,,server,,unchecked,unchecked,none,58.806297,-1.3672683,-1.3672683,26,Ready1H,2.0016785,,,,26->26:Exact,none; server owns swing cadence
314,5.119172,0.015708,Tick,live-sample,true,0xF13000007A015EA7,,server,,unchecked,unchecked,none,58.806297,-1.3672683,-1.3672683,26,Ready1H,2.0173862,,,,26->26:Exact,none; server owns swing cadence
315,5.135888,0.016716,Tick,live-sample,true,0xF13000007A015EA7,,server,,unchecked,unchecked,none,58.806297,-1.3672683,-1.3672683,26,Ready1H,2.034102,,,,26->26:Exact,none; server owns swing cadence
316,5.152440,0.016553,Tick,live-sample,true,0xF13000007A015EA7,,server,,unchecked,unchecked,none,58.806297,-1.3672683,-1.3672683,26,Ready1H,2.0506546,,,,26->26:Exact,none; server owns swing cadence
317,5.169238,0.016797,Tick,live-sample,true,0xF13000007A015EA7,,server,,unchecked,unchecked,none,58.806297,-1.3672683,-1.3672683,26,Ready1H,2.067452,,,,26->26:Exact,none; server owns swing cadence
318,5.186138,0.016900,Tick,live-sample,true,0xF13000007A015EA7,,server,,unchecked,unchecked,none,58.806297,-1.3672683,-1.3672683,26,Ready1H,2.0843523,,,,26->26:Exact,none; server owns swing cadence
319,5.202654,0.016516,Tick,live-sample,true,0xF13000007A015EA7,,server,,unchecked,unchecked,none,58.806297,-1.3672683,-1.3672683,26,Ready1H,2.100868,,,,26->26:Exact,none; server owns swing cadence
320,5.219093,0.016439,Tick,live-sample,true,0xF13000007A015EA7,,server,,unchecked,unchecked,none,58.806297,-1.3672683,-1.3672683,26,Ready1H,2.1173072,,,,26->26:Exact,none; server owns swing cadence
321,5.235825,0.016732,Tick,live-sample,true,0xF13000007A015EA7,,server,,unchecked,unchecked,none,58.806297,-1.3672683,-1.3672683,26,Ready1H,2.1340387,,,,26->26:Exact,none; server owns swing cadence
322,5.252641,0.016817,Tick,live-sample,true,0xF13000007A015EA7,,server,,unchecked,unchecked,none,58.806297,-1.3672683,-1.3672683,26,Ready1H,2.1508553,,,,26->26:Exact,none; server owns swing cadence
323,5.269410,0.016769,Tick,live-sample,true,0xF13000007A015EA7,,server,,unchecked,unchecked,none,58.806297,-1.3672683,-1.3672683,26,Ready1H,2.167624,,,,26->26:Exact,none; server owns swing cadence
324,5.286144,0.016734,Tick,live-sample,true,0xF13000007A015EA7,,server,,unchecked,unchecked,none,58.806297,-1.3672683,-1.3672683,26,Ready1H,2.1843576,,,,26->26:Exact,none; server owns swing cadence
325,5.303967,0.017823,Tick,live-sample,true,0xF13000007A015EA7,,server,,unchecked,unchecked,none,58.806297,-1.3672683,-1.3672683,26,Ready1H,2.2021809,,,,26->26:Exact,none; server owns swing cadence
326,5.319411,0.015444,Tick,live-sample,true,0xF13000007A015EA7,,server,,unchecked,unchecked,none,58.806297,-1.3672683,-1.3672683,26,Ready1H,2.217625,,,,26->26:Exact,none; server owns swing cadence
327,5.336090,0.016679,Tick,live-sample,true,0xF13000007A015EA7,,server,,unchecked,unchecked,none,58.806297,-1.3672683,-1.3672683,26,Ready1H,2.2343042,,,,26->26:Exact,none; server owns swing cadence
328,5.352617,0.016527,Tick,live-sample,true,0xF13000007A015EA7,,server,,unchecked,unchecked,none,58.806297,-1.3672683,-1.3672683,26,Ready1H,2.250831,,,,26->26:Exact,none; server owns swing cadence
329,5.369406,0.016790,Tick,live-sample,true,0xF13000007A015EA7,,server,,unchecked,unchecked,none,58.806297,-1.3672683,-1.3672683,26,Ready1H,2.2676206,,,,26->26:Exact,none; server owns swing cadence
330,5.386181,0.016774,Tick,live-sample,true,0xF13000007A015EA7,,server,,unchecked,unchecked,none,58.806297,-1.3672683,-1.3672683,26,Ready1H,2.284395,,,,26->26:Exact,none; server owns swing cadence
331,5.403198,0.017017,Tick,live-sample,true,0xF13000007A015EA7,,server,,unchecked,unchecked,none,58.806297,-1.3672683,-1.3672683,26,Ready1H,2.3014123,,,,26->26:Exact,none; server owns swing cadence
332,5.419377,0.016179,Tick,live-sample,true,0xF13000007A015EA7,,server,,unchecked,unchecked,none,58.806297,-1.3672683,-1.3672683,26,Ready1H,2.317591,,,,26->26:Exact,none; server owns swing cadence
333,5.436055,0.016678,Tick,live-sample,true,0xF13000007A015EA7,,server,,unchecked,unchecked,none,58.806297,-1.3672683,-1.3672683,26,Ready1H,2.3342688,,,,26->26:Exact,none; server owns swing cadence
334,5.452716,0.016661,Tick,live-sample,true,0xF13000007A015EA7,,server,,unchecked,unchecked,none,58.806297,-1.3672683,-1.3672683,26,Ready1H,2.3509302,,,,26->26:Exact,none; server owns swing cadence
335,5.469424,0.016708,Tick,live-sample,true,0xF13000007A015EA7,,server,,unchecked,unchecked,none,58.806297,-1.3672683,-1.3672683,26,Ready1H,2.3676383,,,,26->26:Exact,none; server owns swing cadence
336,5.485990,0.016566,Tick,live-sample,true,0xF13000007A015EA7,,server,,unchecked,unchecked,none,58.806297,-1.3672683,-1.3672683,26,Ready1H,2.3842041,,,,26->26:Exact,none; server owns swing cadence
337,5.502621,0.016631,Tick,live-sample,true,0xF13000007A015EA7,,server,,unchecked,unchecked,none,58.806297,-1.3672683,-1.3672683,26,Ready1H,2.400835,,,,26->26:Exact,none; server owns swing cadence
338,5.519231,0.016610,Tick,live-sample,true,0xF13000007A015EA7,,server,,unchecked,unchecked,none,58.806297,-1.3672683,-1.3672683,26,Ready1H,2.4174454,,,,26->26:Exact,none; server owns swing cadence
339,5.536169,0.016937,Tick,live-sample,true,0xF13000007A015EA7,,server,,unchecked,unchecked,none,58.806297,-1.3672683,-1.3672683,26,Ready1H,2.4343827,,,,26->26:Exact,none; server owns swing cadence
340,5.552931,0.016762,Tick,live-sample,true,0xF13000007A015EA7,,server,,unchecked,unchecked,none,58.806297,-1.3672683,-1.3672683,26,Ready1H,2.4511447,,,,26->26:Exact,none; server owns swing cadence
341,5.569907,0.016977,Tick,live-sample,true,0xF13000007A015EA7,,server,,unchecked,unchecked,none,58.806297,-1.3672683,-1.3672683,26,Ready1H,2.4681213,,,,26->26:Exact,none; server owns swing cadence
342,5.586235,0.016328,Tick,live-sample,true,0xF13000007A015EA7,,server,,unchecked,unchecked,none,58.806297,-1.3672683,-1.3672683,26,Ready1H,2.4844494,,,,26->26:Exact,none; server owns swing cadence
343,5.604735,0.018500,Tick,live-sample,true,0xF13000007A015EA7,,server,,unchecked,unchecked,none,58.806297,-1.3672683,-1.3672683,26,Ready1H,2.5029492,,,,26->26:Exact,none; server owns swing cadence
344,5.619651,0.014915,Tick,live-sample,true,0xF13000007A015EA7,,server,,unchecked,unchecked,none,58.806297,-1.3672683,-1.3672683,26,Ready1H,2.5178647,,,,26->26:Exact,none; server owns swing cadence
345,5.636412,0.016761,Tick,live-sample,true,0xF13000007A015EA7,,server,,unchecked,unchecked,none,58.806297,-1.3672683,-1.3672683,26,Ready1H,2.534626,,,,26->26:Exact,none; server owns swing cadence
346,5.652974,0.016562,Tick,live-sample,true,0xF13000007A015EA7,,server,,unchecked,unchecked,none,58.806297,-1.3672683,-1.3672683,26,Ready1H,2.5511882,,,,26->26:Exact,none; server owns swing cadence
347,5.669838,0.016864,Tick,live-sample,true,0xF13000007A015EA7,,server,,unchecked,unchecked,none,58.806297,-1.3672683,-1.3672683,26,Ready1H,2.568052,,,,26->26:Exact,none; server owns swing cadence
348,5.686552,0.016713,Tick,live-sample,true,0xF13000007A015EA7,,server,,unchecked,unchecked,none,58.806297,-1.3672683,-1.3672683,26,Ready1H,2.5847654,,,,26->26:Exact,none; server owns swing cadence
349,5.703027,0.016475,Tick,live-sample,true,0xF13000007A015EA7,,server,,unchecked,unchecked,none,58.806297,-1.3672683,-1.3672683,26,Ready1H,2.6012406,,,,26->26:Exact,none; server owns swing cadence
350,5.719877,0.016850,Tick,live-sample,true,0xF13000007A015EA7,,server,,unchecked,unchecked,none,58.806297,-1.3672683,-1.3672683,26,Ready1H,2.6180909,,,,26->26:Exact,none; server owns swing cadence
351,5.736715,0.016838,Tick,live-sample,true,0xF13000007A015EA7,,server,,unchecked,unchecked,none,58.806297,-1.3672683,-1.3672683,26,Ready1H,2.634929,,,,26->26:Exact,none; server owns swing cadence
352,5.752939,0.016223,Tick,live-sample,true,0xF13000007A015EA7,,server,,unchecked,unchecked,none,58.806297,-1.3672683,-1.3672683,26,Ready1H,2.6511524,,,,26->26:Exact,none; server owns swing cadence
353,5.769678,0.016740,Tick,live-sample,true,0xF13000007A015EA7,,server,,unchecked,unchecked,none,58.806297,-1.3672683,-1.3672683,26,Ready1H,2.6678922,,,,26->26:Exact,none; server owns swing cadence
354,5.786390,0.016712,Tick,live-sample,true,0xF13000007A015EA7,,server,,unchecked,unchecked,none,58.806297,-1.3672683,-1.3672683,26,Ready1H,2.684604,,,,26->26:Exact,none; server owns swing cadence
355,5.804360,0.017970,Tick,live-sample,true,0xF13000007A015EA7,,server,,unchecked,unchecked,none,58.806297,-1.3672683,-1.3672683,26,Ready1H,2.7025743,,,,26->26:Exact,none; server owns swing cadence
356,5.819873,0.015513,Tick,live-sample,true,0xF13000007A015EA7,,server,,unchecked,unchecked,none,58.806297,-1.3672683,-1.3672683,26,Ready1H,2.718087,,,,26->26:Exact,none; server owns swing cadence
357,5.836474,0.016601,Tick,live-sample,true,0xF13000007A015EA7,,server,,unchecked,unchecked,none,58.806297,-1.3672683,-1.3672683,26,Ready1H,2.734688,,,,26->26:Exact,none; server owns swing cadence
358,5.853114,0.016640,Tick,live-sample,true,0xF13000007A015EA7,,server,,unchecked,unchecked,none,58.806297,-1.3672683,-1.3672683,26,Ready1H,2.7513278,,,,26->26:Exact,none; server owns swing cadence
359,5.869792,0.016678,Tick,live-sample,true,0xF13000007A015EA7,,server,,unchecked,unchecked,none,58.806297,-1.3672683,-1.3672683,26,Ready1H,2.7680056,,,,26->26:Exact,none; server owns swing cadence
360,5.886796,0.017004,Tick,live-sample,true,0xF13000007A015EA7,,server,,unchecked,unchecked,none,58.806297,-1.3672683,-1.3672683,26,Ready1H,2.7850096,,,,26->26:Exact,none; server owns swing cadence
361,5.903201,0.016406,Tick,live-sample,true,0xF13000007A015EA7,,server,,unchecked,unchecked,none,58.806297,-1.3672683,-1.3672683,26,Ready1H,2.8014152,,,,26->26:Exact,none; server owns swing cadence
362,5.919698,0.016497,Tick,live-sample,true,0xF13000007A015EA7,,server,,unchecked,unchecked,none,58.806297,-1.3672683,-1.3672683,26,Ready1H,2.8179119,,,,26->26:Exact,none; server owns swing cadence
363,5.936488,0.016790,Tick,live-sample,true,0xF13000007A015EA7,,server,,unchecked,unchecked,none,58.806297,-1.3672683,-1.3672683,26,Ready1H,2.8347015,,,,26->26:Exact,none; server owns swing cadence
364,5.953115,0.016627,Tick,live-sample,true,0xF13000007A015EA7,,server,,unchecked,unchecked,none,58.806297,-1.3672683,-1.3672683,26,Ready1H,2.8513284,,,,26->26:Exact,none; server owns swing cadence
365,5.969879,0.016764,Tick,live-sample,true,0xF13000007A015EA7,,server,,unchecked,unchecked,none,58.806297,-1.3672683,-1.3672683,26,Ready1H,2.8680923,,,,26->26:Exact,none; server owns swing cadence
366,5.986541,0.016663,Tick,live-sample,true,0xF13000007A015EA7,,server,,unchecked,unchecked,none,58.806297,-1.3672683,-1.3672683,26,Ready1H,2.8847551,,,,26->26:Exact,none; server owns swing cadence
367,6.004249,0.017707,Tick,live-sample,true,0xF13000007A015EA7,,server,,unchecked,unchecked,none,58.806297,-1.3672683,-1.3672683,26,Ready1H,2.9024625,,,,26->26:Exact,none; server owns swing cadence
368,6.019950,0.015701,Tick,live-sample,true,0xF13000007A015EA7,,server,,unchecked,unchecked,none,58.806297,-1.3672683,-1.3672683,26,Ready1H,2.9181638,,,,26->26:Exact,none; server owns swing cadence
369,6.036678,0.016728,Tick,live-sample,true,0xF13000007A015EA7,,server,,unchecked,unchecked,none,58.806297,-1.3672683,-1.3672683,26,Ready1H,2.9348915,,,,26->26:Exact,none; server owns swing cadence
370,6.053095,0.016418,Tick,live-sample,true,0xF13000007A015EA7,,server,,unchecked,unchecked,none,58.806297,-1.3672683,-1.3672683,26,Ready1H,2.9513092,,,,26->26:Exact,none; server owns swing cadence
371,6.070411,0.017316,Tick,live-sample,true,0xF13000007A015EA7,,server,,unchecked,unchecked,none,58.806297,-1.3672683,-1.3672683,26,Ready1H,2.9686248,,,,26->26:Exact,none; server owns swing cadence
372,6.086975,0.016564,Tick,live-sample,true,0xF13000007A015EA7,,server,,unchecked,unchecked,none,58.806297,-1.3672683,-1.3672683,26,Ready1H,2.9851887,,,,26->26:Exact,none; server owns swing cadence
373,6.103562,0.016587,Tick,live-sample,true,0xF13000007A015EA7,,server,,unchecked,unchecked,none,58.806297,-1.3672683,-1.3672683,26,Ready1H,3.0017762,,,,26->26:Exact,none; server owns swing cadence
374,6.120020,0.016458,Tick,live-sample,true,0xF13000007A015EA7,,server,,unchecked,unchecked,none,58.806297,-1.3672683,-1.3672683,26,Ready1H,3.018234,,,,26->26:Exact,none; server owns swing cadence
375,6.137038,0.017018,Tick,live-sample,true,0xF13000007A015EA7,,server,,unchecked,unchecked,none,58.806297,-1.3672683,-1.3672683,26,Ready1H,3.0352516,,,,26->26:Exact,none; server owns swing cadence
376,6.153647,0.016610,Tick,live-sample,true,0xF13000007A015EA7,,server,,unchecked,unchecked,none,58.806297,-1.3672683,-1.3672683,26,Ready1H,3.0518613,,,,26->26:Exact,none; server owns swing cadence
377,6.170084,0.016437,Tick,live-sample,true,0xF13000007A015EA7,,server,,unchecked,unchecked,none,58.806297,-1.3672683,-1.3672683,26,Ready1H,3.0682979,,,,26->26:Exact,none; server owns swing cadence
378,6.186775,0.016691,Tick,live-sample,true,0xF13000007A015EA7,,server,,unchecked,unchecked,none,58.806297,-1.3672683,-1.3672683,26,Ready1H,3.084989,,,,26->26:Exact,none; server owns swing cadence
379,6.205227,0.018452,Tick,live-sample,true,0xF13000007A015EA7,,server,,unchecked,unchecked,none,58.806297,-1.3672683,-1.3672683,26,Ready1H,3.1034415,,,,26->26:Exact,none; server owns swing cadence
380,6.220095,0.014868,Tick,live-sample,true,0xF13000007A015EA7,,server,,unchecked,unchecked,none,58.806297,-1.3672683,-1.3672683,26,Ready1H,3.1183095,,,,26->26:Exact,none; server owns swing cadence
381,6.236894,0.016799,Tick,live-sample,true,0xF13000007A015EA7,,server,,unchecked,unchecked,none,58.806297,-1.3672683,-1.3672683,26,Ready1H,3.1351082,,,,26->26:Exact,none; server owns swing cadence
382,6.253328,0.016434,Tick,live-sample,true,0xF13000007A015EA7,,server,,unchecked,unchecked,none,58.806297,-1.3672683,-1.3672683,26,Ready1H,3.1515424,,,,26->26:Exact,none; server owns swing cadence
383,6.270175,0.016847,Tick,live-sample,true,0xF13000007A015EA7,,server,,unchecked,unchecked,none,58.806297,-1.3672683,-1.3672683,26,Ready1H,3.1683893,,,,26->26:Exact,none; server owns swing cadence
384,6.286861,0.016686,Tick,live-sample,true,0xF13000007A015EA7,,server,,unchecked,unchecked,none,58.806297,-1.3672683,-1.3672683,26,Ready1H,3.1850755,,,,26->26:Exact,none; server owns swing cadence
385,6.303770,0.016909,Tick,live-sample,true,0xF13000007A015EA7,,server,,unchecked,unchecked,none,58.806297,-1.3672683,-1.3672683,26,Ready1H,3.2019842,,,,26->26:Exact,none; server owns swing cadence
386,6.320158,0.016388,Tick,live-sample,true,0xF13000007A015EA7,,server,,unchecked,unchecked,none,58.806297,-1.3672683,-1.3672683,26,Ready1H,3.218372,,,,26->26:Exact,none; server owns swing cadence
387,6.336865,0.016707,Tick,live-sample,true,0xF13000007A015EA7,,server,,unchecked,unchecked,none,58.806297,-1.3672683,-1.3672683,26,Ready1H,3.2350786,,,,26->26:Exact,none; server owns swing cadence
388,6.353449,0.016584,Tick,live-sample,true,0xF13000007A015EA7,,server,,unchecked,unchecked,none,58.806297,-1.3672683,-1.3672683,26,Ready1H,3.2516625,,,,26->26:Exact,none; server owns swing cadence
389,6.369980,0.016531,Tick,live-sample,true,0xF13000007A015EA7,,server,,unchecked,unchecked,none,58.806297,-1.3672683,-1.3672683,26,Ready1H,3.2681935,,,,26->26:Exact,none; server owns swing cadence
390,6.387804,0.017825,Tick,live-sample,true,0xF13000007A015EA7,,server,,unchecked,unchecked,none,58.806297,-1.3672683,-1.3672683,26,Ready1H,3.2860184,,,,26->26:Exact,none; server owns swing cadence
391,6.405063,0.017259,Tick,live-sample,true,0xF13000007A015EA7,,server,,unchecked,unchecked,none,58.806297,-1.3672683,-1.3672683,26,Ready1H,3.3032768,,,,26->26:Exact,none; server owns swing cadence
392,6.420014,0.014951,Tick,live-sample,true,0xF13000007A015EA7,,server,,unchecked,unchecked,none,58.806297,-1.3672683,-1.3672683,26,Ready1H,3.318228,,,,26->26:Exact,none; server owns swing cadence
393,6.437200,0.017186,Tick,live-sample,true,0xF13000007A015EA7,,server,,unchecked,unchecked,none,58.806297,-1.3672683,-1.3672683,26,Ready1H,3.3354137,,,,26->26:Exact,none; server owns swing cadence
394,6.453527,0.016327,Tick,live-sample,true,0xF13000007A015EA7,,server,,unchecked,unchecked,none,58.806297,-1.3672683,-1.3672683,26,Ready1H,3.351741,,,,26->26:Exact,none; server owns swing cadence
395,6.470543,0.017016,Tick,live-sample,true,0xF13000007A015EA7,,server,,unchecked,unchecked,none,58.806297,-1.3672683,-1.3672683,26,Ready1H,3.368757,,,,26->26:Exact,none; server owns swing cadence
396,6.487085,0.016542,Tick,live-sample,true,0xF13000007A015EA7,,server,,unchecked,unchecked,none,58.806297,-1.3672683,-1.3672683,26,Ready1H,3.385299,,,,26->26:Exact,none; server owns swing cadence
397,6.506648,0.019562,Tick,live-sample,true,0xF13000007A015EA7,,server,,unchecked,unchecked,none,58.806297,-1.3672683,-1.3672683,26,Ready1H,3.4048615,,,,26->26:Exact,none; server owns swing cadence
398,6.520262,0.013614,Tick,live-sample,true,0xF13000007A015EA7,,server,,unchecked,unchecked,none,58.806297,-1.3672683,-1.3672683,26,Ready1H,3.4184754,,,,26->26:Exact,none; server owns swing cadence
399,6.537099,0.016837,Tick,live-sample,true,0xF13000007A015EA7,,server,,unchecked,unchecked,none,58.806297,-1.3672683,-1.3672683,26,Ready1H,3.4353123,,,,26->26:Exact,none; server owns swing cadence
400,6.553936,0.016837,Tick,live-sample,true,0xF13000007A015EA7,,server,,unchecked,unchecked,none,58.806297,-1.3672683,-1.3672683,26,Ready1H,3.4521496,,,,26->26:Exact,none; server owns swing cadence
401,6.570222,0.016286,Tick,live-sample,true,0xF13000007A015EA7,,server,,unchecked,unchecked,none,58.806297,-1.3672683,-1.3672683,26,Ready1H,3.4684355,,,,26->26:Exact,none; server owns swing cadence
402,6.587144,0.016922,Tick,live-sample,true,0xF13000007A015EA7,,server,,unchecked,unchecked,none,58.806297,-1.3672683,-1.3672683,26,Ready1H,3.4853575,,,,26->26:Exact,none; server owns swing cadence
403,6.603944,0.016800,Tick,live-sample,true,0xF13000007A015EA7,,server,,unchecked,unchecked,none,58.806297,-1.3672683,-1.3672683,26,Ready1H,3.5021574,,,,26->26:Exact,none; server owns swing cadence
404,6.620475,0.016531,Tick,live-sample,true,0xF13000007A015EA7,,server,,unchecked,unchecked,none,58.806297,-1.3672683,-1.3672683,26,Ready1H,3.5186882,,,,26->26:Exact,none; server owns swing cadence
405,6.637174,0.016699,Tick,live-sample,true,0xF13000007A015EA7,,server,,unchecked,unchecked,none,58.806297,-1.3672683,-1.3672683,26,Ready1H,3.5353875,,,,26->26:Exact,none; server owns swing cadence
406,6.654123,0.016949,Tick,live-sample,true,0xF13000007A015EA7,,server,,unchecked,unchecked,none,58.806297,-1.3672683,-1.3672683,26,Ready1H,3.5523362,,,,26->26:Exact,none; server owns swing cadence
407,6.670566,0.016443,Tick,live-sample,true,0xF13000007A015EA7,,server,,unchecked,unchecked,none,58.806297,-1.3672683,-1.3672683,26,Ready1H,3.5687792,,,,26->26:Exact,none; server owns swing cadence
408,6.687185,0.016619,Tick,live-sample,true,0xF13000007A015EA7,,server,,unchecked,unchecked,none,58.806297,-1.3672683,-1.3672683,26,Ready1H,3.5853982,,,,26->26:Exact,none; server owns swing cadence
409,6.704731,0.017547,Tick,live-sample,true,0xF13000007A015EA7,,server,,unchecked,unchecked,none,58.806297,-1.3672683,-1.3672683,26,Ready1H,3.6029449,,,,26->26:Exact,none; server owns swing cadence
410,6.720514,0.015783,Tick,live-sample,true,0xF13000007A015EA7,,server,,unchecked,unchecked,none,58.806297,-1.3672683,-1.3672683,26,Ready1H,3.6187277,,,,26->26:Exact,none; server owns swing cadence
411,6.737403,0.016889,Tick,live-sample,true,0xF13000007A015EA7,,server,,unchecked,unchecked,none,58.806297,-1.3672683,-1.3672683,26,Ready1H,3.6356165,,,,26->26:Exact,none; server owns swing cadence
412,6.753869,0.016466,Tick,live-sample,true,0xF13000007A015EA7,,server,,unchecked,unchecked,none,58.806297,-1.3672683,-1.3672683,26,Ready1H,3.6520824,,,,26->26:Exact,none; server owns swing cadence
413,6.770537,0.016668,Tick,live-sample,true,0xF13000007A015EA7,,server,,unchecked,unchecked,none,58.806297,-1.3672683,-1.3672683,26,Ready1H,3.6687503,,,,26->26:Exact,none; server owns swing cadence
414,6.787448,0.016911,Tick,live-sample,true,0xF13000007A015EA7,,server,,unchecked,unchecked,none,58.806297,-1.3672683,-1.3672683,26,Ready1H,3.6856616,,,,26->26:Exact,none; server owns swing cadence
415,6.803841,0.016393,Tick,live-sample,true,0xF13000007A015EA7,,server,,unchecked,unchecked,none,58.806297,-1.3672683,-1.3672683,26,Ready1H,3.7020543,,,,26->26:Exact,none; server owns swing cadence
416,6.820906,0.017065,Tick,live-sample,true,0xF13000007A015EA7,,server,,unchecked,unchecked,none,58.806297,-1.3672683,-1.3672683,26,Ready1H,3.7191193,,,,26->26:Exact,none; server owns swing cadence
417,6.837374,0.016469,Tick,live-sample,true,0xF13000007A015EA7,,server,,unchecked,unchecked,none,58.806297,-1.3672683,-1.3672683,26,Ready1H,3.7355878,,,,26->26:Exact,none; server owns swing cadence
418,6.853864,0.016490,Tick,live-sample,true,0xF13000007A015EA7,,server,,unchecked,unchecked,none,58.806297,-1.3672683,-1.3672683,26,Ready1H,3.7520778,,,,26->26:Exact,none; server owns swing cadence
419,6.870532,0.016668,Tick,live-sample,true,0xF13000007A015EA7,,server,,unchecked,unchecked,none,58.806297,-1.3672683,-1.3672683,26,Ready1H,3.7687457,,,,26->26:Exact,none; server owns swing cadence
420,6.887441,0.016909,Tick,live-sample,true,0xF13000007A015EA7,,server,,unchecked,unchecked,none,58.806297,-1.3672683,-1.3672683,26,Ready1H,3.7856543,,,,26->26:Exact,none; server owns swing cadence
421,6.905285,0.017844,Tick,live-sample,true,0xF13000007A015EA7,,server,,unchecked,unchecked,none,58.806297,-1.3672683,-1.3672683,26,Ready1H,3.803498,,,,26->26:Exact,none; server owns swing cadence
422,6.920987,0.015702,Tick,live-sample,true,0xF13000007A015EA7,,server,,unchecked,unchecked,none,58.806297,-1.3672683,-1.3672683,26,Ready1H,3.8192,,,,26->26:Exact,none; server owns swing cadence
423,6.937329,0.016343,Tick,live-sample,true,0xF13000007A015EA7,,server,,unchecked,unchecked,none,58.806297,-1.3672683,-1.3672683,26,Ready1H,3.8355427,,,,26->26:Exact,none; server owns swing cadence
424,6.954028,0.016699,Tick,live-sample,true,0xF13000007A015EA7,,server,,unchecked,unchecked,none,58.806297,-1.3672683,-1.3672683,26,Ready1H,3.8522415,,,,26->26:Exact,none; server owns swing cadence
425,6.970659,0.016630,Tick,live-sample,true,0xF13000007A015EA7,,server,,unchecked,unchecked,none,58.806297,-1.3672683,-1.3672683,26,Ready1H,3.868872,,,,26->26:Exact,none; server owns swing cadence
426,6.987600,0.016941,Tick,live-sample,true,0xF13000007A015EA7,,server,,unchecked,unchecked,none,58.806297,-1.3672683,-1.3672683,26,Ready1H,3.8858132,,,,26->26:Exact,none; server owns swing cadence
427,7.004089,0.016489,Tick,live-sample,true,0xF13000007A015EA7,,server,,unchecked,unchecked,none,58.806297,-1.3672683,-1.3672683,26,Ready1H,3.902302,,,,26->26:Exact,none; server owns swing cadence
428,7.020665,0.016576,Tick,live-sample,true,0xF13000007A015EA7,,server,,unchecked,unchecked,none,58.806297,-1.3672683,-1.3672683,26,Ready1H,3.9188778,,,,26->26:Exact,none; server owns swing cadence
429,7.037504,0.016840,Tick,live-sample,true,0xF13000007A015EA7,,server,,unchecked,unchecked,none,58.806297,-1.3672683,-1.3672683,26,Ready1H,3.9357173,,,,26->26:Exact,none; server owns swing cadence
430,7.054131,0.016627,Tick,live-sample,true,0xF13000007A015EA7,,server,,unchecked,unchecked,none,58.806297,-1.3672683,-1.3672683,26,Ready1H,3.9523444,,,,26->26:Exact,none; server owns swing cadence
431,7.070795,0.016663,Tick,live-sample,true,0xF13000007A015EA7,,server,,unchecked,unchecked,none,58.806297,-1.3672683,-1.3672683,26,Ready1H,3.9690077,,,,26->26:Exact,none; server owns swing cadence
432,7.087738,0.016943,Tick,live-sample,true,0xF13000007A015EA7,,server,,unchecked,unchecked,none,58.806297,-1.3672683,-1.3672683,26,Ready1H,3.9859507,,,,26->26:Exact,none; server owns swing cadence
433,7.105119,0.017382,Tick,live-sample,true,0xF13000007A015EA7,,server,,unchecked,unchecked,none,58.806297,-1.3672683,-1.3672683,26,Ready1H,4.003332,,,,26->26:Exact,none; server owns swing cadence
434,7.120773,0.015654,Tick,live-sample,true,0xF13000007A015EA7,,server,,unchecked,unchecked,none,58.806297,-1.3672683,-1.3672683,26,Ready1H,4.018986,,,,26->26:Exact,none; server owns swing cadence
435,7.137354,0.016581,Tick,live-sample,true,0xF13000007A015EA7,,server,,unchecked,unchecked,none,58.806297,-1.3672683,-1.3672683,26,Ready1H,4.0355673,,,,26->26:Exact,none; server owns swing cadence
436,7.154021,0.016667,Tick,live-sample,true,0xF13000007A015EA7,,server,,unchecked,unchecked,none,58.806297,-1.3672683,-1.3672683,26,Ready1H,4.052234,,,,26->26:Exact,none; server owns swing cadence
437,7.170814,0.016793,Tick,live-sample,true,0xF13000007A015EA7,,server,,unchecked,unchecked,none,58.806297,-1.3672683,-1.3672683,26,Ready1H,4.0690274,,,,26->26:Exact,none; server owns swing cadence
438,7.188089,0.017275,Tick,live-sample,true,0xF13000007A015EA7,,server,,unchecked,unchecked,none,58.806297,-1.3672683,-1.3672683,26,Ready1H,4.0863028,,,,26->26:Exact,none; server owns swing cadence
439,7.204527,0.016438,Tick,live-sample,true,0xF13000007A015EA7,,server,,unchecked,unchecked,none,58.806297,-1.3672683,-1.3672683,26,Ready1H,4.102741,,,,26->26:Exact,none; server owns swing cadence
440,7.221090,0.016563,Tick,live-sample,true,0xF13000007A015EA7,,server,,unchecked,unchecked,none,58.806297,-1.3672683,-1.3672683,26,Ready1H,4.1193037,,,,26->26:Exact,none; server owns swing cadence
441,7.237927,0.016837,Tick,live-sample,true,0xF13000007A015EA7,,server,,unchecked,unchecked,none,58.806297,-1.3672683,-1.3672683,26,Ready1H,4.136141,,,,26->26:Exact,none; server owns swing cadence
442,7.254251,0.016324,Tick,live-sample,true,0xF13000007A015EA7,,server,,unchecked,unchecked,none,58.806297,-1.3672683,-1.3672683,26,Ready1H,4.152465,,,,26->26:Exact,none; server owns swing cadence
443,7.270899,0.016648,Tick,live-sample,true,0xF13000007A015EA7,,server,,unchecked,unchecked,none,58.806297,-1.3672683,-1.3672683,26,Ready1H,4.169113,,,,26->26:Exact,none; server owns swing cadence
444,7.287575,0.016676,Tick,live-sample,true,0xF13000007A015EA7,,server,,unchecked,unchecked,none,58.806297,-1.3672683,-1.3672683,26,Ready1H,4.1857886,,,,26->26:Exact,none; server owns swing cadence
445,7.305781,0.018206,Tick,live-sample,true,0xF13000007A015EA7,,server,,unchecked,unchecked,none,58.806297,-1.3672683,-1.3672683,26,Ready1H,4.2039943,,,,26->26:Exact,none; server owns swing cadence
446,7.321001,0.015220,Tick,live-sample,true,0xF13000007A015EA7,,server,,unchecked,unchecked,none,58.806297,-1.3672683,-1.3672683,26,Ready1H,4.219214,,,,26->26:Exact,none; server owns swing cadence
447,7.337700,0.016699,Tick,live-sample,true,0xF13000007A015EA7,,server,,unchecked,unchecked,none,58.806297,-1.3672683,-1.3672683,26,Ready1H,4.2359133,,,,26->26:Exact,none; server owns swing cadence
448,7.354197,0.016497,Tick,live-sample,true,0xF13000007A015EA7,,server,,unchecked,unchecked,none,58.806297,-1.3672683,-1.3672683,26,Ready1H,4.2524104,,,,26->26:Exact,none; server owns swing cadence
449,7.370772,0.016575,Tick,live-sample,true,0xF13000007A015EA7,,server,,unchecked,unchecked,none,58.806297,-1.3672683,-1.3672683,26,Ready1H,4.2689857,,,,26->26:Exact,none; server owns swing cadence
450,7.387836,0.017063,Tick,live-sample,true,0xF13000007A015EA7,,server,,unchecked,unchecked,none,58.806297,-1.3672683,-1.3672683,26,Ready1H,4.286049,,,,26->26:Exact,none; server owns swing cadence
451,7.404943,0.017108,Tick,live-sample,true,0xF13000007A015EA7,,server,,unchecked,unchecked,none,58.806297,-1.3672683,-1.3672683,26,Ready1H,4.303157,,,,26->26:Exact,none; server owns swing cadence
452,7.421104,0.016161,Tick,live-sample,true,0xF13000007A015EA7,,server,,unchecked,unchecked,none,58.806297,-1.3672683,-1.3672683,26,Ready1H,4.319318,,,,26->26:Exact,none; server owns swing cadence
453,7.437698,0.016594,Tick,live-sample,true,0xF13000007A015EA7,,server,,unchecked,unchecked,none,58.806297,-1.3672683,-1.3672683,26,Ready1H,4.3359118,,,,26->26:Exact,none; server owns swing cadence
454,7.454356,0.016657,Tick,live-sample,true,0xF13000007A015EA7,,server,,unchecked,unchecked,none,58.806297,-1.3672683,-1.3672683,26,Ready1H,4.352569,,,,26->26:Exact,none; server owns swing cadence
455,7.471276,0.016920,Tick,live-sample,true,0xF13000007A015EA7,,server,,unchecked,unchecked,none,58.806297,-1.3672683,-1.3672683,26,Ready1H,4.369489,,,,26->26:Exact,none; server owns swing cadence
456,7.487961,0.016685,Tick,live-sample,true,0xF13000007A015EA7,,server,,unchecked,unchecked,none,58.806297,-1.3672683,-1.3672683,26,Ready1H,4.386174,,,,26->26:Exact,none; server owns swing cadence
457,7.504410,0.016449,Tick,live-sample,true,0xF13000007A015EA7,,server,,unchecked,unchecked,none,58.806297,-1.3672683,-1.3672683,26,Ready1H,4.402623,,,,26->26:Exact,none; server owns swing cadence
458,7.521067,0.016657,Tick,live-sample,true,0xF13000007A015EA7,,server,,unchecked,unchecked,none,58.806297,-1.3672683,-1.3672683,26,Ready1H,4.4192805,,,,26->26:Exact,none; server owns swing cadence
459,7.538176,0.017109,Tick,live-sample,true,0xF13000007A015EA7,,server,,unchecked,unchecked,none,58.806297,-1.3672683,-1.3672683,26,Ready1H,4.43639,,,,26->26:Exact,none; server owns swing cadence
460,7.554554,0.016378,Tick,live-sample,true,0xF13000007A015EA7,,server,,unchecked,unchecked,none,58.806297,-1.3672683,-1.3672683,26,Ready1H,4.4527674,,,,26->26:Exact,none; server owns swing cadence
461,7.571413,0.016859,Tick,live-sample,true,0xF13000007A015EA7,,server,,unchecked,unchecked,none,58.806297,-1.3672683,-1.3672683,26,Ready1H,4.4696264,,,,26->26:Exact,none; server owns swing cadence
462,7.588007,0.016594,Tick,live-sample,true,0xF13000007A015EA7,,server,,unchecked,unchecked,none,58.806297,-1.3672683,-1.3672683,26,Ready1H,4.486221,,,,26->26:Exact,none; server owns swing cadence
463,7.605576,0.017569,Tick,live-sample,true,0xF13000007A015EA7,,server,,unchecked,unchecked,none,58.806297,-1.3672683,-1.3672683,26,Ready1H,4.5037894,,,,26->26:Exact,none; server owns swing cadence
464,7.621342,0.015766,Tick,live-sample,true,0xF13000007A015EA7,,server,,unchecked,unchecked,none,58.806297,-1.3672683,-1.3672683,26,Ready1H,4.5195556,,,,26->26:Exact,none; server owns swing cadence
465,7.637900,0.016558,Tick,live-sample,true,0xF13000007A015EA7,,server,,unchecked,unchecked,none,58.806297,-1.3672683,-1.3672683,26,Ready1H,4.5361137,,,,26->26:Exact,none; server owns swing cadence
466,7.654384,0.016484,Tick,live-sample,true,0xF13000007A015EA7,,server,,unchecked,unchecked,none,58.806297,-1.3672683,-1.3672683,26,Ready1H,4.5525975,,,,26->26:Exact,none; server owns swing cadence
467,7.671323,0.016939,Tick,live-sample,true,0xF13000007A015EA7,,server,,unchecked,unchecked,none,58.806297,-1.3672683,-1.3672683,26,Ready1H,4.569536,,,,26->26:Exact,none; server owns swing cadence
468,7.688132,0.016809,Tick,live-sample,true,0xF13000007A015EA7,,server,,unchecked,unchecked,none,58.806297,-1.3672683,-1.3672683,26,Ready1H,4.5863447,,,,26->26:Exact,none; server owns swing cadence
469,7.704676,0.016545,Tick,live-sample,true,0xF13000007A015EA7,,server,,unchecked,unchecked,none,58.806297,-1.3672683,-1.3672683,26,Ready1H,4.6028895,,,,26->26:Exact,none; server owns swing cadence
470,7.721345,0.016669,Tick,live-sample,true,0xF13000007A015EA7,,server,,unchecked,unchecked,none,58.806297,-1.3672683,-1.3672683,26,Ready1H,4.619558,,,,26->26:Exact,none; server owns swing cadence
471,7.738053,0.016708,Tick,live-sample,true,0xF13000007A015EA7,,server,,unchecked,unchecked,none,58.806297,-1.3672683,-1.3672683,26,Ready1H,4.6362658,,,,26->26:Exact,none; server owns swing cadence
472,7.754702,0.016649,Tick,live-sample,true,0xF13000007A015EA7,,server,,unchecked,unchecked,none,58.806297,-1.3672683,-1.3672683,26,Ready1H,4.6529145,,,,26->26:Exact,none; server owns swing cadence
473,7.771499,0.016797,Tick,live-sample,true,0xF13000007A015EA7,,server,,unchecked,unchecked,none,58.806297,-1.3672683,-1.3672683,26,Ready1H,4.669712,,,,26->26:Exact,none; server owns swing cadence
474,7.788039,0.016540,Tick,live-sample,true,0xF13000007A015EA7,,server,,unchecked,unchecked,none,58.806297,-1.3672683,-1.3672683,26,Ready1H,4.6862516,,,,26->26:Exact,none; server owns swing cadence
475,7.805606,0.017568,Tick,live-sample,true,0xF13000007A015EA7,,server,,unchecked,unchecked,none,58.806297,-1.3672683,-1.3672683,26,Ready1H,4.7038193,,,,26->26:Exact,none; server owns swing cadence
476,7.821472,0.015866,Tick,live-sample,true,0xF13000007A015EA7,,server,,unchecked,unchecked,none,58.806297,-1.3672683,-1.3672683,26,Ready1H,4.719685,,,,26->26:Exact,none; server owns swing cadence
477,7.838350,0.016878,Tick,live-sample,true,0xF13000007A015EA7,,server,,unchecked,unchecked,none,58.806297,-1.3672683,-1.3672683,26,Ready1H,4.7365627,,,,26->26:Exact,none; server owns swing cadence
478,7.854674,0.016324,Tick,live-sample,true,0xF13000007A015EA7,,server,,unchecked,unchecked,none,58.806297,-1.3672683,-1.3672683,26,Ready1H,4.7528863,,,,26->26:Exact,none; server owns swing cadence
479,7.871454,0.016781,Tick,live-sample,true,0xF13000007A015EA7,,server,,unchecked,unchecked,none,58.806297,-1.3672683,-1.3672683,26,Ready1H,4.7696667,,,,26->26:Exact,none; server owns swing cadence
480,7.888124,0.016670,Tick,live-sample,true,0xF13000007A015EA7,,server,,unchecked,unchecked,none,58.806297,-1.3672683,-1.3672683,26,Ready1H,4.7863364,,,,26->26:Exact,none; server owns swing cadence
481,7.904972,0.016848,Tick,live-sample,true,0xF13000007A015EA7,,server,,unchecked,unchecked,none,58.806297,-1.3672683,-1.3672683,26,Ready1H,4.803184,,,,26->26:Exact,none; server owns swing cadence
482,7.921489,0.016517,Tick,live-sample,true,0xF13000007A015EA7,,server,,unchecked,unchecked,none,58.806297,-1.3672683,-1.3672683,26,Ready1H,4.819701,,,,26->26:Exact,none; server owns swing cadence
483,7.938063,0.016575,Tick,live-sample,true,0xF13000007A015EA7,,server,,unchecked,unchecked,none,58.806297,-1.3672683,-1.3672683,26,Ready1H,4.8362756,,,,26->26:Exact,none; server owns swing cadence
484,7.954797,0.016734,Tick,live-sample,true,0xF13000007A015EA7,,server,,unchecked,unchecked,none,58.806297,-1.3672683,-1.3672683,26,Ready1H,4.853009,,,,26->26:Exact,none; server owns swing cadence
485,7.971577,0.016780,Tick,live-sample,true,0xF13000007A015EA7,,server,,unchecked,unchecked,none,58.806297,-1.3672683,-1.3672683,26,Ready1H,4.8697896,,,,26->26:Exact,none; server owns swing cadence
486,7.988164,0.016587,Tick,live-sample,true,0xF13000007A015EA7,,server,,unchecked,unchecked,none,58.806297,-1.3672683,-1.3672683,26,Ready1H,4.8863764,,,,26->26:Exact,none; server owns swing cadence
487,8.005967,0.017803,Tick,live-sample,true,0xF13000007A015EA7,,server,,unchecked,unchecked,none,58.806297,-1.3672683,-1.3672683,26,Ready1H,4.9041796,,,,26->26:Exact,none; server owns swing cadence
488,8.021758,0.015790,Tick,live-sample,true,0xF13000007A015EA7,,server,,unchecked,unchecked,none,58.806297,-1.3672683,-1.3672683,26,Ready1H,4.9199696,,,,26->26:Exact,none; server owns swing cadence
489,8.038274,0.016517,Tick,live-sample,true,0xF13000007A015EA7,,server,,unchecked,unchecked,none,58.806297,-1.3672683,-1.3672683,26,Ready1H,4.9364862,,,,26->26:Exact,none; server owns swing cadence
490,8.055339,0.017065,Tick,live-sample,true,0xF13000007A015EA7,,server,,unchecked,unchecked,none,58.806297,-1.3672683,-1.3672683,26,Ready1H,4.953551,,,,26->26:Exact,none; server owns swing cadence
491,8.071545,0.016206,Tick,live-sample,true,0xF13000007A015EA7,,server,,unchecked,unchecked,none,58.806297,-1.3672683,-1.3672683,26,Ready1H,4.969757,,,,26->26:Exact,none; server owns swing cadence
492,8.088298,0.016752,Tick,live-sample,true,0xF13000007A015EA7,,server,,unchecked,unchecked,none,58.806297,-1.3672683,-1.3672683,26,Ready1H,4.9865093,,,,26->26:Exact,none; server owns swing cadence
493,8.105308,0.017010,Tick,live-sample,true,0xF13000007A015EA7,,server,,unchecked,unchecked,none,58.806297,-1.3672683,-1.3672683,26,Ready1H,5.0035195,,,,26->26:Exact,none; server owns swing cadence
494,8.121617,0.016309,Tick,live-sample,true,0xF13000007A015EA7,,server,,unchecked,unchecked,none,58.806297,-1.3672683,-1.3672683,26,Ready1H,5.0198283,,,,26->26:Exact,none; server owns swing cadence
495,8.138499,0.016882,Tick,live-sample,true,0xF13000007A015EA7,,server,,unchecked,unchecked,none,58.806297,-1.3672683,-1.3672683,26,Ready1H,5.03671,,,,26->26:Exact,none; server owns swing cadence
496,8.154915,0.016416,Tick,live-sample,true,0xF13000007A015EA7,,server,,unchecked,unchecked,none,58.806297,-1.3672683,-1.3672683,26,Ready1H,5.0531263,,,,26->26:Exact,none; server owns swing cadence
497,8.172273,0.017358,Tick,live-sample,true,0xF13000007A015EA7,,server,,unchecked,unchecked,none,58.806297,-1.3672683,-1.3672683,26,Ready1H,5.0704837,,,,26->26:Exact,none; server owns swing cadence
498,8.188364,0.016091,Tick,live-sample,true,0xF13000007A015EA7,,server,,unchecked,unchecked,none,58.806297,-1.3672683,-1.3672683,26,Ready1H,5.086575,,,,26->26:Exact,none; server owns swing cadence
499,8.207121,0.018757,Tick,live-sample,true,0xF13000007A015EA7,,server,,unchecked,unchecked,none,58.806297,-1.3672683,-1.3672683,26,Ready1H,5.1053314,,,,26->26:Exact,none; server owns swing cadence
500,8.221849,0.014728,Tick,live-sample,true,0xF13000007A015EA7,,server,,unchecked,unchecked,none,58.806297,-1.3672683,-1.3672683,26,Ready1H,5.1200595,,,,26->26:Exact,none; server owns swing cadence
501,8.238230,0.016381,Tick,live-sample,true,0xF13000007A015EA7,,server,,unchecked,unchecked,none,58.806297,-1.3672683,-1.3672683,26,Ready1H,5.1364408,,,,26->26:Exact,none; server owns swing cadence
502,8.255085,0.016855,Tick,live-sample,true,0xF13000007A015EA7,,server,,unchecked,unchecked,none,58.806297,-1.3672683,-1.3672683,26,Ready1H,5.153295,,,,26->26:Exact,none; server owns swing cadence
503,8.271842,0.016757,Tick,live-sample,true,0xF13000007A015EA7,,server,,unchecked,unchecked,none,58.806297,-1.3672683,-1.3672683,26,Ready1H,5.170052,,,,26->26:Exact,none; server owns swing cadence
504,8.288562,0.016721,Tick,live-sample,true,0xF13000007A015EA7,,server,,unchecked,unchecked,none,58.806297,-1.3672683,-1.3672683,26,Ready1H,5.186773,,,,26->26:Exact,none; server owns swing cadence
505,8.305051,0.016489,Tick,live-sample,true,0xF13000007A015EA7,,server,,unchecked,unchecked,none,58.806297,-1.3672683,-1.3672683,26,Ready1H,5.2032614,,,,26->26:Exact,none; server owns swing cadence
506,8.321938,0.016887,Tick,live-sample,true,0xF13000007A015EA7,,server,,unchecked,unchecked,none,58.806297,-1.3672683,-1.3672683,26,Ready1H,5.2201486,,,,26->26:Exact,none; server owns swing cadence
507,8.338687,0.016748,Tick,live-sample,true,0xF13000007A015EA7,,server,,unchecked,unchecked,none,58.806297,-1.3672683,-1.3672683,26,Ready1H,5.236897,,,,26->26:Exact,none; server owns swing cadence
508,8.355101,0.016415,Tick,live-sample,true,0xF13000007A015EA7,,server,,unchecked,unchecked,none,58.806297,-1.3672683,-1.3672683,26,Ready1H,5.253312,,,,26->26:Exact,none; server owns swing cadence
509,8.371740,0.016639,Tick,live-sample,true,0xF13000007A015EA7,,server,,unchecked,unchecked,none,58.806297,-1.3672683,-1.3672683,26,Ready1H,5.2699504,,,,26->26:Exact,none; server owns swing cadence
510,8.388476,0.016736,Tick,live-sample,true,0xF13000007A015EA7,,server,,unchecked,unchecked,none,58.806297,-1.3672683,-1.3672683,26,Ready1H,5.2866864,,,,26->26:Exact,none; server owns swing cadence
511,8.406876,0.018400,Tick,live-sample,true,0xF13000007A015EA7,,server,,unchecked,unchecked,none,58.806297,-1.3672683,-1.3672683,26,Ready1H,5.3050866,,,,26->26:Exact,none; server owns swing cadence
512,8.421701,0.014825,Tick,live-sample,true,0xF13000007A015EA7,,server,,unchecked,unchecked,none,58.806297,-1.3672683,-1.3672683,26,Ready1H,5.3199115,,,,26->26:Exact,none; server owns swing cadence
513,8.438672,0.016972,Tick,live-sample,true,0xF13000007A015EA7,,server,,unchecked,unchecked,none,58.806297,-1.3672683,-1.3672683,26,Ready1H,5.336883,,,,26->26:Exact,none; server owns swing cadence
514,8.455370,0.016698,Tick,live-sample,true,0xF13000007A015EA7,,server,,unchecked,unchecked,none,58.806297,-1.3672683,-1.3672683,26,Ready1H,5.353581,,,,26->26:Exact,none; server owns swing cadence
515,8.472003,0.016633,Tick,live-sample,true,0xF13000007A015EA7,,server,,unchecked,unchecked,none,58.806297,-1.3672683,-1.3672683,26,Ready1H,5.370214,,,,26->26:Exact,none; server owns swing cadence
516,8.488608,0.016604,Tick,live-sample,true,0xF13000007A015EA7,,server,,unchecked,unchecked,none,58.806297,-1.3672683,-1.3672683,26,Ready1H,5.3868184,,,,26->26:Exact,none; server owns swing cadence
517,8.505811,0.017203,Tick,live-sample,true,0xF13000007A015EA7,,server,,unchecked,unchecked,none,58.806297,-1.3672683,-1.3672683,26,Ready1H,5.4040213,,,,26->26:Exact,none; server owns swing cadence
518,8.522280,0.016470,Tick,live-sample,true,0xF13000007A015EA7,,server,,unchecked,unchecked,none,58.806297,-1.3672683,-1.3672683,26,Ready1H,5.4204907,,,,26->26:Exact,none; server owns swing cadence
519,8.538871,0.016591,Tick,live-sample,true,0xF13000007A015EA7,,server,,unchecked,unchecked,none,58.806297,-1.3672683,-1.3672683,26,Ready1H,5.437082,,,,26->26:Exact,none; server owns swing cadence
520,8.555778,0.016907,Tick,live-sample,true,0xF13000007A015EA7,,server,,unchecked,unchecked,none,58.806297,-1.3672683,-1.3672683,26,Ready1H,5.4539886,,,,26->26:Exact,none; server owns swing cadence
521,8.571940,0.016162,Tick,live-sample,true,0xF13000007A015EA7,,server,,unchecked,unchecked,none,58.806297,-1.3672683,-1.3672683,26,Ready1H,5.4701505,,,,26->26:Exact,none; server owns swing cadence
522,8.589152,0.017212,Tick,live-sample,true,0xF13000007A015EA7,,server,,unchecked,unchecked,none,58.806297,-1.3672683,-1.3672683,26,Ready1H,5.4873624,,,,26->26:Exact,none; server owns swing cadence
523,8.605660,0.016508,Tick,live-sample,true,0xF13000007A015EA7,,server,,unchecked,unchecked,none,58.806297,-1.3672683,-1.3672683,26,Ready1H,5.5038705,,,,26->26:Exact,none; server owns swing cadence
524,8.621951,0.016291,Tick,live-sample,true,0xF13000007A015EA7,,server,,unchecked,unchecked,none,58.806297,-1.3672683,-1.3672683,26,Ready1H,5.520162,,,,26->26:Exact,none; server owns swing cadence
525,8.638778,0.016827,Tick,live-sample,true,0xF13000007A015EA7,,server,,unchecked,unchecked,none,58.806297,-1.3672683,-1.3672683,26,Ready1H,5.5369887,,,,26->26:Exact,none; server owns swing cadence
526,8.655378,0.016600,Tick,live-sample,true,0xF13000007A015EA7,,server,,unchecked,unchecked,none,58.806297,-1.3672683,-1.3672683,26,Ready1H,5.553589,,,,26->26:Exact,none; server owns swing cadence
527,8.672136,0.016758,Tick,live-sample,true,0xF13000007A015EA7,,server,,unchecked,unchecked,none,58.806297,-1.3672683,-1.3672683,26,Ready1H,5.5703464,,,,26->26:Exact,none; server owns swing cadence
528,8.688758,0.016622,Tick,live-sample,true,0xF13000007A015EA7,,server,,unchecked,unchecked,none,58.806297,-1.3672683,-1.3672683,26,Ready1H,5.5869684,,,,26->26:Exact,none; server owns swing cadence
529,8.706415,0.017657,Tick,live-sample,true,0xF13000007A015EA7,,server,,unchecked,unchecked,none,58.806297,-1.3672683,-1.3672683,26,Ready1H,5.6046257,,,,26->26:Exact,none; server owns swing cadence
530,8.722011,0.015596,Tick,live-sample,true,0xF13000007A015EA7,,server,,unchecked,unchecked,none,58.806297,-1.3672683,-1.3672683,26,Ready1H,5.6202216,,,,26->26:Exact,none; server owns swing cadence
531,8.739017,0.017006,Tick,live-sample,true,0xF13000007A015EA7,,server,,unchecked,unchecked,none,58.806297,-1.3672683,-1.3672683,26,Ready1H,5.637228,,,,26->26:Exact,none; server owns swing cadence
532,8.755589,0.016572,Tick,live-sample,true,0xF13000007A015EA7,,server,,unchecked,unchecked,none,58.806297,-1.3672683,-1.3672683,26,Ready1H,5.6538,,,,26->26:Exact,none; server owns swing cadence
533,8.772229,0.016640,Tick,live-sample,true,0xF13000007A015EA7,,server,,unchecked,unchecked,none,58.806297,-1.3672683,-1.3672683,26,Ready1H,5.6704397,,,,26->26:Exact,none; server owns swing cadence
534,8.788920,0.016691,Tick,live-sample,true,0xF13000007A015EA7,,server,,unchecked,unchecked,none,58.806297,-1.3672683,-1.3672683,26,Ready1H,5.6871305,,,,26->26:Exact,none; server owns swing cadence
535,8.805673,0.016753,Tick,live-sample,true,0xF13000007A015EA7,,server,,unchecked,unchecked,none,58.806297,-1.3672683,-1.3672683,26,Ready1H,5.7038836,,,,26->26:Exact,none; server owns swing cadence
536,8.822282,0.016609,Tick,live-sample,true,0xF13000007A015EA7,,server,,unchecked,unchecked,none,58.806297,-1.3672683,-1.3672683,26,Ready1H,5.720493,,,,26->26:Exact,none; server owns swing cadence
537,8.838763,0.016482,Tick,live-sample,true,0xF13000007A015EA7,,server,,unchecked,unchecked,none,58.806297,-1.3672683,-1.3672683,26,Ready1H,5.7369742,,,,26->26:Exact,none; server owns swing cadence
538,8.855442,0.016679,Tick,live-sample,true,0xF13000007A015EA7,,server,,unchecked,unchecked,none,58.806297,-1.3672683,-1.3672683,26,Ready1H,5.7536526,,,,26->26:Exact,none; server owns swing cadence
539,8.872272,0.016830,Tick,live-sample,true,0xF13000007A015EA7,,server,,unchecked,unchecked,none,58.806297,-1.3672683,-1.3672683,26,Ready1H,5.7704825,,,,26->26:Exact,none; server owns swing cadence
540,8.889163,0.016891,Tick,live-sample,true,0xF13000007A015EA7,,server,,unchecked,unchecked,none,58.806297,-1.3672683,-1.3672683,26,Ready1H,5.7873735,,,,26->26:Exact,none; server owns swing cadence
541,8.906696,0.017532,Tick,live-sample,true,0xF13000007A015EA7,,server,,unchecked,unchecked,none,58.806297,-1.3672683,-1.3672683,26,Ready1H,5.804906,,,,26->26:Exact,none; server owns swing cadence
542,8.922285,0.015589,Tick,live-sample,true,0xF13000007A015EA7,,server,,unchecked,unchecked,none,58.806297,-1.3672683,-1.3672683,26,Ready1H,5.8204947,,,,26->26:Exact,none; server owns swing cadence
543,8.939132,0.016848,Tick,live-sample,true,0xF13000007A015EA7,,server,,unchecked,unchecked,none,58.806297,-1.3672683,-1.3672683,26,Ready1H,5.8373423,,,,26->26:Exact,none; server owns swing cadence
544,8.955723,0.016591,Tick,live-sample,true,0xF13000007A015EA7,,server,,unchecked,unchecked,none,58.806297,-1.3672683,-1.3672683,26,Ready1H,5.8539333,,,,26->26:Exact,none; server owns swing cadence
545,8.972519,0.016796,Tick,live-sample,true,0xF13000007A015EA7,,server,,unchecked,unchecked,none,58.806297,-1.3672683,-1.3672683,26,Ready1H,5.870729,,,,26->26:Exact,none; server owns swing cadence
546,8.988942,0.016423,Tick,live-sample,true,0xF13000007A015EA7,,server,,unchecked,unchecked,none,58.806297,-1.3672683,-1.3672683,26,Ready1H,5.887152,,,,26->26:Exact,none; server owns swing cadence
547,9.005590,0.016648,Tick,live-sample,true,0xF13000007A015EA7,,server,,unchecked,unchecked,none,58.806297,-1.3672683,-1.3672683,26,Ready1H,5.9038,,,,26->26:Exact,none; server owns swing cadence
548,9.022511,0.016921,Tick,live-sample,true,0xF13000007A015EA7,,server,,unchecked,unchecked,none,58.806297,-1.3672683,-1.3672683,26,Ready1H,5.9207215,,,,26->26:Exact,none; server owns swing cadence
549,9.039104,0.016593,Tick,live-sample,true,0xF13000007A015EA7,,server,,unchecked,unchecked,none,58.806297,-1.3672683,-1.3672683,26,Ready1H,5.9373145,,,,26->26:Exact,none; server owns swing cadence
550,9.055492,0.016387,Tick,live-sample,true,0xF13000007A015EA7,,server,,unchecked,unchecked,none,58.806297,-1.3672683,-1.3672683,26,Ready1H,5.953702,,,,26->26:Exact,none; server owns swing cadence
551,9.072513,0.017021,Tick,live-sample,true,0xF13000007A015EA7,,server,,unchecked,unchecked,none,58.806297,-1.3672683,-1.3672683,26,Ready1H,5.970723,,,,26->26:Exact,none; server owns swing cadence
552,9.089022,0.016509,Tick,live-sample,true,0xF13000007A015EA7,,server,,unchecked,unchecked,none,58.806297,-1.3672683,-1.3672683,26,Ready1H,5.9872327,,,,26->26:Exact,none; server owns swing cadence
553,9.107096,0.018074,Tick,live-sample,true,0xF13000007A015EA7,,server,,unchecked,unchecked,none,58.806297,-1.3672683,-1.3672683,26,Ready1H,6.0053062,,,,26->26:Exact,none; server owns swing cadence
554,9.122314,0.015219,Tick,live-sample,true,0xF13000007A015EA7,,server,,unchecked,unchecked,none,58.806297,-1.3672683,-1.3672683,26,Ready1H,6.020525,,,,26->26:Exact,none; server owns swing cadence
555,9.139196,0.016882,Tick,live-sample,true,0xF13000007A015EA7,,server,,unchecked,unchecked,none,58.806297,-1.3672683,-1.3672683,26,Ready1H,6.0374064,,,,26->26:Exact,none; server owns swing cadence
556,9.155819,0.016623,Tick,live-sample,true,0xF13000007A015EA7,,server,,unchecked,unchecked,none,58.806297,-1.3672683,-1.3672683,26,Ready1H,6.054029,,,,26->26:Exact,none; server owns swing cadence
557,9.173051,0.017232,Tick,live-sample,true,0xF13000007A015EA7,,server,,unchecked,unchecked,none,58.806297,-1.3672683,-1.3672683,26,Ready1H,6.0712614,,,,26->26:Exact,none; server owns swing cadence
558,9.189214,0.016163,Tick,live-sample,true,0xF13000007A015EA7,,server,,unchecked,unchecked,none,58.806297,-1.3672683,-1.3672683,26,Ready1H,6.087424,,,,26->26:Exact,none; server owns swing cadence
559,9.205656,0.016442,Tick,live-sample,true,0xF13000007A015EA7,,server,,unchecked,unchecked,none,58.806297,-1.3672683,-1.3672683,26,Ready1H,6.1038656,,,,26->26:Exact,none; server owns swing cadence
560,9.222451,0.016795,Tick,live-sample,true,0xF13000007A015EA7,,server,,unchecked,unchecked,none,58.806297,-1.3672683,-1.3672683,26,Ready1H,6.1206613,,,,26->26:Exact,none; server owns swing cadence
561,9.239680,0.017229,Tick,live-sample,true,0xF13000007A015EA7,,server,,unchecked,unchecked,none,58.806297,-1.3672683,-1.3672683,26,Ready1H,6.1378903,,,,26->26:Exact,none; server owns swing cadence
562,9.255849,0.016169,Tick,live-sample,true,0xF13000007A015EA7,,server,,unchecked,unchecked,none,58.806297,-1.3672683,-1.3672683,26,Ready1H,6.1540594,,,,26->26:Exact,none; server owns swing cadence
563,9.272693,0.016844,Tick,live-sample,true,0xF13000007A015EA7,,server,,unchecked,unchecked,none,58.806297,-1.3672683,-1.3672683,26,Ready1H,6.170903,,,,26->26:Exact,none; server owns swing cadence
564,9.289171,0.016477,Tick,live-sample,true,0xF13000007A015EA7,,server,,unchecked,unchecked,none,58.806297,-1.3672683,-1.3672683,26,Ready1H,6.187381,,,,26->26:Exact,none; server owns swing cadence
565,9.307759,0.018588,Tick,live-sample,true,0xF13000007A015EA7,,server,,unchecked,unchecked,none,58.806297,-1.3672683,-1.3672683,26,Ready1H,6.205969,,,,26->26:Exact,none; server owns swing cadence
566,9.322575,0.014816,Tick,live-sample,true,0xF13000007A015EA7,,server,,unchecked,unchecked,none,58.806297,-1.3672683,-1.3672683,26,Ready1H,6.2207847,,,,26->26:Exact,none; server owns swing cadence
567,9.339330,0.016756,Tick,live-sample,true,0xF13000007A015EA7,,server,,unchecked,unchecked,none,58.806297,-1.3672683,-1.3672683,26,Ready1H,6.2375402,,,,26->26:Exact,none; server owns swing cadence
568,9.356005,0.016675,Tick,live-sample,true,0xF13000007A015EA7,,server,,unchecked,unchecked,none,58.806297,-1.3672683,-1.3672683,26,Ready1H,6.254215,,,,26->26:Exact,none; server owns swing cadence
569,9.372513,0.016508,Tick,live-sample,true,0xF13000007A015EA7,,server,,unchecked,unchecked,none,58.806297,-1.3672683,-1.3672683,26,Ready1H,6.270723,,,,26->26:Exact,none; server owns swing cadence
570,9.389313,0.016800,Tick,live-sample,true,0xF13000007A015EA7,,server,,unchecked,unchecked,none,58.806297,-1.3672683,-1.3672683,26,Ready1H,6.287523,,,,26->26:Exact,none; server owns swing cadence
571,9.406643,0.017330,Tick,live-sample,true,0xF13000007A015EA7,,server,,unchecked,unchecked,none,58.806297,-1.3672683,-1.3672683,26,Ready1H,6.304853,,,,26->26:Exact,none; server owns swing cadence
572,9.422759,0.016116,Tick,live-sample,true,0xF13000007A015EA7,,server,,unchecked,unchecked,none,58.806297,-1.3672683,-1.3672683,26,Ready1H,6.3209686,,,,26->26:Exact,none; server owns swing cadence
573,9.439391,0.016632,Tick,live-sample,true,0xF13000007A015EA7,,server,,unchecked,unchecked,none,58.806297,-1.3672683,-1.3672683,26,Ready1H,6.3376007,,,,26->26:Exact,none; server owns swing cadence
574,9.455918,0.016527,Tick,live-sample,true,0xF13000007A015EA7,,server,,unchecked,unchecked,none,58.806297,-1.3672683,-1.3672683,26,Ready1H,6.3541274,,,,26->26:Exact,none; server owns swing cadence
575,9.472909,0.016991,Tick,live-sample,true,0xF13000007A015EA7,,server,,unchecked,unchecked,none,58.806297,-1.3672683,-1.3672683,26,Ready1H,6.371119,,,,26->26:Exact,none; server owns swing cadence
576,9.489389,0.016480,Tick,live-sample,true,0xF13000007A015EA7,,server,,unchecked,unchecked,none,58.806297,-1.3672683,-1.3672683,26,Ready1H,6.3875985,,,,26->26:Exact,none; server owns swing cadence
577,9.506544,0.017156,Tick,live-sample,true,0xF13000007A015EA7,,server,,unchecked,unchecked,none,58.806297,-1.3672683,-1.3672683,26,Ready1H,6.404754,,,,26->26:Exact,none; server owns swing cadence
578,9.522807,0.016263,Tick,live-sample,true,0xF13000007A015EA7,,server,,unchecked,unchecked,none,58.806297,-1.3672683,-1.3672683,26,Ready1H,6.4210167,,,,26->26:Exact,none; server owns swing cadence
579,9.539614,0.016807,Tick,live-sample,true,0xF13000007A015EA7,,server,,unchecked,unchecked,none,58.806297,-1.3672683,-1.3672683,26,Ready1H,6.437824,,,,26->26:Exact,none; server owns swing cadence
580,9.556015,0.016401,Tick,live-sample,true,0xF13000007A015EA7,,server,,unchecked,unchecked,none,58.806297,-1.3672683,-1.3672683,26,Ready1H,6.4542246,,,,26->26:Exact,none; server owns swing cadence
581,9.572660,0.016645,Tick,live-sample,true,0xF13000007A015EA7,,server,,unchecked,unchecked,none,58.806297,-1.3672683,-1.3672683,26,Ready1H,6.47087,,,,26->26:Exact,none; server owns swing cadence
582,9.589538,0.016878,Tick,live-sample,true,0xF13000007A015EA7,,server,,unchecked,unchecked,none,58.806297,-1.3672683,-1.3672683,26,Ready1H,6.487748,,,,26->26:Exact,none; server owns swing cadence
583,9.606936,0.017398,Tick,live-sample,true,0xF13000007A015EA7,,server,,unchecked,unchecked,none,58.806297,-1.3672683,-1.3672683,26,Ready1H,6.505146,,,,26->26:Exact,none; server owns swing cadence
584,9.622712,0.015776,Tick,live-sample,true,0xF13000007A015EA7,,server,,unchecked,unchecked,none,58.806297,-1.3672683,-1.3672683,26,Ready1H,6.5209217,,,,26->26:Exact,none; server owns swing cadence
585,9.639674,0.016962,Tick,live-sample,true,0xF13000007A015EA7,,server,,unchecked,unchecked,none,58.806297,-1.3672683,-1.3672683,26,Ready1H,6.5378838,,,,26->26:Exact,none; server owns swing cadence
586,9.656437,0.016763,Tick,live-sample,true,0xF13000007A015EA7,,server,,unchecked,unchecked,none,58.806297,-1.3672683,-1.3672683,26,Ready1H,6.5546465,,,,26->26:Exact,none; server owns swing cadence
587,9.673104,0.016668,Tick,live-sample,true,0xF13000007A015EA7,,server,,unchecked,unchecked,none,58.806297,-1.3672683,-1.3672683,26,Ready1H,6.5713143,,,,26->26:Exact,none; server owns swing cadence
588,9.689769,0.016665,Tick,live-sample,true,0xF13000007A015EA7,,server,,unchecked,unchecked,none,58.806297,-1.3672683,-1.3672683,26,Ready1H,6.5879793,,,,26->26:Exact,none; server owns swing cadence
589,9.706243,0.016474,Tick,live-sample,true,0xF13000007A015EA7,,server,,unchecked,unchecked,none,58.806297,-1.3672683,-1.3672683,26,Ready1H,6.604453,,,,26->26:Exact,none; server owns swing cadence
590,9.722870,0.016627,Tick,live-sample,true,0xF13000007A015EA7,,server,,unchecked,unchecked,none,58.806297,-1.3672683,-1.3672683,26,Ready1H,6.62108,,,,26->26:Exact,none; server owns swing cadence
591,9.739831,0.016961,Tick,live-sample,true,0xF13000007A015EA7,,server,,unchecked,unchecked,none,58.806297,-1.3672683,-1.3672683,26,Ready1H,6.6380405,,,,26->26:Exact,none; server owns swing cadence
592,9.756373,0.016542,Tick,live-sample,true,0xF13000007A015EA7,,server,,unchecked,unchecked,none,58.806297,-1.3672683,-1.3672683,26,Ready1H,6.654582,,,,26->26:Exact,none; server owns swing cadence
593,9.773125,0.016753,Tick,live-sample,true,0xF13000007A015EA7,,server,,unchecked,unchecked,none,58.806297,-1.3672683,-1.3672683,26,Ready1H,6.6713347,,,,26->26:Exact,none; server owns swing cadence
594,9.789630,0.016505,Tick,live-sample,true,0xF13000007A015EA7,,server,,unchecked,unchecked,none,58.806297,-1.3672683,-1.3672683,26,Ready1H,6.6878395,,,,26->26:Exact,none; server owns swing cadence
595,9.807146,0.017516,Tick,live-sample,true,0xF13000007A015EA7,,server,,unchecked,unchecked,none,58.806297,-1.3672683,-1.3672683,26,Ready1H,6.7053556,,,,26->26:Exact,none; server owns swing cadence
596,9.822843,0.015697,Tick,live-sample,true,0xF13000007A015EA7,,server,,unchecked,unchecked,none,58.806297,-1.3672683,-1.3672683,26,Ready1H,6.7210526,,,,26->26:Exact,none; server owns swing cadence
597,9.839590,0.016747,Tick,live-sample,true,0xF13000007A015EA7,,server,,unchecked,unchecked,none,58.806297,-1.3672683,-1.3672683,26,Ready1H,6.7378,,,,26->26:Exact,none; server owns swing cadence
598,9.856251,0.016660,Tick,live-sample,true,0xF13000007A015EA7,,server,,unchecked,unchecked,none,58.806297,-1.3672683,-1.3672683,26,Ready1H,6.7544603,,,,26->26:Exact,none; server owns swing cadence
599,9.873005,0.016754,Tick,live-sample,true,0xF13000007A015EA7,,server,,unchecked,unchecked,none,58.806297,-1.3672683,-1.3672683,26,Ready1H,6.7712145,,,,26->26:Exact,none; server owns swing cadence
600,9.890261,0.017256,Tick,live-sample,true,0xF13000007A015EA7,,server,,unchecked,unchecked,none,58.806297,-1.3672683,-1.3672683,26,Ready1H,6.7884707,,,,26->26:Exact,none; server owns swing cadence
601,9.907266,0.017005,Tick,live-sample,true,0xF13000007A015EA7,,server,,unchecked,unchecked,none,58.806297,-1.3672683,-1.3672683,26,Ready1H,6.8054757,,,,26->26:Exact,none; server owns swing cadence
602,9.923260,0.015994,Tick,live-sample,true,0xF13000007A015EA7,,server,,unchecked,unchecked,none,58.806297,-1.3672683,-1.3672683,26,Ready1H,6.82147,,,,26->26:Exact,none; server owns swing cadence
603,9.939816,0.016555,Tick,live-sample,true,0xF13000007A015EA7,,server,,unchecked,unchecked,none,58.806297,-1.3672683,-1.3672683,26,Ready1H,6.838025,,,,26->26:Exact,none; server owns swing cadence
604,9.956733,0.016917,Tick,live-sample,true,0xF13000007A015EA7,,server,,unchecked,unchecked,none,58.806297,-1.3672683,-1.3672683,26,Ready1H,6.8549423,,,,26->26:Exact,none; server owns swing cadence
605,9.973547,0.016814,Tick,live-sample,true,0xF13000007A015EA7,,server,,unchecked,unchecked,none,58.806297,-1.3672683,-1.3672683,26,Ready1H,6.8717566,,,,26->26:Exact,none; server owns swing cadence
606,9.990128,0.016581,Tick,live-sample,true,0xF13000007A015EA7,,server,,unchecked,unchecked,none,58.806297,-1.3672683,-1.3672683,26,Ready1H,6.888337,,,,26->26:Exact,none; server owns swing cadence
607,10.007314,0.017186,Tick,live-sample,true,0xF13000007A015EA7,,server,,unchecked,unchecked,none,58.806297,-1.3672683,-1.3672683,26,Ready1H,6.905523,,,,26->26:Exact,none; server owns swing cadence
608,10.023236,0.015922,Tick,live-sample,true,0xF13000007A015EA7,,server,,unchecked,unchecked,none,58.806297,-1.3672683,-1.3672683,26,Ready1H,6.921445,,,,26->26:Exact,none; server owns swing cadence
609,10.039795,0.016559,Tick,live-sample,true,0xF13000007A015EA7,,server,,unchecked,unchecked,none,58.806297,-1.3672683,-1.3672683,26,Ready1H,6.938004,,,,26->26:Exact,none; server owns swing cadence
610,10.056902,0.017106,Tick,live-sample,true,0xF13000007A015EA7,,server,,unchecked,unchecked,none,58.806297,-1.3672683,-1.3672683,26,Ready1H,6.9551105,,,,26->26:Exact,none; server owns swing cadence
611,10.073244,0.016342,Tick,live-sample,true,0xF13000007A015EA7,,server,,unchecked,unchecked,none,58.806297,-1.3672683,-1.3672683,26,Ready1H,6.971452,,,,26->26:Exact,none; server owns swing cadence
612,10.089782,0.016538,Tick,live-sample,true,0xF13000007A015EA7,,server,,unchecked,unchecked,none,58.806297,-1.3672683,-1.3672683,26,Ready1H,6.98799,,,,26->26:Exact,none; server owns swing cadence
613,10.106625,0.016843,Tick,live-sample,true,0xF13000007A015EA7,,server,,unchecked,unchecked,none,58.806297,-1.3672683,-1.3672683,26,Ready1H,7.004833,,,,26->26:Exact,none; server owns swing cadence
614,10.123227,0.016602,Tick,live-sample,true,0xF13000007A015EA7,,server,,unchecked,unchecked,none,58.806297,-1.3672683,-1.3672683,26,Ready1H,7.0214357,,,,26->26:Exact,none; server owns swing cadence
615,10.139793,0.016566,Tick,live-sample,true,0xF13000007A015EA7,,server,,unchecked,unchecked,none,58.806297,-1.3672683,-1.3672683,26,Ready1H,7.0380015,,,,26->26:Exact,none; server owns swing cadence
616,10.156476,0.016683,Tick,live-sample,true,0xF13000007A015EA7,,server,,unchecked,unchecked,none,58.806297,-1.3672683,-1.3672683,26,Ready1H,7.0546846,,,,26->26:Exact,none; server owns swing cadence
617,10.173466,0.016990,Tick,live-sample,true,0xF13000007A015EA7,,server,,unchecked,unchecked,none,58.806297,-1.3672683,-1.3672683,26,Ready1H,7.071675,,,,26->26:Exact,none; server owns swing cadence
618,10.190678,0.017211,Tick,live-sample,true,0xF13000007A015EA7,,server,,unchecked,unchecked,none,58.806297,-1.3672683,-1.3672683,26,Ready1H,7.0888863,,,,26->26:Exact,none; server owns swing cadence
619,10.208228,0.017550,Tick,live-sample,true,0xF13000007A015EA7,,server,,unchecked,unchecked,none,58.806297,-1.3672683,-1.3672683,26,Ready1H,7.1064363,,,,26->26:Exact,none; server owns swing cadence
620,10.223557,0.015330,Tick,live-sample,true,0xF13000007A015EA7,,server,,unchecked,unchecked,none,58.806297,-1.3672683,-1.3672683,26,Ready1H,7.121766,,,,26->26:Exact,none; server owns swing cadence
621,10.240091,0.016534,Tick,live-sample,true,0xF13000007A015EA7,,server,,unchecked,unchecked,none,58.806297,-1.3672683,-1.3672683,26,Ready1H,7.1383004,,,,26->26:Exact,none; server owns swing cadence
622,10.256909,0.016817,Tick,live-sample,true,0xF13000007A015EA7,,server,,unchecked,unchecked,none,58.806297,-1.3672683,-1.3672683,26,Ready1H,7.1551175,,,,26->26:Exact,none; server owns swing cadence
623,10.273326,0.016417,Tick,live-sample,true,0xF13000007A015EA7,,server,,unchecked,unchecked,none,58.806297,-1.3672683,-1.3672683,26,Ready1H,7.171535,,,,26->26:Exact,none; server owns swing cadence
624,10.290190,0.016863,Tick,live-sample,true,0xF13000007A015EA7,,server,,unchecked,unchecked,none,58.806297,-1.3672683,-1.3672683,26,Ready1H,7.1883984,,,,26->26:Exact,none; server owns swing cadence
625,10.306817,0.016627,Tick,live-sample,true,0xF13000007A015EA7,,server,,unchecked,unchecked,none,58.806297,-1.3672683,-1.3672683,26,Ready1H,7.2050257,,,,26->26:Exact,none; server owns swing cadence
626,10.324124,0.017307,Tick,live-sample,true,0xF13000007A015EA7,,server,,unchecked,unchecked,none,58.806297,-1.3672683,-1.3672683,26,Ready1H,7.2223325,,,,26->26:Exact,none; server owns swing cadence
627,10.340397,0.016273,Tick,live-sample,true,0xF13000007A015EA7,,server,,unchecked,unchecked,none,58.806297,-1.3672683,-1.3672683,26,Ready1H,7.2386055,,,,26->26:Exact,none; server owns swing cadence
628,10.356664,0.016267,Tick,live-sample,true,0xF13000007A015EA7,,server,,unchecked,unchecked,none,58.806297,-1.3672683,-1.3672683,26,Ready1H,7.2548723,,,,26->26:Exact,none; server owns swing cadence
629,10.373576,0.016912,Tick,live-sample,true,0xF13000007A015EA7,,server,,unchecked,unchecked,none,58.806297,-1.3672683,-1.3672683,26,Ready1H,7.2717843,,,,26->26:Exact,none; server owns swing cadence
630,10.390307,0.016732,Tick,live-sample,true,0xF13000007A015EA7,,server,,unchecked,unchecked,none,58.806297,-1.3672683,-1.3672683,26,Ready1H,7.288516,,,,26->26:Exact,none; server owns swing cadence
631,10.408422,0.018115,Tick,live-sample,true,0xF13000007A015EA7,,server,,unchecked,unchecked,none,58.806297,-1.3672683,-1.3672683,26,Ready1H,7.306631,,,,26->26:Exact,none; server owns swing cadence
632,10.423248,0.014825,Tick,live-sample,true,0xF13000007A015EA7,,server,,unchecked,unchecked,none,58.806297,-1.3672683,-1.3672683,26,Ready1H,7.3214564,,,,26->26:Exact,none; server owns swing cadence
633,10.440120,0.016872,Tick,live-sample,true,0xF13000007A015EA7,,server,,unchecked,unchecked,none,58.806297,-1.3672683,-1.3672683,26,Ready1H,7.338329,,,,26->26:Exact,none; server owns swing cadence
634,10.456853,0.016734,Tick,live-sample,true,0xF13000007A015EA7,,server,,unchecked,unchecked,none,58.806297,-1.3672683,-1.3672683,26,Ready1H,7.3550625,,,,26->26:Exact,none; server owns swing cadence
635,10.473734,0.016881,Tick,live-sample,true,0xF13000007A015EA7,,server,,unchecked,unchecked,none,58.806297,-1.3672683,-1.3672683,26,Ready1H,7.3719435,,,,26->26:Exact,none; server owns swing cadence
636,10.490524,0.016790,Tick,live-sample,true,0xF13000007A015EA7,,server,,unchecked,unchecked,none,58.806297,-1.3672683,-1.3672683,26,Ready1H,7.388733,,,,26->26:Exact,none; server owns swing cadence
637,10.507760,0.017236,Tick,live-sample,true,0xF13000007A015EA7,,server,,unchecked,unchecked,none,58.806297,-1.3672683,-1.3672683,26,Ready1H,7.405969,,,,26->26:Exact,none; server owns swing cadence
638,10.523913,0.016153,Tick,live-sample,true,0xF13000007A015EA7,,server,,unchecked,unchecked,none,58.806297,-1.3672683,-1.3672683,26,Ready1H,7.4221225,,,,26->26:Exact,none; server owns swing cadence
639,10.540289,0.016375,Tick,live-sample,true,0xF13000007A015EA7,,server,,unchecked,unchecked,none,58.806297,-1.3672683,-1.3672683,26,Ready1H,7.4384975,,,,26->26:Exact,none; server owns swing cadence
640,10.556990,0.016701,Tick,live-sample,true,0xF13000007A015EA7,,server,,unchecked,unchecked,none,58.806297,-1.3672683,-1.3672683,26,Ready1H,7.455199,,,,26->26:Exact,none; server owns swing cadence
641,10.573728,0.016738,Tick,live-sample,true,0xF13000007A015EA7,,server,,unchecked,unchecked,none,58.806297,-1.3672683,-1.3672683,26,Ready1H,7.4719367,,,,26->26:Exact,none; server owns swing cadence
642,10.590712,0.016984,Tick,live-sample,true,0xF13000007A015EA7,,server,,unchecked,unchecked,none,58.806297,-1.3672683,-1.3672683,26,Ready1H,7.4889207,,,,26->26:Exact,none; server owns swing cadence
643,10.607105,0.016393,Tick,live-sample,true,0xF13000007A015EA7,,server,,unchecked,unchecked,none,58.806297,-1.3672683,-1.3672683,26,Ready1H,7.505314,,,,26->26:Exact,none; server owns swing cadence
644,10.623688,0.016583,Tick,live-sample,true,0xF13000007A015EA7,,server,,unchecked,unchecked,none,58.806297,-1.3672683,-1.3672683,26,Ready1H,7.521897,,,,26->26:Exact,none; server owns swing cadence
645,10.640557,0.016869,Tick,live-sample,true,0xF13000007A015EA7,,server,,unchecked,unchecked,none,58.806297,-1.3672683,-1.3672683,26,Ready1H,7.538766,,,,26->26:Exact,none; server owns swing cadence
646,10.657243,0.016686,Tick,live-sample,true,0xF13000007A015EA7,,server,,unchecked,unchecked,none,58.806297,-1.3672683,-1.3672683,26,Ready1H,7.555452,,,,26->26:Exact,none; server owns swing cadence
647,10.673919,0.016676,Tick,live-sample,true,0xF13000007A015EA7,,server,,unchecked,unchecked,none,58.806297,-1.3672683,-1.3672683,26,Ready1H,7.572128,,,,26->26:Exact,none; server owns swing cadence
648,10.690293,0.016374,Tick,live-sample,true,0xF13000007A015EA7,,server,,unchecked,unchecked,none,58.806297,-1.3672683,-1.3672683,26,Ready1H,7.588502,,,,26->26:Exact,none; server owns swing cadence
649,10.707913,0.017619,Tick,live-sample,true,0xF13000007A015EA7,,server,,unchecked,unchecked,none,58.806297,-1.3672683,-1.3672683,26,Ready1H,7.606121,,,,26->26:Exact,none; server owns swing cadence
650,10.723809,0.015896,Tick,live-sample,true,0xF13000007A015EA7,,server,,unchecked,unchecked,none,58.806297,-1.3672683,-1.3672683,26,Ready1H,7.6220174,,,,26->26:Exact,none; server owns swing cadence
651,10.740715,0.016906,Tick,live-sample,true,0xF13000007A015EA7,,server,,unchecked,unchecked,none,58.806297,-1.3672683,-1.3672683,26,Ready1H,7.6389236,,,,26->26:Exact,none; server owns swing cadence
652,10.756994,0.016279,Tick,live-sample,true,0xF13000007A015EA7,,server,,unchecked,unchecked,none,58.806297,-1.3672683,-1.3672683,26,Ready1H,7.6552024,,,,26->26:Exact,none; server owns swing cadence
653,10.773767,0.016773,Tick,live-sample,true,0xF13000007A015EA7,,server,,unchecked,unchecked,none,58.806297,-1.3672683,-1.3672683,26,Ready1H,7.6719756,,,,26->26:Exact,none; server owns swing cadence
654,10.790652,0.016885,Tick,live-sample,true,0xF13000007A015EA7,,server,,unchecked,unchecked,none,58.806297,-1.3672683,-1.3672683,26,Ready1H,7.68886,,,,26->26:Exact,none; server owns swing cadence
655,10.807166,0.016515,Tick,live-sample,true,0xF13000007A015EA7,,server,,unchecked,unchecked,none,58.806297,-1.3672683,-1.3672683,26,Ready1H,7.7053742,,,,26->26:Exact,none; server owns swing cadence
656,10.823824,0.016658,Tick,live-sample,true,0xF13000007A015EA7,,server,,unchecked,unchecked,none,58.806297,-1.3672683,-1.3672683,26,Ready1H,7.722032,,,,26->26:Exact,none; server owns swing cadence
657,10.840511,0.016687,Tick,live-sample,true,0xF13000007A015EA7,,server,,unchecked,unchecked,none,58.806297,-1.3672683,-1.3672683,26,Ready1H,7.7387195,,,,26->26:Exact,none; server owns swing cadence
658,10.857323,0.016812,Tick,live-sample,true,0xF13000007A015EA7,,server,,unchecked,unchecked,none,58.806297,-1.3672683,-1.3672683,26,Ready1H,7.755532,,,,26->26:Exact,none; server owns swing cadence
659,10.874143,0.016820,Tick,live-sample,true,0xF13000007A015EA7,,server,,unchecked,unchecked,none,58.806297,-1.3672683,-1.3672683,26,Ready1H,7.7723517,,,,26->26:Exact,none; server owns swing cadence
660,10.890537,0.016393,Tick,live-sample,true,0xF13000007A015EA7,,server,,unchecked,unchecked,none,58.806297,-1.3672683,-1.3672683,26,Ready1H,7.788745,,,,26->26:Exact,none; server owns swing cadence
661,10.908296,0.017759,Tick,live-sample,true,0xF13000007A015EA7,,server,,unchecked,unchecked,none,58.806297,-1.3672683,-1.3672683,26,Ready1H,7.8065042,,,,26->26:Exact,none; server owns swing cadence
662,10.923869,0.015573,Tick,live-sample,true,0xF13000007A015EA7,,server,,unchecked,unchecked,none,58.806297,-1.3672683,-1.3672683,26,Ready1H,7.8220778,,,,26->26:Exact,none; server owns swing cadence
663,10.940786,0.016916,Tick,live-sample,true,0xF13000007A015EA7,,server,,unchecked,unchecked,none,58.806297,-1.3672683,-1.3672683,26,Ready1H,7.838994,,,,26->26:Exact,none; server owns swing cadence
664,10.957353,0.016568,Tick,live-sample,true,0xF13000007A015EA7,,server,,unchecked,unchecked,none,58.806297,-1.3672683,-1.3672683,26,Ready1H,7.8555617,,,,26->26:Exact,none; server owns swing cadence
665,10.973848,0.016495,Tick,live-sample,true,0xF13000007A015EA7,,server,,unchecked,unchecked,none,58.806297,-1.3672683,-1.3672683,26,Ready1H,7.8720565,,,,26->26:Exact,none; server owns swing cadence
666,10.990721,0.016873,Tick,live-sample,true,0xF13000007A015EA7,,server,,unchecked,unchecked,none,58.806297,-1.3672683,-1.3672683,26,Ready1H,7.8889294,,,,26->26:Exact,none; server owns swing cadence
667,11.007220,0.016499,Tick,live-sample,true,0xF13000007A015EA7,,server,,unchecked,unchecked,none,58.806297,-1.3672683,-1.3672683,26,Ready1H,7.905428,,,,26->26:Exact,none; server owns swing cadence
668,11.024177,0.016957,Tick,live-sample,true,0xF13000007A015EA7,,server,,unchecked,unchecked,none,58.806297,-1.3672683,-1.3672683,26,Ready1H,7.9223847,,,,26->26:Exact,none; server owns swing cadence
669,11.040775,0.016598,Tick,live-sample,true,0xF13000007A015EA7,,server,,unchecked,unchecked,none,58.806297,-1.3672683,-1.3672683,26,Ready1H,7.938983,,,,26->26:Exact,none; server owns swing cadence
670,11.057337,0.016562,Tick,live-sample,true,0xF13000007A015EA7,,server,,unchecked,unchecked,none,58.806297,-1.3672683,-1.3672683,26,Ready1H,7.955545,,,,26->26:Exact,none; server owns swing cadence
671,11.057337,0.000000,AttackStopSend,network-session-send,true,0x0000000000000000,CMSG_ATTACKSTOP,server,,unchecked,unchecked,none,-1,,,26,Ready1H,7.955545,,,,26->26:Exact,CMSG_ATTACKSTOP
672,11.057337,0.000000,IntentOff,user-cancel,true,0xF13000007A015EA7,,server,,unchecked,unchecked,none,58.806297,-1.3672683,-1.3672683,26,Ready1H,7.955545,,,,26->26:Exact,local attack latch edge
673,11.073963,0.016626,Tick,live-sample,false,0x0000000000000000,,server,,unchecked,unchecked,none,-1,,,26,Ready1H,7.972171,,,,26->26:Exact,none; server owns swing cadence
