row,t,dt,event,cause,intentOn,targetGuid,opcode,swingTimerOwner,weaponSpeedMs,rangeEligibility,arcEligibility,clientAction,distance,bearingDelta,clipId,clipName,clipTime,clipB,clipBTime,blendWeight,animChoice,detail
0,0.000000,0.000000,TraceStart,operator,false,0x0000000000000000,,server,,unchecked,unchecked,none,-1,,26,Ready1H,0.049734898,Run,5.111452,0.2569059,26->26:Exact,server-authoritative swing timing; client range/arc gates absent
1,0.017167,0.017167,Tick,live-sample,false,0x0000000000000000,,server,,unchecked,unchecked,none,-1,,26,Ready1H,0.066901796,Run,5.1287565,0.41933268,26->26:Exact,none; server owns swing cadence
2,0.017167,0.000000,AttackSwingSend,network-session-send,false,0xF13000007900B1EF,CMSG_ATTACKSWING,server,,unchecked,unchecked,none,83.81245,-2.674519,26,Ready1H,0.066901796,Run,5.1287565,0.41933268,26->26:Exact,CMSG_ATTACKSWING
3,0.017167,0.000000,IntentOn,user-start,true,0xF13000007900B1EF,,server,,unchecked,unchecked,none,83.81245,-2.674519,26,Ready1H,0.066901796,Run,5.1287565,0.41933268,26->26:Exact,local attack latch edge
4,0.033358,0.016191,Tick,live-sample,true,0xF13000007900B1EF,,server,,unchecked,unchecked,none,83.81245,-2.674519,26,Ready1H,0.083092496,Run,5.1450768,0.5806109,26->26:Exact,none; server owns swing cadence
5,0.049884,0.016526,Tick,live-sample,true,0xF13000007900B1EF,,server,,unchecked,unchecked,none,83.81245,-2.674519,26,Ready1H,0.09961899,Run,5.1617355,0.7373476,26->26:Exact,none; server owns swing cadence
6,0.066620,0.016736,Tick,live-sample,true,0xF13000007900B1EF,,server,,unchecked,unchecked,none,83.81245,-2.674519,26,Ready1H,0.11635539,Run,5.178606,0.8716405,26->26:Exact,none; server owns swing cadence
7,0.066620,0.000000,AttackStopReceive,server,true,0xF13000007900B1EF,SMSG_ATTACKSTOP,server,,unchecked,unchecked,none,83.81245,-2.674519,26,Ready1H,0.11635539,Run,5.178606,0.8716405,26->26:Exact,attacker=0x0000000000000001 victimDied=False
8,0.066620,0.000000,AttackStartReceive,server,true,0xF13000007900B1EF,SMSG_ATTACKSTART,server,,unchecked,unchecked,none,83.81245,-2.674519,26,Ready1H,0.11635539,Run,5.178606,0.8716405,26->26:Exact,attacker=0x0000000000000001
9,0.083149,0.016529,Tick,live-sample,true,0xF13000007900B1EF,,server,,unchecked,unchecked,none,83.81245,-2.674519,26,Ready1H,0.13288409,Run,5.1952667,0.96391076,26->26:Exact,none; server owns swing cadence
10,0.100069,0.016920,Tick,live-sample,true,0xF13000007900B1EF,,server,,unchecked,unchecked,none,83.81245,-2.674519,26,Ready1H,0.14980379,Run,5.2123218,0.9999949,26->26:Exact,none; server owns swing cadence
11,0.116564,0.016495,Tick,live-sample,true,0xF13000007900B1EF,,server,,unchecked,unchecked,none,83.81245,-2.674519,26,Ready1H,0.1662985,,,,26->26:Exact,none; server owns swing cadence
12,0.133264,0.016700,Tick,live-sample,true,0xF13000007900B1EF,,server,,unchecked,unchecked,none,83.81245,-2.674519,26,Ready1H,0.18299879,,,,26->26:Exact,none; server owns swing cadence
13,0.149920,0.016656,Tick,live-sample,true,0xF13000007900B1EF,,server,,unchecked,unchecked,none,83.81245,-2.674519,26,Ready1H,0.199655,,,,26->26:Exact,none; server owns swing cadence
14,0.166699,0.016779,Tick,live-sample,true,0xF13000007900B1EF,,server,,unchecked,unchecked,none,83.81245,-2.674519,26,Ready1H,0.2164342,,,,26->26:Exact,none; server owns swing cadence
15,0.183180,0.016481,Tick,live-sample,true,0xF13000007900B1EF,,server,,unchecked,unchecked,none,83.81245,-2.674519,26,Ready1H,0.2329151,,,,26->26:Exact,none; server owns swing cadence
16,0.200131,0.016951,Tick,live-sample,true,0xF13000007900B1EF,,server,,unchecked,unchecked,none,83.81245,-2.674519,26,Ready1H,0.2498663,,,,26->26:Exact,none; server owns swing cadence
17,0.217725,0.017594,Tick,live-sample,true,0xF13000007900B1EF,,server,,unchecked,unchecked,none,83.81245,-2.674519,26,Ready1H,0.26746032,,,,26->26:Exact,none; server owns swing cadence
18,0.233403,0.015678,Tick,live-sample,true,0xF13000007900B1EF,,server,,unchecked,unchecked,none,83.81245,-2.674519,26,Ready1H,0.28313783,,,,26->26:Exact,none; server owns swing cadence
19,0.249950,0.016547,Tick,live-sample,true,0xF13000007900B1EF,,server,,unchecked,unchecked,none,83.81245,-2.674519,26,Ready1H,0.29968512,,,,26->26:Exact,none; server owns swing cadence
20,0.266730,0.016780,Tick,live-sample,true,0xF13000007900B1EF,,server,,unchecked,unchecked,none,83.81245,-2.674519,26,Ready1H,0.3164651,,,,26->26:Exact,none; server owns swing cadence
21,0.283325,0.016594,Tick,live-sample,true,0xF13000007900B1EF,,server,,unchecked,unchecked,none,83.81245,-2.674519,26,Ready1H,0.3330596,,,,26->26:Exact,none; server owns swing cadence
22,0.300166,0.016841,Tick,live-sample,true,0xF13000007900B1EF,,server,,unchecked,unchecked,none,83.81245,-2.674519,26,Ready1H,0.3499011,,,,26->26:Exact,none; server owns swing cadence
23,0.316761,0.016595,Tick,live-sample,true,0xF13000007900B1EF,,server,,unchecked,unchecked,none,83.81245,-2.674519,26,Ready1H,0.3664964,,,,26->26:Exact,none; server owns swing cadence
24,0.333338,0.016577,Tick,live-sample,true,0xF13000007900B1EF,,server,,unchecked,unchecked,none,83.81245,-2.674519,26,Ready1H,0.3830733,,,,26->26:Exact,none; server owns swing cadence
25,0.350267,0.016928,Tick,live-sample,true,0xF13000007900B1EF,,server,,unchecked,unchecked,none,83.81245,-2.674519,26,Ready1H,0.4000015,,,,26->26:Exact,none; server owns swing cadence
26,0.366697,0.016430,Tick,live-sample,true,0xF13000007900B1EF,,server,,unchecked,unchecked,none,83.81245,-2.674519,26,Ready1H,0.4164315,,,,26->26:Exact,none; server owns swing cadence
27,0.383558,0.016862,Tick,live-sample,true,0xF13000007900B1EF,,server,,unchecked,unchecked,none,83.81245,-2.674519,26,Ready1H,0.43329328,,,,26->26:Exact,none; server owns swing cadence
28,0.400008,0.016449,Tick,live-sample,true,0xF13000007900B1EF,,server,,unchecked,unchecked,none,83.81245,-2.674519,26,Ready1H,0.4497425,,,,26->26:Exact,none; server owns swing cadence
29,0.418361,0.018353,Tick,live-sample,true,0xF13000007900B1EF,,server,,unchecked,unchecked,none,83.81245,-2.674519,26,Ready1H,0.4680957,,,,26->26:Exact,none; server owns swing cadence
30,0.433605,0.015244,Tick,live-sample,true,0xF13000007900B1EF,,server,,unchecked,unchecked,none,83.81245,-2.674519,26,Ready1H,0.4833397,,,,26->26:Exact,none; server owns swing cadence
31,0.450400,0.016795,Tick,live-sample,true,0xF13000007900B1EF,,server,,unchecked,unchecked,none,83.81245,-2.674519,26,Ready1H,0.5001349,,,,26->26:Exact,none; server owns swing cadence
32,0.466809,0.016409,Tick,live-sample,true,0xF13000007900B1EF,,server,,unchecked,unchecked,none,83.81245,-2.674519,26,Ready1H,0.51654387,,,,26->26:Exact,none; server owns swing cadence
33,0.483612,0.016803,Tick,live-sample,true,0xF13000007900B1EF,,server,,unchecked,unchecked,none,83.81245,-2.674519,26,Ready1H,0.53334665,,,,26->26:Exact,none; server owns swing cadence
34,0.500126,0.016515,Tick,live-sample,true,0xF13000007900B1EF,,server,,unchecked,unchecked,none,83.81245,-2.674519,26,Ready1H,0.54986113,,,,26->26:Exact,none; server owns swing cadence
35,0.517576,0.017450,Tick,live-sample,true,0xF13000007900B1EF,,server,,unchecked,unchecked,none,83.81245,-2.674519,26,Ready1H,0.5673109,,,,26->26:Exact,none; server owns swing cadence
36,0.533676,0.016100,Tick,live-sample,true,0xF13000007900B1EF,,server,,unchecked,unchecked,none,83.81245,-2.674519,26,Ready1H,0.58341104,,,,26->26:Exact,none; server owns swing cadence
37,0.550485,0.016809,Tick,live-sample,true,0xF13000007900B1EF,,server,,unchecked,unchecked,none,83.81245,-2.674519,26,Ready1H,0.60022026,,,,26->26:Exact,none; server owns swing cadence
38,0.566990,0.016504,Tick,live-sample,true,0xF13000007900B1EF,,server,,unchecked,unchecked,none,83.81245,-2.674519,26,Ready1H,0.61672455,,,,26->26:Exact,none; server owns swing cadence
39,0.583683,0.016694,Tick,live-sample,true,0xF13000007900B1EF,,server,,unchecked,unchecked,none,83.81245,-2.674519,26,Ready1H,0.633418,,,,26->26:Exact,none; server owns swing cadence
40,0.600177,0.016494,Tick,live-sample,true,0xF13000007900B1EF,,server,,unchecked,unchecked,none,83.81245,-2.674519,26,Ready1H,0.64991194,,,,26->26:Exact,none; server owns swing cadence
41,0.617159,0.016982,Tick,live-sample,true,0xF13000007900B1EF,,server,,unchecked,unchecked,none,83.81245,-2.674519,26,Ready1H,0.66689396,,,,26->26:Exact,none; server owns swing cadence
42,0.633468,0.016309,Tick,live-sample,true,0xF13000007900B1EF,,server,,unchecked,unchecked,none,83.81245,-2.674519,26,Ready1H,0.68320334,,,,26->26:Exact,none; server owns swing cadence
43,0.650239,0.016771,Tick,live-sample,true,0xF13000007900B1EF,,server,,unchecked,unchecked,none,83.81245,-2.674519,26,Ready1H,0.69997406,,,,26->26:Exact,none; server owns swing cadence
44,0.667235,0.016996,Tick,live-sample,true,0xF13000007900B1EF,,server,,unchecked,unchecked,none,83.81245,-2.674519,26,Ready1H,0.71696967,,,,26->26:Exact,none; server owns swing cadence
45,0.683674,0.016439,Tick,live-sample,true,0xF13000007900B1EF,,server,,unchecked,unchecked,none,83.81245,-2.674519,26,Ready1H,0.733409,,,,26->26:Exact,none; server owns swing cadence
46,0.700318,0.016644,Tick,live-sample,true,0xF13000007900B1EF,,server,,unchecked,unchecked,none,83.81245,-2.674519,26,Ready1H,0.7500533,,,,26->26:Exact,none; server owns swing cadence
47,0.718169,0.017851,Tick,live-sample,true,0xF13000007900B1EF,,server,,unchecked,unchecked,none,83.81245,-2.674519,26,Ready1H,0.7679041,,,,26->26:Exact,none; server owns swing cadence
48,0.733998,0.015828,Tick,live-sample,true,0xF13000007900B1EF,,server,,unchecked,unchecked,none,83.81245,-2.674519,26,Ready1H,0.7837326,,,,26->26:Exact,none; server owns swing cadence
49,0.750655,0.016657,Tick,live-sample,true,0xF13000007900B1EF,,server,,unchecked,unchecked,none,83.81245,-2.674519,26,Ready1H,0.80038977,,,,26->26:Exact,none; server owns swing cadence
50,0.767001,0.016347,Tick,live-sample,true,0xF13000007900B1EF,,server,,unchecked,unchecked,none,83.81245,-2.674519,26,Ready1H,0.81673634,,,,26->26:Exact,none; server owns swing cadence
51,0.784069,0.017067,Tick,live-sample,true,0xF13000007900B1EF,,server,,unchecked,unchecked,none,83.81245,-2.674519,26,Ready1H,0.8338037,,,,26->26:Exact,none; server owns swing cadence
52,0.800638,0.016569,Tick,live-sample,true,0xF13000007900B1EF,,server,,unchecked,unchecked,none,83.81245,-2.674519,26,Ready1H,0.8503725,,,,26->26:Exact,none; server owns swing cadence
53,0.817623,0.016985,Tick,live-sample,true,0xF13000007900B1EF,,server,,unchecked,unchecked,none,83.81245,-2.674519,26,Ready1H,0.8673579,,,,26->26:Exact,none; server owns swing cadence
54,0.834531,0.016908,Tick,live-sample,true,0xF13000007900B1EF,,server,,unchecked,unchecked,none,83.81245,-2.674519,26,Ready1H,0.884266,,,,26->26:Exact,none; server owns swing cadence
55,0.850375,0.015844,Tick,live-sample,true,0xF13000007900B1EF,,server,,unchecked,unchecked,none,83.81245,-2.674519,26,Ready1H,0.9001101,,,,26->26:Exact,none; server owns swing cadence
56,0.867152,0.016777,Tick,live-sample,true,0xF13000007900B1EF,,server,,unchecked,unchecked,none,83.81245,-2.674519,26,Ready1H,0.9168869,,,,26->26:Exact,none; server owns swing cadence
57,0.883655,0.016503,Tick,live-sample,true,0xF13000007900B1EF,,server,,unchecked,unchecked,none,83.81245,-2.674519,26,Ready1H,0.93339,,,,26->26:Exact,none; server owns swing cadence
58,0.901039,0.017384,Tick,live-sample,true,0xF13000007900B1EF,,server,,unchecked,unchecked,none,83.81245,-2.674519,26,Ready1H,0.9507743,,,,26->26:Exact,none; server owns swing cadence
59,0.917044,0.016004,Tick,live-sample,true,0xF13000007900B1EF,,server,,unchecked,unchecked,none,83.81245,-2.674519,26,Ready1H,0.96677864,,,,26->26:Exact,none; server owns swing cadence
60,0.933883,0.016839,Tick,live-sample,true,0xF13000007900B1EF,,server,,unchecked,unchecked,none,83.81245,-2.674519,26,Ready1H,0.983618,,,,26->26:Exact,none; server owns swing cadence
61,0.950679,0.016796,Tick,live-sample,true,0xF13000007900B1EF,,server,,unchecked,unchecked,none,83.81245,-2.674519,26,Ready1H,1.0004141,,,,26->26:Exact,none; server owns swing cadence
62,0.967409,0.016730,Tick,live-sample,true,0xF13000007900B1EF,,server,,unchecked,unchecked,none,83.81245,-2.674519,26,Ready1H,1.0171441,,,,26->26:Exact,none; server owns swing cadence
63,0.984345,0.016936,Tick,live-sample,true,0xF13000007900B1EF,,server,,unchecked,unchecked,none,83.81245,-2.674519,26,Ready1H,1.0340798,,,,26->26:Exact,none; server owns swing cadence
64,1.000587,0.016242,Tick,live-sample,true,0xF13000007900B1EF,,server,,unchecked,unchecked,none,83.81245,-2.674519,26,Ready1H,1.0503222,,,,26->26:Exact,none; server owns swing cadence
65,1.018237,0.017649,Tick,live-sample,true,0xF13000007900B1EF,,server,,unchecked,unchecked,none,83.81245,-2.674519,26,Ready1H,1.0679715,,,,26->26:Exact,none; server owns swing cadence
66,1.034220,0.015984,Tick,live-sample,true,0xF13000007900B1EF,,server,,unchecked,unchecked,none,83.81245,-2.674519,26,Ready1H,1.0839552,,,,26->26:Exact,none; server owns swing cadence
67,1.050937,0.016717,Tick,live-sample,true,0xF13000007900B1EF,,server,,unchecked,unchecked,none,83.81245,-2.674519,26,Ready1H,1.1006721,,,,26->26:Exact,none; server owns swing cadence
68,1.067729,0.016791,Tick,live-sample,true,0xF13000007900B1EF,,server,,unchecked,unchecked,none,83.81245,-2.674519,26,Ready1H,1.1174635,,,,26->26:Exact,none; server owns swing cadence
69,1.083812,0.016084,Tick,live-sample,true,0xF13000007900B1EF,,server,,unchecked,unchecked,none,83.81245,-2.674519,26,Ready1H,1.1335471,,,,26->26:Exact,none; server owns swing cadence
70,1.100601,0.016789,Tick,live-sample,true,0xF13000007900B1EF,,server,,unchecked,unchecked,none,83.81245,-2.674519,26,Ready1H,1.150336,,,,26->26:Exact,none; server owns swing cadence
71,1.117406,0.016805,Tick,live-sample,true,0xF13000007900B1EF,,server,,unchecked,unchecked,none,83.81245,-2.674519,26,Ready1H,1.1671408,,,,26->26:Exact,none; server owns swing cadence
72,1.134290,0.016884,Tick,live-sample,true,0xF13000007900B1EF,,server,,unchecked,unchecked,none,83.81245,-2.674519,26,Ready1H,1.184025,,,,26->26:Exact,none; server owns swing cadence
73,1.150857,0.016567,Tick,live-sample,true,0xF13000007900B1EF,,server,,unchecked,unchecked,none,83.81245,-2.674519,26,Ready1H,1.2005918,,,,26->26:Exact,none; server owns swing cadence
74,1.167312,0.016455,Tick,live-sample,true,0xF13000007900B1EF,,server,,unchecked,unchecked,none,83.81245,-2.674519,26,Ready1H,1.2170467,,,,26->26:Exact,none; server owns swing cadence
75,1.184404,0.017092,Tick,live-sample,true,0xF13000007900B1EF,,server,,unchecked,unchecked,none,83.81245,-2.674519,26,Ready1H,1.2341385,,,,26->26:Exact,none; server owns swing cadence
76,1.200817,0.016414,Tick,live-sample,true,0xF13000007900B1EF,,server,,unchecked,unchecked,none,83.81245,-2.674519,26,Ready1H,1.2505524,,,,26->26:Exact,none; server owns swing cadence
77,1.219234,0.018416,Tick,live-sample,true,0xF13000007900B1EF,,server,,unchecked,unchecked,none,83.81245,-2.674519,26,Ready1H,1.2689688,,,,26->26:Exact,none; server owns swing cadence
78,1.234205,0.014971,Tick,live-sample,true,0xF13000007900B1EF,,server,,unchecked,unchecked,none,83.81245,-2.674519,26,Ready1H,1.28394,,,,26->26:Exact,none; server owns swing cadence
79,1.250964,0.016759,Tick,live-sample,true,0xF13000007900B1EF,,server,,unchecked,unchecked,none,83.81245,-2.674519,26,Ready1H,1.3006994,,,,26->26:Exact,none; server owns swing cadence
80,1.267566,0.016602,Tick,live-sample,true,0xF13000007900B1EF,,server,,unchecked,unchecked,none,83.81245,-2.674519,26,Ready1H,1.3173015,,,,26->26:Exact,none; server owns swing cadence
81,1.284247,0.016681,Tick,live-sample,true,0xF13000007900B1EF,,server,,unchecked,unchecked,none,83.81245,-2.674519,26,Ready1H,1.3339825,,,,26->26:Exact,none; server owns swing cadence
82,1.301009,0.016761,Tick,live-sample,true,0xF13000007900B1EF,,server,,unchecked,unchecked,none,83.81245,-2.674519,26,Ready1H,1.3507438,,,,26->26:Exact,none; server owns swing cadence
83,1.318138,0.017129,Tick,live-sample,true,0xF13000007900B1EF,,server,,unchecked,unchecked,none,83.81245,-2.674519,26,Ready1H,1.3678731,,,,26->26:Exact,none; server owns swing cadence
84,1.334061,0.015923,Tick,live-sample,true,0xF13000007900B1EF,,server,,unchecked,unchecked,none,83.81245,-2.674519,26,Ready1H,1.3837961,,,,26->26:Exact,none; server owns swing cadence
85,1.350893,0.016832,Tick,live-sample,true,0xF13000007900B1EF,,server,,unchecked,unchecked,none,83.81245,-2.674519,26,Ready1H,1.4006281,,,,26->26:Exact,none; server owns swing cadence
86,1.367535,0.016642,Tick,live-sample,true,0xF13000007900B1EF,,server,,unchecked,unchecked,none,83.81245,-2.674519,26,Ready1H,1.4172704,,,,26->26:Exact,none; server owns swing cadence
87,1.384336,0.016801,Tick,live-sample,true,0xF13000007900B1EF,,server,,unchecked,unchecked,none,83.81245,-2.674519,26,Ready1H,1.4340715,,,,26->26:Exact,none; server owns swing cadence
88,1.401183,0.016846,Tick,live-sample,true,0xF13000007900B1EF,,server,,unchecked,unchecked,none,83.81245,-2.674519,26,Ready1H,1.4509178,,,,26->26:Exact,none; server owns swing cadence
89,1.417773,0.016590,Tick,live-sample,true,0xF13000007900B1EF,,server,,unchecked,unchecked,none,83.81245,-2.674519,26,Ready1H,1.4675077,,,,26->26:Exact,none; server owns swing cadence
90,1.434355,0.016583,Tick,live-sample,true,0xF13000007900B1EF,,server,,unchecked,unchecked,none,83.81245,-2.674519,26,Ready1H,1.4840906,,,,26->26:Exact,none; server owns swing cadence
91,1.451448,0.017093,Tick,live-sample,true,0xF13000007900B1EF,,server,,unchecked,unchecked,none,83.81245,-2.674519,26,Ready1H,1.5011835,,,,26->26:Exact,none; server owns swing cadence
92,1.467481,0.016033,Tick,live-sample,true,0xF13000007900B1EF,,server,,unchecked,unchecked,none,83.81245,-2.674519,26,Ready1H,1.5172166,,,,26->26:Exact,none; server owns swing cadence
93,1.484354,0.016873,Tick,live-sample,true,0xF13000007900B1EF,,server,,unchecked,unchecked,none,83.81245,-2.674519,26,Ready1H,1.5340892,,,,26->26:Exact,none; server owns swing cadence
94,1.501132,0.016778,Tick,live-sample,true,0xF13000007900B1EF,,server,,unchecked,unchecked,none,83.81245,-2.674519,26,Ready1H,1.550867,,,,26->26:Exact,none; server owns swing cadence
95,1.518474,0.017343,Tick,live-sample,true,0xF13000007900B1EF,,server,,unchecked,unchecked,none,83.81245,-2.674519,26,Ready1H,1.5682095,,,,26->26:Exact,none; server owns swing cadence
96,1.534305,0.015831,Tick,live-sample,true,0xF13000007900B1EF,,server,,unchecked,unchecked,none,83.81245,-2.674519,26,Ready1H,1.5840403,,,,26->26:Exact,none; server owns swing cadence
97,1.551240,0.016935,Tick,live-sample,true,0xF13000007900B1EF,,server,,unchecked,unchecked,none,83.81245,-2.674519,26,Ready1H,1.6009753,,,,26->26:Exact,none; server owns swing cadence
98,1.567619,0.016379,Tick,live-sample,true,0xF13000007900B1EF,,server,,unchecked,unchecked,none,83.81245,-2.674519,26,Ready1H,1.6173546,,,,26->26:Exact,none; server owns swing cadence
99,1.584675,0.017056,Tick,live-sample,true,0xF13000007900B1EF,,server,,unchecked,unchecked,none,83.81245,-2.674519,26,Ready1H,1.6344105,,,,26->26:Exact,none; server owns swing cadence
100,1.601409,0.016734,Tick,live-sample,true,0xF13000007900B1EF,,server,,unchecked,unchecked,none,83.81245,-2.674519,26,Ready1H,1.6511443,,,,26->26:Exact,none; server owns swing cadence
101,1.618495,0.017086,Tick,live-sample,true,0xF13000007900B1EF,,server,,unchecked,unchecked,none,83.81245,-2.674519,26,Ready1H,1.66823,,,,26->26:Exact,none; server owns swing cadence
102,1.634462,0.015967,Tick,live-sample,true,0xF13000007900B1EF,,server,,unchecked,unchecked,none,83.79911,-2.6740763,26,Ready1H,1.6841968,,,,26->26:Exact,none; server owns swing cadence
103,1.651316,0.016855,Tick,live-sample,true,0xF13000007900B1EF,,server,,unchecked,unchecked,none,83.78424,-2.6735992,26,Ready1H,1.7010517,,,,26->26:Exact,none; server owns swing cadence
104,1.667968,0.016652,Tick,live-sample,true,0xF13000007900B1EF,,server,,unchecked,unchecked,none,83.77019,-2.6731284,26,Ready1H,1.7177033,,,,26->26:Exact,none; server owns swing cadence
105,1.684431,0.016463,Tick,live-sample,true,0xF13000007900B1EF,,server,,unchecked,unchecked,none,83.756905,-2.6726854,26,Ready1H,1.7341661,,,,26->26:Exact,none; server owns swing cadence
106,1.701589,0.017158,Tick,live-sample,true,0xF13000007900B1EF,,server,,unchecked,unchecked,none,83.741264,-2.6721811,26,Ready1H,1.7513243,,,,26->26:Exact,none; server owns swing cadence
107,1.717928,0.016339,Tick,live-sample,true,0xF13000007900B1EF,,server,,unchecked,unchecked,none,83.72802,-2.6717377,26,Ready1H,1.7676632,,,,26->26:Exact,none; server owns swing cadence
108,1.734612,0.016684,Tick,live-sample,true,0xF13000007900B1EF,,server,,unchecked,unchecked,none,83.714035,-2.6712663,26,Ready1H,1.7843472,,,,26->26:Exact,none; server owns swing cadence
109,1.751487,0.016875,Tick,live-sample,true,0xF13000007900B1EF,,server,,unchecked,unchecked,none,83.70002,-2.670816,26,Ready1H,1.8012227,,,,26->26:Exact,none; server owns swing cadence
110,1.768041,0.016554,Tick,live-sample,true,0xF13000007900B1EF,,server,,unchecked,unchecked,none,83.68607,-2.6703444,26,Ready1H,1.8177763,,,,26->26:Exact,none; server owns swing cadence
111,1.784482,0.016441,Tick,live-sample,true,0xF13000007900B1EF,,server,,unchecked,unchecked,none,83.6729,-2.6699004,26,Ready1H,1.8342172,,,,26->26:Exact,none; server owns swing cadence
112,1.801462,0.016980,Tick,live-sample,true,0xF13000007900B1EF,,server,,unchecked,unchecked,none,83.65819,-2.6694217,26,Ready1H,1.8511974,,,,26->26:Exact,none; server owns swing cadence
113,1.818621,0.017159,Tick,live-sample,true,0xF13000007900B1EF,,server,,unchecked,unchecked,none,83.643486,-2.668923,26,Ready1H,1.8683563,,,,26->26:Exact,none; server owns swing cadence
114,1.834556,0.015935,Tick,live-sample,true,0xF13000007900B1EF,,server,,unchecked,unchecked,none,83.62956,-2.6684718,26,Ready1H,1.8842912,,,,26->26:Exact,none; server owns swing cadence
115,1.851482,0.016926,Tick,live-sample,true,0xF13000007900B1EF,,server,,unchecked,unchecked,none,83.616455,-2.6680272,26,Ready1H,1.9012177,,,,26->26:Exact,none; server owns swing cadence
116,1.868127,0.016645,Tick,live-sample,true,0xF13000007900B1EF,,server,,unchecked,unchecked,none,83.602615,-2.6675546,26,Ready1H,1.9178623,,,,26->26:Exact,none; server owns swing cadence
117,1.885022,0.016895,Tick,live-sample,true,0xF13000007900B1EF,,server,,unchecked,unchecked,none,83.588005,-2.6670752,26,Ready1H,1.9347578,,,,26->26:Exact,none; server owns swing cadence
118,1.902460,0.017438,Tick,live-sample,true,0xF13000007900B1EF,,server,,unchecked,unchecked,none,83.5742,-2.6666021,26,Ready1H,1.9521953,,,,26->26:Exact,none; server owns swing cadence
119,1.918156,0.015696,Tick,live-sample,true,0xF13000007900B1EF,,server,,unchecked,unchecked,none,83.561165,-2.666157,26,Ready1H,1.9678916,,,,26->26:Exact,none; server owns swing cadence
120,1.934710,0.016554,Tick,live-sample,true,0xF13000007900B1EF,,server,,unchecked,unchecked,none,83.54661,-2.665677,26,Ready1H,1.9844452,,,,26->26:Exact,none; server owns swing cadence
121,1.951296,0.016586,Tick,live-sample,true,0xF13000007900B1EF,,server,,unchecked,unchecked,none,83.5336,-2.6652317,26,Ready1H,2.0010312,,,,26->26:Exact,none; server owns swing cadence
122,1.968320,0.017024,Tick,live-sample,true,0xF13000007900B1EF,,server,,unchecked,unchecked,none,83.51988,-2.6647582,26,Ready1H,2.0180554,,,,26->26:Exact,none; server owns swing cadence
123,1.984738,0.016418,Tick,live-sample,true,0xF13000007900B1EF,,server,,unchecked,unchecked,none,83.50531,-2.664279,26,Ready1H,2.0344732,,,,26->26:Exact,none; server owns swing cadence
124,2.001665,0.016928,Tick,live-sample,true,0xF13000007900B1EF,,server,,unchecked,unchecked,none,83.49162,-2.663805,26,Ready1H,2.051401,,,,26->26:Exact,none; server owns swing cadence
125,2.019848,0.018183,Tick,live-sample,true,0xF13000007900B1EF,,server,,unchecked,unchecked,none,83.47636,-2.6632977,26,Ready1H,2.0695834,,,,26->26:Exact,none; server owns swing cadence
126,2.034899,0.015051,Tick,live-sample,true,0xF13000007900B1EF,,server,,unchecked,unchecked,none,83.46424,-2.662878,26,Ready1H,2.084634,,,,26->26:Exact,none; server owns swing cadence
127,2.034899,0.000000,AttackStopSend,network-session-send,true,0x0000000000000000,CMSG_ATTACKSTOP,server,,unchecked,unchecked,none,-1,,26,Ready1H,2.084634,,,,26->26:Exact,CMSG_ATTACKSTOP
128,2.034899,0.000000,IntentOff,user-cancel,true,0xF13000007900B1EF,,server,,unchecked,unchecked,none,83.46424,-2.662878,26,Ready1H,2.084634,,,,26->26:Exact,local attack latch edge
129,2.051929,0.017031,Tick,live-sample,false,0x0000000000000000,,server,,unchecked,unchecked,none,-1,,26,Ready1H,2.1016648,,,,26->26:Exact,none; server owns swing cadence
130,2.068178,0.016249,Tick,live-sample,false,0x0000000000000000,,server,,unchecked,unchecked,none,-1,,26,Ready1H,2.1179135,,,,26->26:Exact,none; server owns swing cadence
131,2.084902,0.016724,Tick,live-sample,false,0x0000000000000000,,server,,unchecked,unchecked,none,-1,,26,Ready1H,2.1346374,,,,26->26:Exact,none; server owns swing cadence
132,2.101861,0.016959,Tick,live-sample,false,0x0000000000000000,,server,,unchecked,unchecked,none,-1,,26,Ready1H,2.151596,,,,26->26:Exact,none; server owns swing cadence
133,2.118978,0.017117,Tick,live-sample,false,0x0000000000000000,,server,,unchecked,unchecked,none,-1,,26,Ready1H,2.1687133,,,,26->26:Exact,none; server owns swing cadence
134,2.134715,0.015737,Tick,live-sample,false,0x0000000000000000,,server,,unchecked,unchecked,none,-1,,26,Ready1H,2.1844501,,,,26->26:Exact,none; server owns swing cadence
135,2.151706,0.016991,Tick,live-sample,false,0x0000000000000000,,server,,unchecked,unchecked,none,-1,,26,Ready1H,2.2014418,,,,26->26:Exact,none; server owns swing cadence
136,2.168486,0.016780,Tick,live-sample,false,0x0000000000000000,,server,,unchecked,unchecked,none,-1,,26,Ready1H,2.218222,,,,26->26:Exact,none; server owns swing cadence
137,2.185079,0.016592,Tick,live-sample,false,0x0000000000000000,,server,,unchecked,unchecked,none,-1,,26,Ready1H,2.2348142,,,,26->26:Exact,none; server owns swing cadence
138,2.201382,0.016303,Tick,live-sample,false,0x0000000000000000,,server,,unchecked,unchecked,none,-1,,26,Ready1H,2.2511175,,,,26->26:Exact,none; server owns swing cadence
139,2.201382,0.000000,AttackStopReceive,server,false,0xF13000007900B1EF,SMSG_ATTACKSTOP,server,,unchecked,unchecked,none,83.32921,-2.658221,26,Ready1H,2.2511175,,,,26->26:Exact,attacker=0x0000000000000001 victimDied=False
140,2.201382,0.000000,AttackSwingSend,network-session-send,false,0xF13000007900B1EF,CMSG_ATTACKSWING,server,,unchecked,unchecked,none,83.32001,-2.6778498,0,Stand,0.85154843,,,,0->0:Exact,CMSG_ATTACKSWING
141,2.201382,0.000000,IntentOn,user-start,true,0xF13000007900B1EF,,server,,unchecked,unchecked,none,83.32001,-2.6778498,0,Stand,0.85154843,,,,0->0:Exact,local attack latch edge
142,2.217527,0.016145,Tick,live-sample,true,0xF13000007900B1EF,,server,,unchecked,unchecked,none,83.321915,-2.6783297,0,Stand,0.8676933,,,,0->0:Exact,none; server owns swing cadence
143,2.234051,0.016524,Tick,live-sample,true,0xF13000007900B1EF,,server,,unchecked,unchecked,none,83.32272,-2.678829,0,Stand,0.8842177,,,,0->0:Exact,none; server owns swing cadence
144,2.251066,0.017015,Tick,live-sample,true,0xF13000007900B1EF,,server,,unchecked,unchecked,none,83.32435,-2.6793349,0,Stand,0.9012323,,,,0->0:Exact,none; server owns swing cadence
145,2.268742,0.017676,Tick,live-sample,true,0xF13000007900B1EF,,server,,unchecked,unchecked,none,83.325935,-2.679842,0,Stand,0.918908,,,,0->0:Exact,none; server owns swing cadence
146,2.284458,0.015717,Tick,live-sample,true,0xF13000007900B1EF,,server,,unchecked,unchecked,none,83.32718,-2.680314,0,Stand,0.9346246,,,,0->0:Exact,none; server owns swing cadence
147,2.284458,0.000000,AttackStartReceive,server,true,0xF13000007900B1EF,SMSG_ATTACKSTART,server,,unchecked,unchecked,none,83.32718,-2.680314,0,Stand,0.9346246,,,,0->0:Exact,attacker=0x0000000000000001
148,2.284458,0.000000,AnimChoice,animator,true,0xF13000007900B1EF,,server,,unchecked,unchecked,none,83.32838,-2.6807873,0,Stand,0.9346246,,,,26->26:Exact,track=0 requested=26 played=26 kind=Exact base=0:Stand clipB= blendWeight=0
149,2.300806,0.016347,Tick,live-sample,true,0xF13000007900B1EF,,server,,unchecked,unchecked,none,83.32838,-2.6807873,26,Ready1H,0.0163474,Stand,0.950972,0.033042908,26->26:Exact,none; server owns swing cadence
150,2.317560,0.016754,Tick,live-sample,true,0xF13000007900B1EF,,server,,unchecked,unchecked,none,83.330086,-2.6812932,26,Ready1H,0.033101402,Stand,0.967726,0.12460083,26->26:Exact,none; server owns swing cadence
151,2.334161,0.016602,Tick,live-sample,true,0xF13000007900B1EF,,server,,unchecked,unchecked,none,83.331825,-2.681799,26,Ready1H,0.049703002,Stand,0.9843276,0.2566232,26->26:Exact,none; server owns swing cadence
152,2.350852,0.016691,Tick,live-sample,true,0xF13000007900B1EF,,server,,unchecked,unchecked,none,83.333084,-2.6822724,26,Ready1H,0.0663935,Stand,1.0010182,0.41431284,26->26:Exact,none; server owns swing cadence
153,2.368440,0.017588,Tick,live-sample,true,0xF13000007900B1EF,,server,,unchecked,unchecked,none,83.33448,-2.6828053,26,Ready1H,0.0839819,Stand,1.0186065,0.5893897,26->26:Exact,none; server owns swing cadence
154,2.384263,0.015823,Tick,live-sample,true,0xF13000007900B1EF,,server,,unchecked,unchecked,none,83.336655,-2.6832838,26,Ready1H,0.0998049,Stand,1.0344296,0.73900485,26->26:Exact,none; server owns swing cadence
155,2.400826,0.016563,Tick,live-sample,true,0xF13000007900B1EF,,server,,unchecked,unchecked,none,83.33797,-2.683757,26,Ready1H,0.1163677,Stand,1.0509924,0.8717262,26->26:Exact,none; server owns swing cadence
156,2.417682,0.016857,Tick,live-sample,true,0xF13000007900B1EF,,server,,unchecked,unchecked,none,83.339806,-2.6842628,26,Ready1H,0.1332242,Stand,1.0678489,0.9652741,26->26:Exact,none; server owns swing cadence
157,2.434320,0.016637,Tick,live-sample,true,0xF13000007900B1EF,,server,,unchecked,unchecked,none,83.34086,-2.684762,26,Ready1H,0.1498615,Stand,1.0844862,0.99999744,26->26:Exact,none; server owns swing cadence
158,2.451120,0.016800,Tick,live-sample,true,0xF13000007900B1EF,,server,,unchecked,unchecked,none,83.34274,-2.6852674,26,Ready1H,0.1666619,,,,26->26:Exact,none; server owns swing cadence
159,2.467725,0.016605,Tick,live-sample,true,0xF13000007900B1EF,,server,,unchecked,unchecked,none,83.34413,-2.6857407,26,Ready1H,0.18326661,,,,26->26:Exact,none; server owns swing cadence
160,2.484202,0.016477,Tick,live-sample,true,0xF13000007900B1EF,,server,,unchecked,unchecked,none,83.346054,-2.6862464,26,Ready1H,0.19974361,,,,26->26:Exact,none; server owns swing cadence
161,2.501083,0.016881,Tick,live-sample,true,0xF13000007900B1EF,,server,,unchecked,unchecked,none,83.348,-2.6867518,26,Ready1H,0.21662432,,,,26->26:Exact,none; server owns swing cadence
162,2.517669,0.016586,Tick,live-sample,true,0xF13000007900B1EF,,server,,unchecked,unchecked,none,83.34945,-2.6872249,26,Ready1H,0.23321082,,,,26->26:Exact,none; server owns swing cadence
163,2.534587,0.016918,Tick,live-sample,true,0xF13000007900B1EF,,server,,unchecked,unchecked,none,83.35143,-2.6877306,26,Ready1H,0.2501285,,,,26->26:Exact,none; server owns swing cadence
164,2.551059,0.016472,Tick,live-sample,true,0xF13000007900B1EF,,server,,unchecked,unchecked,none,83.35344,-2.6882362,26,Ready1H,0.2666009,,,,26->26:Exact,none; server owns swing cadence
165,2.568770,0.017711,Tick,live-sample,true,0xF13000007900B1EF,,server,,unchecked,unchecked,none,83.35539,-2.6887429,26,Ready1H,0.2843117,,,,26->26:Exact,none; server owns swing cadence
166,2.584924,0.016154,Tick,live-sample,true,0xF13000007900B1EF,,server,,unchecked,unchecked,none,83.356636,-2.689242,26,Ready1H,0.30046582,,,,26->26:Exact,none; server owns swing cadence
167,2.601013,0.016089,Tick,live-sample,true,0xF13000007900B1EF,,server,,unchecked,unchecked,none,83.35906,-2.6897202,26,Ready1H,0.31655464,,,,26->26:Exact,none; server owns swing cadence
168,2.617933,0.016920,Tick,live-sample,true,0xF13000007900B1EF,,server,,unchecked,unchecked,none,83.36063,-2.6901932,26,Ready1H,0.33347473,,,,26->26:Exact,none; server owns swing cadence
169,2.634492,0.016559,Tick,live-sample,true,0xF13000007900B1EF,,server,,unchecked,unchecked,none,83.36274,-2.6906986,26,Ready1H,0.3500333,,,,26->26:Exact,none; server owns swing cadence
170,2.651490,0.016998,Tick,live-sample,true,0xF13000007900B1EF,,server,,unchecked,unchecked,none,83.364,-2.6911986,26,Ready1H,0.3670316,,,,26->26:Exact,none; server owns swing cadence
171,2.667937,0.016447,Tick,live-sample,true,0xF13000007900B1EF,,server,,unchecked,unchecked,none,83.36649,-2.6916769,26,Ready1H,0.3834787,,,,26->26:Exact,none; server owns swing cadence
172,2.684530,0.016593,Tick,live-sample,true,0xF13000007900B1EF,,server,,unchecked,unchecked,none,83.36786,-2.6921756,26,Ready1H,0.4000719,,,,26->26:Exact,none; server owns swing cadence
173,2.684530,0.000000,AttackStopReceive,server,true,0xF13000007A00E7F9,SMSG_ATTACKSTOP,server,,unchecked,unchecked,none,65.594475,-5.4710927,26,Ready1H,0.4000719,,,,26->26:Exact,attacker=0x0000000000000105 victimDied=False
174,2.701329,0.016799,Tick,live-sample,true,0xF13000007900B1EF,,server,,unchecked,unchecked,none,83.36998,-2.6926823,26,Ready1H,0.4168708,,,,26->26:Exact,none; server owns swing cadence
175,2.718137,0.016808,Tick,live-sample,true,0xF13000007900B1EF,,server,,unchecked,unchecked,none,83.37219,-2.6931875,26,Ready1H,0.4336789,,,,26->26:Exact,none; server owns swing cadence
176,2.734575,0.016438,Tick,live-sample,true,0xF13000007900B1EF,,server,,unchecked,unchecked,none,83.37397,-2.693659,26,Ready1H,0.45011678,,,,26->26:Exact,none; server owns swing cadence
177,2.734575,0.000000,CombatReceive,server,true,0x0000000000000000,SMSG_PERIODICAURALOG,server,,unchecked,unchecked,none,-1,,26,Ready1H,0.45011678,,,,26->26:Exact,CombatPeriodicAura
178,2.751293,0.016718,Tick,live-sample,true,0xF13000007900B1EF,,server,,unchecked,unchecked,none,83.37616,-2.6941655,26,Ready1H,0.4668347,,,,26->26:Exact,none; server owns swing cadence
179,2.769746,0.018453,Tick,live-sample,true,0xF13000007900B1EF,,server,,unchecked,unchecked,none,83.37816,-2.694697,26,Ready1H,0.485288,,,,26->26:Exact,none; server owns swing cadence
180,2.784570,0.014824,Tick,live-sample,true,0xF13000007900B1EF,,server,,unchecked,unchecked,none,83.380264,-2.6951423,26,Ready1H,0.5001117,,,,26->26:Exact,none; server owns swing cadence
181,2.801495,0.016925,Tick,live-sample,true,0xF13000007900B1EF,,server,,unchecked,unchecked,none,83.382515,-2.6956487,26,Ready1H,0.5170367,,,,26->26:Exact,none; server owns swing cadence
182,2.818479,0.016984,Tick,live-sample,true,0xF13000007900B1EF,,server,,unchecked,unchecked,none,83.38404,-2.6961474,26,Ready1H,0.53402096,,,,26->26:Exact,none; server owns swing cadence
183,2.834734,0.016255,Tick,live-sample,true,0xF13000007900B1EF,,server,,unchecked,unchecked,none,83.38675,-2.6966252,26,Ready1H,0.55027604,,,,26->26:Exact,none; server owns swing cadence
184,2.851690,0.016956,Tick,live-sample,true,0xF13000007900B1EF,,server,,unchecked,unchecked,none,83.388245,-2.6971252,26,Ready1H,0.567232,,,,26->26:Exact,none; server owns swing cadence
185,2.869074,0.017384,Tick,live-sample,true,0xF13000007900B1EF,,server,,unchecked,unchecked,none,83.39118,-2.6976628,26,Ready1H,0.5846156,,,,26->26:Exact,none; server owns swing cadence
186,2.885167,0.016093,Tick,live-sample,true,0xF13000007900B1EF,,server,,unchecked,unchecked,none,83.39307,-2.6981354,26,Ready1H,0.6007082,,,,26->26:Exact,none; server owns swing cadence
187,2.901406,0.016239,Tick,live-sample,true,0xF13000007900B1EF,,server,,unchecked,unchecked,none,83.394966,-2.698608,26,Ready1H,0.6169472,,,,26->26:Exact,none; server owns swing cadence
188,2.917936,0.016530,Tick,live-sample,true,0xF13000007900B1EF,,server,,unchecked,unchecked,none,83.397766,-2.6990857,26,Ready1H,0.63347757,,,,26->26:Exact,none; server owns swing cadence
189,2.934671,0.016735,Tick,live-sample,true,0xF13000007900B1EF,,server,,unchecked,unchecked,none,83.39944,-2.699584,26,Ready1H,0.65021276,,,,26->26:Exact,none; server owns swing cadence
190,2.951820,0.017149,Tick,live-sample,true,0xF13000007900B1EF,,server,,unchecked,unchecked,none,83.40188,-2.7000904,26,Ready1H,0.6673614,,,,26->26:Exact,none; server owns swing cadence
191,2.968276,0.016456,Tick,live-sample,true,0xF13000007900B1EF,,server,,unchecked,unchecked,none,83.4044,-2.7005951,26,Ready1H,0.6838175,,,,26->26:Exact,none; server owns swing cadence
192,2.984649,0.016373,Tick,live-sample,true,0xF13000007900B1EF,,server,,unchecked,unchecked,none,83.40646,-2.7010665,26,Ready1H,0.7001905,,,,26->26:Exact,none; server owns swing cadence
193,3.001522,0.016873,Tick,live-sample,true,0xF13000007900B1EF,,server,,unchecked,unchecked,none,83.408966,-2.7015724,26,Ready1H,0.71706337,,,,26->26:Exact,none; server owns swing cadence
194,3.018073,0.016551,Tick,live-sample,true,0xF13000007900B1EF,,server,,unchecked,unchecked,none,83.41155,-2.7020774,26,Ready1H,0.73361444,,,,26->26:Exact,none; server owns swing cadence
195,3.035009,0.016936,Tick,live-sample,true,0xF13000007900B1EF,,server,,unchecked,unchecked,none,83.413345,-2.7025757,26,Ready1H,0.7505509,,,,26->26:Exact,none; server owns swing cadence
196,3.052413,0.017403,Tick,live-sample,true,0xF13000007900B1EF,,server,,unchecked,unchecked,none,83.41598,-2.7030804,26,Ready1H,0.7679541,,,,26->26:Exact,none; server owns swing cadence
197,3.069697,0.017285,Tick,live-sample,true,0xF13000007900B1EF,,server,,unchecked,unchecked,none,83.41863,-2.7035851,26,Ready1H,0.7852389,,,,26->26:Exact,none; server owns swing cadence
198,3.084869,0.015172,Tick,live-sample,true,0xF13000007900B1EF,,server,,unchecked,unchecked,none,83.421074,-2.7040303,26,Ready1H,0.80041105,,,,26->26:Exact,none; server owns swing cadence
199,3.101209,0.016340,Tick,live-sample,true,0xF13000007900B1EF,,server,,unchecked,unchecked,none,83.42288,-2.7045298,26,Ready1H,0.81675065,,,,26->26:Exact,none; server owns swing cadence
200,3.118866,0.017657,Tick,live-sample,true,0xF13000007900B1EF,,server,,unchecked,unchecked,none,83.41957,-2.7050378,26,Ready1H,0.83440757,,,,26->26:Exact,none; server owns swing cadence
201,3.135073,0.016207,Tick,live-sample,true,0xF13000007900B1EF,,server,,unchecked,unchecked,none,83.414925,-2.7055492,26,Ready1H,0.85061425,,,,26->26:Exact,none; server owns swing cadence
202,3.151786,0.016713,Tick,live-sample,true,0xF13000007900B1EF,,server,,unchecked,unchecked,none,83.40994,-2.7060244,26,Ready1H,0.8673273,,,,26->26:Exact,none; server owns swing cadence
203,3.168893,0.017107,Tick,live-sample,true,0xF13000007900B1EF,,server,,unchecked,unchecked,none,83.404594,-2.7065284,26,Ready1H,0.88443434,,,,26->26:Exact,none; server owns swing cadence
204,3.185013,0.016120,Tick,live-sample,true,0xF13000007900B1EF,,server,,unchecked,unchecked,none,83.40008,-2.7070386,26,Ready1H,0.9005541,,,,26->26:Exact,none; server owns swing cadence
205,3.201605,0.016593,Tick,live-sample,true,0xF13000007900B1EF,,server,,unchecked,unchecked,none,83.39516,-2.7075143,26,Ready1H,0.91714704,,,,26->26:Exact,none; server owns swing cadence
206,3.218620,0.017014,Tick,live-sample,true,0xF13000007900B1EF,,server,,unchecked,unchecked,none,83.39062,-2.708026,26,Ready1H,0.93416154,,,,26->26:Exact,none; server owns swing cadence
207,3.235182,0.016562,Tick,live-sample,true,0xF13000007900B1EF,,server,,unchecked,unchecked,none,83.38535,-2.70853,26,Ready1H,0.9507232,,,,26->26:Exact,none; server owns swing cadence
208,3.251901,0.016720,Tick,live-sample,true,0xF13000007900B1EF,,server,,unchecked,unchecked,none,83.3813,-2.709012,26,Ready1H,0.96744287,,,,26->26:Exact,none; server owns swing cadence
209,3.268479,0.016577,Tick,live-sample,true,0xF13000007900B1EF,,server,,unchecked,unchecked,none,83.376076,-2.7095163,26,Ready1H,0.9840203,,,,26->26:Exact,none; server owns swing cadence
210,3.285016,0.016537,Tick,live-sample,true,0xF13000007900B1EF,,server,,unchecked,unchecked,none,83.3717,-2.710027,26,Ready1H,1.0005574,,,,26->26:Exact,none; server owns swing cadence
211,3.301677,0.016661,Tick,live-sample,true,0xF13000007900B1EF,,server,,unchecked,unchecked,none,83.36689,-2.7105029,26,Ready1H,1.0172182,,,,26->26:Exact,none; server owns swing cadence
212,3.318680,0.017003,Tick,live-sample,true,0xF13000007900B1EF,,server,,unchecked,unchecked,none,83.36248,-2.7110147,26,Ready1H,1.0342213,,,,26->26:Exact,none; server owns swing cadence
213,3.335088,0.016408,Tick,live-sample,true,0xF13000007900B1EF,,server,,unchecked,unchecked,none,83.35972,-2.7112813,26,Ready1H,1.0506297,,,,26->26:Exact,none; server owns swing cadence
214,3.351738,0.016649,Tick,live-sample,true,0xF13000007900B1EF,,server,,unchecked,unchecked,none,83.35972,-2.7112813,26,Ready1H,1.0672791,,,,26->26:Exact,none; server owns swing cadence
215,3.369365,0.017627,Tick,live-sample,true,0xF13000007900B1EF,,server,,unchecked,unchecked,none,83.35956,-2.710746,26,Ready1H,1.0849065,,,,26->26:Exact,none; server owns swing cadence
216,3.385188,0.015823,Tick,live-sample,true,0xF13000007900B1EF,,server,,unchecked,unchecked,none,83.35961,-2.7102716,26,Ready1H,1.1007291,,,,26->26:Exact,none; server owns swing cadence
217,3.401872,0.016684,Tick,live-sample,true,0xF13000007900B1EF,,server,,unchecked,unchecked,none,83.35962,-2.7097983,26,Ready1H,1.1174134,,,,26->26:Exact,none; server owns swing cadence
218,3.418693,0.016821,Tick,live-sample,true,0xF13000007900B1EF,,server,,unchecked,unchecked,none,83.35921,-2.7092903,26,Ready1H,1.1342347,,,,26->26:Exact,none; server owns swing cadence
219,3.435335,0.016642,Tick,live-sample,true,0xF13000007900B1EF,,server,,unchecked,unchecked,none,83.35964,-2.7087886,26,Ready1H,1.150877,,,,26->26:Exact,none; server owns swing cadence
220,3.452227,0.016891,Tick,live-sample,true,0xF13000007900B1EF,,server,,unchecked,unchecked,none,83.359276,-2.7082806,26,Ready1H,1.1677682,,,,26->26:Exact,none; server owns swing cadence
221,3.469368,0.017142,Tick,live-sample,true,0xF13000007900B1EF,,server,,unchecked,unchecked,none,83.35967,-2.7077801,26,Ready1H,1.1849097,,,,26->26:Exact,none; server owns swing cadence
222,3.485301,0.015932,Tick,live-sample,true,0xF13000007900B1EF,,server,,unchecked,unchecked,none,83.35985,-2.7073057,26,Ready1H,1.2008421,,,,26->26:Exact,none; server owns swing cadence
223,3.501866,0.016566,Tick,live-sample,true,0xF13000007900B1EF,,server,,unchecked,unchecked,none,83.36005,-2.7068312,26,Ready1H,1.2174078,,,,26->26:Exact,none; server owns swing cadence
224,3.518709,0.016842,Tick,live-sample,true,0xF13000007900B1EF,,server,,unchecked,unchecked,none,83.35976,-2.7063231,26,Ready1H,1.2342501,,,,26->26:Exact,none; server owns swing cadence
225,3.535182,0.016474,Tick,live-sample,true,0xF13000007900B1EF,,server,,unchecked,unchecked,none,83.360245,-2.7058227,26,Ready1H,1.2507237,,,,26->26:Exact,none; server owns swing cadence
226,3.551794,0.016611,Tick,live-sample,true,0xF13000007900B1EF,,server,,unchecked,unchecked,none,83.35968,-2.7053418,26,Ready1H,1.2673349,,,,26->26:Exact,none; server owns swing cadence
227,3.568592,0.016799,Tick,live-sample,true,0xF13000007900B1EF,,server,,unchecked,unchecked,none,83.360275,-2.7048402,26,Ready1H,1.2841338,,,,26->26:Exact,none; server owns swing cadence
228,3.585210,0.016618,Tick,live-sample,true,0xF13000007900B1EF,,server,,unchecked,unchecked,none,83.36008,-2.7043324,26,Ready1H,1.3007514,,,,26->26:Exact,none; server owns swing cadence
229,3.602073,0.016863,Tick,live-sample,true,0xF13000007900B1EF,,server,,unchecked,unchecked,none,83.36064,-2.7038317,26,Ready1H,1.3176144,,,,26->26:Exact,none; server owns swing cadence
230,3.618794,0.016721,Tick,live-sample,true,0xF13000007900B1EF,,server,,unchecked,unchecked,none,83.36098,-2.7033575,26,Ready1H,1.3343352,,,,26->26:Exact,none; server owns swing cadence
231,3.635315,0.016522,Tick,live-sample,true,0xF13000007900B1EF,,server,,unchecked,unchecked,none,83.36084,-2.7028494,26,Ready1H,1.3508568,,,,26->26:Exact,none; server owns swing cadence
232,3.652171,0.016856,Tick,live-sample,true,0xF13000007900B1EF,,server,,unchecked,unchecked,none,83.361534,-2.7023478,26,Ready1H,1.3677124,,,,26->26:Exact,none; server owns swing cadence
233,3.669598,0.017427,Tick,live-sample,true,0xF13000007900B1EF,,server,,unchecked,unchecked,none,83.361435,-2.7018397,26,Ready1H,1.3851392,,,,26->26:Exact,none; server owns swing cadence
234,3.685507,0.015909,Tick,live-sample,true,0xF13000007900B1EF,,server,,unchecked,unchecked,none,83.36178,-2.7013664,26,Ready1H,1.4010482,,,,26->26:Exact,none; server owns swing cadence
235,3.701964,0.016457,Tick,live-sample,true,0xF13000007900B1EF,,server,,unchecked,unchecked,none,83.36221,-2.700892,26,Ready1H,1.4175051,,,,26->26:Exact,none; server owns swing cadence
236,3.718656,0.016692,Tick,live-sample,true,0xF13000007900B1EF,,server,,unchecked,unchecked,none,83.36299,-2.7003903,26,Ready1H,1.4341974,,,,26->26:Exact,none; server owns swing cadence
237,3.735438,0.016782,Tick,live-sample,true,0xF13000007900B1EF,,server,,unchecked,unchecked,none,83.362976,-2.6998825,26,Ready1H,1.4509795,,,,26->26:Exact,none; server owns swing cadence
238,3.752018,0.016579,Tick,live-sample,true,0xF13000007900B1EF,,server,,unchecked,unchecked,none,83.36373,-2.699382,26,Ready1H,1.467559,,,,26->26:Exact,none; server owns swing cadence
239,3.768729,0.016712,Tick,live-sample,true,0xF13000007900B1EF,,server,,unchecked,unchecked,none,83.36343,-2.6989012,26,Ready1H,1.4842707,,,,26->26:Exact,none; server owns swing cadence
240,3.785446,0.016717,Tick,live-sample,true,0xF13000007900B1EF,,server,,unchecked,unchecked,none,83.36429,-2.6983995,26,Ready1H,1.5009875,,,,26->26:Exact,none; server owns swing cadence
241,3.802231,0.016785,Tick,live-sample,true,0xF13000007900B1EF,,server,,unchecked,unchecked,none,83.364365,-2.6978917,26,Ready1H,1.5177727,,,,26->26:Exact,none; server owns swing cadence
242,3.818864,0.016633,Tick,live-sample,true,0xF13000007900B1EF,,server,,unchecked,unchecked,none,83.36486,-2.6974185,26,Ready1H,1.5344058,,,,26->26:Exact,none; server owns swing cadence
243,3.835479,0.016615,Tick,live-sample,true,0xF13000007900B1EF,,server,,unchecked,unchecked,none,83.36578,-2.6969168,26,Ready1H,1.5510204,,,,26->26:Exact,none; server owns swing cadence
244,3.852201,0.016722,Tick,live-sample,true,0xF13000007900B1EF,,server,,unchecked,unchecked,none,83.36592,-2.6964087,26,Ready1H,1.5677423,,,,26->26:Exact,none; server owns swing cadence
245,3.870363,0.018162,Tick,live-sample,true,0xF13000007900B1EF,,server,,unchecked,unchecked,none,83.36642,-2.6958737,26,Ready1H,1.585904,,,,26->26:Exact,none; server owns swing cadence
246,3.885502,0.015139,Tick,live-sample,true,0xF13000007900B1EF,,server,,unchecked,unchecked,none,83.36753,-2.6954331,26,Ready1H,1.6010429,,,,26->26:Exact,none; server owns swing cadence
247,3.901983,0.016481,Tick,live-sample,true,0xF13000007900B1EF,,server,,unchecked,unchecked,none,83.36766,-2.6949263,26,Ready1H,1.6175239,,,,26->26:Exact,none; server owns swing cadence
248,3.918986,0.017004,Tick,live-sample,true,0xF13000007900B1EF,,server,,unchecked,unchecked,none,83.36869,-2.6944246,26,Ready1H,1.6345278,,,,26->26:Exact,none; server owns swing cadence
249,3.935407,0.016421,Tick,live-sample,true,0xF13000007900B1EF,,server,,unchecked,unchecked,none,83.36939,-2.6939504,26,Ready1H,1.6509488,,,,26->26:Exact,none; server owns swing cadence
250,3.952259,0.016852,Tick,live-sample,true,0xF13000007900B1EF,,server,,unchecked,unchecked,none,83.36966,-2.6934423,26,Ready1H,1.6678008,,,,26->26:Exact,none; server owns swing cadence
251,3.969957,0.017698,Tick,live-sample,true,0xF13000007900B1EF,,server,,unchecked,unchecked,none,83.370674,-2.6929421,26,Ready1H,1.6854986,,,,26->26:Exact,none; server owns swing cadence
252,3.985467,0.015510,Tick,live-sample,true,0xF13000007900B1EF,,server,,unchecked,unchecked,none,83.37063,-2.6924613,26,Ready1H,1.7010082,,,,26->26:Exact,none; server owns swing cadence
253,4.002278,0.016811,Tick,live-sample,true,0xF13000007900B1EF,,server,,unchecked,unchecked,none,83.371765,-2.6919599,26,Ready1H,1.7178196,,,,26->26:Exact,none; server owns swing cadence
254,4.018748,0.016470,Tick,live-sample,true,0xF13000007900B1EF,,server,,unchecked,unchecked,none,83.37256,-2.6914856,26,Ready1H,1.7342895,,,,26->26:Exact,none; server owns swing cadence
255,4.035385,0.016637,Tick,live-sample,true,0xF13000007900B1EF,,server,,unchecked,unchecked,none,83.372856,-2.6909788,26,Ready1H,1.7509267,,,,26->26:Exact,none; server owns swing cadence
256,4.052381,0.016996,Tick,live-sample,true,0xF13000007900B1EF,,server,,unchecked,unchecked,none,83.374054,-2.6904774,26,Ready1H,1.7679224,,,,26->26:Exact,none; server owns swing cadence
257,4.068830,0.016449,Tick,live-sample,true,0xF13000007900B1EF,,server,,unchecked,unchecked,none,83.37491,-2.6900032,26,Ready1H,1.7843713,,,,26->26:Exact,none; server owns swing cadence
258,4.085480,0.016650,Tick,live-sample,true,0xF13000007900B1EF,,server,,unchecked,unchecked,none,83.37534,-2.689495,26,Ready1H,1.8010212,,,,26->26:Exact,none; server owns swing cadence
259,4.102263,0.016783,Tick,live-sample,true,0xF13000007900B1EF,,server,,unchecked,unchecked,none,83.3766,-2.688994,26,Ready1H,1.8178046,,,,26->26:Exact,none; server owns swing cadence
260,4.119040,0.016777,Tick,live-sample,true,0xF13000007900B1EF,,server,,unchecked,unchecked,none,83.377,-2.688487,26,Ready1H,1.8345819,,,,26->26:Exact,none; server owns swing cadence
261,4.135507,0.016466,Tick,live-sample,true,0xF13000007900B1EF,,server,,unchecked,unchecked,none,83.37794,-2.6880128,26,Ready1H,1.851048,,,,26->26:Exact,none; server owns swing cadence
262,4.152324,0.016818,Tick,live-sample,true,0xF13000007900B1EF,,server,,unchecked,unchecked,none,83.37926,-2.6875114,26,Ready1H,1.8678658,,,,26->26:Exact,none; server owns swing cadence
263,4.169933,0.017609,Tick,live-sample,true,0xF13000007900B1EF,,server,,unchecked,unchecked,none,83.37979,-2.6870036,26,Ready1H,1.8854748,,,,26->26:Exact,none; server owns swing cadence
264,4.185633,0.015700,Tick,live-sample,true,0xF13000007900B1EF,,server,,unchecked,unchecked,none,83.380714,-2.6865306,26,Ready1H,1.9011749,,,,26->26:Exact,none; server owns swing cadence
265,4.202452,0.016818,Tick,live-sample,true,0xF13000007900B1EF,,server,,unchecked,unchecked,none,83.38129,-2.6860228,26,Ready1H,1.9179933,,,,26->26:Exact,none; server owns swing cadence
266,4.218912,0.016460,Tick,live-sample,true,0xF13000007900B1EF,,server,,unchecked,unchecked,none,83.382324,-2.6855485,26,Ready1H,1.9344537,,,,26->26:Exact,none; server owns swing cadence
267,4.235915,0.017003,Tick,live-sample,true,0xF13000007900B1EF,,server,,unchecked,unchecked,none,83.38374,-2.6850474,26,Ready1H,1.9514568,,,,26->26:Exact,none; server owns swing cadence
268,4.252432,0.016517,Tick,live-sample,true,0xF13000007900B1EF,,server,,unchecked,unchecked,none,83.384315,-2.6845407,26,Ready1H,1.9679736,,,,26->26:Exact,none; server owns swing cadence
269,4.269547,0.017115,Tick,live-sample,true,0xF13000007900B1EF,,server,,unchecked,unchecked,none,83.38578,-2.6840394,26,Ready1H,1.9850882,,,,26->26:Exact,none; server owns swing cadence
270,4.285651,0.016104,Tick,live-sample,true,0xF13000007900B1EF,,server,,unchecked,unchecked,none,83.386894,-2.6835654,26,Ready1H,2.0011923,,,,26->26:Exact,none; server owns swing cadence
271,4.302564,0.016913,Tick,live-sample,true,0xF13000007900B1EF,,server,,unchecked,unchecked,none,83.38759,-2.6830575,26,Ready1H,2.0181053,,,,26->26:Exact,none; server owns swing cadence
272,4.319401,0.016837,Tick,live-sample,true,0xF13000007900B1EF,,server,,unchecked,unchecked,none,83.389046,-2.6825576,26,Ready1H,2.034942,,,,26->26:Exact,none; server owns swing cadence
273,4.335735,0.016334,Tick,live-sample,true,0xF13000007900B1EF,,server,,unchecked,unchecked,none,83.39022,-2.6820836,26,Ready1H,2.0512762,,,,26->26:Exact,none; server owns swing cadence
274,4.352723,0.016988,Tick,live-sample,true,0xF13000007900B1EF,,server,,unchecked,unchecked,none,83.39098,-2.6815758,26,Ready1H,2.0682642,,,,26->26:Exact,none; server owns swing cadence
275,4.369027,0.016304,Tick,live-sample,true,0xF13000007900B1EF,,server,,unchecked,unchecked,none,83.39176,-2.681068,26,Ready1H,2.0845685,,,,26->26:Exact,none; server owns swing cadence
276,4.385987,0.016960,Tick,live-sample,true,0xF13000007900B1EF,,server,,unchecked,unchecked,none,83.39338,-2.6805668,26,Ready1H,2.1015284,,,,26->26:Exact,none; server owns swing cadence
277,4.402698,0.016710,Tick,live-sample,true,0xF13000007900B1EF,,server,,unchecked,unchecked,none,83.39456,-2.680094,26,Ready1H,2.118239,,,,26->26:Exact,none; server owns swing cadence
278,4.419185,0.016488,Tick,live-sample,true,0xF13000007900B1EF,,server,,unchecked,unchecked,none,83.3954,-2.6795862,26,Ready1H,2.1347268,,,,26->26:Exact,none; server owns swing cadence
279,4.436060,0.016874,Tick,live-sample,true,0xF13000007900B1EF,,server,,unchecked,unchecked,none,83.39708,-2.679085,26,Ready1H,2.151601,,,,26->26:Exact,none; server owns swing cadence
280,4.452753,0.016693,Tick,live-sample,true,0xF13000007900B1EF,,server,,unchecked,unchecked,none,83.398384,-2.678611,26,Ready1H,2.1682942,,,,26->26:Exact,none; server owns swing cadence
281,4.470085,0.017332,Tick,live-sample,true,0xF13000007900B1EF,,server,,unchecked,unchecked,none,83.39961,-2.6780775,26,Ready1H,2.1856263,,,,26->26:Exact,none; server owns swing cadence
282,4.485954,0.015869,Tick,live-sample,true,0xF13000007900B1EF,,server,,unchecked,unchecked,none,83.40057,-2.6776307,26,Ready1H,2.2014954,,,,26->26:Exact,none; server owns swing cadence
283,4.502689,0.016735,Tick,live-sample,true,0xF13000007900B1EF,,server,,unchecked,unchecked,none,83.40233,-2.6771297,26,Ready1H,2.2182307,,,,26->26:Exact,none; server owns swing cadence
284,4.519263,0.016574,Tick,live-sample,true,0xF13000007900B1EF,,server,,unchecked,unchecked,none,83.4033,-2.676622,26,Ready1H,2.2348044,,,,26->26:Exact,none; server owns swing cadence
285,4.535845,0.016582,Tick,live-sample,true,0xF13000007900B1EF,,server,,unchecked,unchecked,none,83.40464,-2.6761494,26,Ready1H,2.2513862,,,,26->26:Exact,none; server owns swing cadence
286,4.552902,0.017057,Tick,live-sample,true,0xF13000007900B1EF,,server,,unchecked,unchecked,none,83.40565,-2.6756415,26,Ready1H,2.2684433,,,,26->26:Exact,none; server owns swing cadence
287,4.569211,0.016309,Tick,live-sample,true,0xF13000007900B1EF,,server,,unchecked,unchecked,none,83.407486,-2.6751406,26,Ready1H,2.2847528,,,,26->26:Exact,none; server owns swing cadence
288,4.585872,0.016661,Tick,live-sample,true,0xF13000007900B1EF,,server,,unchecked,unchecked,none,83.40895,-2.674667,26,Ready1H,2.3014133,,,,26->26:Exact,none; server owns swing cadence
289,4.602702,0.016830,Tick,live-sample,true,0xF13000007900B1EF,,server,,unchecked,unchecked,none,83.41003,-2.6741593,26,Ready1H,2.3182437,,,,26->26:Exact,none; server owns swing cadence
290,4.619398,0.016695,Tick,live-sample,true,0xF13000007900B1EF,,server,,unchecked,unchecked,none,83.41186,-2.6736596,26,Ready1H,2.334939,,,,26->26:Exact,none; server owns swing cadence
291,4.635973,0.016575,Tick,live-sample,true,0xF13000007900B1EF,,server,,unchecked,unchecked,none,83.41298,-2.673152,26,Ready1H,2.351514,,,,26->26:Exact,none; server owns swing cadence
292,4.652736,0.016764,Tick,live-sample,true,0xF13000007900B1EF,,server,,unchecked,unchecked,none,83.41452,-2.6726782,26,Ready1H,2.3682775,,,,26->26:Exact,none; server owns swing cadence
293,4.671084,0.018347,Tick,live-sample,true,0xF13000007900B1EF,,server,,unchecked,unchecked,none,83.41647,-2.6721165,26,Ready1H,2.3866248,,,,26->26:Exact,none; server owns swing cadence
294,4.686314,0.015230,Tick,live-sample,true,0xF13000007900B1EF,,server,,unchecked,unchecked,none,83.41759,-2.671671,26,Ready1H,2.4018552,,,,26->26:Exact,none; server owns swing cadence
295,4.702895,0.016581,Tick,live-sample,true,0xF13000007900B1EF,,server,,unchecked,unchecked,none,83.41919,-2.6711974,26,Ready1H,2.418436,,,,26->26:Exact,none; server owns swing cadence
296,4.719436,0.016541,Tick,live-sample,true,0xF13000007900B1EF,,server,,unchecked,unchecked,none,83.42121,-2.6706967,26,Ready1H,2.434977,,,,26->26:Exact,none; server owns swing cadence
297,4.736050,0.016614,Tick,live-sample,true,0xF13000007900B1EF,,server,,unchecked,unchecked,none,83.42246,-2.6701891,26,Ready1H,2.451591,,,,26->26:Exact,none; server owns swing cadence
298,4.752812,0.016762,Tick,live-sample,true,0xF13000007900B1EF,,server,,unchecked,unchecked,none,83.42405,-2.6697166,26,Ready1H,2.468353,,,,26->26:Exact,none; server owns swing cadence
299,4.770381,0.017569,Tick,live-sample,true,0xF13000007900B1EF,,server,,unchecked,unchecked,none,83.42574,-2.669182,26,Ready1H,2.4859223,,,,26->26:Exact,none; server owns swing cadence
300,4.786080,0.015699,Tick,live-sample,true,0xF13000007900B1EF,,server,,unchecked,unchecked,none,83.42744,-2.6687086,26,Ready1H,2.5016217,,,,26->26:Exact,none; server owns swing cadence
301,4.802855,0.016775,Tick,live-sample,true,0xF13000007900B1EF,,server,,unchecked,unchecked,none,83.42916,-2.6682348,26,Ready1H,2.5183964,,,,26->26:Exact,none; server owns swing cadence
302,4.819582,0.016727,Tick,live-sample,true,0xF13000007900B1EF,,server,,unchecked,unchecked,none,83.430504,-2.6677275,26,Ready1H,2.535123,,,,26->26:Exact,none; server owns swing cadence
303,4.836336,0.016754,Tick,live-sample,true,0xF13000007900B1EF,,server,,unchecked,unchecked,none,83.4326,-2.6672282,26,Ready1H,2.5518773,,,,26->26:Exact,none; server owns swing cadence
304,4.852961,0.016626,Tick,live-sample,true,0xF13000007900B1EF,,server,,unchecked,unchecked,none,83.43438,-2.6667547,26,Ready1H,2.568503,,,,26->26:Exact,none; server owns swing cadence
305,4.869724,0.016762,Tick,live-sample,true,0xF13000007900B1EF,,server,,unchecked,unchecked,none,83.43579,-2.6662474,26,Ready1H,2.5852654,,,,26->26:Exact,none; server owns swing cadence
306,4.886172,0.016448,Tick,live-sample,true,0xF13000007900B1EF,,server,,unchecked,unchecked,none,83.43803,-2.6657467,26,Ready1H,2.6017132,,,,26->26:Exact,none; server owns swing cadence
307,4.903068,0.016896,Tick,live-sample,true,0xF13000007900B1EF,,server,,unchecked,unchecked,none,83.43941,-2.6652408,26,Ready1H,2.6186097,,,,26->26:Exact,none; server owns swing cadence
308,4.919739,0.016671,Tick,live-sample,true,0xF13000007900B1EF,,server,,unchecked,unchecked,none,83.44126,-2.6647673,26,Ready1H,2.6352804,,,,26->26:Exact,none; server owns swing cadence
309,4.936423,0.016684,Tick,live-sample,true,0xF13000007900B1EF,,server,,unchecked,unchecked,none,83.4422,-2.6645305,26,Ready1H,2.6519644,,,,26->26:Exact,none; server owns swing cadence
310,4.953047,0.016624,Tick,live-sample,true,0xF13000007900B1EF,,server,,unchecked,unchecked,none,83.4422,-2.6645305,26,Ready1H,2.6685882,,,,26->26:Exact,none; server owns swing cadence
311,4.970653,0.017606,Tick,live-sample,true,0xF13000007900B1EF,,server,,unchecked,unchecked,none,83.4422,-2.6645305,26,Ready1H,2.6861942,,,,26->26:Exact,none; server owns swing cadence
312,4.986482,0.015829,Tick,live-sample,true,0xF13000007900B1EF,,server,,unchecked,unchecked,none,83.4422,-2.6645305,26,Ready1H,2.702023,,,,26->26:Exact,none; server owns swing cadence
313,5.002980,0.016498,Tick,live-sample,true,0xF13000007900B1EF,,server,,unchecked,unchecked,none,83.4422,-2.6645305,26,Ready1H,2.7185214,,,,26->26:Exact,none; server owns swing cadence
314,5.020095,0.017115,Tick,live-sample,true,0xF13000007900B1EF,,server,,unchecked,unchecked,none,83.4422,-2.6645305,26,Ready1H,2.735636,,,,26->26:Exact,none; server owns swing cadence
315,5.036453,0.016359,Tick,live-sample,true,0xF13000007900B1EF,,server,,unchecked,unchecked,none,83.4422,-2.6645305,26,Ready1H,2.7519946,,,,26->26:Exact,none; server owns swing cadence
316,5.052934,0.016480,Tick,live-sample,true,0xF13000007900B1EF,,server,,unchecked,unchecked,none,83.4422,-2.6645305,26,Ready1H,2.768475,,,,26->26:Exact,none; server owns swing cadence
317,5.070570,0.017636,Tick,live-sample,true,0xF13000007900B1EF,,server,,unchecked,unchecked,none,83.4422,-2.6645305,26,Ready1H,2.786111,,,,26->26:Exact,none; server owns swing cadence
318,5.086458,0.015888,Tick,live-sample,true,0xF13000007900B1EF,,server,,unchecked,unchecked,none,83.40875,-2.6647887,26,Ready1H,2.8019989,,,,26->26:Exact,none; server owns swing cadence
319,5.103102,0.016644,Tick,live-sample,true,0xF13000007900B1EF,,server,,unchecked,unchecked,none,83.37317,-2.665063,26,Ready1H,2.8186429,,,,26->26:Exact,none; server owns swing cadence
320,5.120092,0.016990,Tick,live-sample,true,0xF13000007900B1EF,,server,,unchecked,unchecked,none,83.337585,-2.6653373,26,Ready1H,2.835633,,,,26->26:Exact,none; server owns swing cadence
321,5.136479,0.016387,Tick,live-sample,true,0xF13000007900B1EF,,server,,unchecked,unchecked,none,83.30336,-2.6655893,26,Ready1H,2.8520205,,,,26->26:Exact,none; server owns swing cadence
322,5.153509,0.017029,Tick,live-sample,true,0xF13000007900B1EF,,server,,unchecked,unchecked,none,83.26779,-2.6658642,26,Ready1H,2.86905,,,,26->26:Exact,none; server owns swing cadence
323,5.169992,0.016484,Tick,live-sample,true,0xF13000007900B1EF,,server,,unchecked,unchecked,none,83.23223,-2.6661391,26,Ready1H,2.8855336,,,,26->26:Exact,none; server owns swing cadence
324,5.186848,0.016856,Tick,live-sample,true,0xF13000007900B1EF,,server,,unchecked,unchecked,none,83.19882,-2.6663988,26,Ready1H,2.9023895,,,,26->26:Exact,none; server owns swing cadence
325,5.203688,0.016840,Tick,live-sample,true,0xF13000007900B1EF,,server,,unchecked,unchecked,none,83.16327,-2.6666744,26,Ready1H,2.9192297,,,,26->26:Exact,none; server owns swing cadence
326,5.219981,0.016292,Tick,live-sample,true,0xF13000007900B1EF,,server,,unchecked,unchecked,none,83.12773,-2.6669502,26,Ready1H,2.935522,,,,26->26:Exact,none; server owns swing cadence
327,5.236556,0.016575,Tick,live-sample,true,0xF13000007900B1EF,,server,,unchecked,unchecked,none,83.09433,-2.66721,26,Ready1H,2.9520972,,,,26->26:Exact,none; server owns swing cadence
328,5.253293,0.016737,Tick,live-sample,true,0xF13000007900B1EF,,server,,unchecked,unchecked,none,83.05801,-2.6674798,26,Ready1H,2.9688344,,,,26->26:Exact,none; server owns swing cadence
329,5.270921,0.017628,Tick,live-sample,true,0xF13000007900B1EF,,server,,unchecked,unchecked,none,83.022484,-2.667756,26,Ready1H,2.9864626,,,,26->26:Exact,none; server owns swing cadence
330,5.286696,0.015775,Tick,live-sample,true,0xF13000007900B1EF,,server,,unchecked,unchecked,none,82.989105,-2.668017,26,Ready1H,3.002237,,,,26->26:Exact,none; server owns swing cadence
331,5.303261,0.016565,Tick,live-sample,true,0xF13000007900B1EF,,server,,unchecked,unchecked,none,82.95367,-2.6682928,26,Ready1H,3.0188026,,,,26->26:Exact,none; server owns swing cadence
332,5.320019,0.016757,Tick,live-sample,true,0xF13000007900B1EF,,server,,unchecked,unchecked,none,82.91816,-2.66857,26,Ready1H,3.0355601,,,,26->26:Exact,none; server owns swing cadence
333,5.336709,0.016691,Tick,live-sample,true,0xF13000007900B1EF,,server,,unchecked,unchecked,none,82.884796,-2.6688313,26,Ready1H,3.0522506,,,,26->26:Exact,none; server owns swing cadence
334,5.353683,0.016974,Tick,live-sample,true,0xF13000007900B1EF,,server,,unchecked,unchecked,none,82.849304,-2.669109,26,Ready1H,3.0692246,,,,26->26:Exact,none; server owns swing cadence
335,5.369980,0.016297,Tick,live-sample,true,0xF13000007900B1EF,,server,,unchecked,unchecked,none,82.81382,-2.6693869,26,Ready1H,3.085521,,,,26->26:Exact,none; server owns swing cadence
336,5.386759,0.016779,Tick,live-sample,true,0xF13000007900B1EF,,server,,unchecked,unchecked,none,82.77968,-2.6696422,26,Ready1H,3.1023002,,,,26->26:Exact,none; server owns swing cadence
337,5.403565,0.016806,Tick,live-sample,true,0xF13000007900B1EF,,server,,unchecked,unchecked,none,82.7442,-2.6699204,26,Ready1H,3.1191058,,,,26->26:Exact,none; server owns swing cadence
338,5.419935,0.016371,Tick,live-sample,true,0xF13000007900B1EF,,server,,unchecked,unchecked,none,82.71088,-2.6701832,26,Ready1H,3.1354766,,,,26->26:Exact,none; server owns swing cadence
339,5.436647,0.016711,Tick,live-sample,true,0xF13000007900B1EF,,server,,unchecked,unchecked,none,82.675415,-2.670462,26,Ready1H,3.1521878,,,,26->26:Exact,none; server owns swing cadence
340,5.453619,0.016973,Tick,live-sample,true,0xF13000007900B1EF,,server,,unchecked,unchecked,none,82.63995,-2.670741,26,Ready1H,3.1691606,,,,26->26:Exact,none; server owns swing cadence
341,5.471708,0.018089,Tick,live-sample,true,0xF13000007900B1EF,,server,,unchecked,unchecked,none,82.60237,-2.6710362,26,Ready1H,3.1872497,,,,26->26:Exact,none; server owns swing cadence
342,5.486835,0.015127,Tick,live-sample,true,0xF13000007900B1EF,,server,,unchecked,unchecked,none,82.571205,-2.6712837,26,Ready1H,3.2023761,,,,26->26:Exact,none; server owns swing cadence
343,5.503697,0.016862,Tick,live-sample,true,0xF13000007900B1EF,,server,,unchecked,unchecked,none,82.534966,-2.6715567,26,Ready1H,3.219238,,,,26->26:Exact,none; server owns swing cadence
344,5.520014,0.016317,Tick,live-sample,true,0xF13000007900B1EF,,server,,unchecked,unchecked,none,82.499535,-2.6718366,26,Ready1H,3.2355556,,,,26->26:Exact,none; server owns swing cadence
345,5.536913,0.016899,Tick,live-sample,true,0xF13000007900B1EF,,server,,unchecked,unchecked,none,82.46625,-2.6721008,26,Ready1H,3.2524548,,,,26->26:Exact,none; server owns swing cadence
346,5.553807,0.016893,Tick,live-sample,true,0xF13000007900B1EF,,server,,unchecked,unchecked,none,82.43083,-2.6723812,26,Ready1H,3.269348,,,,26->26:Exact,none; server owns swing cadence
347,5.553807,0.000000,CombatReceive,server,true,0x0000000000000000,SMSG_PERIODICAURALOG,server,,unchecked,unchecked,none,-1,,26,Ready1H,3.269348,,,,26->26:Exact,CombatPeriodicAura
348,5.571203,0.017397,Tick,live-sample,true,0xF13000007900B1EF,,server,,unchecked,unchecked,none,82.39329,-2.672678,26,Ready1H,3.2867446,,,,26->26:Exact,none; server owns swing cadence
349,5.587105,0.015902,Tick,live-sample,true,0xF13000007900B1EF,,server,,unchecked,unchecked,none,82.360016,-2.6729429,26,Ready1H,3.3026462,,,,26->26:Exact,none; server owns swing cadence
350,5.603727,0.016622,Tick,live-sample,true,0xF13000007900B1EF,,server,,unchecked,unchecked,none,82.32675,-2.6732078,26,Ready1H,3.3192682,,,,26->26:Exact,none; server owns swing cadence
351,5.620252,0.016525,Tick,live-sample,true,0xF13000007900B1EF,,server,,unchecked,unchecked,none,82.29136,-2.6734893,26,Ready1H,3.3357937,,,,26->26:Exact,none; server owns swing cadence
352,5.637278,0.017026,Tick,live-sample,true,0xF13000007900B1EF,,server,,unchecked,unchecked,none,82.25517,-2.6737642,26,Ready1H,3.35282,,,,26->26:Exact,none; server owns swing cadence
353,5.653659,0.016381,Tick,live-sample,true,0xF13000007900B1EF,,server,,unchecked,unchecked,none,82.221924,-2.6740298,26,Ready1H,3.369201,,,,26->26:Exact,none; server owns swing cadence
354,5.670342,0.016683,Tick,live-sample,true,0xF13000007900B1EF,,server,,unchecked,unchecked,none,82.186554,-2.6743119,26,Ready1H,3.3858833,,,,26->26:Exact,none; server owns swing cadence
355,5.686908,0.016566,Tick,live-sample,true,0xF13000007900B1EF,,server,,unchecked,unchecked,none,82.15332,-2.674578,26,Ready1H,3.4024498,,,,26->26:Exact,none; server owns swing cadence
356,5.703741,0.016832,Tick,live-sample,true,0xF13000007900B1EF,,server,,unchecked,unchecked,none,82.11796,-2.6748605,26,Ready1H,3.419282,,,,26->26:Exact,none; server owns swing cadence
357,5.720397,0.016657,Tick,live-sample,true,0xF13000007900B1EF,,server,,unchecked,unchecked,none,82.0826,-2.6751435,26,Ready1H,3.4359388,,,,26->26:Exact,none; server owns swing cadence
358,5.736951,0.016554,Tick,live-sample,true,0xF13000007900B1EF,,server,,unchecked,unchecked,none,82.049385,-2.6754103,26,Ready1H,3.4524922,,,,26->26:Exact,none; server owns swing cadence
359,5.753819,0.016868,Tick,live-sample,true,0xF13000007900B1EF,,server,,unchecked,unchecked,none,82.01331,-2.6756854,26,Ready1H,3.46936,,,,26->26:Exact,none; server owns swing cadence
360,5.771338,0.017520,Tick,live-sample,true,0xF13000007900B1EF,,server,,unchecked,unchecked,none,81.97585,-2.6759853,26,Ready1H,3.4868798,,,,26->26:Exact,none; server owns swing cadence
361,5.787089,0.015751,Tick,live-sample,true,0xF13000007900B1EF,,server,,unchecked,unchecked,none,81.94266,-2.6762528,26,Ready1H,3.5026305,,,,26->26:Exact,none; server owns swing cadence
362,5.803776,0.016687,Tick,live-sample,true,0xF13000007900B1EF,,server,,unchecked,unchecked,none,81.90946,-2.6765206,26,Ready1H,3.5193174,,,,26->26:Exact,none; server owns swing cadence
363,5.820279,0.016504,Tick,live-sample,true,0xF13000007900B1EF,,server,,unchecked,unchecked,none,81.874146,-2.6768048,26,Ready1H,3.535821,,,,26->26:Exact,none; server owns swing cadence
364,5.836913,0.016634,Tick,live-sample,true,0xF13000007900B1EF,,server,,unchecked,unchecked,none,81.840965,-2.677073,26,Ready1H,3.5524545,,,,26->26:Exact,none; server owns swing cadence
365,5.853912,0.016999,Tick,live-sample,true,0xF13000007900B1EF,,server,,unchecked,unchecked,none,81.805664,-2.6773577,26,Ready1H,3.5694532,,,,26->26:Exact,none; server owns swing cadence
366,5.871190,0.017279,Tick,live-sample,true,0xF13000007900B1EF,,server,,unchecked,unchecked,none,81.76824,-2.677659,26,Ready1H,3.586732,,,,26->26:Exact,none; server owns swing cadence
367,5.871190,0.000000,AttackStartReceive,server,true,0xF13000007A00E7F9,SMSG_ATTACKSTART,server,,unchecked,unchecked,none,64.456085,-5.150868,26,Ready1H,3.586732,,,,26->26:Exact,attacker=0x0000000000000105
368,5.887004,0.015813,Tick,live-sample,true,0xF13000007900B1EF,,server,,unchecked,unchecked,none,81.734276,-2.6779213,26,Ready1H,3.602545,,,,26->26:Exact,none; server owns swing cadence
369,5.903872,0.016868,Tick,live-sample,true,0xF13000007900B1EF,,server,,unchecked,unchecked,none,81.701126,-2.6781902,26,Ready1H,3.6194131,,,,26->26:Exact,none; server owns swing cadence
370,5.920449,0.016577,Tick,live-sample,true,0xF13000007900B1EF,,server,,unchecked,unchecked,none,81.66585,-2.6784759,26,Ready1H,3.6359904,,,,26->26:Exact,none; server owns swing cadence
371,5.937090,0.016641,Tick,live-sample,true,0xF13000007900B1EF,,server,,unchecked,unchecked,none,81.63058,-2.678762,26,Ready1H,3.6526313,,,,26->26:Exact,none; server owns swing cadence
372,5.954071,0.016981,Tick,live-sample,true,0xF13000007900B1EF,,server,,unchecked,unchecked,none,81.595314,-2.679048,26,Ready1H,3.6696124,,,,26->26:Exact,none; server owns swing cadence
373,5.970589,0.016518,Tick,live-sample,true,0xF13000007900B1EF,,server,,unchecked,unchecked,none,81.56218,-2.679318,26,Ready1H,3.6861308,,,,26->26:Exact,none; server owns swing cadence
374,5.987073,0.016483,Tick,live-sample,true,0xF13000007900B1EF,,server,,unchecked,unchecked,none,81.52693,-2.6796048,26,Ready1H,3.702614,,,,26->26:Exact,none; server owns swing cadence
375,6.003962,0.016890,Tick,live-sample,true,0xF13000007900B1EF,,server,,unchecked,unchecked,none,81.49301,-2.6798685,26,Ready1H,3.7195036,,,,26->26:Exact,none; server owns swing cadence
376,6.020602,0.016640,Tick,live-sample,true,0xF13000007900B1EF,,server,,unchecked,unchecked,none,81.45778,-2.6801555,26,Ready1H,3.7361436,,,,26->26:Exact,none; server owns swing cadence
377,6.037324,0.016722,Tick,live-sample,true,0xF13000007900B1EF,,server,,unchecked,unchecked,none,81.42255,-2.680443,26,Ready1H,3.7528658,,,,26->26:Exact,none; server owns swing cadence
378,6.054006,0.016682,Tick,live-sample,true,0xF13000007900B1EF,,server,,unchecked,unchecked,none,81.38732,-2.6807308,26,Ready1H,3.7695475,,,,26->26:Exact,none; server owns swing cadence
379,6.071422,0.017416,Tick,live-sample,true,0xF13000007900B1EF,,server,,unchecked,unchecked,none,81.352104,-2.6810186,26,Ready1H,3.7869637,,,,26->26:Exact,none; server owns swing cadence
380,6.087140,0.015717,Tick,live-sample,true,0xF13000007900B1EF,,server,,unchecked,unchecked,none,81.319016,-2.6812901,26,Ready1H,3.8026807,,,,26->26:Exact,none; server owns swing cadence
381,6.104104,0.016964,Tick,live-sample,true,0xF13000007900B1EF,,server,,unchecked,unchecked,none,81.28381,-2.6815786,26,Ready1H,3.819645,,,,26->26:Exact,none; server owns swing cadence
382,6.120981,0.016877,Tick,live-sample,true,0xF13000007900B1EF,,server,,unchecked,unchecked,none,81.24862,-2.6818674,26,Ready1H,3.8365223,,,,26->26:Exact,none; server owns swing cadence
383,6.137425,0.016444,Tick,live-sample,true,0xF13000007900B1EF,,server,,unchecked,unchecked,none,81.214745,-2.6821327,26,Ready1H,3.852966,,,,26->26:Exact,none; server owns swing cadence
384,6.153958,0.016533,Tick,live-sample,true,0xF13000007900B1EF,,server,,unchecked,unchecked,none,81.18169,-2.6824052,26,Ready1H,3.869499,,,,26->26:Exact,none; server owns swing cadence
385,6.170842,0.016884,Tick,live-sample,true,0xF13000007900B1EF,,server,,unchecked,unchecked,none,81.146576,-2.6826935,26,Ready1H,3.886383,,,,26->26:Exact,none; server owns swing cadence
386,6.187824,0.016983,Tick,live-sample,true,0xF13000007900B1EF,,server,,unchecked,unchecked,none,81.111404,-2.682983,26,Ready1H,3.9033659,,,,26->26:Exact,none; server owns swing cadence
387,6.204346,0.016522,Tick,live-sample,true,0xF13000007900B1EF,,server,,unchecked,unchecked,none,81.07624,-2.6832728,26,Ready1H,3.9198875,,,,26->26:Exact,none; server owns swing cadence
388,6.220867,0.016521,Tick,live-sample,true,0xF13000007900B1EF,,server,,unchecked,unchecked,none,81.0432,-2.6835463,26,Ready1H,3.936409,,,,26->26:Exact,none; server owns swing cadence
389,6.237834,0.016966,Tick,live-sample,true,0xF13000007900B1EF,,server,,unchecked,unchecked,none,81.03049,-2.6836467,26,Ready1H,3.9533753,,,,26->26:Exact,none; server owns swing cadence
390,6.254210,0.016376,Tick,live-sample,true,0xF13000007900B1EF,,server,,unchecked,unchecked,none,81.03049,-2.6836467,26,Ready1H,3.9697518,,,,26->26:Exact,none; server owns swing cadence
391,6.272437,0.018227,Tick,live-sample,true,0xF13000007900B1EF,,server,,unchecked,unchecked,none,81.03049,-2.6836467,26,Ready1H,3.9879785,,,,26->26:Exact,none; server owns swing cadence
392,6.287375,0.014938,Tick,live-sample,true,0xF13000007900B1EF,,server,,unchecked,unchecked,none,81.03049,-2.6836467,26,Ready1H,4.002917,,,,26->26:Exact,none; server owns swing cadence
393,6.304047,0.016672,Tick,live-sample,true,0xF13000007900B1EF,,server,,unchecked,unchecked,none,81.03049,-2.6836467,26,Ready1H,4.019589,,,,26->26:Exact,none; server owns swing cadence
394,6.320790,0.016743,Tick,live-sample,true,0xF13000007900B1EF,,server,,unchecked,unchecked,none,81.03049,-2.6836467,26,Ready1H,4.0363317,,,,26->26:Exact,none; server owns swing cadence
395,6.337647,0.016857,Tick,live-sample,true,0xF13000007900B1EF,,server,,unchecked,unchecked,none,81.03049,-2.6836467,26,Ready1H,4.053189,,,,26->26:Exact,none; server owns swing cadence
396,6.354392,0.016745,Tick,live-sample,true,0xF13000007900B1EF,,server,,unchecked,unchecked,none,81.03049,-2.6836467,26,Ready1H,4.0699334,,,,26->26:Exact,none; server owns swing cadence
397,6.371796,0.017404,Tick,live-sample,true,0xF13000007900B1EF,,server,,unchecked,unchecked,none,81.03049,-2.6836467,26,Ready1H,4.0873375,,,,26->26:Exact,none; server owns swing cadence
398,6.387510,0.015714,Tick,live-sample,true,0xF13000007900B1EF,,server,,unchecked,unchecked,none,81.03049,-2.6836467,26,Ready1H,4.103051,,,,26->26:Exact,none; server owns swing cadence
399,6.404557,0.017047,Tick,live-sample,true,0xF13000007900B1EF,,server,,unchecked,unchecked,none,81.03049,-2.6836467,26,Ready1H,4.1200976,,,,26->26:Exact,none; server owns swing cadence
400,6.421011,0.016454,Tick,live-sample,true,0xF13000007900B1EF,,server,,unchecked,unchecked,none,81.03049,-2.6836467,26,Ready1H,4.136552,,,,26->26:Exact,none; server owns swing cadence
401,6.438059,0.017048,Tick,live-sample,true,0xF13000007900B1EF,,server,,unchecked,unchecked,none,81.07267,-2.6835918,26,Ready1H,4.1535997,,,,26->26:Exact,none; server owns swing cadence
402,6.454517,0.016459,Tick,live-sample,true,0xF13000007900B1EF,,server,,unchecked,unchecked,none,81.11235,-2.6835392,26,Ready1H,4.1700587,,,,26->26:Exact,none; server owns swing cadence
403,6.470730,0.016212,Tick,live-sample,true,0xF13000007900B1EF,,server,,unchecked,unchecked,none,81.1521,-2.6834855,26,Ready1H,4.1862707,,,,26->26:Exact,none; server owns swing cadence
404,6.487811,0.017082,Tick,live-sample,true,0xF13000007900B1EF,,server,,unchecked,unchecked,none,81.19429,-2.6834307,26,Ready1H,4.2033525,,,,26->26:Exact,none; server owns swing cadence
405,6.504197,0.016386,Tick,live-sample,true,0xF13000007900B1EF,,server,,unchecked,unchecked,none,81.23648,-2.6833758,26,Ready1H,4.2197385,,,,26->26:Exact,none; server owns swing cadence
406,6.521635,0.017438,Tick,live-sample,true,0xF13000007900B1EF,,server,,unchecked,unchecked,none,81.27873,-2.6833198,26,Ready1H,4.237176,,,,26->26:Exact,none; server owns swing cadence
407,6.537766,0.016132,Tick,live-sample,true,0xF13000007900B1EF,,server,,unchecked,unchecked,none,81.31841,-2.6832676,26,Ready1H,4.253308,,,,26->26:Exact,none; server owns swing cadence
408,6.554467,0.016701,Tick,live-sample,true,0xF13000007900B1EF,,server,,unchecked,unchecked,none,81.3606,-2.6832128,26,Ready1H,4.2700086,,,,26->26:Exact,none; server owns swing cadence
409,6.572682,0.018215,Tick,live-sample,true,0xF13000007900B1EF,,server,,unchecked,unchecked,none,81.405365,-2.6831546,26,Ready1H,4.2882237,,,,26->26:Exact,none; server owns swing cadence
410,6.587624,0.014942,Tick,live-sample,true,0xF13000007900B1EF,,server,,unchecked,unchecked,none,81.44254,-2.683105,26,Ready1H,4.303166,,,,26->26:Exact,none; server owns swing cadence
411,6.604725,0.017101,Tick,live-sample,true,0xF13000007900B1EF,,server,,unchecked,unchecked,none,81.484726,-2.6830504,26,Ready1H,4.3202667,,,,26->26:Exact,none; server owns swing cadence
412,6.621184,0.016459,Tick,live-sample,true,0xF13000007900B1EF,,server,,unchecked,unchecked,none,81.52692,-2.682996,26,Ready1H,4.3367257,,,,26->26:Exact,none; server owns swing cadence
413,6.637914,0.016730,Tick,live-sample,true,0xF13000007900B1EF,,server,,unchecked,unchecked,none,81.5666,-2.682944,26,Ready1H,4.353455,,,,26->26:Exact,none; server owns swing cadence
414,6.654484,0.016570,Tick,live-sample,true,0xF13000007900B1EF,,server,,unchecked,unchecked,none,81.60886,-2.6828885,26,Ready1H,4.370025,,,,26->26:Exact,none; server owns swing cadence
415,6.671568,0.017084,Tick,live-sample,true,0xF13000007900B1EF,,server,,unchecked,unchecked,none,81.651054,-2.6828341,26,Ready1H,4.3871093,,,,26->26:Exact,none; server owns swing cadence
416,6.688746,0.017178,Tick,live-sample,true,0xF13000007900B1EF,,server,,unchecked,unchecked,none,81.69331,-2.6827788,26,Ready1H,4.404287,,,,26->26:Exact,none; server owns swing cadence
417,6.704556,0.015810,Tick,live-sample,true,0xF13000007900B1EF,,server,,unchecked,unchecked,none,81.732994,-2.682727,26,Ready1H,4.420097,,,,26->26:Exact,none; server owns swing cadence
418,6.720911,0.016355,Tick,live-sample,true,0xF13000007900B1EF,,server,,unchecked,unchecked,none,81.77348,-2.6826823,26,Ready1H,4.436452,,,,26->26:Exact,none; server owns swing cadence
419,6.737792,0.016881,Tick,live-sample,true,0xF13000007900B1EF,,server,,unchecked,unchecked,none,81.81567,-2.6826282,26,Ready1H,4.4533324,,,,26->26:Exact,none; server owns swing cadence
420,6.754706,0.016915,Tick,live-sample,true,0xF13000007900B1EF,,server,,unchecked,unchecked,none,81.857864,-2.6825743,26,Ready1H,4.4702473,,,,26->26:Exact,none; server owns swing cadence
421,6.771331,0.016624,Tick,live-sample,true,0xF13000007900B1EF,,server,,unchecked,unchecked,none,81.90012,-2.682519,26,Ready1H,4.4868717,,,,26->26:Exact,none; server owns swing cadence
422,6.787867,0.016536,Tick,live-sample,true,0xF13000007900B1EF,,server,,unchecked,unchecked,none,81.939804,-2.6824675,26,Ready1H,4.503408,,,,26->26:Exact,none; server owns swing cadence
423,6.804715,0.016848,Tick,live-sample,true,0xF13000007900B1EF,,server,,unchecked,unchecked,none,81.981995,-2.6824136,26,Ready1H,4.520256,,,,26->26:Exact,none; server owns swing cadence
424,6.821051,0.016336,Tick,live-sample,true,0xF13000007900B1EF,,server,,unchecked,unchecked,none,82.02426,-2.6823587,26,Ready1H,4.536592,,,,26->26:Exact,none; server owns swing cadence
425,6.838117,0.017066,Tick,live-sample,true,0xF13000007900B1EF,,server,,unchecked,unchecked,none,82.06645,-2.6823049,26,Ready1H,4.5536575,,,,26->26:Exact,none; server owns swing cadence
426,6.854660,0.016543,Tick,live-sample,true,0xF13000007900B1EF,,server,,unchecked,unchecked,none,82.10614,-2.6822538,26,Ready1H,4.5702004,,,,26->26:Exact,none; server owns swing cadence
427,6.871933,0.017274,Tick,live-sample,true,0xF13000007900B1EF,,server,,unchecked,unchecked,none,82.1484,-2.682199,26,Ready1H,4.587474,,,,26->26:Exact,none; server owns swing cadence
428,6.887723,0.015790,Tick,live-sample,true,0xF13000007900B1EF,,server,,unchecked,unchecked,none,82.18808,-2.6821477,26,Ready1H,4.603264,,,,26->26:Exact,none; server owns swing cadence
429,6.904735,0.017012,Tick,live-sample,true,0xF13000007900B1EF,,server,,unchecked,unchecked,none,82.23028,-2.682094,26,Ready1H,4.6202755,,,,26->26:Exact,none; server owns swing cadence
430,6.921246,0.016511,Tick,live-sample,true,0xF13000007900B1EF,,server,,unchecked,unchecked,none,82.27247,-2.6820407,26,Ready1H,4.6367865,,,,26->26:Exact,none; server owns swing cadence
431,6.938111,0.016866,Tick,live-sample,true,0xF13000007900B1EF,,server,,unchecked,unchecked,none,82.314735,-2.681986,26,Ready1H,4.653652,,,,26->26:Exact,none; server owns swing cadence
432,6.954701,0.016590,Tick,live-sample,true,0xF13000007900B1EF,,server,,unchecked,unchecked,none,82.35442,-2.6819353,26,Ready1H,4.670242,,,,26->26:Exact,none; server owns swing cadence
433,6.971388,0.016687,Tick,live-sample,true,0xF13000007900B1EF,,server,,unchecked,unchecked,none,82.396614,-2.681882,26,Ready1H,4.686929,,,,26->26:Exact,none; server owns swing cadence
434,6.987917,0.016529,Tick,live-sample,true,0xF13000007900B1EF,,server,,unchecked,unchecked,none,82.436295,-2.6818311,26,Ready1H,4.703458,,,,26->26:Exact,none; server owns swing cadence
435,7.004526,0.016609,Tick,live-sample,true,0xF13000007900B1EF,,server,,unchecked,unchecked,none,82.47856,-2.6817765,26,Ready1H,4.720067,,,,26->26:Exact,none; server owns swing cadence
436,7.021554,0.017028,Tick,live-sample,true,0xF13000007900B1EF,,server,,unchecked,unchecked,none,82.52076,-2.6817236,26,Ready1H,4.7370954,,,,26->26:Exact,none; server owns swing cadence
437,7.038005,0.016451,Tick,live-sample,true,0xF13000007900B1EF,,server,,unchecked,unchecked,none,82.56296,-2.6816704,26,Ready1H,4.7535458,,,,26->26:Exact,none; server owns swing cadence
438,7.054650,0.016645,Tick,live-sample,true,0xF13000007900B1EF,,server,,unchecked,unchecked,none,82.602715,-2.6816187,26,Ready1H,4.7701907,,,,26->26:Exact,none; server owns swing cadence
439,7.072683,0.018033,Tick,live-sample,true,0xF13000007900B1EF,,server,,unchecked,unchecked,none,82.647415,-2.6815634,26,Ready1H,4.788224,,,,26->26:Exact,none; server owns swing cadence
440,7.088396,0.015713,Tick,live-sample,true,0xF13000007900B1EF,,server,,unchecked,unchecked,none,82.6871,-2.6815128,26,Ready1H,4.8039374,,,,26->26:Exact,none; server owns swing cadence
441,7.104653,0.016257,Tick,live-sample,true,0xF13000007900B1EF,,server,,unchecked,unchecked,none,82.72679,-2.6814623,26,Ready1H,4.8201942,,,,26->26:Exact,none; server owns swing cadence
442,7.121214,0.016561,Tick,live-sample,true,0xF13000007900B1EF,,server,,unchecked,unchecked,none,82.76906,-2.6814082,26,Ready1H,4.8367558,,,,26->26:Exact,none; server owns swing cadence
443,7.138051,0.016837,Tick,live-sample,true,0xF13000007900B1EF,,server,,unchecked,unchecked,none,82.81125,-2.6813555,26,Ready1H,4.8535924,,,,26->26:Exact,none; server owns swing cadence
444,7.155020,0.016969,Tick,live-sample,true,0xF13000007900B1EF,,server,,unchecked,unchecked,none,82.85352,-2.6813016,26,Ready1H,4.870561,,,,26->26:Exact,none; server owns swing cadence
445,7.172597,0.017577,Tick,live-sample,true,0xF13000007900B1EF,,server,,unchecked,unchecked,none,82.89572,-2.681249,26,Ready1H,4.8881383,,,,26->26:Exact,none; server owns swing cadence
446,7.188177,0.015580,Tick,live-sample,true,0xF13000007900B1EF,,server,,unchecked,unchecked,none,82.9354,-2.6811986,26,Ready1H,4.9037185,,,,26->26:Exact,none; server owns swing cadence
447,7.204744,0.016567,Tick,live-sample,true,0xF13000007900B1EF,,server,,unchecked,unchecked,none,82.9751,-2.6811485,26,Ready1H,4.9202857,,,,26->26:Exact,none; server owns swing cadence
448,7.221530,0.016786,Tick,live-sample,true,0xF13000007900B1EF,,server,,unchecked,unchecked,none,83.01729,-2.681096,26,Ready1H,4.937072,,,,26->26:Exact,none; server owns swing cadence
449,7.238538,0.017007,Tick,live-sample,true,0xF13000007900B1EF,,server,,unchecked,unchecked,none,83.05956,-2.6810422,26,Ready1H,4.954079,,,,26->26:Exact,none; server owns swing cadence
450,7.255022,0.016484,Tick,live-sample,true,0xF13000007900B1EF,,server,,unchecked,unchecked,none,83.10176,-2.68099,26,Ready1H,4.9705634,,,,26->26:Exact,none; server owns swing cadence
451,7.271520,0.016498,Tick,live-sample,true,0xF13000007900B1EF,,server,,unchecked,unchecked,none,83.14145,-2.68094,26,Ready1H,4.987062,,,,26->26:Exact,none; server owns swing cadence
452,7.288221,0.016701,Tick,live-sample,true,0xF13000007900B1EF,,server,,unchecked,unchecked,none,83.183716,-2.6808865,26,Ready1H,5.0037627,,,,26->26:Exact,none; server owns swing cadence
453,7.304961,0.016740,Tick,live-sample,true,0xF13000007900B1EF,,server,,unchecked,unchecked,none,83.224205,-2.6808434,26,Ready1H,5.020502,,,,26->26:Exact,none; server owns swing cadence
454,7.321568,0.016607,Tick,live-sample,true,0xF13000007900B1EF,,server,,unchecked,unchecked,none,83.26641,-2.6807911,26,Ready1H,5.0371094,,,,26->26:Exact,none; server owns swing cadence
455,7.338050,0.016483,Tick,live-sample,true,0xF13000007900B1EF,,server,,unchecked,unchecked,none,83.30861,-2.680739,26,Ready1H,5.0535917,,,,26->26:Exact,none; server owns swing cadence
456,7.354829,0.016778,Tick,live-sample,true,0xF13000007900B1EF,,server,,unchecked,unchecked,none,83.348366,-2.680688,26,Ready1H,5.0703697,,,,26->26:Exact,none; server owns swing cadence
457,7.374061,0.019232,Tick,live-sample,true,0xF13000007900B1EF,,server,,unchecked,unchecked,none,83.39736,-2.6806211,26,Ready1H,5.089602,,,,26->26:Exact,none; server owns swing cadence
458,7.388538,0.014477,Tick,live-sample,true,0xF13000007900B1EF,,server,,unchecked,unchecked,none,83.43276,-2.680584,26,Ready1H,5.104079,,,,26->26:Exact,none; server owns swing cadence
459,7.404967,0.016429,Tick,live-sample,true,0xF13000007900B1EF,,server,,unchecked,unchecked,none,83.47504,-2.6805308,26,Ready1H,5.1205077,,,,26->26:Exact,none; server owns swing cadence
460,7.421664,0.016697,Tick,live-sample,true,0xF13000007900B1EF,,server,,unchecked,unchecked,none,83.51473,-2.6804814,26,Ready1H,5.137205,,,,26->26:Exact,none; server owns swing cadence
461,7.438647,0.016983,Tick,live-sample,true,0xF13000007900B1EF,,server,,unchecked,unchecked,none,83.55693,-2.6804295,26,Ready1H,5.154188,,,,26->26:Exact,none; server owns swing cadence
462,7.454962,0.016315,Tick,live-sample,true,0xF13000007900B1EF,,server,,unchecked,unchecked,none,83.59662,-2.68038,26,Ready1H,5.1705036,,,,26->26:Exact,none; server owns swing cadence
463,7.472377,0.017415,Tick,live-sample,true,0xF13000007900B1EF,,server,,unchecked,unchecked,none,83.6414,-2.6803248,26,Ready1H,5.187918,,,,26->26:Exact,none; server owns swing cadence
464,7.488170,0.015793,Tick,live-sample,true,0xF13000007900B1EF,,server,,unchecked,unchecked,none,83.68109,-2.6802754,26,Ready1H,5.203711,,,,26->26:Exact,none; server owns swing cadence
465,7.505186,0.017017,Tick,live-sample,true,0xF13000007900B1EF,,server,,unchecked,unchecked,none,83.7233,-2.680224,26,Ready1H,5.220728,,,,26->26:Exact,none; server owns swing cadence
466,7.521825,0.016638,Tick,live-sample,true,0xF13000007900B1EF,,server,,unchecked,unchecked,none,83.762985,-2.6801746,26,Ready1H,5.237366,,,,26->26:Exact,none; server owns swing cadence
467,7.538896,0.017071,Tick,live-sample,true,0xF13000007900B1EF,,server,,unchecked,unchecked,none,83.80526,-2.680122,26,Ready1H,5.254437,,,,26->26:Exact,none; server owns swing cadence
468,7.555319,0.016423,Tick,live-sample,true,0xF13000007900B1EF,,server,,unchecked,unchecked,none,83.84746,-2.6800704,26,Ready1H,5.27086,,,,26->26:Exact,none; server owns swing cadence
469,7.571931,0.016612,Tick,live-sample,true,0xF13000007900B1EF,,server,,unchecked,unchecked,none,83.88715,-2.6800213,26,Ready1H,5.2874722,,,,26->26:Exact,none; server owns swing cadence
470,7.588420,0.016489,Tick,live-sample,true,0xF13000007900B1EF,,server,,unchecked,unchecked,none,83.92943,-2.6799688,26,Ready1H,5.3039613,,,,26->26:Exact,none; server owns swing cadence
471,7.605111,0.016691,Tick,live-sample,true,0xF13000007900B1EF,,server,,unchecked,unchecked,none,83.971634,-2.6799176,26,Ready1H,5.320652,,,,26->26:Exact,none; server owns swing cadence
472,7.621723,0.016612,Tick,live-sample,true,0xF13000007900B1EF,,server,,unchecked,unchecked,none,84.01132,-2.6798685,26,Ready1H,5.3372636,,,,26->26:Exact,none; server owns swing cadence
473,7.638719,0.016996,Tick,live-sample,true,0xF13000007900B1EF,,server,,unchecked,unchecked,none,84.0536,-2.6798162,26,Ready1H,5.3542595,,,,26->26:Exact,none; server owns swing cadence
474,7.655776,0.017057,Tick,live-sample,true,0xF13000007900B1EF,,server,,unchecked,unchecked,none,84.0958,-2.679765,26,Ready1H,5.371317,,,,26->26:Exact,none; server owns swing cadence
475,7.673553,0.017777,Tick,live-sample,true,0xF13000007900B1EF,,server,,unchecked,unchecked,none,84.14059,-2.6797104,26,Ready1H,5.3890944,,,,26->26:Exact,none; server owns swing cadence
476,7.688535,0.014982,Tick,live-sample,true,0xF13000007900B1EF,,server,,unchecked,unchecked,none,84.177704,-2.679665,26,Ready1H,5.4040766,,,,26->26:Exact,none; server owns swing cadence
477,7.705202,0.016667,Tick,live-sample,true,0xF13000007900B1EF,,server,,unchecked,unchecked,none,84.21997,-2.6796129,26,Ready1H,5.4207435,,,,26->26:Exact,none; server owns swing cadence
478,7.722113,0.016911,Tick,live-sample,true,0xF13000007900B1EF,,server,,unchecked,unchecked,none,84.26218,-2.679562,26,Ready1H,5.437654,,,,26->26:Exact,none; server owns swing cadence
479,7.738607,0.016494,Tick,live-sample,true,0xF13000007900B1EF,,server,,unchecked,unchecked,none,84.30187,-2.6795135,26,Ready1H,5.4541483,,,,26->26:Exact,none; server owns swing cadence
480,7.755485,0.016878,Tick,live-sample,true,0xF13000007900B1EF,,server,,unchecked,unchecked,none,84.34415,-2.6794612,26,Ready1H,5.4710264,,,,26->26:Exact,none; server owns swing cadence
481,7.772524,0.017038,Tick,live-sample,true,0xF13000007900B1EF,,server,,unchecked,unchecked,none,84.38635,-2.6794105,26,Ready1H,5.488065,,,,26->26:Exact,none; server owns swing cadence
482,7.788800,0.016276,Tick,live-sample,true,0xF13000007900B1EF,,server,,unchecked,unchecked,none,84.42605,-2.679362,26,Ready1H,5.504341,,,,26->26:Exact,none; server owns swing cadence
483,7.805234,0.016434,Tick,live-sample,true,0xF13000007900B1EF,,server,,unchecked,unchecked,none,84.46826,-2.6793113,26,Ready1H,5.5207753,,,,26->26:Exact,none; server owns swing cadence
484,7.822026,0.016792,Tick,live-sample,true,0xF13000007900B1EF,,server,,unchecked,unchecked,none,84.51053,-2.6792595,26,Ready1H,5.5375676,,,,26->26:Exact,none; server owns swing cadence
485,7.838552,0.016526,Tick,live-sample,true,0xF13000007900B1EF,,server,,unchecked,unchecked,none,84.550224,-2.6792111,26,Ready1H,5.554094,,,,26->26:Exact,none; server owns swing cadence
486,7.855319,0.016767,Tick,live-sample,true,0xF13000007900B1EF,,server,,unchecked,unchecked,none,84.59244,-2.6791606,26,Ready1H,5.570861,,,,26->26:Exact,none; server owns swing cadence
487,7.873392,0.018072,Tick,live-sample,true,0xF13000007900B1EF,,server,,unchecked,unchecked,none,84.63722,-2.6791067,26,Ready1H,5.588933,,,,26->26:Exact,none; server owns swing cadence
488,7.890659,0.017268,Tick,live-sample,true,0xF13000007900B1EF,,server,,unchecked,unchecked,none,84.67943,-2.6790562,26,Ready1H,5.6062007,,,,26->26:Exact,none; server owns swing cadence
489,7.905509,0.014850,Tick,live-sample,true,0xF13000007900B1EF,,server,,unchecked,unchecked,none,84.71661,-2.6790104,26,Ready1H,5.6210504,,,,26->26:Exact,none; server owns swing cadence
490,7.922287,0.016778,Tick,live-sample,true,0xF13000007900B1EF,,server,,unchecked,unchecked,none,84.75882,-2.6789598,26,Ready1H,5.637828,,,,26->26:Exact,none; server owns swing cadence
491,7.938721,0.016434,Tick,live-sample,true,0xF13000007900B1EF,,server,,unchecked,unchecked,none,84.779106,-2.6789386,26,Ready1H,5.6542616,,,,26->26:Exact,none; server owns swing cadence
492,7.955371,0.016650,Tick,live-sample,true,0xF13000007900B1EF,,server,,unchecked,unchecked,none,84.779106,-2.6789386,26,Ready1H,5.670912,,,,26->26:Exact,none; server owns swing cadence
493,7.972725,0.017354,Tick,live-sample,true,0xF13000007900B1EF,,server,,unchecked,unchecked,none,84.779106,-2.6789386,26,Ready1H,5.6882663,,,,26->26:Exact,none; server owns swing cadence
494,7.988943,0.016218,Tick,live-sample,true,0xF13000007900B1EF,,server,,unchecked,unchecked,none,84.779106,-2.6789386,26,Ready1H,5.7044845,,,,26->26:Exact,none; server owns swing cadence
495,8.005387,0.016443,Tick,live-sample,true,0xF13000007900B1EF,,server,,unchecked,unchecked,none,84.779106,-2.6789386,26,Ready1H,5.7209277,,,,26->26:Exact,none; server owns swing cadence
496,8.022134,0.016747,Tick,live-sample,true,0xF13000007900B1EF,,server,,unchecked,unchecked,none,84.779106,-2.6789386,26,Ready1H,5.7376747,,,,26->26:Exact,none; server owns swing cadence
497,8.038932,0.016798,Tick,live-sample,true,0xF13000007900B1EF,,server,,unchecked,unchecked,none,84.779106,-2.6789386,26,Ready1H,5.754473,,,,26->26:Exact,none; server owns swing cadence
498,8.056681,0.017749,Tick,live-sample,true,0xF13000007900B1EF,,server,,unchecked,unchecked,none,84.779106,-2.6789386,26,Ready1H,5.772222,,,,26->26:Exact,none; server owns swing cadence
499,8.072207,0.015527,Tick,live-sample,true,0xF13000007900B1EF,,server,,unchecked,unchecked,none,84.77927,-2.6784718,26,Ready1H,5.787749,,,,26->26:Exact,none; server owns swing cadence
500,8.088896,0.016689,Tick,live-sample,true,0xF13000007900B1EF,,server,,unchecked,unchecked,none,84.77938,-2.6780062,26,Ready1H,5.8044376,,,,26->26:Exact,none; server owns swing cadence
501,8.105681,0.016785,Tick,live-sample,true,0xF13000007900B1EF,,server,,unchecked,unchecked,none,84.77997,-2.6775124,26,Ready1H,5.821223,,,,26->26:Exact,none; server owns swing cadence
502,8.122326,0.016645,Tick,live-sample,true,0xF13000007900B1EF,,server,,unchecked,unchecked,none,84.77971,-2.6770134,26,Ready1H,5.8378677,,,,26->26:Exact,none; server owns swing cadence
503,8.138878,0.016552,Tick,live-sample,true,0xF13000007900B1EF,,server,,unchecked,unchecked,none,84.779945,-2.6765466,26,Ready1H,5.8544197,,,,26->26:Exact,none; server owns swing cadence
504,8.155511,0.016633,Tick,live-sample,true,0xF13000007900B1EF,,server,,unchecked,unchecked,none,84.780525,-2.6760542,26,Ready1H,5.8710523,,,,26->26:Exact,none; server owns swing cadence
505,8.173522,0.018011,Tick,live-sample,true,0xF13000007900B1EF,,server,,unchecked,unchecked,none,84.780716,-2.6755288,26,Ready1H,5.8890634,,,,26->26:Exact,none; server owns swing cadence
506,8.188841,0.015319,Tick,live-sample,true,0xF13000007900B1EF,,server,,unchecked,unchecked,none,84.780624,-2.6750884,26,Ready1H,5.904382,,,,26->26:Exact,none; server owns swing cadence
507,8.205830,0.016989,Tick,live-sample,true,0xF13000007900B1EF,,server,,unchecked,unchecked,none,84.781334,-2.6745949,26,Ready1H,5.921371,,,,26->26:Exact,none; server owns swing cadence
508,8.222167,0.016337,Tick,live-sample,true,0xF13000007900B1EF,,server,,unchecked,unchecked,none,84.78119,-2.674096,26,Ready1H,5.937708,,,,26->26:Exact,none; server owns swing cadence
509,8.238996,0.016829,Tick,live-sample,true,0xF13000007900B1EF,,server,,unchecked,unchecked,none,84.781944,-2.6736026,26,Ready1H,5.9545374,,,,26->26:Exact,none; server owns swing cadence
510,8.255811,0.016815,Tick,live-sample,true,0xF13000007900B1EF,,server,,unchecked,unchecked,none,84.78225,-2.6731367,26,Ready1H,5.971352,,,,26->26:Exact,none; server owns swing cadence
511,8.273377,0.017567,Tick,live-sample,true,0xF13000007900B1EF,,server,,unchecked,unchecked,none,84.78256,-2.6726112,26,Ready1H,5.988919,,,,26->26:Exact,none; server owns swing cadence
512,8.288889,0.015511,Tick,live-sample,true,0xF13000007900B1EF,,server,,unchecked,unchecked,none,84.78258,-2.672171,26,Ready1H,6.0044303,,,,26->26:Exact,none; server owns swing cadence
513,8.305467,0.016578,Tick,live-sample,true,0xF13000007900B1EF,,server,,unchecked,unchecked,none,84.78341,-2.6716776,26,Ready1H,6.021008,,,,26->26:Exact,none; server owns swing cadence
514,8.322493,0.017027,Tick,live-sample,true,0xF13000007900B1EF,,server,,unchecked,unchecked,none,84.783394,-2.6711786,26,Ready1H,6.038035,,,,26->26:Exact,none; server owns swing cadence
515,8.339171,0.016677,Tick,live-sample,true,0xF13000007900B1EF,,server,,unchecked,unchecked,none,84.784195,-2.6706862,26,Ready1H,6.0547123,,,,26->26:Exact,none; server owns swing cadence
516,8.355928,0.016757,Tick,live-sample,true,0xF13000007900B1EF,,server,,unchecked,unchecked,none,84.78469,-2.6702194,26,Ready1H,6.07147,,,,26->26:Exact,none; server owns swing cadence
517,8.372237,0.016309,Tick,live-sample,true,0xF13000007900B1EF,,server,,unchecked,unchecked,none,84.784805,-2.6697192,26,Ready1H,6.087779,,,,26->26:Exact,none; server owns swing cadence
518,8.389095,0.016857,Tick,live-sample,true,0xF13000007900B1EF,,server,,unchecked,unchecked,none,84.78567,-2.6692271,26,Ready1H,6.104636,,,,26->26:Exact,none; server owns swing cadence
519,8.405797,0.016702,Tick,live-sample,true,0xF13000007900B1EF,,server,,unchecked,unchecked,none,84.78622,-2.6687603,26,Ready1H,6.1213384,,,,26->26:Exact,none; server owns swing cadence
520,8.422746,0.016950,Tick,live-sample,true,0xF13000007900B1EF,,server,,unchecked,unchecked,none,84.78712,-2.668268,26,Ready1H,6.138288,,,,26->26:Exact,none; server owns swing cadence
521,8.439307,0.016561,Tick,live-sample,true,0xF13000007900B1EF,,server,,unchecked,unchecked,none,84.78725,-2.6677692,26,Ready1H,6.1548486,,,,26->26:Exact,none; server owns swing cadence
522,8.455856,0.016549,Tick,live-sample,true,0xF13000007900B1EF,,server,,unchecked,unchecked,none,84.78785,-2.6673024,26,Ready1H,6.171398,,,,26->26:Exact,none; server owns swing cadence
523,8.473431,0.017575,Tick,live-sample,true,0xF13000007900B1EF,,server,,unchecked,unchecked,none,84.78843,-2.6667767,26,Ready1H,6.188973,,,,26->26:Exact,none; server owns swing cadence
524,8.489029,0.015598,Tick,live-sample,true,0xF13000007900B1EF,,server,,unchecked,unchecked,none,84.78908,-2.66631,26,Ready1H,6.204571,,,,26->26:Exact,none; server owns swing cadence
525,8.505842,0.016813,Tick,live-sample,true,0xF13000007900B1EF,,server,,unchecked,unchecked,none,84.78974,-2.6658432,26,Ready1H,6.2213836,,,,26->26:Exact,none; server owns swing cadence
526,8.522341,0.016499,Tick,live-sample,true,0xF13000007900B1EF,,server,,unchecked,unchecked,none,84.790764,-2.665351,26,Ready1H,6.237883,,,,26->26:Exact,none; server owns swing cadence
527,8.539333,0.016991,Tick,live-sample,true,0xF13000007900B1EF,,server,,unchecked,unchecked,none,84.791016,-2.6648521,26,Ready1H,6.254874,,,,26->26:Exact,none; server owns swing cadence
528,8.555891,0.016558,Tick,live-sample,true,0xF13000007900B1EF,,server,,unchecked,unchecked,none,84.79174,-2.6643853,26,Ready1H,6.2714324,,,,26->26:Exact,none; server owns swing cadence
529,8.573526,0.017635,Tick,live-sample,true,0xF13000007900B1EF,,server,,unchecked,unchecked,none,84.79244,-2.6638598,26,Ready1H,6.2890677,,,,26->26:Exact,none; server owns swing cadence
530,8.589487,0.015961,Tick,live-sample,true,0xF13000007900B1EF,,server,,unchecked,unchecked,none,84.793205,-2.6633933,26,Ready1H,6.305029,,,,26->26:Exact,none; server owns swing cadence
531,8.589487,0.000000,CombatReceive,server,true,0x0000000000000000,SMSG_SPELLNONMELEEDAMAGELOG,server,,unchecked,unchecked,none,-1,,26,Ready1H,6.305029,,,,26->26:Exact,CombatSpellDamage
532,8.605827,0.016339,Tick,live-sample,true,0xF13000007900B1EF,,server,,unchecked,unchecked,none,84.79399,-2.6629264,26,Ready1H,6.321368,,,,26->26:Exact,none; server owns swing cadence
533,8.605827,0.000000,CombatReceive,server,true,0x0000000000000000,SMSG_PERIODICAURALOG,server,,unchecked,unchecked,none,-1,,26,Ready1H,6.321368,,,,26->26:Exact,CombatPeriodicAura
534,8.622799,0.016972,Tick,live-sample,true,0xF13000007900B1EF,,server,,unchecked,unchecked,none,84.79513,-2.6624343,26,Ready1H,6.3383403,,,,26->26:Exact,none; server owns swing cadence
535,8.639770,0.016971,Tick,live-sample,true,0xF13000007900B1EF,,server,,unchecked,unchecked,none,84.79551,-2.6619356,26,Ready1H,6.355312,,,,26->26:Exact,none; server owns swing cadence
536,8.656567,0.016797,Tick,live-sample,true,0xF13000007900B1EF,,server,,unchecked,unchecked,none,84.79676,-2.6614423,26,Ready1H,6.3721085,,,,26->26:Exact,none; server owns swing cadence
537,8.672926,0.016359,Tick,live-sample,true,0xF13000007900B1EF,,server,,unchecked,unchecked,none,84.797554,-2.6609766,26,Ready1H,6.388468,,,,26->26:Exact,none; server owns swing cadence
538,8.689726,0.016800,Tick,live-sample,true,0xF13000007900B1EF,,server,,unchecked,unchecked,none,84.79885,-2.6604834,26,Ready1H,6.405268,,,,26->26:Exact,none; server owns swing cadence
539,8.706259,0.016533,Tick,live-sample,true,0xF13000007900B1EF,,server,,unchecked,unchecked,none,84.79931,-2.6599846,26,Ready1H,6.421801,,,,26->26:Exact,none; server owns swing cadence
540,8.722773,0.016514,Tick,live-sample,true,0xF13000007900B1EF,,server,,unchecked,unchecked,none,84.800224,-2.659518,26,Ready1H,6.438315,,,,26->26:Exact,none; server owns swing cadence
541,8.739531,0.016758,Tick,live-sample,true,0xF13000007900B1EF,,server,,unchecked,unchecked,none,84.80151,-2.659026,26,Ready1H,6.4550734,,,,26->26:Exact,none; server owns swing cadence
542,8.756071,0.016540,Tick,live-sample,true,0xF13000007900B1EF,,server,,unchecked,unchecked,none,84.8021,-2.658526,26,Ready1H,6.471614,,,,26->26:Exact,none; server owns swing cadence
543,8.773890,0.017818,Tick,live-sample,true,0xF13000007900B1EF,,server,,unchecked,unchecked,none,84.80343,-2.6580338,26,Ready1H,6.4894323,,,,26->26:Exact,none; server owns swing cadence
544,8.789386,0.015496,Tick,live-sample,true,0xF13000007900B1EF,,server,,unchecked,unchecked,none,84.80442,-2.6575673,26,Ready1H,6.5049286,,,,26->26:Exact,none; server owns swing cadence
545,8.806142,0.016756,Tick,live-sample,true,0xF13000007900B1EF,,server,,unchecked,unchecked,none,84.805,-2.6570685,26,Ready1H,6.521684,,,,26->26:Exact,none; server owns swing cadence
546,8.822619,0.016477,Tick,live-sample,true,0xF13000007900B1EF,,server,,unchecked,unchecked,none,84.80604,-2.656602,26,Ready1H,6.5381618,,,,26->26:Exact,none; server owns swing cadence
547,8.839325,0.016706,Tick,live-sample,true,0xF13000007900B1EF,,server,,unchecked,unchecked,none,84.80744,-2.65611,26,Ready1H,6.5548677,,,,26->26:Exact,none; server owns swing cadence
548,8.856176,0.016851,Tick,live-sample,true,0xF13000007900B1EF,,server,,unchecked,unchecked,none,84.80816,-2.65561,26,Ready1H,6.571719,,,,26->26:Exact,none; server owns swing cadence
549,8.872897,0.016721,Tick,live-sample,true,0xF13000007900B1EF,,server,,unchecked,unchecked,none,84.80917,-2.6551447,26,Ready1H,6.58844,,,,26->26:Exact,none; server owns swing cadence
550,8.889544,0.016647,Tick,live-sample,true,0xF13000007900B1EF,,server,,unchecked,unchecked,none,84.810715,-2.6546516,26,Ready1H,6.605087,,,,26->26:Exact,none; server owns swing cadence
551,8.906248,0.016704,Tick,live-sample,true,0xF13000007900B1EF,,server,,unchecked,unchecked,none,84.811424,-2.6541529,26,Ready1H,6.6217904,,,,26->26:Exact,none; server owns swing cadence
552,8.922947,0.016699,Tick,live-sample,true,0xF13000007900B1EF,,server,,unchecked,unchecked,none,84.81256,-2.6536865,26,Ready1H,6.6384897,,,,26->26:Exact,none; server owns swing cadence
553,8.939633,0.016686,Tick,live-sample,true,0xF13000007900B1EF,,server,,unchecked,unchecked,none,84.814095,-2.6531944,26,Ready1H,6.6551757,,,,26->26:Exact,none; server owns swing cadence
554,8.956284,0.016650,Tick,live-sample,true,0xF13000007900B1EF,,server,,unchecked,unchecked,none,84.81572,-2.6527014,26,Ready1H,6.6718264,,,,26->26:Exact,none; server owns swing cadence
555,8.974195,0.017911,Tick,live-sample,true,0xF13000007900B1EF,,server,,unchecked,unchecked,none,84.81589,-2.6524653,26,Ready1H,6.6897373,,,,26->26:Exact,none; server owns swing cadence
556,8.989723,0.015528,Tick,live-sample,true,0xF13000007900B1EF,,server,,unchecked,unchecked,none,84.81589,-2.6524653,26,Ready1H,6.7052655,,,,26->26:Exact,none; server owns swing cadence
557,9.006391,0.016668,Tick,live-sample,true,0xF13000007900B1EF,,server,,unchecked,unchecked,none,84.81589,-2.6524653,26,Ready1H,6.7219334,,,,26->26:Exact,none; server owns swing cadence
558,9.022799,0.016408,Tick,live-sample,true,0xF13000007900B1EF,,server,,unchecked,unchecked,none,84.79913,-2.65289,26,Ready1H,6.7383413,,,,26->26:Exact,none; server owns swing cadence
559,9.039692,0.016892,Tick,live-sample,true,0xF13000007900B1EF,,server,,unchecked,unchecked,none,84.78181,-2.6533437,26,Ready1H,6.755234,,,,26->26:Exact,none; server owns swing cadence
560,9.056399,0.016707,Tick,live-sample,true,0xF13000007900B1EF,,server,,unchecked,unchecked,none,84.76443,-2.6537986,26,Ready1H,6.7719407,,,,26->26:Exact,none; server owns swing cadence
561,9.073893,0.017495,Tick,live-sample,true,0xF13000007900B1EF,,server,,unchecked,unchecked,none,84.74634,-2.6542459,26,Ready1H,6.7894354,,,,26->26:Exact,none; server owns swing cadence
562,9.089816,0.015923,Tick,live-sample,true,0xF13000007900B1EF,,server,,unchecked,unchecked,none,84.73044,-2.6546779,26,Ready1H,6.8053584,,,,26->26:Exact,none; server owns swing cadence
563,9.106600,0.016784,Tick,live-sample,true,0xF13000007900B1EF,,server,,unchecked,unchecked,none,84.712395,-2.6551254,26,Ready1H,6.822142,,,,26->26:Exact,none; server owns swing cadence
564,9.123079,0.016479,Tick,live-sample,true,0xF13000007900B1EF,,server,,unchecked,unchecked,none,84.69508,-2.655581,26,Ready1H,6.838621,,,,26->26:Exact,none; server owns swing cadence
565,9.139660,0.016581,Tick,live-sample,true,0xF13000007900B1EF,,server,,unchecked,unchecked,none,84.67844,-2.6560068,26,Ready1H,6.8552017,,,,26->26:Exact,none; server owns swing cadence
566,9.156362,0.016703,Tick,live-sample,true,0xF13000007900B1EF,,server,,unchecked,unchecked,none,84.661224,-2.6564617,26,Ready1H,6.8719044,,,,26->26:Exact,none; server owns swing cadence
567,9.173662,0.017300,Tick,live-sample,true,0xF13000007900B1EF,,server,,unchecked,unchecked,none,84.64397,-2.656918,26,Ready1H,6.8892045,,,,26->26:Exact,none; server owns swing cadence
568,9.189887,0.016225,Tick,live-sample,true,0xF13000007900B1EF,,server,,unchecked,unchecked,none,84.62744,-2.6573434,26,Ready1H,6.9054294,,,,26->26:Exact,none; server owns swing cadence
569,9.206628,0.016740,Tick,live-sample,true,0xF13000007900B1EF,,server,,unchecked,unchecked,none,84.61021,-2.6578,26,Ready1H,6.9221697,,,,26->26:Exact,none; server owns swing cadence
570,9.226125,0.019497,Tick,live-sample,true,0xF13000007900B1EF,,server,,unchecked,unchecked,none,84.58956,-2.6583323,26,Ready1H,6.941667,,,,26->26:Exact,none; server owns swing cadence
571,9.239902,0.013777,Tick,live-sample,true,0xF13000007900B1EF,,server,,unchecked,unchecked,none,84.57652,-2.6586823,26,Ready1H,6.955444,,,,26->26:Exact,none; server owns swing cadence
572,9.256664,0.016762,Tick,live-sample,true,0xF13000007900B1EF,,server,,unchecked,unchecked,none,84.55863,-2.6591315,26,Ready1H,6.9722056,,,,26->26:Exact,none; server owns swing cadence
573,9.274136,0.017472,Tick,live-sample,true,0xF13000007900B1EF,,server,,unchecked,unchecked,none,84.54004,-2.6596122,26,Ready1H,6.989678,,,,26->26:Exact,none; server owns swing cadence
574,9.289947,0.015811,Tick,live-sample,true,0xF13000007900B1EF,,server,,unchecked,unchecked,none,84.52497,-2.6600163,26,Ready1H,7.0054884,,,,26->26:Exact,none; server owns swing cadence
575,9.306619,0.016672,Tick,live-sample,true,0xF13000007900B1EF,,server,,unchecked,unchecked,none,84.50792,-2.6604729,26,Ready1H,7.0221605,,,,26->26:Exact,none; server owns swing cadence
576,9.323134,0.016516,Tick,live-sample,true,0xF13000007900B1EF,,server,,unchecked,unchecked,none,84.490814,-2.6609306,26,Ready1H,7.0386763,,,,26->26:Exact,none; server owns swing cadence
577,9.340304,0.017170,Tick,live-sample,true,0xF13000007900B1EF,,server,,unchecked,unchecked,none,84.47301,-2.6613808,26,Ready1H,7.055846,,,,26->26:Exact,none; server owns swing cadence
578,9.356748,0.016443,Tick,live-sample,true,0xF13000007900B1EF,,server,,unchecked,unchecked,none,84.45736,-2.6618156,26,Ready1H,7.0722895,,,,26->26:Exact,none; server owns swing cadence
579,9.373723,0.016976,Tick,live-sample,true,0xF13000007900B1EF,,server,,unchecked,unchecked,none,84.43959,-2.6622663,26,Ready1H,7.0892653,,,,26->26:Exact,none; server owns swing cadence
580,9.389859,0.016136,Tick,live-sample,true,0xF13000007900B1EF,,server,,unchecked,unchecked,none,84.42319,-2.6626947,26,Ready1H,7.105401,,,,26->26:Exact,none; server owns swing cadence
581,9.406606,0.016747,Tick,live-sample,true,0xF13000007900B1EF,,server,,unchecked,unchecked,none,84.406166,-2.6631534,26,Ready1H,7.122148,,,,26->26:Exact,none; server owns swing cadence
582,9.423466,0.016860,Tick,live-sample,true,0xF13000007900B1EF,,server,,unchecked,unchecked,none,84.38923,-2.6636112,26,Ready1H,7.139008,,,,26->26:Exact,none; server owns swing cadence
583,9.439995,0.016529,Tick,live-sample,true,0xF13000007900B1EF,,server,,unchecked,unchecked,none,84.372246,-2.6640704,26,Ready1H,7.1555376,,,,26->26:Exact,none; server owns swing cadence
584,9.456759,0.016764,Tick,live-sample,true,0xF13000007900B1EF,,server,,unchecked,unchecked,none,84.35598,-2.6644983,26,Ready1H,7.1723013,,,,26->26:Exact,none; server owns swing cadence
585,9.473563,0.016803,Tick,live-sample,true,0xF13000007900B1EF,,server,,unchecked,unchecked,none,84.33903,-2.664958,26,Ready1H,7.1891046,,,,26->26:Exact,none; server owns swing cadence
586,9.490218,0.016656,Tick,live-sample,true,0xF13000007900B1EF,,server,,unchecked,unchecked,none,84.32137,-2.6654096,26,Ready1H,7.2057605,,,,26->26:Exact,none; server owns swing cadence
587,9.507588,0.017370,Tick,live-sample,true,0xF13000007900B1EF,,server,,unchecked,unchecked,none,84.30446,-2.6658697,26,Ready1H,7.22313,,,,26->26:Exact,none; server owns swing cadence
588,9.523137,0.015548,Tick,live-sample,true,0xF13000007900B1EF,,server,,unchecked,unchecked,none,84.288185,-2.6662993,26,Ready1H,7.2386785,,,,26->26:Exact,none; server owns swing cadence
589,9.540332,0.017196,Tick,live-sample,true,0xF13000007900B1EF,,server,,unchecked,unchecked,none,84.27137,-2.6667585,26,Ready1H,7.255874,,,,26->26:Exact,none; server owns swing cadence
590,9.556673,0.016341,Tick,live-sample,true,0xF13000007900B1EF,,server,,unchecked,unchecked,none,84.255135,-2.6671886,26,Ready1H,7.272215,,,,26->26:Exact,none; server owns swing cadence
591,9.574393,0.017720,Tick,live-sample,true,0xF13000007900B1EF,,server,,unchecked,unchecked,none,84.23694,-2.6676717,26,Ready1H,7.2899346,,,,26->26:Exact,none; server owns swing cadence
592,9.590173,0.015780,Tick,live-sample,true,0xF13000007900B1EF,,server,,unchecked,unchecked,none,84.22153,-2.668109,26,Ready1H,7.3057146,,,,26->26:Exact,none; server owns swing cadence
593,9.606963,0.016791,Tick,live-sample,true,0xF13000007900B1EF,,server,,unchecked,unchecked,none,84.203995,-2.668562,26,Ready1H,7.322505,,,,26->26:Exact,none; server owns swing cadence
594,9.623406,0.016443,Tick,live-sample,true,0xF13000007900B1EF,,server,,unchecked,unchecked,none,84.18782,-2.6689928,26,Ready1H,7.338948,,,,26->26:Exact,none; server owns swing cadence
595,9.640022,0.016616,Tick,live-sample,true,0xF13000007900B1EF,,server,,unchecked,unchecked,none,84.17111,-2.669453,26,Ready1H,7.355563,,,,26->26:Exact,none; server owns swing cadence
596,9.656959,0.016937,Tick,live-sample,true,0xF13000007900B1EF,,server,,unchecked,unchecked,none,84.15497,-2.6698842,26,Ready1H,7.372501,,,,26->26:Exact,none; server owns swing cadence
597,9.673482,0.016522,Tick,live-sample,true,0xF13000007900B1EF,,server,,unchecked,unchecked,none,84.13823,-2.6703458,26,Ready1H,7.389023,,,,26->26:Exact,none; server owns swing cadence
598,9.690039,0.016557,Tick,live-sample,true,0xF13000007900B1EF,,server,,unchecked,unchecked,none,84.121574,-2.6708064,26,Ready1H,7.4055805,,,,26->26:Exact,none; server owns swing cadence
599,9.706895,0.016856,Tick,live-sample,true,0xF13000007900B1EF,,server,,unchecked,unchecked,none,84.104866,-2.6712685,26,Ready1H,7.4224367,,,,26->26:Exact,none; server owns swing cadence
600,9.723356,0.016460,Tick,live-sample,true,0xF13000007900B1EF,,server,,unchecked,unchecked,none,84.08886,-2.6716993,26,Ready1H,7.438897,,,,26->26:Exact,none; server owns swing cadence
601,9.740401,0.017045,Tick,live-sample,true,0xF13000007900B1EF,,server,,unchecked,unchecked,none,84.071396,-2.672155,26,Ready1H,7.455942,,,,26->26:Exact,none; server owns swing cadence
602,9.757093,0.016693,Tick,live-sample,true,0xF13000007900B1EF,,server,,unchecked,unchecked,none,84.05481,-2.6726165,26,Ready1H,7.472635,,,,26->26:Exact,none; server owns swing cadence
603,9.774921,0.017827,Tick,live-sample,true,0xF13000007900B1EF,,server,,unchecked,unchecked,none,84.03818,-2.6730793,26,Ready1H,7.4904623,,,,26->26:Exact,none; server owns swing cadence
604,9.790349,0.015428,Tick,live-sample,true,0xF13000007900B1EF,,server,,unchecked,unchecked,none,84.02216,-2.6735117,26,Ready1H,7.5058904,,,,26->26:Exact,none; server owns swing cadence
605,9.807387,0.017038,Tick,live-sample,true,0xF13000007900B1EF,,server,,unchecked,unchecked,none,84.00563,-2.6739738,26,Ready1H,7.5229287,,,,26->26:Exact,none; server owns swing cadence
606,9.823762,0.016374,Tick,live-sample,true,0xF13000007900B1EF,,server,,unchecked,unchecked,none,83.989655,-2.6744065,26,Ready1H,7.539303,,,,26->26:Exact,none; server owns swing cadence
607,9.840420,0.016658,Tick,live-sample,true,0xF13000007900B1EF,,server,,unchecked,unchecked,none,83.97316,-2.674869,26,Ready1H,7.555961,,,,26->26:Exact,none; server owns swing cadence
608,9.856777,0.016357,Tick,live-sample,true,0xF13000007900B1EF,,server,,unchecked,unchecked,none,83.957214,-2.675302,26,Ready1H,7.572318,,,,26->26:Exact,none; server owns swing cadence
609,9.874561,0.017784,Tick,live-sample,true,0xF13000007900B1EF,,server,,unchecked,unchecked,none,83.939354,-2.6757886,26,Ready1H,7.5901017,,,,26->26:Exact,none; server owns swing cadence
610,9.890224,0.015663,Tick,live-sample,true,0xF13000007900B1EF,,server,,unchecked,unchecked,none,83.92344,-2.6762223,26,Ready1H,7.6057644,,,,26->26:Exact,none; server owns swing cadence
611,9.906787,0.016564,Tick,live-sample,true,0xF13000007900B1EF,,server,,unchecked,unchecked,none,83.90835,-2.6766624,26,Ready1H,7.622328,,,,26->26:Exact,none; server owns swing cadence
612,9.923637,0.016850,Tick,live-sample,true,0xF13000007900B1EF,,server,,unchecked,unchecked,none,83.891136,-2.6771193,26,Ready1H,7.639178,,,,26->26:Exact,none; server owns swing cadence
613,9.940340,0.016702,Tick,live-sample,true,0xF13000007900B1EF,,server,,unchecked,unchecked,none,83.87467,-2.6775837,26,Ready1H,7.65588,,,,26->26:Exact,none; server owns swing cadence
614,9.957189,0.016849,Tick,live-sample,true,0xF13000007900B1EF,,server,,unchecked,unchecked,none,83.8583,-2.6780472,26,Ready1H,7.672729,,,,26->26:Exact,none; server owns swing cadence
615,9.973785,0.016596,Tick,live-sample,true,0xF13000007900B1EF,,server,,unchecked,unchecked,none,83.84247,-2.6784816,26,Ready1H,7.689325,,,,26->26:Exact,none; server owns swing cadence
616,9.990450,0.016665,Tick,live-sample,true,0xF13000007900B1EF,,server,,unchecked,unchecked,none,83.82613,-2.6789455,26,Ready1H,7.7059903,,,,26->26:Exact,none; server owns swing cadence
617,10.007085,0.016635,Tick,live-sample,true,0xF13000007900B1EF,,server,,unchecked,unchecked,none,83.808945,-2.6794043,26,Ready1H,7.7226257,,,,26->26:Exact,none; server owns swing cadence
618,10.023816,0.016731,Tick,live-sample,true,0xF13000007900B1EF,,server,,unchecked,unchecked,none,83.79404,-2.6798446,26,Ready1H,7.739356,,,,26->26:Exact,none; server owns swing cadence
619,10.040557,0.016741,Tick,live-sample,true,0xF13000007900B1EF,,server,,unchecked,unchecked,none,83.77688,-2.6803036,26,Ready1H,7.7560973,,,,26->26:Exact,none; server owns swing cadence
620,10.057438,0.016880,Tick,live-sample,true,0xF13000007900B1EF,,server,,unchecked,unchecked,none,83.760544,-2.6807694,26,Ready1H,7.772978,,,,26->26:Exact,none; server owns swing cadence
621,10.075398,0.017960,Tick,live-sample,true,0xF13000007900B1EF,,server,,unchecked,unchecked,none,83.742905,-2.6812584,26,Ready1H,7.790938,,,,26->26:Exact,none; server owns swing cadence
622,10.090367,0.014970,Tick,live-sample,true,0xF13000007900B1EF,,server,,unchecked,unchecked,none,83.72858,-2.68167,26,Ready1H,7.8059077,,,,26->26:Exact,none; server owns swing cadence
623,10.107196,0.016829,Tick,live-sample,true,0xF13000007900B1EF,,server,,unchecked,unchecked,none,83.71237,-2.682135,26,Ready1H,7.8227363,,,,26->26:Exact,none; server owns swing cadence
624,10.123721,0.016525,Tick,live-sample,true,0xF13000007900B1EF,,server,,unchecked,unchecked,none,83.696686,-2.6825712,26,Ready1H,7.839261,,,,26->26:Exact,none; server owns swing cadence
625,10.140342,0.016621,Tick,live-sample,true,0xF13000007900B1EF,,server,,unchecked,unchecked,none,83.68051,-2.6830366,26,Ready1H,7.855882,,,,26->26:Exact,none; server owns swing cadence
626,10.157234,0.016892,Tick,live-sample,true,0xF13000007900B1EF,,server,,unchecked,unchecked,none,83.663475,-2.683497,26,Ready1H,7.8727746,,,,26->26:Exact,none; server owns swing cadence
627,10.174389,0.017154,Tick,live-sample,true,0xF13000007900B1EF,,server,,unchecked,unchecked,none,83.64733,-2.6839628,26,Ready1H,7.8899293,,,,26->26:Exact,none; server owns swing cadence
628,10.190663,0.016274,Tick,live-sample,true,0xF13000007900B1EF,,server,,unchecked,unchecked,none,83.63172,-2.6843996,26,Ready1H,7.9062033,,,,26->26:Exact,none; server owns swing cadence
629,10.207380,0.016718,Tick,live-sample,true,0xF13000007900B1EF,,server,,unchecked,unchecked,none,83.61554,-2.684867,26,Ready1H,7.9229207,,,,26->26:Exact,none; server owns swing cadence
630,10.223921,0.016541,Tick,live-sample,true,0xF13000007900B1EF,,server,,unchecked,unchecked,none,83.60003,-2.6853027,26,Ready1H,7.939461,,,,26->26:Exact,none; server owns swing cadence
631,10.240847,0.016926,Tick,live-sample,true,0xF13000007900B1EF,,server,,unchecked,unchecked,none,83.58389,-2.6857705,26,Ready1H,7.956387,,,,26->26:Exact,none; server owns swing cadence
632,10.257317,0.016470,Tick,live-sample,true,0xF13000007900B1EF,,server,,unchecked,unchecked,none,83.56784,-2.6862373,26,Ready1H,7.972857,,,,26->26:Exact,none; server owns swing cadence
633,10.274067,0.016750,Tick,live-sample,true,0xF13000007900B1EF,,server,,unchecked,unchecked,none,83.55093,-2.686699,26,Ready1H,7.989607,,,,26->26:Exact,none; server owns swing cadence
634,10.290680,0.016613,Tick,live-sample,true,0xF13000007900B1EF,,server,,unchecked,unchecked,none,83.536285,-2.687142,26,Ready1H,8.00622,,,,26->26:Exact,none; server owns swing cadence
635,10.307265,0.016584,Tick,live-sample,true,0xF13000007900B1EF,,server,,unchecked,unchecked,none,83.51941,-2.6876037,26,Ready1H,8.022804,,,,26->26:Exact,none; server owns swing cadence
636,10.324125,0.016861,Tick,live-sample,true,0xF13000007900B1EF,,server,,unchecked,unchecked,none,83.503365,-2.6880724,26,Ready1H,8.039665,,,,26->26:Exact,none; server owns swing cadence
637,10.340627,0.016501,Tick,live-sample,true,0xF13000007900B1EF,,server,,unchecked,unchecked,none,83.48796,-2.6885095,26,Ready1H,8.056167,,,,26->26:Exact,none; server owns swing cadence
638,10.357721,0.017094,Tick,live-sample,true,0xF13000007900B1EF,,server,,unchecked,unchecked,none,83.471954,-2.6889784,26,Ready1H,8.073261,,,,26->26:Exact,none; server owns swing cadence
639,10.375046,0.017325,Tick,live-sample,true,0xF13000007900B1EF,,server,,unchecked,unchecked,none,83.45465,-2.6894708,26,Ready1H,8.090587,,,,26->26:Exact,none; server owns swing cadence
640,10.390781,0.015734,Tick,live-sample,true,0xF13000007900B1EF,,server,,unchecked,unchecked,none,83.44061,-2.6898851,26,Ready1H,8.106321,,,,26->26:Exact,none; server owns swing cadence
641,10.407653,0.016872,Tick,live-sample,true,0xF13000007900B1EF,,server,,unchecked,unchecked,none,83.42472,-2.6903534,26,Ready1H,8.123193,,,,26->26:Exact,none; server owns swing cadence
642,10.424186,0.016533,Tick,live-sample,true,0xF13000007900B1EF,,server,,unchecked,unchecked,none,83.40797,-2.6908166,26,Ready1H,8.139726,,,,26->26:Exact,none; server owns swing cadence
643,10.440799,0.016614,Tick,live-sample,true,0xF13000007900B1EF,,server,,unchecked,unchecked,none,83.3926,-2.6912558,26,Ready1H,8.15634,,,,26->26:Exact,none; server owns swing cadence
644,10.457430,0.016631,Tick,live-sample,true,0xF13000007900B1EF,,server,,unchecked,unchecked,none,83.37676,-2.6917248,26,Ready1H,8.17297,,,,26->26:Exact,none; server owns swing cadence
645,10.474714,0.017284,Tick,live-sample,true,0xF13000007900B1EF,,server,,unchecked,unchecked,none,83.36088,-2.692195,26,Ready1H,8.190253,,,,26->26:Exact,none; server owns swing cadence
646,10.490793,0.016079,Tick,live-sample,true,0xF13000007900B1EF,,server,,unchecked,unchecked,none,83.34563,-2.6926334,26,Ready1H,8.206332,,,,26->26:Exact,none; server owns swing cadence
647,10.507279,0.016486,Tick,live-sample,true,0xF13000007900B1EF,,server,,unchecked,unchecked,none,83.32977,-2.693104,26,Ready1H,8.222818,,,,26->26:Exact,none; server owns swing cadence
648,10.524078,0.016799,Tick,live-sample,true,0xF13000007900B1EF,,server,,unchecked,unchecked,none,83.31401,-2.6935737,26,Ready1H,8.239617,,,,26->26:Exact,none; server owns swing cadence
649,10.541079,0.017001,Tick,live-sample,true,0xF13000007900B1EF,,server,,unchecked,unchecked,none,83.297386,-2.6940382,26,Ready1H,8.2566185,,,,26->26:Exact,none; server owns swing cadence
650,10.557543,0.016463,Tick,live-sample,true,0xF13000007900B1EF,,server,,unchecked,unchecked,none,83.28294,-2.694485,26,Ready1H,8.273082,,,,26->26:Exact,none; server owns swing cadence
651,10.574127,0.016584,Tick,live-sample,true,0xF13000007900B1EF,,server,,unchecked,unchecked,none,83.266426,-2.6949487,26,Ready1H,8.289666,,,,26->26:Exact,none; server owns swing cadence
652,10.590889,0.016762,Tick,live-sample,true,0xF13000007900B1EF,,server,,unchecked,unchecked,none,83.25121,-2.6953893,26,Ready1H,8.306429,,,,26->26:Exact,none; server owns swing cadence
653,10.607800,0.016911,Tick,live-sample,true,0xF13000007900B1EF,,server,,unchecked,unchecked,none,83.235535,-2.6958597,26,Ready1H,8.323339,,,,26->26:Exact,none; server owns swing cadence
654,10.624345,0.016545,Tick,live-sample,true,0xF13000007900B1EF,,server,,unchecked,unchecked,none,83.21717,-2.6963158,26,Ready1H,8.339885,,,,26->26:Exact,none; server owns swing cadence
655,10.641174,0.016829,Tick,live-sample,true,0xF13000007900B1EF,,server,,unchecked,unchecked,none,83.198685,-2.6967742,26,Ready1H,8.356713,,,,26->26:Exact,none; server owns swing cadence
656,10.657840,0.016666,Tick,live-sample,true,0xF13000007900B1EF,,server,,unchecked,unchecked,none,83.18083,-2.6972008,26,Ready1H,8.373379,,,,26->26:Exact,none; server owns swing cadence
657,10.675192,0.017352,Tick,live-sample,true,0xF13000007900B1EF,,server,,unchecked,unchecked,none,83.160286,-2.6976767,26,Ready1H,8.390731,,,,26->26:Exact,none; server owns swing cadence
658,10.691012,0.015820,Tick,live-sample,true,0xF13000007900B1EF,,server,,unchecked,unchecked,none,83.14246,-2.6981037,26,Ready1H,8.406551,,,,26->26:Exact,none; server owns swing cadence
659,10.707867,0.016855,Tick,live-sample,true,0xF13000007900B1EF,,server,,unchecked,unchecked,none,83.12466,-2.6985307,26,Ready1H,8.423406,,,,26->26:Exact,none; server owns swing cadence
660,10.724474,0.016607,Tick,live-sample,true,0xF13000007900B1EF,,server,,unchecked,unchecked,none,83.10626,-2.6989903,26,Ready1H,8.440013,,,,26->26:Exact,none; server owns swing cadence
661,10.740990,0.016516,Tick,live-sample,true,0xF13000007900B1EF,,server,,unchecked,unchecked,none,83.087135,-2.6994424,26,Ready1H,8.456529,,,,26->26:Exact,none; server owns swing cadence
662,10.757724,0.016734,Tick,live-sample,true,0xF13000007900B1EF,,server,,unchecked,unchecked,none,83.069374,-2.69987,26,Ready1H,8.473263,,,,26->26:Exact,none; server owns swing cadence
663,10.774287,0.016563,Tick,live-sample,true,0xF13000007900B1EF,,server,,unchecked,unchecked,none,83.051094,-2.7003293,26,Ready1H,8.489826,,,,26->26:Exact,none; server owns swing cadence
664,10.791131,0.016844,Tick,live-sample,true,0xF13000007900B1EF,,server,,unchecked,unchecked,none,83.03195,-2.7007833,26,Ready1H,8.506671,,,,26->26:Exact,none; server owns swing cadence
665,10.807726,0.016594,Tick,live-sample,true,0xF13000007900B1EF,,server,,unchecked,unchecked,none,83.014244,-2.7012115,26,Ready1H,8.523265,,,,26->26:Exact,none; server owns swing cadence
666,10.824377,0.016651,Tick,live-sample,true,0xF13000007900B1EF,,server,,unchecked,unchecked,none,82.9952,-2.7016644,26,Ready1H,8.539916,,,,26->26:Exact,none; server owns swing cadence
667,10.841058,0.016681,Tick,live-sample,true,0xF13000007900B1EF,,server,,unchecked,unchecked,none,82.97699,-2.7021244,26,Ready1H,8.556598,,,,26->26:Exact,none; server owns swing cadence
668,10.857795,0.016737,Tick,live-sample,true,0xF13000007900B1EF,,server,,unchecked,unchecked,none,82.95932,-2.7025533,26,Ready1H,8.573335,,,,26->26:Exact,none; server owns swing cadence
669,10.876123,0.018329,Tick,live-sample,true,0xF13000007900B1EF,,server,,unchecked,unchecked,none,82.93839,-2.7030637,26,Ready1H,8.591663,,,,26->26:Exact,none; server owns swing cadence
670,10.891379,0.015255,Tick,live-sample,true,0xF13000007900B1EF,,server,,unchecked,unchecked,none,82.92129,-2.7034621,26,Ready1H,8.606918,,,,26->26:Exact,none; server owns swing cadence
671,10.907789,0.016410,Tick,live-sample,true,0xF13000007900B1EF,,server,,unchecked,unchecked,none,82.90449,-2.703898,26,Ready1H,8.623328,,,,26->26:Exact,none; server owns swing cadence
672,10.924597,0.016808,Tick,live-sample,true,0xF13000007900B1EF,,server,,unchecked,unchecked,none,82.885544,-2.7043524,26,Ready1H,8.640136,,,,26->26:Exact,none; server owns swing cadence
673,10.941295,0.016698,Tick,live-sample,true,0xF13000007900B1EF,,server,,unchecked,unchecked,none,82.86662,-2.7048068,26,Ready1H,8.656835,,,,26->26:Exact,none; server owns swing cadence
674,10.958084,0.016789,Tick,live-sample,true,0xF13000007900B1EF,,server,,unchecked,unchecked,none,82.848465,-2.7052693,26,Ready1H,8.673624,,,,26->26:Exact,none; server owns swing cadence
675,10.975425,0.017340,Tick,live-sample,true,0xF13000007900B1EF,,server,,unchecked,unchecked,none,82.829575,-2.7057242,26,Ready1H,8.690965,,,,26->26:Exact,none; server owns swing cadence
676,10.991264,0.015840,Tick,live-sample,true,0xF13000007900B1EF,,server,,unchecked,unchecked,none,82.81204,-2.7061546,26,Ready1H,8.706804,,,,26->26:Exact,none; server owns swing cadence
677,11.007879,0.016615,Tick,live-sample,true,0xF13000007900B1EF,,server,,unchecked,unchecked,none,82.79452,-2.7065852,26,Ready1H,8.723419,,,,26->26:Exact,none; server owns swing cadence
678,11.024580,0.016701,Tick,live-sample,true,0xF13000007900B1EF,,server,,unchecked,unchecked,none,82.77568,-2.7070408,26,Ready1H,8.74012,,,,26->26:Exact,none; server owns swing cadence
679,11.041275,0.016696,Tick,live-sample,true,0xF13000007900B1EF,,server,,unchecked,unchecked,none,82.75761,-2.7075043,26,Ready1H,8.756816,,,,26->26:Exact,none; server owns swing cadence
680,11.058002,0.016727,Tick,live-sample,true,0xF13000007900B1EF,,server,,unchecked,unchecked,none,82.7388,-2.7079601,26,Ready1H,8.773543,,,,26->26:Exact,none; server owns swing cadence
681,11.074717,0.016715,Tick,live-sample,true,0xF13000007900B1EF,,server,,unchecked,unchecked,none,82.721344,-2.7083914,26,Ready1H,8.790258,,,,26->26:Exact,none; server owns swing cadence
682,11.091297,0.016580,Tick,live-sample,true,0xF13000007900B1EF,,server,,unchecked,unchecked,none,82.70339,-2.7088542,26,Ready1H,8.806838,,,,26->26:Exact,none; server owns swing cadence
683,11.108430,0.017133,Tick,live-sample,true,0xF13000007900B1EF,,server,,unchecked,unchecked,none,82.68464,-2.7093108,26,Ready1H,8.823971,,,,26->26:Exact,none; server owns swing cadence
684,11.124847,0.016417,Tick,live-sample,true,0xF13000007900B1EF,,server,,unchecked,unchecked,none,82.66723,-2.7097428,26,Ready1H,8.840387,,,,26->26:Exact,none; server owns swing cadence
685,11.141220,0.016373,Tick,live-sample,true,0xF13000007900B1EF,,server,,unchecked,unchecked,none,82.648445,-2.7102008,26,Ready1H,8.85676,,,,26->26:Exact,none; server owns swing cadence
686,11.158176,0.016956,Tick,live-sample,true,0xF13000007900B1EF,,server,,unchecked,unchecked,none,82.630554,-2.7106645,26,Ready1H,8.873716,,,,26->26:Exact,none; server owns swing cadence
687,11.176251,0.018075,Tick,live-sample,true,0xF13000007900B1EF,,server,,unchecked,unchecked,none,82.61054,-2.7111466,26,Ready1H,8.891791,,,,26->26:Exact,none; server owns swing cadence
688,11.191641,0.015390,Tick,live-sample,true,0xF13000007900B1EF,,server,,unchecked,unchecked,none,82.59453,-2.7115545,26,Ready1H,8.907181,,,,26->26:Exact,none; server owns swing cadence
689,11.208187,0.016546,Tick,live-sample,true,0xF13000007900B1EF,,server,,unchecked,unchecked,none,82.575806,-2.7120135,26,Ready1H,8.923727,,,,26->26:Exact,none; server owns swing cadence
690,11.224860,0.016673,Tick,live-sample,true,0xF13000007900B1EF,,server,,unchecked,unchecked,none,82.55932,-2.7124531,26,Ready1H,8.940399,,,,26->26:Exact,none; server owns swing cadence
691,11.241413,0.016554,Tick,live-sample,true,0xF13000007900B1EF,,server,,unchecked,unchecked,none,82.5407,-2.7129111,26,Ready1H,8.956953,,,,26->26:Exact,none; server owns swing cadence
692,11.258477,0.017064,Tick,live-sample,true,0xF13000007900B1EF,,server,,unchecked,unchecked,none,82.5221,-2.7133696,26,Ready1H,8.974017,,,,26->26:Exact,none; server owns swing cadence
693,11.275473,0.016996,Tick,live-sample,true,0xF13000007900B1EF,,server,,unchecked,unchecked,none,82.50434,-2.7138345,26,Ready1H,8.991014,,,,26->26:Exact,none; server owns swing cadence
694,11.291542,0.016069,Tick,live-sample,true,0xF13000007900B1EF,,server,,unchecked,unchecked,none,82.48709,-2.7142684,26,Ready1H,9.007082,,,,26->26:Exact,none; server owns swing cadence
695,11.308172,0.016630,Tick,live-sample,true,0xF13000007900B1EF,,server,,unchecked,unchecked,none,82.468475,-2.7147286,26,Ready1H,9.023712,,,,26->26:Exact,none; server owns swing cadence
696,11.324960,0.016788,Tick,live-sample,true,0xF13000007900B1EF,,server,,unchecked,unchecked,none,82.44994,-2.7151878,26,Ready1H,9.0405,,,,26->26:Exact,none; server owns swing cadence
697,11.341686,0.016725,Tick,live-sample,true,0xF13000007900B1EF,,server,,unchecked,unchecked,none,82.43275,-2.7156222,26,Ready1H,9.057225,,,,26->26:Exact,none; server owns swing cadence
698,11.358426,0.016740,Tick,live-sample,true,0xF13000007900B1EF,,server,,unchecked,unchecked,none,82.41507,-2.716088,26,Ready1H,9.073965,,,,26->26:Exact,none; server owns swing cadence
699,11.374740,0.016315,Tick,live-sample,true,0xF13000007900B1EF,,server,,unchecked,unchecked,none,82.3979,-2.716523,26,Ready1H,9.09028,,,,26->26:Exact,none; server owns swing cadence
700,11.391782,0.017042,Tick,live-sample,true,0xF13000007900B1EF,,server,,unchecked,unchecked,none,82.37937,-2.716984,26,Ready1H,9.107322,,,,26->26:Exact,none; server owns swing cadence
701,11.408349,0.016567,Tick,live-sample,true,0xF13000007900B1EF,,server,,unchecked,unchecked,none,82.36175,-2.7174506,26,Ready1H,9.123888,,,,26->26:Exact,none; server owns swing cadence
702,11.424914,0.016565,Tick,live-sample,true,0xF13000007900B1EF,,server,,unchecked,unchecked,none,82.344696,-2.7178848,26,Ready1H,9.140453,,,,26->26:Exact,none; server owns swing cadence
703,11.441591,0.016677,Tick,live-sample,true,0xF13000007900B1EF,,server,,unchecked,unchecked,none,82.329216,-2.7183557,26,Ready1H,9.15713,,,,26->26:Exact,none; server owns swing cadence
704,11.458662,0.017071,Tick,live-sample,true,0xF13000007900B1EF,,server,,unchecked,unchecked,none,82.314644,-2.718832,26,Ready1H,9.174201,,,,26->26:Exact,none; server owns swing cadence
705,11.475927,0.017265,Tick,live-sample,true,0xF13000007900B1EF,,server,,unchecked,unchecked,none,82.299255,-2.719302,26,Ready1H,9.191465,,,,26->26:Exact,none; server owns swing cadence
706,11.491959,0.016032,Tick,live-sample,true,0xF13000007900B1EF,,server,,unchecked,unchecked,none,82.28465,-2.71978,26,Ready1H,9.207497,,,,26->26:Exact,none; server owns swing cadence
707,11.508217,0.016258,Tick,live-sample,true,0xF13000007900B1EF,,server,,unchecked,unchecked,none,82.2698,-2.7202187,26,Ready1H,9.223755,,,,26->26:Exact,none; server owns swing cadence
708,11.524974,0.016757,Tick,live-sample,true,0xF13000007900B1EF,,server,,unchecked,unchecked,none,82.255226,-2.720697,26,Ready1H,9.240512,,,,26->26:Exact,none; server owns swing cadence
709,11.541674,0.016701,Tick,live-sample,true,0xF13000007900B1EF,,server,,unchecked,unchecked,none,82.24116,-2.721144,26,Ready1H,9.257213,,,,26->26:Exact,none; server owns swing cadence
710,11.558490,0.016816,Tick,live-sample,true,0xF13000007900B1EF,,server,,unchecked,unchecked,none,82.22587,-2.7216148,26,Ready1H,9.274029,,,,26->26:Exact,none; server owns swing cadence
711,11.575034,0.016544,Tick,live-sample,true,0xF13000007900B1EF,,server,,unchecked,unchecked,none,82.210594,-2.722086,26,Ready1H,9.290572,,,,26->26:Exact,none; server owns swing cadence
712,11.592115,0.017081,Tick,live-sample,true,0xF13000007900B1EF,,server,,unchecked,unchecked,none,82.1961,-2.7225647,26,Ready1H,9.307652,,,,26->26:Exact,none; server owns swing cadence
713,11.608642,0.016527,Tick,live-sample,true,0xF13000007900B1EF,,server,,unchecked,unchecked,none,82.1821,-2.7230122,26,Ready1H,9.32418,,,,26->26:Exact,none; server owns swing cadence
714,11.625074,0.016432,Tick,live-sample,true,0xF13000007900B1EF,,server,,unchecked,unchecked,none,82.16688,-2.7234838,26,Ready1H,9.340611,,,,26->26:Exact,none; server owns swing cadence
715,11.641726,0.016652,Tick,live-sample,true,0xF13000007900B1EF,,server,,unchecked,unchecked,none,82.152916,-2.7239318,26,Ready1H,9.357264,,,,26->26:Exact,none; server owns swing cadence
716,11.658541,0.016815,Tick,live-sample,true,0xF13000007900B1EF,,server,,unchecked,unchecked,none,82.13773,-2.7244036,26,Ready1H,9.374079,,,,26->26:Exact,none; server owns swing cadence
717,11.676419,0.017877,Tick,live-sample,true,0xF13000007900B1EF,,server,,unchecked,unchecked,none,82.12209,-2.7249072,26,Ready1H,9.391956,,,,26->26:Exact,none; server owns swing cadence
718,11.691754,0.015335,Tick,live-sample,true,0xF13000007900B1EF,,server,,unchecked,unchecked,none,82.10948,-2.7253304,26,Ready1H,9.407291,,,,26->26:Exact,none; server owns swing cadence
719,11.708754,0.017000,Tick,live-sample,true,0xF13000007900B1EF,,server,,unchecked,unchecked,none,82.094284,-2.725804,26,Ready1H,9.424292,,,,26->26:Exact,none; server owns swing cadence
720,11.708754,0.000000,CombatReceive,server,true,0x0000000000000000,SMSG_PERIODICAURALOG,server,,unchecked,unchecked,none,-1,,26,Ready1H,9.424292,,,,26->26:Exact,CombatPeriodicAura
721,11.725104,0.016350,Tick,live-sample,true,0xF13000007900B1EF,,server,,unchecked,unchecked,none,82.07917,-2.7262766,26,Ready1H,9.440641,,,,26->26:Exact,none; server owns swing cadence
722,11.742019,0.016916,Tick,live-sample,true,0xF13000007900B1EF,,server,,unchecked,unchecked,none,82.06484,-2.726757,26,Ready1H,9.457557,,,,26->26:Exact,none; server owns swing cadence
723,11.758594,0.016575,Tick,live-sample,true,0xF13000007900B1EF,,server,,unchecked,unchecked,none,82.05106,-2.7272048,26,Ready1H,9.474132,,,,26->26:Exact,none; server owns swing cadence
724,11.776222,0.017628,Tick,live-sample,true,0xF13000007900B1EF,,server,,unchecked,unchecked,none,82.035545,-2.7277093,26,Ready1H,9.491759,,,,26->26:Exact,none; server owns swing cadence
725,11.792079,0.015858,Tick,live-sample,true,0xF13000007900B1EF,,server,,unchecked,unchecked,none,82.02173,-2.7281587,26,Ready1H,9.507617,,,,26->26:Exact,none; server owns swing cadence
726,11.808503,0.016423,Tick,live-sample,true,0xF13000007900B1EF,,server,,unchecked,unchecked,none,82.00711,-2.728602,26,Ready1H,9.52404,,,,26->26:Exact,none; server owns swing cadence
727,11.825284,0.016781,Tick,live-sample,true,0xF13000007900B1EF,,server,,unchecked,unchecked,none,81.992935,-2.7290816,26,Ready1H,9.540821,,,,26->26:Exact,none; server owns swing cadence
728,11.841913,0.016629,Tick,live-sample,true,0xF13000007900B1EF,,server,,unchecked,unchecked,none,81.97918,-2.7295315,26,Ready1H,9.55745,,,,26->26:Exact,none; server owns swing cadence
729,11.858789,0.016876,Tick,live-sample,true,0xF13000007900B1EF,,server,,unchecked,unchecked,none,81.96421,-2.7300055,26,Ready1H,9.5743265,,,,26->26:Exact,none; server owns swing cadence
730,11.875215,0.016426,Tick,live-sample,true,0xF13000007900B1EF,,server,,unchecked,unchecked,none,81.9492,-2.7304807,26,Ready1H,9.590752,,,,26->26:Exact,none; server owns swing cadence
731,11.892127,0.016912,Tick,live-sample,true,0xF13000007900B1EF,,server,,unchecked,unchecked,none,81.935104,-2.7309613,26,Ready1H,9.607664,,,,26->26:Exact,none; server owns swing cadence
732,11.908602,0.016475,Tick,live-sample,true,0xF13000007900B1EF,,server,,unchecked,unchecked,none,81.92142,-2.7314117,26,Ready1H,9.62414,,,,26->26:Exact,none; server owns swing cadence
733,11.908602,0.000000,CombatReceive,server,true,0x0000000000000000,SMSG_SPELLNONMELEEDAMAGELOG,server,,unchecked,unchecked,none,-1,,26,Ready1H,9.62414,,,,26->26:Exact,CombatSpellDamage
734,11.925546,0.016943,Tick,live-sample,true,0xF13000007900B1EF,,server,,unchecked,unchecked,none,81.90652,-2.7318864,26,Ready1H,9.641083,,,,26->26:Exact,none; server owns swing cadence
735,11.925546,0.000000,SwingReceive,server-swing,true,0x0000000000000105,SMSG_ATTACKERSTATEUPDATE,server,,unchecked,unchecked,none,63.251873,-5.4481764,26,Ready1H,9.641083,,,,26->26:Exact,attacker=0xF13000007A00E7F9 damage=0 hitInfo=0x00000020
736,11.941911,0.016365,Tick,live-sample,true,0xF13000007900B1EF,,server,,unchecked,unchecked,none,81.89287,-2.732337,26,Ready1H,9.657448,,,,26->26:Exact,none; server owns swing cadence
737,11.941911,0.000000,AttackStopSend,network-session-send,true,0x0000000000000000,CMSG_ATTACKSTOP,server,,unchecked,unchecked,none,-1,,26,Ready1H,9.657448,,,,26->26:Exact,CMSG_ATTACKSTOP
738,11.941911,0.000000,IntentOff,user-cancel,true,0xF13000007900B1EF,,server,,unchecked,unchecked,none,81.89287,-2.732337,26,Ready1H,9.657448,,,,26->26:Exact,local attack latch edge
739,11.958773,0.016862,Tick,live-sample,false,0x0000000000000000,,server,,unchecked,unchecked,none,-1,,26,Ready1H,9.67431,,,,26->26:Exact,none; server owns swing cadence
