row,t,dt,event,cause,intentOn,targetGuid,opcode,swingTimerOwner,weaponSpeedMs,rangeEligibility,arcEligibility,clientAction,distance,bearingDelta,facingDelta,clipId,clipName,clipTime,clipB,clipBTime,blendWeight,animChoice,detail
0,0.000000,0.000000,TraceStart,operator,false,0x0000000000000000,,server,,unchecked,unchecked,none,-1,,,11,ShuffleLeft,0.5516129,,,,11->11:Exact,server-authoritative swing timing; client range/arc gates absent
1,0.000000,0.000000,AttackSwingSend,network-session-send,false,0xF13000000604A274,CMSG_ATTACKSWING,server,,unchecked,unchecked,none,0.58951813,-8.209133,-8.209133,11,ShuffleLeft,0.5700218,,,,11->11:Exact,CMSG_ATTACKSWING
2,0.000000,0.000000,IntentOn,user-start,true,0xF13000000604A274,,server,,unchecked,unchecked,none,0.58951813,-8.209133,-8.209133,11,ShuffleLeft,0.5700218,,,,11->11:Exact,local attack latch edge
3,0.015313,0.015313,Tick,live-sample,true,0xF13000000604A274,,server,,unchecked,unchecked,none,0.6273938,-8.209925,-8.209925,11,ShuffleLeft,0.5853349,,,,11->11:Exact,none; server owns swing cadence
4,0.029740,0.014427,Tick,live-sample,true,0xF13000000604A274,,server,,unchecked,unchecked,none,0.6646495,-8.209492,-8.209492,11,ShuffleLeft,0.599762,,,,11->11:Exact,none; server owns swing cadence
5,0.029740,0.000000,AnimChoice,animator,true,0xF13000000604A274,,server,,unchecked,unchecked,none,0.7094851,-8.209239,-8.209239,11,ShuffleLeft,0.599762,,,,0->0:Exact,track=0 requested=0 played=0 kind=Exact base=11:ShuffleLeft clipB= blendWeight=0
6,0.047739,0.017999,Tick,live-sample,true,0xF13000000604A274,,server,,unchecked,unchecked,none,0.7094851,-8.209239,-8.209239,0,Stand,0.0179991,ShuffleLeft,0.61776114,0.005892217,0->0:Exact,none; server owns swing cadence
7,0.064646,0.016907,Tick,live-sample,true,0xF13000000604A274,,server,,unchecked,unchecked,none,0.7522034,-8.209648,-8.209648,0,Stand,0.0349062,ShuffleLeft,0.63466823,0.02151668,0->0:Exact,none; server owns swing cadence
8,0.082989,0.018343,Tick,live-sample,true,0xF13000000604A274,,server,,unchecked,unchecked,none,0.79703903,-8.2094145,-8.2094145,0,Stand,0.0532489,ShuffleLeft,0.6530109,0.048446357,0->0:Exact,none; server owns swing cadence
9,0.097924,0.014934,Tick,live-sample,true,0xF13000000604A274,,server,,unchecked,unchecked,none,0.83429486,-8.209092,-8.209092,0,Stand,0.0681834,ShuffleLeft,0.6679454,0.07726264,0->0:Exact,none; server owns swing cadence
10,0.114488,0.016565,Tick,live-sample,true,0xF13000000604A274,,server,,unchecked,unchecked,none,0.874276,-8.209129,-8.209129,0,Stand,0.084748104,ShuffleLeft,0.6845101,0.115645766,0->0:Exact,none; server owns swing cadence
11,0.131369,0.016881,Tick,live-sample,true,0xF13000000604A274,,server,,unchecked,unchecked,none,0.9169942,-8.20947,-8.20947,0,Stand,0.1016288,ShuffleLeft,0.7013908,0.16085571,0->0:Exact,none; server owns swing cadence
12,0.148091,0.016722,Tick,live-sample,true,0xF13000000604A274,,server,,unchecked,unchecked,none,0.95972437,-8.209769,-8.209769,0,Stand,0.118350506,ShuffleLeft,0.7181125,0.21082461,0->0:Exact,none; server owns swing cadence
13,0.164535,0.016445,Tick,live-sample,true,0xF13000000604A274,,server,,unchecked,unchecked,none,1.0018228,-8.209301,-8.209301,0,Stand,0.1347951,ShuffleLeft,0.73455715,0.26414502,0->0:Exact,none; server owns swing cadence
14,0.181236,0.016701,Tick,live-sample,true,0xF13000000604A274,,server,,unchecked,unchecked,none,1.041804,-8.209324,-8.209324,0,Stand,0.1514959,ShuffleLeft,0.75125796,0.32167566,0->0:Exact,none; server owns swing cadence
15,0.197874,0.016638,Tick,live-sample,true,0xF13000000604A274,,server,,unchecked,unchecked,none,1.084534,-8.209595,-8.209595,0,Stand,0.16813381,ShuffleLeft,0.7678959,0.381513,0->0:Exact,none; server owns swing cadence
16,0.215535,0.017661,Tick,live-sample,true,0xF13000000604A274,,server,,unchecked,unchecked,none,1.1293579,-8.209441,-8.209441,0,Stand,0.1857946,ShuffleLeft,0.7855567,0.44681937,0->0:Exact,none; server owns swing cadence
17,0.231410,0.015875,Tick,live-sample,true,0xF13000000604A274,,server,,unchecked,unchecked,none,1.1666137,-8.209209,-8.209209,0,Stand,0.20166971,ShuffleLeft,0.8014318,0.5062612,0->0:Exact,none; server owns swing cadence
18,0.248204,0.016794,Tick,live-sample,true,0xF13000000604A274,,server,,unchecked,unchecked,none,1.209332,-8.209465,-8.209465,0,Stand,0.2184641,ShuffleLeft,0.81822616,0.5690437,0->0:Exact,none; server owns swing cadence
19,0.264762,0.016558,Tick,live-sample,true,0xF13000000604A274,,server,,unchecked,unchecked,none,1.2520621,-8.209695,-8.209695,0,Stand,0.23502201,ShuffleLeft,0.83478403,0.6299901,0->0:Exact,none; server owns swing cadence
20,0.281705,0.016942,Tick,live-sample,true,0xF13000000604A274,,server,,unchecked,unchecked,none,1.2941605,-8.209334,-8.209334,0,Stand,0.25196442,ShuffleLeft,0.8517264,0.69048154,0->0:Exact,none; server owns swing cadence
21,0.298045,0.016340,Tick,live-sample,true,0xF13000000604A274,,server,,unchecked,unchecked,none,1.3341416,-8.209352,-8.209352,0,Stand,0.26830482,ShuffleLeft,0.8680668,0.74618423,0->0:Exact,none; server owns swing cadence
22,0.313386,0.015341,Tick,live-sample,true,0xF13000000604A274,,server,,unchecked,unchecked,none,1.3720173,-8.209707,-8.209707,0,Stand,0.28364593,ShuffleLeft,0.8834079,0.7953834,0->0:Exact,none; server owns swing cadence
23,0.331426,0.018040,Tick,live-sample,true,0xF13000000604A274,,server,,unchecked,unchecked,none,1.4168528,-8.209575,-8.209575,0,Stand,0.30168614,ShuffleLeft,0.9014481,0.8484654,0->0:Exact,none; server owns swing cadence
24,0.348052,0.016626,Tick,live-sample,true,0xF13000000604A274,,server,,unchecked,unchecked,none,1.4589514,-8.209258,-8.209258,0,Stand,0.31831205,ShuffleLeft,0.91807395,0.89191693,0->0:Exact,none; server owns swing cadence
25,0.364882,0.016829,Tick,live-sample,true,0xF13000000604A274,,server,,unchecked,unchecked,none,1.5016696,-8.209462,-8.209462,0,Stand,0.33514136,ShuffleLeft,0.93490326,0.9296515,0->0:Exact,none; server owns swing cadence
26,0.380199,0.015317,Tick,live-sample,true,0xF13000000604A274,,server,,unchecked,unchecked,none,1.5389255,-8.209286,-8.209286,0,Stand,0.35045865,ShuffleLeft,0.9502206,0.9577807,0->0:Exact,none; server owns swing cadence
27,0.398253,0.018054,Tick,live-sample,true,0xF13000000604A274,,server,,unchecked,unchecked,none,1.584381,-8.209656,-8.209656,0,Stand,0.36851245,ShuffleLeft,0.96827435,0.9823856,0->0:Exact,none; server owns swing cadence
28,0.415034,0.016782,Tick,live-sample,true,0xF13000000604A274,,server,,unchecked,unchecked,none,1.6264794,-8.20937,-8.20937,0,Stand,0.38529426,ShuffleLeft,0.98505616,0.9960445,0->0:Exact,none; server owns swing cadence
29,0.431649,0.016615,Tick,live-sample,true,0xF13000000604A274,,server,,unchecked,unchecked,none,1.6691977,-8.20955,-8.20955,0,Stand,0.40190917,,,,0->0:Exact,none; server owns swing cadence
30,0.448282,0.016632,Tick,live-sample,true,0xF13000000604A274,,server,,unchecked,unchecked,none,1.7091906,-8.209553,-8.209553,0,Stand,0.41854158,,,,0->0:Exact,none; server owns swing cadence
31,0.464819,0.016537,Tick,live-sample,true,0xF13000000604A274,,server,,unchecked,unchecked,none,1.7512891,-8.20929,-8.20929,0,Stand,0.43507877,,,,0->0:Exact,none; server owns swing cadence
32,0.481649,0.016830,Tick,live-sample,true,0xF13000000604A274,,server,,unchecked,unchecked,none,1.7940074,-8.209459,-8.209459,0,Stand,0.45190877,,,,0->0:Exact,none; server owns swing cadence
33,0.496912,0.015263,Tick,live-sample,true,0xF13000000604A274,,server,,unchecked,unchecked,none,1.8312632,-8.209312,-8.209312,0,Stand,0.46717206,,,,0->0:Exact,none; server owns swing cadence
34,0.514887,0.017975,Tick,live-sample,true,0xF13000000604A274,,server,,unchecked,unchecked,none,1.8767186,-8.209623,-8.209623,0,Stand,0.48514727,,,,0->0:Exact,none; server owns swing cadence
35,0.530408,0.015520,Tick,live-sample,true,0xF13000000604A274,,server,,unchecked,unchecked,none,1.9139744,-8.209478,-8.209478,0,Stand,0.5006677,,,,0->0:Exact,none; server owns swing cadence
36,0.548274,0.017866,Tick,live-sample,true,0xF13000000604A274,,server,,unchecked,unchecked,none,1.95881,-8.209388,-8.209388,0,Stand,0.51853377,,,,0->0:Exact,none; server owns swing cadence
37,0.565004,0.016730,Tick,live-sample,true,0xF13000000604A274,,server,,unchecked,unchecked,none,2.0015283,-8.2095375,-8.2095375,0,Stand,0.53526336,,,,0->0:Exact,none; server owns swing cadence
38,0.581740,0.016736,Tick,live-sample,true,0xF13000000604A274,,server,,unchecked,unchecked,none,2.0436268,-8.209312,-8.209312,0,Stand,0.55199933,,,,0->0:Exact,none; server owns swing cadence
39,0.598267,0.016527,Tick,live-sample,true,0xF13000000604A274,,server,,unchecked,unchecked,none,2.0836198,-8.20932,-8.20932,0,Stand,0.5685263,,,,0->0:Exact,none; server owns swing cadence
40,0.615181,0.016915,Tick,live-sample,true,0xF13000000604A274,,server,,unchecked,unchecked,none,2.126338,-8.209462,-8.209462,0,Stand,0.58544093,,,,0->0:Exact,none; server owns swing cadence
41,0.630205,0.015024,Tick,live-sample,true,0xF13000000604A274,,server,,unchecked,unchecked,none,2.1635938,-8.209337,-8.209337,0,Stand,0.60046476,,,,0->0:Exact,none; server owns swing cadence
42,0.648370,0.018165,Tick,live-sample,true,0xF13000000604A274,,server,,unchecked,unchecked,none,2.2090492,-8.209601,-8.209601,0,Stand,0.6186299,,,,0->0:Exact,none; server owns swing cadence
43,0.663801,0.015431,Tick,live-sample,true,0xF13000000604A274,,server,,unchecked,unchecked,none,2.2484107,-8.209271,-8.209271,0,Stand,0.63406116,,,,0->0:Exact,none; server owns swing cadence
44,0.680348,0.016546,Tick,live-sample,true,0xF13000000604A274,,server,,unchecked,unchecked,none,2.2884035,-8.209278,-8.209278,0,Stand,0.6506076,,,,0->0:Exact,none; server owns swing cadence
45,0.698492,0.018145,Tick,live-sample,true,0xF13000000604A274,,server,,unchecked,unchecked,none,2.333859,-8.209529,-8.209529,0,Stand,0.6687522,,,,0->0:Exact,none; server owns swing cadence
46,0.713773,0.015280,Tick,live-sample,true,0xF13000000604A274,,server,,unchecked,unchecked,none,2.37384,-8.209536,-8.209536,0,Stand,0.6840325,,,,0->0:Exact,none; server owns swing cadence
47,0.731854,0.018081,Tick,live-sample,true,0xF13000000604A274,,server,,unchecked,unchecked,none,2.4186757,-8.209461,-8.209461,0,Stand,0.7021134,,,,0->0:Exact,none; server owns swing cadence
48,0.747178,0.015325,Tick,live-sample,true,0xF13000000604A274,,server,,unchecked,unchecked,none,2.4559314,-8.209351,-8.209351,0,Stand,0.71743816,,,,0->0:Exact,none; server owns swing cadence
49,0.763778,0.016600,Tick,live-sample,true,0xF13000000604A274,,server,,unchecked,unchecked,none,2.4986498,-8.209472,-8.209472,0,Stand,0.7340379,,,,0->0:Exact,none; server owns swing cadence
50,0.782177,0.018399,Tick,live-sample,true,0xF13000000604A274,,server,,unchecked,unchecked,none,2.5434854,-8.209402,-8.209402,0,Stand,0.75243646,,,,0->0:Exact,none; server owns swing cadence
51,0.797035,0.014859,Tick,live-sample,true,0xF13000000604A274,,server,,unchecked,unchecked,none,2.5807412,-8.209297,-8.209297,0,Stand,0.76729524,,,,0->0:Exact,none; server owns swing cadence
52,0.815142,0.018107,Tick,live-sample,true,0xF13000000604A274,,server,,unchecked,unchecked,none,2.6261966,-8.20952,-8.20952,0,Stand,0.78540224,,,,0->0:Exact,none; server owns swing cadence
53,0.831720,0.016578,Tick,live-sample,true,0xF13000000604A274,,server,,unchecked,unchecked,none,2.6682951,-8.209348,-8.209348,0,Stand,0.80198026,,,,0->0:Exact,none; server owns swing cadence
54,0.848488,0.016768,Tick,live-sample,true,0xF13000000604A274,,server,,unchecked,unchecked,none,2.7082763,-8.209356,-8.209356,0,Stand,0.81874824,,,,0->0:Exact,none; server owns swing cadence
55,0.863833,0.015344,Tick,live-sample,true,0xF13000000604A274,,server,,unchecked,unchecked,none,2.7482693,-8.209361,-8.209361,0,Stand,0.8340923,,,,0->0:Exact,none; server owns swing cadence
56,0.882078,0.018245,Tick,live-sample,true,0xF13000000604A274,,server,,unchecked,unchecked,none,2.793105,-8.209299,-8.209299,0,Stand,0.85233784,,,,0->0:Exact,none; server owns swing cadence
57,0.897170,0.015092,Tick,live-sample,true,0xF13000000604A274,,server,,unchecked,unchecked,none,2.8309803,-8.209473,-8.209473,0,Stand,0.86742955,,,,0->0:Exact,none; server owns swing cadence
58,0.915107,0.017938,Tick,live-sample,true,0xF13000000604A274,,server,,unchecked,unchecked,none,2.8758042,-8.209414,-8.209414,0,Stand,0.8853673,,,,0->0:Exact,none; server owns swing cadence
59,0.932064,0.016956,Tick,live-sample,true,0xF13000000604A274,,server,,unchecked,unchecked,none,2.9185345,-8.209513,-8.209513,0,Stand,0.9023236,,,,0->0:Exact,none; server owns swing cadence
60,0.948554,0.016491,Tick,live-sample,true,0xF13000000604A274,,server,,unchecked,unchecked,none,2.9606328,-8.209358,-8.209358,0,Stand,0.9188141,,,,0->0:Exact,none; server owns swing cadence
61,0.965270,0.016715,Tick,live-sample,true,0xF13000000604A274,,server,,unchecked,unchecked,none,3.000614,-8.209366,-8.209366,0,Stand,0.93552953,,,,0->0:Exact,none; server owns swing cadence
62,0.982618,0.017349,Tick,live-sample,true,0xF13000000604A274,,server,,unchecked,unchecked,none,3.0460694,-8.209557,-8.209557,0,Stand,0.9528781,,,,0->0:Exact,none; server owns swing cadence
63,0.998530,0.015912,Tick,live-sample,true,0xF13000000604A274,,server,,unchecked,unchecked,none,3.0854425,-8.209313,-8.209313,0,Stand,0.96878994,,,,0->0:Exact,none; server owns swing cadence
64,1.015261,0.016731,Tick,live-sample,true,0xF13000000604A274,,server,,unchecked,unchecked,none,3.1254237,-8.209321,-8.209321,0,Stand,0.9855213,,,,0->0:Exact,none; server owns swing cadence
65,1.032041,0.016780,Tick,live-sample,true,0xF13000000604A274,,server,,unchecked,unchecked,none,3.1681418,-8.209417,-8.209417,0,Stand,1.0023009,,,,0->0:Exact,none; server owns swing cadence
66,1.048599,0.016558,Tick,live-sample,true,0xF13000000604A274,,server,,unchecked,unchecked,none,3.210872,-8.209507,-8.209507,0,Stand,1.0188584,,,,0->0:Exact,none; server owns swing cadence
67,1.065313,0.016714,Tick,live-sample,true,0xF13000000604A274,,server,,unchecked,unchecked,none,3.2508533,-8.209513,-8.209513,0,Stand,1.0355728,,,,0->0:Exact,none; server owns swing cadence
68,1.082041,0.016728,Tick,live-sample,true,0xF13000000604A274,,server,,unchecked,unchecked,none,3.2929516,-8.209373,-8.209373,0,Stand,1.0523005,,,,0->0:Exact,none; server owns swing cadence
69,1.098560,0.016519,Tick,live-sample,true,0xF13000000604A274,,server,,unchecked,unchecked,none,3.33567,-8.209463,-8.209463,0,Stand,1.0688199,,,,0->0:Exact,none; server owns swing cadence
70,1.115403,0.016843,Tick,live-sample,true,0xF13000000604A274,,server,,unchecked,unchecked,none,3.3756628,-8.209466,-8.209466,0,Stand,1.0856632,,,,0->0:Exact,none; server owns swing cadence
71,1.131938,0.016535,Tick,live-sample,true,0xF13000000604A274,,server,,unchecked,unchecked,none,3.4177613,-8.209332,-8.209332,0,Stand,1.1021979,,,,0->0:Exact,none; server owns swing cadence
72,1.148724,0.016786,Tick,live-sample,true,0xF13000000604A274,,server,,unchecked,unchecked,none,3.4604797,-8.209419,-8.209419,0,Stand,1.1189834,,,,0->0:Exact,none; server owns swing cadence
73,1.165429,0.016705,Tick,live-sample,true,0xF13000000604A274,,server,,unchecked,unchecked,none,3.5004725,-8.209423,-8.209423,0,Stand,1.1356887,,,,0->0:Exact,none; server owns swing cadence
74,1.182212,0.016783,Tick,live-sample,true,0xF13000000604A274,,server,,unchecked,unchecked,none,3.5431907,-8.209507,-8.209507,0,Stand,1.1524715,,,,0->0:Exact,none; server owns swing cadence
75,1.199094,0.016883,Tick,live-sample,true,0xF13000000604A274,,server,,unchecked,unchecked,none,3.5852892,-8.209379,-8.209379,0,Stand,1.1693542,,,,0->0:Exact,none; server owns swing cadence
76,1.215614,0.016520,Tick,live-sample,true,0xF13000000604A274,,server,,unchecked,unchecked,none,3.6280077,-8.209462,-8.209462,0,Stand,1.185874,,,,0->0:Exact,none; server owns swing cadence
77,1.230771,0.015157,Tick,live-sample,true,0xF13000000604A274,,server,,unchecked,unchecked,none,3.6652634,-8.209389,-8.209389,0,Stand,1.2010305,,,,0->0:Exact,none; server owns swing cadence
78,1.247329,0.016558,Tick,live-sample,true,0xF13000000604A274,,server,,unchecked,unchecked,none,3.7052565,-8.209392,-8.209392,0,Stand,1.2175889,,,,0->0:Exact,none; server owns swing cadence
79,1.264127,0.016798,Tick,live-sample,true,0xF13000000604A274,,server,,unchecked,unchecked,none,3.7479746,-8.209472,-8.209472,0,Stand,1.2343869,,,,0->0:Exact,none; server owns swing cadence
80,1.280965,0.016838,Tick,live-sample,true,0xF13000000604A274,,server,,unchecked,unchecked,none,3.7900732,-8.209351,-8.209351,0,Stand,1.2512249,,,,0->0:Exact,none; server owns swing cadence
81,1.297355,0.016390,Tick,live-sample,true,0xF13000000604A274,,server,,unchecked,unchecked,none,3.830066,-8.209354,-8.209354,0,Stand,1.2676153,,,,0->0:Exact,none; server owns swing cadence
82,1.314201,0.016846,Tick,live-sample,true,0xF13000000604A274,,server,,unchecked,unchecked,none,3.8727844,-8.209433,-8.209433,0,Stand,1.2844614,,,,0->0:Exact,none; server owns swing cadence
83,1.330782,0.016581,Tick,live-sample,true,0xF13000000604A274,,server,,unchecked,unchecked,none,3.915508,-8.209185,-8.209185,0,Stand,1.3010423,,,,0->0:Exact,none; server owns swing cadence
84,1.347665,0.016883,Tick,live-sample,true,0xF13000000604A274,,server,,unchecked,unchecked,none,3.9577315,-8.20809,-8.20809,0,Stand,1.317925,,,,0->0:Exact,none; server owns swing cadence
85,1.364161,0.016496,Tick,live-sample,true,0xF13000000604A274,,server,,unchecked,unchecked,none,3.997105,-8.206969,-8.206969,0,Stand,1.3344209,,,,0->0:Exact,none; server owns swing cadence
86,1.382063,0.017902,Tick,live-sample,true,0xF13000000604A274,,server,,unchecked,unchecked,none,4.042192,-8.205967,-8.205967,0,Stand,1.3523227,,,,0->0:Exact,none; server owns swing cadence
87,1.397620,0.015557,Tick,live-sample,true,0xF13000000604A274,,server,,unchecked,unchecked,none,4.0822034,-8.205074,-8.205074,0,Stand,1.3678797,,,,0->0:Exact,none; server owns swing cadence
88,1.414334,0.016715,Tick,live-sample,true,0xF13000000604A274,,server,,unchecked,unchecked,none,4.1215897,-8.204017,-8.204017,0,Stand,1.3845943,,,,0->0:Exact,none; server owns swing cadence
89,1.430847,0.016512,Tick,live-sample,true,0xF13000000604A274,,server,,unchecked,unchecked,none,4.16445,-8.20321,-8.20321,0,Stand,1.4011066,,,,0->0:Exact,none; server owns swing cadence
90,1.448012,0.017166,Tick,live-sample,true,0xF13000000604A274,,server,,unchecked,unchecked,none,4.20671,-8.202236,-8.202236,0,Stand,1.4182724,,,,0->0:Exact,none; server owns swing cadence
91,1.464347,0.016335,Tick,live-sample,true,0xF13000000604A274,,server,,unchecked,unchecked,none,4.246722,-8.201416,-8.201416,0,Stand,1.4346074,,,,0->0:Exact,none; server owns swing cadence
92,1.480972,0.016625,Tick,live-sample,true,0xF13000000604A274,,server,,unchecked,unchecked,none,4.2889776,-8.200481,-8.200481,0,Stand,1.451232,,,,0->0:Exact,none; server owns swing cadence
93,1.497583,0.016611,Tick,live-sample,true,0xF13000000604A274,,server,,unchecked,unchecked,none,4.331237,-8.199565,-8.199565,0,Stand,1.4678432,,,,0->0:Exact,none; server owns swing cadence
94,1.514299,0.016716,Tick,live-sample,true,0xF13000000604A274,,server,,unchecked,unchecked,none,4.37127,-8.19879,-8.19879,0,Stand,1.4845588,,,,0->0:Exact,none; server owns swing cadence
95,1.531060,0.016761,Tick,live-sample,true,0xF13000000604A274,,server,,unchecked,unchecked,none,4.4135356,-8.1979065,-8.1979065,0,Stand,1.5013195,,,,0->0:Exact,none; server owns swing cadence
96,1.547679,0.016619,Tick,live-sample,true,0xF13000000604A274,,server,,unchecked,unchecked,none,4.455805,-8.197041,-8.197041,0,Stand,1.5179387,,,,0->0:Exact,none; server owns swing cadence
97,1.564488,0.016810,Tick,live-sample,true,0xF13000000604A274,,server,,unchecked,unchecked,none,4.495846,-8.196308,-8.196308,0,Stand,1.5347484,,,,0->0:Exact,none; server owns swing cadence
98,1.581752,0.017264,Tick,live-sample,true,0xF13000000604A274,,server,,unchecked,unchecked,none,4.5403643,-8.195354,-8.195354,0,Stand,1.5520121,,,,0->0:Exact,none; server owns swing cadence
99,1.597716,0.015964,Tick,live-sample,true,0xF13000000604A274,,server,,unchecked,unchecked,none,4.580399,-8.194653,-8.194653,0,Stand,1.5679762,,,,0->0:Exact,none; server owns swing cadence
100,1.614404,0.016687,Tick,live-sample,true,0xF13000000604A274,,server,,unchecked,unchecked,none,4.6204486,-8.193962,-8.193962,0,Stand,1.5846637,,,,0->0:Exact,none; server owns swing cadence
101,1.631057,0.016653,Tick,live-sample,true,0xF13000000604A274,,server,,unchecked,unchecked,none,4.662732,-8.19317,-8.19317,0,Stand,1.6013168,,,,0->0:Exact,none; server owns swing cadence
102,1.647738,0.016681,Tick,live-sample,true,0xF13000000604A274,,server,,unchecked,unchecked,none,4.7050185,-8.192392,-8.192392,0,Stand,1.6179978,,,,0->0:Exact,none; server owns swing cadence
103,1.664508,0.016771,Tick,live-sample,true,0xF13000000604A274,,server,,unchecked,unchecked,none,4.7473083,-8.1916275,-8.1916275,0,Stand,1.6347682,,,,0->0:Exact,none; server owns swing cadence
104,1.681205,0.016697,Tick,live-sample,true,0xF13000000604A274,,server,,unchecked,unchecked,none,4.787367,-8.190987,-8.190987,0,Stand,1.6514653,,,,0->0:Exact,none; server owns swing cadence
105,1.697864,0.016658,Tick,live-sample,true,0xF13000000604A274,,server,,unchecked,unchecked,none,4.7997694,-8.190759,-8.190759,0,Stand,1.6681236,,,,0->0:Exact,none; server owns swing cadence
106,1.714528,0.016664,Tick,live-sample,true,0xF13000000604A274,,server,,unchecked,unchecked,none,4.7997694,-8.190759,-8.190759,0,Stand,1.6847878,,,,0->0:Exact,none; server owns swing cadence
107,1.731159,0.016631,Tick,live-sample,true,0xF13000000604A274,,server,,unchecked,unchecked,none,4.7997694,-8.190759,-8.190759,0,Stand,1.7014189,,,,0->0:Exact,none; server owns swing cadence
108,1.747798,0.016639,Tick,live-sample,true,0xF13000000604A274,,server,,unchecked,unchecked,none,4.7997694,-8.190759,-8.190759,0,Stand,1.7180578,,,,0->0:Exact,none; server owns swing cadence
109,1.764611,0.016813,Tick,live-sample,true,0xF13000000604A274,,server,,unchecked,unchecked,none,4.7997694,-8.190759,-8.190759,0,Stand,1.7348711,,,,0->0:Exact,none; server owns swing cadence
110,1.781197,0.016585,Tick,live-sample,true,0xF13000000604A274,,server,,unchecked,unchecked,none,4.7997694,-8.190759,-8.190759,0,Stand,1.7514565,,,,0->0:Exact,none; server owns swing cadence
111,1.797821,0.016625,Tick,live-sample,true,0xF13000000604A274,,server,,unchecked,unchecked,none,4.7997694,-8.190759,-8.190759,0,Stand,1.7680811,,,,0->0:Exact,none; server owns swing cadence
112,1.814629,0.016808,Tick,live-sample,true,0xF13000000604A274,,server,,unchecked,unchecked,none,4.7997694,-8.190759,-8.190759,0,Stand,1.7848886,,,,0->0:Exact,none; server owns swing cadence
113,1.831244,0.016615,Tick,live-sample,true,0xF13000000604A274,,server,,unchecked,unchecked,none,4.7997694,-8.190759,-8.190759,0,Stand,1.8015035,,,,0->0:Exact,none; server owns swing cadence
114,1.847963,0.016719,Tick,live-sample,true,0xF13000000604A274,,server,,unchecked,unchecked,none,4.7997694,-8.190759,-8.190759,0,Stand,1.8182226,,,,0->0:Exact,none; server owns swing cadence
115,1.864779,0.016816,Tick,live-sample,true,0xF13000000604A274,,server,,unchecked,unchecked,none,4.7997694,-8.190759,-8.190759,0,Stand,1.8350387,,,,0->0:Exact,none; server owns swing cadence
116,1.882502,0.017723,Tick,live-sample,true,0xF13000000604A274,,server,,unchecked,unchecked,none,4.7997694,-8.190759,-8.190759,0,Stand,1.8527619,,,,0->0:Exact,none; server owns swing cadence
117,1.898000,0.015498,Tick,live-sample,true,0xF13000000604A274,,server,,unchecked,unchecked,none,4.7997694,-8.190759,-8.190759,0,Stand,1.8682593,,,,0->0:Exact,none; server owns swing cadence
118,1.914723,0.016723,Tick,live-sample,true,0xF13000000604A274,,server,,unchecked,unchecked,none,4.7997694,-8.190759,-8.190759,0,Stand,1.8849825,,,,0->0:Exact,none; server owns swing cadence
119,1.931515,0.016793,Tick,live-sample,true,0xF13000000604A274,,server,,unchecked,unchecked,none,4.7997694,-8.190759,-8.190759,0,Stand,1.9017751,,,,0->0:Exact,none; server owns swing cadence
120,1.948063,0.016547,Tick,live-sample,true,0xF13000000604A274,,server,,unchecked,unchecked,none,4.7997694,-8.190759,-8.190759,0,Stand,1.9183226,,,,0->0:Exact,none; server owns swing cadence
121,1.964871,0.016808,Tick,live-sample,true,0xF13000000604A274,,server,,unchecked,unchecked,none,4.7997694,-8.190759,-8.190759,0,Stand,1.9351304,,,,0->0:Exact,none; server owns swing cadence
122,1.981477,0.016606,Tick,live-sample,true,0xF13000000604A274,,server,,unchecked,unchecked,none,4.7997694,-8.190759,-8.190759,0,Stand,1.9517365,,,,0->0:Exact,none; server owns swing cadence
123,1.998176,0.016700,Tick,live-sample,true,0xF13000000604A274,,server,,unchecked,unchecked,none,4.7997694,-8.190759,-8.190759,0,Stand,1.968436,,,,0->0:Exact,none; server owns swing cadence
124,2.014953,0.016776,Tick,live-sample,true,0xF13000000604A274,,server,,unchecked,unchecked,none,4.7997694,-8.190759,-8.190759,0,Stand,1.9852123,,,,0->0:Exact,none; server owns swing cadence
125,2.031442,0.016490,Tick,live-sample,true,0xF13000000604A274,,server,,unchecked,unchecked,none,4.7997694,-8.138956,-8.138956,0,Stand,2.0017018,,,,0->0:Exact,none; server owns swing cadence
126,2.048181,0.016739,Tick,live-sample,true,0xF13000000604A274,,server,,unchecked,unchecked,none,4.7997694,-8.086369,-8.086369,0,Stand,2.0184412,,,,0->0:Exact,none; server owns swing cadence
127,2.064921,0.016739,Tick,live-sample,true,0xF13000000604A274,,server,,unchecked,unchecked,none,4.7997694,-8.03378,-8.03378,0,Stand,2.0351806,,,,0->0:Exact,none; server owns swing cadence
128,2.081613,0.016692,Tick,live-sample,true,0xF13000000604A274,,server,,unchecked,unchecked,none,4.7997694,-7.9813395,-7.9813395,0,Stand,2.051873,,,,0->0:Exact,none; server owns swing cadence
129,2.098229,0.016616,Tick,live-sample,true,0xF13000000604A274,,server,,unchecked,unchecked,none,4.7997694,-7.929139,-7.929139,0,Stand,2.0684888,,,,0->0:Exact,none; server owns swing cadence
130,2.114958,0.016729,Tick,live-sample,true,0xF13000000604A274,,server,,unchecked,unchecked,none,4.7997694,-7.876583,-7.876583,0,Stand,2.085218,,,,0->0:Exact,none; server owns swing cadence
131,2.131533,0.016575,Tick,live-sample,true,0xF13000000604A274,,server,,unchecked,unchecked,none,4.7997694,-7.8245106,-7.8245106,0,Stand,2.101793,,,,0->0:Exact,none; server owns swing cadence
132,2.148297,0.016764,Tick,live-sample,true,0xF13000000604A274,,server,,unchecked,unchecked,none,4.7997694,-7.771845,-7.771845,0,Stand,2.118557,,,,0->0:Exact,none; server owns swing cadence
133,2.165090,0.016792,Tick,live-sample,true,0xF13000000604A274,,server,,unchecked,unchecked,none,4.7997694,-7.7190905,-7.7190905,0,Stand,2.1353493,,,,0->0:Exact,none; server owns swing cadence
134,2.182734,0.017644,Tick,live-sample,true,0xF13000000604A274,,server,,unchecked,unchecked,none,4.7997694,-7.66366,-7.66366,0,Stand,2.1529932,,,,0->0:Exact,none; server owns swing cadence
135,2.198383,0.015650,Tick,live-sample,true,0xF13000000604A274,,server,,unchecked,unchecked,none,4.7997694,-7.6144953,-7.6144953,0,Stand,2.168643,,,,0->0:Exact,none; server owns swing cadence
136,2.215023,0.016640,Tick,live-sample,true,0xF13000000604A274,,server,,unchecked,unchecked,none,4.7997694,-7.5622187,-7.5622187,0,Stand,2.1852832,,,,0->0:Exact,none; server owns swing cadence
137,2.231606,0.016583,Tick,live-sample,true,0xF13000000604A274,,server,,unchecked,unchecked,none,4.7997694,-7.5101233,-7.5101233,0,Stand,2.2018657,,,,0->0:Exact,none; server owns swing cadence
138,2.248305,0.016699,Tick,live-sample,true,0xF13000000604A274,,server,,unchecked,unchecked,none,4.7997694,-7.4576626,-7.4576626,0,Stand,2.2185643,,,,0->0:Exact,none; server owns swing cadence
139,2.264965,0.016661,Tick,live-sample,true,0xF13000000604A274,,server,,unchecked,unchecked,none,4.7997694,-7.405321,-7.405321,0,Stand,2.235225,,,,0->0:Exact,none; server owns swing cadence
140,2.281698,0.016733,Tick,live-sample,true,0xF13000000604A274,,server,,unchecked,unchecked,none,4.7997694,-7.3527527,-7.3527527,0,Stand,2.2519581,,,,0->0:Exact,none; server owns swing cadence
141,2.298530,0.016832,Tick,live-sample,true,0xF13000000604A274,,server,,unchecked,unchecked,none,4.7997694,-7.2998753,-7.2998753,0,Stand,2.2687895,,,,0->0:Exact,none; server owns swing cadence
142,2.315028,0.016498,Tick,live-sample,true,0xF13000000604A274,,server,,unchecked,unchecked,none,4.7997694,-7.248045,-7.248045,0,Stand,2.2852879,,,,0->0:Exact,none; server owns swing cadence
143,2.331697,0.016669,Tick,live-sample,true,0xF13000000604A274,,server,,unchecked,unchecked,none,4.7997694,-7.1956778,-7.1956778,0,Stand,2.301957,,,,0->0:Exact,none; server owns swing cadence
144,2.348281,0.016583,Tick,live-sample,true,0xF13000000604A274,,server,,unchecked,unchecked,none,4.7997694,-7.1435795,-7.1435795,0,Stand,2.31854,,,,0->0:Exact,none; server owns swing cadence
145,2.365058,0.016777,Tick,live-sample,true,0xF13000000604A274,,server,,unchecked,unchecked,none,4.7997694,-7.090872,-7.090872,0,Stand,2.3353174,,,,0->0:Exact,none; server owns swing cadence
146,2.381681,0.016624,Tick,live-sample,true,0xF13000000604A274,,server,,unchecked,unchecked,none,4.7997694,-7.0386467,-7.0386467,0,Stand,2.3519409,,,,0->0:Exact,none; server owns swing cadence
147,2.398312,0.016631,Tick,live-sample,true,0xF13000000604A274,,server,,unchecked,unchecked,none,4.7997694,-6.9863997,-6.9863997,0,Stand,2.3685715,,,,0->0:Exact,none; server owns swing cadence
148,2.415007,0.016695,Tick,live-sample,true,0xF13000000604A274,,server,,unchecked,unchecked,none,4.7997694,-6.9339523,-6.9339523,0,Stand,2.3852663,,,,0->0:Exact,none; server owns swing cadence
149,2.431749,0.016742,Tick,live-sample,true,0xF13000000604A274,,server,,unchecked,unchecked,none,4.7997694,-6.8813553,-6.8813553,0,Stand,2.4020083,,,,0->0:Exact,none; server owns swing cadence
150,2.448396,0.016648,Tick,live-sample,true,0xF13000000604A274,,server,,unchecked,unchecked,none,4.7997694,-6.829056,-6.829056,0,Stand,2.4186559,,,,0->0:Exact,none; server owns swing cadence
151,2.465452,0.017056,Tick,live-sample,true,0xF13000000604A274,,server,,unchecked,unchecked,none,4.7997694,-6.7754726,-6.7754726,0,Stand,2.4357119,,,,0->0:Exact,none; server owns swing cadence
152,2.482400,0.016947,Tick,live-sample,true,0xF13000000604A274,,server,,unchecked,unchecked,none,4.7997694,-6.722231,-6.722231,0,Stand,2.4526591,,,,0->0:Exact,none; server owns swing cadence
153,2.498426,0.016026,Tick,live-sample,true,0xF13000000604A274,,server,,unchecked,unchecked,none,4.7997694,-6.6718826,-6.6718826,0,Stand,2.4686856,,,,0->0:Exact,none; server owns swing cadence
154,2.498426,0.000000,AnimChoice,animator,true,0xF13000000604A274,,server,,unchecked,unchecked,none,4.7997694,-6.6191616,-6.6191616,0,Stand,2.4686856,,,,12->12:Exact,track=0 requested=12 played=12 kind=Exact base=0:Stand clipB= blendWeight=0
155,2.515208,0.016782,Tick,live-sample,true,0xF13000000604A274,,server,,unchecked,unchecked,none,4.7997694,-6.6191616,-6.6191616,12,ShuffleRight,0.0167818,Stand,2.4854674,0.012913227,12->12:Exact,none; server owns swing cadence
156,2.531793,0.016585,Tick,live-sample,true,0xF13000000604A274,,server,,unchecked,unchecked,none,4.7997694,-6.5670586,-6.5670586,12,ShuffleRight,0.0333669,Stand,2.5020525,0.04868573,12->12:Exact,none; server owns swing cadence
157,2.548482,0.016689,Tick,live-sample,true,0xF13000000604A274,,server,,unchecked,unchecked,none,4.7997694,-6.5146294,-6.5146294,12,ShuffleRight,0.050055802,Stand,2.5187414,0.10421443,12->12:Exact,none; server owns swing cadence
158,2.565174,0.016693,Tick,live-sample,true,0xF13000000604A274,,server,,unchecked,unchecked,none,4.7997694,-6.462188,-6.462188,12,ShuffleRight,0.0667485,Stand,2.535434,0.17579162,12->12:Exact,none; server owns swing cadence
159,2.581953,0.016779,Tick,live-sample,true,0xF13000000604A274,,server,,unchecked,unchecked,none,4.7997694,-6.4094753,-6.4094753,12,ShuffleRight,0.0835275,Stand,2.552213,0.26029545,12->12:Exact,none; server owns swing cadence
160,2.598561,0.016608,Tick,live-sample,true,0xF13000000604A274,,server,,unchecked,unchecked,none,4.7997694,-6.3573017,-6.3573017,12,ShuffleRight,0.100135,Stand,2.5688205,0.35277778,12->12:Exact,none; server owns swing cadence
161,2.615250,0.016689,Tick,live-sample,true,0xF13000000604A274,,server,,unchecked,unchecked,none,4.7997694,-6.3048716,-6.3048716,12,ShuffleRight,0.116824,Stand,2.5855095,0.45101398,12->12:Exact,none; server owns swing cadence
162,2.632561,0.017311,Tick,live-sample,true,0xF13000000604A274,,server,,unchecked,unchecked,none,4.7997694,-6.2504883,-6.2504883,12,ShuffleRight,0.1341347,Stand,2.6028202,0.5547106,12->12:Exact,none; server owns swing cadence
163,2.648615,0.016054,Tick,live-sample,true,0xF13000000604A274,,server,,unchecked,unchecked,none,4.7997694,-6.2000523,-6.2000523,12,ShuffleRight,0.1501889,Stand,2.6188743,0.6490878,12->12:Exact,none; server owns swing cadence
164,2.665247,0.016632,Tick,live-sample,true,0xF13000000604A274,,server,,unchecked,unchecked,none,4.7997694,-6.1478014,-6.1478014,12,ShuffleRight,0.1668208,Stand,2.6355062,0.7415624,12->12:Exact,none; server owns swing cadence
165,2.681960,0.016714,Tick,live-sample,true,0xF13000000604A274,,server,,unchecked,unchecked,none,4.7997694,-6.095294,-6.095294,12,ShuffleRight,0.1835344,Stand,2.6522198,0.82553536,12->12:Exact,none; server owns swing cadence
166,2.698748,0.016787,Tick,live-sample,true,0xF13000000604A274,,server,,unchecked,unchecked,none,4.7997694,-6.042555,-6.042555,12,ShuffleRight,0.2003217,Stand,2.669007,0.89723235,12->12:Exact,none; server owns swing cadence
167,2.715352,0.016605,Tick,live-sample,true,0xF13000000604A274,,server,,unchecked,unchecked,none,4.7997694,-5.99039,-5.99039,12,ShuffleRight,0.2169263,Stand,2.6856117,0.9521251,12->12:Exact,none; server owns swing cadence
168,2.732037,0.016685,Tick,live-sample,true,0xF13000000604A274,,server,,unchecked,unchecked,none,4.7997694,-5.937972,-5.937972,12,ShuffleRight,0.2336113,Stand,2.7022967,0.98767114,12->12:Exact,none; server owns swing cadence
169,2.748599,0.016562,Tick,live-sample,true,0xF13000000604A274,,server,,unchecked,unchecked,none,4.7997694,-5.8859406,-5.8859406,12,ShuffleRight,0.2501734,,,,12->12:Exact,none; server owns swing cadence
170,2.765295,0.016696,Tick,live-sample,true,0xF13000000604A274,,server,,unchecked,unchecked,none,4.7997694,-5.8334885,-5.8334885,12,ShuffleRight,0.2668695,,,,12->12:Exact,none; server owns swing cadence
171,2.782075,0.016780,Tick,live-sample,true,0xF13000000604A274,,server,,unchecked,unchecked,none,4.7997694,-5.780773,-5.780773,12,ShuffleRight,0.28364938,,,,12->12:Exact,none; server owns swing cadence
172,2.798877,0.016801,Tick,live-sample,true,0xF13000000604A274,,server,,unchecked,unchecked,none,4.7997694,-5.72799,-5.72799,12,ShuffleRight,0.30045077,,,,12->12:Exact,none; server owns swing cadence
173,2.815302,0.016425,Tick,live-sample,true,0xF13000000604A274,,server,,unchecked,unchecked,none,4.7997694,-5.6763897,-5.6763897,12,ShuffleRight,0.31687587,,,,12->12:Exact,none; server owns swing cadence
174,2.832054,0.016752,Tick,live-sample,true,0xF13000000604A274,,server,,unchecked,unchecked,none,4.7997694,-5.623762,-5.623762,12,ShuffleRight,0.33362767,,,,12->12:Exact,none; server owns swing cadence
175,2.848769,0.016715,Tick,live-sample,true,0xF13000000604A274,,server,,unchecked,unchecked,none,4.7997694,-5.57125,-5.57125,12,ShuffleRight,0.35034287,,,,12->12:Exact,none; server owns swing cadence
176,2.865465,0.016696,Tick,live-sample,true,0xF13000000604A274,,server,,unchecked,unchecked,none,4.7997694,-5.518797,-5.518797,12,ShuffleRight,0.36703917,,,,12->12:Exact,none; server owns swing cadence
177,2.882777,0.017312,Tick,live-sample,true,0xF13000000604A274,,server,,unchecked,unchecked,none,4.7997694,-5.464409,-5.464409,12,ShuffleRight,0.38435146,,,,12->12:Exact,none; server owns swing cadence
178,2.898888,0.016111,Tick,live-sample,true,0xF13000000604A274,,server,,unchecked,unchecked,none,4.7997694,-5.4137945,-5.4137945,12,ShuffleRight,0.40046245,,,,12->12:Exact,none; server owns swing cadence
179,2.915753,0.016864,Tick,live-sample,true,0xF13000000604A274,,server,,unchecked,unchecked,none,4.7997694,-5.360814,-5.360814,12,ShuffleRight,0.41732654,,,,12->12:Exact,none; server owns swing cadence
180,2.932177,0.016424,Tick,live-sample,true,0xF13000000604A274,,server,,unchecked,unchecked,none,4.7997694,-5.3092155,-5.3092155,12,ShuffleRight,0.43375084,,,,12->12:Exact,none; server owns swing cadence
181,2.948869,0.016693,Tick,live-sample,true,0xF13000000604A274,,server,,unchecked,unchecked,none,4.7997694,-5.256774,-5.256774,12,ShuffleRight,0.45044345,,,,12->12:Exact,none; server owns swing cadence
182,2.965697,0.016828,Tick,live-sample,true,0xF13000000604A274,,server,,unchecked,unchecked,none,4.7997694,-5.203908,-5.203908,12,ShuffleRight,0.46727124,,,,12->12:Exact,none; server owns swing cadence
183,2.982552,0.016855,Tick,live-sample,true,0xF13000000604A274,,server,,unchecked,unchecked,none,4.7997694,-5.150957,-5.150957,12,ShuffleRight,0.48412594,,,,12->12:Exact,none; server owns swing cadence
184,2.999056,0.016505,Tick,live-sample,true,0xF13000000604A274,,server,,unchecked,unchecked,none,4.7997694,-5.099107,-5.099107,12,ShuffleRight,0.50063044,,,,12->12:Exact,none; server owns swing cadence
185,3.015688,0.016632,Tick,live-sample,true,0xF13000000604A274,,server,,unchecked,unchecked,none,4.7997694,-5.046858,-5.046858,12,ShuffleRight,0.5172619,,,,12->12:Exact,none; server owns swing cadence
186,3.032408,0.016720,Tick,live-sample,true,0xF13000000604A274,,server,,unchecked,unchecked,none,4.7997694,-4.9943295,-4.9943295,12,ShuffleRight,0.5339821,,,,12->12:Exact,none; server owns swing cadence
187,3.048868,0.016460,Tick,live-sample,true,0xF13000000604A274,,server,,unchecked,unchecked,none,4.7997694,-4.9943295,-4.9943295,12,ShuffleRight,0.5504417,,,,12->12:Exact,none; server owns swing cadence
188,3.065598,0.016730,Tick,live-sample,true,0xF13000000604A274,,server,,unchecked,unchecked,none,4.7997694,-4.9943295,-4.9943295,12,ShuffleRight,0.5671721,,,,12->12:Exact,none; server owns swing cadence
189,3.082188,0.016590,Tick,live-sample,true,0xF13000000604A274,,server,,unchecked,unchecked,none,4.7997694,-4.9943295,-4.9943295,12,ShuffleRight,0.5837622,,,,12->12:Exact,none; server owns swing cadence
190,3.099044,0.016856,Tick,live-sample,true,0xF13000000604A274,,server,,unchecked,unchecked,none,4.7997694,-4.9943295,-4.9943295,12,ShuffleRight,0.60061795,,,,12->12:Exact,none; server owns swing cadence
191,3.099044,0.000000,AnimChoice,animator,true,0xF13000000604A274,,server,,unchecked,unchecked,none,4.7997694,-4.9943295,-4.9943295,12,ShuffleRight,0.60061795,,,,0->0:Exact,track=0 requested=0 played=0 kind=Exact base=12:ShuffleRight clipB= blendWeight=0
192,3.115893,0.016849,Tick,live-sample,true,0xF13000000604A274,,server,,unchecked,unchecked,none,4.7997694,-4.9943295,-4.9943295,0,Stand,0.0168495,ShuffleRight,0.61746746,0.005173743,0->0:Exact,none; server owns swing cadence
193,3.132297,0.016404,Tick,live-sample,true,0xF13000000604A274,,server,,unchecked,unchecked,none,4.7997694,-4.9943295,-4.9943295,0,Stand,0.0332534,ShuffleRight,0.6338714,0.019584477,0->0:Exact,none; server owns swing cadence
194,3.149049,0.016752,Tick,live-sample,true,0xF13000000604A274,,server,,unchecked,unchecked,none,4.7997694,-4.9943295,-4.9943295,0,Stand,0.050005402,ShuffleRight,0.6506234,0.04297763,0->0:Exact,none; server owns swing cadence
195,3.166064,0.017014,Tick,live-sample,true,0xF13000000604A274,,server,,unchecked,unchecked,none,4.7997694,-4.9943295,-4.9943295,0,Stand,0.0670197,ShuffleRight,0.6676377,0.0748111,0->0:Exact,none; server owns swing cadence
196,3.183085,0.017021,Tick,live-sample,true,0xF13000000604A274,,server,,unchecked,unchecked,none,4.7997694,-4.9943295,-4.9943295,0,Stand,0.0840408,ShuffleRight,0.6846588,0.1138795,0->0:Exact,none; server owns swing cadence
197,3.199043,0.015958,Tick,live-sample,true,0xF13000000604A274,,server,,unchecked,unchecked,none,4.7997694,-4.9943295,-4.9943295,0,Stand,0.0999991,ShuffleRight,0.70061713,0.15624744,0->0:Exact,none; server owns swing cadence
198,3.215774,0.016731,Tick,live-sample,true,0xF13000000604A274,,server,,unchecked,unchecked,none,4.7997694,-4.9943295,-4.9943295,0,Stand,0.1167299,ShuffleRight,0.7173479,0.20578045,0->0:Exact,none; server owns swing cadence
199,3.232569,0.016795,Tick,live-sample,true,0xF13000000604A274,,server,,unchecked,unchecked,none,4.7997694,-4.9943295,-4.9943295,0,Stand,0.1335253,ShuffleRight,0.7341433,0.25989932,0->0:Exact,none; server owns swing cadence
200,3.249193,0.016623,Tick,live-sample,true,0xF13000000604A274,,server,,unchecked,unchecked,none,4.7997694,-4.9943295,-4.9943295,0,Stand,0.1501486,ShuffleRight,0.75076663,0.31692868,0->0:Exact,none; server owns swing cadence
201,3.265778,0.016586,Tick,live-sample,true,0xF13000000604A274,,server,,unchecked,unchecked,none,4.7997694,-4.9943295,-4.9943295,0,Stand,0.1667344,ShuffleRight,0.76735246,0.37640435,0->0:Exact,none; server owns swing cadence
202,3.282543,0.016765,Tick,live-sample,true,0xF13000000604A274,,server,,unchecked,unchecked,none,4.7997694,-4.9943295,-4.9943295,0,Stand,0.1834995,ShuffleRight,0.7841176,0.43826342,0->0:Exact,none; server owns swing cadence
203,3.299245,0.016702,Tick,live-sample,true,0xF13000000604A274,,server,,unchecked,unchecked,none,4.7997694,-4.9943295,-4.9943295,0,Stand,0.2002015,ShuffleRight,0.8008196,0.50075555,0->0:Exact,none; server owns swing cadence
204,3.315869,0.016623,Tick,live-sample,true,0xF13000000604A274,,server,,unchecked,unchecked,none,4.7997694,-4.9943295,-4.9943295,0,Stand,0.2168247,ShuffleRight,0.8174428,0.5629437,0->0:Exact,none; server owns swing cadence
205,3.332558,0.016689,Tick,live-sample,true,0xF13000000604A274,,server,,unchecked,unchecked,none,4.7997694,-4.9943295,-4.9943295,0,Stand,0.2335138,ShuffleRight,0.8341319,0.62450033,0->0:Exact,none; server owns swing cadence
206,3.349236,0.016679,Tick,live-sample,true,0xF13000000604A274,,server,,unchecked,unchecked,none,4.7997694,-4.9943295,-4.9943295,0,Stand,0.2501923,ShuffleRight,0.8508104,0.6842695,0->0:Exact,none; server owns swing cadence
207,3.365833,0.016597,Tick,live-sample,true,0xF13000000604A274,,server,,unchecked,unchecked,none,4.7997694,-4.9943295,-4.9943295,0,Stand,0.26678923,ShuffleRight,0.8674073,0.74114895,0->0:Exact,none; server owns swing cadence
208,3.382488,0.016655,Tick,live-sample,true,0xF13000000604A274,,server,,unchecked,unchecked,none,4.7997694,-4.9943295,-4.9943295,0,Stand,0.28344402,ShuffleRight,0.8840621,0.79475826,0->0:Exact,none; server owns swing cadence
209,3.399529,0.017041,Tick,live-sample,true,0xF13000000604A274,,server,,unchecked,unchecked,none,4.7997694,-4.9943295,-4.9943295,0,Stand,0.30048543,ShuffleRight,0.9011035,0.84511286,0->0:Exact,none; server owns swing cadence
210,3.415745,0.016216,Tick,live-sample,true,0xF13000000604A274,,server,,unchecked,unchecked,none,4.7997694,-4.9943295,-4.9943295,0,Stand,0.31670153,ShuffleRight,0.9173196,0.8879622,0->0:Exact,none; server owns swing cadence
211,3.432360,0.016615,Tick,live-sample,true,0xF13000000604A274,,server,,unchecked,unchecked,none,4.7997694,-4.9943295,-4.9943295,0,Stand,0.33331645,ShuffleRight,0.9339345,0.92589056,0->0:Exact,none; server owns swing cadence
212,3.449005,0.016645,Tick,live-sample,true,0xF13000000604A274,,server,,unchecked,unchecked,none,4.7997694,-4.9943295,-4.9943295,0,Stand,0.34996125,ShuffleRight,0.9505793,0.95696753,0->0:Exact,none; server owns swing cadence
213,3.465764,0.016758,Tick,live-sample,true,0xF13000000604A274,,server,,unchecked,unchecked,none,4.7997694,-4.9943295,-4.9943295,0,Stand,0.36671975,ShuffleRight,0.9673378,0.98038477,0->0:Exact,none; server owns swing cadence
214,3.482946,0.017182,Tick,live-sample,true,0xF13000000604A274,,server,,unchecked,unchecked,none,4.7997694,-4.9943295,-4.9943295,0,Stand,0.38390186,ShuffleRight,0.9845199,0.99527127,0->0:Exact,none; server owns swing cadence
215,3.499164,0.016218,Tick,live-sample,true,0xF13000000604A274,,server,,unchecked,unchecked,none,4.7997694,-4.9943295,-4.9943295,0,Stand,0.40011987,,,,0->0:Exact,none; server owns swing cadence
216,3.515860,0.016696,Tick,live-sample,true,0xF13000000604A274,,server,,unchecked,unchecked,none,4.7997694,-4.9943295,-4.9943295,0,Stand,0.41681597,,,,0->0:Exact,none; server owns swing cadence
217,3.532667,0.016807,Tick,live-sample,true,0xF13000000604A274,,server,,unchecked,unchecked,none,4.7997694,-4.9943295,-4.9943295,0,Stand,0.43362308,,,,0->0:Exact,none; server owns swing cadence
218,3.549471,0.016804,Tick,live-sample,true,0xF13000000604A274,,server,,unchecked,unchecked,none,4.7997694,-4.9943295,-4.9943295,0,Stand,0.45042756,,,,0->0:Exact,none; server owns swing cadence
219,3.566155,0.016684,Tick,live-sample,true,0xF13000000604A274,,server,,unchecked,unchecked,none,4.7997694,-4.9943295,-4.9943295,0,Stand,0.46711135,,,,0->0:Exact,none; server owns swing cadence
220,3.583235,0.017080,Tick,live-sample,true,0xF13000000604A274,,server,,unchecked,unchecked,none,4.7997694,-4.9943295,-4.9943295,0,Stand,0.48419106,,,,0->0:Exact,none; server owns swing cadence
221,3.600201,0.016966,Tick,live-sample,true,0xF13000000604A274,,server,,unchecked,unchecked,none,4.7997694,-4.9943295,-4.9943295,0,Stand,0.5011573,,,,0->0:Exact,none; server owns swing cadence
222,3.616038,0.015837,Tick,live-sample,true,0xF13000000604A274,,server,,unchecked,unchecked,none,4.7997694,-4.9943295,-4.9943295,0,Stand,0.51699436,,,,0->0:Exact,none; server owns swing cadence
223,3.632880,0.016842,Tick,live-sample,true,0xF13000000604A274,,server,,unchecked,unchecked,none,4.7997694,-4.9943295,-4.9943295,0,Stand,0.53383654,,,,0->0:Exact,none; server owns swing cadence
224,3.649339,0.016459,Tick,live-sample,true,0xF13000000604A274,,server,,unchecked,unchecked,none,4.7997694,-4.9943295,-4.9943295,0,Stand,0.5502955,,,,0->0:Exact,none; server owns swing cadence
225,3.666096,0.016757,Tick,live-sample,true,0xF13000000604A274,,server,,unchecked,unchecked,none,4.7997694,-4.9943295,-4.9943295,0,Stand,0.5670522,,,,0->0:Exact,none; server owns swing cadence
226,3.682747,0.016651,Tick,live-sample,true,0xF13000000604A274,,server,,unchecked,unchecked,none,4.7997694,-4.9943295,-4.9943295,0,Stand,0.58370316,,,,0->0:Exact,none; server owns swing cadence
227,3.699401,0.016654,Tick,live-sample,true,0xF13000000604A274,,server,,unchecked,unchecked,none,4.7997694,-4.9943295,-4.9943295,0,Stand,0.6003569,,,,0->0:Exact,none; server owns swing cadence
228,3.716073,0.016672,Tick,live-sample,true,0xF13000000604A274,,server,,unchecked,unchecked,none,4.7997694,-4.9943295,-4.9943295,0,Stand,0.61702865,,,,0->0:Exact,none; server owns swing cadence
229,3.732858,0.016786,Tick,live-sample,true,0xF13000000604A274,,server,,unchecked,unchecked,none,4.7997694,-4.9943295,-4.9943295,0,Stand,0.6338146,,,,0->0:Exact,none; server owns swing cadence
230,3.749646,0.016787,Tick,live-sample,true,0xF13000000604A274,,server,,unchecked,unchecked,none,4.7997694,-4.9943295,-4.9943295,0,Stand,0.65060174,,,,0->0:Exact,none; server owns swing cadence
231,3.766221,0.016575,Tick,live-sample,true,0xF13000000604A274,,server,,unchecked,unchecked,none,4.7997694,-4.9943295,-4.9943295,0,Stand,0.66717714,,,,0->0:Exact,none; server owns swing cadence
232,3.783342,0.017121,Tick,live-sample,true,0xF13000000604A274,,server,,unchecked,unchecked,none,4.7997694,-4.9943295,-4.9943295,0,Stand,0.68429816,,,,0->0:Exact,none; server owns swing cadence
233,3.799467,0.016124,Tick,live-sample,true,0xF13000000604A274,,server,,unchecked,unchecked,none,4.7997694,-4.9943295,-4.9943295,0,Stand,0.70042264,,,,0->0:Exact,none; server owns swing cadence
234,3.816266,0.016800,Tick,live-sample,true,0xF13000000604A274,,server,,unchecked,unchecked,none,4.7997694,-4.9943295,-4.9943295,0,Stand,0.71722233,,,,0->0:Exact,none; server owns swing cadence
235,3.832904,0.016637,Tick,live-sample,true,0xF13000000604A274,,server,,unchecked,unchecked,none,4.7997694,-4.9943295,-4.9943295,0,Stand,0.7338597,,,,0->0:Exact,none; server owns swing cadence
236,3.849459,0.016555,Tick,live-sample,true,0xF13000000604A274,,server,,unchecked,unchecked,none,4.7997694,-4.9943295,-4.9943295,0,Stand,0.7504149,,,,0->0:Exact,none; server owns swing cadence
237,3.866498,0.017040,Tick,live-sample,true,0xF13000000604A274,,server,,unchecked,unchecked,none,4.7997694,-4.9943295,-4.9943295,0,Stand,0.7674544,,,,0->0:Exact,none; server owns swing cadence
238,3.882987,0.016488,Tick,live-sample,true,0xF13000000604A274,,server,,unchecked,unchecked,none,4.7997694,-4.9943295,-4.9943295,0,Stand,0.7839427,,,,0->0:Exact,none; server owns swing cadence
239,3.899558,0.016571,Tick,live-sample,true,0xF13000000604A274,,server,,unchecked,unchecked,none,4.7997694,-4.9943295,-4.9943295,0,Stand,0.8005139,,,,0->0:Exact,none; server owns swing cadence
240,3.916264,0.016706,Tick,live-sample,true,0xF13000000604A274,,server,,unchecked,unchecked,none,4.7997694,-4.9943295,-4.9943295,0,Stand,0.81722003,,,,0->0:Exact,none; server owns swing cadence
241,3.933029,0.016765,Tick,live-sample,true,0xF13000000604A274,,server,,unchecked,unchecked,none,4.7997694,-4.9943295,-4.9943295,0,Stand,0.83398485,,,,0->0:Exact,none; server owns swing cadence
242,3.949638,0.016610,Tick,live-sample,true,0xF13000000604A274,,server,,unchecked,unchecked,none,4.7997694,-4.9943295,-4.9943295,0,Stand,0.8505946,,,,0->0:Exact,none; server owns swing cadence
243,3.966565,0.016927,Tick,live-sample,true,0xF13000000604A274,,server,,unchecked,unchecked,none,4.7997694,-4.9943295,-4.9943295,0,Stand,0.8675216,,,,0->0:Exact,none; server owns swing cadence
244,3.983200,0.016634,Tick,live-sample,true,0xF13000000604A274,,server,,unchecked,unchecked,none,4.7997694,-4.9943295,-4.9943295,0,Stand,0.8841561,,,,0->0:Exact,none; server owns swing cadence
245,3.999626,0.016426,Tick,live-sample,true,0xF13000000604A274,,server,,unchecked,unchecked,none,4.7997694,-4.9943295,-4.9943295,0,Stand,0.90058184,,,,0->0:Exact,none; server owns swing cadence
246,4.016425,0.016799,Tick,live-sample,true,0xF13000000604A274,,server,,unchecked,unchecked,none,4.7997694,-4.9943295,-4.9943295,0,Stand,0.9173808,,,,0->0:Exact,none; server owns swing cadence
247,4.033070,0.016646,Tick,live-sample,true,0xF13000000604A274,,server,,unchecked,unchecked,none,4.7997694,-4.9943295,-4.9943295,0,Stand,0.9340264,,,,0->0:Exact,none; server owns swing cadence
248,4.049777,0.016707,Tick,live-sample,true,0xF13000000604A274,,server,,unchecked,unchecked,none,4.7997694,-4.9943295,-4.9943295,0,Stand,0.9507333,,,,0->0:Exact,none; server owns swing cadence
249,4.066448,0.016671,Tick,live-sample,true,0xF13000000604A274,,server,,unchecked,unchecked,none,4.7997694,-4.9943295,-4.9943295,0,Stand,0.9674041,,,,0->0:Exact,none; server owns swing cadence
250,4.083568,0.017120,Tick,live-sample,true,0xF13000000604A274,,server,,unchecked,unchecked,none,4.7997694,-4.9943295,-4.9943295,0,Stand,0.9845244,,,,0->0:Exact,none; server owns swing cadence
251,4.099712,0.016144,Tick,live-sample,true,0xF13000000604A274,,server,,unchecked,unchecked,none,4.7997694,-4.9943295,-4.9943295,0,Stand,1.0006688,,,,0->0:Exact,none; server owns swing cadence
252,4.116521,0.016808,Tick,live-sample,true,0xF13000000604A274,,server,,unchecked,unchecked,none,4.7997694,-4.9943295,-4.9943295,0,Stand,1.0174772,,,,0->0:Exact,none; server owns swing cadence
253,4.133094,0.016573,Tick,live-sample,true,0xF13000000604A274,,server,,unchecked,unchecked,none,4.7997694,-4.9943295,-4.9943295,0,Stand,1.03405,,,,0->0:Exact,none; server owns swing cadence
254,4.149815,0.016721,Tick,live-sample,true,0xF13000000604A274,,server,,unchecked,unchecked,none,4.7997694,-4.9943295,-4.9943295,0,Stand,1.0507711,,,,0->0:Exact,none; server owns swing cadence
255,4.166537,0.016722,Tick,live-sample,true,0xF13000000604A274,,server,,unchecked,unchecked,none,4.7997694,-4.9943295,-4.9943295,0,Stand,1.0674936,,,,0->0:Exact,none; server owns swing cadence
256,4.183200,0.016663,Tick,live-sample,true,0xF13000000604A274,,server,,unchecked,unchecked,none,4.7997694,-4.9943295,-4.9943295,0,Stand,1.0841568,,,,0->0:Exact,none; server owns swing cadence
257,4.199781,0.016581,Tick,live-sample,true,0xF13000000604A274,,server,,unchecked,unchecked,none,4.7997694,-4.9943295,-4.9943295,0,Stand,1.1007378,,,,0->0:Exact,none; server owns swing cadence
258,4.216646,0.016864,Tick,live-sample,true,0xF13000000604A274,,server,,unchecked,unchecked,none,4.7997694,-4.9943295,-4.9943295,0,Stand,1.1176019,,,,0->0:Exact,none; server owns swing cadence
259,4.233345,0.016700,Tick,live-sample,true,0xF13000000604A274,,server,,unchecked,unchecked,none,4.7997694,-4.9943295,-4.9943295,0,Stand,1.1343015,,,,0->0:Exact,none; server owns swing cadence
260,4.249904,0.016558,Tick,live-sample,true,0xF13000000604A274,,server,,unchecked,unchecked,none,4.7997694,-4.9943295,-4.9943295,0,Stand,1.1508598,,,,0->0:Exact,none; server owns swing cadence
261,4.266808,0.016905,Tick,live-sample,true,0xF13000000604A274,,server,,unchecked,unchecked,none,4.7997694,-4.9943295,-4.9943295,0,Stand,1.1677645,,,,0->0:Exact,none; server owns swing cadence
262,4.283344,0.016535,Tick,live-sample,true,0xF13000000604A274,,server,,unchecked,unchecked,none,4.7997694,-4.9943295,-4.9943295,0,Stand,1.1842998,,,,0->0:Exact,none; server owns swing cadence
263,4.300031,0.016687,Tick,live-sample,true,0xF13000000604A274,,server,,unchecked,unchecked,none,4.7997694,-4.9943295,-4.9943295,0,Stand,1.2009873,,,,0->0:Exact,none; server owns swing cadence
264,4.316639,0.016608,Tick,live-sample,true,0xF13000000604A274,,server,,unchecked,unchecked,none,4.7997694,-4.9943295,-4.9943295,0,Stand,1.2175952,,,,0->0:Exact,none; server owns swing cadence
265,4.333319,0.016680,Tick,live-sample,true,0xF13000000604A274,,server,,unchecked,unchecked,none,4.7997694,-4.9943295,-4.9943295,0,Stand,1.2342756,,,,0->0:Exact,none; server owns swing cadence
266,4.349975,0.016655,Tick,live-sample,true,0xF13000000604A274,,server,,unchecked,unchecked,none,4.7997694,-4.9943295,-4.9943295,0,Stand,1.250931,,,,0->0:Exact,none; server owns swing cadence
267,4.366557,0.016582,Tick,live-sample,true,0xF13000000604A274,,server,,unchecked,unchecked,none,4.7997694,-4.9943295,-4.9943295,0,Stand,1.2675132,,,,0->0:Exact,none; server owns swing cadence
268,4.383724,0.017168,Tick,live-sample,true,0xF13000000604A274,,server,,unchecked,unchecked,none,4.7997694,-4.9943295,-4.9943295,0,Stand,1.2846807,,,,0->0:Exact,none; server owns swing cadence
269,4.400033,0.016308,Tick,live-sample,true,0xF13000000604A274,,server,,unchecked,unchecked,none,4.7997694,-4.9943295,-4.9943295,0,Stand,1.3009892,,,,0->0:Exact,none; server owns swing cadence
270,4.416771,0.016738,Tick,live-sample,true,0xF13000000604A274,,server,,unchecked,unchecked,none,4.7997694,-4.9943295,-4.9943295,0,Stand,1.3177273,,,,0->0:Exact,none; server owns swing cadence
271,4.433336,0.016565,Tick,live-sample,true,0xF13000000604A274,,server,,unchecked,unchecked,none,4.7997694,-4.9943295,-4.9943295,0,Stand,1.3342922,,,,0->0:Exact,none; server owns swing cadence
272,4.450073,0.016737,Tick,live-sample,true,0xF13000000604A274,,server,,unchecked,unchecked,none,4.7997694,-4.9943295,-4.9943295,0,Stand,1.3510289,,,,0->0:Exact,none; server owns swing cadence
273,4.466651,0.016578,Tick,live-sample,true,0xF13000000604A274,,server,,unchecked,unchecked,none,4.7997694,-4.9943295,-4.9943295,0,Stand,1.3676069,,,,0->0:Exact,none; server owns swing cadence
274,4.483311,0.016661,Tick,live-sample,true,0xF13000000604A274,,server,,unchecked,unchecked,none,4.7997694,-4.9943295,-4.9943295,0,Stand,1.3842677,,,,0->0:Exact,none; server owns swing cadence
275,4.499982,0.016671,Tick,live-sample,true,0xF13000000604A274,,server,,unchecked,unchecked,none,4.7997694,-4.9943295,-4.9943295,0,Stand,1.4009382,,,,0->0:Exact,none; server owns swing cadence
276,4.516619,0.016638,Tick,live-sample,true,0xF13000000604A274,,server,,unchecked,unchecked,none,4.7997694,-4.9943295,-4.9943295,0,Stand,1.4175756,,,,0->0:Exact,none; server owns swing cadence
277,4.533535,0.016916,Tick,live-sample,true,0xF13000000604A274,,server,,unchecked,unchecked,none,4.7997694,-4.9943295,-4.9943295,0,Stand,1.4344916,,,,0->0:Exact,none; server owns swing cadence
278,4.549963,0.016428,Tick,live-sample,true,0xF13000000604A274,,server,,unchecked,unchecked,none,4.7997694,-4.9943295,-4.9943295,0,Stand,1.4509194,,,,0->0:Exact,none; server owns swing cadence
279,4.566716,0.016753,Tick,live-sample,true,0xF13000000604A274,,server,,unchecked,unchecked,none,4.7997694,-4.9943295,-4.9943295,0,Stand,1.4676725,,,,0->0:Exact,none; server owns swing cadence
280,4.583383,0.016666,Tick,live-sample,true,0xF13000000604A274,,server,,unchecked,unchecked,none,4.7997694,-4.9943295,-4.9943295,0,Stand,1.4843388,,,,0->0:Exact,none; server owns swing cadence
281,4.600124,0.016742,Tick,live-sample,true,0xF13000000604A274,,server,,unchecked,unchecked,none,4.7997694,-4.9943295,-4.9943295,0,Stand,1.5010805,,,,0->0:Exact,none; server owns swing cadence
282,4.616831,0.016706,Tick,live-sample,true,0xF13000000604A274,,server,,unchecked,unchecked,none,4.7997694,-4.9943295,-4.9943295,0,Stand,1.5177869,,,,0->0:Exact,none; server owns swing cadence
283,4.633399,0.016568,Tick,live-sample,true,0xF13000000604A274,,server,,unchecked,unchecked,none,4.7997694,-4.9943295,-4.9943295,0,Stand,1.5343548,,,,0->0:Exact,none; server owns swing cadence
284,4.650110,0.016712,Tick,live-sample,true,0xF13000000604A274,,server,,unchecked,unchecked,none,4.7997694,-4.9943295,-4.9943295,0,Stand,1.5510664,,,,0->0:Exact,none; server owns swing cadence
285,4.666978,0.016868,Tick,live-sample,true,0xF13000000604A274,,server,,unchecked,unchecked,none,4.7997694,-4.9943295,-4.9943295,0,Stand,1.5679342,,,,0->0:Exact,none; server owns swing cadence
286,4.684153,0.017175,Tick,live-sample,true,0xF13000000604A274,,server,,unchecked,unchecked,none,4.7997694,-4.9943295,-4.9943295,0,Stand,1.5851095,,,,0->0:Exact,none; server owns swing cadence
287,4.700406,0.016253,Tick,live-sample,true,0xF13000000604A274,,server,,unchecked,unchecked,none,4.7997694,-4.9943295,-4.9943295,0,Stand,1.6013622,,,,0->0:Exact,none; server owns swing cadence
288,4.716840,0.016434,Tick,live-sample,true,0xF13000000604A274,,server,,unchecked,unchecked,none,4.7997694,-4.9943295,-4.9943295,0,Stand,1.6177965,,,,0->0:Exact,none; server owns swing cadence
289,4.733603,0.016763,Tick,live-sample,true,0xF13000000604A274,,server,,unchecked,unchecked,none,4.7997694,-4.9943295,-4.9943295,0,Stand,1.634559,,,,0->0:Exact,none; server owns swing cadence
290,4.750373,0.016770,Tick,live-sample,true,0xF13000000604A274,,server,,unchecked,unchecked,none,4.7997694,-4.9943295,-4.9943295,0,Stand,1.6513287,,,,0->0:Exact,none; server owns swing cadence
291,4.767050,0.016677,Tick,live-sample,true,0xF13000000604A274,,server,,unchecked,unchecked,none,4.7997694,-4.9943295,-4.9943295,0,Stand,1.6680056,,,,0->0:Exact,none; server owns swing cadence
292,4.783544,0.016494,Tick,live-sample,true,0xF13000000604A274,,server,,unchecked,unchecked,none,4.7997694,-4.9943295,-4.9943295,0,Stand,1.6845001,,,,0->0:Exact,none; server owns swing cadence
293,4.800292,0.016748,Tick,live-sample,true,0xF13000000604A274,,server,,unchecked,unchecked,none,4.7997694,-4.9943295,-4.9943295,0,Stand,1.701248,,,,0->0:Exact,none; server owns swing cadence
294,4.817007,0.016715,Tick,live-sample,true,0xF13000000604A274,,server,,unchecked,unchecked,none,4.7997694,-4.9943295,-4.9943295,0,Stand,1.7179627,,,,0->0:Exact,none; server owns swing cadence
295,4.833849,0.016842,Tick,live-sample,true,0xF13000000604A274,,server,,unchecked,unchecked,none,4.7997694,-4.9943295,-4.9943295,0,Stand,1.7348049,,,,0->0:Exact,none; server owns swing cadence
296,4.850284,0.016435,Tick,live-sample,true,0xF13000000604A274,,server,,unchecked,unchecked,none,4.7997694,-4.9943295,-4.9943295,0,Stand,1.7512403,,,,0->0:Exact,none; server owns swing cadence
297,4.867266,0.016982,Tick,live-sample,true,0xF13000000604A274,,server,,unchecked,unchecked,none,4.7997694,-4.9943295,-4.9943295,0,Stand,1.768222,,,,0->0:Exact,none; server owns swing cadence
298,4.883813,0.016547,Tick,live-sample,true,0xF13000000604A274,,server,,unchecked,unchecked,none,4.7997694,-4.9943295,-4.9943295,0,Stand,1.7847687,,,,0->0:Exact,none; server owns swing cadence
299,4.900391,0.016578,Tick,live-sample,true,0xF13000000604A274,,server,,unchecked,unchecked,none,4.7997694,-4.9943295,-4.9943295,0,Stand,1.8013469,,,,0->0:Exact,none; server owns swing cadence
300,4.917172,0.016781,Tick,live-sample,true,0xF13000000604A274,,server,,unchecked,unchecked,none,4.7997694,-4.9943295,-4.9943295,0,Stand,1.8181282,,,,0->0:Exact,none; server owns swing cadence
301,4.933750,0.016578,Tick,live-sample,true,0xF13000000604A274,,server,,unchecked,unchecked,none,4.7997694,-4.9943295,-4.9943295,0,Stand,1.8347058,,,,0->0:Exact,none; server owns swing cadence
302,4.950459,0.016709,Tick,live-sample,true,0xF13000000604A274,,server,,unchecked,unchecked,none,4.7997694,-4.9943295,-4.9943295,0,Stand,1.8514152,,,,0->0:Exact,none; server owns swing cadence
303,4.967129,0.016670,Tick,live-sample,true,0xF13000000604A274,,server,,unchecked,unchecked,none,4.7997694,-4.9943295,-4.9943295,0,Stand,1.8680849,,,,0->0:Exact,none; server owns swing cadence
304,4.984383,0.017255,Tick,live-sample,true,0xF13000000604A274,,server,,unchecked,unchecked,none,4.7997694,-4.9943295,-4.9943295,0,Stand,1.8853396,,,,0->0:Exact,none; server owns swing cadence
305,5.000445,0.016061,Tick,live-sample,true,0xF13000000604A274,,server,,unchecked,unchecked,none,4.7997694,-4.9943295,-4.9943295,0,Stand,1.9014012,,,,0->0:Exact,none; server owns swing cadence
306,5.017164,0.016719,Tick,live-sample,true,0xF13000000604A274,,server,,unchecked,unchecked,none,4.7997694,-4.9943295,-4.9943295,0,Stand,1.9181205,,,,0->0:Exact,none; server owns swing cadence
307,5.033852,0.016688,Tick,live-sample,true,0xF13000000604A274,,server,,unchecked,unchecked,none,4.7997694,-4.9943295,-4.9943295,0,Stand,1.9348081,,,,0->0:Exact,none; server owns swing cadence
308,5.050696,0.016844,Tick,live-sample,true,0xF13000000604A274,,server,,unchecked,unchecked,none,4.7997694,-4.9943295,-4.9943295,0,Stand,1.9516522,,,,0->0:Exact,none; server owns swing cadence
309,5.067248,0.016553,Tick,live-sample,true,0xF13000000604A274,,server,,unchecked,unchecked,none,4.7997694,-4.9943295,-4.9943295,0,Stand,1.9682047,,,,0->0:Exact,none; server owns swing cadence
310,5.083856,0.016608,Tick,live-sample,true,0xF13000000604A274,,server,,unchecked,unchecked,none,4.7997694,-4.9943295,-4.9943295,0,Stand,1.9848126,,,,0->0:Exact,none; server owns swing cadence
311,5.100440,0.016583,Tick,live-sample,true,0xF13000000604A274,,server,,unchecked,unchecked,none,4.7997694,-4.9943295,-4.9943295,0,Stand,2.001396,,,,0->0:Exact,none; server owns swing cadence
312,5.117339,0.016899,Tick,live-sample,true,0xF13000000604A274,,server,,unchecked,unchecked,none,4.7997694,-4.9943295,-4.9943295,0,Stand,2.0182953,,,,0->0:Exact,none; server owns swing cadence
313,5.133827,0.016488,Tick,live-sample,true,0xF13000000604A274,,server,,unchecked,unchecked,none,4.7997694,-4.9943295,-4.9943295,0,Stand,2.0347831,,,,0->0:Exact,none; server owns swing cadence
314,5.150708,0.016881,Tick,live-sample,true,0xF13000000604A274,,server,,unchecked,unchecked,none,4.7997694,-4.9943295,-4.9943295,0,Stand,2.0516644,,,,0->0:Exact,none; server owns swing cadence
315,5.167455,0.016747,Tick,live-sample,true,0xF13000000604A274,,server,,unchecked,unchecked,none,4.7997694,-4.9943295,-4.9943295,0,Stand,2.0684116,,,,0->0:Exact,none; server owns swing cadence
316,5.184052,0.016596,Tick,live-sample,true,0xF13000000604A274,,server,,unchecked,unchecked,none,4.7997694,-4.9943295,-4.9943295,0,Stand,2.085008,,,,0->0:Exact,none; server owns swing cadence
317,5.200756,0.016704,Tick,live-sample,true,0xF13000000604A274,,server,,unchecked,unchecked,none,4.7997694,-4.9943295,-4.9943295,0,Stand,2.1017118,,,,0->0:Exact,none; server owns swing cadence
318,5.217509,0.016754,Tick,live-sample,true,0xF13000000604A274,,server,,unchecked,unchecked,none,4.7997694,-4.9943295,-4.9943295,0,Stand,2.1184654,,,,0->0:Exact,none; server owns swing cadence
319,5.234064,0.016555,Tick,live-sample,true,0xF13000000604A274,,server,,unchecked,unchecked,none,4.7997694,-4.9943295,-4.9943295,0,Stand,2.1350203,,,,0->0:Exact,none; server owns swing cadence
320,5.250707,0.016643,Tick,live-sample,true,0xF13000000604A274,,server,,unchecked,unchecked,none,4.7997694,-4.9943295,-4.9943295,0,Stand,2.151663,,,,0->0:Exact,none; server owns swing cadence
321,5.267384,0.016677,Tick,live-sample,true,0xF13000000604A274,,server,,unchecked,unchecked,none,4.7997694,-4.9943295,-4.9943295,0,Stand,2.16834,,,,0->0:Exact,none; server owns swing cadence
322,5.284745,0.017361,Tick,live-sample,true,0xF13000000604A274,,server,,unchecked,unchecked,none,4.7997694,-4.9943295,-4.9943295,0,Stand,2.185701,,,,0->0:Exact,none; server owns swing cadence
323,5.300739,0.015994,Tick,live-sample,true,0xF13000000604A274,,server,,unchecked,unchecked,none,4.7997694,-4.9943295,-4.9943295,0,Stand,2.2016952,,,,0->0:Exact,none; server owns swing cadence
324,5.317357,0.016618,Tick,live-sample,true,0xF13000000604A274,,server,,unchecked,unchecked,none,4.7997694,-4.9943295,-4.9943295,0,Stand,2.2183135,,,,0->0:Exact,none; server owns swing cadence
325,5.334110,0.016753,Tick,live-sample,true,0xF13000000604A274,,server,,unchecked,unchecked,none,4.7997694,-4.9943295,-4.9943295,0,Stand,2.2350664,,,,0->0:Exact,none; server owns swing cadence
326,5.350697,0.016587,Tick,live-sample,true,0xF13000000604A274,,server,,unchecked,unchecked,none,4.7997694,-4.9943295,-4.9943295,0,Stand,2.2516534,,,,0->0:Exact,none; server owns swing cadence
327,5.367374,0.016677,Tick,live-sample,true,0xF13000000604A274,,server,,unchecked,unchecked,none,4.7997694,-4.9943295,-4.9943295,0,Stand,2.2683303,,,,0->0:Exact,none; server owns swing cadence
328,5.384220,0.016846,Tick,live-sample,true,0xF13000000604A274,,server,,unchecked,unchecked,none,4.7997694,-4.9943295,-4.9943295,0,Stand,2.2851758,,,,0->0:Exact,none; server owns swing cadence
329,5.401140,0.016920,Tick,live-sample,true,0xF13000000604A274,,server,,unchecked,unchecked,none,4.7997694,-4.9943295,-4.9943295,0,Stand,2.302096,,,,0->0:Exact,none; server owns swing cadence
330,5.417628,0.016488,Tick,live-sample,true,0xF13000000604A274,,server,,unchecked,unchecked,none,4.7997694,-4.9943295,-4.9943295,0,Stand,2.318584,,,,0->0:Exact,none; server owns swing cadence
331,5.434271,0.016643,Tick,live-sample,true,0xF13000000604A274,,server,,unchecked,unchecked,none,4.7997694,-4.9943295,-4.9943295,0,Stand,2.3352268,,,,0->0:Exact,none; server owns swing cadence
332,5.451101,0.016831,Tick,live-sample,true,0xF13000000604A274,,server,,unchecked,unchecked,none,4.7997694,-4.9943295,-4.9943295,0,Stand,2.3520572,,,,0->0:Exact,none; server owns swing cadence
333,5.467809,0.016708,Tick,live-sample,true,0xF13000000604A274,,server,,unchecked,unchecked,none,4.7997694,-4.9943295,-4.9943295,0,Stand,2.368765,,,,0->0:Exact,none; server owns swing cadence
334,5.484309,0.016500,Tick,live-sample,true,0xF13000000604A274,,server,,unchecked,unchecked,none,4.7997694,-4.9943295,-4.9943295,0,Stand,2.3852654,,,,0->0:Exact,none; server owns swing cadence
335,5.501188,0.016879,Tick,live-sample,true,0xF13000000604A274,,server,,unchecked,unchecked,none,4.7997694,-4.9943295,-4.9943295,0,Stand,2.4021444,,,,0->0:Exact,none; server owns swing cadence
336,5.517768,0.016580,Tick,live-sample,true,0xF13000000604A274,,server,,unchecked,unchecked,none,4.7997694,-4.9943295,-4.9943295,0,Stand,2.4187245,,,,0->0:Exact,none; server owns swing cadence
337,5.534224,0.016456,Tick,live-sample,true,0xF13000000604A274,,server,,unchecked,unchecked,none,4.7997694,-4.9943295,-4.9943295,0,Stand,2.4351804,,,,0->0:Exact,none; server owns swing cadence
338,5.550909,0.016685,Tick,live-sample,true,0xF13000000604A274,,server,,unchecked,unchecked,none,4.7997694,-4.9943295,-4.9943295,0,Stand,2.4518654,,,,0->0:Exact,none; server owns swing cadence
339,5.567890,0.016981,Tick,live-sample,true,0xF13000000604A274,,server,,unchecked,unchecked,none,4.7997694,-4.9943295,-4.9943295,0,Stand,2.468846,,,,0->0:Exact,none; server owns swing cadence
340,5.584757,0.016868,Tick,live-sample,true,0xF13000000604A274,,server,,unchecked,unchecked,none,4.7997694,-4.9943295,-4.9943295,0,Stand,2.4857137,,,,0->0:Exact,none; server owns swing cadence
341,5.600863,0.016105,Tick,live-sample,true,0xF13000000604A274,,server,,unchecked,unchecked,none,4.7997694,-4.9943295,-4.9943295,0,Stand,2.5018191,,,,0->0:Exact,none; server owns swing cadence
342,5.617831,0.016968,Tick,live-sample,true,0xF13000000604A274,,server,,unchecked,unchecked,none,4.7997694,-4.9943295,-4.9943295,0,Stand,2.5187871,,,,0->0:Exact,none; server owns swing cadence
343,5.634260,0.016429,Tick,live-sample,true,0xF13000000604A274,,server,,unchecked,unchecked,none,4.7997694,-4.9943295,-4.9943295,0,Stand,2.5352159,,,,0->0:Exact,none; server owns swing cadence
344,5.650991,0.016731,Tick,live-sample,true,0xF13000000604A274,,server,,unchecked,unchecked,none,4.7997694,-4.9943295,-4.9943295,0,Stand,2.5519469,,,,0->0:Exact,none; server owns swing cadence
345,5.667747,0.016757,Tick,live-sample,true,0xF13000000604A274,,server,,unchecked,unchecked,none,4.7997694,-4.9943295,-4.9943295,0,Stand,2.568704,,,,0->0:Exact,none; server owns swing cadence
346,5.684305,0.016557,Tick,live-sample,true,0xF13000000604A274,,server,,unchecked,unchecked,none,4.7997694,-4.9943295,-4.9943295,0,Stand,2.585261,,,,0->0:Exact,none; server owns swing cadence
347,5.701154,0.016849,Tick,live-sample,true,0xF13000000604A274,,server,,unchecked,unchecked,none,4.7997694,-4.9943295,-4.9943295,0,Stand,2.6021101,,,,0->0:Exact,none; server owns swing cadence
348,5.717800,0.016646,Tick,live-sample,true,0xF13000000604A274,,server,,unchecked,unchecked,none,4.7997694,-4.9943295,-4.9943295,0,Stand,2.618756,,,,0->0:Exact,none; server owns swing cadence
349,5.734528,0.016728,Tick,live-sample,true,0xF13000000604A274,,server,,unchecked,unchecked,none,4.7997694,-4.9943295,-4.9943295,0,Stand,2.6354845,,,,0->0:Exact,none; server owns swing cadence
350,5.751282,0.016754,Tick,live-sample,true,0xF13000000604A274,,server,,unchecked,unchecked,none,4.7997694,-4.9943295,-4.9943295,0,Stand,2.6522386,,,,0->0:Exact,none; server owns swing cadence
351,5.767786,0.016503,Tick,live-sample,true,0xF13000000604A274,,server,,unchecked,unchecked,none,4.7997694,-4.9943295,-4.9943295,0,Stand,2.6687417,,,,0->0:Exact,none; server owns swing cadence
352,5.784319,0.016533,Tick,live-sample,true,0xF13000000604A274,,server,,unchecked,unchecked,none,4.7997694,-4.9943295,-4.9943295,0,Stand,2.685275,,,,0->0:Exact,none; server owns swing cadence
353,5.801222,0.016903,Tick,live-sample,true,0xF13000000604A274,,server,,unchecked,unchecked,none,4.7997694,-4.9943295,-4.9943295,0,Stand,2.7021778,,,,0->0:Exact,none; server owns swing cadence
354,5.817712,0.016490,Tick,live-sample,true,0xF13000000604A274,,server,,unchecked,unchecked,none,4.7997694,-4.9943295,-4.9943295,0,Stand,2.718668,,,,0->0:Exact,none; server owns swing cadence
355,5.834806,0.017095,Tick,live-sample,true,0xF13000000604A274,,server,,unchecked,unchecked,none,4.7997694,-4.9943295,-4.9943295,0,Stand,2.7357626,,,,0->0:Exact,none; server owns swing cadence
356,5.851201,0.016394,Tick,live-sample,true,0xF13000000604A274,,server,,unchecked,unchecked,none,4.7997694,-4.9943295,-4.9943295,0,Stand,2.752157,,,,0->0:Exact,none; server owns swing cadence
357,5.867991,0.016790,Tick,live-sample,true,0xF13000000604A274,,server,,unchecked,unchecked,none,4.7997694,-4.9943295,-4.9943295,0,Stand,2.7689474,,,,0->0:Exact,none; server owns swing cadence
358,5.884966,0.016974,Tick,live-sample,true,0xF13000000604A274,,server,,unchecked,unchecked,none,4.7997694,-4.9943295,-4.9943295,0,Stand,2.7859218,,,,0->0:Exact,none; server owns swing cadence
359,5.901459,0.016493,Tick,live-sample,true,0xF13000000604A274,,server,,unchecked,unchecked,none,4.7997694,-4.9943295,-4.9943295,0,Stand,2.8024151,,,,0->0:Exact,none; server owns swing cadence
360,5.918083,0.016624,Tick,live-sample,true,0xF13000000604A274,,server,,unchecked,unchecked,none,4.7997694,-4.9943295,-4.9943295,0,Stand,2.8190389,,,,0->0:Exact,none; server owns swing cadence
361,5.934714,0.016632,Tick,live-sample,true,0xF13000000604A274,,server,,unchecked,unchecked,none,4.7997694,-4.9943295,-4.9943295,0,Stand,2.8356705,,,,0->0:Exact,none; server owns swing cadence
362,5.951195,0.016481,Tick,live-sample,true,0xF13000000604A274,,server,,unchecked,unchecked,none,4.7997694,-4.9943295,-4.9943295,0,Stand,2.8521514,,,,0->0:Exact,none; server owns swing cadence
363,5.968257,0.017062,Tick,live-sample,true,0xF13000000604A274,,server,,unchecked,unchecked,none,4.7997694,-4.9943295,-4.9943295,0,Stand,2.8692133,,,,0->0:Exact,none; server owns swing cadence
364,5.984919,0.016662,Tick,live-sample,true,0xF13000000604A274,,server,,unchecked,unchecked,none,4.7997694,-4.9943295,-4.9943295,0,Stand,2.885875,,,,0->0:Exact,none; server owns swing cadence
365,6.001478,0.016560,Tick,live-sample,true,0xF13000000604A274,,server,,unchecked,unchecked,none,4.7997694,-4.9943295,-4.9943295,0,Stand,2.9024346,,,,0->0:Exact,none; server owns swing cadence
366,6.018494,0.017015,Tick,live-sample,true,0xF13000000604A274,,server,,unchecked,unchecked,none,4.7997694,-4.9943295,-4.9943295,0,Stand,2.9194498,,,,0->0:Exact,none; server owns swing cadence
367,6.034901,0.016408,Tick,live-sample,true,0xF13000000604A274,,server,,unchecked,unchecked,none,4.7997694,-4.9943295,-4.9943295,0,Stand,2.9358575,,,,0->0:Exact,none; server owns swing cadence
368,6.051776,0.016875,Tick,live-sample,true,0xF13000000604A274,,server,,unchecked,unchecked,none,4.7997694,-4.9943295,-4.9943295,0,Stand,2.952732,,,,0->0:Exact,none; server owns swing cadence
369,6.068334,0.016558,Tick,live-sample,true,0xF13000000604A274,,server,,unchecked,unchecked,none,4.7997694,-4.9943295,-4.9943295,0,Stand,2.96929,,,,0->0:Exact,none; server owns swing cadence
370,6.084673,0.016339,Tick,live-sample,true,0xF13000000604A274,,server,,unchecked,unchecked,none,4.7997694,-4.9943295,-4.9943295,0,Stand,2.9856288,,,,0->0:Exact,none; server owns swing cadence
371,6.101772,0.017099,Tick,live-sample,true,0xF13000000604A274,,server,,unchecked,unchecked,none,4.7997694,-4.9943295,-4.9943295,0,Stand,3.002728,,,,0->0:Exact,none; server owns swing cadence
372,6.118107,0.016335,Tick,live-sample,true,0xF13000000604A274,,server,,unchecked,unchecked,none,4.7997694,-4.9943295,-4.9943295,0,Stand,3.019063,,,,0->0:Exact,none; server owns swing cadence
373,6.135026,0.016919,Tick,live-sample,true,0xF13000000604A274,,server,,unchecked,unchecked,none,4.7997694,-4.9943295,-4.9943295,0,Stand,3.035982,,,,0->0:Exact,none; server owns swing cadence
374,6.151539,0.016513,Tick,live-sample,true,0xF13000000604A274,,server,,unchecked,unchecked,none,4.7997694,-4.9943295,-4.9943295,0,Stand,3.052495,,,,0->0:Exact,none; server owns swing cadence
375,6.168097,0.016559,Tick,live-sample,true,0xF13000000604A274,,server,,unchecked,unchecked,none,4.7997694,-4.9943295,-4.9943295,0,Stand,3.0690534,,,,0->0:Exact,none; server owns swing cadence
376,6.185550,0.017453,Tick,live-sample,true,0xF13000000604A274,,server,,unchecked,unchecked,none,4.7997694,-4.9943295,-4.9943295,0,Stand,3.0865064,,,,0->0:Exact,none; server owns swing cadence
377,6.201711,0.016161,Tick,live-sample,true,0xF13000000604A274,,server,,unchecked,unchecked,none,4.7997694,-4.9943295,-4.9943295,0,Stand,3.1026676,,,,0->0:Exact,none; server owns swing cadence
378,6.218197,0.016486,Tick,live-sample,true,0xF13000000604A274,,server,,unchecked,unchecked,none,4.7997694,-4.9943295,-4.9943295,0,Stand,3.1191535,,,,0->0:Exact,none; server owns swing cadence
379,6.234733,0.016536,Tick,live-sample,true,0xF13000000604A274,,server,,unchecked,unchecked,none,4.7997694,-4.9943295,-4.9943295,0,Stand,3.1356893,,,,0->0:Exact,none; server owns swing cadence
380,6.251481,0.016748,Tick,live-sample,true,0xF13000000604A274,,server,,unchecked,unchecked,none,4.7997694,-4.9943295,-4.9943295,0,Stand,3.152437,,,,0->0:Exact,none; server owns swing cadence
381,6.268353,0.016872,Tick,live-sample,true,0xF13000000604A274,,server,,unchecked,unchecked,none,4.7997694,-4.9943295,-4.9943295,0,Stand,3.1693087,,,,0->0:Exact,none; server owns swing cadence
382,6.284744,0.016391,Tick,live-sample,true,0xF13000000604A274,,server,,unchecked,unchecked,none,4.7997694,-4.9943295,-4.9943295,0,Stand,3.1857,,,,0->0:Exact,none; server owns swing cadence
383,6.301512,0.016768,Tick,live-sample,true,0xF13000000604A274,,server,,unchecked,unchecked,none,4.7997694,-4.9943295,-4.9943295,0,Stand,3.2024677,,,,0->0:Exact,none; server owns swing cadence
384,6.318332,0.016820,Tick,live-sample,true,0xF13000000604A274,,server,,unchecked,unchecked,none,4.7997694,-4.9943295,-4.9943295,0,Stand,3.2192876,,,,0->0:Exact,none; server owns swing cadence
385,6.334787,0.016455,Tick,live-sample,true,0xF13000000604A274,,server,,unchecked,unchecked,none,4.7997694,-4.9943295,-4.9943295,0,Stand,3.2357426,,,,0->0:Exact,none; server owns swing cadence
386,6.351315,0.016528,Tick,live-sample,true,0xF13000000604A274,,server,,unchecked,unchecked,none,4.7997694,-4.9943295,-4.9943295,0,Stand,3.252271,,,,0->0:Exact,none; server owns swing cadence
387,6.368405,0.017090,Tick,live-sample,true,0xF13000000604A274,,server,,unchecked,unchecked,none,4.7997694,-4.9943295,-4.9943295,0,Stand,3.2693605,,,,0->0:Exact,none; server owns swing cadence
388,6.384945,0.016540,Tick,live-sample,true,0xF13000000604A274,,server,,unchecked,unchecked,none,4.7997694,-4.9943295,-4.9943295,0,Stand,3.2859006,,,,0->0:Exact,none; server owns swing cadence
389,6.401578,0.016633,Tick,live-sample,true,0xF13000000604A274,,server,,unchecked,unchecked,none,4.7997694,-4.9943295,-4.9943295,0,Stand,3.302534,,,,0->0:Exact,none; server owns swing cadence
390,6.418155,0.016577,Tick,live-sample,true,0xF13000000604A274,,server,,unchecked,unchecked,none,4.7997694,-4.9943295,-4.9943295,0,Stand,3.3191116,,,,0->0:Exact,none; server owns swing cadence
391,6.434960,0.016805,Tick,live-sample,true,0xF13000000604A274,,server,,unchecked,unchecked,none,4.7997694,-4.9943295,-4.9943295,0,Stand,3.3359165,,,,0->0:Exact,none; server owns swing cadence
392,6.451641,0.016680,Tick,live-sample,true,0xF13000000604A274,,server,,unchecked,unchecked,none,4.7997694,-4.9943295,-4.9943295,0,Stand,3.3525968,,,,0->0:Exact,none; server owns swing cadence
393,6.468818,0.017178,Tick,live-sample,true,0xF13000000604A274,,server,,unchecked,unchecked,none,4.7997694,-4.9943295,-4.9943295,0,Stand,3.3697743,,,,0->0:Exact,none; server owns swing cadence
394,6.485492,0.016673,Tick,live-sample,true,0xF13000000604A274,,server,,unchecked,unchecked,none,4.7997694,-4.9943295,-4.9943295,0,Stand,3.3864477,,,,0->0:Exact,none; server owns swing cadence
395,6.501685,0.016193,Tick,live-sample,true,0xF13000000604A274,,server,,unchecked,unchecked,none,4.7997694,-4.9943295,-4.9943295,0,Stand,3.402641,,,,0->0:Exact,none; server owns swing cadence
396,6.518401,0.016716,Tick,live-sample,true,0xF13000000604A274,,server,,unchecked,unchecked,none,4.7997694,-4.9943295,-4.9943295,0,Stand,3.419357,,,,0->0:Exact,none; server owns swing cadence
397,6.535187,0.016786,Tick,live-sample,true,0xF13000000604A274,,server,,unchecked,unchecked,none,4.7997694,-4.9943295,-4.9943295,0,Stand,3.4361432,,,,0->0:Exact,none; server owns swing cadence
398,6.552014,0.016826,Tick,live-sample,true,0xF13000000604A274,,server,,unchecked,unchecked,none,4.7997694,-4.9943295,-4.9943295,0,Stand,3.4529696,,,,0->0:Exact,none; server owns swing cadence
399,6.568428,0.016414,Tick,live-sample,true,0xF13000000604A274,,server,,unchecked,unchecked,none,4.7997694,-4.9943295,-4.9943295,0,Stand,3.469384,,,,0->0:Exact,none; server owns swing cadence
400,6.585065,0.016637,Tick,live-sample,true,0xF13000000604A274,,server,,unchecked,unchecked,none,4.7997694,-4.9943295,-4.9943295,0,Stand,3.4860213,,,,0->0:Exact,none; server owns swing cadence
401,6.601634,0.016569,Tick,live-sample,true,0xF13000000604A274,,server,,unchecked,unchecked,none,4.7997694,-4.9943295,-4.9943295,0,Stand,3.5025904,,,,0->0:Exact,none; server owns swing cadence
402,6.618551,0.016917,Tick,live-sample,true,0xF13000000604A274,,server,,unchecked,unchecked,none,4.7997694,-4.9943295,-4.9943295,0,Stand,3.519507,,,,0->0:Exact,none; server owns swing cadence
403,6.635160,0.016609,Tick,live-sample,true,0xF13000000604A274,,server,,unchecked,unchecked,none,4.7997694,-4.9943295,-4.9943295,0,Stand,3.5361156,,,,0->0:Exact,none; server owns swing cadence
404,6.651869,0.016710,Tick,live-sample,true,0xF13000000604A274,,server,,unchecked,unchecked,none,4.7997694,-4.9943295,-4.9943295,0,Stand,3.5528252,,,,0->0:Exact,none; server owns swing cadence
405,6.668657,0.016787,Tick,live-sample,true,0xF13000000604A274,,server,,unchecked,unchecked,none,4.7997694,-4.9943295,-4.9943295,0,Stand,3.5696127,,,,0->0:Exact,none; server owns swing cadence
406,6.685398,0.016741,Tick,live-sample,true,0xF13000000604A274,,server,,unchecked,unchecked,none,4.7997694,-4.9943295,-4.9943295,0,Stand,3.5863535,,,,0->0:Exact,none; server owns swing cadence
407,6.701831,0.016433,Tick,live-sample,true,0xF13000000604A274,,server,,unchecked,unchecked,none,4.7997694,-4.9943295,-4.9943295,0,Stand,3.602787,,,,0->0:Exact,none; server owns swing cadence
408,6.718585,0.016754,Tick,live-sample,true,0xF13000000604A274,,server,,unchecked,unchecked,none,4.7997694,-4.9943295,-4.9943295,0,Stand,3.6195412,,,,0->0:Exact,none; server owns swing cadence
409,6.735214,0.016628,Tick,live-sample,true,0xF13000000604A274,,server,,unchecked,unchecked,none,4.7997694,-4.9943295,-4.9943295,0,Stand,3.6361694,,,,0->0:Exact,none; server owns swing cadence
410,6.752115,0.016901,Tick,live-sample,true,0xF13000000604A274,,server,,unchecked,unchecked,none,4.7997694,-4.9943295,-4.9943295,0,Stand,3.6530704,,,,0->0:Exact,none; server owns swing cadence
411,6.768694,0.016579,Tick,live-sample,true,0xF13000000604A274,,server,,unchecked,unchecked,none,4.7997694,-4.9943295,-4.9943295,0,Stand,3.6696496,,,,0->0:Exact,none; server owns swing cadence
412,6.785804,0.017110,Tick,live-sample,true,0xF13000000604A274,,server,,unchecked,unchecked,none,4.7997694,-4.9943295,-4.9943295,0,Stand,3.6867592,,,,0->0:Exact,none; server owns swing cadence
413,6.802295,0.016492,Tick,live-sample,true,0xF13000000604A274,,server,,unchecked,unchecked,none,4.7997694,-4.9943295,-4.9943295,0,Stand,3.7032511,,,,0->0:Exact,none; server owns swing cadence
414,6.818630,0.016335,Tick,live-sample,true,0xF13000000604A274,,server,,unchecked,unchecked,none,4.7997694,-4.9943295,-4.9943295,0,Stand,3.7195857,,,,0->0:Exact,none; server owns swing cadence
415,6.835596,0.016966,Tick,live-sample,true,0xF13000000604A274,,server,,unchecked,unchecked,none,4.7997694,-4.9943295,-4.9943295,0,Stand,3.736552,,,,0->0:Exact,none; server owns swing cadence
416,6.852022,0.016426,Tick,live-sample,true,0xF13000000604A274,,server,,unchecked,unchecked,none,4.7997694,-4.9943295,-4.9943295,0,Stand,3.7529776,,,,0->0:Exact,none; server owns swing cadence
417,6.869001,0.016979,Tick,live-sample,true,0xF13000000604A274,,server,,unchecked,unchecked,none,4.7997694,-4.9943295,-4.9943295,0,Stand,3.7699568,,,,0->0:Exact,none; server owns swing cadence
418,6.885452,0.016451,Tick,live-sample,true,0xF13000000604A274,,server,,unchecked,unchecked,none,4.7997694,-4.9943295,-4.9943295,0,Stand,3.7864082,,,,0->0:Exact,none; server owns swing cadence
419,6.902083,0.016631,Tick,live-sample,true,0xF13000000604A274,,server,,unchecked,unchecked,none,4.7997694,-4.9943295,-4.9943295,0,Stand,3.8030388,,,,0->0:Exact,none; server owns swing cadence
420,6.919218,0.017135,Tick,live-sample,true,0xF13000000604A274,,server,,unchecked,unchecked,none,4.7997694,-4.9943295,-4.9943295,0,Stand,3.8201737,,,,0->0:Exact,none; server owns swing cadence
421,6.935335,0.016118,Tick,live-sample,true,0xF13000000604A274,,server,,unchecked,unchecked,none,4.7997694,-4.9943295,-4.9943295,0,Stand,3.8362913,,,,0->0:Exact,none; server owns swing cadence
422,6.952034,0.016699,Tick,live-sample,true,0xF13000000604A274,,server,,unchecked,unchecked,none,4.7997694,-4.9943295,-4.9943295,0,Stand,3.8529904,,,,0->0:Exact,none; server owns swing cadence
423,6.968960,0.016926,Tick,live-sample,true,0xF13000000604A274,,server,,unchecked,unchecked,none,4.7997694,-4.9943295,-4.9943295,0,Stand,3.869916,,,,0->0:Exact,none; server owns swing cadence
424,6.985734,0.016774,Tick,live-sample,true,0xF13000000604A274,,server,,unchecked,unchecked,none,4.7997694,-4.9943295,-4.9943295,0,Stand,3.8866897,,,,0->0:Exact,none; server owns swing cadence
425,7.002251,0.016517,Tick,live-sample,true,0xF13000000604A274,,server,,unchecked,unchecked,none,4.7997694,-4.9943295,-4.9943295,0,Stand,3.9032066,,,,0->0:Exact,none; server owns swing cadence
426,7.018885,0.016634,Tick,live-sample,true,0xF13000000604A274,,server,,unchecked,unchecked,none,4.7997694,-4.9943295,-4.9943295,0,Stand,3.9198408,,,,0->0:Exact,none; server owns swing cadence
427,7.035515,0.016630,Tick,live-sample,true,0xF13000000604A274,,server,,unchecked,unchecked,none,4.7997694,-4.9943295,-4.9943295,0,Stand,3.9364712,,,,0->0:Exact,none; server owns swing cadence
428,7.052204,0.016689,Tick,live-sample,true,0xF13000000604A274,,server,,unchecked,unchecked,none,4.7997694,-4.9943295,-4.9943295,0,Stand,3.9531603,,,,0->0:Exact,none; server owns swing cadence
429,7.068950,0.016746,Tick,live-sample,true,0xF13000000604A274,,server,,unchecked,unchecked,none,4.7997694,-4.9943295,-4.9943295,0,Stand,3.969906,,,,0->0:Exact,none; server owns swing cadence
430,7.086107,0.017157,Tick,live-sample,true,0xF13000000604A274,,server,,unchecked,unchecked,none,4.7997694,-4.9943295,-4.9943295,0,Stand,3.9870627,,,,0->0:Exact,none; server owns swing cadence
431,7.102237,0.016130,Tick,live-sample,true,0xF13000000604A274,,server,,unchecked,unchecked,none,4.7997694,-4.9943295,-4.9943295,0,Stand,4.0031924,,,,0->0:Exact,none; server owns swing cadence
432,7.118996,0.016760,Tick,live-sample,true,0xF13000000604A274,,server,,unchecked,unchecked,none,4.7997694,-4.9943295,-4.9943295,0,Stand,4.0199523,,,,0->0:Exact,none; server owns swing cadence
433,7.135581,0.016585,Tick,live-sample,true,0xF13000000604A274,,server,,unchecked,unchecked,none,4.7997694,-4.9943295,-4.9943295,0,Stand,4.0365367,,,,0->0:Exact,none; server owns swing cadence
434,7.152155,0.016574,Tick,live-sample,true,0xF13000000604A274,,server,,unchecked,unchecked,none,4.7997694,-4.9943295,-4.9943295,0,Stand,4.0531106,,,,0->0:Exact,none; server owns swing cadence
435,7.168999,0.016844,Tick,live-sample,true,0xF13000000604A274,,server,,unchecked,unchecked,none,4.7997694,-4.9943295,-4.9943295,0,Stand,4.069955,,,,0->0:Exact,none; server owns swing cadence
436,7.185599,0.016600,Tick,live-sample,true,0xF13000000604A274,,server,,unchecked,unchecked,none,4.7997694,-4.9943295,-4.9943295,0,Stand,4.086555,,,,0->0:Exact,none; server owns swing cadence
437,7.202368,0.016769,Tick,live-sample,true,0xF13000000604A274,,server,,unchecked,unchecked,none,4.7997694,-4.9943295,-4.9943295,0,Stand,4.103324,,,,0->0:Exact,none; server owns swing cadence
438,7.219161,0.016793,Tick,live-sample,true,0xF13000000604A274,,server,,unchecked,unchecked,none,4.7997694,-4.9943295,-4.9943295,0,Stand,4.120117,,,,0->0:Exact,none; server owns swing cadence
439,7.235620,0.016459,Tick,live-sample,true,0xF13000000604A274,,server,,unchecked,unchecked,none,4.7997694,-4.9943295,-4.9943295,0,Stand,4.136576,,,,0->0:Exact,none; server owns swing cadence
440,7.252394,0.016774,Tick,live-sample,true,0xF13000000604A274,,server,,unchecked,unchecked,none,4.7997694,-4.9943295,-4.9943295,0,Stand,4.15335,,,,0->0:Exact,none; server owns swing cadence
441,7.269116,0.016721,Tick,live-sample,true,0xF13000000604A274,,server,,unchecked,unchecked,none,4.7997694,-4.9943295,-4.9943295,0,Stand,4.170071,,,,0->0:Exact,none; server owns swing cadence
442,7.285521,0.016405,Tick,live-sample,true,0xF13000000604A274,,server,,unchecked,unchecked,none,4.7997694,-4.9943295,-4.9943295,0,Stand,4.186476,,,,0->0:Exact,none; server owns swing cadence
443,7.302299,0.016778,Tick,live-sample,true,0xF13000000604A274,,server,,unchecked,unchecked,none,4.7997694,-4.9943295,-4.9943295,0,Stand,4.2032537,,,,0->0:Exact,none; server owns swing cadence
444,7.319175,0.016876,Tick,live-sample,true,0xF13000000604A274,,server,,unchecked,unchecked,none,4.7997694,-4.9943295,-4.9943295,0,Stand,4.22013,,,,0->0:Exact,none; server owns swing cadence
445,7.335584,0.016409,Tick,live-sample,true,0xF13000000604A274,,server,,unchecked,unchecked,none,4.7997694,-4.9943295,-4.9943295,0,Stand,4.2365394,,,,0->0:Exact,none; server owns swing cadence
446,7.352684,0.017100,Tick,live-sample,true,0xF13000000604A274,,server,,unchecked,unchecked,none,4.7997694,-4.9943295,-4.9943295,0,Stand,4.2536397,,,,0->0:Exact,none; server owns swing cadence
447,7.369192,0.016508,Tick,live-sample,true,0xF13000000604A274,,server,,unchecked,unchecked,none,4.7997694,-4.9943295,-4.9943295,0,Stand,4.270148,,,,0->0:Exact,none; server owns swing cadence
448,7.386199,0.017007,Tick,live-sample,true,0xF13000000604A274,,server,,unchecked,unchecked,none,4.7997694,-4.9943295,-4.9943295,0,Stand,4.287154,,,,0->0:Exact,none; server owns swing cadence
449,7.402244,0.016045,Tick,live-sample,true,0xF13000000604A274,,server,,unchecked,unchecked,none,4.7997694,-4.9943295,-4.9943295,0,Stand,4.303199,,,,0->0:Exact,none; server owns swing cadence
450,7.419121,0.016878,Tick,live-sample,true,0xF13000000604A274,,server,,unchecked,unchecked,none,4.7997694,-4.9943295,-4.9943295,0,Stand,4.3200765,,,,0->0:Exact,none; server owns swing cadence
451,7.435865,0.016744,Tick,live-sample,true,0xF13000000604A274,,server,,unchecked,unchecked,none,4.7997694,-4.9943295,-4.9943295,0,Stand,4.3368206,,,,0->0:Exact,none; server owns swing cadence
452,7.452601,0.016735,Tick,live-sample,true,0xF13000000604A274,,server,,unchecked,unchecked,none,4.7997694,-4.9943295,-4.9943295,0,Stand,4.3535557,,,,0->0:Exact,none; server owns swing cadence
453,7.469581,0.016981,Tick,live-sample,true,0xF13000000604A274,,server,,unchecked,unchecked,none,4.7997694,-4.9943295,-4.9943295,0,Stand,4.3705363,,,,0->0:Exact,none; server owns swing cadence
454,7.485963,0.016382,Tick,live-sample,true,0xF13000000604A274,,server,,unchecked,unchecked,none,4.7997694,-4.9943295,-4.9943295,0,Stand,4.386918,,,,0->0:Exact,none; server owns swing cadence
455,7.502948,0.016985,Tick,live-sample,true,0xF13000000604A274,,server,,unchecked,unchecked,none,4.7997694,-4.9943295,-4.9943295,0,Stand,4.4039035,,,,0->0:Exact,none; server owns swing cadence
456,7.519643,0.016695,Tick,live-sample,true,0xF13000000604A274,,server,,unchecked,unchecked,none,4.7997694,-4.9943295,-4.9943295,0,Stand,4.4205985,,,,0->0:Exact,none; server owns swing cadence
457,7.535848,0.016205,Tick,live-sample,true,0xF13000000604A274,,server,,unchecked,unchecked,none,4.7997694,-4.9943295,-4.9943295,0,Stand,4.436804,,,,0->0:Exact,none; server owns swing cadence
458,7.552767,0.016919,Tick,live-sample,true,0xF13000000604A274,,server,,unchecked,unchecked,none,4.7997694,-4.9943295,-4.9943295,0,Stand,4.4537225,,,,0->0:Exact,none; server owns swing cadence
459,7.569678,0.016911,Tick,live-sample,true,0xF13000000604A274,,server,,unchecked,unchecked,none,4.7997694,-4.9943295,-4.9943295,0,Stand,4.4706335,,,,0->0:Exact,none; server owns swing cadence
460,7.586308,0.016630,Tick,live-sample,true,0xF13000000604A274,,server,,unchecked,unchecked,none,4.7997694,-4.9943295,-4.9943295,0,Stand,4.487263,,,,0->0:Exact,none; server owns swing cadence
461,7.602801,0.016494,Tick,live-sample,true,0xF13000000604A274,,server,,unchecked,unchecked,none,4.7997694,-4.9943295,-4.9943295,0,Stand,4.503757,,,,0->0:Exact,none; server owns swing cadence
462,7.619445,0.016644,Tick,live-sample,true,0xF13000000604A274,,server,,unchecked,unchecked,none,4.7997694,-4.9943295,-4.9943295,0,Stand,4.520401,,,,0->0:Exact,none; server owns swing cadence
463,7.636164,0.016719,Tick,live-sample,true,0xF13000000604A274,,server,,unchecked,unchecked,none,4.7997694,-4.9943295,-4.9943295,0,Stand,4.5371203,,,,0->0:Exact,none; server owns swing cadence
464,7.652957,0.016793,Tick,live-sample,true,0xF13000000604A274,,server,,unchecked,unchecked,none,4.7997694,-4.9943295,-4.9943295,0,Stand,4.5539126,,,,0->0:Exact,none; server owns swing cadence
465,7.669640,0.016683,Tick,live-sample,true,0xF13000000604A274,,server,,unchecked,unchecked,none,4.7997694,-4.9943295,-4.9943295,0,Stand,4.5705957,,,,0->0:Exact,none; server owns swing cadence
466,7.686777,0.017137,Tick,live-sample,true,0xF13000000604A274,,server,,unchecked,unchecked,none,4.7997694,-4.9943295,-4.9943295,0,Stand,4.587733,,,,0->0:Exact,none; server owns swing cadence
467,7.702869,0.016092,Tick,live-sample,true,0xF13000000604A274,,server,,unchecked,unchecked,none,4.7997694,-4.9943295,-4.9943295,0,Stand,4.603825,,,,0->0:Exact,none; server owns swing cadence
468,7.719436,0.016567,Tick,live-sample,true,0xF13000000604A274,,server,,unchecked,unchecked,none,4.7997694,-4.9943295,-4.9943295,0,Stand,4.6203923,,,,0->0:Exact,none; server owns swing cadence
469,7.736424,0.016987,Tick,live-sample,true,0xF13000000604A274,,server,,unchecked,unchecked,none,4.7997694,-4.9943295,-4.9943295,0,Stand,4.6373796,,,,0->0:Exact,none; server owns swing cadence
470,7.752897,0.016473,Tick,live-sample,true,0xF13000000604A274,,server,,unchecked,unchecked,none,4.7997694,-4.9943295,-4.9943295,0,Stand,4.653853,,,,0->0:Exact,none; server owns swing cadence
471,7.769677,0.016780,Tick,live-sample,true,0xF13000000604A274,,server,,unchecked,unchecked,none,4.7997694,-4.9943295,-4.9943295,0,Stand,4.670633,,,,0->0:Exact,none; server owns swing cadence
472,7.786231,0.016555,Tick,live-sample,true,0xF13000000604A274,,server,,unchecked,unchecked,none,4.7997694,-4.9943295,-4.9943295,0,Stand,4.6871877,,,,0->0:Exact,none; server owns swing cadence
473,7.802791,0.016560,Tick,live-sample,true,0xF13000000604A274,,server,,unchecked,unchecked,none,4.7997694,-4.9943295,-4.9943295,0,Stand,4.7037477,,,,0->0:Exact,none; server owns swing cadence
474,7.819469,0.016677,Tick,live-sample,true,0xF13000000604A274,,server,,unchecked,unchecked,none,4.7997694,-4.9943295,-4.9943295,0,Stand,4.720425,,,,0->0:Exact,none; server owns swing cadence
475,7.836104,0.016635,Tick,live-sample,true,0xF13000000604A274,,server,,unchecked,unchecked,none,4.7997694,-4.9943295,-4.9943295,0,Stand,4.7370605,,,,0->0:Exact,none; server owns swing cadence
476,7.852910,0.016806,Tick,live-sample,true,0xF13000000604A274,,server,,unchecked,unchecked,none,4.7997694,-4.9943295,-4.9943295,0,Stand,4.7538667,,,,0->0:Exact,none; server owns swing cadence
477,7.869590,0.016680,Tick,live-sample,true,0xF13000000604A274,,server,,unchecked,unchecked,none,4.7997694,-4.9943295,-4.9943295,0,Stand,4.7705464,,,,0->0:Exact,none; server owns swing cadence
478,7.886356,0.016767,Tick,live-sample,true,0xF13000000604A274,,server,,unchecked,unchecked,none,4.7997694,-4.9943295,-4.9943295,0,Stand,4.7873135,,,,0->0:Exact,none; server owns swing cadence
479,7.902886,0.016529,Tick,live-sample,true,0xF13000000604A274,,server,,unchecked,unchecked,none,4.7997694,-4.9943295,-4.9943295,0,Stand,4.8038425,,,,0->0:Exact,none; server owns swing cadence
480,7.919704,0.016818,Tick,live-sample,true,0xF13000000604A274,,server,,unchecked,unchecked,none,4.7997694,-4.9943295,-4.9943295,0,Stand,4.8206606,,,,0->0:Exact,none; server owns swing cadence
481,7.936034,0.016331,Tick,live-sample,true,0xF13000000604A274,,server,,unchecked,unchecked,none,4.7997694,-4.9943295,-4.9943295,0,Stand,4.8369913,,,,0->0:Exact,none; server owns swing cadence
482,7.952914,0.016880,Tick,live-sample,true,0xF13000000604A274,,server,,unchecked,unchecked,none,4.7997694,-4.9943295,-4.9943295,0,Stand,4.853871,,,,0->0:Exact,none; server owns swing cadence
483,7.969879,0.016965,Tick,live-sample,true,0xF13000000604A274,,server,,unchecked,unchecked,none,4.7997694,-4.9943295,-4.9943295,0,Stand,4.870836,,,,0->0:Exact,none; server owns swing cadence
484,7.986802,0.016923,Tick,live-sample,true,0xF13000000604A274,,server,,unchecked,unchecked,none,4.7997694,-4.9943295,-4.9943295,0,Stand,4.887759,,,,0->0:Exact,none; server owns swing cadence
485,8.003001,0.016199,Tick,live-sample,true,0xF13000000604A274,,server,,unchecked,unchecked,none,4.7997694,-4.9943295,-4.9943295,0,Stand,4.903959,,,,0->0:Exact,none; server owns swing cadence
486,8.019564,0.016562,Tick,live-sample,true,0xF13000000604A274,,server,,unchecked,unchecked,none,4.7997694,-4.9943295,-4.9943295,0,Stand,4.9205213,,,,0->0:Exact,none; server owns swing cadence
487,8.036488,0.016924,Tick,live-sample,true,0xF13000000604A274,,server,,unchecked,unchecked,none,4.7997694,-4.9943295,-4.9943295,0,Stand,4.9374456,,,,0->0:Exact,none; server owns swing cadence
488,8.052994,0.016506,Tick,live-sample,true,0xF13000000604A274,,server,,unchecked,unchecked,none,4.7997694,-4.9943295,-4.9943295,0,Stand,4.9539514,,,,0->0:Exact,none; server owns swing cadence
489,8.069640,0.016646,Tick,live-sample,true,0xF13000000604A274,,server,,unchecked,unchecked,none,4.7997694,-4.9943295,-4.9943295,0,Stand,4.9705973,,,,0->0:Exact,none; server owns swing cadence
490,8.086271,0.016631,Tick,live-sample,true,0xF13000000604A274,,server,,unchecked,unchecked,none,4.7997694,-4.9943295,-4.9943295,0,Stand,4.987228,,,,0->0:Exact,none; server owns swing cadence
491,8.103061,0.016791,Tick,live-sample,true,0xF13000000604A274,,server,,unchecked,unchecked,none,4.7997694,-4.9943295,-4.9943295,0,Stand,5.0040183,,,,0->0:Exact,none; server owns swing cadence
492,8.119691,0.016630,Tick,live-sample,true,0xF13000000604A274,,server,,unchecked,unchecked,none,4.7997694,-4.9943295,-4.9943295,0,Stand,5.020648,,,,0->0:Exact,none; server owns swing cadence
493,8.136334,0.016643,Tick,live-sample,true,0xF13000000604A274,,server,,unchecked,unchecked,none,4.7997694,-4.9943295,-4.9943295,0,Stand,5.037291,,,,0->0:Exact,none; server owns swing cadence
494,8.152949,0.016615,Tick,live-sample,true,0xF13000000604A274,,server,,unchecked,unchecked,none,4.7997694,-4.9943295,-4.9943295,0,Stand,5.053906,,,,0->0:Exact,none; server owns swing cadence
495,8.169796,0.016847,Tick,live-sample,true,0xF13000000604A274,,server,,unchecked,unchecked,none,4.7997694,-4.9943295,-4.9943295,0,Stand,5.0707526,,,,0->0:Exact,none; server owns swing cadence
496,8.186532,0.016736,Tick,live-sample,true,0xF13000000604A274,,server,,unchecked,unchecked,none,4.7997694,-4.9943295,-4.9943295,0,Stand,5.087489,,,,0->0:Exact,none; server owns swing cadence
497,8.203238,0.016706,Tick,live-sample,true,0xF13000000604A274,,server,,unchecked,unchecked,none,4.7997694,-4.9943295,-4.9943295,0,Stand,5.104195,,,,0->0:Exact,none; server owns swing cadence
498,8.219761,0.016523,Tick,live-sample,true,0xF13000000604A274,,server,,unchecked,unchecked,none,4.7997694,-4.9943295,-4.9943295,0,Stand,5.120718,,,,0->0:Exact,none; server owns swing cadence
499,8.236494,0.016733,Tick,live-sample,true,0xF13000000604A274,,server,,unchecked,unchecked,none,4.7997694,-4.9943295,-4.9943295,0,Stand,5.137451,,,,0->0:Exact,none; server owns swing cadence
500,8.253085,0.016592,Tick,live-sample,true,0xF13000000604A274,,server,,unchecked,unchecked,none,4.7997694,-4.9943295,-4.9943295,0,Stand,5.1540427,,,,0->0:Exact,none; server owns swing cadence
501,8.270041,0.016956,Tick,live-sample,true,0xF13000000604A274,,server,,unchecked,unchecked,none,4.7997694,-4.9943295,-4.9943295,0,Stand,5.1709986,,,,0->0:Exact,none; server owns swing cadence
502,8.287126,0.017085,Tick,live-sample,true,0xF13000000604A274,,server,,unchecked,unchecked,none,4.7997694,-4.9943295,-4.9943295,0,Stand,5.188083,,,,0->0:Exact,none; server owns swing cadence
503,8.303265,0.016139,Tick,live-sample,true,0xF13000000604A274,,server,,unchecked,unchecked,none,4.7997694,-4.9943295,-4.9943295,0,Stand,5.204222,,,,0->0:Exact,none; server owns swing cadence
504,8.319813,0.016548,Tick,live-sample,true,0xF13000000604A274,,server,,unchecked,unchecked,none,4.7997694,-4.9943295,-4.9943295,0,Stand,5.22077,,,,0->0:Exact,none; server owns swing cadence
505,8.336507,0.016694,Tick,live-sample,true,0xF13000000604A274,,server,,unchecked,unchecked,none,4.7997694,-4.9943295,-4.9943295,0,Stand,5.237464,,,,0->0:Exact,none; server owns swing cadence
506,8.353074,0.016567,Tick,live-sample,true,0xF13000000604A274,,server,,unchecked,unchecked,none,4.7997694,-4.9943295,-4.9943295,0,Stand,5.254031,,,,0->0:Exact,none; server owns swing cadence
507,8.369839,0.016765,Tick,live-sample,true,0xF13000000604A274,,server,,unchecked,unchecked,none,4.7997694,-4.9943295,-4.9943295,0,Stand,5.270796,,,,0->0:Exact,none; server owns swing cadence
508,8.386832,0.016993,Tick,live-sample,true,0xF13000000604A274,,server,,unchecked,unchecked,none,4.7997694,-4.9943295,-4.9943295,0,Stand,5.287789,,,,0->0:Exact,none; server owns swing cadence
509,8.403626,0.016794,Tick,live-sample,true,0xF13000000604A274,,server,,unchecked,unchecked,none,4.7997694,-4.9943295,-4.9943295,0,Stand,5.3045826,,,,0->0:Exact,none; server owns swing cadence
510,8.420276,0.016650,Tick,live-sample,true,0xF13000000604A274,,server,,unchecked,unchecked,none,4.7997694,-4.9943295,-4.9943295,0,Stand,5.321233,,,,0->0:Exact,none; server owns swing cadence
511,8.436552,0.016277,Tick,live-sample,true,0xF13000000604A274,,server,,unchecked,unchecked,none,4.7997694,-4.9943295,-4.9943295,0,Stand,5.3375096,,,,0->0:Exact,none; server owns swing cadence
512,8.453283,0.016731,Tick,live-sample,true,0xF13000000604A274,,server,,unchecked,unchecked,none,4.7997694,-4.9943295,-4.9943295,0,Stand,5.3542404,,,,0->0:Exact,none; server owns swing cadence
513,8.469962,0.016679,Tick,live-sample,true,0xF13000000604A274,,server,,unchecked,unchecked,none,4.7997694,-4.9943295,-4.9943295,0,Stand,5.370919,,,,0->0:Exact,none; server owns swing cadence
514,8.486699,0.016736,Tick,live-sample,true,0xF13000000604A274,,server,,unchecked,unchecked,none,4.7997694,-4.9943295,-4.9943295,0,Stand,5.3876557,,,,0->0:Exact,none; server owns swing cadence
515,8.503290,0.016591,Tick,live-sample,true,0xF13000000604A274,,server,,unchecked,unchecked,none,4.7997694,-4.9943295,-4.9943295,0,Stand,5.404247,,,,0->0:Exact,none; server owns swing cadence
516,8.520001,0.016712,Tick,live-sample,true,0xF13000000604A274,,server,,unchecked,unchecked,none,4.7997694,-4.9943295,-4.9943295,0,Stand,5.4209585,,,,0->0:Exact,none; server owns swing cadence
517,8.536791,0.016789,Tick,live-sample,true,0xF13000000604A274,,server,,unchecked,unchecked,none,4.7997694,-4.9943295,-4.9943295,0,Stand,5.437748,,,,0->0:Exact,none; server owns swing cadence
518,8.553376,0.016586,Tick,live-sample,true,0xF13000000604A274,,server,,unchecked,unchecked,none,4.7997694,-4.9943295,-4.9943295,0,Stand,5.454334,,,,0->0:Exact,none; server owns swing cadence
519,8.570084,0.016707,Tick,live-sample,true,0xF13000000604A274,,server,,unchecked,unchecked,none,4.7997694,-4.9943295,-4.9943295,0,Stand,5.4710407,,,,0->0:Exact,none; server owns swing cadence
520,8.587294,0.017211,Tick,live-sample,true,0xF13000000604A274,,server,,unchecked,unchecked,none,4.7997694,-4.9943295,-4.9943295,0,Stand,5.4882517,,,,0->0:Exact,none; server owns swing cadence
521,8.603430,0.016135,Tick,live-sample,true,0xF13000000604A274,,server,,unchecked,unchecked,none,4.7997694,-4.9943295,-4.9943295,0,Stand,5.504387,,,,0->0:Exact,none; server owns swing cadence
522,8.620073,0.016643,Tick,live-sample,true,0xF13000000604A274,,server,,unchecked,unchecked,none,4.759591,-4.9973445,-4.9973445,0,Stand,5.5210304,,,,0->0:Exact,none; server owns swing cadence
523,8.636799,0.016726,Tick,live-sample,true,0xF13000000604A274,,server,,unchecked,unchecked,none,4.7200675,-5.000572,-5.000572,0,Stand,5.537756,,,,0->0:Exact,none; server owns swing cadence
524,8.653525,0.016726,Tick,live-sample,true,0xF13000000604A274,,server,,unchecked,unchecked,none,4.6799808,-5.0036926,-5.0036926,0,Stand,5.554482,,,,0->0:Exact,none; server owns swing cadence
525,8.670080,0.016555,Tick,live-sample,true,0xF13000000604A274,,server,,unchecked,unchecked,none,4.6424046,-5.006706,-5.006706,0,Stand,5.5710373,,,,0->0:Exact,none; server owns swing cadence
526,8.686781,0.016701,Tick,live-sample,true,0xF13000000604A274,,server,,unchecked,unchecked,none,4.603027,-5.0100965,-5.0100965,0,Stand,5.587738,,,,0->0:Exact,none; server owns swing cadence
527,8.703420,0.016640,Tick,live-sample,true,0xF13000000604A274,,server,,unchecked,unchecked,none,4.5655417,-5.0132146,-5.0132146,0,Stand,5.6043777,,,,0->0:Exact,none; server owns swing cadence
528,8.720190,0.016770,Tick,live-sample,true,0xF13000000604A274,,server,,unchecked,unchecked,none,4.5256453,-5.016553,-5.016553,0,Stand,5.621147,,,,0->0:Exact,none; server owns swing cadence
529,8.736889,0.016700,Tick,live-sample,true,0xF13000000604A274,,server,,unchecked,unchecked,none,4.4858003,-5.01995,-5.01995,0,Stand,5.6378465,,,,0->0:Exact,none; server owns swing cadence
530,8.753670,0.016780,Tick,live-sample,true,0xF13000000604A274,,server,,unchecked,unchecked,none,4.4466352,-5.0235767,-5.0235767,0,Stand,5.654627,,,,0->0:Exact,none; server owns swing cadence
531,8.770234,0.016564,Tick,live-sample,true,0xF13000000604A274,,server,,unchecked,unchecked,none,4.409348,-5.0269194,-5.0269194,0,Stand,5.6711907,,,,0->0:Exact,none; server owns swing cadence
532,8.786809,0.016576,Tick,live-sample,true,0xF13000000604A274,,server,,unchecked,unchecked,none,4.369665,-5.0305014,-5.0305014,0,Stand,5.6877666,,,,0->0:Exact,none; server owns swing cadence
533,8.803500,0.016691,Tick,live-sample,true,0xF13000000604A274,,server,,unchecked,unchecked,none,4.330675,-5.034321,-5.034321,0,Stand,5.7044578,,,,0->0:Exact,none; server owns swing cadence
534,8.820339,0.016839,Tick,live-sample,true,0xF13000000604A274,,server,,unchecked,unchecked,none,4.2935505,-5.0378466,-5.0378466,0,Stand,5.721297,,,,0->0:Exact,none; server owns swing cadence
535,8.837221,0.016882,Tick,live-sample,true,0xF13000000604A274,,server,,unchecked,unchecked,none,4.254043,-5.041628,-5.041628,0,Stand,5.7381787,,,,0->0:Exact,none; server owns swing cadence
536,8.853768,0.016547,Tick,live-sample,true,0xF13000000604A274,,server,,unchecked,unchecked,none,4.214598,-5.04548,-5.04548,0,Stand,5.7547255,,,,0->0:Exact,none; server owns swing cadence
537,8.870368,0.016601,Tick,live-sample,true,0xF13000000604A274,,server,,unchecked,unchecked,none,4.1782937,-5.0493774,-5.0493774,0,Stand,5.771326,,,,0->0:Exact,none; server owns swing cadence
538,8.887574,0.017205,Tick,live-sample,true,0xF13000000604A274,,server,,unchecked,unchecked,none,4.136562,-5.0535784,-5.0535784,0,Stand,5.7885313,,,,0->0:Exact,none; server owns swing cadence
539,8.903679,0.016105,Tick,live-sample,true,0xF13000000604A274,,server,,unchecked,unchecked,none,4.0997396,-5.0574446,-5.0574446,0,Stand,5.8046365,,,,0->0:Exact,none; server owns swing cadence
540,8.920364,0.016685,Tick,live-sample,true,0xF13000000604A274,,server,,unchecked,unchecked,none,4.0629687,-5.0613832,-5.0613832,0,Stand,5.821322,,,,0->0:Exact,none; server owns swing cadence
541,8.937054,0.016690,Tick,live-sample,true,0xF13000000604A274,,server,,unchecked,unchecked,none,4.0245266,-5.0657873,-5.0657873,0,Stand,5.8380117,,,,0->0:Exact,none; server owns swing cadence
542,8.953586,0.016532,Tick,live-sample,true,0xF13000000604A274,,server,,unchecked,unchecked,none,3.9854908,-5.0700994,-5.0700994,0,Stand,5.854544,,,,0->0:Exact,none; server owns swing cadence
543,8.970409,0.016823,Tick,live-sample,true,0xF13000000604A274,,server,,unchecked,unchecked,none,3.948939,-5.074267,-5.074267,0,Stand,5.871367,,,,0->0:Exact,none; server owns swing cadence
544,8.987122,0.016713,Tick,live-sample,true,0xF13000000604A274,,server,,unchecked,unchecked,none,3.9107208,-5.0789285,-5.0789285,0,Stand,5.88808,,,,0->0:Exact,none; server owns swing cadence
545,9.003660,0.016538,Tick,live-sample,true,0xF13000000604A274,,server,,unchecked,unchecked,none,3.871918,-5.083499,-5.083499,0,Stand,5.904618,,,,0->0:Exact,none; server owns swing cadence
546,9.020394,0.016734,Tick,live-sample,true,0xF13000000604A274,,server,,unchecked,unchecked,none,3.835593,-5.0879173,-5.0879173,0,Stand,5.9213524,,,,0->0:Exact,none; server owns swing cadence
547,9.037210,0.016816,Tick,live-sample,true,0xF13000000604A274,,server,,unchecked,unchecked,none,3.7969532,-5.0926695,-5.0926695,0,Stand,5.9381685,,,,0->0:Exact,none; server owns swing cadence
548,9.053775,0.016565,Tick,live-sample,true,0xF13000000604A274,,server,,unchecked,unchecked,none,3.759082,-5.097706,-5.097706,0,Stand,5.9547334,,,,0->0:Exact,none; server owns swing cadence
549,9.070468,0.016693,Tick,live-sample,true,0xF13000000604A274,,server,,unchecked,unchecked,none,3.723005,-5.102396,-5.102396,0,Stand,5.971426,,,,0->0:Exact,none; server owns swing cadence
550,9.087117,0.016650,Tick,live-sample,true,0xF13000000604A274,,server,,unchecked,unchecked,none,3.6846344,-5.107445,-5.107445,0,Stand,5.9880757,,,,0->0:Exact,none; server owns swing cadence
551,9.103815,0.016697,Tick,live-sample,true,0xF13000000604A274,,server,,unchecked,unchecked,none,3.6470516,-5.112788,-5.112788,0,Stand,6.004773,,,,0->0:Exact,none; server owns swing cadence
552,9.120406,0.016591,Tick,live-sample,true,0xF13000000604A274,,server,,unchecked,unchecked,none,3.611246,-5.117774,-5.117774,0,Stand,6.021364,,,,0->0:Exact,none; server owns swing cadence
553,9.137083,0.016678,Tick,live-sample,true,0xF13000000604A274,,server,,unchecked,unchecked,none,3.5731707,-5.123145,-5.123145,0,Stand,6.0380416,,,,0->0:Exact,none; server owns swing cadence
554,9.153791,0.016708,Tick,live-sample,true,0xF13000000604A274,,server,,unchecked,unchecked,none,3.5352006,-5.1286316,-5.1286316,0,Stand,6.0547495,,,,0->0:Exact,none; server owns swing cadence
555,9.170536,0.016745,Tick,live-sample,true,0xF13000000604A274,,server,,unchecked,unchecked,none,3.4980457,-5.13443,-5.13443,0,Stand,6.071494,,,,0->0:Exact,none; server owns swing cadence
556,9.187799,0.017263,Tick,live-sample,true,0xF13000000604A274,,server,,unchecked,unchecked,none,3.4603004,-5.1401587,-5.1401587,0,Stand,6.088757,,,,0->0:Exact,none; server owns swing cadence
557,9.203931,0.016133,Tick,live-sample,true,0xF13000000604A274,,server,,unchecked,unchecked,none,3.425009,-5.1456995,-5.1456995,0,Stand,6.10489,,,,0->0:Exact,none; server owns swing cadence
558,9.220904,0.016973,Tick,live-sample,true,0xF13000000604A274,,server,,unchecked,unchecked,none,3.3882115,-5.1518726,-5.1518726,0,Stand,6.1218624,,,,0->0:Exact,none; server owns swing cadence
559,9.237308,0.016404,Tick,live-sample,true,0xF13000000604A274,,server,,unchecked,unchecked,none,3.353148,-5.1576552,-5.1576552,0,Stand,6.1382666,,,,0->0:Exact,none; server owns swing cadence
560,9.253917,0.016609,Tick,live-sample,true,0xF13000000604A274,,server,,unchecked,unchecked,none,3.315881,-5.163897,-5.163897,0,Stand,6.1548753,,,,0->0:Exact,none; server owns swing cadence
561,9.270689,0.016772,Tick,live-sample,true,0xF13000000604A274,,server,,unchecked,unchecked,none,3.2787464,-5.1702805,-5.1702805,0,Stand,6.171647,,,,0->0:Exact,none; server owns swing cadence
562,9.287315,0.016626,Tick,live-sample,true,0xF13000000604A274,,server,,unchecked,unchecked,none,3.2447858,-5.176654,-5.176654,0,Stand,6.188273,,,,0->0:Exact,none; server owns swing cadence
563,9.303893,0.016578,Tick,live-sample,true,0xF13000000604A274,,server,,unchecked,unchecked,none,3.2079258,-5.183326,-5.183326,0,Stand,6.204851,,,,0->0:Exact,none; server owns swing cadence
564,9.320590,0.016697,Tick,live-sample,true,0xF13000000604A274,,server,,unchecked,unchecked,none,3.1712117,-5.190152,-5.190152,0,Stand,6.221548,,,,0->0:Exact,none; server owns swing cadence
565,9.337161,0.016570,Tick,live-sample,true,0xF13000000604A274,,server,,unchecked,unchecked,none,3.1369286,-5.1967573,-5.1967573,0,Stand,6.2381186,,,,0->0:Exact,none; server owns swing cadence
566,9.354180,0.017019,Tick,live-sample,true,0xF13000000604A274,,server,,unchecked,unchecked,none,3.1012654,-5.2040997,-5.2040997,0,Stand,6.2551374,,,,0->0:Exact,none; server owns swing cadence
567,9.370797,0.016618,Tick,live-sample,true,0xF13000000604A274,,server,,unchecked,unchecked,none,3.065017,-5.21141,-5.21141,0,Stand,6.271755,,,,0->0:Exact,none; server owns swing cadence
568,9.387584,0.016787,Tick,live-sample,true,0xF13000000604A274,,server,,unchecked,unchecked,none,3.0289364,-5.218895,-5.218895,0,Stand,6.288542,,,,0->0:Exact,none; server owns swing cadence
569,9.403793,0.016209,Tick,live-sample,true,0xF13000000604A274,,server,,unchecked,unchecked,none,2.9960384,-5.226342,-5.226342,0,Stand,6.3047514,,,,0->0:Exact,none; server owns swing cadence
570,9.421096,0.017303,Tick,live-sample,true,0xF13000000604A274,,server,,unchecked,unchecked,none,2.9603064,-5.2341824,-5.2341824,0,Stand,6.322054,,,,0->0:Exact,none; server owns swing cadence
571,9.437297,0.016201,Tick,live-sample,true,0xF13000000604A274,,server,,unchecked,unchecked,none,2.9269843,-5.2417717,-5.2417717,0,Stand,6.338255,,,,0->0:Exact,none; server owns swing cadence
572,9.454133,0.016835,Tick,live-sample,true,0xF13000000604A274,,server,,unchecked,unchecked,none,2.8916214,-5.2499886,-5.2499886,0,Stand,6.35509,,,,0->0:Exact,none; server owns swing cadence
573,9.470937,0.016804,Tick,live-sample,true,0xF13000000604A274,,server,,unchecked,unchecked,none,2.857243,-5.2586117,-5.2586117,0,Stand,6.371895,,,,0->0:Exact,none; server owns swing cadence
574,9.488185,0.017248,Tick,live-sample,true,0xF13000000604A274,,server,,unchecked,unchecked,none,2.8222926,-5.2672405,-5.2672405,0,Stand,6.389143,,,,0->0:Exact,none; server owns swing cadence
575,9.504073,0.015888,Tick,live-sample,true,0xF13000000604A274,,server,,unchecked,unchecked,none,2.789736,-5.2755947,-5.2755947,0,Stand,6.4050307,,,,0->0:Exact,none; server owns swing cadence
576,9.520878,0.016805,Tick,live-sample,true,0xF13000000604A274,,server,,unchecked,unchecked,none,2.7560117,-5.284852,-5.284852,0,Stand,6.421836,,,,0->0:Exact,none; server owns swing cadence
577,9.537428,0.016550,Tick,live-sample,true,0xF13000000604A274,,server,,unchecked,unchecked,none,2.7238777,-5.2936172,-5.2936172,0,Stand,6.438386,,,,0->0:Exact,none; server owns swing cadence
578,9.554366,0.016938,Tick,live-sample,true,0xF13000000604A274,,server,,unchecked,unchecked,none,2.6898177,-5.303122,-5.303122,0,Stand,6.4553237,,,,0->0:Exact,none; server owns swing cadence
579,9.571074,0.016708,Tick,live-sample,true,0xF13000000604A274,,server,,unchecked,unchecked,none,2.6560066,-5.3128695,-5.3128695,0,Stand,6.472032,,,,0->0:Exact,none; server owns swing cadence
580,9.587561,0.016487,Tick,live-sample,true,0xF13000000604A274,,server,,unchecked,unchecked,none,2.623275,-5.3230696,-5.3230696,0,Stand,6.4885187,,,,0->0:Exact,none; server owns swing cadence
581,9.604169,0.016609,Tick,live-sample,true,0xF13000000604A274,,server,,unchecked,unchecked,none,2.5920937,-5.3327494,-5.3327494,0,Stand,6.5051274,,,,0->0:Exact,none; server owns swing cadence
582,9.620983,0.016813,Tick,live-sample,true,0xF13000000604A274,,server,,unchecked,unchecked,none,2.5590796,-5.343254,-5.343254,0,Stand,6.5219407,,,,0->0:Exact,none; server owns swing cadence
583,9.637547,0.016565,Tick,live-sample,true,0xF13000000604A274,,server,,unchecked,unchecked,none,2.5271995,-5.354227,-5.354227,0,Stand,6.538505,,,,0->0:Exact,none; server owns swing cadence
584,9.654283,0.016735,Tick,live-sample,true,0xF13000000604A274,,server,,unchecked,unchecked,none,2.4968219,-5.364667,-5.364667,0,Stand,6.5552406,,,,0->0:Exact,none; server owns swing cadence
585,9.671002,0.016719,Tick,live-sample,true,0xF13000000604A274,,server,,unchecked,unchecked,none,2.4647071,-5.375993,-5.375993,0,Stand,6.57196,,,,0->0:Exact,none; server owns swing cadence
586,9.687725,0.016723,Tick,live-sample,true,0xF13000000604A274,,server,,unchecked,unchecked,none,2.4329095,-5.387622,-5.387622,0,Stand,6.588683,,,,0->0:Exact,none; server owns swing cadence
587,9.704464,0.016739,Tick,live-sample,true,0xF13000000604A274,,server,,unchecked,unchecked,none,2.4043012,-5.3990736,-5.3990736,0,Stand,6.605422,,,,0->0:Exact,none; server owns swing cadence
588,9.721066,0.016602,Tick,live-sample,true,0xF13000000604A274,,server,,unchecked,unchecked,none,2.3731778,-5.4113026,-5.4113026,0,Stand,6.6220245,,,,0->0:Exact,none; server owns swing cadence
589,9.737765,0.016699,Tick,live-sample,true,0xF13000000604A274,,server,,unchecked,unchecked,none,2.342419,-5.423855,-5.423855,0,Stand,6.6387234,,,,0->0:Exact,none; server owns swing cadence
590,9.754413,0.016648,Tick,live-sample,true,0xF13000000604A274,,server,,unchecked,unchecked,none,2.3139703,-5.436004,-5.436004,0,Stand,6.655371,,,,0->0:Exact,none; server owns swing cadence
591,9.771066,0.016654,Tick,live-sample,true,0xF13000000604A274,,server,,unchecked,unchecked,none,2.284842,-5.4493933,-5.4493933,0,Stand,6.6720247,,,,0->0:Exact,none; server owns swing cadence
592,9.788210,0.017144,Tick,live-sample,true,0xF13000000604A274,,server,,unchecked,unchecked,none,2.2552478,-5.462944,-5.462944,0,Stand,6.6891685,,,,0->0:Exact,none; server owns swing cadence
593,9.804302,0.016092,Tick,live-sample,true,0xF13000000604A274,,server,,unchecked,unchecked,none,2.2279403,-5.4760547,-5.4760547,0,Stand,6.7052608,,,,0->0:Exact,none; server owns swing cadence
594,9.821019,0.016717,Tick,live-sample,true,0xF13000000604A274,,server,,unchecked,unchecked,none,2.2000847,-5.4904823,-5.4904823,0,Stand,6.7219777,,,,0->0:Exact,none; server owns swing cadence
595,9.837825,0.016805,Tick,live-sample,true,0xF13000000604A274,,server,,unchecked,unchecked,none,2.1717958,-5.5051055,-5.5051055,0,Stand,6.738783,,,,0->0:Exact,none; server owns swing cadence
596,9.854541,0.016717,Tick,live-sample,true,0xF13000000604A274,,server,,unchecked,unchecked,none,2.1439838,-5.520111,-5.520111,0,Stand,6.7554994,,,,0->0:Exact,none; server owns swing cadence
597,9.871385,0.016844,Tick,live-sample,true,0xF13000000604A274,,server,,unchecked,unchecked,none,2.1184218,-5.5346193,-5.5346193,0,Stand,6.772343,,,,0->0:Exact,none; server owns swing cadence
598,9.887893,0.016508,Tick,live-sample,true,0xF13000000604A274,,server,,unchecked,unchecked,none,2.0925086,-5.5505486,-5.5505486,0,Stand,6.7888513,,,,0->0:Exact,none; server owns swing cadence
599,9.904430,0.016537,Tick,live-sample,true,0xF13000000604A274,,server,,unchecked,unchecked,none,2.0679107,-5.5657835,-5.5657835,0,Stand,6.805388,,,,0->0:Exact,none; server owns swing cadence
600,9.921142,0.016712,Tick,live-sample,true,0xF13000000604A274,,server,,unchecked,unchecked,none,2.0421395,-5.5823417,-5.5823417,0,Stand,6.8221,,,,0->0:Exact,none; server owns swing cadence
601,9.937787,0.016645,Tick,live-sample,true,0xF13000000604A274,,server,,unchecked,unchecked,none,2.0178764,-5.59946,-5.59946,0,Stand,6.838745,,,,0->0:Exact,none; server owns swing cadence
602,9.954472,0.016685,Tick,live-sample,true,0xF13000000604A274,,server,,unchecked,unchecked,none,1.9948763,-5.615843,-5.615843,0,Stand,6.8554296,,,,0->0:Exact,none; server owns swing cadence
603,9.971373,0.016901,Tick,live-sample,true,0xF13000000604A274,,server,,unchecked,unchecked,none,1.9708619,-5.6336403,-5.6336403,0,Stand,6.87233,,,,0->0:Exact,none; server owns swing cadence
604,9.987802,0.016429,Tick,live-sample,true,0xF13000000604A274,,server,,unchecked,unchecked,none,1.9474871,-5.6518707,-5.6518707,0,Stand,6.888759,,,,0->0:Exact,none; server owns swing cadence
605,10.004980,0.017179,Tick,live-sample,true,0xF13000000604A274,,server,,unchecked,unchecked,none,1.925727,-5.670651,-5.670651,0,Stand,6.9059377,,,,0->0:Exact,none; server owns swing cadence
606,10.021031,0.016050,Tick,live-sample,true,0xF13000000604A274,,server,,unchecked,unchecked,none,1.9051505,-5.688631,-5.688631,0,Stand,6.921988,,,,0->0:Exact,none; server owns swing cadence
607,10.038329,0.017298,Tick,live-sample,true,0xF13000000604A274,,server,,unchecked,unchecked,none,1.8837978,-5.708141,-5.708141,0,Stand,6.939286,,,,0->0:Exact,none; server owns swing cadence
608,10.054805,0.016476,Tick,live-sample,true,0xF13000000604A274,,server,,unchecked,unchecked,none,1.864141,-5.728178,-5.728178,0,Stand,6.955762,,,,0->0:Exact,none; server owns swing cadence
609,10.054805,0.000000,AttackStopSend,network-session-send,true,0x0000000000000000,CMSG_ATTACKSTOP,server,,unchecked,unchecked,none,-1,,,0,Stand,6.955762,,,,0->0:Exact,CMSG_ATTACKSTOP
610,10.054805,0.000000,IntentOff,user-cancel,true,0xF13000000604A274,,server,,unchecked,unchecked,none,1.864141,-5.728178,-5.728178,0,Stand,6.955762,,,,0->0:Exact,local attack latch edge
