row,t,dt,event,cause,intentOn,targetGuid,opcode,swingTimerOwner,weaponSpeedMs,rangeEligibility,arcEligibility,clientAction,distance,bearingDelta,clipId,clipName,clipTime,clipB,clipBTime,blendWeight,animChoice,detail
0,0.000000,0.000000,TraceStart,operator,false,0x0000000000000000,,server,,unchecked,unchecked,none,-1,,26,Ready1H,0.0331069,ShuffleLeft,0.050194602,0.12463868,26->26:Exact,server-authoritative swing timing; client range/arc gates absent
1,0.016664,0.016664,Tick,live-sample,false,0x0000000000000000,,server,,unchecked,unchecked,none,-1,,26,Ready1H,0.0497711,ShuffleLeft,0.0668588,0.257227,26->26:Exact,none; server owns swing cadence
2,0.016664,0.000000,AttackSwingSend,network-session-send,false,0xF13000007900B1EF,CMSG_ATTACKSWING,server,,unchecked,unchecked,none,71.15198,-2.590374,26,Ready1H,0.0497711,ShuffleLeft,0.0668588,0.257227,26->26:Exact,CMSG_ATTACKSWING
3,0.016664,0.000000,IntentOn,user-start,true,0xF13000007900B1EF,,server,,unchecked,unchecked,none,71.15198,-2.590374,26,Ready1H,0.0497711,ShuffleLeft,0.0668588,0.257227,26->26:Exact,local attack latch edge
4,0.034244,0.017580,Tick,live-sample,true,0xF13000007900B1EF,,server,,unchecked,unchecked,none,71.15198,-2.590374,26,Ready1H,0.0673507,ShuffleLeft,0.0844384,0.42377228,26->26:Exact,none; server owns swing cadence
5,0.034244,0.000000,AttackStopReceive,server,true,0xF13000007900B1EF,SMSG_ATTACKSTOP,server,,unchecked,unchecked,none,71.15198,-2.590374,26,Ready1H,0.0673507,ShuffleLeft,0.0844384,0.42377228,26->26:Exact,attacker=0x0000000000000001 victimDied=False
6,0.034244,0.000000,AttackStartReceive,server,true,0xF13000007900B1EF,SMSG_ATTACKSTART,server,,unchecked,unchecked,none,71.15198,-2.590374,26,Ready1H,0.0673507,ShuffleLeft,0.0844384,0.42377228,26->26:Exact,attacker=0x0000000000000001
7,0.034244,0.000000,AnimChoice,animator,true,0xF13000007900B1EF,,server,,unchecked,unchecked,none,71.091446,-2.5898504,26,Ready1H,0.0673507,ShuffleLeft,0.0844384,0.42377228,13->13:Exact,track=0 requested=13 played=13 kind=Exact base=26:Ready1H clipB=ShuffleLeft blendWeight=0.42377228
8,0.050081,0.015837,Tick,live-sample,true,0xF13000007900B1EF,,server,,unchecked,unchecked,none,71.091446,-2.5898504,13,WalkBackwards,0.02850714,Ready1H,0.083188,0.03108871,13->13:Exact,none; server owns swing cadence
9,0.066729,0.016648,Tick,live-sample,true,0xF13000007900B1EF,,server,,unchecked,unchecked,none,71.02763,-2.5892963,13,WalkBackwards,0.05847282,Ready1H,0.0998356,0.12038821,13->13:Exact,none; server owns swing cadence
10,0.083455,0.016727,Tick,live-sample,true,0xF13000007900B1EF,,server,,unchecked,unchecked,none,70.96376,-2.5887423,13,WalkBackwards,0.088581055,Ready1H,0.1165624,0.25228,13->13:Exact,none; server owns swing cadence
11,0.100059,0.016604,Tick,live-sample,true,0xF13000007900B1EF,,server,,unchecked,unchecked,none,70.899994,-2.588186,13,WalkBackwards,0.118468255,Ready1H,0.1331664,0.40861607,13->13:Exact,none; server owns swing cadence
12,0.116903,0.016843,Tick,live-sample,true,0xF13000007900B1EF,,server,,unchecked,unchecked,none,70.83533,-2.5876226,13,WalkBackwards,0.14878638,Ready1H,0.15000981,0.5763247,13->13:Exact,none; server owns swing cadence
13,0.133478,0.016575,Tick,live-sample,true,0xF13000007900B1EF,,server,,unchecked,unchecked,none,70.7716,-2.5870643,13,WalkBackwards,0.17862192,Ready1H,0.16658512,0.73390955,13->13:Exact,none; server owns swing cadence
14,0.150172,0.016694,Tick,live-sample,true,0xF13000007900B1EF,,server,,unchecked,unchecked,none,70.70782,-2.5865064,13,WalkBackwards,0.20867077,Ready1H,0.18327892,0.8686541,13->13:Exact,none; server owns swing cadence
15,0.166937,0.016765,Tick,live-sample,true,0xF13000007900B1EF,,server,,unchecked,unchecked,none,70.64405,-2.5859475,13,WalkBackwards,0.23884794,Ready1H,0.20004402,0.96313554,13->13:Exact,none; server owns swing cadence
16,0.183660,0.016723,Tick,live-sample,true,0xF13000007900B1EF,,server,,unchecked,unchecked,none,70.58031,-2.5853875,13,WalkBackwards,0.2689495,Ready1H,0.21676712,0.9999547,13->13:Exact,none; server owns swing cadence
17,0.200054,0.016394,Tick,live-sample,true,0xF13000007900B1EF,,server,,unchecked,unchecked,none,70.517494,-2.5848327,13,WalkBackwards,0.29845816,,,,13->13:Exact,none; server owns swing cadence
18,0.217083,0.017029,Tick,live-sample,true,0xF13000007900B1EF,,server,,unchecked,unchecked,none,70.45223,-2.5842543,13,WalkBackwards,0.32911107,,,,13->13:Exact,none; server owns swing cadence
19,0.235367,0.018283,Tick,live-sample,true,0xF13000007900B1EF,,server,,unchecked,unchecked,none,70.382706,-2.583639,13,WalkBackwards,0.36202118,,,,13->13:Exact,none; server owns swing cadence
20,0.250348,0.014981,Tick,live-sample,true,0xF13000007900B1EF,,server,,unchecked,unchecked,none,70.32573,-2.5831347,13,WalkBackwards,0.38898662,,,,13->13:Exact,none; server owns swing cadence
21,0.266871,0.016523,Tick,live-sample,true,0xF13000007900B1EF,,server,,unchecked,unchecked,none,70.26292,-2.5825772,13,WalkBackwards,0.41872802,,,,13->13:Exact,none; server owns swing cadence
22,0.283573,0.016703,Tick,live-sample,true,0xF13000007900B1EF,,server,,unchecked,unchecked,none,70.19931,-2.5820112,13,WalkBackwards,0.44879287,,,,13->13:Exact,none; server owns swing cadence
23,0.300266,0.016693,Tick,live-sample,true,0xF13000007900B1EF,,server,,unchecked,unchecked,none,70.13573,-2.5814443,13,WalkBackwards,0.47884047,,,,13->13:Exact,none; server owns swing cadence
24,0.316919,0.016653,Tick,live-sample,true,0xF13000007900B1EF,,server,,unchecked,unchecked,none,70.07224,-2.5808747,13,WalkBackwards,0.508815,,,,13->13:Exact,none; server owns swing cadence
25,0.334422,0.017503,Tick,live-sample,true,0xF13000007900B1EF,,server,,unchecked,unchecked,none,70.00541,-2.5802746,13,WalkBackwards,0.5403213,,,,13->13:Exact,none; server owns swing cadence
26,0.350292,0.015870,Tick,live-sample,true,0xF13000007900B1EF,,server,,unchecked,unchecked,none,69.94527,-2.579734,13,WalkBackwards,0.5688875,,,,13->13:Exact,none; server owns swing cadence
27,0.366935,0.016643,Tick,live-sample,true,0xF13000007900B1EF,,server,,unchecked,unchecked,none,69.88185,-2.5791616,13,WalkBackwards,0.5988447,,,,13->13:Exact,none; server owns swing cadence
28,0.383696,0.016760,Tick,live-sample,true,0xF13000007900B1EF,,server,,unchecked,unchecked,none,69.81838,-2.5785892,13,WalkBackwards,0.6290134,,,,13->13:Exact,none; server owns swing cadence
29,0.400576,0.016880,Tick,live-sample,true,0xF13000007900B1EF,,server,,unchecked,unchecked,none,69.75411,-2.5780082,13,WalkBackwards,0.65939707,,,,13->13:Exact,none; server owns swing cadence
30,0.417013,0.016437,Tick,live-sample,true,0xF13000007900B1EF,,server,,unchecked,unchecked,none,69.69158,-2.5774403,13,WalkBackwards,0.68898404,,,,13->13:Exact,none; server owns swing cadence
31,0.434024,0.017012,Tick,live-sample,true,0xF13000007900B1EF,,server,,unchecked,unchecked,none,69.62662,-2.576848,13,WalkBackwards,0.71960473,,,,13->13:Exact,none; server owns swing cadence
32,0.450316,0.016291,Tick,live-sample,true,0xF13000007900B1EF,,server,,unchecked,unchecked,none,69.56488,-2.576287,13,WalkBackwards,0.7489291,,,,13->13:Exact,none; server owns swing cadence
33,0.467061,0.016745,Tick,live-sample,true,0xF13000007900B1EF,,server,,unchecked,unchecked,none,69.501526,-2.5757096,13,WalkBackwards,0.7790706,,,,13->13:Exact,none; server owns swing cadence
34,0.483881,0.016820,Tick,live-sample,true,0xF13000007900B1EF,,server,,unchecked,unchecked,none,69.437454,-2.5751219,13,WalkBackwards,0.8093468,,,,13->13:Exact,none; server owns swing cadence
35,0.500470,0.016589,Tick,live-sample,true,0xF13000007900B1EF,,server,,unchecked,unchecked,none,69.37423,-2.5745409,13,WalkBackwards,0.839207,,,,13->13:Exact,none; server owns swing cadence
36,0.517111,0.016641,Tick,live-sample,true,0xF13000007900B1EF,,server,,unchecked,unchecked,none,69.31102,-2.5739589,13,WalkBackwards,0.86916023,,,,13->13:Exact,none; server owns swing cadence
37,0.535392,0.018281,Tick,live-sample,true,0xF13000007900B1EF,,server,,unchecked,unchecked,none,69.24195,-2.5733232,13,WalkBackwards,0.90206605,,,,13->13:Exact,none; server owns swing cadence
38,0.550637,0.015245,Tick,live-sample,true,0xF13000007900B1EF,,server,,unchecked,unchecked,none,69.18378,-2.5727851,13,WalkBackwards,0.92950743,,,,13->13:Exact,none; server owns swing cadence
39,0.567346,0.016710,Tick,live-sample,true,0xF13000007900B1EF,,server,,unchecked,unchecked,none,69.12057,-2.5722013,13,WalkBackwards,0.9595847,,,,13->13:Exact,none; server owns swing cadence
40,0.583824,0.016477,Tick,live-sample,true,0xF13000007900B1EF,,server,,unchecked,unchecked,none,69.05819,-2.5716243,13,WalkBackwards,0.98924387,,,,13->13:Exact,none; server owns swing cadence
41,0.600312,0.016488,Tick,live-sample,true,0xF13000007900B1EF,,server,,unchecked,unchecked,none,68.99584,-2.571046,13,WalkBackwards,1.0189224,,,,13->13:Exact,none; server owns swing cadence
42,0.617240,0.016928,Tick,live-sample,true,0xF13000007900B1EF,,server,,unchecked,unchecked,none,68.93188,-2.570451,13,WalkBackwards,1.0493923,,,,13->13:Exact,none; server owns swing cadence
43,0.634717,0.017478,Tick,live-sample,true,0xF13000007900B1EF,,server,,unchecked,unchecked,none,68.86549,-2.569831,13,WalkBackwards,1.080852,,,,13->13:Exact,none; server owns swing cadence
44,0.650755,0.016037,Tick,live-sample,true,0xF13000007900B1EF,,server,,unchecked,unchecked,none,68.804924,-2.5692644,13,WalkBackwards,1.1097195,,,,13->13:Exact,none; server owns swing cadence
45,0.667336,0.016582,Tick,live-sample,true,0xF13000007900B1EF,,server,,unchecked,unchecked,none,68.741936,-2.5686727,13,WalkBackwards,1.1395664,,,,13->13:Exact,none; server owns swing cadence
46,0.684024,0.016688,Tick,live-sample,true,0xF13000007900B1EF,,server,,unchecked,unchecked,none,68.67889,-2.5680811,13,WalkBackwards,1.1696044,,,,13->13:Exact,none; server owns swing cadence
47,0.700665,0.016641,Tick,live-sample,true,0xF13000007900B1EF,,server,,unchecked,unchecked,none,68.615944,-2.5674872,13,WalkBackwards,1.1995587,,,,13->13:Exact,none; server owns swing cadence
48,0.717356,0.016691,Tick,live-sample,true,0xF13000007900B1EF,,server,,unchecked,unchecked,none,68.55294,-2.5668938,13,WalkBackwards,1.2296022,,,,13->13:Exact,none; server owns swing cadence
49,0.734021,0.016665,Tick,live-sample,true,0xF13000007900B1EF,,server,,unchecked,unchecked,none,68.48997,-2.566299,13,WalkBackwards,1.2595989,,,,13->13:Exact,none; server owns swing cadence
50,0.750707,0.016686,Tick,live-sample,true,0xF13000007900B1EF,,server,,unchecked,unchecked,none,68.42702,-2.5657034,13,WalkBackwards,1.2896329,,,,13->13:Exact,none; server owns swing cadence
51,0.767425,0.016719,Tick,live-sample,true,0xF13000007900B1EF,,server,,unchecked,unchecked,none,68.36409,-2.5651064,13,WalkBackwards,1.3197267,,,,13->13:Exact,none; server owns swing cadence
52,0.783949,0.016524,Tick,live-sample,true,0xF13000007900B1EF,,server,,unchecked,unchecked,none,68.302,-2.5645165,13,WalkBackwards,1.3494699,,,,13->13:Exact,none; server owns swing cadence
53,0.800494,0.016544,Tick,live-sample,true,0xF13000007900B1EF,,server,,unchecked,unchecked,none,68.23994,-2.5639255,13,WalkBackwards,1.3792495,,,,13->13:Exact,none; server owns swing cadence
54,0.817227,0.016734,Tick,live-sample,true,0xF13000007900B1EF,,server,,unchecked,unchecked,none,68.17708,-2.5633254,13,WalkBackwards,1.4093703,,,,13->13:Exact,none; server owns swing cadence
55,0.835383,0.018156,Tick,live-sample,true,0xF13000007900B1EF,,server,,unchecked,unchecked,none,68.10856,-2.5626671,13,WalkBackwards,1.4420513,,,,13->13:Exact,none; server owns swing cadence
56,0.850648,0.015264,Tick,live-sample,true,0xF13000007900B1EF,,server,,unchecked,unchecked,none,68.0508,-2.562111,13,WalkBackwards,1.4695269,,,,13->13:Exact,none; server owns swing cadence
57,0.867515,0.016868,Tick,live-sample,true,0xF13000007900B1EF,,server,,unchecked,unchecked,none,67.9872,-2.561499,13,WalkBackwards,1.4998889,,,,13->13:Exact,none; server owns swing cadence
58,0.884071,0.016556,Tick,live-sample,true,0xF13000007900B1EF,,server,,unchecked,unchecked,none,67.92526,-2.5609026,13,WalkBackwards,1.5296893,,,,13->13:Exact,none; server owns swing cadence
59,0.900984,0.016912,Tick,live-sample,true,0xF13000007900B1EF,,server,,unchecked,unchecked,none,67.86172,-2.560289,13,WalkBackwards,1.5601317,,,,13->13:Exact,none; server owns swing cadence
60,0.917550,0.016566,Tick,live-sample,true,0xF13000007900B1EF,,server,,unchecked,unchecked,none,67.799095,-2.5596805,13,WalkBackwards,1.589951,,,,13->13:Exact,none; server owns swing cadence
61,0.934988,0.017438,Tick,live-sample,true,0xF13000007900B1EF,,server,,unchecked,unchecked,none,67.73317,-2.5590396,13,WalkBackwards,1.6213388,,,,13->13:Exact,none; server owns swing cadence
62,0.951208,0.016220,Tick,live-sample,true,0xF13000007900B1EF,,server,,unchecked,unchecked,none,67.67222,-2.5584455,13,WalkBackwards,1.650535,,,,13->13:Exact,none; server owns swing cadence
63,0.967444,0.016237,Tick,live-sample,true,0xF13000007900B1EF,,server,,unchecked,unchecked,none,67.61129,-2.5578504,13,WalkBackwards,1.679761,,,,13->13:Exact,none; server owns swing cadence
64,0.984139,0.016694,Tick,live-sample,true,0xF13000007900B1EF,,server,,unchecked,unchecked,none,67.54869,-2.557239,13,WalkBackwards,1.7098107,,,,13->13:Exact,none; server owns swing cadence
65,1.000926,0.016787,Tick,live-sample,true,0xF13000007900B1EF,,server,,unchecked,unchecked,none,67.48538,-2.5566168,13,WalkBackwards,1.740028,,,,13->13:Exact,none; server owns swing cadence
66,1.017509,0.016583,Tick,live-sample,true,0xF13000007900B1EF,,server,,unchecked,unchecked,none,67.42291,-2.556002,13,WalkBackwards,1.7698772,,,,13->13:Exact,none; server owns swing cadence
67,1.034367,0.016858,Tick,live-sample,true,0xF13000007900B1EF,,server,,unchecked,unchecked,none,67.35957,-2.5553787,13,WalkBackwards,1.8002219,,,,13->13:Exact,none; server owns swing cadence
68,1.050884,0.016517,Tick,live-sample,true,0xF13000007900B1EF,,server,,unchecked,unchecked,none,67.297874,-2.5547712,13,WalkBackwards,1.8299518,,,,13->13:Exact,none; server owns swing cadence
69,1.067515,0.016631,Tick,live-sample,true,0xF13000007900B1EF,,server,,unchecked,unchecked,none,67.23548,-2.5541527,13,WalkBackwards,1.8598883,,,,13->13:Exact,none; server owns swing cadence
70,1.084516,0.017001,Tick,live-sample,true,0xF13000007900B1EF,,server,,unchecked,unchecked,none,67.17149,-2.5535164,13,WalkBackwards,1.8904903,,,,13->13:Exact,none; server owns swing cadence
71,1.101057,0.016541,Tick,live-sample,true,0xF13000007900B1EF,,server,,unchecked,unchecked,none,67.10988,-2.5529053,13,WalkBackwards,1.9202642,,,,13->13:Exact,none; server owns swing cadence
72,1.117707,0.016649,Tick,live-sample,true,0xF13000007900B1EF,,server,,unchecked,unchecked,none,67.04756,-2.5522833,13,WalkBackwards,1.9502332,,,,13->13:Exact,none; server owns swing cadence
73,1.135193,0.017486,Tick,live-sample,true,0xF13000007900B1EF,,server,,unchecked,unchecked,none,66.981964,-2.5516279,13,WalkBackwards,1.9817085,,,,13->13:Exact,none; server owns swing cadence
74,1.151109,0.015916,Tick,live-sample,true,0xF13000007900B1EF,,server,,unchecked,unchecked,none,66.92212,-2.551029,13,WalkBackwards,2.010357,,,,13->13:Exact,none; server owns swing cadence
75,1.167678,0.016569,Tick,live-sample,true,0xF13000007900B1EF,,server,,unchecked,unchecked,none,66.85988,-2.5504036,13,WalkBackwards,2.0401814,,,,13->13:Exact,none; server owns swing cadence
76,1.184790,0.017112,Tick,live-sample,true,0xF13000007900B1EF,,server,,unchecked,unchecked,none,66.795975,-2.5497613,13,WalkBackwards,2.0709825,,,,13->13:Exact,none; server owns swing cadence
77,1.200796,0.016006,Tick,live-sample,true,0xF13000007900B1EF,,server,,unchecked,unchecked,none,66.736206,-2.549159,13,WalkBackwards,2.099794,,,,13->13:Exact,none; server owns swing cadence
78,1.217940,0.017144,Tick,live-sample,true,0xF13000007900B1EF,,server,,unchecked,unchecked,none,66.672356,-2.5485144,13,WalkBackwards,2.1306534,,,,13->13:Exact,none; server owns swing cadence
79,1.235168,0.017228,Tick,live-sample,true,0xF13000007900B1EF,,server,,unchecked,unchecked,none,66.60773,-2.5478601,13,WalkBackwards,2.1616633,,,,13->13:Exact,none; server owns swing cadence
80,1.251106,0.015938,Tick,live-sample,true,0xF13000007900B1EF,,server,,unchecked,unchecked,none,66.548035,-2.5472546,13,WalkBackwards,2.1903517,,,,13->13:Exact,none; server owns swing cadence
81,1.267677,0.016571,Tick,live-sample,true,0xF13000007900B1EF,,server,,unchecked,unchecked,none,66.48595,-2.546622,13,WalkBackwards,2.220179,,,,13->13:Exact,none; server owns swing cadence
82,1.284462,0.016785,Tick,live-sample,true,0xF13000007900B1EF,,server,,unchecked,unchecked,none,66.423096,-2.5459797,13,WalkBackwards,2.250392,,,,13->13:Exact,none; server owns swing cadence
83,1.301266,0.016804,Tick,live-sample,true,0xF13000007900B1EF,,server,,unchecked,unchecked,none,66.36026,-2.5453362,13,WalkBackwards,2.2806394,,,,13->13:Exact,none; server owns swing cadence
84,1.318024,0.016758,Tick,live-sample,true,0xF13000007900B1EF,,server,,unchecked,unchecked,none,66.29818,-2.5447016,13,WalkBackwards,2.3108037,,,,13->13:Exact,none; server owns swing cadence
85,1.334468,0.016445,Tick,live-sample,true,0xF13000007900B1EF,,server,,unchecked,unchecked,none,66.237015,-2.544073,13,WalkBackwards,2.340404,,,,13->13:Exact,none; server owns swing cadence
86,1.351037,0.016569,Tick,live-sample,true,0xF13000007900B1EF,,server,,unchecked,unchecked,none,66.175064,-2.5434346,13,WalkBackwards,2.3702276,,,,13->13:Exact,none; server owns swing cadence
87,1.367996,0.016959,Tick,live-sample,true,0xF13000007900B1EF,,server,,unchecked,unchecked,none,66.11226,-2.5427878,13,WalkBackwards,2.4007542,,,,13->13:Exact,none; server owns swing cadence
88,1.384786,0.016790,Tick,live-sample,true,0xF13000007900B1EF,,server,,unchecked,unchecked,none,66.04957,-2.542138,13,WalkBackwards,2.4309762,,,,13->13:Exact,none; server owns swing cadence
89,1.401305,0.016518,Tick,live-sample,true,0xF13000007900B1EF,,server,,unchecked,unchecked,none,65.98842,-2.5415063,13,WalkBackwards,2.4607093,,,,13->13:Exact,none; server owns swing cadence
90,1.417883,0.016578,Tick,live-sample,true,0xF13000007900B1EF,,server,,unchecked,unchecked,none,65.92658,-2.540863,13,WalkBackwards,2.4905498,,,,13->13:Exact,none; server owns swing cadence
91,1.435455,0.017572,Tick,live-sample,true,0xF13000007900B1EF,,server,,unchecked,unchecked,none,65.861496,-2.540185,13,WalkBackwards,2.5221791,,,,13->13:Exact,none; server owns swing cadence
92,1.451405,0.015950,Tick,live-sample,true,0xF13000007900B1EF,,server,,unchecked,unchecked,none,65.80211,-2.5395656,13,WalkBackwards,2.5508897,,,,13->13:Exact,none; server owns swing cadence
93,1.467910,0.016505,Tick,live-sample,true,0xF13000007900B1EF,,server,,unchecked,unchecked,none,65.74107,-2.5389287,13,WalkBackwards,2.5805988,,,,13->13:Exact,none; server owns swing cadence
94,1.484517,0.016607,Tick,live-sample,true,0xF13000007900B1EF,,server,,unchecked,unchecked,none,65.679344,-2.5382807,13,WalkBackwards,2.6104918,,,,13->13:Exact,none; server owns swing cadence
95,1.501396,0.016879,Tick,live-sample,true,0xF13000007900B1EF,,server,,unchecked,unchecked,none,65.61676,-2.537624,13,WalkBackwards,2.6408737,,,,13->13:Exact,none; server owns swing cadence
96,1.517789,0.016393,Tick,live-sample,true,0xF13000007900B1EF,,server,,unchecked,unchecked,none,65.55589,-2.536982,13,WalkBackwards,2.6703815,,,,13->13:Exact,none; server owns swing cadence
97,1.534979,0.017189,Tick,live-sample,true,0xF13000007900B1EF,,server,,unchecked,unchecked,none,65.49256,-2.5363142,13,WalkBackwards,2.7013226,,,,13->13:Exact,none; server owns swing cadence
98,1.551256,0.016277,Tick,live-sample,true,0xF13000007900B1EF,,server,,unchecked,unchecked,none,65.43255,-2.5356789,13,WalkBackwards,2.7306209,,,,13->13:Exact,none; server owns swing cadence
99,1.568050,0.016795,Tick,live-sample,true,0xF13000007900B1EF,,server,,unchecked,unchecked,none,65.37016,-2.5350158,13,WalkBackwards,2.7608514,,,,13->13:Exact,none; server owns swing cadence
100,1.584564,0.016513,Tick,live-sample,true,0xF13000007900B1EF,,server,,unchecked,unchecked,none,65.30931,-2.5343707,13,WalkBackwards,2.7905753,,,,13->13:Exact,none; server owns swing cadence
101,1.601610,0.017047,Tick,live-sample,true,0xF13000007900B1EF,,server,,unchecked,unchecked,none,65.2461,-2.5336976,13,WalkBackwards,2.8212593,,,,13->13:Exact,none; server owns swing cadence
102,1.618349,0.016738,Tick,live-sample,true,0xF13000007900B1EF,,server,,unchecked,unchecked,none,65.18452,-2.533041,13,WalkBackwards,2.8513882,,,,13->13:Exact,none; server owns swing cadence
103,1.634906,0.016557,Tick,live-sample,true,0xF13000007900B1EF,,server,,unchecked,unchecked,none,65.12375,-2.532392,13,WalkBackwards,2.8811915,,,,13->13:Exact,none; server owns swing cadence
104,1.651238,0.016332,Tick,live-sample,true,0xF13000007900B1EF,,server,,unchecked,unchecked,none,65.06381,-2.5317507,13,WalkBackwards,2.910589,,,,13->13:Exact,none; server owns swing cadence
105,1.668207,0.016969,Tick,live-sample,true,0xF13000007900B1EF,,server,,unchecked,unchecked,none,65.00151,-2.5310817,13,WalkBackwards,2.9411325,,,,13->13:Exact,none; server owns swing cadence
106,1.684843,0.016637,Tick,live-sample,true,0xF13000007900B1EF,,server,,unchecked,unchecked,none,64.94012,-2.5304189,13,WalkBackwards,2.9710784,,,,13->13:Exact,none; server owns swing cadence
107,1.701664,0.016821,Tick,live-sample,true,0xF13000007900B1EF,,server,,unchecked,unchecked,none,64.87797,-2.5297456,13,WalkBackwards,3.001356,,,,13->13:Exact,none; server owns swing cadence
108,1.718259,0.016595,Tick,live-sample,true,0xF13000007900B1EF,,server,,unchecked,unchecked,none,64.81663,-2.5290802,13,WalkBackwards,3.0312274,,,,13->13:Exact,none; server owns swing cadence
109,1.735615,0.017356,Tick,live-sample,true,0xF13000007900B1EF,,server,,unchecked,unchecked,none,64.75287,-2.528388,13,WalkBackwards,3.062468,,,,13->13:Exact,none; server owns swing cadence
110,1.751454,0.015839,Tick,live-sample,true,0xF13000007900B1EF,,server,,unchecked,unchecked,none,64.69476,-2.527756,13,WalkBackwards,3.0909774,,,,13->13:Exact,none; server owns swing cadence
111,1.768459,0.017005,Tick,live-sample,true,0xF13000007900B1EF,,server,,unchecked,unchecked,none,64.63193,-2.5270686,13,WalkBackwards,3.1215863,,,,13->13:Exact,none; server owns swing cadence
112,1.785926,0.017467,Tick,live-sample,true,0xF13000007900B1EF,,server,,unchecked,unchecked,none,64.56746,-2.5263634,13,WalkBackwards,3.1530263,,,,13->13:Exact,none; server owns swing cadence
113,1.801851,0.015926,Tick,live-sample,true,0xF13000007900B1EF,,server,,unchecked,unchecked,none,64.508644,-2.5257187,13,WalkBackwards,3.1816921,,,,13->13:Exact,none; server owns swing cadence
114,1.818205,0.016354,Tick,live-sample,true,0xF13000007900B1EF,,server,,unchecked,unchecked,none,64.44827,-2.5250547,13,WalkBackwards,3.2111292,,,,13->13:Exact,none; server owns swing cadence
115,1.835053,0.016848,Tick,live-sample,true,0xF13000007900B1EF,,server,,unchecked,unchecked,none,64.38627,-2.5243726,13,WalkBackwards,3.2414553,,,,13->13:Exact,none; server owns swing cadence
116,1.851552,0.016499,Tick,live-sample,true,0xF13000007900B1EF,,server,,unchecked,unchecked,none,64.325874,-2.5237074,13,WalkBackwards,3.271154,,,,13->13:Exact,none; server owns swing cadence
117,1.868253,0.016701,Tick,live-sample,true,0xF13000007900B1EF,,server,,unchecked,unchecked,none,64.264725,-2.523032,13,WalkBackwards,3.3012156,,,,13->13:Exact,none; server owns swing cadence
118,1.885000,0.016747,Tick,live-sample,true,0xF13000007900B1EF,,server,,unchecked,unchecked,none,64.2036,-2.522355,13,WalkBackwards,3.3313603,,,,13->13:Exact,none; server owns swing cadence
119,1.901703,0.016703,Tick,live-sample,true,0xF13000007900B1EF,,server,,unchecked,unchecked,none,64.142494,-2.521677,13,WalkBackwards,3.361426,,,,13->13:Exact,none; server owns swing cadence
120,1.918475,0.016772,Tick,live-sample,true,0xF13000007900B1EF,,server,,unchecked,unchecked,none,64.08143,-2.5209978,13,WalkBackwards,3.391616,,,,13->13:Exact,none; server owns swing cadence
121,1.936289,0.017814,Tick,live-sample,true,0xF13000007900B1EF,,server,,unchecked,unchecked,none,64.016365,-2.5202725,13,WalkBackwards,3.423681,,,,13->13:Exact,none; server owns swing cadence
122,1.951607,0.015318,Tick,live-sample,true,0xF13000007900B1EF,,server,,unchecked,unchecked,none,63.960255,-2.5196428,13,WalkBackwards,3.4512534,,,,13->13:Exact,none; server owns swing cadence
123,1.968204,0.016597,Tick,live-sample,true,0xF13000007900B1EF,,server,,unchecked,unchecked,none,63.89936,-2.5189583,13,WalkBackwards,3.4811277,,,,13->13:Exact,none; server owns swing cadence
124,1.984995,0.016791,Tick,live-sample,true,0xF13000007900B1EF,,server,,unchecked,unchecked,none,63.83771,-2.518263,13,WalkBackwards,3.5113518,,,,13->13:Exact,none; server owns swing cadence
125,2.001545,0.016550,Tick,live-sample,true,0xF13000007900B1EF,,server,,unchecked,unchecked,none,63.77758,-2.5175865,13,WalkBackwards,3.5411417,,,,13->13:Exact,none; server owns swing cadence
126,2.018235,0.016689,Tick,live-sample,true,0xF13000007900B1EF,,server,,unchecked,unchecked,none,63.71669,-2.516899,13,WalkBackwards,3.5711823,,,,13->13:Exact,none; server owns swing cadence
127,2.035585,0.017350,Tick,live-sample,true,0xF13000007900B1EF,,server,,unchecked,unchecked,none,63.653473,-2.516183,13,WalkBackwards,3.6024127,,,,13->13:Exact,none; server owns swing cadence
128,2.051724,0.016139,Tick,live-sample,true,0xF13000007900B1EF,,server,,unchecked,unchecked,none,63.594303,-2.51551,13,WalkBackwards,3.6314633,,,,13->13:Exact,none; server owns swing cadence
129,2.068278,0.016554,Tick,live-sample,true,0xF13000007900B1EF,,server,,unchecked,unchecked,none,63.53429,-2.5148284,13,WalkBackwards,3.6612597,,,,13->13:Exact,none; server owns swing cadence
130,2.084903,0.016626,Tick,live-sample,true,0xF13000007900B1EF,,server,,unchecked,unchecked,none,63.47361,-2.5141344,13,WalkBackwards,3.6911862,,,,13->13:Exact,none; server owns swing cadence
131,2.101644,0.016741,Tick,live-sample,true,0xF13000007900B1EF,,server,,unchecked,unchecked,none,63.412872,-2.5134406,13,WalkBackwards,3.7213194,,,,13->13:Exact,none; server owns swing cadence
132,2.118605,0.016961,Tick,live-sample,true,0xF13000007900B1EF,,server,,unchecked,unchecked,none,63.35138,-2.5127363,13,WalkBackwards,3.7518487,,,,13->13:Exact,none; server owns swing cadence
133,2.135096,0.016492,Tick,live-sample,true,0xF13000007900B1EF,,server,,unchecked,unchecked,none,63.29149,-2.5120492,13,WalkBackwards,3.7815335,,,,13->13:Exact,none; server owns swing cadence
134,2.151557,0.016460,Tick,live-sample,true,0xF13000007900B1EF,,server,,unchecked,unchecked,none,63.231712,-2.5113595,13,WalkBackwards,3.811162,,,,13->13:Exact,none; server owns swing cadence
135,2.168516,0.016959,Tick,live-sample,true,0xF13000007900B1EF,,server,,unchecked,unchecked,none,63.170315,-2.5106509,13,WalkBackwards,3.8416889,,,,13->13:Exact,none; server owns swing cadence
136,2.185224,0.016708,Tick,live-sample,true,0xF13000007900B1EF,,server,,unchecked,unchecked,none,63.109734,-2.5099504,13,WalkBackwards,3.871763,,,,13->13:Exact,none; server owns swing cadence
137,2.201992,0.016769,Tick,live-sample,true,0xF13000007900B1EF,,server,,unchecked,unchecked,none,63.04918,-2.5092485,13,WalkBackwards,3.9019463,,,,13->13:Exact,none; server owns swing cadence
138,2.218637,0.016645,Tick,live-sample,true,0xF13000007900B1EF,,server,,unchecked,unchecked,none,62.988747,-2.508544,13,WalkBackwards,3.9319067,,,,13->13:Exact,none; server owns swing cadence
139,2.236896,0.018259,Tick,live-sample,true,0xF13000007900B1EF,,server,,unchecked,unchecked,none,62.922703,-2.5077744,13,WalkBackwards,3.964772,,,,13->13:Exact,none; server owns swing cadence
140,2.252653,0.015757,Tick,live-sample,true,0xF13000007900B1EF,,server,,unchecked,unchecked,none,62.865456,-2.5071049,13,WalkBackwards,3.9931345,,,,13->13:Exact,none; server owns swing cadence
141,2.268669,0.016017,Tick,live-sample,true,0xF13000007900B1EF,,server,,unchecked,unchecked,none,62.807453,-2.506425,13,WalkBackwards,4.0219646,,,,13->13:Exact,none; server owns swing cadence
142,2.285141,0.016472,Tick,live-sample,true,0xF13000007900B1EF,,server,,unchecked,unchecked,none,62.747837,-2.5057259,13,WalkBackwards,4.051614,,,,13->13:Exact,none; server owns swing cadence
143,2.301951,0.016810,Tick,live-sample,true,0xF13000007900B1EF,,server,,unchecked,unchecked,none,62.686783,-2.505005,13,WalkBackwards,4.081871,,,,13->13:Exact,none; server owns swing cadence
144,2.318700,0.016750,Tick,live-sample,true,0xF13000007900B1EF,,server,,unchecked,unchecked,none,62.62645,-2.5042937,13,WalkBackwards,4.1120205,,,,13->13:Exact,none; server owns swing cadence
145,2.335958,0.017258,Tick,live-sample,true,0xF13000007900B1EF,,server,,unchecked,unchecked,none,62.563812,-2.503552,13,WalkBackwards,4.1430845,,,,13->13:Exact,none; server owns swing cadence
146,2.351967,0.016008,Tick,live-sample,true,0xF13000007900B1EF,,server,,unchecked,unchecked,none,62.505966,-2.5028656,13,WalkBackwards,4.1718993,,,,13->13:Exact,none; server owns swing cadence
147,2.368586,0.016620,Tick,live-sample,true,0xF13000007900B1EF,,server,,unchecked,unchecked,none,62.445816,-2.5021486,13,WalkBackwards,4.2018147,,,,13->13:Exact,none; server owns swing cadence
148,2.385311,0.016725,Tick,live-sample,true,0xF13000007900B1EF,,server,,unchecked,unchecked,none,62.38561,-2.501432,13,WalkBackwards,4.2319193,,,,13->13:Exact,none; server owns swing cadence
149,2.402069,0.016758,Tick,live-sample,true,0xF13000007900B1EF,,server,,unchecked,unchecked,none,62.32544,-2.5007136,13,WalkBackwards,4.262084,,,,13->13:Exact,none; server owns swing cadence
150,2.418740,0.016671,Tick,live-sample,true,0xF13000007900B1EF,,server,,unchecked,unchecked,none,62.265297,-2.499994,13,WalkBackwards,4.292091,,,,13->13:Exact,none; server owns swing cadence
151,2.435321,0.016581,Tick,live-sample,true,0xF13000007900B1EF,,server,,unchecked,unchecked,none,62.205276,-2.4992716,13,WalkBackwards,4.3219366,,,,13->13:Exact,none; server owns swing cadence
152,2.452023,0.016702,Tick,live-sample,true,0xF13000007900B1EF,,server,,unchecked,unchecked,none,62.1452,-2.4985492,13,WalkBackwards,4.352001,,,,13->13:Exact,none; server owns swing cadence
153,2.468535,0.016512,Tick,live-sample,true,0xF13000007900B1EF,,server,,unchecked,unchecked,none,62.085934,-2.4978352,13,WalkBackwards,4.3817225,,,,13->13:Exact,none; server owns swing cadence
154,2.485213,0.016678,Tick,live-sample,true,0xF13000007900B1EF,,server,,unchecked,unchecked,none,62.02592,-2.49711,13,WalkBackwards,4.411743,,,,13->13:Exact,none; server owns swing cadence
155,2.502162,0.016949,Tick,live-sample,true,0xF13000007900B1EF,,server,,unchecked,unchecked,none,61.965168,-2.4963737,13,WalkBackwards,4.4422517,,,,13->13:Exact,none; server owns swing cadence
156,2.518970,0.016808,Tick,live-sample,true,0xF13000007900B1EF,,server,,unchecked,unchecked,none,61.904537,-2.4956343,13,WalkBackwards,4.4725056,,,,13->13:Exact,none; server owns swing cadence
157,2.536524,0.017554,Tick,live-sample,true,0xF13000007900B1EF,,server,,unchecked,unchecked,none,61.841534,-2.4948654,13,WalkBackwards,4.504102,,,,13->13:Exact,none; server owns swing cadence
158,2.551975,0.015451,Tick,live-sample,true,0xF13000007900B1EF,,server,,unchecked,unchecked,none,61.78638,-2.4941924,13,WalkBackwards,4.5319133,,,,13->13:Exact,none; server owns swing cadence
159,2.569037,0.017063,Tick,live-sample,true,0xF13000007900B1EF,,server,,unchecked,unchecked,none,61.72499,-2.4934404,13,WalkBackwards,4.562626,,,,13->13:Exact,none; server owns swing cadence
160,2.585724,0.016687,Tick,live-sample,true,0xF13000007900B1EF,,server,,unchecked,unchecked,none,61.66518,-2.4927068,13,WalkBackwards,4.592662,,,,13->13:Exact,none; server owns swing cadence
161,2.602083,0.016360,Tick,live-sample,true,0xF13000007900B1EF,,server,,unchecked,unchecked,none,61.60626,-2.49198,13,WalkBackwards,4.6221094,,,,13->13:Exact,none; server owns swing cadence
162,2.618829,0.016746,Tick,live-sample,true,0xF13000007900B1EF,,server,,unchecked,unchecked,none,61.54651,-2.4912436,13,WalkBackwards,4.652252,,,,13->13:Exact,none; server owns swing cadence
163,2.635962,0.017133,Tick,live-sample,true,0xF13000007900B1EF,,server,,unchecked,unchecked,none,61.485256,-2.4904857,13,WalkBackwards,4.6830907,,,,13->13:Exact,none; server owns swing cadence
164,2.652315,0.016353,Tick,live-sample,true,0xF13000007900B1EF,,server,,unchecked,unchecked,none,61.426437,-2.489755,13,WalkBackwards,4.7125263,,,,13->13:Exact,none; server owns swing cadence
165,2.680229,0.027914,Tick,live-sample,true,0xF13000007900B1EF,,server,,unchecked,unchecked,none,61.32685,-2.4885151,13,WalkBackwards,4.7627716,,,,13->13:Exact,none; server owns swing cadence
166,2.685832,0.005603,Tick,live-sample,true,0xF13000007900B1EF,,server,,unchecked,unchecked,none,61.3065,-2.4882603,13,WalkBackwards,4.772856,,,,13->13:Exact,none; server owns swing cadence
167,2.702128,0.016296,Tick,live-sample,true,0xF13000007900B1EF,,server,,unchecked,unchecked,none,61.24846,-2.4875367,13,WalkBackwards,4.802189,,,,13->13:Exact,none; server owns swing cadence
168,2.718975,0.016847,Tick,live-sample,true,0xF13000007900B1EF,,server,,unchecked,unchecked,none,61.188145,-2.4867814,13,WalkBackwards,4.832514,,,,13->13:Exact,none; server owns swing cadence
169,2.737841,0.018867,Tick,live-sample,true,0xF13000007900B1EF,,server,,unchecked,unchecked,none,61.120872,-2.4859354,13,WalkBackwards,4.866474,,,,13->13:Exact,none; server owns swing cadence
170,2.753389,0.015548,Tick,live-sample,true,0xF13000007900B1EF,,server,,unchecked,unchecked,none,61.065327,-2.4852362,13,WalkBackwards,4.8944597,,,,13->13:Exact,none; server owns swing cadence
171,2.769689,0.016300,Tick,live-sample,true,0xF13000007900B1EF,,server,,unchecked,unchecked,none,61.00742,-2.4845068,13,WalkBackwards,4.9238,,,,13->13:Exact,none; server owns swing cadence
172,2.786480,0.016791,Tick,live-sample,true,0xF13000007900B1EF,,server,,unchecked,unchecked,none,60.94734,-2.4837441,13,WalkBackwards,4.9540234,,,,13->13:Exact,none; server owns swing cadence
173,2.802640,0.016160,Tick,live-sample,true,0xF13000007900B1EF,,server,,unchecked,unchecked,none,60.889587,-2.4830105,13,WalkBackwards,4.983111,,,,13->13:Exact,none; server owns swing cadence
174,2.819003,0.016363,Tick,live-sample,true,0xF13000007900B1EF,,server,,unchecked,unchecked,none,60.831104,-2.4822655,13,WalkBackwards,5.012565,,,,13->13:Exact,none; server owns swing cadence
175,2.836436,0.017433,Tick,live-sample,true,0xF13000007900B1EF,,server,,unchecked,unchecked,none,60.76942,-2.4814808,13,WalkBackwards,5.0439444,,,,13->13:Exact,none; server owns swing cadence
176,2.854235,0.017799,Tick,live-sample,true,0xF13000007900B1EF,,server,,unchecked,unchecked,none,60.70624,-2.4806743,13,WalkBackwards,5.0759826,,,,13->13:Exact,none; server owns swing cadence
177,2.870378,0.016143,Tick,live-sample,true,0xF13000007900B1EF,,server,,unchecked,unchecked,none,60.648632,-2.4799347,13,WalkBackwards,5.1050406,,,,13->13:Exact,none; server owns swing cadence
178,2.887301,0.016923,Tick,live-sample,true,0xF13000007900B1EF,,server,,unchecked,unchecked,none,60.588673,-2.4791646,13,WalkBackwards,5.1355014,,,,13->13:Exact,none; server owns swing cadence
179,2.903731,0.016431,Tick,live-sample,true,0xF13000007900B1EF,,server,,unchecked,unchecked,none,60.53036,-2.478412,13,WalkBackwards,5.1650763,,,,13->13:Exact,none; server owns swing cadence
180,2.919583,0.015852,Tick,live-sample,true,0xF13000007900B1EF,,server,,unchecked,unchecked,none,60.474377,-2.4776888,13,WalkBackwards,5.1936097,,,,13->13:Exact,none; server owns swing cadence
181,2.937545,0.017962,Tick,live-sample,true,0xF13000007900B1EF,,server,,unchecked,unchecked,none,60.410713,-2.4768624,13,WalkBackwards,5.225941,,,,13->13:Exact,none; server owns swing cadence
182,2.952601,0.015056,Tick,live-sample,true,0xF13000007900B1EF,,server,,unchecked,unchecked,none,60.35717,-2.476166,13,WalkBackwards,5.2530417,,,,13->13:Exact,none; server owns swing cadence
183,2.968862,0.016261,Tick,live-sample,true,0xF13000007900B1EF,,server,,unchecked,unchecked,none,60.29976,-2.4754179,13,WalkBackwards,5.282311,,,,13->13:Exact,none; server owns swing cadence
184,2.987514,0.018652,Tick,live-sample,true,0xF13000007900B1EF,,server,,unchecked,unchecked,none,60.233837,-2.4745572,13,WalkBackwards,5.3158846,,,,13->13:Exact,none; server owns swing cadence
185,3.004134,0.016621,Tick,live-sample,true,0xF13000007900B1EF,,server,,unchecked,unchecked,none,60.17498,-2.4737854,13,WalkBackwards,5.3458014,,,,13->13:Exact,none; server owns swing cadence
186,3.020667,0.016532,Tick,live-sample,true,0xF13000007900B1EF,,server,,unchecked,unchecked,none,60.11683,-2.4730237,13,WalkBackwards,5.37556,,,,13->13:Exact,none; server owns swing cadence
187,3.037272,0.016605,Tick,live-sample,true,0xF13000007900B1EF,,server,,unchecked,unchecked,none,60.058044,-2.4722488,13,WalkBackwards,5.4054494,,,,13->13:Exact,none; server owns swing cadence
188,3.053782,0.016509,Tick,live-sample,true,0xF13000007900B1EF,,server,,unchecked,unchecked,none,59.99996,-2.4714842,13,WalkBackwards,5.4351664,,,,13->13:Exact,none; server owns swing cadence
189,3.069305,0.015523,Tick,live-sample,true,0xF13000007900B1EF,,server,,unchecked,unchecked,none,59.94513,-2.4707572,13,WalkBackwards,5.4631076,,,,13->13:Exact,none; server owns swing cadence
190,3.069305,0.000000,CombatReceive,server,true,0x0000000000000000,SMSG_LOG_XPGAIN,server,,unchecked,unchecked,none,-1,,13,WalkBackwards,5.4631076,,,,13->13:Exact,CombatXpGain
191,3.087649,0.018344,Tick,live-sample,true,0xF13000007900B1EF,,server,,unchecked,unchecked,none,59.880295,-2.4698954,13,WalkBackwards,5.496127,,,,13->13:Exact,none; server owns swing cadence
192,3.104049,0.016401,Tick,live-sample,true,0xF13000007900B1EF,,server,,unchecked,unchecked,none,59.822414,-2.4691248,13,WalkBackwards,5.525648,,,,13->13:Exact,none; server owns swing cadence
193,3.120704,0.016654,Tick,live-sample,true,0xF13000007900B1EF,,server,,unchecked,unchecked,none,59.76372,-2.4683437,13,WalkBackwards,5.555626,,,,13->13:Exact,none; server owns swing cadence
194,3.137245,0.016541,Tick,live-sample,true,0xF13000007900B1EF,,server,,unchecked,unchecked,none,59.705822,-2.4675715,13,WalkBackwards,5.5854,,,,13->13:Exact,none; server owns swing cadence
195,3.154108,0.016864,Tick,live-sample,true,0xF13000007900B1EF,,server,,unchecked,unchecked,none,59.646446,-2.4667768,13,WalkBackwards,5.6157546,,,,13->13:Exact,none; server owns swing cadence
196,3.170939,0.016830,Tick,live-sample,true,0xF13000007900B1EF,,server,,unchecked,unchecked,none,59.587196,-2.465979,13,WalkBackwards,5.646049,,,,13->13:Exact,none; server owns swing cadence
197,3.187751,0.016813,Tick,live-sample,true,0xF13000007900B1EF,,server,,unchecked,unchecked,none,59.527985,-2.4651797,13,WalkBackwards,5.676312,,,,13->13:Exact,none; server owns swing cadence
198,3.204028,0.016277,Tick,live-sample,true,0xF13000007900B1EF,,server,,unchecked,unchecked,none,59.471073,-2.4644105,13,WalkBackwards,5.7056103,,,,13->13:Exact,none; server owns swing cadence
199,3.221334,0.017306,Tick,live-sample,true,0xF13000007900B1EF,,server,,unchecked,unchecked,none,59.410343,-2.4635882,13,WalkBackwards,5.7367616,,,,13->13:Exact,none; server owns swing cadence
200,3.237609,0.016275,Tick,live-sample,true,0xF13000007900B1EF,,server,,unchecked,unchecked,none,59.353504,-2.4628162,13,WalkBackwards,5.7660565,,,,13->13:Exact,none; server owns swing cadence
201,3.254243,0.016634,Tick,live-sample,true,0xF13000007900B1EF,,server,,unchecked,unchecked,none,59.295197,-2.462021,13,WalkBackwards,5.795997,,,,13->13:Exact,none; server owns swing cadence
202,3.270585,0.016342,Tick,live-sample,true,0xF13000007900B1EF,,server,,unchecked,unchecked,none,59.23768,-2.4612353,13,WalkBackwards,5.8254128,,,,13->13:Exact,none; server owns swing cadence
203,3.287485,0.016900,Tick,live-sample,true,0xF13000007900B1EF,,server,,unchecked,unchecked,none,59.178608,-2.460428,13,WalkBackwards,5.855832,,,,13->13:Exact,none; server owns swing cadence
204,3.303099,0.015614,Tick,live-sample,true,0xF13000007900B1EF,,server,,unchecked,unchecked,none,59.12417,-2.459682,13,WalkBackwards,5.883938,,,,13->13:Exact,none; server owns swing cadence
205,3.321161,0.018062,Tick,live-sample,true,0xF13000007900B1EF,,server,,unchecked,unchecked,none,59.061325,-2.4588192,13,WalkBackwards,5.916449,,,,13->13:Exact,none; server owns swing cadence
206,3.337882,0.016721,Tick,live-sample,true,0xF13000007900B1EF,,server,,unchecked,unchecked,none,59.003117,-2.4580176,13,WalkBackwards,5.9465466,,,,13->13:Exact,none; server owns swing cadence
207,3.354152,0.016270,Tick,live-sample,true,0xF13000007900B1EF,,server,,unchecked,unchecked,none,58.946537,-2.4572349,13,WalkBackwards,5.975833,,,,13->13:Exact,none; server owns swing cadence
208,3.371250,0.017098,Tick,live-sample,true,0xF13000007900B1EF,,server,,unchecked,unchecked,none,58.886906,-2.4564085,13,WalkBackwards,6.00661,,,,13->13:Exact,none; server owns swing cadence
209,3.387566,0.016315,Tick,live-sample,true,0xF13000007900B1EF,,server,,unchecked,unchecked,none,58.83031,-2.455624,13,WalkBackwards,6.0359774,,,,13->13:Exact,none; server owns swing cadence
210,3.404092,0.016526,Tick,live-sample,true,0xF13000007900B1EF,,server,,unchecked,unchecked,none,58.773003,-2.4548273,13,WalkBackwards,6.065725,,,,13->13:Exact,none; server owns swing cadence
211,3.421066,0.016975,Tick,live-sample,true,0xF13000007900B1EF,,server,,unchecked,unchecked,none,58.714233,-2.4540071,13,WalkBackwards,6.096279,,,,13->13:Exact,none; server owns swing cadence
212,3.438018,0.016951,Tick,live-sample,true,0xF13000007900B1EF,,server,,unchecked,unchecked,none,58.65551,-2.453185,13,WalkBackwards,6.1267915,,,,13->13:Exact,none; server owns swing cadence
213,3.454363,0.016345,Tick,live-sample,true,0xF13000007900B1EF,,server,,unchecked,unchecked,none,58.598404,-2.452382,13,WalkBackwards,6.1562133,,,,13->13:Exact,none; server owns swing cadence
214,3.471059,0.016696,Tick,live-sample,true,0xF13000007900B1EF,,server,,unchecked,unchecked,none,58.5405,-2.4515681,13,WalkBackwards,6.1862655,,,,13->13:Exact,none; server owns swing cadence
215,3.487711,0.016653,Tick,live-sample,true,0xF13000007900B1EF,,server,,unchecked,unchecked,none,58.48273,-2.4507508,13,WalkBackwards,6.21624,,,,13->13:Exact,none; server owns swing cadence
216,3.504790,0.017078,Tick,live-sample,true,0xF13000007900B1EF,,server,,unchecked,unchecked,none,58.423416,-2.4499116,13,WalkBackwards,6.2469807,,,,13->13:Exact,none; server owns swing cadence
217,3.520804,0.016015,Tick,live-sample,true,0xF13000007900B1EF,,server,,unchecked,unchecked,none,58.367958,-2.449124,13,WalkBackwards,6.2758074,,,,13->13:Exact,none; server owns swing cadence
218,3.537988,0.017183,Tick,live-sample,true,0xF13000007900B1EF,,server,,unchecked,unchecked,none,58.30872,-2.4482813,13,WalkBackwards,6.3067374,,,,13->13:Exact,none; server owns swing cadence
219,3.558656,0.020669,Tick,live-sample,true,0xF13000007900B1EF,,server,,unchecked,unchecked,none,58.237362,-2.4472642,13,WalkBackwards,6.3439407,,,,13->13:Exact,none; server owns swing cadence
220,3.572009,0.013353,Tick,live-sample,true,0xF13000007900B1EF,,server,,unchecked,unchecked,none,58.19112,-2.4466019,13,WalkBackwards,6.367976,,,,13->13:Exact,none; server owns swing cadence
221,3.588312,0.016302,Tick,live-sample,true,0xF13000007900B1EF,,server,,unchecked,unchecked,none,58.13498,-2.4457986,13,WalkBackwards,6.3973203,,,,13->13:Exact,none; server owns swing cadence
222,3.605351,0.017040,Tick,live-sample,true,0xF13000007900B1EF,,server,,unchecked,unchecked,none,58.075912,-2.4449492,13,WalkBackwards,6.4279914,,,,13->13:Exact,none; server owns swing cadence
223,3.619890,0.014539,Tick,live-sample,true,0xF13000007900B1EF,,server,,unchecked,unchecked,none,58.025963,-2.4442291,13,WalkBackwards,6.4541616,,,,13->13:Exact,none; server owns swing cadence
224,3.637391,0.017501,Tick,live-sample,true,0xF13000007900B1EF,,server,,unchecked,unchecked,none,57.965485,-2.4433541,13,WalkBackwards,6.4856634,,,,13->13:Exact,none; server owns swing cadence
225,3.653122,0.015731,Tick,live-sample,true,0xF13000007900B1EF,,server,,unchecked,unchecked,none,57.911068,-2.4425654,13,WalkBackwards,6.513979,,,,13->13:Exact,none; server owns swing cadence
226,3.669445,0.016323,Tick,live-sample,true,0xF13000007900B1EF,,server,,unchecked,unchecked,none,57.855118,-2.441754,13,WalkBackwards,6.5433607,,,,13->13:Exact,none; server owns swing cadence
227,3.686591,0.017146,Tick,live-sample,true,0xF13000007900B1EF,,server,,unchecked,unchecked,none,57.79625,-2.4408965,13,WalkBackwards,6.574224,,,,13->13:Exact,none; server owns swing cadence
228,3.702962,0.016371,Tick,live-sample,true,0xF13000007900B1EF,,server,,unchecked,unchecked,none,57.73973,-2.4400694,13,WalkBackwards,6.6036916,,,,13->13:Exact,none; server owns swing cadence
229,3.719711,0.016749,Tick,live-sample,true,0xF13000007900B1EF,,server,,unchecked,unchecked,none,57.68242,-2.439231,13,WalkBackwards,6.633839,,,,13->13:Exact,none; server owns swing cadence
230,3.737169,0.017458,Tick,live-sample,true,0xF13000007900B1EF,,server,,unchecked,unchecked,none,57.6222,-2.4383454,13,WalkBackwards,6.665263,,,,13->13:Exact,none; server owns swing cadence
231,3.753304,0.016135,Tick,live-sample,true,0xF13000007900B1EF,,server,,unchecked,unchecked,none,57.56654,-2.4375248,13,WalkBackwards,6.694307,,,,13->13:Exact,none; server owns swing cadence
232,3.769650,0.016346,Tick,live-sample,true,0xF13000007900B1EF,,server,,unchecked,unchecked,none,57.51018,-2.436691,13,WalkBackwards,6.72373,,,,13->13:Exact,none; server owns swing cadence
233,3.786479,0.016829,Tick,live-sample,true,0xF13000007900B1EF,,server,,unchecked,unchecked,none,57.452393,-2.435833,13,WalkBackwards,6.7540216,,,,13->13:Exact,none; server owns swing cadence
234,3.803076,0.016597,Tick,live-sample,true,0xF13000007900B1EF,,server,,unchecked,unchecked,none,57.39538,-2.4349847,13,WalkBackwards,6.783896,,,,13->13:Exact,none; server owns swing cadence
235,3.819783,0.016707,Tick,live-sample,true,0xF13000007900B1EF,,server,,unchecked,unchecked,none,57.338318,-2.434136,13,WalkBackwards,6.813968,,,,13->13:Exact,none; server owns swing cadence
236,3.836390,0.016608,Tick,live-sample,true,0xF13000007900B1EF,,server,,unchecked,unchecked,none,57.281387,-2.433284,13,WalkBackwards,6.843862,,,,13->13:Exact,none; server owns swing cadence
237,3.853358,0.016968,Tick,live-sample,true,0xF13000007900B1EF,,server,,unchecked,unchecked,none,57.22367,-2.4324207,13,WalkBackwards,6.8744044,,,,13->13:Exact,none; server owns swing cadence
238,3.870050,0.016692,Tick,live-sample,true,0xF13000007900B1EF,,server,,unchecked,unchecked,none,57.166737,-2.4315667,13,WalkBackwards,6.90445,,,,13->13:Exact,none; server owns swing cadence
239,3.886475,0.016425,Tick,live-sample,true,0xF13000007900B1EF,,server,,unchecked,unchecked,none,57.110664,-2.4307215,13,WalkBackwards,6.934015,,,,13->13:Exact,none; server owns swing cadence
240,3.903293,0.016818,Tick,live-sample,true,0xF13000007900B1EF,,server,,unchecked,unchecked,none,57.05317,-2.4298513,13,WalkBackwards,6.964287,,,,13->13:Exact,none; server owns swing cadence
241,3.920013,0.016720,Tick,live-sample,true,0xF13000007900B1EF,,server,,unchecked,unchecked,none,56.996357,-2.4289925,13,WalkBackwards,6.994384,,,,13->13:Exact,none; server owns swing cadence
242,3.937757,0.017744,Tick,live-sample,true,0xF13000007900B1EF,,server,,unchecked,unchecked,none,56.935932,-2.428074,13,WalkBackwards,7.026323,,,,13->13:Exact,none; server owns swing cadence
243,3.953268,0.015511,Tick,live-sample,true,0xF13000007900B1EF,,server,,unchecked,unchecked,none,56.883045,-2.4272666,13,WalkBackwards,7.054243,,,,13->13:Exact,none; server owns swing cadence
244,3.969903,0.016634,Tick,live-sample,true,0xF13000007900B1EF,,server,,unchecked,unchecked,none,56.82645,-2.4264011,13,WalkBackwards,7.0841846,,,,13->13:Exact,none; server owns swing cadence
245,3.986581,0.016678,Tick,live-sample,true,0xF13000007900B1EF,,server,,unchecked,unchecked,none,56.76981,-2.4255354,13,WalkBackwards,7.1142054,,,,13->13:Exact,none; server owns swing cadence
246,4.003216,0.016635,Tick,live-sample,true,0xF13000007900B1EF,,server,,unchecked,unchecked,none,56.713303,-2.4246666,13,WalkBackwards,7.144148,,,,13->13:Exact,none; server owns swing cadence
247,4.019869,0.016654,Tick,live-sample,true,0xF13000007900B1EF,,server,,unchecked,unchecked,none,56.656746,-2.4237974,13,WalkBackwards,7.1741242,,,,13->13:Exact,none; server owns swing cadence
248,4.036626,0.016757,Tick,live-sample,true,0xF13000007900B1EF,,server,,unchecked,unchecked,none,56.60023,-2.4229264,13,WalkBackwards,7.2042866,,,,13->13:Exact,none; server owns swing cadence
249,4.053304,0.016678,Tick,live-sample,true,0xF13000007900B1EF,,server,,unchecked,unchecked,none,56.54376,-2.4220538,13,WalkBackwards,7.2343073,,,,13->13:Exact,none; server owns swing cadence
250,4.069941,0.016637,Tick,live-sample,true,0xF13000007900B1EF,,server,,unchecked,unchecked,none,56.487423,-2.4211779,13,WalkBackwards,7.2642546,,,,13->13:Exact,none; server owns swing cadence
251,4.086602,0.016661,Tick,live-sample,true,0xF13000007900B1EF,,server,,unchecked,unchecked,none,56.43104,-2.4203017,13,WalkBackwards,7.2942433,,,,13->13:Exact,none; server owns swing cadence
252,4.103276,0.016674,Tick,live-sample,true,0xF13000007900B1EF,,server,,unchecked,unchecked,none,56.374702,-2.4194236,13,WalkBackwards,7.324256,,,,13->13:Exact,none; server owns swing cadence
253,4.120040,0.016764,Tick,live-sample,true,0xF13000007900B1EF,,server,,unchecked,unchecked,none,56.3184,-2.418544,13,WalkBackwards,7.354431,,,,13->13:Exact,none; server owns swing cadence
254,4.138027,0.017988,Tick,live-sample,true,0xF13000007900B1EF,,server,,unchecked,unchecked,none,56.257713,-2.4175928,13,WalkBackwards,7.386809,,,,13->13:Exact,none; server owns swing cadence
255,4.153273,0.015245,Tick,live-sample,true,0xF13000007900B1EF,,server,,unchecked,unchecked,none,56.20603,-2.4167778,13,WalkBackwards,7.4142504,,,,13->13:Exact,none; server owns swing cadence
256,4.170007,0.016734,Tick,live-sample,true,0xF13000007900B1EF,,server,,unchecked,unchecked,none,56.149864,-2.4158928,13,WalkBackwards,7.444372,,,,13->13:Exact,none; server owns swing cadence
257,4.187289,0.017282,Tick,live-sample,true,0xF13000007900B1EF,,server,,unchecked,unchecked,none,56.09158,-2.4149704,13,WalkBackwards,7.4754786,,,,13->13:Exact,none; server owns swing cadence
258,4.203590,0.016301,Tick,live-sample,true,0xF13000007900B1EF,,server,,unchecked,unchecked,none,56.036945,-2.4141057,13,WalkBackwards,7.504821,,,,13->13:Exact,none; server owns swing cadence
259,4.221409,0.017819,Tick,live-sample,true,0xF13000007900B1EF,,server,,unchecked,unchecked,none,55.97721,-2.413157,13,WalkBackwards,7.5368958,,,,13->13:Exact,none; server owns swing cadence
260,4.238592,0.017183,Tick,live-sample,true,0xF13000007900B1EF,,server,,unchecked,unchecked,none,55.919785,-2.4122405,13,WalkBackwards,7.567825,,,,13->13:Exact,none; server owns swing cadence
261,4.253447,0.014855,Tick,live-sample,true,0xF13000007900B1EF,,server,,unchecked,unchecked,none,55.869793,-2.41144,13,WalkBackwards,7.5945644,,,,13->13:Exact,none; server owns swing cadence
262,4.270095,0.016648,Tick,live-sample,true,0xF13000007900B1EF,,server,,unchecked,unchecked,none,55.813988,-2.4105427,13,WalkBackwards,7.6245303,,,,13->13:Exact,none; server owns swing cadence
263,4.286872,0.016778,Tick,live-sample,true,0xF13000007900B1EF,,server,,unchecked,unchecked,none,55.757507,-2.4096317,13,WalkBackwards,7.65473,,,,13->13:Exact,none; server owns swing cadence
264,4.303476,0.016603,Tick,live-sample,true,0xF13000007900B1EF,,server,,unchecked,unchecked,none,55.701794,-2.408731,13,WalkBackwards,7.684616,,,,13->13:Exact,none; server owns swing cadence
265,4.320153,0.016677,Tick,live-sample,true,0xF13000007900B1EF,,server,,unchecked,unchecked,none,55.646027,-2.40783,13,WalkBackwards,7.714635,,,,13->13:Exact,none; server owns swing cadence
266,4.336996,0.016843,Tick,live-sample,true,0xF13000007900B1EF,,server,,unchecked,unchecked,none,55.589592,-2.406915,13,WalkBackwards,7.7449517,,,,13->13:Exact,none; server owns swing cadence
267,4.353624,0.016628,Tick,live-sample,true,0xF13000007900B1EF,,server,,unchecked,unchecked,none,55.534016,-2.4060087,13,WalkBackwards,7.774883,,,,13->13:Exact,none; server owns swing cadence
268,4.370147,0.016523,Tick,live-sample,true,0xF13000007900B1EF,,server,,unchecked,unchecked,none,55.4791,-2.4051144,13,WalkBackwards,7.804625,,,,13->13:Exact,none; server owns swing cadence
269,4.387016,0.016868,Tick,live-sample,true,0xF13000007900B1EF,,server,,unchecked,unchecked,none,55.422806,-2.4041939,13,WalkBackwards,7.8349876,,,,13->13:Exact,none; server owns swing cadence
270,4.403433,0.016418,Tick,live-sample,true,0xF13000007900B1EF,,server,,unchecked,unchecked,none,55.36808,-2.4032946,13,WalkBackwards,7.8645396,,,,13->13:Exact,none; server owns swing cadence
271,4.420280,0.016846,Tick,live-sample,true,0xF13000007900B1EF,,server,,unchecked,unchecked,none,55.31188,-2.4023702,13,WalkBackwards,7.8948627,,,,13->13:Exact,none; server owns swing cadence
272,4.437754,0.017474,Tick,live-sample,true,0xF13000007900B1EF,,server,,unchecked,unchecked,none,55.25358,-2.4014072,13,WalkBackwards,7.926316,,,,13->13:Exact,none; server owns swing cadence
273,4.453584,0.015830,Tick,live-sample,true,0xF13000007900B1EF,,server,,unchecked,unchecked,none,55.20113,-2.4005392,13,WalkBackwards,7.9548106,,,,13->13:Exact,none; server owns swing cadence
274,4.470204,0.016620,Tick,live-sample,true,0xF13000007900B1EF,,server,,unchecked,unchecked,none,55.145874,-2.3996203,13,WalkBackwards,7.984726,,,,13->13:Exact,none; server owns swing cadence
275,4.486921,0.016717,Tick,live-sample,true,0xF13000007900B1EF,,server,,unchecked,unchecked,none,55.09057,-2.398701,13,WalkBackwards,8.014817,,,,13->13:Exact,none; server owns swing cadence
276,4.503709,0.016788,Tick,live-sample,true,0xF13000007900B1EF,,server,,unchecked,unchecked,none,55.0347,-2.3977659,13,WalkBackwards,8.045035,,,,13->13:Exact,none; server owns swing cadence
277,4.520529,0.016820,Tick,live-sample,true,0xF13000007900B1EF,,server,,unchecked,unchecked,none,54.97887,-2.3968291,13,WalkBackwards,8.075312,,,,13->13:Exact,none; server owns swing cadence
278,4.537536,0.017007,Tick,live-sample,true,0xF13000007900B1EF,,server,,unchecked,unchecked,none,54.922386,-2.3958778,13,WalkBackwards,8.105925,,,,13->13:Exact,none; server owns swing cadence
279,4.553773,0.016237,Tick,live-sample,true,0xF13000007900B1EF,,server,,unchecked,unchecked,none,54.868786,-2.3949745,13,WalkBackwards,8.135151,,,,13->13:Exact,none; server owns swing cadence
280,4.570409,0.016636,Tick,live-sample,true,0xF13000007900B1EF,,server,,unchecked,unchecked,none,54.813812,-2.3940444,13,WalkBackwards,8.165095,,,,13->13:Exact,none; server owns swing cadence
281,4.586949,0.016541,Tick,live-sample,true,0xF13000007900B1EF,,server,,unchecked,unchecked,none,54.7595,-2.3931262,13,WalkBackwards,8.194868,,,,13->13:Exact,none; server owns swing cadence
282,4.603921,0.016972,Tick,live-sample,true,0xF13000007900B1EF,,server,,unchecked,unchecked,none,54.70382,-2.3921814,13,WalkBackwards,8.225417,,,,13->13:Exact,none; server owns swing cadence
283,4.620618,0.016697,Tick,live-sample,true,0xF13000007900B1EF,,server,,unchecked,unchecked,none,54.64889,-2.391247,13,WalkBackwards,8.255472,,,,13->13:Exact,none; server owns swing cadence
284,4.637208,0.016590,Tick,live-sample,true,0xF13000007900B1EF,,server,,unchecked,unchecked,none,54.594112,-2.3903093,13,WalkBackwards,8.285334,,,,13->13:Exact,none; server owns swing cadence
285,4.653980,0.016772,Tick,live-sample,true,0xF13000007900B1EF,,server,,unchecked,unchecked,none,54.53928,-2.3893714,13,WalkBackwards,8.315524,,,,13->13:Exact,none; server owns swing cadence
286,4.670502,0.016522,Tick,live-sample,true,0xF13000007900B1EF,,server,,unchecked,unchecked,none,54.485207,-2.388444,13,WalkBackwards,8.3452635,,,,13->13:Exact,none; server owns swing cadence
287,4.687165,0.016663,Tick,live-sample,true,0xF13000007900B1EF,,server,,unchecked,unchecked,none,54.430473,-2.3875022,13,WalkBackwards,8.375257,,,,13->13:Exact,none; server owns swing cadence
288,4.703671,0.016506,Tick,live-sample,true,0xF13000007900B1EF,,server,,unchecked,unchecked,none,54.37649,-2.386571,13,WalkBackwards,8.404967,,,,13->13:Exact,none; server owns swing cadence
289,4.720542,0.016872,Tick,live-sample,true,0xF13000007900B1EF,,server,,unchecked,unchecked,none,54.32115,-2.3856127,13,WalkBackwards,8.435336,,,,13->13:Exact,none; server owns swing cadence
290,4.738027,0.017485,Tick,live-sample,true,0xF13000007900B1EF,,server,,unchecked,unchecked,none,54.263756,-2.3846145,13,WalkBackwards,8.466809,,,,13->13:Exact,none; server owns swing cadence
291,4.753811,0.015784,Tick,live-sample,true,0xF13000007900B1EF,,server,,unchecked,unchecked,none,54.21212,-2.3837144,13,WalkBackwards,8.49522,,,,13->13:Exact,none; server owns swing cadence
292,4.770489,0.016678,Tick,live-sample,true,0xF13000007900B1EF,,server,,unchecked,unchecked,none,54.157627,-2.382763,13,WalkBackwards,8.525241,,,,13->13:Exact,none; server owns swing cadence
293,4.787272,0.016783,Tick,live-sample,true,0xF13000007900B1EF,,server,,unchecked,unchecked,none,54.10258,-2.3817956,13,WalkBackwards,8.55545,,,,13->13:Exact,none; server owns swing cadence
294,4.803830,0.016558,Tick,live-sample,true,0xF13000007900B1EF,,server,,unchecked,unchecked,none,54.048286,-2.3808389,13,WalkBackwards,8.585255,,,,13->13:Exact,none; server owns swing cadence
295,4.820566,0.016736,Tick,live-sample,true,0xF13000007900B1EF,,server,,unchecked,unchecked,none,53.993946,-2.3798819,13,WalkBackwards,8.615379,,,,13->13:Exact,none; server owns swing cadence
296,4.837381,0.016815,Tick,live-sample,true,0xF13000007900B1EF,,server,,unchecked,unchecked,none,53.939053,-2.3789086,13,WalkBackwards,8.645646,,,,13->13:Exact,none; server owns swing cadence
297,4.854069,0.016688,Tick,live-sample,true,0xF13000007900B1EF,,server,,unchecked,unchecked,none,53.88481,-2.3779476,13,WalkBackwards,8.675685,,,,13->13:Exact,none; server owns swing cadence
298,4.870502,0.016432,Tick,live-sample,true,0xF13000007900B1EF,,server,,unchecked,unchecked,none,53.83141,-2.376996,13,WalkBackwards,8.705263,,,,13->13:Exact,none; server owns swing cadence
299,4.887380,0.016878,Tick,live-sample,true,0xF13000007900B1EF,,server,,unchecked,unchecked,none,53.776573,-2.3760183,13,WalkBackwards,8.735643,,,,13->13:Exact,none; server owns swing cadence
300,4.904028,0.016648,Tick,live-sample,true,0xF13000007900B1EF,,server,,unchecked,unchecked,none,53.72258,-2.37505,13,WalkBackwards,8.76561,,,,13->13:Exact,none; server owns swing cadence
301,4.920641,0.016614,Tick,live-sample,true,0xF13000007900B1EF,,server,,unchecked,unchecked,none,53.668636,-2.37408,13,WalkBackwards,8.795514,,,,13->13:Exact,none; server owns swing cadence
302,4.938511,0.017870,Tick,live-sample,true,0xF13000007900B1EF,,server,,unchecked,unchecked,none,53.61108,-2.3730454,13,WalkBackwards,8.82768,,,,13->13:Exact,none; server owns swing cadence
303,4.953987,0.015475,Tick,live-sample,true,0xF13000007900B1EF,,server,,unchecked,unchecked,none,53.5608,-2.3721352,13,WalkBackwards,8.8555355,,,,13->13:Exact,none; server owns swing cadence
304,4.970598,0.016611,Tick,live-sample,true,0xF13000007900B1EF,,server,,unchecked,unchecked,none,53.507008,-2.371159,13,WalkBackwards,8.885436,,,,13->13:Exact,none; server owns swing cadence
305,4.987398,0.016800,Tick,live-sample,true,0xF13000007900B1EF,,server,,unchecked,unchecked,none,53.452576,-2.370168,13,WalkBackwards,8.915676,,,,13->13:Exact,none; server owns swing cadence
306,5.003877,0.016479,Tick,live-sample,true,0xF13000007900B1EF,,server,,unchecked,unchecked,none,53.399483,-2.3692024,13,WalkBackwards,8.945338,,,,13->13:Exact,none; server owns swing cadence
307,5.021129,0.017252,Tick,live-sample,true,0xF13000007900B1EF,,server,,unchecked,unchecked,none,53.343674,-2.3681824,13,WalkBackwards,8.976392,,,,13->13:Exact,none; server owns swing cadence
308,5.037877,0.016748,Tick,live-sample,true,0xF13000007900B1EF,,server,,unchecked,unchecked,none,53.289993,-2.3672,13,WalkBackwards,9.006538,,,,13->13:Exact,none; server owns swing cadence
309,5.054108,0.016231,Tick,live-sample,true,0xF13000007900B1EF,,server,,unchecked,unchecked,none,53.23784,-2.3662403,13,WalkBackwards,9.035755,,,,13->13:Exact,none; server owns swing cadence
310,5.054108,0.000000,AnimChoice,animator,true,0xF13000007900B1EF,,server,,unchecked,unchecked,none,53.23784,-2.3662403,13,WalkBackwards,9.035755,,,,26->26:Exact,track=0 requested=26 played=26 kind=Exact base=13:WalkBackwards clipB= blendWeight=0
311,5.070798,0.016690,Tick,live-sample,true,0xF13000007900B1EF,,server,,unchecked,unchecked,none,53.23784,-2.3662403,26,Ready1H,0.0166896,WalkBackwards,9.065797,0.03438425,26->26:Exact,none; server owns swing cadence
312,5.070798,0.000000,AnimChoice,animator,true,0xF13000007900B1EF,,server,,unchecked,unchecked,none,53.320423,-2.367755,26,Ready1H,0.0166896,WalkBackwards,9.065797,0.03438425,5->5:Exact,track=0 requested=5 played=5 kind=Exact base=26:Ready1H clipB=WalkBackwards blendWeight=0.03438425
313,5.087316,0.016518,Tick,live-sample,true,0xF13000007900B1EF,,server,,unchecked,unchecked,none,53.320423,-2.367755,5,Run,0.016650345,Ready1H,0.0332078,0.012519956,5->5:Exact,none; server owns swing cadence
314,5.104085,0.016769,Tick,live-sample,true,0xF13000007900B1EF,,server,,unchecked,unchecked,none,53.404514,-2.3692915,5,Run,0.033553697,Ready1H,0.049977,0.04846531,5->5:Exact,none; server owns swing cadence
315,5.120931,0.016846,Tick,live-sample,true,0xF13000007900B1EF,,server,,unchecked,unchecked,none,53.488728,-2.3708231,5,Run,0.050534464,Ready1H,0.066823,0.10451275,5->5:Exact,none; server owns swing cadence
316,5.137558,0.016627,Tick,live-sample,true,0xF13000007900B1EF,,server,,unchecked,unchecked,none,53.572277,-2.3723383,5,Run,0.067294076,Ready1H,0.0834496,0.17584568,5->5:Exact,none; server owns swing cadence
317,5.154208,0.016651,Tick,live-sample,true,0xF13000007900B1EF,,server,,unchecked,unchecked,none,53.656044,-2.3738472,5,Run,0.084077984,Ready1H,0.1001003,0.25967205,5->5:Exact,none; server owns swing cadence
318,5.171017,0.016809,Tick,live-sample,true,0xF13000007900B1EF,,server,,unchecked,unchecked,none,53.740627,-2.3753645,5,Run,0.10102136,Ready1H,0.1169092,0.3532654,5->5:Exact,none; server owns swing cadence
319,5.187652,0.016634,Tick,live-sample,true,0xF13000007900B1EF,,server,,unchecked,unchecked,none,53.824642,-2.376864,5,Run,0.11778863,Ready1H,0.1335434,0.45119202,5->5:Exact,none; server owns swing cadence
320,5.204311,0.016659,Tick,live-sample,true,0xF13000007900B1EF,,server,,unchecked,unchecked,none,53.908775,-2.3783588,5,Run,0.1345809,Ready1H,0.15020241,0.55099785,5->5:Exact,none; server owns swing cadence
321,5.221133,0.016822,Tick,live-sample,true,0xF13000007900B1EF,,server,,unchecked,unchecked,none,53.99373,-2.379862,5,Run,0.15153757,Ready1H,0.16702451,0.649928,5->5:Exact,none; server owns swing cadence
322,5.238369,0.017236,Tick,live-sample,true,0xF13000007900B1EF,,server,,unchecked,unchecked,none,54.0809,-2.3813987,5,Run,0.16891165,Ready1H,0.18426071,0.7455512,5->5:Exact,none; server owns swing cadence
323,5.254307,0.015939,Tick,live-sample,true,0xF13000007900B1EF,,server,,unchecked,unchecked,none,54.1618,-2.382817,5,Run,0.18497775,Ready1H,0.2001993,0.82541966,5->5:Exact,none; server owns swing cadence
324,5.271008,0.016700,Tick,live-sample,true,0xF13000007900B1EF,,server,,unchecked,unchecked,none,54.24641,-2.3842936,5,Run,0.20181166,Ready1H,0.2168996,0.8968051,5->5:Exact,none; server owns swing cadence
325,5.287728,0.016720,Tick,live-sample,true,0xF13000007900B1EF,,server,,unchecked,unchecked,none,54.331745,-2.3857794,5,Run,0.21866551,Ready1H,0.2336197,0.95213556,5->5:Exact,none; server owns swing cadence
326,5.304211,0.016483,Tick,live-sample,true,0xF13000007900B1EF,,server,,unchecked,unchecked,none,54.415794,-2.3872352,5,Run,0.23528057,Ready1H,0.2501029,0.9873784,5->5:Exact,none; server owns swing cadence
327,5.321123,0.016912,Tick,live-sample,true,0xF13000007900B1EF,,server,,unchecked,unchecked,none,54.502167,-2.388723,5,Run,0.25232828,,,,5->5:Exact,none; server owns swing cadence
328,5.337608,0.016484,Tick,live-sample,true,0xF13000007900B1EF,,server,,unchecked,unchecked,none,54.58645,-2.3901696,5,Run,0.26894444,,,,5->5:Exact,none; server owns swing cadence
329,5.354281,0.016673,Tick,live-sample,true,0xF13000007900B1EF,,server,,unchecked,unchecked,none,54.671646,-2.391623,5,Run,0.28575072,,,,5->5:Exact,none; server owns swing cadence
330,5.370972,0.016691,Tick,live-sample,true,0xF13000007900B1EF,,server,,unchecked,unchecked,none,54.756954,-2.3930721,5,Run,0.30257523,,,,5->5:Exact,none; server owns swing cadence
331,5.387889,0.016917,Tick,live-sample,true,0xF13000007900B1EF,,server,,unchecked,unchecked,none,54.8438,-2.3945413,5,Run,0.31962755,,,,5->5:Exact,none; server owns swing cadence
332,5.404477,0.016588,Tick,live-sample,true,0xF13000007900B1EF,,server,,unchecked,unchecked,none,54.92924,-2.3959827,5,Run,0.33634877,,,,5->5:Exact,none; server owns swing cadence
333,5.421021,0.016544,Tick,live-sample,true,0xF13000007900B1EF,,server,,unchecked,unchecked,none,55.01419,-2.3974056,5,Run,0.35302502,,,,5->5:Exact,none; server owns swing cadence
334,5.438953,0.017932,Tick,live-sample,true,0xF13000007900B1EF,,server,,unchecked,unchecked,none,55.106453,-2.3989463,5,Run,0.3711002,,,,5->5:Exact,none; server owns swing cadence
335,5.454359,0.015406,Tick,live-sample,true,0xF13000007900B1EF,,server,,unchecked,unchecked,none,55.18574,-2.4002643,5,Run,0.38662943,,,,5->5:Exact,none; server owns swing cadence
336,5.471000,0.016641,Tick,live-sample,true,0xF13000007900B1EF,,server,,unchecked,unchecked,none,55.271732,-2.4016864,5,Run,0.40340388,,,,5->5:Exact,none; server owns swing cadence
337,5.487528,0.016528,Tick,live-sample,true,0xF13000007900B1EF,,server,,unchecked,unchecked,none,55.357124,-2.403092,5,Run,0.4200644,,,,5->5:Exact,none; server owns swing cadence
338,5.504339,0.016810,Tick,live-sample,true,0xF13000007900B1EF,,server,,unchecked,unchecked,none,55.444054,-2.4045172,5,Run,0.43700927,,,,5->5:Exact,none; server owns swing cadence
339,5.521194,0.016855,Tick,live-sample,true,0xF13000007900B1EF,,server,,unchecked,unchecked,none,55.531715,-2.4059517,5,Run,0.4539991,,,,5->5:Exact,none; server owns swing cadence
340,5.538599,0.017405,Tick,live-sample,true,0xF13000007900B1EF,,server,,unchecked,unchecked,none,55.62183,-2.4074154,5,Run,0.47154313,,,,5->5:Exact,none; server owns swing cadence
341,5.554259,0.015660,Tick,live-sample,true,0xF13000007900B1EF,,server,,unchecked,unchecked,none,55.703167,-2.4087334,5,Run,0.4873287,,,,5->5:Exact,none; server owns swing cadence
342,5.571193,0.016934,Tick,live-sample,true,0xF13000007900B1EF,,server,,unchecked,unchecked,none,55.79126,-2.4101532,5,Run,0.50439817,,,,5->5:Exact,none; server owns swing cadence
343,5.587704,0.016512,Tick,live-sample,true,0xF13000007900B1EF,,server,,unchecked,unchecked,none,55.877205,-2.4115338,5,Run,0.52104187,,,,5->5:Exact,none; server owns swing cadence
344,5.604796,0.017092,Tick,live-sample,true,0xF13000007900B1EF,,server,,unchecked,unchecked,none,55.96624,-2.412957,5,Run,0.5382704,,,,5->5:Exact,none; server owns swing cadence
345,5.621397,0.016600,Tick,live-sample,true,0xF13000007900B1EF,,server,,unchecked,unchecked,none,56.053127,-2.414341,5,Run,0.55500364,,,,5->5:Exact,none; server owns swing cadence
346,5.637968,0.016571,Tick,live-sample,true,0xF13000007900B1EF,,server,,unchecked,unchecked,none,56.14012,-2.4157207,5,Run,0.5717075,,,,5->5:Exact,none; server owns swing cadence
347,5.654718,0.016750,Tick,live-sample,true,0xF13000007900B1EF,,server,,unchecked,unchecked,none,56.227943,-2.417108,5,Run,0.5885916,,,,5->5:Exact,none; server owns swing cadence
348,5.671372,0.016654,Tick,live-sample,true,0xF13000007900B1EF,,server,,unchecked,unchecked,none,56.315247,-2.4184778,5,Run,0.6053787,,,,5->5:Exact,none; server owns swing cadence
349,5.688253,0.016881,Tick,live-sample,true,0xF13000007900B1EF,,server,,unchecked,unchecked,none,56.404102,-2.419867,5,Run,0.6223943,,,,5->5:Exact,none; server owns swing cadence
350,5.704552,0.016300,Tick,live-sample,true,0xF13000007900B1EF,,server,,unchecked,unchecked,none,56.49007,-2.421206,5,Run,0.63882464,,,,5->5:Exact,none; server owns swing cadence
351,5.721532,0.016979,Tick,live-sample,true,0xF13000007900B1EF,,server,,unchecked,unchecked,none,56.579136,-2.4225867,5,Run,0.6559396,,,,5->5:Exact,none; server owns swing cadence
352,5.738765,0.017234,Tick,live-sample,true,0xF13000007900B1EF,,server,,unchecked,unchecked,none,56.669773,-2.4239862,5,Run,0.67331123,,,,5->5:Exact,none; server owns swing cadence
353,5.754737,0.015972,Tick,live-sample,true,0xF13000007900B1EF,,server,,unchecked,unchecked,none,56.753864,-2.425278,5,Run,0.6894109,,,,5->5:Exact,none; server owns swing cadence
354,5.771359,0.016622,Tick,live-sample,true,0xF13000007900B1EF,,server,,unchecked,unchecked,none,56.841698,-2.4266238,5,Run,0.7061657,,,,5->5:Exact,none; server owns swing cadence
355,5.788128,0.016769,Tick,live-sample,true,0xF13000007900B1EF,,server,,unchecked,unchecked,none,56.930458,-2.4279757,5,Run,0.7230684,,,,5->5:Exact,none; server owns swing cadence
356,5.804612,0.016484,Tick,live-sample,true,0xF13000007900B1EF,,server,,unchecked,unchecked,none,57.017765,-2.4293017,5,Run,0.73968446,,,,5->5:Exact,none; server owns swing cadence
357,5.821391,0.016779,Tick,live-sample,true,0xF13000007900B1EF,,server,,unchecked,unchecked,none,57.106728,-2.4306455,5,Run,0.7565979,,,,5->5:Exact,none; server owns swing cadence
358,5.838376,0.016985,Tick,live-sample,true,0xF13000007900B1EF,,server,,unchecked,unchecked,none,57.19653,-2.4319963,5,Run,0.77371883,,,,5->5:Exact,none; server owns swing cadence
359,5.854858,0.016482,Tick,live-sample,true,0xF13000007900B1EF,,server,,unchecked,unchecked,none,57.28414,-2.43331,5,Run,0.790333,,,,5->5:Exact,none; server owns swing cadence
360,5.871464,0.016605,Tick,live-sample,true,0xF13000007900B1EF,,server,,unchecked,unchecked,none,57.372585,-2.434631,5,Run,0.8070712,,,,5->5:Exact,none; server owns swing cadence
361,5.888213,0.016750,Tick,live-sample,true,0xF13000007900B1EF,,server,,unchecked,unchecked,none,57.461864,-2.4359596,5,Run,0.8239548,,,,5->5:Exact,none; server owns swing cadence
362,5.904925,0.016712,Tick,live-sample,true,0xF13000007900B1EF,,server,,unchecked,unchecked,none,57.551247,-2.437284,5,Run,0.8408002,,,,5->5:Exact,none; server owns swing cadence
363,5.921719,0.016794,Tick,live-sample,true,0xF13000007900B1EF,,server,,unchecked,unchecked,none,57.64082,-2.4386027,5,Run,0.8577286,,,,5->5:Exact,none; server owns swing cadence
364,5.939861,0.018142,Tick,live-sample,true,0xF13000007900B1EF,,server,,unchecked,unchecked,none,57.737972,-2.4400287,5,Run,0.8760157,,,,5->5:Exact,none; server owns swing cadence
365,5.954813,0.014952,Tick,live-sample,true,0xF13000007900B1EF,,server,,unchecked,unchecked,none,57.817955,-2.4411957,5,Run,0.89108706,,,,5->5:Exact,none; server owns swing cadence
366,5.971409,0.016596,Tick,live-sample,true,0xF13000007900B1EF,,server,,unchecked,unchecked,none,57.906994,-2.4424925,5,Run,0.90781635,,,,5->5:Exact,none; server owns swing cadence
367,5.988178,0.016769,Tick,live-sample,true,0xF13000007900B1EF,,server,,unchecked,unchecked,none,57.99696,-2.4437952,5,Run,0.9247195,,,,5->5:Exact,none; server owns swing cadence
368,6.004801,0.016623,Tick,live-sample,true,0xF13000007900B1EF,,server,,unchecked,unchecked,none,58.086193,-2.445084,5,Run,0.9414755,,,,5->5:Exact,none; server owns swing cadence
369,6.021262,0.016460,Tick,live-sample,true,0xF13000007900B1EF,,server,,unchecked,unchecked,none,58.174778,-2.446358,5,Run,0.9580675,,,,5->5:Exact,none; server owns swing cadence
370,6.038784,0.017522,Tick,live-sample,true,0xF13000007900B1EF,,server,,unchecked,unchecked,none,58.268845,-2.4477024,5,Run,0.97572976,,,,5->5:Exact,none; server owns swing cadence
371,6.054641,0.015857,Tick,live-sample,true,0xF13000007900B1EF,,server,,unchecked,unchecked,none,58.3539,-2.448913,5,Run,0.991714,,,,5->5:Exact,none; server owns swing cadence
372,6.071546,0.016904,Tick,live-sample,true,0xF13000007900B1EF,,server,,unchecked,unchecked,none,58.445095,-2.450207,5,Run,1.0087537,,,,5->5:Exact,none; server owns swing cadence
373,6.088113,0.016567,Tick,live-sample,true,0xF13000007900B1EF,,server,,unchecked,unchecked,none,58.534805,-2.451476,5,Run,1.0254533,,,,5->5:Exact,none; server owns swing cadence
374,6.104972,0.016859,Tick,live-sample,true,0xF13000007900B1EF,,server,,unchecked,unchecked,none,58.66529,-2.4530563,5,Run,1.0424473,,,,5->5:Exact,none; server owns swing cadence
375,6.122154,0.017182,Tick,live-sample,true,0xF13000007900B1EF,,server,,unchecked,unchecked,none,58.79685,-2.4546373,5,Run,1.0597668,,,,5->5:Exact,none; server owns swing cadence
376,6.138143,0.015989,Tick,live-sample,true,0xF13000007900B1EF,,server,,unchecked,unchecked,none,58.92025,-2.4561157,5,Run,1.0758835,,,,5->5:Exact,none; server owns swing cadence
377,6.155059,0.016916,Tick,live-sample,true,0xF13000007900B1EF,,server,,unchecked,unchecked,none,59.05059,-2.4576616,5,Run,1.0929351,,,,5->5:Exact,none; server owns swing cadence
378,6.171652,0.016593,Tick,live-sample,true,0xF13000007900B1EF,,server,,unchecked,unchecked,none,59.18014,-2.4591925,5,Run,1.1096607,,,,5->5:Exact,none; server owns swing cadence
379,6.188365,0.016713,Tick,live-sample,true,0xF13000007900B1EF,,server,,unchecked,unchecked,none,59.31049,-2.4607291,5,Run,1.1265078,,,,5->5:Exact,none; server owns swing cadence
380,6.205196,0.016831,Tick,live-sample,true,0xF13000007900B1EF,,server,,unchecked,unchecked,none,59.438454,-2.4622312,5,Run,1.1434735,,,,5->5:Exact,none; server owns swing cadence
381,6.221899,0.016703,Tick,live-sample,true,0xF13000007900B1EF,,server,,unchecked,unchecked,none,59.568504,-2.4637408,5,Run,1.1603098,,,,5->5:Exact,none; server owns swing cadence
382,6.239628,0.017729,Tick,live-sample,true,0xF13000007900B1EF,,server,,unchecked,unchecked,none,59.706863,-2.4653401,5,Run,1.1781809,,,,5->5:Exact,none; server owns swing cadence
383,6.255161,0.015533,Tick,live-sample,true,0xF13000007900B1EF,,server,,unchecked,unchecked,none,59.82612,-2.466719,5,Run,1.1938384,,,,5->5:Exact,none; server owns swing cadence
384,6.271755,0.016594,Tick,live-sample,true,0xF13000007900B1EF,,server,,unchecked,unchecked,none,59.955814,-2.4681988,5,Run,1.2105649,,,,5->5:Exact,none; server owns swing cadence
385,6.288343,0.016588,Tick,live-sample,true,0xF13000007900B1EF,,server,,unchecked,unchecked,none,60.08622,-2.4696853,5,Run,1.2272859,,,,5->5:Exact,none; server owns swing cadence
386,6.305117,0.016774,Tick,live-sample,true,0xF13000007900B1EF,,server,,unchecked,unchecked,none,60.214977,-2.4711487,5,Run,1.2441943,,,,5->5:Exact,none; server owns swing cadence
387,6.321866,0.016749,Tick,live-sample,true,0xF13000007900B1EF,,server,,unchecked,unchecked,none,60.346493,-2.4726317,5,Run,1.2610768,,,,5->5:Exact,none; server owns swing cadence
388,6.339242,0.017376,Tick,live-sample,true,0xF13000007900B1EF,,server,,unchecked,unchecked,none,60.483414,-2.4741588,5,Run,1.2785919,,,,5->5:Exact,none; server owns swing cadence
389,6.355203,0.015961,Tick,live-sample,true,0xF13000007900B1EF,,server,,unchecked,unchecked,none,60.60576,-2.475532,5,Run,1.2946804,,,,5->5:Exact,none; server owns swing cadence
390,6.371961,0.016758,Tick,live-sample,true,0xF13000007900B1EF,,server,,unchecked,unchecked,none,60.737755,-2.4769945,5,Run,1.3115728,,,,5->5:Exact,none; server owns swing cadence
391,6.388392,0.016431,Tick,live-sample,true,0xF13000007900B1EF,,server,,unchecked,unchecked,none,60.8675,-2.4784212,5,Run,1.3281353,,,,5->5:Exact,none; server owns swing cadence
392,6.405199,0.016806,Tick,live-sample,true,0xF13000007900B1EF,,server,,unchecked,unchecked,none,60.997696,-2.479859,5,Run,1.345076,,,,5->5:Exact,none; server owns swing cadence
393,6.421960,0.016761,Tick,live-sample,true,0xF13000007900B1EF,,server,,unchecked,unchecked,none,61.129395,-2.4812913,5,Run,1.3619711,,,,5->5:Exact,none; server owns swing cadence
394,6.438693,0.016733,Tick,live-sample,true,0xF13000007900B1EF,,server,,unchecked,unchecked,none,61.26181,-2.4827302,5,Run,1.3788382,,,,5->5:Exact,none; server owns swing cadence
395,6.455317,0.016624,Tick,live-sample,true,0xF13000007900B1EF,,server,,unchecked,unchecked,none,61.393494,-2.4841542,5,Run,1.3955954,,,,5->5:Exact,none; server owns swing cadence
396,6.472048,0.016731,Tick,live-sample,true,0xF13000007900B1EF,,server,,unchecked,unchecked,none,61.52342,-2.4855576,5,Run,1.4124601,,,,5->5:Exact,none; server owns swing cadence
397,6.488479,0.016431,Tick,live-sample,true,0xF13000007900B1EF,,server,,unchecked,unchecked,none,61.65467,-2.486958,5,Run,1.4290227,,,,5->5:Exact,none; server owns swing cadence
398,6.505382,0.016903,Tick,live-sample,true,0xF13000007900B1EF,,server,,unchecked,unchecked,none,61.78835,-2.4883823,5,Run,1.4460607,,,,5->5:Exact,none; server owns swing cadence
399,6.521977,0.016595,Tick,live-sample,true,0xF13000007900B1EF,,server,,unchecked,unchecked,none,61.917866,-2.489758,5,Run,1.4627885,,,,5->5:Exact,none; server owns swing cadence
400,6.539575,0.017598,Tick,live-sample,true,0xF13000007900B1EF,,server,,unchecked,unchecked,none,62.057796,-2.4912295,5,Run,1.4805269,,,,5->5:Exact,none; server owns swing cadence
401,6.555548,0.015973,Tick,live-sample,true,0xF13000007900B1EF,,server,,unchecked,unchecked,none,62.18361,-2.4925456,5,Run,1.4966282,,,,5->5:Exact,none; server owns swing cadence
402,6.572140,0.016592,Tick,live-sample,true,0xF13000007900B1EF,,server,,unchecked,unchecked,none,62.314167,-2.493915,5,Run,1.5133533,,,,5->5:Exact,none; server owns swing cadence
403,6.588743,0.016603,Tick,live-sample,true,0xF13000007900B1EF,,server,,unchecked,unchecked,none,62.446217,-2.4952788,5,Run,1.5300893,,,,5->5:Exact,none; server owns swing cadence
404,6.605403,0.016660,Tick,live-sample,true,0xF13000007900B1EF,,server,,unchecked,unchecked,none,62.579075,-2.4966478,5,Run,1.5468824,,,,5->5:Exact,none; server owns swing cadence
405,6.622102,0.016699,Tick,live-sample,true,0xF13000007900B1EF,,server,,unchecked,unchecked,none,62.709373,-2.4979877,5,Run,1.5637149,,,,5->5:Exact,none; server owns swing cadence
406,6.638632,0.016529,Tick,live-sample,true,0xF13000007900B1EF,,server,,unchecked,unchecked,none,62.84177,-2.4993343,5,Run,1.5803765,,,,5->5:Exact,none; server owns swing cadence
407,6.658231,0.019599,Tick,live-sample,true,0xF13000007900B1EF,,server,,unchecked,unchecked,none,62.998623,-2.5009248,5,Run,1.6001326,,,,5->5:Exact,none; server owns swing cadence
408,6.672169,0.013938,Tick,live-sample,true,0xF13000007900B1EF,,server,,unchecked,unchecked,none,63.10708,-2.50203,5,Run,1.6141821,,,,5->5:Exact,none; server owns swing cadence
409,6.699036,0.026867,Tick,live-sample,true,0xF13000007900B1EF,,server,,unchecked,unchecked,none,63.32638,-2.5042162,5,Run,1.6412644,,,,5->5:Exact,none; server owns swing cadence
410,6.705844,0.006808,Tick,live-sample,true,0xF13000007900B1EF,,server,,unchecked,unchecked,none,63.375698,-2.504723,5,Run,1.6481265,,,,5->5:Exact,none; server owns swing cadence
411,6.722201,0.016357,Tick,live-sample,true,0xF13000007900B1EF,,server,,unchecked,unchecked,none,63.50572,-2.5060225,5,Run,1.6646143,,,,5->5:Exact,none; server owns swing cadence
412,6.738812,0.016611,Tick,live-sample,true,0xF13000007900B1EF,,server,,unchecked,unchecked,none,63.63879,-2.5073357,5,Run,1.6813579,,,,5->5:Exact,none; server owns swing cadence
413,6.756813,0.018001,Tick,live-sample,true,0xF13000007900B1EF,,server,,unchecked,unchecked,none,63.782726,-2.5087554,5,Run,1.6995028,,,,5->5:Exact,none; server owns swing cadence
414,6.772288,0.015476,Tick,live-sample,true,0xF13000007900B1EF,,server,,unchecked,unchecked,none,63.908215,-2.5099854,5,Run,1.7151023,,,,5->5:Exact,none; server owns swing cadence
415,6.788770,0.016482,Tick,live-sample,true,0xF13000007900B1EF,,server,,unchecked,unchecked,none,64.01762,-2.5111415,5,Run,1.7317162,,,,5->5:Exact,none; server owns swing cadence
416,6.805462,0.016692,Tick,live-sample,true,0xF13000007900B1EF,,server,,unchecked,unchecked,none,64.111755,-2.5122116,5,Run,1.7485416,,,,5->5:Exact,none; server owns swing cadence
417,6.822223,0.016761,Tick,live-sample,true,0xF13000007900B1EF,,server,,unchecked,unchecked,none,64.20675,-2.5132878,5,Run,1.7654368,,,,5->5:Exact,none; server owns swing cadence
418,6.838893,0.016670,Tick,live-sample,true,0xF13000007900B1EF,,server,,unchecked,unchecked,none,64.30104,-2.5143516,5,Run,1.7822398,,,,5->5:Exact,none; server owns swing cadence
419,6.856267,0.017374,Tick,live-sample,true,0xF13000007900B1EF,,server,,unchecked,unchecked,none,64.399414,-2.5154572,5,Run,1.7997531,,,,5->5:Exact,none; server owns swing cadence
420,6.872249,0.015982,Tick,live-sample,true,0xF13000007900B1EF,,server,,unchecked,unchecked,none,64.48984,-2.51647,5,Run,1.8158629,,,,5->5:Exact,none; server owns swing cadence
421,6.888917,0.016668,Tick,live-sample,true,0xF13000007900B1EF,,server,,unchecked,unchecked,none,64.58434,-2.5175245,5,Run,1.8326638,,,,5->5:Exact,none; server owns swing cadence
422,6.905486,0.016569,Tick,live-sample,true,0xF13000007900B1EF,,server,,unchecked,unchecked,none,64.67883,-2.518577,5,Run,1.8493655,,,,5->5:Exact,none; server owns swing cadence
423,6.922110,0.016624,Tick,live-sample,true,0xF13000007900B1EF,,server,,unchecked,unchecked,none,64.7734,-2.519627,5,Run,1.8661224,,,,5->5:Exact,none; server owns swing cadence
424,6.939266,0.017157,Tick,live-sample,true,0xF13000007900B1EF,,server,,unchecked,unchecked,none,64.87127,-2.5207086,5,Run,1.8834162,,,,5->5:Exact,none; server owns swing cadence
425,6.955520,0.016254,Tick,live-sample,true,0xF13000007900B1EF,,server,,unchecked,unchecked,none,64.963615,-2.521725,5,Run,1.8998003,,,,5->5:Exact,none; server owns swing cadence
426,6.972414,0.016894,Tick,live-sample,true,0xF13000007900B1EF,,server,,unchecked,unchecked,none,65.06005,-2.522782,5,Run,1.9168296,,,,5->5:Exact,none; server owns swing cadence
427,6.988999,0.016585,Tick,live-sample,true,0xF13000007900B1EF,,server,,unchecked,unchecked,none,65.1549,-2.5238194,5,Run,1.933547,,,,5->5:Exact,none; server owns swing cadence
428,7.005554,0.016555,Tick,live-sample,true,0xF13000007900B1EF,,server,,unchecked,unchecked,none,65.249115,-2.5248437,5,Run,1.9502342,,,,5->5:Exact,none; server owns swing cadence
429,7.022121,0.016567,Tick,live-sample,true,0xF13000007900B1EF,,server,,unchecked,unchecked,none,65.3441,-2.525875,5,Run,1.9669335,,,,5->5:Exact,none; server owns swing cadence
430,7.038953,0.016832,Tick,live-sample,true,0xF13000007900B1EF,,server,,unchecked,unchecked,none,65.44003,-2.5269113,5,Run,1.9839002,,,,5->5:Exact,none; server owns swing cadence
431,7.056294,0.017341,Tick,live-sample,true,0xF13000007900B1EF,,server,,unchecked,unchecked,none,65.53921,-2.5279799,5,Run,2.0013797,,,,5->5:Exact,none; server owns swing cadence
432,7.072360,0.016067,Tick,live-sample,true,0xF13000007900B1EF,,server,,unchecked,unchecked,none,65.63123,-2.5289667,5,Run,2.0175748,,,,5->5:Exact,none; server owns swing cadence
433,7.088875,0.016515,Tick,live-sample,true,0xF13000007900B1EF,,server,,unchecked,unchecked,none,65.725784,-2.529976,5,Run,2.034222,,,,5->5:Exact,none; server owns swing cadence
434,7.105608,0.016733,Tick,live-sample,true,0xF13000007900B1EF,,server,,unchecked,unchecked,none,65.82191,-2.5310013,5,Run,2.0510886,,,,5->5:Exact,none; server owns swing cadence
435,7.122416,0.016808,Tick,live-sample,true,0xF13000007900B1EF,,server,,unchecked,unchecked,none,65.91819,-2.5320225,5,Run,2.0680315,,,,5->5:Exact,none; server owns swing cadence
436,7.139258,0.016841,Tick,live-sample,true,0xF13000007900B1EF,,server,,unchecked,unchecked,none,66.014534,-2.5330405,5,Run,2.0850077,,,,5->5:Exact,none; server owns swing cadence
437,7.155629,0.016371,Tick,live-sample,true,0xF13000007900B1EF,,server,,unchecked,unchecked,none,66.10848,-2.5340307,5,Run,2.10151,,,,5->5:Exact,none; server owns swing cadence
438,7.172385,0.016756,Tick,live-sample,true,0xF13000007900B1EF,,server,,unchecked,unchecked,none,66.204956,-2.5350428,5,Run,2.1184,,,,5->5:Exact,none; server owns swing cadence
439,7.189154,0.016769,Tick,live-sample,true,0xF13000007900B1EF,,server,,unchecked,unchecked,none,66.301506,-2.5360522,5,Run,2.135303,,,,5->5:Exact,none; server owns swing cadence
440,7.205906,0.016752,Tick,live-sample,true,0xF13000007900B1EF,,server,,unchecked,unchecked,none,66.39804,-2.5370598,5,Run,2.1521888,,,,5->5:Exact,none; server owns swing cadence
441,7.222388,0.016483,Tick,live-sample,true,0xF13000007900B1EF,,server,,unchecked,unchecked,none,66.49304,-2.5380473,5,Run,2.1688032,,,,5->5:Exact,none; server owns swing cadence
442,7.239197,0.016809,Tick,live-sample,true,0xF13000007900B1EF,,server,,unchecked,unchecked,none,66.58979,-2.5390477,5,Run,2.1857464,,,,5->5:Exact,none; server owns swing cadence
443,7.257434,0.018237,Tick,live-sample,true,0xF13000007900B1EF,,server,,unchecked,unchecked,none,66.69477,-2.5401287,5,Run,2.2041292,,,,5->5:Exact,none; server owns swing cadence
444,7.272716,0.015282,Tick,live-sample,true,0xF13000007900B1EF,,server,,unchecked,unchecked,none,66.78269,-2.5410316,5,Run,2.2195334,,,,5->5:Exact,none; server owns swing cadence
445,7.289475,0.016759,Tick,live-sample,true,0xF13000007900B1EF,,server,,unchecked,unchecked,none,66.87964,-2.5420234,5,Run,2.236427,,,,5->5:Exact,none; server owns swing cadence
446,7.305800,0.016324,Tick,live-sample,true,0xF13000007900B1EF,,server,,unchecked,unchecked,none,66.97416,-2.5429883,5,Run,2.252882,,,,5->5:Exact,none; server owns swing cadence
447,7.322582,0.016782,Tick,live-sample,true,0xF13000007900B1EF,,server,,unchecked,unchecked,none,67.071236,-2.5439744,5,Run,2.2697983,,,,5->5:Exact,none; server owns swing cadence
448,7.339272,0.016690,Tick,live-sample,true,0xF13000007900B1EF,,server,,unchecked,unchecked,none,67.16758,-2.5449493,5,Run,2.286622,,,,5->5:Exact,none; server owns swing cadence
449,7.356645,0.017373,Tick,live-sample,true,0xF13000007900B1EF,,server,,unchecked,unchecked,none,67.268074,-2.5459623,5,Run,2.304134,,,,5->5:Exact,none; server owns swing cadence
450,7.372710,0.016065,Tick,live-sample,true,0xF13000007900B1EF,,server,,unchecked,unchecked,none,67.361244,-2.546899,5,Run,2.3203273,,,,5->5:Exact,none; server owns swing cadence
451,7.389404,0.016694,Tick,live-sample,true,0xF13000007900B1EF,,server,,unchecked,unchecked,none,67.45778,-2.5478656,5,Run,2.337155,,,,5->5:Exact,none; server owns swing cadence
452,7.406145,0.016741,Tick,live-sample,true,0xF13000007900B1EF,,server,,unchecked,unchecked,none,67.55509,-2.548839,5,Run,2.35403,,,,5->5:Exact,none; server owns swing cadence
453,7.422652,0.016507,Tick,live-sample,true,0xF13000007900B1EF,,server,,unchecked,unchecked,none,67.650856,-2.549793,5,Run,2.3706691,,,,5->5:Exact,none; server owns swing cadence
454,7.439174,0.016522,Tick,live-sample,true,0xF13000007900B1EF,,server,,unchecked,unchecked,none,67.74677,-2.550743,5,Run,2.387323,,,,5->5:Exact,none; server owns swing cadence
455,7.456191,0.017018,Tick,live-sample,true,0xF13000007900B1EF,,server,,unchecked,unchecked,none,67.84597,-2.5517235,5,Run,2.4044766,,,,5->5:Exact,none; server owns swing cadence
456,7.472922,0.016731,Tick,live-sample,true,0xF13000007900B1EF,,server,,unchecked,unchecked,none,67.943535,-2.5526857,5,Run,2.4213412,,,,5->5:Exact,none; server owns swing cadence
457,7.489373,0.016451,Tick,live-sample,true,0xF13000007900B1EF,,server,,unchecked,unchecked,none,68.03955,-2.553629,5,Run,2.4379237,,,,5->5:Exact,none; server owns swing cadence
458,7.506034,0.016661,Tick,live-sample,true,0xF13000007900B1EF,,server,,unchecked,unchecked,none,68.13652,-2.5545764,5,Run,2.4547184,,,,5->5:Exact,none; server owns swing cadence
459,7.522784,0.016749,Tick,live-sample,true,0xF13000007900B1EF,,server,,unchecked,unchecked,none,68.234276,-2.5555305,5,Run,2.4716017,,,,5->5:Exact,none; server owns swing cadence
460,7.539564,0.016780,Tick,live-sample,true,0xF13000007900B1EF,,server,,unchecked,unchecked,none,68.33217,-2.5564806,5,Run,2.488516,,,,5->5:Exact,none; server owns swing cadence
461,7.557629,0.018065,Tick,live-sample,true,0xF13000007900B1EF,,server,,unchecked,unchecked,none,68.43749,-2.5575004,5,Run,2.506726,,,,5->5:Exact,none; server owns swing cadence
462,7.572710,0.015080,Tick,live-sample,true,0xF13000007900B1EF,,server,,unchecked,unchecked,none,68.525635,-2.5583496,5,Run,2.521927,,,,5->5:Exact,none; server owns swing cadence
463,7.589421,0.016711,Tick,live-sample,true,0xF13000007900B1EF,,server,,unchecked,unchecked,none,68.62363,-2.559293,5,Run,2.5387723,,,,5->5:Exact,none; server owns swing cadence
464,7.606030,0.016609,Tick,live-sample,true,0xF13000007900B1EF,,server,,unchecked,unchecked,none,68.72088,-2.5602255,5,Run,2.5555143,,,,5->5:Exact,none; server owns swing cadence
465,7.622948,0.016918,Tick,live-sample,true,0xF13000007900B1EF,,server,,unchecked,unchecked,none,68.819885,-2.5611703,5,Run,2.5725675,,,,5->5:Exact,none; server owns swing cadence
466,7.639666,0.016718,Tick,live-sample,true,0xF13000007900B1EF,,server,,unchecked,unchecked,none,68.91807,-2.5621057,5,Run,2.5894196,,,,5->5:Exact,none; server owns swing cadence
467,7.657098,0.017432,Tick,live-sample,true,0xF13000007900B1EF,,server,,unchecked,unchecked,none,69.020454,-2.5630772,5,Run,2.6069906,,,,5->5:Exact,none; server owns swing cadence
468,7.672985,0.015887,Tick,live-sample,true,0xF13000007900B1EF,,server,,unchecked,unchecked,none,69.11379,-2.5639606,5,Run,2.623005,,,,5->5:Exact,none; server owns swing cadence
469,7.689644,0.016659,Tick,live-sample,true,0xF13000007900B1EF,,server,,unchecked,unchecked,none,69.21142,-2.5648785,5,Run,2.6397972,,,,5->5:Exact,none; server owns swing cadence
470,7.706385,0.016741,Tick,live-sample,true,0xF13000007900B1EF,,server,,unchecked,unchecked,none,69.30984,-2.5658033,5,Run,2.656672,,,,5->5:Exact,none; server owns swing cadence
471,7.722892,0.016507,Tick,live-sample,true,0xF13000007900B1EF,,server,,unchecked,unchecked,none,69.406685,-2.5667095,5,Run,2.6733108,,,,5->5:Exact,none; server owns swing cadence
472,7.739559,0.016668,Tick,live-sample,true,0xF13000007900B1EF,,server,,unchecked,unchecked,none,69.50448,-2.56762,5,Run,2.6901116,,,,5->5:Exact,none; server owns swing cadence
473,7.756503,0.016944,Tick,live-sample,true,0xF13000007900B1EF,,server,,unchecked,unchecked,none,69.60397,-2.5685437,5,Run,2.707191,,,,5->5:Exact,none; server owns swing cadence
474,7.772888,0.016385,Tick,live-sample,true,0xF13000007900B1EF,,server,,unchecked,unchecked,none,69.70017,-2.5694344,5,Run,2.7237067,,,,5->5:Exact,none; server owns swing cadence
475,7.789534,0.016647,Tick,live-sample,true,0xF13000007900B1EF,,server,,unchecked,unchecked,none,69.79815,-2.570337,5,Run,2.7404864,,,,5->5:Exact,none; server owns swing cadence
476,7.806333,0.016799,Tick,live-sample,true,0xF13000007900B1EF,,server,,unchecked,unchecked,none,69.89699,-2.5712452,5,Run,2.7574196,,,,5->5:Exact,none; server owns swing cadence
477,7.822962,0.016629,Tick,live-sample,true,0xF13000007900B1EF,,server,,unchecked,unchecked,none,69.994995,-2.572144,5,Run,2.7741816,,,,5->5:Exact,none; server owns swing cadence
478,7.839676,0.016714,Tick,live-sample,true,0xF13000007900B1EF,,server,,unchecked,unchecked,none,70.09387,-2.5730484,5,Run,2.791029,,,,5->5:Exact,none; server owns swing cadence
479,7.857350,0.017674,Tick,live-sample,true,0xF13000007900B1EF,,server,,unchecked,unchecked,none,70.19788,-2.5739942,5,Run,2.8088443,,,,5->5:Exact,none; server owns swing cadence
480,7.873468,0.016118,Tick,live-sample,true,0xF13000007900B1EF,,server,,unchecked,unchecked,none,70.292786,-2.5748544,5,Run,2.8250911,,,,5->5:Exact,none; server owns swing cadence
481,7.889706,0.016238,Tick,live-sample,true,0xF13000007900B1EF,,server,,unchecked,unchecked,none,70.38856,-2.57572,5,Run,2.8414588,,,,5->5:Exact,none; server owns swing cadence
482,7.906362,0.016657,Tick,live-sample,true,0xF13000007900B1EF,,server,,unchecked,unchecked,none,70.486916,-2.576605,5,Run,2.858249,,,,5->5:Exact,none; server owns swing cadence
483,7.923541,0.017178,Tick,live-sample,true,0xF13000007900B1EF,,server,,unchecked,unchecked,none,70.58862,-2.5775185,5,Run,2.8755646,,,,5->5:Exact,none; server owns swing cadence
484,7.939862,0.016321,Tick,live-sample,true,0xF13000007900B1EF,,server,,unchecked,unchecked,none,70.68537,-2.5783846,5,Run,2.8920162,,,,5->5:Exact,none; server owns swing cadence
485,7.957176,0.017314,Tick,live-sample,true,0xF13000007900B1EF,,server,,unchecked,unchecked,none,70.78802,-2.5793006,5,Run,2.9094687,,,,5->5:Exact,none; server owns swing cadence
486,7.973003,0.015827,Tick,live-sample,true,0xF13000007900B1EF,,server,,unchecked,unchecked,none,70.881584,-2.5801315,5,Run,2.9254224,,,,5->5:Exact,none; server owns swing cadence
487,7.989885,0.016882,Tick,live-sample,true,0xF13000007900B1EF,,server,,unchecked,unchecked,none,70.98187,-2.5810194,5,Run,2.9424398,,,,5->5:Exact,none; server owns swing cadence
488,8.006325,0.016440,Tick,live-sample,true,0xF13000007900B1EF,,server,,unchecked,unchecked,none,71.07966,-2.5818837,5,Run,2.9590116,,,,5->5:Exact,none; server owns swing cadence
489,8.023191,0.016865,Tick,live-sample,true,0xF13000007900B1EF,,server,,unchecked,unchecked,none,71.17998,-2.582768,5,Run,2.9760118,,,,5->5:Exact,none; server owns swing cadence
490,8.039918,0.016727,Tick,live-sample,true,0xF13000007900B1EF,,server,,unchecked,unchecked,none,71.279526,-2.5836425,5,Run,2.9928727,,,,5->5:Exact,none; server owns swing cadence
491,8.056458,0.016540,Tick,live-sample,true,0xF13000007900B1EF,,server,,unchecked,unchecked,none,71.37755,-2.5844982,5,Run,3.0095448,,,,5->5:Exact,none; server owns swing cadence
492,8.073127,0.016669,Tick,live-sample,true,0xF13000007900B1EF,,server,,unchecked,unchecked,none,71.476456,-2.5853589,5,Run,3.0263474,,,,5->5:Exact,none; server owns swing cadence
493,8.089830,0.016703,Tick,live-sample,true,0xF13000007900B1EF,,server,,unchecked,unchecked,none,71.57542,-2.5862174,5,Run,3.043184,,,,5->5:Exact,none; server owns swing cadence
494,8.106572,0.016742,Tick,live-sample,true,0xF13000007900B1EF,,server,,unchecked,unchecked,none,71.67518,-2.5870821,5,Run,3.0600605,,,,5->5:Exact,none; server owns swing cadence
495,8.123209,0.016637,Tick,live-sample,true,0xF13000007900B1EF,,server,,unchecked,unchecked,none,71.77425,-2.5879357,5,Run,3.0768306,,,,5->5:Exact,none; server owns swing cadence
496,8.140081,0.016872,Tick,live-sample,true,0xF13000007900B1EF,,server,,unchecked,unchecked,none,71.87494,-2.5888033,5,Run,3.0938375,,,,5->5:Exact,none; server owns swing cadence
497,8.157712,0.017631,Tick,live-sample,true,0xF13000007900B1EF,,server,,unchecked,unchecked,none,71.97998,-2.5897026,5,Run,3.11161,,,,5->5:Exact,none; server owns swing cadence
498,8.173277,0.015565,Tick,live-sample,true,0xF13000007900B1EF,,server,,unchecked,unchecked,none,72.0725,-2.5904913,5,Run,3.127299,,,,5->5:Exact,none; server owns swing cadence
499,8.189950,0.016672,Tick,live-sample,true,0xF13000007900B1EF,,server,,unchecked,unchecked,none,72.17177,-2.5913355,5,Run,3.144105,,,,5->5:Exact,none; server owns swing cadence
500,8.206423,0.016474,Tick,live-sample,true,0xF13000007900B1EF,,server,,unchecked,unchecked,none,72.27019,-2.5921714,5,Run,3.1607103,,,,5->5:Exact,none; server owns swing cadence
501,8.223283,0.016860,Tick,live-sample,true,0xF13000007900B1EF,,server,,unchecked,unchecked,none,72.37115,-2.593027,5,Run,3.1777048,,,,5->5:Exact,none; server owns swing cadence
502,8.240060,0.016777,Tick,live-sample,true,0xF13000007900B1EF,,server,,unchecked,unchecked,none,72.471405,-2.5938716,5,Run,3.1946163,,,,5->5:Exact,none; server owns swing cadence
503,8.256628,0.016568,Tick,live-sample,true,0xF13000007900B1EF,,server,,unchecked,unchecked,none,72.5708,-2.594708,5,Run,3.2113166,,,,5->5:Exact,none; server owns swing cadence
504,8.273241,0.016613,Tick,live-sample,true,0xF13000007900B1EF,,server,,unchecked,unchecked,none,72.67026,-2.595542,5,Run,3.2280624,,,,5->5:Exact,none; server owns swing cadence
505,8.289993,0.016752,Tick,live-sample,true,0xF13000007900B1EF,,server,,unchecked,unchecked,none,72.77059,-2.596381,5,Run,3.2449486,,,,5->5:Exact,none; server owns swing cadence
506,8.306987,0.016994,Tick,live-sample,true,0xF13000007900B1EF,,server,,unchecked,unchecked,none,72.872635,-2.5972319,5,Run,3.2620788,,,,5->5:Exact,none; server owns swing cadence
507,8.323299,0.016311,Tick,live-sample,true,0xF13000007900B1EF,,server,,unchecked,unchecked,none,72.97057,-2.5980446,5,Run,3.2785203,,,,5->5:Exact,none; server owns swing cadence
508,8.340105,0.016806,Tick,live-sample,true,0xF13000007900B1EF,,server,,unchecked,unchecked,none,73.07114,-2.5988755,5,Run,3.2954612,,,,5->5:Exact,none; server owns swing cadence
509,8.358958,0.018853,Tick,live-sample,true,0xF13000007900B1EF,,server,,unchecked,unchecked,none,73.18439,-2.599809,5,Run,3.3144648,,,,5->5:Exact,none; server owns swing cadence
510,8.373457,0.014499,Tick,live-sample,true,0xF13000007900B1EF,,server,,unchecked,unchecked,none,73.2715,-2.6005244,5,Run,3.32908,,,,5->5:Exact,none; server owns swing cadence
511,8.390019,0.016562,Tick,live-sample,true,0xF13000007900B1EF,,server,,unchecked,unchecked,none,73.370544,-2.601334,5,Run,3.345775,,,,5->5:Exact,none; server owns swing cadence
512,8.407028,0.017009,Tick,live-sample,true,0xF13000007900B1EF,,server,,unchecked,unchecked,none,73.47297,-2.60217,5,Run,3.3629196,,,,5->5:Exact,none; server owns swing cadence
513,8.423553,0.016526,Tick,live-sample,true,0xF13000007900B1EF,,server,,unchecked,unchecked,none,73.57212,-2.6029754,5,Run,3.3795776,,,,5->5:Exact,none; server owns swing cadence
514,8.440123,0.016569,Tick,live-sample,true,0xF13000007900B1EF,,server,,unchecked,unchecked,none,73.672066,-2.6037867,5,Run,3.3962793,,,,5->5:Exact,none; server owns swing cadence
515,8.457575,0.017452,Tick,live-sample,true,0xF13000007900B1EF,,server,,unchecked,unchecked,none,73.777145,-2.6046371,5,Run,3.4138713,,,,5->5:Exact,none; server owns swing cadence
516,8.473337,0.015762,Tick,live-sample,true,0xF13000007900B1EF,,server,,unchecked,unchecked,none,73.87211,-2.6054032,5,Run,3.4297595,,,,5->5:Exact,none; server owns swing cadence
517,8.490086,0.016749,Tick,live-sample,true,0xF13000007900B1EF,,server,,unchecked,unchecked,none,73.97303,-2.606215,5,Run,3.4466429,,,,5->5:Exact,none; server owns swing cadence
518,8.506891,0.016805,Tick,live-sample,true,0xF13000007900B1EF,,server,,unchecked,unchecked,none,74.07408,-2.6070235,5,Run,3.4635823,,,,5->5:Exact,none; server owns swing cadence
519,8.523650,0.016759,Tick,live-sample,true,0xF13000007900B1EF,,server,,unchecked,unchecked,none,74.175186,-2.6078296,5,Run,3.480475,,,,5->5:Exact,none; server owns swing cadence
520,8.540364,0.016714,Tick,live-sample,true,0xF13000007900B1EF,,server,,unchecked,unchecked,none,74.27626,-2.608635,5,Run,3.497323,,,,5->5:Exact,none; server owns swing cadence
521,8.556792,0.016428,Tick,live-sample,true,0xF13000007900B1EF,,server,,unchecked,unchecked,none,74.37571,-2.609424,5,Run,3.513882,,,,5->5:Exact,none; server owns swing cadence
522,8.573435,0.016644,Tick,live-sample,true,0xF13000007900B1EF,,server,,unchecked,unchecked,none,74.47611,-2.6102169,5,Run,3.530659,,,,5->5:Exact,none; server owns swing cadence
523,8.590213,0.016778,Tick,live-sample,true,0xF13000007900B1EF,,server,,unchecked,unchecked,none,74.5774,-2.6110144,5,Run,3.5475712,,,,5->5:Exact,none; server owns swing cadence
524,8.607179,0.016965,Tick,live-sample,true,0xF13000007900B1EF,,server,,unchecked,unchecked,none,74.67958,-2.611817,5,Run,3.5646722,,,,5->5:Exact,none; server owns swing cadence
525,8.623792,0.016614,Tick,live-sample,true,0xF13000007900B1EF,,server,,unchecked,unchecked,none,74.78005,-2.6126044,5,Run,3.5814188,,,,5->5:Exact,none; server owns swing cadence
526,8.640516,0.016723,Tick,live-sample,true,0xF13000007900B1EF,,server,,unchecked,unchecked,none,74.88141,-2.6133966,5,Run,3.598276,,,,5->5:Exact,none; server owns swing cadence
527,8.658198,0.017683,Tick,live-sample,true,0xF13000007900B1EF,,server,,unchecked,unchecked,none,74.98801,-2.6142254,5,Run,3.6161,,,,5->5:Exact,none; server owns swing cadence
528,8.673721,0.015523,Tick,live-sample,true,0xF13000007900B1EF,,server,,unchecked,unchecked,none,75.08182,-2.6149533,5,Run,3.6317475,,,,5->5:Exact,none; server owns swing cadence
529,8.690246,0.016525,Tick,live-sample,true,0xF13000007900B1EF,,server,,unchecked,unchecked,none,75.18171,-2.6157243,5,Run,3.6484046,,,,5->5:Exact,none; server owns swing cadence
530,8.706922,0.016676,Tick,live-sample,true,0xF13000007900B1EF,,server,,unchecked,unchecked,none,75.282486,-2.6165001,5,Run,3.6652136,,,,5->5:Exact,none; server owns swing cadence
531,8.724191,0.017269,Tick,live-sample,true,0xF13000007900B1EF,,server,,unchecked,unchecked,none,75.38675,-2.6172998,5,Run,3.6826208,,,,5->5:Exact,none; server owns swing cadence
532,8.740659,0.016468,Tick,live-sample,true,0xF13000007900B1EF,,server,,unchecked,unchecked,none,75.4867,-2.6180658,5,Run,3.69922,,,,5->5:Exact,none; server owns swing cadence
533,8.757741,0.017082,Tick,live-sample,true,0xF13000007900B1EF,,server,,unchecked,unchecked,none,75.59014,-2.6188557,5,Run,3.7164385,,,,5->5:Exact,none; server owns swing cadence
534,8.773709,0.015969,Tick,live-sample,true,0xF13000007900B1EF,,server,,unchecked,unchecked,none,75.686806,-2.619591,5,Run,3.732535,,,,5->5:Exact,none; server owns swing cadence
535,8.790449,0.016740,Tick,live-sample,true,0xF13000007900B1EF,,server,,unchecked,unchecked,none,75.788574,-2.6203644,5,Run,3.749409,,,,5->5:Exact,none; server owns swing cadence
536,8.807068,0.016618,Tick,live-sample,true,0xF13000007900B1EF,,server,,unchecked,unchecked,none,75.88954,-2.621129,5,Run,3.76616,,,,5->5:Exact,none; server owns swing cadence
537,8.823849,0.016781,Tick,live-sample,true,0xF13000007900B1EF,,server,,unchecked,unchecked,none,75.99148,-2.6218972,5,Run,3.7830756,,,,5->5:Exact,none; server owns swing cadence
538,8.840660,0.016812,Tick,live-sample,true,0xF13000007900B1EF,,server,,unchecked,unchecked,none,76.09345,-2.6226633,5,Run,3.8000216,,,,5->5:Exact,none; server owns swing cadence
539,8.857226,0.016565,Tick,live-sample,true,0xF13000007900B1EF,,server,,unchecked,unchecked,none,76.19456,-2.623422,5,Run,3.8167195,,,,5->5:Exact,none; server owns swing cadence
540,8.873973,0.016747,Tick,live-sample,true,0xF13000007900B1EF,,server,,unchecked,unchecked,none,76.29655,-2.624185,5,Run,3.8336008,,,,5->5:Exact,none; server owns swing cadence
541,8.890632,0.016659,Tick,live-sample,true,0xF13000007900B1EF,,server,,unchecked,unchecked,none,76.39781,-2.6249385,5,Run,3.8503928,,,,5->5:Exact,none; server owns swing cadence
542,8.907197,0.016565,Tick,live-sample,true,0xF13000007900B1EF,,server,,unchecked,unchecked,none,76.498276,-2.6256833,5,Run,3.8670902,,,,5->5:Exact,none; server owns swing cadence
543,8.924766,0.017569,Tick,live-sample,true,0xF13000007900B1EF,,server,,unchecked,unchecked,none,76.60555,-2.6264787,5,Run,3.8848002,,,,5->5:Exact,none; server owns swing cadence
544,8.940517,0.015750,Tick,live-sample,true,0xF13000007900B1EF,,server,,unchecked,unchecked,none,76.70172,-2.6271892,5,Run,3.9006765,,,,5->5:Exact,none; server owns swing cadence
545,8.958282,0.017766,Tick,live-sample,true,0xF13000007900B1EF,,server,,unchecked,unchecked,none,76.81001,-2.6279855,5,Run,3.918584,,,,5->5:Exact,none; server owns swing cadence
546,8.973911,0.015629,Tick,live-sample,true,0xF13000007900B1EF,,server,,unchecked,unchecked,none,76.90541,-2.6286857,5,Run,3.934338,,,,5->5:Exact,none; server owns swing cadence
547,8.990540,0.016629,Tick,live-sample,true,0xF13000007900B1EF,,server,,unchecked,unchecked,none,77.00686,-2.6294284,5,Run,3.9510996,,,,5->5:Exact,none; server owns swing cadence
548,9.007085,0.016546,Tick,live-sample,true,0xF13000007900B1EF,,server,,unchecked,unchecked,none,77.107574,-2.6301615,5,Run,3.9677775,,,,5->5:Exact,none; server owns swing cadence
549,9.023982,0.016897,Tick,live-sample,true,0xF13000007900B1EF,,server,,unchecked,unchecked,none,77.210884,-2.6309118,5,Run,3.9848099,,,,5->5:Exact,none; server owns swing cadence
550,9.040927,0.016945,Tick,live-sample,true,0xF13000007900B1EF,,server,,unchecked,unchecked,none,77.31423,-2.6316605,5,Run,4.00189,,,,5->5:Exact,none; server owns swing cadence
551,9.057545,0.016618,Tick,live-sample,true,0xF13000007900B1EF,,server,,unchecked,unchecked,none,77.41585,-2.6323953,5,Run,4.018641,,,,5->5:Exact,none; server owns swing cadence
552,9.073846,0.016301,Tick,live-sample,true,0xF13000007900B1EF,,server,,unchecked,unchecked,none,77.51581,-2.6331155,5,Run,4.0350723,,,,5->5:Exact,none; server owns swing cadence
553,9.090759,0.016913,Tick,live-sample,true,0xF13000007900B1EF,,server,,unchecked,unchecked,none,77.619286,-2.6338582,5,Run,4.0521207,,,,5->5:Exact,none; server owns swing cadence
554,9.107400,0.016641,Tick,live-sample,true,0xF13000007900B1EF,,server,,unchecked,unchecked,none,77.7211,-2.6345859,5,Run,4.0688953,,,,5->5:Exact,none; server owns swing cadence
555,9.124094,0.016693,Tick,live-sample,true,0xF13000007900B1EF,,server,,unchecked,unchecked,none,77.82295,-2.635312,5,Run,4.085722,,,,5->5:Exact,none; server owns swing cadence
556,9.140885,0.016792,Tick,live-sample,true,0xF13000007900B1EF,,server,,unchecked,unchecked,none,77.925705,-2.6360424,5,Run,4.102648,,,,5->5:Exact,none; server owns swing cadence
557,9.157434,0.016549,Tick,live-sample,true,0xF13000007900B1EF,,server,,unchecked,unchecked,none,78.026794,-2.6367583,5,Run,4.119329,,,,5->5:Exact,none; server owns swing cadence
558,9.173946,0.016512,Tick,live-sample,true,0xF13000007900B1EF,,server,,unchecked,unchecked,none,78.127846,-2.6374736,5,Run,4.135973,,,,5->5:Exact,none; server owns swing cadence
559,9.190771,0.016825,Tick,live-sample,true,0xF13000007900B1EF,,server,,unchecked,unchecked,none,78.23072,-2.6381981,5,Run,4.1529326,,,,5->5:Exact,none; server owns swing cadence
560,9.207482,0.016710,Tick,live-sample,true,0xF13000007900B1EF,,server,,unchecked,unchecked,none,78.33356,-2.6389222,5,Run,4.169777,,,,5->5:Exact,none; server owns swing cadence
561,9.224213,0.016731,Tick,live-sample,true,0xF13000007900B1EF,,server,,unchecked,unchecked,none,78.43644,-2.6396444,5,Run,4.186642,,,,5->5:Exact,none; server owns swing cadence
562,9.240849,0.016636,Tick,live-sample,true,0xF13000007900B1EF,,server,,unchecked,unchecked,none,78.53858,-2.6403573,5,Run,4.203411,,,,5->5:Exact,none; server owns swing cadence
563,9.258343,0.017494,Tick,live-sample,true,0xF13000007900B1EF,,server,,unchecked,unchecked,none,78.64596,-2.6411042,5,Run,4.2210455,,,,5->5:Exact,none; server owns swing cadence
564,9.274143,0.015799,Tick,live-sample,true,0xF13000007900B1EF,,server,,unchecked,unchecked,none,78.74298,-2.6417773,5,Run,4.2369714,,,,5->5:Exact,none; server owns swing cadence
565,9.290924,0.016782,Tick,live-sample,true,0xF13000007900B1EF,,server,,unchecked,unchecked,none,78.8461,-2.6424909,5,Run,4.253887,,,,5->5:Exact,none; server owns swing cadence
566,9.307493,0.016569,Tick,live-sample,true,0xF13000007900B1EF,,server,,unchecked,unchecked,none,78.948326,-2.6431973,5,Run,4.2705884,,,,5->5:Exact,none; server owns swing cadence
567,9.324356,0.016863,Tick,live-sample,true,0xF13000007900B1EF,,server,,unchecked,unchecked,none,79.0523,-2.6439145,5,Run,4.287586,,,,5->5:Exact,none; server owns swing cadence
568,9.341030,0.016674,Tick,live-sample,true,0xF13000007900B1EF,,server,,unchecked,unchecked,none,79.15468,-2.6446161,5,Run,4.3043933,,,,5->5:Exact,none; server owns swing cadence
569,9.357668,0.016639,Tick,live-sample,true,0xF13000007900B1EF,,server,,unchecked,unchecked,none,79.257095,-2.6453161,5,Run,4.321165,,,,5->5:Exact,none; server owns swing cadence
570,9.374068,0.016400,Tick,live-sample,true,0xF13000007900B1EF,,server,,unchecked,unchecked,none,79.35784,-2.646002,5,Run,4.3376956,,,,5->5:Exact,none; server owns swing cadence
571,9.390942,0.016874,Tick,live-sample,true,0xF13000007900B1EF,,server,,unchecked,unchecked,none,79.461975,-2.6467118,5,Run,4.3547044,,,,5->5:Exact,none; server owns swing cadence
572,9.407773,0.016831,Tick,live-sample,true,0xF13000007900B1EF,,server,,unchecked,unchecked,none,79.56537,-2.6474123,5,Run,4.3716702,,,,5->5:Exact,none; server owns swing cadence
573,9.424309,0.016537,Tick,live-sample,true,0xF13000007900B1EF,,server,,unchecked,unchecked,none,79.66708,-2.648099,5,Run,4.3883395,,,,5->5:Exact,none; server owns swing cadence
574,9.440949,0.016640,Tick,live-sample,true,0xF13000007900B1EF,,server,,unchecked,unchecked,none,79.76969,-2.64879,5,Run,4.4051123,,,,5->5:Exact,none; server owns swing cadence
575,9.459495,0.018546,Tick,live-sample,true,0xF13000007900B1EF,,server,,unchecked,unchecked,none,79.88442,-2.6495624,5,Run,4.423807,,,,5->5:Exact,none; server owns swing cadence
576,9.474190,0.014695,Tick,live-sample,true,0xF13000007900B1EF,,server,,unchecked,unchecked,none,79.97488,-2.650169,5,Run,4.4386196,,,,5->5:Exact,none; server owns swing cadence
577,9.491004,0.016814,Tick,live-sample,true,0xF13000007900B1EF,,server,,unchecked,unchecked,none,80.07846,-2.6508608,5,Run,4.4555683,,,,5->5:Exact,none; server owns swing cadence
578,9.507629,0.016625,Tick,live-sample,true,0xF13000007900B1EF,,server,,unchecked,unchecked,none,80.18115,-2.6515458,5,Run,4.4723263,,,,5->5:Exact,none; server owns swing cadence
579,9.524310,0.016681,Tick,live-sample,true,0xF13000007900B1EF,,server,,unchecked,unchecked,none,80.28395,-2.6522279,5,Run,4.489141,,,,5->5:Exact,none; server owns swing cadence
580,9.540955,0.016644,Tick,live-sample,true,0xF13000007900B1EF,,server,,unchecked,unchecked,none,80.38679,-2.6529083,5,Run,4.5059185,,,,5->5:Exact,none; server owns swing cadence
581,9.558569,0.017614,Tick,live-sample,true,0xF13000007900B1EF,,server,,unchecked,unchecked,none,80.49575,-2.6536274,5,Run,4.5236735,,,,5->5:Exact,none; server owns swing cadence
582,9.574251,0.015682,Tick,live-sample,true,0xF13000007900B1EF,,server,,unchecked,unchecked,none,80.59257,-2.6542637,5,Run,4.539481,,,,5->5:Exact,none; server owns swing cadence
583,9.591151,0.016900,Tick,live-sample,true,0xF13000007900B1EF,,server,,unchecked,unchecked,none,80.697235,-2.6549506,5,Run,4.5565166,,,,5->5:Exact,none; server owns swing cadence
584,9.607773,0.016622,Tick,live-sample,true,0xF13000007900B1EF,,server,,unchecked,unchecked,none,80.80015,-2.6556253,5,Run,4.5732718,,,,5->5:Exact,none; server owns swing cadence
585,9.624373,0.016600,Tick,live-sample,true,0xF13000007900B1EF,,server,,unchecked,unchecked,none,80.9031,-2.6562984,5,Run,4.590005,,,,5->5:Exact,none; server owns swing cadence
586,9.641214,0.016841,Tick,live-sample,true,0xF13000007900B1EF,,server,,unchecked,unchecked,none,81.00702,-2.6569743,5,Run,4.606981,,,,5->5:Exact,none; server owns swing cadence
587,9.657802,0.016588,Tick,live-sample,true,0xF13000007900B1EF,,server,,unchecked,unchecked,none,81.11004,-2.6576438,5,Run,4.623701,,,,5->5:Exact,none; server owns swing cadence
588,9.674417,0.016615,Tick,live-sample,true,0xF13000007900B1EF,,server,,unchecked,unchecked,none,81.213104,-2.6583114,5,Run,4.6404486,,,,5->5:Exact,none; server owns swing cadence
589,9.691403,0.016987,Tick,live-sample,true,0xF13000007900B1EF,,server,,unchecked,unchecked,none,81.31799,-2.658988,5,Run,4.657571,,,,5->5:Exact,none; server owns swing cadence
590,9.707988,0.016585,Tick,live-sample,true,0xF13000007900B1EF,,server,,unchecked,unchecked,none,81.42112,-2.6596525,5,Run,4.6742883,,,,5->5:Exact,none; server owns swing cadence
591,9.724743,0.016755,Tick,live-sample,true,0xF13000007900B1EF,,server,,unchecked,unchecked,none,81.52522,-2.6603198,5,Run,4.691178,,,,5->5:Exact,none; server owns swing cadence
592,9.741457,0.016713,Tick,live-sample,true,0xF13000007900B1EF,,server,,unchecked,unchecked,none,81.629295,-2.6609864,5,Run,4.708025,,,,5->5:Exact,none; server owns swing cadence
593,9.759423,0.017967,Tick,live-sample,true,0xF13000007900B1EF,,server,,unchecked,unchecked,none,81.74052,-2.661694,5,Run,4.7261353,,,,5->5:Exact,none; server owns swing cadence
594,9.774834,0.015410,Tick,live-sample,true,0xF13000007900B1EF,,server,,unchecked,unchecked,none,81.835945,-2.662301,5,Run,4.7416687,,,,5->5:Exact,none; server owns swing cadence
595,9.791398,0.016565,Tick,live-sample,true,0xF13000007900B1EF,,server,,unchecked,unchecked,none,81.93847,-2.66295,5,Run,4.758366,,,,5->5:Exact,none; server owns swing cadence
596,9.807980,0.016581,Tick,live-sample,true,0xF13000007900B1EF,,server,,unchecked,unchecked,none,82.04181,-2.6636045,5,Run,4.7750797,,,,5->5:Exact,none; server owns swing cadence
597,9.824631,0.016652,Tick,live-sample,true,0xF13000007900B1EF,,server,,unchecked,unchecked,none,82.14526,-2.664256,5,Run,4.791865,,,,5->5:Exact,none; server owns swing cadence
598,9.841419,0.016787,Tick,live-sample,true,0xF13000007900B1EF,,server,,unchecked,unchecked,none,82.24961,-2.6649117,5,Run,4.8087864,,,,5->5:Exact,none; server owns swing cadence
599,9.858732,0.017313,Tick,live-sample,true,0xF13000007900B1EF,,server,,unchecked,unchecked,none,82.35746,-2.6655884,5,Run,4.826238,,,,5->5:Exact,none; server owns swing cadence
600,9.874647,0.015914,Tick,live-sample,true,0xF13000007900B1EF,,server,,unchecked,unchecked,none,82.45662,-2.6662078,5,Run,4.84228,,,,5->5:Exact,none; server owns swing cadence
601,9.891306,0.016659,Tick,live-sample,true,0xF13000007900B1EF,,server,,unchecked,unchecked,none,82.5602,-2.6668527,5,Run,4.859072,,,,5->5:Exact,none; server owns swing cadence
602,9.908019,0.016714,Tick,live-sample,true,0xF13000007900B1EF,,server,,unchecked,unchecked,none,82.66462,-2.6675029,5,Run,4.8759193,,,,5->5:Exact,none; server owns swing cadence
603,9.924860,0.016841,Tick,live-sample,true,0xF13000007900B1EF,,server,,unchecked,unchecked,none,82.76914,-2.6681502,5,Run,4.8928947,,,,5->5:Exact,none; server owns swing cadence
604,9.941555,0.016695,Tick,live-sample,true,0xF13000007900B1EF,,server,,unchecked,unchecked,none,82.87284,-2.6687903,5,Run,4.9097233,,,,5->5:Exact,none; server owns swing cadence
605,9.958026,0.016471,Tick,live-sample,true,0xF13000007900B1EF,,server,,unchecked,unchecked,none,82.97563,-2.6694245,5,Run,4.9263263,,,,5->5:Exact,none; server owns swing cadence
606,9.974903,0.016877,Tick,live-sample,true,0xF13000007900B1EF,,server,,unchecked,unchecked,none,83.08112,-2.6700726,5,Run,4.943338,,,,5->5:Exact,none; server owns swing cadence
607,9.991392,0.016489,Tick,live-sample,true,0xF13000007900B1EF,,server,,unchecked,unchecked,none,83.183975,-2.6707034,5,Run,4.959959,,,,5->5:Exact,none; server owns swing cadence
608,10.008065,0.016673,Tick,live-sample,true,0xF13000007900B1EF,,server,,unchecked,unchecked,none,83.2878,-2.6713371,5,Run,4.976765,,,,5->5:Exact,none; server owns swing cadence
609,10.008065,0.000000,AttackStartReceive,server,true,0x0000000000000105,SMSG_ATTACKSTART,server,,unchecked,unchecked,none,64.129135,-5.519051,5,Run,4.976765,,,,5->5:Exact,attacker=0xF13000007A00E7F9
610,10.008065,0.000000,CombatReceive,server,true,0x0000000000000000,SMSG_SPELLNONMELEEDAMAGELOG,server,,unchecked,unchecked,none,-1,,5,Run,4.976765,,,,5->5:Exact,CombatSpellDamage
611,10.024802,0.016738,Tick,live-sample,true,0xF13000007900B1EF,,server,,unchecked,unchecked,none,83.39247,-2.671976,5,Run,4.9936366,,,,5->5:Exact,none; server owns swing cadence
612,10.041577,0.016775,Tick,live-sample,true,0xF13000007900B1EF,,server,,unchecked,unchecked,none,83.49723,-2.6726122,5,Run,5.010546,,,,5->5:Exact,none; server owns swing cadence
613,10.059696,0.018118,Tick,live-sample,true,0xF13000007900B1EF,,server,,unchecked,unchecked,none,83.61079,-2.6733007,5,Run,5.0288095,,,,5->5:Exact,none; server owns swing cadence
614,10.075326,0.015631,Tick,live-sample,true,0xF13000007900B1EF,,server,,unchecked,unchecked,none,83.70853,-2.673892,5,Run,5.044565,,,,5->5:Exact,none; server owns swing cadence
615,10.091947,0.016621,Tick,live-sample,true,0xF13000007900B1EF,,server,,unchecked,unchecked,none,83.81245,-2.674519,5,Run,5.0613194,,,,5->5:Exact,none; server owns swing cadence
616,10.091947,0.000000,AnimChoice,animator,true,0xF13000007900B1EF,,server,,unchecked,unchecked,none,83.81245,-2.674519,5,Run,5.0613194,,,,26->26:Exact,track=0 requested=26 played=26 kind=Exact base=5:Run clipB= blendWeight=0
617,10.108669,0.016722,Tick,live-sample,true,0xF13000007900B1EF,,server,,unchecked,unchecked,none,83.81245,-2.674519,26,Ready1H,0.0167218,Run,5.078175,0.034511685,26->26:Exact,none; server owns swing cadence
618,10.108669,0.000000,AttackStopSend,network-session-send,true,0x0000000000000000,CMSG_ATTACKSTOP,server,,unchecked,unchecked,none,-1,,26,Ready1H,0.0167218,Run,5.078175,0.034511685,26->26:Exact,CMSG_ATTACKSTOP
619,10.108669,0.000000,IntentOff,user-cancel,true,0xF13000007900B1EF,,server,,unchecked,unchecked,none,83.81245,-2.674519,26,Ready1H,0.0167218,Run,5.078175,0.034511685,26->26:Exact,local attack latch edge
620,10.124950,0.016281,Tick,live-sample,false,0x0000000000000000,,server,,unchecked,unchecked,none,-1,,26,Ready1H,0.033002898,Run,5.0945864,0.1239239,26->26:Exact,none; server owns swing cadence
