row,t,dt,event,cause,intentOn,targetGuid,opcode,swingTimerOwner,weaponSpeedMs,rangeEligibility,arcEligibility,clientAction,distance,bearingDelta,facingDelta,clipId,clipName,clipTime,clipB,clipBTime,blendWeight,animChoice,detail
0,0.000000,0.000000,TraceStart,operator,false,0x0000000000000000,,server,,unchecked,unchecked,none,-1,,,0,Stand,0.0167265,WalkBackwards,4.023288,0.005099535,0->0:Exact,server-authoritative swing timing; client range/arc gates absent
1,0.000000,0.000000,AttackSwingSend,network-session-send,false,0xF13000007A015EA6,CMSG_ATTACKSWING,server,,unchecked,unchecked,none,71.34766,-1.2593784,-1.2593784,0,Stand,0.0333376,WalkBackwards,4.053188,0.019680798,0->0:Exact,CMSG_ATTACKSWING
2,0.000000,0.000000,IntentOn,user-start,true,0xF13000007A015EA6,,server,,unchecked,unchecked,none,71.34766,-1.2593784,-1.2593784,0,Stand,0.0333376,WalkBackwards,4.053188,0.019680798,0->0:Exact,local attack latch edge
3,0.016699,0.016699,Tick,live-sample,true,0xF13000007A015EA6,,server,,unchecked,unchecked,none,71.34766,-1.2593784,-1.2593784,0,Stand,0.0500363,WalkBackwards,4.0832453,0.043028295,0->0:Exact,none; server owns swing cadence
4,0.033274,0.016575,Tick,live-sample,true,0xF13000007A015EA6,,server,,unchecked,unchecked,none,71.34766,-1.2593784,-1.2593784,0,Stand,0.0666114,WalkBackwards,4.1130805,0.07395893,0->0:Exact,none; server owns swing cadence
5,0.050041,0.016767,Tick,live-sample,true,0xF13000007A015EA6,,server,,unchecked,unchecked,none,71.34766,-1.2593784,-1.2593784,0,Stand,0.08337811,WalkBackwards,4.1432605,0.11223453,0->0:Exact,none; server owns swing cadence
6,0.066588,0.016547,Tick,live-sample,true,0xF13000007A015EA6,,server,,unchecked,unchecked,none,71.34766,-1.2593784,-1.2593784,0,Stand,0.0999255,WalkBackwards,4.1730456,0.15604049,0->0:Exact,none; server owns swing cadence
7,0.083294,0.016706,Tick,live-sample,true,0xF13000007A015EA6,,server,,unchecked,unchecked,none,71.34766,-1.2593784,-1.2593784,0,Stand,0.1166317,WalkBackwards,4.203117,0.2054761,0->0:Exact,none; server owns swing cadence
8,0.099969,0.016675,Tick,live-sample,true,0xF13000007A015EA6,,server,,unchecked,unchecked,none,71.34766,-1.2593784,-1.2593784,0,Stand,0.1333069,WalkBackwards,4.2331324,0.25917113,0->0:Exact,none; server owns swing cadence
9,0.099969,0.000000,AttackStartReceive,server,true,0xF13000007A015EA6,SMSG_ATTACKSTART,server,,unchecked,unchecked,none,71.34766,-1.2593784,-1.2593784,0,Stand,0.1333069,WalkBackwards,4.2331324,0.25917113,0->0:Exact,attacker=0x0000000000000001
10,0.099969,0.000000,AnimChoice,animator,true,0xF13000007A015EA6,,server,,unchecked,unchecked,none,71.34766,-1.2593784,-1.2593784,0,Stand,0.1333069,WalkBackwards,4.2331324,0.25917113,26->26:Exact,track=0 requested=26 played=26 kind=Exact base=0:Stand clipB=WalkBackwards blendWeight=0.25917113
11,0.116830,0.016861,Tick,live-sample,true,0xF13000007A015EA6,,server,,unchecked,unchecked,none,71.34766,-1.2593784,-1.2593784,26,Ready1H,0.0168609,Stand,0.15016781,0.035064816,26->26:Exact,none; server owns swing cadence
12,0.134451,0.017621,Tick,live-sample,true,0xF13000007A015EA6,,server,,unchecked,unchecked,none,71.34766,-1.2593784,-1.2593784,26,Ready1H,0.034481898,Stand,0.1677888,0.13423777,26->26:Exact,none; server owns swing cadence
13,0.149974,0.015522,Tick,live-sample,true,0xF13000007A015EA6,,server,,unchecked,unchecked,none,71.34766,-1.2593784,-1.2593784,26,Ready1H,0.050004397,Stand,0.1833113,0.25929832,26->26:Exact,none; server owns swing cadence
14,0.166902,0.016928,Tick,live-sample,true,0xF13000007A015EA6,,server,,unchecked,unchecked,none,71.34766,-1.2593784,-1.2593784,26,Ready1H,0.0669328,Stand,0.2002397,0.41963905,26->26:Exact,none; server owns swing cadence
15,0.183550,0.016648,Tick,live-sample,true,0xF13000007A015EA6,,server,,unchecked,unchecked,none,71.34766,-1.2593784,-1.2593784,26,Ready1H,0.0835806,Stand,0.2168875,0.5854316,26->26:Exact,none; server owns swing cadence
16,0.200038,0.016488,Tick,live-sample,true,0xF13000007A015EA6,,server,,unchecked,unchecked,none,71.34766,-1.2593784,-1.2593784,26,Ready1H,0.1000688,Stand,0.2333757,0.7413521,26->26:Exact,none; server owns swing cadence
17,0.216848,0.016810,Tick,live-sample,true,0xF13000007A015EA6,,server,,unchecked,unchecked,none,71.34766,-1.2593784,-1.2593784,26,Ready1H,0.1168783,Stand,0.2501852,0.8752595,26->26:Exact,none; server owns swing cadence
18,0.233374,0.016526,Tick,live-sample,true,0xF13000007A015EA6,,server,,unchecked,unchecked,none,71.34766,-1.2593784,-1.2593784,26,Ready1H,0.1334045,Stand,0.26671138,0.9659871,26->26:Exact,none; server owns swing cadence
19,0.250347,0.016973,Tick,live-sample,true,0xF13000007A015EA6,,server,,unchecked,unchecked,none,71.34766,-1.2593784,-1.2593784,26,Ready1H,0.15037799,,,,26->26:Exact,none; server owns swing cadence
20,0.266765,0.016417,Tick,live-sample,true,0xF13000007A015EA6,,server,,unchecked,unchecked,none,71.34766,-1.2593784,-1.2593784,26,Ready1H,0.1667952,,,,26->26:Exact,none; server owns swing cadence
21,0.283525,0.016761,Tick,live-sample,true,0xF13000007A015EA6,,server,,unchecked,unchecked,none,71.34766,-1.2593784,-1.2593784,26,Ready1H,0.1835559,,,,26->26:Exact,none; server owns swing cadence
22,0.300269,0.016743,Tick,live-sample,true,0xF13000007A015EA6,,server,,unchecked,unchecked,none,71.34766,-1.2593784,-1.2593784,26,Ready1H,0.2002992,,,,26->26:Exact,none; server owns swing cadence
23,0.316967,0.016698,Tick,live-sample,true,0xF13000007A015EA6,,server,,unchecked,unchecked,none,71.34766,-1.2593784,-1.2593784,26,Ready1H,0.2169972,,,,26->26:Exact,none; server owns swing cadence
24,0.333506,0.016540,Tick,live-sample,true,0xF13000007A015EA6,,server,,unchecked,unchecked,none,71.34766,-1.2593784,-1.2593784,26,Ready1H,0.23353711,,,,26->26:Exact,none; server owns swing cadence
25,0.350286,0.016779,Tick,live-sample,true,0xF13000007A015EA6,,server,,unchecked,unchecked,none,71.34766,-1.2593784,-1.2593784,26,Ready1H,0.2503162,,,,26->26:Exact,none; server owns swing cadence
26,0.367021,0.016736,Tick,live-sample,true,0xF13000007A015EA6,,server,,unchecked,unchecked,none,71.34766,-1.2593784,-1.2593784,26,Ready1H,0.26705182,,,,26->26:Exact,none; server owns swing cadence
27,0.383548,0.016527,Tick,live-sample,true,0xF13000007A015EA6,,server,,unchecked,unchecked,none,71.34766,-1.2593784,-1.2593784,26,Ready1H,0.2835786,,,,26->26:Exact,none; server owns swing cadence
28,0.400364,0.016816,Tick,live-sample,true,0xF13000007A015EA6,,server,,unchecked,unchecked,none,71.34766,-1.2593784,-1.2593784,26,Ready1H,0.3003946,,,,26->26:Exact,none; server owns swing cadence
29,0.416947,0.016583,Tick,live-sample,true,0xF13000007A015EA6,,server,,unchecked,unchecked,none,71.34766,-1.2593784,-1.2593784,26,Ready1H,0.3169778,,,,26->26:Exact,none; server owns swing cadence
30,0.433592,0.016645,Tick,live-sample,true,0xF13000007A015EA6,,server,,unchecked,unchecked,none,71.34766,-1.2593784,-1.2593784,26,Ready1H,0.3336227,,,,26->26:Exact,none; server owns swing cadence
31,0.450362,0.016770,Tick,live-sample,true,0xF13000007A015EA6,,server,,unchecked,unchecked,none,71.34766,-1.2593784,-1.2593784,26,Ready1H,0.35039258,,,,26->26:Exact,none; server owns swing cadence
32,0.467013,0.016652,Tick,live-sample,true,0xF13000007A015EA6,,server,,unchecked,unchecked,none,71.34766,-1.2593784,-1.2593784,26,Ready1H,0.3670441,,,,26->26:Exact,none; server owns swing cadence
33,0.483677,0.016663,Tick,live-sample,true,0xF13000007A015EA6,,server,,unchecked,unchecked,none,71.34766,-1.2593784,-1.2593784,26,Ready1H,0.3837074,,,,26->26:Exact,none; server owns swing cadence
34,0.500345,0.016668,Tick,live-sample,true,0xF13000007A015EA6,,server,,unchecked,unchecked,none,71.34766,-1.2593784,-1.2593784,26,Ready1H,0.40037522,,,,26->26:Exact,none; server owns swing cadence
35,0.517135,0.016791,Tick,live-sample,true,0xF13000007A015EA6,,server,,unchecked,unchecked,none,71.34766,-1.2593784,-1.2593784,26,Ready1H,0.4171661,,,,26->26:Exact,none; server owns swing cadence
36,0.533825,0.016690,Tick,live-sample,true,0xF13000007A015EA6,,server,,unchecked,unchecked,none,71.34766,-1.2593784,-1.2593784,26,Ready1H,0.43385613,,,,26->26:Exact,none; server owns swing cadence
37,0.550361,0.016535,Tick,live-sample,true,0xF13000007A015EA6,,server,,unchecked,unchecked,none,71.34766,-1.2593784,-1.2593784,26,Ready1H,0.45039132,,,,26->26:Exact,none; server owns swing cadence
38,0.567191,0.016830,Tick,live-sample,true,0xF13000007A015EA6,,server,,unchecked,unchecked,none,71.34766,-1.2593784,-1.2593784,26,Ready1H,0.46722162,,,,26->26:Exact,none; server owns swing cadence
39,0.584118,0.016927,Tick,live-sample,true,0xF13000007A015EA6,,server,,unchecked,unchecked,none,71.34766,-1.2593784,-1.2593784,26,Ready1H,0.48414862,,,,26->26:Exact,none; server owns swing cadence
40,0.600489,0.016371,Tick,live-sample,true,0xF13000007A015EA6,,server,,unchecked,unchecked,none,71.34766,-1.2593784,-1.2593784,26,Ready1H,0.5005192,,,,26->26:Exact,none; server owns swing cadence
41,0.617178,0.016690,Tick,live-sample,true,0xF13000007A015EA6,,server,,unchecked,unchecked,none,71.34766,-1.2593784,-1.2593784,26,Ready1H,0.5172088,,,,26->26:Exact,none; server owns swing cadence
42,0.633857,0.016679,Tick,live-sample,true,0xF13000007A015EA6,,server,,unchecked,unchecked,none,71.34766,-1.2593784,-1.2593784,26,Ready1H,0.5338875,,,,26->26:Exact,none; server owns swing cadence
43,0.650345,0.016488,Tick,live-sample,true,0xF13000007A015EA6,,server,,unchecked,unchecked,none,71.34766,-1.2593784,-1.2593784,26,Ready1H,0.5503752,,,,26->26:Exact,none; server owns swing cadence
44,0.667025,0.016681,Tick,live-sample,true,0xF13000007A015EA6,,server,,unchecked,unchecked,none,71.34766,-1.2593784,-1.2593784,26,Ready1H,0.5670561,,,,26->26:Exact,none; server owns swing cadence
45,0.683736,0.016711,Tick,live-sample,true,0xF13000007A015EA6,,server,,unchecked,unchecked,none,71.34766,-1.2593784,-1.2593784,26,Ready1H,0.5837671,,,,26->26:Exact,none; server owns swing cadence
46,0.700442,0.016706,Tick,live-sample,true,0xF13000007A015EA6,,server,,unchecked,unchecked,none,71.34766,-1.2593784,-1.2593784,26,Ready1H,0.6004731,,,,26->26:Exact,none; server owns swing cadence
47,0.717133,0.016691,Tick,live-sample,true,0xF13000007A015EA6,,server,,unchecked,unchecked,none,71.34766,-1.2593784,-1.2593784,26,Ready1H,0.6171637,,,,26->26:Exact,none; server owns swing cadence
48,0.734853,0.017720,Tick,live-sample,true,0xF13000007A015EA6,,server,,unchecked,unchecked,none,71.34766,-1.2593784,-1.2593784,26,Ready1H,0.6348835,,,,26->26:Exact,none; server owns swing cadence
49,0.750571,0.015718,Tick,live-sample,true,0xF13000007A015EA6,,server,,unchecked,unchecked,none,71.34766,-1.2593784,-1.2593784,26,Ready1H,0.6506012,,,,26->26:Exact,none; server owns swing cadence
50,0.767194,0.016623,Tick,live-sample,true,0xF13000007A015EA6,,server,,unchecked,unchecked,none,71.34766,-1.2593784,-1.2593784,26,Ready1H,0.6672246,,,,26->26:Exact,none; server owns swing cadence
51,0.783908,0.016714,Tick,live-sample,true,0xF13000007A015EA6,,server,,unchecked,unchecked,none,71.34766,-1.2593784,-1.2593784,26,Ready1H,0.6839382,,,,26->26:Exact,none; server owns swing cadence
52,0.800720,0.016812,Tick,live-sample,true,0xF13000007A015EA6,,server,,unchecked,unchecked,none,71.34766,-1.2593784,-1.2593784,26,Ready1H,0.7007506,,,,26->26:Exact,none; server owns swing cadence
53,0.817273,0.016554,Tick,live-sample,true,0xF13000007A015EA6,,server,,unchecked,unchecked,none,71.34766,-1.2593784,-1.2593784,26,Ready1H,0.7173041,,,,26->26:Exact,none; server owns swing cadence
54,0.833903,0.016630,Tick,live-sample,true,0xF13000007A015EA6,,server,,unchecked,unchecked,none,71.34766,-1.2593784,-1.2593784,26,Ready1H,0.733934,,,,26->26:Exact,none; server owns swing cadence
55,0.850731,0.016827,Tick,live-sample,true,0xF13000007A015EA6,,server,,unchecked,unchecked,none,71.34766,-1.2593784,-1.2593784,26,Ready1H,0.7507612,,,,26->26:Exact,none; server owns swing cadence
56,0.867272,0.016541,Tick,live-sample,true,0xF13000007A015EA6,,server,,unchecked,unchecked,none,71.34766,-1.2593784,-1.2593784,26,Ready1H,0.7673022,,,,26->26:Exact,none; server owns swing cadence
57,0.883895,0.016623,Tick,live-sample,true,0xF13000007A015EA6,,server,,unchecked,unchecked,none,71.34766,-1.2593784,-1.2593784,26,Ready1H,0.78392553,,,,26->26:Exact,none; server owns swing cadence
58,0.900663,0.016768,Tick,live-sample,true,0xF13000007A015EA6,,server,,unchecked,unchecked,none,71.34766,-1.2593784,-1.2593784,26,Ready1H,0.8006932,,,,26->26:Exact,none; server owns swing cadence
59,0.917345,0.016682,Tick,live-sample,true,0xF13000007A015EA6,,server,,unchecked,unchecked,none,71.34766,-1.2593784,-1.2593784,26,Ready1H,0.8173754,,,,26->26:Exact,none; server owns swing cadence
60,0.933970,0.016625,Tick,live-sample,true,0xF13000007A015EA6,,server,,unchecked,unchecked,none,71.34766,-1.2593784,-1.2593784,26,Ready1H,0.83400095,,,,26->26:Exact,none; server owns swing cadence
61,0.950694,0.016724,Tick,live-sample,true,0xF13000007A015EA6,,server,,unchecked,unchecked,none,71.34766,-1.2593784,-1.2593784,26,Ready1H,0.85072464,,,,26->26:Exact,none; server owns swing cadence
62,0.967355,0.016661,Tick,live-sample,true,0xF13000007A015EA6,,server,,unchecked,unchecked,none,71.34766,-1.2593784,-1.2593784,26,Ready1H,0.8673853,,,,26->26:Exact,none; server owns swing cadence
63,0.984577,0.017222,Tick,live-sample,true,0xF13000007A015EA6,,server,,unchecked,unchecked,none,71.34766,-1.2593784,-1.2593784,26,Ready1H,0.8846073,,,,26->26:Exact,none; server owns swing cadence
64,1.000616,0.016039,Tick,live-sample,true,0xF13000007A015EA6,,server,,unchecked,unchecked,none,71.34766,-1.2593784,-1.2593784,26,Ready1H,0.9006465,,,,26->26:Exact,none; server owns swing cadence
65,1.017476,0.016860,Tick,live-sample,true,0xF13000007A015EA6,,server,,unchecked,unchecked,none,71.34766,-1.2593784,-1.2593784,26,Ready1H,0.9175062,,,,26->26:Exact,none; server owns swing cadence
66,1.034149,0.016673,Tick,live-sample,true,0xF13000007A015EA6,,server,,unchecked,unchecked,none,71.34766,-1.2593784,-1.2593784,26,Ready1H,0.9341796,,,,26->26:Exact,none; server owns swing cadence
67,1.050927,0.016779,Tick,live-sample,true,0xF13000007A015EA6,,server,,unchecked,unchecked,none,71.34766,-1.2593784,-1.2593784,26,Ready1H,0.95095813,,,,26->26:Exact,none; server owns swing cadence
68,1.067545,0.016618,Tick,live-sample,true,0xF13000007A015EA6,,server,,unchecked,unchecked,none,71.34766,-1.2593784,-1.2593784,26,Ready1H,0.9675759,,,,26->26:Exact,none; server owns swing cadence
69,1.084234,0.016689,Tick,live-sample,true,0xF13000007A015EA6,,server,,unchecked,unchecked,none,71.34766,-1.2593784,-1.2593784,26,Ready1H,0.98426473,,,,26->26:Exact,none; server owns swing cadence
70,1.100924,0.016690,Tick,live-sample,true,0xF13000007A015EA6,,server,,unchecked,unchecked,none,71.34766,-1.2593784,-1.2593784,26,Ready1H,1.0009544,,,,26->26:Exact,none; server owns swing cadence
71,1.117655,0.016731,Tick,live-sample,true,0xF13000007A015EA6,,server,,unchecked,unchecked,none,71.34766,-1.2593784,-1.2593784,26,Ready1H,1.0176855,,,,26->26:Exact,none; server owns swing cadence
72,1.134195,0.016540,Tick,live-sample,true,0xF13000007A015EA6,,server,,unchecked,unchecked,none,71.34766,-1.2593784,-1.2593784,26,Ready1H,1.0342258,,,,26->26:Exact,none; server owns swing cadence
73,1.150911,0.016716,Tick,live-sample,true,0xF13000007A015EA6,,server,,unchecked,unchecked,none,71.34766,-1.2593784,-1.2593784,26,Ready1H,1.050942,,,,26->26:Exact,none; server owns swing cadence
74,1.167594,0.016683,Tick,live-sample,true,0xF13000007A015EA6,,server,,unchecked,unchecked,none,71.34766,-1.2593784,-1.2593784,26,Ready1H,1.0676249,,,,26->26:Exact,none; server owns swing cadence
75,1.184316,0.016722,Tick,live-sample,true,0xF13000007A015EA6,,server,,unchecked,unchecked,none,71.34766,-1.2593784,-1.2593784,26,Ready1H,1.0843467,,,,26->26:Exact,none; server owns swing cadence
76,1.200855,0.016539,Tick,live-sample,true,0xF13000007A015EA6,,server,,unchecked,unchecked,none,71.34766,-1.2593784,-1.2593784,26,Ready1H,1.100886,,,,26->26:Exact,none; server owns swing cadence
77,1.217638,0.016783,Tick,live-sample,true,0xF13000007A015EA6,,server,,unchecked,unchecked,none,71.34766,-1.2593784,-1.2593784,26,Ready1H,1.1176692,,,,26->26:Exact,none; server owns swing cadence
78,1.234212,0.016574,Tick,live-sample,true,0xF13000007A015EA6,,server,,unchecked,unchecked,none,71.34766,-1.2593784,-1.2593784,26,Ready1H,1.134243,,,,26->26:Exact,none; server owns swing cadence
79,1.251115,0.016903,Tick,live-sample,true,0xF13000007A015EA6,,server,,unchecked,unchecked,none,71.34766,-1.2593784,-1.2593784,26,Ready1H,1.1511462,,,,26->26:Exact,none; server owns swing cadence
80,1.267670,0.016555,Tick,live-sample,true,0xF13000007A015EA6,,server,,unchecked,unchecked,none,71.34766,-1.2593784,-1.2593784,26,Ready1H,1.1677011,,,,26->26:Exact,none; server owns swing cadence
81,1.284437,0.016767,Tick,live-sample,true,0xF13000007A015EA6,,server,,unchecked,unchecked,none,71.34766,-1.2593784,-1.2593784,26,Ready1H,1.1844679,,,,26->26:Exact,none; server owns swing cadence
82,1.301136,0.016699,Tick,live-sample,true,0xF13000007A015EA6,,server,,unchecked,unchecked,none,71.34766,-1.2593784,-1.2593784,26,Ready1H,1.2011664,,,,26->26:Exact,none; server owns swing cadence
83,1.317782,0.016646,Tick,live-sample,true,0xF13000007A015EA6,,server,,unchecked,unchecked,none,71.34766,-1.2593784,-1.2593784,26,Ready1H,1.2178125,,,,26->26:Exact,none; server owns swing cadence
84,1.335661,0.017879,Tick,live-sample,true,0xF13000007A015EA6,,server,,unchecked,unchecked,none,71.34766,-1.2593784,-1.2593784,26,Ready1H,1.2356919,,,,26->26:Exact,none; server owns swing cadence
85,1.351136,0.015475,Tick,live-sample,true,0xF13000007A015EA6,,server,,unchecked,unchecked,none,71.34766,-1.2593784,-1.2593784,26,Ready1H,1.2511665,,,,26->26:Exact,none; server owns swing cadence
86,1.367670,0.016535,Tick,live-sample,true,0xF13000007A015EA6,,server,,unchecked,unchecked,none,71.34766,-1.2593784,-1.2593784,26,Ready1H,1.2677013,,,,26->26:Exact,none; server owns swing cadence
87,1.384377,0.016707,Tick,live-sample,true,0xF13000007A015EA6,,server,,unchecked,unchecked,none,71.34766,-1.2593784,-1.2593784,26,Ready1H,1.2844077,,,,26->26:Exact,none; server owns swing cadence
88,1.401257,0.016881,Tick,live-sample,true,0xF13000007A015EA6,,server,,unchecked,unchecked,none,71.34766,-1.2593784,-1.2593784,26,Ready1H,1.3012884,,,,26->26:Exact,none; server owns swing cadence
89,1.417853,0.016596,Tick,live-sample,true,0xF13000007A015EA6,,server,,unchecked,unchecked,none,71.34766,-1.2593784,-1.2593784,26,Ready1H,1.3178843,,,,26->26:Exact,none; server owns swing cadence
90,1.434378,0.016524,Tick,live-sample,true,0xF13000007A015EA6,,server,,unchecked,unchecked,none,71.34766,-1.2593784,-1.2593784,26,Ready1H,1.3344086,,,,26->26:Exact,none; server owns swing cadence
91,1.451265,0.016887,Tick,live-sample,true,0xF13000007A015EA6,,server,,unchecked,unchecked,none,71.34766,-1.2593784,-1.2593784,26,Ready1H,1.351296,,,,26->26:Exact,none; server owns swing cadence
92,1.467886,0.016621,Tick,live-sample,true,0xF13000007A015EA6,,server,,unchecked,unchecked,none,71.34766,-1.2593784,-1.2593784,26,Ready1H,1.3679167,,,,26->26:Exact,none; server owns swing cadence
93,1.484523,0.016637,Tick,live-sample,true,0xF13000007A015EA6,,server,,unchecked,unchecked,none,71.34766,-1.2593784,-1.2593784,26,Ready1H,1.3845538,,,,26->26:Exact,none; server owns swing cadence
94,1.501225,0.016702,Tick,live-sample,true,0xF13000007A015EA6,,server,,unchecked,unchecked,none,71.34766,-1.2593784,-1.2593784,26,Ready1H,1.4012555,,,,26->26:Exact,none; server owns swing cadence
95,1.518405,0.017181,Tick,live-sample,true,0xF13000007A015EA6,,server,,unchecked,unchecked,none,71.34766,-1.2593784,-1.2593784,26,Ready1H,1.4184364,,,,26->26:Exact,none; server owns swing cadence
96,1.534516,0.016111,Tick,live-sample,true,0xF13000007A015EA6,,server,,unchecked,unchecked,none,71.34766,-1.2593784,-1.2593784,26,Ready1H,1.4345471,,,,26->26:Exact,none; server owns swing cadence
97,1.551244,0.016728,Tick,live-sample,true,0xF13000007A015EA6,,server,,unchecked,unchecked,none,71.34766,-1.2593784,-1.2593784,26,Ready1H,1.4512753,,,,26->26:Exact,none; server owns swing cadence
98,1.568022,0.016778,Tick,live-sample,true,0xF13000007A015EA6,,server,,unchecked,unchecked,none,71.34766,-1.2593784,-1.2593784,26,Ready1H,1.4680532,,,,26->26:Exact,none; server owns swing cadence
99,1.584789,0.016767,Tick,live-sample,true,0xF13000007A015EA6,,server,,unchecked,unchecked,none,71.34766,-1.2593784,-1.2593784,26,Ready1H,1.48482,,,,26->26:Exact,none; server owns swing cadence
100,1.601346,0.016557,Tick,live-sample,true,0xF13000007A015EA6,,server,,unchecked,unchecked,none,71.34766,-1.2593784,-1.2593784,26,Ready1H,1.5013775,,,,26->26:Exact,none; server owns swing cadence
101,1.617957,0.016611,Tick,live-sample,true,0xF13000007A015EA6,,server,,unchecked,unchecked,none,71.34766,-1.2593784,-1.2593784,26,Ready1H,1.5179884,,,,26->26:Exact,none; server owns swing cadence
102,1.634638,0.016680,Tick,live-sample,true,0xF13000007A015EA6,,server,,unchecked,unchecked,none,71.34766,-1.2593784,-1.2593784,26,Ready1H,1.5346686,,,,26->26:Exact,none; server owns swing cadence
103,1.651200,0.016562,Tick,live-sample,true,0xF13000007A015EA6,,server,,unchecked,unchecked,none,71.34766,-1.2593784,-1.2593784,26,Ready1H,1.5512308,,,,26->26:Exact,none; server owns swing cadence
104,1.667891,0.016691,Tick,live-sample,true,0xF13000007A015EA6,,server,,unchecked,unchecked,none,71.34766,-1.2593784,-1.2593784,26,Ready1H,1.567922,,,,26->26:Exact,none; server owns swing cadence
105,1.684638,0.016747,Tick,live-sample,true,0xF13000007A015EA6,,server,,unchecked,unchecked,none,71.34766,-1.2593784,-1.2593784,26,Ready1H,1.5846688,,,,26->26:Exact,none; server owns swing cadence
106,1.701596,0.016958,Tick,live-sample,true,0xF13000007A015EA6,,server,,unchecked,unchecked,none,71.34766,-1.2593784,-1.2593784,26,Ready1H,1.6016272,,,,26->26:Exact,none; server owns swing cadence
107,1.718073,0.016477,Tick,live-sample,true,0xF13000007A015EA6,,server,,unchecked,unchecked,none,71.34766,-1.2593784,-1.2593784,26,Ready1H,1.6181043,,,,26->26:Exact,none; server owns swing cadence
108,1.734619,0.016545,Tick,live-sample,true,0xF13000007A015EA6,,server,,unchecked,unchecked,none,71.34766,-1.2593784,-1.2593784,26,Ready1H,1.6346495,,,,26->26:Exact,none; server owns swing cadence
109,1.751405,0.016786,Tick,live-sample,true,0xF13000007A015EA6,,server,,unchecked,unchecked,none,71.34766,-1.2593784,-1.2593784,26,Ready1H,1.6514359,,,,26->26:Exact,none; server owns swing cadence
110,1.768255,0.016850,Tick,live-sample,true,0xF13000007A015EA6,,server,,unchecked,unchecked,none,71.34766,-1.2593784,-1.2593784,26,Ready1H,1.6682863,,,,26->26:Exact,none; server owns swing cadence
111,1.784798,0.016542,Tick,live-sample,true,0xF13000007A015EA6,,server,,unchecked,unchecked,none,71.34766,-1.2593784,-1.2593784,26,Ready1H,1.6848288,,,,26->26:Exact,none; server owns swing cadence
112,1.801471,0.016674,Tick,live-sample,true,0xF13000007A015EA6,,server,,unchecked,unchecked,none,71.34766,-1.2593784,-1.2593784,26,Ready1H,1.7015024,,,,26->26:Exact,none; server owns swing cadence
113,1.818140,0.016669,Tick,live-sample,true,0xF13000007A015EA6,,server,,unchecked,unchecked,none,71.34766,-1.2593784,-1.2593784,26,Ready1H,1.7181715,,,,26->26:Exact,none; server owns swing cadence
114,1.835040,0.016899,Tick,live-sample,true,0xF13000007A015EA6,,server,,unchecked,unchecked,none,71.34766,-1.2593784,-1.2593784,26,Ready1H,1.7350706,,,,26->26:Exact,none; server owns swing cadence
115,1.851528,0.016489,Tick,live-sample,true,0xF13000007A015EA6,,server,,unchecked,unchecked,none,71.34766,-1.2593784,-1.2593784,26,Ready1H,1.7515593,,,,26->26:Exact,none; server owns swing cadence
116,1.868229,0.016701,Tick,live-sample,true,0xF13000007A015EA6,,server,,unchecked,unchecked,none,71.34766,-1.2593784,-1.2593784,26,Ready1H,1.7682604,,,,26->26:Exact,none; server owns swing cadence
117,1.885337,0.017108,Tick,live-sample,true,0xF13000007A015EA6,,server,,unchecked,unchecked,none,71.34766,-1.2593784,-1.2593784,26,Ready1H,1.7853684,,,,26->26:Exact,none; server owns swing cadence
118,1.901447,0.016110,Tick,live-sample,true,0xF13000007A015EA6,,server,,unchecked,unchecked,none,71.34766,-1.2593784,-1.2593784,26,Ready1H,1.8014784,,,,26->26:Exact,none; server owns swing cadence
119,1.918298,0.016851,Tick,live-sample,true,0xF13000007A015EA6,,server,,unchecked,unchecked,none,71.34766,-1.2593784,-1.2593784,26,Ready1H,1.8183293,,,,26->26:Exact,none; server owns swing cadence
120,1.935985,0.017687,Tick,live-sample,true,0xF13000007A015EA6,,server,,unchecked,unchecked,none,71.34766,-1.2593784,-1.2593784,26,Ready1H,1.8360162,,,,26->26:Exact,none; server owns swing cadence
121,1.951751,0.015766,Tick,live-sample,true,0xF13000007A015EA6,,server,,unchecked,unchecked,none,71.34766,-1.2593784,-1.2593784,26,Ready1H,1.8517818,,,,26->26:Exact,none; server owns swing cadence
122,1.968196,0.016445,Tick,live-sample,true,0xF13000007A015EA6,,server,,unchecked,unchecked,none,71.34766,-1.2593784,-1.2593784,26,Ready1H,1.868227,,,,26->26:Exact,none; server owns swing cadence
123,1.984956,0.016760,Tick,live-sample,true,0xF13000007A015EA6,,server,,unchecked,unchecked,none,71.34766,-1.2593784,-1.2593784,26,Ready1H,1.8849868,,,,26->26:Exact,none; server owns swing cadence
124,2.001512,0.016556,Tick,live-sample,true,0xF13000007A015EA6,,server,,unchecked,unchecked,none,71.34766,-1.2593784,-1.2593784,26,Ready1H,1.9015429,,,,26->26:Exact,none; server owns swing cadence
125,2.018261,0.016749,Tick,live-sample,true,0xF13000007A015EA6,,server,,unchecked,unchecked,none,71.34766,-1.2593784,-1.2593784,26,Ready1H,1.9182922,,,,26->26:Exact,none; server owns swing cadence
126,2.018261,0.000000,AnimChoice,animator,true,0xF13000007A015EA6,,server,,unchecked,unchecked,none,71.31202,-1.2609334,-1.2609334,26,Ready1H,1.9182922,,,,5->5:Exact,track=0 requested=5 played=5 kind=Exact base=26:Ready1H clipB= blendWeight=0
127,2.034880,0.016618,Tick,live-sample,true,0xF13000007A015EA6,,server,,unchecked,unchecked,none,71.31202,-1.2609334,-1.2609334,5,Run,0.016751349,Ready1H,1.9349105,0.012668788,5->5:Exact,none; server owns swing cadence
128,2.051768,0.016888,Tick,live-sample,true,0xF13000007A015EA6,,server,,unchecked,unchecked,none,71.27591,-1.2625163,-1.2625163,5,Run,0.033774555,Ready1H,1.9517987,0.049073875,5->5:Exact,none; server owns swing cadence
129,2.068227,0.016459,Tick,live-sample,true,0xF13000007A015EA6,,server,,unchecked,unchecked,none,71.24094,-1.2640615,-1.2640615,5,Run,0.050364926,Ready1H,1.9682574,0.1038664,5->5:Exact,none; server owns swing cadence
130,2.084987,0.016760,Tick,live-sample,true,0xF13000007A015EA6,,server,,unchecked,unchecked,none,71.2055,-1.2656343,-1.2656343,5,Run,0.0672591,Ready1H,1.9850175,0.17568266,5->5:Exact,none; server owns swing cadence
131,2.102016,0.017029,Tick,live-sample,true,0xF13000007A015EA6,,server,,unchecked,unchecked,none,71.1696,-1.267235,-1.267235,5,Run,0.084424235,Ready1H,2.0020463,0.26150668,5->5:Exact,none; server owns swing cadence
132,2.118300,0.016284,Tick,live-sample,true,0xF13000007A015EA6,,server,,unchecked,unchecked,none,71.13578,-1.2687585,-1.2687585,5,Run,0.10083881,Ready1H,2.0183306,0.35222173,5->5:Exact,none; server owns swing cadence
133,2.135018,0.016718,Tick,live-sample,true,0xF13000007A015EA6,,server,,unchecked,unchecked,none,71.10087,-1.2703362,-1.2703362,5,Run,0.11769045,Ready1H,2.0350485,0.4506101,5->5:Exact,none; server owns swing cadence
134,2.151658,0.016640,Tick,live-sample,true,0xF13000007A015EA6,,server,,unchecked,unchecked,none,71.066444,-1.2719018,-1.2719018,5,Run,0.13446347,Ready1H,2.0516884,0.550302,5->5:Exact,none; server owns swing cadence
135,2.168432,0.016775,Tick,live-sample,true,0xF13000007A015EA6,,server,,unchecked,unchecked,none,71.03188,-1.2734826,-1.2734826,5,Run,0.15137248,Ready1H,2.0684633,0.64898527,5->5:Exact,none; server owns swing cadence
136,2.185102,0.016669,Tick,live-sample,true,0xF13000007A015EA6,,server,,unchecked,unchecked,none,70.99781,-1.2750516,-1.2750516,5,Run,0.16817524,Ready1H,2.0851328,0.7416674,5->5:Exact,none; server owns swing cadence
137,2.201816,0.016714,Tick,live-sample,true,0xF13000007A015EA6,,server,,unchecked,unchecked,none,70.96402,-1.2766228,-1.2766228,5,Run,0.18502325,Ready1H,2.1018472,0.8256309,5->5:Exact,none; server owns swing cadence
138,2.218573,0.016757,Tick,live-sample,true,0xF13000007A015EA6,,server,,unchecked,unchecked,none,70.93,-1.2782078,-1.2782078,5,Run,0.2019142,Ready1H,2.1186042,0.89719415,5->5:Exact,none; server owns swing cadence
139,2.235165,0.016592,Tick,live-sample,true,0xF13000007A015EA6,,server,,unchecked,unchecked,none,70.896454,-1.2797813,-1.2797813,5,Run,0.21863934,Ready1H,2.1351967,0.9520639,5->5:Exact,none; server owns swing cadence
140,2.252059,0.016893,Tick,live-sample,true,0xF13000007A015EA6,,server,,unchecked,unchecked,none,70.86247,-1.2813828,-1.2813828,5,Run,0.23566769,Ready1H,2.1520898,0.9879432,5->5:Exact,none; server owns swing cadence
141,2.268404,0.016345,Tick,live-sample,true,0xF13000007A015EA6,,server,,unchecked,unchecked,none,70.82989,-1.2829328,-1.2829328,5,Run,0.25214335,,,,5->5:Exact,none; server owns swing cadence
142,2.285218,0.016814,Tick,live-sample,true,0xF13000007A015EA6,,server,,unchecked,unchecked,none,70.79668,-1.2845244,-1.2845244,5,Run,0.26909226,,,,5->5:Exact,none; server owns swing cadence
143,2.301802,0.016584,Tick,live-sample,true,0xF13000007A015EA6,,server,,unchecked,unchecked,none,70.76384,-1.286104,-1.286104,5,Run,0.28580892,,,,5->5:Exact,none; server owns swing cadence
144,2.318964,0.017162,Tick,live-sample,true,0xF13000007A015EA6,,server,,unchecked,unchecked,none,70.7301,-1.2877386,-1.2877386,5,Run,0.3031085,,,,5->5:Exact,none; server owns swing cadence
145,2.335382,0.016418,Tick,live-sample,true,0xF13000007A015EA6,,server,,unchecked,unchecked,none,70.69821,-1.2892942,-1.2892942,5,Run,0.31965744,,,,5->5:Exact,none; server owns swing cadence
146,2.351919,0.016537,Tick,live-sample,true,0xF13000007A015EA6,,server,,unchecked,unchecked,none,70.6662,-1.2908648,-1.2908648,5,Run,0.33632663,,,,5->5:Exact,none; server owns swing cadence
147,2.368521,0.016602,Tick,live-sample,true,0xF13000007A015EA6,,server,,unchecked,unchecked,none,70.63407,-1.2924501,-1.2924501,5,Run,0.35306185,,,,5->5:Exact,none; server owns swing cadence
148,2.385361,0.016840,Tick,live-sample,true,0xF13000007A015EA6,,server,,unchecked,unchecked,none,70.601944,-1.2940507,-1.2940507,5,Run,0.37003618,,,,5->5:Exact,none; server owns swing cadence
149,2.402192,0.016832,Tick,live-sample,true,0xF13000007A015EA6,,server,,unchecked,unchecked,none,70.56999,-1.2956529,-1.2956529,5,Run,0.38700244,,,,5->5:Exact,none; server owns swing cadence
150,2.418614,0.016422,Tick,live-sample,true,0xF13000007A015EA6,,server,,unchecked,unchecked,none,70.53898,-1.2972157,-1.2972157,5,Run,0.4035553,,,,5->5:Exact,none; server owns swing cadence
151,2.435303,0.016689,Tick,live-sample,true,0xF13000007A015EA6,,server,,unchecked,unchecked,none,70.50767,-1.2988074,-1.2988074,5,Run,0.4203776,,,,5->5:Exact,none; server owns swing cadence
152,2.452122,0.016819,Tick,live-sample,true,0xF13000007A015EA6,,server,,unchecked,unchecked,none,70.47626,-1.3004137,-1.3004137,5,Run,0.43733126,,,,5->5:Exact,none; server owns swing cadence
153,2.468832,0.016710,Tick,live-sample,true,0xF13000007A015EA6,,server,,unchecked,unchecked,none,70.445305,-1.3020082,-1.3020082,5,Run,0.45417523,,,,5->5:Exact,none; server owns swing cadence
154,2.485361,0.016529,Tick,live-sample,true,0xF13000007A015EA6,,server,,unchecked,unchecked,none,70.41471,-1.3035899,-1.3035899,5,Run,0.47083625,,,,5->5:Exact,none; server owns swing cadence
155,2.501931,0.016570,Tick,live-sample,true,0xF13000007A015EA6,,server,,unchecked,unchecked,none,70.38441,-1.3051738,-1.3051738,5,Run,0.4875387,,,,5->5:Exact,none; server owns swing cadence
156,2.518970,0.017039,Tick,live-sample,true,0xF13000007A015EA6,,server,,unchecked,unchecked,none,70.35316,-1.3068126,-1.3068126,5,Run,0.5047142,,,,5->5:Exact,none; server owns swing cadence
157,2.536456,0.017486,Tick,live-sample,true,0xF13000007A015EA6,,server,,unchecked,unchecked,none,70.32126,-1.3084933,-1.3084933,5,Run,0.5223402,,,,5->5:Exact,none; server owns swing cadence
158,2.552092,0.015636,Tick,live-sample,true,0xF13000007A015EA6,,server,,unchecked,unchecked,none,70.29294,-1.3099992,-1.3099992,5,Run,0.5381011,,,,5->5:Exact,none; server owns swing cadence
159,2.568657,0.016565,Tick,live-sample,true,0xF13000007A015EA6,,server,,unchecked,unchecked,none,70.26334,-1.3115885,-1.3115885,5,Run,0.5547989,,,,5->5:Exact,none; server owns swing cadence
160,2.585415,0.016758,Tick,live-sample,true,0xF13000007A015EA6,,server,,unchecked,unchecked,none,70.23327,-1.3132054,-1.3132054,5,Run,0.57169086,,,,5->5:Exact,none; server owns swing cadence
161,2.602124,0.016709,Tick,live-sample,true,0xF13000007A015EA6,,server,,unchecked,unchecked,none,70.203766,-1.3148109,-1.3148109,5,Run,0.58853304,,,,5->5:Exact,none; server owns swing cadence
162,2.619021,0.016898,Tick,live-sample,true,0xF13000007A015EA6,,server,,unchecked,unchecked,none,70.17378,-1.3164439,-1.3164439,5,Run,0.60556585,,,,5->5:Exact,none; server owns swing cadence
163,2.635587,0.016566,Tick,live-sample,true,0xF13000007A015EA6,,server,,unchecked,unchecked,none,70.14491,-1.3180387,-1.3180387,5,Run,0.6222641,,,,5->5:Exact,none; server owns swing cadence
164,2.652197,0.016610,Tick,live-sample,true,0xF13000007A015EA6,,server,,unchecked,unchecked,none,70.11584,-1.3196474,-1.3196474,5,Run,0.6390074,,,,5->5:Exact,none; server owns swing cadence
165,2.668888,0.016691,Tick,live-sample,true,0xF13000007A015EA6,,server,,unchecked,unchecked,none,70.08706,-1.3212583,-1.3212583,5,Run,0.6558321,,,,5->5:Exact,none; server owns swing cadence
166,2.685638,0.016750,Tick,live-sample,true,0xF13000007A015EA6,,server,,unchecked,unchecked,none,70.05808,-1.3228832,-1.3228832,5,Run,0.67271614,,,,5->5:Exact,none; server owns swing cadence
167,2.702346,0.016707,Tick,live-sample,true,0xF13000007A015EA6,,server,,unchecked,unchecked,none,70.02967,-1.3244967,-1.3244967,5,Run,0.6895572,,,,5->5:Exact,none; server owns swing cadence
168,2.718960,0.016614,Tick,live-sample,true,0xF13000007A015EA6,,server,,unchecked,unchecked,none,70.00133,-1.3261108,-1.3261108,5,Run,0.7063043,,,,5->5:Exact,none; server owns swing cadence
169,2.735723,0.016763,Tick,live-sample,true,0xF13000007A015EA6,,server,,unchecked,unchecked,none,69.97291,-1.3277398,-1.3277398,5,Run,0.72320133,,,,5->5:Exact,none; server owns swing cadence
170,2.752413,0.016690,Tick,live-sample,true,0xF13000007A015EA6,,server,,unchecked,unchecked,none,69.945045,-1.3293573,-1.3293573,5,Run,0.74002516,,,,5->5:Exact,none; server owns swing cadence
171,2.768906,0.016493,Tick,live-sample,true,0xF13000007A015EA6,,server,,unchecked,unchecked,none,69.9175,-1.3309617,-1.3309617,5,Run,0.7566496,,,,5->5:Exact,none; server owns swing cadence
172,2.785653,0.016747,Tick,live-sample,true,0xF13000007A015EA6,,server,,unchecked,unchecked,none,69.88964,-1.3325945,-1.3325945,5,Run,0.773531,,,,5->5:Exact,none; server owns swing cadence
173,2.802464,0.016811,Tick,live-sample,true,0xF13000007A015EA6,,server,,unchecked,unchecked,none,69.86207,-1.3342294,-1.3342294,5,Run,0.7904761,,,,5->5:Exact,none; server owns swing cadence
174,2.819214,0.016750,Tick,live-sample,true,0xF13000007A015EA6,,server,,unchecked,unchecked,none,69.83458,-1.3358648,-1.3358648,5,Run,0.8073604,,,,5->5:Exact,none; server owns swing cadence
175,2.835666,0.016452,Tick,live-sample,true,0xF13000007A015EA6,,server,,unchecked,unchecked,none,69.80777,-1.3374743,-1.3374743,5,Run,0.8239442,,,,5->5:Exact,none; server owns swing cadence
176,2.852414,0.016748,Tick,live-sample,true,0xF13000007A015EA6,,server,,unchecked,unchecked,none,69.78065,-1.3391123,-1.3391123,5,Run,0.8408259,,,,5->5:Exact,none; server owns swing cadence
177,2.868982,0.016568,Tick,live-sample,true,0xF13000007A015EA6,,server,,unchecked,unchecked,none,69.754326,-1.340725,-1.340725,5,Run,0.8575268,,,,5->5:Exact,none; server owns swing cadence
178,2.885844,0.016862,Tick,live-sample,true,0xF13000007A015EA6,,server,,unchecked,unchecked,none,69.727325,-1.3423791,-1.3423791,5,Run,0.87452346,,,,5->5:Exact,none; server owns swing cadence
179,2.902368,0.016524,Tick,live-sample,true,0xF13000007A015EA6,,server,,unchecked,unchecked,none,69.70125,-1.3439935,-1.3439935,5,Run,0.89117914,,,,5->5:Exact,none; server owns swing cadence
180,2.919012,0.016644,Tick,live-sample,true,0xF13000007A015EA6,,server,,unchecked,unchecked,none,69.67512,-1.3456229,-1.3456229,5,Run,0.9079564,,,,5->5:Exact,none; server owns swing cadence
181,2.935667,0.016656,Tick,live-sample,true,0xF13000007A015EA6,,server,,unchecked,unchecked,none,69.64917,-1.3472533,-1.3472533,5,Run,0.92474544,,,,5->5:Exact,none; server owns swing cadence
182,2.952397,0.016730,Tick,live-sample,true,0xF13000007A015EA6,,server,,unchecked,unchecked,none,69.62316,-1.3488988,-1.3488988,5,Run,0.9416091,,,,5->5:Exact,none; server owns swing cadence
183,2.969146,0.016749,Tick,live-sample,true,0xF13000007A015EA6,,server,,unchecked,unchecked,none,69.59735,-1.3505455,-1.3505455,5,Run,0.95849186,,,,5->5:Exact,none; server owns swing cadence
184,2.985819,0.016672,Tick,live-sample,true,0xF13000007A015EA6,,server,,unchecked,unchecked,none,69.57196,-1.3521796,-1.3521796,5,Run,0.97529775,,,,5->5:Exact,none; server owns swing cadence
185,3.002415,0.016597,Tick,live-sample,true,0xF13000007A015EA6,,server,,unchecked,unchecked,none,69.54675,-1.3538151,-1.3538151,5,Run,0.9920274,,,,5->5:Exact,none; server owns swing cadence
186,3.019199,0.016784,Tick,live-sample,true,0xF13000007A015EA6,,server,,unchecked,unchecked,none,69.52151,-1.3554653,-1.3554653,5,Run,1.0089452,,,,5->5:Exact,none; server owns swing cadence
187,3.035616,0.016417,Tick,live-sample,true,0xF13000007A015EA6,,server,,unchecked,unchecked,none,69.49714,-1.3570755,-1.3570755,5,Run,1.025494,,,,5->5:Exact,none; server owns swing cadence
188,3.052451,0.016835,Tick,live-sample,true,0xF13000007A015EA6,,server,,unchecked,unchecked,none,69.472374,-1.3587288,-1.3587288,5,Run,1.0424635,,,,5->5:Exact,none; server owns swing cadence
189,3.069032,0.016580,Tick,live-sample,true,0xF13000007A015EA6,,server,,unchecked,unchecked,none,69.447914,-1.3603688,-1.3603688,5,Run,1.0591763,,,,5->5:Exact,none; server owns swing cadence
190,3.085796,0.016765,Tick,live-sample,true,0xF13000007A015EA6,,server,,unchecked,unchecked,none,69.42342,-1.3620237,-1.3620237,5,Run,1.0760752,,,,5->5:Exact,none; server owns swing cadence
191,3.102434,0.016638,Tick,live-sample,true,0xF13000007A015EA6,,server,,unchecked,unchecked,none,69.39934,-1.363666,-1.363666,5,Run,1.092846,,,,5->5:Exact,none; server owns swing cadence
192,3.119590,0.017156,Tick,live-sample,true,0xF13000007A015EA6,,server,,unchecked,unchecked,none,69.374664,-1.3653654,-1.3653654,5,Run,1.1101396,,,,5->5:Exact,none; server owns swing cadence
193,3.136845,0.017254,Tick,live-sample,true,0xF13000007A015EA6,,server,,unchecked,unchecked,none,69.35019,-1.367066,-1.367066,5,Run,1.1275319,,,,5->5:Exact,none; server owns swing cadence
194,3.152405,0.015561,Tick,live-sample,true,0xF13000007A015EA6,,server,,unchecked,unchecked,none,69.32833,-1.3686005,-1.3686005,5,Run,1.1432168,,,,5->5:Exact,none; server owns swing cadence
195,3.169037,0.016632,Tick,live-sample,true,0xF13000007A015EA6,,server,,unchecked,unchecked,none,69.305,-1.3702474,-1.3702474,5,Run,1.1599817,,,,5->5:Exact,none; server owns swing cadence
196,3.185921,0.016884,Tick,live-sample,true,0xF13000007A015EA6,,server,,unchecked,unchecked,none,69.281425,-1.371923,-1.371923,5,Run,1.1770008,,,,5->5:Exact,none; server owns swing cadence
197,3.202768,0.016847,Tick,live-sample,true,0xF13000007A015EA6,,server,,unchecked,unchecked,none,69.25837,-1.3735865,-1.3735865,5,Run,1.1939825,,,,5->5:Exact,none; server owns swing cadence
198,3.219243,0.016475,Tick,live-sample,true,0xF13000007A015EA6,,server,,unchecked,unchecked,none,69.235825,-1.3752228,-1.3752228,5,Run,1.2105895,,,,5->5:Exact,none; server owns swing cadence
199,3.235878,0.016635,Tick,live-sample,true,0xF13000007A015EA6,,server,,unchecked,unchecked,none,69.21325,-1.376874,-1.376874,5,Run,1.227358,,,,5->5:Exact,none; server owns swing cadence
200,3.252537,0.016658,Tick,live-sample,true,0xF13000007A015EA6,,server,,unchecked,unchecked,none,69.190865,-1.3785262,-1.3785262,5,Run,1.2441497,,,,5->5:Exact,none; server owns swing cadence
201,3.269227,0.016690,Tick,live-sample,true,0xF13000007A015EA6,,server,,unchecked,unchecked,none,69.16878,-1.3801802,-1.3801802,5,Run,1.2609732,,,,5->5:Exact,none; server owns swing cadence
202,3.285912,0.016686,Tick,live-sample,true,0xF13000007A015EA6,,server,,unchecked,unchecked,none,69.14689,-1.3818352,-1.3818352,5,Run,1.2777923,,,,5->5:Exact,none; server owns swing cadence
203,3.302610,0.016697,Tick,live-sample,true,0xF13000007A015EA6,,server,,unchecked,unchecked,none,69.12518,-1.3834913,-1.3834913,5,Run,1.2946234,,,,5->5:Exact,none; server owns swing cadence
204,3.319647,0.017037,Tick,live-sample,true,0xF13000007A015EA6,,server,,unchecked,unchecked,none,69.10306,-1.3851901,-1.3851901,5,Run,1.3117969,,,,5->5:Exact,none; server owns swing cadence
205,3.335925,0.016278,Tick,live-sample,true,0xF13000007A015EA6,,server,,unchecked,unchecked,none,69.08224,-1.3868059,-1.3868059,5,Run,1.328205,,,,5->5:Exact,none; server owns swing cadence
206,3.352695,0.016770,Tick,live-sample,true,0xF13000007A015EA6,,server,,unchecked,unchecked,none,69.060776,-1.3884784,-1.3884784,5,Run,1.3451087,,,,5->5:Exact,none; server owns swing cadence
207,3.369241,0.016546,Tick,live-sample,true,0xF13000007A015EA6,,server,,unchecked,unchecked,none,69.039925,-1.390124,-1.390124,5,Run,1.3617871,,,,5->5:Exact,none; server owns swing cadence
208,3.386262,0.017022,Tick,live-sample,true,0xF13000007A015EA6,,server,,unchecked,unchecked,none,69.01846,-1.3918264,-1.3918264,5,Run,1.378945,,,,5->5:Exact,none; server owns swing cadence
209,3.402624,0.016362,Tick,live-sample,true,0xF13000007A015EA6,,server,,unchecked,unchecked,none,68.998184,-1.39346,-1.39346,5,Run,1.3954378,,,,5->5:Exact,none; server owns swing cadence
210,3.419443,0.016818,Tick,live-sample,true,0xF13000007A015EA6,,server,,unchecked,unchecked,none,68.977615,-1.3951372,-1.3951372,5,Run,1.4123908,,,,5->5:Exact,none; server owns swing cadence
211,3.436045,0.016602,Tick,live-sample,true,0xF13000007A015EA6,,server,,unchecked,unchecked,none,68.95732,-1.3968008,-1.3968008,5,Run,1.4291261,,,,5->5:Exact,none; server owns swing cadence
212,3.452778,0.016733,Tick,live-sample,true,0xF13000007A015EA6,,server,,unchecked,unchecked,none,68.93703,-1.3984793,-1.3984793,5,Run,1.4459928,,,,5->5:Exact,none; server owns swing cadence
213,3.469503,0.016725,Tick,live-sample,true,0xF13000007A015EA6,,server,,unchecked,unchecked,none,68.91692,-1.4001589,-1.4001589,5,Run,1.4628515,,,,5->5:Exact,none; server owns swing cadence
214,3.486250,0.016747,Tick,live-sample,true,0xF13000007A015EA6,,server,,unchecked,unchecked,none,68.89702,-1.4018394,-1.4018394,5,Run,1.4797328,,,,5->5:Exact,none; server owns swing cadence
215,3.502698,0.016448,Tick,live-sample,true,0xF13000007A015EA6,,server,,unchecked,unchecked,none,68.877686,-1.4034927,-1.4034927,5,Run,1.4963124,,,,5->5:Exact,none; server owns swing cadence
216,3.519886,0.017188,Tick,live-sample,true,0xF13000007A015EA6,,server,,unchecked,unchecked,none,68.85772,-1.4052178,-1.4052178,5,Run,1.5136375,,,,5->5:Exact,none; server owns swing cadence
217,3.535979,0.016093,Tick,live-sample,true,0xF13000007A015EA6,,server,,unchecked,unchecked,none,68.839325,-1.4068309,-1.4068309,5,Run,1.5298594,,,,5->5:Exact,none; server owns swing cadence
218,3.552861,0.016882,Tick,live-sample,true,0xF13000007A015EA6,,server,,unchecked,unchecked,none,68.82001,-1.4085293,-1.4085293,5,Run,1.546877,,,,5->5:Exact,none; server owns swing cadence
219,3.569411,0.016550,Tick,live-sample,true,0xF13000007A015EA6,,server,,unchecked,unchecked,none,68.80144,-1.4101864,-1.4101864,5,Run,1.563559,,,,5->5:Exact,none; server owns swing cadence
220,3.586223,0.016812,Tick,live-sample,true,0xF13000007A015EA6,,server,,unchecked,unchecked,none,68.78281,-1.4118731,-1.4118731,5,Run,1.5805051,,,,5->5:Exact,none; server owns swing cadence
221,3.602814,0.016591,Tick,live-sample,true,0xF13000007A015EA6,,server,,unchecked,unchecked,none,68.764435,-1.413546,-1.413546,5,Run,1.597229,,,,5->5:Exact,none; server owns swing cadence
222,3.619537,0.016723,Tick,live-sample,true,0xF13000007A015EA6,,server,,unchecked,unchecked,none,68.746086,-1.415234,-1.415234,5,Run,1.614086,,,,5->5:Exact,none; server owns swing cadence
223,3.637559,0.018022,Tick,live-sample,true,0xF13000007A015EA6,,server,,unchecked,unchecked,none,68.72659,-1.4170507,-1.4170507,5,Run,1.6322522,,,,5->5:Exact,none; server owns swing cadence
224,3.652819,0.015259,Tick,live-sample,true,0xF13000007A015EA6,,server,,unchecked,unchecked,none,68.71031,-1.4185843,-1.4185843,5,Run,1.6476338,,,,5->5:Exact,none; server owns swing cadence
225,3.669673,0.016855,Tick,live-sample,true,0xF13000007A015EA6,,server,,unchecked,unchecked,none,68.69266,-1.4202754,-1.4202754,5,Run,1.6646233,,,,5->5:Exact,none; server owns swing cadence
226,3.686373,0.016700,Tick,live-sample,true,0xF13000007A015EA6,,server,,unchecked,unchecked,none,68.67537,-1.4219532,-1.4219532,5,Run,1.6814566,,,,5->5:Exact,none; server owns swing cadence
227,3.702931,0.016558,Tick,live-sample,true,0xF13000007A015EA6,,server,,unchecked,unchecked,none,68.65833,-1.4236172,-1.4236172,5,Run,1.6981472,,,,5->5:Exact,none; server owns swing cadence
228,3.719786,0.016855,Tick,live-sample,true,0xF13000007A015EA6,,server,,unchecked,unchecked,none,68.641266,-1.425311,-1.425311,5,Run,1.7151372,,,,5->5:Exact,none; server owns swing cadence
229,3.736371,0.016585,Tick,live-sample,true,0xF13000007A015EA6,,server,,unchecked,unchecked,none,68.62444,-1.4269907,-1.4269907,5,Run,1.7318548,,,,5->5:Exact,none; server owns swing cadence
230,3.753312,0.016940,Tick,live-sample,true,0xF13000007A015EA6,,server,,unchecked,unchecked,none,68.607605,-1.4287002,-1.4287002,5,Run,1.7489307,,,,5->5:Exact,none; server owns swing cadence
231,3.769764,0.016453,Tick,live-sample,true,0xF13000007A015EA6,,server,,unchecked,unchecked,none,68.59134,-1.4303676,-1.4303676,5,Run,1.765515,,,,5->5:Exact,none; server owns swing cadence
232,3.786383,0.016619,Tick,live-sample,true,0xF13000007A015EA6,,server,,unchecked,unchecked,none,68.575096,-1.4320499,-1.4320499,5,Run,1.7822665,,,,5->5:Exact,none; server owns swing cadence
233,3.803168,0.016785,Tick,live-sample,true,0xF13000007A015EA6,,server,,unchecked,unchecked,none,68.5589,-1.433747,-1.433747,5,Run,1.7991856,,,,5->5:Exact,none; server owns swing cadence
234,3.819813,0.016645,Tick,live-sample,true,0xF13000007A015EA6,,server,,unchecked,unchecked,none,68.543045,-1.4354309,-1.4354309,5,Run,1.8159639,,,,5->5:Exact,none; server owns swing cadence
235,3.836426,0.016613,Tick,live-sample,true,0xF13000007A015EA6,,server,,unchecked,unchecked,none,68.5274,-1.4371156,-1.4371156,5,Run,1.83271,,,,5->5:Exact,none; server owns swing cadence
236,3.853087,0.016661,Tick,live-sample,true,0xF13000007A015EA6,,server,,unchecked,unchecked,none,68.51193,-1.4388009,-1.4388009,5,Run,1.8495042,,,,5->5:Exact,none; server owns swing cadence
237,3.869801,0.016714,Tick,live-sample,true,0xF13000007A015EA6,,server,,unchecked,unchecked,none,68.49679,-1.4404876,-1.4404876,5,Run,1.8663522,,,,5->5:Exact,none; server owns swing cadence
238,3.886555,0.016754,Tick,live-sample,true,0xF13000007A015EA6,,server,,unchecked,unchecked,none,68.48157,-1.4421886,-1.4421886,5,Run,1.8832399,,,,5->5:Exact,none; server owns swing cadence
239,3.903101,0.016547,Tick,live-sample,true,0xF13000007A015EA6,,server,,unchecked,unchecked,none,68.46684,-1.4438621,-1.4438621,5,Run,1.8999188,,,,5->5:Exact,none; server owns swing cadence
240,3.920420,0.017319,Tick,live-sample,true,0xF13000007A015EA6,,server,,unchecked,unchecked,none,68.451546,-1.4456221,-1.4456221,5,Run,1.9173758,,,,5->5:Exact,none; server owns swing cadence
241,3.936631,0.016211,Tick,live-sample,true,0xF13000007A015EA6,,server,,unchecked,unchecked,none,68.4375,-1.4472685,-1.4472685,5,Run,1.9337167,,,,5->5:Exact,none; server owns swing cadence
242,3.953212,0.016580,Tick,live-sample,true,0xF13000007A015EA6,,server,,unchecked,unchecked,none,68.42322,-1.4489583,-1.4489583,5,Run,1.9504298,,,,5->5:Exact,none; server owns swing cadence
243,3.969956,0.016744,Tick,live-sample,true,0xF13000007A015EA6,,server,,unchecked,unchecked,none,68.40899,-1.450663,-1.450663,5,Run,1.9673077,,,,5->5:Exact,none; server owns swing cadence
244,3.986718,0.016763,Tick,live-sample,true,0xF13000007A015EA6,,server,,unchecked,unchecked,none,68.39495,-1.4523685,-1.4523685,5,Run,1.9842045,,,,5->5:Exact,none; server owns swing cadence
245,4.003168,0.016450,Tick,live-sample,true,0xF13000007A015EA6,,server,,unchecked,unchecked,none,68.38139,-1.4540461,-1.4540461,5,Run,2.0007858,,,,5->5:Exact,none; server owns swing cadence
246,4.019931,0.016763,Tick,live-sample,true,0xF13000007A015EA6,,server,,unchecked,unchecked,none,68.36776,-1.4557528,-1.4557528,5,Run,2.017683,,,,5->5:Exact,none; server owns swing cadence
247,4.036599,0.016668,Tick,live-sample,true,0xF13000007A015EA6,,server,,unchecked,unchecked,none,68.354454,-1.4574461,-1.4574461,5,Run,2.034484,,,,5->5:Exact,none; server owns swing cadence
248,4.053302,0.016703,Tick,live-sample,true,0xF13000007A015EA6,,server,,unchecked,unchecked,none,68.34146,-1.4591404,-1.4591404,5,Run,2.0513208,,,,5->5:Exact,none; server owns swing cadence
249,4.069885,0.016583,Tick,live-sample,true,0xF13000007A015EA6,,server,,unchecked,unchecked,none,68.32855,-1.460835,-1.460835,5,Run,2.0680366,,,,5->5:Exact,none; server owns swing cadence
250,4.086759,0.016873,Tick,live-sample,true,0xF13000007A015EA6,,server,,unchecked,unchecked,none,68.315575,-1.4625587,-1.4625587,5,Run,2.085045,,,,5->5:Exact,none; server owns swing cadence
251,4.103784,0.017026,Tick,live-sample,true,0xF13000007A015EA6,,server,,unchecked,unchecked,none,68.30267,-1.4642973,-1.4642973,5,Run,2.1022067,,,,5->5:Exact,none; server owns swing cadence
252,4.120228,0.016444,Tick,live-sample,true,0xF13000007A015EA6,,server,,unchecked,unchecked,none,68.29048,-1.4659795,-1.4659795,5,Run,2.118782,,,,5->5:Exact,none; server owns swing cadence
253,4.136853,0.016625,Tick,live-sample,true,0xF13000007A015EA6,,server,,unchecked,unchecked,none,68.278366,-1.4676765,-1.4676765,5,Run,2.1355398,,,,5->5:Exact,none; server owns swing cadence
254,4.153539,0.016686,Tick,live-sample,true,0xF13000007A015EA6,,server,,unchecked,unchecked,none,68.26656,-1.4693745,-1.4693745,5,Run,2.1523592,,,,5->5:Exact,none; server owns swing cadence
255,4.170105,0.016567,Tick,live-sample,true,0xF13000007A015EA6,,server,,unchecked,unchecked,none,68.25507,-1.471059,-1.471059,5,Run,2.1690583,,,,5->5:Exact,none; server owns swing cadence
256,4.186895,0.016790,Tick,live-sample,true,0xF13000007A015EA6,,server,,unchecked,unchecked,none,68.24342,-1.472772,-1.472772,5,Run,2.185983,,,,5->5:Exact,none; server owns swing cadence
257,4.203326,0.016431,Tick,live-sample,true,0xF13000007A015EA6,,server,,unchecked,unchecked,none,68.23233,-1.4744427,-1.4744427,5,Run,2.2025452,,,,5->5:Exact,none; server owns swing cadence
258,4.220205,0.016879,Tick,live-sample,true,0xF13000007A015EA6,,server,,unchecked,unchecked,none,68.220955,-1.4761713,-1.4761713,5,Run,2.2195592,,,,5->5:Exact,none; server owns swing cadence
259,4.237972,0.017767,Tick,live-sample,true,0xF13000007A015EA6,,server,,unchecked,unchecked,none,68.209335,-1.4779873,-1.4779873,5,Run,2.2374682,,,,5->5:Exact,none; server owns swing cadence
260,4.253620,0.015648,Tick,live-sample,true,0xF13000007A015EA6,,server,,unchecked,unchecked,none,68.19929,-1.4795876,-1.4795876,5,Run,2.2532418,,,,5->5:Exact,none; server owns swing cadence
261,4.270039,0.016419,Tick,live-sample,true,0xF13000007A015EA6,,server,,unchecked,unchecked,none,68.188965,-1.4812604,-1.4812604,5,Run,2.2697918,,,,5->5:Exact,none; server owns swing cadence
262,4.286718,0.016679,Tick,live-sample,true,0xF13000007A015EA6,,server,,unchecked,unchecked,none,68.17874,-1.4829628,-1.4829628,5,Run,2.2866042,,,,5->5:Exact,none; server owns swing cadence
263,4.303426,0.016708,Tick,live-sample,true,0xF13000007A015EA6,,server,,unchecked,unchecked,none,68.16871,-1.4846659,-1.4846659,5,Run,2.3034456,,,,5->5:Exact,none; server owns swing cadence
264,4.320334,0.016908,Tick,live-sample,true,0xF13000007A015EA6,,server,,unchecked,unchecked,none,68.15854,-1.4863976,-1.4863976,5,Run,2.3204887,,,,5->5:Exact,none; server owns swing cadence
265,4.336702,0.016368,Tick,live-sample,true,0xF13000007A015EA6,,server,,unchecked,unchecked,none,68.149,-1.4880724,-1.4880724,5,Run,2.3369877,,,,5->5:Exact,none; server owns swing cadence
266,4.353643,0.016942,Tick,live-sample,true,0xF13000007A015EA6,,server,,unchecked,unchecked,none,68.13936,-1.4898056,-1.4898056,5,Run,2.3540647,,,,5->5:Exact,none; server owns swing cadence
267,4.370206,0.016563,Tick,live-sample,true,0xF13000007A015EA6,,server,,unchecked,unchecked,none,68.13022,-1.4914962,-1.4914962,5,Run,2.37076,,,,5->5:Exact,none; server owns swing cadence
268,4.386914,0.016708,Tick,live-sample,true,0xF13000007A015EA6,,server,,unchecked,unchecked,none,68.121185,-1.4932015,-1.4932015,5,Run,2.3876019,,,,5->5:Exact,none; server owns swing cadence
269,4.403649,0.016735,Tick,live-sample,true,0xF13000007A015EA6,,server,,unchecked,unchecked,none,68.11212,-1.4949213,-1.4949213,5,Run,2.4044704,,,,5->5:Exact,none; server owns swing cadence
270,4.420287,0.016639,Tick,live-sample,true,0xF13000007A015EA6,,server,,unchecked,unchecked,none,68.10336,-1.4966272,-1.4966272,5,Run,2.4212422,,,,5->5:Exact,none; server owns swing cadence
271,4.436913,0.016625,Tick,live-sample,true,0xF13000007A015EA6,,server,,unchecked,unchecked,none,68.0948,-1.4983335,-1.4983335,5,Run,2.4380004,,,,5->5:Exact,none; server owns swing cadence
272,4.453822,0.016909,Tick,live-sample,true,0xF13000007A015EA6,,server,,unchecked,unchecked,none,68.08625,-1.500069,-1.500069,5,Run,2.4550447,,,,5->5:Exact,none; server owns swing cadence
273,4.470327,0.016506,Tick,live-sample,true,0xF13000007A015EA6,,server,,unchecked,unchecked,none,68.07818,-1.5017618,-1.5017618,5,Run,2.4716823,,,,5->5:Exact,none; server owns swing cadence
274,4.487018,0.016691,Tick,live-sample,true,0xF13000007A015EA6,,server,,unchecked,unchecked,none,68.070335,-1.5034697,-1.5034697,5,Run,2.4885063,,,,5->5:Exact,none; server owns swing cadence
275,4.503533,0.016516,Tick,live-sample,true,0xF13000007A015EA6,,server,,unchecked,unchecked,none,68.06266,-1.5051632,-1.5051632,5,Run,2.505154,,,,5->5:Exact,none; server owns swing cadence
276,4.520520,0.016987,Tick,live-sample,true,0xF13000007A015EA6,,server,,unchecked,unchecked,none,68.05503,-1.5069008,-1.5069008,5,Run,2.5222764,,,,5->5:Exact,none; server owns swing cadence
277,4.536897,0.016377,Tick,live-sample,true,0xF13000007A015EA6,,server,,unchecked,unchecked,none,68.04784,-1.5085807,-1.5085807,5,Run,2.5387845,,,,5->5:Exact,none; server owns swing cadence
278,4.554027,0.017130,Tick,live-sample,true,0xF13000007A015EA6,,server,,unchecked,unchecked,none,68.04053,-1.5103333,-1.5103333,5,Run,2.556052,,,,5->5:Exact,none; server owns swing cadence
279,4.570431,0.016403,Tick,live-sample,true,0xF13000007A015EA6,,server,,unchecked,unchecked,none,68.03372,-1.5120139,-1.5120139,5,Run,2.5725865,,,,5->5:Exact,none; server owns swing cadence
280,4.586973,0.016542,Tick,live-sample,true,0xF13000007A015EA6,,server,,unchecked,unchecked,none,68.02703,-1.5137093,-1.5137093,5,Run,2.5892613,,,,5->5:Exact,none; server owns swing cadence
281,4.603787,0.016814,Tick,live-sample,true,0xF13000007A015EA6,,server,,unchecked,unchecked,none,68.0205,-1.5154341,-1.5154341,5,Run,2.60621,,,,5->5:Exact,none; server owns swing cadence
282,4.620515,0.016727,Tick,live-sample,true,0xF13000007A015EA6,,server,,unchecked,unchecked,none,68.014046,-1.517159,-1.517159,5,Run,2.6230712,,,,5->5:Exact,none; server owns swing cadence
283,4.636969,0.016454,Tick,live-sample,true,0xF13000007A015EA6,,server,,unchecked,unchecked,none,68.00794,-1.5188553,-1.5188553,5,Run,2.639657,,,,5->5:Exact,none; server owns swing cadence
284,4.653747,0.016778,Tick,live-sample,true,0xF13000007A015EA6,,server,,unchecked,unchecked,none,68.00189,-1.5205808,-1.5205808,5,Run,2.6565688,,,,5->5:Exact,none; server owns swing cadence
285,4.670598,0.016851,Tick,live-sample,true,0xF13000007A015EA6,,server,,unchecked,unchecked,none,67.99616,-1.5223069,-1.5223069,5,Run,2.6735551,,,,5->5:Exact,none; server owns swing cadence
286,4.687913,0.017315,Tick,live-sample,true,0xF13000007A015EA6,,server,,unchecked,unchecked,none,67.990364,-1.524091,-1.524091,5,Run,2.691009,,,,5->5:Exact,none; server owns swing cadence
287,4.703895,0.015982,Tick,live-sample,true,0xF13000007A015EA6,,server,,unchecked,unchecked,none,67.98534,-1.5257307,-1.5257307,5,Run,2.7071187,,,,5->5:Exact,none; server owns swing cadence
288,4.720463,0.016567,Tick,live-sample,true,0xF13000007A015EA6,,server,,unchecked,unchecked,none,67.98035,-1.5274289,-1.5274289,5,Run,2.7238188,,,,5->5:Exact,none; server owns swing cadence
289,4.739594,0.019131,Tick,live-sample,true,0xF13000007A015EA6,,server,,unchecked,unchecked,none,67.974556,-1.5294023,-1.5294023,5,Run,2.7431028,,,,5->5:Exact,none; server owns swing cadence
290,4.753717,0.014123,Tick,live-sample,true,0xF13000007A015EA6,,server,,unchecked,unchecked,none,67.97058,-1.5308539,-1.5308539,5,Run,2.7573388,,,,5->5:Exact,none; server owns swing cadence
291,4.770447,0.016730,Tick,live-sample,true,0xF13000007A015EA6,,server,,unchecked,unchecked,none,67.96594,-1.5325812,-1.5325812,5,Run,2.7742026,,,,5->5:Exact,none; server owns swing cadence
292,4.787282,0.016835,Tick,live-sample,true,0xF13000007A015EA6,,server,,unchecked,unchecked,none,67.96162,-1.5343091,-1.5343091,5,Run,2.7911727,,,,5->5:Exact,none; server owns swing cadence
293,4.803973,0.016691,Tick,live-sample,true,0xF13000007A015EA6,,server,,unchecked,unchecked,none,67.957565,-1.5360228,-1.5360228,5,Run,2.8079967,,,,5->5:Exact,none; server owns swing cadence
294,4.820958,0.016986,Tick,live-sample,true,0xF13000007A015EA6,,server,,unchecked,unchecked,none,67.95359,-1.5377656,-1.5377656,5,Run,2.8251183,,,,5->5:Exact,none; server owns swing cadence
295,4.837235,0.016276,Tick,live-sample,true,0xF13000007A015EA6,,server,,unchecked,unchecked,none,67.94998,-1.539436,-1.539436,5,Run,2.8415246,,,,5->5:Exact,none; server owns swing cadence
296,4.854054,0.016819,Tick,live-sample,true,0xF13000007A015EA6,,server,,unchecked,unchecked,none,67.946465,-1.5411646,-1.5411646,5,Run,2.8584783,,,,5->5:Exact,none; server owns swing cadence
297,4.870707,0.016653,Tick,live-sample,true,0xF13000007A015EA6,,server,,unchecked,unchecked,none,67.943085,-1.5428787,-1.5428787,5,Run,2.875265,,,,5->5:Exact,none; server owns swing cadence
298,4.887183,0.016476,Tick,live-sample,true,0xF13000007A015EA6,,server,,unchecked,unchecked,none,67.93995,-1.5445786,-1.5445786,5,Run,2.8918731,,,,5->5:Exact,none; server owns swing cadence
299,4.903913,0.016730,Tick,live-sample,true,0xF13000007A015EA6,,server,,unchecked,unchecked,none,67.93692,-1.5463074,-1.5463074,5,Run,2.908737,,,,5->5:Exact,none; server owns swing cadence
300,4.920829,0.016916,Tick,live-sample,true,0xF13000007A015EA6,,server,,unchecked,unchecked,none,67.934166,-1.5480512,-1.5480512,5,Run,2.925788,,,,5->5:Exact,none; server owns swing cadence
301,4.937435,0.016606,Tick,live-sample,true,0xF13000007A015EA6,,server,,unchecked,unchecked,none,67.931595,-1.549766,-1.549766,5,Run,2.9425263,,,,5->5:Exact,none; server owns swing cadence
302,4.954278,0.016844,Tick,live-sample,true,0xF13000007A015EA6,,server,,unchecked,unchecked,none,67.92929,-1.5514956,-1.5514956,5,Run,2.959505,,,,5->5:Exact,none; server owns swing cadence
303,4.970813,0.016534,Tick,live-sample,true,0xF13000007A015EA6,,server,,unchecked,unchecked,none,67.927155,-1.553196,-1.553196,5,Run,2.976172,,,,5->5:Exact,none; server owns swing cadence
304,4.987433,0.016620,Tick,live-sample,true,0xF13000007A015EA6,,server,,unchecked,unchecked,none,67.92518,-1.554911,-1.554911,5,Run,2.9929247,,,,5->5:Exact,none; server owns swing cadence
305,5.004187,0.016754,Tick,live-sample,true,0xF13000007A015EA6,,server,,unchecked,unchecked,none,67.92336,-1.5566406,-1.5566406,5,Run,3.0098128,,,,5->5:Exact,none; server owns swing cadence
306,5.020754,0.016567,Tick,live-sample,true,0xF13000007A015EA6,,server,,unchecked,unchecked,none,67.92194,-1.5583416,-1.5583416,5,Run,3.0265124,,,,5->5:Exact,none; server owns swing cadence
307,5.037407,0.016653,Tick,live-sample,true,0xF13000007A015EA6,,server,,unchecked,unchecked,none,67.92056,-1.5600569,-1.5600569,5,Run,3.0432985,,,,5->5:Exact,none; server owns swing cadence
308,5.037407,0.000000,AnimChoice,animator,true,0xF13000007A015EA6,,server,,unchecked,unchecked,none,67.92056,-1.5600569,-1.5600569,5,Run,3.0432985,,,,26->26:Exact,track=0 requested=26 played=26 kind=Exact base=5:Run clipB= blendWeight=0
309,5.054085,0.016678,Tick,live-sample,true,0xF13000007A015EA6,,server,,unchecked,unchecked,none,67.92056,-1.5600569,-1.5600569,26,Ready1H,0.0166781,Run,3.06011,0.034338713,26->26:Exact,none; server owns swing cadence
310,5.070871,0.016787,Tick,live-sample,true,0xF13000007A015EA6,,server,,unchecked,unchecked,none,67.92056,-1.5600569,-1.5600569,26,Ready1H,0.033464603,Run,3.077031,0.12710905,26->26:Exact,none; server owns swing cadence
311,5.087460,0.016588,Tick,live-sample,true,0xF13000007A015EA6,,server,,unchecked,unchecked,none,67.92056,-1.5600569,-1.5600569,26,Ready1H,0.050052904,Run,3.093752,0.2597295,26->26:Exact,none; server owns swing cadence
312,5.104310,0.016851,Tick,live-sample,true,0xF13000007A015EA6,,server,,unchecked,unchecked,none,67.92056,-1.5600569,-1.5600569,26,Ready1H,0.0669035,Run,3.1107373,0.4193495,26->26:Exact,none; server owns swing cadence
313,5.120994,0.016684,Tick,live-sample,true,0xF13000007A015EA6,,server,,unchecked,unchecked,none,67.92056,-1.5600569,-1.5600569,26,Ready1H,0.0835876,Run,3.127555,0.58550066,26->26:Exact,none; server owns swing cadence
314,5.137487,0.016492,Tick,live-sample,true,0xF13000007A015EA6,,server,,unchecked,unchecked,none,67.92056,-1.5600569,-1.5600569,26,Ready1H,0.1000799,Run,3.144179,0.74145055,26->26:Exact,none; server owns swing cadence
315,5.154132,0.016645,Tick,live-sample,true,0xF13000007A015EA6,,server,,unchecked,unchecked,none,67.92056,-1.5600569,-1.5600569,26,Ready1H,0.1167252,Run,3.1609576,0.87420404,26->26:Exact,none; server owns swing cadence
316,5.171074,0.016942,Tick,live-sample,true,0xF13000007A015EA6,,server,,unchecked,unchecked,none,67.92056,-1.5600569,-1.5600569,26,Ready1H,0.1336674,Run,3.1780353,0.96701455,26->26:Exact,none; server owns swing cadence
317,5.187624,0.016550,Tick,live-sample,true,0xF13000007A015EA6,,server,,unchecked,unchecked,none,67.92056,-1.5600569,-1.5600569,26,Ready1H,0.1502173,,,,26->26:Exact,none; server owns swing cadence
318,5.204297,0.016673,Tick,live-sample,true,0xF13000007A015EA6,,server,,unchecked,unchecked,none,67.92056,-1.5600569,-1.5600569,26,Ready1H,0.1668905,,,,26->26:Exact,none; server owns swing cadence
319,5.221095,0.016798,Tick,live-sample,true,0xF13000007A015EA6,,server,,unchecked,unchecked,none,67.92056,-1.5600569,-1.5600569,26,Ready1H,0.1836884,,,,26->26:Exact,none; server owns swing cadence
320,5.238629,0.017534,Tick,live-sample,true,0xF13000007A015EA6,,server,,unchecked,unchecked,none,67.92056,-1.5600569,-1.5600569,26,Ready1H,0.201222,,,,26->26:Exact,none; server owns swing cadence
321,5.254496,0.015867,Tick,live-sample,true,0xF13000007A015EA6,,server,,unchecked,unchecked,none,67.92056,-1.5600569,-1.5600569,26,Ready1H,0.2170893,,,,26->26:Exact,none; server owns swing cadence
322,5.271025,0.016529,Tick,live-sample,true,0xF13000007A015EA6,,server,,unchecked,unchecked,none,67.92056,-1.5600569,-1.5600569,26,Ready1H,0.2336181,,,,26->26:Exact,none; server owns swing cadence
323,5.287572,0.016547,Tick,live-sample,true,0xF13000007A015EA6,,server,,unchecked,unchecked,none,67.92056,-1.5600569,-1.5600569,26,Ready1H,0.2501651,,,,26->26:Exact,none; server owns swing cadence
324,5.304325,0.016753,Tick,live-sample,true,0xF13000007A015EA6,,server,,unchecked,unchecked,none,67.92056,-1.5600569,-1.5600569,26,Ready1H,0.2669179,,,,26->26:Exact,none; server owns swing cadence
325,5.321006,0.016682,Tick,live-sample,true,0xF13000007A015EA6,,server,,unchecked,unchecked,none,67.92056,-1.5600569,-1.5600569,26,Ready1H,0.28359953,,,,26->26:Exact,none; server owns swing cadence
326,5.337721,0.016715,Tick,live-sample,true,0xF13000007A015EA6,,server,,unchecked,unchecked,none,67.92056,-1.5600569,-1.5600569,26,Ready1H,0.30031422,,,,26->26:Exact,none; server owns swing cadence
327,5.354315,0.016594,Tick,live-sample,true,0xF13000007A015EA6,,server,,unchecked,unchecked,none,67.92056,-1.5600569,-1.5600569,26,Ready1H,0.31690833,,,,26->26:Exact,none; server owns swing cadence
328,5.370937,0.016622,Tick,live-sample,true,0xF13000007A015EA6,,server,,unchecked,unchecked,none,67.92056,-1.5600569,-1.5600569,26,Ready1H,0.33353063,,,,26->26:Exact,none; server owns swing cadence
329,5.387904,0.016967,Tick,live-sample,true,0xF13000007A015EA6,,server,,unchecked,unchecked,none,67.92056,-1.5600569,-1.5600569,26,Ready1H,0.35049734,,,,26->26:Exact,none; server owns swing cadence
330,5.404416,0.016512,Tick,live-sample,true,0xF13000007A015EA6,,server,,unchecked,unchecked,none,67.92056,-1.5600569,-1.5600569,26,Ready1H,0.36700892,,,,26->26:Exact,none; server owns swing cadence
331,5.420924,0.016508,Tick,live-sample,true,0xF13000007A015EA6,,server,,unchecked,unchecked,none,67.92056,-1.5600569,-1.5600569,26,Ready1H,0.3835174,,,,26->26:Exact,none; server owns swing cadence
332,5.437552,0.016628,Tick,live-sample,true,0xF13000007A015EA6,,server,,unchecked,unchecked,none,67.92056,-1.5600569,-1.5600569,26,Ready1H,0.4001454,,,,26->26:Exact,none; server owns swing cadence
333,5.454668,0.017116,Tick,live-sample,true,0xF13000007A015EA6,,server,,unchecked,unchecked,none,67.92056,-1.5600569,-1.5600569,26,Ready1H,0.417261,,,,26->26:Exact,none; server owns swing cadence
334,5.471170,0.016502,Tick,live-sample,true,0xF13000007A015EA6,,server,,unchecked,unchecked,none,67.92056,-1.5600569,-1.5600569,26,Ready1H,0.4337632,,,,26->26:Exact,none; server owns swing cadence
335,5.487964,0.016795,Tick,live-sample,true,0xF13000007A015EA6,,server,,unchecked,unchecked,none,67.92056,-1.5600569,-1.5600569,26,Ready1H,0.4505577,,,,26->26:Exact,none; server owns swing cadence
336,5.504252,0.016288,Tick,live-sample,true,0xF13000007A015EA6,,server,,unchecked,unchecked,none,67.92056,-1.5600569,-1.5600569,26,Ready1H,0.4668456,,,,26->26:Exact,none; server owns swing cadence
337,5.521230,0.016977,Tick,live-sample,true,0xF13000007A015EA6,,server,,unchecked,unchecked,none,67.92056,-1.5600569,-1.5600569,26,Ready1H,0.483823,,,,26->26:Exact,none; server owns swing cadence
338,5.537841,0.016612,Tick,live-sample,true,0xF13000007A015EA6,,server,,unchecked,unchecked,none,67.92056,-1.5600569,-1.5600569,26,Ready1H,0.5004346,,,,26->26:Exact,none; server owns swing cadence
339,5.554567,0.016726,Tick,live-sample,true,0xF13000007A015EA6,,server,,unchecked,unchecked,none,67.92056,-1.5600569,-1.5600569,26,Ready1H,0.51716036,,,,26->26:Exact,none; server owns swing cadence
340,5.571009,0.016442,Tick,live-sample,true,0xF13000007A015EA6,,server,,unchecked,unchecked,none,67.92056,-1.5600569,-1.5600569,26,Ready1H,0.5336025,,,,26->26:Exact,none; server owns swing cadence
341,5.587780,0.016771,Tick,live-sample,true,0xF13000007A015EA6,,server,,unchecked,unchecked,none,67.92056,-1.5600569,-1.5600569,26,Ready1H,0.55037326,,,,26->26:Exact,none; server owns swing cadence
342,5.604778,0.016998,Tick,live-sample,true,0xF13000007A015EA6,,server,,unchecked,unchecked,none,67.92056,-1.5600569,-1.5600569,26,Ready1H,0.56737125,,,,26->26:Exact,none; server owns swing cadence
343,5.621085,0.016307,Tick,live-sample,true,0xF13000007A015EA6,,server,,unchecked,unchecked,none,67.92056,-1.5600569,-1.5600569,26,Ready1H,0.5836778,,,,26->26:Exact,none; server owns swing cadence
344,5.637897,0.016812,Tick,live-sample,true,0xF13000007A015EA6,,server,,unchecked,unchecked,none,67.92056,-1.5600569,-1.5600569,26,Ready1H,0.60049015,,,,26->26:Exact,none; server owns swing cadence
345,5.654440,0.016544,Tick,live-sample,true,0xF13000007A015EA6,,server,,unchecked,unchecked,none,67.92056,-1.5600569,-1.5600569,26,Ready1H,0.61703366,,,,26->26:Exact,none; server owns swing cadence
346,5.671265,0.016824,Tick,live-sample,true,0xF13000007A015EA6,,server,,unchecked,unchecked,none,67.92056,-1.5600569,-1.5600569,26,Ready1H,0.6338581,,,,26->26:Exact,none; server owns swing cadence
347,5.687961,0.016696,Tick,live-sample,true,0xF13000007A015EA6,,server,,unchecked,unchecked,none,67.92056,-1.5600569,-1.5600569,26,Ready1H,0.6505543,,,,26->26:Exact,none; server owns swing cadence
348,5.704770,0.016809,Tick,live-sample,true,0xF13000007A015EA6,,server,,unchecked,unchecked,none,67.92056,-1.5600569,-1.5600569,26,Ready1H,0.6673637,,,,26->26:Exact,none; server owns swing cadence
349,5.721505,0.016735,Tick,live-sample,true,0xF13000007A015EA6,,server,,unchecked,unchecked,none,67.92056,-1.5600569,-1.5600569,26,Ready1H,0.6840985,,,,26->26:Exact,none; server owns swing cadence
350,5.739175,0.017670,Tick,live-sample,true,0xF13000007A015EA6,,server,,unchecked,unchecked,none,67.92056,-1.5600569,-1.5600569,26,Ready1H,0.7017687,,,,26->26:Exact,none; server owns swing cadence
351,5.754686,0.015511,Tick,live-sample,true,0xF13000007A015EA6,,server,,unchecked,unchecked,none,67.92056,-1.5600569,-1.5600569,26,Ready1H,0.7172796,,,,26->26:Exact,none; server owns swing cadence
352,5.771399,0.016712,Tick,live-sample,true,0xF13000007A015EA6,,server,,unchecked,unchecked,none,67.92056,-1.5600569,-1.5600569,26,Ready1H,0.7339921,,,,26->26:Exact,none; server owns swing cadence
353,5.787975,0.016576,Tick,live-sample,true,0xF13000007A015EA6,,server,,unchecked,unchecked,none,67.92056,-1.5600569,-1.5600569,26,Ready1H,0.7505681,,,,26->26:Exact,none; server owns swing cadence
354,5.804616,0.016641,Tick,live-sample,true,0xF13000007A015EA6,,server,,unchecked,unchecked,none,67.92056,-1.5600569,-1.5600569,26,Ready1H,0.7672096,,,,26->26:Exact,none; server owns swing cadence
355,5.821928,0.017312,Tick,live-sample,true,0xF13000007A015EA6,,server,,unchecked,unchecked,none,67.92056,-1.5600569,-1.5600569,26,Ready1H,0.78452146,,,,26->26:Exact,none; server owns swing cadence
356,5.837997,0.016069,Tick,live-sample,true,0xF13000007A015EA6,,server,,unchecked,unchecked,none,67.92056,-1.5600569,-1.5600569,26,Ready1H,0.80059004,,,,26->26:Exact,none; server owns swing cadence
357,5.854715,0.016718,Tick,live-sample,true,0xF13000007A015EA6,,server,,unchecked,unchecked,none,67.92056,-1.5600569,-1.5600569,26,Ready1H,0.81730855,,,,26->26:Exact,none; server owns swing cadence
358,5.871708,0.016993,Tick,live-sample,true,0xF13000007A015EA6,,server,,unchecked,unchecked,none,67.92056,-1.5600569,-1.5600569,26,Ready1H,0.83430153,,,,26->26:Exact,none; server owns swing cadence
359,5.888030,0.016322,Tick,live-sample,true,0xF13000007A015EA6,,server,,unchecked,unchecked,none,67.92056,-1.5600569,-1.5600569,26,Ready1H,0.85062313,,,,26->26:Exact,none; server owns swing cadence
360,5.904684,0.016654,Tick,live-sample,true,0xF13000007A015EA6,,server,,unchecked,unchecked,none,67.92056,-1.5600569,-1.5600569,26,Ready1H,0.86727744,,,,26->26:Exact,none; server owns swing cadence
361,5.921499,0.016815,Tick,live-sample,true,0xF13000007A015EA6,,server,,unchecked,unchecked,none,67.92056,-1.5600569,-1.5600569,26,Ready1H,0.88409215,,,,26->26:Exact,none; server owns swing cadence
362,5.938236,0.016737,Tick,live-sample,true,0xF13000007A015EA6,,server,,unchecked,unchecked,none,67.92056,-1.5600569,-1.5600569,26,Ready1H,0.90082943,,,,26->26:Exact,none; server owns swing cadence
363,5.954887,0.016650,Tick,live-sample,true,0xF13000007A015EA6,,server,,unchecked,unchecked,none,67.92056,-1.5600569,-1.5600569,26,Ready1H,0.91747993,,,,26->26:Exact,none; server owns swing cadence
364,5.971405,0.016518,Tick,live-sample,true,0xF13000007A015EA6,,server,,unchecked,unchecked,none,67.92056,-1.5600569,-1.5600569,26,Ready1H,0.9339979,,,,26->26:Exact,none; server owns swing cadence
365,5.988225,0.016820,Tick,live-sample,true,0xF13000007A015EA6,,server,,unchecked,unchecked,none,67.92056,-1.5600569,-1.5600569,26,Ready1H,0.9508184,,,,26->26:Exact,none; server owns swing cadence
366,6.004782,0.016557,Tick,live-sample,true,0xF13000007A015EA6,,server,,unchecked,unchecked,none,67.92056,-1.5600569,-1.5600569,26,Ready1H,0.9673754,,,,26->26:Exact,none; server owns swing cadence
367,6.021592,0.016809,Tick,live-sample,true,0xF13000007A015EA6,,server,,unchecked,unchecked,none,67.92056,-1.5600569,-1.5600569,26,Ready1H,0.9841848,,,,26->26:Exact,none; server owns swing cadence
368,6.038152,0.016561,Tick,live-sample,true,0xF13000007A015EA6,,server,,unchecked,unchecked,none,67.92056,-1.5600569,-1.5600569,26,Ready1H,1.0007454,,,,26->26:Exact,none; server owns swing cadence
369,6.054815,0.016662,Tick,live-sample,true,0xF13000007A015EA6,,server,,unchecked,unchecked,none,67.92056,-1.5600569,-1.5600569,26,Ready1H,1.0174078,,,,26->26:Exact,none; server owns swing cadence
370,6.071579,0.016764,Tick,live-sample,true,0xF13000007A015EA6,,server,,unchecked,unchecked,none,67.92056,-1.5600569,-1.5600569,26,Ready1H,1.0341723,,,,26->26:Exact,none; server owns swing cadence
371,6.088723,0.017144,Tick,live-sample,true,0xF13000007A015EA6,,server,,unchecked,unchecked,none,67.92056,-1.5600569,-1.5600569,26,Ready1H,1.0513161,,,,26->26:Exact,none; server owns swing cadence
372,6.105347,0.016624,Tick,live-sample,true,0xF13000007A015EA6,,server,,unchecked,unchecked,none,67.92056,-1.5600569,-1.5600569,26,Ready1H,1.0679404,,,,26->26:Exact,none; server owns swing cadence
373,6.121928,0.016580,Tick,live-sample,true,0xF13000007A015EA6,,server,,unchecked,unchecked,none,67.92056,-1.5600569,-1.5600569,26,Ready1H,1.0845207,,,,26->26:Exact,none; server owns swing cadence
374,6.138350,0.016423,Tick,live-sample,true,0xF13000007A015EA6,,server,,unchecked,unchecked,none,67.92056,-1.5600569,-1.5600569,26,Ready1H,1.1009433,,,,26->26:Exact,none; server owns swing cadence
375,6.155281,0.016930,Tick,live-sample,true,0xF13000007A015EA6,,server,,unchecked,unchecked,none,67.92056,-1.5600569,-1.5600569,26,Ready1H,1.1178737,,,,26->26:Exact,none; server owns swing cadence
376,6.171948,0.016667,Tick,live-sample,true,0xF13000007A015EA6,,server,,unchecked,unchecked,none,67.92056,-1.5600569,-1.5600569,26,Ready1H,1.1345409,,,,26->26:Exact,none; server owns swing cadence
377,6.188252,0.016304,Tick,live-sample,true,0xF13000007A015EA6,,server,,unchecked,unchecked,none,67.92056,-1.5600569,-1.5600569,26,Ready1H,1.1508447,,,,26->26:Exact,none; server owns swing cadence
378,6.205190,0.016939,Tick,live-sample,true,0xF13000007A015EA6,,server,,unchecked,unchecked,none,67.92056,-1.5600569,-1.5600569,26,Ready1H,1.1677833,,,,26->26:Exact,none; server owns swing cadence
379,6.221861,0.016671,Tick,live-sample,true,0xF13000007A015EA6,,server,,unchecked,unchecked,none,67.92056,-1.5600569,-1.5600569,26,Ready1H,1.1844537,,,,26->26:Exact,none; server owns swing cadence
380,6.239790,0.017929,Tick,live-sample,true,0xF13000007A015EA6,,server,,unchecked,unchecked,none,67.92056,-1.5600569,-1.5600569,26,Ready1H,1.2023829,,,,26->26:Exact,none; server owns swing cadence
381,6.255146,0.015356,Tick,live-sample,true,0xF13000007A015EA6,,server,,unchecked,unchecked,none,67.92056,-1.5600569,-1.5600569,26,Ready1H,1.217739,,,,26->26:Exact,none; server owns swing cadence
382,6.272027,0.016880,Tick,live-sample,true,0xF13000007A015EA6,,server,,unchecked,unchecked,none,67.92056,-1.5600569,-1.5600569,26,Ready1H,1.2346195,,,,26->26:Exact,none; server owns swing cadence
383,6.288512,0.016486,Tick,live-sample,true,0xF13000007A015EA6,,server,,unchecked,unchecked,none,67.92056,-1.5600569,-1.5600569,26,Ready1H,1.2511052,,,,26->26:Exact,none; server owns swing cadence
384,6.305310,0.016798,Tick,live-sample,true,0xF13000007A015EA6,,server,,unchecked,unchecked,none,67.92056,-1.5600569,-1.5600569,26,Ready1H,1.2679027,,,,26->26:Exact,none; server owns swing cadence
385,6.322025,0.016715,Tick,live-sample,true,0xF13000007A015EA6,,server,,unchecked,unchecked,none,67.92056,-1.5600569,-1.5600569,26,Ready1H,1.2846181,,,,26->26:Exact,none; server owns swing cadence
386,6.338378,0.016352,Tick,live-sample,true,0xF13000007A015EA6,,server,,unchecked,unchecked,none,67.92056,-1.5600569,-1.5600569,26,Ready1H,1.3009706,,,,26->26:Exact,none; server owns swing cadence
387,6.355181,0.016803,Tick,live-sample,true,0xF13000007A015EA6,,server,,unchecked,unchecked,none,67.92056,-1.5600569,-1.5600569,26,Ready1H,1.3177736,,,,26->26:Exact,none; server owns swing cadence
388,6.371860,0.016679,Tick,live-sample,true,0xF13000007A015EA6,,server,,unchecked,unchecked,none,67.92056,-1.5600569,-1.5600569,26,Ready1H,1.3344526,,,,26->26:Exact,none; server owns swing cadence
389,6.388617,0.016758,Tick,live-sample,true,0xF13000007A015EA6,,server,,unchecked,unchecked,none,67.92056,-1.5600569,-1.5600569,26,Ready1H,1.3512105,,,,26->26:Exact,none; server owns swing cadence
390,6.405154,0.016537,Tick,live-sample,true,0xF13000007A015EA6,,server,,unchecked,unchecked,none,67.92056,-1.5600569,-1.5600569,26,Ready1H,1.3677474,,,,26->26:Exact,none; server owns swing cadence
391,6.421944,0.016790,Tick,live-sample,true,0xF13000007A015EA6,,server,,unchecked,unchecked,none,67.92056,-1.5600569,-1.5600569,26,Ready1H,1.3845375,,,,26->26:Exact,none; server owns swing cadence
392,6.438400,0.016456,Tick,live-sample,true,0xF13000007A015EA6,,server,,unchecked,unchecked,none,67.92056,-1.5600569,-1.5600569,26,Ready1H,1.4009933,,,,26->26:Exact,none; server owns swing cadence
393,6.455378,0.016978,Tick,live-sample,true,0xF13000007A015EA6,,server,,unchecked,unchecked,none,67.92056,-1.5600569,-1.5600569,26,Ready1H,1.4179715,,,,26->26:Exact,none; server owns swing cadence
394,6.471747,0.016369,Tick,live-sample,true,0xF13000007A015EA6,,server,,unchecked,unchecked,none,67.92056,-1.5600569,-1.5600569,26,Ready1H,1.4343405,,,,26->26:Exact,none; server owns swing cadence
395,6.488481,0.016733,Tick,live-sample,true,0xF13000007A015EA6,,server,,unchecked,unchecked,none,67.92056,-1.5600569,-1.5600569,26,Ready1H,1.4510735,,,,26->26:Exact,none; server owns swing cadence
396,6.505421,0.016941,Tick,live-sample,true,0xF13000007A015EA6,,server,,unchecked,unchecked,none,67.92056,-1.5600569,-1.5600569,26,Ready1H,1.4680145,,,,26->26:Exact,none; server owns swing cadence
397,6.522241,0.016820,Tick,live-sample,true,0xF13000007A015EA6,,server,,unchecked,unchecked,none,67.92056,-1.5600569,-1.5600569,26,Ready1H,1.4848342,,,,26->26:Exact,none; server owns swing cadence
398,6.538640,0.016399,Tick,live-sample,true,0xF13000007A015EA6,,server,,unchecked,unchecked,none,67.92056,-1.5600569,-1.5600569,26,Ready1H,1.5012333,,,,26->26:Exact,none; server owns swing cadence
399,6.555107,0.016467,Tick,live-sample,true,0xF13000007A015EA6,,server,,unchecked,unchecked,none,67.92056,-1.5600569,-1.5600569,26,Ready1H,1.5177002,,,,26->26:Exact,none; server owns swing cadence
400,6.571991,0.016884,Tick,live-sample,true,0xF13000007A015EA6,,server,,unchecked,unchecked,none,67.92056,-1.5600569,-1.5600569,26,Ready1H,1.5345845,,,,26->26:Exact,none; server owns swing cadence
401,6.588685,0.016693,Tick,live-sample,true,0xF13000007A015EA6,,server,,unchecked,unchecked,none,67.92056,-1.5600569,-1.5600569,26,Ready1H,1.5512776,,,,26->26:Exact,none; server owns swing cadence
402,6.605303,0.016618,Tick,live-sample,true,0xF13000007A015EA6,,server,,unchecked,unchecked,none,67.92056,-1.5600569,-1.5600569,26,Ready1H,1.5678961,,,,26->26:Exact,none; server owns swing cadence
403,6.622182,0.016879,Tick,live-sample,true,0xF13000007A015EA6,,server,,unchecked,unchecked,none,67.92056,-1.5600569,-1.5600569,26,Ready1H,1.5847749,,,,26->26:Exact,none; server owns swing cadence
404,6.638469,0.016288,Tick,live-sample,true,0xF13000007A015EA6,,server,,unchecked,unchecked,none,67.92056,-1.5600569,-1.5600569,26,Ready1H,1.6010624,,,,26->26:Exact,none; server owns swing cadence
405,6.655211,0.016742,Tick,live-sample,true,0xF13000007A015EA6,,server,,unchecked,unchecked,none,67.92056,-1.5600569,-1.5600569,26,Ready1H,1.6178043,,,,26->26:Exact,none; server owns swing cadence
406,6.671978,0.016767,Tick,live-sample,true,0xF13000007A015EA6,,server,,unchecked,unchecked,none,67.92056,-1.5600569,-1.5600569,26,Ready1H,1.6345708,,,,26->26:Exact,none; server owns swing cadence
407,6.688656,0.016678,Tick,live-sample,true,0xF13000007A015EA6,,server,,unchecked,unchecked,none,67.92056,-1.5600569,-1.5600569,26,Ready1H,1.6512492,,,,26->26:Exact,none; server owns swing cadence
408,6.705462,0.016806,Tick,live-sample,true,0xF13000007A015EA6,,server,,unchecked,unchecked,none,67.92056,-1.5600569,-1.5600569,26,Ready1H,1.668055,,,,26->26:Exact,none; server owns swing cadence
409,6.722306,0.016844,Tick,live-sample,true,0xF13000007A015EA6,,server,,unchecked,unchecked,none,67.92056,-1.5600569,-1.5600569,26,Ready1H,1.6848993,,,,26->26:Exact,none; server owns swing cadence
410,6.740001,0.017695,Tick,live-sample,true,0xF13000007A015EA6,,server,,unchecked,unchecked,none,67.92056,-1.5600569,-1.5600569,26,Ready1H,1.7025939,,,,26->26:Exact,none; server owns swing cadence
411,6.755393,0.015392,Tick,live-sample,true,0xF13000007A015EA6,,server,,unchecked,unchecked,none,67.92056,-1.5600569,-1.5600569,26,Ready1H,1.7179859,,,,26->26:Exact,none; server owns swing cadence
412,6.772106,0.016713,Tick,live-sample,true,0xF13000007A015EA6,,server,,unchecked,unchecked,none,67.92056,-1.5600569,-1.5600569,26,Ready1H,1.734699,,,,26->26:Exact,none; server owns swing cadence
413,6.788847,0.016741,Tick,live-sample,true,0xF13000007A015EA6,,server,,unchecked,unchecked,none,67.92056,-1.5600569,-1.5600569,26,Ready1H,1.7514403,,,,26->26:Exact,none; server owns swing cadence
414,6.805740,0.016893,Tick,live-sample,true,0xF13000007A015EA6,,server,,unchecked,unchecked,none,67.92056,-1.5600569,-1.5600569,26,Ready1H,1.7683333,,,,26->26:Exact,none; server owns swing cadence
415,6.822262,0.016522,Tick,live-sample,true,0xF13000007A015EA6,,server,,unchecked,unchecked,none,67.92056,-1.5600569,-1.5600569,26,Ready1H,1.7848551,,,,26->26:Exact,none; server owns swing cadence
416,6.838969,0.016707,Tick,live-sample,true,0xF13000007A015EA6,,server,,unchecked,unchecked,none,67.92056,-1.5600569,-1.5600569,26,Ready1H,1.801562,,,,26->26:Exact,none; server owns swing cadence
417,6.855820,0.016851,Tick,live-sample,true,0xF13000007A015EA6,,server,,unchecked,unchecked,none,67.92056,-1.5600569,-1.5600569,26,Ready1H,1.8184127,,,,26->26:Exact,none; server owns swing cadence
418,6.872289,0.016469,Tick,live-sample,true,0xF13000007A015EA6,,server,,unchecked,unchecked,none,67.92056,-1.5600569,-1.5600569,26,Ready1H,1.8348815,,,,26->26:Exact,none; server owns swing cadence
419,6.889010,0.016721,Tick,live-sample,true,0xF13000007A015EA6,,server,,unchecked,unchecked,none,67.92056,-1.5600569,-1.5600569,26,Ready1H,1.8516029,,,,26->26:Exact,none; server owns swing cadence
420,6.905785,0.016775,Tick,live-sample,true,0xF13000007A015EA6,,server,,unchecked,unchecked,none,67.92056,-1.5600569,-1.5600569,26,Ready1H,1.8683776,,,,26->26:Exact,none; server owns swing cadence
421,6.922523,0.016738,Tick,live-sample,true,0xF13000007A015EA6,,server,,unchecked,unchecked,none,67.92056,-1.5600569,-1.5600569,26,Ready1H,1.8851157,,,,26->26:Exact,none; server owns swing cadence
422,6.939025,0.016502,Tick,live-sample,true,0xF13000007A015EA6,,server,,unchecked,unchecked,none,67.92056,-1.5600569,-1.5600569,26,Ready1H,1.9016174,,,,26->26:Exact,none; server owns swing cadence
423,6.955959,0.016934,Tick,live-sample,true,0xF13000007A015EA6,,server,,unchecked,unchecked,none,67.92056,-1.5600569,-1.5600569,26,Ready1H,1.9185514,,,,26->26:Exact,none; server owns swing cadence
424,6.972284,0.016325,Tick,live-sample,true,0xF13000007A015EA6,,server,,unchecked,unchecked,none,67.92056,-1.5600569,-1.5600569,26,Ready1H,1.9348763,,,,26->26:Exact,none; server owns swing cadence
425,6.988966,0.016682,Tick,live-sample,true,0xF13000007A015EA6,,server,,unchecked,unchecked,none,67.92056,-1.5600569,-1.5600569,26,Ready1H,1.9515584,,,,26->26:Exact,none; server owns swing cadence
426,7.005582,0.016616,Tick,live-sample,true,0xF13000007A015EA6,,server,,unchecked,unchecked,none,67.92056,-1.5600569,-1.5600569,26,Ready1H,1.9681743,,,,26->26:Exact,none; server owns swing cadence
427,7.022401,0.016819,Tick,live-sample,true,0xF13000007A015EA6,,server,,unchecked,unchecked,none,67.92056,-1.5600569,-1.5600569,26,Ready1H,1.9849937,,,,26->26:Exact,none; server owns swing cadence
428,7.039223,0.016822,Tick,live-sample,true,0xF13000007A015EA6,,server,,unchecked,unchecked,none,67.92056,-1.5600569,-1.5600569,26,Ready1H,2.0018156,,,,26->26:Exact,none; server owns swing cadence
429,7.055652,0.016430,Tick,live-sample,true,0xF13000007A015EA6,,server,,unchecked,unchecked,none,67.92056,-1.5600569,-1.5600569,26,Ready1H,2.018245,,,,26->26:Exact,none; server owns swing cadence
430,7.072516,0.016864,Tick,live-sample,true,0xF13000007A015EA6,,server,,unchecked,unchecked,none,67.92056,-1.5600569,-1.5600569,26,Ready1H,2.0351088,,,,26->26:Exact,none; server owns swing cadence
431,7.089034,0.016518,Tick,live-sample,true,0xF13000007A015EA6,,server,,unchecked,unchecked,none,67.92056,-1.5600569,-1.5600569,26,Ready1H,2.0516272,,,,26->26:Exact,none; server owns swing cadence
432,7.105682,0.016648,Tick,live-sample,true,0xF13000007A015EA6,,server,,unchecked,unchecked,none,67.92056,-1.5600569,-1.5600569,26,Ready1H,2.068275,,,,26->26:Exact,none; server owns swing cadence
433,7.122590,0.016908,Tick,live-sample,true,0xF13000007A015EA6,,server,,unchecked,unchecked,none,67.92056,-1.5600569,-1.5600569,26,Ready1H,2.085183,,,,26->26:Exact,none; server owns swing cadence
434,7.139027,0.016436,Tick,live-sample,true,0xF13000007A015EA6,,server,,unchecked,unchecked,none,67.92056,-1.5600569,-1.5600569,26,Ready1H,2.1016192,,,,26->26:Exact,none; server owns swing cadence
435,7.155719,0.016693,Tick,live-sample,true,0xF13000007A015EA6,,server,,unchecked,unchecked,none,67.92056,-1.5600569,-1.5600569,26,Ready1H,2.1183121,,,,26->26:Exact,none; server owns swing cadence
436,7.172468,0.016748,Tick,live-sample,true,0xF13000007A015EA6,,server,,unchecked,unchecked,none,67.92056,-1.5600569,-1.5600569,26,Ready1H,2.1350605,,,,26->26:Exact,none; server owns swing cadence
437,7.189121,0.016654,Tick,live-sample,true,0xF13000007A015EA6,,server,,unchecked,unchecked,none,67.92056,-1.5600569,-1.5600569,26,Ready1H,2.151714,,,,26->26:Exact,none; server owns swing cadence
438,7.205788,0.016667,Tick,live-sample,true,0xF13000007A015EA6,,server,,unchecked,unchecked,none,67.92056,-1.5600569,-1.5600569,26,Ready1H,2.168381,,,,26->26:Exact,none; server owns swing cadence
439,7.222793,0.017005,Tick,live-sample,true,0xF13000007A015EA6,,server,,unchecked,unchecked,none,67.92056,-1.5600569,-1.5600569,26,Ready1H,2.185386,,,,26->26:Exact,none; server owns swing cadence
440,7.240172,0.017378,Tick,live-sample,true,0xF13000007A015EA6,,server,,unchecked,unchecked,none,67.92056,-1.5600569,-1.5600569,26,Ready1H,2.2027645,,,,26->26:Exact,none; server owns swing cadence
441,7.256005,0.015834,Tick,live-sample,true,0xF13000007A015EA6,,server,,unchecked,unchecked,none,67.92056,-1.5600569,-1.5600569,26,Ready1H,2.2185981,,,,26->26:Exact,none; server owns swing cadence
442,7.272544,0.016538,Tick,live-sample,true,0xF13000007A015EA6,,server,,unchecked,unchecked,none,67.92056,-1.5600569,-1.5600569,26,Ready1H,2.2351365,,,,26->26:Exact,none; server owns swing cadence
443,7.289392,0.016848,Tick,live-sample,true,0xF13000007A015EA6,,server,,unchecked,unchecked,none,67.92056,-1.5600569,-1.5600569,26,Ready1H,2.2519846,,,,26->26:Exact,none; server owns swing cadence
444,7.305940,0.016548,Tick,live-sample,true,0xF13000007A015EA6,,server,,unchecked,unchecked,none,67.92056,-1.5600569,-1.5600569,26,Ready1H,2.2685323,,,,26->26:Exact,none; server owns swing cadence
445,7.322786,0.016846,Tick,live-sample,true,0xF13000007A015EA6,,server,,unchecked,unchecked,none,67.92056,-1.5600569,-1.5600569,26,Ready1H,2.2853782,,,,26->26:Exact,none; server owns swing cadence
446,7.339511,0.016725,Tick,live-sample,true,0xF13000007A015EA6,,server,,unchecked,unchecked,none,67.92056,-1.5600569,-1.5600569,26,Ready1H,2.3021035,,,,26->26:Exact,none; server owns swing cadence
447,7.355954,0.016443,Tick,live-sample,true,0xF13000007A015EA6,,server,,unchecked,unchecked,none,67.92056,-1.5600569,-1.5600569,26,Ready1H,2.3185468,,,,26->26:Exact,none; server owns swing cadence
448,7.372528,0.016574,Tick,live-sample,true,0xF13000007A015EA6,,server,,unchecked,unchecked,none,67.92056,-1.5600569,-1.5600569,26,Ready1H,2.3351207,,,,26->26:Exact,none; server owns swing cadence
449,7.389375,0.016847,Tick,live-sample,true,0xF13000007A015EA6,,server,,unchecked,unchecked,none,67.92056,-1.5600569,-1.5600569,26,Ready1H,2.351968,,,,26->26:Exact,none; server owns swing cadence
450,7.406096,0.016720,Tick,live-sample,true,0xF13000007A015EA6,,server,,unchecked,unchecked,none,67.92056,-1.5600569,-1.5600569,26,Ready1H,2.368688,,,,26->26:Exact,none; server owns swing cadence
451,7.422927,0.016831,Tick,live-sample,true,0xF13000007A015EA6,,server,,unchecked,unchecked,none,67.92056,-1.5600569,-1.5600569,26,Ready1H,2.3855193,,,,26->26:Exact,none; server owns swing cadence
452,7.439343,0.016417,Tick,live-sample,true,0xF13000007A015EA6,,server,,unchecked,unchecked,none,67.92056,-1.5600569,-1.5600569,26,Ready1H,2.401936,,,,26->26:Exact,none; server owns swing cadence
453,7.455996,0.016653,Tick,live-sample,true,0xF13000007A015EA6,,server,,unchecked,unchecked,none,67.92056,-1.5600569,-1.5600569,26,Ready1H,2.4185889,,,,26->26:Exact,none; server owns swing cadence
454,7.472916,0.016920,Tick,live-sample,true,0xF13000007A015EA6,,server,,unchecked,unchecked,none,67.92056,-1.5600569,-1.5600569,26,Ready1H,2.4355087,,,,26->26:Exact,none; server owns swing cadence
455,7.489430,0.016514,Tick,live-sample,true,0xF13000007A015EA6,,server,,unchecked,unchecked,none,67.92056,-1.5600569,-1.5600569,26,Ready1H,2.452023,,,,26->26:Exact,none; server owns swing cadence
456,7.506004,0.016574,Tick,live-sample,true,0xF13000007A015EA6,,server,,unchecked,unchecked,none,67.92056,-1.5600569,-1.5600569,26,Ready1H,2.4685967,,,,26->26:Exact,none; server owns swing cadence
457,7.522741,0.016737,Tick,live-sample,true,0xF13000007A015EA6,,server,,unchecked,unchecked,none,67.92056,-1.5600569,-1.5600569,26,Ready1H,2.4853334,,,,26->26:Exact,none; server owns swing cadence
458,7.539342,0.016601,Tick,live-sample,true,0xF13000007A015EA6,,server,,unchecked,unchecked,none,67.92056,-1.5600569,-1.5600569,26,Ready1H,2.501935,,,,26->26:Exact,none; server owns swing cadence
459,7.555984,0.016642,Tick,live-sample,true,0xF13000007A015EA6,,server,,unchecked,unchecked,none,67.92056,-1.5600569,-1.5600569,26,Ready1H,2.518577,,,,26->26:Exact,none; server owns swing cadence
460,7.572677,0.016693,Tick,live-sample,true,0xF13000007A015EA6,,server,,unchecked,unchecked,none,67.92056,-1.5600569,-1.5600569,26,Ready1H,2.5352702,,,,26->26:Exact,none; server owns swing cadence
461,7.589298,0.016621,Tick,live-sample,true,0xF13000007A015EA6,,server,,unchecked,unchecked,none,67.92056,-1.5600569,-1.5600569,26,Ready1H,2.5518913,,,,26->26:Exact,none; server owns swing cadence
462,7.606191,0.016893,Tick,live-sample,true,0xF13000007A015EA6,,server,,unchecked,unchecked,none,67.92056,-1.5600569,-1.5600569,26,Ready1H,2.568784,,,,26->26:Exact,none; server owns swing cadence
463,7.623207,0.017016,Tick,live-sample,true,0xF13000007A015EA6,,server,,unchecked,unchecked,none,67.92056,-1.5600569,-1.5600569,26,Ready1H,2.5857997,,,,26->26:Exact,none; server owns swing cadence
464,7.639470,0.016263,Tick,live-sample,true,0xF13000007A015EA6,,server,,unchecked,unchecked,none,67.92056,-1.5600569,-1.5600569,26,Ready1H,2.602063,,,,26->26:Exact,none; server owns swing cadence
465,7.656209,0.016739,Tick,live-sample,true,0xF13000007A015EA6,,server,,unchecked,unchecked,none,67.92056,-1.5600569,-1.5600569,26,Ready1H,2.6188018,,,,26->26:Exact,none; server owns swing cadence
466,7.672640,0.016431,Tick,live-sample,true,0xF13000007A015EA6,,server,,unchecked,unchecked,none,67.92056,-1.5600569,-1.5600569,26,Ready1H,2.635233,,,,26->26:Exact,none; server owns swing cadence
467,7.689933,0.017293,Tick,live-sample,true,0xF13000007A015EA6,,server,,unchecked,unchecked,none,67.92056,-1.5600569,-1.5600569,26,Ready1H,2.6525254,,,,26->26:Exact,none; server owns swing cadence
468,7.706216,0.016283,Tick,live-sample,true,0xF13000007A015EA6,,server,,unchecked,unchecked,none,67.92056,-1.5600569,-1.5600569,26,Ready1H,2.6688087,,,,26->26:Exact,none; server owns swing cadence
469,7.722922,0.016706,Tick,live-sample,true,0xF13000007A015EA6,,server,,unchecked,unchecked,none,67.92056,-1.5600569,-1.5600569,26,Ready1H,2.6855152,,,,26->26:Exact,none; server owns swing cadence
470,7.740580,0.017658,Tick,live-sample,true,0xF13000007A015EA6,,server,,unchecked,unchecked,none,67.92056,-1.5600569,-1.5600569,26,Ready1H,2.7031732,,,,26->26:Exact,none; server owns swing cadence
471,7.756425,0.015845,Tick,live-sample,true,0xF13000007A015EA6,,server,,unchecked,unchecked,none,67.92056,-1.5600569,-1.5600569,26,Ready1H,2.7190182,,,,26->26:Exact,none; server owns swing cadence
472,7.772964,0.016538,Tick,live-sample,true,0xF13000007A015EA6,,server,,unchecked,unchecked,none,67.92056,-1.5600569,-1.5600569,26,Ready1H,2.7355566,,,,26->26:Exact,none; server owns swing cadence
473,7.789588,0.016624,Tick,live-sample,true,0xF13000007A015EA6,,server,,unchecked,unchecked,none,67.92056,-1.5600569,-1.5600569,26,Ready1H,2.7521806,,,,26->26:Exact,none; server owns swing cadence
474,7.806422,0.016835,Tick,live-sample,true,0xF13000007A015EA6,,server,,unchecked,unchecked,none,67.92056,-1.5600569,-1.5600569,26,Ready1H,2.7690153,,,,26->26:Exact,none; server owns swing cadence
475,7.823113,0.016691,Tick,live-sample,true,0xF13000007A015EA6,,server,,unchecked,unchecked,none,67.92056,-1.5600569,-1.5600569,26,Ready1H,2.7857058,,,,26->26:Exact,none; server owns swing cadence
476,7.839882,0.016769,Tick,live-sample,true,0xF13000007A015EA6,,server,,unchecked,unchecked,none,67.92056,-1.5600569,-1.5600569,26,Ready1H,2.802475,,,,26->26:Exact,none; server owns swing cadence
477,7.856362,0.016480,Tick,live-sample,true,0xF13000007A015EA6,,server,,unchecked,unchecked,none,67.92056,-1.5600569,-1.5600569,26,Ready1H,2.8189552,,,,26->26:Exact,none; server owns swing cadence
478,7.873341,0.016978,Tick,live-sample,true,0xF13000007A015EA6,,server,,unchecked,unchecked,none,67.92056,-1.5600569,-1.5600569,26,Ready1H,2.8359334,,,,26->26:Exact,none; server owns swing cadence
479,7.889834,0.016493,Tick,live-sample,true,0xF13000007A015EA6,,server,,unchecked,unchecked,none,67.92056,-1.5600569,-1.5600569,26,Ready1H,2.8524268,,,,26->26:Exact,none; server owns swing cadence
480,7.906583,0.016749,Tick,live-sample,true,0xF13000007A015EA6,,server,,unchecked,unchecked,none,67.92056,-1.5600569,-1.5600569,26,Ready1H,2.8691761,,,,26->26:Exact,none; server owns swing cadence
481,7.923152,0.016569,Tick,live-sample,true,0xF13000007A015EA6,,server,,unchecked,unchecked,none,67.92056,-1.5600569,-1.5600569,26,Ready1H,2.885745,,,,26->26:Exact,none; server owns swing cadence
482,7.939716,0.016564,Tick,live-sample,true,0xF13000007A015EA6,,server,,unchecked,unchecked,none,67.92056,-1.5600569,-1.5600569,26,Ready1H,2.9023092,,,,26->26:Exact,none; server owns swing cadence
483,7.956650,0.016934,Tick,live-sample,true,0xF13000007A015EA6,,server,,unchecked,unchecked,none,67.92056,-1.5600569,-1.5600569,26,Ready1H,2.919243,,,,26->26:Exact,none; server owns swing cadence
484,7.973265,0.016615,Tick,live-sample,true,0xF13000007A015EA6,,server,,unchecked,unchecked,none,67.92056,-1.5600569,-1.5600569,26,Ready1H,2.9358578,,,,26->26:Exact,none; server owns swing cadence
485,7.989807,0.016542,Tick,live-sample,true,0xF13000007A015EA6,,server,,unchecked,unchecked,none,67.92056,-1.5600569,-1.5600569,26,Ready1H,2.9524,,,,26->26:Exact,none; server owns swing cadence
486,8.006610,0.016802,Tick,live-sample,true,0xF13000007A015EA6,,server,,unchecked,unchecked,none,67.92056,-1.5600569,-1.5600569,26,Ready1H,2.9692025,,,,26->26:Exact,none; server owns swing cadence
487,8.023369,0.016759,Tick,live-sample,true,0xF13000007A015EA6,,server,,unchecked,unchecked,none,67.92056,-1.5600569,-1.5600569,26,Ready1H,2.9859617,,,,26->26:Exact,none; server owns swing cadence
488,8.039788,0.016419,Tick,live-sample,true,0xF13000007A015EA6,,server,,unchecked,unchecked,none,67.92056,-1.5600569,-1.5600569,26,Ready1H,3.0023806,,,,26->26:Exact,none; server owns swing cadence
489,8.056493,0.016706,Tick,live-sample,true,0xF13000007A015EA6,,server,,unchecked,unchecked,none,67.92056,-1.5600569,-1.5600569,26,Ready1H,3.0190864,,,,26->26:Exact,none; server owns swing cadence
490,8.073193,0.016700,Tick,live-sample,true,0xF13000007A015EA6,,server,,unchecked,unchecked,none,67.92056,-1.5600569,-1.5600569,26,Ready1H,3.0357862,,,,26->26:Exact,none; server owns swing cadence
491,8.089866,0.016672,Tick,live-sample,true,0xF13000007A015EA6,,server,,unchecked,unchecked,none,67.92056,-1.5600569,-1.5600569,26,Ready1H,3.0524585,,,,26->26:Exact,none; server owns swing cadence
492,8.106531,0.016666,Tick,live-sample,true,0xF13000007A015EA6,,server,,unchecked,unchecked,none,67.92056,-1.5600569,-1.5600569,26,Ready1H,3.0691242,,,,26->26:Exact,none; server owns swing cadence
493,8.123352,0.016821,Tick,live-sample,true,0xF13000007A015EA6,,server,,unchecked,unchecked,none,67.92056,-1.5600569,-1.5600569,26,Ready1H,3.085945,,,,26->26:Exact,none; server owns swing cadence
494,8.140038,0.016686,Tick,live-sample,true,0xF13000007A015EA6,,server,,unchecked,unchecked,none,67.92056,-1.5600569,-1.5600569,26,Ready1H,3.1026309,,,,26->26:Exact,none; server owns swing cadence
495,8.156603,0.016565,Tick,live-sample,true,0xF13000007A015EA6,,server,,unchecked,unchecked,none,67.92056,-1.5600569,-1.5600569,26,Ready1H,3.1191962,,,,26->26:Exact,none; server owns swing cadence
496,8.173242,0.016639,Tick,live-sample,true,0xF13000007A015EA6,,server,,unchecked,unchecked,none,67.92056,-1.5600569,-1.5600569,26,Ready1H,3.1358352,,,,26->26:Exact,none; server owns swing cadence
497,8.190310,0.017068,Tick,live-sample,true,0xF13000007A015EA6,,server,,unchecked,unchecked,none,67.92056,-1.5600569,-1.5600569,26,Ready1H,3.1529028,,,,26->26:Exact,none; server owns swing cadence
498,8.206485,0.016175,Tick,live-sample,true,0xF13000007A015EA6,,server,,unchecked,unchecked,none,67.92056,-1.5600569,-1.5600569,26,Ready1H,3.169078,,,,26->26:Exact,none; server owns swing cadence
499,8.223281,0.016796,Tick,live-sample,true,0xF13000007A015EA6,,server,,unchecked,unchecked,none,67.92056,-1.5600569,-1.5600569,26,Ready1H,3.1858737,,,,26->26:Exact,none; server owns swing cadence
500,8.240940,0.017659,Tick,live-sample,true,0xF13000007A015EA6,,server,,unchecked,unchecked,none,67.92056,-1.5600569,-1.5600569,26,Ready1H,3.2035325,,,,26->26:Exact,none; server owns swing cadence
501,8.256872,0.015932,Tick,live-sample,true,0xF13000007A015EA6,,server,,unchecked,unchecked,none,67.92056,-1.5600569,-1.5600569,26,Ready1H,3.2194645,,,,26->26:Exact,none; server owns swing cadence
502,8.273425,0.016553,Tick,live-sample,true,0xF13000007A015EA6,,server,,unchecked,unchecked,none,67.92056,-1.5600569,-1.5600569,26,Ready1H,3.2360177,,,,26->26:Exact,none; server owns swing cadence
503,8.290032,0.016607,Tick,live-sample,true,0xF13000007A015EA6,,server,,unchecked,unchecked,none,67.92056,-1.5600569,-1.5600569,26,Ready1H,3.252625,,,,26->26:Exact,none; server owns swing cadence
504,8.306702,0.016670,Tick,live-sample,true,0xF13000007A015EA6,,server,,unchecked,unchecked,none,67.92056,-1.5600569,-1.5600569,26,Ready1H,3.269295,,,,26->26:Exact,none; server owns swing cadence
505,8.323457,0.016755,Tick,live-sample,true,0xF13000007A015EA6,,server,,unchecked,unchecked,none,67.92056,-1.5600569,-1.5600569,26,Ready1H,3.2860496,,,,26->26:Exact,none; server owns swing cadence
506,8.340240,0.016783,Tick,live-sample,true,0xF13000007A015EA6,,server,,unchecked,unchecked,none,67.92056,-1.5600569,-1.5600569,26,Ready1H,3.3028324,,,,26->26:Exact,none; server owns swing cadence
507,8.357082,0.016843,Tick,live-sample,true,0xF13000007A015EA6,,server,,unchecked,unchecked,none,67.92056,-1.5600569,-1.5600569,26,Ready1H,3.319675,,,,26->26:Exact,none; server owns swing cadence
508,8.373403,0.016321,Tick,live-sample,true,0xF13000007A015EA6,,server,,unchecked,unchecked,none,67.92056,-1.5600569,-1.5600569,26,Ready1H,3.3359957,,,,26->26:Exact,none; server owns swing cadence
509,8.390018,0.016615,Tick,live-sample,true,0xF13000007A015EA6,,server,,unchecked,unchecked,none,67.92056,-1.5600569,-1.5600569,26,Ready1H,3.3526106,,,,26->26:Exact,none; server owns swing cadence
510,8.406887,0.016869,Tick,live-sample,true,0xF13000007A015EA6,,server,,unchecked,unchecked,none,67.92056,-1.5600569,-1.5600569,26,Ready1H,3.36948,,,,26->26:Exact,none; server owns swing cadence
511,8.423477,0.016590,Tick,live-sample,true,0xF13000007A015EA6,,server,,unchecked,unchecked,none,67.92056,-1.5600569,-1.5600569,26,Ready1H,3.3860693,,,,26->26:Exact,none; server owns swing cadence
512,8.440007,0.016530,Tick,live-sample,true,0xF13000007A015EA6,,server,,unchecked,unchecked,none,67.92056,-1.5600569,-1.5600569,26,Ready1H,3.4025993,,,,26->26:Exact,none; server owns swing cadence
513,8.456809,0.016802,Tick,live-sample,true,0xF13000007A015EA6,,server,,unchecked,unchecked,none,67.92056,-1.5600569,-1.5600569,26,Ready1H,3.4194016,,,,26->26:Exact,none; server owns swing cadence
514,8.473523,0.016714,Tick,live-sample,true,0xF13000007A015EA6,,server,,unchecked,unchecked,none,67.92056,-1.5600569,-1.5600569,26,Ready1H,3.4361157,,,,26->26:Exact,none; server owns swing cadence
515,8.490853,0.017330,Tick,live-sample,true,0xF13000007A015EA6,,server,,unchecked,unchecked,none,67.92056,-1.5600569,-1.5600569,26,Ready1H,3.453446,,,,26->26:Exact,none; server owns swing cadence
516,8.506804,0.015950,Tick,live-sample,true,0xF13000007A015EA6,,server,,unchecked,unchecked,none,67.92056,-1.5600569,-1.5600569,26,Ready1H,3.4693964,,,,26->26:Exact,none; server owns swing cadence
517,8.523563,0.016760,Tick,live-sample,true,0xF13000007A015EA6,,server,,unchecked,unchecked,none,67.92056,-1.5600569,-1.5600569,26,Ready1H,3.4861562,,,,26->26:Exact,none; server owns swing cadence
518,8.540280,0.016717,Tick,live-sample,true,0xF13000007A015EA6,,server,,unchecked,unchecked,none,67.92056,-1.5600569,-1.5600569,26,Ready1H,3.502873,,,,26->26:Exact,none; server owns swing cadence
519,8.557132,0.016852,Tick,live-sample,true,0xF13000007A015EA6,,server,,unchecked,unchecked,none,67.92056,-1.5600569,-1.5600569,26,Ready1H,3.5197248,,,,26->26:Exact,none; server owns swing cadence
520,8.573495,0.016363,Tick,live-sample,true,0xF13000007A015EA6,,server,,unchecked,unchecked,none,67.92056,-1.5600569,-1.5600569,26,Ready1H,3.5360875,,,,26->26:Exact,none; server owns swing cadence
521,8.590213,0.016718,Tick,live-sample,true,0xF13000007A015EA6,,server,,unchecked,unchecked,none,67.92056,-1.5600569,-1.5600569,26,Ready1H,3.552806,,,,26->26:Exact,none; server owns swing cadence
522,8.606901,0.016687,Tick,live-sample,true,0xF13000007A015EA6,,server,,unchecked,unchecked,none,67.92056,-1.5600569,-1.5600569,26,Ready1H,3.5694933,,,,26->26:Exact,none; server owns swing cadence
523,8.623774,0.016874,Tick,live-sample,true,0xF13000007A015EA6,,server,,unchecked,unchecked,none,67.92056,-1.5600569,-1.5600569,26,Ready1H,3.586367,,,,26->26:Exact,none; server owns swing cadence
524,8.640251,0.016477,Tick,live-sample,true,0xF13000007A015EA6,,server,,unchecked,unchecked,none,67.92056,-1.5600569,-1.5600569,26,Ready1H,3.602844,,,,26->26:Exact,none; server owns swing cadence
525,8.656852,0.016601,Tick,live-sample,true,0xF13000007A015EA6,,server,,unchecked,unchecked,none,67.92056,-1.5600569,-1.5600569,26,Ready1H,3.619445,,,,26->26:Exact,none; server owns swing cadence
526,8.673698,0.016846,Tick,live-sample,true,0xF13000007A015EA6,,server,,unchecked,unchecked,none,67.92056,-1.5600569,-1.5600569,26,Ready1H,3.636291,,,,26->26:Exact,none; server owns swing cadence
527,8.690623,0.016925,Tick,live-sample,true,0xF13000007A015EA6,,server,,unchecked,unchecked,none,67.92056,-1.5600569,-1.5600569,26,Ready1H,3.6532161,,,,26->26:Exact,none; server owns swing cadence
528,8.706885,0.016262,Tick,live-sample,true,0xF13000007A015EA6,,server,,unchecked,unchecked,none,67.92056,-1.5600569,-1.5600569,26,Ready1H,3.669478,,,,26->26:Exact,none; server owns swing cadence
529,8.723622,0.016737,Tick,live-sample,true,0xF13000007A015EA6,,server,,unchecked,unchecked,none,67.92056,-1.5600569,-1.5600569,26,Ready1H,3.6862144,,,,26->26:Exact,none; server owns swing cadence
530,8.741190,0.017568,Tick,live-sample,true,0xF13000007A015EA6,,server,,unchecked,unchecked,none,67.92056,-1.5600569,-1.5600569,26,Ready1H,3.703782,,,,26->26:Exact,none; server owns swing cadence
531,8.757040,0.015850,Tick,live-sample,true,0xF13000007A015EA6,,server,,unchecked,unchecked,none,67.92056,-1.5600569,-1.5600569,26,Ready1H,3.7196326,,,,26->26:Exact,none; server owns swing cadence
532,8.773691,0.016650,Tick,live-sample,true,0xF13000007A015EA6,,server,,unchecked,unchecked,none,67.92056,-1.5600569,-1.5600569,26,Ready1H,3.736283,,,,26->26:Exact,none; server owns swing cadence
533,8.790397,0.016706,Tick,live-sample,true,0xF13000007A015EA6,,server,,unchecked,unchecked,none,67.92056,-1.5600569,-1.5600569,26,Ready1H,3.752989,,,,26->26:Exact,none; server owns swing cadence
534,8.807105,0.016708,Tick,live-sample,true,0xF13000007A015EA6,,server,,unchecked,unchecked,none,67.92056,-1.5600569,-1.5600569,26,Ready1H,3.7696972,,,,26->26:Exact,none; server owns swing cadence
535,8.824365,0.017260,Tick,live-sample,true,0xF13000007A015EA6,,server,,unchecked,unchecked,none,67.92056,-1.5600569,-1.5600569,26,Ready1H,3.7869573,,,,26->26:Exact,none; server owns swing cadence
536,8.840393,0.016029,Tick,live-sample,true,0xF13000007A015EA6,,server,,unchecked,unchecked,none,67.92056,-1.5600569,-1.5600569,26,Ready1H,3.802986,,,,26->26:Exact,none; server owns swing cadence
537,8.857182,0.016788,Tick,live-sample,true,0xF13000007A015EA6,,server,,unchecked,unchecked,none,67.92056,-1.5600569,-1.5600569,26,Ready1H,3.8197742,,,,26->26:Exact,none; server owns swing cadence
538,8.873780,0.016599,Tick,live-sample,true,0xF13000007A015EA6,,server,,unchecked,unchecked,none,67.92056,-1.5600569,-1.5600569,26,Ready1H,3.8363726,,,,26->26:Exact,none; server owns swing cadence
539,8.890567,0.016787,Tick,live-sample,true,0xF13000007A015EA6,,server,,unchecked,unchecked,none,67.92056,-1.5600569,-1.5600569,26,Ready1H,3.8531594,,,,26->26:Exact,none; server owns swing cadence
540,8.907362,0.016795,Tick,live-sample,true,0xF13000007A015EA6,,server,,unchecked,unchecked,none,67.92056,-1.5600569,-1.5600569,26,Ready1H,3.869954,,,,26->26:Exact,none; server owns swing cadence
541,8.923974,0.016613,Tick,live-sample,true,0xF13000007A015EA6,,server,,unchecked,unchecked,none,67.92056,-1.5600569,-1.5600569,26,Ready1H,3.8865666,,,,26->26:Exact,none; server owns swing cadence
542,8.940449,0.016474,Tick,live-sample,true,0xF13000007A015EA6,,server,,unchecked,unchecked,none,67.92056,-1.5600569,-1.5600569,26,Ready1H,3.903041,,,,26->26:Exact,none; server owns swing cadence
543,8.957479,0.017030,Tick,live-sample,true,0xF13000007A015EA6,,server,,unchecked,unchecked,none,67.92056,-1.5600569,-1.5600569,26,Ready1H,3.9200714,,,,26->26:Exact,none; server owns swing cadence
544,8.973881,0.016402,Tick,live-sample,true,0xF13000007A015EA6,,server,,unchecked,unchecked,none,67.92056,-1.5600569,-1.5600569,26,Ready1H,3.9364731,,,,26->26:Exact,none; server owns swing cadence
545,8.990699,0.016819,Tick,live-sample,true,0xF13000007A015EA6,,server,,unchecked,unchecked,none,67.92056,-1.5600569,-1.5600569,26,Ready1H,3.9532917,,,,26->26:Exact,none; server owns swing cadence
546,9.007255,0.016556,Tick,live-sample,true,0xF13000007A015EA6,,server,,unchecked,unchecked,none,67.92056,-1.5600569,-1.5600569,26,Ready1H,3.9698472,,,,26->26:Exact,none; server owns swing cadence
547,9.024065,0.016810,Tick,live-sample,true,0xF13000007A015EA6,,server,,unchecked,unchecked,none,67.92056,-1.5600569,-1.5600569,26,Ready1H,3.9866571,,,,26->26:Exact,none; server owns swing cadence
548,9.040685,0.016620,Tick,live-sample,true,0xF13000007A015EA6,,server,,unchecked,unchecked,none,67.92056,-1.5600569,-1.5600569,26,Ready1H,4.0032773,,,,26->26:Exact,none; server owns swing cadence
549,9.057267,0.016581,Tick,live-sample,true,0xF13000007A015EA6,,server,,unchecked,unchecked,none,67.92056,-1.5600569,-1.5600569,26,Ready1H,4.019859,,,,26->26:Exact,none; server owns swing cadence
550,9.074211,0.016944,Tick,live-sample,true,0xF13000007A015EA6,,server,,unchecked,unchecked,none,67.92056,-1.5600569,-1.5600569,26,Ready1H,4.0368032,,,,26->26:Exact,none; server owns swing cadence
551,9.090470,0.016259,Tick,live-sample,true,0xF13000007A015EA6,,server,,unchecked,unchecked,none,67.92056,-1.5600569,-1.5600569,26,Ready1H,4.053062,,,,26->26:Exact,none; server owns swing cadence
552,9.107417,0.016947,Tick,live-sample,true,0xF13000007A015EA6,,server,,unchecked,unchecked,none,67.92056,-1.5600569,-1.5600569,26,Ready1H,4.0700088,,,,26->26:Exact,none; server owns swing cadence
553,9.124331,0.016914,Tick,live-sample,true,0xF13000007A015EA6,,server,,unchecked,unchecked,none,67.92056,-1.5600569,-1.5600569,26,Ready1H,4.0869226,,,,26->26:Exact,none; server owns swing cadence
554,9.140742,0.016411,Tick,live-sample,true,0xF13000007A015EA6,,server,,unchecked,unchecked,none,67.92056,-1.5600569,-1.5600569,26,Ready1H,4.103334,,,,26->26:Exact,none; server owns swing cadence
555,9.157404,0.016662,Tick,live-sample,true,0xF13000007A015EA6,,server,,unchecked,unchecked,none,67.92056,-1.5600569,-1.5600569,26,Ready1H,4.1199965,,,,26->26:Exact,none; server owns swing cadence
556,9.174211,0.016807,Tick,live-sample,true,0xF13000007A015EA6,,server,,unchecked,unchecked,none,67.92056,-1.5600569,-1.5600569,26,Ready1H,4.136803,,,,26->26:Exact,none; server owns swing cadence
557,9.190904,0.016693,Tick,live-sample,true,0xF13000007A015EA6,,server,,unchecked,unchecked,none,67.92056,-1.5600569,-1.5600569,26,Ready1H,4.1534963,,,,26->26:Exact,none; server owns swing cadence
558,9.207331,0.016427,Tick,live-sample,true,0xF13000007A015EA6,,server,,unchecked,unchecked,none,67.92056,-1.5600569,-1.5600569,26,Ready1H,4.169923,,,,26->26:Exact,none; server owns swing cadence
559,9.224206,0.016875,Tick,live-sample,true,0xF13000007A015EA6,,server,,unchecked,unchecked,none,67.92056,-1.5600569,-1.5600569,26,Ready1H,4.1867976,,,,26->26:Exact,none; server owns swing cadence
560,9.241737,0.017532,Tick,live-sample,true,0xF13000007A015EA6,,server,,unchecked,unchecked,none,67.92056,-1.5600569,-1.5600569,26,Ready1H,4.204329,,,,26->26:Exact,none; server owns swing cadence
561,9.257602,0.015865,Tick,live-sample,true,0xF13000007A015EA6,,server,,unchecked,unchecked,none,67.92056,-1.5600569,-1.5600569,26,Ready1H,4.2201943,,,,26->26:Exact,none; server owns swing cadence
562,9.274017,0.016415,Tick,live-sample,true,0xF13000007A015EA6,,server,,unchecked,unchecked,none,67.92056,-1.5600569,-1.5600569,26,Ready1H,4.2366095,,,,26->26:Exact,none; server owns swing cadence
563,9.290856,0.016839,Tick,live-sample,true,0xF13000007A015EA6,,server,,unchecked,unchecked,none,67.92056,-1.5600569,-1.5600569,26,Ready1H,4.2534485,,,,26->26:Exact,none; server owns swing cadence
564,9.307689,0.016833,Tick,live-sample,true,0xF13000007A015EA6,,server,,unchecked,unchecked,none,67.92056,-1.5600569,-1.5600569,26,Ready1H,4.2702813,,,,26->26:Exact,none; server owns swing cadence
565,9.324421,0.016732,Tick,live-sample,true,0xF13000007A015EA6,,server,,unchecked,unchecked,none,67.92056,-1.5600569,-1.5600569,26,Ready1H,4.287013,,,,26->26:Exact,none; server owns swing cadence
566,9.340943,0.016523,Tick,live-sample,true,0xF13000007A015EA6,,server,,unchecked,unchecked,none,67.92056,-1.5600569,-1.5600569,26,Ready1H,4.3035355,,,,26->26:Exact,none; server owns swing cadence
567,9.357650,0.016707,Tick,live-sample,true,0xF13000007A015EA6,,server,,unchecked,unchecked,none,67.92056,-1.5600569,-1.5600569,26,Ready1H,4.3202424,,,,26->26:Exact,none; server owns swing cadence
568,9.374233,0.016582,Tick,live-sample,true,0xF13000007A015EA6,,server,,unchecked,unchecked,none,67.92056,-1.5600569,-1.5600569,26,Ready1H,4.3368244,,,,26->26:Exact,none; server owns swing cadence
569,9.391059,0.016826,Tick,live-sample,true,0xF13000007A015EA6,,server,,unchecked,unchecked,none,67.92056,-1.5600569,-1.5600569,26,Ready1H,4.3536506,,,,26->26:Exact,none; server owns swing cadence
570,9.407500,0.016442,Tick,live-sample,true,0xF13000007A015EA6,,server,,unchecked,unchecked,none,67.92056,-1.5600569,-1.5600569,26,Ready1H,4.3700924,,,,26->26:Exact,none; server owns swing cadence
571,9.424472,0.016971,Tick,live-sample,true,0xF13000007A015EA6,,server,,unchecked,unchecked,none,67.92056,-1.5600569,-1.5600569,26,Ready1H,4.387064,,,,26->26:Exact,none; server owns swing cadence
572,9.440879,0.016407,Tick,live-sample,true,0xF13000007A015EA6,,server,,unchecked,unchecked,none,67.92056,-1.5600569,-1.5600569,26,Ready1H,4.403471,,,,26->26:Exact,none; server owns swing cadence
573,9.457692,0.016814,Tick,live-sample,true,0xF13000007A015EA6,,server,,unchecked,unchecked,none,67.92056,-1.5600569,-1.5600569,26,Ready1H,4.4202847,,,,26->26:Exact,none; server owns swing cadence
574,9.474434,0.016742,Tick,live-sample,true,0xF13000007A015EA6,,server,,unchecked,unchecked,none,67.92056,-1.5600569,-1.5600569,26,Ready1H,4.4370265,,,,26->26:Exact,none; server owns swing cadence
575,9.490957,0.016523,Tick,live-sample,true,0xF13000007A015EA6,,server,,unchecked,unchecked,none,67.92056,-1.5600569,-1.5600569,26,Ready1H,4.4535494,,,,26->26:Exact,none; server owns swing cadence
576,9.507735,0.016778,Tick,live-sample,true,0xF13000007A015EA6,,server,,unchecked,unchecked,none,67.92056,-1.5600569,-1.5600569,26,Ready1H,4.470328,,,,26->26:Exact,none; server owns swing cadence
577,9.524241,0.016505,Tick,live-sample,true,0xF13000007A015EA6,,server,,unchecked,unchecked,none,67.92056,-1.5600569,-1.5600569,26,Ready1H,4.486833,,,,26->26:Exact,none; server owns swing cadence
578,9.541106,0.016865,Tick,live-sample,true,0xF13000007A015EA6,,server,,unchecked,unchecked,none,67.92056,-1.5600569,-1.5600569,26,Ready1H,4.503698,,,,26->26:Exact,none; server owns swing cadence
579,9.557614,0.016509,Tick,live-sample,true,0xF13000007A015EA6,,server,,unchecked,unchecked,none,67.92056,-1.5600569,-1.5600569,26,Ready1H,4.5202065,,,,26->26:Exact,none; server owns swing cadence
580,9.574299,0.016684,Tick,live-sample,true,0xF13000007A015EA6,,server,,unchecked,unchecked,none,67.92056,-1.5600569,-1.5600569,26,Ready1H,4.5368905,,,,26->26:Exact,none; server owns swing cadence
581,9.590962,0.016664,Tick,live-sample,true,0xF13000007A015EA6,,server,,unchecked,unchecked,none,67.92056,-1.5600569,-1.5600569,26,Ready1H,4.5535545,,,,26->26:Exact,none; server owns swing cadence
582,9.608000,0.017038,Tick,live-sample,true,0xF13000007A015EA6,,server,,unchecked,unchecked,none,67.92056,-1.5600569,-1.5600569,26,Ready1H,4.5705924,,,,26->26:Exact,none; server owns swing cadence
583,9.624418,0.016418,Tick,live-sample,true,0xF13000007A015EA6,,server,,unchecked,unchecked,none,67.92056,-1.5600569,-1.5600569,26,Ready1H,4.587011,,,,26->26:Exact,none; server owns swing cadence
584,9.641008,0.016590,Tick,live-sample,true,0xF13000007A015EA6,,server,,unchecked,unchecked,none,67.92056,-1.5600569,-1.5600569,26,Ready1H,4.6036005,,,,26->26:Exact,none; server owns swing cadence
585,9.657809,0.016801,Tick,live-sample,true,0xF13000007A015EA6,,server,,unchecked,unchecked,none,67.92056,-1.5600569,-1.5600569,26,Ready1H,4.6204014,,,,26->26:Exact,none; server owns swing cadence
586,9.674935,0.017126,Tick,live-sample,true,0xF13000007A015EA6,,server,,unchecked,unchecked,none,67.92056,-1.5600569,-1.5600569,26,Ready1H,4.6375275,,,,26->26:Exact,none; server owns swing cadence
587,9.691160,0.016224,Tick,live-sample,true,0xF13000007A015EA6,,server,,unchecked,unchecked,none,67.92056,-1.5600569,-1.5600569,26,Ready1H,4.653752,,,,26->26:Exact,none; server owns swing cadence
588,9.707823,0.016663,Tick,live-sample,true,0xF13000007A015EA6,,server,,unchecked,unchecked,none,67.92056,-1.5600569,-1.5600569,26,Ready1H,4.6704144,,,,26->26:Exact,none; server owns swing cadence
589,9.724491,0.016668,Tick,live-sample,true,0xF13000007A015EA6,,server,,unchecked,unchecked,none,67.92056,-1.5600569,-1.5600569,26,Ready1H,4.687083,,,,26->26:Exact,none; server owns swing cadence
590,9.741747,0.017256,Tick,live-sample,true,0xF13000007A015EA6,,server,,unchecked,unchecked,none,67.92056,-1.5600569,-1.5600569,26,Ready1H,4.7043386,,,,26->26:Exact,none; server owns swing cadence
591,9.757780,0.016034,Tick,live-sample,true,0xF13000007A015EA6,,server,,unchecked,unchecked,none,67.92056,-1.5600569,-1.5600569,26,Ready1H,4.720372,,,,26->26:Exact,none; server owns swing cadence
592,9.774444,0.016663,Tick,live-sample,true,0xF13000007A015EA6,,server,,unchecked,unchecked,none,67.92056,-1.5600569,-1.5600569,26,Ready1H,4.7370353,,,,26->26:Exact,none; server owns swing cadence
593,9.791080,0.016636,Tick,live-sample,true,0xF13000007A015EA6,,server,,unchecked,unchecked,none,67.92056,-1.5600569,-1.5600569,26,Ready1H,4.753671,,,,26->26:Exact,none; server owns swing cadence
594,9.807992,0.016912,Tick,live-sample,true,0xF13000007A015EA6,,server,,unchecked,unchecked,none,67.92056,-1.5600569,-1.5600569,26,Ready1H,4.7705836,,,,26->26:Exact,none; server owns swing cadence
595,9.824805,0.016813,Tick,live-sample,true,0xF13000007A015EA6,,server,,unchecked,unchecked,none,67.92056,-1.5600569,-1.5600569,26,Ready1H,4.7873964,,,,26->26:Exact,none; server owns swing cadence
596,9.841147,0.016343,Tick,live-sample,true,0xF13000007A015EA6,,server,,unchecked,unchecked,none,67.92056,-1.5600569,-1.5600569,26,Ready1H,4.803739,,,,26->26:Exact,none; server owns swing cadence
597,9.858152,0.017005,Tick,live-sample,true,0xF13000007A015EA6,,server,,unchecked,unchecked,none,67.92056,-1.5600569,-1.5600569,26,Ready1H,4.8207436,,,,26->26:Exact,none; server owns swing cadence
598,9.874565,0.016413,Tick,live-sample,true,0xF13000007A015EA6,,server,,unchecked,unchecked,none,67.92056,-1.5600569,-1.5600569,26,Ready1H,4.837157,,,,26->26:Exact,none; server owns swing cadence
599,9.891352,0.016787,Tick,live-sample,true,0xF13000007A015EA6,,server,,unchecked,unchecked,none,67.92056,-1.5600569,-1.5600569,26,Ready1H,4.853944,,,,26->26:Exact,none; server owns swing cadence
600,9.907833,0.016480,Tick,live-sample,true,0xF13000007A015EA6,,server,,unchecked,unchecked,none,67.92056,-1.5600569,-1.5600569,26,Ready1H,4.8704243,,,,26->26:Exact,none; server owns swing cadence
601,9.924741,0.016908,Tick,live-sample,true,0xF13000007A015EA6,,server,,unchecked,unchecked,none,67.92056,-1.5600569,-1.5600569,26,Ready1H,4.8873324,,,,26->26:Exact,none; server owns swing cadence
602,9.941798,0.017057,Tick,live-sample,true,0xF13000007A015EA6,,server,,unchecked,unchecked,none,67.92056,-1.5600569,-1.5600569,26,Ready1H,4.9043894,,,,26->26:Exact,none; server owns swing cadence
603,9.958656,0.016858,Tick,live-sample,true,0xF13000007A015EA6,,server,,unchecked,unchecked,none,67.92056,-1.5600569,-1.5600569,26,Ready1H,4.921247,,,,26->26:Exact,none; server owns swing cadence
604,9.974648,0.015992,Tick,live-sample,true,0xF13000007A015EA6,,server,,unchecked,unchecked,none,67.92056,-1.5600569,-1.5600569,26,Ready1H,4.937239,,,,26->26:Exact,none; server owns swing cadence
605,9.991400,0.016752,Tick,live-sample,true,0xF13000007A015EA6,,server,,unchecked,unchecked,none,67.92056,-1.5600569,-1.5600569,26,Ready1H,4.953991,,,,26->26:Exact,none; server owns swing cadence
606,10.008129,0.016730,Tick,live-sample,true,0xF13000007A015EA6,,server,,unchecked,unchecked,none,67.92056,-1.5600569,-1.5600569,26,Ready1H,4.970721,,,,26->26:Exact,none; server owns swing cadence
607,10.024806,0.016677,Tick,live-sample,true,0xF13000007A015EA6,,server,,unchecked,unchecked,none,67.92056,-1.5600569,-1.5600569,26,Ready1H,4.9873977,,,,26->26:Exact,none; server owns swing cadence
608,10.041363,0.016557,Tick,live-sample,true,0xF13000007A015EA6,,server,,unchecked,unchecked,none,67.92056,-1.5600569,-1.5600569,26,Ready1H,5.0039544,,,,26->26:Exact,none; server owns swing cadence
609,10.058201,0.016838,Tick,live-sample,true,0xF13000007A015EA6,,server,,unchecked,unchecked,none,67.92056,-1.5600569,-1.5600569,26,Ready1H,5.020792,,,,26->26:Exact,none; server owns swing cadence
610,10.074716,0.016516,Tick,live-sample,true,0xF13000007A015EA6,,server,,unchecked,unchecked,none,67.92056,-1.5600569,-1.5600569,26,Ready1H,5.0373077,,,,26->26:Exact,none; server owns swing cadence
611,10.091478,0.016762,Tick,live-sample,true,0xF13000007A015EA6,,server,,unchecked,unchecked,none,67.92056,-1.5600569,-1.5600569,26,Ready1H,5.0540695,,,,26->26:Exact,none; server owns swing cadence
612,10.108111,0.016633,Tick,live-sample,true,0xF13000007A015EA6,,server,,unchecked,unchecked,none,67.92056,-1.5600569,-1.5600569,26,Ready1H,5.0707026,,,,26->26:Exact,none; server owns swing cadence
613,10.124837,0.016726,Tick,live-sample,true,0xF13000007A015EA6,,server,,unchecked,unchecked,none,67.92056,-1.5600569,-1.5600569,26,Ready1H,5.0874286,,,,26->26:Exact,none; server owns swing cadence
614,10.141382,0.016545,Tick,live-sample,true,0xF13000007A015EA6,,server,,unchecked,unchecked,none,67.92056,-1.5600569,-1.5600569,26,Ready1H,5.1039734,,,,26->26:Exact,none; server owns swing cadence
615,10.158274,0.016892,Tick,live-sample,true,0xF13000007A015EA6,,server,,unchecked,unchecked,none,67.92056,-1.5600569,-1.5600569,26,Ready1H,5.120866,,,,26->26:Exact,none; server owns swing cadence
616,10.174808,0.016534,Tick,live-sample,true,0xF13000007A015EA6,,server,,unchecked,unchecked,none,67.92056,-1.5600569,-1.5600569,26,Ready1H,5.1373997,,,,26->26:Exact,none; server owns swing cadence
617,10.191565,0.016757,Tick,live-sample,true,0xF13000007A015EA6,,server,,unchecked,unchecked,none,67.92056,-1.5600569,-1.5600569,26,Ready1H,5.1541567,,,,26->26:Exact,none; server owns swing cadence
618,10.208126,0.016561,Tick,live-sample,true,0xF13000007A015EA6,,server,,unchecked,unchecked,none,67.92056,-1.5600569,-1.5600569,26,Ready1H,5.1707177,,,,26->26:Exact,none; server owns swing cadence
619,10.225691,0.017565,Tick,live-sample,true,0xF13000007A015EA6,,server,,unchecked,unchecked,none,67.92056,-1.5600569,-1.5600569,26,Ready1H,5.1882825,,,,26->26:Exact,none; server owns swing cadence
620,10.242011,0.016320,Tick,live-sample,true,0xF13000007A015EA6,,server,,unchecked,unchecked,none,67.92056,-1.5600569,-1.5600569,26,Ready1H,5.2046027,,,,26->26:Exact,none; server owns swing cadence
621,10.258384,0.016373,Tick,live-sample,true,0xF13000007A015EA6,,server,,unchecked,unchecked,none,67.92056,-1.5600569,-1.5600569,26,Ready1H,5.220976,,,,26->26:Exact,none; server owns swing cadence
622,10.274858,0.016475,Tick,live-sample,true,0xF13000007A015EA6,,server,,unchecked,unchecked,none,67.92056,-1.5600569,-1.5600569,26,Ready1H,5.2374506,,,,26->26:Exact,none; server owns swing cadence
623,10.291667,0.016808,Tick,live-sample,true,0xF13000007A015EA6,,server,,unchecked,unchecked,none,67.92056,-1.5600569,-1.5600569,26,Ready1H,5.254259,,,,26->26:Exact,none; server owns swing cadence
624,10.308290,0.016623,Tick,live-sample,true,0xF13000007A015EA6,,server,,unchecked,unchecked,none,67.92056,-1.5600569,-1.5600569,26,Ready1H,5.270882,,,,26->26:Exact,none; server owns swing cadence
625,10.325074,0.016785,Tick,live-sample,true,0xF13000007A015EA6,,server,,unchecked,unchecked,none,67.92056,-1.5600569,-1.5600569,26,Ready1H,5.287667,,,,26->26:Exact,none; server owns swing cadence
626,10.341465,0.016391,Tick,live-sample,true,0xF13000007A015EA6,,server,,unchecked,unchecked,none,67.92056,-1.5600569,-1.5600569,26,Ready1H,5.3040576,,,,26->26:Exact,none; server owns swing cadence
627,10.358487,0.017022,Tick,live-sample,true,0xF13000007A015EA6,,server,,unchecked,unchecked,none,67.92056,-1.5600569,-1.5600569,26,Ready1H,5.3210797,,,,26->26:Exact,none; server owns swing cadence
628,10.374880,0.016392,Tick,live-sample,true,0xF13000007A015EA6,,server,,unchecked,unchecked,none,67.92056,-1.5600569,-1.5600569,26,Ready1H,5.337472,,,,26->26:Exact,none; server owns swing cadence
629,10.391868,0.016988,Tick,live-sample,true,0xF13000007A015EA6,,server,,unchecked,unchecked,none,67.92056,-1.5600569,-1.5600569,26,Ready1H,5.3544602,,,,26->26:Exact,none; server owns swing cadence
630,10.408348,0.016480,Tick,live-sample,true,0xF13000007A015EA6,,server,,unchecked,unchecked,none,67.92056,-1.5600569,-1.5600569,26,Ready1H,5.3709397,,,,26->26:Exact,none; server owns swing cadence
631,10.425168,0.016820,Tick,live-sample,true,0xF13000007A015EA6,,server,,unchecked,unchecked,none,67.92056,-1.5600569,-1.5600569,26,Ready1H,5.38776,,,,26->26:Exact,none; server owns swing cadence
632,10.441593,0.016425,Tick,live-sample,true,0xF13000007A015EA6,,server,,unchecked,unchecked,none,67.92056,-1.5600569,-1.5600569,26,Ready1H,5.4041853,,,,26->26:Exact,none; server owns swing cadence
633,10.458645,0.017052,Tick,live-sample,true,0xF13000007A015EA6,,server,,unchecked,unchecked,none,67.92056,-1.5600569,-1.5600569,26,Ready1H,5.421237,,,,26->26:Exact,none; server owns swing cadence
634,10.475224,0.016579,Tick,live-sample,true,0xF13000007A015EA6,,server,,unchecked,unchecked,none,67.92056,-1.5600569,-1.5600569,26,Ready1H,5.4378157,,,,26->26:Exact,none; server owns swing cadence
635,10.492122,0.016898,Tick,live-sample,true,0xF13000007A015EA6,,server,,unchecked,unchecked,none,67.92056,-1.5600569,-1.5600569,26,Ready1H,5.454714,,,,26->26:Exact,none; server owns swing cadence
636,10.508303,0.016182,Tick,live-sample,true,0xF13000007A015EA6,,server,,unchecked,unchecked,none,67.92056,-1.5600569,-1.5600569,26,Ready1H,5.4708953,,,,26->26:Exact,none; server owns swing cadence
637,10.525245,0.016942,Tick,live-sample,true,0xF13000007A015EA6,,server,,unchecked,unchecked,none,67.92056,-1.5600569,-1.5600569,26,Ready1H,5.487837,,,,26->26:Exact,none; server owns swing cadence
638,10.541764,0.016519,Tick,live-sample,true,0xF13000007A015EA6,,server,,unchecked,unchecked,none,67.92056,-1.5600569,-1.5600569,26,Ready1H,5.504356,,,,26->26:Exact,none; server owns swing cadence
639,10.558624,0.016860,Tick,live-sample,true,0xF13000007A015EA6,,server,,unchecked,unchecked,none,67.92056,-1.5600569,-1.5600569,26,Ready1H,5.521216,,,,26->26:Exact,none; server owns swing cadence
640,10.575144,0.016520,Tick,live-sample,true,0xF13000007A015EA6,,server,,unchecked,unchecked,none,67.92056,-1.5600569,-1.5600569,26,Ready1H,5.537736,,,,26->26:Exact,none; server owns swing cadence
641,10.591874,0.016730,Tick,live-sample,true,0xF13000007A015EA6,,server,,unchecked,unchecked,none,67.92056,-1.5600569,-1.5600569,26,Ready1H,5.5544662,,,,26->26:Exact,none; server owns swing cadence
642,10.608518,0.016643,Tick,live-sample,true,0xF13000007A015EA6,,server,,unchecked,unchecked,none,67.92056,-1.5600569,-1.5600569,26,Ready1H,5.57111,,,,26->26:Exact,none; server owns swing cadence
643,10.625322,0.016804,Tick,live-sample,true,0xF13000007A015EA6,,server,,unchecked,unchecked,none,67.92056,-1.5600569,-1.5600569,26,Ready1H,5.587914,,,,26->26:Exact,none; server owns swing cadence
644,10.641823,0.016501,Tick,live-sample,true,0xF13000007A015EA6,,server,,unchecked,unchecked,none,67.92056,-1.5600569,-1.5600569,26,Ready1H,5.6044145,,,,26->26:Exact,none; server owns swing cadence
645,10.658498,0.016675,Tick,live-sample,true,0xF13000007A015EA6,,server,,unchecked,unchecked,none,67.92056,-1.5600569,-1.5600569,26,Ready1H,5.6210895,,,,26->26:Exact,none; server owns swing cadence
646,10.675327,0.016830,Tick,live-sample,true,0xF13000007A015EA6,,server,,unchecked,unchecked,none,67.92056,-1.5600569,-1.5600569,26,Ready1H,5.6379194,,,,26->26:Exact,none; server owns swing cadence
647,10.692003,0.016675,Tick,live-sample,true,0xF13000007A015EA6,,server,,unchecked,unchecked,none,67.92056,-1.5600569,-1.5600569,26,Ready1H,5.6545944,,,,26->26:Exact,none; server owns swing cadence
648,10.709206,0.017203,Tick,live-sample,true,0xF13000007A015EA6,,server,,unchecked,unchecked,none,67.92056,-1.5600569,-1.5600569,26,Ready1H,5.6717978,,,,26->26:Exact,none; server owns swing cadence
649,10.725854,0.016648,Tick,live-sample,true,0xF13000007A015EA6,,server,,unchecked,unchecked,none,67.92056,-1.5600569,-1.5600569,26,Ready1H,5.688446,,,,26->26:Exact,none; server owns swing cadence
650,10.742279,0.016425,Tick,live-sample,true,0xF13000007A015EA6,,server,,unchecked,unchecked,none,67.92056,-1.5600569,-1.5600569,26,Ready1H,5.7048707,,,,26->26:Exact,none; server owns swing cadence
651,10.758912,0.016634,Tick,live-sample,true,0xF13000007A015EA6,,server,,unchecked,unchecked,none,67.92056,-1.5600569,-1.5600569,26,Ready1H,5.7215047,,,,26->26:Exact,none; server owns swing cadence
652,10.775351,0.016438,Tick,live-sample,true,0xF13000007A015EA6,,server,,unchecked,unchecked,none,67.92056,-1.5600569,-1.5600569,26,Ready1H,5.7379427,,,,26->26:Exact,none; server owns swing cadence
653,10.791954,0.016604,Tick,live-sample,true,0xF13000007A015EA6,,server,,unchecked,unchecked,none,67.92056,-1.5600569,-1.5600569,26,Ready1H,5.7545466,,,,26->26:Exact,none; server owns swing cadence
654,10.808735,0.016781,Tick,live-sample,true,0xF13000007A015EA6,,server,,unchecked,unchecked,none,67.92056,-1.5600569,-1.5600569,26,Ready1H,5.771327,,,,26->26:Exact,none; server owns swing cadence
655,10.825572,0.016837,Tick,live-sample,true,0xF13000007A015EA6,,server,,unchecked,unchecked,none,67.92056,-1.5600569,-1.5600569,26,Ready1H,5.7881637,,,,26->26:Exact,none; server owns swing cadence
656,10.843234,0.017662,Tick,live-sample,true,0xF13000007A015EA6,,server,,unchecked,unchecked,none,67.92056,-1.5600569,-1.5600569,26,Ready1H,5.8058257,,,,26->26:Exact,none; server owns swing cadence
657,10.858736,0.015502,Tick,live-sample,true,0xF13000007A015EA6,,server,,unchecked,unchecked,none,67.92056,-1.5600569,-1.5600569,26,Ready1H,5.8213277,,,,26->26:Exact,none; server owns swing cadence
658,10.875511,0.016776,Tick,live-sample,true,0xF13000007A015EA6,,server,,unchecked,unchecked,none,67.92056,-1.5600569,-1.5600569,26,Ready1H,5.8381033,,,,26->26:Exact,none; server owns swing cadence
659,10.892172,0.016660,Tick,live-sample,true,0xF13000007A015EA6,,server,,unchecked,unchecked,none,67.92056,-1.5600569,-1.5600569,26,Ready1H,5.8547635,,,,26->26:Exact,none; server owns swing cadence
660,10.908863,0.016691,Tick,live-sample,true,0xF13000007A015EA6,,server,,unchecked,unchecked,none,67.92056,-1.5600569,-1.5600569,26,Ready1H,5.8714547,,,,26->26:Exact,none; server owns swing cadence
661,10.925700,0.016837,Tick,live-sample,true,0xF13000007A015EA6,,server,,unchecked,unchecked,none,67.92056,-1.5600569,-1.5600569,26,Ready1H,5.8882914,,,,26->26:Exact,none; server owns swing cadence
662,10.942249,0.016550,Tick,live-sample,true,0xF13000007A015EA6,,server,,unchecked,unchecked,none,67.92056,-1.5600569,-1.5600569,26,Ready1H,5.904841,,,,26->26:Exact,none; server owns swing cadence
663,10.958924,0.016675,Tick,live-sample,true,0xF13000007A015EA6,,server,,unchecked,unchecked,none,67.92056,-1.5600569,-1.5600569,26,Ready1H,5.921516,,,,26->26:Exact,none; server owns swing cadence
664,10.975617,0.016693,Tick,live-sample,true,0xF13000007A015EA6,,server,,unchecked,unchecked,none,67.92056,-1.5600569,-1.5600569,26,Ready1H,5.9382086,,,,26->26:Exact,none; server owns swing cadence
665,10.992202,0.016585,Tick,live-sample,true,0xF13000007A015EA6,,server,,unchecked,unchecked,none,67.92056,-1.5600569,-1.5600569,26,Ready1H,5.9547935,,,,26->26:Exact,none; server owns swing cadence
666,11.008827,0.016626,Tick,live-sample,true,0xF13000007A015EA6,,server,,unchecked,unchecked,none,67.92056,-1.5600569,-1.5600569,26,Ready1H,5.9714193,,,,26->26:Exact,none; server owns swing cadence
667,11.025679,0.016851,Tick,live-sample,true,0xF13000007A015EA6,,server,,unchecked,unchecked,none,67.92056,-1.5600569,-1.5600569,26,Ready1H,5.9882708,,,,26->26:Exact,none; server owns swing cadence
668,11.042172,0.016493,Tick,live-sample,true,0xF13000007A015EA6,,server,,unchecked,unchecked,none,67.92056,-1.5600569,-1.5600569,26,Ready1H,6.004764,,,,26->26:Exact,none; server owns swing cadence
669,11.059076,0.016904,Tick,live-sample,true,0xF13000007A015EA6,,server,,unchecked,unchecked,none,67.92056,-1.5600569,-1.5600569,26,Ready1H,6.0216684,,,,26->26:Exact,none; server owns swing cadence
670,11.075742,0.016665,Tick,live-sample,true,0xF13000007A015EA6,,server,,unchecked,unchecked,none,67.92056,-1.5600569,-1.5600569,26,Ready1H,6.038334,,,,26->26:Exact,none; server owns swing cadence
671,11.092375,0.016633,Tick,live-sample,true,0xF13000007A015EA6,,server,,unchecked,unchecked,none,67.92056,-1.5600569,-1.5600569,26,Ready1H,6.054967,,,,26->26:Exact,none; server owns swing cadence
672,11.108966,0.016591,Tick,live-sample,true,0xF13000007A015EA6,,server,,unchecked,unchecked,none,67.92056,-1.5600569,-1.5600569,26,Ready1H,6.071558,,,,26->26:Exact,none; server owns swing cadence
673,11.125848,0.016882,Tick,live-sample,true,0xF13000007A015EA6,,server,,unchecked,unchecked,none,67.92056,-1.5600569,-1.5600569,26,Ready1H,6.0884404,,,,26->26:Exact,none; server owns swing cadence
674,11.142270,0.016422,Tick,live-sample,true,0xF13000007A015EA6,,server,,unchecked,unchecked,none,67.92056,-1.5600569,-1.5600569,26,Ready1H,6.1048627,,,,26->26:Exact,none; server owns swing cadence
675,11.159003,0.016733,Tick,live-sample,true,0xF13000007A015EA6,,server,,unchecked,unchecked,none,67.92056,-1.5600569,-1.5600569,26,Ready1H,6.1215954,,,,26->26:Exact,none; server owns swing cadence
676,11.175696,0.016693,Tick,live-sample,true,0xF13000007A015EA6,,server,,unchecked,unchecked,none,67.92056,-1.5600569,-1.5600569,26,Ready1H,6.138288,,,,26->26:Exact,none; server owns swing cadence
677,11.192438,0.016741,Tick,live-sample,true,0xF13000007A015EA6,,server,,unchecked,unchecked,none,67.92056,-1.5600569,-1.5600569,26,Ready1H,6.1550293,,,,26->26:Exact,none; server owns swing cadence
678,11.209036,0.016599,Tick,live-sample,true,0xF13000007A015EA6,,server,,unchecked,unchecked,none,67.92056,-1.5600569,-1.5600569,26,Ready1H,6.171628,,,,26->26:Exact,none; server owns swing cadence
679,11.225912,0.016875,Tick,live-sample,true,0xF13000007A015EA6,,server,,unchecked,unchecked,none,67.92056,-1.5600569,-1.5600569,26,Ready1H,6.1885033,,,,26->26:Exact,none; server owns swing cadence
680,11.242234,0.016322,Tick,live-sample,true,0xF13000007A015EA6,,server,,unchecked,unchecked,none,67.92056,-1.5600569,-1.5600569,26,Ready1H,6.204826,,,,26->26:Exact,none; server owns swing cadence
681,11.259359,0.017125,Tick,live-sample,true,0xF13000007A015EA6,,server,,unchecked,unchecked,none,67.92056,-1.5600569,-1.5600569,26,Ready1H,6.221951,,,,26->26:Exact,none; server owns swing cadence
682,11.275840,0.016481,Tick,live-sample,true,0xF13000007A015EA6,,server,,unchecked,unchecked,none,67.92056,-1.5600569,-1.5600569,26,Ready1H,6.238432,,,,26->26:Exact,none; server owns swing cadence
683,11.292581,0.016741,Tick,live-sample,true,0xF13000007A015EA6,,server,,unchecked,unchecked,none,67.92056,-1.5600569,-1.5600569,26,Ready1H,6.255173,,,,26->26:Exact,none; server owns swing cadence
684,11.309032,0.016451,Tick,live-sample,true,0xF13000007A015EA6,,server,,unchecked,unchecked,none,67.92056,-1.5600569,-1.5600569,26,Ready1H,6.2716236,,,,26->26:Exact,none; server owns swing cadence
685,11.325949,0.016917,Tick,live-sample,true,0xF13000007A015EA6,,server,,unchecked,unchecked,none,67.92056,-1.5600569,-1.5600569,26,Ready1H,6.288541,,,,26->26:Exact,none; server owns swing cadence
686,11.344085,0.018136,Tick,live-sample,true,0xF13000007A015EA6,,server,,unchecked,unchecked,none,67.92056,-1.5600569,-1.5600569,26,Ready1H,6.306677,,,,26->26:Exact,none; server owns swing cadence
687,11.359152,0.015067,Tick,live-sample,true,0xF13000007A015EA6,,server,,unchecked,unchecked,none,67.92056,-1.5600569,-1.5600569,26,Ready1H,6.3217444,,,,26->26:Exact,none; server owns swing cadence
688,11.375871,0.016718,Tick,live-sample,true,0xF13000007A015EA6,,server,,unchecked,unchecked,none,67.92056,-1.5600569,-1.5600569,26,Ready1H,6.338463,,,,26->26:Exact,none; server owns swing cadence
689,11.392524,0.016654,Tick,live-sample,true,0xF13000007A015EA6,,server,,unchecked,unchecked,none,67.92056,-1.5600569,-1.5600569,26,Ready1H,6.3551164,,,,26->26:Exact,none; server owns swing cadence
690,11.409154,0.016630,Tick,live-sample,true,0xF13000007A015EA6,,server,,unchecked,unchecked,none,67.92056,-1.5600569,-1.5600569,26,Ready1H,6.371746,,,,26->26:Exact,none; server owns swing cadence
691,11.426587,0.017433,Tick,live-sample,true,0xF13000007A015EA6,,server,,unchecked,unchecked,none,67.92056,-1.5600569,-1.5600569,26,Ready1H,6.389179,,,,26->26:Exact,none; server owns swing cadence
692,11.442989,0.016402,Tick,live-sample,true,0xF13000007A015EA6,,server,,unchecked,unchecked,none,67.92056,-1.5600569,-1.5600569,26,Ready1H,6.4055815,,,,26->26:Exact,none; server owns swing cadence
693,11.459221,0.016232,Tick,live-sample,true,0xF13000007A015EA6,,server,,unchecked,unchecked,none,67.92056,-1.5600569,-1.5600569,26,Ready1H,6.4218135,,,,26->26:Exact,none; server owns swing cadence
694,11.475997,0.016776,Tick,live-sample,true,0xF13000007A015EA6,,server,,unchecked,unchecked,none,67.92056,-1.5600569,-1.5600569,26,Ready1H,6.4385896,,,,26->26:Exact,none; server owns swing cadence
695,11.493005,0.017007,Tick,live-sample,true,0xF13000007A015EA6,,server,,unchecked,unchecked,none,67.92056,-1.5600569,-1.5600569,26,Ready1H,6.455597,,,,26->26:Exact,none; server owns swing cadence
696,11.509293,0.016288,Tick,live-sample,true,0xF13000007A015EA6,,server,,unchecked,unchecked,none,67.92056,-1.5600569,-1.5600569,26,Ready1H,6.471885,,,,26->26:Exact,none; server owns swing cadence
697,11.526343,0.017050,Tick,live-sample,true,0xF13000007A015EA6,,server,,unchecked,unchecked,none,67.92056,-1.5600569,-1.5600569,26,Ready1H,6.4889355,,,,26->26:Exact,none; server owns swing cadence
698,11.542548,0.016205,Tick,live-sample,true,0xF13000007A015EA6,,server,,unchecked,unchecked,none,67.92056,-1.5600569,-1.5600569,26,Ready1H,6.5051403,,,,26->26:Exact,none; server owns swing cadence
699,11.559389,0.016841,Tick,live-sample,true,0xF13000007A015EA6,,server,,unchecked,unchecked,none,67.92056,-1.5600569,-1.5600569,26,Ready1H,6.521981,,,,26->26:Exact,none; server owns swing cadence
700,11.575891,0.016502,Tick,live-sample,true,0xF13000007A015EA6,,server,,unchecked,unchecked,none,67.92056,-1.5600569,-1.5600569,26,Ready1H,6.538483,,,,26->26:Exact,none; server owns swing cadence
701,11.592678,0.016787,Tick,live-sample,true,0xF13000007A015EA6,,server,,unchecked,unchecked,none,67.92056,-1.5600569,-1.5600569,26,Ready1H,6.55527,,,,26->26:Exact,none; server owns swing cadence
702,11.609907,0.017229,Tick,live-sample,true,0xF13000007A015EA6,,server,,unchecked,unchecked,none,67.92056,-1.5600569,-1.5600569,26,Ready1H,6.572499,,,,26->26:Exact,none; server owns swing cadence
703,11.626018,0.016111,Tick,live-sample,true,0xF13000007A015EA6,,server,,unchecked,unchecked,none,67.92056,-1.5600569,-1.5600569,26,Ready1H,6.588609,,,,26->26:Exact,none; server owns swing cadence
704,11.642616,0.016598,Tick,live-sample,true,0xF13000007A015EA6,,server,,unchecked,unchecked,none,67.92056,-1.5600569,-1.5600569,26,Ready1H,6.6052074,,,,26->26:Exact,none; server owns swing cadence
705,11.659431,0.016815,Tick,live-sample,true,0xF13000007A015EA6,,server,,unchecked,unchecked,none,67.92056,-1.5600569,-1.5600569,26,Ready1H,6.6220226,,,,26->26:Exact,none; server owns swing cadence
706,11.676162,0.016731,Tick,live-sample,true,0xF13000007A015EA6,,server,,unchecked,unchecked,none,67.92056,-1.5600569,-1.5600569,26,Ready1H,6.638754,,,,26->26:Exact,none; server owns swing cadence
707,11.692815,0.016653,Tick,live-sample,true,0xF13000007A015EA6,,server,,unchecked,unchecked,none,67.92056,-1.5600569,-1.5600569,26,Ready1H,6.6554065,,,,26->26:Exact,none; server owns swing cadence
708,11.709482,0.016667,Tick,live-sample,true,0xF13000007A015EA6,,server,,unchecked,unchecked,none,67.92056,-1.5600569,-1.5600569,26,Ready1H,6.6720734,,,,26->26:Exact,none; server owns swing cadence
709,11.726209,0.016727,Tick,live-sample,true,0xF13000007A015EA6,,server,,unchecked,unchecked,none,67.92056,-1.5600569,-1.5600569,26,Ready1H,6.688801,,,,26->26:Exact,none; server owns swing cadence
710,11.742894,0.016685,Tick,live-sample,true,0xF13000007A015EA6,,server,,unchecked,unchecked,none,67.92056,-1.5600569,-1.5600569,26,Ready1H,6.7054853,,,,26->26:Exact,none; server owns swing cadence
711,11.759547,0.016653,Tick,live-sample,true,0xF13000007A015EA6,,server,,unchecked,unchecked,none,67.92056,-1.5600569,-1.5600569,26,Ready1H,6.722139,,,,26->26:Exact,none; server owns swing cadence
712,11.776133,0.016586,Tick,live-sample,true,0xF13000007A015EA6,,server,,unchecked,unchecked,none,67.92056,-1.5600569,-1.5600569,26,Ready1H,6.738725,,,,26->26:Exact,none; server owns swing cadence
713,11.793159,0.017026,Tick,live-sample,true,0xF13000007A015EA6,,server,,unchecked,unchecked,none,67.92056,-1.5600569,-1.5600569,26,Ready1H,6.7557507,,,,26->26:Exact,none; server owns swing cadence
714,11.809632,0.016473,Tick,live-sample,true,0xF13000007A015EA6,,server,,unchecked,unchecked,none,67.92056,-1.5600569,-1.5600569,26,Ready1H,6.7722235,,,,26->26:Exact,none; server owns swing cadence
715,11.826467,0.016835,Tick,live-sample,true,0xF13000007A015EA6,,server,,unchecked,unchecked,none,67.92056,-1.5600569,-1.5600569,26,Ready1H,6.789058,,,,26->26:Exact,none; server owns swing cadence
716,11.844112,0.017646,Tick,live-sample,true,0xF13000007A015EA6,,server,,unchecked,unchecked,none,67.92056,-1.5600569,-1.5600569,26,Ready1H,6.8067036,,,,26->26:Exact,none; server owns swing cadence
717,11.859621,0.015509,Tick,live-sample,true,0xF13000007A015EA6,,server,,unchecked,unchecked,none,67.92056,-1.5600569,-1.5600569,26,Ready1H,6.8222127,,,,26->26:Exact,none; server owns swing cadence
718,11.876528,0.016906,Tick,live-sample,true,0xF13000007A015EA6,,server,,unchecked,unchecked,none,67.92056,-1.5600569,-1.5600569,26,Ready1H,6.839119,,,,26->26:Exact,none; server owns swing cadence
719,11.893066,0.016538,Tick,live-sample,true,0xF13000007A015EA6,,server,,unchecked,unchecked,none,67.92056,-1.5600569,-1.5600569,26,Ready1H,6.855657,,,,26->26:Exact,none; server owns swing cadence
720,11.909595,0.016529,Tick,live-sample,true,0xF13000007A015EA6,,server,,unchecked,unchecked,none,67.92056,-1.5600569,-1.5600569,26,Ready1H,6.872186,,,,26->26:Exact,none; server owns swing cadence
721,11.926428,0.016833,Tick,live-sample,true,0xF13000007A015EA6,,server,,unchecked,unchecked,none,67.92056,-1.5600569,-1.5600569,26,Ready1H,6.8890195,,,,26->26:Exact,none; server owns swing cadence
722,11.942957,0.016529,Tick,live-sample,true,0xF13000007A015EA6,,server,,unchecked,unchecked,none,67.92056,-1.5600569,-1.5600569,26,Ready1H,6.9055486,,,,26->26:Exact,none; server owns swing cadence
723,11.959720,0.016763,Tick,live-sample,true,0xF13000007A015EA6,,server,,unchecked,unchecked,none,67.92056,-1.5600569,-1.5600569,26,Ready1H,6.9223113,,,,26->26:Exact,none; server owns swing cadence
724,11.976543,0.016823,Tick,live-sample,true,0xF13000007A015EA6,,server,,unchecked,unchecked,none,67.92056,-1.5600569,-1.5600569,26,Ready1H,6.939134,,,,26->26:Exact,none; server owns swing cadence
725,11.993060,0.016517,Tick,live-sample,true,0xF13000007A015EA6,,server,,unchecked,unchecked,none,67.92056,-1.5600569,-1.5600569,26,Ready1H,6.9556513,,,,26->26:Exact,none; server owns swing cadence
726,12.009752,0.016692,Tick,live-sample,true,0xF13000007A015EA6,,server,,unchecked,unchecked,none,67.92056,-1.5600569,-1.5600569,26,Ready1H,6.9723434,,,,26->26:Exact,none; server owns swing cadence
727,12.026483,0.016731,Tick,live-sample,true,0xF13000007A015EA6,,server,,unchecked,unchecked,none,67.92056,-1.5600569,-1.5600569,26,Ready1H,6.9890747,,,,26->26:Exact,none; server owns swing cadence
728,12.043095,0.016612,Tick,live-sample,true,0xF13000007A015EA6,,server,,unchecked,unchecked,none,67.92056,-1.5600569,-1.5600569,26,Ready1H,7.005687,,,,26->26:Exact,none; server owns swing cadence
729,12.059857,0.016762,Tick,live-sample,true,0xF13000007A015EA6,,server,,unchecked,unchecked,none,67.92056,-1.5600569,-1.5600569,26,Ready1H,7.022449,,,,26->26:Exact,none; server owns swing cadence
730,12.076331,0.016473,Tick,live-sample,true,0xF13000007A015EA6,,server,,unchecked,unchecked,none,67.92056,-1.5600569,-1.5600569,26,Ready1H,7.0389223,,,,26->26:Exact,none; server owns swing cadence
731,12.093285,0.016955,Tick,live-sample,true,0xF13000007A015EA6,,server,,unchecked,unchecked,none,67.92056,-1.5600569,-1.5600569,26,Ready1H,7.055877,,,,26->26:Exact,none; server owns swing cadence
732,12.109859,0.016574,Tick,live-sample,true,0xF13000007A015EA6,,server,,unchecked,unchecked,none,67.92056,-1.5600569,-1.5600569,26,Ready1H,7.072451,,,,26->26:Exact,none; server owns swing cadence
733,12.126440,0.016581,Tick,live-sample,true,0xF13000007A015EA6,,server,,unchecked,unchecked,none,67.92056,-1.5600569,-1.5600569,26,Ready1H,7.0890326,,,,26->26:Exact,none; server owns swing cadence
734,12.143157,0.016716,Tick,live-sample,true,0xF13000007A015EA6,,server,,unchecked,unchecked,none,67.92056,-1.5600569,-1.5600569,26,Ready1H,7.1057487,,,,26->26:Exact,none; server owns swing cadence
735,12.159783,0.016626,Tick,live-sample,true,0xF13000007A015EA6,,server,,unchecked,unchecked,none,67.92056,-1.5600569,-1.5600569,26,Ready1H,7.122375,,,,26->26:Exact,none; server owns swing cadence
736,12.176591,0.016808,Tick,live-sample,true,0xF13000007A015EA6,,server,,unchecked,unchecked,none,67.92056,-1.5600569,-1.5600569,26,Ready1H,7.1391826,,,,26->26:Exact,none; server owns swing cadence
737,12.193105,0.016515,Tick,live-sample,true,0xF13000007A015EA6,,server,,unchecked,unchecked,none,67.92056,-1.5600569,-1.5600569,26,Ready1H,7.1556973,,,,26->26:Exact,none; server owns swing cadence
738,12.209872,0.016767,Tick,live-sample,true,0xF13000007A015EA6,,server,,unchecked,unchecked,none,67.92056,-1.5600569,-1.5600569,26,Ready1H,7.1724644,,,,26->26:Exact,none; server owns swing cadence
739,12.226532,0.016660,Tick,live-sample,true,0xF13000007A015EA6,,server,,unchecked,unchecked,none,67.92056,-1.5600569,-1.5600569,26,Ready1H,7.1891246,,,,26->26:Exact,none; server owns swing cadence
740,12.243322,0.016790,Tick,live-sample,true,0xF13000007A015EA6,,server,,unchecked,unchecked,none,67.92056,-1.5600569,-1.5600569,26,Ready1H,7.2059145,,,,26->26:Exact,none; server owns swing cadence
741,12.259975,0.016652,Tick,live-sample,true,0xF13000007A015EA6,,server,,unchecked,unchecked,none,67.92056,-1.5600569,-1.5600569,26,Ready1H,7.222567,,,,26->26:Exact,none; server owns swing cadence
742,12.276594,0.016619,Tick,live-sample,true,0xF13000007A015EA6,,server,,unchecked,unchecked,none,67.92056,-1.5600569,-1.5600569,26,Ready1H,7.2391863,,,,26->26:Exact,none; server owns swing cadence
743,12.293518,0.016924,Tick,live-sample,true,0xF13000007A015EA6,,server,,unchecked,unchecked,none,67.92056,-1.5600569,-1.5600569,26,Ready1H,7.25611,,,,26->26:Exact,none; server owns swing cadence
744,12.309983,0.016465,Tick,live-sample,true,0xF13000007A015EA6,,server,,unchecked,unchecked,none,67.92056,-1.5600569,-1.5600569,26,Ready1H,7.2725754,,,,26->26:Exact,none; server owns swing cadence
745,12.326688,0.016705,Tick,live-sample,true,0xF13000007A015EA6,,server,,unchecked,unchecked,none,67.92056,-1.5600569,-1.5600569,26,Ready1H,7.2892804,,,,26->26:Exact,none; server owns swing cadence
746,12.344569,0.017880,Tick,live-sample,true,0xF13000007A015EA6,,server,,unchecked,unchecked,none,67.92056,-1.5600569,-1.5600569,26,Ready1H,7.3071604,,,,26->26:Exact,none; server owns swing cadence
747,12.359965,0.015396,Tick,live-sample,true,0xF13000007A015EA6,,server,,unchecked,unchecked,none,67.92056,-1.5600569,-1.5600569,26,Ready1H,7.3225565,,,,26->26:Exact,none; server owns swing cadence
748,12.376598,0.016633,Tick,live-sample,true,0xF13000007A015EA6,,server,,unchecked,unchecked,none,67.92056,-1.5600569,-1.5600569,26,Ready1H,7.33919,,,,26->26:Exact,none; server owns swing cadence
749,12.393274,0.016675,Tick,live-sample,true,0xF13000007A015EA6,,server,,unchecked,unchecked,none,67.92056,-1.5600569,-1.5600569,26,Ready1H,7.3558655,,,,26->26:Exact,none; server owns swing cadence
750,12.410105,0.016831,Tick,live-sample,true,0xF13000007A015EA6,,server,,unchecked,unchecked,none,67.92056,-1.5600569,-1.5600569,26,Ready1H,7.3726964,,,,26->26:Exact,none; server owns swing cadence
751,12.426726,0.016621,Tick,live-sample,true,0xF13000007A015EA6,,server,,unchecked,unchecked,none,67.92056,-1.5600569,-1.5600569,26,Ready1H,7.3893175,,,,26->26:Exact,none; server owns swing cadence
752,12.444121,0.017395,Tick,live-sample,true,0xF13000007A015EA6,,server,,unchecked,unchecked,none,67.92056,-1.5600569,-1.5600569,26,Ready1H,7.4067125,,,,26->26:Exact,none; server owns swing cadence
753,12.460014,0.015893,Tick,live-sample,true,0xF13000007A015EA6,,server,,unchecked,unchecked,none,67.92056,-1.5600569,-1.5600569,26,Ready1H,7.4226055,,,,26->26:Exact,none; server owns swing cadence
754,12.476778,0.016764,Tick,live-sample,true,0xF13000007A015EA6,,server,,unchecked,unchecked,none,67.92056,-1.5600569,-1.5600569,26,Ready1H,7.439369,,,,26->26:Exact,none; server owns swing cadence
755,12.493304,0.016526,Tick,live-sample,true,0xF13000007A015EA6,,server,,unchecked,unchecked,none,67.92056,-1.5600569,-1.5600569,26,Ready1H,7.4558954,,,,26->26:Exact,none; server owns swing cadence
756,12.510011,0.016707,Tick,live-sample,true,0xF13000007A015EA6,,server,,unchecked,unchecked,none,67.92056,-1.5600569,-1.5600569,26,Ready1H,7.472603,,,,26->26:Exact,none; server owns swing cadence
757,12.526987,0.016975,Tick,live-sample,true,0xF13000007A015EA6,,server,,unchecked,unchecked,none,67.92056,-1.5600569,-1.5600569,26,Ready1H,7.4895782,,,,26->26:Exact,none; server owns swing cadence
758,12.543303,0.016317,Tick,live-sample,true,0xF13000007A015EA6,,server,,unchecked,unchecked,none,67.92056,-1.5600569,-1.5600569,26,Ready1H,7.5058947,,,,26->26:Exact,none; server owns swing cadence
759,12.560074,0.016771,Tick,live-sample,true,0xF13000007A015EA6,,server,,unchecked,unchecked,none,67.92056,-1.5600569,-1.5600569,26,Ready1H,7.522665,,,,26->26:Exact,none; server owns swing cadence
760,12.576838,0.016765,Tick,live-sample,true,0xF13000007A015EA6,,server,,unchecked,unchecked,none,67.92056,-1.5600569,-1.5600569,26,Ready1H,7.5394297,,,,26->26:Exact,none; server owns swing cadence
761,12.593526,0.016688,Tick,live-sample,true,0xF13000007A015EA6,,server,,unchecked,unchecked,none,67.92056,-1.5600569,-1.5600569,26,Ready1H,7.556117,,,,26->26:Exact,none; server owns swing cadence
762,12.610111,0.016585,Tick,live-sample,true,0xF13000007A015EA6,,server,,unchecked,unchecked,none,67.92056,-1.5600569,-1.5600569,26,Ready1H,7.5727024,,,,26->26:Exact,none; server owns swing cadence
763,12.626860,0.016749,Tick,live-sample,true,0xF13000007A015EA6,,server,,unchecked,unchecked,none,67.92056,-1.5600569,-1.5600569,26,Ready1H,7.5894513,,,,26->26:Exact,none; server owns swing cadence
764,12.643510,0.016650,Tick,live-sample,true,0xF13000007A015EA6,,server,,unchecked,unchecked,none,67.92056,-1.5600569,-1.5600569,26,Ready1H,7.606102,,,,26->26:Exact,none; server owns swing cadence
765,12.660212,0.016702,Tick,live-sample,true,0xF13000007A015EA6,,server,,unchecked,unchecked,none,67.92056,-1.5600569,-1.5600569,26,Ready1H,7.6228037,,,,26->26:Exact,none; server owns swing cadence
766,12.676836,0.016624,Tick,live-sample,true,0xF13000007A015EA6,,server,,unchecked,unchecked,none,67.92056,-1.5600569,-1.5600569,26,Ready1H,7.6394277,,,,26->26:Exact,none; server owns swing cadence
767,12.693556,0.016720,Tick,live-sample,true,0xF13000007A015EA6,,server,,unchecked,unchecked,none,67.92056,-1.5600569,-1.5600569,26,Ready1H,7.656148,,,,26->26:Exact,none; server owns swing cadence
768,12.710195,0.016638,Tick,live-sample,true,0xF13000007A015EA6,,server,,unchecked,unchecked,none,67.92056,-1.5600569,-1.5600569,26,Ready1H,7.672786,,,,26->26:Exact,none; server owns swing cadence
769,12.727089,0.016894,Tick,live-sample,true,0xF13000007A015EA6,,server,,unchecked,unchecked,none,67.92056,-1.5600569,-1.5600569,26,Ready1H,7.6896806,,,,26->26:Exact,none; server owns swing cadence
770,12.743652,0.016563,Tick,live-sample,true,0xF13000007A015EA6,,server,,unchecked,unchecked,none,67.92056,-1.5600569,-1.5600569,26,Ready1H,7.7062435,,,,26->26:Exact,none; server owns swing cadence
771,12.760515,0.016863,Tick,live-sample,true,0xF13000007A015EA6,,server,,unchecked,unchecked,none,67.92056,-1.5600569,-1.5600569,26,Ready1H,7.7231064,,,,26->26:Exact,none; server owns swing cadence
772,12.776900,0.016385,Tick,live-sample,true,0xF13000007A015EA6,,server,,unchecked,unchecked,none,67.92056,-1.5600569,-1.5600569,26,Ready1H,7.7394915,,,,26->26:Exact,none; server owns swing cadence
773,12.793683,0.016784,Tick,live-sample,true,0xF13000007A015EA6,,server,,unchecked,unchecked,none,67.92056,-1.5600569,-1.5600569,26,Ready1H,7.756275,,,,26->26:Exact,none; server owns swing cadence
774,12.810390,0.016706,Tick,live-sample,true,0xF13000007A015EA6,,server,,unchecked,unchecked,none,67.92056,-1.5600569,-1.5600569,26,Ready1H,7.7729816,,,,26->26:Exact,none; server owns swing cadence
775,12.826967,0.016578,Tick,live-sample,true,0xF13000007A015EA6,,server,,unchecked,unchecked,none,67.92056,-1.5600569,-1.5600569,26,Ready1H,7.7895594,,,,26->26:Exact,none; server owns swing cadence
776,12.844753,0.017786,Tick,live-sample,true,0xF13000007A015EA6,,server,,unchecked,unchecked,none,67.92056,-1.5600569,-1.5600569,26,Ready1H,7.8073454,,,,26->26:Exact,none; server owns swing cadence
777,12.860237,0.015483,Tick,live-sample,true,0xF13000007A015EA6,,server,,unchecked,unchecked,none,67.92056,-1.5600569,-1.5600569,26,Ready1H,7.822829,,,,26->26:Exact,none; server owns swing cadence
778,12.877150,0.016913,Tick,live-sample,true,0xF13000007A015EA6,,server,,unchecked,unchecked,none,67.92056,-1.5600569,-1.5600569,26,Ready1H,7.839742,,,,26->26:Exact,none; server owns swing cadence
779,12.893930,0.016780,Tick,live-sample,true,0xF13000007A015EA6,,server,,unchecked,unchecked,none,67.92056,-1.5600569,-1.5600569,26,Ready1H,7.8565226,,,,26->26:Exact,none; server owns swing cadence
780,12.910389,0.016458,Tick,live-sample,true,0xF13000007A015EA6,,server,,unchecked,unchecked,none,67.92056,-1.5600569,-1.5600569,26,Ready1H,7.872981,,,,26->26:Exact,none; server owns swing cadence
781,12.927040,0.016652,Tick,live-sample,true,0xF13000007A015EA6,,server,,unchecked,unchecked,none,67.92056,-1.5600569,-1.5600569,26,Ready1H,7.8896327,,,,26->26:Exact,none; server owns swing cadence
782,12.943829,0.016789,Tick,live-sample,true,0xF13000007A015EA6,,server,,unchecked,unchecked,none,67.92056,-1.5600569,-1.5600569,26,Ready1H,7.9064217,,,,26->26:Exact,none; server owns swing cadence
783,12.960466,0.016636,Tick,live-sample,true,0xF13000007A015EA6,,server,,unchecked,unchecked,none,67.92056,-1.5600569,-1.5600569,26,Ready1H,7.9230576,,,,26->26:Exact,none; server owns swing cadence
784,12.977208,0.016742,Tick,live-sample,true,0xF13000007A015EA6,,server,,unchecked,unchecked,none,67.92056,-1.5600569,-1.5600569,26,Ready1H,7.9398003,,,,26->26:Exact,none; server owns swing cadence
785,12.993835,0.016627,Tick,live-sample,true,0xF13000007A015EA6,,server,,unchecked,unchecked,none,67.92056,-1.5600569,-1.5600569,26,Ready1H,7.9564276,,,,26->26:Exact,none; server owns swing cadence
786,13.010536,0.016700,Tick,live-sample,true,0xF13000007A015EA6,,server,,unchecked,unchecked,none,67.92056,-1.5600569,-1.5600569,26,Ready1H,7.973128,,,,26->26:Exact,none; server owns swing cadence
787,13.027211,0.016676,Tick,live-sample,true,0xF13000007A015EA6,,server,,unchecked,unchecked,none,67.92056,-1.5600569,-1.5600569,26,Ready1H,7.9898033,,,,26->26:Exact,none; server owns swing cadence
788,13.043858,0.016647,Tick,live-sample,true,0xF13000007A015EA6,,server,,unchecked,unchecked,none,67.92056,-1.5600569,-1.5600569,26,Ready1H,8.00645,,,,26->26:Exact,none; server owns swing cadence
789,13.060603,0.016745,Tick,live-sample,true,0xF13000007A015EA6,,server,,unchecked,unchecked,none,67.92056,-1.5600569,-1.5600569,26,Ready1H,8.023195,,,,26->26:Exact,none; server owns swing cadence
790,13.060603,0.000000,AttackStopSend,network-session-send,true,0x0000000000000000,CMSG_ATTACKSTOP,server,,unchecked,unchecked,none,-1,,,26,Ready1H,8.023195,,,,26->26:Exact,CMSG_ATTACKSTOP
791,13.060603,0.000000,IntentOff,user-cancel,true,0xF13000007A015EA6,,server,,unchecked,unchecked,none,67.92056,-1.5600569,-1.5600569,26,Ready1H,8.023195,,,,26->26:Exact,local attack latch edge
792,13.077096,0.016493,Tick,live-sample,false,0x0000000000000000,,server,,unchecked,unchecked,none,-1,,,26,Ready1H,8.039688,,,,26->26:Exact,none; server owns swing cadence
