row,t,dt,event,cause,intentOn,targetGuid,opcode,swingTimerOwner,weaponSpeedMs,rangeEligibility,arcEligibility,clientAction,distance,bearingDelta,facingDelta,clipId,clipName,clipTime,clipB,clipBTime,blendWeight,animChoice,detail
0,0.000000,0.000000,TraceStart,operator,false,0x0000000000000000,,server,,unchecked,unchecked,none,-1,,,0,Stand,4.1050024,,,,0->0:Exact,server-authoritative swing timing; client range/arc gates absent
1,0.000000,0.000000,AttackSwingSend,network-session-send,false,0xF13000007A00E7F9,CMSG_ATTACKSWING,server,,unchecked,unchecked,none,50.059948,-3.529042,-3.529042,0,Stand,4.1199393,,,,0->0:Exact,CMSG_ATTACKSWING
2,0.000000,0.000000,IntentOn,user-start,true,0xF13000007A00E7F9,,server,,unchecked,unchecked,none,50.059948,-3.529042,-3.529042,0,Stand,4.1199393,,,,0->0:Exact,local attack latch edge
3,0.017928,0.017928,Tick,live-sample,true,0xF13000007A00E7F9,,server,,unchecked,unchecked,none,50.059948,-3.529042,-3.529042,0,Stand,4.137867,,,,0->0:Exact,none; server owns swing cadence
4,0.033067,0.015140,Tick,live-sample,true,0xF13000007A00E7F9,,server,,unchecked,unchecked,none,50.059948,-3.529042,-3.529042,0,Stand,4.1530066,,,,0->0:Exact,none; server owns swing cadence
5,0.049753,0.016686,Tick,live-sample,true,0xF13000007A00E7F9,,server,,unchecked,unchecked,none,50.059948,-3.529042,-3.529042,0,Stand,4.169692,,,,0->0:Exact,none; server owns swing cadence
6,0.049753,0.000000,AttackStartReceive,server,true,0xF13000007A00E7F9,SMSG_ATTACKSTART,server,,unchecked,unchecked,none,50.059948,-3.529042,-3.529042,0,Stand,4.169692,,,,0->0:Exact,attacker=0x0000000000000001
7,0.049753,0.000000,AnimChoice,animator,true,0xF13000007A00E7F9,,server,,unchecked,unchecked,none,50.059948,-3.529042,-3.529042,0,Stand,4.169692,,,,26->26:Exact,track=0 requested=26 played=26 kind=Exact base=0:Stand clipB= blendWeight=0
8,0.066429,0.016676,Tick,live-sample,true,0xF13000007A00E7F9,,server,,unchecked,unchecked,none,50.059948,-3.529042,-3.529042,26,Ready1H,0.0166757,Stand,4.1863675,0.034329176,26->26:Exact,none; server owns swing cadence
9,0.066429,0.000000,AttackErrorReceive,server-law,true,0xF13000007A00E7F9,SMSG_ATTACKSWING_NOTINRANGE,server,,unchecked,unchecked,none,50.059948,-3.529042,-3.529042,26,Ready1H,0.0166757,Stand,4.1863675,0.034329176,26->26:Exact,opcode=SMSG_ATTACKSWING_NOTINRANGE value=0x0145 bytes=0
10,0.083177,0.016749,Tick,live-sample,true,0xF13000007A00E7F9,,server,,unchecked,unchecked,none,50.059948,-3.529042,-3.529042,26,Ready1H,0.0334244,Stand,4.2031164,0.12683046,26->26:Exact,none; server owns swing cadence
11,0.099709,0.016532,Tick,live-sample,true,0xF13000007A00E7F9,,server,,unchecked,unchecked,none,50.059948,-3.529042,-3.529042,26,Ready1H,0.0499564,Stand,4.2196484,0.25887173,26->26:Exact,none; server owns swing cadence
12,0.116469,0.016759,Tick,live-sample,true,0xF13000007A00E7F9,,server,,unchecked,unchecked,none,50.059948,-3.529042,-3.529042,26,Ready1H,0.0667156,Stand,4.2364078,0.41749287,26->26:Exact,none; server owns swing cadence
13,0.133061,0.016592,Tick,live-sample,true,0xF13000007A00E7F9,,server,,unchecked,unchecked,none,50.059948,-3.529042,-3.529042,26,Ready1H,0.0833078,Stand,4.253,0.58273816,26->26:Exact,none; server owns swing cadence
14,0.149889,0.016828,Tick,live-sample,true,0xF13000007A00E7F9,,server,,unchecked,unchecked,none,50.059948,-3.529042,-3.529042,26,Ready1H,0.1001359,Stand,4.269828,0.7419479,26->26:Exact,none; server owns swing cadence
15,0.166622,0.016733,Tick,live-sample,true,0xF13000007A00E7F9,,server,,unchecked,unchecked,none,50.059948,-3.529042,-3.529042,26,Ready1H,0.1168686,Stand,4.2865605,0.87519276,26->26:Exact,none; server owns swing cadence
16,0.183154,0.016532,Tick,live-sample,true,0xF13000007A00E7F9,,server,,unchecked,unchecked,none,50.059948,-3.529042,-3.529042,26,Ready1H,0.1334008,Stand,4.303093,0.9659725,26->26:Exact,none; server owns swing cadence
17,0.199959,0.016806,Tick,live-sample,true,0xF13000007A00E7F9,,server,,unchecked,unchecked,none,50.059948,-3.529042,-3.529042,26,Ready1H,0.1502066,,,,26->26:Exact,none; server owns swing cadence
18,0.216666,0.016707,Tick,live-sample,true,0xF13000007A00E7F9,,server,,unchecked,unchecked,none,50.059948,-3.529042,-3.529042,26,Ready1H,0.1669132,,,,26->26:Exact,none; server owns swing cadence
19,0.233278,0.016612,Tick,live-sample,true,0xF13000007A00E7F9,,server,,unchecked,unchecked,none,50.059948,-3.529042,-3.529042,26,Ready1H,0.1835254,,,,26->26:Exact,none; server owns swing cadence
20,0.250116,0.016837,Tick,live-sample,true,0xF13000007A00E7F9,,server,,unchecked,unchecked,none,50.059948,-3.529042,-3.529042,26,Ready1H,0.2003626,,,,26->26:Exact,none; server owns swing cadence
21,0.266466,0.016350,Tick,live-sample,true,0xF13000007A00E7F9,,server,,unchecked,unchecked,none,50.059948,-3.529042,-3.529042,26,Ready1H,0.21671289,,,,26->26:Exact,none; server owns swing cadence
22,0.283470,0.017004,Tick,live-sample,true,0xF13000007A00E7F9,,server,,unchecked,unchecked,none,50.059948,-3.529042,-3.529042,26,Ready1H,0.2337167,,,,26->26:Exact,none; server owns swing cadence
23,0.300172,0.016702,Tick,live-sample,true,0xF13000007A00E7F9,,server,,unchecked,unchecked,none,50.059948,-3.529042,-3.529042,26,Ready1H,0.25041878,,,,26->26:Exact,none; server owns swing cadence
24,0.316587,0.016415,Tick,live-sample,true,0xF13000007A00E7F9,,server,,unchecked,unchecked,none,50.059948,-3.529042,-3.529042,26,Ready1H,0.26683417,,,,26->26:Exact,none; server owns swing cadence
25,0.333540,0.016953,Tick,live-sample,true,0xF13000007A00E7F9,,server,,unchecked,unchecked,none,50.059948,-3.529042,-3.529042,26,Ready1H,0.28378746,,,,26->26:Exact,none; server owns swing cadence
26,0.350211,0.016670,Tick,live-sample,true,0xF13000007A00E7F9,,server,,unchecked,unchecked,none,50.059948,-3.529042,-3.529042,26,Ready1H,0.30045775,,,,26->26:Exact,none; server owns swing cadence
27,0.366706,0.016495,Tick,live-sample,true,0xF13000007A00E7F9,,server,,unchecked,unchecked,none,50.059948,-3.529042,-3.529042,26,Ready1H,0.31695285,,,,26->26:Exact,none; server owns swing cadence
28,0.383470,0.016764,Tick,live-sample,true,0xF13000007A00E7F9,,server,,unchecked,unchecked,none,50.059948,-3.529042,-3.529042,26,Ready1H,0.33371717,,,,26->26:Exact,none; server owns swing cadence
29,0.400258,0.016787,Tick,live-sample,true,0xF13000007A00E7F9,,server,,unchecked,unchecked,none,50.059948,-3.529042,-3.529042,26,Ready1H,0.35050458,,,,26->26:Exact,none; server owns swing cadence
30,0.416926,0.016668,Tick,live-sample,true,0xF13000007A00E7F9,,server,,unchecked,unchecked,none,50.059948,-3.529042,-3.529042,26,Ready1H,0.36717287,,,,26->26:Exact,none; server owns swing cadence
31,0.433552,0.016626,Tick,live-sample,true,0xF13000007A00E7F9,,server,,unchecked,unchecked,none,50.059948,-3.529042,-3.529042,26,Ready1H,0.38379857,,,,26->26:Exact,none; server owns swing cadence
32,0.450274,0.016723,Tick,live-sample,true,0xF13000007A00E7F9,,server,,unchecked,unchecked,none,50.059948,-3.529042,-3.529042,26,Ready1H,0.40052107,,,,26->26:Exact,none; server owns swing cadence
33,0.466787,0.016513,Tick,live-sample,true,0xF13000007A00E7F9,,server,,unchecked,unchecked,none,50.059948,-3.529042,-3.529042,26,Ready1H,0.41703427,,,,26->26:Exact,none; server owns swing cadence
34,0.483820,0.017033,Tick,live-sample,true,0xF13000007A00E7F9,,server,,unchecked,unchecked,none,50.059948,-3.529042,-3.529042,26,Ready1H,0.43406677,,,,26->26:Exact,none; server owns swing cadence
35,0.500263,0.016443,Tick,live-sample,true,0xF13000007A00E7F9,,server,,unchecked,unchecked,none,50.059948,-3.529042,-3.529042,26,Ready1H,0.45051008,,,,26->26:Exact,none; server owns swing cadence
36,0.518017,0.017754,Tick,live-sample,true,0xF13000007A00E7F9,,server,,unchecked,unchecked,none,50.059948,-3.529042,-3.529042,26,Ready1H,0.4682645,,,,26->26:Exact,none; server owns swing cadence
37,0.533652,0.015634,Tick,live-sample,true,0xF13000007A00E7F9,,server,,unchecked,unchecked,none,50.059948,-3.529042,-3.529042,26,Ready1H,0.48389888,,,,26->26:Exact,none; server owns swing cadence
38,0.551414,0.017762,Tick,live-sample,true,0xF13000007A00E7F9,,server,,unchecked,unchecked,none,50.059948,-3.529042,-3.529042,26,Ready1H,0.5016607,,,,26->26:Exact,none; server owns swing cadence
39,0.567105,0.015691,Tick,live-sample,true,0xF13000007A00E7F9,,server,,unchecked,unchecked,none,50.059948,-3.529042,-3.529042,26,Ready1H,0.5173517,,,,26->26:Exact,none; server owns swing cadence
40,0.583519,0.016415,Tick,live-sample,true,0xF13000007A00E7F9,,server,,unchecked,unchecked,none,50.059948,-3.529042,-3.529042,26,Ready1H,0.5337665,,,,26->26:Exact,none; server owns swing cadence
41,0.600360,0.016841,Tick,live-sample,true,0xF13000007A00E7F9,,server,,unchecked,unchecked,none,50.059948,-3.529042,-3.529042,26,Ready1H,0.5506073,,,,26->26:Exact,none; server owns swing cadence
42,0.616842,0.016482,Tick,live-sample,true,0xF13000007A00E7F9,,server,,unchecked,unchecked,none,50.059948,-3.529042,-3.529042,26,Ready1H,0.5670889,,,,26->26:Exact,none; server owns swing cadence
43,0.633719,0.016877,Tick,live-sample,true,0xF13000007A00E7F9,,server,,unchecked,unchecked,none,50.059948,-3.529042,-3.529042,26,Ready1H,0.583966,,,,26->26:Exact,none; server owns swing cadence
44,0.650467,0.016748,Tick,live-sample,true,0xF13000007A00E7F9,,server,,unchecked,unchecked,none,50.059948,-3.529042,-3.529042,26,Ready1H,0.60071445,,,,26->26:Exact,none; server owns swing cadence
45,0.667091,0.016624,Tick,live-sample,true,0xF13000007A00E7F9,,server,,unchecked,unchecked,none,50.059948,-3.529042,-3.529042,26,Ready1H,0.61733794,,,,26->26:Exact,none; server owns swing cadence
46,0.683627,0.016537,Tick,live-sample,true,0xF13000007A00E7F9,,server,,unchecked,unchecked,none,50.059948,-3.529042,-3.529042,26,Ready1H,0.63387454,,,,26->26:Exact,none; server owns swing cadence
47,0.700503,0.016876,Tick,live-sample,true,0xF13000007A00E7F9,,server,,unchecked,unchecked,none,50.059948,-3.529042,-3.529042,26,Ready1H,0.65075034,,,,26->26:Exact,none; server owns swing cadence
48,0.717097,0.016593,Tick,live-sample,true,0xF13000007A00E7F9,,server,,unchecked,unchecked,none,50.059948,-3.529042,-3.529042,26,Ready1H,0.66734385,,,,26->26:Exact,none; server owns swing cadence
49,0.733822,0.016726,Tick,live-sample,true,0xF13000007A00E7F9,,server,,unchecked,unchecked,none,50.059948,-3.529042,-3.529042,26,Ready1H,0.6840696,,,,26->26:Exact,none; server owns swing cadence
50,0.750286,0.016463,Tick,live-sample,true,0xF13000007A00E7F9,,server,,unchecked,unchecked,none,50.059948,-3.529042,-3.529042,26,Ready1H,0.700533,,,,26->26:Exact,none; server owns swing cadence
51,0.767276,0.016990,Tick,live-sample,true,0xF13000007A00E7F9,,server,,unchecked,unchecked,none,50.059948,-3.529042,-3.529042,26,Ready1H,0.71752316,,,,26->26:Exact,none; server owns swing cadence
52,0.783839,0.016563,Tick,live-sample,true,0xF13000007A00E7F9,,server,,unchecked,unchecked,none,50.059948,-3.529042,-3.529042,26,Ready1H,0.73408586,,,,26->26:Exact,none; server owns swing cadence
53,0.800637,0.016798,Tick,live-sample,true,0xF13000007A00E7F9,,server,,unchecked,unchecked,none,50.059948,-3.529042,-3.529042,26,Ready1H,0.75088406,,,,26->26:Exact,none; server owns swing cadence
54,0.816993,0.016356,Tick,live-sample,true,0xF13000007A00E7F9,,server,,unchecked,unchecked,none,50.059948,-3.529042,-3.529042,26,Ready1H,0.7672406,,,,26->26:Exact,none; server owns swing cadence
55,0.834254,0.017261,Tick,live-sample,true,0xF13000007A00E7F9,,server,,unchecked,unchecked,none,50.059948,-3.529042,-3.529042,26,Ready1H,0.7845015,,,,26->26:Exact,none; server owns swing cadence
56,0.851098,0.016844,Tick,live-sample,true,0xF13000007A00E7F9,,server,,unchecked,unchecked,none,50.059948,-3.529042,-3.529042,26,Ready1H,0.80134547,,,,26->26:Exact,none; server owns swing cadence
57,0.867093,0.015995,Tick,live-sample,true,0xF13000007A00E7F9,,server,,unchecked,unchecked,none,50.059948,-3.529042,-3.529042,26,Ready1H,0.8173402,,,,26->26:Exact,none; server owns swing cadence
58,0.883782,0.016689,Tick,live-sample,true,0xF13000007A00E7F9,,server,,unchecked,unchecked,none,50.059948,-3.529042,-3.529042,26,Ready1H,0.8340288,,,,26->26:Exact,none; server owns swing cadence
59,0.900631,0.016849,Tick,live-sample,true,0xF13000007A00E7F9,,server,,unchecked,unchecked,none,50.059948,-3.529042,-3.529042,26,Ready1H,0.8508783,,,,26->26:Exact,none; server owns swing cadence
60,0.917233,0.016601,Tick,live-sample,true,0xF13000007A00E7F9,,server,,unchecked,unchecked,none,50.059948,-3.529042,-3.529042,26,Ready1H,0.8674798,,,,26->26:Exact,none; server owns swing cadence
61,0.933930,0.016697,Tick,live-sample,true,0xF13000007A00E7F9,,server,,unchecked,unchecked,none,50.059948,-3.529042,-3.529042,26,Ready1H,0.8841773,,,,26->26:Exact,none; server owns swing cadence
62,0.950572,0.016642,Tick,live-sample,true,0xF13000007A00E7F9,,server,,unchecked,unchecked,none,50.059948,-3.529042,-3.529042,26,Ready1H,0.9008194,,,,26->26:Exact,none; server owns swing cadence
63,0.967266,0.016694,Tick,live-sample,true,0xF13000007A00E7F9,,server,,unchecked,unchecked,none,50.059948,-3.529042,-3.529042,26,Ready1H,0.9175129,,,,26->26:Exact,none; server owns swing cadence
64,0.984370,0.017105,Tick,live-sample,true,0xF13000007A00E7F9,,server,,unchecked,unchecked,none,50.059948,-3.529042,-3.529042,26,Ready1H,0.9346176,,,,26->26:Exact,none; server owns swing cadence
65,1.000543,0.016173,Tick,live-sample,true,0xF13000007A00E7F9,,server,,unchecked,unchecked,none,50.059948,-3.529042,-3.529042,26,Ready1H,0.95079046,,,,26->26:Exact,none; server owns swing cadence
66,1.017703,0.017160,Tick,live-sample,true,0xF13000007A00E7F9,,server,,unchecked,unchecked,none,50.059948,-3.529042,-3.529042,26,Ready1H,0.96795017,,,,26->26:Exact,none; server owns swing cadence
67,1.034063,0.016360,Tick,live-sample,true,0xF13000007A00E7F9,,server,,unchecked,unchecked,none,50.059948,-3.529042,-3.529042,26,Ready1H,0.98431045,,,,26->26:Exact,none; server owns swing cadence
68,1.050666,0.016603,Tick,live-sample,true,0xF13000007A00E7F9,,server,,unchecked,unchecked,none,50.059948,-3.529042,-3.529042,26,Ready1H,1.0009134,,,,26->26:Exact,none; server owns swing cadence
69,1.067310,0.016644,Tick,live-sample,true,0xF13000007A00E7F9,,server,,unchecked,unchecked,none,50.059948,-3.529042,-3.529042,26,Ready1H,1.0175571,,,,26->26:Exact,none; server owns swing cadence
70,1.083834,0.016524,Tick,live-sample,true,0xF13000007A00E7F9,,server,,unchecked,unchecked,none,50.059948,-3.529042,-3.529042,26,Ready1H,1.0340812,,,,26->26:Exact,none; server owns swing cadence
71,1.100672,0.016838,Tick,live-sample,true,0xF13000007A00E7F9,,server,,unchecked,unchecked,none,50.059948,-3.529042,-3.529042,26,Ready1H,1.0509187,,,,26->26:Exact,none; server owns swing cadence
72,1.119139,0.018467,Tick,live-sample,true,0xF13000007A00E7F9,,server,,unchecked,unchecked,none,50.059948,-3.529042,-3.529042,26,Ready1H,1.0693856,,,,26->26:Exact,none; server owns swing cadence
73,1.134127,0.014988,Tick,live-sample,true,0xF13000007A00E7F9,,server,,unchecked,unchecked,none,50.059948,-3.529042,-3.529042,26,Ready1H,1.0843736,,,,26->26:Exact,none; server owns swing cadence
74,1.150726,0.016599,Tick,live-sample,true,0xF13000007A00E7F9,,server,,unchecked,unchecked,none,50.059948,-3.529042,-3.529042,26,Ready1H,1.1009729,,,,26->26:Exact,none; server owns swing cadence
75,1.167331,0.016605,Tick,live-sample,true,0xF13000007A00E7F9,,server,,unchecked,unchecked,none,50.059948,-3.529042,-3.529042,26,Ready1H,1.1175776,,,,26->26:Exact,none; server owns swing cadence
76,1.184027,0.016696,Tick,live-sample,true,0xF13000007A00E7F9,,server,,unchecked,unchecked,none,50.059948,-3.529042,-3.529042,26,Ready1H,1.134274,,,,26->26:Exact,none; server owns swing cadence
77,1.200780,0.016753,Tick,live-sample,true,0xF13000007A00E7F9,,server,,unchecked,unchecked,none,50.059948,-3.529042,-3.529042,26,Ready1H,1.1510266,,,,26->26:Exact,none; server owns swing cadence
78,1.217432,0.016652,Tick,live-sample,true,0xF13000007A00E7F9,,server,,unchecked,unchecked,none,50.059948,-3.529042,-3.529042,26,Ready1H,1.1676787,,,,26->26:Exact,none; server owns swing cadence
79,1.234045,0.016613,Tick,live-sample,true,0xF13000007A00E7F9,,server,,unchecked,unchecked,none,50.059948,-3.529042,-3.529042,26,Ready1H,1.1842917,,,,26->26:Exact,none; server owns swing cadence
80,1.250751,0.016707,Tick,live-sample,true,0xF13000007A00E7F9,,server,,unchecked,unchecked,none,50.059948,-3.529042,-3.529042,26,Ready1H,1.2009984,,,,26->26:Exact,none; server owns swing cadence
81,1.267337,0.016586,Tick,live-sample,true,0xF13000007A00E7F9,,server,,unchecked,unchecked,none,50.059948,-3.529042,-3.529042,26,Ready1H,1.2175844,,,,26->26:Exact,none; server owns swing cadence
82,1.284100,0.016763,Tick,live-sample,true,0xF13000007A00E7F9,,server,,unchecked,unchecked,none,50.059948,-3.529042,-3.529042,26,Ready1H,1.234347,,,,26->26:Exact,none; server owns swing cadence
83,1.300745,0.016645,Tick,live-sample,true,0xF13000007A00E7F9,,server,,unchecked,unchecked,none,50.059948,-3.529042,-3.529042,26,Ready1H,1.2509924,,,,26->26:Exact,none; server owns swing cadence
84,1.317528,0.016782,Tick,live-sample,true,0xF13000007A00E7F9,,server,,unchecked,unchecked,none,50.059948,-3.529042,-3.529042,26,Ready1H,1.2677748,,,,26->26:Exact,none; server owns swing cadence
85,1.334120,0.016592,Tick,live-sample,true,0xF13000007A00E7F9,,server,,unchecked,unchecked,none,50.059948,-3.529042,-3.529042,26,Ready1H,1.2843666,,,,26->26:Exact,none; server owns swing cadence
86,1.350950,0.016831,Tick,live-sample,true,0xF13000007A00E7F9,,server,,unchecked,unchecked,none,50.059948,-3.529042,-3.529042,26,Ready1H,1.3011974,,,,26->26:Exact,none; server owns swing cadence
87,1.367554,0.016603,Tick,live-sample,true,0xF13000007A00E7F9,,server,,unchecked,unchecked,none,50.059948,-3.529042,-3.529042,26,Ready1H,1.3178005,,,,26->26:Exact,none; server owns swing cadence
88,1.384295,0.016741,Tick,live-sample,true,0xF13000007A00E7F9,,server,,unchecked,unchecked,none,50.059948,-3.529042,-3.529042,26,Ready1H,1.3345417,,,,26->26:Exact,none; server owns swing cadence
89,1.401308,0.017013,Tick,live-sample,true,0xF13000007A00E7F9,,server,,unchecked,unchecked,none,50.059948,-3.529042,-3.529042,26,Ready1H,1.3515549,,,,26->26:Exact,none; server owns swing cadence
90,1.417620,0.016313,Tick,live-sample,true,0xF13000007A00E7F9,,server,,unchecked,unchecked,none,50.059948,-3.529042,-3.529042,26,Ready1H,1.3678675,,,,26->26:Exact,none; server owns swing cadence
91,1.434291,0.016670,Tick,live-sample,true,0xF13000007A00E7F9,,server,,unchecked,unchecked,none,50.059948,-3.529042,-3.529042,26,Ready1H,1.3845377,,,,26->26:Exact,none; server owns swing cadence
92,1.451005,0.016714,Tick,live-sample,true,0xF13000007A00E7F9,,server,,unchecked,unchecked,none,50.059948,-3.529042,-3.529042,26,Ready1H,1.401252,,,,26->26:Exact,none; server owns swing cadence
93,1.467650,0.016645,Tick,live-sample,true,0xF13000007A00E7F9,,server,,unchecked,unchecked,none,50.059948,-3.529042,-3.529042,26,Ready1H,1.4178967,,,,26->26:Exact,none; server owns swing cadence
94,1.484290,0.016641,Tick,live-sample,true,0xF13000007A00E7F9,,server,,unchecked,unchecked,none,50.059948,-3.529042,-3.529042,26,Ready1H,1.4345374,,,,26->26:Exact,none; server owns swing cadence
95,1.500967,0.016677,Tick,live-sample,true,0xF13000007A00E7F9,,server,,unchecked,unchecked,none,50.059948,-3.529042,-3.529042,26,Ready1H,1.4512143,,,,26->26:Exact,none; server owns swing cadence
96,1.517739,0.016772,Tick,live-sample,true,0xF13000007A00E7F9,,server,,unchecked,unchecked,none,50.059948,-3.529042,-3.529042,26,Ready1H,1.4679859,,,,26->26:Exact,none; server owns swing cadence
97,1.534293,0.016554,Tick,live-sample,true,0xF13000007A00E7F9,,server,,unchecked,unchecked,none,50.059948,-3.529042,-3.529042,26,Ready1H,1.48454,,,,26->26:Exact,none; server owns swing cadence
98,1.551177,0.016884,Tick,live-sample,true,0xF13000007A00E7F9,,server,,unchecked,unchecked,none,50.059948,-3.529042,-3.529042,26,Ready1H,1.5014242,,,,26->26:Exact,none; server owns swing cadence
99,1.567907,0.016730,Tick,live-sample,true,0xF13000007A00E7F9,,server,,unchecked,unchecked,none,50.059948,-3.529042,-3.529042,26,Ready1H,1.5181546,,,,26->26:Exact,none; server owns swing cadence
100,1.584757,0.016849,Tick,live-sample,true,0xF13000007A00E7F9,,server,,unchecked,unchecked,none,50.059948,-3.529042,-3.529042,26,Ready1H,1.5350039,,,,26->26:Exact,none; server owns swing cadence
101,1.601140,0.016383,Tick,live-sample,true,0xF13000007A00E7F9,,server,,unchecked,unchecked,none,50.059948,-3.529042,-3.529042,26,Ready1H,1.5513872,,,,26->26:Exact,none; server owns swing cadence
102,1.618856,0.017716,Tick,live-sample,true,0xF13000007A00E7F9,,server,,unchecked,unchecked,none,50.059948,-3.529042,-3.529042,26,Ready1H,1.5691034,,,,26->26:Exact,none; server owns swing cadence
103,1.634530,0.015674,Tick,live-sample,true,0xF13000007A00E7F9,,server,,unchecked,unchecked,none,50.059948,-3.529042,-3.529042,26,Ready1H,1.5847772,,,,26->26:Exact,none; server owns swing cadence
104,1.651209,0.016679,Tick,live-sample,true,0xF13000007A00E7F9,,server,,unchecked,unchecked,none,50.059948,-3.529042,-3.529042,26,Ready1H,1.6014559,,,,26->26:Exact,none; server owns swing cadence
105,1.667997,0.016788,Tick,live-sample,true,0xF13000007A00E7F9,,server,,unchecked,unchecked,none,50.059948,-3.529042,-3.529042,26,Ready1H,1.618244,,,,26->26:Exact,none; server owns swing cadence
106,1.684480,0.016483,Tick,live-sample,true,0xF13000007A00E7F9,,server,,unchecked,unchecked,none,50.059948,-3.529042,-3.529042,26,Ready1H,1.6347274,,,,26->26:Exact,none; server owns swing cadence
107,1.701162,0.016682,Tick,live-sample,true,0xF13000007A00E7F9,,server,,unchecked,unchecked,none,50.059948,-3.529042,-3.529042,26,Ready1H,1.6514091,,,,26->26:Exact,none; server owns swing cadence
108,1.718251,0.017089,Tick,live-sample,true,0xF13000007A00E7F9,,server,,unchecked,unchecked,none,50.059948,-3.529042,-3.529042,26,Ready1H,1.6684977,,,,26->26:Exact,none; server owns swing cadence
109,1.734679,0.016429,Tick,live-sample,true,0xF13000007A00E7F9,,server,,unchecked,unchecked,none,50.059948,-3.529042,-3.529042,26,Ready1H,1.6849264,,,,26->26:Exact,none; server owns swing cadence
110,1.751071,0.016392,Tick,live-sample,true,0xF13000007A00E7F9,,server,,unchecked,unchecked,none,50.059948,-3.529042,-3.529042,26,Ready1H,1.7013181,,,,26->26:Exact,none; server owns swing cadence
111,1.767873,0.016802,Tick,live-sample,true,0xF13000007A00E7F9,,server,,unchecked,unchecked,none,50.059948,-3.529042,-3.529042,26,Ready1H,1.71812,,,,26->26:Exact,none; server owns swing cadence
112,1.784634,0.016761,Tick,live-sample,true,0xF13000007A00E7F9,,server,,unchecked,unchecked,none,50.059948,-3.529042,-3.529042,26,Ready1H,1.7348809,,,,26->26:Exact,none; server owns swing cadence
113,1.801217,0.016584,Tick,live-sample,true,0xF13000007A00E7F9,,server,,unchecked,unchecked,none,50.059948,-3.529042,-3.529042,26,Ready1H,1.7514645,,,,26->26:Exact,none; server owns swing cadence
114,1.817735,0.016518,Tick,live-sample,true,0xF13000007A00E7F9,,server,,unchecked,unchecked,none,50.059948,-3.529042,-3.529042,26,Ready1H,1.7679824,,,,26->26:Exact,none; server owns swing cadence
115,1.834478,0.016743,Tick,live-sample,true,0xF13000007A00E7F9,,server,,unchecked,unchecked,none,50.059948,-3.529042,-3.529042,26,Ready1H,1.7847253,,,,26->26:Exact,none; server owns swing cadence
116,1.851231,0.016753,Tick,live-sample,true,0xF13000007A00E7F9,,server,,unchecked,unchecked,none,50.059948,-3.529042,-3.529042,26,Ready1H,1.8014779,,,,26->26:Exact,none; server owns swing cadence
117,1.867931,0.016700,Tick,live-sample,true,0xF13000007A00E7F9,,server,,unchecked,unchecked,none,50.059948,-3.529042,-3.529042,26,Ready1H,1.818178,,,,26->26:Exact,none; server owns swing cadence
118,1.884633,0.016702,Tick,live-sample,true,0xF13000007A00E7F9,,server,,unchecked,unchecked,none,50.059948,-3.529042,-3.529042,26,Ready1H,1.83488,,,,26->26:Exact,none; server owns swing cadence
119,1.901298,0.016665,Tick,live-sample,true,0xF13000007A00E7F9,,server,,unchecked,unchecked,none,50.059948,-3.529042,-3.529042,26,Ready1H,1.8515452,,,,26->26:Exact,none; server owns swing cadence
120,1.917966,0.016668,Tick,live-sample,true,0xF13000007A00E7F9,,server,,unchecked,unchecked,none,50.059948,-3.529042,-3.529042,26,Ready1H,1.8682134,,,,26->26:Exact,none; server owns swing cadence
121,1.934657,0.016691,Tick,live-sample,true,0xF13000007A00E7F9,,server,,unchecked,unchecked,none,50.059948,-3.529042,-3.529042,26,Ready1H,1.8849044,,,,26->26:Exact,none; server owns swing cadence
122,1.951254,0.016596,Tick,live-sample,true,0xF13000007A00E7F9,,server,,unchecked,unchecked,none,50.059948,-3.529042,-3.529042,26,Ready1H,1.9015009,,,,26->26:Exact,none; server owns swing cadence
123,1.967965,0.016712,Tick,live-sample,true,0xF13000007A00E7F9,,server,,unchecked,unchecked,none,50.059948,-3.529042,-3.529042,26,Ready1H,1.9182128,,,,26->26:Exact,none; server owns swing cadence
124,1.984895,0.016930,Tick,live-sample,true,0xF13000007A00E7F9,,server,,unchecked,unchecked,none,50.059948,-3.529042,-3.529042,26,Ready1H,1.9351425,,,,26->26:Exact,none; server owns swing cadence
125,2.001792,0.016897,Tick,live-sample,true,0xF13000007A00E7F9,,server,,unchecked,unchecked,none,50.059948,-3.529042,-3.529042,26,Ready1H,1.9520395,,,,26->26:Exact,none; server owns swing cadence
126,2.018022,0.016230,Tick,live-sample,true,0xF13000007A00E7F9,,server,,unchecked,unchecked,none,50.059948,-3.529042,-3.529042,26,Ready1H,1.9682692,,,,26->26:Exact,none; server owns swing cadence
127,2.034729,0.016707,Tick,live-sample,true,0xF13000007A00E7F9,,server,,unchecked,unchecked,none,50.059948,-3.529042,-3.529042,26,Ready1H,1.984976,,,,26->26:Exact,none; server owns swing cadence
128,2.051428,0.016699,Tick,live-sample,true,0xF13000007A00E7F9,,server,,unchecked,unchecked,none,50.059948,-3.529042,-3.529042,26,Ready1H,2.001675,,,,26->26:Exact,none; server owns swing cadence
129,2.068152,0.016725,Tick,live-sample,true,0xF13000007A00E7F9,,server,,unchecked,unchecked,none,50.059948,-3.529042,-3.529042,26,Ready1H,2.0183995,,,,26->26:Exact,none; server owns swing cadence
130,2.084670,0.016518,Tick,live-sample,true,0xF13000007A00E7F9,,server,,unchecked,unchecked,none,50.059948,-3.529042,-3.529042,26,Ready1H,2.0349176,,,,26->26:Exact,none; server owns swing cadence
131,2.101665,0.016995,Tick,live-sample,true,0xF13000007A00E7F9,,server,,unchecked,unchecked,none,50.059948,-3.529042,-3.529042,26,Ready1H,2.0519125,,,,26->26:Exact,none; server owns swing cadence
132,2.118045,0.016380,Tick,live-sample,true,0xF13000007A00E7F9,,server,,unchecked,unchecked,none,50.059948,-3.529042,-3.529042,26,Ready1H,2.0682921,,,,26->26:Exact,none; server owns swing cadence
133,2.134736,0.016691,Tick,live-sample,true,0xF13000007A00E7F9,,server,,unchecked,unchecked,none,50.059948,-3.529042,-3.529042,26,Ready1H,2.0849829,,,,26->26:Exact,none; server owns swing cadence
134,2.151666,0.016930,Tick,live-sample,true,0xF13000007A00E7F9,,server,,unchecked,unchecked,none,50.059948,-3.529042,-3.529042,26,Ready1H,2.101913,,,,26->26:Exact,none; server owns swing cadence
135,2.168155,0.016489,Tick,live-sample,true,0xF13000007A00E7F9,,server,,unchecked,unchecked,none,50.059948,-3.529042,-3.529042,26,Ready1H,2.1184022,,,,26->26:Exact,none; server owns swing cadence
136,2.185076,0.016921,Tick,live-sample,true,0xF13000007A00E7F9,,server,,unchecked,unchecked,none,50.059948,-3.529042,-3.529042,26,Ready1H,2.1353228,,,,26->26:Exact,none; server owns swing cadence
137,2.201969,0.016893,Tick,live-sample,true,0xF13000007A00E7F9,,server,,unchecked,unchecked,none,50.059948,-3.529042,-3.529042,26,Ready1H,2.1522162,,,,26->26:Exact,none; server owns swing cadence
138,2.219529,0.017560,Tick,live-sample,true,0xF13000007A00E7F9,,server,,unchecked,unchecked,none,50.059948,-3.529042,-3.529042,26,Ready1H,2.1697764,,,,26->26:Exact,none; server owns swing cadence
139,2.234870,0.015341,Tick,live-sample,true,0xF13000007A00E7F9,,server,,unchecked,unchecked,none,50.059948,-3.529042,-3.529042,26,Ready1H,2.1851175,,,,26->26:Exact,none; server owns swing cadence
140,2.251516,0.016646,Tick,live-sample,true,0xF13000007A00E7F9,,server,,unchecked,unchecked,none,50.059948,-3.529042,-3.529042,26,Ready1H,2.2017632,,,,26->26:Exact,none; server owns swing cadence
141,2.268224,0.016708,Tick,live-sample,true,0xF13000007A00E7F9,,server,,unchecked,unchecked,none,50.059948,-3.529042,-3.529042,26,Ready1H,2.2184713,,,,26->26:Exact,none; server owns swing cadence
142,2.284993,0.016769,Tick,live-sample,true,0xF13000007A00E7F9,,server,,unchecked,unchecked,none,50.059948,-3.529042,-3.529042,26,Ready1H,2.23524,,,,26->26:Exact,none; server owns swing cadence
143,2.301650,0.016658,Tick,live-sample,true,0xF13000007A00E7F9,,server,,unchecked,unchecked,none,50.059948,-3.529042,-3.529042,26,Ready1H,2.2518976,,,,26->26:Exact,none; server owns swing cadence
144,2.318259,0.016608,Tick,live-sample,true,0xF13000007A00E7F9,,server,,unchecked,unchecked,none,50.059948,-3.529042,-3.529042,26,Ready1H,2.2685058,,,,26->26:Exact,none; server owns swing cadence
145,2.334991,0.016732,Tick,live-sample,true,0xF13000007A00E7F9,,server,,unchecked,unchecked,none,50.059948,-3.529042,-3.529042,26,Ready1H,2.2852378,,,,26->26:Exact,none; server owns swing cadence
146,2.351664,0.016674,Tick,live-sample,true,0xF13000007A00E7F9,,server,,unchecked,unchecked,none,50.059948,-3.529042,-3.529042,26,Ready1H,2.3019116,,,,26->26:Exact,none; server owns swing cadence
147,2.368380,0.016716,Tick,live-sample,true,0xF13000007A00E7F9,,server,,unchecked,unchecked,none,50.059948,-3.529042,-3.529042,26,Ready1H,2.318627,,,,26->26:Exact,none; server owns swing cadence
148,2.385157,0.016777,Tick,live-sample,true,0xF13000007A00E7F9,,server,,unchecked,unchecked,none,50.059948,-3.529042,-3.529042,26,Ready1H,2.3354042,,,,26->26:Exact,none; server owns swing cadence
149,2.401980,0.016824,Tick,live-sample,true,0xF13000007A00E7F9,,server,,unchecked,unchecked,none,50.059948,-3.529042,-3.529042,26,Ready1H,2.3522277,,,,26->26:Exact,none; server owns swing cadence
150,2.418438,0.016457,Tick,live-sample,true,0xF13000007A00E7F9,,server,,unchecked,unchecked,none,50.059948,-3.529042,-3.529042,26,Ready1H,2.3686848,,,,26->26:Exact,none; server owns swing cadence
151,2.435094,0.016657,Tick,live-sample,true,0xF13000007A00E7F9,,server,,unchecked,unchecked,none,50.059948,-3.529042,-3.529042,26,Ready1H,2.3853416,,,,26->26:Exact,none; server owns swing cadence
152,2.451817,0.016723,Tick,live-sample,true,0xF13000007A00E7F9,,server,,unchecked,unchecked,none,50.059948,-3.529042,-3.529042,26,Ready1H,2.4020646,,,,26->26:Exact,none; server owns swing cadence
153,2.468376,0.016559,Tick,live-sample,true,0xF13000007A00E7F9,,server,,unchecked,unchecked,none,50.059948,-3.529042,-3.529042,26,Ready1H,2.4186234,,,,26->26:Exact,none; server owns swing cadence
154,2.485116,0.016740,Tick,live-sample,true,0xF13000007A00E7F9,,server,,unchecked,unchecked,none,50.059948,-3.529042,-3.529042,26,Ready1H,2.4353635,,,,26->26:Exact,none; server owns swing cadence
155,2.501877,0.016760,Tick,live-sample,true,0xF13000007A00E7F9,,server,,unchecked,unchecked,none,50.059948,-3.529042,-3.529042,26,Ready1H,2.4521239,,,,26->26:Exact,none; server owns swing cadence
156,2.518474,0.016598,Tick,live-sample,true,0xF13000007A00E7F9,,server,,unchecked,unchecked,none,50.059948,-3.529042,-3.529042,26,Ready1H,2.4687216,,,,26->26:Exact,none; server owns swing cadence
157,2.535148,0.016674,Tick,live-sample,true,0xF13000007A00E7F9,,server,,unchecked,unchecked,none,50.059948,-3.529042,-3.529042,26,Ready1H,2.4853954,,,,26->26:Exact,none; server owns swing cadence
158,2.551867,0.016718,Tick,live-sample,true,0xF13000007A00E7F9,,server,,unchecked,unchecked,none,50.059948,-3.529042,-3.529042,26,Ready1H,2.5021138,,,,26->26:Exact,none; server owns swing cadence
159,2.568526,0.016660,Tick,live-sample,true,0xF13000007A00E7F9,,server,,unchecked,unchecked,none,50.059948,-3.529042,-3.529042,26,Ready1H,2.5187733,,,,26->26:Exact,none; server owns swing cadence
160,2.585133,0.016607,Tick,live-sample,true,0xF13000007A00E7F9,,server,,unchecked,unchecked,none,50.059948,-3.529042,-3.529042,26,Ready1H,2.5353801,,,,26->26:Exact,none; server owns swing cadence
161,2.602004,0.016872,Tick,live-sample,true,0xF13000007A00E7F9,,server,,unchecked,unchecked,none,50.059948,-3.529042,-3.529042,26,Ready1H,2.5522518,,,,26->26:Exact,none; server owns swing cadence
162,2.618666,0.016662,Tick,live-sample,true,0xF13000007A00E7F9,,server,,unchecked,unchecked,none,50.059948,-3.529042,-3.529042,26,Ready1H,2.5689137,,,,26->26:Exact,none; server owns swing cadence
163,2.635202,0.016535,Tick,live-sample,true,0xF13000007A00E7F9,,server,,unchecked,unchecked,none,50.059948,-3.529042,-3.529042,26,Ready1H,2.585449,,,,26->26:Exact,none; server owns swing cadence
164,2.652083,0.016881,Tick,live-sample,true,0xF13000007A00E7F9,,server,,unchecked,unchecked,none,50.059948,-3.529042,-3.529042,26,Ready1H,2.6023302,,,,26->26:Exact,none; server owns swing cadence
165,2.668591,0.016508,Tick,live-sample,true,0xF13000007A00E7F9,,server,,unchecked,unchecked,none,50.059948,-3.529042,-3.529042,26,Ready1H,2.6188383,,,,26->26:Exact,none; server owns swing cadence
166,2.685266,0.016674,Tick,live-sample,true,0xF13000007A00E7F9,,server,,unchecked,unchecked,none,50.059948,-3.529042,-3.529042,26,Ready1H,2.6355128,,,,26->26:Exact,none; server owns swing cadence
167,2.702167,0.016902,Tick,live-sample,true,0xF13000007A00E7F9,,server,,unchecked,unchecked,none,50.059948,-3.529042,-3.529042,26,Ready1H,2.6524146,,,,26->26:Exact,none; server owns swing cadence
168,2.719840,0.017672,Tick,live-sample,true,0xF13000007A00E7F9,,server,,unchecked,unchecked,none,50.059948,-3.529042,-3.529042,26,Ready1H,2.6700869,,,,26->26:Exact,none; server owns swing cadence
169,2.735412,0.015573,Tick,live-sample,true,0xF13000007A00E7F9,,server,,unchecked,unchecked,none,50.059948,-3.529042,-3.529042,26,Ready1H,2.6856596,,,,26->26:Exact,none; server owns swing cadence
170,2.752116,0.016704,Tick,live-sample,true,0xF13000007A00E7F9,,server,,unchecked,unchecked,none,50.059948,-3.529042,-3.529042,26,Ready1H,2.7023633,,,,26->26:Exact,none; server owns swing cadence
171,2.768749,0.016633,Tick,live-sample,true,0xF13000007A00E7F9,,server,,unchecked,unchecked,none,50.059948,-3.529042,-3.529042,26,Ready1H,2.7189963,,,,26->26:Exact,none; server owns swing cadence
172,2.785325,0.016576,Tick,live-sample,true,0xF13000007A00E7F9,,server,,unchecked,unchecked,none,50.059948,-3.529042,-3.529042,26,Ready1H,2.735572,,,,26->26:Exact,none; server owns swing cadence
173,2.802092,0.016767,Tick,live-sample,true,0xF13000007A00E7F9,,server,,unchecked,unchecked,none,50.059948,-3.529042,-3.529042,26,Ready1H,2.7523391,,,,26->26:Exact,none; server owns swing cadence
174,2.818695,0.016603,Tick,live-sample,true,0xF13000007A00E7F9,,server,,unchecked,unchecked,none,50.059948,-3.529042,-3.529042,26,Ready1H,2.7689424,,,,26->26:Exact,none; server owns swing cadence
175,2.835466,0.016771,Tick,live-sample,true,0xF13000007A00E7F9,,server,,unchecked,unchecked,none,50.059948,-3.529042,-3.529042,26,Ready1H,2.7857134,,,,26->26:Exact,none; server owns swing cadence
176,2.852093,0.016627,Tick,live-sample,true,0xF13000007A00E7F9,,server,,unchecked,unchecked,none,50.059948,-3.529042,-3.529042,26,Ready1H,2.80234,,,,26->26:Exact,none; server owns swing cadence
177,2.868765,0.016672,Tick,live-sample,true,0xF13000007A00E7F9,,server,,unchecked,unchecked,none,50.059948,-3.529042,-3.529042,26,Ready1H,2.8190124,,,,26->26:Exact,none; server owns swing cadence
178,2.885386,0.016620,Tick,live-sample,true,0xF13000007A00E7F9,,server,,unchecked,unchecked,none,50.059948,-3.529042,-3.529042,26,Ready1H,2.8356328,,,,26->26:Exact,none; server owns swing cadence
179,2.902183,0.016797,Tick,live-sample,true,0xF13000007A00E7F9,,server,,unchecked,unchecked,none,50.059948,-3.529042,-3.529042,26,Ready1H,2.8524303,,,,26->26:Exact,none; server owns swing cadence
180,2.918772,0.016589,Tick,live-sample,true,0xF13000007A00E7F9,,server,,unchecked,unchecked,none,50.059948,-3.529042,-3.529042,26,Ready1H,2.869019,,,,26->26:Exact,none; server owns swing cadence
181,2.935450,0.016678,Tick,live-sample,true,0xF13000007A00E7F9,,server,,unchecked,unchecked,none,50.059948,-3.529042,-3.529042,26,Ready1H,2.8856971,,,,26->26:Exact,none; server owns swing cadence
182,2.952142,0.016692,Tick,live-sample,true,0xF13000007A00E7F9,,server,,unchecked,unchecked,none,50.059948,-3.529042,-3.529042,26,Ready1H,2.9023888,,,,26->26:Exact,none; server owns swing cadence
183,2.968959,0.016817,Tick,live-sample,true,0xF13000007A00E7F9,,server,,unchecked,unchecked,none,50.059948,-3.529042,-3.529042,26,Ready1H,2.9192061,,,,26->26:Exact,none; server owns swing cadence
184,2.985618,0.016659,Tick,live-sample,true,0xF13000007A00E7F9,,server,,unchecked,unchecked,none,50.059948,-3.529042,-3.529042,26,Ready1H,2.935865,,,,26->26:Exact,none; server owns swing cadence
185,3.002258,0.016640,Tick,live-sample,true,0xF13000007A00E7F9,,server,,unchecked,unchecked,none,50.059948,-3.529042,-3.529042,26,Ready1H,2.9525049,,,,26->26:Exact,none; server owns swing cadence
186,3.018743,0.016485,Tick,live-sample,true,0xF13000007A00E7F9,,server,,unchecked,unchecked,none,50.059948,-3.529042,-3.529042,26,Ready1H,2.9689898,,,,26->26:Exact,none; server owns swing cadence
187,3.035491,0.016748,Tick,live-sample,true,0xF13000007A00E7F9,,server,,unchecked,unchecked,none,50.059948,-3.529042,-3.529042,26,Ready1H,2.9857378,,,,26->26:Exact,none; server owns swing cadence
188,3.052443,0.016952,Tick,live-sample,true,0xF13000007A00E7F9,,server,,unchecked,unchecked,none,50.059948,-3.529042,-3.529042,26,Ready1H,3.0026898,,,,26->26:Exact,none; server owns swing cadence
189,3.068789,0.016346,Tick,live-sample,true,0xF13000007A00E7F9,,server,,unchecked,unchecked,none,50.059948,-3.529042,-3.529042,26,Ready1H,3.0190358,,,,26->26:Exact,none; server owns swing cadence
190,3.085740,0.016951,Tick,live-sample,true,0xF13000007A00E7F9,,server,,unchecked,unchecked,none,50.059948,-3.529042,-3.529042,26,Ready1H,3.0359867,,,,26->26:Exact,none; server owns swing cadence
191,3.102307,0.016568,Tick,live-sample,true,0xF13000007A00E7F9,,server,,unchecked,unchecked,none,50.059948,-3.529042,-3.529042,26,Ready1H,3.0525544,,,,26->26:Exact,none; server owns swing cadence
192,3.118958,0.016651,Tick,live-sample,true,0xF13000007A00E7F9,,server,,unchecked,unchecked,none,50.059948,-3.529042,-3.529042,26,Ready1H,3.069205,,,,26->26:Exact,none; server owns swing cadence
193,3.135560,0.016602,Tick,live-sample,true,0xF13000007A00E7F9,,server,,unchecked,unchecked,none,50.059948,-3.529042,-3.529042,26,Ready1H,3.0858068,,,,26->26:Exact,none; server owns swing cadence
194,3.152104,0.016544,Tick,live-sample,true,0xF13000007A00E7F9,,server,,unchecked,unchecked,none,50.059948,-3.529042,-3.529042,26,Ready1H,3.102351,,,,26->26:Exact,none; server owns swing cadence
195,3.168804,0.016700,Tick,live-sample,true,0xF13000007A00E7F9,,server,,unchecked,unchecked,none,50.059948,-3.529042,-3.529042,26,Ready1H,3.1190507,,,,26->26:Exact,none; server owns swing cadence
196,3.185887,0.017083,Tick,live-sample,true,0xF13000007A00E7F9,,server,,unchecked,unchecked,none,50.059948,-3.529042,-3.529042,26,Ready1H,3.1361337,,,,26->26:Exact,none; server owns swing cadence
197,3.202587,0.016700,Tick,live-sample,true,0xF13000007A00E7F9,,server,,unchecked,unchecked,none,50.059948,-3.529042,-3.529042,26,Ready1H,3.1528337,,,,26->26:Exact,none; server owns swing cadence
198,3.219162,0.016576,Tick,live-sample,true,0xF13000007A00E7F9,,server,,unchecked,unchecked,none,50.059948,-3.529042,-3.529042,26,Ready1H,3.1694095,,,,26->26:Exact,none; server owns swing cadence
199,3.236164,0.017002,Tick,live-sample,true,0xF13000007A00E7F9,,server,,unchecked,unchecked,none,50.059948,-3.529042,-3.529042,26,Ready1H,3.1864114,,,,26->26:Exact,none; server owns swing cadence
200,3.253525,0.017360,Tick,live-sample,true,0xF13000007A00E7F9,,server,,unchecked,unchecked,none,50.059948,-3.529042,-3.529042,26,Ready1H,3.2037716,,,,26->26:Exact,none; server owns swing cadence
201,3.269172,0.015648,Tick,live-sample,true,0xF13000007A00E7F9,,server,,unchecked,unchecked,none,50.059948,-3.529042,-3.529042,26,Ready1H,3.2194192,,,,26->26:Exact,none; server owns swing cadence
202,3.285735,0.016562,Tick,live-sample,true,0xF13000007A00E7F9,,server,,unchecked,unchecked,none,50.059948,-3.529042,-3.529042,26,Ready1H,3.2359817,,,,26->26:Exact,none; server owns swing cadence
203,3.302605,0.016871,Tick,live-sample,true,0xF13000007A00E7F9,,server,,unchecked,unchecked,none,50.059948,-3.529042,-3.529042,26,Ready1H,3.2528524,,,,26->26:Exact,none; server owns swing cadence
204,3.320269,0.017664,Tick,live-sample,true,0xF13000007A00E7F9,,server,,unchecked,unchecked,none,50.059948,-3.529042,-3.529042,26,Ready1H,3.2705162,,,,26->26:Exact,none; server owns swing cadence
205,3.335885,0.015616,Tick,live-sample,true,0xF13000007A00E7F9,,server,,unchecked,unchecked,none,50.059948,-3.529042,-3.529042,26,Ready1H,3.2861319,,,,26->26:Exact,none; server owns swing cadence
206,3.352499,0.016614,Tick,live-sample,true,0xF13000007A00E7F9,,server,,unchecked,unchecked,none,50.059948,-3.529042,-3.529042,26,Ready1H,3.302746,,,,26->26:Exact,none; server owns swing cadence
207,3.369285,0.016786,Tick,live-sample,true,0xF13000007A00E7F9,,server,,unchecked,unchecked,none,50.059948,-3.529042,-3.529042,26,Ready1H,3.319532,,,,26->26:Exact,none; server owns swing cadence
208,3.385871,0.016586,Tick,live-sample,true,0xF13000007A00E7F9,,server,,unchecked,unchecked,none,50.059948,-3.529042,-3.529042,26,Ready1H,3.3361177,,,,26->26:Exact,none; server owns swing cadence
209,3.402566,0.016696,Tick,live-sample,true,0xF13000007A00E7F9,,server,,unchecked,unchecked,none,50.059948,-3.529042,-3.529042,26,Ready1H,3.3528132,,,,26->26:Exact,none; server owns swing cadence
210,3.419352,0.016786,Tick,live-sample,true,0xF13000007A00E7F9,,server,,unchecked,unchecked,none,50.059948,-3.529042,-3.529042,26,Ready1H,3.369599,,,,26->26:Exact,none; server owns swing cadence
211,3.435875,0.016522,Tick,live-sample,true,0xF13000007A00E7F9,,server,,unchecked,unchecked,none,50.059948,-3.529042,-3.529042,26,Ready1H,3.3861215,,,,26->26:Exact,none; server owns swing cadence
212,3.452630,0.016755,Tick,live-sample,true,0xF13000007A00E7F9,,server,,unchecked,unchecked,none,50.059948,-3.529042,-3.529042,26,Ready1H,3.4028769,,,,26->26:Exact,none; server owns swing cadence
213,3.469257,0.016627,Tick,live-sample,true,0xF13000007A00E7F9,,server,,unchecked,unchecked,none,50.059948,-3.529042,-3.529042,26,Ready1H,3.4195037,,,,26->26:Exact,none; server owns swing cadence
214,3.485920,0.016663,Tick,live-sample,true,0xF13000007A00E7F9,,server,,unchecked,unchecked,none,50.059948,-3.529042,-3.529042,26,Ready1H,3.4361663,,,,26->26:Exact,none; server owns swing cadence
215,3.502660,0.016741,Tick,live-sample,true,0xF13000007A00E7F9,,server,,unchecked,unchecked,none,50.059948,-3.529042,-3.529042,26,Ready1H,3.452907,,,,26->26:Exact,none; server owns swing cadence
216,3.519252,0.016592,Tick,live-sample,true,0xF13000007A00E7F9,,server,,unchecked,unchecked,none,50.059948,-3.529042,-3.529042,26,Ready1H,3.4694989,,,,26->26:Exact,none; server owns swing cadence
217,3.535949,0.016696,Tick,live-sample,true,0xF13000007A00E7F9,,server,,unchecked,unchecked,none,50.059948,-3.529042,-3.529042,26,Ready1H,3.4861953,,,,26->26:Exact,none; server owns swing cadence
218,3.552715,0.016766,Tick,live-sample,true,0xF13000007A00E7F9,,server,,unchecked,unchecked,none,50.059948,-3.529042,-3.529042,26,Ready1H,3.5029612,,,,26->26:Exact,none; server owns swing cadence
219,3.569616,0.016902,Tick,live-sample,true,0xF13000007A00E7F9,,server,,unchecked,unchecked,none,50.059948,-3.529042,-3.529042,26,Ready1H,3.5198631,,,,26->26:Exact,none; server owns swing cadence
220,3.585970,0.016354,Tick,live-sample,true,0xF13000007A00E7F9,,server,,unchecked,unchecked,none,50.059948,-3.529042,-3.529042,26,Ready1H,3.5362167,,,,26->26:Exact,none; server owns swing cadence
221,3.602896,0.016926,Tick,live-sample,true,0xF13000007A00E7F9,,server,,unchecked,unchecked,none,50.059948,-3.529042,-3.529042,26,Ready1H,3.5531425,,,,26->26:Exact,none; server owns swing cadence
222,3.619459,0.016564,Tick,live-sample,true,0xF13000007A00E7F9,,server,,unchecked,unchecked,none,50.059948,-3.529042,-3.529042,26,Ready1H,3.5697062,,,,26->26:Exact,none; server owns swing cadence
223,3.636025,0.016565,Tick,live-sample,true,0xF13000007A00E7F9,,server,,unchecked,unchecked,none,50.059948,-3.529042,-3.529042,26,Ready1H,3.5862715,,,,26->26:Exact,none; server owns swing cadence
224,3.652795,0.016770,Tick,live-sample,true,0xF13000007A00E7F9,,server,,unchecked,unchecked,none,50.059948,-3.529042,-3.529042,26,Ready1H,3.6030414,,,,26->26:Exact,none; server owns swing cadence
225,3.669379,0.016584,Tick,live-sample,true,0xF13000007A00E7F9,,server,,unchecked,unchecked,none,50.059948,-3.529042,-3.529042,26,Ready1H,3.6196253,,,,26->26:Exact,none; server owns swing cadence
226,3.686267,0.016889,Tick,live-sample,true,0xF13000007A00E7F9,,server,,unchecked,unchecked,none,50.059948,-3.529042,-3.529042,26,Ready1H,3.6365142,,,,26->26:Exact,none; server owns swing cadence
227,3.702868,0.016601,Tick,live-sample,true,0xF13000007A00E7F9,,server,,unchecked,unchecked,none,50.059948,-3.529042,-3.529042,26,Ready1H,3.653115,,,,26->26:Exact,none; server owns swing cadence
228,3.719336,0.016468,Tick,live-sample,true,0xF13000007A00E7F9,,server,,unchecked,unchecked,none,50.059948,-3.529042,-3.529042,26,Ready1H,3.6695828,,,,26->26:Exact,none; server owns swing cadence
229,3.736236,0.016900,Tick,live-sample,true,0xF13000007A00E7F9,,server,,unchecked,unchecked,none,50.059948,-3.529042,-3.529042,26,Ready1H,3.6864824,,,,26->26:Exact,none; server owns swing cadence
230,3.753405,0.017169,Tick,live-sample,true,0xF13000007A00E7F9,,server,,unchecked,unchecked,none,50.059948,-3.529042,-3.529042,26,Ready1H,3.703652,,,,26->26:Exact,none; server owns swing cadence
231,3.769574,0.016169,Tick,live-sample,true,0xF13000007A00E7F9,,server,,unchecked,unchecked,none,50.059948,-3.529042,-3.529042,26,Ready1H,3.7198212,,,,26->26:Exact,none; server owns swing cadence
232,3.786120,0.016545,Tick,live-sample,true,0xF13000007A00E7F9,,server,,unchecked,unchecked,none,50.059948,-3.529042,-3.529042,26,Ready1H,3.7363663,,,,26->26:Exact,none; server owns swing cadence
233,3.802874,0.016754,Tick,live-sample,true,0xF13000007A00E7F9,,server,,unchecked,unchecked,none,50.059948,-3.529042,-3.529042,26,Ready1H,3.7531202,,,,26->26:Exact,none; server owns swing cadence
234,3.820456,0.017583,Tick,live-sample,true,0xF13000007A00E7F9,,server,,unchecked,unchecked,none,50.059948,-3.529042,-3.529042,26,Ready1H,3.7707026,,,,26->26:Exact,none; server owns swing cadence
235,3.836180,0.015724,Tick,live-sample,true,0xF13000007A00E7F9,,server,,unchecked,unchecked,none,50.059948,-3.529042,-3.529042,26,Ready1H,3.7864268,,,,26->26:Exact,none; server owns swing cadence
236,3.852983,0.016803,Tick,live-sample,true,0xF13000007A00E7F9,,server,,unchecked,unchecked,none,50.059948,-3.529042,-3.529042,26,Ready1H,3.8032293,,,,26->26:Exact,none; server owns swing cadence
237,3.869563,0.016580,Tick,live-sample,true,0xF13000007A00E7F9,,server,,unchecked,unchecked,none,50.059948,-3.529042,-3.529042,26,Ready1H,3.8198097,,,,26->26:Exact,none; server owns swing cadence
238,3.886305,0.016742,Tick,live-sample,true,0xF13000007A00E7F9,,server,,unchecked,unchecked,none,50.059948,-3.529042,-3.529042,26,Ready1H,3.8365521,,,,26->26:Exact,none; server owns swing cadence
239,3.902901,0.016596,Tick,live-sample,true,0xF13000007A00E7F9,,server,,unchecked,unchecked,none,50.059948,-3.529042,-3.529042,26,Ready1H,3.853148,,,,26->26:Exact,none; server owns swing cadence
240,3.919518,0.016616,Tick,live-sample,true,0xF13000007A00E7F9,,server,,unchecked,unchecked,none,50.059948,-3.529042,-3.529042,26,Ready1H,3.869764,,,,26->26:Exact,none; server owns swing cadence
241,3.936196,0.016679,Tick,live-sample,true,0xF13000007A00E7F9,,server,,unchecked,unchecked,none,50.059948,-3.529042,-3.529042,26,Ready1H,3.886443,,,,26->26:Exact,none; server owns swing cadence
242,3.952927,0.016731,Tick,live-sample,true,0xF13000007A00E7F9,,server,,unchecked,unchecked,none,50.059948,-3.529042,-3.529042,26,Ready1H,3.9031737,,,,26->26:Exact,none; server owns swing cadence
243,3.969551,0.016624,Tick,live-sample,true,0xF13000007A00E7F9,,server,,unchecked,unchecked,none,50.059948,-3.529042,-3.529042,26,Ready1H,3.9197981,,,,26->26:Exact,none; server owns swing cadence
244,3.986257,0.016705,Tick,live-sample,true,0xF13000007A00E7F9,,server,,unchecked,unchecked,none,50.059948,-3.529042,-3.529042,26,Ready1H,3.9365034,,,,26->26:Exact,none; server owns swing cadence
245,4.003083,0.016826,Tick,live-sample,true,0xF13000007A00E7F9,,server,,unchecked,unchecked,none,50.059948,-3.529042,-3.529042,26,Ready1H,3.9533296,,,,26->26:Exact,none; server owns swing cadence
246,4.019537,0.016454,Tick,live-sample,true,0xF13000007A00E7F9,,server,,unchecked,unchecked,none,50.059948,-3.529042,-3.529042,26,Ready1H,3.9697835,,,,26->26:Exact,none; server owns swing cadence
247,4.036382,0.016845,Tick,live-sample,true,0xF13000007A00E7F9,,server,,unchecked,unchecked,none,50.059948,-3.529042,-3.529042,26,Ready1H,3.9866288,,,,26->26:Exact,none; server owns swing cadence
248,4.052897,0.016515,Tick,live-sample,true,0xF13000007A00E7F9,,server,,unchecked,unchecked,none,50.059948,-3.529042,-3.529042,26,Ready1H,4.0031443,,,,26->26:Exact,none; server owns swing cadence
249,4.069947,0.017050,Tick,live-sample,true,0xF13000007A00E7F9,,server,,unchecked,unchecked,none,50.059948,-3.529042,-3.529042,26,Ready1H,4.0201936,,,,26->26:Exact,none; server owns swing cadence
250,4.086422,0.016475,Tick,live-sample,true,0xF13000007A00E7F9,,server,,unchecked,unchecked,none,50.059948,-3.529042,-3.529042,26,Ready1H,4.0366683,,,,26->26:Exact,none; server owns swing cadence
251,4.103099,0.016677,Tick,live-sample,true,0xF13000007A00E7F9,,server,,unchecked,unchecked,none,50.059948,-3.529042,-3.529042,26,Ready1H,4.0533457,,,,26->26:Exact,none; server owns swing cadence
252,4.119766,0.016667,Tick,live-sample,true,0xF13000007A00E7F9,,server,,unchecked,unchecked,none,50.059948,-3.529042,-3.529042,26,Ready1H,4.0700126,,,,26->26:Exact,none; server owns swing cadence
253,4.136370,0.016603,Tick,live-sample,true,0xF13000007A00E7F9,,server,,unchecked,unchecked,none,50.059948,-3.529042,-3.529042,26,Ready1H,4.086616,,,,26->26:Exact,none; server owns swing cadence
254,4.153012,0.016642,Tick,live-sample,true,0xF13000007A00E7F9,,server,,unchecked,unchecked,none,50.059948,-3.529042,-3.529042,26,Ready1H,4.1032586,,,,26->26:Exact,none; server owns swing cadence
255,4.169843,0.016831,Tick,live-sample,true,0xF13000007A00E7F9,,server,,unchecked,unchecked,none,50.059948,-3.529042,-3.529042,26,Ready1H,4.12009,,,,26->26:Exact,none; server owns swing cadence
256,4.186573,0.016730,Tick,live-sample,true,0xF13000007A00E7F9,,server,,unchecked,unchecked,none,50.059948,-3.529042,-3.529042,26,Ready1H,4.13682,,,,26->26:Exact,none; server owns swing cadence
257,4.203065,0.016492,Tick,live-sample,true,0xF13000007A00E7F9,,server,,unchecked,unchecked,none,50.059948,-3.529042,-3.529042,26,Ready1H,4.1533117,,,,26->26:Exact,none; server owns swing cadence
258,4.219861,0.016796,Tick,live-sample,true,0xF13000007A00E7F9,,server,,unchecked,unchecked,none,50.059948,-3.529042,-3.529042,26,Ready1H,4.1701074,,,,26->26:Exact,none; server owns swing cadence
259,4.236533,0.016672,Tick,live-sample,true,0xF13000007A00E7F9,,server,,unchecked,unchecked,none,50.059948,-3.529042,-3.529042,26,Ready1H,4.186779,,,,26->26:Exact,none; server owns swing cadence
260,4.253180,0.016647,Tick,live-sample,true,0xF13000007A00E7F9,,server,,unchecked,unchecked,none,50.059948,-3.529042,-3.529042,26,Ready1H,4.203426,,,,26->26:Exact,none; server owns swing cadence
261,4.270088,0.016909,Tick,live-sample,true,0xF13000007A00E7F9,,server,,unchecked,unchecked,none,50.059948,-3.529042,-3.529042,26,Ready1H,4.220335,,,,26->26:Exact,none; server owns swing cadence
262,4.286500,0.016412,Tick,live-sample,true,0xF13000007A00E7F9,,server,,unchecked,unchecked,none,50.059948,-3.529042,-3.529042,26,Ready1H,4.236747,,,,26->26:Exact,none; server owns swing cadence
263,4.303274,0.016774,Tick,live-sample,true,0xF13000007A00E7F9,,server,,unchecked,unchecked,none,50.059948,-3.529042,-3.529042,26,Ready1H,4.2535205,,,,26->26:Exact,none; server owns swing cadence
264,4.319893,0.016619,Tick,live-sample,true,0xF13000007A00E7F9,,server,,unchecked,unchecked,none,50.059948,-3.529042,-3.529042,26,Ready1H,4.2701397,,,,26->26:Exact,none; server owns swing cadence
265,4.336531,0.016637,Tick,live-sample,true,0xF13000007A00E7F9,,server,,unchecked,unchecked,none,50.059948,-3.529042,-3.529042,26,Ready1H,4.286777,,,,26->26:Exact,none; server owns swing cadence
266,4.353450,0.016919,Tick,live-sample,true,0xF13000007A00E7F9,,server,,unchecked,unchecked,none,50.059948,-3.529042,-3.529042,26,Ready1H,4.303696,,,,26->26:Exact,none; server owns swing cadence
267,4.369971,0.016521,Tick,live-sample,true,0xF13000007A00E7F9,,server,,unchecked,unchecked,none,50.059948,-3.529042,-3.529042,26,Ready1H,4.320217,,,,26->26:Exact,none; server owns swing cadence
268,4.386701,0.016730,Tick,live-sample,true,0xF13000007A00E7F9,,server,,unchecked,unchecked,none,50.059948,-3.529042,-3.529042,26,Ready1H,4.3369474,,,,26->26:Exact,none; server owns swing cadence
269,4.403896,0.017194,Tick,live-sample,true,0xF13000007A00E7F9,,server,,unchecked,unchecked,none,50.059948,-3.529042,-3.529042,26,Ready1H,4.3541417,,,,26->26:Exact,none; server owns swing cadence
270,4.421149,0.017253,Tick,live-sample,true,0xF13000007A00E7F9,,server,,unchecked,unchecked,none,50.059948,-3.529042,-3.529042,26,Ready1H,4.3713946,,,,26->26:Exact,none; server owns swing cadence
271,4.436842,0.015693,Tick,live-sample,true,0xF13000007A00E7F9,,server,,unchecked,unchecked,none,50.059948,-3.529042,-3.529042,26,Ready1H,4.387088,,,,26->26:Exact,none; server owns swing cadence
272,4.453542,0.016700,Tick,live-sample,true,0xF13000007A00E7F9,,server,,unchecked,unchecked,none,50.059948,-3.529042,-3.529042,26,Ready1H,4.4037876,,,,26->26:Exact,none; server owns swing cadence
273,4.470215,0.016674,Tick,live-sample,true,0xF13000007A00E7F9,,server,,unchecked,unchecked,none,50.059948,-3.529042,-3.529042,26,Ready1H,4.420461,,,,26->26:Exact,none; server owns swing cadence
274,4.486728,0.016512,Tick,live-sample,true,0xF13000007A00E7F9,,server,,unchecked,unchecked,none,50.059948,-3.529042,-3.529042,26,Ready1H,4.4369736,,,,26->26:Exact,none; server owns swing cadence
275,4.503350,0.016622,Tick,live-sample,true,0xF13000007A00E7F9,,server,,unchecked,unchecked,none,50.059948,-3.529042,-3.529042,26,Ready1H,4.4535956,,,,26->26:Exact,none; server owns swing cadence
276,4.520719,0.017369,Tick,live-sample,true,0xF13000007A00E7F9,,server,,unchecked,unchecked,none,50.059948,-3.529042,-3.529042,26,Ready1H,4.470965,,,,26->26:Exact,none; server owns swing cadence
277,4.537068,0.016349,Tick,live-sample,true,0xF13000007A00E7F9,,server,,unchecked,unchecked,none,50.059948,-3.529042,-3.529042,26,Ready1H,4.4873137,,,,26->26:Exact,none; server owns swing cadence
278,4.553517,0.016449,Tick,live-sample,true,0xF13000007A00E7F9,,server,,unchecked,unchecked,none,50.059948,-3.529042,-3.529042,26,Ready1H,4.5037627,,,,26->26:Exact,none; server owns swing cadence
279,4.570175,0.016657,Tick,live-sample,true,0xF13000007A00E7F9,,server,,unchecked,unchecked,none,50.059948,-3.529042,-3.529042,26,Ready1H,4.52042,,,,26->26:Exact,none; server owns swing cadence
280,4.586844,0.016669,Tick,live-sample,true,0xF13000007A00E7F9,,server,,unchecked,unchecked,none,50.059948,-3.529042,-3.529042,26,Ready1H,4.537089,,,,26->26:Exact,none; server owns swing cadence
281,4.603531,0.016687,Tick,live-sample,true,0xF13000007A00E7F9,,server,,unchecked,unchecked,none,50.059948,-3.529042,-3.529042,26,Ready1H,4.5537763,,,,26->26:Exact,none; server owns swing cadence
282,4.620177,0.016646,Tick,live-sample,true,0xF13000007A00E7F9,,server,,unchecked,unchecked,none,50.059948,-3.529042,-3.529042,26,Ready1H,4.570422,,,,26->26:Exact,none; server owns swing cadence
283,4.636993,0.016815,Tick,live-sample,true,0xF13000007A00E7F9,,server,,unchecked,unchecked,none,50.059948,-3.529042,-3.529042,26,Ready1H,4.5872374,,,,26->26:Exact,none; server owns swing cadence
284,4.653772,0.016780,Tick,live-sample,true,0xF13000007A00E7F9,,server,,unchecked,unchecked,none,50.059948,-3.529042,-3.529042,26,Ready1H,4.6040173,,,,26->26:Exact,none; server owns swing cadence
285,4.670568,0.016796,Tick,live-sample,true,0xF13000007A00E7F9,,server,,unchecked,unchecked,none,50.059948,-3.529042,-3.529042,26,Ready1H,4.6208134,,,,26->26:Exact,none; server owns swing cadence
286,4.687018,0.016449,Tick,live-sample,true,0xF13000007A00E7F9,,server,,unchecked,unchecked,none,50.059948,-3.529042,-3.529042,26,Ready1H,4.6372623,,,,26->26:Exact,none; server owns swing cadence
287,4.703522,0.016505,Tick,live-sample,true,0xF13000007A00E7F9,,server,,unchecked,unchecked,none,50.059948,-3.529042,-3.529042,26,Ready1H,4.653767,,,,26->26:Exact,none; server owns swing cadence
288,4.720262,0.016739,Tick,live-sample,true,0xF13000007A00E7F9,,server,,unchecked,unchecked,none,50.059948,-3.529042,-3.529042,26,Ready1H,4.6705065,,,,26->26:Exact,none; server owns swing cadence
289,4.736903,0.016641,Tick,live-sample,true,0xF13000007A00E7F9,,server,,unchecked,unchecked,none,50.059948,-3.529042,-3.529042,26,Ready1H,4.6871476,,,,26->26:Exact,none; server owns swing cadence
290,4.753774,0.016871,Tick,live-sample,true,0xF13000007A00E7F9,,server,,unchecked,unchecked,none,50.059948,-3.529042,-3.529042,26,Ready1H,4.7040186,,,,26->26:Exact,none; server owns swing cadence
291,4.770279,0.016506,Tick,live-sample,true,0xF13000007A00E7F9,,server,,unchecked,unchecked,none,50.059948,-3.529042,-3.529042,26,Ready1H,4.7205243,,,,26->26:Exact,none; server owns swing cadence
292,4.787134,0.016855,Tick,live-sample,true,0xF13000007A00E7F9,,server,,unchecked,unchecked,none,50.059948,-3.529042,-3.529042,26,Ready1H,4.737379,,,,26->26:Exact,none; server owns swing cadence
293,4.803894,0.016760,Tick,live-sample,true,0xF13000007A00E7F9,,server,,unchecked,unchecked,none,50.01863,-3.529198,-3.529198,26,Ready1H,4.7541385,,,,26->26:Exact,none; server owns swing cadence
294,4.820567,0.016673,Tick,live-sample,true,0xF13000007A00E7F9,,server,,unchecked,unchecked,none,49.97636,-3.5293589,-3.5293589,26,Ready1H,4.7708116,,,,26->26:Exact,none; server owns swing cadence
295,4.836919,0.016352,Tick,live-sample,true,0xF13000007A00E7F9,,server,,unchecked,unchecked,none,49.937,-3.529511,-3.529511,26,Ready1H,4.7871633,,,,26->26:Exact,none; server owns swing cadence
296,4.853763,0.016844,Tick,live-sample,true,0xF13000007A00E7F9,,server,,unchecked,unchecked,none,49.895687,-3.5296676,-3.5296676,26,Ready1H,4.8040075,,,,26->26:Exact,none; server owns swing cadence
297,4.870397,0.016634,Tick,live-sample,true,0xF13000007A00E7F9,,server,,unchecked,unchecked,none,49.856297,-3.5298178,-3.5298178,26,Ready1H,4.820642,,,,26->26:Exact,none; server owns swing cadence
298,4.887137,0.016739,Tick,live-sample,true,0xF13000007A00E7F9,,server,,unchecked,unchecked,none,49.814983,-3.5299752,-3.5299752,26,Ready1H,4.8373814,,,,26->26:Exact,none; server owns swing cadence
299,4.903749,0.016613,Tick,live-sample,true,0xF13000007A00E7F9,,server,,unchecked,unchecked,none,49.772724,-3.5301373,-3.5301373,26,Ready1H,4.853994,,,,26->26:Exact,none; server owns swing cadence
300,4.921565,0.017815,Tick,live-sample,true,0xF13000007A00E7F9,,server,,unchecked,unchecked,none,49.728542,-3.5303068,-3.5303068,26,Ready1H,4.871809,,,,26->26:Exact,none; server owns swing cadence
301,4.937340,0.015776,Tick,live-sample,true,0xF13000007A00E7F9,,server,,unchecked,unchecked,none,49.692062,-3.5304487,-3.5304487,26,Ready1H,4.8875847,,,,26->26:Exact,none; server owns swing cadence
302,4.953847,0.016506,Tick,live-sample,true,0xF13000007A00E7F9,,server,,unchecked,unchecked,none,49.650753,-3.530607,-3.530607,26,Ready1H,4.904091,,,,26->26:Exact,none; server owns swing cadence
303,4.970418,0.016571,Tick,live-sample,true,0xF13000007A00E7F9,,server,,unchecked,unchecked,none,49.611374,-3.5307586,-3.5307586,26,Ready1H,4.920662,,,,26->26:Exact,none; server owns swing cadence
304,4.987197,0.016779,Tick,live-sample,true,0xF13000007A00E7F9,,server,,unchecked,unchecked,none,49.56912,-3.5309222,-3.5309222,26,Ready1H,4.937441,,,,26->26:Exact,none; server owns swing cadence
305,5.003982,0.016785,Tick,live-sample,true,0xF13000007A00E7F9,,server,,unchecked,unchecked,none,49.527817,-3.5310812,-3.5310812,26,Ready1H,4.954226,,,,26->26:Exact,none; server owns swing cadence
306,5.020423,0.016441,Tick,live-sample,true,0xF13000007A00E7F9,,server,,unchecked,unchecked,none,49.48847,-3.5312362,-3.5312362,26,Ready1H,4.970667,,,,26->26:Exact,none; server owns swing cadence
307,5.037140,0.016717,Tick,live-sample,true,0xF13000007A00E7F9,,server,,unchecked,unchecked,none,49.44717,-3.5313957,-3.5313957,26,Ready1H,4.9873843,,,,26->26:Exact,none; server owns swing cadence
308,5.053839,0.016700,Tick,live-sample,true,0xF13000007A00E7F9,,server,,unchecked,unchecked,none,49.40492,-3.5315604,-3.5315604,26,Ready1H,5.0040836,,,,26->26:Exact,none; server owns swing cadence
309,5.070549,0.016709,Tick,live-sample,true,0xF13000007A00E7F9,,server,,unchecked,unchecked,none,49.36362,-3.5317206,-3.5317206,26,Ready1H,5.020793,,,,26->26:Exact,none; server owns swing cadence
310,5.087181,0.016632,Tick,live-sample,true,0xF13000007A00E7F9,,server,,unchecked,unchecked,none,49.32425,-3.531874,-3.531874,26,Ready1H,5.037425,,,,26->26:Exact,none; server owns swing cadence
311,5.103978,0.016798,Tick,live-sample,true,0xF13000007A00E7F9,,server,,unchecked,unchecked,none,49.282032,-3.5320418,-3.5320418,26,Ready1H,5.0542226,,,,26->26:Exact,none; server owns swing cadence
312,5.120516,0.016538,Tick,live-sample,true,0xF13000007A00E7F9,,server,,unchecked,unchecked,none,49.240738,-3.5322027,-3.5322027,26,Ready1H,5.0707603,,,,26->26:Exact,none; server owns swing cadence
313,5.137323,0.016807,Tick,live-sample,true,0xF13000007A00E7F9,,server,,unchecked,unchecked,none,49.20137,-3.532357,-3.532357,26,Ready1H,5.0875673,,,,26->26:Exact,none; server owns swing cadence
314,5.154012,0.016689,Tick,live-sample,true,0xF13000007A00E7F9,,server,,unchecked,unchecked,none,49.160076,-3.5325184,-3.5325184,26,Ready1H,5.1042566,,,,26->26:Exact,none; server owns swing cadence
315,5.170543,0.016531,Tick,live-sample,true,0xF13000007A00E7F9,,server,,unchecked,unchecked,none,49.11784,-3.532685,-3.532685,26,Ready1H,5.1207876,,,,26->26:Exact,none; server owns swing cadence
316,5.187336,0.016793,Tick,live-sample,true,0xF13000007A00E7F9,,server,,unchecked,unchecked,none,49.078503,-3.5328424,-3.5328424,26,Ready1H,5.1375804,,,,26->26:Exact,none; server owns swing cadence
317,5.204257,0.016921,Tick,live-sample,true,0xF13000007A00E7F9,,server,,unchecked,unchecked,none,49.037216,-3.5330048,-3.5330048,26,Ready1H,5.1545014,,,,26->26:Exact,none; server owns swing cadence
318,5.220576,0.016319,Tick,live-sample,true,0xF13000007A00E7F9,,server,,unchecked,unchecked,none,48.99593,-3.5331674,-3.5331674,26,Ready1H,5.17082,,,,26->26:Exact,none; server owns swing cadence
319,5.237520,0.016944,Tick,live-sample,true,0xF13000007A00E7F9,,server,,unchecked,unchecked,none,48.953693,-3.533335,-3.533335,26,Ready1H,5.1877646,,,,26->26:Exact,none; server owns swing cadence
320,5.254021,0.016500,Tick,live-sample,true,0xF13000007A00E7F9,,server,,unchecked,unchecked,none,48.914333,-3.533491,-3.533491,26,Ready1H,5.204265,,,,26->26:Exact,none; server owns swing cadence
321,5.270634,0.016613,Tick,live-sample,true,0xF13000007A00E7F9,,server,,unchecked,unchecked,none,48.87308,-3.5336568,-3.5336568,26,Ready1H,5.220878,,,,26->26:Exact,none; server owns swing cadence
322,5.287323,0.016689,Tick,live-sample,true,0xF13000007A00E7F9,,server,,unchecked,unchecked,none,48.83372,-3.5338132,-3.5338132,26,Ready1H,5.2375674,,,,26->26:Exact,none; server owns swing cadence
323,5.304514,0.017191,Tick,live-sample,true,0xF13000007A00E7F9,,server,,unchecked,unchecked,none,48.78957,-3.5339894,-3.5339894,26,Ready1H,5.254759,,,,26->26:Exact,none; server owns swing cadence
324,5.320642,0.016128,Tick,live-sample,true,0xF13000007A00E7F9,,server,,unchecked,unchecked,none,48.750214,-3.5341463,-3.5341463,26,Ready1H,5.270887,,,,26->26:Exact,none; server owns swing cadence
325,5.337465,0.016822,Tick,live-sample,true,0xF13000007A00E7F9,,server,,unchecked,unchecked,none,48.71086,-3.5343037,-3.5343037,26,Ready1H,5.287709,,,,26->26:Exact,none; server owns swing cadence
326,5.354091,0.016626,Tick,live-sample,true,0xF13000007A00E7F9,,server,,unchecked,unchecked,none,48.691673,-3.5343812,-3.5343812,26,Ready1H,5.3043356,,,,26->26:Exact,none; server owns swing cadence
327,5.371786,0.017695,Tick,live-sample,true,0xF13000007A00E7F9,,server,,unchecked,unchecked,none,48.691673,-3.5343812,-3.5343812,26,Ready1H,5.322031,,,,26->26:Exact,none; server owns swing cadence
328,5.387395,0.015609,Tick,live-sample,true,0xF13000007A00E7F9,,server,,unchecked,unchecked,none,48.691673,-3.5343812,-3.5343812,26,Ready1H,5.33764,,,,26->26:Exact,none; server owns swing cadence
329,5.404099,0.016704,Tick,live-sample,true,0xF13000007A00E7F9,,server,,unchecked,unchecked,none,48.70913,-3.5351546,-3.5351546,26,Ready1H,5.3543434,,,,26->26:Exact,none; server owns swing cadence
330,5.420695,0.016596,Tick,live-sample,true,0xF13000007A00E7F9,,server,,unchecked,unchecked,none,48.725697,-3.5359347,-3.5359347,26,Ready1H,5.3709397,,,,26->26:Exact,none; server owns swing cadence
331,5.437733,0.017037,Tick,live-sample,true,0xF13000007A00E7F9,,server,,unchecked,unchecked,none,48.74321,-3.5367072,-3.5367072,26,Ready1H,5.387977,,,,26->26:Exact,none; server owns swing cadence
332,5.454161,0.016428,Tick,live-sample,true,0xF13000007A00E7F9,,server,,unchecked,unchecked,none,48.759212,-3.537435,-3.537435,26,Ready1H,5.4044056,,,,26->26:Exact,none; server owns swing cadence
333,5.470936,0.016776,Tick,live-sample,true,0xF13000007A00E7F9,,server,,unchecked,unchecked,none,48.775864,-3.5382137,-3.5382137,26,Ready1H,5.421181,,,,26->26:Exact,none; server owns swing cadence
334,5.487450,0.016514,Tick,live-sample,true,0xF13000007A00E7F9,,server,,unchecked,unchecked,none,48.792866,-3.538936,-3.538936,26,Ready1H,5.4376945,,,,26->26:Exact,none; server owns swing cadence
335,5.504611,0.017161,Tick,live-sample,true,0xF13000007A00E7F9,,server,,unchecked,unchecked,none,48.811096,-3.5397546,-3.5397546,26,Ready1H,5.454856,,,,26->26:Exact,none; server owns swing cadence
336,5.522021,0.017410,Tick,live-sample,true,0xF13000007A00E7F9,,server,,unchecked,unchecked,none,48.827835,-3.5405314,-3.5405314,26,Ready1H,5.472266,,,,26->26:Exact,none; server owns swing cadence
337,5.537613,0.015592,Tick,live-sample,true,0xF13000007A00E7F9,,server,,unchecked,unchecked,none,48.84397,-3.5412571,-3.5412571,26,Ready1H,5.4878583,,,,26->26:Exact,none; server owns swing cadence
338,5.554186,0.016573,Tick,live-sample,true,0xF13000007A00E7F9,,server,,unchecked,unchecked,none,48.86016,-3.5419846,-3.5419846,26,Ready1H,5.504431,,,,26->26:Exact,none; server owns swing cadence
339,5.570881,0.016695,Tick,live-sample,true,0xF13000007A00E7F9,,server,,unchecked,unchecked,none,48.877903,-3.5427525,-3.5427525,26,Ready1H,5.521126,,,,26->26:Exact,none; server owns swing cadence
340,5.587691,0.016810,Tick,live-sample,true,0xF13000007A00E7F9,,server,,unchecked,unchecked,none,48.895676,-3.54352,-3.54352,26,Ready1H,5.5379357,,,,26->26:Exact,none; server owns swing cadence
341,5.604476,0.016785,Tick,live-sample,true,0xF13000007A00E7F9,,server,,unchecked,unchecked,none,48.911945,-3.544246,-3.544246,26,Ready1H,5.554721,,,,26->26:Exact,none; server owns swing cadence
342,5.620957,0.016481,Tick,live-sample,true,0xF13000007A00E7F9,,server,,unchecked,unchecked,none,48.928825,-3.5450175,-3.5450175,26,Ready1H,5.571202,,,,26->26:Exact,none; server owns swing cadence
343,5.638116,0.017159,Tick,live-sample,true,0xF13000007A00E7F9,,server,,unchecked,unchecked,none,48.946712,-3.5457857,-3.5457857,26,Ready1H,5.588361,,,,26->26:Exact,none; server owns swing cadence
344,5.654682,0.016566,Tick,live-sample,true,0xF13000007A00E7F9,,server,,unchecked,unchecked,none,48.963654,-3.546556,-3.546556,26,Ready1H,5.6049266,,,,26->26:Exact,none; server owns swing cadence
345,5.671010,0.016328,Tick,live-sample,true,0xF13000007A00E7F9,,server,,unchecked,unchecked,none,48.98,-3.5472775,-3.5472775,26,Ready1H,5.621255,,,,26->26:Exact,none; server owns swing cadence
346,5.687603,0.016593,Tick,live-sample,true,0xF13000007A00E7F9,,server,,unchecked,unchecked,none,48.99797,-3.5480442,-3.5480442,26,Ready1H,5.637848,,,,26->26:Exact,none; server owns swing cadence
347,5.704331,0.016728,Tick,live-sample,true,0xF13000007A00E7F9,,server,,unchecked,unchecked,none,49.014374,-3.5487647,-3.5487647,26,Ready1H,5.654576,,,,26->26:Exact,none; server owns swing cadence
348,5.720969,0.016638,Tick,live-sample,true,0xF13000007A00E7F9,,server,,unchecked,unchecked,none,49.032402,-3.5495303,-3.5495303,26,Ready1H,5.6712136,,,,26->26:Exact,none; server owns swing cadence
349,5.737884,0.016915,Tick,live-sample,true,0xF13000007A00E7F9,,server,,unchecked,unchecked,none,49.04948,-3.5502977,-3.5502977,26,Ready1H,5.688129,,,,26->26:Exact,none; server owns swing cadence
350,5.754386,0.016502,Tick,live-sample,true,0xF13000007A00E7F9,,server,,unchecked,unchecked,none,49.06596,-3.5510168,-3.5510168,26,Ready1H,5.704631,,,,26->26:Exact,none; server owns swing cadence
351,5.771018,0.016632,Tick,live-sample,true,0xF13000007A00E7F9,,server,,unchecked,unchecked,none,49.084072,-3.5517807,-3.5517807,26,Ready1H,5.7212634,,,,26->26:Exact,none; server owns swing cadence
352,5.787750,0.016732,Tick,live-sample,true,0xF13000007A00E7F9,,server,,unchecked,unchecked,none,49.10218,-3.5525417,-3.5525417,26,Ready1H,5.7379956,,,,26->26:Exact,none; server owns swing cadence
353,5.804477,0.016727,Tick,live-sample,true,0xF13000007A00E7F9,,server,,unchecked,unchecked,none,49.11877,-3.5532618,-3.5532618,26,Ready1H,5.754722,,,,26->26:Exact,none; server owns swing cadence
354,5.821151,0.016674,Tick,live-sample,true,0xF13000007A00E7F9,,server,,unchecked,unchecked,none,49.13599,-3.5540266,-3.5540266,26,Ready1H,5.7713957,,,,26->26:Exact,none; server owns swing cadence
355,5.837815,0.016664,Tick,live-sample,true,0xF13000007A00E7F9,,server,,unchecked,unchecked,none,49.154182,-3.554786,-3.554786,26,Ready1H,5.7880597,,,,26->26:Exact,none; server owns swing cadence
356,5.854510,0.016695,Tick,live-sample,true,0xF13000007A00E7F9,,server,,unchecked,unchecked,none,49.171463,-3.5555499,-3.5555499,26,Ready1H,5.804755,,,,26->26:Exact,none; server owns swing cadence
357,5.871515,0.017004,Tick,live-sample,true,0xF13000007A00E7F9,,server,,unchecked,unchecked,none,49.189743,-3.5563104,-3.5563104,26,Ready1H,5.8217597,,,,26->26:Exact,none; server owns swing cadence
358,5.888016,0.016501,Tick,live-sample,true,0xF13000007A00E7F9,,server,,unchecked,unchecked,none,49.20802,-3.5570679,-3.5570679,26,Ready1H,5.838261,,,,26->26:Exact,none; server owns swing cadence
359,5.904598,0.016582,Tick,live-sample,true,0xF13000007A00E7F9,,server,,unchecked,unchecked,none,49.22477,-3.5577848,-3.5577848,26,Ready1H,5.8548427,,,,26->26:Exact,none; server owns swing cadence
360,5.921380,0.016782,Tick,live-sample,true,0xF13000007A00E7F9,,server,,unchecked,unchecked,none,49.241516,-3.5584989,-3.5584989,26,Ready1H,5.871625,,,,26->26:Exact,none; server owns swing cadence
361,5.937911,0.016531,Tick,live-sample,true,0xF13000007A00E7F9,,server,,unchecked,unchecked,none,49.258965,-3.5592625,-3.5592625,26,Ready1H,5.888156,,,,26->26:Exact,none; server owns swing cadence
362,5.954574,0.016663,Tick,live-sample,true,0xF13000007A00E7F9,,server,,unchecked,unchecked,none,49.27735,-3.5600178,-3.5600178,26,Ready1H,5.9048195,,,,26->26:Exact,none; server owns swing cadence
363,5.971477,0.016903,Tick,live-sample,true,0xF13000007A00E7F9,,server,,unchecked,unchecked,none,49.294174,-3.5607305,-3.5607305,26,Ready1H,5.9217224,,,,26->26:Exact,none; server owns swing cadence
364,5.988197,0.016720,Tick,live-sample,true,0xF13000007A00E7F9,,server,,unchecked,unchecked,none,49.31265,-3.5614872,-3.5614872,26,Ready1H,5.9384427,,,,26->26:Exact,none; server owns swing cadence
365,6.005024,0.016827,Tick,live-sample,true,0xF13000007A00E7F9,,server,,unchecked,unchecked,none,49.330177,-3.562246,-3.562246,26,Ready1H,5.95527,,,,26->26:Exact,none; server owns swing cadence
366,6.022743,0.017719,Tick,live-sample,true,0xF13000007A00E7F9,,server,,unchecked,unchecked,none,49.349335,-3.563047,-3.563047,26,Ready1H,5.972989,,,,26->26:Exact,none; server owns swing cadence
367,6.037882,0.015139,Tick,live-sample,true,0xF13000007A00E7F9,,server,,unchecked,unchecked,none,49.365635,-3.5637121,-3.5637121,26,Ready1H,5.9881277,,,,26->26:Exact,none; server owns swing cadence
368,6.054629,0.016747,Tick,live-sample,true,0xF13000007A00E7F9,,server,,unchecked,unchecked,none,49.383247,-3.5644698,-3.5644698,26,Ready1H,6.004875,,,,26->26:Exact,none; server owns swing cadence
369,6.071391,0.016762,Tick,live-sample,true,0xF13000007A00E7F9,,server,,unchecked,unchecked,none,49.4012,-3.565176,-3.565176,26,Ready1H,6.021637,,,,26->26:Exact,none; server owns swing cadence
370,6.087955,0.016564,Tick,live-sample,true,0xF13000007A00E7F9,,server,,unchecked,unchecked,none,49.418865,-3.5659325,-3.5659325,26,Ready1H,6.0382013,,,,26->26:Exact,none; server owns swing cadence
371,6.104768,0.016813,Tick,live-sample,true,0xF13000007A00E7F9,,server,,unchecked,unchecked,none,49.4375,-3.566683,-3.566683,26,Ready1H,6.055014,,,,26->26:Exact,none; server owns swing cadence
372,6.121618,0.016850,Tick,live-sample,true,0xF13000007A00E7F9,,server,,unchecked,unchecked,none,49.45526,-3.5674407,-3.5674407,26,Ready1H,6.071864,,,,26->26:Exact,none; server owns swing cadence
373,6.138319,0.016701,Tick,live-sample,true,0xF13000007A00E7F9,,server,,unchecked,unchecked,none,49.47234,-3.5681481,-3.5681481,26,Ready1H,6.0885653,,,,26->26:Exact,none; server owns swing cadence
374,6.154907,0.016587,Tick,live-sample,true,0xF13000007A00E7F9,,server,,unchecked,unchecked,none,49.491093,-3.5688992,-3.5688992,26,Ready1H,6.1051526,,,,26->26:Exact,none; server owns swing cadence
375,6.171522,0.016615,Tick,live-sample,true,0xF13000007A00E7F9,,server,,unchecked,unchecked,none,49.509834,-3.5696476,-3.5696476,26,Ready1H,6.1217675,,,,26->26:Exact,none; server owns swing cadence
376,6.188718,0.017196,Tick,live-sample,true,0xF13000007A00E7F9,,server,,unchecked,unchecked,none,49.52767,-3.5704007,-3.5704007,26,Ready1H,6.1389637,,,,26->26:Exact,none; server owns swing cadence
377,6.205039,0.016321,Tick,live-sample,true,0xF13000007A00E7F9,,server,,unchecked,unchecked,none,49.544888,-3.5711083,-3.5711083,26,Ready1H,6.155285,,,,26->26:Exact,none; server owns swing cadence
378,6.221347,0.016308,Tick,live-sample,true,0xF13000007A00E7F9,,server,,unchecked,unchecked,none,49.5621,-3.571813,-3.571813,26,Ready1H,6.1715927,,,,26->26:Exact,none; server owns swing cadence
379,6.238287,0.016940,Tick,live-sample,true,0xF13000007A00E7F9,,server,,unchecked,unchecked,none,49.580986,-3.5725617,-3.5725617,26,Ready1H,6.1885333,,,,26->26:Exact,none; server owns swing cadence
380,6.255001,0.016714,Tick,live-sample,true,0xF13000007A00E7F9,,server,,unchecked,unchecked,none,49.599865,-3.573307,-3.573307,26,Ready1H,6.205247,,,,26->26:Exact,none; server owns swing cadence
381,6.271817,0.016816,Tick,live-sample,true,0xF13000007A00E7F9,,server,,unchecked,unchecked,none,49.617836,-3.5740576,-3.5740576,26,Ready1H,6.222063,,,,26->26:Exact,none; server owns swing cadence
382,6.288096,0.016279,Tick,live-sample,true,0xF13000007A00E7F9,,server,,unchecked,unchecked,none,49.635185,-3.5747628,-3.5747628,26,Ready1H,6.238342,,,,26->26:Exact,none; server owns swing cadence
383,6.304919,0.016823,Tick,live-sample,true,0xF13000007A00E7F9,,server,,unchecked,unchecked,none,49.65415,-3.5755067,-3.5755067,26,Ready1H,6.255165,,,,26->26:Exact,none; server owns swing cadence
384,6.321524,0.016605,Tick,live-sample,true,0xF13000007A00E7F9,,server,,unchecked,unchecked,none,49.6722,-3.5762556,-3.5762556,26,Ready1H,6.2717695,,,,26->26:Exact,none; server owns swing cadence
385,6.338318,0.016794,Tick,live-sample,true,0xF13000007A00E7F9,,server,,unchecked,unchecked,none,49.68962,-3.5769591,-3.5769591,26,Ready1H,6.2885637,,,,26->26:Exact,none; server owns swing cadence
386,6.354949,0.016631,Tick,live-sample,true,0xF13000007A00E7F9,,server,,unchecked,unchecked,none,49.708664,-3.5777013,-3.5777013,26,Ready1H,6.3051944,,,,26->26:Exact,none; server owns swing cadence
387,6.371611,0.016663,Tick,live-sample,true,0xF13000007A00E7F9,,server,,unchecked,unchecked,none,49.727734,-3.5784428,-3.5784428,26,Ready1H,6.321857,,,,26->26:Exact,none; server owns swing cadence
388,6.388448,0.016836,Tick,live-sample,true,0xF13000007A00E7F9,,server,,unchecked,unchecked,none,49.745235,-3.579145,-3.579145,26,Ready1H,6.3386936,,,,26->26:Exact,none; server owns swing cadence
389,6.405264,0.016816,Tick,live-sample,true,0xF13000007A00E7F9,,server,,unchecked,unchecked,none,49.763424,-3.579891,-3.579891,26,Ready1H,6.3555098,,,,26->26:Exact,none; server owns swing cadence
390,6.421671,0.016407,Tick,live-sample,true,0xF13000007A00E7F9,,server,,unchecked,unchecked,none,49.78261,-3.5806334,-3.5806334,26,Ready1H,6.3719172,,,,26->26:Exact,none; server owns swing cadence
391,6.438380,0.016708,Tick,live-sample,true,0xF13000007A00E7F9,,server,,unchecked,unchecked,none,49.80015,-3.5813315,-3.5813315,26,Ready1H,6.3886256,,,,26->26:Exact,none; server owns swing cadence
392,6.454910,0.016531,Tick,live-sample,true,0xF13000007A00E7F9,,server,,unchecked,unchecked,none,49.81939,-3.5820727,-3.5820727,26,Ready1H,6.405156,,,,26->26:Exact,none; server owns swing cadence
393,6.472204,0.017294,Tick,live-sample,true,0xF13000007A00E7F9,,server,,unchecked,unchecked,none,49.837685,-3.5828166,-3.5828166,26,Ready1H,6.4224505,,,,26->26:Exact,none; server owns swing cadence
394,6.488421,0.016217,Tick,live-sample,true,0xF13000007A00E7F9,,server,,unchecked,unchecked,none,49.855305,-3.5835133,-3.5835133,26,Ready1H,6.4386673,,,,26->26:Exact,none; server owns swing cadence
395,6.505174,0.016753,Tick,live-sample,true,0xF13000007A00E7F9,,server,,unchecked,unchecked,none,49.874622,-3.5842528,-3.5842528,26,Ready1H,6.4554205,,,,26->26:Exact,none; server owns swing cadence
396,6.521673,0.016499,Tick,live-sample,true,0xF13000007A00E7F9,,server,,unchecked,unchecked,none,49.893,-3.5849953,-3.5849953,26,Ready1H,6.471919,,,,26->26:Exact,none; server owns swing cadence
397,6.538418,0.016745,Tick,live-sample,true,0xF13000007A00E7F9,,server,,unchecked,unchecked,none,49.911663,-3.585687,-3.585687,26,Ready1H,6.4886637,,,,26->26:Exact,none; server owns swing cadence
398,6.555130,0.016712,Tick,live-sample,true,0xF13000007A00E7F9,,server,,unchecked,unchecked,none,49.93009,-3.5864282,-3.5864282,26,Ready1H,6.505376,,,,26->26:Exact,none; server owns swing cadence
399,6.571701,0.016571,Tick,live-sample,true,0xF13000007A00E7F9,,server,,unchecked,unchecked,none,49.949486,-3.5871632,-3.5871632,26,Ready1H,6.521947,,,,26->26:Exact,none; server owns swing cadence
400,6.588477,0.016776,Tick,live-sample,true,0xF13000007A00E7F9,,server,,unchecked,unchecked,none,49.967285,-3.587859,-3.587859,26,Ready1H,6.538723,,,,26->26:Exact,none; server owns swing cadence
401,6.605429,0.016952,Tick,live-sample,true,0xF13000007A00E7F9,,server,,unchecked,unchecked,none,49.985798,-3.5885987,-3.5885987,26,Ready1H,6.555675,,,,26->26:Exact,none; server owns swing cadence
402,6.623509,0.018080,Tick,live-sample,true,0xF13000007A00E7F9,,server,,unchecked,unchecked,none,50.007645,-3.5894194,-3.5894194,26,Ready1H,6.573755,,,,26->26:Exact,none; server owns swing cadence
403,6.638576,0.015067,Tick,live-sample,true,0xF13000007A00E7F9,,server,,unchecked,unchecked,none,50.024803,-3.5900671,-3.5900671,26,Ready1H,6.588822,,,,26->26:Exact,none; server owns swing cadence
404,6.655411,0.016834,Tick,live-sample,true,0xF13000007A00E7F9,,server,,unchecked,unchecked,none,50.04267,-3.5907583,-3.5907583,26,Ready1H,6.6056566,,,,26->26:Exact,none; server owns swing cadence
405,6.671896,0.016485,Tick,live-sample,true,0xF13000007A00E7F9,,server,,unchecked,unchecked,none,50.061325,-3.5914981,-3.5914981,26,Ready1H,6.622142,,,,26->26:Exact,none; server owns swing cadence
406,6.688515,0.016619,Tick,live-sample,true,0xF13000007A00E7F9,,server,,unchecked,unchecked,none,50.080902,-3.5922294,-3.5922294,26,Ready1H,6.6387606,,,,26->26:Exact,none; server owns swing cadence
407,6.705235,0.016721,Tick,live-sample,true,0xF13000007A00E7F9,,server,,unchecked,unchecked,none,50.098846,-3.592919,-3.592919,26,Ready1H,6.6554813,,,,26->26:Exact,none; server owns swing cadence
408,6.721953,0.016717,Tick,live-sample,true,0xF13000007A00E7F9,,server,,unchecked,unchecked,none,50.11758,-3.5936573,-3.5936573,26,Ready1H,6.672199,,,,26->26:Exact,none; server owns swing cadence
409,6.738493,0.016541,Tick,live-sample,true,0xF13000007A00E7F9,,server,,unchecked,unchecked,none,50.1365,-3.5943403,-3.5943403,26,Ready1H,6.6887393,,,,26->26:Exact,none; server owns swing cadence
410,6.755226,0.016732,Tick,live-sample,true,0xF13000007A00E7F9,,server,,unchecked,unchecked,none,50.155293,-3.5950773,-3.5950773,26,Ready1H,6.7054715,,,,26->26:Exact,none; server owns swing cadence
411,6.771960,0.016734,Tick,live-sample,true,0xF13000007A00E7F9,,server,,unchecked,unchecked,none,50.175,-3.5958056,-3.5958056,26,Ready1H,6.7222056,,,,26->26:Exact,none; server owns swing cadence
412,6.788477,0.016518,Tick,live-sample,true,0xF13000007A00E7F9,,server,,unchecked,unchecked,none,50.193066,-3.596493,-3.596493,26,Ready1H,6.7387233,,,,26->26:Exact,none; server owns swing cadence
413,6.805565,0.017087,Tick,live-sample,true,0xF13000007A00E7F9,,server,,unchecked,unchecked,none,50.213562,-3.5972664,-3.5972664,26,Ready1H,6.7558107,,,,26->26:Exact,none; server owns swing cadence
414,6.821965,0.016400,Tick,live-sample,true,0xF13000007A00E7F9,,server,,unchecked,unchecked,none,50.231716,-3.597955,-3.597955,26,Ready1H,6.7722106,,,,26->26:Exact,none; server owns swing cadence
415,6.838572,0.016608,Tick,live-sample,true,0xF13000007A00E7F9,,server,,unchecked,unchecked,none,50.25153,-3.5986812,-3.5986812,26,Ready1H,6.7888184,,,,26->26:Exact,none; server owns swing cadence
416,6.855212,0.016640,Tick,live-sample,true,0xF13000007A00E7F9,,server,,unchecked,unchecked,none,50.26973,-3.5993686,-3.5993686,26,Ready1H,6.8054585,,,,26->26:Exact,none; server owns swing cadence
417,6.871873,0.016661,Tick,live-sample,true,0xF13000007A00E7F9,,server,,unchecked,unchecked,none,50.288666,-3.6000996,-3.6000996,26,Ready1H,6.822119,,,,26->26:Exact,none; server owns swing cadence
418,6.888855,0.016982,Tick,live-sample,true,0xF13000007A00E7F9,,server,,unchecked,unchecked,none,50.308556,-3.6008239,-3.6008239,26,Ready1H,6.8391013,,,,26->26:Exact,none; server owns swing cadence
419,6.905295,0.016441,Tick,live-sample,true,0xF13000007A00E7F9,,server,,unchecked,unchecked,none,50.326836,-3.6015098,-3.6015098,26,Ready1H,6.855542,,,,26->26:Exact,none; server owns swing cadence
420,6.922039,0.016743,Tick,live-sample,true,0xF13000007A00E7F9,,server,,unchecked,unchecked,none,50.346775,-3.6022332,-3.6022332,26,Ready1H,6.8722854,,,,26->26:Exact,none; server owns swing cadence
421,6.939105,0.017066,Tick,live-sample,true,0xF13000007A00E7F9,,server,,unchecked,unchecked,none,50.365852,-3.6029642,-3.6029642,26,Ready1H,6.8893514,,,,26->26:Exact,none; server owns swing cadence
422,6.955530,0.016425,Tick,live-sample,true,0xF13000007A00E7F9,,server,,unchecked,unchecked,none,50.38585,-3.6036863,-3.6036863,26,Ready1H,6.9057765,,,,26->26:Exact,none; server owns swing cadence
423,6.972310,0.016780,Tick,live-sample,true,0xF13000007A00E7F9,,server,,unchecked,unchecked,none,50.404224,-3.60437,-3.60437,26,Ready1H,6.9225564,,,,26->26:Exact,none; server owns swing cadence
424,6.989103,0.016793,Tick,live-sample,true,0xF13000007A00E7F9,,server,,unchecked,unchecked,none,50.423344,-3.6050973,-3.6050973,26,Ready1H,6.939349,,,,26->26:Exact,none; server owns swing cadence
425,7.005612,0.016509,Tick,live-sample,true,0xF13000007A00E7F9,,server,,unchecked,unchecked,none,50.43777,-3.6058493,-3.6058493,26,Ready1H,6.9558587,,,,26->26:Exact,none; server owns swing cadence
426,7.022164,0.016552,Tick,live-sample,true,0xF13000007A00E7F9,,server,,unchecked,unchecked,none,50.449574,-3.6065645,-3.6065645,26,Ready1H,6.97241,,,,26->26:Exact,none; server owns swing cadence
427,7.038779,0.016615,Tick,live-sample,true,0xF13000007A00E7F9,,server,,unchecked,unchecked,none,50.4622,-3.607328,-3.607328,26,Ready1H,6.9890246,,,,26->26:Exact,none; server owns swing cadence
428,7.055347,0.016568,Tick,live-sample,true,0xF13000007A00E7F9,,server,,unchecked,unchecked,none,50.474052,-3.6080425,-3.6080425,26,Ready1H,7.005593,,,,26->26:Exact,none; server owns swing cadence
429,7.072233,0.016886,Tick,live-sample,true,0xF13000007A00E7F9,,server,,unchecked,unchecked,none,50.486702,-3.6088028,-3.6088028,26,Ready1H,7.022479,,,,26->26:Exact,none; server owns swing cadence
430,7.088882,0.016649,Tick,live-sample,true,0xF13000007A00E7F9,,server,,unchecked,unchecked,none,50.499416,-3.6095648,-3.6095648,26,Ready1H,7.039128,,,,26->26:Exact,none; server owns swing cadence
431,7.105580,0.016699,Tick,live-sample,true,0xF13000007A00E7F9,,server,,unchecked,unchecked,none,50.51212,-3.6103241,-3.6103241,26,Ready1H,7.055826,,,,26->26:Exact,none; server owns swing cadence
432,7.123247,0.017667,Tick,live-sample,true,0xF13000007A00E7F9,,server,,unchecked,unchecked,none,50.524853,-3.6110833,-3.6110833,26,Ready1H,7.073493,,,,26->26:Exact,none; server owns swing cadence
433,7.138885,0.015638,Tick,live-sample,true,0xF13000007A00E7F9,,server,,unchecked,unchecked,none,50.53688,-3.6117985,-3.6117985,26,Ready1H,7.089131,,,,26->26:Exact,none; server owns swing cadence
434,7.155525,0.016640,Tick,live-sample,true,0xF13000007A00E7F9,,server,,unchecked,unchecked,none,50.549667,-3.6125567,-3.6125567,26,Ready1H,7.105771,,,,26->26:Exact,none; server owns swing cadence
435,7.172229,0.016704,Tick,live-sample,true,0xF13000007A00E7F9,,server,,unchecked,unchecked,none,50.561752,-3.6132712,-3.6132712,26,Ready1H,7.1224756,,,,26->26:Exact,none; server owns swing cadence
436,7.188885,0.016655,Tick,live-sample,true,0xF13000007A00E7F9,,server,,unchecked,unchecked,none,50.5746,-3.6140287,-3.6140287,26,Ready1H,7.139131,,,,26->26:Exact,none; server owns swing cadence
437,7.205852,0.016968,Tick,live-sample,true,0xF13000007A00E7F9,,server,,unchecked,unchecked,none,50.587475,-3.614786,-3.614786,26,Ready1H,7.156099,,,,26->26:Exact,none; server owns swing cadence
438,7.222272,0.016420,Tick,live-sample,true,0xF13000007A00E7F9,,server,,unchecked,unchecked,none,50.599636,-3.6154993,-3.6154993,26,Ready1H,7.1725183,,,,26->26:Exact,none; server owns swing cadence
439,7.238992,0.016720,Tick,live-sample,true,0xF13000007A00E7F9,,server,,unchecked,unchecked,none,50.612568,-3.6162558,-3.6162558,26,Ready1H,7.1892385,,,,26->26:Exact,none; server owns swing cadence
440,7.255611,0.016618,Tick,live-sample,true,0xF13000007A00E7F9,,server,,unchecked,unchecked,none,50.625526,-3.6170118,-3.6170118,26,Ready1H,7.2058573,,,,26->26:Exact,none; server owns swing cadence
441,7.272414,0.016803,Tick,live-sample,true,0xF13000007A00E7F9,,server,,unchecked,unchecked,none,50.63777,-3.617724,-3.617724,26,Ready1H,7.22266,,,,26->26:Exact,none; server owns swing cadence
442,7.289042,0.016629,Tick,live-sample,true,0xF13000007A00E7F9,,server,,unchecked,unchecked,none,50.650787,-3.6184793,-3.6184793,26,Ready1H,7.239289,,,,26->26:Exact,none; server owns swing cadence
443,7.305812,0.016769,Tick,live-sample,true,0xF13000007A00E7F9,,server,,unchecked,unchecked,none,50.663834,-3.6192343,-3.6192343,26,Ready1H,7.256058,,,,26->26:Exact,none; server owns swing cadence
444,7.322437,0.016625,Tick,live-sample,true,0xF13000007A00E7F9,,server,,unchecked,unchecked,none,50.66537,-3.6193233,-3.6193233,26,Ready1H,7.2726836,,,,26->26:Exact,none; server owns swing cadence
445,7.339212,0.016774,Tick,live-sample,true,0xF13000007A00E7F9,,server,,unchecked,unchecked,none,50.66537,-3.6193233,-3.6193233,26,Ready1H,7.2894583,,,,26->26:Exact,none; server owns swing cadence
446,7.355809,0.016597,Tick,live-sample,true,0xF13000007A00E7F9,,server,,unchecked,unchecked,none,50.66537,-3.6193233,-3.6193233,26,Ready1H,7.3060555,,,,26->26:Exact,none; server owns swing cadence
447,7.372588,0.016779,Tick,live-sample,true,0xF13000007A00E7F9,,server,,unchecked,unchecked,none,50.66537,-3.6193233,-3.6193233,26,Ready1H,7.322835,,,,26->26:Exact,none; server owns swing cadence
448,7.389068,0.016480,Tick,live-sample,true,0xF13000007A00E7F9,,server,,unchecked,unchecked,none,50.66537,-3.6193233,-3.6193233,26,Ready1H,7.3393154,,,,26->26:Exact,none; server owns swing cadence
449,7.405839,0.016771,Tick,live-sample,true,0xF13000007A00E7F9,,server,,unchecked,unchecked,none,50.66537,-3.6193233,-3.6193233,26,Ready1H,7.3560863,,,,26->26:Exact,none; server owns swing cadence
450,7.422444,0.016605,Tick,live-sample,true,0xF13000007A00E7F9,,server,,unchecked,unchecked,none,50.66537,-3.6193233,-3.6193233,26,Ready1H,7.372691,,,,26->26:Exact,none; server owns swing cadence
451,7.439142,0.016697,Tick,live-sample,true,0xF13000007A00E7F9,,server,,unchecked,unchecked,none,50.66537,-3.6193233,-3.6193233,26,Ready1H,7.3893886,,,,26->26:Exact,none; server owns swing cadence
452,7.455956,0.016815,Tick,live-sample,true,0xF13000007A00E7F9,,server,,unchecked,unchecked,none,50.66537,-3.6193233,-3.6193233,26,Ready1H,7.4062033,,,,26->26:Exact,none; server owns swing cadence
453,7.472488,0.016532,Tick,live-sample,true,0xF13000007A00E7F9,,server,,unchecked,unchecked,none,50.66537,-3.6193233,-3.6193233,26,Ready1H,7.4227347,,,,26->26:Exact,none; server owns swing cadence
454,7.489259,0.016771,Tick,live-sample,true,0xF13000007A00E7F9,,server,,unchecked,unchecked,none,50.66537,-3.6193233,-3.6193233,26,Ready1H,7.4395056,,,,26->26:Exact,none; server owns swing cadence
455,7.505883,0.016624,Tick,live-sample,true,0xF13000007A00E7F9,,server,,unchecked,unchecked,none,50.66537,-3.6193233,-3.6193233,26,Ready1H,7.4561296,,,,26->26:Exact,none; server owns swing cadence
456,7.522571,0.016688,Tick,live-sample,true,0xF13000007A00E7F9,,server,,unchecked,unchecked,none,50.66537,-3.6193233,-3.6193233,26,Ready1H,7.472818,,,,26->26:Exact,none; server owns swing cadence
457,7.539143,0.016571,Tick,live-sample,true,0xF13000007A00E7F9,,server,,unchecked,unchecked,none,50.66537,-3.6193233,-3.6193233,26,Ready1H,7.4893894,,,,26->26:Exact,none; server owns swing cadence
458,7.556088,0.016945,Tick,live-sample,true,0xF13000007A00E7F9,,server,,unchecked,unchecked,none,50.66537,-3.6193233,-3.6193233,26,Ready1H,7.5063343,,,,26->26:Exact,none; server owns swing cadence
459,7.572715,0.016627,Tick,live-sample,true,0xF13000007A00E7F9,,server,,unchecked,unchecked,none,50.66537,-3.6193233,-3.6193233,26,Ready1H,7.5229616,,,,26->26:Exact,none; server owns swing cadence
460,7.589209,0.016494,Tick,live-sample,true,0xF13000007A00E7F9,,server,,unchecked,unchecked,none,50.66537,-3.6193233,-3.6193233,26,Ready1H,7.539456,,,,26->26:Exact,none; server owns swing cadence
461,7.606596,0.017387,Tick,live-sample,true,0xF13000007A00E7F9,,server,,unchecked,unchecked,none,50.66537,-3.6193233,-3.6193233,26,Ready1H,7.5568433,,,,26->26:Exact,none; server owns swing cadence
462,7.622497,0.015900,Tick,live-sample,true,0xF13000007A00E7F9,,server,,unchecked,unchecked,none,50.66537,-3.6193233,-3.6193233,26,Ready1H,7.5727434,,,,26->26:Exact,none; server owns swing cadence
463,7.639237,0.016741,Tick,live-sample,true,0xF13000007A00E7F9,,server,,unchecked,unchecked,none,50.66537,-3.6193233,-3.6193233,26,Ready1H,7.5894837,,,,26->26:Exact,none; server owns swing cadence
464,7.655947,0.016710,Tick,live-sample,true,0xF13000007A00E7F9,,server,,unchecked,unchecked,none,50.66537,-3.6193233,-3.6193233,26,Ready1H,7.606194,,,,26->26:Exact,none; server owns swing cadence
465,7.672881,0.016934,Tick,live-sample,true,0xF13000007A00E7F9,,server,,unchecked,unchecked,none,50.66537,-3.6193233,-3.6193233,26,Ready1H,7.623128,,,,26->26:Exact,none; server owns swing cadence
466,7.689435,0.016553,Tick,live-sample,true,0xF13000007A00E7F9,,server,,unchecked,unchecked,none,50.66537,-3.6193233,-3.6193233,26,Ready1H,7.6396813,,,,26->26:Exact,none; server owns swing cadence
467,7.706073,0.016639,Tick,live-sample,true,0xF13000007A00E7F9,,server,,unchecked,unchecked,none,50.66537,-3.6193233,-3.6193233,26,Ready1H,7.6563196,,,,26->26:Exact,none; server owns swing cadence
468,7.723664,0.017591,Tick,live-sample,true,0xF13000007A00E7F9,,server,,unchecked,unchecked,none,50.66537,-3.6193233,-3.6193233,26,Ready1H,7.6739106,,,,26->26:Exact,none; server owns swing cadence
469,7.739481,0.015817,Tick,live-sample,true,0xF13000007A00E7F9,,server,,unchecked,unchecked,none,50.66537,-3.6193233,-3.6193233,26,Ready1H,7.6897273,,,,26->26:Exact,none; server owns swing cadence
470,7.756081,0.016600,Tick,live-sample,true,0xF13000007A00E7F9,,server,,unchecked,unchecked,none,50.66537,-3.6193233,-3.6193233,26,Ready1H,7.706328,,,,26->26:Exact,none; server owns swing cadence
471,7.772637,0.016556,Tick,live-sample,true,0xF13000007A00E7F9,,server,,unchecked,unchecked,none,50.66537,-3.6193233,-3.6193233,26,Ready1H,7.7228837,,,,26->26:Exact,none; server owns swing cadence
472,7.789411,0.016774,Tick,live-sample,true,0xF13000007A00E7F9,,server,,unchecked,unchecked,none,50.66537,-3.6193233,-3.6193233,26,Ready1H,7.739658,,,,26->26:Exact,none; server owns swing cadence
473,7.806242,0.016831,Tick,live-sample,true,0xF13000007A00E7F9,,server,,unchecked,unchecked,none,50.66537,-3.6193233,-3.6193233,26,Ready1H,7.756489,,,,26->26:Exact,none; server owns swing cadence
474,7.822665,0.016423,Tick,live-sample,true,0xF13000007A00E7F9,,server,,unchecked,unchecked,none,50.66537,-3.6193233,-3.6193233,26,Ready1H,7.7729115,,,,26->26:Exact,none; server owns swing cadence
475,7.839679,0.017014,Tick,live-sample,true,0xF13000007A00E7F9,,server,,unchecked,unchecked,none,50.66537,-3.6193233,-3.6193233,26,Ready1H,7.7899256,,,,26->26:Exact,none; server owns swing cadence
476,7.856204,0.016525,Tick,live-sample,true,0xF13000007A00E7F9,,server,,unchecked,unchecked,none,50.66537,-3.6193233,-3.6193233,26,Ready1H,7.8064504,,,,26->26:Exact,none; server owns swing cadence
477,7.872863,0.016659,Tick,live-sample,true,0xF13000007A00E7F9,,server,,unchecked,unchecked,none,50.66537,-3.6193233,-3.6193233,26,Ready1H,7.8231096,,,,26->26:Exact,none; server owns swing cadence
478,7.889409,0.016545,Tick,live-sample,true,0xF13000007A00E7F9,,server,,unchecked,unchecked,none,50.66537,-3.6193233,-3.6193233,26,Ready1H,7.839655,,,,26->26:Exact,none; server owns swing cadence
479,7.906340,0.016931,Tick,live-sample,true,0xF13000007A00E7F9,,server,,unchecked,unchecked,none,50.66537,-3.6193233,-3.6193233,26,Ready1H,7.856586,,,,26->26:Exact,none; server owns swing cadence
480,7.922790,0.016450,Tick,live-sample,true,0xF13000007A00E7F9,,server,,unchecked,unchecked,none,50.66537,-3.6193233,-3.6193233,26,Ready1H,7.873036,,,,26->26:Exact,none; server owns swing cadence
481,7.939467,0.016678,Tick,live-sample,true,0xF13000007A00E7F9,,server,,unchecked,unchecked,none,50.66537,-3.6193233,-3.6193233,26,Ready1H,7.8897133,,,,26->26:Exact,none; server owns swing cadence
482,7.956374,0.016907,Tick,live-sample,true,0xF13000007A00E7F9,,server,,unchecked,unchecked,none,50.66537,-3.6193233,-3.6193233,26,Ready1H,7.9066205,,,,26->26:Exact,none; server owns swing cadence
483,7.972936,0.016562,Tick,live-sample,true,0xF13000007A00E7F9,,server,,unchecked,unchecked,none,50.66537,-3.6193233,-3.6193233,26,Ready1H,7.9231825,,,,26->26:Exact,none; server owns swing cadence
484,7.989692,0.016756,Tick,live-sample,true,0xF13000007A00E7F9,,server,,unchecked,unchecked,none,50.66537,-3.6193233,-3.6193233,26,Ready1H,7.939938,,,,26->26:Exact,none; server owns swing cadence
485,8.006426,0.016734,Tick,live-sample,true,0xF13000007A00E7F9,,server,,unchecked,unchecked,none,50.66537,-3.6193233,-3.6193233,26,Ready1H,7.9566717,,,,26->26:Exact,none; server owns swing cadence
486,8.022865,0.016439,Tick,live-sample,true,0xF13000007A00E7F9,,server,,unchecked,unchecked,none,50.66537,-3.6193233,-3.6193233,26,Ready1H,7.973111,,,,26->26:Exact,none; server owns swing cadence
487,8.039706,0.016841,Tick,live-sample,true,0xF13000007A00E7F9,,server,,unchecked,unchecked,none,50.66537,-3.6193233,-3.6193233,26,Ready1H,7.989952,,,,26->26:Exact,none; server owns swing cadence
488,8.056332,0.016626,Tick,live-sample,true,0xF13000007A00E7F9,,server,,unchecked,unchecked,none,50.66537,-3.6193233,-3.6193233,26,Ready1H,8.006578,,,,26->26:Exact,none; server owns swing cadence
489,8.072883,0.016551,Tick,live-sample,true,0xF13000007A00E7F9,,server,,unchecked,unchecked,none,50.66537,-3.6193233,-3.6193233,26,Ready1H,8.023129,,,,26->26:Exact,none; server owns swing cadence
490,8.089622,0.016739,Tick,live-sample,true,0xF13000007A00E7F9,,server,,unchecked,unchecked,none,50.66537,-3.6193233,-3.6193233,26,Ready1H,8.039868,,,,26->26:Exact,none; server owns swing cadence
491,8.106522,0.016900,Tick,live-sample,true,0xF13000007A00E7F9,,server,,unchecked,unchecked,none,50.66537,-3.6193233,-3.6193233,26,Ready1H,8.056768,,,,26->26:Exact,none; server owns swing cadence
492,8.123016,0.016494,Tick,live-sample,true,0xF13000007A00E7F9,,server,,unchecked,unchecked,none,50.66537,-3.6193233,-3.6193233,26,Ready1H,8.073262,,,,26->26:Exact,none; server owns swing cadence
493,8.139838,0.016822,Tick,live-sample,true,0xF13000007A00E7F9,,server,,unchecked,unchecked,none,50.66537,-3.6193233,-3.6193233,26,Ready1H,8.090084,,,,26->26:Exact,none; server owns swing cadence
494,8.156384,0.016547,Tick,live-sample,true,0xF13000007A00E7F9,,server,,unchecked,unchecked,none,50.66537,-3.6193233,-3.6193233,26,Ready1H,8.10663,,,,26->26:Exact,none; server owns swing cadence
495,8.173212,0.016828,Tick,live-sample,true,0xF13000007A00E7F9,,server,,unchecked,unchecked,none,50.66537,-3.6193233,-3.6193233,26,Ready1H,8.123458,,,,26->26:Exact,none; server owns swing cadence
496,8.189843,0.016630,Tick,live-sample,true,0xF13000007A00E7F9,,server,,unchecked,unchecked,none,50.66537,-3.6193233,-3.6193233,26,Ready1H,8.140088,,,,26->26:Exact,none; server owns swing cadence
497,8.206399,0.016557,Tick,live-sample,true,0xF13000007A00E7F9,,server,,unchecked,unchecked,none,50.66537,-3.6193233,-3.6193233,26,Ready1H,8.156645,,,,26->26:Exact,none; server owns swing cadence
498,8.224102,0.017703,Tick,live-sample,true,0xF13000007A00E7F9,,server,,unchecked,unchecked,none,50.66537,-3.6193233,-3.6193233,26,Ready1H,8.174348,,,,26->26:Exact,none; server owns swing cadence
499,8.239757,0.015655,Tick,live-sample,true,0xF13000007A00E7F9,,server,,unchecked,unchecked,none,50.66537,-3.6193233,-3.6193233,26,Ready1H,8.190002,,,,26->26:Exact,none; server owns swing cadence
500,8.256523,0.016766,Tick,live-sample,true,0xF13000007A00E7F9,,server,,unchecked,unchecked,none,50.66537,-3.6193233,-3.6193233,26,Ready1H,8.206768,,,,26->26:Exact,none; server owns swing cadence
501,8.273450,0.016927,Tick,live-sample,true,0xF13000007A00E7F9,,server,,unchecked,unchecked,none,50.66537,-3.6193233,-3.6193233,26,Ready1H,8.223696,,,,26->26:Exact,none; server owns swing cadence
502,8.290175,0.016725,Tick,live-sample,true,0xF13000007A00E7F9,,server,,unchecked,unchecked,none,50.66537,-3.6193233,-3.6193233,26,Ready1H,8.24042,,,,26->26:Exact,none; server owns swing cadence
503,8.307742,0.017566,Tick,live-sample,true,0xF13000007A00E7F9,,server,,unchecked,unchecked,none,50.66537,-3.6193233,-3.6193233,26,Ready1H,8.257987,,,,26->26:Exact,none; server owns swing cadence
504,8.323200,0.015459,Tick,live-sample,true,0xF13000007A00E7F9,,server,,unchecked,unchecked,none,50.66537,-3.6193233,-3.6193233,26,Ready1H,8.273446,,,,26->26:Exact,none; server owns swing cadence
505,8.339940,0.016740,Tick,live-sample,true,0xF13000007A00E7F9,,server,,unchecked,unchecked,none,50.66537,-3.6193233,-3.6193233,26,Ready1H,8.290186,,,,26->26:Exact,none; server owns swing cadence
506,8.356610,0.016670,Tick,live-sample,true,0xF13000007A00E7F9,,server,,unchecked,unchecked,none,50.66537,-3.6193233,-3.6193233,26,Ready1H,8.306856,,,,26->26:Exact,none; server owns swing cadence
507,8.373454,0.016844,Tick,live-sample,true,0xF13000007A00E7F9,,server,,unchecked,unchecked,none,50.66537,-3.6193233,-3.6193233,26,Ready1H,8.3237,,,,26->26:Exact,none; server owns swing cadence
508,8.390152,0.016698,Tick,live-sample,true,0xF13000007A00E7F9,,server,,unchecked,unchecked,none,50.66537,-3.6193233,-3.6193233,26,Ready1H,8.340398,,,,26->26:Exact,none; server owns swing cadence
509,8.406785,0.016633,Tick,live-sample,true,0xF13000007A00E7F9,,server,,unchecked,unchecked,none,50.66537,-3.6193233,-3.6193233,26,Ready1H,8.357031,,,,26->26:Exact,none; server owns swing cadence
510,8.423376,0.016591,Tick,live-sample,true,0xF13000007A00E7F9,,server,,unchecked,unchecked,none,50.66537,-3.6193233,-3.6193233,26,Ready1H,8.373622,,,,26->26:Exact,none; server owns swing cadence
511,8.440126,0.016750,Tick,live-sample,true,0xF13000007A00E7F9,,server,,unchecked,unchecked,none,50.66537,-3.6193233,-3.6193233,26,Ready1H,8.390372,,,,26->26:Exact,none; server owns swing cadence
512,8.456699,0.016573,Tick,live-sample,true,0xF13000007A00E7F9,,server,,unchecked,unchecked,none,50.66537,-3.6193233,-3.6193233,26,Ready1H,8.406945,,,,26->26:Exact,none; server owns swing cadence
513,8.473625,0.016927,Tick,live-sample,true,0xF13000007A00E7F9,,server,,unchecked,unchecked,none,50.66537,-3.6193233,-3.6193233,26,Ready1H,8.423872,,,,26->26:Exact,none; server owns swing cadence
514,8.490176,0.016550,Tick,live-sample,true,0xF13000007A00E7F9,,server,,unchecked,unchecked,none,50.66537,-3.6193233,-3.6193233,26,Ready1H,8.440422,,,,26->26:Exact,none; server owns swing cadence
515,8.506842,0.016666,Tick,live-sample,true,0xF13000007A00E7F9,,server,,unchecked,unchecked,none,50.66537,-3.6193233,-3.6193233,26,Ready1H,8.457088,,,,26->26:Exact,none; server owns swing cadence
516,8.523507,0.016665,Tick,live-sample,true,0xF13000007A00E7F9,,server,,unchecked,unchecked,none,50.66537,-3.6193233,-3.6193233,26,Ready1H,8.473753,,,,26->26:Exact,none; server owns swing cadence
517,8.540200,0.016693,Tick,live-sample,true,0xF13000007A00E7F9,,server,,unchecked,unchecked,none,50.66537,-3.6193233,-3.6193233,26,Ready1H,8.490445,,,,26->26:Exact,none; server owns swing cadence
518,8.556813,0.016614,Tick,live-sample,true,0xF13000007A00E7F9,,server,,unchecked,unchecked,none,50.66537,-3.6193233,-3.6193233,26,Ready1H,8.507059,,,,26->26:Exact,none; server owns swing cadence
519,8.573489,0.016676,Tick,live-sample,true,0xF13000007A00E7F9,,server,,unchecked,unchecked,none,50.66537,-3.6193233,-3.6193233,26,Ready1H,8.523735,,,,26->26:Exact,none; server owns swing cadence
520,8.590190,0.016701,Tick,live-sample,true,0xF13000007A00E7F9,,server,,unchecked,unchecked,none,50.66537,-3.6193233,-3.6193233,26,Ready1H,8.540436,,,,26->26:Exact,none; server owns swing cadence
521,8.606897,0.016707,Tick,live-sample,true,0xF13000007A00E7F9,,server,,unchecked,unchecked,none,50.66537,-3.6193233,-3.6193233,26,Ready1H,8.557143,,,,26->26:Exact,none; server owns swing cadence
522,8.623452,0.016555,Tick,live-sample,true,0xF13000007A00E7F9,,server,,unchecked,unchecked,none,50.66537,-3.6193233,-3.6193233,26,Ready1H,8.573698,,,,26->26:Exact,none; server owns swing cadence
523,8.640336,0.016884,Tick,live-sample,true,0xF13000007A00E7F9,,server,,unchecked,unchecked,none,50.66537,-3.6193233,-3.6193233,26,Ready1H,8.590582,,,,26->26:Exact,none; server owns swing cadence
524,8.656879,0.016543,Tick,live-sample,true,0xF13000007A00E7F9,,server,,unchecked,unchecked,none,50.66537,-3.6193233,-3.6193233,26,Ready1H,8.607124,,,,26->26:Exact,none; server owns swing cadence
525,8.673686,0.016808,Tick,live-sample,true,0xF13000007A00E7F9,,server,,unchecked,unchecked,none,50.66537,-3.6193233,-3.6193233,26,Ready1H,8.623932,,,,26->26:Exact,none; server owns swing cadence
526,8.690377,0.016691,Tick,live-sample,true,0xF13000007A00E7F9,,server,,unchecked,unchecked,none,50.66537,-3.6193233,-3.6193233,26,Ready1H,8.640622,,,,26->26:Exact,none; server owns swing cadence
527,8.706881,0.016504,Tick,live-sample,true,0xF13000007A00E7F9,,server,,unchecked,unchecked,none,50.66537,-3.6193233,-3.6193233,26,Ready1H,8.657126,,,,26->26:Exact,none; server owns swing cadence
528,8.723654,0.016773,Tick,live-sample,true,0xF13000007A00E7F9,,server,,unchecked,unchecked,none,50.66537,-3.6193233,-3.6193233,26,Ready1H,8.6739,,,,26->26:Exact,none; server owns swing cadence
529,8.740385,0.016731,Tick,live-sample,true,0xF13000007A00E7F9,,server,,unchecked,unchecked,none,50.66537,-3.6193233,-3.6193233,26,Ready1H,8.690631,,,,26->26:Exact,none; server owns swing cadence
530,8.756837,0.016451,Tick,live-sample,true,0xF13000007A00E7F9,,server,,unchecked,unchecked,none,50.66537,-3.6193233,-3.6193233,26,Ready1H,8.707082,,,,26->26:Exact,none; server owns swing cadence
531,8.773508,0.016671,Tick,live-sample,true,0xF13000007A00E7F9,,server,,unchecked,unchecked,none,50.66537,-3.6193233,-3.6193233,26,Ready1H,8.723753,,,,26->26:Exact,none; server owns swing cadence
532,8.790424,0.016916,Tick,live-sample,true,0xF13000007A00E7F9,,server,,unchecked,unchecked,none,50.66537,-3.6193233,-3.6193233,26,Ready1H,8.740669,,,,26->26:Exact,none; server owns swing cadence
533,8.807489,0.017065,Tick,live-sample,true,0xF13000007A00E7F9,,server,,unchecked,unchecked,none,50.66537,-3.6193233,-3.6193233,26,Ready1H,8.757733,,,,26->26:Exact,none; server owns swing cadence
534,8.824692,0.017204,Tick,live-sample,true,0xF13000007A00E7F9,,server,,unchecked,unchecked,none,50.66537,-3.6193233,-3.6193233,26,Ready1H,8.774937,,,,26->26:Exact,none; server owns swing cadence
535,8.840198,0.015505,Tick,live-sample,true,0xF13000007A00E7F9,,server,,unchecked,unchecked,none,50.66537,-3.6193233,-3.6193233,26,Ready1H,8.7904415,,,,26->26:Exact,none; server owns swing cadence
536,8.857066,0.016868,Tick,live-sample,true,0xF13000007A00E7F9,,server,,unchecked,unchecked,none,50.66537,-3.6193233,-3.6193233,26,Ready1H,8.80731,,,,26->26:Exact,none; server owns swing cadence
537,8.873674,0.016609,Tick,live-sample,true,0xF13000007A00E7F9,,server,,unchecked,unchecked,none,50.66537,-3.6193233,-3.6193233,26,Ready1H,8.823918,,,,26->26:Exact,none; server owns swing cadence
538,8.890326,0.016652,Tick,live-sample,true,0xF13000007A00E7F9,,server,,unchecked,unchecked,none,50.66537,-3.6193233,-3.6193233,26,Ready1H,8.8405695,,,,26->26:Exact,none; server owns swing cadence
539,8.907105,0.016779,Tick,live-sample,true,0xF13000007A00E7F9,,server,,unchecked,unchecked,none,50.66537,-3.6193233,-3.6193233,26,Ready1H,8.857348,,,,26->26:Exact,none; server owns swing cadence
540,8.923710,0.016604,Tick,live-sample,true,0xF13000007A00E7F9,,server,,unchecked,unchecked,none,50.66537,-3.6193233,-3.6193233,26,Ready1H,8.873953,,,,26->26:Exact,none; server owns swing cadence
541,8.940798,0.017088,Tick,live-sample,true,0xF13000007A00E7F9,,server,,unchecked,unchecked,none,50.66537,-3.6193233,-3.6193233,26,Ready1H,8.891041,,,,26->26:Exact,none; server owns swing cadence
542,8.957364,0.016566,Tick,live-sample,true,0xF13000007A00E7F9,,server,,unchecked,unchecked,none,50.66537,-3.6193233,-3.6193233,26,Ready1H,8.907607,,,,26->26:Exact,none; server owns swing cadence
543,8.973628,0.016264,Tick,live-sample,true,0xF13000007A00E7F9,,server,,unchecked,unchecked,none,50.66537,-3.6193233,-3.6193233,26,Ready1H,8.923871,,,,26->26:Exact,none; server owns swing cadence
544,8.990469,0.016841,Tick,live-sample,true,0xF13000007A00E7F9,,server,,unchecked,unchecked,none,50.66537,-3.6193233,-3.6193233,26,Ready1H,8.940712,,,,26->26:Exact,none; server owns swing cadence
545,9.007330,0.016860,Tick,live-sample,true,0xF13000007A00E7F9,,server,,unchecked,unchecked,none,50.66537,-3.6193233,-3.6193233,26,Ready1H,8.957572,,,,26->26:Exact,none; server owns swing cadence
546,9.023742,0.016413,Tick,live-sample,true,0xF13000007A00E7F9,,server,,unchecked,unchecked,none,50.66537,-3.6193233,-3.6193233,26,Ready1H,8.973985,,,,26->26:Exact,none; server owns swing cadence
547,9.040422,0.016680,Tick,live-sample,true,0xF13000007A00E7F9,,server,,unchecked,unchecked,none,50.66537,-3.6193233,-3.6193233,26,Ready1H,8.9906645,,,,26->26:Exact,none; server owns swing cadence
548,9.057099,0.016677,Tick,live-sample,true,0xF13000007A00E7F9,,server,,unchecked,unchecked,none,50.66537,-3.6193233,-3.6193233,26,Ready1H,9.007341,,,,26->26:Exact,none; server owns swing cadence
549,9.073883,0.016784,Tick,live-sample,true,0xF13000007A00E7F9,,server,,unchecked,unchecked,none,50.66537,-3.6193233,-3.6193233,26,Ready1H,9.024125,,,,26->26:Exact,none; server owns swing cadence
550,9.090434,0.016552,Tick,live-sample,true,0xF13000007A00E7F9,,server,,unchecked,unchecked,none,50.66537,-3.6193233,-3.6193233,26,Ready1H,9.040677,,,,26->26:Exact,none; server owns swing cadence
551,9.107327,0.016892,Tick,live-sample,true,0xF13000007A00E7F9,,server,,unchecked,unchecked,none,50.66537,-3.6193233,-3.6193233,26,Ready1H,9.0575695,,,,26->26:Exact,none; server owns swing cadence
552,9.123893,0.016566,Tick,live-sample,true,0xF13000007A00E7F9,,server,,unchecked,unchecked,none,50.66537,-3.6193233,-3.6193233,26,Ready1H,9.074136,,,,26->26:Exact,none; server owns swing cadence
553,9.140838,0.016945,Tick,live-sample,true,0xF13000007A00E7F9,,server,,unchecked,unchecked,none,50.66537,-3.6193233,-3.6193233,26,Ready1H,9.091081,,,,26->26:Exact,none; server owns swing cadence
554,9.157229,0.016391,Tick,live-sample,true,0xF13000007A00E7F9,,server,,unchecked,unchecked,none,50.66537,-3.6193233,-3.6193233,26,Ready1H,9.107471,,,,26->26:Exact,none; server owns swing cadence
555,9.173980,0.016751,Tick,live-sample,true,0xF13000007A00E7F9,,server,,unchecked,unchecked,none,50.66537,-3.6193233,-3.6193233,26,Ready1H,9.124223,,,,26->26:Exact,none; server owns swing cadence
556,9.190562,0.016582,Tick,live-sample,true,0xF13000007A00E7F9,,server,,unchecked,unchecked,none,50.66537,-3.6193233,-3.6193233,26,Ready1H,9.140804,,,,26->26:Exact,none; server owns swing cadence
557,9.207535,0.016973,Tick,live-sample,true,0xF13000007A00E7F9,,server,,unchecked,unchecked,none,50.66537,-3.6193233,-3.6193233,26,Ready1H,9.157777,,,,26->26:Exact,none; server owns swing cadence
558,9.223909,0.016374,Tick,live-sample,true,0xF13000007A00E7F9,,server,,unchecked,unchecked,none,50.66537,-3.6193233,-3.6193233,26,Ready1H,9.174151,,,,26->26:Exact,none; server owns swing cadence
559,9.240866,0.016957,Tick,live-sample,true,0xF13000007A00E7F9,,server,,unchecked,unchecked,none,50.66537,-3.6193233,-3.6193233,26,Ready1H,9.191109,,,,26->26:Exact,none; server owns swing cadence
560,9.257620,0.016754,Tick,live-sample,true,0xF13000007A00E7F9,,server,,unchecked,unchecked,none,50.66537,-3.6193233,-3.6193233,26,Ready1H,9.207863,,,,26->26:Exact,none; server owns swing cadence
561,9.273901,0.016281,Tick,live-sample,true,0xF13000007A00E7F9,,server,,unchecked,unchecked,none,50.66537,-3.6193233,-3.6193233,26,Ready1H,9.224144,,,,26->26:Exact,none; server owns swing cadence
562,9.291205,0.017304,Tick,live-sample,true,0xF13000007A00E7F9,,server,,unchecked,unchecked,none,50.66537,-3.6193233,-3.6193233,26,Ready1H,9.241447,,,,26->26:Exact,none; server owns swing cadence
563,9.307517,0.016313,Tick,live-sample,true,0xF13000007A00E7F9,,server,,unchecked,unchecked,none,50.66537,-3.6193233,-3.6193233,26,Ready1H,9.25776,,,,26->26:Exact,none; server owns swing cadence
564,9.325531,0.018013,Tick,live-sample,true,0xF13000007A00E7F9,,server,,unchecked,unchecked,none,50.66537,-3.6193233,-3.6193233,26,Ready1H,9.275774,,,,26->26:Exact,none; server owns swing cadence
565,9.340879,0.015348,Tick,live-sample,true,0xF13000007A00E7F9,,server,,unchecked,unchecked,none,50.66537,-3.6193233,-3.6193233,26,Ready1H,9.291122,,,,26->26:Exact,none; server owns swing cadence
566,9.357493,0.016614,Tick,live-sample,true,0xF13000007A00E7F9,,server,,unchecked,unchecked,none,50.66537,-3.6193233,-3.6193233,26,Ready1H,9.307736,,,,26->26:Exact,none; server owns swing cadence
567,9.373936,0.016443,Tick,live-sample,true,0xF13000007A00E7F9,,server,,unchecked,unchecked,none,50.66537,-3.6193233,-3.6193233,26,Ready1H,9.32418,,,,26->26:Exact,none; server owns swing cadence
568,9.390806,0.016870,Tick,live-sample,true,0xF13000007A00E7F9,,server,,unchecked,unchecked,none,50.66537,-3.6193233,-3.6193233,26,Ready1H,9.34105,,,,26->26:Exact,none; server owns swing cadence
569,9.407481,0.016675,Tick,live-sample,true,0xF13000007A00E7F9,,server,,unchecked,unchecked,none,50.66537,-3.6193233,-3.6193233,26,Ready1H,9.357725,,,,26->26:Exact,none; server owns swing cadence
570,9.424035,0.016554,Tick,live-sample,true,0xF13000007A00E7F9,,server,,unchecked,unchecked,none,50.66537,-3.6193233,-3.6193233,26,Ready1H,9.374279,,,,26->26:Exact,none; server owns swing cadence
571,9.440739,0.016704,Tick,live-sample,true,0xF13000007A00E7F9,,server,,unchecked,unchecked,none,50.66537,-3.6193233,-3.6193233,26,Ready1H,9.390983,,,,26->26:Exact,none; server owns swing cadence
572,9.457408,0.016669,Tick,live-sample,true,0xF13000007A00E7F9,,server,,unchecked,unchecked,none,50.66537,-3.6193233,-3.6193233,26,Ready1H,9.407652,,,,26->26:Exact,none; server owns swing cadence
573,9.474152,0.016744,Tick,live-sample,true,0xF13000007A00E7F9,,server,,unchecked,unchecked,none,50.66537,-3.6193233,-3.6193233,26,Ready1H,9.424396,,,,26->26:Exact,none; server owns swing cadence
574,9.490782,0.016629,Tick,live-sample,true,0xF13000007A00E7F9,,server,,unchecked,unchecked,none,50.66537,-3.6193233,-3.6193233,26,Ready1H,9.441025,,,,26->26:Exact,none; server owns swing cadence
575,9.507454,0.016672,Tick,live-sample,true,0xF13000007A00E7F9,,server,,unchecked,unchecked,none,50.66537,-3.6193233,-3.6193233,26,Ready1H,9.457697,,,,26->26:Exact,none; server owns swing cadence
576,9.524116,0.016662,Tick,live-sample,true,0xF13000007A00E7F9,,server,,unchecked,unchecked,none,50.66537,-3.6193233,-3.6193233,26,Ready1H,9.474359,,,,26->26:Exact,none; server owns swing cadence
577,9.540704,0.016588,Tick,live-sample,true,0xF13000007A00E7F9,,server,,unchecked,unchecked,none,50.66537,-3.6193233,-3.6193233,26,Ready1H,9.490947,,,,26->26:Exact,none; server owns swing cadence
578,9.557442,0.016738,Tick,live-sample,true,0xF13000007A00E7F9,,server,,unchecked,unchecked,none,50.66537,-3.6193233,-3.6193233,26,Ready1H,9.507685,,,,26->26:Exact,none; server owns swing cadence
579,9.574462,0.017019,Tick,live-sample,true,0xF13000007A00E7F9,,server,,unchecked,unchecked,none,50.66537,-3.6193233,-3.6193233,26,Ready1H,9.524704,,,,26->26:Exact,none; server owns swing cadence
580,9.590906,0.016445,Tick,live-sample,true,0xF13000007A00E7F9,,server,,unchecked,unchecked,none,50.66537,-3.6193233,-3.6193233,26,Ready1H,9.541149,,,,26->26:Exact,none; server owns swing cadence
581,9.607773,0.016866,Tick,live-sample,true,0xF13000007A00E7F9,,server,,unchecked,unchecked,none,50.66537,-3.6193233,-3.6193233,26,Ready1H,9.558016,,,,26->26:Exact,none; server owns swing cadence
582,9.624165,0.016392,Tick,live-sample,true,0xF13000007A00E7F9,,server,,unchecked,unchecked,none,50.66537,-3.6193233,-3.6193233,26,Ready1H,9.574408,,,,26->26:Exact,none; server owns swing cadence
583,9.640815,0.016650,Tick,live-sample,true,0xF13000007A00E7F9,,server,,unchecked,unchecked,none,50.66537,-3.6193233,-3.6193233,26,Ready1H,9.591058,,,,26->26:Exact,none; server owns swing cadence
584,9.657693,0.016878,Tick,live-sample,true,0xF13000007A00E7F9,,server,,unchecked,unchecked,none,50.66537,-3.6193233,-3.6193233,26,Ready1H,9.607936,,,,26->26:Exact,none; server owns swing cadence
585,9.674120,0.016427,Tick,live-sample,true,0xF13000007A00E7F9,,server,,unchecked,unchecked,none,50.66537,-3.6193233,-3.6193233,26,Ready1H,9.624363,,,,26->26:Exact,none; server owns swing cadence
586,9.691210,0.017090,Tick,live-sample,true,0xF13000007A00E7F9,,server,,unchecked,unchecked,none,50.66537,-3.6193233,-3.6193233,26,Ready1H,9.641453,,,,26->26:Exact,none; server owns swing cadence
587,9.707707,0.016498,Tick,live-sample,true,0xF13000007A00E7F9,,server,,unchecked,unchecked,none,50.66537,-3.6193233,-3.6193233,26,Ready1H,9.65795,,,,26->26:Exact,none; server owns swing cadence
588,9.724185,0.016478,Tick,live-sample,true,0xF13000007A00E7F9,,server,,unchecked,unchecked,none,50.66537,-3.6193233,-3.6193233,26,Ready1H,9.674429,,,,26->26:Exact,none; server owns swing cadence
589,9.741344,0.017159,Tick,live-sample,true,0xF13000007A00E7F9,,server,,unchecked,unchecked,none,50.66537,-3.6193233,-3.6193233,26,Ready1H,9.691587,,,,26->26:Exact,none; server owns swing cadence
590,9.757764,0.016420,Tick,live-sample,true,0xF13000007A00E7F9,,server,,unchecked,unchecked,none,50.66537,-3.6193233,-3.6193233,26,Ready1H,9.708008,,,,26->26:Exact,none; server owns swing cadence
591,9.774431,0.016667,Tick,live-sample,true,0xF13000007A00E7F9,,server,,unchecked,unchecked,none,50.66537,-3.6193233,-3.6193233,26,Ready1H,9.724675,,,,26->26:Exact,none; server owns swing cadence
592,9.790997,0.016566,Tick,live-sample,true,0xF13000007A00E7F9,,server,,unchecked,unchecked,none,50.66537,-3.6193233,-3.6193233,26,Ready1H,9.741241,,,,26->26:Exact,none; server owns swing cadence
593,9.807730,0.016733,Tick,live-sample,true,0xF13000007A00E7F9,,server,,unchecked,unchecked,none,50.66537,-3.6193233,-3.6193233,26,Ready1H,9.757975,,,,26->26:Exact,none; server owns swing cadence
594,9.824469,0.016739,Tick,live-sample,true,0xF13000007A00E7F9,,server,,unchecked,unchecked,none,50.66537,-3.6193233,-3.6193233,26,Ready1H,9.7747135,,,,26->26:Exact,none; server owns swing cadence
595,9.841311,0.016842,Tick,live-sample,true,0xF13000007A00E7F9,,server,,unchecked,unchecked,none,50.66537,-3.6193233,-3.6193233,26,Ready1H,9.791555,,,,26->26:Exact,none; server owns swing cadence
596,9.857858,0.016546,Tick,live-sample,true,0xF13000007A00E7F9,,server,,unchecked,unchecked,none,50.66537,-3.6193233,-3.6193233,26,Ready1H,9.808102,,,,26->26:Exact,none; server owns swing cadence
597,9.874621,0.016764,Tick,live-sample,true,0xF13000007A00E7F9,,server,,unchecked,unchecked,none,50.66537,-3.6193233,-3.6193233,26,Ready1H,9.824865,,,,26->26:Exact,none; server owns swing cadence
598,9.891137,0.016516,Tick,live-sample,true,0xF13000007A00E7F9,,server,,unchecked,unchecked,none,50.66537,-3.6193233,-3.6193233,26,Ready1H,9.841381,,,,26->26:Exact,none; server owns swing cadence
599,9.907962,0.016825,Tick,live-sample,true,0xF13000007A00E7F9,,server,,unchecked,unchecked,none,50.66537,-3.6193233,-3.6193233,26,Ready1H,9.858206,,,,26->26:Exact,none; server owns swing cadence
600,9.925643,0.017681,Tick,live-sample,true,0xF13000007A00E7F9,,server,,unchecked,unchecked,none,50.66537,-3.6193233,-3.6193233,26,Ready1H,9.875887,,,,26->26:Exact,none; server owns swing cadence
601,9.941006,0.015363,Tick,live-sample,true,0xF13000007A00E7F9,,server,,unchecked,unchecked,none,50.66537,-3.6193233,-3.6193233,26,Ready1H,9.89125,,,,26->26:Exact,none; server owns swing cadence
602,9.958026,0.017021,Tick,live-sample,true,0xF13000007A00E7F9,,server,,unchecked,unchecked,none,50.66537,-3.6193233,-3.6193233,26,Ready1H,9.90827,,,,26->26:Exact,none; server owns swing cadence
603,9.974637,0.016611,Tick,live-sample,true,0xF13000007A00E7F9,,server,,unchecked,unchecked,none,50.66537,-3.6193233,-3.6193233,26,Ready1H,9.924881,,,,26->26:Exact,none; server owns swing cadence
604,9.991279,0.016642,Tick,live-sample,true,0xF13000007A00E7F9,,server,,unchecked,unchecked,none,50.66537,-3.6193233,-3.6193233,26,Ready1H,9.941523,,,,26->26:Exact,none; server owns swing cadence
605,10.008272,0.016994,Tick,live-sample,true,0xF13000007A00E7F9,,server,,unchecked,unchecked,none,50.66537,-3.6193233,-3.6193233,26,Ready1H,9.958516,,,,26->26:Exact,none; server owns swing cadence
606,10.024631,0.016358,Tick,live-sample,true,0xF13000007A00E7F9,,server,,unchecked,unchecked,none,50.66537,-3.6193233,-3.6193233,26,Ready1H,9.9748745,,,,26->26:Exact,none; server owns swing cadence
607,10.024631,0.000000,AttackStopSend,network-session-send,true,0x0000000000000000,CMSG_ATTACKSTOP,server,,unchecked,unchecked,none,-1,,,26,Ready1H,9.9748745,,,,26->26:Exact,CMSG_ATTACKSTOP
608,10.024631,0.000000,IntentOff,user-cancel,true,0xF13000007A00E7F9,,server,,unchecked,unchecked,none,50.66537,-3.6193233,-3.6193233,26,Ready1H,9.9748745,,,,26->26:Exact,local attack latch edge
609,10.041275,0.016644,Tick,live-sample,false,0x0000000000000000,,server,,unchecked,unchecked,none,-1,,,26,Ready1H,9.991518,,,,26->26:Exact,none; server owns swing cadence
