row,t,dt,event,cause,intentOn,targetGuid,opcode,swingTimerOwner,weaponSpeedMs,rangeEligibility,arcEligibility,clientAction,distance,bearingDelta,facingDelta,clipId,clipName,clipTime,clipB,clipBTime,blendWeight,animChoice,detail
0,0.000000,0.000000,TraceStart,operator,false,0x0000000000000000,,server,,unchecked,unchecked,none,-1,,,0,Stand,0.0165496,WalkBackwards,3.9872532,0.0049937963,0->0:Exact,server-authoritative swing timing; client range/arc gates absent
1,0.000000,0.000000,AttackSwingSend,network-session-send,false,0xF13000000604A273,CMSG_ATTACKSWING,server,,unchecked,unchecked,none,12.865641,-0.17779112,-0.17779112,0,Stand,0.0354827,WalkBackwards,4.0213327,0.022210538,0->0:Exact,CMSG_ATTACKSWING
2,0.000000,0.000000,IntentOn,user-start,true,0xF13000000604A273,,server,,unchecked,unchecked,none,12.865641,-0.17779112,-0.17779112,0,Stand,0.0354827,WalkBackwards,4.0213327,0.022210538,0->0:Exact,local attack latch edge
3,0.015472,0.015472,Tick,live-sample,true,0xF13000000604A273,,server,,unchecked,unchecked,none,12.898172,-0.17921185,-0.17921185,0,Stand,0.0509552,WalkBackwards,4.0491834,0.04454869,0->0:Exact,none; server owns swing cadence
4,0.031502,0.016029,Tick,live-sample,true,0xF13000000604A273,,server,,unchecked,unchecked,none,12.933599,-0.18068266,-0.18068266,0,Stand,0.0669846,WalkBackwards,4.0780363,0.07473761,0->0:Exact,none; server owns swing cadence
5,0.047891,0.016389,Tick,live-sample,true,0xF13000000604A273,,server,,unchecked,unchecked,none,12.970314,-0.18228698,-0.18228698,0,Stand,0.0833738,WalkBackwards,4.107537,0.11222392,0->0:Exact,none; server owns swing cadence
6,0.064687,0.016796,Tick,live-sample,true,0xF13000000604A273,,server,,unchecked,unchecked,none,13.007866,-0.1838398,-0.1838398,0,Stand,0.1001697,WalkBackwards,4.137769,0.15672743,0->0:Exact,none; server owns swing cadence
7,0.081330,0.016643,Tick,live-sample,true,0xF13000000604A273,,server,,unchecked,unchecked,none,13.042576,-0.18532825,-0.18532825,0,Stand,0.1168129,WalkBackwards,4.167727,0.2060377,0->0:Exact,none; server owns swing cadence
8,0.098123,0.016793,Tick,live-sample,true,0xF13000000604A273,,server,,unchecked,unchecked,none,13.079395,-0.18690705,-0.18690705,0,Stand,0.1336054,WalkBackwards,4.1979537,0.26016647,0->0:Exact,none; server owns swing cadence
9,0.114810,0.016688,Tick,live-sample,true,0xF13000000604A273,,server,,unchecked,unchecked,none,13.11704,-0.18843365,-0.18843365,0,Stand,0.15029301,WalkBackwards,4.2279916,0.31743664,0->0:Exact,none; server owns swing cadence
10,0.131386,0.016576,Tick,live-sample,true,0xF13000000604A273,,server,,unchecked,unchecked,none,13.151838,-0.18989754,-0.18989754,0,Stand,0.1668691,WalkBackwards,4.2578287,0.37689543,0->0:Exact,none; server owns swing cadence
11,0.147956,0.016570,Tick,live-sample,true,0xF13000000604A273,,server,,unchecked,unchecked,none,13.188743,-0.19144964,-0.19144964,0,Stand,0.1834386,WalkBackwards,4.287654,0.43803656,0->0:Exact,none; server owns swing cadence
12,0.163275,0.015319,Tick,live-sample,true,0xF13000000604A273,,server,,unchecked,unchecked,none,13.22232,-0.19275951,-0.19275951,0,Stand,0.198758,WalkBackwards,4.315229,0.4953423,0->0:Exact,none; server owns swing cadence
13,0.180117,0.016841,Tick,live-sample,true,0xF13000000604A273,,server,,unchecked,unchecked,none,13.259281,-0.1942954,-0.1942954,0,Stand,0.21559921,WalkBackwards,4.345543,0.55837816,0->0:Exact,none; server owns swing cadence
14,0.196932,0.016815,Tick,live-sample,true,0xF13000000604A273,,server,,unchecked,unchecked,none,13.297072,-0.19578028,-0.19578028,0,Stand,0.2324146,WalkBackwards,4.3758106,0.6204902,0->0:Exact,none; server owns swing cadence
15,0.213493,0.016561,Tick,live-sample,true,0xF13000000604A273,,server,,unchecked,unchecked,none,13.332011,-0.1972053,-0.1972053,0,Stand,0.248976,WalkBackwards,4.405621,0.6799887,0->0:Exact,none; server owns swing cadence
16,0.230161,0.016668,Tick,live-sample,true,0xF13000000604A273,,server,,unchecked,unchecked,none,13.364891,-0.198529,-0.198529,0,Stand,0.26564372,WalkBackwards,4.4356227,0.7373241,0->0:Exact,none; server owns swing cadence
17,0.246722,0.016561,Tick,live-sample,true,0xF13000000604A273,,server,,unchecked,unchecked,none,13.364891,-0.198529,-0.198529,0,Stand,0.28220433,WalkBackwards,4.4654317,0.79090655,0->0:Exact,none; server owns swing cadence
18,0.263454,0.016733,Tick,live-sample,true,0xF13000000604A273,,server,,unchecked,unchecked,none,13.364891,-0.198529,-0.198529,0,Stand,0.29893714,WalkBackwards,4.4955506,0.84074986,0->0:Exact,none; server owns swing cadence
19,0.280100,0.016646,Tick,live-sample,true,0xF13000000604A273,,server,,unchecked,unchecked,none,13.364891,-0.198529,-0.198529,0,Stand,0.31558293,WalkBackwards,4.525513,0.885182,0->0:Exact,none; server owns swing cadence
20,0.296892,0.016792,Tick,live-sample,true,0xF13000000604A273,,server,,unchecked,unchecked,none,13.364891,-0.198529,-0.198529,0,Stand,0.33237454,WalkBackwards,4.555738,0.92391676,0->0:Exact,none; server owns swing cadence
21,0.313508,0.016616,Tick,live-sample,true,0xF13000000604A273,,server,,unchecked,unchecked,none,13.364891,-0.198529,-0.198529,0,Stand,0.34899074,WalkBackwards,4.585647,0.95536095,0->0:Exact,none; server owns swing cadence
22,0.330406,0.016898,Tick,live-sample,true,0xF13000000604A273,,server,,unchecked,unchecked,none,13.364891,-0.198529,-0.198529,0,Stand,0.36588874,WalkBackwards,4.6160636,0.97942317,0->0:Exact,none; server owns swing cadence
23,0.346834,0.016428,Tick,live-sample,true,0xF13000000604A273,,server,,unchecked,unchecked,none,13.364891,-0.198529,-0.198529,0,Stand,0.38231623,WalkBackwards,4.645633,0.9943093,0->0:Exact,none; server owns swing cadence
24,0.363521,0.016687,Tick,live-sample,true,0xF13000000604A273,,server,,unchecked,unchecked,none,13.364891,-0.198529,-0.198529,0,Stand,0.39900354,WalkBackwards,4.67567,0.9999814,0->0:Exact,none; server owns swing cadence
25,0.381250,0.017729,Tick,live-sample,true,0xF13000000604A273,,server,,unchecked,unchecked,none,13.364891,-0.198529,-0.198529,0,Stand,0.41673222,,,,0->0:Exact,none; server owns swing cadence
26,0.397024,0.015774,Tick,live-sample,true,0xF13000000604A273,,server,,unchecked,unchecked,none,13.364891,-0.198529,-0.198529,0,Stand,0.4325064,,,,0->0:Exact,none; server owns swing cadence
27,0.413589,0.016565,Tick,live-sample,true,0xF13000000604A273,,server,,unchecked,unchecked,none,13.364891,-0.198529,-0.198529,0,Stand,0.4490714,,,,0->0:Exact,none; server owns swing cadence
28,0.430212,0.016623,Tick,live-sample,true,0xF13000000604A273,,server,,unchecked,unchecked,none,13.364891,-0.198529,-0.198529,0,Stand,0.4656943,,,,0->0:Exact,none; server owns swing cadence
29,0.446826,0.016614,Tick,live-sample,true,0xF13000000604A273,,server,,unchecked,unchecked,none,13.364891,-0.198529,-0.198529,0,Stand,0.4823085,,,,0->0:Exact,none; server owns swing cadence
30,0.463618,0.016792,Tick,live-sample,true,0xF13000000604A273,,server,,unchecked,unchecked,none,13.364891,-0.198529,-0.198529,0,Stand,0.4991009,,,,0->0:Exact,none; server owns swing cadence
31,0.480246,0.016628,Tick,live-sample,true,0xF13000000604A273,,server,,unchecked,unchecked,none,13.364891,-0.198529,-0.198529,0,Stand,0.51572907,,,,0->0:Exact,none; server owns swing cadence
32,0.496940,0.016694,Tick,live-sample,true,0xF13000000604A273,,server,,unchecked,unchecked,none,13.364891,-0.198529,-0.198529,0,Stand,0.5324229,,,,0->0:Exact,none; server owns swing cadence
33,0.513517,0.016577,Tick,live-sample,true,0xF13000000604A273,,server,,unchecked,unchecked,none,13.364891,-0.198529,-0.198529,0,Stand,0.5489995,,,,0->0:Exact,none; server owns swing cadence
34,0.530135,0.016618,Tick,live-sample,true,0xF13000000604A273,,server,,unchecked,unchecked,none,13.364891,-0.198529,-0.198529,0,Stand,0.565618,,,,0->0:Exact,none; server owns swing cadence
35,0.546934,0.016799,Tick,live-sample,true,0xF13000000604A273,,server,,unchecked,unchecked,none,13.364891,-0.198529,-0.198529,0,Stand,0.5824169,,,,0->0:Exact,none; server owns swing cadence
36,0.564050,0.017115,Tick,live-sample,true,0xF13000000604A273,,server,,unchecked,unchecked,none,13.364891,-0.198529,-0.198529,0,Stand,0.5995322,,,,0->0:Exact,none; server owns swing cadence
37,0.580256,0.016206,Tick,live-sample,true,0xF13000000604A273,,server,,unchecked,unchecked,none,13.364891,-0.198529,-0.198529,0,Stand,0.6157387,,,,0->0:Exact,none; server owns swing cadence
38,0.596988,0.016732,Tick,live-sample,true,0xF13000000604A273,,server,,unchecked,unchecked,none,13.364891,-0.198529,-0.198529,0,Stand,0.6324711,,,,0->0:Exact,none; server owns swing cadence
39,0.613651,0.016663,Tick,live-sample,true,0xF13000000604A273,,server,,unchecked,unchecked,none,13.364891,-0.198529,-0.198529,0,Stand,0.64913356,,,,0->0:Exact,none; server owns swing cadence
40,0.630547,0.016896,Tick,live-sample,true,0xF13000000604A273,,server,,unchecked,unchecked,none,13.364891,-0.198529,-0.198529,0,Stand,0.66603005,,,,0->0:Exact,none; server owns swing cadence
41,0.647821,0.017273,Tick,live-sample,true,0xF13000000604A273,,server,,unchecked,unchecked,none,13.364891,-0.198529,-0.198529,0,Stand,0.6833032,,,,0->0:Exact,none; server owns swing cadence
42,0.663746,0.015926,Tick,live-sample,true,0xF13000000604A273,,server,,unchecked,unchecked,none,13.364891,-0.198529,-0.198529,0,Stand,0.69922906,,,,0->0:Exact,none; server owns swing cadence
43,0.681443,0.017696,Tick,live-sample,true,0xF13000000604A273,,server,,unchecked,unchecked,none,13.364891,-0.198529,-0.198529,0,Stand,0.71692556,,,,0->0:Exact,none; server owns swing cadence
44,0.697506,0.016063,Tick,live-sample,true,0xF13000000604A273,,server,,unchecked,unchecked,none,13.364891,-0.198529,-0.198529,0,Stand,0.7329882,,,,0->0:Exact,none; server owns swing cadence
45,0.713993,0.016487,Tick,live-sample,true,0xF13000000604A273,,server,,unchecked,unchecked,none,13.364891,-0.198529,-0.198529,0,Stand,0.7494756,,,,0->0:Exact,none; server owns swing cadence
46,0.730511,0.016518,Tick,live-sample,true,0xF13000000604A273,,server,,unchecked,unchecked,none,13.364891,-0.198529,-0.198529,0,Stand,0.7659941,,,,0->0:Exact,none; server owns swing cadence
47,0.747275,0.016764,Tick,live-sample,true,0xF13000000604A273,,server,,unchecked,unchecked,none,13.364891,-0.198529,-0.198529,0,Stand,0.78275776,,,,0->0:Exact,none; server owns swing cadence
48,0.763983,0.016708,Tick,live-sample,true,0xF13000000604A273,,server,,unchecked,unchecked,none,13.364891,-0.198529,-0.198529,0,Stand,0.79946536,,,,0->0:Exact,none; server owns swing cadence
49,0.780661,0.016679,Tick,live-sample,true,0xF13000000604A273,,server,,unchecked,unchecked,none,13.364891,-0.198529,-0.198529,0,Stand,0.81614417,,,,0->0:Exact,none; server owns swing cadence
50,0.797351,0.016689,Tick,live-sample,true,0xF13000000604A273,,server,,unchecked,unchecked,none,13.364891,-0.198529,-0.198529,0,Stand,0.83283347,,,,0->0:Exact,none; server owns swing cadence
51,0.813985,0.016634,Tick,live-sample,true,0xF13000000604A273,,server,,unchecked,unchecked,none,13.364891,-0.198529,-0.198529,0,Stand,0.84946775,,,,0->0:Exact,none; server owns swing cadence
52,0.830515,0.016530,Tick,live-sample,true,0xF13000000604A273,,server,,unchecked,unchecked,none,13.364891,-0.198529,-0.198529,0,Stand,0.86599743,,,,0->0:Exact,none; server owns swing cadence
53,0.847339,0.016824,Tick,live-sample,true,0xF13000000604A273,,server,,unchecked,unchecked,none,13.364891,-0.198529,-0.198529,0,Stand,0.88282126,,,,0->0:Exact,none; server owns swing cadence
54,0.864122,0.016784,Tick,live-sample,true,0xF13000000604A273,,server,,unchecked,unchecked,none,13.364891,-0.198529,-0.198529,0,Stand,0.89960504,,,,0->0:Exact,none; server owns swing cadence
55,0.880562,0.016439,Tick,live-sample,true,0xF13000000604A273,,server,,unchecked,unchecked,none,13.364891,-0.198529,-0.198529,0,Stand,0.91604453,,,,0->0:Exact,none; server owns swing cadence
56,0.897316,0.016754,Tick,live-sample,true,0xF13000000604A273,,server,,unchecked,unchecked,none,13.364891,-0.198529,-0.198529,0,Stand,0.9327985,,,,0->0:Exact,none; server owns swing cadence
57,0.913895,0.016580,Tick,live-sample,true,0xF13000000604A273,,server,,unchecked,unchecked,none,13.364891,-0.198529,-0.198529,0,Stand,0.94937813,,,,0->0:Exact,none; server owns swing cadence
58,0.930722,0.016826,Tick,live-sample,true,0xF13000000604A273,,server,,unchecked,unchecked,none,13.364891,-0.198529,-0.198529,0,Stand,0.96620464,,,,0->0:Exact,none; server owns swing cadence
59,0.947406,0.016684,Tick,live-sample,true,0xF13000000604A273,,server,,unchecked,unchecked,none,13.364891,-0.198529,-0.198529,0,Stand,0.9828885,,,,0->0:Exact,none; server owns swing cadence
60,0.964197,0.016791,Tick,live-sample,true,0xF13000000604A273,,server,,unchecked,unchecked,none,13.364891,-0.198529,-0.198529,0,Stand,0.9996799,,,,0->0:Exact,none; server owns swing cadence
61,0.981793,0.017595,Tick,live-sample,true,0xF13000000604A273,,server,,unchecked,unchecked,none,13.364891,-0.198529,-0.198529,0,Stand,1.0172753,,,,0->0:Exact,none; server owns swing cadence
62,0.997309,0.015516,Tick,live-sample,true,0xF13000000604A273,,server,,unchecked,unchecked,none,13.364891,-0.198529,-0.198529,0,Stand,1.0327919,,,,0->0:Exact,none; server owns swing cadence
63,1.014316,0.017006,Tick,live-sample,true,0xF13000000604A273,,server,,unchecked,unchecked,none,13.364891,-0.198529,-0.198529,0,Stand,1.0497984,,,,0->0:Exact,none; server owns swing cadence
64,1.031022,0.016707,Tick,live-sample,true,0xF13000000604A273,,server,,unchecked,unchecked,none,13.364891,-0.198529,-0.198529,0,Stand,1.066505,,,,0->0:Exact,none; server owns swing cadence
65,1.047403,0.016381,Tick,live-sample,true,0xF13000000604A273,,server,,unchecked,unchecked,none,13.364891,-0.198529,-0.198529,0,Stand,1.0828856,,,,0->0:Exact,none; server owns swing cadence
66,1.064172,0.016769,Tick,live-sample,true,0xF13000000604A273,,server,,unchecked,unchecked,none,13.364891,-0.198529,-0.198529,0,Stand,1.0996548,,,,0->0:Exact,none; server owns swing cadence
67,1.080751,0.016578,Tick,live-sample,true,0xF13000000604A273,,server,,unchecked,unchecked,none,13.364891,-0.198529,-0.198529,0,Stand,1.1162332,,,,0->0:Exact,none; server owns swing cadence
68,1.097430,0.016679,Tick,live-sample,true,0xF13000000604A273,,server,,unchecked,unchecked,none,13.364891,-0.198529,-0.198529,0,Stand,1.1329128,,,,0->0:Exact,none; server owns swing cadence
69,1.114156,0.016726,Tick,live-sample,true,0xF13000000604A273,,server,,unchecked,unchecked,none,13.364891,-0.198529,-0.198529,0,Stand,1.1496384,,,,0->0:Exact,none; server owns swing cadence
70,1.130829,0.016673,Tick,live-sample,true,0xF13000000604A273,,server,,unchecked,unchecked,none,13.364891,-0.198529,-0.198529,0,Stand,1.1663114,,,,0->0:Exact,none; server owns swing cadence
71,1.147665,0.016836,Tick,live-sample,true,0xF13000000604A273,,server,,unchecked,unchecked,none,13.364891,-0.198529,-0.198529,0,Stand,1.1831473,,,,0->0:Exact,none; server owns swing cadence
72,1.164332,0.016668,Tick,live-sample,true,0xF13000000604A273,,server,,unchecked,unchecked,none,13.364891,-0.198529,-0.198529,0,Stand,1.1998148,,,,0->0:Exact,none; server owns swing cadence
73,1.180858,0.016526,Tick,live-sample,true,0xF13000000604A273,,server,,unchecked,unchecked,none,13.364891,-0.198529,-0.198529,0,Stand,1.2163411,,,,0->0:Exact,none; server owns swing cadence
74,1.197700,0.016841,Tick,live-sample,true,0xF13000000604A273,,server,,unchecked,unchecked,none,13.364891,-0.198529,-0.198529,0,Stand,1.2331824,,,,0->0:Exact,none; server owns swing cadence
75,1.214273,0.016573,Tick,live-sample,true,0xF13000000604A273,,server,,unchecked,unchecked,none,13.364891,-0.198529,-0.198529,0,Stand,1.2497557,,,,0->0:Exact,none; server owns swing cadence
76,1.230856,0.016583,Tick,live-sample,true,0xF13000000604A273,,server,,unchecked,unchecked,none,13.364891,-0.198529,-0.198529,0,Stand,1.266339,,,,0->0:Exact,none; server owns swing cadence
77,1.247534,0.016678,Tick,live-sample,true,0xF13000000604A273,,server,,unchecked,unchecked,none,13.364891,-0.198529,-0.198529,0,Stand,1.2830168,,,,0->0:Exact,none; server owns swing cadence
78,1.264304,0.016770,Tick,live-sample,true,0xF13000000604A273,,server,,unchecked,unchecked,none,13.364891,-0.198529,-0.198529,0,Stand,1.2997863,,,,0->0:Exact,none; server owns swing cadence
79,1.282002,0.017699,Tick,live-sample,true,0xF13000000604A273,,server,,unchecked,unchecked,none,13.364891,-0.198529,-0.198529,0,Stand,1.3174851,,,,0->0:Exact,none; server owns swing cadence
80,1.297632,0.015630,Tick,live-sample,true,0xF13000000604A273,,server,,unchecked,unchecked,none,13.364891,-0.198529,-0.198529,0,Stand,1.3331147,,,,0->0:Exact,none; server owns swing cadence
81,1.314339,0.016707,Tick,live-sample,true,0xF13000000604A273,,server,,unchecked,unchecked,none,13.364891,-0.198529,-0.198529,0,Stand,1.3498217,,,,0->0:Exact,none; server owns swing cadence
82,1.330905,0.016566,Tick,live-sample,true,0xF13000000604A273,,server,,unchecked,unchecked,none,13.364891,-0.198529,-0.198529,0,Stand,1.3663874,,,,0->0:Exact,none; server owns swing cadence
83,1.347690,0.016786,Tick,live-sample,true,0xF13000000604A273,,server,,unchecked,unchecked,none,13.364891,-0.198529,-0.198529,0,Stand,1.3831731,,,,0->0:Exact,none; server owns swing cadence
84,1.364328,0.016637,Tick,live-sample,true,0xF13000000604A273,,server,,unchecked,unchecked,none,13.364891,-0.198529,-0.198529,0,Stand,1.3998103,,,,0->0:Exact,none; server owns swing cadence
85,1.380971,0.016643,Tick,live-sample,true,0xF13000000604A273,,server,,unchecked,unchecked,none,13.364891,-0.198529,-0.198529,0,Stand,1.4164534,,,,0->0:Exact,none; server owns swing cadence
86,1.397717,0.016747,Tick,live-sample,true,0xF13000000604A273,,server,,unchecked,unchecked,none,13.364891,-0.198529,-0.198529,0,Stand,1.4332,,,,0->0:Exact,none; server owns swing cadence
87,1.414408,0.016691,Tick,live-sample,true,0xF13000000604A273,,server,,unchecked,unchecked,none,13.364891,-0.198529,-0.198529,0,Stand,1.4498909,,,,0->0:Exact,none; server owns swing cadence
88,1.431103,0.016695,Tick,live-sample,true,0xF13000000604A273,,server,,unchecked,unchecked,none,13.364891,-0.198529,-0.198529,0,Stand,1.4665854,,,,0->0:Exact,none; server owns swing cadence
89,1.447732,0.016629,Tick,live-sample,true,0xF13000000604A273,,server,,unchecked,unchecked,none,13.364891,-0.198529,-0.198529,0,Stand,1.4832149,,,,0->0:Exact,none; server owns swing cadence
90,1.464621,0.016889,Tick,live-sample,true,0xF13000000604A273,,server,,unchecked,unchecked,none,13.364891,-0.198529,-0.198529,0,Stand,1.5001037,,,,0->0:Exact,none; server owns swing cadence
91,1.481206,0.016585,Tick,live-sample,true,0xF13000000604A273,,server,,unchecked,unchecked,none,13.364891,-0.198529,-0.198529,0,Stand,1.5166891,,,,0->0:Exact,none; server owns swing cadence
92,1.497977,0.016771,Tick,live-sample,true,0xF13000000604A273,,server,,unchecked,unchecked,none,13.364891,-0.198529,-0.198529,0,Stand,1.53346,,,,0->0:Exact,none; server owns swing cadence
93,1.514522,0.016544,Tick,live-sample,true,0xF13000000604A273,,server,,unchecked,unchecked,none,13.364891,-0.198529,-0.198529,0,Stand,1.5500044,,,,0->0:Exact,none; server owns swing cadence
94,1.531198,0.016676,Tick,live-sample,true,0xF13000000604A273,,server,,unchecked,unchecked,none,13.364891,-0.198529,-0.198529,0,Stand,1.5666806,,,,0->0:Exact,none; server owns swing cadence
95,1.547834,0.016636,Tick,live-sample,true,0xF13000000604A273,,server,,unchecked,unchecked,none,13.364891,-0.198529,-0.198529,0,Stand,1.5833168,,,,0->0:Exact,none; server owns swing cadence
96,1.564735,0.016901,Tick,live-sample,true,0xF13000000604A273,,server,,unchecked,unchecked,none,13.364891,-0.198529,-0.198529,0,Stand,1.6002175,,,,0->0:Exact,none; server owns swing cadence
97,1.582313,0.017578,Tick,live-sample,true,0xF13000000604A273,,server,,unchecked,unchecked,none,13.364891,-0.198529,-0.198529,0,Stand,1.6177958,,,,0->0:Exact,none; server owns swing cadence
98,1.597918,0.015604,Tick,live-sample,true,0xF13000000604A273,,server,,unchecked,unchecked,none,13.364891,-0.198529,-0.198529,0,Stand,1.6334002,,,,0->0:Exact,none; server owns swing cadence
99,1.614610,0.016692,Tick,live-sample,true,0xF13000000604A273,,server,,unchecked,unchecked,none,13.364891,-0.198529,-0.198529,0,Stand,1.6500924,,,,0->0:Exact,none; server owns swing cadence
100,1.631317,0.016707,Tick,live-sample,true,0xF13000000604A273,,server,,unchecked,unchecked,none,13.364891,-0.198529,-0.198529,0,Stand,1.6667997,,,,0->0:Exact,none; server owns swing cadence
101,1.648078,0.016761,Tick,live-sample,true,0xF13000000604A273,,server,,unchecked,unchecked,none,13.364891,-0.198529,-0.198529,0,Stand,1.6835601,,,,0->0:Exact,none; server owns swing cadence
102,1.664819,0.016741,Tick,live-sample,true,0xF13000000604A273,,server,,unchecked,unchecked,none,13.364891,-0.198529,-0.198529,0,Stand,1.7003013,,,,0->0:Exact,none; server owns swing cadence
103,1.681263,0.016445,Tick,live-sample,true,0xF13000000604A273,,server,,unchecked,unchecked,none,13.364891,-0.198529,-0.198529,0,Stand,1.7167461,,,,0->0:Exact,none; server owns swing cadence
104,1.697901,0.016637,Tick,live-sample,true,0xF13000000604A273,,server,,unchecked,unchecked,none,13.364891,-0.198529,-0.198529,0,Stand,1.7333833,,,,0->0:Exact,none; server owns swing cadence
105,1.714534,0.016634,Tick,live-sample,true,0xF13000000604A273,,server,,unchecked,unchecked,none,13.364891,-0.198529,-0.198529,0,Stand,1.750017,,,,0->0:Exact,none; server owns swing cadence
106,1.731324,0.016790,Tick,live-sample,true,0xF13000000604A273,,server,,unchecked,unchecked,none,13.364891,-0.198529,-0.198529,0,Stand,1.7668068,,,,0->0:Exact,none; server owns swing cadence
107,1.748032,0.016708,Tick,live-sample,true,0xF13000000604A273,,server,,unchecked,unchecked,none,13.364891,-0.198529,-0.198529,0,Stand,1.7835149,,,,0->0:Exact,none; server owns swing cadence
108,1.764665,0.016632,Tick,live-sample,true,0xF13000000604A273,,server,,unchecked,unchecked,none,13.364891,-0.198529,-0.198529,0,Stand,1.8001474,,,,0->0:Exact,none; server owns swing cadence
109,1.781331,0.016666,Tick,live-sample,true,0xF13000000604A273,,server,,unchecked,unchecked,none,13.364891,-0.198529,-0.198529,0,Stand,1.8168137,,,,0->0:Exact,none; server owns swing cadence
110,1.798135,0.016804,Tick,live-sample,true,0xF13000000604A273,,server,,unchecked,unchecked,none,13.364891,-0.198529,-0.198529,0,Stand,1.8336182,,,,0->0:Exact,none; server owns swing cadence
111,1.814903,0.016768,Tick,live-sample,true,0xF13000000604A273,,server,,unchecked,unchecked,none,13.364891,-0.198529,-0.198529,0,Stand,1.850386,,,,0->0:Exact,none; server owns swing cadence
112,1.831435,0.016531,Tick,live-sample,true,0xF13000000604A273,,server,,unchecked,unchecked,none,13.364891,-0.198529,-0.198529,0,Stand,1.8669173,,,,0->0:Exact,none; server owns swing cadence
113,1.848022,0.016587,Tick,live-sample,true,0xF13000000604A273,,server,,unchecked,unchecked,none,13.364891,-0.198529,-0.198529,0,Stand,1.8835045,,,,0->0:Exact,none; server owns swing cadence
114,1.864842,0.016821,Tick,live-sample,true,0xF13000000604A273,,server,,unchecked,unchecked,none,13.364891,-0.198529,-0.198529,0,Stand,1.9003251,,,,0->0:Exact,none; server owns swing cadence
115,1.882663,0.017821,Tick,live-sample,true,0xF13000000604A273,,server,,unchecked,unchecked,none,13.364891,-0.198529,-0.198529,0,Stand,1.918146,,,,0->0:Exact,none; server owns swing cadence
116,1.898042,0.015379,Tick,live-sample,true,0xF13000000604A273,,server,,unchecked,unchecked,none,13.364891,-0.198529,-0.198529,0,Stand,1.933525,,,,0->0:Exact,none; server owns swing cadence
117,1.914750,0.016707,Tick,live-sample,true,0xF13000000604A273,,server,,unchecked,unchecked,none,13.364891,-0.198529,-0.198529,0,Stand,1.9502324,,,,0->0:Exact,none; server owns swing cadence
118,1.931396,0.016646,Tick,live-sample,true,0xF13000000604A273,,server,,unchecked,unchecked,none,13.364891,-0.198529,-0.198529,0,Stand,1.9668788,,,,0->0:Exact,none; server owns swing cadence
119,1.948073,0.016677,Tick,live-sample,true,0xF13000000604A273,,server,,unchecked,unchecked,none,13.364891,-0.198529,-0.198529,0,Stand,1.9835556,,,,0->0:Exact,none; server owns swing cadence
120,1.964826,0.016753,Tick,live-sample,true,0xF13000000604A273,,server,,unchecked,unchecked,none,13.364891,-0.198529,-0.198529,0,Stand,2.0003088,,,,0->0:Exact,none; server owns swing cadence
121,1.981835,0.017008,Tick,live-sample,true,0xF13000000604A273,,server,,unchecked,unchecked,none,13.364891,-0.198529,-0.198529,0,Stand,2.017317,,,,0->0:Exact,none; server owns swing cadence
122,1.998184,0.016349,Tick,live-sample,true,0xF13000000604A273,,server,,unchecked,unchecked,none,13.364891,-0.198529,-0.198529,0,Stand,2.0336664,,,,0->0:Exact,none; server owns swing cadence
123,2.015117,0.016934,Tick,live-sample,true,0xF13000000604A273,,server,,unchecked,unchecked,none,13.364891,-0.198529,-0.198529,0,Stand,2.0505998,,,,0->0:Exact,none; server owns swing cadence
124,2.031457,0.016340,Tick,live-sample,true,0xF13000000604A273,,server,,unchecked,unchecked,none,13.364891,-0.198529,-0.198529,0,Stand,2.0669394,,,,0->0:Exact,none; server owns swing cadence
125,2.031457,0.000000,AnimChoice,animator,true,0xF13000000604A273,,server,,unchecked,unchecked,none,13.249751,-0.20029187,-0.20029187,0,Stand,2.0669394,,,,5->5:Exact,track=0 requested=5 played=5 kind=Exact base=0:Stand clipB= blendWeight=0
126,2.048184,0.016727,Tick,live-sample,true,0xF13000000604A273,,server,,unchecked,unchecked,none,13.249751,-0.20029187,-0.20029187,5,Run,0.016861018,Stand,2.0836666,0.012831271,5->5:Exact,none; server owns swing cadence
127,2.064972,0.016787,Tick,live-sample,true,0xF13000000604A273,,server,,unchecked,unchecked,none,13.134557,-0.20207548,-0.20207548,5,Run,0.033782717,Stand,2.1004539,0.049096465,5->5:Exact,none; server owns swing cadence
128,2.081656,0.016684,Tick,live-sample,true,0xF13000000604A273,,server,,unchecked,unchecked,none,13.020367,-0.20386481,-0.20386481,5,Run,0.050600186,Stand,2.117138,0.10476369,5->5:Exact,none; server owns swing cadence
129,2.098354,0.016699,Tick,live-sample,true,0xF13000000604A273,,server,,unchecked,unchecked,none,12.906193,-0.205683,-0.205683,5,Run,0.06743228,Stand,2.1338365,0.17648995,5->5:Exact,none; server owns swing cadence
130,2.115106,0.016752,Tick,live-sample,true,0xF13000000604A273,,server,,unchecked,unchecked,none,12.791182,-0.20756865,-0.20756865,5,Run,0.08431789,Stand,2.150588,0.26094276,5->5:Exact,none; server owns swing cadence
131,2.131897,0.016792,Tick,live-sample,true,0xF13000000604A273,,server,,unchecked,unchecked,none,12.676153,-0.20948172,-0.20948172,5,Run,0.10124373,Stand,2.1673796,0.35453725,5->5:Exact,none; server owns swing cadence
132,2.148306,0.016409,Tick,live-sample,true,0xF13000000604A273,,server,,unchecked,unchecked,none,12.5641775,-0.21136212,-0.21136212,5,Run,0.1177841,Stand,2.1837888,0.45116496,5->5:Exact,none; server owns swing cadence
133,2.165276,0.016970,Tick,live-sample,true,0xF13000000604A273,,server,,unchecked,unchecked,none,12.448158,-0.21335888,-0.21335888,5,Run,0.13488935,Stand,2.2007582,0.55282485,5->5:Exact,none; server owns swing cadence
134,2.182753,0.017477,Tick,live-sample,true,0xF13000000604A273,,server,,unchecked,unchecked,none,12.328971,-0.21543908,-0.21543908,5,Run,0.15250647,Stand,2.2182355,0.65544903,5->5:Exact,none; server owns swing cadence
135,2.198325,0.015572,Tick,live-sample,true,0xF13000000604A273,,server,,unchecked,unchecked,none,12.222482,-0.21734667,-0.21734667,5,Run,0.16820315,Stand,2.2338076,0.74181485,5->5:Exact,none; server owns swing cadence
136,2.215128,0.016802,Tick,live-sample,true,0xF13000000604A273,,server,,unchecked,unchecked,none,12.107682,-0.21944046,-0.21944046,5,Run,0.18514006,Stand,2.25061,0.8261733,5->5:Exact,none; server owns swing cadence
137,2.231786,0.016658,Tick,live-sample,true,0xF13000000604A273,,server,,unchecked,unchecked,none,11.993965,-0.22155309,-0.22155309,5,Run,0.20193133,Stand,2.2672682,0.897259,5->5:Exact,none; server owns swing cadence
138,2.248532,0.016747,Tick,live-sample,true,0xF13000000604A273,,server,,unchecked,unchecked,none,11.879366,-0.22373796,-0.22373796,5,Run,0.218812,Stand,2.284015,0.95253503,5->5:Exact,none; server owns swing cadence
139,2.265314,0.016782,Tick,live-sample,true,0xF13000000604A273,,server,,unchecked,unchecked,none,11.764769,-0.22595906,-0.22595906,5,Run,0.23572797,Stand,2.3007967,0.98802996,5->5:Exact,none; server owns swing cadence
140,2.281810,0.016495,Tick,live-sample,true,0xF13000000604A273,,server,,unchecked,unchecked,none,11.652277,-0.22817826,-0.22817826,5,Run,0.25235534,,,,5->5:Exact,none; server owns swing cadence
141,2.298534,0.016725,Tick,live-sample,true,0xF13000000604A273,,server,,unchecked,unchecked,none,11.537891,-0.23049784,-0.23049784,5,Run,0.26921394,,,,5->5:Exact,none; server owns swing cadence
142,2.315197,0.016662,Tick,live-sample,true,0xF13000000604A273,,server,,unchecked,unchecked,none,11.424457,-0.2328248,-0.2328248,5,Run,0.28600955,,,,5->5:Exact,none; server owns swing cadence
143,2.331814,0.016617,Tick,live-sample,true,0xF13000000604A273,,server,,unchecked,unchecked,none,11.311159,-0.23520684,-0.23520684,5,Run,0.3027595,,,,5->5:Exact,none; server owns swing cadence
144,2.348530,0.016716,Tick,live-sample,true,0xF13000000604A273,,server,,unchecked,unchecked,none,11.197761,-0.23761773,-0.23761773,5,Run,0.3196093,,,,5->5:Exact,none; server owns swing cadence
145,2.365385,0.016855,Tick,live-sample,true,0xF13000000604A273,,server,,unchecked,unchecked,none,11.083412,-0.24010348,-0.24010348,5,Run,0.33659956,,,,5->5:Exact,none; server owns swing cadence
146,2.381915,0.016530,Tick,live-sample,true,0xF13000000604A273,,server,,unchecked,unchecked,none,10.971247,-0.24259877,-0.24259877,5,Run,0.3532619,,,,5->5:Exact,none; server owns swing cadence
147,2.398587,0.016672,Tick,live-sample,true,0xF13000000604A273,,server,,unchecked,unchecked,none,10.858128,-0.24517107,-0.24517107,5,Run,0.37006715,,,,5->5:Exact,none; server owns swing cadence
148,2.415239,0.016652,Tick,live-sample,true,0xF13000000604A273,,server,,unchecked,unchecked,none,10.745121,-0.24780178,-0.24780178,5,Run,0.38685206,,,,5->5:Exact,none; server owns swing cadence
149,2.431974,0.016735,Tick,live-sample,true,0xF13000000604A273,,server,,unchecked,unchecked,none,10.631272,-0.25052762,-0.25052762,5,Run,0.40372145,,,,5->5:Exact,none; server owns swing cadence
150,2.448697,0.016723,Tick,live-sample,true,0xF13000000604A273,,server,,unchecked,unchecked,none,10.517532,-0.2533157,-0.2533157,5,Run,0.42057824,,,,5->5:Exact,none; server owns swing cadence
151,2.465358,0.016660,Tick,live-sample,true,0xF13000000604A273,,server,,unchecked,unchecked,none,10.404743,-0.25611877,-0.25611877,5,Run,0.43737173,,,,5->5:Exact,none; server owns swing cadence
152,2.483128,0.017771,Tick,live-sample,true,0xF13000000604A273,,server,,unchecked,unchecked,none,10.284733,-0.259161,-0.259161,5,Run,0.4552844,,,,5->5:Exact,none; server owns swing cadence
153,2.498746,0.015618,Tick,live-sample,true,0xF13000000604A273,,server,,unchecked,unchecked,none,10.179304,-0.2618971,-0.2618971,5,Run,0.47102702,,,,5->5:Exact,none; server owns swing cadence
154,2.515273,0.016527,Tick,live-sample,true,0xF13000000604A273,,server,,unchecked,unchecked,none,10.067772,-0.26485848,-0.26485848,5,Run,0.48768592,,,,5->5:Exact,none; server owns swing cadence
155,2.532032,0.016759,Tick,live-sample,true,0xF13000000604A273,,server,,unchecked,unchecked,none,9.954404,-0.2679596,-0.2679596,5,Run,0.5045793,,,,5->5:Exact,none; server owns swing cadence
156,2.548786,0.016754,Tick,live-sample,true,0xF13000000604A273,,server,,unchecked,unchecked,none,9.841144,-0.27113318,-0.27113318,5,Run,0.5214672,,,,5->5:Exact,none; server owns swing cadence
157,2.565457,0.016671,Tick,live-sample,true,0xF13000000604A273,,server,,unchecked,unchecked,none,9.728882,-0.2743349,-0.2743349,5,Run,0.5382719,,,,5->5:Exact,none; server owns swing cadence
158,2.582045,0.016588,Tick,live-sample,true,0xF13000000604A273,,server,,unchecked,unchecked,none,9.6168785,-0.27763057,-0.27763057,5,Run,0.5549924,,,,5->5:Exact,none; server owns swing cadence
159,2.598793,0.016748,Tick,live-sample,true,0xF13000000604A273,,server,,unchecked,unchecked,none,9.503941,-0.28103328,-0.28103328,5,Run,0.5718744,,,,5->5:Exact,none; server owns swing cadence
160,2.615455,0.016662,Tick,live-sample,true,0xF13000000604A273,,server,,unchecked,unchecked,none,9.392018,-0.28447032,-0.28447032,5,Run,0.5886701,,,,5->5:Exact,none; server owns swing cadence
161,2.632395,0.016939,Tick,live-sample,true,0xF13000000604A273,,server,,unchecked,unchecked,none,9.27821,-0.28806186,-0.28806186,5,Run,0.605745,,,,5->5:Exact,none; server owns swing cadence
162,2.648804,0.016409,Tick,live-sample,true,0xF13000000604A273,,server,,unchecked,unchecked,none,9.168468,-0.2915895,-0.2915895,5,Run,0.6222855,,,,5->5:Exact,none; server owns swing cadence
163,2.665541,0.016737,Tick,live-sample,true,0xF13000000604A273,,server,,unchecked,unchecked,none,9.056022,-0.29533696,-0.29533696,5,Run,0.6391563,,,,5->5:Exact,none; server owns swing cadence
164,2.682697,0.017156,Tick,live-sample,true,0xF13000000604A273,,server,,unchecked,unchecked,none,8.941451,-0.29922175,-0.29922175,5,Run,0.65644956,,,,5->5:Exact,none; server owns swing cadence
165,2.698897,0.016200,Tick,live-sample,true,0xF13000000604A273,,server,,unchecked,unchecked,none,8.833211,-0.30299997,-0.30299997,5,Run,0.67277956,,,,5->5:Exact,none; server owns swing cadence
166,2.715916,0.017019,Tick,live-sample,true,0xF13000000604A273,,server,,unchecked,unchecked,none,8.719899,-0.30704308,-0.30704308,5,Run,0.6899348,,,,5->5:Exact,none; server owns swing cadence
167,2.732245,0.016328,Tick,live-sample,true,0xF13000000604A273,,server,,unchecked,unchecked,none,8.610957,-0.31106043,-0.31106043,5,Run,0.7063937,,,,5->5:Exact,none; server owns swing cadence
168,2.748975,0.016730,Tick,live-sample,true,0xF13000000604A273,,server,,unchecked,unchecked,none,8.499215,-0.31531167,-0.31531167,5,Run,0.7232578,,,,5->5:Exact,none; server owns swing cadence
169,2.765647,0.016672,Tick,live-sample,true,0xF13000000604A273,,server,,unchecked,unchecked,none,8.388467,-0.31961226,-0.31961226,5,Run,0.74006313,,,,5->5:Exact,none; server owns swing cadence
170,2.782193,0.016547,Tick,live-sample,true,0xF13000000604A273,,server,,unchecked,unchecked,none,8.278844,-0.32398105,-0.32398105,5,Run,0.7567422,,,,5->5:Exact,none; server owns swing cadence
171,2.798929,0.016735,Tick,live-sample,true,0xF13000000604A273,,server,,unchecked,unchecked,none,8.167578,-0.3285799,-0.3285799,5,Run,0.77361155,,,,5->5:Exact,none; server owns swing cadence
172,2.815600,0.016671,Tick,live-sample,true,0xF13000000604A273,,server,,unchecked,unchecked,none,8.057327,-0.33323956,-0.33323956,5,Run,0.7904161,,,,5->5:Exact,none; server owns swing cadence
173,2.832229,0.016629,Tick,live-sample,true,0xF13000000604A273,,server,,unchecked,unchecked,none,7.9473405,-0.3380394,-0.3380394,5,Run,0.8071781,,,,5->5:Exact,none; server owns swing cadence
174,2.848918,0.016689,Tick,live-sample,true,0xF13000000604A273,,server,,unchecked,unchecked,none,7.837426,-0.34295845,-0.34295845,5,Run,0.8240005,,,,5->5:Exact,none; server owns swing cadence
175,2.865619,0.016701,Tick,live-sample,true,0xF13000000604A273,,server,,unchecked,unchecked,none,7.7276855,-0.3480146,-0.3480146,5,Run,0.8408352,,,,5->5:Exact,none; server owns swing cadence
176,2.882297,0.016678,Tick,live-sample,true,0xF13000000604A273,,server,,unchecked,unchecked,none,7.618191,-0.3532219,-0.3532219,5,Run,0.8576468,,,,5->5:Exact,none; server owns swing cadence
177,2.898917,0.016620,Tick,live-sample,true,0xF13000000604A273,,server,,unchecked,unchecked,none,7.509026,-0.3585968,-0.3585968,5,Run,0.87439936,,,,5->5:Exact,none; server owns swing cadence
178,2.915583,0.016666,Tick,live-sample,true,0xF13000000604A273,,server,,unchecked,unchecked,none,7.399988,-0.36411715,-0.36411715,5,Run,0.8911992,,,,5->5:Exact,none; server owns swing cadence
179,2.932339,0.016756,Tick,live-sample,true,0xF13000000604A273,,server,,unchecked,unchecked,none,7.29031,-0.36987233,-0.36987233,5,Run,0.9080891,,,,5->5:Exact,none; server owns swing cadence
180,2.949057,0.016718,Tick,live-sample,true,0xF13000000604A273,,server,,unchecked,unchecked,none,7.1816525,-0.37571788,-0.37571788,5,Run,0.92494106,,,,5->5:Exact,none; server owns swing cadence
181,2.966009,0.016952,Tick,live-sample,true,0xF13000000604A273,,server,,unchecked,unchecked,none,7.0714054,-0.38187504,-0.38187504,5,Run,0.9420287,,,,5->5:Exact,none; server owns swing cadence
182,2.982885,0.016876,Tick,live-sample,true,0xF13000000604A273,,server,,unchecked,unchecked,none,6.96159,-0.3882482,-0.3882482,5,Run,0.9590396,,,,5->5:Exact,none; server owns swing cadence
183,2.999104,0.016219,Tick,live-sample,true,0xF13000000604A273,,server,,unchecked,unchecked,none,6.856784,-0.39449573,-0.39449573,5,Run,0.9753884,,,,5->5:Exact,none; server owns swing cadence
184,3.015755,0.016650,Tick,live-sample,true,0xF13000000604A273,,server,,unchecked,unchecked,none,6.749351,-0.40112925,-0.40112925,5,Run,0.9921718,,,,5->5:Exact,none; server owns swing cadence
185,3.032313,0.016558,Tick,live-sample,true,0xF13000000604A273,,server,,unchecked,unchecked,none,6.6430774,-0.40789557,-0.40789557,5,Run,1.0088625,,,,5->5:Exact,none; server owns swing cadence
186,3.049030,0.016717,Tick,live-sample,true,0xF13000000604A273,,server,,unchecked,unchecked,none,6.536134,-0.41494632,-0.41494632,5,Run,1.0257131,,,,5->5:Exact,none; server owns swing cadence
187,3.065787,0.016757,Tick,live-sample,true,0xF13000000604A273,,server,,unchecked,unchecked,none,6.428784,-0.42233205,-0.42233205,5,Run,1.0426041,,,,5->5:Exact,none; server owns swing cadence
188,3.082451,0.016665,Tick,live-sample,true,0xF13000000604A273,,server,,unchecked,unchecked,none,6.3226366,-0.42987943,-0.42987943,5,Run,1.0594022,,,,5->5:Exact,none; server owns swing cadence
189,3.099019,0.016568,Tick,live-sample,true,0xF13000000604A273,,server,,unchecked,unchecked,none,6.2177205,-0.43759608,-0.43759608,5,Run,1.0761026,,,,5->5:Exact,none; server owns swing cadence
190,3.115768,0.016749,Tick,live-sample,true,0xF13000000604A273,,server,,unchecked,unchecked,none,6.1115255,-0.44576478,-0.44576478,5,Run,1.0929857,,,,5->5:Exact,none; server owns swing cadence
191,3.132500,0.016731,Tick,live-sample,true,0xF13000000604A273,,server,,unchecked,unchecked,none,6.0057874,-0.45422697,-0.45422697,5,Run,1.109851,,,,5->5:Exact,none; server owns swing cadence
192,3.149054,0.016554,Tick,live-sample,true,0xF13000000604A273,,server,,unchecked,unchecked,none,5.902125,-0.4627905,-0.4627905,5,Run,1.1265377,,,,5->5:Exact,none; server owns swing cadence
193,3.165825,0.016771,Tick,live-sample,true,0xF13000000604A273,,server,,unchecked,unchecked,none,5.7972083,-0.4718554,-0.4718554,5,Run,1.1434432,,,,5->5:Exact,none; server owns swing cadence
194,3.182479,0.016654,Tick,live-sample,true,0xF13000000604A273,,server,,unchecked,unchecked,none,5.693655,-0.48115563,-0.48115563,5,Run,1.1602302,,,,5->5:Exact,none; server owns swing cadence
195,3.199216,0.016736,Tick,live-sample,true,0xF13000000604A273,,server,,unchecked,unchecked,none,5.589821,-0.49091077,-0.49091077,5,Run,1.1771005,,,,5->5:Exact,none; server owns swing cadence
196,3.215814,0.016598,Tick,live-sample,true,0xF13000000604A273,,server,,unchecked,unchecked,none,5.487446,-0.5009365,-0.5009365,5,Run,1.1938317,,,,5->5:Exact,none; server owns swing cadence
197,3.232652,0.016838,Tick,live-sample,true,0xF13000000604A273,,server,,unchecked,unchecked,none,5.384509,-0.5114114,-0.5114114,5,Run,1.2108042,,,,5->5:Exact,none; server owns swing cadence
198,3.249185,0.016534,Tick,live-sample,true,0xF13000000604A273,,server,,unchecked,unchecked,none,5.284039,-0.5220916,-0.5220916,5,Run,1.22747,,,,5->5:Exact,none; server owns swing cadence
199,3.265936,0.016750,Tick,live-sample,true,0xF13000000604A273,,server,,unchecked,unchecked,none,5.1825533,-0.5334215,-0.5334215,5,Run,1.2443545,,,,5->5:Exact,none; server owns swing cadence
200,3.283496,0.017561,Tick,live-sample,true,0xF13000000604A273,,server,,unchecked,unchecked,none,5.0770826,-0.5457337,-0.5457337,5,Run,1.2620555,,,,5->5:Exact,none; server owns swing cadence
201,3.299251,0.015755,Tick,live-sample,true,0xF13000000604A273,,server,,unchecked,unchecked,none,4.983235,-0.5571935,-0.5571935,5,Run,1.2779366,,,,5->5:Exact,none; server owns swing cadence
202,3.315980,0.016728,Tick,live-sample,true,0xF13000000604A273,,server,,unchecked,unchecked,none,4.8840003,-0.56994915,-0.56994915,5,Run,1.2947985,,,,5->5:Exact,none; server owns swing cadence
203,3.332614,0.016634,Tick,live-sample,true,0xF13000000604A273,,server,,unchecked,unchecked,none,4.7863374,-0.58308864,-0.58308864,5,Run,1.3115661,,,,5->5:Exact,none; server owns swing cadence
204,3.349313,0.016699,Tick,live-sample,true,0xF13000000604A273,,server,,unchecked,unchecked,none,4.6893797,-0.59675264,-0.59675264,5,Run,1.3283982,,,,5->5:Exact,none; server owns swing cadence
205,3.366098,0.016785,Tick,live-sample,true,0xF13000000604A273,,server,,unchecked,unchecked,none,4.5926223,-0.6111455,-0.6111455,5,Run,1.3453177,,,,5->5:Exact,none; server owns swing cadence
206,3.382718,0.016620,Tick,live-sample,true,0xF13000000604A273,,server,,unchecked,unchecked,none,4.4977565,-0.6260197,-0.6260197,5,Run,1.3620709,,,,5->5:Exact,none; server owns swing cadence
207,3.399462,0.016744,Tick,live-sample,true,0xF13000000604A273,,server,,unchecked,unchecked,none,4.4031453,-0.64168596,-0.64168596,5,Run,1.3789487,,,,5->5:Exact,none; server owns swing cadence
208,3.416020,0.016558,Tick,live-sample,true,0xF13000000604A273,,server,,unchecked,unchecked,none,4.3110447,-0.6576941,-0.6576941,5,Run,1.3956395,,,,5->5:Exact,none; server owns swing cadence
209,3.432654,0.016634,Tick,live-sample,true,0xF13000000604A273,,server,,unchecked,unchecked,none,4.2194586,-0.6745789,-0.6745789,5,Run,1.4124064,,,,5->5:Exact,none; server owns swing cadence
210,3.449437,0.016783,Tick,live-sample,true,0xF13000000604A273,,server,,unchecked,unchecked,none,4.1283126,-0.69237375,-0.69237375,5,Run,1.4293234,,,,5->5:Exact,none; server owns swing cadence
211,3.466172,0.016736,Tick,live-sample,true,0xF13000000604A273,,server,,unchecked,unchecked,none,4.0386567,-0.7109804,-0.7109804,5,Run,1.446193,,,,5->5:Exact,none; server owns swing cadence
212,3.482836,0.016664,Tick,live-sample,true,0xF13000000604A273,,server,,unchecked,unchecked,none,3.9510567,-0.7302215,-0.7302215,5,Run,1.4629903,,,,5->5:Exact,none; server owns swing cadence
213,3.499689,0.016853,Tick,live-sample,true,0xF13000000604A273,,server,,unchecked,unchecked,none,3.8640983,-0.7505044,-0.7505044,5,Run,1.4799782,,,,5->5:Exact,none; server owns swing cadence
214,3.516121,0.016431,Tick,live-sample,true,0xF13000000604A273,,server,,unchecked,unchecked,none,3.7806466,-0.7713505,-0.7713505,5,Run,1.4965409,,,,5->5:Exact,none; server owns swing cadence
215,3.532850,0.016729,Tick,live-sample,true,0xF13000000604A273,,server,,unchecked,unchecked,none,3.697426,-0.7935412,-0.7935412,5,Run,1.5134039,,,,5->5:Exact,none; server owns swing cadence
216,3.549592,0.016742,Tick,live-sample,true,0xF13000000604A273,,server,,unchecked,unchecked,none,3.6160808,-0.81673896,-0.81673896,5,Run,1.5302799,,,,5->5:Exact,none; server owns swing cadence
217,3.566254,0.016662,Tick,live-sample,true,0xF13000000604A273,,server,,unchecked,unchecked,none,3.537287,-0.8407476,-0.8407476,5,Run,1.5470753,,,,5->5:Exact,none; server owns swing cadence
218,3.583847,0.017593,Tick,live-sample,true,0xF13000000604A273,,server,,unchecked,unchecked,none,3.456427,-0.8672446,-0.8672446,5,Run,1.5648094,,,,5->5:Exact,none; server owns swing cadence
219,3.599497,0.015650,Tick,live-sample,true,0xF13000000604A273,,server,,unchecked,unchecked,none,3.3867097,-0.8917804,-0.8917804,5,Run,1.5805846,,,,5->5:Exact,none; server owns swing cadence
220,3.616121,0.016624,Tick,live-sample,true,0xF13000000604A273,,server,,unchecked,unchecked,none,3.3148315,-0.9191426,-0.9191426,5,Run,1.5973415,,,,5->5:Exact,none; server owns swing cadence
221,3.632802,0.016681,Tick,live-sample,true,0xF13000000604A273,,server,,unchecked,unchecked,none,3.2453794,-0.94768465,-0.94768465,5,Run,1.614156,,,,5->5:Exact,none; server owns swing cadence
222,3.649513,0.016710,Tick,live-sample,true,0xF13000000604A273,,server,,unchecked,unchecked,none,3.1786103,-0.9774455,-0.9774455,5,Run,1.631,,,,5->5:Exact,none; server owns swing cadence
223,3.666180,0.016667,Tick,live-sample,true,0xF13000000604A273,,server,,unchecked,unchecked,none,3.1148968,-1.00846,-1.00846,5,Run,1.6478007,,,,5->5:Exact,none; server owns swing cadence
224,3.682863,0.016683,Tick,live-sample,true,0xF13000000604A273,,server,,unchecked,unchecked,none,3.0542572,-1.0407357,-1.0407357,5,Run,1.6646168,,,,5->5:Exact,none; server owns swing cadence
225,3.699561,0.016698,Tick,live-sample,true,0xF13000000604A273,,server,,unchecked,unchecked,none,2.9968803,-1.0742812,-1.0742812,5,Run,1.6814485,,,,5->5:Exact,none; server owns swing cadence
226,3.716515,0.016954,Tick,live-sample,true,0xF13000000604A273,,server,,unchecked,unchecked,none,2.9422057,-1.1097481,-1.1097481,5,Run,1.698538,,,,5->5:Exact,none; server owns swing cadence
227,3.732979,0.016464,Tick,live-sample,true,0xF13000000604A273,,server,,unchecked,unchecked,none,2.892775,-1.1454996,-1.1454996,5,Run,1.715134,,,,5->5:Exact,none; server owns swing cadence
228,3.749572,0.016593,Tick,live-sample,true,0xF13000000604A273,,server,,unchecked,unchecked,none,2.8468313,-1.1827918,-1.1827918,5,Run,1.7318597,,,,5->5:Exact,none; server owns swing cadence
229,3.766130,0.016559,Tick,live-sample,true,0xF13000000604A273,,server,,unchecked,unchecked,none,2.804997,-1.2209024,-1.2209024,5,Run,1.7485507,,,,5->5:Exact,none; server owns swing cadence
230,3.783083,0.016953,Tick,live-sample,true,0xF13000000604A273,,server,,unchecked,unchecked,none,2.766567,-1.2612042,-1.2612042,5,Run,1.7656388,,,,5->5:Exact,none; server owns swing cadence
231,3.799788,0.016705,Tick,live-sample,true,0xF13000000604A273,,server,,unchecked,unchecked,none,2.7331543,-1.3018271,-1.3018271,5,Run,1.7824773,,,,5->5:Exact,none; server owns swing cadence
232,3.816362,0.016575,Tick,live-sample,true,0xF13000000604A273,,server,,unchecked,unchecked,none,2.7047186,-1.3433591,-1.3433591,5,Run,1.7991843,,,,5->5:Exact,none; server owns swing cadence
233,3.832910,0.016548,Tick,live-sample,true,0xF13000000604A273,,server,,unchecked,unchecked,none,2.6808903,-1.385338,-1.385338,5,Run,1.8158646,,,,5->5:Exact,none; server owns swing cadence
234,3.849561,0.016651,Tick,live-sample,true,0xF13000000604A273,,server,,unchecked,unchecked,none,2.6618538,-1.4283757,-1.4283757,5,Run,1.8326488,,,,5->5:Exact,none; server owns swing cadence
235,3.866279,0.016718,Tick,live-sample,true,0xF13000000604A273,,server,,unchecked,unchecked,none,2.6476393,-1.4719731,-1.4719731,5,Run,1.8495002,,,,5->5:Exact,none; server owns swing cadence
236,3.884001,0.017722,Tick,live-sample,true,0xF13000000604A273,,server,,unchecked,unchecked,none,2.6382697,-1.518765,-1.518765,5,Run,1.8673642,,,,5->5:Exact,none; server owns swing cadence
237,3.899691,0.015690,Tick,live-sample,true,0xF13000000604A273,,server,,unchecked,unchecked,none,2.6349363,-1.5604928,-1.5604928,5,Run,1.8831793,,,,5->5:Exact,none; server owns swing cadence
238,3.916393,0.016702,Tick,live-sample,true,0xF13000000604A273,,server,,unchecked,unchecked,none,2.63616,-1.6047305,-1.6047305,5,Run,1.9000152,,,,5->5:Exact,none; server owns swing cadence
239,3.933025,0.016632,Tick,live-sample,true,0xF13000000604A273,,server,,unchecked,unchecked,none,2.6427197,-1.6488026,-1.6488026,5,Run,1.9167802,,,,5->5:Exact,none; server owns swing cadence
240,3.949634,0.016609,Tick,live-sample,true,0xF13000000604A273,,server,,unchecked,unchecked,none,2.6544337,-1.6925601,-1.6925601,5,Run,1.9335217,,,,5->5:Exact,none; server owns swing cadence
241,3.966471,0.016838,Tick,live-sample,true,0xF13000000604A273,,server,,unchecked,unchecked,none,2.6711712,-1.7362914,-1.7362914,5,Run,1.9504942,,,,5->5:Exact,none; server owns swing cadence
242,3.983192,0.016721,Tick,live-sample,true,0xF13000000604A273,,server,,unchecked,unchecked,none,2.6926465,-1.7790302,-1.7790302,5,Run,1.9673488,,,,5->5:Exact,none; server owns swing cadence
243,3.999841,0.016648,Tick,live-sample,true,0xF13000000604A273,,server,,unchecked,unchecked,none,2.719125,-1.8209686,-1.8209686,5,Run,1.9841304,,,,5->5:Exact,none; server owns swing cadence
244,4.016609,0.016769,Tick,live-sample,true,0xF13000000604A273,,server,,unchecked,unchecked,none,2.7506597,-1.86238,-1.86238,5,Run,2.001033,,,,5->5:Exact,none; server owns swing cadence
245,4.033214,0.016605,Tick,live-sample,true,0xF13000000604A273,,server,,unchecked,unchecked,none,2.78648,-1.9024131,-1.9024131,5,Run,2.0177705,,,,5->5:Exact,none; server owns swing cadence
246,4.049878,0.016665,Tick,live-sample,true,0xF13000000604A273,,server,,unchecked,unchecked,none,2.8265195,-1.9414155,-1.9414155,5,Run,2.0345685,,,,5->5:Exact,none; server owns swing cadence
247,4.066637,0.016758,Tick,live-sample,true,0xF13000000604A273,,server,,unchecked,unchecked,none,2.8712788,-1.9795694,-1.9795694,5,Run,2.0514612,,,,5->5:Exact,none; server owns swing cadence
248,4.083305,0.016668,Tick,live-sample,true,0xF13000000604A273,,server,,unchecked,unchecked,none,2.9195113,-2.0162153,-2.0162153,5,Run,2.0682626,,,,5->5:Exact,none; server owns swing cadence
249,4.099950,0.016645,Tick,live-sample,true,0xF13000000604A273,,server,,unchecked,unchecked,none,2.9715724,-2.0516083,-2.0516083,5,Run,2.0850408,,,,5->5:Exact,none; server owns swing cadence
250,4.116751,0.016801,Tick,live-sample,true,0xF13000000604A273,,server,,unchecked,unchecked,none,3.0277472,-2.086051,-2.086051,5,Run,2.101976,,,,5->5:Exact,none; server owns swing cadence
251,4.133380,0.016629,Tick,live-sample,true,0xF13000000604A273,,server,,unchecked,unchecked,none,3.086854,-2.1188912,-2.1188912,5,Run,2.118738,,,,5->5:Exact,none; server owns swing cadence
252,4.149924,0.016544,Tick,live-sample,true,0xF13000000604A273,,server,,unchecked,unchecked,none,3.148474,-2.1502318,-2.1502318,5,Run,2.135414,,,,5->5:Exact,none; server owns swing cadence
253,4.166653,0.016729,Tick,live-sample,true,0xF13000000604A273,,server,,unchecked,unchecked,none,3.2144637,-2.1807969,-2.1807969,5,Run,2.1522772,,,,5->5:Exact,none; server owns swing cadence
254,4.184096,0.017443,Tick,live-sample,true,0xF13000000604A273,,server,,unchecked,unchecked,none,3.2857451,-2.2112274,-2.2112274,5,Run,2.1698601,,,,5->5:Exact,none; server owns swing cadence
255,4.199948,0.015852,Tick,live-sample,true,0xF13000000604A273,,server,,unchecked,unchecked,none,3.3534002,-2.2377918,-2.2377918,5,Run,2.185839,,,,5->5:Exact,none; server owns swing cadence
256,4.216648,0.016700,Tick,live-sample,true,0xF13000000604A273,,server,,unchecked,unchecked,none,3.4266374,-2.264551,-2.264551,5,Run,2.2026722,,,,5->5:Exact,none; server owns swing cadence
257,4.233393,0.016745,Tick,live-sample,true,0xF13000000604A273,,server,,unchecked,unchecked,none,3.5030603,-2.2903214,-2.2903214,5,Run,2.219551,,,,5->5:Exact,none; server owns swing cadence
258,4.250284,0.016891,Tick,live-sample,true,0xF13000000604A273,,server,,unchecked,unchecked,none,3.5824363,-2.3151932,-2.3151932,5,Run,2.2365773,,,,5->5:Exact,none; server owns swing cadence
259,4.266854,0.016570,Tick,live-sample,true,0xF13000000604A273,,server,,unchecked,unchecked,none,3.662464,-2.3385413,-2.3385413,5,Run,2.2532802,,,,5->5:Exact,none; server owns swing cadence
260,4.283513,0.016659,Tick,live-sample,true,0xF13000000604A273,,server,,unchecked,unchecked,none,3.7443156,-2.3609402,-2.3609402,5,Run,2.2700722,,,,5->5:Exact,none; server owns swing cadence
261,4.300043,0.016529,Tick,live-sample,true,0xF13000000604A273,,server,,unchecked,unchecked,none,3.8271668,-2.3821955,-2.3821955,5,Run,2.2867339,,,,5->5:Exact,none; server owns swing cadence
262,4.316671,0.016628,Tick,live-sample,true,0xF13000000604A273,,server,,unchecked,unchecked,none,3.912509,-2.40269,-2.40269,5,Run,2.303495,,,,5->5:Exact,none; server owns swing cadence
263,4.333467,0.016796,Tick,live-sample,true,0xF13000000604A273,,server,,unchecked,unchecked,none,4.000217,-2.4224868,-2.4224868,5,Run,2.3204253,,,,5->5:Exact,none; server owns swing cadence
264,4.349923,0.016457,Tick,live-sample,true,0xF13000000604A273,,server,,unchecked,unchecked,none,4.0878158,-2.4410684,-2.4410684,5,Run,2.3370137,,,,5->5:Exact,none; server owns swing cadence
265,4.367205,0.017281,Tick,live-sample,true,0xF13000000604A273,,server,,unchecked,unchecked,none,4.180869,-2.4597118,-2.4597118,5,Run,2.354433,,,,5->5:Exact,none; server owns swing cadence
266,4.383524,0.016319,Tick,live-sample,true,0xF13000000604A273,,server,,unchecked,unchecked,none,4.2702966,-2.4765806,-2.4765806,5,Run,2.3708827,,,,5->5:Exact,none; server owns swing cadence
267,4.400827,0.017304,Tick,live-sample,true,0xF13000000604A273,,server,,unchecked,unchecked,none,4.3659563,-2.493685,-2.493685,5,Run,2.388325,,,,5->5:Exact,none; server owns swing cadence
268,4.416991,0.016164,Tick,live-sample,true,0xF13000000604A273,,server,,unchecked,unchecked,none,4.456845,-2.5090146,-2.5090146,5,Run,2.4046183,,,,5->5:Exact,none; server owns swing cadence
269,4.433597,0.016606,Tick,live-sample,true,0xF13000000604A273,,server,,unchecked,unchecked,none,4.55136,-2.5241284,-2.5241284,5,Run,2.4213572,,,,5->5:Exact,none; server owns swing cadence
270,4.450170,0.016572,Tick,live-sample,true,0xF13000000604A273,,server,,unchecked,unchecked,none,4.6468925,-2.5386014,-2.5386014,5,Run,2.438062,,,,5->5:Exact,none; server owns swing cadence
271,4.466927,0.016757,Tick,live-sample,true,0xF13000000604A273,,server,,unchecked,unchecked,none,4.744231,-2.5526345,-2.5526345,5,Run,2.4549532,,,,5->5:Exact,none; server owns swing cadence
272,4.484735,0.017808,Tick,live-sample,true,0xF13000000604A273,,server,,unchecked,unchecked,none,4.8487535,-2.5669298,-2.5669298,5,Run,2.4729037,,,,5->5:Exact,none; server owns swing cadence
273,4.500373,0.015638,Tick,live-sample,true,0xF13000000604A273,,server,,unchecked,unchecked,none,4.940606,-2.5789611,-2.5789611,5,Run,2.4886672,,,,5->5:Exact,none; server owns swing cadence
274,4.516830,0.016457,Tick,live-sample,true,0xF13000000604A273,,server,,unchecked,unchecked,none,5.0386496,-2.591164,-2.591164,5,Run,2.505256,,,,5->5:Exact,none; server owns swing cadence
275,4.533462,0.016632,Tick,live-sample,true,0xF13000000604A273,,server,,unchecked,unchecked,none,5.1383257,-2.6030169,-2.6030169,5,Run,2.5220208,,,,5->5:Exact,none; server owns swing cadence
276,4.550344,0.016882,Tick,live-sample,true,0xF13000000604A273,,server,,unchecked,unchecked,none,5.2405605,-2.614593,-2.614593,5,Run,2.5390375,,,,5->5:Exact,none; server owns swing cadence
277,4.567397,0.017053,Tick,live-sample,true,0xF13000000604A273,,server,,unchecked,unchecked,none,5.344395,-2.6258335,-2.6258335,5,Run,2.5562267,,,,5->5:Exact,none; server owns swing cadence
278,4.583605,0.016208,Tick,live-sample,true,0xF13000000604A273,,server,,unchecked,unchecked,none,5.4432497,-2.6361105,-2.6361105,5,Run,2.5725646,,,,5->5:Exact,none; server owns swing cadence
279,4.600629,0.017024,Tick,live-sample,true,0xF13000000604A273,,server,,unchecked,unchecked,none,5.54735,-2.6465042,-2.6465042,5,Run,2.5897245,,,,5->5:Exact,none; server owns swing cadence
280,4.617363,0.016734,Tick,live-sample,true,0xF13000000604A273,,server,,unchecked,unchecked,none,5.651108,-2.6563568,-2.6563568,5,Run,2.6065927,,,,5->5:Exact,none; server owns swing cadence
281,4.633645,0.016281,Tick,live-sample,true,0xF13000000604A273,,server,,unchecked,unchecked,none,5.752542,-2.665602,-2.665602,5,Run,2.6230042,,,,5->5:Exact,none; server owns swing cadence
282,4.650414,0.016770,Tick,live-sample,true,0xF13000000604A273,,server,,unchecked,unchecked,none,5.8573103,-2.6747868,-2.6747868,5,Run,2.639908,,,,5->5:Exact,none; server owns swing cadence
283,4.667080,0.016666,Tick,live-sample,true,0xF13000000604A273,,server,,unchecked,unchecked,none,5.9615917,-2.6835933,-2.6835933,5,Run,2.6567075,,,,5->5:Exact,none; server owns swing cadence
284,4.684196,0.017115,Tick,live-sample,true,0xF13000000604A273,,server,,unchecked,unchecked,none,6.069208,-2.6923223,-2.6923223,5,Run,2.6739597,,,,5->5:Exact,none; server owns swing cadence
285,4.700447,0.016251,Tick,live-sample,true,0xF13000000604A273,,server,,unchecked,unchecked,none,6.171468,-2.700325,-2.700325,5,Run,2.6903408,,,,5->5:Exact,none; server owns swing cadence
286,4.717416,0.016969,Tick,live-sample,true,0xF13000000604A273,,server,,unchecked,unchecked,none,6.2789626,-2.7084033,-2.7084033,5,Run,2.7074456,,,,5->5:Exact,none; server owns swing cadence
287,4.733772,0.016356,Tick,live-sample,true,0xF13000000604A273,,server,,unchecked,unchecked,none,6.3829594,-2.7159328,-2.7159328,5,Run,2.7239323,,,,5->5:Exact,none; server owns swing cadence
288,4.750438,0.016666,Tick,live-sample,true,0xF13000000604A273,,server,,unchecked,unchecked,none,6.4892592,-2.7233567,-2.7233567,5,Run,2.740732,,,,5->5:Exact,none; server owns swing cadence
289,4.767247,0.016809,Tick,live-sample,true,0xF13000000604A273,,server,,unchecked,unchecked,none,6.5968847,-2.7305999,-2.7305999,5,Run,2.7576756,,,,5->5:Exact,none; server owns swing cadence
290,4.784513,0.017266,Tick,live-sample,true,0xF13000000604A273,,server,,unchecked,unchecked,none,6.7077947,-2.7377994,-2.7377994,5,Run,2.77508,,,,5->5:Exact,none; server owns swing cadence
291,4.801475,0.016961,Tick,live-sample,true,0xF13000000604A273,,server,,unchecked,unchecked,none,6.817069,-2.744643,-2.744643,5,Run,2.792177,,,,5->5:Exact,none; server owns swing cadence
292,4.818225,0.016750,Tick,live-sample,true,0xF13000000604A273,,server,,unchecked,unchecked,none,6.9256597,-2.7511885,-2.7511885,5,Run,2.8090613,,,,5->5:Exact,none; server owns swing cadence
293,4.833928,0.015703,Tick,live-sample,true,0xF13000000604A273,,server,,unchecked,unchecked,none,7.027602,-2.7571402,-2.7571402,5,Run,2.82489,,,,5->5:Exact,none; server owns swing cadence
294,4.850557,0.016629,Tick,live-sample,true,0xF13000000604A273,,server,,unchecked,unchecked,none,7.135748,-2.7632582,-2.7632582,5,Run,2.8416514,,,,5->5:Exact,none; server owns swing cadence
295,4.867224,0.016667,Tick,live-sample,true,0xF13000000604A273,,server,,unchecked,unchecked,none,7.244158,-2.769208,-2.769208,5,Run,2.858452,,,,5->5:Exact,none; server owns swing cadence
296,4.885129,0.017905,Tick,live-sample,true,0xF13000000604A273,,server,,unchecked,unchecked,none,7.360803,-2.7754047,-2.7754047,5,Run,2.8765004,,,,5->5:Exact,none; server owns swing cadence
297,4.900489,0.015360,Tick,live-sample,true,0xF13000000604A273,,server,,unchecked,unchecked,none,7.4617014,-2.7805612,-2.7805612,5,Run,2.8919833,,,,5->5:Exact,none; server owns swing cadence
298,4.917371,0.016882,Tick,live-sample,true,0xF13000000604A273,,server,,unchecked,unchecked,none,7.5728126,-2.78607,-2.78607,5,Run,2.9090004,,,,5->5:Exact,none; server owns swing cadence
299,4.933982,0.016611,Tick,live-sample,true,0xF13000000604A273,,server,,unchecked,unchecked,none,7.682145,-2.7913358,-2.7913358,5,Run,2.925744,,,,5->5:Exact,none; server owns swing cadence
300,4.950596,0.016614,Tick,live-sample,true,0xF13000000604A273,,server,,unchecked,unchecked,none,7.7916856,-2.7964556,-2.7964556,5,Run,2.942491,,,,5->5:Exact,none; server owns swing cadence
301,4.967400,0.016805,Tick,live-sample,true,0xF13000000604A273,,server,,unchecked,unchecked,none,7.902441,-2.801493,-2.801493,5,Run,2.95943,,,,5->5:Exact,none; server owns swing cadence
302,4.984128,0.016727,Tick,live-sample,true,0xF13000000604A273,,server,,unchecked,unchecked,none,8.013372,-2.8063624,-2.8063624,5,Run,2.976291,,,,5->5:Exact,none; server owns swing cadence
303,5.000673,0.016546,Tick,live-sample,true,0xF13000000604A273,,server,,unchecked,unchecked,none,8.1224985,-2.8110564,-2.8110564,5,Run,2.9929688,,,,5->5:Exact,none; server owns swing cadence
304,5.017818,0.017145,Tick,live-sample,true,0xF13000000604A273,,server,,unchecked,unchecked,none,8.235846,-2.8157885,-2.8157885,5,Run,3.0102508,,,,5->5:Exact,none; server owns swing cadence
305,5.034091,0.016273,Tick,live-sample,true,0xF13000000604A273,,server,,unchecked,unchecked,none,8.344271,-2.8201532,-2.8201532,5,Run,3.0266535,,,,5->5:Exact,none; server owns swing cadence
306,5.050728,0.016637,Tick,live-sample,true,0xF13000000604A273,,server,,unchecked,unchecked,none,8.4549,-2.8245046,-2.8245046,5,Run,3.0434241,,,,5->5:Exact,none; server owns swing cadence
307,5.050728,0.000000,AnimChoice,animator,true,0xF13000000604A273,,server,,unchecked,unchecked,none,8.4549,-2.8245046,-2.8245046,5,Run,3.0434241,,,,0->0:Exact,track=0 requested=0 played=0 kind=Exact base=5:Run clipB= blendWeight=0
308,5.067490,0.016762,Tick,live-sample,true,0xF13000000604A273,,server,,unchecked,unchecked,none,8.4549,-2.8245046,-2.8245046,0,Stand,0.016762,Run,3.0603201,0.005120933,0->0:Exact,none; server owns swing cadence
309,5.084772,0.017282,Tick,live-sample,true,0xF13000000604A273,,server,,unchecked,unchecked,none,8.4549,-2.8245046,-2.8245046,0,Stand,0.0340439,Run,3.0777402,0.020498037,0->0:Exact,none; server owns swing cadence
310,5.100941,0.016169,Tick,live-sample,true,0xF13000000604A273,,server,,unchecked,unchecked,none,8.4549,-2.8245046,-2.8245046,0,Stand,0.0502127,Run,3.0940382,0.04331827,0->0:Exact,none; server owns swing cadence
311,5.117490,0.016549,Tick,live-sample,true,0xF13000000604A273,,server,,unchecked,unchecked,none,8.4549,-2.8245046,-2.8245046,0,Stand,0.0667621,Run,3.1107202,0.07427299,0->0:Exact,none; server owns swing cadence
312,5.134259,0.016769,Tick,live-sample,true,0xF13000000604A273,,server,,unchecked,unchecked,none,8.4549,-2.8245046,-2.8245046,0,Stand,0.0835311,Run,3.1276233,0.11261344,0->0:Exact,none; server owns swing cadence
313,5.150749,0.016490,Tick,live-sample,true,0xF13000000604A273,,server,,unchecked,unchecked,none,8.4549,-2.8245046,-2.8245046,0,Stand,0.100020595,Run,3.1442447,0.15630782,0->0:Exact,none; server owns swing cadence
314,5.167567,0.016819,Tick,live-sample,true,0xF13000000604A273,,server,,unchecked,unchecked,none,8.4549,-2.8245046,-2.8245046,0,Stand,0.11683919,Run,3.161198,0.20611936,0->0:Exact,none; server owns swing cadence
315,5.184061,0.016494,Tick,live-sample,true,0xF13000000604A273,,server,,unchecked,unchecked,none,8.4549,-2.8245046,-2.8245046,0,Stand,0.13333309,Run,3.1778238,0.25925845,0->0:Exact,none; server owns swing cadence
316,5.200823,0.016762,Tick,live-sample,true,0xF13000000604A273,,server,,unchecked,unchecked,none,8.4549,-2.8245046,-2.8245046,0,Stand,0.15009528,Run,3.19472,0.31674123,0->0:Exact,none; server owns swing cadence
317,5.217334,0.016511,Tick,live-sample,true,0xF13000000604A273,,server,,unchecked,unchecked,none,8.4549,-2.8245046,-2.8245046,0,Stand,0.16660619,Run,3.211363,0.37593693,0->0:Exact,none; server owns swing cadence
318,5.234241,0.016907,Tick,live-sample,true,0xF13000000604A273,,server,,unchecked,unchecked,none,8.4549,-2.8245046,-2.8245046,0,Stand,0.18351309,Run,3.2284052,0.43831414,0->0:Exact,none; server owns swing cadence
319,5.250682,0.016440,Tick,live-sample,true,0xF13000000604A273,,server,,unchecked,unchecked,none,8.4549,-2.8245046,-2.8245046,0,Stand,0.19995359,Run,3.2449772,0.49982595,0->0:Exact,none; server owns swing cadence
320,5.267543,0.016861,Tick,live-sample,true,0xF13000000604A273,,server,,unchecked,unchecked,none,8.4549,-2.8245046,-2.8245046,0,Stand,0.21681498,Run,3.2619736,0.5629076,0->0:Exact,none; server owns swing cadence
321,5.284421,0.016879,Tick,live-sample,true,0xF13000000604A273,,server,,unchecked,unchecked,none,8.4549,-2.8245046,-2.8245046,0,Stand,0.23369348,Run,3.2789872,0.6251552,0->0:Exact,none; server owns swing cadence
322,5.301071,0.016650,Tick,live-sample,true,0xF13000000604A273,,server,,unchecked,unchecked,none,8.4549,-2.8245046,-2.8245046,0,Stand,0.25034338,Run,3.2957702,0.6848004,0->0:Exact,none; server owns swing cadence
323,5.317515,0.016444,Tick,live-sample,true,0xF13000000604A273,,server,,unchecked,unchecked,none,8.4549,-2.8245046,-2.8245046,0,Stand,0.26678747,Run,3.3123457,0.74114335,0->0:Exact,none; server owns swing cadence
324,5.334465,0.016949,Tick,live-sample,true,0xF13000000604A273,,server,,unchecked,unchecked,none,8.4549,-2.8245046,-2.8245046,0,Stand,0.28373656,Run,3.3294303,0.7956639,0->0:Exact,none; server owns swing cadence
325,5.351610,0.017145,Tick,live-sample,true,0xF13000000604A273,,server,,unchecked,unchecked,none,8.4549,-2.8245046,-2.8245046,0,Stand,0.30088195,Run,3.3467128,0.84622324,0->0:Exact,none; server owns swing cadence
326,5.367831,0.016221,Tick,live-sample,true,0xF13000000604A273,,server,,unchecked,unchecked,none,8.4549,-2.8245046,-2.8245046,0,Stand,0.31710345,Run,3.363064,0.88895476,0->0:Exact,none; server owns swing cadence
327,5.385049,0.017218,Tick,live-sample,true,0xF13000000604A273,,server,,unchecked,unchecked,none,8.4549,-2.8245046,-2.8245046,0,Stand,0.33432135,Run,3.3804197,0.92797214,0->0:Exact,none; server owns swing cadence
328,5.400879,0.015830,Tick,live-sample,true,0xF13000000604A273,,server,,unchecked,unchecked,none,8.4549,-2.8245046,-2.8245046,0,Stand,0.35015115,Run,3.3963761,0.95727897,0->0:Exact,none; server owns swing cadence
329,5.417745,0.016865,Tick,live-sample,true,0xF13000000604A273,,server,,unchecked,unchecked,none,8.4549,-2.8245046,-2.8245046,0,Stand,0.36701655,Run,3.4133766,0.98072314,0->0:Exact,none; server owns swing cadence
330,5.434287,0.016543,Tick,live-sample,true,0xF13000000604A273,,server,,unchecked,unchecked,none,8.4549,-2.8245046,-2.8245046,0,Stand,0.38355926,Run,3.4300516,0.9950708,0->0:Exact,none; server owns swing cadence
331,5.451102,0.016815,Tick,live-sample,true,0xF13000000604A273,,server,,unchecked,unchecked,none,8.4549,-2.8245046,-2.8245046,0,Stand,0.40037414,,,,0->0:Exact,none; server owns swing cadence
332,5.467758,0.016656,Tick,live-sample,true,0xF13000000604A273,,server,,unchecked,unchecked,none,8.4549,-2.8245046,-2.8245046,0,Stand,0.41703033,,,,0->0:Exact,none; server owns swing cadence
333,5.484635,0.016877,Tick,live-sample,true,0xF13000000604A273,,server,,unchecked,unchecked,none,8.4549,-2.8245046,-2.8245046,0,Stand,0.43390712,,,,0->0:Exact,none; server owns swing cadence
334,5.501093,0.016458,Tick,live-sample,true,0xF13000000604A273,,server,,unchecked,unchecked,none,8.4549,-2.8245046,-2.8245046,0,Stand,0.45036513,,,,0->0:Exact,none; server owns swing cadence
335,5.517867,0.016773,Tick,live-sample,true,0xF13000000604A273,,server,,unchecked,unchecked,none,8.4549,-2.8245046,-2.8245046,0,Stand,0.46713862,,,,0->0:Exact,none; server owns swing cadence
336,5.534627,0.016760,Tick,live-sample,true,0xF13000000604A273,,server,,unchecked,unchecked,none,8.4549,-2.8245046,-2.8245046,0,Stand,0.48389903,,,,0->0:Exact,none; server owns swing cadence
337,5.551067,0.016439,Tick,live-sample,true,0xF13000000604A273,,server,,unchecked,unchecked,none,8.4549,-2.8245046,-2.8245046,0,Stand,0.50033855,,,,0->0:Exact,none; server owns swing cadence
338,5.567785,0.016718,Tick,live-sample,true,0xF13000000604A273,,server,,unchecked,unchecked,none,8.4549,-2.8245046,-2.8245046,0,Stand,0.51705676,,,,0->0:Exact,none; server owns swing cadence
339,5.584802,0.017017,Tick,live-sample,true,0xF13000000604A273,,server,,unchecked,unchecked,none,8.4549,-2.8245046,-2.8245046,0,Stand,0.53407407,,,,0->0:Exact,none; server owns swing cadence
340,5.601187,0.016385,Tick,live-sample,true,0xF13000000604A273,,server,,unchecked,unchecked,none,8.4549,-2.8245046,-2.8245046,0,Stand,0.55045867,,,,0->0:Exact,none; server owns swing cadence
341,5.617837,0.016650,Tick,live-sample,true,0xF13000000604A273,,server,,unchecked,unchecked,none,8.4549,-2.8245046,-2.8245046,0,Stand,0.56710875,,,,0->0:Exact,none; server owns swing cadence
342,5.634492,0.016655,Tick,live-sample,true,0xF13000000604A273,,server,,unchecked,unchecked,none,8.4549,-2.8245046,-2.8245046,0,Stand,0.58376384,,,,0->0:Exact,none; server owns swing cadence
343,5.651516,0.017024,Tick,live-sample,true,0xF13000000604A273,,server,,unchecked,unchecked,none,8.4549,-2.8245046,-2.8245046,0,Stand,0.60078764,,,,0->0:Exact,none; server owns swing cadence
344,5.667861,0.016346,Tick,live-sample,true,0xF13000000604A273,,server,,unchecked,unchecked,none,8.4549,-2.8245046,-2.8245046,0,Stand,0.61713326,,,,0->0:Exact,none; server owns swing cadence
345,5.685254,0.017393,Tick,live-sample,true,0xF13000000604A273,,server,,unchecked,unchecked,none,8.4549,-2.8245046,-2.8245046,0,Stand,0.6345264,,,,0->0:Exact,none; server owns swing cadence
346,5.701273,0.016019,Tick,live-sample,true,0xF13000000604A273,,server,,unchecked,unchecked,none,8.4549,-2.8245046,-2.8245046,0,Stand,0.6505449,,,,0->0:Exact,none; server owns swing cadence
347,5.718000,0.016727,Tick,live-sample,true,0xF13000000604A273,,server,,unchecked,unchecked,none,8.4549,-2.8245046,-2.8245046,0,Stand,0.6672724,,,,0->0:Exact,none; server owns swing cadence
348,5.734642,0.016642,Tick,live-sample,true,0xF13000000604A273,,server,,unchecked,unchecked,none,8.4549,-2.8245046,-2.8245046,0,Stand,0.683914,,,,0->0:Exact,none; server owns swing cadence
349,5.751490,0.016848,Tick,live-sample,true,0xF13000000604A273,,server,,unchecked,unchecked,none,8.4549,-2.8245046,-2.8245046,0,Stand,0.7007619,,,,0->0:Exact,none; server owns swing cadence
350,5.768070,0.016580,Tick,live-sample,true,0xF13000000604A273,,server,,unchecked,unchecked,none,8.4549,-2.8245046,-2.8245046,0,Stand,0.717342,,,,0->0:Exact,none; server owns swing cadence
351,5.784620,0.016550,Tick,live-sample,true,0xF13000000604A273,,server,,unchecked,unchecked,none,8.4549,-2.8245046,-2.8245046,0,Stand,0.7338916,,,,0->0:Exact,none; server owns swing cadence
352,5.801344,0.016724,Tick,live-sample,true,0xF13000000604A273,,server,,unchecked,unchecked,none,8.4549,-2.8245046,-2.8245046,0,Stand,0.7506157,,,,0->0:Exact,none; server owns swing cadence
353,5.817906,0.016562,Tick,live-sample,true,0xF13000000604A273,,server,,unchecked,unchecked,none,8.4549,-2.8245046,-2.8245046,0,Stand,0.76717794,,,,0->0:Exact,none; server owns swing cadence
354,5.834684,0.016778,Tick,live-sample,true,0xF13000000604A273,,server,,unchecked,unchecked,none,8.4549,-2.8245046,-2.8245046,0,Stand,0.78395605,,,,0->0:Exact,none; server owns swing cadence
355,5.851188,0.016504,Tick,live-sample,true,0xF13000000604A273,,server,,unchecked,unchecked,none,8.4549,-2.8245046,-2.8245046,0,Stand,0.80045974,,,,0->0:Exact,none; server owns swing cadence
356,5.867967,0.016779,Tick,live-sample,true,0xF13000000604A273,,server,,unchecked,unchecked,none,8.4549,-2.8245046,-2.8245046,0,Stand,0.81723917,,,,0->0:Exact,none; server owns swing cadence
357,5.884669,0.016702,Tick,live-sample,true,0xF13000000604A273,,server,,unchecked,unchecked,none,8.4549,-2.8245046,-2.8245046,0,Stand,0.83394074,,,,0->0:Exact,none; server owns swing cadence
358,5.901361,0.016692,Tick,live-sample,true,0xF13000000604A273,,server,,unchecked,unchecked,none,8.4549,-2.8245046,-2.8245046,0,Stand,0.8506327,,,,0->0:Exact,none; server owns swing cadence
359,5.918043,0.016682,Tick,live-sample,true,0xF13000000604A273,,server,,unchecked,unchecked,none,8.4549,-2.8245046,-2.8245046,0,Stand,0.86731476,,,,0->0:Exact,none; server owns swing cadence
360,5.934595,0.016553,Tick,live-sample,true,0xF13000000604A273,,server,,unchecked,unchecked,none,8.4549,-2.8245046,-2.8245046,0,Stand,0.8838674,,,,0->0:Exact,none; server owns swing cadence
361,5.951328,0.016733,Tick,live-sample,true,0xF13000000604A273,,server,,unchecked,unchecked,none,8.4549,-2.8245046,-2.8245046,0,Stand,0.90060055,,,,0->0:Exact,none; server owns swing cadence
362,5.968192,0.016863,Tick,live-sample,true,0xF13000000604A273,,server,,unchecked,unchecked,none,8.4549,-2.8245046,-2.8245046,0,Stand,0.9174638,,,,0->0:Exact,none; server owns swing cadence
363,5.985804,0.017612,Tick,live-sample,true,0xF13000000604A273,,server,,unchecked,unchecked,none,8.4549,-2.8245046,-2.8245046,0,Stand,0.935076,,,,0->0:Exact,none; server owns swing cadence
364,6.001714,0.015910,Tick,live-sample,true,0xF13000000604A273,,server,,unchecked,unchecked,none,8.4549,-2.8245046,-2.8245046,0,Stand,0.9509858,,,,0->0:Exact,none; server owns swing cadence
365,6.018015,0.016301,Tick,live-sample,true,0xF13000000604A273,,server,,unchecked,unchecked,none,8.4549,-2.8245046,-2.8245046,0,Stand,0.967287,,,,0->0:Exact,none; server owns swing cadence
366,6.034774,0.016759,Tick,live-sample,true,0xF13000000604A273,,server,,unchecked,unchecked,none,8.4549,-2.8245046,-2.8245046,0,Stand,0.9840463,,,,0->0:Exact,none; server owns swing cadence
367,6.051659,0.016885,Tick,live-sample,true,0xF13000000604A273,,server,,unchecked,unchecked,none,8.4549,-2.8245046,-2.8245046,0,Stand,1.000931,,,,0->0:Exact,none; server owns swing cadence
368,6.068097,0.016438,Tick,live-sample,true,0xF13000000604A273,,server,,unchecked,unchecked,none,8.4549,-2.8245046,-2.8245046,0,Stand,1.0173687,,,,0->0:Exact,none; server owns swing cadence
369,6.084757,0.016661,Tick,live-sample,true,0xF13000000604A273,,server,,unchecked,unchecked,none,8.4549,-2.8245046,-2.8245046,0,Stand,1.0340292,,,,0->0:Exact,none; server owns swing cadence
370,6.101642,0.016885,Tick,live-sample,true,0xF13000000604A273,,server,,unchecked,unchecked,none,8.4549,-2.8245046,-2.8245046,0,Stand,1.0509139,,,,0->0:Exact,none; server owns swing cadence
371,6.118056,0.016414,Tick,live-sample,true,0xF13000000604A273,,server,,unchecked,unchecked,none,8.4549,-2.8245046,-2.8245046,0,Stand,1.067328,,,,0->0:Exact,none; server owns swing cadence
372,6.134921,0.016865,Tick,live-sample,true,0xF13000000604A273,,server,,unchecked,unchecked,none,8.4549,-2.8245046,-2.8245046,0,Stand,1.0841926,,,,0->0:Exact,none; server owns swing cadence
373,6.151727,0.016806,Tick,live-sample,true,0xF13000000604A273,,server,,unchecked,unchecked,none,8.4549,-2.8245046,-2.8245046,0,Stand,1.1009985,,,,0->0:Exact,none; server owns swing cadence
374,6.168475,0.016748,Tick,live-sample,true,0xF13000000604A273,,server,,unchecked,unchecked,none,8.4549,-2.8245046,-2.8245046,0,Stand,1.1177465,,,,0->0:Exact,none; server owns swing cadence
375,6.184883,0.016408,Tick,live-sample,true,0xF13000000604A273,,server,,unchecked,unchecked,none,8.4549,-2.8245046,-2.8245046,0,Stand,1.1341549,,,,0->0:Exact,none; server owns swing cadence
376,6.202084,0.017201,Tick,live-sample,true,0xF13000000604A273,,server,,unchecked,unchecked,none,8.4549,-2.8245046,-2.8245046,0,Stand,1.1513557,,,,0->0:Exact,none; server owns swing cadence
377,6.218215,0.016131,Tick,live-sample,true,0xF13000000604A273,,server,,unchecked,unchecked,none,8.4549,-2.8245046,-2.8245046,0,Stand,1.1674868,,,,0->0:Exact,none; server owns swing cadence
378,6.235051,0.016836,Tick,live-sample,true,0xF13000000604A273,,server,,unchecked,unchecked,none,8.4549,-2.8245046,-2.8245046,0,Stand,1.1843231,,,,0->0:Exact,none; server owns swing cadence
379,6.251747,0.016696,Tick,live-sample,true,0xF13000000604A273,,server,,unchecked,unchecked,none,8.4549,-2.8245046,-2.8245046,0,Stand,1.2010193,,,,0->0:Exact,none; server owns swing cadence
380,6.268765,0.017018,Tick,live-sample,true,0xF13000000604A273,,server,,unchecked,unchecked,none,8.4549,-2.8245046,-2.8245046,0,Stand,1.2180368,,,,0->0:Exact,none; server owns swing cadence
381,6.285896,0.017131,Tick,live-sample,true,0xF13000000604A273,,server,,unchecked,unchecked,none,8.4549,-2.8245046,-2.8245046,0,Stand,1.2351676,,,,0->0:Exact,none; server owns swing cadence
382,6.301622,0.015726,Tick,live-sample,true,0xF13000000604A273,,server,,unchecked,unchecked,none,8.4549,-2.8245046,-2.8245046,0,Stand,1.2508941,,,,0->0:Exact,none; server owns swing cadence
383,6.318482,0.016860,Tick,live-sample,true,0xF13000000604A273,,server,,unchecked,unchecked,none,8.4549,-2.8245046,-2.8245046,0,Stand,1.2677544,,,,0->0:Exact,none; server owns swing cadence
384,6.335150,0.016667,Tick,live-sample,true,0xF13000000604A273,,server,,unchecked,unchecked,none,8.4549,-2.8245046,-2.8245046,0,Stand,1.2844216,,,,0->0:Exact,none; server owns swing cadence
385,6.351811,0.016662,Tick,live-sample,true,0xF13000000604A273,,server,,unchecked,unchecked,none,8.4549,-2.8245046,-2.8245046,0,Stand,1.3010834,,,,0->0:Exact,none; server owns swing cadence
386,6.368490,0.016679,Tick,live-sample,true,0xF13000000604A273,,server,,unchecked,unchecked,none,8.4549,-2.8245046,-2.8245046,0,Stand,1.3177624,,,,0->0:Exact,none; server owns swing cadence
387,6.385265,0.016775,Tick,live-sample,true,0xF13000000604A273,,server,,unchecked,unchecked,none,8.4549,-2.8245046,-2.8245046,0,Stand,1.334537,,,,0->0:Exact,none; server owns swing cadence
388,6.401885,0.016620,Tick,live-sample,true,0xF13000000604A273,,server,,unchecked,unchecked,none,8.4549,-2.8245046,-2.8245046,0,Stand,1.3511568,,,,0->0:Exact,none; server owns swing cadence
389,6.418658,0.016774,Tick,live-sample,true,0xF13000000604A273,,server,,unchecked,unchecked,none,8.4549,-2.8245046,-2.8245046,0,Stand,1.3679304,,,,0->0:Exact,none; server owns swing cadence
390,6.435422,0.016764,Tick,live-sample,true,0xF13000000604A273,,server,,unchecked,unchecked,none,8.4549,-2.8245046,-2.8245046,0,Stand,1.384694,,,,0->0:Exact,none; server owns swing cadence
391,6.451805,0.016383,Tick,live-sample,true,0xF13000000604A273,,server,,unchecked,unchecked,none,8.4549,-2.8245046,-2.8245046,0,Stand,1.4010774,,,,0->0:Exact,none; server owns swing cadence
392,6.468750,0.016944,Tick,live-sample,true,0xF13000000604A273,,server,,unchecked,unchecked,none,8.4549,-2.8245046,-2.8245046,0,Stand,1.4180216,,,,0->0:Exact,none; server owns swing cadence
393,6.485196,0.016446,Tick,live-sample,true,0xF13000000604A273,,server,,unchecked,unchecked,none,8.4549,-2.8245046,-2.8245046,0,Stand,1.4344676,,,,0->0:Exact,none; server owns swing cadence
394,6.501921,0.016725,Tick,live-sample,true,0xF13000000604A273,,server,,unchecked,unchecked,none,8.4549,-2.8245046,-2.8245046,0,Stand,1.4511925,,,,0->0:Exact,none; server owns swing cadence
395,6.518556,0.016636,Tick,live-sample,true,0xF13000000604A273,,server,,unchecked,unchecked,none,8.4549,-2.8245046,-2.8245046,0,Stand,1.4678282,,,,0->0:Exact,none; server owns swing cadence
396,6.535221,0.016665,Tick,live-sample,true,0xF13000000604A273,,server,,unchecked,unchecked,none,8.4549,-2.8245046,-2.8245046,0,Stand,1.4844933,,,,0->0:Exact,none; server owns swing cadence
397,6.551946,0.016725,Tick,live-sample,true,0xF13000000604A273,,server,,unchecked,unchecked,none,8.4549,-2.8245046,-2.8245046,0,Stand,1.5012178,,,,0->0:Exact,none; server owns swing cadence
398,6.568667,0.016721,Tick,live-sample,true,0xF13000000604A273,,server,,unchecked,unchecked,none,8.4549,-2.8245046,-2.8245046,0,Stand,1.5179389,,,,0->0:Exact,none; server owns swing cadence
399,6.586146,0.017479,Tick,live-sample,true,0xF13000000604A273,,server,,unchecked,unchecked,none,8.4549,-2.8245046,-2.8245046,0,Stand,1.5354178,,,,0->0:Exact,none; server owns swing cadence
400,6.601960,0.015814,Tick,live-sample,true,0xF13000000604A273,,server,,unchecked,unchecked,none,8.4549,-2.8245046,-2.8245046,0,Stand,1.5512317,,,,0->0:Exact,none; server owns swing cadence
401,6.618657,0.016697,Tick,live-sample,true,0xF13000000604A273,,server,,unchecked,unchecked,none,8.4549,-2.8245046,-2.8245046,0,Stand,1.5679288,,,,0->0:Exact,none; server owns swing cadence
402,6.635370,0.016713,Tick,live-sample,true,0xF13000000604A273,,server,,unchecked,unchecked,none,8.4549,-2.8245046,-2.8245046,0,Stand,1.5846419,,,,0->0:Exact,none; server owns swing cadence
403,6.652118,0.016748,Tick,live-sample,true,0xF13000000604A273,,server,,unchecked,unchecked,none,8.4549,-2.8245046,-2.8245046,0,Stand,1.6013899,,,,0->0:Exact,none; server owns swing cadence
404,6.668802,0.016684,Tick,live-sample,true,0xF13000000604A273,,server,,unchecked,unchecked,none,8.4549,-2.8245046,-2.8245046,0,Stand,1.6180738,,,,0->0:Exact,none; server owns swing cadence
405,6.685294,0.016492,Tick,live-sample,true,0xF13000000604A273,,server,,unchecked,unchecked,none,8.4549,-2.8245046,-2.8245046,0,Stand,1.6345655,,,,0->0:Exact,none; server owns swing cadence
406,6.702078,0.016785,Tick,live-sample,true,0xF13000000604A273,,server,,unchecked,unchecked,none,8.4549,-2.8245046,-2.8245046,0,Stand,1.6513503,,,,0->0:Exact,none; server owns swing cadence
407,6.718846,0.016767,Tick,live-sample,true,0xF13000000604A273,,server,,unchecked,unchecked,none,8.4549,-2.8245046,-2.8245046,0,Stand,1.6681178,,,,0->0:Exact,none; server owns swing cadence
408,6.735464,0.016618,Tick,live-sample,true,0xF13000000604A273,,server,,unchecked,unchecked,none,8.4549,-2.8245046,-2.8245046,0,Stand,1.6847363,,,,0->0:Exact,none; server owns swing cadence
409,6.752105,0.016640,Tick,live-sample,true,0xF13000000604A273,,server,,unchecked,unchecked,none,8.4549,-2.8245046,-2.8245046,0,Stand,1.7013766,,,,0->0:Exact,none; server owns swing cadence
410,6.768843,0.016738,Tick,live-sample,true,0xF13000000604A273,,server,,unchecked,unchecked,none,8.4549,-2.8245046,-2.8245046,0,Stand,1.7181146,,,,0->0:Exact,none; server owns swing cadence
411,6.785519,0.016676,Tick,live-sample,true,0xF13000000604A273,,server,,unchecked,unchecked,none,8.4549,-2.8245046,-2.8245046,0,Stand,1.7347909,,,,0->0:Exact,none; server owns swing cadence
412,6.802121,0.016602,Tick,live-sample,true,0xF13000000604A273,,server,,unchecked,unchecked,none,8.4549,-2.8245046,-2.8245046,0,Stand,1.7513925,,,,0->0:Exact,none; server owns swing cadence
413,6.818968,0.016848,Tick,live-sample,true,0xF13000000604A273,,server,,unchecked,unchecked,none,8.4549,-2.8245046,-2.8245046,0,Stand,1.7682403,,,,0->0:Exact,none; server owns swing cadence
414,6.835538,0.016570,Tick,live-sample,true,0xF13000000604A273,,server,,unchecked,unchecked,none,8.4549,-2.8245046,-2.8245046,0,Stand,1.7848102,,,,0->0:Exact,none; server owns swing cadence
415,6.852311,0.016772,Tick,live-sample,true,0xF13000000604A273,,server,,unchecked,unchecked,none,8.4549,-2.8245046,-2.8245046,0,Stand,1.8015825,,,,0->0:Exact,none; server owns swing cadence
416,6.868966,0.016656,Tick,live-sample,true,0xF13000000604A273,,server,,unchecked,unchecked,none,8.4549,-2.8245046,-2.8245046,0,Stand,1.818238,,,,0->0:Exact,none; server owns swing cadence
417,6.886275,0.017309,Tick,live-sample,true,0xF13000000604A273,,server,,unchecked,unchecked,none,8.4549,-2.8245046,-2.8245046,0,Stand,1.8355467,,,,0->0:Exact,none; server owns swing cadence
418,6.902402,0.016128,Tick,live-sample,true,0xF13000000604A273,,server,,unchecked,unchecked,none,8.4549,-2.8245046,-2.8245046,0,Stand,1.8516742,,,,0->0:Exact,none; server owns swing cadence
419,6.919059,0.016656,Tick,live-sample,true,0xF13000000604A273,,server,,unchecked,unchecked,none,8.4549,-2.8245046,-2.8245046,0,Stand,1.8683306,,,,0->0:Exact,none; server owns swing cadence
420,6.935608,0.016549,Tick,live-sample,true,0xF13000000604A273,,server,,unchecked,unchecked,none,8.4549,-2.8245046,-2.8245046,0,Stand,1.8848794,,,,0->0:Exact,none; server owns swing cadence
421,6.952225,0.016618,Tick,live-sample,true,0xF13000000604A273,,server,,unchecked,unchecked,none,8.4549,-2.8245046,-2.8245046,0,Stand,1.901497,,,,0->0:Exact,none; server owns swing cadence
422,6.969024,0.016799,Tick,live-sample,true,0xF13000000604A273,,server,,unchecked,unchecked,none,8.4549,-2.8245046,-2.8245046,0,Stand,1.9182962,,,,0->0:Exact,none; server owns swing cadence
423,6.985620,0.016595,Tick,live-sample,true,0xF13000000604A273,,server,,unchecked,unchecked,none,8.4549,-2.8245046,-2.8245046,0,Stand,1.9348915,,,,0->0:Exact,none; server owns swing cadence
424,7.002300,0.016680,Tick,live-sample,true,0xF13000000604A273,,server,,unchecked,unchecked,none,8.4549,-2.8245046,-2.8245046,0,Stand,1.9515717,,,,0->0:Exact,none; server owns swing cadence
425,7.019116,0.016816,Tick,live-sample,true,0xF13000000604A273,,server,,unchecked,unchecked,none,8.4549,-2.8245046,-2.8245046,0,Stand,1.968388,,,,0->0:Exact,none; server owns swing cadence
426,7.035749,0.016633,Tick,live-sample,true,0xF13000000604A273,,server,,unchecked,unchecked,none,8.4549,-2.8245046,-2.8245046,0,Stand,1.9850211,,,,0->0:Exact,none; server owns swing cadence
427,7.052312,0.016562,Tick,live-sample,true,0xF13000000604A273,,server,,unchecked,unchecked,none,8.4549,-2.8245046,-2.8245046,0,Stand,2.0015833,,,,0->0:Exact,none; server owns swing cadence
428,7.069052,0.016740,Tick,live-sample,true,0xF13000000604A273,,server,,unchecked,unchecked,none,8.4549,-2.8245046,-2.8245046,0,Stand,2.0183237,,,,0->0:Exact,none; server owns swing cadence
429,7.085953,0.016901,Tick,live-sample,true,0xF13000000604A273,,server,,unchecked,unchecked,none,8.4549,-2.8245046,-2.8245046,0,Stand,2.0352247,,,,0->0:Exact,none; server owns swing cadence
430,7.102605,0.016652,Tick,live-sample,true,0xF13000000604A273,,server,,unchecked,unchecked,none,8.4549,-2.8245046,-2.8245046,0,Stand,2.0518765,,,,0->0:Exact,none; server owns swing cadence
431,7.119254,0.016649,Tick,live-sample,true,0xF13000000604A273,,server,,unchecked,unchecked,none,8.4549,-2.8245046,-2.8245046,0,Stand,2.068526,,,,0->0:Exact,none; server owns swing cadence
432,7.135679,0.016424,Tick,live-sample,true,0xF13000000604A273,,server,,unchecked,unchecked,none,8.4549,-2.8245046,-2.8245046,0,Stand,2.0849502,,,,0->0:Exact,none; server owns swing cadence
433,7.152319,0.016640,Tick,live-sample,true,0xF13000000604A273,,server,,unchecked,unchecked,none,8.4549,-2.8245046,-2.8245046,0,Stand,2.1015902,,,,0->0:Exact,none; server owns swing cadence
434,7.169000,0.016681,Tick,live-sample,true,0xF13000000604A273,,server,,unchecked,unchecked,none,8.4549,-2.8245046,-2.8245046,0,Stand,2.1182714,,,,0->0:Exact,none; server owns swing cadence
435,7.186412,0.017412,Tick,live-sample,true,0xF13000000604A273,,server,,unchecked,unchecked,none,8.4549,-2.8245046,-2.8245046,0,Stand,2.1356833,,,,0->0:Exact,none; server owns swing cadence
436,7.202252,0.015841,Tick,live-sample,true,0xF13000000604A273,,server,,unchecked,unchecked,none,8.4549,-2.8245046,-2.8245046,0,Stand,2.151524,,,,0->0:Exact,none; server owns swing cadence
437,7.219265,0.017013,Tick,live-sample,true,0xF13000000604A273,,server,,unchecked,unchecked,none,8.4549,-2.8245046,-2.8245046,0,Stand,2.1685371,,,,0->0:Exact,none; server owns swing cadence
438,7.235826,0.016560,Tick,live-sample,true,0xF13000000604A273,,server,,unchecked,unchecked,none,8.4549,-2.8245046,-2.8245046,0,Stand,2.1850975,,,,0->0:Exact,none; server owns swing cadence
439,7.252605,0.016780,Tick,live-sample,true,0xF13000000604A273,,server,,unchecked,unchecked,none,8.4549,-2.8245046,-2.8245046,0,Stand,2.201877,,,,0->0:Exact,none; server owns swing cadence
440,7.269533,0.016927,Tick,live-sample,true,0xF13000000604A273,,server,,unchecked,unchecked,none,8.4549,-2.8245046,-2.8245046,0,Stand,2.2188044,,,,0->0:Exact,none; server owns swing cadence
441,7.285823,0.016291,Tick,live-sample,true,0xF13000000604A273,,server,,unchecked,unchecked,none,8.4549,-2.8245046,-2.8245046,0,Stand,2.2350953,,,,0->0:Exact,none; server owns swing cadence
442,7.302507,0.016684,Tick,live-sample,true,0xF13000000604A273,,server,,unchecked,unchecked,none,8.4549,-2.8245046,-2.8245046,0,Stand,2.2517793,,,,0->0:Exact,none; server owns swing cadence
443,7.319210,0.016703,Tick,live-sample,true,0xF13000000604A273,,server,,unchecked,unchecked,none,8.4549,-2.8245046,-2.8245046,0,Stand,2.268482,,,,0->0:Exact,none; server owns swing cadence
444,7.335837,0.016627,Tick,live-sample,true,0xF13000000604A273,,server,,unchecked,unchecked,none,8.4549,-2.8245046,-2.8245046,0,Stand,2.2851088,,,,0->0:Exact,none; server owns swing cadence
445,7.352513,0.016676,Tick,live-sample,true,0xF13000000604A273,,server,,unchecked,unchecked,none,8.4549,-2.8245046,-2.8245046,0,Stand,2.301785,,,,0->0:Exact,none; server owns swing cadence
446,7.369403,0.016890,Tick,live-sample,true,0xF13000000604A273,,server,,unchecked,unchecked,none,8.4549,-2.8245046,-2.8245046,0,Stand,2.3186748,,,,0->0:Exact,none; server owns swing cadence
447,7.386042,0.016640,Tick,live-sample,true,0xF13000000604A273,,server,,unchecked,unchecked,none,8.4549,-2.8245046,-2.8245046,0,Stand,2.3353145,,,,0->0:Exact,none; server owns swing cadence
448,7.402789,0.016746,Tick,live-sample,true,0xF13000000604A273,,server,,unchecked,unchecked,none,8.4549,-2.8245046,-2.8245046,0,Stand,2.3520608,,,,0->0:Exact,none; server owns swing cadence
449,7.419241,0.016452,Tick,live-sample,true,0xF13000000604A273,,server,,unchecked,unchecked,none,8.4549,-2.8245046,-2.8245046,0,Stand,2.3685129,,,,0->0:Exact,none; server owns swing cadence
450,7.436144,0.016903,Tick,live-sample,true,0xF13000000604A273,,server,,unchecked,unchecked,none,8.4549,-2.8245046,-2.8245046,0,Stand,2.3854163,,,,0->0:Exact,none; server owns swing cadence
451,7.452732,0.016588,Tick,live-sample,true,0xF13000000604A273,,server,,unchecked,unchecked,none,8.4549,-2.8245046,-2.8245046,0,Stand,2.4020038,,,,0->0:Exact,none; server owns swing cadence
452,7.469465,0.016733,Tick,live-sample,true,0xF13000000604A273,,server,,unchecked,unchecked,none,8.4549,-2.8245046,-2.8245046,0,Stand,2.4187367,,,,0->0:Exact,none; server owns swing cadence
453,7.486630,0.017165,Tick,live-sample,true,0xF13000000604A273,,server,,unchecked,unchecked,none,8.4549,-2.8245046,-2.8245046,0,Stand,2.4359016,,,,0->0:Exact,none; server owns swing cadence
454,7.502611,0.015981,Tick,live-sample,true,0xF13000000604A273,,server,,unchecked,unchecked,none,8.4549,-2.8245046,-2.8245046,0,Stand,2.4518828,,,,0->0:Exact,none; server owns swing cadence
455,7.519281,0.016670,Tick,live-sample,true,0xF13000000604A273,,server,,unchecked,unchecked,none,8.4549,-2.8245046,-2.8245046,0,Stand,2.4685528,,,,0->0:Exact,none; server owns swing cadence
456,7.536001,0.016720,Tick,live-sample,true,0xF13000000604A273,,server,,unchecked,unchecked,none,8.4549,-2.8245046,-2.8245046,0,Stand,2.4852726,,,,0->0:Exact,none; server owns swing cadence
457,7.552991,0.016991,Tick,live-sample,true,0xF13000000604A273,,server,,unchecked,unchecked,none,8.4549,-2.8245046,-2.8245046,0,Stand,2.5022633,,,,0->0:Exact,none; server owns swing cadence
458,7.569411,0.016420,Tick,live-sample,true,0xF13000000604A273,,server,,unchecked,unchecked,none,8.4549,-2.8245046,-2.8245046,0,Stand,2.5186832,,,,0->0:Exact,none; server owns swing cadence
459,7.586238,0.016827,Tick,live-sample,true,0xF13000000604A273,,server,,unchecked,unchecked,none,8.4549,-2.8245046,-2.8245046,0,Stand,2.53551,,,,0->0:Exact,none; server owns swing cadence
460,7.602714,0.016476,Tick,live-sample,true,0xF13000000604A273,,server,,unchecked,unchecked,none,8.4549,-2.8245046,-2.8245046,0,Stand,2.5519862,,,,0->0:Exact,none; server owns swing cadence
461,7.619385,0.016670,Tick,live-sample,true,0xF13000000604A273,,server,,unchecked,unchecked,none,8.4549,-2.8245046,-2.8245046,0,Stand,2.5686567,,,,0->0:Exact,none; server owns swing cadence
462,7.636420,0.017036,Tick,live-sample,true,0xF13000000604A273,,server,,unchecked,unchecked,none,8.4549,-2.8245046,-2.8245046,0,Stand,2.5856922,,,,0->0:Exact,none; server owns swing cadence
463,7.652729,0.016309,Tick,live-sample,true,0xF13000000604A273,,server,,unchecked,unchecked,none,8.4549,-2.8245046,-2.8245046,0,Stand,2.6020014,,,,0->0:Exact,none; server owns swing cadence
464,7.669489,0.016760,Tick,live-sample,true,0xF13000000604A273,,server,,unchecked,unchecked,none,8.4549,-2.8245046,-2.8245046,0,Stand,2.618761,,,,0->0:Exact,none; server owns swing cadence
465,7.686132,0.016643,Tick,live-sample,true,0xF13000000604A273,,server,,unchecked,unchecked,none,8.4549,-2.8245046,-2.8245046,0,Stand,2.6354036,,,,0->0:Exact,none; server owns swing cadence
466,7.702886,0.016754,Tick,live-sample,true,0xF13000000604A273,,server,,unchecked,unchecked,none,8.4549,-2.8245046,-2.8245046,0,Stand,2.6521575,,,,0->0:Exact,none; server owns swing cadence
467,7.719773,0.016887,Tick,live-sample,true,0xF13000000604A273,,server,,unchecked,unchecked,none,8.4549,-2.8245046,-2.8245046,0,Stand,2.6690447,,,,0->0:Exact,none; server owns swing cadence
468,7.736304,0.016531,Tick,live-sample,true,0xF13000000604A273,,server,,unchecked,unchecked,none,8.4549,-2.8245046,-2.8245046,0,Stand,2.6855755,,,,0->0:Exact,none; server owns swing cadence
469,7.752869,0.016565,Tick,live-sample,true,0xF13000000604A273,,server,,unchecked,unchecked,none,8.4549,-2.8245046,-2.8245046,0,Stand,2.7021408,,,,0->0:Exact,none; server owns swing cadence
470,7.769512,0.016643,Tick,live-sample,true,0xF13000000604A273,,server,,unchecked,unchecked,none,8.4549,-2.8245046,-2.8245046,0,Stand,2.7187836,,,,0->0:Exact,none; server owns swing cadence
471,7.787474,0.017962,Tick,live-sample,true,0xF13000000604A273,,server,,unchecked,unchecked,none,8.4549,-2.8245046,-2.8245046,0,Stand,2.736746,,,,0->0:Exact,none; server owns swing cadence
472,7.802841,0.015367,Tick,live-sample,true,0xF13000000604A273,,server,,unchecked,unchecked,none,8.4549,-2.8245046,-2.8245046,0,Stand,2.752113,,,,0->0:Exact,none; server owns swing cadence
473,7.819645,0.016804,Tick,live-sample,true,0xF13000000604A273,,server,,unchecked,unchecked,none,8.4549,-2.8245046,-2.8245046,0,Stand,2.768917,,,,0->0:Exact,none; server owns swing cadence
474,7.836110,0.016465,Tick,live-sample,true,0xF13000000604A273,,server,,unchecked,unchecked,none,8.4549,-2.8245046,-2.8245046,0,Stand,2.7853818,,,,0->0:Exact,none; server owns swing cadence
475,7.852985,0.016875,Tick,live-sample,true,0xF13000000604A273,,server,,unchecked,unchecked,none,8.4549,-2.8245046,-2.8245046,0,Stand,2.802257,,,,0->0:Exact,none; server owns swing cadence
476,7.869676,0.016691,Tick,live-sample,true,0xF13000000604A273,,server,,unchecked,unchecked,none,8.4549,-2.8245046,-2.8245046,0,Stand,2.818948,,,,0->0:Exact,none; server owns swing cadence
477,7.886296,0.016619,Tick,live-sample,true,0xF13000000604A273,,server,,unchecked,unchecked,none,8.4549,-2.8245046,-2.8245046,0,Stand,2.8355672,,,,0->0:Exact,none; server owns swing cadence
478,7.903097,0.016801,Tick,live-sample,true,0xF13000000604A273,,server,,unchecked,unchecked,none,8.4549,-2.8245046,-2.8245046,0,Stand,2.8523686,,,,0->0:Exact,none; server owns swing cadence
479,7.919639,0.016542,Tick,live-sample,true,0xF13000000604A273,,server,,unchecked,unchecked,none,8.4549,-2.8245046,-2.8245046,0,Stand,2.8689108,,,,0->0:Exact,none; server owns swing cadence
480,7.936258,0.016619,Tick,live-sample,true,0xF13000000604A273,,server,,unchecked,unchecked,none,8.4549,-2.8245046,-2.8245046,0,Stand,2.8855293,,,,0->0:Exact,none; server owns swing cadence
481,7.953009,0.016751,Tick,live-sample,true,0xF13000000604A273,,server,,unchecked,unchecked,none,8.4549,-2.8245046,-2.8245046,0,Stand,2.9022803,,,,0->0:Exact,none; server owns swing cadence
482,7.969773,0.016764,Tick,live-sample,true,0xF13000000604A273,,server,,unchecked,unchecked,none,8.4549,-2.8245046,-2.8245046,0,Stand,2.9190445,,,,0->0:Exact,none; server owns swing cadence
483,7.986339,0.016566,Tick,live-sample,true,0xF13000000604A273,,server,,unchecked,unchecked,none,8.4549,-2.8245046,-2.8245046,0,Stand,2.93561,,,,0->0:Exact,none; server owns swing cadence
484,8.002955,0.016617,Tick,live-sample,true,0xF13000000604A273,,server,,unchecked,unchecked,none,8.4549,-2.8245046,-2.8245046,0,Stand,2.9522266,,,,0->0:Exact,none; server owns swing cadence
485,8.019926,0.016970,Tick,live-sample,true,0xF13000000604A273,,server,,unchecked,unchecked,none,8.4549,-2.8245046,-2.8245046,0,Stand,2.969197,,,,0->0:Exact,none; server owns swing cadence
486,8.036500,0.016575,Tick,live-sample,true,0xF13000000604A273,,server,,unchecked,unchecked,none,8.4549,-2.8245046,-2.8245046,0,Stand,2.9857717,,,,0->0:Exact,none; server owns swing cadence
487,8.053271,0.016771,Tick,live-sample,true,0xF13000000604A273,,server,,unchecked,unchecked,none,8.4549,-2.8245046,-2.8245046,0,Stand,3.002543,,,,0->0:Exact,none; server owns swing cadence
488,8.070022,0.016750,Tick,live-sample,true,0xF13000000604A273,,server,,unchecked,unchecked,none,8.487168,-2.8277059,-2.8277059,0,Stand,3.0192933,,,,0->0:Exact,none; server owns swing cadence
489,8.087085,0.017064,Tick,live-sample,true,0xF13000000604A273,,server,,unchecked,unchecked,none,8.520495,-2.8308723,-2.8308723,0,Stand,3.036357,,,,0->0:Exact,none; server owns swing cadence
490,8.103556,0.016471,Tick,live-sample,true,0xF13000000604A273,,server,,unchecked,unchecked,none,8.550796,-2.8338428,-2.8338428,0,Stand,3.052828,,,,0->0:Exact,none; server owns swing cadence
491,8.119786,0.016230,Tick,live-sample,true,0xF13000000604A273,,server,,unchecked,unchecked,none,8.583317,-2.8369749,-2.8369749,0,Stand,3.0690577,,,,0->0:Exact,none; server owns swing cadence
492,8.136451,0.016665,Tick,live-sample,true,0xF13000000604A273,,server,,unchecked,unchecked,none,8.61474,-2.839889,-2.839889,0,Stand,3.0857227,,,,0->0:Exact,none; server owns swing cadence
493,8.153054,0.016603,Tick,live-sample,true,0xF13000000604A273,,server,,unchecked,unchecked,none,8.647422,-2.842975,-2.842975,0,Stand,3.1023254,,,,0->0:Exact,none; server owns swing cadence
494,8.170348,0.017294,Tick,live-sample,true,0xF13000000604A273,,server,,unchecked,unchecked,none,8.681152,-2.8460221,-2.8460221,0,Stand,3.1196198,,,,0->0:Exact,none; server owns swing cadence
495,8.186906,0.016557,Tick,live-sample,true,0xF13000000604A273,,server,,unchecked,unchecked,none,8.713997,-2.8490615,-2.8490615,0,Stand,3.136177,,,,0->0:Exact,none; server owns swing cadence
496,8.203330,0.016425,Tick,live-sample,true,0xF13000000604A273,,server,,unchecked,unchecked,none,8.744752,-2.8519027,-2.8519027,0,Stand,3.1526017,,,,0->0:Exact,none; server owns swing cadence
497,8.219980,0.016650,Tick,live-sample,true,0xF13000000604A273,,server,,unchecked,unchecked,none,8.778718,-2.8548834,-2.8548834,0,Stand,3.1692514,,,,0->0:Exact,none; server owns swing cadence
498,8.236675,0.016695,Tick,live-sample,true,0xF13000000604A273,,server,,unchecked,unchecked,none,8.811791,-2.8578544,-2.8578544,0,Stand,3.185946,,,,0->0:Exact,none; server owns swing cadence
499,8.253511,0.016836,Tick,live-sample,true,0xF13000000604A273,,server,,unchecked,unchecked,none,8.842765,-2.860635,-2.860635,0,Stand,3.202782,,,,0->0:Exact,none; server owns swing cadence
500,8.270141,0.016631,Tick,live-sample,true,0xF13000000604A273,,server,,unchecked,unchecked,none,8.876955,-2.8635476,-2.8635476,0,Stand,3.2194123,,,,0->0:Exact,none; server owns swing cadence
501,8.286836,0.016695,Tick,live-sample,true,0xF13000000604A273,,server,,unchecked,unchecked,none,8.910255,-2.866455,-2.866455,0,Stand,3.2361073,,,,0->0:Exact,none; server owns swing cadence
502,8.303297,0.016461,Tick,live-sample,true,0xF13000000604A273,,server,,unchecked,unchecked,none,8.942402,-2.8691576,-2.8691576,0,Stand,3.2525682,,,,0->0:Exact,none; server owns swing cadence
503,8.319993,0.016696,Tick,live-sample,true,0xF13000000604A273,,server,,unchecked,unchecked,none,8.975846,-2.872023,-2.872023,0,Stand,3.269264,,,,0->0:Exact,none; server owns swing cadence
504,8.336661,0.016668,Tick,live-sample,true,0xF13000000604A273,,server,,unchecked,unchecked,none,9.009361,-2.8748655,-2.8748655,0,Stand,3.2859316,,,,0->0:Exact,none; server owns swing cadence
505,8.353335,0.016675,Tick,live-sample,true,0xF13000000604A273,,server,,unchecked,unchecked,none,9.041711,-2.87751,-2.87751,0,Stand,3.3026066,,,,0->0:Exact,none; server owns swing cadence
506,8.370208,0.016873,Tick,live-sample,true,0xF13000000604A273,,server,,unchecked,unchecked,none,9.075365,-2.8803117,-2.8803117,0,Stand,3.3194792,,,,0->0:Exact,none; server owns swing cadence
507,8.387646,0.017438,Tick,live-sample,true,0xF13000000604A273,,server,,unchecked,unchecked,none,9.111303,-2.8832517,-2.8832517,0,Stand,3.336917,,,,0->0:Exact,none; server owns swing cadence
508,8.403676,0.016030,Tick,live-sample,true,0xF13000000604A273,,server,,unchecked,unchecked,none,9.143852,-2.8858368,-2.8858368,0,Stand,3.352947,,,,0->0:Exact,none; server owns swing cadence
509,8.420123,0.016447,Tick,live-sample,true,0xF13000000604A273,,server,,unchecked,unchecked,none,9.175497,-2.8884215,-2.8884215,0,Stand,3.3693943,,,,0->0:Exact,none; server owns swing cadence
510,8.436744,0.016621,Tick,live-sample,true,0xF13000000604A273,,server,,unchecked,unchecked,none,9.209426,-2.8911421,-2.8911421,0,Stand,3.3860154,,,,0->0:Exact,none; server owns swing cadence
511,8.453355,0.016610,Tick,live-sample,true,0xF13000000604A273,,server,,unchecked,unchecked,none,9.242158,-2.8936722,-2.8936722,0,Stand,3.4026258,,,,0->0:Exact,none; server owns swing cadence
512,8.470157,0.016803,Tick,live-sample,true,0xF13000000604A273,,server,,unchecked,unchecked,none,9.276217,-2.8963542,-2.8963542,0,Stand,3.4194283,,,,0->0:Exact,none; server owns swing cadence
513,8.487058,0.016901,Tick,live-sample,true,0xF13000000604A273,,server,,unchecked,unchecked,none,9.310342,-2.8990164,-2.8990164,0,Stand,3.436329,,,,0->0:Exact,none; server owns swing cadence
514,8.503491,0.016433,Tick,live-sample,true,0xF13000000604A273,,server,,unchecked,unchecked,none,9.343256,-2.9014914,-2.9014914,0,Stand,3.4527621,,,,0->0:Exact,none; server owns swing cadence
515,8.520236,0.016745,Tick,live-sample,true,0xF13000000604A273,,server,,unchecked,unchecked,none,9.37751,-2.9041173,-2.9041173,0,Stand,3.469507,,,,0->0:Exact,none; server owns swing cadence
516,8.537015,0.016779,Tick,live-sample,true,0xF13000000604A273,,server,,unchecked,unchecked,none,9.412786,-2.9067037,-2.9067037,0,Stand,3.4862862,,,,0->0:Exact,none; server owns swing cadence
517,8.553726,0.016710,Tick,live-sample,true,0xF13000000604A273,,server,,unchecked,unchecked,none,9.447165,-2.90929,-2.90929,0,Stand,3.5029964,,,,0->0:Exact,none; server owns swing cadence
518,8.570264,0.016539,Tick,live-sample,true,0xF13000000604A273,,server,,unchecked,unchecked,none,9.479354,-2.911713,-2.911713,0,Stand,3.519535,,,,0->0:Exact,none; server owns swing cadence
519,8.586921,0.016657,Tick,live-sample,true,0xF13000000604A273,,server,,unchecked,unchecked,none,9.514812,-2.9142432,-2.9142432,0,Stand,3.536192,,,,0->0:Exact,none; server owns swing cadence
520,8.603614,0.016692,Tick,live-sample,true,0xF13000000604A273,,server,,unchecked,unchecked,none,9.5493765,-2.9167762,-2.9167762,0,Stand,3.5528843,,,,0->0:Exact,none; server owns swing cadence
521,8.620290,0.016676,Tick,live-sample,true,0xF13000000604A273,,server,,unchecked,unchecked,none,9.582691,-2.9191263,-2.9191263,0,Stand,3.5695605,,,,0->0:Exact,none; server owns swing cadence
522,8.636937,0.016647,Tick,live-sample,true,0xF13000000604A273,,server,,unchecked,unchecked,none,9.617372,-2.9216237,-2.9216237,0,Stand,3.5862076,,,,0->0:Exact,none; server owns swing cadence
523,8.653604,0.016667,Tick,live-sample,true,0xF13000000604A273,,server,,unchecked,unchecked,none,9.652108,-2.9241018,-2.9241018,0,Stand,3.6028743,,,,0->0:Exact,none; server owns swing cadence
524,8.670284,0.016680,Tick,live-sample,true,0xF13000000604A273,,server,,unchecked,unchecked,none,9.68559,-2.9264033,-2.9264033,0,Stand,3.6195548,,,,0->0:Exact,none; server owns swing cadence
525,8.687670,0.017386,Tick,live-sample,true,0xF13000000604A273,,server,,unchecked,unchecked,none,9.722717,-2.9289854,-2.9289854,0,Stand,3.6369407,,,,0->0:Exact,none; server owns swing cadence
526,8.703608,0.015938,Tick,live-sample,true,0xF13000000604A273,,server,,unchecked,unchecked,none,9.755351,-2.9312742,-2.9312742,0,Stand,3.652879,,,,0->0:Exact,none; server owns swing cadence
527,8.720491,0.016883,Tick,live-sample,true,0xF13000000604A273,,server,,unchecked,unchecked,none,9.788987,-2.9335253,-2.9335253,0,Stand,3.669762,,,,0->0:Exact,none; server owns swing cadence
528,8.736969,0.016478,Tick,live-sample,true,0xF13000000604A273,,server,,unchecked,unchecked,none,9.824009,-2.9359193,-2.9359193,0,Stand,3.6862402,,,,0->0:Exact,none; server owns swing cadence
529,8.753713,0.016744,Tick,live-sample,true,0xF13000000604A273,,server,,unchecked,unchecked,none,9.859081,-2.9382946,-2.9382946,0,Stand,3.7029843,,,,0->0:Exact,none; server owns swing cadence
530,8.770477,0.016764,Tick,live-sample,true,0xF13000000604A273,,server,,unchecked,unchecked,none,9.892875,-2.9404998,-2.9404998,0,Stand,3.719748,,,,0->0:Exact,none; server owns swing cadence
531,8.787024,0.016547,Tick,live-sample,true,0xF13000000604A273,,server,,unchecked,unchecked,none,9.928055,-2.9428425,-2.9428425,0,Stand,3.7362952,,,,0->0:Exact,none; server owns swing cadence
532,8.803752,0.016727,Tick,live-sample,true,0xF13000000604A273,,server,,unchecked,unchecked,none,9.963292,-2.94517,-2.94517,0,Stand,3.7530227,,,,0->0:Exact,none; server owns swing cadence
533,8.820667,0.016915,Tick,live-sample,true,0xF13000000604A273,,server,,unchecked,unchecked,none,9.999532,-2.9474578,-2.9474578,0,Stand,3.7699375,,,,0->0:Exact,none; server owns swing cadence
534,8.837069,0.016402,Tick,live-sample,true,0xF13000000604A273,,server,,unchecked,unchecked,none,10.03257,-2.949623,-2.949623,0,Stand,3.7863395,,,,0->0:Exact,none; server owns swing cadence
535,8.853897,0.016829,Tick,live-sample,true,0xF13000000604A273,,server,,unchecked,unchecked,none,10.068911,-2.9518793,-2.9518793,0,Stand,3.803168,,,,0->0:Exact,none; server owns swing cadence
536,8.870548,0.016650,Tick,live-sample,true,0xF13000000604A273,,server,,unchecked,unchecked,none,10.102045,-2.954015,-2.954015,0,Stand,3.8198185,,,,0->0:Exact,none; server owns swing cadence
537,8.887143,0.016595,Tick,live-sample,true,0xF13000000604A273,,server,,unchecked,unchecked,none,10.137534,-2.956262,-2.956262,0,Stand,3.8364136,,,,0->0:Exact,none; server owns swing cadence
538,8.903930,0.016787,Tick,live-sample,true,0xF13000000604A273,,server,,unchecked,unchecked,none,10.174027,-2.9584727,-2.9584727,0,Stand,3.853201,,,,0->0:Exact,none; server owns swing cadence
539,8.920520,0.016590,Tick,live-sample,true,0xF13000000604A273,,server,,unchecked,unchecked,none,10.207298,-2.9605637,-2.9605637,0,Stand,3.869791,,,,0->0:Exact,none; server owns swing cadence
540,8.937316,0.016796,Tick,live-sample,true,0xF13000000604A273,,server,,unchecked,unchecked,none,10.242939,-2.9627664,-2.9627664,0,Stand,3.8865871,,,,0->0:Exact,none; server owns swing cadence
541,8.953880,0.016563,Tick,live-sample,true,0xF13000000604A273,,server,,unchecked,unchecked,none,10.279573,-2.9649296,-2.9649296,0,Stand,3.9031506,,,,0->0:Exact,none; server owns swing cadence
542,8.970776,0.016897,Tick,live-sample,true,0xF13000000604A273,,server,,unchecked,unchecked,none,10.315308,-2.9671004,-2.9671004,0,Stand,3.9200473,,,,0->0:Exact,none; server owns swing cadence
543,8.987754,0.016977,Tick,live-sample,true,0xF13000000604A273,,server,,unchecked,unchecked,none,10.351094,-2.9692576,-2.9692576,0,Stand,3.9370244,,,,0->0:Exact,none; server owns swing cadence
544,9.003941,0.016187,Tick,live-sample,true,0xF13000000604A273,,server,,unchecked,unchecked,none,10.385539,-2.971255,-2.971255,0,Stand,3.9532113,,,,0->0:Exact,none; server owns swing cadence
545,9.020547,0.016607,Tick,live-sample,true,0xF13000000604A273,,server,,unchecked,unchecked,none,10.419084,-2.973264,-2.973264,0,Stand,3.969818,,,,0->0:Exact,none; server owns swing cadence
546,9.037329,0.016781,Tick,live-sample,true,0xF13000000604A273,,server,,unchecked,unchecked,none,10.455948,-2.9753537,-2.9753537,0,Stand,3.9865994,,,,0->0:Exact,none; server owns swing cadence
547,9.054016,0.016688,Tick,live-sample,true,0xF13000000604A273,,server,,unchecked,unchecked,none,10.491917,-2.977454,-2.977454,0,Stand,4.003287,,,,0->0:Exact,none; server owns swing cadence
548,9.070650,0.016634,Tick,live-sample,true,0xF13000000604A273,,server,,unchecked,unchecked,none,10.527927,-2.9795382,-2.9795382,0,Stand,4.019921,,,,0->0:Exact,none; server owns swing cadence
549,9.087251,0.016600,Tick,live-sample,true,0xF13000000604A273,,server,,unchecked,unchecked,none,10.562587,-2.9814699,-2.9814699,0,Stand,4.0365214,,,,0->0:Exact,none; server owns swing cadence
550,9.104118,0.016867,Tick,live-sample,true,0xF13000000604A273,,server,,unchecked,unchecked,none,10.598684,-2.9835267,-2.9835267,0,Stand,4.053389,,,,0->0:Exact,none; server owns swing cadence
551,9.120627,0.016509,Tick,live-sample,true,0xF13000000604A273,,server,,unchecked,unchecked,none,10.634831,-2.985571,-2.985571,0,Stand,4.0698977,,,,0->0:Exact,none; server owns swing cadence
552,9.137254,0.016627,Tick,live-sample,true,0xF13000000604A273,,server,,unchecked,unchecked,none,10.669608,-2.987462,-2.987462,0,Stand,4.0865245,,,,0->0:Exact,none; server owns swing cadence
553,9.153931,0.016678,Tick,live-sample,true,0xF13000000604A273,,server,,unchecked,unchecked,none,10.70584,-2.9894795,-2.9894795,0,Stand,4.1032023,,,,0->0:Exact,none; server owns swing cadence
554,9.170798,0.016867,Tick,live-sample,true,0xF13000000604A273,,server,,unchecked,unchecked,none,10.743052,-2.9914577,-2.9914577,0,Stand,4.120069,,,,0->0:Exact,none; server owns swing cadence
555,9.187420,0.016622,Tick,live-sample,true,0xF13000000604A273,,server,,unchecked,unchecked,none,10.77701,-2.9933367,-2.9933367,0,Stand,4.1366906,,,,0->0:Exact,none; server owns swing cadence
556,9.204003,0.016583,Tick,live-sample,true,0xF13000000604A273,,server,,unchecked,unchecked,none,10.813363,-2.9953127,-2.9953127,0,Stand,4.153273,,,,0->0:Exact,none; server owns swing cadence
557,9.220682,0.016679,Tick,live-sample,true,0xF13000000604A273,,server,,unchecked,unchecked,none,10.850702,-2.9972525,-2.9972525,0,Stand,4.1699524,,,,0->0:Exact,none; server owns swing cadence
558,9.237391,0.016709,Tick,live-sample,true,0xF13000000604A273,,server,,unchecked,unchecked,none,10.884771,-2.9990935,-2.9990935,0,Stand,4.1866612,,,,0->0:Exact,none; server owns swing cadence
559,9.254136,0.016745,Tick,live-sample,true,0xF13000000604A273,,server,,unchecked,unchecked,none,10.92125,-3.0010324,-3.0010324,0,Stand,4.2034063,,,,0->0:Exact,none; server owns swing cadence
560,9.271049,0.016913,Tick,live-sample,true,0xF13000000604A273,,server,,unchecked,unchecked,none,10.958705,-3.002932,-3.002932,0,Stand,4.2203197,,,,0->0:Exact,none; server owns swing cadence
561,9.287992,0.016943,Tick,live-sample,true,0xF13000000604A273,,server,,unchecked,unchecked,none,10.995264,-3.0048451,-3.0048451,0,Stand,4.2372627,,,,0->0:Exact,none; server owns swing cadence
562,9.304258,0.016266,Tick,live-sample,true,0xF13000000604A273,,server,,unchecked,unchecked,none,11.030422,-3.0066135,-3.0066135,0,Stand,4.253529,,,,0->0:Exact,none; server owns swing cadence
563,9.320723,0.016464,Tick,live-sample,true,0xF13000000604A273,,server,,unchecked,unchecked,none,11.067058,-3.008502,-3.008502,0,Stand,4.2699933,,,,0->0:Exact,none; server owns swing cadence
564,9.337512,0.016789,Tick,live-sample,true,0xF13000000604A273,,server,,unchecked,unchecked,none,11.10135,-3.0102723,-3.0102723,0,Stand,4.2867827,,,,0->0:Exact,none; server owns swing cadence
565,9.354299,0.016787,Tick,live-sample,true,0xF13000000604A273,,server,,unchecked,unchecked,none,11.138998,-3.0121117,-3.0121117,0,Stand,4.3035693,,,,0->0:Exact,none; server owns swing cadence
566,9.370872,0.016574,Tick,live-sample,true,0xF13000000604A273,,server,,unchecked,unchecked,none,11.175744,-3.0139623,-3.0139623,0,Stand,4.320143,,,,0->0:Exact,none; server owns swing cadence
567,9.387837,0.016965,Tick,live-sample,true,0xF13000000604A273,,server,,unchecked,unchecked,none,11.212528,-3.015801,-3.015801,0,Stand,4.3371077,,,,0->0:Exact,none; server owns swing cadence
568,9.404359,0.016522,Tick,live-sample,true,0xF13000000604A273,,server,,unchecked,unchecked,none,11.247901,-3.0175023,-3.0175023,0,Stand,4.3536296,,,,0->0:Exact,none; server owns swing cadence
569,9.421099,0.016740,Tick,live-sample,true,0xF13000000604A273,,server,,unchecked,unchecked,none,11.284757,-3.0193174,-3.0193174,0,Stand,4.37037,,,,0->0:Exact,none; server owns swing cadence
570,9.437683,0.016584,Tick,live-sample,true,0xF13000000604A273,,server,,unchecked,unchecked,none,11.321654,-3.0211222,-3.0211222,0,Stand,4.386954,,,,0->0:Exact,none; server owns swing cadence
571,9.454247,0.016565,Tick,live-sample,true,0xF13000000604A273,,server,,unchecked,unchecked,none,11.357123,-3.0227892,-3.0227892,0,Stand,4.4035187,,,,0->0:Exact,none; server owns swing cadence
572,9.471078,0.016830,Tick,live-sample,true,0xF13000000604A273,,server,,unchecked,unchecked,none,11.394092,-3.0245712,-3.0245712,0,Stand,4.420349,,,,0->0:Exact,none; server owns swing cadence
573,9.487786,0.016709,Tick,live-sample,true,0xF13000000604A273,,server,,unchecked,unchecked,none,11.43109,-3.0263402,-3.0263402,0,Stand,4.4370575,,,,0->0:Exact,none; server owns swing cadence
574,9.504561,0.016775,Tick,live-sample,true,0xF13000000604A273,,server,,unchecked,unchecked,none,11.466662,-3.0279765,-3.0279765,0,Stand,4.4538326,,,,0->0:Exact,none; server owns swing cadence
575,9.520931,0.016369,Tick,live-sample,true,0xF13000000604A273,,server,,unchecked,unchecked,none,11.50373,-3.0297236,-3.0297236,0,Stand,4.470202,,,,0->0:Exact,none; server owns swing cadence
576,9.537712,0.016781,Tick,live-sample,true,0xF13000000604A273,,server,,unchecked,unchecked,none,11.541768,-3.031435,-3.031435,0,Stand,4.486983,,,,0->0:Exact,none; server owns swing cadence
577,9.554273,0.016561,Tick,live-sample,true,0xF13000000604A273,,server,,unchecked,unchecked,none,11.576499,-3.0330644,-3.0330644,0,Stand,4.5035443,,,,0->0:Exact,none; server owns swing cadence
578,9.571078,0.016804,Tick,live-sample,true,0xF13000000604A273,,server,,unchecked,unchecked,none,11.613673,-3.0347798,-3.0347798,0,Stand,4.5203485,,,,0->0:Exact,none; server owns swing cadence
579,9.588372,0.017295,Tick,live-sample,true,0xF13000000604A273,,server,,unchecked,unchecked,none,11.651805,-3.0364573,-3.0364573,0,Stand,4.537643,,,,0->0:Exact,none; server owns swing cadence
580,9.604370,0.015998,Tick,live-sample,true,0xF13000000604A273,,server,,unchecked,unchecked,none,11.686635,-3.0380576,-3.0380576,0,Stand,4.553641,,,,0->0:Exact,none; server owns swing cadence
581,9.621069,0.016699,Tick,live-sample,true,0xF13000000604A273,,server,,unchecked,unchecked,none,11.723903,-3.0397398,-3.0397398,0,Stand,4.5703397,,,,0->0:Exact,none; server owns swing cadence
582,9.638020,0.016951,Tick,live-sample,true,0xF13000000604A273,,server,,unchecked,unchecked,none,11.7621355,-3.0413868,-3.0413868,0,Stand,4.587291,,,,0->0:Exact,none; server owns swing cadence
583,9.654382,0.016362,Tick,live-sample,true,0xF13000000604A273,,server,,unchecked,unchecked,none,11.797748,-3.0428712,-3.0428712,0,Stand,4.603653,,,,0->0:Exact,none; server owns swing cadence
584,9.671056,0.016674,Tick,live-sample,true,0xF13000000604A273,,server,,unchecked,unchecked,none,11.837861,-3.044176,-3.044176,0,Stand,4.620327,,,,0->0:Exact,none; server owns swing cadence
585,9.687855,0.016799,Tick,live-sample,true,0xF13000000604A273,,server,,unchecked,unchecked,none,11.877062,-3.045497,-3.045497,0,Stand,4.637126,,,,0->0:Exact,none; server owns swing cadence
586,9.704485,0.016630,Tick,live-sample,true,0xF13000000604A273,,server,,unchecked,unchecked,none,11.914853,-3.046709,-3.046709,0,Stand,4.653756,,,,0->0:Exact,none; server owns swing cadence
587,9.721071,0.016586,Tick,live-sample,true,0xF13000000604A273,,server,,unchecked,unchecked,none,11.954094,-3.0480132,-3.0480132,0,Stand,4.6703424,,,,0->0:Exact,none; server owns swing cadence
588,9.737663,0.016592,Tick,live-sample,true,0xF13000000604A273,,server,,unchecked,unchecked,none,11.994285,-3.0492837,-3.0492837,0,Stand,4.686935,,,,0->0:Exact,none; server owns swing cadence
589,9.754519,0.016856,Tick,live-sample,true,0xF13000000604A273,,server,,unchecked,unchecked,none,12.0312,-3.050497,-3.050497,0,Stand,4.7037907,,,,0->0:Exact,none; server owns swing cadence
590,9.771338,0.016818,Tick,live-sample,true,0xF13000000604A273,,server,,unchecked,unchecked,none,12.071424,-3.0517502,-3.0517502,0,Stand,4.720609,,,,0->0:Exact,none; server owns swing cadence
591,9.787972,0.016634,Tick,live-sample,true,0xF13000000604A273,,server,,unchecked,unchecked,none,12.110747,-3.0530221,-3.0530221,0,Stand,4.7372437,,,,0->0:Exact,none; server owns swing cadence
592,9.804516,0.016543,Tick,live-sample,true,0xF13000000604A273,,server,,unchecked,unchecked,none,12.148641,-3.0541863,-3.0541863,0,Stand,4.753787,,,,0->0:Exact,none; server owns swing cadence
593,9.821268,0.016752,Tick,live-sample,true,0xF13000000604A273,,server,,unchecked,unchecked,none,12.188002,-3.0554423,-3.0554423,0,Stand,4.770539,,,,0->0:Exact,none; server owns swing cadence
594,9.838236,0.016969,Tick,live-sample,true,0xF13000000604A273,,server,,unchecked,unchecked,none,12.228298,-3.056663,-3.056663,0,Stand,4.7875075,,,,0->0:Exact,none; server owns swing cadence
595,9.854721,0.016485,Tick,live-sample,true,0xF13000000604A273,,server,,unchecked,unchecked,none,12.267697,-3.057903,-3.057903,0,Stand,4.8039923,,,,0->0:Exact,none; server owns swing cadence
596,9.871435,0.016714,Tick,live-sample,true,0xF13000000604A273,,server,,unchecked,unchecked,none,12.305658,-3.0590374,-3.0590374,0,Stand,4.8207064,,,,0->0:Exact,none; server owns swing cadence
597,9.888578,0.017143,Tick,live-sample,true,0xF13000000604A273,,server,,unchecked,unchecked,none,12.345093,-3.060262,-3.060262,0,Stand,4.8378496,,,,0->0:Exact,none; server owns swing cadence
598,9.904618,0.016040,Tick,live-sample,true,0xF13000000604A273,,server,,unchecked,unchecked,none,12.385461,-3.0614514,-3.0614514,0,Stand,4.8538895,,,,0->0:Exact,none; server owns swing cadence
599,9.921468,0.016850,Tick,live-sample,true,0xF13000000604A273,,server,,unchecked,unchecked,none,12.42255,-3.0625904,-3.0625904,0,Stand,4.870739,,,,0->0:Exact,none; server owns swing cadence
600,9.937875,0.016407,Tick,live-sample,true,0xF13000000604A273,,server,,unchecked,unchecked,none,12.462959,-3.063766,-3.063766,0,Stand,4.887146,,,,0->0:Exact,none; server owns swing cadence
601,9.954569,0.016694,Tick,live-sample,true,0xF13000000604A273,,server,,unchecked,unchecked,none,12.501001,-3.0648646,-3.0648646,0,Stand,4.90384,,,,0->0:Exact,none; server owns swing cadence
602,9.971399,0.016829,Tick,live-sample,true,0xF13000000604A273,,server,,unchecked,unchecked,none,12.540522,-3.066052,-3.066052,0,Stand,4.9206696,,,,0->0:Exact,none; server owns swing cadence
603,9.987981,0.016582,Tick,live-sample,true,0xF13000000604A273,,server,,unchecked,unchecked,none,12.580975,-3.0672045,-3.0672045,0,Stand,4.9372516,,,,0->0:Exact,none; server owns swing cadence
604,10.004641,0.016660,Tick,live-sample,true,0xF13000000604A273,,server,,unchecked,unchecked,none,12.62053,-3.0683768,-3.0683768,0,Stand,4.9539113,,,,0->0:Exact,none; server owns swing cadence
605,10.021352,0.016712,Tick,live-sample,true,0xF13000000604A273,,server,,unchecked,unchecked,none,12.658635,-3.069448,-3.069448,0,Stand,4.970623,,,,0->0:Exact,none; server owns swing cadence
606,10.038006,0.016654,Tick,live-sample,true,0xF13000000604A273,,server,,unchecked,unchecked,none,12.698224,-3.0706062,-3.0706062,0,Stand,4.9872766,,,,0->0:Exact,none; server owns swing cadence
607,10.054636,0.016630,Tick,live-sample,true,0xF13000000604A273,,server,,unchecked,unchecked,none,12.738742,-3.07173,-3.07173,0,Stand,5.0039067,,,,0->0:Exact,none; server owns swing cadence
608,10.071551,0.016915,Tick,live-sample,true,0xF13000000604A273,,server,,unchecked,unchecked,none,12.775974,-3.0728073,-3.0728073,0,Stand,5.020822,,,,0->0:Exact,none; server owns swing cadence
609,10.071551,0.000000,AttackStopSend,network-session-send,true,0x0000000000000000,CMSG_ATTACKSTOP,server,,unchecked,unchecked,none,-1,,,0,Stand,5.020822,,,,0->0:Exact,CMSG_ATTACKSTOP
610,10.071551,0.000000,IntentOff,user-cancel,true,0xF13000000604A273,,server,,unchecked,unchecked,none,12.775974,-3.0728073,-3.0728073,0,Stand,5.020822,,,,0->0:Exact,local attack latch edge
