row,t,dt,event,cause,intentOn,targetGuid,opcode,swingTimerOwner,weaponSpeedMs,rangeEligibility,arcEligibility,clientAction,distance,bearingDelta,facingDelta,clipId,clipName,clipTime,clipB,clipBTime,blendWeight,animChoice,detail
0,0.000000,0.000000,TraceStart,operator,false,0x0000000000000000,,server,,unchecked,unchecked,none,-1,,,11,ShuffleLeft,0.53325033,,,,11->11:Exact,server-authoritative swing timing; client range/arc gates absent
1,0.000000,0.000000,AttackSwingSend,network-session-send,false,0xF13000000604A27C,CMSG_ATTACKSWING,server,,unchecked,unchecked,none,0.25069812,-4.559748,-4.559748,11,ShuffleLeft,0.551737,,,,11->11:Exact,CMSG_ATTACKSWING
2,0.000000,0.000000,IntentOn,user-start,true,0xF13000000604A27C,,server,,unchecked,unchecked,none,0.25069812,-4.559748,-4.559748,11,ShuffleLeft,0.551737,,,,11->11:Exact,local attack latch edge
3,0.015579,0.015579,Tick,live-sample,true,0xF13000000604A27C,,server,,unchecked,unchecked,none,0.25069812,-4.559748,-4.559748,11,ShuffleLeft,0.5673161,,,,11->11:Exact,none; server owns swing cadence
4,0.031597,0.016018,Tick,live-sample,true,0xF13000000604A27C,,server,,unchecked,unchecked,none,0.25069812,-4.559748,-4.559748,11,ShuffleLeft,0.5833345,,,,11->11:Exact,none; server owns swing cadence
5,0.031597,0.000000,AnimChoice,animator,true,0xF13000000604A27C,,server,,unchecked,unchecked,none,0.25069812,-4.559748,-4.559748,11,ShuffleLeft,0.5833345,,,,0->0:Exact,track=0 requested=0 played=0 kind=Exact base=11:ShuffleLeft clipB= blendWeight=0
6,0.048203,0.016606,Tick,live-sample,true,0xF13000000604A27C,,server,,unchecked,unchecked,none,0.25069812,-4.559748,-4.559748,0,Stand,0.0166057,ShuffleLeft,0.5999402,0.0050272346,0->0:Exact,none; server owns swing cadence
7,0.064781,0.016578,Tick,live-sample,true,0xF13000000604A27C,,server,,unchecked,unchecked,none,0.25069812,-4.559748,-4.559748,0,Stand,0.033184,ShuffleLeft,0.6165185,0.019505143,0->0:Exact,none; server owns swing cadence
8,0.081497,0.016716,Tick,live-sample,true,0xF13000000604A27C,,server,,unchecked,unchecked,none,0.25069812,-4.559748,-4.559748,0,Stand,0.0499,ShuffleLeft,0.6332345,0.042804837,0->0:Exact,none; server owns swing cadence
9,0.098213,0.016715,Tick,live-sample,true,0xF13000000604A27C,,server,,unchecked,unchecked,none,0.25069812,-4.559748,-4.559748,0,Stand,0.0666154,ShuffleLeft,0.6499499,0.07396728,0->0:Exact,none; server owns swing cadence
10,0.115075,0.016862,Tick,live-sample,true,0xF13000000604A27C,,server,,unchecked,unchecked,none,0.25069812,-4.559748,-4.559748,0,Stand,0.0834771,ShuffleLeft,0.6668116,0.11247975,0->0:Exact,none; server owns swing cadence
11,0.131720,0.016645,Tick,live-sample,true,0xF13000000604A27C,,server,,unchecked,unchecked,none,0.25069812,-4.559748,-4.559748,0,Stand,0.1001223,ShuffleLeft,0.6834568,0.1565941,0->0:Exact,none; server owns swing cadence
12,0.148321,0.016601,Tick,live-sample,true,0xF13000000604A27C,,server,,unchecked,unchecked,none,0.25069812,-4.559748,-4.559748,0,Stand,0.1167237,ShuffleLeft,0.70005816,0.20576131,0->0:Exact,none; server owns swing cadence
13,0.164836,0.016515,Tick,live-sample,true,0xF13000000604A27C,,server,,unchecked,unchecked,none,0.25069812,-4.559748,-4.559748,0,Stand,0.1332383,ShuffleLeft,0.71657276,0.2589426,0->0:Exact,none; server owns swing cadence
14,0.181938,0.017102,Tick,live-sample,true,0xF13000000604A27C,,server,,unchecked,unchecked,none,0.25069812,-4.559748,-4.559748,0,Stand,0.15034041,ShuffleLeft,0.7336749,0.3176036,0->0:Exact,none; server owns swing cadence
15,0.198284,0.016346,Tick,live-sample,true,0xF13000000604A27C,,server,,unchecked,unchecked,none,0.25069812,-4.559748,-4.559748,0,Stand,0.16668661,ShuffleLeft,0.7500211,0.37623012,0->0:Exact,none; server owns swing cadence
16,0.216166,0.017882,Tick,live-sample,true,0xF13000000604A27C,,server,,unchecked,unchecked,none,0.25069812,-4.559748,-4.559748,0,Stand,0.1845687,ShuffleLeft,0.7679032,0.44224745,0->0:Exact,none; server owns swing cadence
17,0.231984,0.015818,Tick,live-sample,true,0xF13000000604A27C,,server,,unchecked,unchecked,none,0.25069812,-4.559748,-4.559748,0,Stand,0.2003862,ShuffleLeft,0.78372073,0.50144815,0->0:Exact,none; server owns swing cadence
18,0.246945,0.014962,Tick,live-sample,true,0xF13000000604A27C,,server,,unchecked,unchecked,none,0.25069812,-4.559748,-4.559748,0,Stand,0.2153479,ShuffleLeft,0.79868245,0.5574416,0->0:Exact,none; server owns swing cadence
19,0.265167,0.018222,Tick,live-sample,true,0xF13000000604A27C,,server,,unchecked,unchecked,none,0.25069812,-4.559748,-4.559748,0,Stand,0.2335699,ShuffleLeft,0.8169044,0.62470484,0->0:Exact,none; server owns swing cadence
20,0.282004,0.016837,Tick,live-sample,true,0xF13000000604A27C,,server,,unchecked,unchecked,none,0.25069812,-4.559748,-4.559748,0,Stand,0.2504067,ShuffleLeft,0.83374125,0.68502283,0->0:Exact,none; server owns swing cadence
21,0.298467,0.016463,Tick,live-sample,true,0xF13000000604A27C,,server,,unchecked,unchecked,none,0.25069812,-4.559748,-4.559748,0,Stand,0.2668696,ShuffleLeft,0.85020417,0.74141693,0->0:Exact,none; server owns swing cadence
22,0.313706,0.015239,Tick,live-sample,true,0xF13000000604A27C,,server,,unchecked,unchecked,none,0.25069812,-4.559748,-4.559748,0,Stand,0.2821089,ShuffleLeft,0.86544347,0.7906094,0->0:Exact,none; server owns swing cadence
23,0.331931,0.018225,Tick,live-sample,true,0xF13000000604A27C,,server,,unchecked,unchecked,none,0.25069812,-4.559748,-4.559748,0,Stand,0.3003338,ShuffleLeft,0.88366836,0.84468776,0->0:Exact,none; server owns swing cadence
24,0.348506,0.016574,Tick,live-sample,true,0xF13000000604A27C,,server,,unchecked,unchecked,none,0.25069812,-4.559748,-4.559748,0,Stand,0.3169081,ShuffleLeft,0.9002427,0.8884728,0->0:Exact,none; server owns swing cadence
25,0.365415,0.016910,Tick,live-sample,true,0xF13000000604A27C,,server,,unchecked,unchecked,none,0.25069812,-4.559748,-4.559748,0,Stand,0.333818,ShuffleLeft,0.9171526,0.9269327,0->0:Exact,none; server owns swing cadence
26,0.381897,0.016482,Tick,live-sample,true,0xF13000000604A27C,,server,,unchecked,unchecked,none,0.25069812,-4.559748,-4.559748,0,Stand,0.35029978,ShuffleLeft,0.9336344,0.95752186,0->0:Exact,none; server owns swing cadence
27,0.398572,0.016674,Tick,live-sample,true,0xF13000000604A27C,,server,,unchecked,unchecked,none,0.25069812,-4.559748,-4.559748,0,Stand,0.36697417,ShuffleLeft,0.9503088,0.980675,0->0:Exact,none; server owns swing cadence
28,0.415146,0.016574,Tick,live-sample,true,0xF13000000604A27C,,server,,unchecked,unchecked,none,0.25069812,-4.559748,-4.559748,0,Stand,0.38354847,ShuffleLeft,0.9668831,0.99506444,0->0:Exact,none; server owns swing cadence
29,0.430438,0.015292,Tick,live-sample,true,0xF13000000604A27C,,server,,unchecked,unchecked,none,0.25069812,-4.559748,-4.559748,0,Stand,0.39884016,ShuffleLeft,0.9821748,0.99997485,0->0:Exact,none; server owns swing cadence
30,0.448484,0.018046,Tick,live-sample,true,0xF13000000604A27C,,server,,unchecked,unchecked,none,0.25069812,-4.559748,-4.559748,0,Stand,0.41688657,,,,0->0:Exact,none; server owns swing cadence
31,0.463944,0.015460,Tick,live-sample,true,0xF13000000604A27C,,server,,unchecked,unchecked,none,0.25069812,-4.559748,-4.559748,0,Stand,0.43234608,,,,0->0:Exact,none; server owns swing cadence
32,0.481952,0.018008,Tick,live-sample,true,0xF13000000604A27C,,server,,unchecked,unchecked,none,0.25069812,-4.559748,-4.559748,0,Stand,0.4503545,,,,0->0:Exact,none; server owns swing cadence
33,0.498693,0.016741,Tick,live-sample,true,0xF13000000604A27C,,server,,unchecked,unchecked,none,0.25069812,-4.559748,-4.559748,0,Stand,0.46709567,,,,0->0:Exact,none; server owns swing cadence
34,0.515333,0.016639,Tick,live-sample,true,0xF13000000604A27C,,server,,unchecked,unchecked,none,0.25069812,-4.559748,-4.559748,0,Stand,0.48373508,,,,0->0:Exact,none; server owns swing cadence
35,0.531758,0.016426,Tick,live-sample,true,0xF13000000604A27C,,server,,unchecked,unchecked,none,0.25069812,-4.559748,-4.559748,0,Stand,0.500161,,,,0->0:Exact,none; server owns swing cadence
36,0.548566,0.016807,Tick,live-sample,true,0xF13000000604A27C,,server,,unchecked,unchecked,none,0.25069812,-4.559748,-4.559748,0,Stand,0.5169681,,,,0->0:Exact,none; server owns swing cadence
37,0.565192,0.016627,Tick,live-sample,true,0xF13000000604A27C,,server,,unchecked,unchecked,none,0.25069812,-4.559748,-4.559748,0,Stand,0.53359485,,,,0->0:Exact,none; server owns swing cadence
38,0.584104,0.018912,Tick,live-sample,true,0xF13000000604A27C,,server,,unchecked,unchecked,none,0.25069812,-4.559748,-4.559748,0,Stand,0.55250657,,,,0->0:Exact,none; server owns swing cadence
39,0.597181,0.013077,Tick,live-sample,true,0xF13000000604A27C,,server,,unchecked,unchecked,none,0.25069812,-4.559748,-4.559748,0,Stand,0.56558335,,,,0->0:Exact,none; server owns swing cadence
40,0.615262,0.018081,Tick,live-sample,true,0xF13000000604A27C,,server,,unchecked,unchecked,none,0.25069812,-4.559748,-4.559748,0,Stand,0.5836642,,,,0->0:Exact,none; server owns swing cadence
41,0.630603,0.015342,Tick,live-sample,true,0xF13000000604A27C,,server,,unchecked,unchecked,none,0.25069812,-4.559748,-4.559748,0,Stand,0.599006,,,,0->0:Exact,none; server owns swing cadence
42,0.647586,0.016982,Tick,live-sample,true,0xF13000000604A27C,,server,,unchecked,unchecked,none,0.25069812,-4.559748,-4.559748,0,Stand,0.6159882,,,,0->0:Exact,none; server owns swing cadence
43,0.664072,0.016486,Tick,live-sample,true,0xF13000000604A27C,,server,,unchecked,unchecked,none,0.25069812,-4.559748,-4.559748,0,Stand,0.6324742,,,,0->0:Exact,none; server owns swing cadence
44,0.680715,0.016644,Tick,live-sample,true,0xF13000000604A27C,,server,,unchecked,unchecked,none,0.25069812,-4.559748,-4.559748,0,Stand,0.649118,,,,0->0:Exact,none; server owns swing cadence
45,0.697839,0.017124,Tick,live-sample,true,0xF13000000604A27C,,server,,unchecked,unchecked,none,0.25069812,-4.559748,-4.559748,0,Stand,0.6662416,,,,0->0:Exact,none; server owns swing cadence
46,0.715611,0.017772,Tick,live-sample,true,0xF13000000604A27C,,server,,unchecked,unchecked,none,0.25069812,-4.559748,-4.559748,0,Stand,0.68401337,,,,0->0:Exact,none; server owns swing cadence
47,0.732353,0.016742,Tick,live-sample,true,0xF13000000604A27C,,server,,unchecked,unchecked,none,0.25069812,-4.559748,-4.559748,0,Stand,0.7007559,,,,0->0:Exact,none; server owns swing cadence
48,0.749027,0.016673,Tick,live-sample,true,0xF13000000604A27C,,server,,unchecked,unchecked,none,0.25069812,-4.559748,-4.559748,0,Stand,0.7174293,,,,0->0:Exact,none; server owns swing cadence
49,0.765662,0.016636,Tick,live-sample,true,0xF13000000604A27C,,server,,unchecked,unchecked,none,0.25069812,-4.559748,-4.559748,0,Stand,0.7340649,,,,0->0:Exact,none; server owns swing cadence
50,0.782243,0.016581,Tick,live-sample,true,0xF13000000604A27C,,server,,unchecked,unchecked,none,0.25069812,-4.559748,-4.559748,0,Stand,0.7506457,,,,0->0:Exact,none; server owns swing cadence
51,0.798462,0.016219,Tick,live-sample,true,0xF13000000604A27C,,server,,unchecked,unchecked,none,0.25069812,-4.559748,-4.559748,0,Stand,0.7668648,,,,0->0:Exact,none; server owns swing cadence
52,0.814047,0.015585,Tick,live-sample,true,0xF13000000604A27C,,server,,unchecked,unchecked,none,0.25069812,-4.559748,-4.559748,0,Stand,0.78244996,,,,0->0:Exact,none; server owns swing cadence
53,0.833024,0.018976,Tick,live-sample,true,0xF13000000604A27C,,server,,unchecked,unchecked,none,0.25069812,-4.559748,-4.559748,0,Stand,0.80142605,,,,0->0:Exact,none; server owns swing cadence
54,0.847506,0.014482,Tick,live-sample,true,0xF13000000604A27C,,server,,unchecked,unchecked,none,0.25069812,-4.559748,-4.559748,0,Stand,0.8159081,,,,0->0:Exact,none; server owns swing cadence
55,0.865648,0.018143,Tick,live-sample,true,0xF13000000604A27C,,server,,unchecked,unchecked,none,0.25069812,-4.559748,-4.559748,0,Stand,0.83405095,,,,0->0:Exact,none; server owns swing cadence
56,0.882327,0.016679,Tick,live-sample,true,0xF13000000604A27C,,server,,unchecked,unchecked,none,0.25069812,-4.559748,-4.559748,0,Stand,0.85072947,,,,0->0:Exact,none; server owns swing cadence
57,0.899103,0.016776,Tick,live-sample,true,0xF13000000604A27C,,server,,unchecked,unchecked,none,0.25069812,-4.559748,-4.559748,0,Stand,0.86750585,,,,0->0:Exact,none; server owns swing cadence
58,0.915744,0.016641,Tick,live-sample,true,0xF13000000604A27C,,server,,unchecked,unchecked,none,0.25069812,-4.559748,-4.559748,0,Stand,0.8841466,,,,0->0:Exact,none; server owns swing cadence
59,0.932204,0.016460,Tick,live-sample,true,0xF13000000604A27C,,server,,unchecked,unchecked,none,0.25069812,-4.559748,-4.559748,0,Stand,0.90060616,,,,0->0:Exact,none; server owns swing cadence
60,0.948843,0.016640,Tick,live-sample,true,0xF13000000604A27C,,server,,unchecked,unchecked,none,0.25069812,-4.559748,-4.559748,0,Stand,0.91724575,,,,0->0:Exact,none; server owns swing cadence
61,0.965483,0.016640,Tick,live-sample,true,0xF13000000604A27C,,server,,unchecked,unchecked,none,0.25069812,-4.559748,-4.559748,0,Stand,0.9338852,,,,0->0:Exact,none; server owns swing cadence
62,0.982642,0.017159,Tick,live-sample,true,0xF13000000604A27C,,server,,unchecked,unchecked,none,0.25069812,-4.559748,-4.559748,0,Stand,0.9510445,,,,0->0:Exact,none; server owns swing cadence
63,0.998946,0.016304,Tick,live-sample,true,0xF13000000604A27C,,server,,unchecked,unchecked,none,0.25069812,-4.559748,-4.559748,0,Stand,0.9673488,,,,0->0:Exact,none; server owns swing cadence
64,1.015624,0.016677,Tick,live-sample,true,0xF13000000604A27C,,server,,unchecked,unchecked,none,0.25069812,-4.559748,-4.559748,0,Stand,0.984026,,,,0->0:Exact,none; server owns swing cadence
65,1.032403,0.016779,Tick,live-sample,true,0xF13000000604A27C,,server,,unchecked,unchecked,none,0.25069812,-4.559748,-4.559748,0,Stand,1.0008051,,,,0->0:Exact,none; server owns swing cadence
66,1.048731,0.016329,Tick,live-sample,true,0xF13000000604A27C,,server,,unchecked,unchecked,none,0.25069812,-4.559748,-4.559748,0,Stand,1.017134,,,,0->0:Exact,none; server owns swing cadence
67,1.065580,0.016848,Tick,live-sample,true,0xF13000000604A27C,,server,,unchecked,unchecked,none,0.25069812,-4.559748,-4.559748,0,Stand,1.033982,,,,0->0:Exact,none; server owns swing cadence
68,1.082274,0.016694,Tick,live-sample,true,0xF13000000604A27C,,server,,unchecked,unchecked,none,0.25069812,-4.559748,-4.559748,0,Stand,1.0506762,,,,0->0:Exact,none; server owns swing cadence
69,1.099148,0.016875,Tick,live-sample,true,0xF13000000604A27C,,server,,unchecked,unchecked,none,0.25069812,-4.559748,-4.559748,0,Stand,1.0675508,,,,0->0:Exact,none; server owns swing cadence
70,1.115928,0.016779,Tick,live-sample,true,0xF13000000604A27C,,server,,unchecked,unchecked,none,0.25069812,-4.559748,-4.559748,0,Stand,1.0843303,,,,0->0:Exact,none; server owns swing cadence
71,1.132312,0.016384,Tick,live-sample,true,0xF13000000604A27C,,server,,unchecked,unchecked,none,0.25069812,-4.559748,-4.559748,0,Stand,1.1007142,,,,0->0:Exact,none; server owns swing cadence
72,1.149187,0.016875,Tick,live-sample,true,0xF13000000604A27C,,server,,unchecked,unchecked,none,0.25069812,-4.559748,-4.559748,0,Stand,1.1175897,,,,0->0:Exact,none; server owns swing cadence
73,1.165743,0.016556,Tick,live-sample,true,0xF13000000604A27C,,server,,unchecked,unchecked,none,0.25069812,-4.559748,-4.559748,0,Stand,1.1341453,,,,0->0:Exact,none; server owns swing cadence
74,1.181107,0.015364,Tick,live-sample,true,0xF13000000604A27C,,server,,unchecked,unchecked,none,0.25069812,-4.559748,-4.559748,0,Stand,1.1495097,,,,0->0:Exact,none; server owns swing cadence
75,1.197892,0.016785,Tick,live-sample,true,0xF13000000604A27C,,server,,unchecked,unchecked,none,0.25069812,-4.559748,-4.559748,0,Stand,1.1662943,,,,0->0:Exact,none; server owns swing cadence
76,1.214620,0.016728,Tick,live-sample,true,0xF13000000604A27C,,server,,unchecked,unchecked,none,0.25069812,-4.559748,-4.559748,0,Stand,1.1830226,,,,0->0:Exact,none; server owns swing cadence
77,1.231153,0.016533,Tick,live-sample,true,0xF13000000604A27C,,server,,unchecked,unchecked,none,0.25069812,-4.559748,-4.559748,0,Stand,1.1995555,,,,0->0:Exact,none; server owns swing cadence
78,1.247725,0.016572,Tick,live-sample,true,0xF13000000604A27C,,server,,unchecked,unchecked,none,0.25069812,-4.559748,-4.559748,0,Stand,1.2161272,,,,0->0:Exact,none; server owns swing cadence
79,1.264712,0.016987,Tick,live-sample,true,0xF13000000604A27C,,server,,unchecked,unchecked,none,0.25069812,-4.559748,-4.559748,0,Stand,1.2331141,,,,0->0:Exact,none; server owns swing cadence
80,1.281463,0.016751,Tick,live-sample,true,0xF13000000604A27C,,server,,unchecked,unchecked,none,0.25069812,-4.559748,-4.559748,0,Stand,1.2498654,,,,0->0:Exact,none; server owns swing cadence
81,1.299026,0.017563,Tick,live-sample,true,0xF13000000604A27C,,server,,unchecked,unchecked,none,0.25069812,-4.559748,-4.559748,0,Stand,1.2674284,,,,0->0:Exact,none; server owns swing cadence
82,1.314566,0.015540,Tick,live-sample,true,0xF13000000604A27C,,server,,unchecked,unchecked,none,0.25069812,-4.559748,-4.559748,0,Stand,1.2829684,,,,0->0:Exact,none; server owns swing cadence
83,1.331202,0.016636,Tick,live-sample,true,0xF13000000604A27C,,server,,unchecked,unchecked,none,0.25069812,-4.559748,-4.559748,0,Stand,1.2996048,,,,0->0:Exact,none; server owns swing cadence
84,1.348094,0.016891,Tick,live-sample,true,0xF13000000604A27C,,server,,unchecked,unchecked,none,0.25069812,-4.559748,-4.559748,0,Stand,1.3164963,,,,0->0:Exact,none; server owns swing cadence
85,1.365478,0.017384,Tick,live-sample,true,0xF13000000604A27C,,server,,unchecked,unchecked,none,0.25069812,-4.559748,-4.559748,0,Stand,1.3338808,,,,0->0:Exact,none; server owns swing cadence
86,1.381106,0.015627,Tick,live-sample,true,0xF13000000604A27C,,server,,unchecked,unchecked,none,0.25069812,-4.559748,-4.559748,0,Stand,1.3495079,,,,0->0:Exact,none; server owns swing cadence
87,1.397784,0.016678,Tick,live-sample,true,0xF13000000604A27C,,server,,unchecked,unchecked,none,0.25069812,-4.559748,-4.559748,0,Stand,1.3661858,,,,0->0:Exact,none; server owns swing cadence
88,1.414666,0.016882,Tick,live-sample,true,0xF13000000604A27C,,server,,unchecked,unchecked,none,0.25069812,-4.559748,-4.559748,0,Stand,1.3830678,,,,0->0:Exact,none; server owns swing cadence
89,1.431525,0.016859,Tick,live-sample,true,0xF13000000604A27C,,server,,unchecked,unchecked,none,0.25069812,-4.559748,-4.559748,0,Stand,1.3999271,,,,0->0:Exact,none; server owns swing cadence
90,1.448022,0.016497,Tick,live-sample,true,0xF13000000604A27C,,server,,unchecked,unchecked,none,0.25069812,-4.559748,-4.559748,0,Stand,1.4164238,,,,0->0:Exact,none; server owns swing cadence
91,1.464619,0.016597,Tick,live-sample,true,0xF13000000604A27C,,server,,unchecked,unchecked,none,0.25069812,-4.559748,-4.559748,0,Stand,1.4330208,,,,0->0:Exact,none; server owns swing cadence
92,1.481345,0.016726,Tick,live-sample,true,0xF13000000604A27C,,server,,unchecked,unchecked,none,0.25069812,-4.559748,-4.559748,0,Stand,1.4497471,,,,0->0:Exact,none; server owns swing cadence
93,1.498118,0.016773,Tick,live-sample,true,0xF13000000604A27C,,server,,unchecked,unchecked,none,0.25069812,-4.559748,-4.559748,0,Stand,1.4665204,,,,0->0:Exact,none; server owns swing cadence
94,1.514611,0.016493,Tick,live-sample,true,0xF13000000604A27C,,server,,unchecked,unchecked,none,0.25069812,-4.559748,-4.559748,0,Stand,1.4830132,,,,0->0:Exact,none; server owns swing cadence
95,1.531304,0.016693,Tick,live-sample,true,0xF13000000604A27C,,server,,unchecked,unchecked,none,0.25069812,-4.559748,-4.559748,0,Stand,1.4997058,,,,0->0:Exact,none; server owns swing cadence
96,1.548119,0.016815,Tick,live-sample,true,0xF13000000604A27C,,server,,unchecked,unchecked,none,0.25069812,-4.559748,-4.559748,0,Stand,1.5165207,,,,0->0:Exact,none; server owns swing cadence
97,1.564639,0.016520,Tick,live-sample,true,0xF13000000604A27C,,server,,unchecked,unchecked,none,0.25069812,-4.559748,-4.559748,0,Stand,1.5330409,,,,0->0:Exact,none; server owns swing cadence
98,1.581448,0.016809,Tick,live-sample,true,0xF13000000604A27C,,server,,unchecked,unchecked,none,0.25069812,-4.559748,-4.559748,0,Stand,1.5498502,,,,0->0:Exact,none; server owns swing cadence
99,1.599070,0.017622,Tick,live-sample,true,0xF13000000604A27C,,server,,unchecked,unchecked,none,0.25069812,-4.559748,-4.559748,0,Stand,1.5674726,,,,0->0:Exact,none; server owns swing cadence
100,1.614726,0.015655,Tick,live-sample,true,0xF13000000604A27C,,server,,unchecked,unchecked,none,0.25069812,-4.559748,-4.559748,0,Stand,1.5831277,,,,0->0:Exact,none; server owns swing cadence
101,1.631422,0.016696,Tick,live-sample,true,0xF13000000604A27C,,server,,unchecked,unchecked,none,0.25069812,-4.559748,-4.559748,0,Stand,1.5998241,,,,0->0:Exact,none; server owns swing cadence
102,1.648123,0.016701,Tick,live-sample,true,0xF13000000604A27C,,server,,unchecked,unchecked,none,0.25069812,-4.559748,-4.559748,0,Stand,1.6165248,,,,0->0:Exact,none; server owns swing cadence
103,1.664814,0.016691,Tick,live-sample,true,0xF13000000604A27C,,server,,unchecked,unchecked,none,0.25069812,-4.559748,-4.559748,0,Stand,1.6332163,,,,0->0:Exact,none; server owns swing cadence
104,1.681605,0.016791,Tick,live-sample,true,0xF13000000604A27C,,server,,unchecked,unchecked,none,0.25069812,-4.559748,-4.559748,0,Stand,1.650007,,,,0->0:Exact,none; server owns swing cadence
105,1.698124,0.016519,Tick,live-sample,true,0xF13000000604A27C,,server,,unchecked,unchecked,none,0.25069812,-4.559748,-4.559748,0,Stand,1.6665264,,,,0->0:Exact,none; server owns swing cadence
106,1.714764,0.016640,Tick,live-sample,true,0xF13000000604A27C,,server,,unchecked,unchecked,none,0.25069812,-4.559748,-4.559748,0,Stand,1.6831663,,,,0->0:Exact,none; server owns swing cadence
107,1.731503,0.016739,Tick,live-sample,true,0xF13000000604A27C,,server,,unchecked,unchecked,none,0.25069812,-4.559748,-4.559748,0,Stand,1.6999049,,,,0->0:Exact,none; server owns swing cadence
108,1.748114,0.016612,Tick,live-sample,true,0xF13000000604A27C,,server,,unchecked,unchecked,none,0.25069812,-4.559748,-4.559748,0,Stand,1.7165167,,,,0->0:Exact,none; server owns swing cadence
109,1.765277,0.017162,Tick,live-sample,true,0xF13000000604A27C,,server,,unchecked,unchecked,none,0.25069812,-4.559748,-4.559748,0,Stand,1.7336792,,,,0->0:Exact,none; server owns swing cadence
110,1.781826,0.016549,Tick,live-sample,true,0xF13000000604A27C,,server,,unchecked,unchecked,none,0.25069812,-4.559748,-4.559748,0,Stand,1.7502279,,,,0->0:Exact,none; server owns swing cadence
111,1.798307,0.016482,Tick,live-sample,true,0xF13000000604A27C,,server,,unchecked,unchecked,none,0.25069812,-4.559748,-4.559748,0,Stand,1.7667096,,,,0->0:Exact,none; server owns swing cadence
112,1.815461,0.017154,Tick,live-sample,true,0xF13000000604A27C,,server,,unchecked,unchecked,none,0.25069812,-4.559748,-4.559748,0,Stand,1.7838637,,,,0->0:Exact,none; server owns swing cadence
113,1.831656,0.016195,Tick,live-sample,true,0xF13000000604A27C,,server,,unchecked,unchecked,none,0.25069812,-4.559748,-4.559748,0,Stand,1.8000581,,,,0->0:Exact,none; server owns swing cadence
114,1.848343,0.016687,Tick,live-sample,true,0xF13000000604A27C,,server,,unchecked,unchecked,none,0.25069812,-4.559748,-4.559748,0,Stand,1.8167456,,,,0->0:Exact,none; server owns swing cadence
115,1.864963,0.016619,Tick,live-sample,true,0xF13000000604A27C,,server,,unchecked,unchecked,none,0.25069812,-4.559748,-4.559748,0,Stand,1.8333651,,,,0->0:Exact,none; server owns swing cadence
116,1.881737,0.016774,Tick,live-sample,true,0xF13000000604A27C,,server,,unchecked,unchecked,none,0.25069812,-4.559748,-4.559748,0,Stand,1.8501389,,,,0->0:Exact,none; server owns swing cadence
117,1.899438,0.017702,Tick,live-sample,true,0xF13000000604A27C,,server,,unchecked,unchecked,none,0.25069812,-4.559748,-4.559748,0,Stand,1.8678405,,,,0->0:Exact,none; server owns swing cadence
118,1.915060,0.015621,Tick,live-sample,true,0xF13000000604A27C,,server,,unchecked,unchecked,none,0.25069812,-4.559748,-4.559748,0,Stand,1.8834618,,,,0->0:Exact,none; server owns swing cadence
119,1.931887,0.016828,Tick,live-sample,true,0xF13000000604A27C,,server,,unchecked,unchecked,none,0.25069812,-4.559748,-4.559748,0,Stand,1.9002897,,,,0->0:Exact,none; server owns swing cadence
120,1.948365,0.016477,Tick,live-sample,true,0xF13000000604A27C,,server,,unchecked,unchecked,none,0.25069812,-4.559748,-4.559748,0,Stand,1.9167669,,,,0->0:Exact,none; server owns swing cadence
121,1.965044,0.016680,Tick,live-sample,true,0xF13000000604A27C,,server,,unchecked,unchecked,none,0.25069812,-4.559748,-4.559748,0,Stand,1.9334466,,,,0->0:Exact,none; server owns swing cadence
122,1.981730,0.016685,Tick,live-sample,true,0xF13000000604A27C,,server,,unchecked,unchecked,none,0.25069812,-4.559748,-4.559748,0,Stand,1.9501319,,,,0->0:Exact,none; server owns swing cadence
123,1.998492,0.016763,Tick,live-sample,true,0xF13000000604A27C,,server,,unchecked,unchecked,none,0.25069812,-4.559748,-4.559748,0,Stand,1.9668947,,,,0->0:Exact,none; server owns swing cadence
124,2.015126,0.016634,Tick,live-sample,true,0xF13000000604A27C,,server,,unchecked,unchecked,none,0.25069812,-4.559748,-4.559748,0,Stand,1.9835287,,,,0->0:Exact,none; server owns swing cadence
125,2.031830,0.016704,Tick,live-sample,true,0xF13000000604A27C,,server,,unchecked,unchecked,none,0.25069812,-4.559748,-4.559748,0,Stand,2.0002325,,,,0->0:Exact,none; server owns swing cadence
126,2.048451,0.016621,Tick,live-sample,true,0xF13000000604A27C,,server,,unchecked,unchecked,none,0.25069812,-4.5075316,-4.5075316,0,Stand,2.0168536,,,,0->0:Exact,none; server owns swing cadence
127,2.065242,0.016790,Tick,live-sample,true,0xF13000000604A27C,,server,,unchecked,unchecked,none,0.25069812,-4.454783,-4.454783,0,Stand,2.033644,,,,0->0:Exact,none; server owns swing cadence
128,2.081988,0.016746,Tick,live-sample,true,0xF13000000604A27C,,server,,unchecked,unchecked,none,0.25069812,-4.4021745,-4.4021745,0,Stand,2.0503898,,,,0->0:Exact,none; server owns swing cadence
129,2.099210,0.017223,Tick,live-sample,true,0xF13000000604A27C,,server,,unchecked,unchecked,none,0.25069812,-4.348067,-4.348067,0,Stand,2.0676126,,,,0->0:Exact,none; server owns swing cadence
130,2.115202,0.015991,Tick,live-sample,true,0xF13000000604A27C,,server,,unchecked,unchecked,none,0.25069812,-4.297829,-4.297829,0,Stand,2.0836039,,,,0->0:Exact,none; server owns swing cadence
131,2.131892,0.016690,Tick,live-sample,true,0xF13000000604A27C,,server,,unchecked,unchecked,none,0.25069812,-4.245396,-4.245396,0,Stand,2.1002939,,,,0->0:Exact,none; server owns swing cadence
132,2.148606,0.016715,Tick,live-sample,true,0xF13000000604A27C,,server,,unchecked,unchecked,none,0.25069812,-4.192885,-4.192885,0,Stand,2.1170087,,,,0->0:Exact,none; server owns swing cadence
133,2.165430,0.016824,Tick,live-sample,true,0xF13000000604A27C,,server,,unchecked,unchecked,none,0.25069812,-4.1400323,-4.1400323,0,Stand,2.1338322,,,,0->0:Exact,none; server owns swing cadence
134,2.182012,0.016582,Tick,live-sample,true,0xF13000000604A27C,,server,,unchecked,unchecked,none,0.25069812,-4.087939,-4.087939,0,Stand,2.150414,,,,0->0:Exact,none; server owns swing cadence
135,2.198639,0.016628,Tick,live-sample,true,0xF13000000604A27C,,server,,unchecked,unchecked,none,0.25069812,-4.0357013,-4.0357013,0,Stand,2.1670418,,,,0->0:Exact,none; server owns swing cadence
136,2.215228,0.016589,Tick,live-sample,true,0xF13000000604A27C,,server,,unchecked,unchecked,none,0.25069812,-3.9835858,-3.9835858,0,Stand,2.1836307,,,,0->0:Exact,none; server owns swing cadence
137,2.231866,0.016638,Tick,live-sample,true,0xF13000000604A27C,,server,,unchecked,unchecked,none,0.25069812,-3.9313169,-3.9313169,0,Stand,2.2002685,,,,0->0:Exact,none; server owns swing cadence
138,2.248607,0.016740,Tick,live-sample,true,0xF13000000604A27C,,server,,unchecked,unchecked,none,0.25069812,-3.8787255,-3.8787255,0,Stand,2.2170088,,,,0->0:Exact,none; server owns swing cadence
139,2.265239,0.016632,Tick,live-sample,true,0xF13000000604A27C,,server,,unchecked,unchecked,none,0.25069812,-3.8264737,-3.8264737,0,Stand,2.2336411,,,,0->0:Exact,none; server owns swing cadence
140,2.281889,0.016650,Tick,live-sample,true,0xF13000000604A27C,,server,,unchecked,unchecked,none,0.25069812,-3.7741666,-3.7741666,0,Stand,2.250291,,,,0->0:Exact,none; server owns swing cadence
141,2.298682,0.016794,Tick,live-sample,true,0xF13000000604A27C,,server,,unchecked,unchecked,none,0.25069812,-3.7214074,-3.7214074,0,Stand,2.2670848,,,,0->0:Exact,none; server owns swing cadence
142,2.315668,0.016986,Tick,live-sample,true,0xF13000000604A27C,,server,,unchecked,unchecked,none,0.25069812,-3.6680446,-3.6680446,0,Stand,2.2840707,,,,0->0:Exact,none; server owns swing cadence
143,2.332044,0.016376,Tick,live-sample,true,0xF13000000604A27C,,server,,unchecked,unchecked,none,0.25069812,-3.6165986,-3.6165986,0,Stand,2.3004463,,,,0->0:Exact,none; server owns swing cadence
144,2.348979,0.016935,Tick,live-sample,true,0xF13000000604A27C,,server,,unchecked,unchecked,none,0.25069812,-3.563395,-3.563395,0,Stand,2.3173816,,,,0->0:Exact,none; server owns swing cadence
145,2.365557,0.016578,Tick,live-sample,true,0xF13000000604A27C,,server,,unchecked,unchecked,none,0.25069812,-3.5113149,-3.5113149,0,Stand,2.333959,,,,0->0:Exact,none; server owns swing cadence
146,2.382079,0.016522,Tick,live-sample,true,0xF13000000604A27C,,server,,unchecked,unchecked,none,0.25069812,-3.4594102,-3.4594102,0,Stand,2.350481,,,,0->0:Exact,none; server owns swing cadence
147,2.398697,0.016618,Tick,live-sample,true,0xF13000000604A27C,,server,,unchecked,unchecked,none,0.25069812,-3.4072022,-3.4072022,0,Stand,2.3670993,,,,0->0:Exact,none; server owns swing cadence
148,2.415494,0.016797,Tick,live-sample,true,0xF13000000604A27C,,server,,unchecked,unchecked,none,0.25069812,-3.3544335,-3.3544335,0,Stand,2.3838959,,,,0->0:Exact,none; server owns swing cadence
149,2.432180,0.016686,Tick,live-sample,true,0xF13000000604A27C,,server,,unchecked,unchecked,none,0.25069812,-3.302012,-3.302012,0,Stand,2.400582,,,,0->0:Exact,none; server owns swing cadence
150,2.448924,0.016745,Tick,live-sample,true,0xF13000000604A27C,,server,,unchecked,unchecked,none,0.25069812,-3.2494073,-3.2494073,0,Stand,2.4173267,,,,0->0:Exact,none; server owns swing cadence
151,2.465720,0.016795,Tick,live-sample,true,0xF13000000604A27C,,server,,unchecked,unchecked,none,0.25069812,-3.1966434,-3.1966434,0,Stand,2.434122,,,,0->0:Exact,none; server owns swing cadence
152,2.482163,0.016443,Tick,live-sample,true,0xF13000000604A27C,,server,,unchecked,unchecked,none,0.25069812,-3.1449847,-3.1449847,0,Stand,2.4505656,,,,0->0:Exact,none; server owns swing cadence
153,2.500163,0.018000,Tick,live-sample,true,0xF13000000604A27C,,server,,unchecked,unchecked,none,0.25069812,-3.0884366,-3.0884366,0,Stand,2.4685655,,,,0->0:Exact,none; server owns swing cadence
154,2.515439,0.015276,Tick,live-sample,true,0xF13000000604A27C,,server,,unchecked,unchecked,none,0.25069812,-3.0404458,-3.0404458,0,Stand,2.4838414,,,,0->0:Exact,none; server owns swing cadence
155,2.515439,0.000000,AnimChoice,animator,true,0xF13000000604A27C,,server,,unchecked,unchecked,none,0.25069812,-2.987658,-2.987658,0,Stand,2.4838414,,,,12->12:Exact,track=0 requested=12 played=12 kind=Exact base=0:Stand clipB= blendWeight=0
156,2.532242,0.016803,Tick,live-sample,true,0xF13000000604A27C,,server,,unchecked,unchecked,none,0.25069812,-2.987658,-2.987658,12,ShuffleRight,0.0168029,Stand,2.5006442,0.012944996,12->12:Exact,none; server owns swing cadence
157,2.548693,0.016452,Tick,live-sample,true,0xF13000000604A27C,,server,,unchecked,unchecked,none,0.25069812,-2.9359736,-2.9359736,12,ShuffleRight,0.0332546,Stand,2.5170958,0.048374534,12->12:Exact,none; server owns swing cadence
158,2.565472,0.016779,Tick,live-sample,true,0xF13000000604A27C,,server,,unchecked,unchecked,none,0.25069812,-2.8832612,-2.8832612,12,ShuffleRight,0.0500336,Stand,2.5338748,0.104129136,12->12:Exact,none; server owns swing cadence
159,2.582151,0.016678,Tick,live-sample,true,0xF13000000604A27C,,server,,unchecked,unchecked,none,0.25069812,-2.8308644,-2.8308644,12,ShuffleRight,0.066712,Stand,2.550553,0.17562038,12->12:Exact,none; server owns swing cadence
160,2.598900,0.016750,Tick,live-sample,true,0xF13000000604A27C,,server,,unchecked,unchecked,none,0.25069812,-2.7782445,-2.7782445,12,ShuffleRight,0.0834616,Stand,2.5673027,0.25994372,12->12:Exact,none; server owns swing cadence
161,2.615656,0.016756,Tick,live-sample,true,0xF13000000604A27C,,server,,unchecked,unchecked,none,0.25069812,-2.7256055,-2.7256055,12,ShuffleRight,0.1002171,Stand,2.5840583,0.35325116,12->12:Exact,none; server owns swing cadence
162,2.632305,0.016649,Tick,live-sample,true,0xF13000000604A27C,,server,,unchecked,unchecked,none,0.25069812,-2.6733012,-2.6733012,12,ShuffleRight,0.11686599,Stand,2.6007073,0.4512651,12->12:Exact,none; server owns swing cadence
163,2.648832,0.016527,Tick,live-sample,true,0xF13000000604A27C,,server,,unchecked,unchecked,none,0.25069812,-2.6213794,-2.6213794,12,ShuffleRight,0.1333932,Stand,2.6172345,0.5502838,12->12:Exact,none; server owns swing cadence
164,2.665481,0.016649,Tick,live-sample,true,0xF13000000604A27C,,server,,unchecked,unchecked,none,0.25069812,-2.569075,-2.569075,12,ShuffleRight,0.1500423,Stand,2.6338835,0.64824384,12->12:Exact,none; server owns swing cadence
165,2.682233,0.016752,Tick,live-sample,true,0xF13000000604A27C,,server,,unchecked,unchecked,none,0.25069812,-2.5164466,-2.5164466,12,ShuffleRight,0.16679439,Stand,2.6506355,0.74142194,12->12:Exact,none; server owns swing cadence
166,2.699037,0.016804,Tick,live-sample,true,0xF13000000604A27C,,server,,unchecked,unchecked,none,0.25069812,-2.463655,-2.463655,12,ShuffleRight,0.18359849,Stand,2.6674395,0.8258357,12->12:Exact,none; server owns swing cadence
167,2.715568,0.016531,Tick,live-sample,true,0xF13000000604A27C,,server,,unchecked,unchecked,none,0.25069812,-2.4117217,-2.4117217,12,ShuffleRight,0.20012929,Stand,2.6839702,0.8964962,12->12:Exact,none; server owns swing cadence
168,2.732913,0.017345,Tick,live-sample,true,0xF13000000604A27C,,server,,unchecked,unchecked,none,0.25069812,-2.3572316,-2.3572316,12,ShuffleRight,0.21747388,Stand,2.701315,0.95362324,12->12:Exact,none; server owns swing cadence
169,2.749082,0.016169,Tick,live-sample,true,0xF13000000604A27C,,server,,unchecked,unchecked,none,0.25069812,-2.3064342,-2.3064342,12,ShuffleRight,0.23364328,Stand,2.7174842,0.9877182,12->12:Exact,none; server owns swing cadence
170,2.765637,0.016555,Tick,live-sample,true,0xF13000000604A27C,,server,,unchecked,unchecked,none,0.25069812,-2.2544246,-2.2544246,12,ShuffleRight,0.25019848,,,,12->12:Exact,none; server owns swing cadence
171,2.782307,0.016669,Tick,live-sample,true,0xF13000000604A27C,,server,,unchecked,unchecked,none,0.25069812,-2.2020564,-2.2020564,12,ShuffleRight,0.26686788,,,,12->12:Exact,none; server owns swing cadence
172,2.799129,0.016822,Tick,live-sample,true,0xF13000000604A27C,,server,,unchecked,unchecked,none,0.25069812,-2.1492076,-2.1492076,12,ShuffleRight,0.28369027,,,,12->12:Exact,none; server owns swing cadence
173,2.815881,0.016752,Tick,live-sample,true,0xF13000000604A27C,,server,,unchecked,unchecked,none,0.25069812,-2.09658,-2.09658,12,ShuffleRight,0.30044216,,,,12->12:Exact,none; server owns swing cadence
174,2.832596,0.016715,Tick,live-sample,true,0xF13000000604A27C,,server,,unchecked,unchecked,none,0.25069812,-2.0440679,-2.0440679,12,ShuffleRight,0.31715715,,,,12->12:Exact,none; server owns swing cadence
175,2.849200,0.016604,Tick,live-sample,true,0xF13000000604A27C,,server,,unchecked,unchecked,none,0.25069812,-1.9919056,-1.9919056,12,ShuffleRight,0.33376086,,,,12->12:Exact,none; server owns swing cadence
176,2.865892,0.016692,Tick,live-sample,true,0xF13000000604A27C,,server,,unchecked,unchecked,none,0.25069812,-1.9394649,-1.9394649,12,ShuffleRight,0.35045305,,,,12->12:Exact,none; server owns swing cadence
177,2.882483,0.016591,Tick,live-sample,true,0xF13000000604A27C,,server,,unchecked,unchecked,none,0.25069812,-1.8873419,-1.8873419,12,ShuffleRight,0.36704424,,,,12->12:Exact,none; server owns swing cadence
178,2.900338,0.017855,Tick,live-sample,true,0xF13000000604A27C,,server,,unchecked,unchecked,none,0.25069812,-1.8312486,-1.8312486,12,ShuffleRight,0.38489935,,,,12->12:Exact,none; server owns swing cadence
179,2.915848,0.015510,Tick,live-sample,true,0xF13000000604A27C,,server,,unchecked,unchecked,none,0.25069812,-1.7825226,-1.7825226,12,ShuffleRight,0.40040946,,,,12->12:Exact,none; server owns swing cadence
180,2.932569,0.016721,Tick,live-sample,true,0xF13000000604A27C,,server,,unchecked,unchecked,none,0.25069812,-1.7299923,-1.7299923,12,ShuffleRight,0.41713056,,,,12->12:Exact,none; server owns swing cadence
181,2.949580,0.017011,Tick,live-sample,true,0xF13000000604A27C,,server,,unchecked,unchecked,none,0.25069812,-1.6765503,-1.6765503,12,ShuffleRight,0.43414167,,,,12->12:Exact,none; server owns swing cadence
182,2.965836,0.016256,Tick,live-sample,true,0xF13000000604A27C,,server,,unchecked,unchecked,none,0.25069812,-1.625481,-1.625481,12,ShuffleRight,0.45039755,,,,12->12:Exact,none; server owns swing cadence
183,2.982480,0.016643,Tick,live-sample,true,0xF13000000604A27C,,server,,unchecked,unchecked,none,0.25069812,-1.5731949,-1.5731949,12,ShuffleRight,0.46704075,,,,12->12:Exact,none; server owns swing cadence
184,2.999426,0.016947,Tick,live-sample,true,0xF13000000604A27C,,server,,unchecked,unchecked,none,0.25069812,-1.519956,-1.519956,12,ShuffleRight,0.48398724,,,,12->12:Exact,none; server owns swing cadence
185,3.016074,0.016648,Tick,live-sample,true,0xF13000000604A27C,,server,,unchecked,unchecked,none,0.25069812,-1.4676565,-1.4676565,12,ShuffleRight,0.50063473,,,,12->12:Exact,none; server owns swing cadence
186,3.032483,0.016410,Tick,live-sample,true,0xF13000000604A27C,,server,,unchecked,unchecked,none,0.25069812,-1.4161037,-1.4161037,12,ShuffleRight,0.5170443,,,,12->12:Exact,none; server owns swing cadence
187,3.049296,0.016813,Tick,live-sample,true,0xF13000000604A27C,,server,,unchecked,unchecked,none,0.25069812,-1.3632854,-1.3632854,12,ShuffleRight,0.5338569,,,,12->12:Exact,none; server owns swing cadence
188,3.065885,0.016589,Tick,live-sample,true,0xF13000000604A27C,,server,,unchecked,unchecked,none,0.25069812,-1.3632854,-1.3632854,12,ShuffleRight,0.55044615,,,,12->12:Exact,none; server owns swing cadence
189,3.082745,0.016860,Tick,live-sample,true,0xF13000000604A27C,,server,,unchecked,unchecked,none,0.25069812,-1.3632854,-1.3632854,12,ShuffleRight,0.5673063,,,,12->12:Exact,none; server owns swing cadence
190,3.099328,0.016583,Tick,live-sample,true,0xF13000000604A27C,,server,,unchecked,unchecked,none,0.25069812,-1.3632854,-1.3632854,12,ShuffleRight,0.5838896,,,,12->12:Exact,none; server owns swing cadence
191,3.116100,0.016772,Tick,live-sample,true,0xF13000000604A27C,,server,,unchecked,unchecked,none,0.25069812,-1.3632854,-1.3632854,12,ShuffleRight,0.6006611,,,,12->12:Exact,none; server owns swing cadence
192,3.116100,0.000000,AnimChoice,animator,true,0xF13000000604A27C,,server,,unchecked,unchecked,none,0.25069812,-1.3632854,-1.3632854,12,ShuffleRight,0.6006611,,,,0->0:Exact,track=0 requested=0 played=0 kind=Exact base=12:ShuffleRight clipB= blendWeight=0
193,3.132698,0.016599,Tick,live-sample,true,0xF13000000604A27C,,server,,unchecked,unchecked,none,0.25069812,-1.3632854,-1.3632854,0,Stand,0.0165985,ShuffleRight,0.6172596,0.005022943,0->0:Exact,none; server owns swing cadence
194,3.149507,0.016809,Tick,live-sample,true,0xF13000000604A27C,,server,,unchecked,unchecked,none,0.25069812,-1.3632854,-1.3632854,0,Stand,0.0334073,ShuffleRight,0.6340684,0.019760787,0->0:Exact,none; server owns swing cadence
195,3.166158,0.016651,Tick,live-sample,true,0xF13000000604A27C,,server,,unchecked,unchecked,none,0.25069812,-1.3632854,-1.3632854,0,Stand,0.0500581,ShuffleRight,0.6507192,0.043064117,0->0:Exact,none; server owns swing cadence
196,3.182932,0.016774,Tick,live-sample,true,0xF13000000604A27C,,server,,unchecked,unchecked,none,0.25069812,-1.3632854,-1.3632854,0,Stand,0.066832,ShuffleRight,0.6674931,0.07441884,0->0:Exact,none; server owns swing cadence
197,3.200546,0.017614,Tick,live-sample,true,0xF13000000604A27C,,server,,unchecked,unchecked,none,0.25069812,-1.3632854,-1.3632854,0,Stand,0.084446296,ShuffleRight,0.6851074,0.114890814,0->0:Exact,none; server owns swing cadence
198,3.216117,0.015571,Tick,live-sample,true,0xF13000000604A27C,,server,,unchecked,unchecked,none,0.25069812,-1.3632854,-1.3632854,0,Stand,0.100017495,ShuffleRight,0.7006786,0.15629923,0->0:Exact,none; server owns swing cadence
199,3.232975,0.016858,Tick,live-sample,true,0xF13000000604A27C,,server,,unchecked,unchecked,none,0.25069812,-1.3632854,-1.3632854,0,Stand,0.116875194,ShuffleRight,0.7175363,0.20623112,0->0:Exact,none; server owns swing cadence
200,3.249959,0.016984,Tick,live-sample,true,0xF13000000604A27C,,server,,unchecked,unchecked,none,0.25069812,-1.3632854,-1.3632854,0,Stand,0.1338591,ShuffleRight,0.7345202,0.26101363,0->0:Exact,none; server owns swing cadence
201,3.266125,0.016166,Tick,live-sample,true,0xF13000000604A27C,,server,,unchecked,unchecked,none,0.25069812,-1.3632854,-1.3632854,0,Stand,0.1500247,ShuffleRight,0.7506858,0.31649315,0->0:Exact,none; server owns swing cadence
202,3.283243,0.017118,Tick,live-sample,true,0xF13000000604A27C,,server,,unchecked,unchecked,none,0.25069812,-1.3632854,-1.3632854,0,Stand,0.16714309,ShuffleRight,0.7678042,0.37789524,0->0:Exact,none; server owns swing cadence
203,3.299460,0.016217,Tick,live-sample,true,0xF13000000604A27C,,server,,unchecked,unchecked,none,0.25069812,-1.3632854,-1.3632854,0,Stand,0.18336019,ShuffleRight,0.7840213,0.4377448,0->0:Exact,none; server owns swing cadence
204,3.316093,0.016632,Tick,live-sample,true,0xF13000000604A27C,,server,,unchecked,unchecked,none,0.25069812,-1.3632854,-1.3632854,0,Stand,0.19999269,ShuffleRight,0.8006538,0.49997264,0->0:Exact,none; server owns swing cadence
205,3.332979,0.016887,Tick,live-sample,true,0xF13000000604A27C,,server,,unchecked,unchecked,none,0.25069812,-1.3632854,-1.3632854,0,Stand,0.21687938,ShuffleRight,0.8175405,0.5631474,0->0:Exact,none; server owns swing cadence
206,3.350002,0.017022,Tick,live-sample,true,0xF13000000604A27C,,server,,unchecked,unchecked,none,0.25069812,-1.3632854,-1.3632854,0,Stand,0.23390178,ShuffleRight,0.8345629,0.6259142,0->0:Exact,none; server owns swing cadence
207,3.366635,0.016633,Tick,live-sample,true,0xF13000000604A27C,,server,,unchecked,unchecked,none,0.25069812,-1.3632854,-1.3632854,0,Stand,0.25053468,ShuffleRight,0.8511958,0.68547225,0->0:Exact,none; server owns swing cadence
208,3.383015,0.016381,Tick,live-sample,true,0xF13000000604A27C,,server,,unchecked,unchecked,none,0.25069812,-1.3632854,-1.3632854,0,Stand,0.2669153,ShuffleRight,0.8675764,0.74156916,0->0:Exact,none; server owns swing cadence
209,3.399433,0.016417,Tick,live-sample,true,0xF13000000604A27C,,server,,unchecked,unchecked,none,0.25069812,-1.3632854,-1.3632854,0,Stand,0.2833328,ShuffleRight,0.8839939,0.7944139,0->0:Exact,none; server owns swing cadence
210,3.416273,0.016841,Tick,live-sample,true,0xF13000000604A27C,,server,,unchecked,unchecked,none,0.25069812,-1.3632854,-1.3632854,0,Stand,0.3001734,ShuffleRight,0.9008345,0.84423745,0->0:Exact,none; server owns swing cadence
211,3.432890,0.016617,Tick,live-sample,true,0xF13000000604A27C,,server,,unchecked,unchecked,none,0.25069812,-1.3632854,-1.3632854,0,Stand,0.3167904,ShuffleRight,0.9174515,0.88818216,0->0:Exact,none; server owns swing cadence
212,3.449937,0.017046,Tick,live-sample,true,0xF13000000604A27C,,server,,unchecked,unchecked,none,0.25069812,-1.3632854,-1.3632854,0,Stand,0.3338368,ShuffleRight,0.9344979,0.9269717,0->0:Exact,none; server owns swing cadence
213,3.466501,0.016564,Tick,live-sample,true,0xF13000000604A27C,,server,,unchecked,unchecked,none,0.25069812,-1.3632854,-1.3632854,0,Stand,0.3504007,ShuffleRight,0.9510618,0.9576864,0->0:Exact,none; server owns swing cadence
214,3.482770,0.016269,Tick,live-sample,true,0xF13000000604A27C,,server,,unchecked,unchecked,none,0.25069812,-1.3632854,-1.3632854,0,Stand,0.36666998,ShuffleRight,0.9673311,0.9803279,0->0:Exact,none; server owns swing cadence
215,3.500909,0.018139,Tick,live-sample,true,0xF13000000604A27C,,server,,unchecked,unchecked,none,0.25069812,-1.3632854,-1.3632854,0,Stand,0.38480908,ShuffleRight,0.98547024,0.99578273,0->0:Exact,none; server owns swing cadence
216,3.516538,0.015629,Tick,live-sample,true,0xF13000000604A27C,,server,,unchecked,unchecked,none,0.25069812,-1.3632854,-1.3632854,0,Stand,0.4004382,,,,0->0:Exact,none; server owns swing cadence
217,3.533196,0.016658,Tick,live-sample,true,0xF13000000604A27C,,server,,unchecked,unchecked,none,0.25069812,-1.3632854,-1.3632854,0,Stand,0.41709608,,,,0->0:Exact,none; server owns swing cadence
218,3.549768,0.016572,Tick,live-sample,true,0xF13000000604A27C,,server,,unchecked,unchecked,none,0.25069812,-1.3632854,-1.3632854,0,Stand,0.43366778,,,,0->0:Exact,none; server owns swing cadence
219,3.566682,0.016914,Tick,live-sample,true,0xF13000000604A27C,,server,,unchecked,unchecked,none,0.25069812,-1.3632854,-1.3632854,0,Stand,0.45058197,,,,0->0:Exact,none; server owns swing cadence
220,3.583040,0.016358,Tick,live-sample,true,0xF13000000604A27C,,server,,unchecked,unchecked,none,0.25069812,-1.3632854,-1.3632854,0,Stand,0.46694008,,,,0->0:Exact,none; server owns swing cadence
221,3.599866,0.016826,Tick,live-sample,true,0xF13000000604A27C,,server,,unchecked,unchecked,none,0.25069812,-1.3632854,-1.3632854,0,Stand,0.4837663,,,,0->0:Exact,none; server owns swing cadence
222,3.616455,0.016588,Tick,live-sample,true,0xF13000000604A27C,,server,,unchecked,unchecked,none,0.25069812,-1.3632854,-1.3632854,0,Stand,0.5003547,,,,0->0:Exact,none; server owns swing cadence
223,3.633207,0.016752,Tick,live-sample,true,0xF13000000604A27C,,server,,unchecked,unchecked,none,0.25069812,-1.3632854,-1.3632854,0,Stand,0.5171067,,,,0->0:Exact,none; server owns swing cadence
224,3.649564,0.016357,Tick,live-sample,true,0xF13000000604A27C,,server,,unchecked,unchecked,none,0.25069812,-1.3632854,-1.3632854,0,Stand,0.533464,,,,0->0:Exact,none; server owns swing cadence
225,3.667019,0.017455,Tick,live-sample,true,0xF13000000604A27C,,server,,unchecked,unchecked,none,0.25069812,-1.3632854,-1.3632854,0,Stand,0.5509193,,,,0->0:Exact,none; server owns swing cadence
226,3.683484,0.016465,Tick,live-sample,true,0xF13000000604A27C,,server,,unchecked,unchecked,none,0.25069812,-1.3632854,-1.3632854,0,Stand,0.5673846,,,,0->0:Exact,none; server owns swing cadence
227,3.699812,0.016327,Tick,live-sample,true,0xF13000000604A27C,,server,,unchecked,unchecked,none,0.25069812,-1.3632854,-1.3632854,0,Stand,0.583712,,,,0->0:Exact,none; server owns swing cadence
228,3.716360,0.016548,Tick,live-sample,true,0xF13000000604A27C,,server,,unchecked,unchecked,none,0.25069812,-1.3632854,-1.3632854,0,Stand,0.60025966,,,,0->0:Exact,none; server owns swing cadence
229,3.733329,0.016969,Tick,live-sample,true,0xF13000000604A27C,,server,,unchecked,unchecked,none,0.25069812,-1.3632854,-1.3632854,0,Stand,0.61722875,,,,0->0:Exact,none; server owns swing cadence
230,3.749837,0.016508,Tick,live-sample,true,0xF13000000604A27C,,server,,unchecked,unchecked,none,0.25069812,-1.3632854,-1.3632854,0,Stand,0.63373697,,,,0->0:Exact,none; server owns swing cadence
231,3.766687,0.016850,Tick,live-sample,true,0xF13000000604A27C,,server,,unchecked,unchecked,none,0.25069812,-1.3632854,-1.3632854,0,Stand,0.6505874,,,,0->0:Exact,none; server owns swing cadence
232,3.783133,0.016446,Tick,live-sample,true,0xF13000000604A27C,,server,,unchecked,unchecked,none,0.25069812,-1.3632854,-1.3632854,0,Stand,0.6670332,,,,0->0:Exact,none; server owns swing cadence
233,3.800988,0.017855,Tick,live-sample,true,0xF13000000604A27C,,server,,unchecked,unchecked,none,0.25069812,-1.3632854,-1.3632854,0,Stand,0.6848881,,,,0->0:Exact,none; server owns swing cadence
234,3.816399,0.015411,Tick,live-sample,true,0xF13000000604A27C,,server,,unchecked,unchecked,none,0.25069812,-1.3632854,-1.3632854,0,Stand,0.70029914,,,,0->0:Exact,none; server owns swing cadence
235,3.833207,0.016808,Tick,live-sample,true,0xF13000000604A27C,,server,,unchecked,unchecked,none,0.25069812,-1.3632854,-1.3632854,0,Stand,0.71710694,,,,0->0:Exact,none; server owns swing cadence
236,3.849784,0.016578,Tick,live-sample,true,0xF13000000604A27C,,server,,unchecked,unchecked,none,0.25069812,-1.3632854,-1.3632854,0,Stand,0.73368454,,,,0->0:Exact,none; server owns swing cadence
237,3.866772,0.016988,Tick,live-sample,true,0xF13000000604A27C,,server,,unchecked,unchecked,none,0.25069812,-1.3632854,-1.3632854,0,Stand,0.75067246,,,,0->0:Exact,none; server owns swing cadence
238,3.883509,0.016736,Tick,live-sample,true,0xF13000000604A27C,,server,,unchecked,unchecked,none,0.25069812,-1.3632854,-1.3632854,0,Stand,0.7674088,,,,0->0:Exact,none; server owns swing cadence
239,3.900182,0.016673,Tick,live-sample,true,0xF13000000604A27C,,server,,unchecked,unchecked,none,0.25069812,-1.3632854,-1.3632854,0,Stand,0.7840818,,,,0->0:Exact,none; server owns swing cadence
240,3.916516,0.016335,Tick,live-sample,true,0xF13000000604A27C,,server,,unchecked,unchecked,none,0.25069812,-1.3632854,-1.3632854,0,Stand,0.8004163,,,,0->0:Exact,none; server owns swing cadence
241,3.933223,0.016707,Tick,live-sample,true,0xF13000000604A27C,,server,,unchecked,unchecked,none,0.25069812,-1.3632854,-1.3632854,0,Stand,0.8171228,,,,0->0:Exact,none; server owns swing cadence
242,3.949976,0.016753,Tick,live-sample,true,0xF13000000604A27C,,server,,unchecked,unchecked,none,0.25069812,-1.3632854,-1.3632854,0,Stand,0.833876,,,,0->0:Exact,none; server owns swing cadence
243,3.966699,0.016723,Tick,live-sample,true,0xF13000000604A27C,,server,,unchecked,unchecked,none,0.25069812,-1.3632854,-1.3632854,0,Stand,0.850599,,,,0->0:Exact,none; server owns swing cadence
244,3.983483,0.016784,Tick,live-sample,true,0xF13000000604A27C,,server,,unchecked,unchecked,none,0.25069812,-1.3632854,-1.3632854,0,Stand,0.86738276,,,,0->0:Exact,none; server owns swing cadence
245,4.000262,0.016779,Tick,live-sample,true,0xF13000000604A27C,,server,,unchecked,unchecked,none,0.25069812,-1.3632854,-1.3632854,0,Stand,0.8841619,,,,0->0:Exact,none; server owns swing cadence
246,4.016730,0.016468,Tick,live-sample,true,0xF13000000604A27C,,server,,unchecked,unchecked,none,0.25069812,-1.3632854,-1.3632854,0,Stand,0.90063,,,,0->0:Exact,none; server owns swing cadence
247,4.033455,0.016725,Tick,live-sample,true,0xF13000000604A27C,,server,,unchecked,unchecked,none,0.25069812,-1.3632854,-1.3632854,0,Stand,0.9173549,,,,0->0:Exact,none; server owns swing cadence
248,4.050172,0.016717,Tick,live-sample,true,0xF13000000604A27C,,server,,unchecked,unchecked,none,0.25069812,-1.3632854,-1.3632854,0,Stand,0.9340722,,,,0->0:Exact,none; server owns swing cadence
249,4.066598,0.016426,Tick,live-sample,true,0xF13000000604A27C,,server,,unchecked,unchecked,none,0.25069812,-1.3632854,-1.3632854,0,Stand,0.9504979,,,,0->0:Exact,none; server owns swing cadence
250,4.083641,0.017044,Tick,live-sample,true,0xF13000000604A27C,,server,,unchecked,unchecked,none,0.25069812,-1.3632854,-1.3632854,0,Stand,0.9675415,,,,0->0:Exact,none; server owns swing cadence
251,4.101483,0.017841,Tick,live-sample,true,0xF13000000604A27C,,server,,unchecked,unchecked,none,0.25069812,-1.3632854,-1.3632854,0,Stand,0.9853829,,,,0->0:Exact,none; server owns swing cadence
252,4.116696,0.015213,Tick,live-sample,true,0xF13000000604A27C,,server,,unchecked,unchecked,none,0.25069812,-1.3632854,-1.3632854,0,Stand,1.000596,,,,0->0:Exact,none; server owns swing cadence
253,4.133472,0.016776,Tick,live-sample,true,0xF13000000604A27C,,server,,unchecked,unchecked,none,0.25069812,-1.3632854,-1.3632854,0,Stand,1.0173719,,,,0->0:Exact,none; server owns swing cadence
254,4.150306,0.016834,Tick,live-sample,true,0xF13000000604A27C,,server,,unchecked,unchecked,none,0.25069812,-1.3632854,-1.3632854,0,Stand,1.0342064,,,,0->0:Exact,none; server owns swing cadence
255,4.166760,0.016454,Tick,live-sample,true,0xF13000000604A27C,,server,,unchecked,unchecked,none,0.25069812,-1.3632854,-1.3632854,0,Stand,1.0506599,,,,0->0:Exact,none; server owns swing cadence
256,4.183668,0.016909,Tick,live-sample,true,0xF13000000604A27C,,server,,unchecked,unchecked,none,0.25069812,-1.3632854,-1.3632854,0,Stand,1.0675685,,,,0->0:Exact,none; server owns swing cadence
257,4.200070,0.016401,Tick,live-sample,true,0xF13000000604A27C,,server,,unchecked,unchecked,none,0.25069812,-1.3632854,-1.3632854,0,Stand,1.0839698,,,,0->0:Exact,none; server owns swing cadence
258,4.216967,0.016897,Tick,live-sample,true,0xF13000000604A27C,,server,,unchecked,unchecked,none,0.25069812,-1.3632854,-1.3632854,0,Stand,1.1008668,,,,0->0:Exact,none; server owns swing cadence
259,4.233660,0.016693,Tick,live-sample,true,0xF13000000604A27C,,server,,unchecked,unchecked,none,0.25069812,-1.3632854,-1.3632854,0,Stand,1.1175599,,,,0->0:Exact,none; server owns swing cadence
260,4.250472,0.016813,Tick,live-sample,true,0xF13000000604A27C,,server,,unchecked,unchecked,none,0.25069812,-1.3632854,-1.3632854,0,Stand,1.1343727,,,,0->0:Exact,none; server owns swing cadence
261,4.267052,0.016580,Tick,live-sample,true,0xF13000000604A27C,,server,,unchecked,unchecked,none,0.25069812,-1.3632854,-1.3632854,0,Stand,1.1509525,,,,0->0:Exact,none; server owns swing cadence
262,4.283730,0.016678,Tick,live-sample,true,0xF13000000604A27C,,server,,unchecked,unchecked,none,0.25069812,-1.3632854,-1.3632854,0,Stand,1.1676308,,,,0->0:Exact,none; server owns swing cadence
263,4.300236,0.016506,Tick,live-sample,true,0xF13000000604A27C,,server,,unchecked,unchecked,none,0.25069812,-1.3632854,-1.3632854,0,Stand,1.1841364,,,,0->0:Exact,none; server owns swing cadence
264,4.316913,0.016677,Tick,live-sample,true,0xF13000000604A27C,,server,,unchecked,unchecked,none,0.25069812,-1.3632854,-1.3632854,0,Stand,1.2008135,,,,0->0:Exact,none; server owns swing cadence
265,4.333950,0.017036,Tick,live-sample,true,0xF13000000604A27C,,server,,unchecked,unchecked,none,0.25069812,-1.3632854,-1.3632854,0,Stand,1.21785,,,,0->0:Exact,none; server owns swing cadence
266,4.350123,0.016173,Tick,live-sample,true,0xF13000000604A27C,,server,,unchecked,unchecked,none,0.25069812,-1.3632854,-1.3632854,0,Stand,1.2340232,,,,0->0:Exact,none; server owns swing cadence
267,4.366840,0.016717,Tick,live-sample,true,0xF13000000604A27C,,server,,unchecked,unchecked,none,0.25069812,-1.3632854,-1.3632854,0,Stand,1.2507403,,,,0->0:Exact,none; server owns swing cadence
268,4.383966,0.017126,Tick,live-sample,true,0xF13000000604A27C,,server,,unchecked,unchecked,none,0.25069812,-1.3632854,-1.3632854,0,Stand,1.2678667,,,,0->0:Exact,none; server owns swing cadence
269,4.401899,0.017933,Tick,live-sample,true,0xF13000000604A27C,,server,,unchecked,unchecked,none,0.25069812,-1.3632854,-1.3632854,0,Stand,1.2857996,,,,0->0:Exact,none; server owns swing cadence
270,4.417237,0.015337,Tick,live-sample,true,0xF13000000604A27C,,server,,unchecked,unchecked,none,0.25069812,-1.3632854,-1.3632854,0,Stand,1.3011371,,,,0->0:Exact,none; server owns swing cadence
271,4.433655,0.016419,Tick,live-sample,true,0xF13000000604A27C,,server,,unchecked,unchecked,none,0.25069812,-1.3632854,-1.3632854,0,Stand,1.3175558,,,,0->0:Exact,none; server owns swing cadence
272,4.450753,0.017098,Tick,live-sample,true,0xF13000000604A27C,,server,,unchecked,unchecked,none,0.25069812,-1.3632854,-1.3632854,0,Stand,1.3346535,,,,0->0:Exact,none; server owns swing cadence
273,4.467301,0.016548,Tick,live-sample,true,0xF13000000604A27C,,server,,unchecked,unchecked,none,0.25069812,-1.3632854,-1.3632854,0,Stand,1.351201,,,,0->0:Exact,none; server owns swing cadence
274,4.483902,0.016601,Tick,live-sample,true,0xF13000000604A27C,,server,,unchecked,unchecked,none,0.25069812,-1.3632854,-1.3632854,0,Stand,1.3678019,,,,0->0:Exact,none; server owns swing cadence
275,4.500672,0.016770,Tick,live-sample,true,0xF13000000604A27C,,server,,unchecked,unchecked,none,0.25069812,-1.3632854,-1.3632854,0,Stand,1.3845719,,,,0->0:Exact,none; server owns swing cadence
276,4.517295,0.016623,Tick,live-sample,true,0xF13000000604A27C,,server,,unchecked,unchecked,none,0.25069812,-1.3632854,-1.3632854,0,Stand,1.4011949,,,,0->0:Exact,none; server owns swing cadence
277,4.533881,0.016586,Tick,live-sample,true,0xF13000000604A27C,,server,,unchecked,unchecked,none,0.25069812,-1.3632854,-1.3632854,0,Stand,1.4177811,,,,0->0:Exact,none; server owns swing cadence
278,4.550508,0.016627,Tick,live-sample,true,0xF13000000604A27C,,server,,unchecked,unchecked,none,0.25069812,-1.3632854,-1.3632854,0,Stand,1.4344078,,,,0->0:Exact,none; server owns swing cadence
279,4.567453,0.016946,Tick,live-sample,true,0xF13000000604A27C,,server,,unchecked,unchecked,none,0.25069812,-1.3632854,-1.3632854,0,Stand,1.4513537,,,,0->0:Exact,none; server owns swing cadence
280,4.584002,0.016549,Tick,live-sample,true,0xF13000000604A27C,,server,,unchecked,unchecked,none,0.25069812,-1.3632854,-1.3632854,0,Stand,1.4679025,,,,0->0:Exact,none; server owns swing cadence
281,4.600669,0.016667,Tick,live-sample,true,0xF13000000604A27C,,server,,unchecked,unchecked,none,0.25069812,-1.3632854,-1.3632854,0,Stand,1.4845693,,,,0->0:Exact,none; server owns swing cadence
282,4.617346,0.016677,Tick,live-sample,true,0xF13000000604A27C,,server,,unchecked,unchecked,none,0.25069812,-1.3632854,-1.3632854,0,Stand,1.5012461,,,,0->0:Exact,none; server owns swing cadence
283,4.634258,0.016912,Tick,live-sample,true,0xF13000000604A27C,,server,,unchecked,unchecked,none,0.25069812,-1.3632854,-1.3632854,0,Stand,1.5181582,,,,0->0:Exact,none; server owns swing cadence
284,4.650685,0.016427,Tick,live-sample,true,0xF13000000604A27C,,server,,unchecked,unchecked,none,0.25069812,-1.3632854,-1.3632854,0,Stand,1.5345856,,,,0->0:Exact,none; server owns swing cadence
285,4.667483,0.016797,Tick,live-sample,true,0xF13000000604A27C,,server,,unchecked,unchecked,none,0.25069812,-1.3632854,-1.3632854,0,Stand,1.5513828,,,,0->0:Exact,none; server owns swing cadence
286,4.683895,0.016413,Tick,live-sample,true,0xF13000000604A27C,,server,,unchecked,unchecked,none,0.25069812,-1.3632854,-1.3632854,0,Stand,1.5677954,,,,0->0:Exact,none; server owns swing cadence
287,4.702100,0.018205,Tick,live-sample,true,0xF13000000604A27C,,server,,unchecked,unchecked,none,0.25069812,-1.3632854,-1.3632854,0,Stand,1.5860004,,,,0->0:Exact,none; server owns swing cadence
288,4.717343,0.015243,Tick,live-sample,true,0xF13000000604A27C,,server,,unchecked,unchecked,none,0.25069812,-1.3632854,-1.3632854,0,Stand,1.6012436,,,,0->0:Exact,none; server owns swing cadence
289,4.734108,0.016764,Tick,live-sample,true,0xF13000000604A27C,,server,,unchecked,unchecked,none,0.25069812,-1.3632854,-1.3632854,0,Stand,1.618008,,,,0->0:Exact,none; server owns swing cadence
290,4.751029,0.016921,Tick,live-sample,true,0xF13000000604A27C,,server,,unchecked,unchecked,none,0.25069812,-1.3632854,-1.3632854,0,Stand,1.6349294,,,,0->0:Exact,none; server owns swing cadence
291,4.767530,0.016501,Tick,live-sample,true,0xF13000000604A27C,,server,,unchecked,unchecked,none,0.25069812,-1.3632854,-1.3632854,0,Stand,1.6514307,,,,0->0:Exact,none; server owns swing cadence
292,4.784027,0.016497,Tick,live-sample,true,0xF13000000604A27C,,server,,unchecked,unchecked,none,0.25069812,-1.3632854,-1.3632854,0,Stand,1.6679276,,,,0->0:Exact,none; server owns swing cadence
293,4.800749,0.016721,Tick,live-sample,true,0xF13000000604A27C,,server,,unchecked,unchecked,none,0.25069812,-1.3632854,-1.3632854,0,Stand,1.684649,,,,0->0:Exact,none; server owns swing cadence
294,4.817577,0.016828,Tick,live-sample,true,0xF13000000604A27C,,server,,unchecked,unchecked,none,0.25069812,-1.3632854,-1.3632854,0,Stand,1.701477,,,,0->0:Exact,none; server owns swing cadence
295,4.834198,0.016621,Tick,live-sample,true,0xF13000000604A27C,,server,,unchecked,unchecked,none,0.25069812,-1.3632854,-1.3632854,0,Stand,1.7180983,,,,0->0:Exact,none; server owns swing cadence
296,4.851130,0.016932,Tick,live-sample,true,0xF13000000604A27C,,server,,unchecked,unchecked,none,0.25069812,-1.3632854,-1.3632854,0,Stand,1.73503,,,,0->0:Exact,none; server owns swing cadence
297,4.867252,0.016122,Tick,live-sample,true,0xF13000000604A27C,,server,,unchecked,unchecked,none,0.25069812,-1.3632854,-1.3632854,0,Stand,1.7511522,,,,0->0:Exact,none; server owns swing cadence
298,4.884435,0.017183,Tick,live-sample,true,0xF13000000604A27C,,server,,unchecked,unchecked,none,0.25069812,-1.3632854,-1.3632854,0,Stand,1.7683347,,,,0->0:Exact,none; server owns swing cadence
299,4.900644,0.016210,Tick,live-sample,true,0xF13000000604A27C,,server,,unchecked,unchecked,none,0.25069812,-1.3632854,-1.3632854,0,Stand,1.7845445,,,,0->0:Exact,none; server owns swing cadence
300,4.917511,0.016867,Tick,live-sample,true,0xF13000000604A27C,,server,,unchecked,unchecked,none,0.25069812,-1.3632854,-1.3632854,0,Stand,1.8014116,,,,0->0:Exact,none; server owns swing cadence
301,4.934213,0.016702,Tick,live-sample,true,0xF13000000604A27C,,server,,unchecked,unchecked,none,0.25069812,-1.3632854,-1.3632854,0,Stand,1.8181133,,,,0->0:Exact,none; server owns swing cadence
302,4.950900,0.016686,Tick,live-sample,true,0xF13000000604A27C,,server,,unchecked,unchecked,none,0.25069812,-1.3632854,-1.3632854,0,Stand,1.8347998,,,,0->0:Exact,none; server owns swing cadence
303,4.967605,0.016705,Tick,live-sample,true,0xF13000000604A27C,,server,,unchecked,unchecked,none,0.25069812,-1.3632854,-1.3632854,0,Stand,1.8515053,,,,0->0:Exact,none; server owns swing cadence
304,4.984342,0.016737,Tick,live-sample,true,0xF13000000604A27C,,server,,unchecked,unchecked,none,0.25069812,-1.3632854,-1.3632854,0,Stand,1.868242,,,,0->0:Exact,none; server owns swing cadence
305,5.002058,0.017717,Tick,live-sample,true,0xF13000000604A27C,,server,,unchecked,unchecked,none,0.25069812,-1.3632854,-1.3632854,0,Stand,1.8859587,,,,0->0:Exact,none; server owns swing cadence
306,5.017793,0.015734,Tick,live-sample,true,0xF13000000604A27C,,server,,unchecked,unchecked,none,0.25069812,-1.3632854,-1.3632854,0,Stand,1.9016929,,,,0->0:Exact,none; server owns swing cadence
307,5.034120,0.016328,Tick,live-sample,true,0xF13000000604A27C,,server,,unchecked,unchecked,none,0.25069812,-1.3632854,-1.3632854,0,Stand,1.9180207,,,,0->0:Exact,none; server owns swing cadence
308,5.050758,0.016638,Tick,live-sample,true,0xF13000000604A27C,,server,,unchecked,unchecked,none,0.25069812,-1.3632854,-1.3632854,0,Stand,1.9346583,,,,0->0:Exact,none; server owns swing cadence
309,5.067510,0.016752,Tick,live-sample,true,0xF13000000604A27C,,server,,unchecked,unchecked,none,0.25069812,-1.3632854,-1.3632854,0,Stand,1.9514102,,,,0->0:Exact,none; server owns swing cadence
310,5.084336,0.016826,Tick,live-sample,true,0xF13000000604A27C,,server,,unchecked,unchecked,none,0.25069812,-1.3632854,-1.3632854,0,Stand,1.9682359,,,,0->0:Exact,none; server owns swing cadence
311,5.100764,0.016428,Tick,live-sample,true,0xF13000000604A27C,,server,,unchecked,unchecked,none,0.25069812,-1.3632854,-1.3632854,0,Stand,1.9846641,,,,0->0:Exact,none; server owns swing cadence
312,5.117466,0.016702,Tick,live-sample,true,0xF13000000604A27C,,server,,unchecked,unchecked,none,0.25069812,-1.3632854,-1.3632854,0,Stand,2.0013661,,,,0->0:Exact,none; server owns swing cadence
313,5.134593,0.017127,Tick,live-sample,true,0xF13000000604A27C,,server,,unchecked,unchecked,none,0.25069812,-1.3632854,-1.3632854,0,Stand,2.018493,,,,0->0:Exact,none; server owns swing cadence
314,5.150943,0.016350,Tick,live-sample,true,0xF13000000604A27C,,server,,unchecked,unchecked,none,0.25069812,-1.3632854,-1.3632854,0,Stand,2.034843,,,,0->0:Exact,none; server owns swing cadence
315,5.167503,0.016561,Tick,live-sample,true,0xF13000000604A27C,,server,,unchecked,unchecked,none,0.25069812,-1.3632854,-1.3632854,0,Stand,2.0514038,,,,0->0:Exact,none; server owns swing cadence
316,5.184334,0.016830,Tick,live-sample,true,0xF13000000604A27C,,server,,unchecked,unchecked,none,0.25069812,-1.3632854,-1.3632854,0,Stand,2.0682342,,,,0->0:Exact,none; server owns swing cadence
317,5.201094,0.016760,Tick,live-sample,true,0xF13000000604A27C,,server,,unchecked,unchecked,none,0.25069812,-1.3632854,-1.3632854,0,Stand,2.084994,,,,0->0:Exact,none; server owns swing cadence
318,5.217540,0.016446,Tick,live-sample,true,0xF13000000604A27C,,server,,unchecked,unchecked,none,0.25069812,-1.3632854,-1.3632854,0,Stand,2.1014404,,,,0->0:Exact,none; server owns swing cadence
319,5.234368,0.016828,Tick,live-sample,true,0xF13000000604A27C,,server,,unchecked,unchecked,none,0.25069812,-1.3632854,-1.3632854,0,Stand,2.1182685,,,,0->0:Exact,none; server owns swing cadence
320,5.251334,0.016966,Tick,live-sample,true,0xF13000000604A27C,,server,,unchecked,unchecked,none,0.25069812,-1.3632854,-1.3632854,0,Stand,2.1352346,,,,0->0:Exact,none; server owns swing cadence
321,5.267776,0.016441,Tick,live-sample,true,0xF13000000604A27C,,server,,unchecked,unchecked,none,0.25069812,-1.3632854,-1.3632854,0,Stand,2.1516757,,,,0->0:Exact,none; server owns swing cadence
322,5.284423,0.016647,Tick,live-sample,true,0xF13000000604A27C,,server,,unchecked,unchecked,none,0.25069812,-1.3632854,-1.3632854,0,Stand,2.1683228,,,,0->0:Exact,none; server owns swing cadence
323,5.302241,0.017819,Tick,live-sample,true,0xF13000000604A27C,,server,,unchecked,unchecked,none,0.25069812,-1.3632854,-1.3632854,0,Stand,2.1861415,,,,0->0:Exact,none; server owns swing cadence
324,5.317784,0.015543,Tick,live-sample,true,0xF13000000604A27C,,server,,unchecked,unchecked,none,0.25069812,-1.3632854,-1.3632854,0,Stand,2.2016845,,,,0->0:Exact,none; server owns swing cadence
325,5.334574,0.016789,Tick,live-sample,true,0xF13000000604A27C,,server,,unchecked,unchecked,none,0.25069812,-1.3632854,-1.3632854,0,Stand,2.218474,,,,0->0:Exact,none; server owns swing cadence
326,5.350968,0.016394,Tick,live-sample,true,0xF13000000604A27C,,server,,unchecked,unchecked,none,0.25069812,-1.3632854,-1.3632854,0,Stand,2.2348678,,,,0->0:Exact,none; server owns swing cadence
327,5.367747,0.016779,Tick,live-sample,true,0xF13000000604A27C,,server,,unchecked,unchecked,none,0.25069812,-1.3632854,-1.3632854,0,Stand,2.2516472,,,,0->0:Exact,none; server owns swing cadence
328,5.384559,0.016812,Tick,live-sample,true,0xF13000000604A27C,,server,,unchecked,unchecked,none,0.25069812,-1.3632854,-1.3632854,0,Stand,2.268459,,,,0->0:Exact,none; server owns swing cadence
329,5.401217,0.016658,Tick,live-sample,true,0xF13000000604A27C,,server,,unchecked,unchecked,none,0.25069812,-1.3632854,-1.3632854,0,Stand,2.2851174,,,,0->0:Exact,none; server owns swing cadence
330,5.417836,0.016619,Tick,live-sample,true,0xF13000000604A27C,,server,,unchecked,unchecked,none,0.25069812,-1.3632854,-1.3632854,0,Stand,2.3017359,,,,0->0:Exact,none; server owns swing cadence
331,5.434548,0.016712,Tick,live-sample,true,0xF13000000604A27C,,server,,unchecked,unchecked,none,0.25069812,-1.3632854,-1.3632854,0,Stand,2.3184483,,,,0->0:Exact,none; server owns swing cadence
332,5.451147,0.016599,Tick,live-sample,true,0xF13000000604A27C,,server,,unchecked,unchecked,none,0.25069812,-1.3632854,-1.3632854,0,Stand,2.335047,,,,0->0:Exact,none; server owns swing cadence
333,5.468110,0.016963,Tick,live-sample,true,0xF13000000604A27C,,server,,unchecked,unchecked,none,0.25069812,-1.3632854,-1.3632854,0,Stand,2.3520103,,,,0->0:Exact,none; server owns swing cadence
334,5.484653,0.016542,Tick,live-sample,true,0xF13000000604A27C,,server,,unchecked,unchecked,none,0.25069812,-1.3632854,-1.3632854,0,Stand,2.3685527,,,,0->0:Exact,none; server owns swing cadence
335,5.501379,0.016727,Tick,live-sample,true,0xF13000000604A27C,,server,,unchecked,unchecked,none,0.25069812,-1.3632854,-1.3632854,0,Stand,2.3852792,,,,0->0:Exact,none; server owns swing cadence
336,5.518042,0.016663,Tick,live-sample,true,0xF13000000604A27C,,server,,unchecked,unchecked,none,0.25069812,-1.3632854,-1.3632854,0,Stand,2.4019423,,,,0->0:Exact,none; server owns swing cadence
337,5.534493,0.016451,Tick,live-sample,true,0xF13000000604A27C,,server,,unchecked,unchecked,none,0.25069812,-1.3632854,-1.3632854,0,Stand,2.4183931,,,,0->0:Exact,none; server owns swing cadence
338,5.551238,0.016745,Tick,live-sample,true,0xF13000000604A27C,,server,,unchecked,unchecked,none,0.25069812,-1.3632854,-1.3632854,0,Stand,2.4351377,,,,0->0:Exact,none; server owns swing cadence
339,5.568072,0.016834,Tick,live-sample,true,0xF13000000604A27C,,server,,unchecked,unchecked,none,0.25069812,-1.3632854,-1.3632854,0,Stand,2.4519722,,,,0->0:Exact,none; server owns swing cadence
340,5.584709,0.016637,Tick,live-sample,true,0xF13000000604A27C,,server,,unchecked,unchecked,none,0.25069812,-1.3632854,-1.3632854,0,Stand,2.468609,,,,0->0:Exact,none; server owns swing cadence
341,5.602664,0.017955,Tick,live-sample,true,0xF13000000604A27C,,server,,unchecked,unchecked,none,0.25069812,-1.3632854,-1.3632854,0,Stand,2.4865637,,,,0->0:Exact,none; server owns swing cadence
342,5.618118,0.015454,Tick,live-sample,true,0xF13000000604A27C,,server,,unchecked,unchecked,none,0.25069812,-1.3632854,-1.3632854,0,Stand,2.5020177,,,,0->0:Exact,none; server owns swing cadence
343,5.634600,0.016482,Tick,live-sample,true,0xF13000000604A27C,,server,,unchecked,unchecked,none,0.25069812,-1.3632854,-1.3632854,0,Stand,2.5184994,,,,0->0:Exact,none; server owns swing cadence
344,5.651384,0.016785,Tick,live-sample,true,0xF13000000604A27C,,server,,unchecked,unchecked,none,0.25069812,-1.3632854,-1.3632854,0,Stand,2.5352843,,,,0->0:Exact,none; server owns swing cadence
345,5.668411,0.017026,Tick,live-sample,true,0xF13000000604A27C,,server,,unchecked,unchecked,none,0.25069812,-1.3632854,-1.3632854,0,Stand,2.5523105,,,,0->0:Exact,none; server owns swing cadence
346,5.684731,0.016321,Tick,live-sample,true,0xF13000000604A27C,,server,,unchecked,unchecked,none,0.25069812,-1.3632854,-1.3632854,0,Stand,2.5686312,,,,0->0:Exact,none; server owns swing cadence
347,5.701723,0.016991,Tick,live-sample,true,0xF13000000604A27C,,server,,unchecked,unchecked,none,0.25069812,-1.3632854,-1.3632854,0,Stand,2.5856223,,,,0->0:Exact,none; server owns swing cadence
348,5.718433,0.016711,Tick,live-sample,true,0xF13000000604A27C,,server,,unchecked,unchecked,none,0.25069812,-1.3632854,-1.3632854,0,Stand,2.602333,,,,0->0:Exact,none; server owns swing cadence
349,5.734688,0.016254,Tick,live-sample,true,0xF13000000604A27C,,server,,unchecked,unchecked,none,0.25069812,-1.3632854,-1.3632854,0,Stand,2.6185875,,,,0->0:Exact,none; server owns swing cadence
350,5.751902,0.017214,Tick,live-sample,true,0xF13000000604A27C,,server,,unchecked,unchecked,none,0.25069812,-1.3632854,-1.3632854,0,Stand,2.6358013,,,,0->0:Exact,none; server owns swing cadence
351,5.768284,0.016382,Tick,live-sample,true,0xF13000000604A27C,,server,,unchecked,unchecked,none,0.25069812,-1.3632854,-1.3632854,0,Stand,2.6521835,,,,0->0:Exact,none; server owns swing cadence
352,5.784918,0.016634,Tick,live-sample,true,0xF13000000604A27C,,server,,unchecked,unchecked,none,0.25069812,-1.3632854,-1.3632854,0,Stand,2.6688178,,,,0->0:Exact,none; server owns swing cadence
353,5.801893,0.016975,Tick,live-sample,true,0xF13000000604A27C,,server,,unchecked,unchecked,none,0.25069812,-1.3632854,-1.3632854,0,Stand,2.6857924,,,,0->0:Exact,none; server owns swing cadence
354,5.818281,0.016389,Tick,live-sample,true,0xF13000000604A27C,,server,,unchecked,unchecked,none,0.25069812,-1.3632854,-1.3632854,0,Stand,2.702181,,,,0->0:Exact,none; server owns swing cadence
355,5.834848,0.016567,Tick,live-sample,true,0xF13000000604A27C,,server,,unchecked,unchecked,none,0.25069812,-1.3632854,-1.3632854,0,Stand,2.7187476,,,,0->0:Exact,none; server owns swing cadence
356,5.851782,0.016934,Tick,live-sample,true,0xF13000000604A27C,,server,,unchecked,unchecked,none,0.25069812,-1.3632854,-1.3632854,0,Stand,2.7356818,,,,0->0:Exact,none; server owns swing cadence
357,5.868441,0.016659,Tick,live-sample,true,0xF13000000604A27C,,server,,unchecked,unchecked,none,0.25069812,-1.3632854,-1.3632854,0,Stand,2.7523403,,,,0->0:Exact,none; server owns swing cadence
358,5.885259,0.016818,Tick,live-sample,true,0xF13000000604A27C,,server,,unchecked,unchecked,none,0.25069812,-1.3632854,-1.3632854,0,Stand,2.7691584,,,,0->0:Exact,none; server owns swing cadence
359,5.902937,0.017679,Tick,live-sample,true,0xF13000000604A27C,,server,,unchecked,unchecked,none,0.25069812,-1.3632854,-1.3632854,0,Stand,2.7868369,,,,0->0:Exact,none; server owns swing cadence
360,5.918339,0.015401,Tick,live-sample,true,0xF13000000604A27C,,server,,unchecked,unchecked,none,0.25069812,-1.3632854,-1.3632854,0,Stand,2.802238,,,,0->0:Exact,none; server owns swing cadence
361,5.935024,0.016686,Tick,live-sample,true,0xF13000000604A27C,,server,,unchecked,unchecked,none,0.25069812,-1.3632854,-1.3632854,0,Stand,2.8189237,,,,0->0:Exact,none; server owns swing cadence
362,5.951666,0.016641,Tick,live-sample,true,0xF13000000604A27C,,server,,unchecked,unchecked,none,0.25069812,-1.3632854,-1.3632854,0,Stand,2.8355653,,,,0->0:Exact,none; server owns swing cadence
363,5.968424,0.016758,Tick,live-sample,true,0xF13000000604A27C,,server,,unchecked,unchecked,none,0.25069812,-1.3632854,-1.3632854,0,Stand,2.852323,,,,0->0:Exact,none; server owns swing cadence
364,5.985245,0.016821,Tick,live-sample,true,0xF13000000604A27C,,server,,unchecked,unchecked,none,0.25069812,-1.3632854,-1.3632854,0,Stand,2.8691442,,,,0->0:Exact,none; server owns swing cadence
365,6.001843,0.016598,Tick,live-sample,true,0xF13000000604A27C,,server,,unchecked,unchecked,none,0.25069812,-1.3632854,-1.3632854,0,Stand,2.8857424,,,,0->0:Exact,none; server owns swing cadence
366,6.018682,0.016839,Tick,live-sample,true,0xF13000000604A27C,,server,,unchecked,unchecked,none,0.25069812,-1.3632854,-1.3632854,0,Stand,2.9025817,,,,0->0:Exact,none; server owns swing cadence
367,6.034968,0.016286,Tick,live-sample,true,0xF13000000604A27C,,server,,unchecked,unchecked,none,0.25069812,-1.3632854,-1.3632854,0,Stand,2.9188676,,,,0->0:Exact,none; server owns swing cadence
368,6.052094,0.017126,Tick,live-sample,true,0xF13000000604A27C,,server,,unchecked,unchecked,none,0.25069812,-1.3632854,-1.3632854,0,Stand,2.9359937,,,,0->0:Exact,none; server owns swing cadence
369,6.068137,0.016043,Tick,live-sample,true,0xF13000000604A27C,,server,,unchecked,unchecked,none,0.25069812,-1.3632854,-1.3632854,0,Stand,2.9520366,,,,0->0:Exact,none; server owns swing cadence
370,6.085438,0.017300,Tick,live-sample,true,0xF13000000604A27C,,server,,unchecked,unchecked,none,0.25069812,-1.3632854,-1.3632854,0,Stand,2.969337,,,,0->0:Exact,none; server owns swing cadence
371,6.101924,0.016487,Tick,live-sample,true,0xF13000000604A27C,,server,,unchecked,unchecked,none,0.25069812,-1.3632854,-1.3632854,0,Stand,2.9858236,,,,0->0:Exact,none; server owns swing cadence
372,6.118340,0.016415,Tick,live-sample,true,0xF13000000604A27C,,server,,unchecked,unchecked,none,0.25069812,-1.3632854,-1.3632854,0,Stand,3.002239,,,,0->0:Exact,none; server owns swing cadence
373,6.135441,0.017102,Tick,live-sample,true,0xF13000000604A27C,,server,,unchecked,unchecked,none,0.25069812,-1.3632854,-1.3632854,0,Stand,3.0193405,,,,0->0:Exact,none; server owns swing cadence
374,6.151823,0.016382,Tick,live-sample,true,0xF13000000604A27C,,server,,unchecked,unchecked,none,0.25069812,-1.3632854,-1.3632854,0,Stand,3.0357225,,,,0->0:Exact,none; server owns swing cadence
375,6.168425,0.016602,Tick,live-sample,true,0xF13000000604A27C,,server,,unchecked,unchecked,none,0.25069812,-1.3632854,-1.3632854,0,Stand,3.0523245,,,,0->0:Exact,none; server owns swing cadence
376,6.185420,0.016995,Tick,live-sample,true,0xF13000000604A27C,,server,,unchecked,unchecked,none,0.25069812,-1.3632854,-1.3632854,0,Stand,3.0693197,,,,0->0:Exact,none; server owns swing cadence
377,6.203504,0.018084,Tick,live-sample,true,0xF13000000604A27C,,server,,unchecked,unchecked,none,0.25069812,-1.3632854,-1.3632854,0,Stand,3.0874033,,,,0->0:Exact,none; server owns swing cadence
378,6.218460,0.014957,Tick,live-sample,true,0xF13000000604A27C,,server,,unchecked,unchecked,none,0.25069812,-1.3632854,-1.3632854,0,Stand,3.1023598,,,,0->0:Exact,none; server owns swing cadence
379,6.235040,0.016579,Tick,live-sample,true,0xF13000000604A27C,,server,,unchecked,unchecked,none,0.25069812,-1.3632854,-1.3632854,0,Stand,3.1189392,,,,0->0:Exact,none; server owns swing cadence
380,6.251966,0.016927,Tick,live-sample,true,0xF13000000604A27C,,server,,unchecked,unchecked,none,0.25069812,-1.3632854,-1.3632854,0,Stand,3.135866,,,,0->0:Exact,none; server owns swing cadence
381,6.268373,0.016407,Tick,live-sample,true,0xF13000000604A27C,,server,,unchecked,unchecked,none,0.25069812,-1.3632854,-1.3632854,0,Stand,3.152273,,,,0->0:Exact,none; server owns swing cadence
382,6.285263,0.016890,Tick,live-sample,true,0xF13000000604A27C,,server,,unchecked,unchecked,none,0.25069812,-1.3632854,-1.3632854,0,Stand,3.1691628,,,,0->0:Exact,none; server owns swing cadence
383,6.301813,0.016550,Tick,live-sample,true,0xF13000000604A27C,,server,,unchecked,unchecked,none,0.25069812,-1.3632854,-1.3632854,0,Stand,3.1857126,,,,0->0:Exact,none; server owns swing cadence
384,6.318679,0.016866,Tick,live-sample,true,0xF13000000604A27C,,server,,unchecked,unchecked,none,0.25069812,-1.3632854,-1.3632854,0,Stand,3.202579,,,,0->0:Exact,none; server owns swing cadence
385,6.335259,0.016580,Tick,live-sample,true,0xF13000000604A27C,,server,,unchecked,unchecked,none,0.25069812,-1.3632854,-1.3632854,0,Stand,3.2191591,,,,0->0:Exact,none; server owns swing cadence
386,6.352024,0.016764,Tick,live-sample,true,0xF13000000604A27C,,server,,unchecked,unchecked,none,0.25069812,-1.3632854,-1.3632854,0,Stand,3.2359233,,,,0->0:Exact,none; server owns swing cadence
387,6.368843,0.016820,Tick,live-sample,true,0xF13000000604A27C,,server,,unchecked,unchecked,none,0.25069812,-1.3632854,-1.3632854,0,Stand,3.252743,,,,0->0:Exact,none; server owns swing cadence
388,6.385414,0.016570,Tick,live-sample,true,0xF13000000604A27C,,server,,unchecked,unchecked,none,0.25069812,-1.3632854,-1.3632854,0,Stand,3.2693133,,,,0->0:Exact,none; server owns swing cadence
389,6.401783,0.016369,Tick,live-sample,true,0xF13000000604A27C,,server,,unchecked,unchecked,none,0.25069812,-1.3632854,-1.3632854,0,Stand,3.2856822,,,,0->0:Exact,none; server owns swing cadence
390,6.418976,0.017194,Tick,live-sample,true,0xF13000000604A27C,,server,,unchecked,unchecked,none,0.25069812,-1.3632854,-1.3632854,0,Stand,3.302876,,,,0->0:Exact,none; server owns swing cadence
391,6.435384,0.016407,Tick,live-sample,true,0xF13000000604A27C,,server,,unchecked,unchecked,none,0.25069812,-1.3632854,-1.3632854,0,Stand,3.3192835,,,,0->0:Exact,none; server owns swing cadence
392,6.452007,0.016623,Tick,live-sample,true,0xF13000000604A27C,,server,,unchecked,unchecked,none,0.25069812,-1.3632854,-1.3632854,0,Stand,3.3359063,,,,0->0:Exact,none; server owns swing cadence
393,6.468655,0.016648,Tick,live-sample,true,0xF13000000604A27C,,server,,unchecked,unchecked,none,0.25069812,-1.3632854,-1.3632854,0,Stand,3.3525548,,,,0->0:Exact,none; server owns swing cadence
394,6.485500,0.016845,Tick,live-sample,true,0xF13000000604A27C,,server,,unchecked,unchecked,none,0.25069812,-1.3632854,-1.3632854,0,Stand,3.3693998,,,,0->0:Exact,none; server owns swing cadence
395,6.503165,0.017665,Tick,live-sample,true,0xF13000000604A27C,,server,,unchecked,unchecked,none,0.25069812,-1.3632854,-1.3632854,0,Stand,3.3870647,,,,0->0:Exact,none; server owns swing cadence
396,6.518489,0.015324,Tick,live-sample,true,0xF13000000604A27C,,server,,unchecked,unchecked,none,0.25069812,-1.3632854,-1.3632854,0,Stand,3.402389,,,,0->0:Exact,none; server owns swing cadence
397,6.535250,0.016761,Tick,live-sample,true,0xF13000000604A27C,,server,,unchecked,unchecked,none,0.25069812,-1.3632854,-1.3632854,0,Stand,3.4191499,,,,0->0:Exact,none; server owns swing cadence
398,6.551979,0.016729,Tick,live-sample,true,0xF13000000604A27C,,server,,unchecked,unchecked,none,0.25069812,-1.3632854,-1.3632854,0,Stand,3.435879,,,,0->0:Exact,none; server owns swing cadence
399,6.568721,0.016741,Tick,live-sample,true,0xF13000000604A27C,,server,,unchecked,unchecked,none,0.25069812,-1.3632854,-1.3632854,0,Stand,3.4526205,,,,0->0:Exact,none; server owns swing cadence
400,6.585260,0.016539,Tick,live-sample,true,0xF13000000604A27C,,server,,unchecked,unchecked,none,0.25069812,-1.3632854,-1.3632854,0,Stand,3.4691594,,,,0->0:Exact,none; server owns swing cadence
401,6.602002,0.016742,Tick,live-sample,true,0xF13000000604A27C,,server,,unchecked,unchecked,none,0.25069812,-1.3632854,-1.3632854,0,Stand,3.4859014,,,,0->0:Exact,none; server owns swing cadence
402,6.618574,0.016572,Tick,live-sample,true,0xF13000000604A27C,,server,,unchecked,unchecked,none,0.25069812,-1.3632854,-1.3632854,0,Stand,3.5024736,,,,0->0:Exact,none; server owns swing cadence
403,6.635598,0.017024,Tick,live-sample,true,0xF13000000604A27C,,server,,unchecked,unchecked,none,0.25069812,-1.3632854,-1.3632854,0,Stand,3.5194976,,,,0->0:Exact,none; server owns swing cadence
404,6.651824,0.016226,Tick,live-sample,true,0xF13000000604A27C,,server,,unchecked,unchecked,none,0.25069812,-1.3632854,-1.3632854,0,Stand,3.535724,,,,0->0:Exact,none; server owns swing cadence
405,6.668929,0.017105,Tick,live-sample,true,0xF13000000604A27C,,server,,unchecked,unchecked,none,0.25069812,-1.3632854,-1.3632854,0,Stand,3.5528286,,,,0->0:Exact,none; server owns swing cadence
406,6.685525,0.016596,Tick,live-sample,true,0xF13000000604A27C,,server,,unchecked,unchecked,none,0.25069812,-1.3632854,-1.3632854,0,Stand,3.569425,,,,0->0:Exact,none; server owns swing cadence
407,6.702028,0.016503,Tick,live-sample,true,0xF13000000604A27C,,server,,unchecked,unchecked,none,0.25069812,-1.3632854,-1.3632854,0,Stand,3.585928,,,,0->0:Exact,none; server owns swing cadence
408,6.719038,0.017010,Tick,live-sample,true,0xF13000000604A27C,,server,,unchecked,unchecked,none,0.25069812,-1.3632854,-1.3632854,0,Stand,3.602938,,,,0->0:Exact,none; server owns swing cadence
409,6.735736,0.016698,Tick,live-sample,true,0xF13000000604A27C,,server,,unchecked,unchecked,none,0.25069812,-1.3632854,-1.3632854,0,Stand,3.6196358,,,,0->0:Exact,none; server owns swing cadence
410,6.752132,0.016396,Tick,live-sample,true,0xF13000000604A27C,,server,,unchecked,unchecked,none,0.25069812,-1.3632854,-1.3632854,0,Stand,3.6360316,,,,0->0:Exact,none; server owns swing cadence
411,6.769039,0.016907,Tick,live-sample,true,0xF13000000604A27C,,server,,unchecked,unchecked,none,0.25069812,-1.3632854,-1.3632854,0,Stand,3.6529386,,,,0->0:Exact,none; server owns swing cadence
412,6.785715,0.016676,Tick,live-sample,true,0xF13000000604A27C,,server,,unchecked,unchecked,none,0.25069812,-1.3632854,-1.3632854,0,Stand,3.6696148,,,,0->0:Exact,none; server owns swing cadence
413,6.804182,0.018467,Tick,live-sample,true,0xF13000000604A27C,,server,,unchecked,unchecked,none,0.25069812,-1.3632854,-1.3632854,0,Stand,3.6880822,,,,0->0:Exact,none; server owns swing cadence
414,6.819012,0.014829,Tick,live-sample,true,0xF13000000604A27C,,server,,unchecked,unchecked,none,0.25069812,-1.3632854,-1.3632854,0,Stand,3.7029116,,,,0->0:Exact,none; server owns swing cadence
415,6.835787,0.016775,Tick,live-sample,true,0xF13000000604A27C,,server,,unchecked,unchecked,none,0.25069812,-1.3632854,-1.3632854,0,Stand,3.719687,,,,0->0:Exact,none; server owns swing cadence
416,6.852180,0.016393,Tick,live-sample,true,0xF13000000604A27C,,server,,unchecked,unchecked,none,0.25069812,-1.3632854,-1.3632854,0,Stand,3.73608,,,,0->0:Exact,none; server owns swing cadence
417,6.869228,0.017048,Tick,live-sample,true,0xF13000000604A27C,,server,,unchecked,unchecked,none,0.25069812,-1.3632854,-1.3632854,0,Stand,3.7531276,,,,0->0:Exact,none; server owns swing cadence
418,6.886202,0.016974,Tick,live-sample,true,0xF13000000604A27C,,server,,unchecked,unchecked,none,0.25069812,-1.3632854,-1.3632854,0,Stand,3.7701015,,,,0->0:Exact,none; server owns swing cadence
419,6.902381,0.016179,Tick,live-sample,true,0xF13000000604A27C,,server,,unchecked,unchecked,none,0.25069812,-1.3632854,-1.3632854,0,Stand,3.7862804,,,,0->0:Exact,none; server owns swing cadence
420,6.919119,0.016739,Tick,live-sample,true,0xF13000000604A27C,,server,,unchecked,unchecked,none,0.25069812,-1.3632854,-1.3632854,0,Stand,3.8030188,,,,0->0:Exact,none; server owns swing cadence
421,6.935688,0.016569,Tick,live-sample,true,0xF13000000604A27C,,server,,unchecked,unchecked,none,0.25069812,-1.3632854,-1.3632854,0,Stand,3.819588,,,,0->0:Exact,none; server owns swing cadence
422,6.952469,0.016781,Tick,live-sample,true,0xF13000000604A27C,,server,,unchecked,unchecked,none,0.25069812,-1.3632854,-1.3632854,0,Stand,3.8363686,,,,0->0:Exact,none; server owns swing cadence
423,6.969135,0.016666,Tick,live-sample,true,0xF13000000604A27C,,server,,unchecked,unchecked,none,0.25069812,-1.3632854,-1.3632854,0,Stand,3.8530343,,,,0->0:Exact,none; server owns swing cadence
424,6.985673,0.016539,Tick,live-sample,true,0xF13000000604A27C,,server,,unchecked,unchecked,none,0.25069812,-1.3632854,-1.3632854,0,Stand,3.8695729,,,,0->0:Exact,none; server owns swing cadence
425,7.003480,0.017807,Tick,live-sample,true,0xF13000000604A27C,,server,,unchecked,unchecked,none,0.25069812,-1.3632854,-1.3632854,0,Stand,3.88738,,,,0->0:Exact,none; server owns swing cadence
426,7.019094,0.015614,Tick,live-sample,true,0xF13000000604A27C,,server,,unchecked,unchecked,none,0.25069812,-1.3632854,-1.3632854,0,Stand,3.9029937,,,,0->0:Exact,none; server owns swing cadence
427,7.036196,0.017102,Tick,live-sample,true,0xF13000000604A27C,,server,,unchecked,unchecked,none,0.25069812,-1.3632854,-1.3632854,0,Stand,3.9200957,,,,0->0:Exact,none; server owns swing cadence
428,7.052566,0.016370,Tick,live-sample,true,0xF13000000604A27C,,server,,unchecked,unchecked,none,0.25069812,-1.3632854,-1.3632854,0,Stand,3.936466,,,,0->0:Exact,none; server owns swing cadence
429,7.069511,0.016945,Tick,live-sample,true,0xF13000000604A27C,,server,,unchecked,unchecked,none,0.25069812,-1.3632854,-1.3632854,0,Stand,3.9534106,,,,0->0:Exact,none; server owns swing cadence
430,7.086145,0.016634,Tick,live-sample,true,0xF13000000604A27C,,server,,unchecked,unchecked,none,0.25069812,-1.3632854,-1.3632854,0,Stand,3.9700444,,,,0->0:Exact,none; server owns swing cadence
431,7.104750,0.018606,Tick,live-sample,true,0xF13000000604A27C,,server,,unchecked,unchecked,none,0.25069812,-1.3632854,-1.3632854,0,Stand,3.98865,,,,0->0:Exact,none; server owns swing cadence
432,7.119083,0.014332,Tick,live-sample,true,0xF13000000604A27C,,server,,unchecked,unchecked,none,0.25069812,-1.3632854,-1.3632854,0,Stand,4.002982,,,,0->0:Exact,none; server owns swing cadence
433,7.135907,0.016824,Tick,live-sample,true,0xF13000000604A27C,,server,,unchecked,unchecked,none,0.25069812,-1.3632854,-1.3632854,0,Stand,4.0198064,,,,0->0:Exact,none; server owns swing cadence
434,7.152700,0.016793,Tick,live-sample,true,0xF13000000604A27C,,server,,unchecked,unchecked,none,0.25069812,-1.3632854,-1.3632854,0,Stand,4.036599,,,,0->0:Exact,none; server owns swing cadence
435,7.169396,0.016696,Tick,live-sample,true,0xF13000000604A27C,,server,,unchecked,unchecked,none,0.25069812,-1.3632854,-1.3632854,0,Stand,4.053295,,,,0->0:Exact,none; server owns swing cadence
436,7.186119,0.016723,Tick,live-sample,true,0xF13000000604A27C,,server,,unchecked,unchecked,none,0.25069812,-1.3632854,-1.3632854,0,Stand,4.0700183,,,,0->0:Exact,none; server owns swing cadence
437,7.202548,0.016429,Tick,live-sample,true,0xF13000000604A27C,,server,,unchecked,unchecked,none,0.25069812,-1.3632854,-1.3632854,0,Stand,4.0864472,,,,0->0:Exact,none; server owns swing cadence
438,7.219317,0.016769,Tick,live-sample,true,0xF13000000604A27C,,server,,unchecked,unchecked,none,0.25069812,-1.3632854,-1.3632854,0,Stand,4.103216,,,,0->0:Exact,none; server owns swing cadence
439,7.235970,0.016653,Tick,live-sample,true,0xF13000000604A27C,,server,,unchecked,unchecked,none,0.25069812,-1.3632854,-1.3632854,0,Stand,4.119869,,,,0->0:Exact,none; server owns swing cadence
440,7.252614,0.016644,Tick,live-sample,true,0xF13000000604A27C,,server,,unchecked,unchecked,none,0.25069812,-1.3632854,-1.3632854,0,Stand,4.136513,,,,0->0:Exact,none; server owns swing cadence
441,7.269489,0.016876,Tick,live-sample,true,0xF13000000604A27C,,server,,unchecked,unchecked,none,0.25069812,-1.3632854,-1.3632854,0,Stand,4.153389,,,,0->0:Exact,none; server owns swing cadence
442,7.286028,0.016539,Tick,live-sample,true,0xF13000000604A27C,,server,,unchecked,unchecked,none,0.25069812,-1.3632854,-1.3632854,0,Stand,4.169928,,,,0->0:Exact,none; server owns swing cadence
443,7.302716,0.016688,Tick,live-sample,true,0xF13000000604A27C,,server,,unchecked,unchecked,none,0.25069812,-1.3632854,-1.3632854,0,Stand,4.186616,,,,0->0:Exact,none; server owns swing cadence
444,7.319769,0.017052,Tick,live-sample,true,0xF13000000604A27C,,server,,unchecked,unchecked,none,0.25069812,-1.3632854,-1.3632854,0,Stand,4.203668,,,,0->0:Exact,none; server owns swing cadence
445,7.335975,0.016206,Tick,live-sample,true,0xF13000000604A27C,,server,,unchecked,unchecked,none,0.25069812,-1.3632854,-1.3632854,0,Stand,4.2198744,,,,0->0:Exact,none; server owns swing cadence
446,7.352912,0.016938,Tick,live-sample,true,0xF13000000604A27C,,server,,unchecked,unchecked,none,0.25069812,-1.3632854,-1.3632854,0,Stand,4.236812,,,,0->0:Exact,none; server owns swing cadence
447,7.369429,0.016517,Tick,live-sample,true,0xF13000000604A27C,,server,,unchecked,unchecked,none,0.25069812,-1.3632854,-1.3632854,0,Stand,4.253329,,,,0->0:Exact,none; server owns swing cadence
448,7.386244,0.016815,Tick,live-sample,true,0xF13000000604A27C,,server,,unchecked,unchecked,none,0.25069812,-1.3632854,-1.3632854,0,Stand,4.2701435,,,,0->0:Exact,none; server owns swing cadence
449,7.404435,0.018191,Tick,live-sample,true,0xF13000000604A27C,,server,,unchecked,unchecked,none,0.25069812,-1.3632854,-1.3632854,0,Stand,4.288335,,,,0->0:Exact,none; server owns swing cadence
450,7.419331,0.014895,Tick,live-sample,true,0xF13000000604A27C,,server,,unchecked,unchecked,none,0.25069812,-1.3632854,-1.3632854,0,Stand,4.3032303,,,,0->0:Exact,none; server owns swing cadence
451,7.436770,0.017439,Tick,live-sample,true,0xF13000000604A27C,,server,,unchecked,unchecked,none,0.25069812,-1.3632854,-1.3632854,0,Stand,4.3206697,,,,0->0:Exact,none; server owns swing cadence
452,7.452905,0.016135,Tick,live-sample,true,0xF13000000604A27C,,server,,unchecked,unchecked,none,0.25069812,-1.3632854,-1.3632854,0,Stand,4.3368044,,,,0->0:Exact,none; server owns swing cadence
453,7.469534,0.016630,Tick,live-sample,true,0xF13000000604A27C,,server,,unchecked,unchecked,none,0.25069812,-1.3632854,-1.3632854,0,Stand,4.353434,,,,0->0:Exact,none; server owns swing cadence
454,7.485963,0.016429,Tick,live-sample,true,0xF13000000604A27C,,server,,unchecked,unchecked,none,0.25069812,-1.3632854,-1.3632854,0,Stand,4.3698626,,,,0->0:Exact,none; server owns swing cadence
455,7.502840,0.016877,Tick,live-sample,true,0xF13000000604A27C,,server,,unchecked,unchecked,none,0.25069812,-1.3632854,-1.3632854,0,Stand,4.3867393,,,,0->0:Exact,none; server owns swing cadence
456,7.519402,0.016562,Tick,live-sample,true,0xF13000000604A27C,,server,,unchecked,unchecked,none,0.25069812,-1.3632854,-1.3632854,0,Stand,4.4033017,,,,0->0:Exact,none; server owns swing cadence
457,7.536143,0.016741,Tick,live-sample,true,0xF13000000604A27C,,server,,unchecked,unchecked,none,0.25069812,-1.3632854,-1.3632854,0,Stand,4.4200425,,,,0->0:Exact,none; server owns swing cadence
458,7.552965,0.016822,Tick,live-sample,true,0xF13000000604A27C,,server,,unchecked,unchecked,none,0.25069812,-1.3632854,-1.3632854,0,Stand,4.436864,,,,0->0:Exact,none; server owns swing cadence
459,7.569489,0.016524,Tick,live-sample,true,0xF13000000604A27C,,server,,unchecked,unchecked,none,0.25069812,-1.3632854,-1.3632854,0,Stand,4.453388,,,,0->0:Exact,none; server owns swing cadence
460,7.586446,0.016957,Tick,live-sample,true,0xF13000000604A27C,,server,,unchecked,unchecked,none,0.25069812,-1.3632854,-1.3632854,0,Stand,4.4703455,,,,0->0:Exact,none; server owns swing cadence
461,7.602918,0.016472,Tick,live-sample,true,0xF13000000604A27C,,server,,unchecked,unchecked,none,0.25069812,-1.3632854,-1.3632854,0,Stand,4.4868174,,,,0->0:Exact,none; server owns swing cadence
462,7.619624,0.016706,Tick,live-sample,true,0xF13000000604A27C,,server,,unchecked,unchecked,none,0.25069812,-1.3632854,-1.3632854,0,Stand,4.503524,,,,0->0:Exact,none; server owns swing cadence
463,7.636320,0.016696,Tick,live-sample,true,0xF13000000604A27C,,server,,unchecked,unchecked,none,0.25069812,-1.3632854,-1.3632854,0,Stand,4.52022,,,,0->0:Exact,none; server owns swing cadence
464,7.652841,0.016521,Tick,live-sample,true,0xF13000000604A27C,,server,,unchecked,unchecked,none,0.25069812,-1.3632854,-1.3632854,0,Stand,4.536741,,,,0->0:Exact,none; server owns swing cadence
465,7.669802,0.016961,Tick,live-sample,true,0xF13000000604A27C,,server,,unchecked,unchecked,none,0.25069812,-1.3632854,-1.3632854,0,Stand,4.553702,,,,0->0:Exact,none; server owns swing cadence
466,7.686695,0.016893,Tick,live-sample,true,0xF13000000604A27C,,server,,unchecked,unchecked,none,0.25069812,-1.3632854,-1.3632854,0,Stand,4.5705953,,,,0->0:Exact,none; server owns swing cadence
467,7.704314,0.017619,Tick,live-sample,true,0xF13000000604A27C,,server,,unchecked,unchecked,none,0.25069812,-1.3632854,-1.3632854,0,Stand,4.588214,,,,0->0:Exact,none; server owns swing cadence
468,7.719683,0.015369,Tick,live-sample,true,0xF13000000604A27C,,server,,unchecked,unchecked,none,0.25069812,-1.3632854,-1.3632854,0,Stand,4.6035833,,,,0->0:Exact,none; server owns swing cadence
469,7.736410,0.016727,Tick,live-sample,true,0xF13000000604A27C,,server,,unchecked,unchecked,none,0.25069812,-1.3632854,-1.3632854,0,Stand,4.62031,,,,0->0:Exact,none; server owns swing cadence
470,7.753361,0.016951,Tick,live-sample,true,0xF13000000604A27C,,server,,unchecked,unchecked,none,0.25069812,-1.3632854,-1.3632854,0,Stand,4.637261,,,,0->0:Exact,none; server owns swing cadence
471,7.769664,0.016303,Tick,live-sample,true,0xF13000000604A27C,,server,,unchecked,unchecked,none,0.25069812,-1.3632854,-1.3632854,0,Stand,4.653564,,,,0->0:Exact,none; server owns swing cadence
472,7.786773,0.017109,Tick,live-sample,true,0xF13000000604A27C,,server,,unchecked,unchecked,none,0.25069812,-1.3632854,-1.3632854,0,Stand,4.6706724,,,,0->0:Exact,none; server owns swing cadence
473,7.803230,0.016458,Tick,live-sample,true,0xF13000000604A27C,,server,,unchecked,unchecked,none,0.25069812,-1.3632854,-1.3632854,0,Stand,4.6871305,,,,0->0:Exact,none; server owns swing cadence
474,7.819890,0.016660,Tick,live-sample,true,0xF13000000604A27C,,server,,unchecked,unchecked,none,0.25069812,-1.3632854,-1.3632854,0,Stand,4.70379,,,,0->0:Exact,none; server owns swing cadence
475,7.836786,0.016896,Tick,live-sample,true,0xF13000000604A27C,,server,,unchecked,unchecked,none,0.25069812,-1.3632854,-1.3632854,0,Stand,4.720686,,,,0->0:Exact,none; server owns swing cadence
476,7.853162,0.016376,Tick,live-sample,true,0xF13000000604A27C,,server,,unchecked,unchecked,none,0.25069812,-1.3632854,-1.3632854,0,Stand,4.737062,,,,0->0:Exact,none; server owns swing cadence
477,7.869696,0.016534,Tick,live-sample,true,0xF13000000604A27C,,server,,unchecked,unchecked,none,0.25069812,-1.3632854,-1.3632854,0,Stand,4.7535963,,,,0->0:Exact,none; server owns swing cadence
478,7.886555,0.016859,Tick,live-sample,true,0xF13000000604A27C,,server,,unchecked,unchecked,none,0.25069812,-1.3632854,-1.3632854,0,Stand,4.7704554,,,,0->0:Exact,none; server owns swing cadence
479,7.903126,0.016571,Tick,live-sample,true,0xF13000000604A27C,,server,,unchecked,unchecked,none,0.25069812,-1.3632854,-1.3632854,0,Stand,4.7870264,,,,0->0:Exact,none; server owns swing cadence
480,7.919881,0.016755,Tick,live-sample,true,0xF13000000604A27C,,server,,unchecked,unchecked,none,0.25069812,-1.3632854,-1.3632854,0,Stand,4.8037815,,,,0->0:Exact,none; server owns swing cadence
481,7.936580,0.016698,Tick,live-sample,true,0xF13000000604A27C,,server,,unchecked,unchecked,none,0.25069812,-1.3632854,-1.3632854,0,Stand,4.82048,,,,0->0:Exact,none; server owns swing cadence
482,7.953287,0.016708,Tick,live-sample,true,0xF13000000604A27C,,server,,unchecked,unchecked,none,0.25069812,-1.3632854,-1.3632854,0,Stand,4.837188,,,,0->0:Exact,none; server owns swing cadence
483,7.970008,0.016720,Tick,live-sample,true,0xF13000000604A27C,,server,,unchecked,unchecked,none,0.25069812,-1.3632854,-1.3632854,0,Stand,4.853908,,,,0->0:Exact,none; server owns swing cadence
484,7.987133,0.017125,Tick,live-sample,true,0xF13000000604A27C,,server,,unchecked,unchecked,none,0.25069812,-1.3632854,-1.3632854,0,Stand,4.8710337,,,,0->0:Exact,none; server owns swing cadence
485,8.004578,0.017445,Tick,live-sample,true,0xF13000000604A27C,,server,,unchecked,unchecked,none,0.25069812,-1.3632854,-1.3632854,0,Stand,4.8884783,,,,0->0:Exact,none; server owns swing cadence
486,8.020209,0.015631,Tick,live-sample,true,0xF13000000604A27C,,server,,unchecked,unchecked,none,0.25069812,-1.3632854,-1.3632854,0,Stand,4.9041095,,,,0->0:Exact,none; server owns swing cadence
487,8.036870,0.016662,Tick,live-sample,true,0xF13000000604A27C,,server,,unchecked,unchecked,none,0.25069812,-1.3632854,-1.3632854,0,Stand,4.920771,,,,0->0:Exact,none; server owns swing cadence
488,8.053479,0.016609,Tick,live-sample,true,0xF13000000604A27C,,server,,unchecked,unchecked,none,0.25069812,-1.3632854,-1.3632854,0,Stand,4.93738,,,,0->0:Exact,none; server owns swing cadence
489,8.069954,0.016475,Tick,live-sample,true,0xF13000000604A27C,,server,,unchecked,unchecked,none,0.25069812,-1.3632854,-1.3632854,0,Stand,4.9538546,,,,0->0:Exact,none; server owns swing cadence
490,8.086702,0.016748,Tick,live-sample,true,0xF13000000604A27C,,server,,unchecked,unchecked,none,0.25312656,-1.2060696,-1.2060696,0,Stand,4.9706025,,,,0->0:Exact,none; server owns swing cadence
491,8.103371,0.016669,Tick,live-sample,true,0xF13000000604A27C,,server,,unchecked,unchecked,none,0.26238286,-1.0445629,-1.0445629,0,Stand,4.987272,,,,0->0:Exact,none; server owns swing cadence
492,8.120029,0.016658,Tick,live-sample,true,0xF13000000604A27C,,server,,unchecked,unchecked,none,0.27766404,-0.9009621,-0.9009621,0,Stand,5.00393,,,,0->0:Exact,none; server owns swing cadence
493,8.136734,0.016704,Tick,live-sample,true,0xF13000000604A27C,,server,,unchecked,unchecked,none,0.29840302,-0.7716181,-0.7716181,0,Stand,5.0206347,,,,0->0:Exact,none; server owns swing cadence
494,8.153573,0.016839,Tick,live-sample,true,0xF13000000604A27C,,server,,unchecked,unchecked,none,0.3216584,-0.667964,-0.667964,0,Stand,5.037474,,,,0->0:Exact,none; server owns swing cadence
495,8.169983,0.016410,Tick,live-sample,true,0xF13000000604A27C,,server,,unchecked,unchecked,none,0.34932846,-0.5751314,-0.5751314,0,Stand,5.0538845,,,,0->0:Exact,none; server owns swing cadence
496,8.186729,0.016745,Tick,live-sample,true,0xF13000000604A27C,,server,,unchecked,unchecked,none,0.3801822,-0.49451756,-0.49451756,0,Stand,5.07063,,,,0->0:Exact,none; server owns swing cadence
497,8.203401,0.016672,Tick,live-sample,true,0xF13000000604A27C,,server,,unchecked,unchecked,none,0.4108148,-0.43086457,-0.43086457,0,Stand,5.087302,,,,0->0:Exact,none; server owns swing cadence
498,8.220016,0.016615,Tick,live-sample,true,0xF13000000604A27C,,server,,unchecked,unchecked,none,0.4445876,-0.37388158,-0.37388158,0,Stand,5.1039176,,,,0->0:Exact,none; server owns swing cadence
499,8.236891,0.016874,Tick,live-sample,true,0xF13000000604A27C,,server,,unchecked,unchecked,none,0.48032233,-0.32371235,-0.32371235,0,Stand,5.120792,,,,0->0:Exact,none; server owns swing cadence
500,8.253509,0.016618,Tick,live-sample,true,0xF13000000604A27C,,server,,unchecked,unchecked,none,0.51455665,-0.28352165,-0.28352165,0,Stand,5.13741,,,,0->0:Exact,none; server owns swing cadence
501,8.270278,0.016769,Tick,live-sample,true,0xF13000000604A27C,,server,,unchecked,unchecked,none,0.5513278,-0.2468648,-0.2468648,0,Stand,5.1541796,,,,0->0:Exact,none; server owns swing cadence
502,8.286957,0.016678,Tick,live-sample,true,0xF13000000604A27C,,server,,unchecked,unchecked,none,0.5895472,-0.21387935,-0.21387935,0,Stand,5.170858,,,,0->0:Exact,none; server owns swing cadence
503,8.304618,0.017661,Tick,live-sample,true,0xF13000000604A27C,,server,,unchecked,unchecked,none,0.6275133,-0.18579078,-0.18579078,0,Stand,5.1885195,,,,0->0:Exact,none; server owns swing cadence
504,8.320419,0.015801,Tick,live-sample,true,0xF13000000604A27C,,server,,unchecked,unchecked,none,0.66404206,-0.1619513,-0.1619513,0,Stand,5.2043204,,,,0->0:Exact,none; server owns swing cadence
505,8.337210,0.016791,Tick,live-sample,true,0xF13000000604A27C,,server,,unchecked,unchecked,none,0.70363873,-0.13898492,-0.13898492,0,Stand,5.221112,,,,0->0:Exact,none; server owns swing cadence
506,8.353720,0.016510,Tick,live-sample,true,0xF13000000604A27C,,server,,unchecked,unchecked,none,0.74272424,-0.11913943,-0.11913943,0,Stand,5.237622,,,,0->0:Exact,none; server owns swing cadence
507,8.370284,0.016564,Tick,live-sample,true,0xF13000000604A27C,,server,,unchecked,unchecked,none,0.7801453,-0.101979256,-0.101979256,0,Stand,5.2541857,,,,0->0:Exact,none; server owns swing cadence
508,8.387067,0.016783,Tick,live-sample,true,0xF13000000604A27C,,server,,unchecked,unchecked,none,0.8205695,-0.08520055,-0.08520055,0,Stand,5.2709684,,,,0->0:Exact,none; server owns swing cadence
509,8.403718,0.016651,Tick,live-sample,true,0xF13000000604A27C,,server,,unchecked,unchecked,none,0.86033744,-0.0705266,-0.0705266,0,Stand,5.2876196,,,,0->0:Exact,none; server owns swing cadence
510,8.420371,0.016653,Tick,live-sample,true,0xF13000000604A27C,,server,,unchecked,unchecked,none,0.8983244,-0.057660103,-0.057660103,0,Stand,5.304272,,,,0->0:Exact,none; server owns swing cadence
511,8.437008,0.016638,Tick,live-sample,true,0xF13000000604A27C,,server,,unchecked,unchecked,none,0.9392863,-0.044932604,-0.044932604,0,Stand,5.3209095,,,,0->0:Exact,none; server owns swing cadence
512,8.453728,0.016719,Tick,live-sample,true,0xF13000000604A27C,,server,,unchecked,unchecked,none,0.9794932,-0.033670902,-0.033670902,0,Stand,5.337629,,,,0->0:Exact,none; server owns swing cadence
513,8.470301,0.016573,Tick,live-sample,true,0xF13000000604A27C,,server,,unchecked,unchecked,none,1.0178628,-0.023709297,-0.023709297,0,Stand,5.3542023,,,,0->0:Exact,none; server owns swing cadence
514,8.486947,0.016646,Tick,live-sample,true,0xF13000000604A27C,,server,,unchecked,unchecked,none,1.0591774,-0.013726234,-0.013726234,0,Stand,5.3708487,,,,0->0:Exact,none; server owns swing cadence
515,8.503654,0.016706,Tick,live-sample,true,0xF13000000604A27C,,server,,unchecked,unchecked,none,1.0977311,-0.0051875114,-0.0051875114,0,Stand,5.387555,,,,0->0:Exact,none; server owns swing cadence
516,8.520509,0.016855,Tick,live-sample,true,0xF13000000604A27C,,server,,unchecked,unchecked,none,1.1383215,0.0030937195,0.0030937195,0,Stand,5.4044104,,,,0->0:Exact,none; server owns swing cadence
517,8.537077,0.016569,Tick,live-sample,true,0xF13000000604A27C,,server,,unchecked,unchecked,none,1.1798899,0.011114836,0.011114836,0,Stand,5.420979,,,,0->0:Exact,none; server owns swing cadence
518,8.553654,0.016576,Tick,live-sample,true,0xF13000000604A27C,,server,,unchecked,unchecked,none,1.2186536,0.018018961,0.018018961,0,Stand,5.4375553,,,,0->0:Exact,none; server owns swing cadence
519,8.570367,0.016714,Tick,live-sample,true,0xF13000000604A27C,,server,,unchecked,unchecked,none,1.2594414,0.024754524,0.024754524,0,Stand,5.454269,,,,0->0:Exact,none; server owns swing cadence
520,8.587008,0.016641,Tick,live-sample,true,0xF13000000604A27C,,server,,unchecked,unchecked,none,1.3011951,0.031334877,0.031334877,0,Stand,5.47091,,,,0->0:Exact,none; server owns swing cadence
521,8.605166,0.018158,Tick,live-sample,true,0xF13000000604A27C,,server,,unchecked,unchecked,none,1.3449808,0.037717342,0.037717342,0,Stand,5.4890676,,,,0->0:Exact,none; server owns swing cadence
522,8.620483,0.015317,Tick,live-sample,true,0xF13000000604A27C,,server,,unchecked,unchecked,none,1.3810482,0.042608023,0.042608023,0,Stand,5.504385,,,,0->0:Exact,none; server owns swing cadence
523,8.637202,0.016719,Tick,live-sample,true,0xF13000000604A27C,,server,,unchecked,unchecked,none,1.4229416,0.04810095,0.04810095,0,Stand,5.521104,,,,0->0:Exact,none; server owns swing cadence
524,8.654087,0.016885,Tick,live-sample,true,0xF13000000604A27C,,server,,unchecked,unchecked,none,1.4639606,0.05304575,0.05304575,0,Stand,5.5379887,,,,0->0:Exact,none; server owns swing cadence
525,8.670357,0.016270,Tick,live-sample,true,0xF13000000604A27C,,server,,unchecked,unchecked,none,1.5030241,0.057567835,0.057567835,0,Stand,5.5542593,,,,0->0:Exact,none; server owns swing cadence
526,8.687025,0.016668,Tick,live-sample,true,0xF13000000604A27C,,server,,unchecked,unchecked,none,1.5450299,0.062211514,0.062211514,0,Stand,5.5709267,,,,0->0:Exact,none; server owns swing cadence
527,8.703737,0.016712,Tick,live-sample,true,0xF13000000604A27C,,server,,unchecked,unchecked,none,1.5861381,0.066419125,0.066419125,0,Stand,5.5876384,,,,0->0:Exact,none; server owns swing cadence
528,8.720451,0.016715,Tick,live-sample,true,0xF13000000604A27C,,server,,unchecked,unchecked,none,1.6252906,0.07027054,0.07027054,0,Stand,5.604353,,,,0->0:Exact,none; server owns swing cadence
529,8.737189,0.016737,Tick,live-sample,true,0xF13000000604A27C,,server,,unchecked,unchecked,none,1.6673759,0.074261904,0.074261904,0,Stand,5.6210904,,,,0->0:Exact,none; server owns swing cadence
530,8.754195,0.017006,Tick,live-sample,true,0xF13000000604A27C,,server,,unchecked,unchecked,none,1.7094864,0.078056574,0.078056574,0,Stand,5.6380963,,,,0->0:Exact,none; server owns swing cadence
531,8.770744,0.016549,Tick,live-sample,true,0xF13000000604A27C,,server,,unchecked,unchecked,none,1.7506915,0.08149648,0.08149648,0,Stand,5.6546454,,,,0->0:Exact,none; server owns swing cadence
532,8.787413,0.016669,Tick,live-sample,true,0xF13000000604A27C,,server,,unchecked,unchecked,none,1.7899309,0.08466339,0.08466339,0,Stand,5.6713142,,,,0->0:Exact,none; server owns swing cadence
533,8.804084,0.016671,Tick,live-sample,true,0xF13000000604A27C,,server,,unchecked,unchecked,none,1.8321043,0.08796501,0.08796501,0,Stand,5.687986,,,,0->0:Exact,none; server owns swing cadence
534,8.820626,0.016542,Tick,live-sample,true,0xF13000000604A27C,,server,,unchecked,unchecked,none,1.8713784,0.09085846,0.09085846,0,Stand,5.7045283,,,,0->0:Exact,none; server owns swing cadence
535,8.837473,0.016847,Tick,live-sample,true,0xF13000000604A27C,,server,,unchecked,unchecked,none,1.9126548,0.093731165,0.093731165,0,Stand,5.721375,,,,0->0:Exact,none; server owns swing cadence
536,8.853916,0.016443,Tick,live-sample,true,0xF13000000604A27C,,server,,unchecked,unchecked,none,1.954884,0.09662223,0.09662223,0,Stand,5.737818,,,,0->0:Exact,none; server owns swing cadence
537,8.870729,0.016813,Tick,live-sample,true,0xF13000000604A27C,,server,,unchecked,unchecked,none,1.9961904,0.09925532,0.09925532,0,Stand,5.754631,,,,0->0:Exact,none; server owns swing cadence
538,8.887440,0.016711,Tick,live-sample,true,0xF13000000604A27C,,server,,unchecked,unchecked,none,2.0355213,0.10169768,0.10169768,0,Stand,5.771342,,,,0->0:Exact,none; server owns swing cadence
539,8.905352,0.017912,Tick,live-sample,true,0xF13000000604A27C,,server,,unchecked,unchecked,none,2.0797777,0.1043427,0.1043427,0,Stand,5.7892537,,,,0->0:Exact,none; server owns swing cadence
540,8.920901,0.015549,Tick,live-sample,true,0xF13000000604A27C,,server,,unchecked,unchecked,none,2.1191328,0.106594086,0.106594086,0,Stand,5.8048034,,,,0->0:Exact,none; server owns swing cadence
541,8.937772,0.016871,Tick,live-sample,true,0xF13000000604A27C,,server,,unchecked,unchecked,none,2.1614246,0.108964205,0.108964205,0,Stand,5.8216743,,,,0->0:Exact,none; server owns swing cadence
542,8.954013,0.016241,Tick,live-sample,true,0xF13000000604A27C,,server,,unchecked,unchecked,none,2.2008007,0.11104941,0.11104941,0,Stand,5.837915,,,,0->0:Exact,none; server owns swing cadence
543,8.971041,0.017028,Tick,live-sample,true,0xF13000000604A27C,,server,,unchecked,unchecked,none,2.2421768,0.11312771,0.11312771,0,Stand,5.854943,,,,0->0:Exact,none; server owns swing cadence
544,8.987448,0.016407,Tick,live-sample,true,0xF13000000604A27C,,server,,unchecked,unchecked,none,2.2815711,0.11506748,0.11506748,0,Stand,5.87135,,,,0->0:Exact,none; server owns swing cadence
545,9.004288,0.016840,Tick,live-sample,true,0xF13000000604A27C,,server,,unchecked,unchecked,none,2.3239038,0.117117405,0.117117405,0,Stand,5.88819,,,,0->0:Exact,none; server owns swing cadence
546,9.020775,0.016487,Tick,live-sample,true,0xF13000000604A27C,,server,,unchecked,unchecked,none,2.3653064,0.11898136,0.11898136,0,Stand,5.904677,,,,0->0:Exact,none; server owns swing cadence
547,9.037646,0.016871,Tick,live-sample,true,0xF13000000604A27C,,server,,unchecked,unchecked,none,2.4047253,0.12072587,0.12072587,0,Stand,5.9215474,,,,0->0:Exact,none; server owns swing cadence
548,9.054132,0.016485,Tick,live-sample,true,0xF13000000604A27C,,server,,unchecked,unchecked,none,2.4470835,0.122574806,0.122574806,0,Stand,5.938033,,,,0->0:Exact,none; server owns swing cadence
549,9.070889,0.016758,Tick,live-sample,true,0xF13000000604A27C,,server,,unchecked,unchecked,none,2.4885132,0.1242497,0.1242497,0,Stand,5.954791,,,,0->0:Exact,none; server owns swing cadence
550,9.087649,0.016759,Tick,live-sample,true,0xF13000000604A27C,,server,,unchecked,unchecked,none,2.527949,0.1258328,0.1258328,0,Stand,5.97155,,,,0->0:Exact,none; server owns swing cadence
551,9.104252,0.016603,Tick,live-sample,true,0xF13000000604A27C,,server,,unchecked,unchecked,none,2.5703332,0.12750316,0.12750316,0,Stand,5.9881535,,,,0->0:Exact,none; server owns swing cadence
552,9.120945,0.016693,Tick,live-sample,true,0xF13000000604A27C,,server,,unchecked,unchecked,none,2.6117785,0.12902641,0.12902641,0,Stand,6.0048466,,,,0->0:Exact,none; server owns swing cadence
553,9.137491,0.016546,Tick,live-sample,true,0xF13000000604A27C,,server,,unchecked,unchecked,none,2.6512365,0.13045931,0.13045931,0,Stand,6.0213923,,,,0->0:Exact,none; server owns swing cadence
554,9.154154,0.016663,Tick,live-sample,true,0xF13000000604A27C,,server,,unchecked,unchecked,none,2.6936357,0.1319859,0.1319859,0,Stand,6.038056,,,,0->0:Exact,none; server owns swing cadence
555,9.170862,0.016708,Tick,live-sample,true,0xF13000000604A27C,,server,,unchecked,unchecked,none,2.735098,0.13337255,0.13337255,0,Stand,6.054764,,,,0->0:Exact,none; server owns swing cadence
556,9.187634,0.016772,Tick,live-sample,true,0xF13000000604A27C,,server,,unchecked,unchecked,none,2.774572,0.1346798,0.1346798,0,Stand,6.0715356,,,,0->0:Exact,none; server owns swing cadence
557,9.205262,0.017628,Tick,live-sample,true,0xF13000000604A27C,,server,,unchecked,unchecked,none,2.8189852,0.1361072,0.1361072,0,Stand,6.089164,,,,0->0:Exact,none; server owns swing cadence
558,9.221038,0.015775,Tick,live-sample,true,0xF13000000604A27C,,server,,unchecked,unchecked,none,2.8584647,0.13734365,0.13734365,0,Stand,6.1049395,,,,0->0:Exact,none; server owns swing cadence
559,9.237692,0.016655,Tick,live-sample,true,0xF13000000604A27C,,server,,unchecked,unchecked,none,2.8979526,0.13854098,0.13854098,0,Stand,6.1215944,,,,0->0:Exact,none; server owns swing cadence
560,9.254312,0.016620,Tick,live-sample,true,0xF13000000604A27C,,server,,unchecked,unchecked,none,2.9403827,0.13982296,0.13982296,0,Stand,6.138214,,,,0->0:Exact,none; server owns swing cadence
561,9.271154,0.016841,Tick,live-sample,true,0xF13000000604A27C,,server,,unchecked,unchecked,none,2.9818728,0.14098597,0.14098597,0,Stand,6.1550555,,,,0->0:Exact,none; server owns swing cadence
562,9.287689,0.016535,Tick,live-sample,true,0xF13000000604A27C,,server,,unchecked,unchecked,none,3.0213726,0.14208698,0.14208698,0,Stand,6.1715903,,,,0->0:Exact,none; server owns swing cadence
563,9.304484,0.016795,Tick,live-sample,true,0xF13000000604A27C,,server,,unchecked,unchecked,none,3.0638158,0.14326811,0.14326811,0,Stand,6.1883855,,,,0->0:Exact,none; server owns swing cadence
564,9.321044,0.016560,Tick,live-sample,true,0xF13000000604A27C,,server,,unchecked,unchecked,none,3.105321,0.14433408,0.14433408,0,Stand,6.2049456,,,,0->0:Exact,none; server owns swing cadence
565,9.337862,0.016818,Tick,live-sample,true,0xF13000000604A27C,,server,,unchecked,unchecked,none,3.147772,0.14545345,0.14545345,0,Stand,6.2217636,,,,0->0:Exact,none; server owns swing cadence
566,9.354503,0.016641,Tick,live-sample,true,0xF13000000604A27C,,server,,unchecked,unchecked,none,3.1872861,0.1464417,0.1464417,0,Stand,6.238405,,,,0->0:Exact,none; server owns swing cadence
567,9.371276,0.016773,Tick,live-sample,true,0xF13000000604A27C,,server,,unchecked,unchecked,none,3.228798,0.14743066,0.14743066,0,Stand,6.2551785,,,,0->0:Exact,none; server owns swing cadence
568,9.387964,0.016688,Tick,live-sample,true,0xF13000000604A27C,,server,,unchecked,unchecked,none,3.2663198,0.14835095,0.14835095,0,Stand,6.2718663,,,,0->0:Exact,none; server owns swing cadence
569,9.404481,0.016517,Tick,live-sample,true,0xF13000000604A27C,,server,,unchecked,unchecked,none,3.2663198,0.14835095,0.14835095,0,Stand,6.288383,,,,0->0:Exact,none; server owns swing cadence
570,9.421192,0.016711,Tick,live-sample,true,0xF13000000604A27C,,server,,unchecked,unchecked,none,3.2663198,0.14835095,0.14835095,0,Stand,6.305094,,,,0->0:Exact,none; server owns swing cadence
571,9.437780,0.016588,Tick,live-sample,true,0xF13000000604A27C,,server,,unchecked,unchecked,none,3.2350612,0.15718341,0.15718341,0,Stand,6.321682,,,,0->0:Exact,none; server owns swing cadence
572,9.454540,0.016760,Tick,live-sample,true,0xF13000000604A27C,,server,,unchecked,unchecked,none,3.2054832,0.16562629,0.16562629,0,Stand,6.3384414,,,,0->0:Exact,none; server owns swing cadence
573,9.471362,0.016822,Tick,live-sample,true,0xF13000000604A27C,,server,,unchecked,unchecked,none,3.174727,0.17480087,0.17480087,0,Stand,6.355263,,,,0->0:Exact,none; server owns swing cadence
574,9.487855,0.016493,Tick,live-sample,true,0xF13000000604A27C,,server,,unchecked,unchecked,none,3.1442463,0.18414927,0.18414927,0,Stand,6.371756,,,,0->0:Exact,none; server owns swing cadence
575,9.505711,0.017856,Tick,live-sample,true,0xF13000000604A27C,,server,,unchecked,unchecked,none,3.1126704,0.19427466,0.19427466,0,Stand,6.389612,,,,0->0:Exact,none; server owns swing cadence
576,9.520997,0.015286,Tick,live-sample,true,0xF13000000604A27C,,server,,unchecked,unchecked,none,3.0864449,0.20286179,0.20286179,0,Stand,6.404898,,,,0->0:Exact,none; server owns swing cadence
577,9.537676,0.016679,Tick,live-sample,true,0xF13000000604A27C,,server,,unchecked,unchecked,none,3.058151,0.21214557,0.21214557,0,Stand,6.4215775,,,,0->0:Exact,none; server owns swing cadence
578,9.554390,0.016715,Tick,live-sample,true,0xF13000000604A27C,,server,,unchecked,unchecked,none,3.0288055,0.2222209,0.2222209,0,Stand,6.438292,,,,0->0:Exact,none; server owns swing cadence
579,9.571122,0.016731,Tick,live-sample,true,0xF13000000604A27C,,server,,unchecked,unchecked,none,2.999771,0.23249745,0.23249745,0,Stand,6.4550233,,,,0->0:Exact,none; server owns swing cadence
580,9.587960,0.016839,Tick,live-sample,true,0xF13000000604A27C,,server,,unchecked,unchecked,none,2.971062,0.24296856,0.24296856,0,Stand,6.471862,,,,0->0:Exact,none; server owns swing cadence
581,9.604489,0.016529,Tick,live-sample,true,0xF13000000604A27C,,server,,unchecked,unchecked,none,2.9449122,0.25303912,0.25303912,0,Stand,6.4883904,,,,0->0:Exact,none; server owns swing cadence
582,9.621368,0.016879,Tick,live-sample,true,0xF13000000604A27C,,server,,unchecked,unchecked,none,2.9168572,0.263906,0.263906,0,Stand,6.505269,,,,0->0:Exact,none; server owns swing cadence
583,9.638041,0.016674,Tick,live-sample,true,0xF13000000604A27C,,server,,unchecked,unchecked,none,2.8891518,0.2749877,0.2749877,0,Stand,6.5219426,,,,0->0:Exact,none; server owns swing cadence
584,9.654806,0.016765,Tick,live-sample,true,0xF13000000604A27C,,server,,unchecked,unchecked,none,2.8618095,0.28627753,0.28627753,0,Stand,6.5387077,,,,0->0:Exact,none; server owns swing cadence
585,9.671680,0.016874,Tick,live-sample,true,0xF13000000604A27C,,server,,unchecked,unchecked,none,2.8360143,0.29708886,0.29708886,0,Stand,6.5555816,,,,0->0:Exact,none; server owns swing cadence
586,9.687915,0.016235,Tick,live-sample,true,0xF13000000604A27C,,server,,unchecked,unchecked,none,2.8094018,0.3088081,0.3088081,0,Stand,6.5718164,,,,0->0:Exact,none; server owns swing cadence
587,9.704469,0.016554,Tick,live-sample,true,0xF13000000604A27C,,server,,unchecked,unchecked,none,2.7843134,0.3200276,0.3200276,0,Stand,6.5883703,,,,0->0:Exact,none; server owns swing cadence
588,9.721827,0.017358,Tick,live-sample,true,0xF13000000604A27C,,server,,unchecked,unchecked,none,2.7573686,0.33291173,0.33291173,0,Stand,6.605728,,,,0->0:Exact,none; server owns swing cadence
589,9.738093,0.016266,Tick,live-sample,true,0xF13000000604A27C,,server,,unchecked,unchecked,none,2.7330506,0.3445611,0.3445611,0,Stand,6.621994,,,,0->0:Exact,none; server owns swing cadence
590,9.754656,0.016563,Tick,live-sample,true,0xF13000000604A27C,,server,,unchecked,unchecked,none,2.7100859,0.3564322,0.3564322,0,Stand,6.638557,,,,0->0:Exact,none; server owns swing cadence
591,9.771577,0.016921,Tick,live-sample,true,0xF13000000604A27C,,server,,unchecked,unchecked,none,2.6855018,0.36925697,0.36925697,0,Stand,6.655478,,,,0->0:Exact,none; server owns swing cadence
592,9.788022,0.016445,Tick,live-sample,true,0xF13000000604A27C,,server,,unchecked,unchecked,none,2.6613674,0.3823166,0.3823166,0,Stand,6.671923,,,,0->0:Exact,none; server owns swing cadence
593,9.805736,0.017714,Tick,live-sample,true,0xF13000000604A27C,,server,,unchecked,unchecked,none,2.6357431,-5.886779,-5.886779,0,Stand,6.689637,,,,0->0:Exact,none; server owns swing cadence
594,9.821314,0.015578,Tick,live-sample,true,0xF13000000604A27C,,server,,unchecked,unchecked,none,2.6154473,-5.8748302,-5.8748302,0,Stand,6.7052155,,,,0->0:Exact,none; server owns swing cadence
595,9.838099,0.016785,Tick,live-sample,true,0xF13000000604A27C,,server,,unchecked,unchecked,none,2.5927086,-5.861068,-5.861068,0,Stand,6.722,,,,0->0:Exact,none; server owns swing cadence
596,9.854994,0.016895,Tick,live-sample,true,0xF13000000604A27C,,server,,unchecked,unchecked,none,2.5704706,-5.8470583,-5.8470583,0,Stand,6.7388954,,,,0->0:Exact,none; server owns swing cadence
597,9.871361,0.016367,Tick,live-sample,true,0xF13000000604A27C,,server,,unchecked,unchecked,none,2.5505822,-5.8336673,-5.8336673,0,Stand,6.7552624,,,,0->0:Exact,none; server owns swing cadence
598,9.888176,0.016815,Tick,live-sample,true,0xF13000000604A27C,,server,,unchecked,unchecked,none,2.5293505,-5.8191977,-5.8191977,0,Stand,6.772077,,,,0->0:Exact,none; server owns swing cadence
599,9.904595,0.016419,Tick,live-sample,true,0xF13000000604A27C,,server,,unchecked,unchecked,none,2.5094593,-5.805343,-5.805343,0,Stand,6.788496,,,,0->0:Exact,none; server owns swing cadence
600,9.921772,0.017178,Tick,live-sample,true,0xF13000000604A27C,,server,,unchecked,unchecked,none,2.4885178,-5.789528,-5.789528,0,Stand,6.8056736,,,,0->0:Exact,none; server owns swing cadence
601,9.938462,0.016690,Tick,live-sample,true,0xF13000000604A27C,,server,,unchecked,unchecked,none,2.4696789,-5.775214,-5.775214,0,Stand,6.8223634,,,,0->0:Exact,none; server owns swing cadence
602,9.954801,0.016338,Tick,live-sample,true,0xF13000000604A27C,,server,,unchecked,unchecked,none,2.4506488,-5.7597933,-5.7597933,0,Stand,6.8387017,,,,0->0:Exact,none; server owns swing cadence
603,9.971614,0.016813,Tick,live-sample,true,0xF13000000604A27C,,server,,unchecked,unchecked,none,2.432881,-5.745036,-5.745036,0,Stand,6.8555145,,,,0->0:Exact,none; server owns swing cadence
604,9.988396,0.016782,Tick,live-sample,true,0xF13000000604A27C,,server,,unchecked,unchecked,none,2.4150157,-5.729147,-5.729147,0,Stand,6.872297,,,,0->0:Exact,none; server owns swing cadence
605,10.004943,0.016547,Tick,live-sample,true,0xF13000000604A27C,,server,,unchecked,unchecked,none,2.397766,-5.7130313,-5.7130313,0,Stand,6.888844,,,,0->0:Exact,none; server owns swing cadence
606,10.021669,0.016726,Tick,live-sample,true,0xF13000000604A27C,,server,,unchecked,unchecked,none,2.3826735,-5.697697,-5.697697,0,Stand,6.9055705,,,,0->0:Exact,none; server owns swing cadence
607,10.038135,0.016465,Tick,live-sample,true,0xF13000000604A27C,,server,,unchecked,unchecked,none,2.3666637,-5.681138,-5.681138,0,Stand,6.922036,,,,0->0:Exact,none; server owns swing cadence
608,10.054807,0.016673,Tick,live-sample,true,0xF13000000604A27C,,server,,unchecked,unchecked,none,2.351308,-5.6643643,-5.6643643,0,Stand,6.938709,,,,0->0:Exact,none; server owns swing cadence
609,10.071714,0.016906,Tick,live-sample,true,0xF13000000604A27C,,server,,unchecked,unchecked,none,2.3366265,-5.6473684,-5.6473684,0,Stand,6.955615,,,,0->0:Exact,none; server owns swing cadence
610,10.071714,0.000000,AttackStopSend,network-session-send,true,0x0000000000000000,CMSG_ATTACKSTOP,server,,unchecked,unchecked,none,-1,,,0,Stand,6.955615,,,,0->0:Exact,CMSG_ATTACKSTOP
611,10.071714,0.000000,IntentOff,user-cancel,true,0xF13000000604A27C,,server,,unchecked,unchecked,none,2.3366265,-5.6473684,-5.6473684,0,Stand,6.955615,,,,0->0:Exact,local attack latch edge
