row,t,dt,event,cause,intentOn,targetGuid,opcode,swingTimerOwner,weaponSpeedMs,rangeEligibility,arcEligibility,clientAction,distance,bearingDelta,facingDelta,clipId,clipName,clipTime,clipB,clipBTime,blendWeight,animChoice,detail
0,0.000000,0.000000,TraceStart,operator,false,0x0000000000000000,,server,,unchecked,unchecked,none,-1,,,0,Stand,0.0166324,WalkBackwards,4.019519,0.005043149,0->0:Exact,server-authoritative swing timing; client range/arc gates absent
1,0.000000,0.000000,AttackSwingSend,network-session-send,false,0xF13000000604A27B,CMSG_ATTACKSWING,server,,unchecked,unchecked,none,9.331997,-0.2446897,-0.2446897,0,Stand,0.0354077,WalkBackwards,4.053314,0.02211976,0->0:Exact,CMSG_ATTACKSWING
2,0.000000,0.000000,IntentOn,user-start,true,0xF13000000604A27B,,server,,unchecked,unchecked,none,9.331997,-0.2446897,-0.2446897,0,Stand,0.0354077,WalkBackwards,4.053314,0.02211976,0->0:Exact,local attack latch edge
3,0.015657,0.015657,Tick,live-sample,true,0xF13000000604A27B,,server,,unchecked,unchecked,none,9.331997,-0.2446897,-0.2446897,0,Stand,0.0510652,WalkBackwards,4.0814977,0.044732273,0->0:Exact,none; server owns swing cadence
4,0.031697,0.016039,Tick,live-sample,true,0xF13000000604A27B,,server,,unchecked,unchecked,none,9.331997,-0.2446897,-0.2446897,0,Stand,0.0671044,WalkBackwards,4.1103683,0.074988365,0->0:Exact,none; server owns swing cadence
5,0.048345,0.016648,Tick,live-sample,true,0xF13000000604A27B,,server,,unchecked,unchecked,none,9.331997,-0.2446897,-0.2446897,0,Stand,0.0837529,WalkBackwards,4.1403356,0.11316371,0->0:Exact,none; server owns swing cadence
6,0.064831,0.016486,Tick,live-sample,true,0xF13000000604A27B,,server,,unchecked,unchecked,none,9.331997,-0.2446897,-0.2446897,0,Stand,0.1002392,WalkBackwards,4.170011,0.15692323,0->0:Exact,none; server owns swing cadence
7,0.081374,0.016543,Tick,live-sample,true,0xF13000000604A27B,,server,,unchecked,unchecked,none,9.331997,-0.2446897,-0.2446897,0,Stand,0.1167822,WalkBackwards,4.1997886,0.20594251,0->0:Exact,none; server owns swing cadence
8,0.097995,0.016621,Tick,live-sample,true,0xF13000000604A27B,,server,,unchecked,unchecked,none,9.331997,-0.2446897,-0.2446897,0,Stand,0.1334029,WalkBackwards,4.229706,0.25949097,0->0:Exact,none; server owns swing cadence
9,0.113683,0.015688,Tick,live-sample,true,0xF13000000604A27B,,server,,unchecked,unchecked,none,9.331997,-0.2446897,-0.2446897,0,Stand,0.1490905,WalkBackwards,4.2579436,0.31321245,0->0:Exact,none; server owns swing cadence
10,0.130113,0.016430,Tick,live-sample,true,0xF13000000604A27B,,server,,unchecked,unchecked,none,9.331997,-0.2446897,-0.2446897,0,Stand,0.1655203,WalkBackwards,4.287517,0.37198186,0->0:Exact,none; server owns swing cadence
11,0.146942,0.016829,Tick,live-sample,true,0xF13000000604A27B,,server,,unchecked,unchecked,none,9.331997,-0.2446897,-0.2446897,0,Stand,0.18234959,WalkBackwards,4.3178096,0.4339826,0->0:Exact,none; server owns swing cadence
12,0.163572,0.016630,Tick,live-sample,true,0xF13000000604A27B,,server,,unchecked,unchecked,none,9.331997,-0.2446897,-0.2446897,0,Stand,0.19897969,WalkBackwards,4.347744,0.49617368,0->0:Exact,none; server owns swing cadence
13,0.180277,0.016705,Tick,live-sample,true,0xF13000000604A27B,,server,,unchecked,unchecked,none,9.331997,-0.2446897,-0.2446897,0,Stand,0.215685,WalkBackwards,4.3778133,0.5586979,0->0:Exact,none; server owns swing cadence
14,0.196964,0.016687,Tick,live-sample,true,0xF13000000604A27B,,server,,unchecked,unchecked,none,9.331997,-0.2446897,-0.2446897,0,Stand,0.23237169,WalkBackwards,4.4078493,0.62033355,0->0:Exact,none; server owns swing cadence
15,0.213736,0.016772,Tick,live-sample,true,0xF13000000604A27B,,server,,unchecked,unchecked,none,9.331997,-0.2446897,-0.2446897,0,Stand,0.24914369,WalkBackwards,4.438039,0.68057966,0->0:Exact,none; server owns swing cadence
16,0.230338,0.016602,Tick,live-sample,true,0xF13000000604A27B,,server,,unchecked,unchecked,none,9.331997,-0.2446897,-0.2446897,0,Stand,0.2657458,WalkBackwards,4.4679227,0.73766565,0->0:Exact,none; server owns swing cadence
17,0.247042,0.016704,Tick,live-sample,true,0xF13000000604A27B,,server,,unchecked,unchecked,none,9.331997,-0.2446897,-0.2446897,0,Stand,0.2824497,WalkBackwards,4.4979897,0.79167086,0->0:Exact,none; server owns swing cadence
18,0.263622,0.016580,Tick,live-sample,true,0xF13000000604A27B,,server,,unchecked,unchecked,none,9.331997,-0.2446897,-0.2446897,0,Stand,0.2990301,WalkBackwards,4.5278344,0.8410132,0->0:Exact,none; server owns swing cadence
19,0.280264,0.016641,Tick,live-sample,true,0xF13000000604A27B,,server,,unchecked,unchecked,none,9.331997,-0.2446897,-0.2446897,0,Stand,0.3156713,WalkBackwards,4.5577884,0.8854027,0->0:Exact,none; server owns swing cadence
20,0.296975,0.016711,Tick,live-sample,true,0xF13000000604A27B,,server,,unchecked,unchecked,none,9.331997,-0.2446897,-0.2446897,0,Stand,0.3323823,WalkBackwards,4.587868,0.92393315,0->0:Exact,none; server owns swing cadence
21,0.313565,0.016590,Tick,live-sample,true,0xF13000000604A27B,,server,,unchecked,unchecked,none,9.331997,-0.2446897,-0.2446897,0,Stand,0.3489723,WalkBackwards,4.61773,0.95533025,0->0:Exact,none; server owns swing cadence
22,0.330369,0.016805,Tick,live-sample,true,0xF13000000604A27B,,server,,unchecked,unchecked,none,9.331997,-0.2446897,-0.2446897,0,Stand,0.36577708,WalkBackwards,4.647979,0.97929233,0->0:Exact,none; server owns swing cadence
23,0.347009,0.016640,Tick,live-sample,true,0xF13000000604A27B,,server,,unchecked,unchecked,none,9.331997,-0.2446897,-0.2446897,0,Stand,0.38241708,WalkBackwards,4.677931,0.9943731,0->0:Exact,none; server owns swing cadence
24,0.364788,0.017779,Tick,live-sample,true,0xF13000000604A27B,,server,,unchecked,unchecked,none,9.331997,-0.2446897,-0.2446897,0,Stand,0.4001959,,,,0->0:Exact,none; server owns swing cadence
25,0.380155,0.015367,Tick,live-sample,true,0xF13000000604A27B,,server,,unchecked,unchecked,none,9.331997,-0.2446897,-0.2446897,0,Stand,0.4155626,,,,0->0:Exact,none; server owns swing cadence
26,0.397048,0.016894,Tick,live-sample,true,0xF13000000604A27B,,server,,unchecked,unchecked,none,9.331997,-0.2446897,-0.2446897,0,Stand,0.4324561,,,,0->0:Exact,none; server owns swing cadence
27,0.413753,0.016704,Tick,live-sample,true,0xF13000000604A27B,,server,,unchecked,unchecked,none,9.331997,-0.2446897,-0.2446897,0,Stand,0.4491606,,,,0->0:Exact,none; server owns swing cadence
28,0.430657,0.016904,Tick,live-sample,true,0xF13000000604A27B,,server,,unchecked,unchecked,none,9.331997,-0.2446897,-0.2446897,0,Stand,0.4660646,,,,0->0:Exact,none; server owns swing cadence
29,0.447326,0.016669,Tick,live-sample,true,0xF13000000604A27B,,server,,unchecked,unchecked,none,9.331997,-0.2446897,-0.2446897,0,Stand,0.4827337,,,,0->0:Exact,none; server owns swing cadence
30,0.463730,0.016404,Tick,live-sample,true,0xF13000000604A27B,,server,,unchecked,unchecked,none,9.331997,-0.2446897,-0.2446897,0,Stand,0.4991376,,,,0->0:Exact,none; server owns swing cadence
31,0.480507,0.016777,Tick,live-sample,true,0xF13000000604A27B,,server,,unchecked,unchecked,none,9.331997,-0.2446897,-0.2446897,0,Stand,0.5159143,,,,0->0:Exact,none; server owns swing cadence
32,0.497210,0.016704,Tick,live-sample,true,0xF13000000604A27B,,server,,unchecked,unchecked,none,9.331997,-0.2446897,-0.2446897,0,Stand,0.5326179,,,,0->0:Exact,none; server owns swing cadence
33,0.513675,0.016465,Tick,live-sample,true,0xF13000000604A27B,,server,,unchecked,unchecked,none,9.331997,-0.2446897,-0.2446897,0,Stand,0.54908293,,,,0->0:Exact,none; server owns swing cadence
34,0.530528,0.016852,Tick,live-sample,true,0xF13000000604A27B,,server,,unchecked,unchecked,none,9.331997,-0.2446897,-0.2446897,0,Stand,0.56593525,,,,0->0:Exact,none; server owns swing cadence
35,0.547350,0.016823,Tick,live-sample,true,0xF13000000604A27B,,server,,unchecked,unchecked,none,9.331997,-0.2446897,-0.2446897,0,Stand,0.58275783,,,,0->0:Exact,none; server owns swing cadence
36,0.563833,0.016483,Tick,live-sample,true,0xF13000000604A27B,,server,,unchecked,unchecked,none,9.331997,-0.2446897,-0.2446897,0,Stand,0.59924114,,,,0->0:Exact,none; server owns swing cadence
37,0.580719,0.016885,Tick,live-sample,true,0xF13000000604A27B,,server,,unchecked,unchecked,none,9.331997,-0.2446897,-0.2446897,0,Stand,0.61612636,,,,0->0:Exact,none; server owns swing cadence
38,0.597115,0.016396,Tick,live-sample,true,0xF13000000604A27B,,server,,unchecked,unchecked,none,9.331997,-0.2446897,-0.2446897,0,Stand,0.63252234,,,,0->0:Exact,none; server owns swing cadence
39,0.614120,0.017005,Tick,live-sample,true,0xF13000000604A27B,,server,,unchecked,unchecked,none,9.331997,-0.2446897,-0.2446897,0,Stand,0.64952755,,,,0->0:Exact,none; server owns swing cadence
40,0.630559,0.016439,Tick,live-sample,true,0xF13000000604A27B,,server,,unchecked,unchecked,none,9.331997,-0.2446897,-0.2446897,0,Stand,0.66596705,,,,0->0:Exact,none; server owns swing cadence
41,0.647635,0.017076,Tick,live-sample,true,0xF13000000604A27B,,server,,unchecked,unchecked,none,9.331997,-0.2446897,-0.2446897,0,Stand,0.68304276,,,,0->0:Exact,none; server owns swing cadence
42,0.664680,0.017045,Tick,live-sample,true,0xF13000000604A27B,,server,,unchecked,unchecked,none,9.331997,-0.2446897,-0.2446897,0,Stand,0.70008767,,,,0->0:Exact,none; server owns swing cadence
43,0.680861,0.016181,Tick,live-sample,true,0xF13000000604A27B,,server,,unchecked,unchecked,none,9.331997,-0.2446897,-0.2446897,0,Stand,0.71626854,,,,0->0:Exact,none; server owns swing cadence
44,0.697404,0.016543,Tick,live-sample,true,0xF13000000604A27B,,server,,unchecked,unchecked,none,9.331997,-0.2446897,-0.2446897,0,Stand,0.73281187,,,,0->0:Exact,none; server owns swing cadence
45,0.714033,0.016629,Tick,live-sample,true,0xF13000000604A27B,,server,,unchecked,unchecked,none,9.331997,-0.2446897,-0.2446897,0,Stand,0.74944067,,,,0->0:Exact,none; server owns swing cadence
46,0.730654,0.016621,Tick,live-sample,true,0xF13000000604A27B,,server,,unchecked,unchecked,none,9.331997,-0.2446897,-0.2446897,0,Stand,0.7660615,,,,0->0:Exact,none; server owns swing cadence
47,0.747365,0.016712,Tick,live-sample,true,0xF13000000604A27B,,server,,unchecked,unchecked,none,9.331997,-0.2446897,-0.2446897,0,Stand,0.7827731,,,,0->0:Exact,none; server owns swing cadence
48,0.764108,0.016743,Tick,live-sample,true,0xF13000000604A27B,,server,,unchecked,unchecked,none,9.331997,-0.2446897,-0.2446897,0,Stand,0.7995158,,,,0->0:Exact,none; server owns swing cadence
49,0.780604,0.016496,Tick,live-sample,true,0xF13000000604A27B,,server,,unchecked,unchecked,none,9.331997,-0.2446897,-0.2446897,0,Stand,0.81601167,,,,0->0:Exact,none; server owns swing cadence
50,0.797583,0.016979,Tick,live-sample,true,0xF13000000604A27B,,server,,unchecked,unchecked,none,9.331997,-0.2446897,-0.2446897,0,Stand,0.83299065,,,,0->0:Exact,none; server owns swing cadence
51,0.814157,0.016574,Tick,live-sample,true,0xF13000000604A27B,,server,,unchecked,unchecked,none,9.331997,-0.2446897,-0.2446897,0,Stand,0.8495644,,,,0->0:Exact,none; server owns swing cadence
52,0.830759,0.016602,Tick,live-sample,true,0xF13000000604A27B,,server,,unchecked,unchecked,none,9.331997,-0.2446897,-0.2446897,0,Stand,0.8661668,,,,0->0:Exact,none; server owns swing cadence
53,0.847375,0.016616,Tick,live-sample,true,0xF13000000604A27B,,server,,unchecked,unchecked,none,9.331997,-0.2446897,-0.2446897,0,Stand,0.882783,,,,0->0:Exact,none; server owns swing cadence
54,0.864122,0.016747,Tick,live-sample,true,0xF13000000604A27B,,server,,unchecked,unchecked,none,9.331997,-0.2446897,-0.2446897,0,Stand,0.8995295,,,,0->0:Exact,none; server owns swing cadence
55,0.880793,0.016671,Tick,live-sample,true,0xF13000000604A27B,,server,,unchecked,unchecked,none,9.331997,-0.2446897,-0.2446897,0,Stand,0.9162004,,,,0->0:Exact,none; server owns swing cadence
56,0.897399,0.016606,Tick,live-sample,true,0xF13000000604A27B,,server,,unchecked,unchecked,none,9.331997,-0.2446897,-0.2446897,0,Stand,0.9328068,,,,0->0:Exact,none; server owns swing cadence
57,0.914401,0.017002,Tick,live-sample,true,0xF13000000604A27B,,server,,unchecked,unchecked,none,9.331997,-0.2446897,-0.2446897,0,Stand,0.9498088,,,,0->0:Exact,none; server owns swing cadence
58,0.930995,0.016594,Tick,live-sample,true,0xF13000000604A27B,,server,,unchecked,unchecked,none,9.331997,-0.2446897,-0.2446897,0,Stand,0.9664026,,,,0->0:Exact,none; server owns swing cadence
59,0.947531,0.016536,Tick,live-sample,true,0xF13000000604A27B,,server,,unchecked,unchecked,none,9.331997,-0.2446897,-0.2446897,0,Stand,0.9829383,,,,0->0:Exact,none; server owns swing cadence
60,0.964795,0.017265,Tick,live-sample,true,0xF13000000604A27B,,server,,unchecked,unchecked,none,9.331997,-0.2446897,-0.2446897,0,Stand,1.000203,,,,0->0:Exact,none; server owns swing cadence
61,0.980913,0.016118,Tick,live-sample,true,0xF13000000604A27B,,server,,unchecked,unchecked,none,9.331997,-0.2446897,-0.2446897,0,Stand,1.0163212,,,,0->0:Exact,none; server owns swing cadence
62,0.997508,0.016595,Tick,live-sample,true,0xF13000000604A27B,,server,,unchecked,unchecked,none,9.331997,-0.2446897,-0.2446897,0,Stand,1.0329161,,,,0->0:Exact,none; server owns swing cadence
63,1.014355,0.016846,Tick,live-sample,true,0xF13000000604A27B,,server,,unchecked,unchecked,none,9.331997,-0.2446897,-0.2446897,0,Stand,1.0497625,,,,0->0:Exact,none; server owns swing cadence
64,1.030913,0.016559,Tick,live-sample,true,0xF13000000604A27B,,server,,unchecked,unchecked,none,9.331997,-0.2446897,-0.2446897,0,Stand,1.0663211,,,,0->0:Exact,none; server owns swing cadence
65,1.047642,0.016729,Tick,live-sample,true,0xF13000000604A27B,,server,,unchecked,unchecked,none,9.331997,-0.2446897,-0.2446897,0,Stand,1.08305,,,,0->0:Exact,none; server owns swing cadence
66,1.064325,0.016682,Tick,live-sample,true,0xF13000000604A27B,,server,,unchecked,unchecked,none,9.331997,-0.2446897,-0.2446897,0,Stand,1.0997324,,,,0->0:Exact,none; server owns swing cadence
67,1.081126,0.016802,Tick,live-sample,true,0xF13000000604A27B,,server,,unchecked,unchecked,none,9.331997,-0.2446897,-0.2446897,0,Stand,1.1165339,,,,0->0:Exact,none; server owns swing cadence
68,1.097637,0.016511,Tick,live-sample,true,0xF13000000604A27B,,server,,unchecked,unchecked,none,9.331997,-0.2446897,-0.2446897,0,Stand,1.133045,,,,0->0:Exact,none; server owns swing cadence
69,1.114338,0.016701,Tick,live-sample,true,0xF13000000604A27B,,server,,unchecked,unchecked,none,9.331997,-0.2446897,-0.2446897,0,Stand,1.1497458,,,,0->0:Exact,none; server owns swing cadence
70,1.131071,0.016732,Tick,live-sample,true,0xF13000000604A27B,,server,,unchecked,unchecked,none,9.331997,-0.2446897,-0.2446897,0,Stand,1.1664783,,,,0->0:Exact,none; server owns swing cadence
71,1.147763,0.016693,Tick,live-sample,true,0xF13000000604A27B,,server,,unchecked,unchecked,none,9.331997,-0.2446897,-0.2446897,0,Stand,1.1831709,,,,0->0:Exact,none; server owns swing cadence
72,1.164377,0.016614,Tick,live-sample,true,0xF13000000604A27B,,server,,unchecked,unchecked,none,9.331997,-0.2446897,-0.2446897,0,Stand,1.1997844,,,,0->0:Exact,none; server owns swing cadence
73,1.181069,0.016692,Tick,live-sample,true,0xF13000000604A27B,,server,,unchecked,unchecked,none,9.331997,-0.2446897,-0.2446897,0,Stand,1.2164767,,,,0->0:Exact,none; server owns swing cadence
74,1.197896,0.016827,Tick,live-sample,true,0xF13000000604A27B,,server,,unchecked,unchecked,none,9.331997,-0.2446897,-0.2446897,0,Stand,1.2333039,,,,0->0:Exact,none; server owns swing cadence
75,1.214523,0.016627,Tick,live-sample,true,0xF13000000604A27B,,server,,unchecked,unchecked,none,9.331997,-0.2446897,-0.2446897,0,Stand,1.2499311,,,,0->0:Exact,none; server owns swing cadence
76,1.231090,0.016566,Tick,live-sample,true,0xF13000000604A27B,,server,,unchecked,unchecked,none,9.331997,-0.2446897,-0.2446897,0,Stand,1.2664974,,,,0->0:Exact,none; server owns swing cadence
77,1.247875,0.016785,Tick,live-sample,true,0xF13000000604A27B,,server,,unchecked,unchecked,none,9.331997,-0.2446897,-0.2446897,0,Stand,1.2832824,,,,0->0:Exact,none; server owns swing cadence
78,1.265195,0.017320,Tick,live-sample,true,0xF13000000604A27B,,server,,unchecked,unchecked,none,9.331997,-0.2446897,-0.2446897,0,Stand,1.3006028,,,,0->0:Exact,none; server owns swing cadence
79,1.281136,0.015941,Tick,live-sample,true,0xF13000000604A27B,,server,,unchecked,unchecked,none,9.331997,-0.2446897,-0.2446897,0,Stand,1.3165436,,,,0->0:Exact,none; server owns swing cadence
80,1.297822,0.016686,Tick,live-sample,true,0xF13000000604A27B,,server,,unchecked,unchecked,none,9.331997,-0.2446897,-0.2446897,0,Stand,1.3332294,,,,0->0:Exact,none; server owns swing cadence
81,1.314501,0.016680,Tick,live-sample,true,0xF13000000604A27B,,server,,unchecked,unchecked,none,9.331997,-0.2446897,-0.2446897,0,Stand,1.3499091,,,,0->0:Exact,none; server owns swing cadence
82,1.331143,0.016641,Tick,live-sample,true,0xF13000000604A27B,,server,,unchecked,unchecked,none,9.331997,-0.2446897,-0.2446897,0,Stand,1.3665506,,,,0->0:Exact,none; server owns swing cadence
83,1.348005,0.016862,Tick,live-sample,true,0xF13000000604A27B,,server,,unchecked,unchecked,none,9.331997,-0.2446897,-0.2446897,0,Stand,1.3834127,,,,0->0:Exact,none; server owns swing cadence
84,1.364475,0.016470,Tick,live-sample,true,0xF13000000604A27B,,server,,unchecked,unchecked,none,9.331997,-0.2446897,-0.2446897,0,Stand,1.3998823,,,,0->0:Exact,none; server owns swing cadence
85,1.381375,0.016900,Tick,live-sample,true,0xF13000000604A27B,,server,,unchecked,unchecked,none,9.331997,-0.2446897,-0.2446897,0,Stand,1.4167823,,,,0->0:Exact,none; server owns swing cadence
86,1.397918,0.016543,Tick,live-sample,true,0xF13000000604A27B,,server,,unchecked,unchecked,none,9.331997,-0.2446897,-0.2446897,0,Stand,1.4333255,,,,0->0:Exact,none; server owns swing cadence
87,1.414617,0.016699,Tick,live-sample,true,0xF13000000604A27B,,server,,unchecked,unchecked,none,9.331997,-0.2446897,-0.2446897,0,Stand,1.4500244,,,,0->0:Exact,none; server owns swing cadence
88,1.431297,0.016680,Tick,live-sample,true,0xF13000000604A27B,,server,,unchecked,unchecked,none,9.331997,-0.2446897,-0.2446897,0,Stand,1.4667047,,,,0->0:Exact,none; server owns swing cadence
89,1.448006,0.016709,Tick,live-sample,true,0xF13000000604A27B,,server,,unchecked,unchecked,none,9.331997,-0.2446897,-0.2446897,0,Stand,1.4834132,,,,0->0:Exact,none; server owns swing cadence
90,1.464587,0.016582,Tick,live-sample,true,0xF13000000604A27B,,server,,unchecked,unchecked,none,9.331997,-0.2446897,-0.2446897,0,Stand,1.4999949,,,,0->0:Exact,none; server owns swing cadence
91,1.481348,0.016761,Tick,live-sample,true,0xF13000000604A27B,,server,,unchecked,unchecked,none,9.331997,-0.2446897,-0.2446897,0,Stand,1.5167558,,,,0->0:Exact,none; server owns swing cadence
92,1.498041,0.016693,Tick,live-sample,true,0xF13000000604A27B,,server,,unchecked,unchecked,none,9.331997,-0.2446897,-0.2446897,0,Stand,1.5334486,,,,0->0:Exact,none; server owns swing cadence
93,1.514593,0.016552,Tick,live-sample,true,0xF13000000604A27B,,server,,unchecked,unchecked,none,9.331997,-0.2446897,-0.2446897,0,Stand,1.5500004,,,,0->0:Exact,none; server owns swing cadence
94,1.531301,0.016708,Tick,live-sample,true,0xF13000000604A27B,,server,,unchecked,unchecked,none,9.331997,-0.2446897,-0.2446897,0,Stand,1.5667083,,,,0->0:Exact,none; server owns swing cadence
95,1.548060,0.016759,Tick,live-sample,true,0xF13000000604A27B,,server,,unchecked,unchecked,none,9.331997,-0.2446897,-0.2446897,0,Stand,1.5834678,,,,0->0:Exact,none; server owns swing cadence
96,1.565278,0.017218,Tick,live-sample,true,0xF13000000604A27B,,server,,unchecked,unchecked,none,9.331997,-0.2446897,-0.2446897,0,Stand,1.6006857,,,,0->0:Exact,none; server owns swing cadence
97,1.581518,0.016239,Tick,live-sample,true,0xF13000000604A27B,,server,,unchecked,unchecked,none,9.331997,-0.2446897,-0.2446897,0,Stand,1.6169252,,,,0->0:Exact,none; server owns swing cadence
98,1.598046,0.016528,Tick,live-sample,true,0xF13000000604A27B,,server,,unchecked,unchecked,none,9.331997,-0.2446897,-0.2446897,0,Stand,1.6334532,,,,0->0:Exact,none; server owns swing cadence
99,1.614706,0.016660,Tick,live-sample,true,0xF13000000604A27B,,server,,unchecked,unchecked,none,9.331997,-0.2446897,-0.2446897,0,Stand,1.6501136,,,,0->0:Exact,none; server owns swing cadence
100,1.631438,0.016732,Tick,live-sample,true,0xF13000000604A27B,,server,,unchecked,unchecked,none,9.331997,-0.2446897,-0.2446897,0,Stand,1.6668454,,,,0->0:Exact,none; server owns swing cadence
101,1.648279,0.016841,Tick,live-sample,true,0xF13000000604A27B,,server,,unchecked,unchecked,none,9.331997,-0.2446897,-0.2446897,0,Stand,1.6836863,,,,0->0:Exact,none; server owns swing cadence
102,1.665051,0.016773,Tick,live-sample,true,0xF13000000604A27B,,server,,unchecked,unchecked,none,9.331997,-0.2446897,-0.2446897,0,Stand,1.700459,,,,0->0:Exact,none; server owns swing cadence
103,1.681582,0.016531,Tick,live-sample,true,0xF13000000604A27B,,server,,unchecked,unchecked,none,9.331997,-0.2446897,-0.2446897,0,Stand,1.7169898,,,,0->0:Exact,none; server owns swing cadence
104,1.698126,0.016544,Tick,live-sample,true,0xF13000000604A27B,,server,,unchecked,unchecked,none,9.331997,-0.2446897,-0.2446897,0,Stand,1.7335336,,,,0->0:Exact,none; server owns swing cadence
105,1.714757,0.016632,Tick,live-sample,true,0xF13000000604A27B,,server,,unchecked,unchecked,none,9.331997,-0.2446897,-0.2446897,0,Stand,1.7501651,,,,0->0:Exact,none; server owns swing cadence
106,1.731446,0.016689,Tick,live-sample,true,0xF13000000604A27B,,server,,unchecked,unchecked,none,9.331997,-0.2446897,-0.2446897,0,Stand,1.7668539,,,,0->0:Exact,none; server owns swing cadence
107,1.748128,0.016682,Tick,live-sample,true,0xF13000000604A27B,,server,,unchecked,unchecked,none,9.331997,-0.2446897,-0.2446897,0,Stand,1.7835355,,,,0->0:Exact,none; server owns swing cadence
108,1.764844,0.016717,Tick,live-sample,true,0xF13000000604A27B,,server,,unchecked,unchecked,none,9.331997,-0.2446897,-0.2446897,0,Stand,1.800252,,,,0->0:Exact,none; server owns swing cadence
109,1.781494,0.016650,Tick,live-sample,true,0xF13000000604A27B,,server,,unchecked,unchecked,none,9.331997,-0.2446897,-0.2446897,0,Stand,1.8169017,,,,0->0:Exact,none; server owns swing cadence
110,1.798344,0.016850,Tick,live-sample,true,0xF13000000604A27B,,server,,unchecked,unchecked,none,9.331997,-0.2446897,-0.2446897,0,Stand,1.833752,,,,0->0:Exact,none; server owns swing cadence
111,1.814833,0.016489,Tick,live-sample,true,0xF13000000604A27B,,server,,unchecked,unchecked,none,9.331997,-0.2446897,-0.2446897,0,Stand,1.8502408,,,,0->0:Exact,none; server owns swing cadence
112,1.831544,0.016711,Tick,live-sample,true,0xF13000000604A27B,,server,,unchecked,unchecked,none,9.331997,-0.2446897,-0.2446897,0,Stand,1.8669518,,,,0->0:Exact,none; server owns swing cadence
113,1.848229,0.016685,Tick,live-sample,true,0xF13000000604A27B,,server,,unchecked,unchecked,none,9.331997,-0.2446897,-0.2446897,0,Stand,1.8836365,,,,0->0:Exact,none; server owns swing cadence
114,1.864955,0.016726,Tick,live-sample,true,0xF13000000604A27B,,server,,unchecked,unchecked,none,9.331997,-0.2446897,-0.2446897,0,Stand,1.9003626,,,,0->0:Exact,none; server owns swing cadence
115,1.881551,0.016596,Tick,live-sample,true,0xF13000000604A27B,,server,,unchecked,unchecked,none,9.331997,-0.2446897,-0.2446897,0,Stand,1.9169588,,,,0->0:Exact,none; server owns swing cadence
116,1.898216,0.016664,Tick,live-sample,true,0xF13000000604A27B,,server,,unchecked,unchecked,none,9.331997,-0.2446897,-0.2446897,0,Stand,1.9336233,,,,0->0:Exact,none; server owns swing cadence
117,1.915216,0.017001,Tick,live-sample,true,0xF13000000604A27B,,server,,unchecked,unchecked,none,9.331997,-0.2446897,-0.2446897,0,Stand,1.950624,,,,0->0:Exact,none; server owns swing cadence
118,1.931626,0.016410,Tick,live-sample,true,0xF13000000604A27B,,server,,unchecked,unchecked,none,9.331997,-0.2446897,-0.2446897,0,Stand,1.9670336,,,,0->0:Exact,none; server owns swing cadence
119,1.948325,0.016699,Tick,live-sample,true,0xF13000000604A27B,,server,,unchecked,unchecked,none,9.331997,-0.2446897,-0.2446897,0,Stand,1.9837329,,,,0->0:Exact,none; server owns swing cadence
120,1.966137,0.017812,Tick,live-sample,true,0xF13000000604A27B,,server,,unchecked,unchecked,none,9.331997,-0.2446897,-0.2446897,0,Stand,2.0015447,,,,0->0:Exact,none; server owns swing cadence
121,1.981575,0.015438,Tick,live-sample,true,0xF13000000604A27B,,server,,unchecked,unchecked,none,9.331997,-0.2446897,-0.2446897,0,Stand,2.016983,,,,0->0:Exact,none; server owns swing cadence
122,1.998305,0.016730,Tick,live-sample,true,0xF13000000604A27B,,server,,unchecked,unchecked,none,9.331997,-0.2446897,-0.2446897,0,Stand,2.0337126,,,,0->0:Exact,none; server owns swing cadence
123,2.014997,0.016692,Tick,live-sample,true,0xF13000000604A27B,,server,,unchecked,unchecked,none,9.331997,-0.2446897,-0.2446897,0,Stand,2.0504045,,,,0->0:Exact,none; server owns swing cadence
124,2.031696,0.016700,Tick,live-sample,true,0xF13000000604A27B,,server,,unchecked,unchecked,none,9.331997,-0.2446897,-0.2446897,0,Stand,2.067104,,,,0->0:Exact,none; server owns swing cadence
125,2.031696,0.000000,AnimChoice,animator,true,0xF13000000604A27B,,server,,unchecked,unchecked,none,9.218392,-0.2477541,-0.2477541,0,Stand,2.067104,,,,5->5:Exact,track=0 requested=5 played=5 kind=Exact base=0:Stand clipB= blendWeight=0
126,2.048468,0.016771,Tick,live-sample,true,0xF13000000604A27B,,server,,unchecked,unchecked,none,9.218392,-0.2477541,-0.2477541,5,Run,0.016905269,Stand,2.0838752,0.012897134,5->5:Exact,none; server owns swing cadence
127,2.065130,0.016663,Tick,live-sample,true,0xF13000000604A27B,,server,,unchecked,unchecked,none,9.105049,-0.25092053,-0.25092053,5,Run,0.03370107,Stand,2.1005378,0.04887104,5->5:Exact,none; server owns swing cadence
128,2.082219,0.017089,Tick,live-sample,true,0xF13000000604A27B,,server,,unchecked,unchecked,none,8.989559,-0.25419593,-0.25419593,5,Run,0.050926983,Stand,2.117627,0.1060155,5->5:Exact,none; server owns swing cadence
129,2.098656,0.016436,Tick,live-sample,true,0xF13000000604A27B,,server,,unchecked,unchecked,none,8.878327,-0.25744748,-0.25744748,5,Run,0.06749477,Stand,2.1340632,0.1767819,5->5:Exact,none; server owns swing cadence
130,2.115249,0.016594,Tick,live-sample,true,0xF13000000604A27B,,server,,unchecked,unchecked,none,8.766164,-0.26081133,-0.26081133,5,Run,0.08422122,Stand,2.150657,0.26043057,5->5:Exact,none; server owns swing cadence
131,2.131784,0.016535,Tick,live-sample,true,0xF13000000604A27B,,server,,unchecked,unchecked,none,8.654195,-0.2642765,-0.2642765,5,Run,0.1008887,Stand,2.1671922,0.352507,5->5:Exact,none; server owns swing cadence
132,2.148619,0.016834,Tick,live-sample,true,0xF13000000604A27B,,server,,unchecked,unchecked,none,8.540299,-0.26789784,-0.26789784,5,Run,0.11785767,Stand,2.1840265,0.45160133,5->5:Exact,none; server owns swing cadence
133,2.165274,0.016655,Tick,live-sample,true,0xF13000000604A27B,,server,,unchecked,unchecked,none,8.427582,-0.27159047,-0.27159047,5,Run,0.13464601,Stand,2.2006817,0.5513837,5->5:Exact,none; server owns swing cadence
134,2.181952,0.016679,Tick,live-sample,true,0xF13000000604A27B,,server,,unchecked,unchecked,none,8.314944,-0.2753775,-0.2753775,5,Run,0.15145794,Stand,2.2173603,0.6494733,5->5:Exact,none; server owns swing cadence
135,2.198572,0.016620,Tick,live-sample,true,0xF13000000604A27B,,server,,unchecked,unchecked,none,8.2033,-0.2792108,-0.2792108,5,Run,0.1682107,Stand,2.23398,0.7418549,5->5:Exact,none; server owns swing cadence
136,2.215303,0.016731,Tick,live-sample,true,0xF13000000604A27B,,server,,unchecked,unchecked,none,8.090826,-0.2831955,-0.2831955,5,Run,0.18507555,Stand,2.250711,0.825874,5->5:Exact,none; server owns swing cadence
137,2.232332,0.017028,Tick,live-sample,true,0xF13000000604A27B,,server,,unchecked,unchecked,none,7.9764724,-0.287369,-0.287369,5,Run,0.20224018,Stand,2.2677393,0.8984271,5->5:Exact,none; server owns swing cadence
138,2.248706,0.016375,Tick,live-sample,true,0xF13000000604A27B,,server,,unchecked,unchecked,none,7.8663845,-0.29152274,-0.29152274,5,Run,0.21874608,Stand,2.2841141,0.95235544,5->5:Exact,none; server owns swing cadence
139,2.266442,0.017735,Tick,live-sample,true,0xF13000000604A27B,,server,,unchecked,unchecked,none,7.747346,-0.2961495,-0.2961495,5,Run,0.23662336,Stand,2.3018496,0.98928463,5->5:Exact,none; server owns swing cadence
140,2.281993,0.015551,Tick,live-sample,true,0xF13000000604A27B,,server,,unchecked,unchecked,none,7.643469,-0.3002882,-0.3002882,5,Run,0.25229898,,,,5->5:Exact,none; server owns swing cadence
141,2.298669,0.016676,Tick,live-sample,true,0xF13000000604A27B,,server,,unchecked,unchecked,none,7.531811,-0.30489802,-0.30489802,5,Run,0.2691081,,,,5->5:Exact,none; server owns swing cadence
142,2.315421,0.016752,Tick,live-sample,true,0xF13000000604A27B,,server,,unchecked,unchecked,none,7.4201913,-0.3096261,-0.3096261,5,Run,0.2859942,,,,5->5:Exact,none; server owns swing cadence
143,2.332126,0.016705,Tick,live-sample,true,0xF13000000604A27B,,server,,unchecked,unchecked,none,7.308821,-0.3145113,-0.3145113,5,Run,0.30283305,,,,5->5:Exact,none; server owns swing cadence
144,2.348794,0.016668,Tick,live-sample,true,0xF13000000604A27B,,server,,unchecked,unchecked,none,7.1976905,-0.31955695,-0.31955695,5,Run,0.3196347,,,,5->5:Exact,none; server owns swing cadence
145,2.365294,0.016499,Tick,live-sample,true,0xF13000000604A27B,,server,,unchecked,unchecked,none,7.0877767,-0.32471824,-0.32471824,5,Run,0.336266,,,,5->5:Exact,none; server owns swing cadence
146,2.381960,0.016667,Tick,live-sample,true,0xF13000000604A27B,,server,,unchecked,unchecked,none,6.977031,-0.33008623,-0.33008623,5,Run,0.35306615,,,,5->5:Exact,none; server owns swing cadence
147,2.398664,0.016703,Tick,live-sample,true,0xF13000000604A27B,,server,,unchecked,unchecked,none,6.866433,-0.33561707,-0.33561707,5,Run,0.3699031,,,,5->5:Exact,none; server owns swing cadence
148,2.415300,0.016637,Tick,live-sample,true,0xF13000000604A27B,,server,,unchecked,unchecked,none,6.7569017,-0.3412528,-0.3412528,5,Run,0.38667288,,,,5->5:Exact,none; server owns swing cadence
149,2.432043,0.016742,Tick,live-sample,true,0xF13000000604A27B,,server,,unchecked,unchecked,none,6.6466737,-0.34714007,-0.34714007,5,Run,0.40354893,,,,5->5:Exact,none; server owns swing cadence
150,2.448811,0.016768,Tick,live-sample,true,0xF13000000604A27B,,server,,unchecked,unchecked,none,6.536642,-0.35321903,-0.35321903,5,Run,0.42045137,,,,5->5:Exact,none; server owns swing cadence
151,2.465441,0.016630,Tick,live-sample,true,0xF13000000604A27B,,server,,unchecked,unchecked,none,6.427826,-0.35944438,-0.35944438,5,Run,0.43721431,,,,5->5:Exact,none; server owns swing cadence
152,2.482008,0.016567,Tick,live-sample,true,0xF13000000604A27B,,server,,unchecked,unchecked,none,6.319382,-0.36590314,-0.36590314,5,Run,0.45391417,,,,5->5:Exact,none; server owns swing cadence
153,2.498784,0.016776,Tick,live-sample,true,0xF13000000604A27B,,server,,unchecked,unchecked,none,6.210114,-0.37262988,-0.37262988,5,Run,0.47082427,,,,5->5:Exact,none; server owns swing cadence
154,2.515449,0.016665,Tick,live-sample,true,0xF13000000604A27B,,server,,unchecked,unchecked,none,6.1013494,-0.37963295,-0.37963295,5,Run,0.4876231,,,,5->5:Exact,none; server owns swing cadence
155,2.532137,0.016687,Tick,live-sample,true,0xF13000000604A27B,,server,,unchecked,unchecked,none,5.9928513,-0.38688278,-0.38688278,5,Run,0.50444376,,,,5->5:Exact,none; server owns swing cadence
156,2.548911,0.016774,Tick,live-sample,true,0xF13000000604A27B,,server,,unchecked,unchecked,none,5.8845196,-0.39437175,-0.39437175,5,Run,0.52135247,,,,5->5:Exact,none; server owns swing cadence
157,2.566704,0.017793,Tick,live-sample,true,0xF13000000604A27B,,server,,unchecked,unchecked,none,5.769798,-0.40265226,-0.40265226,5,Run,0.5392877,,,,5->5:Exact,none; server owns swing cadence
158,2.582312,0.015608,Tick,live-sample,true,0xF13000000604A27B,,server,,unchecked,unchecked,none,5.6691747,-0.4102533,-0.4102533,5,Run,0.55502087,,,,5->5:Exact,none; server owns swing cadence
159,2.598958,0.016646,Tick,live-sample,true,0xF13000000604A27B,,server,,unchecked,unchecked,none,5.5628505,-0.41854548,-0.41854548,5,Run,0.5717995,,,,5->5:Exact,none; server owns swing cadence
160,2.615629,0.016671,Tick,live-sample,true,0xF13000000604A27B,,server,,unchecked,unchecked,none,5.456209,-0.4272828,-0.4272828,5,Run,0.588604,,,,5->5:Exact,none; server owns swing cadence
161,2.632314,0.016685,Tick,live-sample,true,0xF13000000604A27B,,server,,unchecked,unchecked,none,5.3499675,-0.43636203,-0.43636203,5,Run,0.60542256,,,,5->5:Exact,none; server owns swing cadence
162,2.648907,0.016593,Tick,live-sample,true,0xF13000000604A27B,,server,,unchecked,unchecked,none,5.245022,-0.44570184,-0.44570184,5,Run,0.622148,,,,5->5:Exact,none; server owns swing cadence
163,2.665668,0.016761,Tick,live-sample,true,0xF13000000604A27B,,server,,unchecked,unchecked,none,5.1395726,-0.45550656,-0.45550656,5,Run,0.63904345,,,,5->5:Exact,none; server owns swing cadence
164,2.682425,0.016757,Tick,live-sample,true,0xF13000000604A27B,,server,,unchecked,unchecked,none,5.0346494,-0.46572304,-0.46572304,5,Run,0.6559341,,,,5->5:Exact,none; server owns swing cadence
165,2.699114,0.016689,Tick,live-sample,true,0xF13000000604A27B,,server,,unchecked,unchecked,none,4.9304132,-0.47639728,-0.47639728,5,Run,0.67275673,,,,5->5:Exact,none; server owns swing cadence
166,2.715714,0.016600,Tick,live-sample,true,0xF13000000604A27B,,server,,unchecked,unchecked,none,4.827565,-0.4874065,-0.4874065,5,Run,0.68948996,,,,5->5:Exact,none; server owns swing cadence
167,2.732396,0.016682,Tick,live-sample,true,0xF13000000604A27B,,server,,unchecked,unchecked,none,4.7245445,-0.4990251,-0.4990251,5,Run,0.70630544,,,,5->5:Exact,none; server owns swing cadence
168,2.749028,0.016632,Tick,live-sample,true,0xF13000000604A27B,,server,,unchecked,unchecked,none,4.622894,-0.51101136,-0.51101136,5,Run,0.7230706,,,,5->5:Exact,none; server owns swing cadence
169,2.765714,0.016686,Tick,live-sample,true,0xF13000000604A27B,,server,,unchecked,unchecked,none,4.5212297,-0.5236864,-0.5236864,5,Run,0.7398901,,,,5->5:Exact,none; server owns swing cadence
170,2.782401,0.016687,Tick,live-sample,true,0xF13000000604A27B,,server,,unchecked,unchecked,none,4.4203253,-0.5369425,-0.5369425,5,Run,0.75671047,,,,5->5:Exact,none; server owns swing cadence
171,2.799048,0.016647,Tick,live-sample,true,0xF13000000604A27B,,server,,unchecked,unchecked,none,4.32032,-0.5508299,-0.5508299,5,Run,0.77349067,,,,5->5:Exact,none; server owns swing cadence
172,2.815860,0.016811,Tick,live-sample,true,0xF13000000604A27B,,server,,unchecked,unchecked,none,4.2202606,-0.56550026,-0.56550026,5,Run,0.79043645,,,,5->5:Exact,none; server owns swing cadence
173,2.832375,0.016515,Tick,live-sample,true,0xF13000000604A27B,,server,,unchecked,unchecked,none,4.122915,-0.5805986,-0.5805986,5,Run,0.80708396,,,,5->5:Exact,none; server owns swing cadence
174,2.849178,0.016803,Tick,live-sample,true,0xF13000000604A27B,,server,,unchecked,unchecked,none,4.0248365,-0.5967221,-0.5967221,5,Run,0.824021,,,,5->5:Exact,none; server owns swing cadence
175,2.866992,0.017814,Tick,live-sample,true,0xF13000000604A27B,,server,,unchecked,unchecked,none,3.9224482,-0.61453676,-0.61453676,5,Run,0.8419779,,,,5->5:Exact,none; server owns swing cadence
176,2.882499,0.015507,Tick,live-sample,true,0xF13000000604A27B,,server,,unchecked,unchecked,none,3.8342338,-0.6308744,-0.6308744,5,Run,0.85760933,,,,5->5:Exact,none; server owns swing cadence
177,2.899165,0.016666,Tick,live-sample,true,0xF13000000604A27B,,server,,unchecked,unchecked,none,3.7404819,-0.6493561,-0.6493561,5,Run,0.8744088,,,,5->5:Exact,none; server owns swing cadence
178,2.915917,0.016751,Tick,live-sample,true,0xF13000000604A27B,,server,,unchecked,unchecked,none,3.6478736,-0.66875005,-0.66875005,5,Run,0.8912939,,,,5->5:Exact,none; server owns swing cadence
179,2.932602,0.016685,Tick,live-sample,true,0xF13000000604A27B,,server,,unchecked,unchecked,none,3.5568564,-0.6891687,-0.6891687,5,Run,0.90811235,,,,5->5:Exact,none; server owns swing cadence
180,2.949373,0.016771,Tick,live-sample,true,0xF13000000604A27B,,server,,unchecked,unchecked,none,3.4671957,-0.7106204,-0.7106204,5,Run,0.92501783,,,,5->5:Exact,none; server owns swing cadence
181,2.965867,0.016494,Tick,live-sample,true,0xF13000000604A27B,,server,,unchecked,unchecked,none,3.3807251,-0.732774,-0.732774,5,Run,0.9416441,,,,5->5:Exact,none; server owns swing cadence
182,2.982490,0.016623,Tick,live-sample,true,0xF13000000604A27B,,server,,unchecked,unchecked,none,3.29529,-0.75630593,-0.75630593,5,Run,0.95840037,,,,5->5:Exact,none; server owns swing cadence
183,2.999157,0.016667,Tick,live-sample,true,0xF13000000604A27B,,server,,unchecked,unchecked,none,3.2112808,-0.78134084,-0.78134084,5,Run,0.9752003,,,,5->5:Exact,none; server owns swing cadence
184,3.015884,0.016727,Tick,live-sample,true,0xF13000000604A27B,,server,,unchecked,unchecked,none,3.1292498,-0.8076854,-0.8076854,5,Run,0.9920615,,,,5->5:Exact,none; server owns swing cadence
185,3.032560,0.016676,Tick,live-sample,true,0xF13000000604A27B,,server,,unchecked,unchecked,none,3.049636,-0.83544314,-0.83544314,5,Run,1.0088705,,,,5->5:Exact,none; server owns swing cadence
186,3.049544,0.016984,Tick,live-sample,true,0xF13000000604A27B,,server,,unchecked,unchecked,none,2.9711015,-0.8652022,-0.8652022,5,Run,1.0259905,,,,5->5:Exact,none; server owns swing cadence
187,3.065820,0.016276,Tick,live-sample,true,0xF13000000604A27B,,server,,unchecked,unchecked,none,2.898526,-0.8951156,-0.8951156,5,Run,1.0423969,,,,5->5:Exact,none; server owns swing cadence
188,3.082677,0.016857,Tick,live-sample,true,0xF13000000604A27B,,server,,unchecked,unchecked,none,2.8262084,-0.9277351,-0.9277351,5,Run,1.0593884,,,,5->5:Exact,none; server owns swing cadence
189,3.099361,0.016684,Tick,live-sample,true,0xF13000000604A27B,,server,,unchecked,unchecked,none,2.7577002,-0.9617187,-0.9617187,5,Run,1.076206,,,,5->5:Exact,none; server owns swing cadence
190,3.115834,0.016473,Tick,live-sample,true,0xF13000000604A27B,,server,,unchecked,unchecked,none,2.6934543,-0.9967164,-0.9967164,5,Run,1.0928104,,,,5->5:Exact,none; server owns swing cadence
191,3.132995,0.017161,Tick,live-sample,true,0xF13000000604A27B,,server,,unchecked,unchecked,none,2.6301427,-1.0351092,-1.0351092,5,Run,1.1101087,,,,5->5:Exact,none; server owns swing cadence
192,3.149684,0.016689,Tick,live-sample,true,0xF13000000604A27B,,server,,unchecked,unchecked,none,2.5724583,-1.0742536,-1.0742536,5,Run,1.1269314,,,,5->5:Exact,none; server owns swing cadence
193,3.167493,0.017809,Tick,live-sample,true,0xF13000000604A27B,,server,,unchecked,unchecked,none,2.5154788,-1.117758,-1.117758,5,Run,1.144883,,,,5->5:Exact,none; server owns swing cadence
194,3.182587,0.015094,Tick,live-sample,true,0xF13000000604A27B,,server,,unchecked,unchecked,none,2.471069,-1.1561363,-1.1561363,5,Run,1.1600981,,,,5->5:Exact,none; server owns swing cadence
195,3.199481,0.016893,Tick,live-sample,true,0xF13000000604A27B,,server,,unchecked,unchecked,none,2.425838,-1.2007123,-1.2007123,5,Run,1.1771264,,,,5->5:Exact,none; server owns swing cadence
196,3.216127,0.016646,Tick,live-sample,true,0xF13000000604A27B,,server,,unchecked,unchecked,none,2.386137,-1.2460521,-1.2460521,5,Run,1.1939055,,,,5->5:Exact,none; server owns swing cadence
197,3.232706,0.016580,Tick,live-sample,true,0xF13000000604A27B,,server,,unchecked,unchecked,none,2.3516676,-1.2928187,-1.2928187,5,Run,1.2106178,,,,5->5:Exact,none; server owns swing cadence
198,3.249656,0.016949,Tick,live-sample,true,0xF13000000604A27B,,server,,unchecked,unchecked,none,2.3219833,-1.3421797,-1.3421797,5,Run,1.2277026,,,,5->5:Exact,none; server owns swing cadence
199,3.266104,0.016449,Tick,live-sample,true,0xF13000000604A27B,,server,,unchecked,unchecked,none,2.2985868,-1.3909101,-1.3909101,5,Run,1.244283,,,,5->5:Exact,none; server owns swing cadence
200,3.282775,0.016670,Tick,live-sample,true,0xF13000000604A27B,,server,,unchecked,unchecked,none,2.280689,-1.4414152,-1.4414152,5,Run,1.2610865,,,,5->5:Exact,none; server owns swing cadence
201,3.299423,0.016649,Tick,live-sample,true,0xF13000000604A27B,,server,,unchecked,unchecked,none,2.26875,-1.4925781,-1.4925781,5,Run,1.2778684,,,,5->5:Exact,none; server owns swing cadence
202,3.316002,0.016579,Tick,live-sample,true,0xF13000000604A27B,,server,,unchecked,unchecked,none,2.2626302,-1.5437133,-1.5437133,5,Run,1.2945799,,,,5->5:Exact,none; server owns swing cadence
203,3.332956,0.016954,Tick,live-sample,true,0xF13000000604A27B,,server,,unchecked,unchecked,none,2.2627141,-1.5963532,-1.5963532,5,Run,1.31167,,,,5->5:Exact,none; server owns swing cadence
204,3.350138,0.017182,Tick,live-sample,true,0xF13000000604A27B,,server,,unchecked,unchecked,none,2.2689497,-1.6493491,-1.6493491,5,Run,1.3289891,,,,5->5:Exact,none; server owns swing cadence
205,3.366770,0.016632,Tick,live-sample,true,0xF13000000604A27B,,server,,unchecked,unchecked,none,2.2808414,-1.7001053,-1.7001053,5,Run,1.345754,,,,5->5:Exact,none; server owns swing cadence
206,3.382791,0.016021,Tick,live-sample,true,0xF13000000604A27B,,server,,unchecked,unchecked,none,2.2978117,-1.7483953,-1.7483953,5,Run,1.3619034,,,,5->5:Exact,none; server owns swing cadence
207,3.399338,0.016546,Tick,live-sample,true,0xF13000000604A27B,,server,,unchecked,unchecked,none,2.3211663,-1.7975898,-1.7975898,5,Run,1.3785822,,,,5->5:Exact,none; server owns swing cadence
208,3.416264,0.016926,Tick,live-sample,true,0xF13000000604A27B,,server,,unchecked,unchecked,none,2.3504376,-1.8466051,-1.8466051,5,Run,1.3956436,,,,5->5:Exact,none; server owns swing cadence
209,3.432899,0.016635,Tick,live-sample,true,0xF13000000604A27B,,server,,unchecked,unchecked,none,2.384515,-1.8934739,-1.8934739,5,Run,1.4124119,,,,5->5:Exact,none; server owns swing cadence
210,3.449756,0.016857,Tick,live-sample,true,0xF13000000604A27B,,server,,unchecked,unchecked,none,2.4245825,-1.9396802,-1.9396802,5,Run,1.4294039,,,,5->5:Exact,none; server owns swing cadence
211,3.467270,0.017515,Tick,live-sample,true,0xF13000000604A27B,,server,,unchecked,unchecked,none,2.4712582,-1.985894,-1.985894,5,Run,1.4470587,,,,5->5:Exact,none; server owns swing cadence
212,3.483166,0.015896,Tick,live-sample,true,0xF13000000604A27B,,server,,unchecked,unchecked,none,2.5185456,-2.026464,-2.026464,5,Run,1.4630816,,,,5->5:Exact,none; server owns swing cadence
213,3.499687,0.016521,Tick,live-sample,true,0xF13000000604A27B,,server,,unchecked,unchecked,none,2.5717914,-2.0669374,-2.0669374,5,Run,1.4797348,,,,5->5:Exact,none; server owns swing cadence
214,3.516507,0.016820,Tick,live-sample,true,0xF13000000604A27B,,server,,unchecked,unchecked,none,2.630153,-2.1063974,-2.1063974,5,Run,1.4966896,,,,5->5:Exact,none; server owns swing cadence
215,3.533012,0.016504,Tick,live-sample,true,0xF13000000604A27B,,server,,unchecked,unchecked,none,2.6913102,-2.1434171,-2.1434171,5,Run,1.5133258,,,,5->5:Exact,none; server owns swing cadence
216,3.549895,0.016883,Tick,live-sample,true,0xF13000000604A27B,,server,,unchecked,unchecked,none,2.7570794,-2.1794379,-2.1794379,5,Run,1.5303441,,,,5->5:Exact,none; server owns swing cadence
217,3.566287,0.016392,Tick,live-sample,true,0xF13000000604A27B,,server,,unchecked,unchecked,none,2.8244145,-2.2128103,-2.2128103,5,Run,1.546867,,,,5->5:Exact,none; server owns swing cadence
218,3.583266,0.016979,Tick,live-sample,true,0xF13000000604A27B,,server,,unchecked,unchecked,none,2.897398,-2.245722,-2.245722,5,Run,1.5639819,,,,5->5:Exact,none; server owns swing cadence
219,3.600235,0.016969,Tick,live-sample,true,0xF13000000604A27B,,server,,unchecked,unchecked,none,2.973378,-2.2769754,-2.2769754,5,Run,1.5810866,,,,5->5:Exact,none; server owns swing cadence
220,3.616202,0.015967,Tick,live-sample,true,0xF13000000604A27B,,server,,unchecked,unchecked,none,3.0471025,-2.3048913,-2.3048913,5,Run,1.5971817,,,,5->5:Exact,none; server owns swing cadence
221,3.633530,0.017328,Tick,live-sample,true,0xF13000000604A27B,,server,,unchecked,unchecked,none,3.1296375,-2.3336668,-2.3336668,5,Run,1.6146485,,,,5->5:Exact,none; server owns swing cadence
222,3.650291,0.016761,Tick,live-sample,true,0xF13000000604A27B,,server,,unchecked,unchecked,none,3.2115972,-2.3600457,-2.3600457,5,Run,1.6315436,,,,5->5:Exact,none; server owns swing cadence
223,3.666341,0.016050,Tick,live-sample,true,0xF13000000604A27B,,server,,unchecked,unchecked,none,3.2927163,-2.3841355,-2.3841355,5,Run,1.6477225,,,,5->5:Exact,none; server owns swing cadence
224,3.683468,0.017127,Tick,live-sample,true,0xF13000000604A27B,,server,,unchecked,unchecked,none,3.381118,-2.408532,-2.408532,5,Run,1.6649861,,,,5->5:Exact,none; server owns swing cadence
225,3.699660,0.016191,Tick,live-sample,true,0xF13000000604A27B,,server,,unchecked,unchecked,none,3.465734,-2.4303699,-2.4303699,5,Run,1.6813072,,,,5->5:Exact,none; server owns swing cadence
226,3.716364,0.016705,Tick,live-sample,true,0xF13000000604A27B,,server,,unchecked,unchecked,none,3.5552464,-2.4518504,-2.4518504,5,Run,1.6981455,,,,5->5:Exact,none; server owns swing cadence
227,3.733095,0.016731,Tick,live-sample,true,0xF13000000604A27B,,server,,unchecked,unchecked,none,3.6462967,-2.472287,-2.472287,5,Run,1.71501,,,,5->5:Exact,none; server owns swing cadence
228,3.750096,0.017001,Tick,live-sample,true,0xF13000000604A27B,,server,,unchecked,unchecked,none,3.7404995,-2.492037,-2.492037,5,Run,1.7321466,,,,5->5:Exact,none; server owns swing cadence
229,3.767455,0.017359,Tick,live-sample,true,0xF13000000604A27B,,server,,unchecked,unchecked,none,3.8377528,-2.5111759,-2.5111759,5,Run,1.7496449,,,,5->5:Exact,none; server owns swing cadence
230,3.783143,0.015688,Tick,live-sample,true,0xF13000000604A27B,,server,,unchecked,unchecked,none,3.926865,-2.527653,-2.527653,5,Run,1.7654585,,,,5->5:Exact,none; server owns swing cadence
231,3.800007,0.016864,Tick,live-sample,true,0xF13000000604A27B,,server,,unchecked,unchecked,none,4.0239854,-2.544558,-2.544558,5,Run,1.7824572,,,,5->5:Exact,none; server owns swing cadence
232,3.816413,0.016406,Tick,live-sample,true,0xF13000000604A27B,,server,,unchecked,unchecked,none,4.119562,-2.5602343,-2.5602343,5,Run,1.7989947,,,,5->5:Exact,none; server owns swing cadence
233,3.833389,0.016975,Tick,live-sample,true,0xF13000000604A27B,,server,,unchecked,unchecked,none,4.2196794,-2.5757136,-2.5757136,5,Run,1.8161058,,,,5->5:Exact,none; server owns swing cadence
234,3.849755,0.016366,Tick,live-sample,true,0xF13000000604A27B,,server,,unchecked,unchecked,none,4.3171697,-2.589958,-2.589958,5,Run,1.8326029,,,,5->5:Exact,none; server owns swing cadence
235,3.866727,0.016972,Tick,live-sample,true,0xF13000000604A27B,,server,,unchecked,unchecked,none,4.419121,-2.6040587,-2.6040587,5,Run,1.8497106,,,,5->5:Exact,none; server owns swing cadence
236,3.883261,0.016534,Tick,live-sample,true,0xF13000000604A27B,,server,,unchecked,unchecked,none,4.519165,-2.6171815,-2.6171815,5,Run,1.8663771,,,,5->5:Exact,none; server owns swing cadence
237,3.900142,0.016881,Tick,live-sample,true,0xF13000000604A27B,,server,,unchecked,unchecked,none,4.621778,-2.629983,-2.629983,5,Run,1.8833932,,,,5->5:Exact,none; server owns swing cadence
238,3.916552,0.016410,Tick,live-sample,true,0xF13000000604A27B,,server,,unchecked,unchecked,none,4.7223444,-2.6418936,-2.6418936,5,Run,1.8999344,,,,5->5:Exact,none; server owns swing cadence
239,3.933217,0.016665,Tick,live-sample,true,0xF13000000604A27B,,server,,unchecked,unchecked,none,4.825428,-2.6534853,-2.6534853,5,Run,1.916733,,,,5->5:Exact,none; server owns swing cadence
240,3.949838,0.016621,Tick,live-sample,true,0xF13000000604A27B,,server,,unchecked,unchecked,none,4.92817,-2.6645513,-2.6645513,5,Run,1.933487,,,,5->5:Exact,none; server owns swing cadence
241,3.966659,0.016821,Tick,live-sample,true,0xF13000000604A27B,,server,,unchecked,unchecked,none,5.033397,-2.6752975,-2.6752975,5,Run,1.9504427,,,,5->5:Exact,none; server owns swing cadence
242,3.983235,0.016575,Tick,live-sample,true,0xF13000000604A27B,,server,,unchecked,unchecked,none,5.137277,-2.685452,-2.685452,5,Run,1.9671504,,,,5->5:Exact,none; server owns swing cadence
243,3.999938,0.016704,Tick,live-sample,true,0xF13000000604A27B,,server,,unchecked,unchecked,none,5.2426205,-2.695278,-2.695278,5,Run,1.9839877,,,,5->5:Exact,none; server owns swing cadence
244,4.016775,0.016837,Tick,live-sample,true,0xF13000000604A27B,,server,,unchecked,unchecked,none,5.349408,-2.7047904,-2.7047904,5,Run,2.0009594,,,,5->5:Exact,none; server owns swing cadence
245,4.033697,0.016921,Tick,live-sample,true,0xF13000000604A27B,,server,,unchecked,unchecked,none,5.456651,-2.7139716,-2.7139716,5,Run,2.018016,,,,5->5:Exact,none; server owns swing cadence
246,4.049994,0.016298,Tick,live-sample,true,0xF13000000604A27B,,server,,unchecked,unchecked,none,5.5604854,-2.7224798,-2.7224798,5,Run,2.034444,,,,5->5:Exact,none; server owns swing cadence
247,4.066676,0.016682,Tick,live-sample,true,0xF13000000604A27B,,server,,unchecked,unchecked,none,5.667612,-2.7308655,-2.7308655,5,Run,2.0512598,,,,5->5:Exact,none; server owns swing cadence
248,4.083446,0.016770,Tick,live-sample,true,0xF13000000604A27B,,server,,unchecked,unchecked,none,5.7751184,-2.7389789,-2.7389789,5,Run,2.0681636,,,,5->5:Exact,none; server owns swing cadence
249,4.100391,0.016945,Tick,live-sample,true,0xF13000000604A27B,,server,,unchecked,unchecked,none,5.8839645,-2.7468772,-2.7468772,5,Run,2.0852442,,,,5->5:Exact,none; server owns swing cadence
250,4.116832,0.016441,Tick,live-sample,true,0xF13000000604A27B,,server,,unchecked,unchecked,none,5.990235,-2.7542639,-2.7542639,5,Run,2.1018164,,,,5->5:Exact,none; server owns swing cadence
251,4.133436,0.016604,Tick,live-sample,true,0xF13000000604A27B,,server,,unchecked,unchecked,none,6.0978,-2.761464,-2.761464,5,Run,2.118553,,,,5->5:Exact,none; server owns swing cadence
252,4.150049,0.016614,Tick,live-sample,true,0xF13000000604A27B,,server,,unchecked,unchecked,none,6.2056704,-2.7684166,-2.7684166,5,Run,2.1352994,,,,5->5:Exact,none; server owns swing cadence
253,4.167977,0.017928,Tick,live-sample,true,0xF13000000604A27B,,server,,unchecked,unchecked,none,6.32269,-2.7756531,-2.7756531,5,Run,2.1533709,,,,5->5:Exact,none; server owns swing cadence
254,4.183456,0.015479,Tick,live-sample,true,0xF13000000604A27B,,server,,unchecked,unchecked,none,6.4242315,-2.7816877,-2.7816877,5,Run,2.168974,,,,5->5:Exact,none; server owns swing cadence
255,4.200200,0.016744,Tick,live-sample,true,0xF13000000604A27B,,server,,unchecked,unchecked,none,6.533919,-2.788006,-2.788006,5,Run,2.1858516,,,,5->5:Exact,none; server owns swing cadence
256,4.216813,0.016614,Tick,live-sample,true,0xF13000000604A27B,,server,,unchecked,unchecked,none,6.6428685,-2.7940686,-2.7940686,5,Run,2.202598,,,,5->5:Exact,none; server owns swing cadence
257,4.233536,0.016722,Tick,live-sample,true,0xF13000000604A27B,,server,,unchecked,unchecked,none,6.7530437,-2.7999713,-2.7999713,5,Run,2.2194543,,,,5->5:Exact,none; server owns swing cadence
258,4.250649,0.017113,Tick,live-sample,true,0xF13000000604A27B,,server,,unchecked,unchecked,none,6.8664246,-2.8058138,-2.8058138,5,Run,2.2367039,,,,5->5:Exact,none; server owns swing cadence
259,4.266973,0.016325,Tick,live-sample,true,0xF13000000604A27B,,server,,unchecked,unchecked,none,6.9740644,-2.8112147,-2.8112147,5,Run,2.2531593,,,,5->5:Exact,none; server owns swing cadence
260,4.283469,0.016496,Tick,live-sample,true,0xF13000000604A27B,,server,,unchecked,unchecked,none,7.083879,-2.8164985,-2.8164985,5,Run,2.2697875,,,,5->5:Exact,none; server owns swing cadence
261,4.300208,0.016739,Tick,live-sample,true,0xF13000000604A27B,,server,,unchecked,unchecked,none,7.1949024,-2.8217008,-2.8217008,5,Run,2.2866604,,,,5->5:Exact,none; server owns swing cadence
262,4.316854,0.016645,Tick,live-sample,true,0xF13000000604A27B,,server,,unchecked,unchecked,none,7.3051233,-2.8267212,-2.8267212,5,Run,2.303439,,,,5->5:Exact,none; server owns swing cadence
263,4.333732,0.016879,Tick,live-sample,true,0xF13000000604A27B,,server,,unchecked,unchecked,none,7.417517,-2.831654,-2.831654,5,Run,2.3204525,,,,5->5:Exact,none; server owns swing cadence
264,4.350140,0.016408,Tick,live-sample,true,0xF13000000604A27B,,server,,unchecked,unchecked,none,7.527065,-2.8363075,-2.8363075,5,Run,2.336992,,,,5->5:Exact,none; server owns swing cadence
265,4.366966,0.016825,Tick,live-sample,true,0xF13000000604A27B,,server,,unchecked,unchecked,none,7.639785,-2.8409379,-2.8409379,5,Run,2.3539517,,,,5->5:Exact,none; server owns swing cadence
266,4.383589,0.016624,Tick,live-sample,true,0xF13000000604A27B,,server,,unchecked,unchecked,none,7.75067,-2.8453875,-2.8453875,5,Run,2.3707082,,,,5->5:Exact,none; server owns swing cadence
267,4.400452,0.016862,Tick,live-sample,true,0xF13000000604A27B,,server,,unchecked,unchecked,none,7.863708,-2.8497672,-2.8497672,5,Run,2.3877056,,,,5->5:Exact,none; server owns swing cadence
268,4.416969,0.016517,Tick,live-sample,true,0xF13000000604A27B,,server,,unchecked,unchecked,none,7.97486,-2.8539348,-2.8539348,5,Run,2.4043553,,,,5->5:Exact,none; server owns swing cadence
269,4.433729,0.016760,Tick,live-sample,true,0xF13000000604A27B,,server,,unchecked,unchecked,none,8.087184,-2.858054,-2.858054,5,Run,2.4212494,,,,5->5:Exact,none; server owns swing cadence
270,4.450391,0.016662,Tick,live-sample,true,0xF13000000604A27B,,server,,unchecked,unchecked,none,8.199614,-2.8620288,-2.8620288,5,Run,2.4380448,,,,5->5:Exact,none; server owns swing cadence
271,4.468094,0.017702,Tick,live-sample,true,0xF13000000604A27B,,server,,unchecked,unchecked,none,8.319268,-2.866133,-2.866133,5,Run,2.455889,,,,5->5:Exact,none; server owns swing cadence
272,4.483520,0.015426,Tick,live-sample,true,0xF13000000604A27B,,server,,unchecked,unchecked,none,8.422847,-2.8696253,-2.8696253,5,Run,2.4714384,,,,5->5:Exact,none; server owns swing cadence
273,4.500448,0.016928,Tick,live-sample,true,0xF13000000604A27B,,server,,unchecked,unchecked,none,8.536692,-2.8733592,-2.8733592,5,Run,2.4885018,,,,5->5:Exact,none; server owns swing cadence
274,4.517505,0.017057,Tick,live-sample,true,0xF13000000604A27B,,server,,unchecked,unchecked,none,8.651662,-2.8770194,-2.8770194,5,Run,2.5056953,,,,5->5:Exact,none; server owns swing cadence
275,4.533799,0.016294,Tick,live-sample,true,0xF13000000604A27B,,server,,unchecked,unchecked,none,8.761649,-2.8804257,-2.8804257,5,Run,2.5221195,,,,5->5:Exact,none; server owns swing cadence
276,4.550376,0.016577,Tick,live-sample,true,0xF13000000604A27B,,server,,unchecked,unchecked,none,8.873768,-2.8838027,-2.8838027,5,Run,2.538829,,,,5->5:Exact,none; server owns swing cadence
277,4.567763,0.017388,Tick,live-sample,true,0xF13000000604A27B,,server,,unchecked,unchecked,none,8.991108,-2.887259,-2.887259,5,Run,2.556356,,,,5->5:Exact,none; server owns swing cadence
278,4.583812,0.016048,Tick,live-sample,true,0xF13000000604A27B,,server,,unchecked,unchecked,none,9.100334,-2.890359,-2.890359,5,Run,2.5725327,,,,5->5:Exact,none; server owns swing cadence
279,4.600841,0.017029,Tick,live-sample,true,0xF13000000604A27B,,server,,unchecked,unchecked,none,9.215806,-2.8935745,-2.8935745,5,Run,2.5896983,,,,5->5:Exact,none; server owns swing cadence
280,4.617221,0.016380,Tick,live-sample,true,0xF13000000604A27B,,server,,unchecked,unchecked,none,9.327263,-2.8965883,-2.8965883,5,Run,2.6062093,,,,5->5:Exact,none; server owns swing cadence
281,4.634055,0.016834,Tick,live-sample,true,0xF13000000604A27B,,server,,unchecked,unchecked,none,9.4418745,-2.8996124,-2.8996124,5,Run,2.6231775,,,,5->5:Exact,none; server owns swing cadence
282,4.650802,0.016747,Tick,live-sample,true,0xF13000000604A27B,,server,,unchecked,unchecked,none,9.555571,-2.9025555,-2.9025555,5,Run,2.6400585,,,,5->5:Exact,none; server owns swing cadence
283,4.667308,0.016506,Tick,live-sample,true,0xF13000000604A27B,,server,,unchecked,unchecked,none,9.668286,-2.9053788,-2.9053788,5,Run,2.6566966,,,,5->5:Exact,none; server owns swing cadence
284,4.684159,0.016851,Tick,live-sample,true,0xF13000000604A27B,,server,,unchecked,unchecked,none,9.783147,-2.908199,-2.908199,5,Run,2.6736825,,,,5->5:Exact,none; server owns swing cadence
285,4.700581,0.016422,Tick,live-sample,true,0xF13000000604A27B,,server,,unchecked,unchecked,none,9.895012,-2.9108858,-2.9108858,5,Run,2.6902356,,,,5->5:Exact,none; server owns swing cadence
286,4.717224,0.016643,Tick,live-sample,true,0xF13000000604A27B,,server,,unchecked,unchecked,none,10.008003,-2.913554,-2.913554,5,Run,2.7070115,,,,5->5:Exact,none; server owns swing cadence
287,4.733800,0.016577,Tick,live-sample,true,0xF13000000604A27B,,server,,unchecked,unchecked,none,10.121037,-2.9161465,-2.9161465,5,Run,2.7237208,,,,5->5:Exact,none; server owns swing cadence
288,4.750651,0.016850,Tick,live-sample,true,0xF13000000604A27B,,server,,unchecked,unchecked,none,10.23618,-2.9187195,-2.9187195,5,Run,2.740706,,,,5->5:Exact,none; server owns swing cadence
289,4.767452,0.016802,Tick,live-sample,true,0xF13000000604A27B,,server,,unchecked,unchecked,none,10.35137,-2.9212236,-2.9212236,5,Run,2.7576418,,,,5->5:Exact,none; server owns swing cadence
290,4.783971,0.016519,Tick,live-sample,true,0xF13000000604A27B,,server,,unchecked,unchecked,none,10.464573,-2.9236336,-2.9236336,5,Run,2.7742932,,,,5->5:Exact,none; server owns swing cadence
291,4.800959,0.016987,Tick,live-sample,true,0xF13000000604A27B,,server,,unchecked,unchecked,none,10.580932,-2.9260597,-2.9260597,5,Run,2.7914164,,,,5->5:Exact,none; server owns swing cadence
292,4.819015,0.018057,Tick,live-sample,true,0xF13000000604A27B,,server,,unchecked,unchecked,none,10.704574,-2.9285827,-2.9285827,5,Run,2.8096175,,,,5->5:Exact,none; server owns swing cadence
293,4.834042,0.015027,Tick,live-sample,true,0xF13000000604A27B,,server,,unchecked,unchecked,none,10.8076515,-2.9306366,-2.9306366,5,Run,2.8247647,,,,5->5:Exact,none; server owns swing cadence
294,4.850628,0.016586,Tick,live-sample,true,0xF13000000604A27B,,server,,unchecked,unchecked,none,10.921115,-2.9328647,-2.9328647,5,Run,2.8414829,,,,5->5:Exact,none; server owns swing cadence
295,4.868468,0.017840,Tick,live-sample,true,0xF13000000604A27B,,server,,unchecked,unchecked,none,11.042912,-2.935215,-2.935215,5,Run,2.8594658,,,,5->5:Exact,none; server owns swing cadence
296,4.884094,0.015626,Tick,live-sample,true,0xF13000000604A27B,,server,,unchecked,unchecked,none,11.150259,-2.9372203,-2.9372203,5,Run,2.8752165,,,,5->5:Exact,none; server owns swing cadence
297,4.901636,0.017543,Tick,live-sample,true,0xF13000000604A27B,,server,,unchecked,unchecked,none,11.2701,-2.9394383,-2.9394383,5,Run,2.8928993,,,,5->5:Exact,none; server owns swing cadence
298,4.917677,0.016040,Tick,live-sample,true,0xF13000000604A27B,,server,,unchecked,unchecked,none,11.3796625,-2.9414268,-2.9414268,5,Run,2.9090679,,,,5->5:Exact,none; server owns swing cadence
299,4.934178,0.016501,Tick,live-sample,true,0xF13000000604A27B,,server,,unchecked,unchecked,none,11.493336,-2.9434178,-2.9434178,5,Run,2.9257011,,,,5->5:Exact,none; server owns swing cadence
300,4.951011,0.016834,Tick,live-sample,true,0xF13000000604A27B,,server,,unchecked,unchecked,none,11.609135,-2.9454112,-2.9454112,5,Run,2.9426694,,,,5->5:Exact,none; server owns swing cadence
301,4.967834,0.016823,Tick,live-sample,true,0xF13000000604A27B,,server,,unchecked,unchecked,none,11.7249775,-2.9473643,-2.9473643,5,Run,2.9596267,,,,5->5:Exact,none; server owns swing cadence
302,4.984553,0.016719,Tick,live-sample,true,0xF13000000604A27B,,server,,unchecked,unchecked,none,11.839852,-2.9492722,-2.9492722,5,Run,2.9764795,,,,5->5:Exact,none; server owns swing cadence
303,5.000963,0.016410,Tick,live-sample,true,0xF13000000604A27B,,server,,unchecked,unchecked,none,11.952693,-2.9511077,-2.9511077,5,Run,2.9930203,,,,5->5:Exact,none; server owns swing cadence
304,5.017834,0.016871,Tick,live-sample,true,0xF13000000604A27B,,server,,unchecked,unchecked,none,12.0686865,-2.9529605,-2.9529605,5,Run,3.0100267,,,,5->5:Exact,none; server owns swing cadence
305,5.034354,0.016520,Tick,live-sample,true,0xF13000000604A27B,,server,,unchecked,unchecked,none,12.182621,-2.9547348,-2.9547348,5,Run,3.0266786,,,,5->5:Exact,none; server owns swing cadence
306,5.050859,0.016505,Tick,live-sample,true,0xF13000000604A27B,,server,,unchecked,unchecked,none,12.296586,-2.9564736,-2.9564736,5,Run,3.043316,,,,5->5:Exact,none; server owns swing cadence
307,5.050859,0.000000,AnimChoice,animator,true,0xF13000000604A27B,,server,,unchecked,unchecked,none,12.296586,-2.9564736,-2.9564736,5,Run,3.043316,,,,0->0:Exact,track=0 requested=0 played=0 kind=Exact base=5:Run clipB= blendWeight=0
308,5.067613,0.016754,Tick,live-sample,true,0xF13000000604A27B,,server,,unchecked,unchecked,none,12.296586,-2.9564736,-2.9564736,0,Stand,0.0167542,Run,3.060204,0.0051162243,0->0:Exact,none; server owns swing cadence
309,5.084338,0.016724,Tick,live-sample,true,0xF13000000604A27B,,server,,unchecked,unchecked,none,12.296586,-2.9564736,-2.9564736,0,Stand,0.033478603,Run,3.0770621,0.019842744,0->0:Exact,none; server owns swing cadence
310,5.100802,0.016464,Tick,live-sample,true,0xF13000000604A27B,,server,,unchecked,unchecked,none,12.296586,-2.9564736,-2.9564736,0,Stand,0.0499425,Run,3.0936577,0.042874455,0->0:Exact,none; server owns swing cadence
311,5.117454,0.016653,Tick,live-sample,true,0xF13000000604A27B,,server,,unchecked,unchecked,none,12.296586,-2.9564736,-2.9564736,0,Stand,0.0665952,Run,3.1104436,0.07392532,0->0:Exact,none; server owns swing cadence
312,5.134436,0.016981,Tick,live-sample,true,0xF13000000604A27B,,server,,unchecked,unchecked,none,12.296586,-2.9564736,-2.9564736,0,Stand,0.083576694,Run,3.1275609,0.11272663,0->0:Exact,none; server owns swing cadence
313,5.151127,0.016692,Tick,live-sample,true,0xF13000000604A27B,,server,,unchecked,unchecked,none,12.296586,-2.9564736,-2.9564736,0,Stand,0.100268394,Run,3.144386,0.15700567,0->0:Exact,none; server owns swing cadence
314,5.168799,0.017672,Tick,live-sample,true,0xF13000000604A27B,,server,,unchecked,unchecked,none,12.296586,-2.9564736,-2.9564736,0,Stand,0.11794029,Run,3.1621993,0.20954424,0->0:Exact,none; server owns swing cadence
315,5.184263,0.015463,Tick,live-sample,true,0xF13000000604A27B,,server,,unchecked,unchecked,none,12.296586,-2.9564736,-2.9564736,0,Stand,0.13340369,Run,3.1777864,0.25949413,0->0:Exact,none; server owns swing cadence
316,5.201005,0.016743,Tick,live-sample,true,0xF13000000604A27B,,server,,unchecked,unchecked,none,12.296586,-2.9564736,-2.9564736,0,Stand,0.15014629,Run,3.1946628,0.316921,0->0:Exact,none; server owns swing cadence
317,5.217575,0.016570,Tick,live-sample,true,0xF13000000604A27B,,server,,unchecked,unchecked,none,12.296586,-2.9564736,-2.9564736,0,Stand,0.166716,Run,3.211365,0.37633753,0->0:Exact,none; server owns swing cadence
318,5.234287,0.016712,Tick,live-sample,true,0xF13000000604A27B,,server,,unchecked,unchecked,none,12.296586,-2.9564736,-2.9564736,0,Stand,0.18342799,Run,3.2282107,0.43799746,0->0:Exact,none; server owns swing cadence
319,5.251195,0.016908,Tick,live-sample,true,0xF13000000604A27B,,server,,unchecked,unchecked,none,12.296586,-2.9564736,-2.9564736,0,Stand,0.20033559,Run,3.2452536,0.5012588,0->0:Exact,none; server owns swing cadence
320,5.267782,0.016587,Tick,live-sample,true,0xF13000000604A27B,,server,,unchecked,unchecked,none,12.296586,-2.9564736,-2.9564736,0,Stand,0.216923,Run,3.2619736,0.5633101,0->0:Exact,none; server owns swing cadence
321,5.284492,0.016710,Tick,live-sample,true,0xF13000000604A27B,,server,,unchecked,unchecked,none,12.296586,-2.9564736,-2.9564736,0,Stand,0.2336325,Run,3.2788167,0.62493336,0->0:Exact,none; server owns swing cadence
322,5.301078,0.016587,Tick,live-sample,true,0xF13000000604A27B,,server,,unchecked,unchecked,none,12.296586,-2.9564736,-2.9564736,0,Stand,0.25021932,Run,3.2955363,0.6843648,0->0:Exact,none; server owns swing cadence
323,5.317760,0.016682,Tick,live-sample,true,0xF13000000604A27B,,server,,unchecked,unchecked,none,12.296586,-2.9564736,-2.9564736,0,Stand,0.26690102,Run,3.3123515,0.7415218,0->0:Exact,none; server owns swing cadence
324,5.334627,0.016867,Tick,live-sample,true,0xF13000000604A27B,,server,,unchecked,unchecked,none,12.296586,-2.9564736,-2.9564736,0,Stand,0.28376782,Run,3.329353,0.7957607,0->0:Exact,none; server owns swing cadence
325,5.351339,0.016712,Tick,live-sample,true,0xF13000000604A27B,,server,,unchecked,unchecked,none,12.296586,-2.9564736,-2.9564736,0,Stand,0.30048,Run,3.346199,0.8450981,0->0:Exact,none; server owns swing cadence
326,5.367669,0.016330,Tick,live-sample,true,0xF13000000604A27B,,server,,unchecked,unchecked,none,12.296586,-2.9564736,-2.9564736,0,Stand,0.3168099,Run,3.3626597,0.8882305,0->0:Exact,none; server owns swing cadence
327,5.384534,0.016865,Tick,live-sample,true,0xF13000000604A27B,,server,,unchecked,unchecked,none,12.296586,-2.9564736,-2.9564736,0,Stand,0.333675,Run,3.3796597,0.92663646,0->0:Exact,none; server owns swing cadence
328,5.401267,0.016733,Tick,live-sample,true,0xF13000000604A27B,,server,,unchecked,unchecked,none,12.296586,-2.9564736,-2.9564736,0,Stand,0.3504083,Run,3.3965268,0.95769894,0->0:Exact,none; server owns swing cadence
329,5.418063,0.016795,Tick,live-sample,true,0xF13000000604A27B,,server,,unchecked,unchecked,none,12.296586,-2.9564736,-2.9564736,0,Stand,0.3672036,Run,3.4134564,0.9809349,0->0:Exact,none; server owns swing cadence
330,5.435341,0.017278,Tick,live-sample,true,0xF13000000604A27B,,server,,unchecked,unchecked,none,12.296586,-2.9564736,-2.9564736,0,Stand,0.3844815,Run,3.4308727,0.9956014,0->0:Exact,none; server owns swing cadence
331,5.451604,0.016264,Tick,live-sample,true,0xF13000000604A27B,,server,,unchecked,unchecked,none,12.296586,-2.9564736,-2.9564736,0,Stand,0.40074518,,,,0->0:Exact,none; server owns swing cadence
332,5.468969,0.017364,Tick,live-sample,true,0xF13000000604A27B,,server,,unchecked,unchecked,none,12.296586,-2.9564736,-2.9564736,0,Stand,0.4181096,,,,0->0:Exact,none; server owns swing cadence
333,5.484602,0.015634,Tick,live-sample,true,0xF13000000604A27B,,server,,unchecked,unchecked,none,12.296586,-2.9564736,-2.9564736,0,Stand,0.4337433,,,,0->0:Exact,none; server owns swing cadence
334,5.501269,0.016666,Tick,live-sample,true,0xF13000000604A27B,,server,,unchecked,unchecked,none,12.296586,-2.9564736,-2.9564736,0,Stand,0.4504096,,,,0->0:Exact,none; server owns swing cadence
335,5.517726,0.016457,Tick,live-sample,true,0xF13000000604A27B,,server,,unchecked,unchecked,none,12.296586,-2.9564736,-2.9564736,0,Stand,0.4668665,,,,0->0:Exact,none; server owns swing cadence
336,5.534724,0.016998,Tick,live-sample,true,0xF13000000604A27B,,server,,unchecked,unchecked,none,12.296586,-2.9564736,-2.9564736,0,Stand,0.4838647,,,,0->0:Exact,none; server owns swing cadence
337,5.551444,0.016720,Tick,live-sample,true,0xF13000000604A27B,,server,,unchecked,unchecked,none,12.296586,-2.9564736,-2.9564736,0,Stand,0.5005847,,,,0->0:Exact,none; server owns swing cadence
338,5.568427,0.016983,Tick,live-sample,true,0xF13000000604A27B,,server,,unchecked,unchecked,none,12.296586,-2.9564736,-2.9564736,0,Stand,0.51756763,,,,0->0:Exact,none; server owns swing cadence
339,5.584625,0.016198,Tick,live-sample,true,0xF13000000604A27B,,server,,unchecked,unchecked,none,12.296586,-2.9564736,-2.9564736,0,Stand,0.53376615,,,,0->0:Exact,none; server owns swing cadence
340,5.601245,0.016620,Tick,live-sample,true,0xF13000000604A27B,,server,,unchecked,unchecked,none,12.296586,-2.9564736,-2.9564736,0,Stand,0.55038637,,,,0->0:Exact,none; server owns swing cadence
341,5.618229,0.016983,Tick,live-sample,true,0xF13000000604A27B,,server,,unchecked,unchecked,none,12.296586,-2.9564736,-2.9564736,0,Stand,0.5673697,,,,0->0:Exact,none; server owns swing cadence
342,5.634719,0.016490,Tick,live-sample,true,0xF13000000604A27B,,server,,unchecked,unchecked,none,12.296586,-2.9564736,-2.9564736,0,Stand,0.5838601,,,,0->0:Exact,none; server owns swing cadence
343,5.651336,0.016617,Tick,live-sample,true,0xF13000000604A27B,,server,,unchecked,unchecked,none,12.296586,-2.9564736,-2.9564736,0,Stand,0.6004767,,,,0->0:Exact,none; server owns swing cadence
344,5.668166,0.016831,Tick,live-sample,true,0xF13000000604A27B,,server,,unchecked,unchecked,none,12.296586,-2.9564736,-2.9564736,0,Stand,0.6173072,,,,0->0:Exact,none; server owns swing cadence
345,5.684746,0.016579,Tick,live-sample,true,0xF13000000604A27B,,server,,unchecked,unchecked,none,12.296586,-2.9564736,-2.9564736,0,Stand,0.6338866,,,,0->0:Exact,none; server owns swing cadence
346,5.701239,0.016494,Tick,live-sample,true,0xF13000000604A27B,,server,,unchecked,unchecked,none,12.296586,-2.9564736,-2.9564736,0,Stand,0.6503804,,,,0->0:Exact,none; server owns swing cadence
347,5.718206,0.016967,Tick,live-sample,true,0xF13000000604A27B,,server,,unchecked,unchecked,none,12.296586,-2.9564736,-2.9564736,0,Stand,0.6673472,,,,0->0:Exact,none; server owns swing cadence
348,5.734857,0.016651,Tick,live-sample,true,0xF13000000604A27B,,server,,unchecked,unchecked,none,12.296586,-2.9564736,-2.9564736,0,Stand,0.6839983,,,,0->0:Exact,none; server owns swing cadence
349,5.751357,0.016500,Tick,live-sample,true,0xF13000000604A27B,,server,,unchecked,unchecked,none,12.296586,-2.9564736,-2.9564736,0,Stand,0.7004978,,,,0->0:Exact,none; server owns swing cadence
350,5.768136,0.016779,Tick,live-sample,true,0xF13000000604A27B,,server,,unchecked,unchecked,none,12.296586,-2.9564736,-2.9564736,0,Stand,0.717277,,,,0->0:Exact,none; server owns swing cadence
351,5.784724,0.016588,Tick,live-sample,true,0xF13000000604A27B,,server,,unchecked,unchecked,none,12.296586,-2.9564736,-2.9564736,0,Stand,0.73386467,,,,0->0:Exact,none; server owns swing cadence
352,5.801582,0.016858,Tick,live-sample,true,0xF13000000604A27B,,server,,unchecked,unchecked,none,12.296586,-2.9564736,-2.9564736,0,Stand,0.7507226,,,,0->0:Exact,none; server owns swing cadence
353,5.818171,0.016589,Tick,live-sample,true,0xF13000000604A27B,,server,,unchecked,unchecked,none,12.296586,-2.9564736,-2.9564736,0,Stand,0.7673116,,,,0->0:Exact,none; server owns swing cadence
354,5.834958,0.016788,Tick,live-sample,true,0xF13000000604A27B,,server,,unchecked,unchecked,none,12.296586,-2.9564736,-2.9564736,0,Stand,0.78409916,,,,0->0:Exact,none; server owns swing cadence
355,5.851717,0.016758,Tick,live-sample,true,0xF13000000604A27B,,server,,unchecked,unchecked,none,12.296586,-2.9564736,-2.9564736,0,Stand,0.80085766,,,,0->0:Exact,none; server owns swing cadence
356,5.869242,0.017526,Tick,live-sample,true,0xF13000000604A27B,,server,,unchecked,unchecked,none,12.296586,-2.9564736,-2.9564736,0,Stand,0.8183833,,,,0->0:Exact,none; server owns swing cadence
357,5.884679,0.015437,Tick,live-sample,true,0xF13000000604A27B,,server,,unchecked,unchecked,none,12.296586,-2.9564736,-2.9564736,0,Stand,0.83382016,,,,0->0:Exact,none; server owns swing cadence
358,5.901462,0.016783,Tick,live-sample,true,0xF13000000604A27B,,server,,unchecked,unchecked,none,12.296586,-2.9564736,-2.9564736,0,Stand,0.8506033,,,,0->0:Exact,none; server owns swing cadence
359,5.918277,0.016814,Tick,live-sample,true,0xF13000000604A27B,,server,,unchecked,unchecked,none,12.296586,-2.9564736,-2.9564736,0,Stand,0.8674177,,,,0->0:Exact,none; server owns swing cadence
360,5.935010,0.016734,Tick,live-sample,true,0xF13000000604A27B,,server,,unchecked,unchecked,none,12.296586,-2.9564736,-2.9564736,0,Stand,0.8841514,,,,0->0:Exact,none; server owns swing cadence
361,5.951724,0.016714,Tick,live-sample,true,0xF13000000604A27B,,server,,unchecked,unchecked,none,12.296586,-2.9564736,-2.9564736,0,Stand,0.9008649,,,,0->0:Exact,none; server owns swing cadence
362,5.968186,0.016462,Tick,live-sample,true,0xF13000000604A27B,,server,,unchecked,unchecked,none,12.296586,-2.9564736,-2.9564736,0,Stand,0.9173268,,,,0->0:Exact,none; server owns swing cadence
363,5.985154,0.016969,Tick,live-sample,true,0xF13000000604A27B,,server,,unchecked,unchecked,none,12.296586,-2.9564736,-2.9564736,0,Stand,0.93429554,,,,0->0:Exact,none; server owns swing cadence
364,6.001785,0.016630,Tick,live-sample,true,0xF13000000604A27B,,server,,unchecked,unchecked,none,12.296586,-2.9564736,-2.9564736,0,Stand,0.95092595,,,,0->0:Exact,none; server owns swing cadence
365,6.018197,0.016413,Tick,live-sample,true,0xF13000000604A27B,,server,,unchecked,unchecked,none,12.296586,-2.9564736,-2.9564736,0,Stand,0.96733844,,,,0->0:Exact,none; server owns swing cadence
366,6.035321,0.017124,Tick,live-sample,true,0xF13000000604A27B,,server,,unchecked,unchecked,none,12.296586,-2.9564736,-2.9564736,0,Stand,0.98446214,,,,0->0:Exact,none; server owns swing cadence
367,6.051897,0.016576,Tick,live-sample,true,0xF13000000604A27B,,server,,unchecked,unchecked,none,12.296586,-2.9564736,-2.9564736,0,Stand,1.0010386,,,,0->0:Exact,none; server owns swing cadence
368,6.068333,0.016436,Tick,live-sample,true,0xF13000000604A27B,,server,,unchecked,unchecked,none,12.296586,-2.9564736,-2.9564736,0,Stand,1.0174743,,,,0->0:Exact,none; server owns swing cadence
369,6.085082,0.016749,Tick,live-sample,true,0xF13000000604A27B,,server,,unchecked,unchecked,none,12.296586,-2.9564736,-2.9564736,0,Stand,1.0342233,,,,0->0:Exact,none; server owns swing cadence
370,6.101639,0.016557,Tick,live-sample,true,0xF13000000604A27B,,server,,unchecked,unchecked,none,12.296586,-2.9564736,-2.9564736,0,Stand,1.0507805,,,,0->0:Exact,none; server owns swing cadence
371,6.118480,0.016840,Tick,live-sample,true,0xF13000000604A27B,,server,,unchecked,unchecked,none,12.296586,-2.9564736,-2.9564736,0,Stand,1.067621,,,,0->0:Exact,none; server owns swing cadence
372,6.135200,0.016720,Tick,live-sample,true,0xF13000000604A27B,,server,,unchecked,unchecked,none,12.296586,-2.9564736,-2.9564736,0,Stand,1.0843414,,,,0->0:Exact,none; server owns swing cadence
373,6.151681,0.016481,Tick,live-sample,true,0xF13000000604A27B,,server,,unchecked,unchecked,none,12.296586,-2.9564736,-2.9564736,0,Stand,1.1008221,,,,0->0:Exact,none; server owns swing cadence
374,6.169705,0.018024,Tick,live-sample,true,0xF13000000604A27B,,server,,unchecked,unchecked,none,12.296586,-2.9564736,-2.9564736,0,Stand,1.1188458,,,,0->0:Exact,none; server owns swing cadence
375,6.185116,0.015411,Tick,live-sample,true,0xF13000000604A27B,,server,,unchecked,unchecked,none,12.296586,-2.9564736,-2.9564736,0,Stand,1.1342571,,,,0->0:Exact,none; server owns swing cadence
376,6.201580,0.016464,Tick,live-sample,true,0xF13000000604A27B,,server,,unchecked,unchecked,none,12.296586,-2.9564736,-2.9564736,0,Stand,1.1507215,,,,0->0:Exact,none; server owns swing cadence
377,6.218522,0.016942,Tick,live-sample,true,0xF13000000604A27B,,server,,unchecked,unchecked,none,12.296586,-2.9564736,-2.9564736,0,Stand,1.1676637,,,,0->0:Exact,none; server owns swing cadence
378,6.235437,0.016914,Tick,live-sample,true,0xF13000000604A27B,,server,,unchecked,unchecked,none,12.296586,-2.9564736,-2.9564736,0,Stand,1.184578,,,,0->0:Exact,none; server owns swing cadence
379,6.251826,0.016389,Tick,live-sample,true,0xF13000000604A27B,,server,,unchecked,unchecked,none,12.296586,-2.9564736,-2.9564736,0,Stand,1.200967,,,,0->0:Exact,none; server owns swing cadence
380,6.268501,0.016675,Tick,live-sample,true,0xF13000000604A27B,,server,,unchecked,unchecked,none,12.296586,-2.9564736,-2.9564736,0,Stand,1.2176422,,,,0->0:Exact,none; server owns swing cadence
381,6.285045,0.016545,Tick,live-sample,true,0xF13000000604A27B,,server,,unchecked,unchecked,none,12.296586,-2.9564736,-2.9564736,0,Stand,1.2341866,,,,0->0:Exact,none; server owns swing cadence
382,6.301832,0.016787,Tick,live-sample,true,0xF13000000604A27B,,server,,unchecked,unchecked,none,12.296586,-2.9564736,-2.9564736,0,Stand,1.2509736,,,,0->0:Exact,none; server owns swing cadence
383,6.318669,0.016836,Tick,live-sample,true,0xF13000000604A27B,,server,,unchecked,unchecked,none,12.296586,-2.9564736,-2.9564736,0,Stand,1.2678099,,,,0->0:Exact,none; server owns swing cadence
384,6.335243,0.016574,Tick,live-sample,true,0xF13000000604A27B,,server,,unchecked,unchecked,none,12.296586,-2.9564736,-2.9564736,0,Stand,1.2843839,,,,0->0:Exact,none; server owns swing cadence
385,6.351924,0.016681,Tick,live-sample,true,0xF13000000604A27B,,server,,unchecked,unchecked,none,12.296586,-2.9564736,-2.9564736,0,Stand,1.3010652,,,,0->0:Exact,none; server owns swing cadence
386,6.368497,0.016573,Tick,live-sample,true,0xF13000000604A27B,,server,,unchecked,unchecked,none,12.296586,-2.9564736,-2.9564736,0,Stand,1.317638,,,,0->0:Exact,none; server owns swing cadence
387,6.385489,0.016993,Tick,live-sample,true,0xF13000000604A27B,,server,,unchecked,unchecked,none,12.296586,-2.9564736,-2.9564736,0,Stand,1.3346307,,,,0->0:Exact,none; server owns swing cadence
388,6.401980,0.016491,Tick,live-sample,true,0xF13000000604A27B,,server,,unchecked,unchecked,none,12.296586,-2.9564736,-2.9564736,0,Stand,1.3511212,,,,0->0:Exact,none; server owns swing cadence
389,6.418587,0.016607,Tick,live-sample,true,0xF13000000604A27B,,server,,unchecked,unchecked,none,12.296586,-2.9564736,-2.9564736,0,Stand,1.3677282,,,,0->0:Exact,none; server owns swing cadence
390,6.435824,0.017237,Tick,live-sample,true,0xF13000000604A27B,,server,,unchecked,unchecked,none,12.296586,-2.9564736,-2.9564736,0,Stand,1.3849657,,,,0->0:Exact,none; server owns swing cadence
391,6.452009,0.016185,Tick,live-sample,true,0xF13000000604A27B,,server,,unchecked,unchecked,none,12.296586,-2.9564736,-2.9564736,0,Stand,1.4011507,,,,0->0:Exact,none; server owns swing cadence
392,6.469451,0.017441,Tick,live-sample,true,0xF13000000604A27B,,server,,unchecked,unchecked,none,12.296586,-2.9564736,-2.9564736,0,Stand,1.418592,,,,0->0:Exact,none; server owns swing cadence
393,6.485233,0.015783,Tick,live-sample,true,0xF13000000604A27B,,server,,unchecked,unchecked,none,12.296586,-2.9564736,-2.9564736,0,Stand,1.4343746,,,,0->0:Exact,none; server owns swing cadence
394,6.502046,0.016813,Tick,live-sample,true,0xF13000000604A27B,,server,,unchecked,unchecked,none,12.296586,-2.9564736,-2.9564736,0,Stand,1.4511874,,,,0->0:Exact,none; server owns swing cadence
395,6.518762,0.016716,Tick,live-sample,true,0xF13000000604A27B,,server,,unchecked,unchecked,none,12.296586,-2.9564736,-2.9564736,0,Stand,1.4679033,,,,0->0:Exact,none; server owns swing cadence
396,6.535665,0.016903,Tick,live-sample,true,0xF13000000604A27B,,server,,unchecked,unchecked,none,12.296586,-2.9564736,-2.9564736,0,Stand,1.4848062,,,,0->0:Exact,none; server owns swing cadence
397,6.552190,0.016525,Tick,live-sample,true,0xF13000000604A27B,,server,,unchecked,unchecked,none,12.296586,-2.9564736,-2.9564736,0,Stand,1.501331,,,,0->0:Exact,none; server owns swing cadence
398,6.568965,0.016775,Tick,live-sample,true,0xF13000000604A27B,,server,,unchecked,unchecked,none,12.296586,-2.9564736,-2.9564736,0,Stand,1.5181062,,,,0->0:Exact,none; server owns swing cadence
399,6.585615,0.016650,Tick,live-sample,true,0xF13000000604A27B,,server,,unchecked,unchecked,none,12.296586,-2.9564736,-2.9564736,0,Stand,1.5347558,,,,0->0:Exact,none; server owns swing cadence
400,6.602129,0.016514,Tick,live-sample,true,0xF13000000604A27B,,server,,unchecked,unchecked,none,12.296586,-2.9564736,-2.9564736,0,Stand,1.5512698,,,,0->0:Exact,none; server owns swing cadence
401,6.619024,0.016895,Tick,live-sample,true,0xF13000000604A27B,,server,,unchecked,unchecked,none,12.296586,-2.9564736,-2.9564736,0,Stand,1.5681653,,,,0->0:Exact,none; server owns swing cadence
402,6.635870,0.016846,Tick,live-sample,true,0xF13000000604A27B,,server,,unchecked,unchecked,none,12.296586,-2.9564736,-2.9564736,0,Stand,1.5850112,,,,0->0:Exact,none; server owns swing cadence
403,6.652482,0.016612,Tick,live-sample,true,0xF13000000604A27B,,server,,unchecked,unchecked,none,12.296586,-2.9564736,-2.9564736,0,Stand,1.601623,,,,0->0:Exact,none; server owns swing cadence
404,6.669256,0.016774,Tick,live-sample,true,0xF13000000604A27B,,server,,unchecked,unchecked,none,12.296586,-2.9564736,-2.9564736,0,Stand,1.6183976,,,,0->0:Exact,none; server owns swing cadence
405,6.685922,0.016666,Tick,live-sample,true,0xF13000000604A27B,,server,,unchecked,unchecked,none,12.296586,-2.9564736,-2.9564736,0,Stand,1.6350634,,,,0->0:Exact,none; server owns swing cadence
406,6.702442,0.016520,Tick,live-sample,true,0xF13000000604A27B,,server,,unchecked,unchecked,none,12.296586,-2.9564736,-2.9564736,0,Stand,1.6515831,,,,0->0:Exact,none; server owns swing cadence
407,6.718869,0.016427,Tick,live-sample,true,0xF13000000604A27B,,server,,unchecked,unchecked,none,12.296586,-2.9564736,-2.9564736,0,Stand,1.6680102,,,,0->0:Exact,none; server owns swing cadence
408,6.735919,0.017050,Tick,live-sample,true,0xF13000000604A27B,,server,,unchecked,unchecked,none,12.296586,-2.9564736,-2.9564736,0,Stand,1.6850601,,,,0->0:Exact,none; server owns swing cadence
409,6.752363,0.016444,Tick,live-sample,true,0xF13000000604A27B,,server,,unchecked,unchecked,none,12.296586,-2.9564736,-2.9564736,0,Stand,1.7015042,,,,0->0:Exact,none; server owns swing cadence
410,6.768877,0.016514,Tick,live-sample,true,0xF13000000604A27B,,server,,unchecked,unchecked,none,12.296586,-2.9564736,-2.9564736,0,Stand,1.718018,,,,0->0:Exact,none; server owns swing cadence
411,6.785543,0.016667,Tick,live-sample,true,0xF13000000604A27B,,server,,unchecked,unchecked,none,12.296586,-2.9564736,-2.9564736,0,Stand,1.7346847,,,,0->0:Exact,none; server owns swing cadence
412,6.802891,0.017347,Tick,live-sample,true,0xF13000000604A27B,,server,,unchecked,unchecked,none,12.296586,-2.9564736,-2.9564736,0,Stand,1.7520319,,,,0->0:Exact,none; server owns swing cadence
413,6.819098,0.016207,Tick,live-sample,true,0xF13000000604A27B,,server,,unchecked,unchecked,none,12.296586,-2.9564736,-2.9564736,0,Stand,1.7682389,,,,0->0:Exact,none; server owns swing cadence
414,6.835647,0.016549,Tick,live-sample,true,0xF13000000604A27B,,server,,unchecked,unchecked,none,12.296586,-2.9564736,-2.9564736,0,Stand,1.784788,,,,0->0:Exact,none; server owns swing cadence
415,6.852338,0.016691,Tick,live-sample,true,0xF13000000604A27B,,server,,unchecked,unchecked,none,12.296586,-2.9564736,-2.9564736,0,Stand,1.801479,,,,0->0:Exact,none; server owns swing cadence
416,6.870237,0.017900,Tick,live-sample,true,0xF13000000604A27B,,server,,unchecked,unchecked,none,12.296586,-2.9564736,-2.9564736,0,Stand,1.8193787,,,,0->0:Exact,none; server owns swing cadence
417,6.886053,0.015816,Tick,live-sample,true,0xF13000000604A27B,,server,,unchecked,unchecked,none,12.296586,-2.9564736,-2.9564736,0,Stand,1.8351947,,,,0->0:Exact,none; server owns swing cadence
418,6.902407,0.016353,Tick,live-sample,true,0xF13000000604A27B,,server,,unchecked,unchecked,none,12.296586,-2.9564736,-2.9564736,0,Stand,1.8515482,,,,0->0:Exact,none; server owns swing cadence
419,6.919126,0.016719,Tick,live-sample,true,0xF13000000604A27B,,server,,unchecked,unchecked,none,12.296586,-2.9564736,-2.9564736,0,Stand,1.8682675,,,,0->0:Exact,none; server owns swing cadence
420,6.936252,0.017126,Tick,live-sample,true,0xF13000000604A27B,,server,,unchecked,unchecked,none,12.296586,-2.9564736,-2.9564736,0,Stand,1.885393,,,,0->0:Exact,none; server owns swing cadence
421,6.952558,0.016306,Tick,live-sample,true,0xF13000000604A27B,,server,,unchecked,unchecked,none,12.296586,-2.9564736,-2.9564736,0,Stand,1.9016991,,,,0->0:Exact,none; server owns swing cadence
422,6.969184,0.016626,Tick,live-sample,true,0xF13000000604A27B,,server,,unchecked,unchecked,none,12.296586,-2.9564736,-2.9564736,0,Stand,1.9183252,,,,0->0:Exact,none; server owns swing cadence
423,6.985924,0.016740,Tick,live-sample,true,0xF13000000604A27B,,server,,unchecked,unchecked,none,12.296586,-2.9564736,-2.9564736,0,Stand,1.9350655,,,,0->0:Exact,none; server owns swing cadence
424,7.002432,0.016508,Tick,live-sample,true,0xF13000000604A27B,,server,,unchecked,unchecked,none,12.296586,-2.9564736,-2.9564736,0,Stand,1.9515738,,,,0->0:Exact,none; server owns swing cadence
425,7.019244,0.016811,Tick,live-sample,true,0xF13000000604A27B,,server,,unchecked,unchecked,none,12.296586,-2.9564736,-2.9564736,0,Stand,1.968385,,,,0->0:Exact,none; server owns swing cadence
426,7.035908,0.016664,Tick,live-sample,true,0xF13000000604A27B,,server,,unchecked,unchecked,none,12.296586,-2.9564736,-2.9564736,0,Stand,1.9850492,,,,0->0:Exact,none; server owns swing cadence
427,7.052460,0.016552,Tick,live-sample,true,0xF13000000604A27B,,server,,unchecked,unchecked,none,12.296586,-2.9564736,-2.9564736,0,Stand,2.0016015,,,,0->0:Exact,none; server owns swing cadence
428,7.069163,0.016703,Tick,live-sample,true,0xF13000000604A27B,,server,,unchecked,unchecked,none,12.296586,-2.9564736,-2.9564736,0,Stand,2.018304,,,,0->0:Exact,none; server owns swing cadence
429,7.086114,0.016951,Tick,live-sample,true,0xF13000000604A27B,,server,,unchecked,unchecked,none,12.296586,-2.9564736,-2.9564736,0,Stand,2.0352552,,,,0->0:Exact,none; server owns swing cadence
430,7.102411,0.016297,Tick,live-sample,true,0xF13000000604A27B,,server,,unchecked,unchecked,none,12.296586,-2.9564736,-2.9564736,0,Stand,2.0515523,,,,0->0:Exact,none; server owns swing cadence
431,7.119360,0.016949,Tick,live-sample,true,0xF13000000604A27B,,server,,unchecked,unchecked,none,12.296586,-2.9564736,-2.9564736,0,Stand,2.0685015,,,,0->0:Exact,none; server owns swing cadence
432,7.135743,0.016383,Tick,live-sample,true,0xF13000000604A27B,,server,,unchecked,unchecked,none,12.296586,-2.9564736,-2.9564736,0,Stand,2.0848846,,,,0->0:Exact,none; server owns swing cadence
433,7.152700,0.016957,Tick,live-sample,true,0xF13000000604A27B,,server,,unchecked,unchecked,none,12.296586,-2.9564736,-2.9564736,0,Stand,2.1018412,,,,0->0:Exact,none; server owns swing cadence
434,7.170316,0.017616,Tick,live-sample,true,0xF13000000604A27B,,server,,unchecked,unchecked,none,12.296586,-2.9564736,-2.9564736,0,Stand,2.1194572,,,,0->0:Exact,none; server owns swing cadence
435,7.185862,0.015546,Tick,live-sample,true,0xF13000000604A27B,,server,,unchecked,unchecked,none,12.296586,-2.9564736,-2.9564736,0,Stand,2.1350033,,,,0->0:Exact,none; server owns swing cadence
436,7.202596,0.016734,Tick,live-sample,true,0xF13000000604A27B,,server,,unchecked,unchecked,none,12.296586,-2.9564736,-2.9564736,0,Stand,2.1517377,,,,0->0:Exact,none; server owns swing cadence
437,7.219463,0.016867,Tick,live-sample,true,0xF13000000604A27B,,server,,unchecked,unchecked,none,12.296586,-2.9564736,-2.9564736,0,Stand,2.1686044,,,,0->0:Exact,none; server owns swing cadence
438,7.235939,0.016477,Tick,live-sample,true,0xF13000000604A27B,,server,,unchecked,unchecked,none,12.296586,-2.9564736,-2.9564736,0,Stand,2.1850808,,,,0->0:Exact,none; server owns swing cadence
439,7.252590,0.016651,Tick,live-sample,true,0xF13000000604A27B,,server,,unchecked,unchecked,none,12.296586,-2.9564736,-2.9564736,0,Stand,2.2017314,,,,0->0:Exact,none; server owns swing cadence
440,7.269195,0.016605,Tick,live-sample,true,0xF13000000604A27B,,server,,unchecked,unchecked,none,12.296586,-2.9564736,-2.9564736,0,Stand,2.218336,,,,0->0:Exact,none; server owns swing cadence
441,7.286177,0.016982,Tick,live-sample,true,0xF13000000604A27B,,server,,unchecked,unchecked,none,12.296586,-2.9564736,-2.9564736,0,Stand,2.235318,,,,0->0:Exact,none; server owns swing cadence
442,7.302737,0.016561,Tick,live-sample,true,0xF13000000604A27B,,server,,unchecked,unchecked,none,12.296586,-2.9564736,-2.9564736,0,Stand,2.2518785,,,,0->0:Exact,none; server owns swing cadence
443,7.319605,0.016868,Tick,live-sample,true,0xF13000000604A27B,,server,,unchecked,unchecked,none,12.296586,-2.9564736,-2.9564736,0,Stand,2.2687464,,,,0->0:Exact,none; server owns swing cadence
444,7.336088,0.016483,Tick,live-sample,true,0xF13000000604A27B,,server,,unchecked,unchecked,none,12.296586,-2.9564736,-2.9564736,0,Stand,2.2852297,,,,0->0:Exact,none; server owns swing cadence
445,7.353058,0.016970,Tick,live-sample,true,0xF13000000604A27B,,server,,unchecked,unchecked,none,12.296586,-2.9564736,-2.9564736,0,Stand,2.3021998,,,,0->0:Exact,none; server owns swing cadence
446,7.369676,0.016617,Tick,live-sample,true,0xF13000000604A27B,,server,,unchecked,unchecked,none,12.296586,-2.9564736,-2.9564736,0,Stand,2.3188174,,,,0->0:Exact,none; server owns swing cadence
447,7.386065,0.016389,Tick,live-sample,true,0xF13000000604A27B,,server,,unchecked,unchecked,none,12.296586,-2.9564736,-2.9564736,0,Stand,2.3352063,,,,0->0:Exact,none; server owns swing cadence
448,7.402783,0.016718,Tick,live-sample,true,0xF13000000604A27B,,server,,unchecked,unchecked,none,12.296586,-2.9564736,-2.9564736,0,Stand,2.3519242,,,,0->0:Exact,none; server owns swing cadence
449,7.419419,0.016637,Tick,live-sample,true,0xF13000000604A27B,,server,,unchecked,unchecked,none,12.296586,-2.9564736,-2.9564736,0,Stand,2.3685608,,,,0->0:Exact,none; server owns swing cadence
450,7.436234,0.016814,Tick,live-sample,true,0xF13000000604A27B,,server,,unchecked,unchecked,none,12.296586,-2.9564736,-2.9564736,0,Stand,2.3853753,,,,0->0:Exact,none; server owns swing cadence
451,7.453017,0.016783,Tick,live-sample,true,0xF13000000604A27B,,server,,unchecked,unchecked,none,12.296586,-2.9564736,-2.9564736,0,Stand,2.402158,,,,0->0:Exact,none; server owns swing cadence
452,7.470753,0.017737,Tick,live-sample,true,0xF13000000604A27B,,server,,unchecked,unchecked,none,12.296586,-2.9564736,-2.9564736,0,Stand,2.4198945,,,,0->0:Exact,none; server owns swing cadence
453,7.486374,0.015620,Tick,live-sample,true,0xF13000000604A27B,,server,,unchecked,unchecked,none,12.296586,-2.9564736,-2.9564736,0,Stand,2.435515,,,,0->0:Exact,none; server owns swing cadence
454,7.502727,0.016353,Tick,live-sample,true,0xF13000000604A27B,,server,,unchecked,unchecked,none,12.296586,-2.9564736,-2.9564736,0,Stand,2.451868,,,,0->0:Exact,none; server owns swing cadence
455,7.519631,0.016904,Tick,live-sample,true,0xF13000000604A27B,,server,,unchecked,unchecked,none,12.296586,-2.9564736,-2.9564736,0,Stand,2.468772,,,,0->0:Exact,none; server owns swing cadence
456,7.536454,0.016823,Tick,live-sample,true,0xF13000000604A27B,,server,,unchecked,unchecked,none,12.296586,-2.9564736,-2.9564736,0,Stand,2.4855947,,,,0->0:Exact,none; server owns swing cadence
457,7.552957,0.016504,Tick,live-sample,true,0xF13000000604A27B,,server,,unchecked,unchecked,none,12.296586,-2.9564736,-2.9564736,0,Stand,2.5020983,,,,0->0:Exact,none; server owns swing cadence
458,7.570050,0.017093,Tick,live-sample,true,0xF13000000604A27B,,server,,unchecked,unchecked,none,12.296586,-2.9564736,-2.9564736,0,Stand,2.5191915,,,,0->0:Exact,none; server owns swing cadence
459,7.586272,0.016222,Tick,live-sample,true,0xF13000000604A27B,,server,,unchecked,unchecked,none,12.296586,-2.9564736,-2.9564736,0,Stand,2.5354135,,,,0->0:Exact,none; server owns swing cadence
460,7.603091,0.016819,Tick,live-sample,true,0xF13000000604A27B,,server,,unchecked,unchecked,none,12.296586,-2.9564736,-2.9564736,0,Stand,2.552232,,,,0->0:Exact,none; server owns swing cadence
461,7.619513,0.016422,Tick,live-sample,true,0xF13000000604A27B,,server,,unchecked,unchecked,none,12.296586,-2.9564736,-2.9564736,0,Stand,2.5686538,,,,0->0:Exact,none; server owns swing cadence
462,7.636424,0.016911,Tick,live-sample,true,0xF13000000604A27B,,server,,unchecked,unchecked,none,12.296586,-2.9564736,-2.9564736,0,Stand,2.585565,,,,0->0:Exact,none; server owns swing cadence
463,7.653459,0.017035,Tick,live-sample,true,0xF13000000604A27B,,server,,unchecked,unchecked,none,12.296586,-2.9564736,-2.9564736,0,Stand,2.6026006,,,,0->0:Exact,none; server owns swing cadence
464,7.669659,0.016200,Tick,live-sample,true,0xF13000000604A27B,,server,,unchecked,unchecked,none,12.296586,-2.9564736,-2.9564736,0,Stand,2.6188006,,,,0->0:Exact,none; server owns swing cadence
465,7.686222,0.016563,Tick,live-sample,true,0xF13000000604A27B,,server,,unchecked,unchecked,none,12.296586,-2.9564736,-2.9564736,0,Stand,2.6353638,,,,0->0:Exact,none; server owns swing cadence
466,7.702970,0.016748,Tick,live-sample,true,0xF13000000604A27B,,server,,unchecked,unchecked,none,12.296586,-2.9564736,-2.9564736,0,Stand,2.6521115,,,,0->0:Exact,none; server owns swing cadence
467,7.719774,0.016804,Tick,live-sample,true,0xF13000000604A27B,,server,,unchecked,unchecked,none,12.296586,-2.9564736,-2.9564736,0,Stand,2.6689153,,,,0->0:Exact,none; server owns swing cadence
468,7.736381,0.016607,Tick,live-sample,true,0xF13000000604A27B,,server,,unchecked,unchecked,none,12.296586,-2.9564736,-2.9564736,0,Stand,2.6855223,,,,0->0:Exact,none; server owns swing cadence
469,7.753144,0.016763,Tick,live-sample,true,0xF13000000604A27B,,server,,unchecked,unchecked,none,12.296586,-2.9564736,-2.9564736,0,Stand,2.7022848,,,,0->0:Exact,none; server owns swing cadence
470,7.769867,0.016723,Tick,live-sample,true,0xF13000000604A27B,,server,,unchecked,unchecked,none,12.296586,-2.9564736,-2.9564736,0,Stand,2.7190082,,,,0->0:Exact,none; server owns swing cadence
471,7.786351,0.016484,Tick,live-sample,true,0xF13000000604A27B,,server,,unchecked,unchecked,none,12.296586,-2.9564736,-2.9564736,0,Stand,2.7354922,,,,0->0:Exact,none; server owns swing cadence
472,7.803133,0.016782,Tick,live-sample,true,0xF13000000604A27B,,server,,unchecked,unchecked,none,12.296586,-2.9564736,-2.9564736,0,Stand,2.7522745,,,,0->0:Exact,none; server owns swing cadence
473,7.819603,0.016470,Tick,live-sample,true,0xF13000000604A27B,,server,,unchecked,unchecked,none,12.296586,-2.9564736,-2.9564736,0,Stand,2.7687447,,,,0->0:Exact,none; server owns swing cadence
474,7.836363,0.016760,Tick,live-sample,true,0xF13000000604A27B,,server,,unchecked,unchecked,none,12.296586,-2.9564736,-2.9564736,0,Stand,2.7855043,,,,0->0:Exact,none; server owns swing cadence
475,7.853148,0.016785,Tick,live-sample,true,0xF13000000604A27B,,server,,unchecked,unchecked,none,12.296586,-2.9564736,-2.9564736,0,Stand,2.8022892,,,,0->0:Exact,none; server owns swing cadence
476,7.870891,0.017743,Tick,live-sample,true,0xF13000000604A27B,,server,,unchecked,unchecked,none,12.296586,-2.9564736,-2.9564736,0,Stand,2.8200321,,,,0->0:Exact,none; server owns swing cadence
477,7.886384,0.015493,Tick,live-sample,true,0xF13000000604A27B,,server,,unchecked,unchecked,none,12.296586,-2.9564736,-2.9564736,0,Stand,2.8355248,,,,0->0:Exact,none; server owns swing cadence
478,7.903285,0.016901,Tick,live-sample,true,0xF13000000604A27B,,server,,unchecked,unchecked,none,12.296586,-2.9564736,-2.9564736,0,Stand,2.8524258,,,,0->0:Exact,none; server owns swing cadence
479,7.919834,0.016549,Tick,live-sample,true,0xF13000000604A27B,,server,,unchecked,unchecked,none,12.296586,-2.9564736,-2.9564736,0,Stand,2.868975,,,,0->0:Exact,none; server owns swing cadence
480,7.936499,0.016665,Tick,live-sample,true,0xF13000000604A27B,,server,,unchecked,unchecked,none,12.296586,-2.9564736,-2.9564736,0,Stand,2.8856401,,,,0->0:Exact,none; server owns swing cadence
481,7.953333,0.016834,Tick,live-sample,true,0xF13000000604A27B,,server,,unchecked,unchecked,none,12.296586,-2.9564736,-2.9564736,0,Stand,2.9024742,,,,0->0:Exact,none; server owns swing cadence
482,7.969963,0.016630,Tick,live-sample,true,0xF13000000604A27B,,server,,unchecked,unchecked,none,12.296586,-2.9564736,-2.9564736,0,Stand,2.919104,,,,0->0:Exact,none; server owns swing cadence
483,7.986583,0.016620,Tick,live-sample,true,0xF13000000604A27B,,server,,unchecked,unchecked,none,12.296586,-2.9564736,-2.9564736,0,Stand,2.935724,,,,0->0:Exact,none; server owns swing cadence
484,8.003270,0.016687,Tick,live-sample,true,0xF13000000604A27B,,server,,unchecked,unchecked,none,12.296586,-2.9564736,-2.9564736,0,Stand,2.952411,,,,0->0:Exact,none; server owns swing cadence
485,8.019947,0.016677,Tick,live-sample,true,0xF13000000604A27B,,server,,unchecked,unchecked,none,12.296586,-2.9564736,-2.9564736,0,Stand,2.9690878,,,,0->0:Exact,none; server owns swing cadence
486,8.036854,0.016908,Tick,live-sample,true,0xF13000000604A27B,,server,,unchecked,unchecked,none,12.296586,-2.9564736,-2.9564736,0,Stand,2.9859955,,,,0->0:Exact,none; server owns swing cadence
487,8.053406,0.016552,Tick,live-sample,true,0xF13000000604A27B,,server,,unchecked,unchecked,none,12.296586,-2.9564736,-2.9564736,0,Stand,3.002547,,,,0->0:Exact,none; server owns swing cadence
488,8.069849,0.016443,Tick,live-sample,true,0xF13000000604A27B,,server,,unchecked,unchecked,none,12.296586,-2.9564736,-2.9564736,0,Stand,3.0189905,,,,0->0:Exact,none; server owns swing cadence
489,8.086553,0.016704,Tick,live-sample,true,0xF13000000604A27B,,server,,unchecked,unchecked,none,12.296586,-2.9564736,-2.9564736,0,Stand,3.0356946,,,,0->0:Exact,none; server owns swing cadence
490,8.103346,0.016793,Tick,live-sample,true,0xF13000000604A27B,,server,,unchecked,unchecked,none,12.296586,-2.9564736,-2.9564736,0,Stand,3.0524871,,,,0->0:Exact,none; server owns swing cadence
491,8.120434,0.017088,Tick,live-sample,true,0xF13000000604A27B,,server,,unchecked,unchecked,none,12.296586,-2.9564736,-2.9564736,0,Stand,3.0695748,,,,0->0:Exact,none; server owns swing cadence
492,8.137058,0.016624,Tick,live-sample,true,0xF13000000604A27B,,server,,unchecked,unchecked,none,12.296586,-2.9564736,-2.9564736,0,Stand,3.086199,,,,0->0:Exact,none; server owns swing cadence
493,8.153252,0.016194,Tick,live-sample,true,0xF13000000604A27B,,server,,unchecked,unchecked,none,12.296586,-2.9564736,-2.9564736,0,Stand,3.1023932,,,,0->0:Exact,none; server owns swing cadence
494,8.170988,0.017735,Tick,live-sample,true,0xF13000000604A27B,,server,,unchecked,unchecked,none,12.296586,-2.9564736,-2.9564736,0,Stand,3.1201286,,,,0->0:Exact,none; server owns swing cadence
495,8.186891,0.015903,Tick,live-sample,true,0xF13000000604A27B,,server,,unchecked,unchecked,none,12.296586,-2.9564736,-2.9564736,0,Stand,3.136032,,,,0->0:Exact,none; server owns swing cadence
496,8.203434,0.016544,Tick,live-sample,true,0xF13000000604A27B,,server,,unchecked,unchecked,none,12.296586,-2.9564736,-2.9564736,0,Stand,3.1525755,,,,0->0:Exact,none; server owns swing cadence
497,8.220200,0.016766,Tick,live-sample,true,0xF13000000604A27B,,server,,unchecked,unchecked,none,12.296586,-2.9564736,-2.9564736,0,Stand,3.1693416,,,,0->0:Exact,none; server owns swing cadence
498,8.236918,0.016717,Tick,live-sample,true,0xF13000000604A27B,,server,,unchecked,unchecked,none,12.296586,-2.9564736,-2.9564736,0,Stand,3.186059,,,,0->0:Exact,none; server owns swing cadence
499,8.253489,0.016571,Tick,live-sample,true,0xF13000000604A27B,,server,,unchecked,unchecked,none,12.296586,-2.9564736,-2.9564736,0,Stand,3.2026303,,,,0->0:Exact,none; server owns swing cadence
500,8.270171,0.016682,Tick,live-sample,true,0xF13000000604A27B,,server,,unchecked,unchecked,none,12.296586,-2.9564736,-2.9564736,0,Stand,3.2193122,,,,0->0:Exact,none; server owns swing cadence
501,8.286681,0.016510,Tick,live-sample,true,0xF13000000604A27B,,server,,unchecked,unchecked,none,12.296586,-2.9564736,-2.9564736,0,Stand,3.2358224,,,,0->0:Exact,none; server owns swing cadence
502,8.303498,0.016816,Tick,live-sample,true,0xF13000000604A27B,,server,,unchecked,unchecked,none,12.296586,-2.9564736,-2.9564736,0,Stand,3.2526386,,,,0->0:Exact,none; server owns swing cadence
503,8.320520,0.017022,Tick,live-sample,true,0xF13000000604A27B,,server,,unchecked,unchecked,none,12.296586,-2.9564736,-2.9564736,0,Stand,3.2696605,,,,0->0:Exact,none; server owns swing cadence
504,8.337048,0.016528,Tick,live-sample,true,0xF13000000604A27B,,server,,unchecked,unchecked,none,12.296586,-2.9564736,-2.9564736,0,Stand,3.2861886,,,,0->0:Exact,none; server owns swing cadence
505,8.354041,0.016993,Tick,live-sample,true,0xF13000000604A27B,,server,,unchecked,unchecked,none,12.296586,-2.9564736,-2.9564736,0,Stand,3.3031814,,,,0->0:Exact,none; server owns swing cadence
506,8.370228,0.016187,Tick,live-sample,true,0xF13000000604A27B,,server,,unchecked,unchecked,none,12.296586,-2.9564736,-2.9564736,0,Stand,3.3193688,,,,0->0:Exact,none; server owns swing cadence
507,8.386872,0.016644,Tick,live-sample,true,0xF13000000604A27B,,server,,unchecked,unchecked,none,12.296586,-2.9564736,-2.9564736,0,Stand,3.3360126,,,,0->0:Exact,none; server owns swing cadence
508,8.403373,0.016502,Tick,live-sample,true,0xF13000000604A27B,,server,,unchecked,unchecked,none,12.296586,-2.9564736,-2.9564736,0,Stand,3.3525143,,,,0->0:Exact,none; server owns swing cadence
509,8.420660,0.017286,Tick,live-sample,true,0xF13000000604A27B,,server,,unchecked,unchecked,none,12.296586,-2.9564736,-2.9564736,0,Stand,3.3698006,,,,0->0:Exact,none; server owns swing cadence
510,8.436908,0.016248,Tick,live-sample,true,0xF13000000604A27B,,server,,unchecked,unchecked,none,12.296586,-2.9564736,-2.9564736,0,Stand,3.3860488,,,,0->0:Exact,none; server owns swing cadence
511,8.453941,0.017033,Tick,live-sample,true,0xF13000000604A27B,,server,,unchecked,unchecked,none,12.296586,-2.9564736,-2.9564736,0,Stand,3.403082,,,,0->0:Exact,none; server owns swing cadence
512,8.471165,0.017224,Tick,live-sample,true,0xF13000000604A27B,,server,,unchecked,unchecked,none,12.296586,-2.9564736,-2.9564736,0,Stand,3.4203062,,,,0->0:Exact,none; server owns swing cadence
513,8.487124,0.015959,Tick,live-sample,true,0xF13000000604A27B,,server,,unchecked,unchecked,none,12.296586,-2.9564736,-2.9564736,0,Stand,3.4362652,,,,0->0:Exact,none; server owns swing cadence
514,8.503660,0.016536,Tick,live-sample,true,0xF13000000604A27B,,server,,unchecked,unchecked,none,12.296586,-2.9564736,-2.9564736,0,Stand,3.4528008,,,,0->0:Exact,none; server owns swing cadence
515,8.520482,0.016823,Tick,live-sample,true,0xF13000000604A27B,,server,,unchecked,unchecked,none,12.296586,-2.9564736,-2.9564736,0,Stand,3.4696236,,,,0->0:Exact,none; server owns swing cadence
516,8.537031,0.016549,Tick,live-sample,true,0xF13000000604A27B,,server,,unchecked,unchecked,none,12.296586,-2.9564736,-2.9564736,0,Stand,3.4861724,,,,0->0:Exact,none; server owns swing cadence
517,8.553913,0.016882,Tick,live-sample,true,0xF13000000604A27B,,server,,unchecked,unchecked,none,12.296586,-2.9564736,-2.9564736,0,Stand,3.5030544,,,,0->0:Exact,none; server owns swing cadence
518,8.570481,0.016567,Tick,live-sample,true,0xF13000000604A27B,,server,,unchecked,unchecked,none,12.296586,-2.9564736,-2.9564736,0,Stand,3.5196216,,,,0->0:Exact,none; server owns swing cadence
519,8.587127,0.016646,Tick,live-sample,true,0xF13000000604A27B,,server,,unchecked,unchecked,none,12.296586,-2.9564736,-2.9564736,0,Stand,3.536268,,,,0->0:Exact,none; server owns swing cadence
520,8.603758,0.016631,Tick,live-sample,true,0xF13000000604A27B,,server,,unchecked,unchecked,none,12.296586,-2.9564736,-2.9564736,0,Stand,3.5528986,,,,0->0:Exact,none; server owns swing cadence
521,8.620460,0.016702,Tick,live-sample,true,0xF13000000604A27B,,server,,unchecked,unchecked,none,12.296586,-2.9564736,-2.9564736,0,Stand,3.5696006,,,,0->0:Exact,none; server owns swing cadence
522,8.637186,0.016727,Tick,live-sample,true,0xF13000000604A27B,,server,,unchecked,unchecked,none,12.296586,-2.9564736,-2.9564736,0,Stand,3.5863276,,,,0->0:Exact,none; server owns swing cadence
523,8.653816,0.016630,Tick,live-sample,true,0xF13000000604A27B,,server,,unchecked,unchecked,none,12.296586,-2.9564736,-2.9564736,0,Stand,3.602957,,,,0->0:Exact,none; server owns swing cadence
524,8.670417,0.016601,Tick,live-sample,true,0xF13000000604A27B,,server,,unchecked,unchecked,none,12.296586,-2.9564736,-2.9564736,0,Stand,3.6195586,,,,0->0:Exact,none; server owns swing cadence
525,8.687138,0.016721,Tick,live-sample,true,0xF13000000604A27B,,server,,unchecked,unchecked,none,12.296586,-2.9564736,-2.9564736,0,Stand,3.6362796,,,,0->0:Exact,none; server owns swing cadence
526,8.703855,0.016716,Tick,live-sample,true,0xF13000000604A27B,,server,,unchecked,unchecked,none,12.296586,-2.9564736,-2.9564736,0,Stand,3.6529956,,,,0->0:Exact,none; server owns swing cadence
527,8.720571,0.016717,Tick,live-sample,true,0xF13000000604A27B,,server,,unchecked,unchecked,none,12.296586,-2.9564736,-2.9564736,0,Stand,3.669712,,,,0->0:Exact,none; server owns swing cadence
528,8.737088,0.016517,Tick,live-sample,true,0xF13000000604A27B,,server,,unchecked,unchecked,none,12.296586,-2.9564736,-2.9564736,0,Stand,3.6862292,,,,0->0:Exact,none; server owns swing cadence
529,8.753850,0.016761,Tick,live-sample,true,0xF13000000604A27B,,server,,unchecked,unchecked,none,12.296586,-2.9564736,-2.9564736,0,Stand,3.7029905,,,,0->0:Exact,none; server owns swing cadence
530,8.770862,0.017013,Tick,live-sample,true,0xF13000000604A27B,,server,,unchecked,unchecked,none,12.296586,-2.9564736,-2.9564736,0,Stand,3.7200031,,,,0->0:Exact,none; server owns swing cadence
531,8.787327,0.016465,Tick,live-sample,true,0xF13000000604A27B,,server,,unchecked,unchecked,none,12.296586,-2.9564736,-2.9564736,0,Stand,3.7364678,,,,0->0:Exact,none; server owns swing cadence
532,8.804247,0.016920,Tick,live-sample,true,0xF13000000604A27B,,server,,unchecked,unchecked,none,12.296586,-2.9564736,-2.9564736,0,Stand,3.7533877,,,,0->0:Exact,none; server owns swing cadence
533,8.820574,0.016327,Tick,live-sample,true,0xF13000000604A27B,,server,,unchecked,unchecked,none,12.296586,-2.9564736,-2.9564736,0,Stand,3.7697148,,,,0->0:Exact,none; server owns swing cadence
534,8.837372,0.016798,Tick,live-sample,true,0xF13000000604A27B,,server,,unchecked,unchecked,none,12.296586,-2.9564736,-2.9564736,0,Stand,3.7865129,,,,0->0:Exact,none; server owns swing cadence
535,8.853877,0.016505,Tick,live-sample,true,0xF13000000604A27B,,server,,unchecked,unchecked,none,12.296586,-2.9564736,-2.9564736,0,Stand,3.8030176,,,,0->0:Exact,none; server owns swing cadence
536,8.871670,0.017793,Tick,live-sample,true,0xF13000000604A27B,,server,,unchecked,unchecked,none,12.296586,-2.9564736,-2.9564736,0,Stand,3.820811,,,,0->0:Exact,none; server owns swing cadence
537,8.887330,0.015659,Tick,live-sample,true,0xF13000000604A27B,,server,,unchecked,unchecked,none,12.296586,-2.9564736,-2.9564736,0,Stand,3.8364704,,,,0->0:Exact,none; server owns swing cadence
538,8.903973,0.016644,Tick,live-sample,true,0xF13000000604A27B,,server,,unchecked,unchecked,none,12.296586,-2.9564736,-2.9564736,0,Stand,3.8531141,,,,0->0:Exact,none; server owns swing cadence
539,8.920881,0.016908,Tick,live-sample,true,0xF13000000604A27B,,server,,unchecked,unchecked,none,12.296586,-2.9564736,-2.9564736,0,Stand,3.870022,,,,0->0:Exact,none; server owns swing cadence
540,8.937593,0.016712,Tick,live-sample,true,0xF13000000604A27B,,server,,unchecked,unchecked,none,12.296586,-2.9564736,-2.9564736,0,Stand,3.8867338,,,,0->0:Exact,none; server owns swing cadence
541,8.954126,0.016533,Tick,live-sample,true,0xF13000000604A27B,,server,,unchecked,unchecked,none,12.296586,-2.9564736,-2.9564736,0,Stand,3.9032674,,,,0->0:Exact,none; server owns swing cadence
542,8.970856,0.016729,Tick,live-sample,true,0xF13000000604A27B,,server,,unchecked,unchecked,none,12.296586,-2.9564736,-2.9564736,0,Stand,3.9199967,,,,0->0:Exact,none; server owns swing cadence
543,8.988121,0.017266,Tick,live-sample,true,0xF13000000604A27B,,server,,unchecked,unchecked,none,12.296586,-2.9564736,-2.9564736,0,Stand,3.9372623,,,,0->0:Exact,none; server owns swing cadence
544,9.004104,0.015982,Tick,live-sample,true,0xF13000000604A27B,,server,,unchecked,unchecked,none,12.296586,-2.9564736,-2.9564736,0,Stand,3.9532447,,,,0->0:Exact,none; server owns swing cadence
545,9.020826,0.016723,Tick,live-sample,true,0xF13000000604A27B,,server,,unchecked,unchecked,none,12.296586,-2.9564736,-2.9564736,0,Stand,3.9699671,,,,0->0:Exact,none; server owns swing cadence
546,9.037364,0.016538,Tick,live-sample,true,0xF13000000604A27B,,server,,unchecked,unchecked,none,12.296586,-2.9564736,-2.9564736,0,Stand,3.9865048,,,,0->0:Exact,none; server owns swing cadence
547,9.054276,0.016912,Tick,live-sample,true,0xF13000000604A27B,,server,,unchecked,unchecked,none,12.296586,-2.9564736,-2.9564736,0,Stand,4.003417,,,,0->0:Exact,none; server owns swing cadence
548,9.070938,0.016661,Tick,live-sample,true,0xF13000000604A27B,,server,,unchecked,unchecked,none,12.296586,-2.9564736,-2.9564736,0,Stand,4.020078,,,,0->0:Exact,none; server owns swing cadence
549,9.087478,0.016540,Tick,live-sample,true,0xF13000000604A27B,,server,,unchecked,unchecked,none,12.296586,-2.9564736,-2.9564736,0,Stand,4.036618,,,,0->0:Exact,none; server owns swing cadence
550,9.104245,0.016767,Tick,live-sample,true,0xF13000000604A27B,,server,,unchecked,unchecked,none,12.296586,-2.9564736,-2.9564736,0,Stand,4.0533857,,,,0->0:Exact,none; server owns swing cadence
551,9.120693,0.016448,Tick,live-sample,true,0xF13000000604A27B,,server,,unchecked,unchecked,none,12.296586,-2.9564736,-2.9564736,0,Stand,4.0698338,,,,0->0:Exact,none; server owns swing cadence
552,9.137333,0.016640,Tick,live-sample,true,0xF13000000604A27B,,server,,unchecked,unchecked,none,12.296586,-2.9564736,-2.9564736,0,Stand,4.086474,,,,0->0:Exact,none; server owns swing cadence
553,9.154251,0.016918,Tick,live-sample,true,0xF13000000604A27B,,server,,unchecked,unchecked,none,12.296586,-2.9564736,-2.9564736,0,Stand,4.103392,,,,0->0:Exact,none; server owns swing cadence
554,9.171885,0.017634,Tick,live-sample,true,0xF13000000604A27B,,server,,unchecked,unchecked,none,12.296586,-2.9564736,-2.9564736,0,Stand,4.1210265,,,,0->0:Exact,none; server owns swing cadence
555,9.187416,0.015531,Tick,live-sample,true,0xF13000000604A27B,,server,,unchecked,unchecked,none,12.296586,-2.9564736,-2.9564736,0,Stand,4.1365576,,,,0->0:Exact,none; server owns swing cadence
556,9.204020,0.016603,Tick,live-sample,true,0xF13000000604A27B,,server,,unchecked,unchecked,none,12.296586,-2.9564736,-2.9564736,0,Stand,4.153161,,,,0->0:Exact,none; server owns swing cadence
557,9.220988,0.016968,Tick,live-sample,true,0xF13000000604A27B,,server,,unchecked,unchecked,none,12.296586,-2.9564736,-2.9564736,0,Stand,4.1701293,,,,0->0:Exact,none; server owns swing cadence
558,9.237537,0.016549,Tick,live-sample,true,0xF13000000604A27B,,server,,unchecked,unchecked,none,12.296586,-2.9564736,-2.9564736,0,Stand,4.1866784,,,,0->0:Exact,none; server owns swing cadence
559,9.254484,0.016947,Tick,live-sample,true,0xF13000000604A27B,,server,,unchecked,unchecked,none,12.296586,-2.9564736,-2.9564736,0,Stand,4.203625,,,,0->0:Exact,none; server owns swing cadence
560,9.271079,0.016595,Tick,live-sample,true,0xF13000000604A27B,,server,,unchecked,unchecked,none,12.296586,-2.9564736,-2.9564736,0,Stand,4.2202206,,,,0->0:Exact,none; server owns swing cadence
561,9.287750,0.016671,Tick,live-sample,true,0xF13000000604A27B,,server,,unchecked,unchecked,none,12.296586,-2.9564736,-2.9564736,0,Stand,4.2368913,,,,0->0:Exact,none; server owns swing cadence
562,9.304775,0.017025,Tick,live-sample,true,0xF13000000604A27B,,server,,unchecked,unchecked,none,12.296586,-2.9564736,-2.9564736,0,Stand,4.253916,,,,0->0:Exact,none; server owns swing cadence
563,9.320894,0.016119,Tick,live-sample,true,0xF13000000604A27B,,server,,unchecked,unchecked,none,12.296586,-2.9564736,-2.9564736,0,Stand,4.270035,,,,0->0:Exact,none; server owns swing cadence
564,9.337668,0.016775,Tick,live-sample,true,0xF13000000604A27B,,server,,unchecked,unchecked,none,12.296586,-2.9564736,-2.9564736,0,Stand,4.2868094,,,,0->0:Exact,none; server owns swing cadence
565,9.354287,0.016618,Tick,live-sample,true,0xF13000000604A27B,,server,,unchecked,unchecked,none,12.296586,-2.9564736,-2.9564736,0,Stand,4.3034277,,,,0->0:Exact,none; server owns swing cadence
566,9.370926,0.016639,Tick,live-sample,true,0xF13000000604A27B,,server,,unchecked,unchecked,none,12.296586,-2.9564736,-2.9564736,0,Stand,4.320067,,,,0->0:Exact,none; server owns swing cadence
567,9.387546,0.016620,Tick,live-sample,true,0xF13000000604A27B,,server,,unchecked,unchecked,none,12.296586,-2.9564736,-2.9564736,0,Stand,4.3366866,,,,0->0:Exact,none; server owns swing cadence
568,9.404784,0.017238,Tick,live-sample,true,0xF13000000604A27B,,server,,unchecked,unchecked,none,12.296586,-2.9564736,-2.9564736,0,Stand,4.353925,,,,0->0:Exact,none; server owns swing cadence
569,9.421351,0.016567,Tick,live-sample,true,0xF13000000604A27B,,server,,unchecked,unchecked,none,12.296586,-2.9564736,-2.9564736,0,Stand,4.370492,,,,0->0:Exact,none; server owns swing cadence
570,9.437648,0.016297,Tick,live-sample,true,0xF13000000604A27B,,server,,unchecked,unchecked,none,12.296586,-2.9564736,-2.9564736,0,Stand,4.386789,,,,0->0:Exact,none; server owns swing cadence
571,9.454606,0.016959,Tick,live-sample,true,0xF13000000604A27B,,server,,unchecked,unchecked,none,12.296586,-2.9564736,-2.9564736,0,Stand,4.4037476,,,,0->0:Exact,none; server owns swing cadence
572,9.471951,0.017345,Tick,live-sample,true,0xF13000000604A27B,,server,,unchecked,unchecked,none,12.296586,-2.9564736,-2.9564736,0,Stand,4.421092,,,,0->0:Exact,none; server owns swing cadence
573,9.488075,0.016124,Tick,live-sample,true,0xF13000000604A27B,,server,,unchecked,unchecked,none,12.296586,-2.9564736,-2.9564736,0,Stand,4.4372168,,,,0->0:Exact,none; server owns swing cadence
574,9.504444,0.016369,Tick,live-sample,true,0xF13000000604A27B,,server,,unchecked,unchecked,none,12.296586,-2.9564736,-2.9564736,0,Stand,4.4535856,,,,0->0:Exact,none; server owns swing cadence
575,9.521095,0.016651,Tick,live-sample,true,0xF13000000604A27B,,server,,unchecked,unchecked,none,12.296586,-2.9564736,-2.9564736,0,Stand,4.4702363,,,,0->0:Exact,none; server owns swing cadence
576,9.537799,0.016704,Tick,live-sample,true,0xF13000000604A27B,,server,,unchecked,unchecked,none,12.296586,-2.9564736,-2.9564736,0,Stand,4.48694,,,,0->0:Exact,none; server owns swing cadence
577,9.554475,0.016676,Tick,live-sample,true,0xF13000000604A27B,,server,,unchecked,unchecked,none,12.296586,-2.9564736,-2.9564736,0,Stand,4.503616,,,,0->0:Exact,none; server owns swing cadence
578,9.571651,0.017176,Tick,live-sample,true,0xF13000000604A27B,,server,,unchecked,unchecked,none,12.296586,-2.9564736,-2.9564736,0,Stand,4.5207915,,,,0->0:Exact,none; server owns swing cadence
579,9.587771,0.016120,Tick,live-sample,true,0xF13000000604A27B,,server,,unchecked,unchecked,none,12.296586,-2.9564736,-2.9564736,0,Stand,4.536912,,,,0->0:Exact,none; server owns swing cadence
580,9.605195,0.017424,Tick,live-sample,true,0xF13000000604A27B,,server,,unchecked,unchecked,none,12.296586,-2.9564736,-2.9564736,0,Stand,4.5543356,,,,0->0:Exact,none; server owns swing cadence
581,9.621189,0.015994,Tick,live-sample,true,0xF13000000604A27B,,server,,unchecked,unchecked,none,12.296586,-2.9564736,-2.9564736,0,Stand,4.570329,,,,0->0:Exact,none; server owns swing cadence
582,9.637965,0.016776,Tick,live-sample,true,0xF13000000604A27B,,server,,unchecked,unchecked,none,12.256756,-2.957679,-2.957679,0,Stand,4.5871058,,,,0->0:Exact,none; server owns swing cadence
583,9.654470,0.016505,Tick,live-sample,true,0xF13000000604A27B,,server,,unchecked,unchecked,none,12.219735,-2.958813,-2.958813,0,Stand,4.6036105,,,,0->0:Exact,none; server owns swing cadence
584,9.671118,0.016648,Tick,live-sample,true,0xF13000000604A27B,,server,,unchecked,unchecked,none,12.1789875,-2.960051,-2.960051,0,Stand,4.620259,,,,0->0:Exact,none; server owns swing cadence
585,9.687869,0.016751,Tick,live-sample,true,0xF13000000604A27B,,server,,unchecked,unchecked,none,12.141999,-2.9611995,-2.9611995,0,Stand,4.63701,,,,0->0:Exact,none; server owns swing cadence
586,9.704592,0.016723,Tick,live-sample,true,0xF13000000604A27B,,server,,unchecked,unchecked,none,12.10224,-2.9624357,-2.9624357,0,Stand,4.6537333,,,,0->0:Exact,none; server owns swing cadence
587,9.721198,0.016605,Tick,live-sample,true,0xF13000000604A27B,,server,,unchecked,unchecked,none,12.062499,-2.96368,-2.96368,0,Stand,4.6703386,,,,0->0:Exact,none; server owns swing cadence
588,9.738269,0.017072,Tick,live-sample,true,0xF13000000604A27B,,server,,unchecked,unchecked,none,12.022777,-2.9649327,-2.9649327,0,Stand,4.6874104,,,,0->0:Exact,none; server owns swing cadence
589,9.754708,0.016438,Tick,live-sample,true,0xF13000000604A27B,,server,,unchecked,unchecked,none,11.984905,-2.9661295,-2.9661295,0,Stand,4.703849,,,,0->0:Exact,none; server owns swing cadence
590,9.771623,0.016915,Tick,live-sample,true,0xF13000000604A27B,,server,,unchecked,unchecked,none,11.945221,-2.9673984,-2.9673984,0,Stand,4.7207637,,,,0->0:Exact,none; server owns swing cadence
591,9.787936,0.016313,Tick,live-sample,true,0xF13000000604A27B,,server,,unchecked,unchecked,none,11.905555,-2.9686756,-2.9686756,0,Stand,4.7370768,,,,0->0:Exact,none; server owns swing cadence
592,9.804587,0.016651,Tick,live-sample,true,0xF13000000604A27B,,server,,unchecked,unchecked,none,11.86869,-2.9698772,-2.9698772,0,Stand,4.753728,,,,0->0:Exact,none; server owns swing cadence
593,9.821308,0.016721,Tick,live-sample,true,0xF13000000604A27B,,server,,unchecked,unchecked,none,11.8290615,-2.9711714,-2.9711714,0,Stand,4.7704487,,,,0->0:Exact,none; server owns swing cadence
594,9.838032,0.016724,Tick,live-sample,true,0xF13000000604A27B,,server,,unchecked,unchecked,none,11.789457,-2.972475,-2.972475,0,Stand,4.787173,,,,0->0:Exact,none; server owns swing cadence
595,9.854750,0.016718,Tick,live-sample,true,0xF13000000604A27B,,server,,unchecked,unchecked,none,11.751693,-2.9737186,-2.9737186,0,Stand,4.803891,,,,0->0:Exact,none; server owns swing cadence
596,9.872708,0.017958,Tick,live-sample,true,0xF13000000604A27B,,server,,unchecked,unchecked,none,11.710302,-2.9751067,-2.9751067,0,Stand,4.8218493,,,,0->0:Exact,none; server owns swing cadence
597,9.887958,0.015249,Tick,live-sample,true,0xF13000000604A27B,,server,,unchecked,unchecked,none,11.672577,-2.9763672,-2.9763672,0,Stand,4.8370986,,,,0->0:Exact,none; server owns swing cadence
598,9.904678,0.016720,Tick,live-sample,true,0xF13000000604A27B,,server,,unchecked,unchecked,none,11.635822,-2.9776173,-2.9776173,0,Stand,4.853819,,,,0->0:Exact,none; server owns swing cadence
599,9.921366,0.016688,Tick,live-sample,true,0xF13000000604A27B,,server,,unchecked,unchecked,none,11.596315,-2.9789636,-2.9789636,0,Stand,4.8705072,,,,0->0:Exact,none; server owns swing cadence
600,9.937952,0.016586,Tick,live-sample,true,0xF13000000604A27B,,server,,unchecked,unchecked,none,11.556832,-2.9803205,-2.9803205,0,Stand,4.887093,,,,0->0:Exact,none; server owns swing cadence
601,9.954972,0.017020,Tick,live-sample,true,0xF13000000604A27B,,server,,unchecked,unchecked,none,11.517367,-2.9816852,-2.9816852,0,Stand,4.904113,,,,0->0:Exact,none; server owns swing cadence
602,9.971333,0.016361,Tick,live-sample,true,0xF13000000604A27B,,server,,unchecked,unchecked,none,11.47974,-2.9829884,-2.9829884,0,Stand,4.920474,,,,0->0:Exact,none; server owns swing cadence
603,9.988029,0.016695,Tick,live-sample,true,0xF13000000604A27B,,server,,unchecked,unchecked,none,11.440318,-2.9843717,-2.9843717,0,Stand,4.9371696,,,,0->0:Exact,none; server owns swing cadence
604,10.004840,0.016811,Tick,live-sample,true,0xF13000000604A27B,,server,,unchecked,unchecked,none,11.403682,-2.985673,-2.985673,0,Stand,4.953981,,,,0->0:Exact,none; server owns swing cadence
605,10.021564,0.016724,Tick,live-sample,true,0xF13000000604A27B,,server,,unchecked,unchecked,none,11.3643055,-2.987076,-2.987076,0,Stand,4.9707046,,,,0->0:Exact,none; server owns swing cadence
606,10.038201,0.016638,Tick,live-sample,true,0xF13000000604A27B,,server,,unchecked,unchecked,none,11.324948,-2.9884875,-2.9884875,0,Stand,4.9873424,,,,0->0:Exact,none; server owns swing cadence
607,10.055156,0.016954,Tick,live-sample,true,0xF13000000604A27B,,server,,unchecked,unchecked,none,11.285614,-2.9899087,-2.9899087,0,Stand,5.004297,,,,0->0:Exact,none; server owns swing cadence
608,10.071651,0.016495,Tick,live-sample,true,0xF13000000604A27B,,server,,unchecked,unchecked,none,11.248112,-2.9912663,-2.9912663,0,Stand,5.020792,,,,0->0:Exact,none; server owns swing cadence
609,10.071651,0.000000,AttackStopSend,network-session-send,true,0x0000000000000000,CMSG_ATTACKSTOP,server,,unchecked,unchecked,none,-1,,,0,Stand,5.020792,,,,0->0:Exact,CMSG_ATTACKSTOP
610,10.071651,0.000000,IntentOff,user-cancel,true,0xF13000000604A27B,,server,,unchecked,unchecked,none,11.248112,-2.9912663,-2.9912663,0,Stand,5.020792,,,,0->0:Exact,local attack latch edge
