row,t,dt,event,cause,intentOn,targetGuid,opcode,swingTimerOwner,weaponSpeedMs,rangeEligibility,arcEligibility,clientAction,distance,bearingDelta,facingDelta,clipId,clipName,clipTime,clipB,clipBTime,blendWeight,animChoice,detail
0,0.000000,0.000000,TraceStart,operator,false,0x0000000000000000,,server,,unchecked,unchecked,none,-1,,,0,Stand,2.0863183,,,,0->0:Exact,server-authoritative swing timing; client range/arc gates absent
1,0.000000,0.000000,AttackSwingSend,network-session-send,false,0xF13000007A00F286,CMSG_ATTACKSWING,server,,unchecked,unchecked,none,94.47624,-4.326977,-4.326977,0,Stand,2.101701,,,,0->0:Exact,CMSG_ATTACKSWING
2,0.000000,0.000000,IntentOn,user-start,true,0xF13000007A00F286,,server,,unchecked,unchecked,none,94.47624,-4.326977,-4.326977,0,Stand,2.101701,,,,0->0:Exact,local attack latch edge
3,0.016713,0.016713,Tick,live-sample,true,0xF13000007A00F286,,server,,unchecked,unchecked,none,94.45021,-4.3266454,-4.3266454,0,Stand,2.1184137,,,,0->0:Exact,none; server owns swing cadence
4,0.016713,0.000000,AttackStartReceive,server,true,0xF13000007A00F286,SMSG_ATTACKSTART,server,,unchecked,unchecked,none,94.45021,-4.3266454,-4.3266454,0,Stand,2.1184137,,,,0->0:Exact,attacker=0x0000000000000001
5,0.016713,0.000000,AnimChoice,animator,true,0xF13000007A00F286,,server,,unchecked,unchecked,none,94.42618,-4.326327,-4.326327,0,Stand,2.1184137,,,,26->26:Exact,track=0 requested=26 played=26 kind=Exact base=0:Stand clipB= blendWeight=0
6,0.033351,0.016639,Tick,live-sample,true,0xF13000007A00F286,,server,,unchecked,unchecked,none,94.42618,-4.326327,-4.326327,26,Ready1H,0.0166385,Stand,2.1350522,0.03418237,26->26:Exact,none; server owns swing cadence
7,0.049870,0.016518,Tick,live-sample,true,0xF13000007A00F286,,server,,unchecked,unchecked,none,94.400764,-4.325987,-4.325987,26,Ready1H,0.033157,Stand,2.1515708,0.12498355,26->26:Exact,none; server owns swing cadence
8,0.066797,0.016928,Tick,live-sample,true,0xF13000007A00F286,,server,,unchecked,unchecked,none,94.37527,-4.3256464,-4.3256464,26,Ready1H,0.0500846,Stand,2.1684985,0.2600116,26->26:Exact,none; server owns swing cadence
9,0.083291,0.016494,Tick,live-sample,true,0xF13000007A00F286,,server,,unchecked,unchecked,none,94.35127,-4.325327,-4.325327,26,Ready1H,0.0665783,Stand,2.1849923,0.41613698,26->26:Exact,none; server owns swing cadence
10,0.100595,0.017304,Tick,live-sample,true,0xF13000007A00F286,,server,,unchecked,unchecked,none,94.3239,-4.324974,-4.324974,26,Ready1H,0.083882496,Stand,2.2022965,0.5884098,26->26:Exact,none; server owns swing cadence
11,0.116733,0.016138,Tick,live-sample,true,0xF13000007A00F286,,server,,unchecked,unchecked,none,94.29993,-4.3246546,-4.3246546,26,Ready1H,0.100020595,Stand,2.2184346,0.7409239,26->26:Exact,none; server owns swing cadence
12,0.133538,0.016805,Tick,live-sample,true,0xF13000007A00F286,,server,,unchecked,unchecked,none,94.27457,-4.324314,-4.324314,26,Ready1H,0.11682549,Stand,2.2352395,0.874896,26->26:Exact,none; server owns swing cadence
13,0.149922,0.016384,Tick,live-sample,true,0xF13000007A00F286,,server,,unchecked,unchecked,none,94.25061,-4.323994,-4.323994,26,Ready1H,0.13320939,Stand,2.2516234,0.96521527,26->26:Exact,none; server owns swing cadence
14,0.166874,0.016952,Tick,live-sample,true,0xF13000007A00F286,,server,,unchecked,unchecked,none,94.225174,-4.3236523,-4.3236523,26,Ready1H,0.15016139,,,,26->26:Exact,none; server owns swing cadence
15,0.183600,0.016726,Tick,live-sample,true,0xF13000007A00F286,,server,,unchecked,unchecked,none,94.19935,-4.32332,-4.32332,26,Ready1H,0.16688739,,,,26->26:Exact,none; server owns swing cadence
16,0.200314,0.016714,Tick,live-sample,true,0xF13000007A00F286,,server,,unchecked,unchecked,none,94.17542,-4.3229995,-4.3229995,26,Ready1H,0.18360089,,,,26->26:Exact,none; server owns swing cadence
17,0.216735,0.016422,Tick,live-sample,true,0xF13000007A00F286,,server,,unchecked,unchecked,none,94.15002,-4.3226576,-4.3226576,26,Ready1H,0.20002238,,,,26->26:Exact,none; server owns swing cadence
18,0.233789,0.017054,Tick,live-sample,true,0xF13000007A00F286,,server,,unchecked,unchecked,none,94.124725,-4.3223157,-4.3223157,26,Ready1H,0.21707678,,,,26->26:Exact,none; server owns swing cadence
19,0.250107,0.016318,Tick,live-sample,true,0xF13000007A00F286,,server,,unchecked,unchecked,none,94.10083,-4.321995,-4.321995,26,Ready1H,0.23339438,,,,26->26:Exact,none; server owns swing cadence
20,0.267314,0.017207,Tick,live-sample,true,0xF13000007A00F286,,server,,unchecked,unchecked,none,94.07495,-4.321661,-4.321661,26,Ready1H,0.25060147,,,,26->26:Exact,none; server owns swing cadence
21,0.283386,0.016071,Tick,live-sample,true,0xF13000007A00F286,,server,,unchecked,unchecked,none,94.05108,-4.3213396,-4.3213396,26,Ready1H,0.26667288,,,,26->26:Exact,none; server owns swing cadence
22,0.300145,0.016760,Tick,live-sample,true,0xF13000007A00F286,,server,,unchecked,unchecked,none,94.025826,-4.320997,-4.320997,26,Ready1H,0.28343287,,,,26->26:Exact,none; server owns swing cadence
23,0.317173,0.017027,Tick,live-sample,true,0xF13000007A00F286,,server,,unchecked,unchecked,none,94.00049,-4.320654,-4.320654,26,Ready1H,0.30046007,,,,26->26:Exact,none; server owns swing cadence
24,0.333542,0.016369,Tick,live-sample,true,0xF13000007A00F286,,server,,unchecked,unchecked,none,93.97526,-4.320311,-4.320311,26,Ready1H,0.31682917,,,,26->26:Exact,none; server owns swing cadence
25,0.350300,0.016758,Tick,live-sample,true,0xF13000007A00F286,,server,,unchecked,unchecked,none,93.95142,-4.319989,-4.319989,26,Ready1H,0.33358708,,,,26->26:Exact,none; server owns swing cadence
26,0.367196,0.016896,Tick,live-sample,true,0xF13000007A00F286,,server,,unchecked,unchecked,none,93.92561,-4.319654,-4.319654,26,Ready1H,0.3504834,,,,26->26:Exact,none; server owns swing cadence
27,0.383764,0.016568,Tick,live-sample,true,0xF13000007A00F286,,server,,unchecked,unchecked,none,93.90041,-4.3193107,-4.3193107,26,Ready1H,0.36705118,,,,26->26:Exact,none; server owns swing cadence
28,0.400544,0.016780,Tick,live-sample,true,0xF13000007A00F286,,server,,unchecked,unchecked,none,93.87524,-4.3189673,-4.3189673,26,Ready1H,0.3838316,,,,26->26:Exact,none; server owns swing cadence
29,0.417173,0.016629,Tick,live-sample,true,0xF13000007A00F286,,server,,unchecked,unchecked,none,93.85133,-4.3186436,-4.3186436,26,Ready1H,0.4004604,,,,26->26:Exact,none; server owns swing cadence
30,0.433885,0.016712,Tick,live-sample,true,0xF13000007A00F286,,server,,unchecked,unchecked,none,93.82567,-4.318309,-4.318309,26,Ready1H,0.41717288,,,,26->26:Exact,none; server owns swing cadence
31,0.450603,0.016718,Tick,live-sample,true,0xF13000007A00F286,,server,,unchecked,unchecked,none,93.800514,-4.3179646,-4.3179646,26,Ready1H,0.4338908,,,,26->26:Exact,none; server owns swing cadence
32,0.467245,0.016642,Tick,live-sample,true,0xF13000007A00F286,,server,,unchecked,unchecked,none,93.77676,-4.3176417,-4.3176417,26,Ready1H,0.45053267,,,,26->26:Exact,none; server owns swing cadence
33,0.484884,0.017638,Tick,live-sample,true,0xF13000007A00F286,,server,,unchecked,unchecked,none,93.750145,-4.3172755,-4.3172755,26,Ready1H,0.46817088,,,,26->26:Exact,none; server owns swing cadence
34,0.500329,0.015445,Tick,live-sample,true,0xF13000007A00F286,,server,,unchecked,unchecked,none,93.727776,-4.3169727,-4.3169727,26,Ready1H,0.48361608,,,,26->26:Exact,none; server owns swing cadence
35,0.517118,0.016790,Tick,live-sample,true,0xF13000007A00F286,,server,,unchecked,unchecked,none,93.70216,-4.316637,-4.316637,26,Ready1H,0.50040567,,,,26->26:Exact,none; server owns swing cadence
36,0.533934,0.016815,Tick,live-sample,true,0xF13000007A00F286,,server,,unchecked,unchecked,none,93.67696,-4.3162913,-4.3162913,26,Ready1H,0.51722085,,,,26->26:Exact,none; server owns swing cadence
37,0.550531,0.016597,Tick,live-sample,true,0xF13000007A00F286,,server,,unchecked,unchecked,none,93.65188,-4.315946,-4.315946,26,Ready1H,0.53381824,,,,26->26:Exact,none; server owns swing cadence
38,0.567137,0.016606,Tick,live-sample,true,0xF13000007A00F286,,server,,unchecked,unchecked,none,93.628174,-4.315622,-4.315622,26,Ready1H,0.55042446,,,,26->26:Exact,none; server owns swing cadence
39,0.583680,0.016543,Tick,live-sample,true,0xF13000007A00F286,,server,,unchecked,unchecked,none,93.603004,-4.3152757,-4.3152757,26,Ready1H,0.56696767,,,,26->26:Exact,none; server owns swing cadence
40,0.600885,0.017204,Tick,live-sample,true,0xF13000007A00F286,,server,,unchecked,unchecked,none,93.595436,-4.315178,-4.315178,26,Ready1H,0.58417195,,,,26->26:Exact,none; server owns swing cadence
41,0.617601,0.016716,Tick,live-sample,true,0xF13000007A00F286,,server,,unchecked,unchecked,none,93.595436,-4.315178,-4.315178,26,Ready1H,0.6008881,,,,26->26:Exact,none; server owns swing cadence
42,0.634058,0.016457,Tick,live-sample,true,0xF13000007A00F286,,server,,unchecked,unchecked,none,93.595436,-4.315178,-4.315178,26,Ready1H,0.61734515,,,,26->26:Exact,none; server owns swing cadence
43,0.650794,0.016736,Tick,live-sample,true,0xF13000007A00F286,,server,,unchecked,unchecked,none,93.595436,-4.315178,-4.315178,26,Ready1H,0.63408095,,,,26->26:Exact,none; server owns swing cadence
44,0.667535,0.016741,Tick,live-sample,true,0xF13000007A00F286,,server,,unchecked,unchecked,none,93.595436,-4.315178,-4.315178,26,Ready1H,0.6508219,,,,26->26:Exact,none; server owns swing cadence
45,0.684169,0.016634,Tick,live-sample,true,0xF13000007A00F286,,server,,unchecked,unchecked,none,93.63276,-4.31531,-4.31531,26,Ready1H,0.66745615,,,,26->26:Exact,none; server owns swing cadence
46,0.700580,0.016412,Tick,live-sample,true,0xF13000007A00F286,,server,,unchecked,unchecked,none,93.67257,-4.315446,-4.315446,26,Ready1H,0.68386775,,,,26->26:Exact,none; server owns swing cadence
47,0.717303,0.016722,Tick,live-sample,true,0xF13000007A00F286,,server,,unchecked,unchecked,none,93.7099,-4.3155785,-4.3155785,26,Ready1H,0.7005901,,,,26->26:Exact,none; server owns swing cadence
48,0.733995,0.016692,Tick,live-sample,true,0xF13000007A00F286,,server,,unchecked,unchecked,none,93.749825,-4.315715,-4.315715,26,Ready1H,0.71728235,,,,26->26:Exact,none; server owns swing cadence
49,0.750804,0.016809,Tick,live-sample,true,0xF13000007A00F286,,server,,unchecked,unchecked,none,93.78915,-4.3158593,-4.3158593,26,Ready1H,0.73409164,,,,26->26:Exact,none; server owns swing cadence
50,0.767562,0.016758,Tick,live-sample,true,0xF13000007A00F286,,server,,unchecked,unchecked,none,93.82907,-4.3159957,-4.3159957,26,Ready1H,0.7508494,,,,26->26:Exact,none; server owns swing cadence
51,0.783984,0.016422,Tick,live-sample,true,0xF13000007A00F286,,server,,unchecked,unchecked,none,93.86641,-4.3161273,-4.3161273,26,Ready1H,0.7672711,,,,26->26:Exact,none; server owns swing cadence
52,0.800835,0.016851,Tick,live-sample,true,0xF13000007A00F286,,server,,unchecked,unchecked,none,93.906235,-4.3162627,-4.3162627,26,Ready1H,0.7841221,,,,26->26:Exact,none; server owns swing cadence
53,0.817459,0.016624,Tick,live-sample,true,0xF13000007A00F286,,server,,unchecked,unchecked,none,93.94357,-4.316394,-4.316394,26,Ready1H,0.8007459,,,,26->26:Exact,none; server owns swing cadence
54,0.834057,0.016599,Tick,live-sample,true,0xF13000007A00F286,,server,,unchecked,unchecked,none,93.983505,-4.3165298,-4.3165298,26,Ready1H,0.8173445,,,,26->26:Exact,none; server owns swing cadence
55,0.850618,0.016561,Tick,live-sample,true,0xF13000007A00F286,,server,,unchecked,unchecked,none,94.022835,-4.3166738,-4.3166738,26,Ready1H,0.833905,,,,26->26:Exact,none; server owns swing cadence
56,0.867405,0.016788,Tick,live-sample,true,0xF13000007A00F286,,server,,unchecked,unchecked,none,94.06017,-4.316805,-4.316805,26,Ready1H,0.8506926,,,,26->26:Exact,none; server owns swing cadence
57,0.884167,0.016761,Tick,live-sample,true,0xF13000007A00F286,,server,,unchecked,unchecked,none,94.10012,-4.3169403,-4.3169403,26,Ready1H,0.867454,,,,26->26:Exact,none; server owns swing cadence
58,0.900834,0.016667,Tick,live-sample,true,0xF13000007A00F286,,server,,unchecked,unchecked,none,94.13995,-4.317075,-4.317075,26,Ready1H,0.8841209,,,,26->26:Exact,none; server owns swing cadence
59,0.917272,0.016438,Tick,live-sample,true,0xF13000007A00F286,,server,,unchecked,unchecked,none,94.1773,-4.3172054,-4.3172054,26,Ready1H,0.900559,,,,26->26:Exact,none; server owns swing cadence
60,0.934355,0.017083,Tick,live-sample,true,0xF13000007A00F286,,server,,unchecked,unchecked,none,94.21725,-4.317341,-4.317341,26,Ready1H,0.9176419,,,,26->26:Exact,none; server owns swing cadence
61,0.950915,0.016560,Tick,live-sample,true,0xF13000007A00F286,,server,,unchecked,unchecked,none,94.256584,-4.317484,-4.317484,26,Ready1H,0.9342019,,,,26->26:Exact,none; server owns swing cadence
62,0.967461,0.016546,Tick,live-sample,true,0xF13000007A00F286,,server,,unchecked,unchecked,none,94.29444,-4.3176055,-4.3176055,26,Ready1H,0.9507479,,,,26->26:Exact,none; server owns swing cadence
63,0.983929,0.016469,Tick,live-sample,true,0xF13000007A00F286,,server,,unchecked,unchecked,none,94.333786,-4.3177485,-4.3177485,26,Ready1H,0.9672168,,,,26->26:Exact,none; server owns swing cadence
64,1.001024,0.017094,Tick,live-sample,true,0xF13000007A00F286,,server,,unchecked,unchecked,none,94.37374,-4.3178835,-4.3178835,26,Ready1H,0.98431116,,,,26->26:Exact,none; server owns swing cadence
65,1.017861,0.016837,Tick,live-sample,true,0xF13000007A00F286,,server,,unchecked,unchecked,none,94.41358,-4.318017,-4.318017,26,Ready1H,1.0011482,,,,26->26:Exact,none; server owns swing cadence
66,1.034319,0.016458,Tick,live-sample,true,0xF13000007A00F286,,server,,unchecked,unchecked,none,94.45095,-4.318147,-4.318147,26,Ready1H,1.0176061,,,,26->26:Exact,none; server owns swing cadence
67,1.050941,0.016622,Tick,live-sample,true,0xF13000007A00F286,,server,,unchecked,unchecked,none,94.4904,-4.3182907,-4.3182907,26,Ready1H,1.0342283,,,,26->26:Exact,none; server owns swing cadence
68,1.067727,0.016786,Tick,live-sample,true,0xF13000007A00F286,,server,,unchecked,unchecked,none,94.53025,-4.318424,-4.318424,26,Ready1H,1.0510148,,,,26->26:Exact,none; server owns swing cadence
69,1.085280,0.017553,Tick,live-sample,true,0xF13000007A00F286,,server,,unchecked,unchecked,none,94.57021,-4.318558,-4.318558,26,Ready1H,1.0685678,,,,26->26:Exact,none; server owns swing cadence
70,1.100976,0.015695,Tick,live-sample,true,0xF13000007A00F286,,server,,unchecked,unchecked,none,94.607574,-4.3186874,-4.3186874,26,Ready1H,1.0842632,,,,26->26:Exact,none; server owns swing cadence
71,1.117616,0.016640,Tick,live-sample,true,0xF13000007A00F286,,server,,unchecked,unchecked,none,94.64744,-4.318821,-4.318821,26,Ready1H,1.1009037,,,,26->26:Exact,none; server owns swing cadence
72,1.134441,0.016825,Tick,live-sample,true,0xF13000007A00F286,,server,,unchecked,unchecked,none,94.68481,-4.31895,-4.31895,26,Ready1H,1.1177288,,,,26->26:Exact,none; server owns swing cadence
73,1.150973,0.016531,Tick,live-sample,true,0xF13000007A00F286,,server,,unchecked,unchecked,none,94.72427,-4.3190928,-4.3190928,26,Ready1H,1.1342602,,,,26->26:Exact,none; server owns swing cadence
74,1.168150,0.017177,Tick,live-sample,true,0xF13000007A00F286,,server,,unchecked,unchecked,none,94.76414,-4.319226,-4.319226,26,Ready1H,1.1514375,,,,26->26:Exact,none; server owns swing cadence
75,1.184418,0.016268,Tick,live-sample,true,0xF13000007A00F286,,server,,unchecked,unchecked,none,94.80151,-4.3193545,-4.3193545,26,Ready1H,1.1677052,,,,26->26:Exact,none; server owns swing cadence
76,1.201242,0.016824,Tick,live-sample,true,0xF13000007A00F286,,server,,unchecked,unchecked,none,94.841484,-4.319488,-4.319488,26,Ready1H,1.1845291,,,,26->26:Exact,none; server owns swing cadence
77,1.217621,0.016380,Tick,live-sample,true,0xF13000007A00F286,,server,,unchecked,unchecked,none,94.881355,-4.3196206,-4.3196206,26,Ready1H,1.2009088,,,,26->26:Exact,none; server owns swing cadence
78,1.234487,0.016866,Tick,live-sample,true,0xF13000007A00F286,,server,,unchecked,unchecked,none,94.91874,-4.3197494,-4.3197494,26,Ready1H,1.2177749,,,,26->26:Exact,none; server owns swing cadence
79,1.251015,0.016528,Tick,live-sample,true,0xF13000007A00F286,,server,,unchecked,unchecked,none,94.95871,-4.3198824,-4.3198824,26,Ready1H,1.2343029,,,,26->26:Exact,none; server owns swing cadence
80,1.267778,0.016762,Tick,live-sample,true,0xF13000007A00F286,,server,,unchecked,unchecked,none,94.998085,-4.3200235,-4.3200235,26,Ready1H,1.251065,,,,26->26:Exact,none; server owns swing cadence
81,1.284278,0.016500,Tick,live-sample,true,0xF13000007A00F286,,server,,unchecked,unchecked,none,95.03547,-4.320152,-4.320152,26,Ready1H,1.2675654,,,,26->26:Exact,none; server owns swing cadence
82,1.301129,0.016851,Tick,live-sample,true,0xF13000007A00F286,,server,,unchecked,unchecked,none,95.075455,-4.3202844,-4.3202844,26,Ready1H,1.284416,,,,26->26:Exact,none; server owns swing cadence
83,1.317644,0.016515,Tick,live-sample,true,0xF13000007A00F286,,server,,unchecked,unchecked,none,95.115326,-4.3204165,-4.3204165,26,Ready1H,1.3009311,,,,26->26:Exact,none; server owns swing cadence
84,1.334455,0.016811,Tick,live-sample,true,0xF13000007A00F286,,server,,unchecked,unchecked,none,95.15272,-4.3205442,-4.3205442,26,Ready1H,1.3177425,,,,26->26:Exact,none; server owns swing cadence
85,1.351260,0.016805,Tick,live-sample,true,0xF13000007A00F286,,server,,unchecked,unchecked,none,95.192604,-4.3206763,-4.3206763,26,Ready1H,1.3345475,,,,26->26:Exact,none; server owns swing cadence
86,1.368068,0.016808,Tick,live-sample,true,0xF13000007A00F286,,server,,unchecked,unchecked,none,95.232086,-4.320817,-4.320817,26,Ready1H,1.3513551,,,,26->26:Exact,none; server owns swing cadence
87,1.384552,0.016485,Tick,live-sample,true,0xF13000007A00F286,,server,,unchecked,unchecked,none,95.27198,-4.3209486,-4.3209486,26,Ready1H,1.3678396,,,,26->26:Exact,none; server owns swing cadence
88,1.401080,0.016528,Tick,live-sample,true,0xF13000007A00F286,,server,,unchecked,unchecked,none,95.30937,-4.3210764,-4.3210764,26,Ready1H,1.3843676,,,,26->26:Exact,none; server owns swing cadence
89,1.417790,0.016710,Tick,live-sample,true,0xF13000007A00F286,,server,,unchecked,unchecked,none,95.349365,-4.3212085,-4.3212085,26,Ready1H,1.4010777,,,,26->26:Exact,none; server owns swing cadence
90,1.434443,0.016653,Tick,live-sample,true,0xF13000007A00F286,,server,,unchecked,unchecked,none,95.386765,-4.321336,-4.321336,26,Ready1H,1.4177302,,,,26->26:Exact,none; server owns swing cadence
91,1.451201,0.016758,Tick,live-sample,true,0xF13000007A00F286,,server,,unchecked,unchecked,none,95.42666,-4.321467,-4.321467,26,Ready1H,1.4344887,,,,26->26:Exact,none; server owns swing cadence
92,1.468306,0.017104,Tick,live-sample,true,0xF13000007A00F286,,server,,unchecked,unchecked,none,95.466156,-4.321607,-4.321607,26,Ready1H,1.4515928,,,,26->26:Exact,none; server owns swing cadence
93,1.484811,0.016505,Tick,live-sample,true,0xF13000007A00F286,,server,,unchecked,unchecked,none,95.50605,-4.3217382,-4.3217382,26,Ready1H,1.4680978,,,,26->26:Exact,none; server owns swing cadence
94,1.501229,0.016418,Tick,live-sample,true,0xF13000007A00F286,,server,,unchecked,unchecked,none,95.54346,-4.321865,-4.321865,26,Ready1H,1.484516,,,,26->26:Exact,none; server owns swing cadence
95,1.517837,0.016608,Tick,live-sample,true,0xF13000007A00F286,,server,,unchecked,unchecked,none,95.583466,-4.321996,-4.321996,26,Ready1H,1.5011241,,,,26->26:Exact,none; server owns swing cadence
96,1.534484,0.016647,Tick,live-sample,true,0xF13000007A00F286,,server,,unchecked,unchecked,none,95.62087,-4.322123,-4.322123,26,Ready1H,1.5177708,,,,26->26:Exact,none; server owns swing cadence
97,1.551218,0.016735,Tick,live-sample,true,0xF13000007A00F286,,server,,unchecked,unchecked,none,95.660774,-4.3222537,-4.3222537,26,Ready1H,1.5345056,,,,26->26:Exact,none; server owns swing cadence
98,1.568061,0.016842,Tick,live-sample,true,0xF13000007A00F286,,server,,unchecked,unchecked,none,95.70028,-4.3223934,-4.3223934,26,Ready1H,1.5513479,,,,26->26:Exact,none; server owns swing cadence
99,1.585781,0.017721,Tick,live-sample,true,0xF13000007A00F286,,server,,unchecked,unchecked,none,95.74278,-4.322528,-4.322528,26,Ready1H,1.5690686,,,,26->26:Exact,none; server owns swing cadence
100,1.601464,0.015682,Tick,live-sample,true,0xF13000007A00F286,,server,,unchecked,unchecked,none,95.7776,-4.32265,-4.32265,26,Ready1H,1.5847508,,,,26->26:Exact,none; server owns swing cadence
101,1.617949,0.016485,Tick,live-sample,true,0xF13000007A00F286,,server,,unchecked,unchecked,none,95.81762,-4.3227806,-4.3227806,26,Ready1H,1.6012361,,,,26->26:Exact,none; server owns swing cadence
102,1.634987,0.017038,Tick,live-sample,true,0xF13000007A00F286,,server,,unchecked,unchecked,none,95.85752,-4.3229103,-4.3229103,26,Ready1H,1.6182745,,,,26->26:Exact,none; server owns swing cadence
103,1.651782,0.016794,Tick,live-sample,true,0xF13000007A00F286,,server,,unchecked,unchecked,none,95.89704,-4.3230495,-4.3230495,26,Ready1H,1.6350689,,,,26->26:Exact,none; server owns swing cadence
104,1.668076,0.016295,Tick,live-sample,true,0xF13000007A00F286,,server,,unchecked,unchecked,none,95.93446,-4.3231754,-4.3231754,26,Ready1H,1.6513635,,,,26->26:Exact,none; server owns swing cadence
105,1.684627,0.016551,Tick,live-sample,true,0xF13000007A00F286,,server,,unchecked,unchecked,none,95.97438,-4.323305,-4.323305,26,Ready1H,1.6679142,,,,26->26:Exact,none; server owns swing cadence
106,1.701376,0.016749,Tick,live-sample,true,0xF13000007A00F286,,server,,unchecked,unchecked,none,96.0118,-4.323431,-4.323431,26,Ready1H,1.6846637,,,,26->26:Exact,none; server owns swing cadence
107,1.717974,0.016597,Tick,live-sample,true,0xF13000007A00F286,,server,,unchecked,unchecked,none,96.05173,-4.32356,-4.32356,26,Ready1H,1.7012609,,,,26->26:Exact,none; server owns swing cadence
108,1.734762,0.016789,Tick,live-sample,true,0xF13000007A00F286,,server,,unchecked,unchecked,none,96.09175,-4.32369,-4.32369,26,Ready1H,1.7180495,,,,26->26:Exact,none; server owns swing cadence
109,1.751427,0.016664,Tick,live-sample,true,0xF13000007A00F286,,server,,unchecked,unchecked,none,96.12917,-4.3238153,-4.3238153,26,Ready1H,1.734714,,,,26->26:Exact,none; server owns swing cadence
110,1.768158,0.016731,Tick,live-sample,true,0xF13000007A00F286,,server,,unchecked,unchecked,none,96.1686,-4.323953,-4.323953,26,Ready1H,1.7514453,,,,26->26:Exact,none; server owns swing cadence
111,1.784720,0.016562,Tick,live-sample,true,0xF13000007A00F286,,server,,unchecked,unchecked,none,96.20863,-4.324083,-4.324083,26,Ready1H,1.768007,,,,26->26:Exact,none; server owns swing cadence
112,1.801683,0.016963,Tick,live-sample,true,0xF13000007A00F286,,server,,unchecked,unchecked,none,96.24856,-4.3242116,-4.3242116,26,Ready1H,1.7849697,,,,26->26:Exact,none; server owns swing cadence
113,1.818169,0.016487,Tick,live-sample,true,0xF13000007A00F286,,server,,unchecked,unchecked,none,96.28599,-4.3243365,-4.3243365,26,Ready1H,1.8014565,,,,26->26:Exact,none; server owns swing cadence
114,1.834900,0.016731,Tick,live-sample,true,0xF13000007A00F286,,server,,unchecked,unchecked,none,96.32603,-4.3244658,-4.3244658,26,Ready1H,1.8181875,,,,26->26:Exact,none; server owns swing cadence
115,1.851442,0.016541,Tick,live-sample,true,0xF13000007A00F286,,server,,unchecked,unchecked,none,96.363464,-4.3245907,-4.3245907,26,Ready1H,1.8347288,,,,26->26:Exact,none; server owns swing cadence
116,1.868567,0.017126,Tick,live-sample,true,0xF13000007A00F286,,server,,unchecked,unchecked,none,96.405495,-4.324732,-4.324732,26,Ready1H,1.8518543,,,,26->26:Exact,none; server owns swing cadence
117,1.884913,0.016346,Tick,live-sample,true,0xF13000007A00F286,,server,,unchecked,unchecked,none,96.44294,-4.3248568,-4.3248568,26,Ready1H,1.8682,,,,26->26:Exact,none; server owns swing cadence
118,1.901445,0.016532,Tick,live-sample,true,0xF13000007A00F286,,server,,unchecked,unchecked,none,96.480385,-4.3249817,-4.3249817,26,Ready1H,1.8847317,,,,26->26:Exact,none; server owns swing cadence
119,1.918071,0.016626,Tick,live-sample,true,0xF13000007A00F286,,server,,unchecked,unchecked,none,96.520325,-4.3251095,-4.3251095,26,Ready1H,1.9013577,,,,26->26:Exact,none; server owns swing cadence
120,1.934747,0.016676,Tick,live-sample,true,0xF13000007A00F286,,server,,unchecked,unchecked,none,96.56036,-4.325238,-4.325238,26,Ready1H,1.9180337,,,,26->26:Exact,none; server owns swing cadence
121,1.951383,0.016636,Tick,live-sample,true,0xF13000007A00F286,,server,,unchecked,unchecked,none,96.59782,-4.325362,-4.325362,26,Ready1H,1.9346699,,,,26->26:Exact,none; server owns swing cadence
122,1.968122,0.016739,Tick,live-sample,true,0xF13000007A00F286,,server,,unchecked,unchecked,none,96.63726,-4.3254986,-4.3254986,26,Ready1H,1.9514087,,,,26->26:Exact,none; server owns swing cadence
123,1.984758,0.016636,Tick,live-sample,true,0xF13000007A00F286,,server,,unchecked,unchecked,none,96.67731,-4.3256273,-4.3256273,26,Ready1H,1.9680451,,,,26->26:Exact,none; server owns swing cadence
124,2.001575,0.016817,Tick,live-sample,true,0xF13000007A00F286,,server,,unchecked,unchecked,none,96.717255,-4.3257546,-4.3257546,26,Ready1H,1.9848619,,,,26->26:Exact,none; server owns swing cadence
125,2.018339,0.016764,Tick,live-sample,true,0xF13000007A00F286,,server,,unchecked,unchecked,none,96.75471,-4.3258786,-4.3258786,26,Ready1H,2.0016263,,,,26->26:Exact,none; server owns swing cadence
126,2.035008,0.016669,Tick,live-sample,true,0xF13000007A00F286,,server,,unchecked,unchecked,none,96.79476,-4.3260064,-4.3260064,26,Ready1H,2.018295,,,,26->26:Exact,none; server owns swing cadence
127,2.051936,0.016928,Tick,live-sample,true,0xF13000007A00F286,,server,,unchecked,unchecked,none,96.83421,-4.3261423,-4.3261423,26,Ready1H,2.0352232,,,,26->26:Exact,none; server owns swing cadence
128,2.069109,0.017173,Tick,live-sample,true,0xF13000007A00F286,,server,,unchecked,unchecked,none,96.874275,-4.32627,-4.32627,26,Ready1H,2.052396,,,,26->26:Exact,none; server owns swing cadence
129,2.085656,0.016547,Tick,live-sample,true,0xF13000007A00F286,,server,,unchecked,unchecked,none,96.91422,-4.326397,-4.326397,26,Ready1H,2.0689433,,,,26->26:Exact,none; server owns swing cadence
130,2.101682,0.016026,Tick,live-sample,true,0xF13000007A00F286,,server,,unchecked,unchecked,none,96.95169,-4.3265204,-4.3265204,26,Ready1H,2.084969,,,,26->26:Exact,none; server owns swing cadence
131,2.118265,0.016583,Tick,live-sample,true,0xF13000007A00F286,,server,,unchecked,unchecked,none,96.98915,-4.326644,-4.326644,26,Ready1H,2.1015518,,,,26->26:Exact,none; server owns swing cadence
132,2.135033,0.016769,Tick,live-sample,true,0xF13000007A00F286,,server,,unchecked,unchecked,none,97.02911,-4.3267703,-4.3267703,26,Ready1H,2.1183205,,,,26->26:Exact,none; server owns swing cadence
133,2.151579,0.016546,Tick,live-sample,true,0xF13000007A00F286,,server,,unchecked,unchecked,none,97.06868,-4.326906,-4.326906,26,Ready1H,2.1348665,,,,26->26:Exact,none; server owns swing cadence
134,2.168445,0.016866,Tick,live-sample,true,0xF13000007A00F286,,server,,unchecked,unchecked,none,97.10664,-4.3270206,-4.3270206,26,Ready1H,2.1517322,,,,26->26:Exact,none; server owns swing cadence
135,2.186270,0.017825,Tick,live-sample,true,0xF13000007A00F286,,server,,unchecked,unchecked,none,97.148705,-4.32716,-4.32716,26,Ready1H,2.1695569,,,,26->26:Exact,none; server owns swing cadence
136,2.201853,0.015584,Tick,live-sample,true,0xF13000007A00F286,,server,,unchecked,unchecked,none,97.18618,-4.327283,-4.327283,26,Ready1H,2.1851404,,,,26->26:Exact,none; server owns swing cadence
137,2.218778,0.016925,Tick,live-sample,true,0xF13000007A00F286,,server,,unchecked,unchecked,none,97.22614,-4.327409,-4.327409,26,Ready1H,2.2020652,,,,26->26:Exact,none; server owns swing cadence
138,2.235217,0.016439,Tick,live-sample,true,0xF13000007A00F286,,server,,unchecked,unchecked,none,97.26362,-4.3275313,-4.3275313,26,Ready1H,2.2185044,,,,26->26:Exact,none; server owns swing cadence
139,2.252082,0.016865,Tick,live-sample,true,0xF13000007A00F286,,server,,unchecked,unchecked,none,97.3032,-4.3276668,-4.3276668,26,Ready1H,2.235369,,,,26->26:Exact,none; server owns swing cadence
140,2.269013,0.016931,Tick,live-sample,true,0xF13000007A00F286,,server,,unchecked,unchecked,none,97.34317,-4.3277926,-4.3277926,26,Ready1H,2.2523,,,,26->26:Exact,none; server owns swing cadence
141,2.285217,0.016204,Tick,live-sample,true,0xF13000007A00F286,,server,,unchecked,unchecked,none,97.380646,-4.327915,-4.327915,26,Ready1H,2.2685044,,,,26->26:Exact,none; server owns swing cadence
142,2.301900,0.016683,Tick,live-sample,true,0xF13000007A00F286,,server,,unchecked,unchecked,none,97.42072,-4.328041,-4.328041,26,Ready1H,2.285187,,,,26->26:Exact,none; server owns swing cadence
143,2.318599,0.016699,Tick,live-sample,true,0xF13000007A00F286,,server,,unchecked,unchecked,none,97.4607,-4.328167,-4.328167,26,Ready1H,2.3018863,,,,26->26:Exact,none; server owns swing cadence
144,2.335595,0.016995,Tick,live-sample,true,0xF13000007A00F286,,server,,unchecked,unchecked,none,97.50008,-4.3283005,-4.3283005,26,Ready1H,2.3188815,,,,26->26:Exact,none; server owns swing cadence
145,2.352081,0.016487,Tick,live-sample,true,0xF13000007A00F286,,server,,unchecked,unchecked,none,97.53753,-4.32841,-4.32841,26,Ready1H,2.3353682,,,,26->26:Exact,none; server owns swing cadence
146,2.368741,0.016659,Tick,live-sample,true,0xF13000007A00F286,,server,,unchecked,unchecked,none,97.57709,-4.328533,-4.328533,26,Ready1H,2.3520277,,,,26->26:Exact,none; server owns swing cadence
147,2.385179,0.016438,Tick,live-sample,true,0xF13000007A00F286,,server,,unchecked,unchecked,none,97.61455,-4.328643,-4.328643,26,Ready1H,2.3684657,,,,26->26:Exact,none; server owns swing cadence
148,2.402116,0.016938,Tick,live-sample,true,0xF13000007A00F286,,server,,unchecked,unchecked,none,97.65401,-4.328765,-4.328765,26,Ready1H,2.3854032,,,,26->26:Exact,none; server owns swing cadence
149,2.418510,0.016394,Tick,live-sample,true,0xF13000007A00F286,,server,,unchecked,unchecked,none,97.69406,-4.328879,-4.328879,26,Ready1H,2.4017968,,,,26->26:Exact,none; server owns swing cadence
150,2.435321,0.016811,Tick,live-sample,true,0xF13000007A00F286,,server,,unchecked,unchecked,none,97.731026,-4.328997,-4.328997,26,Ready1H,2.418608,,,,26->26:Exact,none; server owns swing cadence
151,2.452080,0.016759,Tick,live-sample,true,0xF13000007A00F286,,server,,unchecked,unchecked,none,97.77098,-4.32911,-4.32911,26,Ready1H,2.4353666,,,,26->26:Exact,none; server owns swing cadence
152,2.468713,0.016633,Tick,live-sample,true,0xF13000007A00F286,,server,,unchecked,unchecked,none,97.81045,-4.3292313,-4.3292313,26,Ready1H,2.4519994,,,,26->26:Exact,none; server owns swing cadence
153,2.485250,0.016537,Tick,live-sample,true,0xF13000007A00F286,,server,,unchecked,unchecked,none,97.84742,-4.3293495,-4.3293495,26,Ready1H,2.4685366,,,,26->26:Exact,none; server owns swing cadence
154,2.501960,0.016710,Tick,live-sample,true,0xF13000007A00F286,,server,,unchecked,unchecked,none,97.88748,-4.329463,-4.329463,26,Ready1H,2.485247,,,,26->26:Exact,none; server owns swing cadence
155,2.518859,0.016899,Tick,live-sample,true,0xF13000007A00F286,,server,,unchecked,unchecked,none,97.92695,-4.329584,-4.329584,26,Ready1H,2.5021462,,,,26->26:Exact,none; server owns swing cadence
156,2.535475,0.016615,Tick,live-sample,true,0xF13000007A00F286,,server,,unchecked,unchecked,none,97.96442,-4.3296933,-4.3296933,26,Ready1H,2.5187616,,,,26->26:Exact,none; server owns swing cadence
157,2.552022,0.016547,Tick,live-sample,true,0xF13000007A00F286,,server,,unchecked,unchecked,none,98.00399,-4.329815,-4.329815,26,Ready1H,2.5353088,,,,26->26:Exact,none; server owns swing cadence
158,2.568816,0.016794,Tick,live-sample,true,0xF13000007A00F286,,server,,unchecked,unchecked,none,98.043465,-4.329936,-4.329936,26,Ready1H,2.5521026,,,,26->26:Exact,none; server owns swing cadence
159,2.585475,0.016659,Tick,live-sample,true,0xF13000007A00F286,,server,,unchecked,unchecked,none,98.08093,-4.3300447,-4.3300447,26,Ready1H,2.5687613,,,,26->26:Exact,none; server owns swing cadence
160,2.602195,0.016720,Tick,live-sample,true,0xF13000007A00F286,,server,,unchecked,unchecked,none,98.12041,-4.3301654,-4.3301654,26,Ready1H,2.5854816,,,,26->26:Exact,none; server owns swing cadence
161,2.618847,0.016652,Tick,live-sample,true,0xF13000007A00F286,,server,,unchecked,unchecked,none,98.15999,-4.330287,-4.330287,26,Ready1H,2.6021338,,,,26->26:Exact,none; server owns swing cadence
162,2.635433,0.016586,Tick,live-sample,true,0xF13000007A00F286,,server,,unchecked,unchecked,none,98.197464,-4.3303957,-4.3303957,26,Ready1H,2.6187196,,,,26->26:Exact,none; server owns swing cadence
163,2.652180,0.016748,Tick,live-sample,true,0xF13000007A00F286,,server,,unchecked,unchecked,none,98.23694,-4.330516,-4.330516,26,Ready1H,2.6354673,,,,26->26:Exact,none; server owns swing cadence
164,2.669075,0.016895,Tick,live-sample,true,0xF13000007A00F286,,server,,unchecked,unchecked,none,98.27653,-4.330637,-4.330637,26,Ready1H,2.652362,,,,26->26:Exact,none; server owns swing cadence
165,2.686507,0.017432,Tick,live-sample,true,0xF13000007A00F286,,server,,unchecked,unchecked,none,98.3165,-4.3307486,-4.3307486,26,Ready1H,2.6697943,,,,26->26:Exact,none; server owns swing cadence
166,2.702280,0.015773,Tick,live-sample,true,0xF13000007A00F286,,server,,unchecked,unchecked,none,98.353485,-4.3308654,-4.3308654,26,Ready1H,2.6855671,,,,26->26:Exact,none; server owns swing cadence
167,2.718785,0.016505,Tick,live-sample,true,0xF13000007A00F286,,server,,unchecked,unchecked,none,98.39346,-4.330977,-4.330977,26,Ready1H,2.7020721,,,,26->26:Exact,none; server owns swing cadence
168,2.735576,0.016791,Tick,live-sample,true,0xF13000007A00F286,,server,,unchecked,unchecked,none,98.43305,-4.3310976,-4.3310976,26,Ready1H,2.7188635,,,,26->26:Exact,none; server owns swing cadence
169,2.752209,0.016632,Tick,live-sample,true,0xF13000007A00F286,,server,,unchecked,unchecked,none,98.47054,-4.3312054,-4.3312054,26,Ready1H,2.7354956,,,,26->26:Exact,none; server owns swing cadence
170,2.768863,0.016655,Tick,live-sample,true,0xF13000007A00F286,,server,,unchecked,unchecked,none,98.47964,-4.331237,-4.331237,26,Ready1H,2.75215,,,,26->26:Exact,none; server owns swing cadence
171,2.785541,0.016678,Tick,live-sample,true,0xF13000007A00F286,,server,,unchecked,unchecked,none,98.47964,-4.331237,-4.331237,26,Ready1H,2.7688277,,,,26->26:Exact,none; server owns swing cadence
172,2.802250,0.016709,Tick,live-sample,true,0xF13000007A00F286,,server,,unchecked,unchecked,none,98.47964,-4.331237,-4.331237,26,Ready1H,2.7855368,,,,26->26:Exact,none; server owns swing cadence
173,2.819224,0.016974,Tick,live-sample,true,0xF13000007A00F286,,server,,unchecked,unchecked,none,98.47964,-4.331237,-4.331237,26,Ready1H,2.8025105,,,,26->26:Exact,none; server owns swing cadence
174,2.835613,0.016390,Tick,live-sample,true,0xF13000007A00F286,,server,,unchecked,unchecked,none,98.47964,-4.331237,-4.331237,26,Ready1H,2.8189,,,,26->26:Exact,none; server owns swing cadence
175,2.852221,0.016608,Tick,live-sample,true,0xF13000007A00F286,,server,,unchecked,unchecked,none,98.47964,-4.331237,-4.331237,26,Ready1H,2.8355079,,,,26->26:Exact,none; server owns swing cadence
176,2.869252,0.017031,Tick,live-sample,true,0xF13000007A00F286,,server,,unchecked,unchecked,none,98.47964,-4.331237,-4.331237,26,Ready1H,2.8525386,,,,26->26:Exact,none; server owns swing cadence
177,2.885735,0.016483,Tick,live-sample,true,0xF13000007A00F286,,server,,unchecked,unchecked,none,98.47964,-4.331237,-4.331237,26,Ready1H,2.8690217,,,,26->26:Exact,none; server owns swing cadence
178,2.902398,0.016664,Tick,live-sample,true,0xF13000007A00F286,,server,,unchecked,unchecked,none,98.47964,-4.331237,-4.331237,26,Ready1H,2.8856854,,,,26->26:Exact,none; server owns swing cadence
179,2.919009,0.016610,Tick,live-sample,true,0xF13000007A00F286,,server,,unchecked,unchecked,none,98.47964,-4.331237,-4.331237,26,Ready1H,2.9022958,,,,26->26:Exact,none; server owns swing cadence
180,2.935727,0.016719,Tick,live-sample,true,0xF13000007A00F286,,server,,unchecked,unchecked,none,98.438385,-4.3311524,-4.3311524,26,Ready1H,2.9190145,,,,26->26:Exact,none; server owns swing cadence
181,2.952250,0.016522,Tick,live-sample,true,0xF13000007A00F286,,server,,unchecked,unchecked,none,98.399635,-4.3310714,-4.3310714,26,Ready1H,2.9355369,,,,26->26:Exact,none; server owns swing cadence
182,2.969092,0.016842,Tick,live-sample,true,0xF13000007A00F286,,server,,unchecked,unchecked,none,98.35828,-4.330986,-4.330986,26,Ready1H,2.9523787,,,,26->26:Exact,none; server owns swing cadence
183,2.985554,0.016462,Tick,live-sample,true,0xF13000007A00F286,,server,,unchecked,unchecked,none,98.31753,-4.330893,-4.330893,26,Ready1H,2.9688408,,,,26->26:Exact,none; server owns swing cadence
184,3.002399,0.016845,Tick,live-sample,true,0xF13000007A00F286,,server,,unchecked,unchecked,none,98.27878,-4.3308115,-4.3308115,26,Ready1H,2.9856863,,,,26->26:Exact,none; server owns swing cadence
185,3.019024,0.016625,Tick,live-sample,true,0xF13000007A00F286,,server,,unchecked,unchecked,none,98.237526,-4.3307266,-4.3307266,26,Ready1H,3.0023115,,,,26->26:Exact,none; server owns swing cadence
186,3.035631,0.016607,Tick,live-sample,true,0xF13000007A00F286,,server,,unchecked,unchecked,none,98.196175,-4.3306413,-4.3306413,26,Ready1H,3.0189185,,,,26->26:Exact,none; server owns swing cadence
187,3.052312,0.016681,Tick,live-sample,true,0xF13000007A00F286,,server,,unchecked,unchecked,none,98.15743,-4.3305597,-4.3305597,26,Ready1H,3.0355992,,,,26->26:Exact,none; server owns swing cadence
188,3.069293,0.016981,Tick,live-sample,true,0xF13000007A00F286,,server,,unchecked,unchecked,none,98.11618,-4.330475,-4.330475,26,Ready1H,3.0525804,,,,26->26:Exact,none; server owns swing cadence
189,3.085965,0.016672,Tick,live-sample,true,0xF13000007A00F286,,server,,unchecked,unchecked,none,98.07543,-4.3303814,-4.3303814,26,Ready1H,3.0692523,,,,26->26:Exact,none; server owns swing cadence
190,3.102400,0.016435,Tick,live-sample,true,0xF13000007A00F286,,server,,unchecked,unchecked,none,98.03669,-4.3302994,-4.3302994,26,Ready1H,3.0856872,,,,26->26:Exact,none; server owns swing cadence
191,3.119142,0.016742,Tick,live-sample,true,0xF13000007A00F286,,server,,unchecked,unchecked,none,97.99534,-4.3302135,-4.3302135,26,Ready1H,3.1024292,,,,26->26:Exact,none; server owns swing cadence
192,3.135877,0.016735,Tick,live-sample,true,0xF13000007A00F286,,server,,unchecked,unchecked,none,97.9541,-4.3301287,-4.3301287,26,Ready1H,3.119164,,,,26->26:Exact,none; server owns swing cadence
193,3.152597,0.016720,Tick,live-sample,true,0xF13000007A00F286,,server,,unchecked,unchecked,none,97.91286,-4.3300433,-4.3300433,26,Ready1H,3.1358843,,,,26->26:Exact,none; server owns swing cadence
194,3.169600,0.017003,Tick,live-sample,true,0xF13000007A00F286,,server,,unchecked,unchecked,none,97.87162,-4.329958,-4.329958,26,Ready1H,3.1528873,,,,26->26:Exact,none; server owns swing cadence
195,3.185851,0.016251,Tick,live-sample,true,0xF13000007A00F286,,server,,unchecked,unchecked,none,97.83288,-4.329876,-4.329876,26,Ready1H,3.1691387,,,,26->26:Exact,none; server owns swing cadence
196,3.202700,0.016849,Tick,live-sample,true,0xF13000007A00F286,,server,,unchecked,unchecked,none,97.79202,-4.329781,-4.329781,26,Ready1H,3.1859875,,,,26->26:Exact,none; server owns swing cadence
197,3.219370,0.016670,Tick,live-sample,true,0xF13000007A00F286,,server,,unchecked,unchecked,none,97.75328,-4.3296986,-4.3296986,26,Ready1H,3.2026572,,,,26->26:Exact,none; server owns swing cadence
198,3.236120,0.016750,Tick,live-sample,true,0xF13000007A00F286,,server,,unchecked,unchecked,none,97.71205,-4.329613,-4.329613,26,Ready1H,3.219407,,,,26->26:Exact,none; server owns swing cadence
199,3.252677,0.016557,Tick,live-sample,true,0xF13000007A00F286,,server,,unchecked,unchecked,none,97.670815,-4.3295274,-4.3295274,26,Ready1H,3.2359645,,,,26->26:Exact,none; server owns swing cadence
200,3.269355,0.016678,Tick,live-sample,true,0xF13000007A00F286,,server,,unchecked,unchecked,none,97.63207,-4.329445,-4.329445,26,Ready1H,3.2526426,,,,26->26:Exact,none; server owns swing cadence
201,3.287158,0.017802,Tick,live-sample,true,0xF13000007A00F286,,server,,unchecked,unchecked,none,97.58873,-4.3293467,-4.3293467,26,Ready1H,3.2704449,,,,26->26:Exact,none; server owns swing cadence
202,3.302540,0.015383,Tick,live-sample,true,0xF13000007A00F286,,server,,unchecked,unchecked,none,97.549995,-4.3292637,-4.3292637,26,Ready1H,3.2858274,,,,26->26:Exact,none; server owns swing cadence
203,3.319148,0.016608,Tick,live-sample,true,0xF13000007A00F286,,server,,unchecked,unchecked,none,97.51125,-4.329181,-4.329181,26,Ready1H,3.3024356,,,,26->26:Exact,none; server owns swing cadence
204,3.336164,0.017015,Tick,live-sample,true,0xF13000007A00F286,,server,,unchecked,unchecked,none,97.470024,-4.3290954,-4.3290954,26,Ready1H,3.3194509,,,,26->26:Exact,none; server owns swing cadence
205,3.352795,0.016632,Tick,live-sample,true,0xF13000007A00F286,,server,,unchecked,unchecked,none,97.42869,-4.3290086,-4.3290086,26,Ready1H,3.3360825,,,,26->26:Exact,none; server owns swing cadence
206,3.369566,0.016770,Tick,live-sample,true,0xF13000007A00F286,,server,,unchecked,unchecked,none,97.38746,-4.3289223,-4.3289223,26,Ready1H,3.3528528,,,,26->26:Exact,none; server owns swing cadence
207,3.386192,0.016626,Tick,live-sample,true,0xF13000007A00F286,,server,,unchecked,unchecked,none,97.34872,-4.3288393,-4.3288393,26,Ready1H,3.369479,,,,26->26:Exact,none; server owns swing cadence
208,3.402616,0.016424,Tick,live-sample,true,0xF13000007A00F286,,server,,unchecked,unchecked,none,97.30798,-4.3287444,-4.3287444,26,Ready1H,3.3859034,,,,26->26:Exact,none; server owns swing cadence
209,3.419389,0.016773,Tick,live-sample,true,0xF13000007A00F286,,server,,unchecked,unchecked,none,97.26925,-4.328661,-4.328661,26,Ready1H,3.4026763,,,,26->26:Exact,none; server owns swing cadence
210,3.436068,0.016678,Tick,live-sample,true,0xF13000007A00F286,,server,,unchecked,unchecked,none,97.22791,-4.328574,-4.328574,26,Ready1H,3.4193547,,,,26->26:Exact,none; server owns swing cadence
211,3.453002,0.016935,Tick,live-sample,true,0xF13000007A00F286,,server,,unchecked,unchecked,none,97.18668,-4.3284874,-4.3284874,26,Ready1H,3.4362895,,,,26->26:Exact,none; server owns swing cadence
212,3.469554,0.016552,Tick,live-sample,true,0xF13000007A00F286,,server,,unchecked,unchecked,none,97.14546,-4.3284006,-4.3284006,26,Ready1H,3.452841,,,,26->26:Exact,none; server owns swing cadence
213,3.485924,0.016370,Tick,live-sample,true,0xF13000007A00F286,,server,,unchecked,unchecked,none,97.10673,-4.3283176,-4.3283176,26,Ready1H,3.4692113,,,,26->26:Exact,none; server owns swing cadence
214,3.502871,0.016947,Tick,live-sample,true,0xF13000007A00F286,,server,,unchecked,unchecked,none,97.065506,-4.328231,-4.328231,26,Ready1H,3.4861581,,,,26->26:Exact,none; server owns swing cadence
215,3.519513,0.016642,Tick,live-sample,true,0xF13000007A00F286,,server,,unchecked,unchecked,none,97.02467,-4.3281345,-4.3281345,26,Ready1H,3.5028002,,,,26->26:Exact,none; server owns swing cadence
216,3.536076,0.016563,Tick,live-sample,true,0xF13000007A00F286,,server,,unchecked,unchecked,none,96.98595,-4.328051,-4.328051,26,Ready1H,3.5193636,,,,26->26:Exact,none; server owns swing cadence
217,3.552874,0.016797,Tick,live-sample,true,0xF13000007A00F286,,server,,unchecked,unchecked,none,96.944725,-4.327964,-4.327964,26,Ready1H,3.536161,,,,26->26:Exact,none; server owns swing cadence
218,3.570033,0.017159,Tick,live-sample,true,0xF13000007A00F286,,server,,unchecked,unchecked,none,96.903496,-4.327877,-4.327877,26,Ready1H,3.5533204,,,,26->26:Exact,none; server owns swing cadence
219,3.586325,0.016291,Tick,live-sample,true,0xF13000007A00F286,,server,,unchecked,unchecked,none,96.86477,-4.327793,-4.327793,26,Ready1H,3.5696118,,,,26->26:Exact,none; server owns swing cadence
220,3.602975,0.016651,Tick,live-sample,true,0xF13000007A00F286,,server,,unchecked,unchecked,none,96.82344,-4.3277054,-4.3277054,26,Ready1H,3.5862625,,,,26->26:Exact,none; server owns swing cadence
221,3.619667,0.016691,Tick,live-sample,true,0xF13000007A00F286,,server,,unchecked,unchecked,none,96.78272,-4.327609,-4.327609,26,Ready1H,3.6029537,,,,26->26:Exact,none; server owns swing cadence
222,3.636205,0.016538,Tick,live-sample,true,0xF13000007A00F286,,server,,unchecked,unchecked,none,96.743996,-4.327525,-4.327525,26,Ready1H,3.6194918,,,,26->26:Exact,none; server owns swing cadence
223,3.653042,0.016837,Tick,live-sample,true,0xF13000007A00F286,,server,,unchecked,unchecked,none,96.70278,-4.327438,-4.327438,26,Ready1H,3.636329,,,,26->26:Exact,none; server owns swing cadence
224,3.670211,0.017169,Tick,live-sample,true,0xF13000007A00F286,,server,,unchecked,unchecked,none,96.66146,-4.3273497,-4.3273497,26,Ready1H,3.6534984,,,,26->26:Exact,none; server owns swing cadence
225,3.686255,0.016043,Tick,live-sample,true,0xF13000007A00F286,,server,,unchecked,unchecked,none,96.622734,-4.3272653,-4.3272653,26,Ready1H,3.6695416,,,,26->26:Exact,none; server owns swing cadence
226,3.703285,0.017031,Tick,live-sample,true,0xF13000007A00F286,,server,,unchecked,unchecked,none,96.58151,-4.3271775,-4.3271775,26,Ready1H,3.6865723,,,,26->26:Exact,none; server owns swing cadence
227,3.719585,0.016300,Tick,live-sample,true,0xF13000007A00F286,,server,,unchecked,unchecked,none,96.5403,-4.32709,-4.32709,26,Ready1H,3.7028723,,,,26->26:Exact,none; server owns swing cadence
228,3.736436,0.016850,Tick,live-sample,true,0xF13000007A00F286,,server,,unchecked,unchecked,none,96.50208,-4.326997,-4.326997,26,Ready1H,3.7197227,,,,26->26:Exact,none; server owns swing cadence
229,3.753190,0.016755,Tick,live-sample,true,0xF13000007A00F286,,server,,unchecked,unchecked,none,96.460754,-4.326908,-4.326908,26,Ready1H,3.7364776,,,,26->26:Exact,none; server owns swing cadence
230,3.769766,0.016575,Tick,live-sample,true,0xF13000007A00F286,,server,,unchecked,unchecked,none,96.41955,-4.3268204,-4.3268204,26,Ready1H,3.7530527,,,,26->26:Exact,none; server owns swing cadence
231,3.787199,0.017433,Tick,live-sample,true,0xF13000007A00F286,,server,,unchecked,unchecked,none,96.378334,-4.326732,-4.326732,26,Ready1H,3.770486,,,,26->26:Exact,none; server owns swing cadence
232,3.802964,0.015765,Tick,live-sample,true,0xF13000007A00F286,,server,,unchecked,unchecked,none,96.339615,-4.3266478,-4.3266478,26,Ready1H,3.786251,,,,26->26:Exact,none; server owns swing cadence
233,3.819898,0.016934,Tick,live-sample,true,0xF13000007A00F286,,server,,unchecked,unchecked,none,96.29841,-4.326559,-4.326559,26,Ready1H,3.8031855,,,,26->26:Exact,none; server owns swing cadence
234,3.836430,0.016532,Tick,live-sample,true,0xF13000007A00F286,,server,,unchecked,unchecked,none,96.25958,-4.326474,-4.326474,26,Ready1H,3.8197174,,,,26->26:Exact,none; server owns swing cadence
235,3.853323,0.016892,Tick,live-sample,true,0xF13000007A00F286,,server,,unchecked,unchecked,none,96.21887,-4.326377,-4.326377,26,Ready1H,3.8366098,,,,26->26:Exact,none; server owns swing cadence
236,3.870396,0.017073,Tick,live-sample,true,0xF13000007A00F286,,server,,unchecked,unchecked,none,96.17766,-4.326288,-4.326288,26,Ready1H,3.8536832,,,,26->26:Exact,none; server owns swing cadence
237,3.886422,0.016026,Tick,live-sample,true,0xF13000007A00F286,,server,,unchecked,unchecked,none,96.13895,-4.3262033,-4.3262033,26,Ready1H,3.869709,,,,26->26:Exact,none; server owns swing cadence
238,3.903170,0.016748,Tick,live-sample,true,0xF13000007A00F286,,server,,unchecked,unchecked,none,96.09774,-4.3261147,-4.3261147,26,Ready1H,3.8864574,,,,26->26:Exact,none; server owns swing cadence
239,3.919728,0.016557,Tick,live-sample,true,0xF13000007A00F286,,server,,unchecked,unchecked,none,96.05643,-4.3260255,-4.3260255,26,Ready1H,3.903015,,,,26->26:Exact,none; server owns swing cadence
240,3.936376,0.016648,Tick,live-sample,true,0xF13000007A00F286,,server,,unchecked,unchecked,none,96.017715,-4.32594,-4.32594,26,Ready1H,3.9196632,,,,26->26:Exact,none; server owns swing cadence
241,3.953098,0.016722,Tick,live-sample,true,0xF13000007A00F286,,server,,unchecked,unchecked,none,95.977005,-4.325843,-4.325843,26,Ready1H,3.9363847,,,,26->26:Exact,none; server owns swing cadence
242,3.970182,0.017084,Tick,live-sample,true,0xF13000007A00F286,,server,,unchecked,unchecked,none,95.93581,-4.3257537,-4.3257537,26,Ready1H,3.9534693,,,,26->26:Exact,none; server owns swing cadence
243,3.986469,0.016287,Tick,live-sample,true,0xF13000007A00F286,,server,,unchecked,unchecked,none,95.897095,-4.3256683,-4.3256683,26,Ready1H,3.9697564,,,,26->26:Exact,none; server owns swing cadence
244,4.003245,0.016775,Tick,live-sample,true,0xF13000007A00F286,,server,,unchecked,unchecked,none,95.85579,-4.3255787,-4.3255787,26,Ready1H,3.9865317,,,,26->26:Exact,none; server owns swing cadence
245,4.019769,0.016524,Tick,live-sample,true,0xF13000007A00F286,,server,,unchecked,unchecked,none,95.81458,-4.3254895,-4.3254895,26,Ready1H,4.003056,,,,26->26:Exact,none; server owns swing cadence
246,4.036612,0.016843,Tick,live-sample,true,0xF13000007A00F286,,server,,unchecked,unchecked,none,95.773384,-4.3254004,-4.3254004,26,Ready1H,4.0198994,,,,26->26:Exact,none; server owns swing cadence
247,4.053113,0.016501,Tick,live-sample,true,0xF13000007A00F286,,server,,unchecked,unchecked,none,95.73468,-4.3253145,-4.3253145,26,Ready1H,4.0364,,,,26->26:Exact,none; server owns swing cadence
248,4.069859,0.016747,Tick,live-sample,true,0xF13000007A00F286,,server,,unchecked,unchecked,none,95.69387,-4.325216,-4.325216,26,Ready1H,4.0531464,,,,26->26:Exact,none; server owns swing cadence
249,4.086561,0.016701,Tick,live-sample,true,0xF13000007A00F286,,server,,unchecked,unchecked,none,95.65267,-4.325126,-4.325126,26,Ready1H,4.0698476,,,,26->26:Exact,none; server owns swing cadence
250,4.103469,0.016908,Tick,live-sample,true,0xF13000007A00F286,,server,,unchecked,unchecked,none,95.61397,-4.3250403,-4.3250403,26,Ready1H,4.0867558,,,,26->26:Exact,none; server owns swing cadence
251,4.119908,0.016439,Tick,live-sample,true,0xF13000007A00F286,,server,,unchecked,unchecked,none,95.57277,-4.3249507,-4.3249507,26,Ready1H,4.1031947,,,,26->26:Exact,none; server owns swing cadence
252,4.136587,0.016679,Tick,live-sample,true,0xF13000007A00F286,,server,,unchecked,unchecked,none,95.53158,-4.324861,-4.324861,26,Ready1H,4.1198735,,,,26->26:Exact,none; server owns swing cadence
253,4.153204,0.016617,Tick,live-sample,true,0xF13000007A00F286,,server,,unchecked,unchecked,none,95.49277,-4.3247743,-4.3247743,26,Ready1H,4.136491,,,,26->26:Exact,none; server owns swing cadence
254,4.170138,0.016934,Tick,live-sample,true,0xF13000007A00F286,,server,,unchecked,unchecked,none,95.45207,-4.3246756,-4.3246756,26,Ready1H,4.1534247,,,,26->26:Exact,none; server owns swing cadence
255,4.186724,0.016586,Tick,live-sample,true,0xF13000007A00F286,,server,,unchecked,unchecked,none,95.41087,-4.324586,-4.324586,26,Ready1H,4.1700106,,,,26->26:Exact,none; server owns swing cadence
256,4.203194,0.016471,Tick,live-sample,true,0xF13000007A00F286,,server,,unchecked,unchecked,none,95.37218,-4.3244996,-4.3244996,26,Ready1H,4.1864815,,,,26->26:Exact,none; server owns swing cadence
257,4.220104,0.016910,Tick,live-sample,true,0xF13000007A00F286,,server,,unchecked,unchecked,none,95.33098,-4.3244095,-4.3244095,26,Ready1H,4.2033916,,,,26->26:Exact,none; server owns swing cadence
258,4.236800,0.016695,Tick,live-sample,true,0xF13000007A00F286,,server,,unchecked,unchecked,none,95.28969,-4.324319,-4.324319,26,Ready1H,4.220087,,,,26->26:Exact,none; server owns swing cadence
259,4.253322,0.016522,Tick,live-sample,true,0xF13000007A00F286,,server,,unchecked,unchecked,none,95.25099,-4.324232,-4.324232,26,Ready1H,4.2366095,,,,26->26:Exact,none; server owns swing cadence
260,4.270359,0.017036,Tick,live-sample,true,0xF13000007A00F286,,server,,unchecked,unchecked,none,95.2103,-4.324133,-4.324133,26,Ready1H,4.253646,,,,26->26:Exact,none; server owns swing cadence
261,4.286642,0.016284,Tick,live-sample,true,0xF13000007A00F286,,server,,unchecked,unchecked,none,95.169106,-4.3240423,-4.3240423,26,Ready1H,4.26993,,,,26->26:Exact,none; server owns swing cadence
262,4.303697,0.017055,Tick,live-sample,true,0xF13000007A00F286,,server,,unchecked,unchecked,none,95.127815,-4.3239517,-4.3239517,26,Ready1H,4.286985,,,,26->26:Exact,none; server owns swing cadence
263,4.320314,0.016617,Tick,live-sample,true,0xF13000007A00F286,,server,,unchecked,unchecked,none,95.08913,-4.3238645,-4.3238645,26,Ready1H,4.3036013,,,,26->26:Exact,none; server owns swing cadence
264,4.336618,0.016304,Tick,live-sample,true,0xF13000007A00F286,,server,,unchecked,unchecked,none,95.047935,-4.323774,-4.323774,26,Ready1H,4.3199058,,,,26->26:Exact,none; server owns swing cadence
265,4.353563,0.016945,Tick,live-sample,true,0xF13000007A00F286,,server,,unchecked,unchecked,none,95.00675,-4.3236833,-4.3236833,26,Ready1H,4.33685,,,,26->26:Exact,none; server owns swing cadence
266,4.370369,0.016806,Tick,live-sample,true,0xF13000007A00F286,,server,,unchecked,unchecked,none,94.968056,-4.323596,-4.323596,26,Ready1H,4.3536563,,,,26->26:Exact,none; server owns swing cadence
267,4.388160,0.017791,Tick,live-sample,true,0xF13000007A00F286,,server,,unchecked,unchecked,none,94.92477,-4.323492,-4.323492,26,Ready1H,4.3714476,,,,26->26:Exact,none; server owns swing cadence
268,4.403513,0.015353,Tick,live-sample,true,0xF13000007A00F286,,server,,unchecked,unchecked,none,94.88608,-4.3234053,-4.3234053,26,Ready1H,4.386801,,,,26->26:Exact,none; server owns swing cadence
269,4.420331,0.016818,Tick,live-sample,true,0xF13000007A00F286,,server,,unchecked,unchecked,none,94.84739,-4.3233175,-4.3233175,26,Ready1H,4.4036183,,,,26->26:Exact,none; server owns swing cadence
270,4.436859,0.016528,Tick,live-sample,true,0xF13000007A00F286,,server,,unchecked,unchecked,none,94.806206,-4.3232265,-4.3232265,26,Ready1H,4.420147,,,,26->26:Exact,none; server owns swing cadence
271,4.453629,0.016770,Tick,live-sample,true,0xF13000007A00F286,,server,,unchecked,unchecked,none,94.76492,-4.323135,-4.323135,26,Ready1H,4.4369164,,,,26->26:Exact,none; server owns swing cadence
272,4.470245,0.016616,Tick,live-sample,true,0xF13000007A00F286,,server,,unchecked,unchecked,none,94.726234,-4.323047,-4.323047,26,Ready1H,4.4535317,,,,26->26:Exact,none; server owns swing cadence
273,4.486877,0.016632,Tick,live-sample,true,0xF13000007A00F286,,server,,unchecked,unchecked,none,94.685555,-4.322947,-4.322947,26,Ready1H,4.470164,,,,26->26:Exact,none; server owns swing cadence
274,4.503620,0.016744,Tick,live-sample,true,0xF13000007A00F286,,server,,unchecked,unchecked,none,94.64437,-4.322856,-4.322856,26,Ready1H,4.486908,,,,26->26:Exact,none; server owns swing cadence
275,4.520334,0.016714,Tick,live-sample,true,0xF13000007A00F286,,server,,unchecked,unchecked,none,94.60569,-4.322768,-4.322768,26,Ready1H,4.5036216,,,,26->26:Exact,none; server owns swing cadence
276,4.536958,0.016624,Tick,live-sample,true,0xF13000007A00F286,,server,,unchecked,unchecked,none,94.56441,-4.3226757,-4.3226757,26,Ready1H,4.5202456,,,,26->26:Exact,none; server owns swing cadence
277,4.553608,0.016650,Tick,live-sample,true,0xF13000007A00F286,,server,,unchecked,unchecked,none,94.52323,-4.322584,-4.322584,26,Ready1H,4.5368953,,,,26->26:Exact,none; server owns swing cadence
278,4.570254,0.016646,Tick,live-sample,true,0xF13000007A00F286,,server,,unchecked,unchecked,none,94.48454,-4.3224964,-4.3224964,26,Ready1H,4.5535417,,,,26->26:Exact,none; server owns swing cadence
279,4.586977,0.016723,Tick,live-sample,true,0xF13000007A00F286,,server,,unchecked,unchecked,none,94.4437,-4.3224187,-4.3224187,26,Ready1H,4.5702643,,,,26->26:Exact,none; server owns swing cadence
280,4.603611,0.016634,Tick,live-sample,true,0xF13000007A00F286,,server,,unchecked,unchecked,none,94.40298,-4.3223414,-4.3223414,26,Ready1H,4.586898,,,,26->26:Exact,none; server owns swing cadence
281,4.620281,0.016670,Tick,live-sample,true,0xF13000007A00F286,,server,,unchecked,unchecked,none,94.36463,-4.3222675,-4.3222675,26,Ready1H,4.603568,,,,26->26:Exact,none; server owns swing cadence
282,4.637130,0.016849,Tick,live-sample,true,0xF13000007A00F286,,server,,unchecked,unchecked,none,94.324295,-4.3221807,-4.3221807,26,Ready1H,4.620417,,,,26->26:Exact,none; server owns swing cadence
283,4.654109,0.016980,Tick,live-sample,true,0xF13000007A00F286,,server,,unchecked,unchecked,none,94.28346,-4.322103,-4.322103,26,Ready1H,4.637397,,,,26->26:Exact,none; server owns swing cadence
284,4.670551,0.016442,Tick,live-sample,true,0xF13000007A00F286,,server,,unchecked,unchecked,none,94.24262,-4.3220253,-4.3220253,26,Ready1H,4.6538386,,,,26->26:Exact,none; server owns swing cadence
285,4.687232,0.016681,Tick,live-sample,true,0xF13000007A00F286,,server,,unchecked,unchecked,none,94.204285,-4.321951,-4.321951,26,Ready1H,4.67052,,,,26->26:Exact,none; server owns swing cadence
286,4.703766,0.016534,Tick,live-sample,true,0xF13000007A00F286,,server,,unchecked,unchecked,none,94.16356,-4.3218737,-4.3218737,26,Ready1H,4.6870537,,,,26->26:Exact,none; server owns swing cadence
287,4.720486,0.016719,Tick,live-sample,true,0xF13000007A00F286,,server,,unchecked,unchecked,none,94.12521,-4.3217993,-4.3217993,26,Ready1H,4.703773,,,,26->26:Exact,none; server owns swing cadence
288,4.737021,0.016535,Tick,live-sample,true,0xF13000007A00F286,,server,,unchecked,unchecked,none,94.08438,-4.321721,-4.321721,26,Ready1H,4.720308,,,,26->26:Exact,none; server owns swing cadence
289,4.753908,0.016887,Tick,live-sample,true,0xF13000007A00F286,,server,,unchecked,unchecked,none,94.04355,-4.3216424,-4.3216424,26,Ready1H,4.7371945,,,,26->26:Exact,none; server owns swing cadence
290,4.770484,0.016577,Tick,live-sample,true,0xF13000007A00F286,,server,,unchecked,unchecked,none,94.00521,-4.321568,-4.321568,26,Ready1H,4.7537713,,,,26->26:Exact,none; server owns swing cadence
291,4.787685,0.017200,Tick,live-sample,true,0xF13000007A00F286,,server,,unchecked,unchecked,none,93.96199,-4.3214865,-4.3214865,26,Ready1H,4.770972,,,,26->26:Exact,none; server owns swing cadence
292,4.803911,0.016226,Tick,live-sample,true,0xF13000007A00F286,,server,,unchecked,unchecked,none,93.92365,-4.3214116,-4.3214116,26,Ready1H,4.787198,,,,26->26:Exact,none; server owns swing cadence
293,4.820670,0.016759,Tick,live-sample,true,0xF13000007A00F286,,server,,unchecked,unchecked,none,93.88282,-4.3213334,-4.3213334,26,Ready1H,4.803957,,,,26->26:Exact,none; server owns swing cadence
294,4.837141,0.016472,Tick,live-sample,true,0xF13000007A00F286,,server,,unchecked,unchecked,none,93.84448,-4.3212585,-4.3212585,26,Ready1H,4.820429,,,,26->26:Exact,none; server owns swing cadence
295,4.853930,0.016789,Tick,live-sample,true,0xF13000007A00F286,,server,,unchecked,unchecked,none,93.80366,-4.32118,-4.32118,26,Ready1H,4.8372173,,,,26->26:Exact,none; server owns swing cadence
296,4.870659,0.016729,Tick,live-sample,true,0xF13000007A00F286,,server,,unchecked,unchecked,none,93.763435,-4.3210926,-4.3210926,26,Ready1H,4.8539467,,,,26->26:Exact,none; server owns swing cadence
297,4.888451,0.017791,Tick,live-sample,true,0xF13000007A00F286,,server,,unchecked,unchecked,none,93.72261,-4.321014,-4.321014,26,Ready1H,4.871738,,,,26->26:Exact,none; server owns swing cadence
298,4.903962,0.015511,Tick,live-sample,true,0xF13000007A00F286,,server,,unchecked,unchecked,none,93.68427,-4.320939,-4.320939,26,Ready1H,4.887249,,,,26->26:Exact,none; server owns swing cadence
299,4.920691,0.016730,Tick,live-sample,true,0xF13000007A00F286,,server,,unchecked,unchecked,none,93.64345,-4.32086,-4.32086,26,Ready1H,4.9039783,,,,26->26:Exact,none; server owns swing cadence
300,4.937453,0.016762,Tick,live-sample,true,0xF13000007A00F286,,server,,unchecked,unchecked,none,93.60511,-4.3207846,-4.3207846,26,Ready1H,4.92074,,,,26->26:Exact,none; server owns swing cadence
301,4.953884,0.016430,Tick,live-sample,true,0xF13000007A00F286,,server,,unchecked,unchecked,none,93.56439,-4.3207064,-4.3207064,26,Ready1H,4.9371705,,,,26->26:Exact,none; server owns swing cadence
302,4.970712,0.016828,Tick,live-sample,true,0xF13000007A00F286,,server,,unchecked,unchecked,none,93.52357,-4.320627,-4.320627,26,Ready1H,4.953999,,,,26->26:Exact,none; server owns swing cadence
303,4.987324,0.016612,Tick,live-sample,true,0xF13000007A00F286,,server,,unchecked,unchecked,none,93.48524,-4.320552,-4.320552,26,Ready1H,4.9706106,,,,26->26:Exact,none; server owns swing cadence
304,5.003898,0.016575,Tick,live-sample,true,0xF13000007A00F286,,server,,unchecked,unchecked,none,93.444405,-4.3204727,-4.3204727,26,Ready1H,4.9871855,,,,26->26:Exact,none; server owns swing cadence
305,5.020605,0.016707,Tick,live-sample,true,0xF13000007A00F286,,server,,unchecked,unchecked,none,93.40359,-4.320393,-4.320393,26,Ready1H,5.003892,,,,26->26:Exact,none; server owns swing cadence
306,5.037262,0.016657,Tick,live-sample,true,0xF13000007A00F286,,server,,unchecked,unchecked,none,93.365265,-4.3203173,-4.3203173,26,Ready1H,5.020549,,,,26->26:Exact,none; server owns swing cadence
307,5.054505,0.017243,Tick,live-sample,true,0xF13000007A00F286,,server,,unchecked,unchecked,none,93.32205,-4.320235,-4.320235,26,Ready1H,5.037792,,,,26->26:Exact,none; server owns swing cadence
308,5.070897,0.016392,Tick,live-sample,true,0xF13000007A00F286,,server,,unchecked,unchecked,none,93.28372,-4.320159,-4.320159,26,Ready1H,5.054184,,,,26->26:Exact,none; server owns swing cadence
309,5.087489,0.016592,Tick,live-sample,true,0xF13000007A00F286,,server,,unchecked,unchecked,none,93.24539,-4.3200836,-4.3200836,26,Ready1H,5.0707765,,,,26->26:Exact,none; server owns swing cadence
310,5.103944,0.016455,Tick,live-sample,true,0xF13000007A00F286,,server,,unchecked,unchecked,none,93.20457,-4.3200035,-4.3200035,26,Ready1H,5.0872316,,,,26->26:Exact,none; server owns swing cadence
311,5.120830,0.016886,Tick,live-sample,true,0xF13000007A00F286,,server,,unchecked,unchecked,none,93.16436,-4.319916,-4.319916,26,Ready1H,5.1041174,,,,26->26:Exact,none; server owns swing cadence
312,5.137498,0.016668,Tick,live-sample,true,0xF13000007A00F286,,server,,unchecked,unchecked,none,93.12354,-4.3198357,-4.3198357,26,Ready1H,5.120785,,,,26->26:Exact,none; server owns swing cadence
313,5.154046,0.016549,Tick,live-sample,true,0xF13000007A00F286,,server,,unchecked,unchecked,none,93.08521,-4.31976,-4.31976,26,Ready1H,5.137334,,,,26->26:Exact,none; server owns swing cadence
314,5.170811,0.016765,Tick,live-sample,true,0xF13000007A00F286,,server,,unchecked,unchecked,none,93.044395,-4.3196797,-4.3196797,26,Ready1H,5.154099,,,,26->26:Exact,none; server owns swing cadence
315,5.187696,0.016885,Tick,live-sample,true,0xF13000007A00F286,,server,,unchecked,unchecked,none,93.00358,-4.3195996,-4.3195996,26,Ready1H,5.170984,,,,26->26:Exact,none; server owns swing cadence
316,5.204218,0.016522,Tick,live-sample,true,0xF13000007A00F286,,server,,unchecked,unchecked,none,92.965256,-4.3195233,-4.3195233,26,Ready1H,5.1875052,,,,26->26:Exact,none; server owns swing cadence
317,5.220778,0.016561,Tick,live-sample,true,0xF13000007A00F286,,server,,unchecked,unchecked,none,92.924545,-4.3194437,-4.3194437,26,Ready1H,5.2040663,,,,26->26:Exact,none; server owns swing cadence
318,5.237542,0.016763,Tick,live-sample,true,0xF13000007A00F286,,server,,unchecked,unchecked,none,92.88373,-4.3193636,-4.3193636,26,Ready1H,5.2208295,,,,26->26:Exact,none; server owns swing cadence
319,5.254282,0.016740,Tick,live-sample,true,0xF13000007A00F286,,server,,unchecked,unchecked,none,92.845406,-4.3192873,-4.3192873,26,Ready1H,5.2375693,,,,26->26:Exact,none; server owns swing cadence
320,5.270864,0.016583,Tick,live-sample,true,0xF13000007A00F286,,server,,unchecked,unchecked,none,92.804596,-4.319207,-4.319207,26,Ready1H,5.2541523,,,,26->26:Exact,none; server owns swing cadence
321,5.287511,0.016646,Tick,live-sample,true,0xF13000007A00F286,,server,,unchecked,unchecked,none,92.76388,-4.319127,-4.319127,26,Ready1H,5.2707987,,,,26->26:Exact,none; server owns swing cadence
322,5.304349,0.016838,Tick,live-sample,true,0xF13000007A00F286,,server,,unchecked,unchecked,none,92.72546,-4.31905,-4.31905,26,Ready1H,5.2876368,,,,26->26:Exact,none; server owns swing cadence
323,5.321262,0.016913,Tick,live-sample,true,0xF13000007A00F286,,server,,unchecked,unchecked,none,92.68475,-4.3189697,-4.3189697,26,Ready1H,5.30455,,,,26->26:Exact,none; server owns swing cadence
324,5.337898,0.016636,Tick,live-sample,true,0xF13000007A00F286,,server,,unchecked,unchecked,none,92.643936,-4.318889,-4.318889,26,Ready1H,5.321186,,,,26->26:Exact,none; server owns swing cadence
325,5.354208,0.016310,Tick,live-sample,true,0xF13000007A00F286,,server,,unchecked,unchecked,none,92.60561,-4.3188124,-4.3188124,26,Ready1H,5.337496,,,,26->26:Exact,none; server owns swing cadence
326,5.370957,0.016749,Tick,live-sample,true,0xF13000007A00F286,,server,,unchecked,unchecked,none,92.565315,-4.3187227,-4.3187227,26,Ready1H,5.354245,,,,26->26:Exact,none; server owns swing cadence
327,5.387772,0.016815,Tick,live-sample,true,0xF13000007A00F286,,server,,unchecked,unchecked,none,92.524605,-4.3186426,-4.3186426,26,Ready1H,5.3710604,,,,26->26:Exact,none; server owns swing cadence
328,5.404249,0.016477,Tick,live-sample,true,0xF13000007A00F286,,server,,unchecked,unchecked,none,92.48628,-4.3185654,-4.3185654,26,Ready1H,5.387537,,,,26->26:Exact,none; server owns swing cadence
329,5.420853,0.016604,Tick,live-sample,true,0xF13000007A00F286,,server,,unchecked,unchecked,none,92.44547,-4.3184843,-4.3184843,26,Ready1H,5.4041414,,,,26->26:Exact,none; server owns swing cadence
330,5.437635,0.016782,Tick,live-sample,true,0xF13000007A00F286,,server,,unchecked,unchecked,none,92.40467,-4.3184032,-4.3184032,26,Ready1H,5.420923,,,,26->26:Exact,none; server owns swing cadence
331,5.454268,0.016633,Tick,live-sample,true,0xF13000007A00F286,,server,,unchecked,unchecked,none,92.38308,-4.3183613,-4.3183613,26,Ready1H,5.4375563,,,,26->26:Exact,none; server owns swing cadence
332,5.471499,0.017231,Tick,live-sample,true,0xF13000007A00F286,,server,,unchecked,unchecked,none,92.38308,-4.3183613,-4.3183613,26,Ready1H,5.454787,,,,26->26:Exact,none; server owns swing cadence
333,5.488814,0.017315,Tick,live-sample,true,0xF13000007A00F286,,server,,unchecked,unchecked,none,92.38308,-4.3183613,-4.3183613,26,Ready1H,5.4721017,,,,26->26:Exact,none; server owns swing cadence
334,5.504329,0.015515,Tick,live-sample,true,0xF13000007A00F286,,server,,unchecked,unchecked,none,92.38308,-4.3183613,-4.3183613,26,Ready1H,5.4876165,,,,26->26:Exact,none; server owns swing cadence
335,5.521206,0.016877,Tick,live-sample,true,0xF13000007A00F286,,server,,unchecked,unchecked,none,92.38308,-4.3183613,-4.3183613,26,Ready1H,5.5044937,,,,26->26:Exact,none; server owns swing cadence
336,5.537696,0.016491,Tick,live-sample,true,0xF13000007A00F286,,server,,unchecked,unchecked,none,92.38308,-4.3183613,-4.3183613,26,Ready1H,5.5209846,,,,26->26:Exact,none; server owns swing cadence
337,5.554341,0.016644,Tick,live-sample,true,0xF13000007A00F286,,server,,unchecked,unchecked,none,92.38308,-4.3183613,-4.3183613,26,Ready1H,5.537629,,,,26->26:Exact,none; server owns swing cadence
338,5.571165,0.016824,Tick,live-sample,true,0xF13000007A00F286,,server,,unchecked,unchecked,none,92.38308,-4.3183613,-4.3183613,26,Ready1H,5.5544534,,,,26->26:Exact,none; server owns swing cadence
339,5.587915,0.016750,Tick,live-sample,true,0xF13000007A00F286,,server,,unchecked,unchecked,none,92.38308,-4.3183613,-4.3183613,26,Ready1H,5.571203,,,,26->26:Exact,none; server owns swing cadence
340,5.604605,0.016690,Tick,live-sample,true,0xF13000007A00F286,,server,,unchecked,unchecked,none,92.38308,-4.3183613,-4.3183613,26,Ready1H,5.587893,,,,26->26:Exact,none; server owns swing cadence
341,5.621393,0.016788,Tick,live-sample,true,0xF13000007A00F286,,server,,unchecked,unchecked,none,92.38308,-4.3183613,-4.3183613,26,Ready1H,5.6046815,,,,26->26:Exact,none; server owns swing cadence
342,5.637969,0.016576,Tick,live-sample,true,0xF13000007A00F286,,server,,unchecked,unchecked,none,92.38308,-4.3183613,-4.3183613,26,Ready1H,5.6212573,,,,26->26:Exact,none; server owns swing cadence
343,5.654515,0.016546,Tick,live-sample,true,0xF13000007A00F286,,server,,unchecked,unchecked,none,92.38308,-4.3183613,-4.3183613,26,Ready1H,5.637803,,,,26->26:Exact,none; server owns swing cadence
344,5.671331,0.016816,Tick,live-sample,true,0xF13000007A00F286,,server,,unchecked,unchecked,none,92.38308,-4.3183613,-4.3183613,26,Ready1H,5.654619,,,,26->26:Exact,none; server owns swing cadence
345,5.687895,0.016564,Tick,live-sample,true,0xF13000007A00F286,,server,,unchecked,unchecked,none,92.38308,-4.3183613,-4.3183613,26,Ready1H,5.6711836,,,,26->26:Exact,none; server owns swing cadence
346,5.704584,0.016689,Tick,live-sample,true,0xF13000007A00F286,,server,,unchecked,unchecked,none,92.38308,-4.3183613,-4.3183613,26,Ready1H,5.687873,,,,26->26:Exact,none; server owns swing cadence
347,5.721265,0.016681,Tick,live-sample,true,0xF13000007A00F286,,server,,unchecked,unchecked,none,92.38308,-4.3183613,-4.3183613,26,Ready1H,5.704554,,,,26->26:Exact,none; server owns swing cadence
348,5.737872,0.016607,Tick,live-sample,true,0xF13000007A00F286,,server,,unchecked,unchecked,none,92.38308,-4.3183613,-4.3183613,26,Ready1H,5.721161,,,,26->26:Exact,none; server owns swing cadence
349,5.754480,0.016608,Tick,live-sample,true,0xF13000007A00F286,,server,,unchecked,unchecked,none,92.38308,-4.3183613,-4.3183613,26,Ready1H,5.7377687,,,,26->26:Exact,none; server owns swing cadence
350,5.771233,0.016753,Tick,live-sample,true,0xF13000007A00F286,,server,,unchecked,unchecked,none,92.38308,-4.3183613,-4.3183613,26,Ready1H,5.7545214,,,,26->26:Exact,none; server owns swing cadence
351,5.788324,0.017091,Tick,live-sample,true,0xF13000007A00F286,,server,,unchecked,unchecked,none,92.38308,-4.3183613,-4.3183613,26,Ready1H,5.7716126,,,,26->26:Exact,none; server owns swing cadence
352,5.804685,0.016361,Tick,live-sample,true,0xF13000007A00F286,,server,,unchecked,unchecked,none,92.38308,-4.3183613,-4.3183613,26,Ready1H,5.787974,,,,26->26:Exact,none; server owns swing cadence
353,5.821608,0.016922,Tick,live-sample,true,0xF13000007A00F286,,server,,unchecked,unchecked,none,92.38308,-4.3183613,-4.3183613,26,Ready1H,5.804896,,,,26->26:Exact,none; server owns swing cadence
354,5.838016,0.016408,Tick,live-sample,true,0xF13000007A00F286,,server,,unchecked,unchecked,none,92.38308,-4.3183613,-4.3183613,26,Ready1H,5.8213043,,,,26->26:Exact,none; server owns swing cadence
355,5.854715,0.016699,Tick,live-sample,true,0xF13000007A00F286,,server,,unchecked,unchecked,none,92.38308,-4.3183613,-4.3183613,26,Ready1H,5.838003,,,,26->26:Exact,none; server owns swing cadence
356,5.871817,0.017103,Tick,live-sample,true,0xF13000007A00F286,,server,,unchecked,unchecked,none,92.38308,-4.3183613,-4.3183613,26,Ready1H,5.855106,,,,26->26:Exact,none; server owns swing cadence
357,5.887880,0.016062,Tick,live-sample,true,0xF13000007A00F286,,server,,unchecked,unchecked,none,92.38308,-4.3183613,-4.3183613,26,Ready1H,5.871168,,,,26->26:Exact,none; server owns swing cadence
358,5.904627,0.016747,Tick,live-sample,true,0xF13000007A00F286,,server,,unchecked,unchecked,none,92.38308,-4.3183613,-4.3183613,26,Ready1H,5.887915,,,,26->26:Exact,none; server owns swing cadence
359,5.921357,0.016731,Tick,live-sample,true,0xF13000007A00F286,,server,,unchecked,unchecked,none,92.38308,-4.3183613,-4.3183613,26,Ready1H,5.9046454,,,,26->26:Exact,none; server owns swing cadence
360,5.938137,0.016780,Tick,live-sample,true,0xF13000007A00F286,,server,,unchecked,unchecked,none,92.38308,-4.3183613,-4.3183613,26,Ready1H,5.9214253,,,,26->26:Exact,none; server owns swing cadence
361,5.954692,0.016555,Tick,live-sample,true,0xF13000007A00F286,,server,,unchecked,unchecked,none,92.38308,-4.3183613,-4.3183613,26,Ready1H,5.93798,,,,26->26:Exact,none; server owns swing cadence
362,5.971420,0.016728,Tick,live-sample,true,0xF13000007A00F286,,server,,unchecked,unchecked,none,92.38308,-4.3183613,-4.3183613,26,Ready1H,5.9547086,,,,26->26:Exact,none; server owns swing cadence
363,5.989357,0.017937,Tick,live-sample,true,0xF13000007A00F286,,server,,unchecked,unchecked,none,92.38308,-4.3183613,-4.3183613,26,Ready1H,5.9726453,,,,26->26:Exact,none; server owns swing cadence
364,6.004874,0.015517,Tick,live-sample,true,0xF13000007A00F286,,server,,unchecked,unchecked,none,92.38308,-4.3183613,-4.3183613,26,Ready1H,5.9881625,,,,26->26:Exact,none; server owns swing cadence
365,6.021361,0.016487,Tick,live-sample,true,0xF13000007A00F286,,server,,unchecked,unchecked,none,92.38308,-4.3183613,-4.3183613,26,Ready1H,6.00465,,,,26->26:Exact,none; server owns swing cadence
366,6.038095,0.016734,Tick,live-sample,true,0xF13000007A00F286,,server,,unchecked,unchecked,none,92.38308,-4.3183613,-4.3183613,26,Ready1H,6.0213842,,,,26->26:Exact,none; server owns swing cadence
367,6.054915,0.016820,Tick,live-sample,true,0xF13000007A00F286,,server,,unchecked,unchecked,none,92.38308,-4.3183613,-4.3183613,26,Ready1H,6.038204,,,,26->26:Exact,none; server owns swing cadence
368,6.071614,0.016698,Tick,live-sample,true,0xF13000007A00F286,,server,,unchecked,unchecked,none,92.38308,-4.3183613,-4.3183613,26,Ready1H,6.0549026,,,,26->26:Exact,none; server owns swing cadence
369,6.088110,0.016496,Tick,live-sample,true,0xF13000007A00F286,,server,,unchecked,unchecked,none,92.38308,-4.3183613,-4.3183613,26,Ready1H,6.0713983,,,,26->26:Exact,none; server owns swing cadence
370,6.105695,0.017585,Tick,live-sample,true,0xF13000007A00F286,,server,,unchecked,unchecked,none,92.38308,-4.3183613,-4.3183613,26,Ready1H,6.0889835,,,,26->26:Exact,none; server owns swing cadence
371,6.125090,0.019395,Tick,live-sample,true,0xF13000007A00F286,,server,,unchecked,unchecked,none,92.38308,-4.3183613,-4.3183613,26,Ready1H,6.108379,,,,26->26:Exact,none; server owns swing cadence
372,6.138497,0.013407,Tick,live-sample,true,0xF13000007A00F286,,server,,unchecked,unchecked,none,92.38308,-4.3183613,-4.3183613,26,Ready1H,6.1217856,,,,26->26:Exact,none; server owns swing cadence
373,6.155013,0.016516,Tick,live-sample,true,0xF13000007A00F286,,server,,unchecked,unchecked,none,92.38308,-4.3183613,-4.3183613,26,Ready1H,6.138302,,,,26->26:Exact,none; server owns swing cadence
374,6.171757,0.016744,Tick,live-sample,true,0xF13000007A00F286,,server,,unchecked,unchecked,none,92.38308,-4.3183613,-4.3183613,26,Ready1H,6.1550455,,,,26->26:Exact,none; server owns swing cadence
375,6.188508,0.016751,Tick,live-sample,true,0xF13000007A00F286,,server,,unchecked,unchecked,none,92.38308,-4.3183613,-4.3183613,26,Ready1H,6.1717963,,,,26->26:Exact,none; server owns swing cadence
376,6.205057,0.016549,Tick,live-sample,true,0xF13000007A00F286,,server,,unchecked,unchecked,none,92.38308,-4.3183613,-4.3183613,26,Ready1H,6.188346,,,,26->26:Exact,none; server owns swing cadence
377,6.221879,0.016821,Tick,live-sample,true,0xF13000007A00F286,,server,,unchecked,unchecked,none,92.38308,-4.3183613,-4.3183613,26,Ready1H,6.2051673,,,,26->26:Exact,none; server owns swing cadence
378,6.238322,0.016444,Tick,live-sample,true,0xF13000007A00F286,,server,,unchecked,unchecked,none,92.38308,-4.3183613,-4.3183613,26,Ready1H,6.221611,,,,26->26:Exact,none; server owns swing cadence
379,6.254998,0.016676,Tick,live-sample,true,0xF13000007A00F286,,server,,unchecked,unchecked,none,92.38308,-4.3183613,-4.3183613,26,Ready1H,6.2382865,,,,26->26:Exact,none; server owns swing cadence
380,6.271900,0.016903,Tick,live-sample,true,0xF13000007A00F286,,server,,unchecked,unchecked,none,92.38308,-4.3183613,-4.3183613,26,Ready1H,6.255189,,,,26->26:Exact,none; server owns swing cadence
381,6.288440,0.016539,Tick,live-sample,true,0xF13000007A00F286,,server,,unchecked,unchecked,none,92.38308,-4.3183613,-4.3183613,26,Ready1H,6.271728,,,,26->26:Exact,none; server owns swing cadence
382,6.305118,0.016679,Tick,live-sample,true,0xF13000007A00F286,,server,,unchecked,unchecked,none,92.38308,-4.3183613,-4.3183613,26,Ready1H,6.288407,,,,26->26:Exact,none; server owns swing cadence
383,6.321644,0.016525,Tick,live-sample,true,0xF13000007A00F286,,server,,unchecked,unchecked,none,92.38308,-4.3183613,-4.3183613,26,Ready1H,6.304932,,,,26->26:Exact,none; server owns swing cadence
384,6.338415,0.016771,Tick,live-sample,true,0xF13000007A00F286,,server,,unchecked,unchecked,none,92.38308,-4.3183613,-4.3183613,26,Ready1H,6.321703,,,,26->26:Exact,none; server owns swing cadence
385,6.355042,0.016628,Tick,live-sample,true,0xF13000007A00F286,,server,,unchecked,unchecked,none,92.38308,-4.3183613,-4.3183613,26,Ready1H,6.3383307,,,,26->26:Exact,none; server owns swing cadence
386,6.371780,0.016738,Tick,live-sample,true,0xF13000007A00F286,,server,,unchecked,unchecked,none,92.38308,-4.3183613,-4.3183613,26,Ready1H,6.3550687,,,,26->26:Exact,none; server owns swing cadence
387,6.388454,0.016673,Tick,live-sample,true,0xF13000007A00F286,,server,,unchecked,unchecked,none,92.38308,-4.3183613,-4.3183613,26,Ready1H,6.3717422,,,,26->26:Exact,none; server owns swing cadence
388,6.405231,0.016778,Tick,live-sample,true,0xF13000007A00F286,,server,,unchecked,unchecked,none,92.38308,-4.3183613,-4.3183613,26,Ready1H,6.38852,,,,26->26:Exact,none; server owns swing cadence
389,6.421938,0.016707,Tick,live-sample,true,0xF13000007A00F286,,server,,unchecked,unchecked,none,92.38308,-4.3183613,-4.3183613,26,Ready1H,6.4052267,,,,26->26:Exact,none; server owns swing cadence
390,6.438426,0.016488,Tick,live-sample,true,0xF13000007A00F286,,server,,unchecked,unchecked,none,92.38308,-4.3183613,-4.3183613,26,Ready1H,6.4217143,,,,26->26:Exact,none; server owns swing cadence
391,6.455211,0.016785,Tick,live-sample,true,0xF13000007A00F286,,server,,unchecked,unchecked,none,92.38308,-4.3183613,-4.3183613,26,Ready1H,6.438499,,,,26->26:Exact,none; server owns swing cadence
392,6.471817,0.016606,Tick,live-sample,true,0xF13000007A00F286,,server,,unchecked,unchecked,none,92.38308,-4.3183613,-4.3183613,26,Ready1H,6.455105,,,,26->26:Exact,none; server owns swing cadence
393,6.488486,0.016670,Tick,live-sample,true,0xF13000007A00F286,,server,,unchecked,unchecked,none,92.38308,-4.3183613,-4.3183613,26,Ready1H,6.4717746,,,,26->26:Exact,none; server owns swing cadence
394,6.505285,0.016799,Tick,live-sample,true,0xF13000007A00F286,,server,,unchecked,unchecked,none,92.38308,-4.3183613,-4.3183613,26,Ready1H,6.4885736,,,,26->26:Exact,none; server owns swing cadence
395,6.521979,0.016694,Tick,live-sample,true,0xF13000007A00F286,,server,,unchecked,unchecked,none,92.38308,-4.3183613,-4.3183613,26,Ready1H,6.505267,,,,26->26:Exact,none; server owns swing cadence
396,6.538555,0.016577,Tick,live-sample,true,0xF13000007A00F286,,server,,unchecked,unchecked,none,92.38308,-4.3183613,-4.3183613,26,Ready1H,6.5218434,,,,26->26:Exact,none; server owns swing cadence
397,6.555241,0.016686,Tick,live-sample,true,0xF13000007A00F286,,server,,unchecked,unchecked,none,92.38308,-4.3183613,-4.3183613,26,Ready1H,6.538529,,,,26->26:Exact,none; server owns swing cadence
398,6.572065,0.016825,Tick,live-sample,true,0xF13000007A00F286,,server,,unchecked,unchecked,none,92.38308,-4.3183613,-4.3183613,26,Ready1H,6.5553536,,,,26->26:Exact,none; server owns swing cadence
399,6.590081,0.018016,Tick,live-sample,true,0xF13000007A00F286,,server,,unchecked,unchecked,none,92.38308,-4.3183613,-4.3183613,26,Ready1H,6.573369,,,,26->26:Exact,none; server owns swing cadence
400,6.605231,0.015150,Tick,live-sample,true,0xF13000007A00F286,,server,,unchecked,unchecked,none,92.38308,-4.3183613,-4.3183613,26,Ready1H,6.588519,,,,26->26:Exact,none; server owns swing cadence
401,6.622116,0.016885,Tick,live-sample,true,0xF13000007A00F286,,server,,unchecked,unchecked,none,92.38308,-4.3183613,-4.3183613,26,Ready1H,6.6054044,,,,26->26:Exact,none; server owns swing cadence
402,6.638555,0.016439,Tick,live-sample,true,0xF13000007A00F286,,server,,unchecked,unchecked,none,92.38308,-4.3183613,-4.3183613,26,Ready1H,6.621843,,,,26->26:Exact,none; server owns swing cadence
403,6.655720,0.017165,Tick,live-sample,true,0xF13000007A00F286,,server,,unchecked,unchecked,none,92.38308,-4.3183613,-4.3183613,26,Ready1H,6.639008,,,,26->26:Exact,none; server owns swing cadence
404,6.672233,0.016513,Tick,live-sample,true,0xF13000007A00F286,,server,,unchecked,unchecked,none,92.38308,-4.3183613,-4.3183613,26,Ready1H,6.6555214,,,,26->26:Exact,none; server owns swing cadence
405,6.688651,0.016418,Tick,live-sample,true,0xF13000007A00F286,,server,,unchecked,unchecked,none,92.38308,-4.3183613,-4.3183613,26,Ready1H,6.6719394,,,,26->26:Exact,none; server owns swing cadence
406,6.705414,0.016763,Tick,live-sample,true,0xF13000007A00F286,,server,,unchecked,unchecked,none,92.38308,-4.3183613,-4.3183613,26,Ready1H,6.6887026,,,,26->26:Exact,none; server owns swing cadence
407,6.722301,0.016887,Tick,live-sample,true,0xF13000007A00F286,,server,,unchecked,unchecked,none,92.38308,-4.3183613,-4.3183613,26,Ready1H,6.70559,,,,26->26:Exact,none; server owns swing cadence
408,6.738741,0.016439,Tick,live-sample,true,0xF13000007A00F286,,server,,unchecked,unchecked,none,92.38308,-4.3183613,-4.3183613,26,Ready1H,6.722029,,,,26->26:Exact,none; server owns swing cadence
409,6.755319,0.016578,Tick,live-sample,true,0xF13000007A00F286,,server,,unchecked,unchecked,none,92.38308,-4.3183613,-4.3183613,26,Ready1H,6.7386074,,,,26->26:Exact,none; server owns swing cadence
410,6.772091,0.016772,Tick,live-sample,true,0xF13000007A00F286,,server,,unchecked,unchecked,none,92.38308,-4.3183613,-4.3183613,26,Ready1H,6.755379,,,,26->26:Exact,none; server owns swing cadence
411,6.789121,0.017030,Tick,live-sample,true,0xF13000007A00F286,,server,,unchecked,unchecked,none,92.38308,-4.3183613,-4.3183613,26,Ready1H,6.7724094,,,,26->26:Exact,none; server owns swing cadence
412,6.805593,0.016471,Tick,live-sample,true,0xF13000007A00F286,,server,,unchecked,unchecked,none,92.38308,-4.3183613,-4.3183613,26,Ready1H,6.7888803,,,,26->26:Exact,none; server owns swing cadence
413,6.822079,0.016486,Tick,live-sample,true,0xF13000007A00F286,,server,,unchecked,unchecked,none,92.38308,-4.3183613,-4.3183613,26,Ready1H,6.8053665,,,,26->26:Exact,none; server owns swing cadence
414,6.838789,0.016710,Tick,live-sample,true,0xF13000007A00F286,,server,,unchecked,unchecked,none,92.38308,-4.3183613,-4.3183613,26,Ready1H,6.822077,,,,26->26:Exact,none; server owns swing cadence
415,6.855401,0.016612,Tick,live-sample,true,0xF13000007A00F286,,server,,unchecked,unchecked,none,92.38308,-4.3183613,-4.3183613,26,Ready1H,6.8386893,,,,26->26:Exact,none; server owns swing cadence
416,6.872183,0.016782,Tick,live-sample,true,0xF13000007A00F286,,server,,unchecked,unchecked,none,92.38308,-4.3183613,-4.3183613,26,Ready1H,6.8554716,,,,26->26:Exact,none; server owns swing cadence
417,6.888691,0.016507,Tick,live-sample,true,0xF13000007A00F286,,server,,unchecked,unchecked,none,92.38308,-4.3183613,-4.3183613,26,Ready1H,6.8719788,,,,26->26:Exact,none; server owns swing cadence
418,6.905548,0.016857,Tick,live-sample,true,0xF13000007A00F286,,server,,unchecked,unchecked,none,92.38308,-4.3183613,-4.3183613,26,Ready1H,6.888836,,,,26->26:Exact,none; server owns swing cadence
419,6.922165,0.016617,Tick,live-sample,true,0xF13000007A00F286,,server,,unchecked,unchecked,none,92.38308,-4.3183613,-4.3183613,26,Ready1H,6.9054527,,,,26->26:Exact,none; server owns swing cadence
420,6.939034,0.016870,Tick,live-sample,true,0xF13000007A00F286,,server,,unchecked,unchecked,none,92.38308,-4.3183613,-4.3183613,26,Ready1H,6.9223223,,,,26->26:Exact,none; server owns swing cadence
421,6.955420,0.016386,Tick,live-sample,true,0xF13000007A00F286,,server,,unchecked,unchecked,none,92.38308,-4.3183613,-4.3183613,26,Ready1H,6.9387083,,,,26->26:Exact,none; server owns swing cadence
422,6.972220,0.016800,Tick,live-sample,true,0xF13000007A00F286,,server,,unchecked,unchecked,none,92.38308,-4.3183613,-4.3183613,26,Ready1H,6.955508,,,,26->26:Exact,none; server owns swing cadence
423,6.988822,0.016602,Tick,live-sample,true,0xF13000007A00F286,,server,,unchecked,unchecked,none,92.38308,-4.3183613,-4.3183613,26,Ready1H,6.9721103,,,,26->26:Exact,none; server owns swing cadence
424,7.005721,0.016899,Tick,live-sample,true,0xF13000007A00F286,,server,,unchecked,unchecked,none,92.38308,-4.3183613,-4.3183613,26,Ready1H,6.9890094,,,,26->26:Exact,none; server owns swing cadence
425,7.022343,0.016622,Tick,live-sample,true,0xF13000007A00F286,,server,,unchecked,unchecked,none,92.38308,-4.3183613,-4.3183613,26,Ready1H,7.0056314,,,,26->26:Exact,none; server owns swing cadence
426,7.039222,0.016879,Tick,live-sample,true,0xF13000007A00F286,,server,,unchecked,unchecked,none,92.38308,-4.3183613,-4.3183613,26,Ready1H,7.02251,,,,26->26:Exact,none; server owns swing cadence
427,7.055600,0.016378,Tick,live-sample,true,0xF13000007A00F286,,server,,unchecked,unchecked,none,92.38308,-4.3183613,-4.3183613,26,Ready1H,7.038888,,,,26->26:Exact,none; server owns swing cadence
428,7.072907,0.017307,Tick,live-sample,true,0xF13000007A00F286,,server,,unchecked,unchecked,none,92.38308,-4.3183613,-4.3183613,26,Ready1H,7.0561953,,,,26->26:Exact,none; server owns swing cadence
429,7.090097,0.017190,Tick,live-sample,true,0xF13000007A00F286,,server,,unchecked,unchecked,none,92.38308,-4.3183613,-4.3183613,26,Ready1H,7.073385,,,,26->26:Exact,none; server owns swing cadence
430,7.105981,0.015884,Tick,live-sample,true,0xF13000007A00F286,,server,,unchecked,unchecked,none,92.38308,-4.3183613,-4.3183613,26,Ready1H,7.0892687,,,,26->26:Exact,none; server owns swing cadence
431,7.122370,0.016389,Tick,live-sample,true,0xF13000007A00F286,,server,,unchecked,unchecked,none,92.38308,-4.3183613,-4.3183613,26,Ready1H,7.105658,,,,26->26:Exact,none; server owns swing cadence
432,7.139184,0.016815,Tick,live-sample,true,0xF13000007A00F286,,server,,unchecked,unchecked,none,92.38308,-4.3183613,-4.3183613,26,Ready1H,7.122473,,,,26->26:Exact,none; server owns swing cadence
433,7.155750,0.016565,Tick,live-sample,true,0xF13000007A00F286,,server,,unchecked,unchecked,none,92.38308,-4.3183613,-4.3183613,26,Ready1H,7.139038,,,,26->26:Exact,none; server owns swing cadence
434,7.172388,0.016638,Tick,live-sample,true,0xF13000007A00F286,,server,,unchecked,unchecked,none,92.38308,-4.3183613,-4.3183613,26,Ready1H,7.1556764,,,,26->26:Exact,none; server owns swing cadence
435,7.189266,0.016878,Tick,live-sample,true,0xF13000007A00F286,,server,,unchecked,unchecked,none,92.38308,-4.3183613,-4.3183613,26,Ready1H,7.1725545,,,,26->26:Exact,none; server owns swing cadence
436,7.205873,0.016607,Tick,live-sample,true,0xF13000007A00F286,,server,,unchecked,unchecked,none,92.38308,-4.3183613,-4.3183613,26,Ready1H,7.1891613,,,,26->26:Exact,none; server owns swing cadence
437,7.222361,0.016488,Tick,live-sample,true,0xF13000007A00F286,,server,,unchecked,unchecked,none,92.38308,-4.3183613,-4.3183613,26,Ready1H,7.205649,,,,26->26:Exact,none; server owns swing cadence
438,7.239199,0.016839,Tick,live-sample,true,0xF13000007A00F286,,server,,unchecked,unchecked,none,92.38308,-4.3183613,-4.3183613,26,Ready1H,7.222488,,,,26->26:Exact,none; server owns swing cadence
439,7.255684,0.016485,Tick,live-sample,true,0xF13000007A00F286,,server,,unchecked,unchecked,none,92.38308,-4.3183613,-4.3183613,26,Ready1H,7.2389727,,,,26->26:Exact,none; server owns swing cadence
440,7.272559,0.016875,Tick,live-sample,true,0xF13000007A00F286,,server,,unchecked,unchecked,none,92.38308,-4.3183613,-4.3183613,26,Ready1H,7.2558475,,,,26->26:Exact,none; server owns swing cadence
441,7.289076,0.016517,Tick,live-sample,true,0xF13000007A00F286,,server,,unchecked,unchecked,none,92.38308,-4.3183613,-4.3183613,26,Ready1H,7.2723646,,,,26->26:Exact,none; server owns swing cadence
442,7.305932,0.016856,Tick,live-sample,true,0xF13000007A00F286,,server,,unchecked,unchecked,none,92.38308,-4.3183613,-4.3183613,26,Ready1H,7.289221,,,,26->26:Exact,none; server owns swing cadence
443,7.322594,0.016661,Tick,live-sample,true,0xF13000007A00F286,,server,,unchecked,unchecked,none,92.38308,-4.3183613,-4.3183613,26,Ready1H,7.305882,,,,26->26:Exact,none; server owns swing cadence
444,7.339318,0.016725,Tick,live-sample,true,0xF13000007A00F286,,server,,unchecked,unchecked,none,92.38308,-4.3183613,-4.3183613,26,Ready1H,7.3226066,,,,26->26:Exact,none; server owns swing cadence
445,7.356005,0.016686,Tick,live-sample,true,0xF13000007A00F286,,server,,unchecked,unchecked,none,92.38308,-4.3183613,-4.3183613,26,Ready1H,7.339293,,,,26->26:Exact,none; server owns swing cadence
446,7.372651,0.016647,Tick,live-sample,true,0xF13000007A00F286,,server,,unchecked,unchecked,none,92.38308,-4.3183613,-4.3183613,26,Ready1H,7.3559394,,,,26->26:Exact,none; server owns swing cadence
447,7.389145,0.016493,Tick,live-sample,true,0xF13000007A00F286,,server,,unchecked,unchecked,none,92.38308,-4.3183613,-4.3183613,26,Ready1H,7.3724327,,,,26->26:Exact,none; server owns swing cadence
448,7.405923,0.016779,Tick,live-sample,true,0xF13000007A00F286,,server,,unchecked,unchecked,none,92.38308,-4.3183613,-4.3183613,26,Ready1H,7.389211,,,,26->26:Exact,none; server owns swing cadence
449,7.422525,0.016602,Tick,live-sample,true,0xF13000007A00F286,,server,,unchecked,unchecked,none,92.38308,-4.3183613,-4.3183613,26,Ready1H,7.405813,,,,26->26:Exact,none; server owns swing cadence
450,7.439234,0.016709,Tick,live-sample,true,0xF13000007A00F286,,server,,unchecked,unchecked,none,92.38308,-4.3183613,-4.3183613,26,Ready1H,7.4225216,,,,26->26:Exact,none; server owns swing cadence
451,7.455897,0.016664,Tick,live-sample,true,0xF13000007A00F286,,server,,unchecked,unchecked,none,92.38308,-4.3183613,-4.3183613,26,Ready1H,7.439185,,,,26->26:Exact,none; server owns swing cadence
452,7.472851,0.016954,Tick,live-sample,true,0xF13000007A00F286,,server,,unchecked,unchecked,none,92.38308,-4.3183613,-4.3183613,26,Ready1H,7.456139,,,,26->26:Exact,none; server owns swing cadence
453,7.489165,0.016314,Tick,live-sample,true,0xF13000007A00F286,,server,,unchecked,unchecked,none,92.38308,-4.3183613,-4.3183613,26,Ready1H,7.472453,,,,26->26:Exact,none; server owns swing cadence
454,7.506046,0.016880,Tick,live-sample,true,0xF13000007A00F286,,server,,unchecked,unchecked,none,92.38308,-4.3183613,-4.3183613,26,Ready1H,7.489333,,,,26->26:Exact,none; server owns swing cadence
455,7.522656,0.016610,Tick,live-sample,true,0xF13000007A00F286,,server,,unchecked,unchecked,none,92.38308,-4.3183613,-4.3183613,26,Ready1H,7.5059433,,,,26->26:Exact,none; server owns swing cadence
456,7.539337,0.016681,Tick,live-sample,true,0xF13000007A00F286,,server,,unchecked,unchecked,none,92.38308,-4.3183613,-4.3183613,26,Ready1H,7.522625,,,,26->26:Exact,none; server owns swing cadence
457,7.555932,0.016595,Tick,live-sample,true,0xF13000007A00F286,,server,,unchecked,unchecked,none,92.38308,-4.3183613,-4.3183613,26,Ready1H,7.53922,,,,26->26:Exact,none; server owns swing cadence
458,7.572606,0.016674,Tick,live-sample,true,0xF13000007A00F286,,server,,unchecked,unchecked,none,92.38308,-4.3183613,-4.3183613,26,Ready1H,7.555894,,,,26->26:Exact,none; server owns swing cadence
459,7.589337,0.016731,Tick,live-sample,true,0xF13000007A00F286,,server,,unchecked,unchecked,none,92.38308,-4.3183613,-4.3183613,26,Ready1H,7.5726247,,,,26->26:Exact,none; server owns swing cadence
460,7.606281,0.016945,Tick,live-sample,true,0xF13000007A00F286,,server,,unchecked,unchecked,none,92.38308,-4.3183613,-4.3183613,26,Ready1H,7.589569,,,,26->26:Exact,none; server owns swing cadence
461,7.623339,0.017058,Tick,live-sample,true,0xF13000007A00F286,,server,,unchecked,unchecked,none,92.38308,-4.3183613,-4.3183613,26,Ready1H,7.606627,,,,26->26:Exact,none; server owns swing cadence
462,7.639472,0.016133,Tick,live-sample,true,0xF13000007A00F286,,server,,unchecked,unchecked,none,92.38308,-4.3183613,-4.3183613,26,Ready1H,7.62276,,,,26->26:Exact,none; server owns swing cadence
463,7.656035,0.016563,Tick,live-sample,true,0xF13000007A00F286,,server,,unchecked,unchecked,none,92.38308,-4.3183613,-4.3183613,26,Ready1H,7.6393228,,,,26->26:Exact,none; server owns swing cadence
464,7.672925,0.016890,Tick,live-sample,true,0xF13000007A00F286,,server,,unchecked,unchecked,none,92.38308,-4.3183613,-4.3183613,26,Ready1H,7.6562123,,,,26->26:Exact,none; server owns swing cadence
465,7.690679,0.017754,Tick,live-sample,true,0xF13000007A00F286,,server,,unchecked,unchecked,none,92.38308,-4.3183613,-4.3183613,26,Ready1H,7.673966,,,,26->26:Exact,none; server owns swing cadence
466,7.706292,0.015614,Tick,live-sample,true,0xF13000007A00F286,,server,,unchecked,unchecked,none,92.38308,-4.3183613,-4.3183613,26,Ready1H,7.6895795,,,,26->26:Exact,none; server owns swing cadence
467,7.722704,0.016412,Tick,live-sample,true,0xF13000007A00F286,,server,,unchecked,unchecked,none,92.38308,-4.3183613,-4.3183613,26,Ready1H,7.7059913,,,,26->26:Exact,none; server owns swing cadence
468,7.739675,0.016971,Tick,live-sample,true,0xF13000007A00F286,,server,,unchecked,unchecked,none,92.38308,-4.3183613,-4.3183613,26,Ready1H,7.7229624,,,,26->26:Exact,none; server owns swing cadence
469,7.756278,0.016603,Tick,live-sample,true,0xF13000007A00F286,,server,,unchecked,unchecked,none,92.38308,-4.3183613,-4.3183613,26,Ready1H,7.7395654,,,,26->26:Exact,none; server owns swing cadence
470,7.772923,0.016645,Tick,live-sample,true,0xF13000007A00F286,,server,,unchecked,unchecked,none,92.38308,-4.3183613,-4.3183613,26,Ready1H,7.75621,,,,26->26:Exact,none; server owns swing cadence
471,7.789618,0.016695,Tick,live-sample,true,0xF13000007A00F286,,server,,unchecked,unchecked,none,92.38308,-4.3183613,-4.3183613,26,Ready1H,7.7729053,,,,26->26:Exact,none; server owns swing cadence
472,7.806349,0.016731,Tick,live-sample,true,0xF13000007A00F286,,server,,unchecked,unchecked,none,92.38308,-4.3183613,-4.3183613,26,Ready1H,7.789636,,,,26->26:Exact,none; server owns swing cadence
473,7.823027,0.016678,Tick,live-sample,true,0xF13000007A00F286,,server,,unchecked,unchecked,none,92.38308,-4.3183613,-4.3183613,26,Ready1H,7.806314,,,,26->26:Exact,none; server owns swing cadence
474,7.839654,0.016627,Tick,live-sample,true,0xF13000007A00F286,,server,,unchecked,unchecked,none,92.38308,-4.3183613,-4.3183613,26,Ready1H,7.822941,,,,26->26:Exact,none; server owns swing cadence
475,7.856656,0.017003,Tick,live-sample,true,0xF13000007A00F286,,server,,unchecked,unchecked,none,92.38308,-4.3183613,-4.3183613,26,Ready1H,7.8399434,,,,26->26:Exact,none; server owns swing cadence
476,7.873145,0.016489,Tick,live-sample,true,0xF13000007A00F286,,server,,unchecked,unchecked,none,92.38308,-4.3183613,-4.3183613,26,Ready1H,7.8564324,,,,26->26:Exact,none; server owns swing cadence
477,7.889769,0.016624,Tick,live-sample,true,0xF13000007A00F286,,server,,unchecked,unchecked,none,92.38308,-4.3183613,-4.3183613,26,Ready1H,7.873056,,,,26->26:Exact,none; server owns swing cadence
478,7.906293,0.016524,Tick,live-sample,true,0xF13000007A00F286,,server,,unchecked,unchecked,none,92.38308,-4.3183613,-4.3183613,26,Ready1H,7.88958,,,,26->26:Exact,none; server owns swing cadence
479,7.922919,0.016626,Tick,live-sample,true,0xF13000007A00F286,,server,,unchecked,unchecked,none,92.38308,-4.3183613,-4.3183613,26,Ready1H,7.906206,,,,26->26:Exact,none; server owns swing cadence
480,7.939621,0.016702,Tick,live-sample,true,0xF13000007A00F286,,server,,unchecked,unchecked,none,92.38308,-4.3183613,-4.3183613,26,Ready1H,7.922908,,,,26->26:Exact,none; server owns swing cadence
481,7.956269,0.016648,Tick,live-sample,true,0xF13000007A00F286,,server,,unchecked,unchecked,none,92.38308,-4.3183613,-4.3183613,26,Ready1H,7.939556,,,,26->26:Exact,none; server owns swing cadence
482,7.973188,0.016919,Tick,live-sample,true,0xF13000007A00F286,,server,,unchecked,unchecked,none,92.38308,-4.3183613,-4.3183613,26,Ready1H,7.9564753,,,,26->26:Exact,none; server owns swing cadence
483,7.989633,0.016445,Tick,live-sample,true,0xF13000007A00F286,,server,,unchecked,unchecked,none,92.38308,-4.3183613,-4.3183613,26,Ready1H,7.97292,,,,26->26:Exact,none; server owns swing cadence
484,8.006389,0.016756,Tick,live-sample,true,0xF13000007A00F286,,server,,unchecked,unchecked,none,92.38308,-4.3183613,-4.3183613,26,Ready1H,7.989676,,,,26->26:Exact,none; server owns swing cadence
485,8.023101,0.016712,Tick,live-sample,true,0xF13000007A00F286,,server,,unchecked,unchecked,none,92.38308,-4.3183613,-4.3183613,26,Ready1H,8.006389,,,,26->26:Exact,none; server owns swing cadence
486,8.039906,0.016804,Tick,live-sample,true,0xF13000007A00F286,,server,,unchecked,unchecked,none,92.38308,-4.3183613,-4.3183613,26,Ready1H,8.023193,,,,26->26:Exact,none; server owns swing cadence
487,8.056539,0.016633,Tick,live-sample,true,0xF13000007A00F286,,server,,unchecked,unchecked,none,92.38308,-4.3183613,-4.3183613,26,Ready1H,8.039826,,,,26->26:Exact,none; server owns swing cadence
488,8.073206,0.016667,Tick,live-sample,true,0xF13000007A00F286,,server,,unchecked,unchecked,none,92.38308,-4.3183613,-4.3183613,26,Ready1H,8.056493,,,,26->26:Exact,none; server owns swing cadence
489,8.089755,0.016549,Tick,live-sample,true,0xF13000007A00F286,,server,,unchecked,unchecked,none,92.38308,-4.3183613,-4.3183613,26,Ready1H,8.073042,,,,26->26:Exact,none; server owns swing cadence
490,8.106473,0.016718,Tick,live-sample,true,0xF13000007A00F286,,server,,unchecked,unchecked,none,92.38308,-4.3183613,-4.3183613,26,Ready1H,8.08976,,,,26->26:Exact,none; server owns swing cadence
491,8.123395,0.016922,Tick,live-sample,true,0xF13000007A00F286,,server,,unchecked,unchecked,none,92.38308,-4.3183613,-4.3183613,26,Ready1H,8.106683,,,,26->26:Exact,none; server owns swing cadence
492,8.140235,0.016839,Tick,live-sample,true,0xF13000007A00F286,,server,,unchecked,unchecked,none,92.38308,-4.3183613,-4.3183613,26,Ready1H,8.123522,,,,26->26:Exact,none; server owns swing cadence
493,8.157093,0.016858,Tick,live-sample,true,0xF13000007A00F286,,server,,unchecked,unchecked,none,92.38308,-4.3183613,-4.3183613,26,Ready1H,8.14038,,,,26->26:Exact,none; server owns swing cadence
494,8.173166,0.016073,Tick,live-sample,true,0xF13000007A00F286,,server,,unchecked,unchecked,none,92.38308,-4.3183613,-4.3183613,26,Ready1H,8.156452,,,,26->26:Exact,none; server owns swing cadence
495,8.190988,0.017822,Tick,live-sample,true,0xF13000007A00F286,,server,,unchecked,unchecked,none,92.38308,-4.3183613,-4.3183613,26,Ready1H,8.174274,,,,26->26:Exact,none; server owns swing cadence
496,8.206688,0.015700,Tick,live-sample,true,0xF13000007A00F286,,server,,unchecked,unchecked,none,92.38308,-4.3183613,-4.3183613,26,Ready1H,8.189975,,,,26->26:Exact,none; server owns swing cadence
497,8.223169,0.016481,Tick,live-sample,true,0xF13000007A00F286,,server,,unchecked,unchecked,none,92.38308,-4.3183613,-4.3183613,26,Ready1H,8.206456,,,,26->26:Exact,none; server owns swing cadence
498,8.240028,0.016858,Tick,live-sample,true,0xF13000007A00F286,,server,,unchecked,unchecked,none,92.38308,-4.3183613,-4.3183613,26,Ready1H,8.223314,,,,26->26:Exact,none; server owns swing cadence
499,8.256575,0.016548,Tick,live-sample,true,0xF13000007A00F286,,server,,unchecked,unchecked,none,92.38308,-4.3183613,-4.3183613,26,Ready1H,8.239862,,,,26->26:Exact,none; server owns swing cadence
500,8.273447,0.016872,Tick,live-sample,true,0xF13000007A00F286,,server,,unchecked,unchecked,none,92.38308,-4.3183613,-4.3183613,26,Ready1H,8.256734,,,,26->26:Exact,none; server owns swing cadence
501,8.289989,0.016542,Tick,live-sample,true,0xF13000007A00F286,,server,,unchecked,unchecked,none,92.38308,-4.3183613,-4.3183613,26,Ready1H,8.273276,,,,26->26:Exact,none; server owns swing cadence
502,8.306623,0.016634,Tick,live-sample,true,0xF13000007A00F286,,server,,unchecked,unchecked,none,92.38308,-4.3183613,-4.3183613,26,Ready1H,8.28991,,,,26->26:Exact,none; server owns swing cadence
503,8.323221,0.016598,Tick,live-sample,true,0xF13000007A00F286,,server,,unchecked,unchecked,none,92.38308,-4.3183613,-4.3183613,26,Ready1H,8.306508,,,,26->26:Exact,none; server owns swing cadence
504,8.339987,0.016766,Tick,live-sample,true,0xF13000007A00F286,,server,,unchecked,unchecked,none,92.38308,-4.3183613,-4.3183613,26,Ready1H,8.323274,,,,26->26:Exact,none; server owns swing cadence
505,8.356753,0.016766,Tick,live-sample,true,0xF13000007A00F286,,server,,unchecked,unchecked,none,92.38308,-4.3183613,-4.3183613,26,Ready1H,8.34004,,,,26->26:Exact,none; server owns swing cadence
506,8.373410,0.016657,Tick,live-sample,true,0xF13000007A00F286,,server,,unchecked,unchecked,none,92.38308,-4.3183613,-4.3183613,26,Ready1H,8.356697,,,,26->26:Exact,none; server owns swing cadence
507,8.389979,0.016569,Tick,live-sample,true,0xF13000007A00F286,,server,,unchecked,unchecked,none,92.38308,-4.3183613,-4.3183613,26,Ready1H,8.373266,,,,26->26:Exact,none; server owns swing cadence
508,8.406855,0.016876,Tick,live-sample,true,0xF13000007A00F286,,server,,unchecked,unchecked,none,92.38308,-4.3183613,-4.3183613,26,Ready1H,8.390142,,,,26->26:Exact,none; server owns swing cadence
509,8.423383,0.016528,Tick,live-sample,true,0xF13000007A00F286,,server,,unchecked,unchecked,none,92.38308,-4.3183613,-4.3183613,26,Ready1H,8.406671,,,,26->26:Exact,none; server owns swing cadence
510,8.440480,0.017096,Tick,live-sample,true,0xF13000007A00F286,,server,,unchecked,unchecked,none,92.38308,-4.3183613,-4.3183613,26,Ready1H,8.423767,,,,26->26:Exact,none; server owns swing cadence
511,8.456721,0.016241,Tick,live-sample,true,0xF13000007A00F286,,server,,unchecked,unchecked,none,92.38308,-4.3183613,-4.3183613,26,Ready1H,8.440008,,,,26->26:Exact,none; server owns swing cadence
512,8.473388,0.016668,Tick,live-sample,true,0xF13000007A00F286,,server,,unchecked,unchecked,none,92.38308,-4.3183613,-4.3183613,26,Ready1H,8.456676,,,,26->26:Exact,none; server owns swing cadence
513,8.490134,0.016745,Tick,live-sample,true,0xF13000007A00F286,,server,,unchecked,unchecked,none,92.38308,-4.3183613,-4.3183613,26,Ready1H,8.473421,,,,26->26:Exact,none; server owns swing cadence
514,8.506955,0.016821,Tick,live-sample,true,0xF13000007A00F286,,server,,unchecked,unchecked,none,92.38308,-4.3183613,-4.3183613,26,Ready1H,8.490242,,,,26->26:Exact,none; server owns swing cadence
515,8.523490,0.016536,Tick,live-sample,true,0xF13000007A00F286,,server,,unchecked,unchecked,none,92.38308,-4.3183613,-4.3183613,26,Ready1H,8.506778,,,,26->26:Exact,none; server owns swing cadence
516,8.540185,0.016694,Tick,live-sample,true,0xF13000007A00F286,,server,,unchecked,unchecked,none,92.38308,-4.3183613,-4.3183613,26,Ready1H,8.523472,,,,26->26:Exact,none; server owns swing cadence
517,8.556860,0.016675,Tick,live-sample,true,0xF13000007A00F286,,server,,unchecked,unchecked,none,92.38308,-4.3183613,-4.3183613,26,Ready1H,8.540147,,,,26->26:Exact,none; server owns swing cadence
518,8.573497,0.016637,Tick,live-sample,true,0xF13000007A00F286,,server,,unchecked,unchecked,none,92.38308,-4.3183613,-4.3183613,26,Ready1H,8.556784,,,,26->26:Exact,none; server owns swing cadence
519,8.590215,0.016719,Tick,live-sample,true,0xF13000007A00F286,,server,,unchecked,unchecked,none,92.38308,-4.3183613,-4.3183613,26,Ready1H,8.573503,,,,26->26:Exact,none; server owns swing cadence
520,8.606808,0.016592,Tick,live-sample,true,0xF13000007A00F286,,server,,unchecked,unchecked,none,92.38308,-4.3183613,-4.3183613,26,Ready1H,8.590095,,,,26->26:Exact,none; server owns swing cadence
521,8.623503,0.016696,Tick,live-sample,true,0xF13000007A00F286,,server,,unchecked,unchecked,none,92.38308,-4.3183613,-4.3183613,26,Ready1H,8.606791,,,,26->26:Exact,none; server owns swing cadence
522,8.640213,0.016709,Tick,live-sample,true,0xF13000007A00F286,,server,,unchecked,unchecked,none,92.38308,-4.3183613,-4.3183613,26,Ready1H,8.6235,,,,26->26:Exact,none; server owns swing cadence
523,8.656831,0.016618,Tick,live-sample,true,0xF13000007A00F286,,server,,unchecked,unchecked,none,92.38308,-4.3183613,-4.3183613,26,Ready1H,8.640118,,,,26->26:Exact,none; server owns swing cadence
524,8.673886,0.017056,Tick,live-sample,true,0xF13000007A00F286,,server,,unchecked,unchecked,none,92.38308,-4.3183613,-4.3183613,26,Ready1H,8.657173,,,,26->26:Exact,none; server owns swing cadence
525,8.690243,0.016357,Tick,live-sample,true,0xF13000007A00F286,,server,,unchecked,unchecked,none,92.38308,-4.3183613,-4.3183613,26,Ready1H,8.67353,,,,26->26:Exact,none; server owns swing cadence
526,8.707442,0.017199,Tick,live-sample,true,0xF13000007A00F286,,server,,unchecked,unchecked,none,92.38308,-4.3183613,-4.3183613,26,Ready1H,8.690729,,,,26->26:Exact,none; server owns swing cadence
527,8.723580,0.016137,Tick,live-sample,true,0xF13000007A00F286,,server,,unchecked,unchecked,none,92.38308,-4.3183613,-4.3183613,26,Ready1H,8.706866,,,,26->26:Exact,none; server owns swing cadence
528,8.740229,0.016649,Tick,live-sample,true,0xF13000007A00F286,,server,,unchecked,unchecked,none,92.38308,-4.3183613,-4.3183613,26,Ready1H,8.7235155,,,,26->26:Exact,none; server owns swing cadence
529,8.756918,0.016689,Tick,live-sample,true,0xF13000007A00F286,,server,,unchecked,unchecked,none,92.38308,-4.3183613,-4.3183613,26,Ready1H,8.740205,,,,26->26:Exact,none; server owns swing cadence
530,8.773676,0.016758,Tick,live-sample,true,0xF13000007A00F286,,server,,unchecked,unchecked,none,92.38308,-4.3183613,-4.3183613,26,Ready1H,8.756963,,,,26->26:Exact,none; server owns swing cadence
531,8.791424,0.017748,Tick,live-sample,true,0xF13000007A00F286,,server,,unchecked,unchecked,none,92.38308,-4.3183613,-4.3183613,26,Ready1H,8.774711,,,,26->26:Exact,none; server owns swing cadence
532,8.807111,0.015687,Tick,live-sample,true,0xF13000007A00F286,,server,,unchecked,unchecked,none,92.38308,-4.3183613,-4.3183613,26,Ready1H,8.790398,,,,26->26:Exact,none; server owns swing cadence
533,8.823812,0.016701,Tick,live-sample,true,0xF13000007A00F286,,server,,unchecked,unchecked,none,92.38308,-4.3183613,-4.3183613,26,Ready1H,8.807098,,,,26->26:Exact,none; server owns swing cadence
534,8.840494,0.016682,Tick,live-sample,true,0xF13000007A00F286,,server,,unchecked,unchecked,none,92.38308,-4.3183613,-4.3183613,26,Ready1H,8.823781,,,,26->26:Exact,none; server owns swing cadence
535,8.857099,0.016605,Tick,live-sample,true,0xF13000007A00F286,,server,,unchecked,unchecked,none,92.38308,-4.3183613,-4.3183613,26,Ready1H,8.840385,,,,26->26:Exact,none; server owns swing cadence
536,8.873887,0.016788,Tick,live-sample,true,0xF13000007A00F286,,server,,unchecked,unchecked,none,92.38308,-4.3183613,-4.3183613,26,Ready1H,8.857173,,,,26->26:Exact,none; server owns swing cadence
537,8.890513,0.016627,Tick,live-sample,true,0xF13000007A00F286,,server,,unchecked,unchecked,none,92.38308,-4.3183613,-4.3183613,26,Ready1H,8.873799,,,,26->26:Exact,none; server owns swing cadence
538,8.907119,0.016606,Tick,live-sample,true,0xF13000007A00F286,,server,,unchecked,unchecked,none,92.38308,-4.3183613,-4.3183613,26,Ready1H,8.890406,,,,26->26:Exact,none; server owns swing cadence
539,8.923687,0.016568,Tick,live-sample,true,0xF13000007A00F286,,server,,unchecked,unchecked,none,92.38308,-4.3183613,-4.3183613,26,Ready1H,8.906974,,,,26->26:Exact,none; server owns swing cadence
540,8.940561,0.016874,Tick,live-sample,true,0xF13000007A00F286,,server,,unchecked,unchecked,none,92.38308,-4.3183613,-4.3183613,26,Ready1H,8.923848,,,,26->26:Exact,none; server owns swing cadence
541,8.957078,0.016516,Tick,live-sample,true,0xF13000007A00F286,,server,,unchecked,unchecked,none,92.38308,-4.3183613,-4.3183613,26,Ready1H,8.940365,,,,26->26:Exact,none; server owns swing cadence
542,8.973964,0.016887,Tick,live-sample,true,0xF13000007A00F286,,server,,unchecked,unchecked,none,92.38308,-4.3183613,-4.3183613,26,Ready1H,8.957252,,,,26->26:Exact,none; server owns swing cadence
543,8.990506,0.016542,Tick,live-sample,true,0xF13000007A00F286,,server,,unchecked,unchecked,none,92.38308,-4.3183613,-4.3183613,26,Ready1H,8.973793,,,,26->26:Exact,none; server owns swing cadence
544,9.007007,0.016501,Tick,live-sample,true,0xF13000007A00F286,,server,,unchecked,unchecked,none,92.38308,-4.3183613,-4.3183613,26,Ready1H,8.9902935,,,,26->26:Exact,none; server owns swing cadence
545,9.023790,0.016783,Tick,live-sample,true,0xF13000007A00F286,,server,,unchecked,unchecked,none,92.38308,-4.3183613,-4.3183613,26,Ready1H,9.007077,,,,26->26:Exact,none; server owns swing cadence
546,9.040592,0.016802,Tick,live-sample,true,0xF13000007A00F286,,server,,unchecked,unchecked,none,92.38308,-4.3183613,-4.3183613,26,Ready1H,9.023879,,,,26->26:Exact,none; server owns swing cadence
547,9.057223,0.016631,Tick,live-sample,true,0xF13000007A00F286,,server,,unchecked,unchecked,none,92.38308,-4.3183613,-4.3183613,26,Ready1H,9.040509,,,,26->26:Exact,none; server owns swing cadence
548,9.074156,0.016933,Tick,live-sample,true,0xF13000007A00F286,,server,,unchecked,unchecked,none,92.38308,-4.3183613,-4.3183613,26,Ready1H,9.057443,,,,26->26:Exact,none; server owns swing cadence
549,9.090554,0.016398,Tick,live-sample,true,0xF13000007A00F286,,server,,unchecked,unchecked,none,92.38308,-4.3183613,-4.3183613,26,Ready1H,9.07384,,,,26->26:Exact,none; server owns swing cadence
550,9.107591,0.017038,Tick,live-sample,true,0xF13000007A00F286,,server,,unchecked,unchecked,none,92.38308,-4.3183613,-4.3183613,26,Ready1H,9.090878,,,,26->26:Exact,none; server owns swing cadence
551,9.124171,0.016579,Tick,live-sample,true,0xF13000007A00F286,,server,,unchecked,unchecked,none,92.38308,-4.3183613,-4.3183613,26,Ready1H,9.107457,,,,26->26:Exact,none; server owns swing cadence
552,9.140390,0.016219,Tick,live-sample,true,0xF13000007A00F286,,server,,unchecked,unchecked,none,92.38308,-4.3183613,-4.3183613,26,Ready1H,9.123676,,,,26->26:Exact,none; server owns swing cadence
553,9.157239,0.016849,Tick,live-sample,true,0xF13000007A00F286,,server,,unchecked,unchecked,none,92.38308,-4.3183613,-4.3183613,26,Ready1H,9.140526,,,,26->26:Exact,none; server owns swing cadence
554,9.174047,0.016808,Tick,live-sample,true,0xF13000007A00F286,,server,,unchecked,unchecked,none,92.38308,-4.3183613,-4.3183613,26,Ready1H,9.157334,,,,26->26:Exact,none; server owns swing cadence
555,9.190747,0.016700,Tick,live-sample,true,0xF13000007A00F286,,server,,unchecked,unchecked,none,92.38308,-4.3183613,-4.3183613,26,Ready1H,9.174034,,,,26->26:Exact,none; server owns swing cadence
556,9.207464,0.016717,Tick,live-sample,true,0xF13000007A00F286,,server,,unchecked,unchecked,none,92.38308,-4.3183613,-4.3183613,26,Ready1H,9.190751,,,,26->26:Exact,none; server owns swing cadence
557,9.224124,0.016660,Tick,live-sample,true,0xF13000007A00F286,,server,,unchecked,unchecked,none,92.38308,-4.3183613,-4.3183613,26,Ready1H,9.207411,,,,26->26:Exact,none; server owns swing cadence
558,9.240681,0.016556,Tick,live-sample,true,0xF13000007A00F286,,server,,unchecked,unchecked,none,92.38308,-4.3183613,-4.3183613,26,Ready1H,9.223968,,,,26->26:Exact,none; server owns swing cadence
559,9.257494,0.016813,Tick,live-sample,true,0xF13000007A00F286,,server,,unchecked,unchecked,none,92.38308,-4.3183613,-4.3183613,26,Ready1H,9.240781,,,,26->26:Exact,none; server owns swing cadence
560,9.274112,0.016618,Tick,live-sample,true,0xF13000007A00F286,,server,,unchecked,unchecked,none,92.38308,-4.3183613,-4.3183613,26,Ready1H,9.257399,,,,26->26:Exact,none; server owns swing cadence
561,9.291960,0.017848,Tick,live-sample,true,0xF13000007A00F286,,server,,unchecked,unchecked,none,92.38308,-4.3183613,-4.3183613,26,Ready1H,9.275247,,,,26->26:Exact,none; server owns swing cadence
562,9.307521,0.015561,Tick,live-sample,true,0xF13000007A00F286,,server,,unchecked,unchecked,none,92.38308,-4.3183613,-4.3183613,26,Ready1H,9.290808,,,,26->26:Exact,none; server owns swing cadence
563,9.324176,0.016655,Tick,live-sample,true,0xF13000007A00F286,,server,,unchecked,unchecked,none,92.38308,-4.3183613,-4.3183613,26,Ready1H,9.307463,,,,26->26:Exact,none; server owns swing cadence
564,9.340814,0.016639,Tick,live-sample,true,0xF13000007A00F286,,server,,unchecked,unchecked,none,92.38308,-4.3183613,-4.3183613,26,Ready1H,9.324101,,,,26->26:Exact,none; server owns swing cadence
565,9.357466,0.016652,Tick,live-sample,true,0xF13000007A00F286,,server,,unchecked,unchecked,none,92.38308,-4.3183613,-4.3183613,26,Ready1H,9.340754,,,,26->26:Exact,none; server owns swing cadence
566,9.374440,0.016974,Tick,live-sample,true,0xF13000007A00F286,,server,,unchecked,unchecked,none,92.38308,-4.3183613,-4.3183613,26,Ready1H,9.357728,,,,26->26:Exact,none; server owns swing cadence
567,9.390933,0.016493,Tick,live-sample,true,0xF13000007A00F286,,server,,unchecked,unchecked,none,92.38308,-4.3183613,-4.3183613,26,Ready1H,9.374221,,,,26->26:Exact,none; server owns swing cadence
568,9.407650,0.016717,Tick,live-sample,true,0xF13000007A00F286,,server,,unchecked,unchecked,none,92.38308,-4.3183613,-4.3183613,26,Ready1H,9.390938,,,,26->26:Exact,none; server owns swing cadence
569,9.424232,0.016582,Tick,live-sample,true,0xF13000007A00F286,,server,,unchecked,unchecked,none,92.38308,-4.3183613,-4.3183613,26,Ready1H,9.40752,,,,26->26:Exact,none; server owns swing cadence
570,9.441009,0.016778,Tick,live-sample,true,0xF13000007A00F286,,server,,unchecked,unchecked,none,92.38308,-4.3183613,-4.3183613,26,Ready1H,9.424298,,,,26->26:Exact,none; server owns swing cadence
571,9.457675,0.016665,Tick,live-sample,true,0xF13000007A00F286,,server,,unchecked,unchecked,none,92.38308,-4.3183613,-4.3183613,26,Ready1H,9.440964,,,,26->26:Exact,none; server owns swing cadence
572,9.474548,0.016873,Tick,live-sample,true,0xF13000007A00F286,,server,,unchecked,unchecked,none,92.38308,-4.3183613,-4.3183613,26,Ready1H,9.457837,,,,26->26:Exact,none; server owns swing cadence
573,9.491017,0.016468,Tick,live-sample,true,0xF13000007A00F286,,server,,unchecked,unchecked,none,92.38308,-4.3183613,-4.3183613,26,Ready1H,9.474305,,,,26->26:Exact,none; server owns swing cadence
574,9.507857,0.016840,Tick,live-sample,true,0xF13000007A00F286,,server,,unchecked,unchecked,none,92.38308,-4.3183613,-4.3183613,26,Ready1H,9.491145,,,,26->26:Exact,none; server owns swing cadence
575,9.524281,0.016424,Tick,live-sample,true,0xF13000007A00F286,,server,,unchecked,unchecked,none,92.38308,-4.3183613,-4.3183613,26,Ready1H,9.507569,,,,26->26:Exact,none; server owns swing cadence
576,9.541115,0.016835,Tick,live-sample,true,0xF13000007A00F286,,server,,unchecked,unchecked,none,92.38308,-4.3183613,-4.3183613,26,Ready1H,9.524404,,,,26->26:Exact,none; server owns swing cadence
577,9.557624,0.016509,Tick,live-sample,true,0xF13000007A00F286,,server,,unchecked,unchecked,none,92.38308,-4.3183613,-4.3183613,26,Ready1H,9.540913,,,,26->26:Exact,none; server owns swing cadence
578,9.574411,0.016787,Tick,live-sample,true,0xF13000007A00F286,,server,,unchecked,unchecked,none,92.38308,-4.3183613,-4.3183613,26,Ready1H,9.557699,,,,26->26:Exact,none; server owns swing cadence
579,9.591119,0.016708,Tick,live-sample,true,0xF13000007A00F286,,server,,unchecked,unchecked,none,92.38308,-4.3183613,-4.3183613,26,Ready1H,9.574408,,,,26->26:Exact,none; server owns swing cadence
580,9.607855,0.016736,Tick,live-sample,true,0xF13000007A00F286,,server,,unchecked,unchecked,none,92.38308,-4.3183613,-4.3183613,26,Ready1H,9.591144,,,,26->26:Exact,none; server owns swing cadence
581,9.624290,0.016435,Tick,live-sample,true,0xF13000007A00F286,,server,,unchecked,unchecked,none,92.38308,-4.3183613,-4.3183613,26,Ready1H,9.607578,,,,26->26:Exact,none; server owns swing cadence
582,9.640885,0.016595,Tick,live-sample,true,0xF13000007A00F286,,server,,unchecked,unchecked,none,92.38308,-4.3183613,-4.3183613,26,Ready1H,9.624173,,,,26->26:Exact,none; server owns swing cadence
583,9.657672,0.016787,Tick,live-sample,true,0xF13000007A00F286,,server,,unchecked,unchecked,none,92.38308,-4.3183613,-4.3183613,26,Ready1H,9.64096,,,,26->26:Exact,none; server owns swing cadence
584,9.674449,0.016778,Tick,live-sample,true,0xF13000007A00F286,,server,,unchecked,unchecked,none,92.38308,-4.3183613,-4.3183613,26,Ready1H,9.657738,,,,26->26:Exact,none; server owns swing cadence
585,9.691298,0.016849,Tick,live-sample,true,0xF13000007A00F286,,server,,unchecked,unchecked,none,92.38308,-4.3183613,-4.3183613,26,Ready1H,9.674586,,,,26->26:Exact,none; server owns swing cadence
586,9.707677,0.016379,Tick,live-sample,true,0xF13000007A00F286,,server,,unchecked,unchecked,none,92.38308,-4.3183613,-4.3183613,26,Ready1H,9.690966,,,,26->26:Exact,none; server owns swing cadence
587,9.724405,0.016728,Tick,live-sample,true,0xF13000007A00F286,,server,,unchecked,unchecked,none,92.38308,-4.3183613,-4.3183613,26,Ready1H,9.707693,,,,26->26:Exact,none; server owns swing cadence
588,9.741312,0.016907,Tick,live-sample,true,0xF13000007A00F286,,server,,unchecked,unchecked,none,92.38308,-4.3183613,-4.3183613,26,Ready1H,9.7246,,,,26->26:Exact,none; server owns swing cadence
589,9.757872,0.016560,Tick,live-sample,true,0xF13000007A00F286,,server,,unchecked,unchecked,none,92.38308,-4.3183613,-4.3183613,26,Ready1H,9.74116,,,,26->26:Exact,none; server owns swing cadence
590,9.774685,0.016813,Tick,live-sample,true,0xF13000007A00F286,,server,,unchecked,unchecked,none,92.38308,-4.3183613,-4.3183613,26,Ready1H,9.757974,,,,26->26:Exact,none; server owns swing cadence
591,9.791218,0.016533,Tick,live-sample,true,0xF13000007A00F286,,server,,unchecked,unchecked,none,92.38308,-4.3183613,-4.3183613,26,Ready1H,9.774507,,,,26->26:Exact,none; server owns swing cadence
592,9.807678,0.016460,Tick,live-sample,true,0xF13000007A00F286,,server,,unchecked,unchecked,none,92.38308,-4.3183613,-4.3183613,26,Ready1H,9.790966,,,,26->26:Exact,none; server owns swing cadence
593,9.824620,0.016942,Tick,live-sample,true,0xF13000007A00F286,,server,,unchecked,unchecked,none,92.38308,-4.3183613,-4.3183613,26,Ready1H,9.807908,,,,26->26:Exact,none; server owns swing cadence
594,9.841583,0.016963,Tick,live-sample,true,0xF13000007A00F286,,server,,unchecked,unchecked,none,92.38308,-4.3183613,-4.3183613,26,Ready1H,9.824871,,,,26->26:Exact,none; server owns swing cadence
595,9.857801,0.016219,Tick,live-sample,true,0xF13000007A00F286,,server,,unchecked,unchecked,none,92.38308,-4.3183613,-4.3183613,26,Ready1H,9.841089,,,,26->26:Exact,none; server owns swing cadence
596,9.874949,0.017148,Tick,live-sample,true,0xF13000007A00F286,,server,,unchecked,unchecked,none,92.38308,-4.3183613,-4.3183613,26,Ready1H,9.858237,,,,26->26:Exact,none; server owns swing cadence
597,9.892485,0.017536,Tick,live-sample,true,0xF13000007A00F286,,server,,unchecked,unchecked,none,92.38308,-4.3183613,-4.3183613,26,Ready1H,9.875773,,,,26->26:Exact,none; server owns swing cadence
598,9.907812,0.015327,Tick,live-sample,true,0xF13000007A00F286,,server,,unchecked,unchecked,none,92.38308,-4.3183613,-4.3183613,26,Ready1H,9.8911,,,,26->26:Exact,none; server owns swing cadence
599,9.924559,0.016747,Tick,live-sample,true,0xF13000007A00F286,,server,,unchecked,unchecked,none,92.38308,-4.3183613,-4.3183613,26,Ready1H,9.907847,,,,26->26:Exact,none; server owns swing cadence
600,9.941157,0.016598,Tick,live-sample,true,0xF13000007A00F286,,server,,unchecked,unchecked,none,92.38308,-4.3183613,-4.3183613,26,Ready1H,9.924445,,,,26->26:Exact,none; server owns swing cadence
601,9.958073,0.016916,Tick,live-sample,true,0xF13000007A00F286,,server,,unchecked,unchecked,none,92.38308,-4.3183613,-4.3183613,26,Ready1H,9.941361,,,,26->26:Exact,none; server owns swing cadence
602,9.974719,0.016645,Tick,live-sample,true,0xF13000007A00F286,,server,,unchecked,unchecked,none,92.38308,-4.3183613,-4.3183613,26,Ready1H,9.958007,,,,26->26:Exact,none; server owns swing cadence
603,9.991078,0.016360,Tick,live-sample,true,0xF13000007A00F286,,server,,unchecked,unchecked,none,92.38308,-4.3183613,-4.3183613,26,Ready1H,9.974367,,,,26->26:Exact,none; server owns swing cadence
604,10.007913,0.016835,Tick,live-sample,true,0xF13000007A00F286,,server,,unchecked,unchecked,none,92.38308,-4.3183613,-4.3183613,26,Ready1H,9.991201,,,,26->26:Exact,none; server owns swing cadence
605,10.024644,0.016731,Tick,live-sample,true,0xF13000007A00F286,,server,,unchecked,unchecked,none,92.38308,-4.3183613,-4.3183613,26,Ready1H,10.007933,,,,26->26:Exact,none; server owns swing cadence
606,10.024644,0.000000,AttackStopSend,network-session-send,true,0x0000000000000000,CMSG_ATTACKSTOP,server,,unchecked,unchecked,none,-1,,,26,Ready1H,10.007933,,,,26->26:Exact,CMSG_ATTACKSTOP
607,10.024644,0.000000,IntentOff,user-cancel,true,0xF13000007A00F286,,server,,unchecked,unchecked,none,92.38308,-4.3183613,-4.3183613,26,Ready1H,10.007933,,,,26->26:Exact,local attack latch edge
608,10.041592,0.016948,Tick,live-sample,false,0x0000000000000000,,server,,unchecked,unchecked,none,-1,,,26,Ready1H,10.02488,,,,26->26:Exact,none; server owns swing cadence
