row,t,dt,event,cause,intentOn,targetGuid,opcode,swingTimerOwner,weaponSpeedMs,rangeEligibility,arcEligibility,clientAction,distance,bearingDelta,facingDelta,clipId,clipName,clipTime,clipB,clipBTime,blendWeight,animChoice,detail
0,0.000000,0.000000,TraceStart,operator,false,0x0000000000000000,,server,,unchecked,unchecked,none,-1,,,0,Stand,0.47065854,,,,0->0:Exact,server-authoritative swing timing; client range/arc gates absent
1,0.000000,0.000000,AttackSwingSend,network-session-send,false,0xF13000000604A279,CMSG_ATTACKSWING,server,,unchecked,unchecked,none,0,,,0,Stand,0.48882693,,,,0->0:Exact,CMSG_ATTACKSWING
2,0.000000,0.000000,IntentOn,user-start,true,0xF13000000604A279,,server,,unchecked,unchecked,none,0,,,0,Stand,0.48882693,,,,0->0:Exact,local attack latch edge
3,0.011473,0.011473,Tick,live-sample,true,0xF13000000604A279,,server,,unchecked,unchecked,none,0,,,0,Stand,0.50029993,,,,0->0:Exact,none; server owns swing cadence
4,0.028111,0.016638,Tick,live-sample,true,0xF13000000604A279,,server,,unchecked,unchecked,none,0,,,0,Stand,0.51693815,,,,0->0:Exact,none; server owns swing cadence
5,0.048407,0.020296,Tick,live-sample,true,0xF13000000604A279,,server,,unchecked,unchecked,none,0,,,0,Stand,0.53723437,,,,0->0:Exact,none; server owns swing cadence
6,0.065173,0.016766,Tick,live-sample,true,0xF13000000604A279,,server,,unchecked,unchecked,none,0,,,0,Stand,0.5540004,,,,0->0:Exact,none; server owns swing cadence
7,0.078133,0.012960,Tick,live-sample,true,0xF13000000604A279,,server,,unchecked,unchecked,none,0,,,0,Stand,0.5669603,,,,0->0:Exact,none; server owns swing cadence
8,0.094857,0.016723,Tick,live-sample,true,0xF13000000604A279,,server,,unchecked,unchecked,none,0,,,0,Stand,0.58368355,,,,0->0:Exact,none; server owns swing cadence
9,0.115306,0.020450,Tick,live-sample,true,0xF13000000604A279,,server,,unchecked,unchecked,none,0,,,0,Stand,0.60413325,,,,0->0:Exact,none; server owns swing cadence
10,0.132626,0.017319,Tick,live-sample,true,0xF13000000604A279,,server,,unchecked,unchecked,none,0,,,0,Stand,0.6214526,,,,0->0:Exact,none; server owns swing cadence
11,0.148549,0.015923,Tick,live-sample,true,0xF13000000604A279,,server,,unchecked,unchecked,none,0,,,0,Stand,0.6373757,,,,0->0:Exact,none; server owns swing cadence
12,0.165271,0.016722,Tick,live-sample,true,0xF13000000604A279,,server,,unchecked,unchecked,none,0,,,0,Stand,0.6540979,,,,0->0:Exact,none; server owns swing cadence
13,0.184133,0.018862,Tick,live-sample,true,0xF13000000604A279,,server,,unchecked,unchecked,none,0,,,0,Stand,0.67296004,,,,0->0:Exact,none; server owns swing cadence
14,0.197294,0.013161,Tick,live-sample,true,0xF13000000604A279,,server,,unchecked,unchecked,none,0,,,0,Stand,0.68612117,,,,0->0:Exact,none; server owns swing cadence
15,0.213666,0.016371,Tick,live-sample,true,0xF13000000604A279,,server,,unchecked,unchecked,none,0,,,0,Stand,0.70249265,,,,0->0:Exact,none; server owns swing cadence
16,0.228462,0.014796,Tick,live-sample,true,0xF13000000604A279,,server,,unchecked,unchecked,none,0,,,0,Stand,0.7172887,,,,0->0:Exact,none; server owns swing cadence
17,0.246959,0.018497,Tick,live-sample,true,0xF13000000604A279,,server,,unchecked,unchecked,none,0,,,0,Stand,0.7357859,,,,0->0:Exact,none; server owns swing cadence
18,0.263734,0.016775,Tick,live-sample,true,0xF13000000604A279,,server,,unchecked,unchecked,none,0,,,0,Stand,0.7525606,,,,0->0:Exact,none; server owns swing cadence
19,0.278256,0.014523,Tick,live-sample,true,0xF13000000604A279,,server,,unchecked,unchecked,none,0,,,0,Stand,0.7670831,,,,0->0:Exact,none; server owns swing cadence
20,0.294931,0.016675,Tick,live-sample,true,0xF13000000604A279,,server,,unchecked,unchecked,none,0,,,0,Stand,0.7837582,,,,0->0:Exact,none; server owns swing cadence
21,0.311643,0.016712,Tick,live-sample,true,0xF13000000604A279,,server,,unchecked,unchecked,none,0,,,0,Stand,0.8004701,,,,0->0:Exact,none; server owns swing cadence
22,0.330246,0.018603,Tick,live-sample,true,0xF13000000604A279,,server,,unchecked,unchecked,none,0,,,0,Stand,0.81907314,,,,0->0:Exact,none; server owns swing cadence
23,0.346928,0.016681,Tick,live-sample,true,0xF13000000604A279,,server,,unchecked,unchecked,none,0,,,0,Stand,0.8357545,,,,0->0:Exact,none; server owns swing cadence
24,0.363912,0.016984,Tick,live-sample,true,0xF13000000604A279,,server,,unchecked,unchecked,none,0,,,0,Stand,0.8527389,,,,0->0:Exact,none; server owns swing cadence
25,0.380815,0.016903,Tick,live-sample,true,0xF13000000604A279,,server,,unchecked,unchecked,none,0,,,0,Stand,0.86964244,,,,0->0:Exact,none; server owns swing cadence
26,0.396989,0.016174,Tick,live-sample,true,0xF13000000604A279,,server,,unchecked,unchecked,none,0,,,0,Stand,0.8858162,,,,0->0:Exact,none; server owns swing cadence
27,0.413613,0.016623,Tick,live-sample,true,0xF13000000604A279,,server,,unchecked,unchecked,none,0,,,0,Stand,0.9024396,,,,0->0:Exact,none; server owns swing cadence
28,0.428436,0.014823,Tick,live-sample,true,0xF13000000604A279,,server,,unchecked,unchecked,none,0,,,0,Stand,0.9172627,,,,0->0:Exact,none; server owns swing cadence
29,0.445279,0.016843,Tick,live-sample,true,0xF13000000604A279,,server,,unchecked,unchecked,none,0,,,0,Stand,0.934106,,,,0->0:Exact,none; server owns swing cadence
30,0.462018,0.016739,Tick,live-sample,true,0xF13000000604A279,,server,,unchecked,unchecked,none,0,,,0,Stand,0.95084476,,,,0->0:Exact,none; server owns swing cadence
31,0.478393,0.016375,Tick,live-sample,true,0xF13000000604A279,,server,,unchecked,unchecked,none,0,,,0,Stand,0.9672196,,,,0->0:Exact,none; server owns swing cadence
32,0.496945,0.018552,Tick,live-sample,true,0xF13000000604A279,,server,,unchecked,unchecked,none,0,,,0,Stand,0.9857718,,,,0->0:Exact,none; server owns swing cadence
33,0.513604,0.016659,Tick,live-sample,true,0xF13000000604A279,,server,,unchecked,unchecked,none,0,,,0,Stand,1.002431,,,,0->0:Exact,none; server owns swing cadence
34,0.530549,0.016945,Tick,live-sample,true,0xF13000000604A279,,server,,unchecked,unchecked,none,0,,,0,Stand,1.0193759,,,,0->0:Exact,none; server owns swing cadence
35,0.545186,0.014637,Tick,live-sample,true,0xF13000000604A279,,server,,unchecked,unchecked,none,0,,,0,Stand,1.0340132,,,,0->0:Exact,none; server owns swing cadence
36,0.563716,0.018530,Tick,live-sample,true,0xF13000000604A279,,server,,unchecked,unchecked,none,0,,,0,Stand,1.0525434,,,,0->0:Exact,none; server owns swing cadence
37,0.580371,0.016655,Tick,live-sample,true,0xF13000000604A279,,server,,unchecked,unchecked,none,0,,,0,Stand,1.0691983,,,,0->0:Exact,none; server owns swing cadence
38,0.597136,0.016764,Tick,live-sample,true,0xF13000000604A279,,server,,unchecked,unchecked,none,0,,,0,Stand,1.0859628,,,,0->0:Exact,none; server owns swing cadence
39,0.611987,0.014851,Tick,live-sample,true,0xF13000000604A279,,server,,unchecked,unchecked,none,0,,,0,Stand,1.1008136,,,,0->0:Exact,none; server owns swing cadence
40,0.630534,0.018547,Tick,live-sample,true,0xF13000000604A279,,server,,unchecked,unchecked,none,0,,,0,Stand,1.1193608,,,,0->0:Exact,none; server owns swing cadence
41,0.646718,0.016184,Tick,live-sample,true,0xF13000000604A279,,server,,unchecked,unchecked,none,0,,,0,Stand,1.1355453,,,,0->0:Exact,none; server owns swing cadence
42,0.663862,0.017144,Tick,live-sample,true,0xF13000000604A279,,server,,unchecked,unchecked,none,0,,,0,Stand,1.1526893,,,,0->0:Exact,none; server owns swing cadence
43,0.680400,0.016537,Tick,live-sample,true,0xF13000000604A279,,server,,unchecked,unchecked,none,0,,,0,Stand,1.1692266,,,,0->0:Exact,none; server owns swing cadence
44,0.695390,0.014990,Tick,live-sample,true,0xF13000000604A279,,server,,unchecked,unchecked,none,0,,,0,Stand,1.1842171,,,,0->0:Exact,none; server owns swing cadence
45,0.714255,0.018865,Tick,live-sample,true,0xF13000000604A279,,server,,unchecked,unchecked,none,0,,,0,Stand,1.203082,,,,0->0:Exact,none; server owns swing cadence
46,0.728712,0.014457,Tick,live-sample,true,0xF13000000604A279,,server,,unchecked,unchecked,none,0,,,0,Stand,1.2175387,,,,0->0:Exact,none; server owns swing cadence
47,0.747245,0.018533,Tick,live-sample,true,0xF13000000604A279,,server,,unchecked,unchecked,none,0,,,0,Stand,1.2360717,,,,0->0:Exact,none; server owns swing cadence
48,0.763933,0.016689,Tick,live-sample,true,0xF13000000604A279,,server,,unchecked,unchecked,none,0,,,0,Stand,1.2527604,,,,0->0:Exact,none; server owns swing cadence
49,0.780461,0.016527,Tick,live-sample,true,0xF13000000604A279,,server,,unchecked,unchecked,none,0,,,0,Stand,1.2692876,,,,0->0:Exact,none; server owns swing cadence
50,0.797316,0.016856,Tick,live-sample,true,0xF13000000604A279,,server,,unchecked,unchecked,none,0,,,0,Stand,1.2861432,,,,0->0:Exact,none; server owns swing cadence
51,0.814402,0.017086,Tick,live-sample,true,0xF13000000604A279,,server,,unchecked,unchecked,none,0,,,0,Stand,1.3032289,,,,0->0:Exact,none; server owns swing cadence
52,0.830603,0.016201,Tick,live-sample,true,0xF13000000604A279,,server,,unchecked,unchecked,none,0,,,0,Stand,1.31943,,,,0->0:Exact,none; server owns swing cadence
53,0.846940,0.016337,Tick,live-sample,true,0xF13000000604A279,,server,,unchecked,unchecked,none,0,,,0,Stand,1.3357671,,,,0->0:Exact,none; server owns swing cadence
54,0.862138,0.015198,Tick,live-sample,true,0xF13000000604A279,,server,,unchecked,unchecked,none,0,,,0,Stand,1.3509649,,,,0->0:Exact,none; server owns swing cadence
55,0.880690,0.018552,Tick,live-sample,true,0xF13000000604A279,,server,,unchecked,unchecked,none,0,,,0,Stand,1.3695166,,,,0->0:Exact,none; server owns swing cadence
56,0.897453,0.016764,Tick,live-sample,true,0xF13000000604A279,,server,,unchecked,unchecked,none,0,,,0,Stand,1.3862802,,,,0->0:Exact,none; server owns swing cadence
57,0.912055,0.014602,Tick,live-sample,true,0xF13000000604A279,,server,,unchecked,unchecked,none,0,,,0,Stand,1.4008824,,,,0->0:Exact,none; server owns swing cadence
58,0.928887,0.016832,Tick,live-sample,true,0xF13000000604A279,,server,,unchecked,unchecked,none,0,,,0,Stand,1.417714,,,,0->0:Exact,none; server owns swing cadence
59,0.947755,0.018868,Tick,live-sample,true,0xF13000000604A279,,server,,unchecked,unchecked,none,0,,,0,Stand,1.436582,,,,0->0:Exact,none; server owns swing cadence
60,0.963955,0.016200,Tick,live-sample,true,0xF13000000604A279,,server,,unchecked,unchecked,none,0,,,0,Stand,1.4527817,,,,0->0:Exact,none; server owns swing cadence
61,0.980585,0.016631,Tick,live-sample,true,0xF13000000604A279,,server,,unchecked,unchecked,none,0.04244426,-4.5575576,-4.5575576,0,Stand,1.4694122,,,,0->0:Exact,none; server owns swing cadence
62,0.997373,0.016788,Tick,live-sample,true,0xF13000000604A279,,server,,unchecked,unchecked,none,0.08490337,-4.557516,-4.557516,0,Stand,1.4862001,,,,0->0:Exact,none; server owns swing cadence
63,1.014064,0.016691,Tick,live-sample,true,0xF13000000604A279,,server,,unchecked,unchecked,none,0.1249878,-4.5619955,-4.5619955,0,Stand,1.5028914,,,,0->0:Exact,none; server owns swing cadence
64,1.030493,0.016429,Tick,live-sample,true,0xF13000000604A279,,server,,unchecked,unchecked,none,0.16744658,-4.560849,-4.560849,0,Stand,1.51932,,,,0->0:Exact,none; server owns swing cadence
65,1.047507,0.017015,Tick,live-sample,true,0xF13000000604A279,,server,,unchecked,unchecked,none,0.20989066,-4.5601835,-4.5601835,0,Stand,1.5363346,,,,0->0:Exact,none; server owns swing cadence
66,1.063955,0.016448,Tick,live-sample,true,0xF13000000604A279,,server,,unchecked,unchecked,none,0.2499756,-4.5619955,-4.5619955,0,Stand,1.5527824,,,,0->0:Exact,none; server owns swing cadence
67,1.081217,0.017262,Tick,live-sample,true,0xF13000000604A279,,server,,unchecked,unchecked,none,0.2947938,-4.5594153,-4.5594153,0,Stand,1.5700445,,,,0->0:Exact,none; server owns swing cadence
68,1.097552,0.016335,Tick,live-sample,true,0xF13000000604A279,,server,,unchecked,unchecked,none,0.33487833,-4.5608597,-4.5608597,0,Stand,1.5863795,,,,0->0:Exact,none; server owns swing cadence
69,1.114089,0.016537,Tick,live-sample,true,0xF13000000604A279,,server,,unchecked,unchecked,none,0.37497824,-4.561986,-4.561986,0,Stand,1.6029161,,,,0->0:Exact,none; server owns swing cadence
70,1.130614,0.016525,Tick,live-sample,true,0xF13000000604A279,,server,,unchecked,unchecked,none,0.41742212,-4.561536,-4.561536,0,Stand,1.619441,,,,0->0:Exact,none; server owns swing cadence
71,1.147206,0.016592,Tick,live-sample,true,0xF13000000604A279,,server,,unchecked,unchecked,none,0.45988092,-4.561161,-4.561161,0,Stand,1.6360334,,,,0->0:Exact,none; server owns swing cadence
72,1.163982,0.016776,Tick,live-sample,true,0xF13000000604A279,,server,,unchecked,unchecked,none,0.49973807,-4.5600886,-4.5600886,0,Stand,1.6528089,,,,0->0:Exact,none; server owns swing cadence
73,1.180835,0.016854,Tick,live-sample,true,0xF13000000604A279,,server,,unchecked,unchecked,none,0.5424099,-4.5616417,-4.5616417,0,Stand,1.6696624,,,,0->0:Exact,none; server owns swing cadence
74,1.197590,0.016755,Tick,live-sample,true,0xF13000000604A279,,server,,unchecked,unchecked,none,0.58486867,-4.5613394,-4.5613394,0,Stand,1.6864172,,,,0->0:Exact,none; server owns swing cadence
75,1.213986,0.016396,Tick,live-sample,true,0xF13000000604A279,,server,,unchecked,unchecked,none,0.62472564,-4.56047,-4.56047,0,Stand,1.7028128,,,,0->0:Exact,none; server owns swing cadence
76,1.230768,0.016782,Tick,live-sample,true,0xF13000000604A279,,server,,unchecked,unchecked,none,0.6671846,-4.5602794,-4.5602794,0,Stand,1.7195952,,,,0->0:Exact,none; server owns swing cadence
77,1.247788,0.017020,Tick,live-sample,true,0xF13000000604A279,,server,,unchecked,unchecked,none,0.7098565,-4.561455,-4.561455,0,Stand,1.7366153,,,,0->0:Exact,none; server owns swing cadence
78,1.264483,0.016694,Tick,live-sample,true,0xF13000000604A279,,server,,unchecked,unchecked,none,0.7523153,-4.56123,-4.56123,0,Stand,1.7533097,,,,0->0:Exact,none; server owns swing cadence
79,1.279049,0.014567,Tick,live-sample,true,0xF13000000604A279,,server,,unchecked,unchecked,none,0.7872111,-4.5607843,-4.5607843,0,Stand,1.7678764,,,,0->0:Exact,none; server owns swing cadence
80,1.297697,0.018648,Tick,live-sample,true,0xF13000000604A279,,server,,unchecked,unchecked,none,0.83484423,-4.561536,-4.561536,0,Stand,1.786524,,,,0->0:Exact,none; server owns swing cadence
81,1.314477,0.016780,Tick,live-sample,true,0xF13000000604A279,,server,,unchecked,unchecked,none,0.87730306,-4.5613394,-4.5613394,0,Stand,1.8033044,,,,0->0:Exact,none; server owns swing cadence
82,1.331889,0.017412,Tick,live-sample,true,0xF13000000604A279,,server,,unchecked,unchecked,none,0.919747,-4.561165,-4.561165,0,Stand,1.8207163,,,,0->0:Exact,none; server owns swing cadence
83,1.345863,0.013974,Tick,live-sample,true,0xF13000000604A279,,server,,unchecked,unchecked,none,0.95465773,-4.560796,-4.560796,0,Stand,1.8346905,,,,0->0:Exact,none; server owns swing cadence
84,1.364157,0.018293,Tick,live-sample,true,0xF13000000604A279,,server,,unchecked,unchecked,none,1.0022908,-4.561421,-4.561421,0,Stand,1.8529836,,,,0->0:Exact,none; server owns swing cadence
85,1.380847,0.016690,Tick,live-sample,true,0xF13000000604A279,,server,,unchecked,unchecked,none,1.0421476,-4.560897,-4.560897,0,Stand,1.8696738,,,,0->0:Exact,none; server owns swing cadence
86,1.395961,0.015115,Tick,live-sample,true,0xF13000000604A279,,server,,unchecked,unchecked,none,1.0796455,-4.560935,-4.560935,0,Stand,1.8847884,,,,0->0:Exact,none; server owns swing cadence
87,1.414813,0.018852,Tick,live-sample,true,0xF13000000604A279,,server,,unchecked,unchecked,none,1.1270506,-4.5606422,-4.5606422,0,Stand,1.9036399,,,,0->0:Exact,none; server owns swing cadence
88,1.429349,0.014536,Tick,live-sample,true,0xF13000000604A279,,server,,unchecked,unchecked,none,1.1645484,-4.5606856,-4.5606856,0,Stand,1.9181759,,,,0->0:Exact,none; server owns swing cadence
89,1.448558,0.019209,Tick,live-sample,true,0xF13000000604A279,,server,,unchecked,unchecked,none,1.2121813,-4.561207,-4.561207,0,Stand,1.9373853,,,,0->0:Exact,none; server owns swing cadence
90,1.465088,0.016530,Tick,live-sample,true,0xF13000000604A279,,server,,unchecked,unchecked,none,1.2520382,-4.560777,-4.560777,0,Stand,1.9539149,,,,0->0:Exact,none; server owns swing cadence
91,1.481311,0.016223,Tick,live-sample,true,0xF13000000604A279,,server,,unchecked,unchecked,none,1.2944971,-4.560669,-4.560669,0,Stand,1.970138,,,,0->0:Exact,none; server owns swing cadence
92,1.499445,0.018134,Tick,live-sample,true,0xF13000000604A279,,server,,unchecked,unchecked,none,1.339543,-4.5608544,-4.5608544,0,Stand,1.9882723,,,,0->0:Exact,none; server owns swing cadence
93,1.514687,0.015241,Tick,live-sample,true,0xF13000000604A279,,server,,unchecked,unchecked,none,1.3770409,-4.5608854,-4.5608854,0,Stand,2.0035138,,,,0->0:Exact,none; server owns swing cadence
94,1.531010,0.016323,Tick,live-sample,true,0xF13000000604A279,,server,,unchecked,unchecked,none,1.4171258,-4.561185,-4.561185,0,Stand,2.0198367,,,,0->0:Exact,none; server owns swing cadence
95,1.547679,0.016669,Tick,live-sample,true,0xF13000000604A279,,server,,unchecked,unchecked,none,1.4595698,-4.5610795,-4.5610795,0,Stand,2.036506,,,,0->0:Exact,none; server owns swing cadence
96,1.562768,0.015089,Tick,live-sample,true,0xF13000000604A279,,server,,unchecked,unchecked,none,1.4970676,-4.5611024,-4.5611024,0,Stand,2.0515952,,,,0->0:Exact,none; server owns swing cadence
97,1.581310,0.018541,Tick,live-sample,true,0xF13000000604A279,,server,,unchecked,unchecked,none,1.5444726,-4.5608835,-4.5608835,0,Stand,2.0701365,,,,0->0:Exact,none; server owns swing cadence
98,1.598112,0.016802,Tick,live-sample,true,0xF13000000604A279,,server,,unchecked,unchecked,none,1.5869315,-4.5607924,-4.5607924,0,Stand,2.0869386,,,,0->0:Exact,none; server owns swing cadence
99,1.614215,0.016104,Tick,live-sample,true,0xF13000000604A279,,server,,unchecked,unchecked,none,1.6270163,-4.561056,-4.561056,0,Stand,2.1030424,,,,0->0:Exact,none; server owns swing cadence
100,1.629469,0.015253,Tick,live-sample,true,0xF13000000604A279,,server,,unchecked,unchecked,none,1.6645141,-4.561077,-4.561077,0,Stand,2.1182957,,,,0->0:Exact,none; server owns swing cadence
101,1.647735,0.018267,Tick,live-sample,true,0xF13000000604A279,,server,,unchecked,unchecked,none,1.7095602,-4.5612116,-4.5612116,0,Stand,2.1365626,,,,0->0:Exact,none; server owns swing cadence
102,1.664775,0.017039,Tick,live-sample,true,0xF13000000604A279,,server,,unchecked,unchecked,none,1.7520041,-4.561123,-4.561123,0,Stand,2.1536016,,,,0->0:Exact,none; server owns swing cadence
103,1.679572,0.014798,Tick,live-sample,true,0xF13000000604A279,,server,,unchecked,unchecked,none,1.7895019,-4.561141,-4.561141,0,Stand,2.1683993,,,,0->0:Exact,none; server owns swing cadence
104,1.697765,0.018192,Tick,live-sample,true,0xF13000000604A279,,server,,unchecked,unchecked,none,1.8343198,-4.560747,-4.560747,0,Stand,2.1865916,,,,0->0:Exact,none; server owns swing cadence
105,1.712685,0.014921,Tick,live-sample,true,0xF13000000604A279,,server,,unchecked,unchecked,none,1.8718177,-4.560772,-4.560772,0,Stand,2.2015123,,,,0->0:Exact,none; server owns swing cadence
106,1.731244,0.018559,Tick,live-sample,true,0xF13000000604A279,,server,,unchecked,unchecked,none,1.9194506,-4.561099,-4.561099,0,Stand,2.2200716,,,,0->0:Exact,none; server owns swing cadence
107,1.748124,0.016879,Tick,live-sample,true,0xF13000000604A279,,server,,unchecked,unchecked,none,1.9619095,-4.561021,-4.561021,0,Stand,2.2369509,,,,0->0:Exact,none; server owns swing cadence
108,1.762994,0.014871,Tick,live-sample,true,0xF13000000604A279,,server,,unchecked,unchecked,none,1.9968054,-4.5608487,-4.5608487,0,Stand,2.2518215,,,,0->0:Exact,none; server owns swing cadence
109,1.781552,0.018557,Tick,live-sample,true,0xF13000000604A279,,server,,unchecked,unchecked,none,2.0418513,-4.5609665,-4.5609665,0,Stand,2.2703788,,,,0->0:Exact,none; server owns swing cadence
110,1.798218,0.016666,Tick,live-sample,true,0xF13000000604A279,,server,,unchecked,unchecked,none,2.0418513,-4.5609665,-4.5609665,0,Stand,2.2870445,,,,0->0:Exact,none; server owns swing cadence
111,1.814822,0.016604,Tick,live-sample,true,0xF13000000604A279,,server,,unchecked,unchecked,none,2.0418513,-4.5609665,-4.5609665,0,Stand,2.3036485,,,,0->0:Exact,none; server owns swing cadence
112,1.829646,0.014824,Tick,live-sample,true,0xF13000000604A279,,server,,unchecked,unchecked,none,2.0418513,-4.5609665,-4.5609665,0,Stand,2.3184726,,,,0->0:Exact,none; server owns swing cadence
113,1.847280,0.017634,Tick,live-sample,true,0xF13000000604A279,,server,,unchecked,unchecked,none,2.0418513,-4.5609665,-4.5609665,0,Stand,2.3361065,,,,0->0:Exact,none; server owns swing cadence
114,1.862922,0.015642,Tick,live-sample,true,0xF13000000604A279,,server,,unchecked,unchecked,none,2.0418513,-4.5609665,-4.5609665,0,Stand,2.3517482,,,,0->0:Exact,none; server owns swing cadence
115,1.879593,0.016671,Tick,live-sample,true,0xF13000000604A279,,server,,unchecked,unchecked,none,2.0418513,-4.5609665,-4.5609665,0,Stand,2.3684194,,,,0->0:Exact,none; server owns swing cadence
116,1.898192,0.018599,Tick,live-sample,true,0xF13000000604A279,,server,,unchecked,unchecked,none,2.0418513,-4.5609665,-4.5609665,0,Stand,2.3870187,,,,0->0:Exact,none; server owns swing cadence
117,1.915168,0.016976,Tick,live-sample,true,0xF13000000604A279,,server,,unchecked,unchecked,none,2.0418513,-4.5609665,-4.5609665,0,Stand,2.4039948,,,,0->0:Exact,none; server owns swing cadence
118,1.932056,0.016888,Tick,live-sample,true,0xF13000000604A279,,server,,unchecked,unchecked,none,2.0418513,-4.5609665,-4.5609665,0,Stand,2.420883,,,,0->0:Exact,none; server owns swing cadence
119,1.948447,0.016391,Tick,live-sample,true,0xF13000000604A279,,server,,unchecked,unchecked,none,2.0418513,-4.5609665,-4.5609665,0,Stand,2.4372737,,,,0->0:Exact,none; server owns swing cadence
120,1.964611,0.016164,Tick,live-sample,true,0xF13000000604A279,,server,,unchecked,unchecked,none,2.0418513,-4.5609665,-4.5609665,0,Stand,2.4534376,,,,0->0:Exact,none; server owns swing cadence
121,1.981498,0.016888,Tick,live-sample,true,0xF13000000604A279,,server,,unchecked,unchecked,none,2.0418513,-4.5609665,-4.5609665,0,Stand,2.470325,,,,0->0:Exact,none; server owns swing cadence
122,1.998293,0.016795,Tick,live-sample,true,0xF13000000604A279,,server,,unchecked,unchecked,none,2.0418513,-4.5609665,-4.5609665,0,Stand,2.4871197,,,,0->0:Exact,none; server owns swing cadence
123,2.015425,0.017132,Tick,live-sample,true,0xF13000000604A279,,server,,unchecked,unchecked,none,2.0418513,-4.5609665,-4.5609665,0,Stand,2.504252,,,,0->0:Exact,none; server owns swing cadence
124,2.031878,0.016452,Tick,live-sample,true,0xF13000000604A279,,server,,unchecked,unchecked,none,2.0418513,-4.5609665,-4.5609665,0,Stand,2.5207043,,,,0->0:Exact,none; server owns swing cadence
125,2.048685,0.016808,Tick,live-sample,true,0xF13000000604A279,,server,,unchecked,unchecked,none,2.0418513,-4.5609665,-4.5609665,0,Stand,2.537512,,,,0->0:Exact,none; server owns swing cadence
126,2.065253,0.016568,Tick,live-sample,true,0xF13000000604A279,,server,,unchecked,unchecked,none,2.0418513,-4.5609665,-4.5609665,0,Stand,2.55408,,,,0->0:Exact,none; server owns swing cadence
127,2.081486,0.016233,Tick,live-sample,true,0xF13000000604A279,,server,,unchecked,unchecked,none,2.0418513,-4.5609665,-4.5609665,0,Stand,2.570313,,,,0->0:Exact,none; server owns swing cadence
128,2.097993,0.016507,Tick,live-sample,true,0xF13000000604A279,,server,,unchecked,unchecked,none,2.0418513,-4.5609665,-4.5609665,0,Stand,2.5868194,,,,0->0:Exact,none; server owns swing cadence
129,2.114792,0.016799,Tick,live-sample,true,0xF13000000604A279,,server,,unchecked,unchecked,none,2.0418513,-4.5609665,-4.5609665,0,Stand,2.6036186,,,,0->0:Exact,none; server owns swing cadence
130,2.131604,0.016812,Tick,live-sample,true,0xF13000000604A279,,server,,unchecked,unchecked,none,2.0418513,-4.5609665,-4.5609665,0,Stand,2.6204307,,,,0->0:Exact,none; server owns swing cadence
131,2.148349,0.016745,Tick,live-sample,true,0xF13000000604A279,,server,,unchecked,unchecked,none,2.0418513,-4.5609665,-4.5609665,0,Stand,2.637176,,,,0->0:Exact,none; server owns swing cadence
132,2.165061,0.016712,Tick,live-sample,true,0xF13000000604A279,,server,,unchecked,unchecked,none,2.0418513,-4.5609665,-4.5609665,0,Stand,2.6538882,,,,0->0:Exact,none; server owns swing cadence
133,2.181850,0.016788,Tick,live-sample,true,0xF13000000604A279,,server,,unchecked,unchecked,none,2.0418513,-4.5609665,-4.5609665,0,Stand,2.6706765,,,,0->0:Exact,none; server owns swing cadence
134,2.198357,0.016507,Tick,live-sample,true,0xF13000000604A279,,server,,unchecked,unchecked,none,2.0418513,-4.5609665,-4.5609665,0,Stand,2.6871834,,,,0->0:Exact,none; server owns swing cadence
135,2.214945,0.016588,Tick,live-sample,true,0xF13000000604A279,,server,,unchecked,unchecked,none,2.0418513,-4.5609665,-4.5609665,0,Stand,2.7037716,,,,0->0:Exact,none; server owns swing cadence
136,2.231815,0.016870,Tick,live-sample,true,0xF13000000604A279,,server,,unchecked,unchecked,none,2.0418513,-4.5609665,-4.5609665,0,Stand,2.7206416,,,,0->0:Exact,none; server owns swing cadence
137,2.247552,0.015737,Tick,live-sample,true,0xF13000000604A279,,server,,unchecked,unchecked,none,2.0418513,-4.5609665,-4.5609665,0,Stand,2.7363787,,,,0->0:Exact,none; server owns swing cadence
138,2.263381,0.015829,Tick,live-sample,true,0xF13000000604A279,,server,,unchecked,unchecked,none,2.0418513,-4.5609665,-4.5609665,0,Stand,2.7522078,,,,0->0:Exact,none; server owns swing cadence
139,2.279916,0.016535,Tick,live-sample,true,0xF13000000604A279,,server,,unchecked,unchecked,none,2.0418513,-4.5609665,-4.5609665,0,Stand,2.7687428,,,,0->0:Exact,none; server owns swing cadence
140,2.296378,0.016462,Tick,live-sample,true,0xF13000000604A279,,server,,unchecked,unchecked,none,2.0418513,-4.5609665,-4.5609665,0,Stand,2.785205,,,,0->0:Exact,none; server owns swing cadence
141,2.313539,0.017160,Tick,live-sample,true,0xF13000000604A279,,server,,unchecked,unchecked,none,2.0418513,-4.5609665,-4.5609665,0,Stand,2.8023653,,,,0->0:Exact,none; server owns swing cadence
142,2.330066,0.016527,Tick,live-sample,true,0xF13000000604A279,,server,,unchecked,unchecked,none,2.0418513,-4.5609665,-4.5609665,0,Stand,2.8188927,,,,0->0:Exact,none; server owns swing cadence
143,2.346718,0.016652,Tick,live-sample,true,0xF13000000604A279,,server,,unchecked,unchecked,none,2.0418513,-4.5609665,-4.5609665,0,Stand,2.835544,,,,0->0:Exact,none; server owns swing cadence
144,2.363269,0.016552,Tick,live-sample,true,0xF13000000604A279,,server,,unchecked,unchecked,none,2.0418513,-4.5609665,-4.5609665,0,Stand,2.8520958,,,,0->0:Exact,none; server owns swing cadence
145,2.380091,0.016821,Tick,live-sample,true,0xF13000000604A279,,server,,unchecked,unchecked,none,2.0418513,-4.5609665,-4.5609665,0,Stand,2.8689172,,,,0->0:Exact,none; server owns swing cadence
146,2.396563,0.016472,Tick,live-sample,true,0xF13000000604A279,,server,,unchecked,unchecked,none,2.0418513,-4.5609665,-4.5609665,0,Stand,2.8853896,,,,0->0:Exact,none; server owns swing cadence
147,2.413194,0.016631,Tick,live-sample,true,0xF13000000604A279,,server,,unchecked,unchecked,none,2.0418513,-4.5609665,-4.5609665,0,Stand,2.9020205,,,,0->0:Exact,none; server owns swing cadence
148,2.430250,0.017056,Tick,live-sample,true,0xF13000000604A279,,server,,unchecked,unchecked,none,2.0418513,-4.5609665,-4.5609665,0,Stand,2.919076,,,,0->0:Exact,none; server owns swing cadence
149,2.447955,0.017705,Tick,live-sample,true,0xF13000000604A279,,server,,unchecked,unchecked,none,2.0418513,-4.5609665,-4.5609665,0,Stand,2.936781,,,,0->0:Exact,none; server owns swing cadence
150,2.463415,0.015461,Tick,live-sample,true,0xF13000000604A279,,server,,unchecked,unchecked,none,2.0418513,-4.5609665,-4.5609665,0,Stand,2.952242,,,,0->0:Exact,none; server owns swing cadence
151,2.480190,0.016774,Tick,live-sample,true,0xF13000000604A279,,server,,unchecked,unchecked,none,2.0418513,-4.5609665,-4.5609665,0,Stand,2.9690163,,,,0->0:Exact,none; server owns swing cadence
152,2.496802,0.016612,Tick,live-sample,true,0xF13000000604A279,,server,,unchecked,unchecked,none,2.0418513,-4.5609665,-4.5609665,0,Stand,2.9856281,,,,0->0:Exact,none; server owns swing cadence
153,2.513556,0.016755,Tick,live-sample,true,0xF13000000604A279,,server,,unchecked,unchecked,none,2.0418513,-4.5609665,-4.5609665,0,Stand,3.0023828,,,,0->0:Exact,none; server owns swing cadence
154,2.530215,0.016658,Tick,live-sample,true,0xF13000000604A279,,server,,unchecked,unchecked,none,2.0418513,-4.5609665,-4.5609665,0,Stand,3.0190413,,,,0->0:Exact,none; server owns swing cadence
155,2.547717,0.017502,Tick,live-sample,true,0xF13000000604A279,,server,,unchecked,unchecked,none,2.0418513,-4.5609665,-4.5609665,0,Stand,3.0365431,,,,0->0:Exact,none; server owns swing cadence
156,2.563593,0.015876,Tick,live-sample,true,0xF13000000604A279,,server,,unchecked,unchecked,none,2.0418513,-4.5609665,-4.5609665,0,Stand,3.0524194,,,,0->0:Exact,none; server owns swing cadence
157,2.580170,0.016577,Tick,live-sample,true,0xF13000000604A279,,server,,unchecked,unchecked,none,2.0418513,-4.5609665,-4.5609665,0,Stand,3.0689962,,,,0->0:Exact,none; server owns swing cadence
158,2.596651,0.016481,Tick,live-sample,true,0xF13000000604A279,,server,,unchecked,unchecked,none,2.0418513,-4.5609665,-4.5609665,0,Stand,3.0854776,,,,0->0:Exact,none; server owns swing cadence
159,2.613483,0.016832,Tick,live-sample,true,0xF13000000604A279,,server,,unchecked,unchecked,none,2.0418513,-4.5609665,-4.5609665,0,Stand,3.1023092,,,,0->0:Exact,none; server owns swing cadence
160,2.630547,0.017065,Tick,live-sample,true,0xF13000000604A279,,server,,unchecked,unchecked,none,2.0418513,-4.5609665,-4.5609665,0,Stand,3.119374,,,,0->0:Exact,none; server owns swing cadence
161,2.647443,0.016896,Tick,live-sample,true,0xF13000000604A279,,server,,unchecked,unchecked,none,2.0418513,-4.5609665,-4.5609665,0,Stand,3.1362698,,,,0->0:Exact,none; server owns swing cadence
162,2.663492,0.016049,Tick,live-sample,true,0xF13000000604A279,,server,,unchecked,unchecked,none,2.0418513,-4.5609665,-4.5609665,0,Stand,3.1523187,,,,0->0:Exact,none; server owns swing cadence
163,2.680588,0.017096,Tick,live-sample,true,0xF13000000604A279,,server,,unchecked,unchecked,none,2.0418513,-4.5609665,-4.5609665,0,Stand,3.1694145,,,,0->0:Exact,none; server owns swing cadence
164,2.696905,0.016317,Tick,live-sample,true,0xF13000000604A279,,server,,unchecked,unchecked,none,2.0418513,-4.5609665,-4.5609665,0,Stand,3.185732,,,,0->0:Exact,none; server owns swing cadence
165,2.713633,0.016728,Tick,live-sample,true,0xF13000000604A279,,server,,unchecked,unchecked,none,2.0418513,-4.5609665,-4.5609665,0,Stand,3.2024598,,,,0->0:Exact,none; server owns swing cadence
166,2.730565,0.016933,Tick,live-sample,true,0xF13000000604A279,,server,,unchecked,unchecked,none,2.0418513,-4.5609665,-4.5609665,0,Stand,3.2193923,,,,0->0:Exact,none; server owns swing cadence
167,2.747353,0.016788,Tick,live-sample,true,0xF13000000604A279,,server,,unchecked,unchecked,none,2.0418513,-4.5609665,-4.5609665,0,Stand,3.23618,,,,0->0:Exact,none; server owns swing cadence
168,2.763605,0.016252,Tick,live-sample,true,0xF13000000604A279,,server,,unchecked,unchecked,none,2.0418513,-4.5609665,-4.5609665,0,Stand,3.2524319,,,,0->0:Exact,none; server owns swing cadence
169,2.780379,0.016774,Tick,live-sample,true,0xF13000000604A279,,server,,unchecked,unchecked,none,2.0418513,-4.5609665,-4.5609665,0,Stand,3.269206,,,,0->0:Exact,none; server owns swing cadence
170,2.797078,0.016699,Tick,live-sample,true,0xF13000000604A279,,server,,unchecked,unchecked,none,2.0418513,-4.5609665,-4.5609665,0,Stand,3.2859054,,,,0->0:Exact,none; server owns swing cadence
171,2.813641,0.016563,Tick,live-sample,true,0xF13000000604A279,,server,,unchecked,unchecked,none,2.0418513,-4.5609665,-4.5609665,0,Stand,3.3024685,,,,0->0:Exact,none; server owns swing cadence
172,2.830689,0.017047,Tick,live-sample,true,0xF13000000604A279,,server,,unchecked,unchecked,none,2.0418513,-4.5609665,-4.5609665,0,Stand,3.319516,,,,0->0:Exact,none; server owns swing cadence
173,2.847686,0.016997,Tick,live-sample,true,0xF13000000604A279,,server,,unchecked,unchecked,none,2.0418513,-4.5609665,-4.5609665,0,Stand,3.3365128,,,,0->0:Exact,none; server owns swing cadence
174,2.863630,0.015944,Tick,live-sample,true,0xF13000000604A279,,server,,unchecked,unchecked,none,2.0418513,-4.5609665,-4.5609665,0,Stand,3.3524573,,,,0->0:Exact,none; server owns swing cadence
175,2.880447,0.016817,Tick,live-sample,true,0xF13000000604A279,,server,,unchecked,unchecked,none,2.0418513,-4.5609665,-4.5609665,0,Stand,3.3692744,,,,0->0:Exact,none; server owns swing cadence
176,2.896979,0.016532,Tick,live-sample,true,0xF13000000604A279,,server,,unchecked,unchecked,none,2.0418513,-4.5609665,-4.5609665,0,Stand,3.3858063,,,,0->0:Exact,none; server owns swing cadence
177,2.913950,0.016971,Tick,live-sample,true,0xF13000000604A279,,server,,unchecked,unchecked,none,2.0418513,-4.5609665,-4.5609665,0,Stand,3.4027772,,,,0->0:Exact,none; server owns swing cadence
178,2.930578,0.016627,Tick,live-sample,true,0xF13000000604A279,,server,,unchecked,unchecked,none,2.0418513,-4.5609665,-4.5609665,0,Stand,3.4194045,,,,0->0:Exact,none; server owns swing cadence
179,2.947212,0.016634,Tick,live-sample,true,0xF13000000604A279,,server,,unchecked,unchecked,none,2.0418513,-4.5609665,-4.5609665,0,Stand,3.4360387,,,,0->0:Exact,none; server owns swing cadence
180,2.963740,0.016528,Tick,live-sample,true,0xF13000000604A279,,server,,unchecked,unchecked,none,2.0418513,-4.5609665,-4.5609665,0,Stand,3.452567,,,,0->0:Exact,none; server owns swing cadence
181,2.980659,0.016918,Tick,live-sample,true,0xF13000000604A279,,server,,unchecked,unchecked,none,2.0418513,-4.5609665,-4.5609665,0,Stand,3.4694855,,,,0->0:Exact,none; server owns swing cadence
182,2.997218,0.016560,Tick,live-sample,true,0xF13000000604A279,,server,,unchecked,unchecked,none,2.0418513,-4.5609665,-4.5609665,0,Stand,3.4860451,,,,0->0:Exact,none; server owns swing cadence
183,3.013874,0.016656,Tick,live-sample,true,0xF13000000604A279,,server,,unchecked,unchecked,none,2.0418513,-4.5609665,-4.5609665,0,Stand,3.502701,,,,0->0:Exact,none; server owns swing cadence
184,3.030903,0.017029,Tick,live-sample,true,0xF13000000604A279,,server,,unchecked,unchecked,none,2.0418513,-4.5609665,-4.5609665,0,Stand,3.5197303,,,,0->0:Exact,none; server owns swing cadence
185,3.047321,0.016418,Tick,live-sample,true,0xF13000000604A279,,server,,unchecked,unchecked,none,2.0418513,-4.5609665,-4.5609665,0,Stand,3.5361483,,,,0->0:Exact,none; server owns swing cadence
186,3.064012,0.016691,Tick,live-sample,true,0xF13000000604A279,,server,,unchecked,unchecked,none,2.0418513,-4.5609665,-4.5609665,0,Stand,3.5528393,,,,0->0:Exact,none; server owns swing cadence
187,3.080737,0.016725,Tick,live-sample,true,0xF13000000604A279,,server,,unchecked,unchecked,none,2.0418513,-4.5609665,-4.5609665,0,Stand,3.5695646,,,,0->0:Exact,none; server owns swing cadence
188,3.097282,0.016544,Tick,live-sample,true,0xF13000000604A279,,server,,unchecked,unchecked,none,2.0418513,-4.5609665,-4.5609665,0,Stand,3.586109,,,,0->0:Exact,none; server owns swing cadence
189,3.113865,0.016583,Tick,live-sample,true,0xF13000000604A279,,server,,unchecked,unchecked,none,2.0418513,-4.5609665,-4.5609665,0,Stand,3.6026921,,,,0->0:Exact,none; server owns swing cadence
190,3.130559,0.016694,Tick,live-sample,true,0xF13000000604A279,,server,,unchecked,unchecked,none,2.0418513,-4.5609665,-4.5609665,0,Stand,3.619386,,,,0->0:Exact,none; server owns swing cadence
191,3.148762,0.018203,Tick,live-sample,true,0xF13000000604A279,,server,,unchecked,unchecked,none,2.0418513,-4.5609665,-4.5609665,0,Stand,3.6375887,,,,0->0:Exact,none; server owns swing cadence
192,3.163769,0.015007,Tick,live-sample,true,0xF13000000604A279,,server,,unchecked,unchecked,none,2.0418513,-4.5609665,-4.5609665,0,Stand,3.652596,,,,0->0:Exact,none; server owns swing cadence
193,3.180646,0.016877,Tick,live-sample,true,0xF13000000604A279,,server,,unchecked,unchecked,none,2.0418513,-4.5609665,-4.5609665,0,Stand,3.6694732,,,,0->0:Exact,none; server owns swing cadence
194,3.197331,0.016685,Tick,live-sample,true,0xF13000000604A279,,server,,unchecked,unchecked,none,2.0418513,-4.5609665,-4.5609665,0,Stand,3.6861582,,,,0->0:Exact,none; server owns swing cadence
195,3.214244,0.016913,Tick,live-sample,true,0xF13000000604A279,,server,,unchecked,unchecked,none,2.0418513,-4.5609665,-4.5609665,0,Stand,3.7030714,,,,0->0:Exact,none; server owns swing cadence
196,3.230716,0.016472,Tick,live-sample,true,0xF13000000604A279,,server,,unchecked,unchecked,none,2.0418513,-4.5609665,-4.5609665,0,Stand,3.7195435,,,,0->0:Exact,none; server owns swing cadence
197,3.247435,0.016718,Tick,live-sample,true,0xF13000000604A279,,server,,unchecked,unchecked,none,2.0418513,-4.5609665,-4.5609665,0,Stand,3.7362618,,,,0->0:Exact,none; server owns swing cadence
198,3.264090,0.016655,Tick,live-sample,true,0xF13000000604A279,,server,,unchecked,unchecked,none,2.0418513,-4.5609665,-4.5609665,0,Stand,3.752917,,,,0->0:Exact,none; server owns swing cadence
199,3.280694,0.016604,Tick,live-sample,true,0xF13000000604A279,,server,,unchecked,unchecked,none,2.0418513,-4.5609665,-4.5609665,0,Stand,3.7695212,,,,0->0:Exact,none; server owns swing cadence
200,3.297426,0.016732,Tick,live-sample,true,0xF13000000604A279,,server,,unchecked,unchecked,none,2.0418513,-4.5609665,-4.5609665,0,Stand,3.7862537,,,,0->0:Exact,none; server owns swing cadence
201,3.314018,0.016592,Tick,live-sample,true,0xF13000000604A279,,server,,unchecked,unchecked,none,2.0418513,-4.5609665,-4.5609665,0,Stand,3.8028455,,,,0->0:Exact,none; server owns swing cadence
202,3.330751,0.016733,Tick,live-sample,true,0xF13000000604A279,,server,,unchecked,unchecked,none,2.0418513,-4.5609665,-4.5609665,0,Stand,3.8195786,,,,0->0:Exact,none; server owns swing cadence
203,3.348891,0.018140,Tick,live-sample,true,0xF13000000604A279,,server,,unchecked,unchecked,none,2.0418513,-4.5609665,-4.5609665,0,Stand,3.8377187,,,,0->0:Exact,none; server owns swing cadence
204,3.364410,0.015519,Tick,live-sample,true,0xF13000000604A279,,server,,unchecked,unchecked,none,2.0418513,-4.5609665,-4.5609665,0,Stand,3.8532379,,,,0->0:Exact,none; server owns swing cadence
205,3.380819,0.016409,Tick,live-sample,true,0xF13000000604A279,,server,,unchecked,unchecked,none,2.0418513,-4.5609665,-4.5609665,0,Stand,3.8696468,,,,0->0:Exact,none; server owns swing cadence
206,3.397587,0.016768,Tick,live-sample,true,0xF13000000604A279,,server,,unchecked,unchecked,none,2.0418513,-4.5609665,-4.5609665,0,Stand,3.8864148,,,,0->0:Exact,none; server owns swing cadence
207,3.414167,0.016580,Tick,live-sample,true,0xF13000000604A279,,server,,unchecked,unchecked,none,2.0418513,-4.5609665,-4.5609665,0,Stand,3.9029944,,,,0->0:Exact,none; server owns swing cadence
208,3.430906,0.016739,Tick,live-sample,true,0xF13000000604A279,,server,,unchecked,unchecked,none,2.0418513,-4.5609665,-4.5609665,0,Stand,3.9197338,,,,0->0:Exact,none; server owns swing cadence
209,3.447582,0.016676,Tick,live-sample,true,0xF13000000604A279,,server,,unchecked,unchecked,none,2.0418513,-4.5609665,-4.5609665,0,Stand,3.9364092,,,,0->0:Exact,none; server owns swing cadence
210,3.464209,0.016627,Tick,live-sample,true,0xF13000000604A279,,server,,unchecked,unchecked,none,2.0418513,-4.5609665,-4.5609665,0,Stand,3.953036,,,,0->0:Exact,none; server owns swing cadence
211,3.480888,0.016679,Tick,live-sample,true,0xF13000000604A279,,server,,unchecked,unchecked,none,2.0418513,-4.5609665,-4.5609665,0,Stand,3.9697154,,,,0->0:Exact,none; server owns swing cadence
212,3.497491,0.016603,Tick,live-sample,true,0xF13000000604A279,,server,,unchecked,unchecked,none,2.0418513,-4.5609665,-4.5609665,0,Stand,3.9863188,,,,0->0:Exact,none; server owns swing cadence
213,3.514195,0.016704,Tick,live-sample,true,0xF13000000604A279,,server,,unchecked,unchecked,none,2.0418513,-4.5609665,-4.5609665,0,Stand,4.003023,,,,0->0:Exact,none; server owns swing cadence
214,3.531023,0.016827,Tick,live-sample,true,0xF13000000604A279,,server,,unchecked,unchecked,none,2.0418513,-4.5609665,-4.5609665,0,Stand,4.0198507,,,,0->0:Exact,none; server owns swing cadence
215,3.549089,0.018066,Tick,live-sample,true,0xF13000000604A279,,server,,unchecked,unchecked,none,2.0418513,-4.5609665,-4.5609665,0,Stand,4.0379167,,,,0->0:Exact,none; server owns swing cadence
216,3.564472,0.015383,Tick,live-sample,true,0xF13000000604A279,,server,,unchecked,unchecked,none,2.0418513,-4.5609665,-4.5609665,0,Stand,4.0533,,,,0->0:Exact,none; server owns swing cadence
217,3.581282,0.016810,Tick,live-sample,true,0xF13000000604A279,,server,,unchecked,unchecked,none,2.0418513,-4.5609665,-4.5609665,0,Stand,4.0701103,,,,0->0:Exact,none; server owns swing cadence
218,3.597874,0.016591,Tick,live-sample,true,0xF13000000604A279,,server,,unchecked,unchecked,none,2.0418513,-4.5609665,-4.5609665,0,Stand,4.086702,,,,0->0:Exact,none; server owns swing cadence
219,3.614288,0.016414,Tick,live-sample,true,0xF13000000604A279,,server,,unchecked,unchecked,none,2.0418513,-4.5609665,-4.5609665,0,Stand,4.103116,,,,0->0:Exact,none; server owns swing cadence
220,3.631064,0.016777,Tick,live-sample,true,0xF13000000604A279,,server,,unchecked,unchecked,none,2.0418513,-4.5609665,-4.5609665,0,Stand,4.1198926,,,,0->0:Exact,none; server owns swing cadence
221,3.647646,0.016581,Tick,live-sample,true,0xF13000000604A279,,server,,unchecked,unchecked,none,2.0418513,-4.5609665,-4.5609665,0,Stand,4.136474,,,,0->0:Exact,none; server owns swing cadence
222,3.664457,0.016811,Tick,live-sample,true,0xF13000000604A279,,server,,unchecked,unchecked,none,2.0418513,-4.5609665,-4.5609665,0,Stand,4.153285,,,,0->0:Exact,none; server owns swing cadence
223,3.681251,0.016795,Tick,live-sample,true,0xF13000000604A279,,server,,unchecked,unchecked,none,2.0418513,-4.5609665,-4.5609665,0,Stand,4.1700797,,,,0->0:Exact,none; server owns swing cadence
224,3.698434,0.017183,Tick,live-sample,true,0xF13000000604A279,,server,,unchecked,unchecked,none,2.0418513,-4.5609665,-4.5609665,0,Stand,4.1872625,,,,0->0:Exact,none; server owns swing cadence
225,3.714436,0.016002,Tick,live-sample,true,0xF13000000604A279,,server,,unchecked,unchecked,none,2.0418513,-4.5609665,-4.5609665,0,Stand,4.203264,,,,0->0:Exact,none; server owns swing cadence
226,3.731156,0.016719,Tick,live-sample,true,0xF13000000604A279,,server,,unchecked,unchecked,none,2.0418513,-4.5609665,-4.5609665,0,Stand,4.2199836,,,,0->0:Exact,none; server owns swing cadence
227,3.749425,0.018269,Tick,live-sample,true,0xF13000000604A279,,server,,unchecked,unchecked,none,2.0418513,-4.5609665,-4.5609665,0,Stand,4.238253,,,,0->0:Exact,none; server owns swing cadence
228,3.764416,0.014991,Tick,live-sample,true,0xF13000000604A279,,server,,unchecked,unchecked,none,2.0418513,-4.5609665,-4.5609665,0,Stand,4.253244,,,,0->0:Exact,none; server owns swing cadence
229,3.781144,0.016728,Tick,live-sample,true,0xF13000000604A279,,server,,unchecked,unchecked,none,2.0418513,-4.5609665,-4.5609665,0,Stand,4.269972,,,,0->0:Exact,none; server owns swing cadence
230,3.797924,0.016780,Tick,live-sample,true,0xF13000000604A279,,server,,unchecked,unchecked,none,2.0418513,-4.5609665,-4.5609665,0,Stand,4.2867517,,,,0->0:Exact,none; server owns swing cadence
231,3.814598,0.016674,Tick,live-sample,true,0xF13000000604A279,,server,,unchecked,unchecked,none,2.0418513,-4.5609665,-4.5609665,0,Stand,4.303426,,,,0->0:Exact,none; server owns swing cadence
232,3.831061,0.016463,Tick,live-sample,true,0xF13000000604A279,,server,,unchecked,unchecked,none,2.0418513,-4.5609665,-4.5609665,0,Stand,4.3198886,,,,0->0:Exact,none; server owns swing cadence
233,3.848065,0.017004,Tick,live-sample,true,0xF13000000604A279,,server,,unchecked,unchecked,none,2.0418513,-4.5609665,-4.5609665,0,Stand,4.336893,,,,0->0:Exact,none; server owns swing cadence
234,3.864544,0.016479,Tick,live-sample,true,0xF13000000604A279,,server,,unchecked,unchecked,none,2.0418513,-4.5609665,-4.5609665,0,Stand,4.3533716,,,,0->0:Exact,none; server owns swing cadence
235,3.881260,0.016717,Tick,live-sample,true,0xF13000000604A279,,server,,unchecked,unchecked,none,2.0418513,-4.5609665,-4.5609665,0,Stand,4.370088,,,,0->0:Exact,none; server owns swing cadence
236,3.897797,0.016536,Tick,live-sample,true,0xF13000000604A279,,server,,unchecked,unchecked,none,2.0418513,-4.5609665,-4.5609665,0,Stand,4.3866243,,,,0->0:Exact,none; server owns swing cadence
237,3.914777,0.016980,Tick,live-sample,true,0xF13000000604A279,,server,,unchecked,unchecked,none,2.0418513,-4.5609665,-4.5609665,0,Stand,4.4036045,,,,0->0:Exact,none; server owns swing cadence
238,3.931322,0.016546,Tick,live-sample,true,0xF13000000604A279,,server,,unchecked,unchecked,none,2.0418513,-4.5609665,-4.5609665,0,Stand,4.42015,,,,0->0:Exact,none; server owns swing cadence
239,3.949945,0.018623,Tick,live-sample,true,0xF13000000604A279,,server,,unchecked,unchecked,none,2.0418513,-4.5609665,-4.5609665,0,Stand,4.4387727,,,,0->0:Exact,none; server owns swing cadence
240,3.964620,0.014675,Tick,live-sample,true,0xF13000000604A279,,server,,unchecked,unchecked,none,2.0418513,-4.5609665,-4.5609665,0,Stand,4.453448,,,,0->0:Exact,none; server owns swing cadence
241,3.981429,0.016809,Tick,live-sample,true,0xF13000000604A279,,server,,unchecked,unchecked,none,2.0418513,-4.5609665,-4.5609665,0,Stand,4.470257,,,,0->0:Exact,none; server owns swing cadence
242,3.998083,0.016654,Tick,live-sample,true,0xF13000000604A279,,server,,unchecked,unchecked,none,2.0418513,-4.5609665,-4.5609665,0,Stand,4.4869103,,,,0->0:Exact,none; server owns swing cadence
243,4.014680,0.016597,Tick,live-sample,true,0xF13000000604A279,,server,,unchecked,unchecked,none,2.0418513,-4.5609665,-4.5609665,0,Stand,4.503507,,,,0->0:Exact,none; server owns swing cadence
244,4.031252,0.016572,Tick,live-sample,true,0xF13000000604A279,,server,,unchecked,unchecked,none,2.0418513,-4.5609665,-4.5609665,0,Stand,4.520079,,,,0->0:Exact,none; server owns swing cadence
245,4.047923,0.016671,Tick,live-sample,true,0xF13000000604A279,,server,,unchecked,unchecked,none,2.0418513,-4.5609665,-4.5609665,0,Stand,4.5367503,,,,0->0:Exact,none; server owns swing cadence
246,4.064587,0.016664,Tick,live-sample,true,0xF13000000604A279,,server,,unchecked,unchecked,none,2.0418513,-4.5609665,-4.5609665,0,Stand,4.5534143,,,,0->0:Exact,none; server owns swing cadence
247,4.081309,0.016722,Tick,live-sample,true,0xF13000000604A279,,server,,unchecked,unchecked,none,2.0418513,-4.5609665,-4.5609665,0,Stand,4.5701365,,,,0->0:Exact,none; server owns swing cadence
248,4.097948,0.016639,Tick,live-sample,true,0xF13000000604A279,,server,,unchecked,unchecked,none,2.0418513,-4.5609665,-4.5609665,0,Stand,4.586775,,,,0->0:Exact,none; server owns swing cadence
249,4.114653,0.016705,Tick,live-sample,true,0xF13000000604A279,,server,,unchecked,unchecked,none,2.0418513,-4.5609665,-4.5609665,0,Stand,4.60348,,,,0->0:Exact,none; server owns swing cadence
250,4.131534,0.016882,Tick,live-sample,true,0xF13000000604A279,,server,,unchecked,unchecked,none,2.0418513,-4.5609665,-4.5609665,0,Stand,4.6203613,,,,0->0:Exact,none; server owns swing cadence
251,4.149454,0.017920,Tick,live-sample,true,0xF13000000604A279,,server,,unchecked,unchecked,none,2.0418513,-4.5609665,-4.5609665,0,Stand,4.6382813,,,,0->0:Exact,none; server owns swing cadence
252,4.164959,0.015504,Tick,live-sample,true,0xF13000000604A279,,server,,unchecked,unchecked,none,2.0418513,-4.5609665,-4.5609665,0,Stand,4.6537857,,,,0->0:Exact,none; server owns swing cadence
253,4.181642,0.016683,Tick,live-sample,true,0xF13000000604A279,,server,,unchecked,unchecked,none,2.0418513,-4.5609665,-4.5609665,0,Stand,4.670469,,,,0->0:Exact,none; server owns swing cadence
254,4.198227,0.016585,Tick,live-sample,true,0xF13000000604A279,,server,,unchecked,unchecked,none,2.0418513,-4.5609665,-4.5609665,0,Stand,4.6870537,,,,0->0:Exact,none; server owns swing cadence
255,4.214777,0.016550,Tick,live-sample,true,0xF13000000604A279,,server,,unchecked,unchecked,none,2.0418513,-4.5609665,-4.5609665,0,Stand,4.7036037,,,,0->0:Exact,none; server owns swing cadence
256,4.231728,0.016951,Tick,live-sample,true,0xF13000000604A279,,server,,unchecked,unchecked,none,2.0418513,-4.5609665,-4.5609665,0,Stand,4.7205544,,,,0->0:Exact,none; server owns swing cadence
257,4.248012,0.016284,Tick,live-sample,true,0xF13000000604A279,,server,,unchecked,unchecked,none,2.0418513,-4.5609665,-4.5609665,0,Stand,4.7368383,,,,0->0:Exact,none; server owns swing cadence
258,4.264788,0.016776,Tick,live-sample,true,0xF13000000604A279,,server,,unchecked,unchecked,none,2.0418513,-4.5609665,-4.5609665,0,Stand,4.753615,,,,0->0:Exact,none; server owns swing cadence
259,4.281533,0.016745,Tick,live-sample,true,0xF13000000604A279,,server,,unchecked,unchecked,none,2.0418513,-4.5609665,-4.5609665,0,Stand,4.7703595,,,,0->0:Exact,none; server owns swing cadence
260,4.298191,0.016658,Tick,live-sample,true,0xF13000000604A279,,server,,unchecked,unchecked,none,2.0418513,-4.5609665,-4.5609665,0,Stand,4.787018,,,,0->0:Exact,none; server owns swing cadence
261,4.314747,0.016556,Tick,live-sample,true,0xF13000000604A279,,server,,unchecked,unchecked,none,2.0418513,-4.5609665,-4.5609665,0,Stand,4.8035736,,,,0->0:Exact,none; server owns swing cadence
262,4.331927,0.017180,Tick,live-sample,true,0xF13000000604A279,,server,,unchecked,unchecked,none,2.0418513,-4.5609665,-4.5609665,0,Stand,4.8207536,,,,0->0:Exact,none; server owns swing cadence
263,4.349364,0.017437,Tick,live-sample,true,0xF13000000604A279,,server,,unchecked,unchecked,none,2.0418513,-4.5609665,-4.5609665,0,Stand,4.8381906,,,,0->0:Exact,none; server owns swing cadence
264,4.364968,0.015605,Tick,live-sample,true,0xF13000000604A279,,server,,unchecked,unchecked,none,2.0418513,-4.5609665,-4.5609665,0,Stand,4.8537955,,,,0->0:Exact,none; server owns swing cadence
265,4.381504,0.016536,Tick,live-sample,true,0xF13000000604A279,,server,,unchecked,unchecked,none,2.0418513,-4.5609665,-4.5609665,0,Stand,4.8703313,,,,0->0:Exact,none; server owns swing cadence
266,4.398384,0.016880,Tick,live-sample,true,0xF13000000604A279,,server,,unchecked,unchecked,none,2.0418513,-4.5609665,-4.5609665,0,Stand,4.8872113,,,,0->0:Exact,none; server owns swing cadence
267,4.414987,0.016603,Tick,live-sample,true,0xF13000000604A279,,server,,unchecked,unchecked,none,2.0418513,-4.5609665,-4.5609665,0,Stand,4.9038143,,,,0->0:Exact,none; server owns swing cadence
268,4.431671,0.016684,Tick,live-sample,true,0xF13000000604A279,,server,,unchecked,unchecked,none,2.0418513,-4.5609665,-4.5609665,0,Stand,4.9204984,,,,0->0:Exact,none; server owns swing cadence
269,4.448240,0.016569,Tick,live-sample,true,0xF13000000604A279,,server,,unchecked,unchecked,none,2.0418513,-4.5609665,-4.5609665,0,Stand,4.937067,,,,0->0:Exact,none; server owns swing cadence
270,4.464903,0.016664,Tick,live-sample,true,0xF13000000604A279,,server,,unchecked,unchecked,none,2.0418513,-4.5609665,-4.5609665,0,Stand,4.9537306,,,,0->0:Exact,none; server owns swing cadence
271,4.481674,0.016771,Tick,live-sample,true,0xF13000000604A279,,server,,unchecked,unchecked,none,2.0418513,-4.5609665,-4.5609665,0,Stand,4.9705014,,,,0->0:Exact,none; server owns swing cadence
272,4.498306,0.016632,Tick,live-sample,true,0xF13000000604A279,,server,,unchecked,unchecked,none,2.0418513,-4.5609665,-4.5609665,0,Stand,4.9871335,,,,0->0:Exact,none; server owns swing cadence
273,4.515370,0.017064,Tick,live-sample,true,0xF13000000604A279,,server,,unchecked,unchecked,none,2.0418513,-4.5609665,-4.5609665,0,Stand,5.004197,,,,0->0:Exact,none; server owns swing cadence
274,4.531972,0.016602,Tick,live-sample,true,0xF13000000604A279,,server,,unchecked,unchecked,none,2.0418513,-4.5609665,-4.5609665,0,Stand,5.020799,,,,0->0:Exact,none; server owns swing cadence
275,4.549507,0.017535,Tick,live-sample,true,0xF13000000604A279,,server,,unchecked,unchecked,none,2.0418513,-4.5609665,-4.5609665,0,Stand,5.038334,,,,0->0:Exact,none; server owns swing cadence
276,4.565159,0.015653,Tick,live-sample,true,0xF13000000604A279,,server,,unchecked,unchecked,none,2.0418513,-4.5609665,-4.5609665,0,Stand,5.0539865,,,,0->0:Exact,none; server owns swing cadence
277,4.581872,0.016713,Tick,live-sample,true,0xF13000000604A279,,server,,unchecked,unchecked,none,2.0418513,-4.5609665,-4.5609665,0,Stand,5.070699,,,,0->0:Exact,none; server owns swing cadence
278,4.598526,0.016654,Tick,live-sample,true,0xF13000000604A279,,server,,unchecked,unchecked,none,2.0418513,-4.5609665,-4.5609665,0,Stand,5.087353,,,,0->0:Exact,none; server owns swing cadence
279,4.615355,0.016828,Tick,live-sample,true,0xF13000000604A279,,server,,unchecked,unchecked,none,2.0418513,-4.5609665,-4.5609665,0,Stand,5.104182,,,,0->0:Exact,none; server owns swing cadence
280,4.631961,0.016606,Tick,live-sample,true,0xF13000000604A279,,server,,unchecked,unchecked,none,2.0418513,-4.5609665,-4.5609665,0,Stand,5.120788,,,,0->0:Exact,none; server owns swing cadence
281,4.648614,0.016653,Tick,live-sample,true,0xF13000000604A279,,server,,unchecked,unchecked,none,2.0418513,-4.5609665,-4.5609665,0,Stand,5.137441,,,,0->0:Exact,none; server owns swing cadence
282,4.665326,0.016712,Tick,live-sample,true,0xF13000000604A279,,server,,unchecked,unchecked,none,2.0418513,-4.5609665,-4.5609665,0,Stand,5.1541533,,,,0->0:Exact,none; server owns swing cadence
283,4.681947,0.016621,Tick,live-sample,true,0xF13000000604A279,,server,,unchecked,unchecked,none,2.0418513,-4.5609665,-4.5609665,0,Stand,5.1707745,,,,0->0:Exact,none; server owns swing cadence
284,4.698504,0.016557,Tick,live-sample,true,0xF13000000604A279,,server,,unchecked,unchecked,none,2.0418513,-4.5609665,-4.5609665,0,Stand,5.187331,,,,0->0:Exact,none; server owns swing cadence
285,4.715313,0.016809,Tick,live-sample,true,0xF13000000604A279,,server,,unchecked,unchecked,none,2.0418513,-4.5609665,-4.5609665,0,Stand,5.2041397,,,,0->0:Exact,none; server owns swing cadence
286,4.731758,0.016445,Tick,live-sample,true,0xF13000000604A279,,server,,unchecked,unchecked,none,2.0418513,-4.5609665,-4.5609665,0,Stand,5.220585,,,,0->0:Exact,none; server owns swing cadence
287,4.750190,0.018433,Tick,live-sample,true,0xF13000000604A279,,server,,unchecked,unchecked,none,2.0418513,-4.5609665,-4.5609665,0,Stand,5.2390175,,,,0->0:Exact,none; server owns swing cadence
288,4.765523,0.015333,Tick,live-sample,true,0xF13000000604A279,,server,,unchecked,unchecked,none,2.0418513,-4.5609665,-4.5609665,0,Stand,5.2543507,,,,0->0:Exact,none; server owns swing cadence
289,4.782081,0.016558,Tick,live-sample,true,0xF13000000604A279,,server,,unchecked,unchecked,none,2.0418513,-4.5609665,-4.5609665,0,Stand,5.2709084,,,,0->0:Exact,none; server owns swing cadence
290,4.798613,0.016532,Tick,live-sample,true,0xF13000000604A279,,server,,unchecked,unchecked,none,2.0418513,-4.5609665,-4.5609665,0,Stand,5.2874403,,,,0->0:Exact,none; server owns swing cadence
291,4.815225,0.016612,Tick,live-sample,true,0xF13000000604A279,,server,,unchecked,unchecked,none,2.0418513,-4.5609665,-4.5609665,0,Stand,5.304052,,,,0->0:Exact,none; server owns swing cadence
292,4.832064,0.016839,Tick,live-sample,true,0xF13000000604A279,,server,,unchecked,unchecked,none,2.0418513,-4.5609665,-4.5609665,0,Stand,5.3208904,,,,0->0:Exact,none; server owns swing cadence
293,4.848638,0.016574,Tick,live-sample,true,0xF13000000604A279,,server,,unchecked,unchecked,none,2.0418513,-4.5609665,-4.5609665,0,Stand,5.337465,,,,0->0:Exact,none; server owns swing cadence
294,4.865391,0.016753,Tick,live-sample,true,0xF13000000604A279,,server,,unchecked,unchecked,none,2.0418513,-4.5609665,-4.5609665,0,Stand,5.3542175,,,,0->0:Exact,none; server owns swing cadence
295,4.882009,0.016618,Tick,live-sample,true,0xF13000000604A279,,server,,unchecked,unchecked,none,2.0418513,-4.5609665,-4.5609665,0,Stand,5.370836,,,,0->0:Exact,none; server owns swing cadence
296,4.898737,0.016728,Tick,live-sample,true,0xF13000000604A279,,server,,unchecked,unchecked,none,2.0418513,-4.5609665,-4.5609665,0,Stand,5.3875637,,,,0->0:Exact,none; server owns swing cadence
297,4.915252,0.016515,Tick,live-sample,true,0xF13000000604A279,,server,,unchecked,unchecked,none,2.0418513,-4.5609665,-4.5609665,0,Stand,5.404079,,,,0->0:Exact,none; server owns swing cadence
298,4.932249,0.016996,Tick,live-sample,true,0xF13000000604A279,,server,,unchecked,unchecked,none,2.0418513,-4.5609665,-4.5609665,0,Stand,5.4210753,,,,0->0:Exact,none; server owns swing cadence
299,4.949675,0.017426,Tick,live-sample,true,0xF13000000604A279,,server,,unchecked,unchecked,none,2.0418513,-4.5609665,-4.5609665,0,Stand,5.4385014,,,,0->0:Exact,none; server owns swing cadence
300,4.965558,0.015883,Tick,live-sample,true,0xF13000000604A279,,server,,unchecked,unchecked,none,2.0418513,-4.5609665,-4.5609665,0,Stand,5.454385,,,,0->0:Exact,none; server owns swing cadence
301,4.982022,0.016463,Tick,live-sample,true,0xF13000000604A279,,server,,unchecked,unchecked,none,2.0418513,-4.5609665,-4.5609665,0,Stand,5.470848,,,,0->0:Exact,none; server owns swing cadence
302,4.998649,0.016628,Tick,live-sample,true,0xF13000000604A279,,server,,unchecked,unchecked,none,2.0418513,-4.5609665,-4.5609665,0,Stand,5.487476,,,,0->0:Exact,none; server owns swing cadence
303,5.015456,0.016807,Tick,live-sample,true,0xF13000000604A279,,server,,unchecked,unchecked,none,2.0418513,-4.5609665,-4.5609665,0,Stand,5.504283,,,,0->0:Exact,none; server owns swing cadence
304,5.032296,0.016840,Tick,live-sample,true,0xF13000000604A279,,server,,unchecked,unchecked,none,2.0418513,-4.5609665,-4.5609665,0,Stand,5.5211225,,,,0->0:Exact,none; server owns swing cadence
305,5.048911,0.016615,Tick,live-sample,true,0xF13000000604A279,,server,,unchecked,unchecked,none,2.0418513,-4.5609665,-4.5609665,0,Stand,5.5377374,,,,0->0:Exact,none; server owns swing cadence
306,5.065513,0.016602,Tick,live-sample,true,0xF13000000604A279,,server,,unchecked,unchecked,none,2.0418513,-4.5609665,-4.5609665,0,Stand,5.55434,,,,0->0:Exact,none; server owns swing cadence
307,5.082546,0.017033,Tick,live-sample,true,0xF13000000604A279,,server,,unchecked,unchecked,none,2.0418513,-4.5609665,-4.5609665,0,Stand,5.5713725,,,,0->0:Exact,none; server owns swing cadence
308,5.098918,0.016372,Tick,live-sample,true,0xF13000000604A279,,server,,unchecked,unchecked,none,2.0418513,-4.5609665,-4.5609665,0,Stand,5.5877447,,,,0->0:Exact,none; server owns swing cadence
309,5.115966,0.017049,Tick,live-sample,true,0xF13000000604A279,,server,,unchecked,unchecked,none,2.0418513,-4.5609665,-4.5609665,0,Stand,5.604793,,,,0->0:Exact,none; server owns swing cadence
310,5.132357,0.016391,Tick,live-sample,true,0xF13000000604A279,,server,,unchecked,unchecked,none,2.0418513,-4.5609665,-4.5609665,0,Stand,5.621184,,,,0->0:Exact,none; server owns swing cadence
311,5.149670,0.017312,Tick,live-sample,true,0xF13000000604A279,,server,,unchecked,unchecked,none,2.0418513,-4.5609665,-4.5609665,0,Stand,5.6384964,,,,0->0:Exact,none; server owns swing cadence
312,5.165663,0.015994,Tick,live-sample,true,0xF13000000604A279,,server,,unchecked,unchecked,none,2.0418513,-4.5609665,-4.5609665,0,Stand,5.65449,,,,0->0:Exact,none; server owns swing cadence
313,5.182391,0.016728,Tick,live-sample,true,0xF13000000604A279,,server,,unchecked,unchecked,none,2.0418513,-4.5609665,-4.5609665,0,Stand,5.671218,,,,0->0:Exact,none; server owns swing cadence
314,5.198884,0.016493,Tick,live-sample,true,0xF13000000604A279,,server,,unchecked,unchecked,none,2.0418513,-4.5609665,-4.5609665,0,Stand,5.687711,,,,0->0:Exact,none; server owns swing cadence
315,5.215791,0.016907,Tick,live-sample,true,0xF13000000604A279,,server,,unchecked,unchecked,none,2.0418513,-4.5609665,-4.5609665,0,Stand,5.704618,,,,0->0:Exact,none; server owns swing cadence
316,5.232206,0.016415,Tick,live-sample,true,0xF13000000604A279,,server,,unchecked,unchecked,none,2.0418513,-4.5609665,-4.5609665,0,Stand,5.7210326,,,,0->0:Exact,none; server owns swing cadence
317,5.248929,0.016723,Tick,live-sample,true,0xF13000000604A279,,server,,unchecked,unchecked,none,2.0418513,-4.5609665,-4.5609665,0,Stand,5.737756,,,,0->0:Exact,none; server owns swing cadence
318,5.265823,0.016893,Tick,live-sample,true,0xF13000000604A279,,server,,unchecked,unchecked,none,2.0418513,-4.5609665,-4.5609665,0,Stand,5.754649,,,,0->0:Exact,none; server owns swing cadence
319,5.282342,0.016520,Tick,live-sample,true,0xF13000000604A279,,server,,unchecked,unchecked,none,2.0418513,-4.5609665,-4.5609665,0,Stand,5.771169,,,,0->0:Exact,none; server owns swing cadence
320,5.298984,0.016641,Tick,live-sample,true,0xF13000000604A279,,server,,unchecked,unchecked,none,2.0418513,-4.5609665,-4.5609665,0,Stand,5.787811,,,,0->0:Exact,none; server owns swing cadence
321,5.315812,0.016828,Tick,live-sample,true,0xF13000000604A279,,server,,unchecked,unchecked,none,2.0418513,-4.5609665,-4.5609665,0,Stand,5.804639,,,,0->0:Exact,none; server owns swing cadence
322,5.332511,0.016698,Tick,live-sample,true,0xF13000000604A279,,server,,unchecked,unchecked,none,2.0418513,-4.5609665,-4.5609665,0,Stand,5.821337,,,,0->0:Exact,none; server owns swing cadence
323,5.349102,0.016591,Tick,live-sample,true,0xF13000000604A279,,server,,unchecked,unchecked,none,2.0418513,-4.5609665,-4.5609665,0,Stand,5.8379283,,,,0->0:Exact,none; server owns swing cadence
324,5.365813,0.016711,Tick,live-sample,true,0xF13000000604A279,,server,,unchecked,unchecked,none,2.0418513,-4.5609665,-4.5609665,0,Stand,5.854639,,,,0->0:Exact,none; server owns swing cadence
325,5.382541,0.016728,Tick,live-sample,true,0xF13000000604A279,,server,,unchecked,unchecked,none,2.0418513,-4.5609665,-4.5609665,0,Stand,5.871367,,,,0->0:Exact,none; server owns swing cadence
326,5.399305,0.016764,Tick,live-sample,true,0xF13000000604A279,,server,,unchecked,unchecked,none,2.0418513,-4.5609665,-4.5609665,0,Stand,5.888131,,,,0->0:Exact,none; server owns swing cadence
327,5.415637,0.016331,Tick,live-sample,true,0xF13000000604A279,,server,,unchecked,unchecked,none,2.0418513,-4.5609665,-4.5609665,0,Stand,5.9044623,,,,0->0:Exact,none; server owns swing cadence
328,5.432409,0.016773,Tick,live-sample,true,0xF13000000604A279,,server,,unchecked,unchecked,none,2.0418513,-4.5609665,-4.5609665,0,Stand,5.921235,,,,0->0:Exact,none; server owns swing cadence
329,5.450844,0.018434,Tick,live-sample,true,0xF13000000604A279,,server,,unchecked,unchecked,none,2.0418513,-4.5609665,-4.5609665,0,Stand,5.939669,,,,0->0:Exact,none; server owns swing cadence
330,5.465764,0.014920,Tick,live-sample,true,0xF13000000604A279,,server,,unchecked,unchecked,none,2.0418513,-4.5609665,-4.5609665,0,Stand,5.9545894,,,,0->0:Exact,none; server owns swing cadence
331,5.482554,0.016791,Tick,live-sample,true,0xF13000000604A279,,server,,unchecked,unchecked,none,2.0418513,-4.5609665,-4.5609665,0,Stand,5.97138,,,,0->0:Exact,none; server owns swing cadence
332,5.499026,0.016472,Tick,live-sample,true,0xF13000000604A279,,server,,unchecked,unchecked,none,2.0418513,-4.5609665,-4.5609665,0,Stand,5.987852,,,,0->0:Exact,none; server owns swing cadence
333,5.515910,0.016884,Tick,live-sample,true,0xF13000000604A279,,server,,unchecked,unchecked,none,2.0418513,-4.5609665,-4.5609665,0,Stand,6.004736,,,,0->0:Exact,none; server owns swing cadence
334,5.532731,0.016821,Tick,live-sample,true,0xF13000000604A279,,server,,unchecked,unchecked,none,2.0418513,-4.5609665,-4.5609665,0,Stand,6.021557,,,,0->0:Exact,none; server owns swing cadence
335,5.549712,0.016982,Tick,live-sample,true,0xF13000000604A279,,server,,unchecked,unchecked,none,2.0418513,-4.5609665,-4.5609665,0,Stand,6.0385385,,,,0->0:Exact,none; server owns swing cadence
336,5.566150,0.016438,Tick,live-sample,true,0xF13000000604A279,,server,,unchecked,unchecked,none,2.0418513,-4.5609665,-4.5609665,0,Stand,6.054976,,,,0->0:Exact,none; server owns swing cadence
337,5.582580,0.016430,Tick,live-sample,true,0xF13000000604A279,,server,,unchecked,unchecked,none,2.0418513,-4.5609665,-4.5609665,0,Stand,6.071406,,,,0->0:Exact,none; server owns swing cadence
338,5.599361,0.016781,Tick,live-sample,true,0xF13000000604A279,,server,,unchecked,unchecked,none,2.0418513,-4.5609665,-4.5609665,0,Stand,6.088187,,,,0->0:Exact,none; server owns swing cadence
339,5.616033,0.016672,Tick,live-sample,true,0xF13000000604A279,,server,,unchecked,unchecked,none,2.0418513,-4.5609665,-4.5609665,0,Stand,6.1048594,,,,0->0:Exact,none; server owns swing cadence
340,5.632552,0.016518,Tick,live-sample,true,0xF13000000604A279,,server,,unchecked,unchecked,none,2.0418513,-4.5609665,-4.5609665,0,Stand,6.121378,,,,0->0:Exact,none; server owns swing cadence
341,5.650697,0.018146,Tick,live-sample,true,0xF13000000604A279,,server,,unchecked,unchecked,none,2.0418513,-4.5609665,-4.5609665,0,Stand,6.1395235,,,,0->0:Exact,none; server owns swing cadence
342,5.665904,0.015207,Tick,live-sample,true,0xF13000000604A279,,server,,unchecked,unchecked,none,2.0418513,-4.5609665,-4.5609665,0,Stand,6.1547303,,,,0->0:Exact,none; server owns swing cadence
343,5.682690,0.016786,Tick,live-sample,true,0xF13000000604A279,,server,,unchecked,unchecked,none,2.0418513,-4.5609665,-4.5609665,0,Stand,6.1715164,,,,0->0:Exact,none; server owns swing cadence
344,5.699446,0.016756,Tick,live-sample,true,0xF13000000604A279,,server,,unchecked,unchecked,none,2.0418513,-4.5609665,-4.5609665,0,Stand,6.1882725,,,,0->0:Exact,none; server owns swing cadence
345,5.716383,0.016937,Tick,live-sample,true,0xF13000000604A279,,server,,unchecked,unchecked,none,2.0418513,-4.5609665,-4.5609665,0,Stand,6.2052097,,,,0->0:Exact,none; server owns swing cadence
346,5.732566,0.016183,Tick,live-sample,true,0xF13000000604A279,,server,,unchecked,unchecked,none,2.0418513,-4.5609665,-4.5609665,0,Stand,6.2213926,,,,0->0:Exact,none; server owns swing cadence
347,5.749572,0.017006,Tick,live-sample,true,0xF13000000604A279,,server,,unchecked,unchecked,none,2.0418513,-4.5609665,-4.5609665,0,Stand,6.2383986,,,,0->0:Exact,none; server owns swing cadence
348,5.766340,0.016768,Tick,live-sample,true,0xF13000000604A279,,server,,unchecked,unchecked,none,2.0418513,-4.5609665,-4.5609665,0,Stand,6.2551665,,,,0->0:Exact,none; server owns swing cadence
349,5.782646,0.016306,Tick,live-sample,true,0xF13000000604A279,,server,,unchecked,unchecked,none,2.0418513,-4.5609665,-4.5609665,0,Stand,6.2714725,,,,0->0:Exact,none; server owns swing cadence
350,5.799521,0.016875,Tick,live-sample,true,0xF13000000604A279,,server,,unchecked,unchecked,none,2.0418513,-4.5609665,-4.5609665,0,Stand,6.2883472,,,,0->0:Exact,none; server owns swing cadence
351,5.816092,0.016571,Tick,live-sample,true,0xF13000000604A279,,server,,unchecked,unchecked,none,2.0418513,-4.5609665,-4.5609665,0,Stand,6.3049183,,,,0->0:Exact,none; server owns swing cadence
352,5.832984,0.016892,Tick,live-sample,true,0xF13000000604A279,,server,,unchecked,unchecked,none,2.0418513,-4.5609665,-4.5609665,0,Stand,6.32181,,,,0->0:Exact,none; server owns swing cadence
353,5.851006,0.018022,Tick,live-sample,true,0xF13000000604A279,,server,,unchecked,unchecked,none,2.0418513,-4.5609665,-4.5609665,0,Stand,6.3398323,,,,0->0:Exact,none; server owns swing cadence
354,5.866264,0.015258,Tick,live-sample,true,0xF13000000604A279,,server,,unchecked,unchecked,none,2.0418513,-4.5609665,-4.5609665,0,Stand,6.3550906,,,,0->0:Exact,none; server owns swing cadence
355,5.882869,0.016605,Tick,live-sample,true,0xF13000000604A279,,server,,unchecked,unchecked,none,2.0418513,-4.5609665,-4.5609665,0,Stand,6.3716955,,,,0->0:Exact,none; server owns swing cadence
356,5.899575,0.016706,Tick,live-sample,true,0xF13000000604A279,,server,,unchecked,unchecked,none,2.0418513,-4.5609665,-4.5609665,0,Stand,6.3884015,,,,0->0:Exact,none; server owns swing cadence
357,5.916341,0.016766,Tick,live-sample,true,0xF13000000604A279,,server,,unchecked,unchecked,none,2.0418513,-4.5609665,-4.5609665,0,Stand,6.4051676,,,,0->0:Exact,none; server owns swing cadence
358,5.933098,0.016757,Tick,live-sample,true,0xF13000000604A279,,server,,unchecked,unchecked,none,2.0418513,-4.5609665,-4.5609665,0,Stand,6.4219246,,,,0->0:Exact,none; server owns swing cadence
359,5.949654,0.016556,Tick,live-sample,true,0xF13000000604A279,,server,,unchecked,unchecked,none,2.0418513,-4.5609665,-4.5609665,0,Stand,6.4384804,,,,0->0:Exact,none; server owns swing cadence
360,5.966264,0.016610,Tick,live-sample,true,0xF13000000604A279,,server,,unchecked,unchecked,none,2.0418513,-4.5609665,-4.5609665,0,Stand,6.45509,,,,0->0:Exact,none; server owns swing cadence
361,5.982943,0.016679,Tick,live-sample,true,0xF13000000604A279,,server,,unchecked,unchecked,none,2.0418513,-4.5609665,-4.5609665,0,Stand,6.471769,,,,0->0:Exact,none; server owns swing cadence
362,5.999934,0.016991,Tick,live-sample,true,0xF13000000604A279,,server,,unchecked,unchecked,none,2.0418513,-4.5609665,-4.5609665,0,Stand,6.48876,,,,0->0:Exact,none; server owns swing cadence
363,6.016549,0.016615,Tick,live-sample,true,0xF13000000604A279,,server,,unchecked,unchecked,none,2.0418513,-4.5609665,-4.5609665,0,Stand,6.505375,,,,0->0:Exact,none; server owns swing cadence
364,6.032943,0.016394,Tick,live-sample,true,0xF13000000604A279,,server,,unchecked,unchecked,none,2.0418513,-4.5609665,-4.5609665,0,Stand,6.5217695,,,,0->0:Exact,none; server owns swing cadence
365,6.051131,0.018188,Tick,live-sample,true,0xF13000000604A279,,server,,unchecked,unchecked,none,2.0418513,-4.5609665,-4.5609665,0,Stand,6.5399575,,,,0->0:Exact,none; server owns swing cadence
366,6.066403,0.015272,Tick,live-sample,true,0xF13000000604A279,,server,,unchecked,unchecked,none,2.0418513,-4.5609665,-4.5609665,0,Stand,6.555229,,,,0->0:Exact,none; server owns swing cadence
367,6.083077,0.016674,Tick,live-sample,true,0xF13000000604A279,,server,,unchecked,unchecked,none,2.0418513,-4.5609665,-4.5609665,0,Stand,6.5719028,,,,0->0:Exact,none; server owns swing cadence
368,6.099579,0.016503,Tick,live-sample,true,0xF13000000604A279,,server,,unchecked,unchecked,none,2.0418513,-4.5609665,-4.5609665,0,Stand,6.588405,,,,0->0:Exact,none; server owns swing cadence
369,6.116429,0.016850,Tick,live-sample,true,0xF13000000604A279,,server,,unchecked,unchecked,none,2.0418513,-4.5609665,-4.5609665,0,Stand,6.605255,,,,0->0:Exact,none; server owns swing cadence
370,6.133210,0.016781,Tick,live-sample,true,0xF13000000604A279,,server,,unchecked,unchecked,none,2.0418513,-4.5609665,-4.5609665,0,Stand,6.6220365,,,,0->0:Exact,none; server owns swing cadence
371,6.149869,0.016659,Tick,live-sample,true,0xF13000000604A279,,server,,unchecked,unchecked,none,2.0418513,-4.5609665,-4.5609665,0,Stand,6.6386952,,,,0->0:Exact,none; server owns swing cadence
372,6.166260,0.016391,Tick,live-sample,true,0xF13000000604A279,,server,,unchecked,unchecked,none,2.0418513,-4.5609665,-4.5609665,0,Stand,6.655086,,,,0->0:Exact,none; server owns swing cadence
373,6.183155,0.016895,Tick,live-sample,true,0xF13000000604A279,,server,,unchecked,unchecked,none,2.0418513,-4.5609665,-4.5609665,0,Stand,6.671981,,,,0->0:Exact,none; server owns swing cadence
374,6.199763,0.016608,Tick,live-sample,true,0xF13000000604A279,,server,,unchecked,unchecked,none,2.0418513,-4.5609665,-4.5609665,0,Stand,6.688589,,,,0->0:Exact,none; server owns swing cadence
375,6.216309,0.016546,Tick,live-sample,true,0xF13000000604A279,,server,,unchecked,unchecked,none,2.0418513,-4.5609665,-4.5609665,0,Stand,6.705135,,,,0->0:Exact,none; server owns swing cadence
376,6.233104,0.016795,Tick,live-sample,true,0xF13000000604A279,,server,,unchecked,unchecked,none,2.0418513,-4.5609665,-4.5609665,0,Stand,6.7219296,,,,0->0:Exact,none; server owns swing cadence
377,6.251277,0.018173,Tick,live-sample,true,0xF13000000604A279,,server,,unchecked,unchecked,none,2.0418513,-4.5609665,-4.5609665,0,Stand,6.7401023,,,,0->0:Exact,none; server owns swing cadence
378,6.266660,0.015383,Tick,live-sample,true,0xF13000000604A279,,server,,unchecked,unchecked,none,2.0418513,-4.5609665,-4.5609665,0,Stand,6.755486,,,,0->0:Exact,none; server owns swing cadence
379,6.283145,0.016485,Tick,live-sample,true,0xF13000000604A279,,server,,unchecked,unchecked,none,2.0418513,-4.5609665,-4.5609665,0,Stand,6.771971,,,,0->0:Exact,none; server owns swing cadence
380,6.299750,0.016605,Tick,live-sample,true,0xF13000000604A279,,server,,unchecked,unchecked,none,2.0418513,-4.5609665,-4.5609665,0,Stand,6.788576,,,,0->0:Exact,none; server owns swing cadence
381,6.316345,0.016595,Tick,live-sample,true,0xF13000000604A279,,server,,unchecked,unchecked,none,2.0418513,-4.5609665,-4.5609665,0,Stand,6.805171,,,,0->0:Exact,none; server owns swing cadence
382,6.333179,0.016834,Tick,live-sample,true,0xF13000000604A279,,server,,unchecked,unchecked,none,2.0418513,-4.5609665,-4.5609665,0,Stand,6.8220053,,,,0->0:Exact,none; server owns swing cadence
383,6.349860,0.016681,Tick,live-sample,true,0xF13000000604A279,,server,,unchecked,unchecked,none,2.0418513,-4.5609665,-4.5609665,0,Stand,6.838686,,,,0->0:Exact,none; server owns swing cadence
384,6.366486,0.016626,Tick,live-sample,true,0xF13000000604A279,,server,,unchecked,unchecked,none,2.0418513,-4.5609665,-4.5609665,0,Stand,6.8553123,,,,0->0:Exact,none; server owns swing cadence
385,6.383351,0.016865,Tick,live-sample,true,0xF13000000604A279,,server,,unchecked,unchecked,none,2.0418513,-4.5609665,-4.5609665,0,Stand,6.872177,,,,0->0:Exact,none; server owns swing cadence
386,6.399800,0.016449,Tick,live-sample,true,0xF13000000604A279,,server,,unchecked,unchecked,none,2.0418513,-4.5609665,-4.5609665,0,Stand,6.888626,,,,0->0:Exact,none; server owns swing cadence
387,6.416541,0.016741,Tick,live-sample,true,0xF13000000604A279,,server,,unchecked,unchecked,none,2.0418513,-4.5609665,-4.5609665,0,Stand,6.905367,,,,0->0:Exact,none; server owns swing cadence
388,6.433108,0.016567,Tick,live-sample,true,0xF13000000604A279,,server,,unchecked,unchecked,none,2.0418513,-4.5609665,-4.5609665,0,Stand,6.921934,,,,0->0:Exact,none; server owns swing cadence
389,6.450881,0.017772,Tick,live-sample,true,0xF13000000604A279,,server,,unchecked,unchecked,none,2.0418513,-4.5609665,-4.5609665,0,Stand,6.9397063,,,,0->0:Exact,none; server owns swing cadence
390,6.466742,0.015862,Tick,live-sample,true,0xF13000000604A279,,server,,unchecked,unchecked,none,2.0418513,-4.5609665,-4.5609665,0,Stand,6.955568,,,,0->0:Exact,none; server owns swing cadence
391,6.483219,0.016477,Tick,live-sample,true,0xF13000000604A279,,server,,unchecked,unchecked,none,2.0418513,-4.5609665,-4.5609665,0,Stand,6.972045,,,,0->0:Exact,none; server owns swing cadence
392,6.499887,0.016668,Tick,live-sample,true,0xF13000000604A279,,server,,unchecked,unchecked,none,2.0418513,-4.5609665,-4.5609665,0,Stand,6.988713,,,,0->0:Exact,none; server owns swing cadence
393,6.516585,0.016698,Tick,live-sample,true,0xF13000000604A279,,server,,unchecked,unchecked,none,2.0418513,-4.5609665,-4.5609665,0,Stand,7.0054107,,,,0->0:Exact,none; server owns swing cadence
394,6.533698,0.017113,Tick,live-sample,true,0xF13000000604A279,,server,,unchecked,unchecked,none,2.0418513,-4.5609665,-4.5609665,0,Stand,7.022524,,,,0->0:Exact,none; server owns swing cadence
395,6.550306,0.016608,Tick,live-sample,true,0xF13000000604A279,,server,,unchecked,unchecked,none,2.0418513,-4.5609665,-4.5609665,0,Stand,7.039132,,,,0->0:Exact,none; server owns swing cadence
396,6.566769,0.016462,Tick,live-sample,true,0xF13000000604A279,,server,,unchecked,unchecked,none,2.0418513,-4.5609665,-4.5609665,0,Stand,7.0555944,,,,0->0:Exact,none; server owns swing cadence
397,6.583402,0.016634,Tick,live-sample,true,0xF13000000604A279,,server,,unchecked,unchecked,none,2.0418513,-4.5609665,-4.5609665,0,Stand,7.072228,,,,0->0:Exact,none; server owns swing cadence
398,6.600046,0.016643,Tick,live-sample,true,0xF13000000604A279,,server,,unchecked,unchecked,none,2.0418513,-4.5609665,-4.5609665,0,Stand,7.0888715,,,,0->0:Exact,none; server owns swing cadence
399,6.616761,0.016715,Tick,live-sample,true,0xF13000000604A279,,server,,unchecked,unchecked,none,2.0418513,-4.5609665,-4.5609665,0,Stand,7.105587,,,,0->0:Exact,none; server owns swing cadence
400,6.633430,0.016669,Tick,live-sample,true,0xF13000000604A279,,server,,unchecked,unchecked,none,2.0418513,-4.5609665,-4.5609665,0,Stand,7.122256,,,,0->0:Exact,none; server owns swing cadence
401,6.651184,0.017754,Tick,live-sample,true,0xF13000000604A279,,server,,unchecked,unchecked,none,2.0418513,-4.5609665,-4.5609665,0,Stand,7.14001,,,,0->0:Exact,none; server owns swing cadence
402,6.666528,0.015344,Tick,live-sample,true,0xF13000000604A279,,server,,unchecked,unchecked,none,2.0418513,-4.5609665,-4.5609665,0,Stand,7.1553545,,,,0->0:Exact,none; server owns swing cadence
403,6.683388,0.016860,Tick,live-sample,true,0xF13000000604A279,,server,,unchecked,unchecked,none,2.0418513,-4.5609665,-4.5609665,0,Stand,7.172214,,,,0->0:Exact,none; server owns swing cadence
404,6.700039,0.016651,Tick,live-sample,true,0xF13000000604A279,,server,,unchecked,unchecked,none,2.0418513,-4.5609665,-4.5609665,0,Stand,7.1888647,,,,0->0:Exact,none; server owns swing cadence
405,6.716796,0.016758,Tick,live-sample,true,0xF13000000604A279,,server,,unchecked,unchecked,none,2.0418513,-4.5609665,-4.5609665,0,Stand,7.2056227,,,,0->0:Exact,none; server owns swing cadence
406,6.733477,0.016680,Tick,live-sample,true,0xF13000000604A279,,server,,unchecked,unchecked,none,2.0418513,-4.5609665,-4.5609665,0,Stand,7.222303,,,,0->0:Exact,none; server owns swing cadence
407,6.750420,0.016943,Tick,live-sample,true,0xF13000000604A279,,server,,unchecked,unchecked,none,2.0418513,-4.5609665,-4.5609665,0,Stand,7.239246,,,,0->0:Exact,none; server owns swing cadence
408,6.767307,0.016888,Tick,live-sample,true,0xF13000000604A279,,server,,unchecked,unchecked,none,2.0418513,-4.5609665,-4.5609665,0,Stand,7.2561336,,,,0->0:Exact,none; server owns swing cadence
409,6.783704,0.016397,Tick,live-sample,true,0xF13000000604A279,,server,,unchecked,unchecked,none,2.0418513,-4.5609665,-4.5609665,0,Stand,7.27253,,,,0->0:Exact,none; server owns swing cadence
410,6.800179,0.016475,Tick,live-sample,true,0xF13000000604A279,,server,,unchecked,unchecked,none,2.0418513,-4.5609665,-4.5609665,0,Stand,7.289005,,,,0->0:Exact,none; server owns swing cadence
411,6.817134,0.016955,Tick,live-sample,true,0xF13000000604A279,,server,,unchecked,unchecked,none,2.0418513,-4.5609665,-4.5609665,0,Stand,7.30596,,,,0->0:Exact,none; server owns swing cadence
412,6.833450,0.016315,Tick,live-sample,true,0xF13000000604A279,,server,,unchecked,unchecked,none,2.0418513,-4.5609665,-4.5609665,0,Stand,7.3222756,,,,0->0:Exact,none; server owns swing cadence
413,6.850959,0.017510,Tick,live-sample,true,0xF13000000604A279,,server,,unchecked,unchecked,none,2.0418513,-4.5609665,-4.5609665,0,Stand,7.339785,,,,0->0:Exact,none; server owns swing cadence
414,6.866895,0.015935,Tick,live-sample,true,0xF13000000604A279,,server,,unchecked,unchecked,none,2.0418513,-4.5609665,-4.5609665,0,Stand,7.3557205,,,,0->0:Exact,none; server owns swing cadence
415,6.883642,0.016747,Tick,live-sample,true,0xF13000000604A279,,server,,unchecked,unchecked,none,2.0418513,-4.5609665,-4.5609665,0,Stand,7.3724675,,,,0->0:Exact,none; server owns swing cadence
416,6.900349,0.016708,Tick,live-sample,true,0xF13000000604A279,,server,,unchecked,unchecked,none,2.0418513,-4.5609665,-4.5609665,0,Stand,7.3891754,,,,0->0:Exact,none; server owns swing cadence
417,6.916944,0.016594,Tick,live-sample,true,0xF13000000604A279,,server,,unchecked,unchecked,none,2.0418513,-4.5609665,-4.5609665,0,Stand,7.40577,,,,0->0:Exact,none; server owns swing cadence
418,6.933706,0.016762,Tick,live-sample,true,0xF13000000604A279,,server,,unchecked,unchecked,none,2.0418513,-4.5609665,-4.5609665,0,Stand,7.4225316,,,,0->0:Exact,none; server owns swing cadence
419,6.950426,0.016720,Tick,live-sample,true,0xF13000000604A279,,server,,unchecked,unchecked,none,2.0418513,-4.5609665,-4.5609665,0,Stand,7.439252,,,,0->0:Exact,none; server owns swing cadence
420,6.967268,0.016842,Tick,live-sample,true,0xF13000000604A279,,server,,unchecked,unchecked,none,2.0418513,-4.5609665,-4.5609665,0,Stand,7.456094,,,,0->0:Exact,none; server owns swing cadence
421,6.983570,0.016302,Tick,live-sample,true,0xF13000000604A279,,server,,unchecked,unchecked,none,2.0418513,-4.5609665,-4.5609665,0,Stand,7.4723964,,,,0->0:Exact,none; server owns swing cadence
422,7.000435,0.016865,Tick,live-sample,true,0xF13000000604A279,,server,,unchecked,unchecked,none,2.0418513,-4.5609665,-4.5609665,0,Stand,7.489261,,,,0->0:Exact,none; server owns swing cadence
423,7.017008,0.016573,Tick,live-sample,true,0xF13000000604A279,,server,,unchecked,unchecked,none,2.0418513,-4.5609665,-4.5609665,0,Stand,7.5058346,,,,0->0:Exact,none; server owns swing cadence
424,7.033850,0.016841,Tick,live-sample,true,0xF13000000604A279,,server,,unchecked,unchecked,none,2.0418513,-4.5609665,-4.5609665,0,Stand,7.5226755,,,,0->0:Exact,none; server owns swing cadence
425,7.051307,0.017457,Tick,live-sample,true,0xF13000000604A279,,server,,unchecked,unchecked,none,2.0418513,-4.5609665,-4.5609665,0,Stand,7.540133,,,,0->0:Exact,none; server owns swing cadence
426,7.067262,0.015955,Tick,live-sample,true,0xF13000000604A279,,server,,unchecked,unchecked,none,2.0418513,-4.5609665,-4.5609665,0,Stand,7.556088,,,,0->0:Exact,none; server owns swing cadence
427,7.083758,0.016496,Tick,live-sample,true,0xF13000000604A279,,server,,unchecked,unchecked,none,2.0418513,-4.5609665,-4.5609665,0,Stand,7.5725837,,,,0->0:Exact,none; server owns swing cadence
428,7.100506,0.016748,Tick,live-sample,true,0xF13000000604A279,,server,,unchecked,unchecked,none,2.0418513,-4.5609665,-4.5609665,0,Stand,7.5893316,,,,0->0:Exact,none; server owns swing cadence
429,7.117113,0.016607,Tick,live-sample,true,0xF13000000604A279,,server,,unchecked,unchecked,none,2.0418513,-4.5609665,-4.5609665,0,Stand,7.605939,,,,0->0:Exact,none; server owns swing cadence
430,7.133719,0.016606,Tick,live-sample,true,0xF13000000604A279,,server,,unchecked,unchecked,none,2.0418513,-4.5609665,-4.5609665,0,Stand,7.622545,,,,0->0:Exact,none; server owns swing cadence
431,7.150384,0.016666,Tick,live-sample,true,0xF13000000604A279,,server,,unchecked,unchecked,none,2.0418513,-4.5609665,-4.5609665,0,Stand,7.63921,,,,0->0:Exact,none; server owns swing cadence
432,7.167037,0.016653,Tick,live-sample,true,0xF13000000604A279,,server,,unchecked,unchecked,none,2.0418513,-4.5609665,-4.5609665,0,Stand,7.655863,,,,0->0:Exact,none; server owns swing cadence
433,7.183743,0.016705,Tick,live-sample,true,0xF13000000604A279,,server,,unchecked,unchecked,none,2.0418513,-4.5609665,-4.5609665,0,Stand,7.6725683,,,,0->0:Exact,none; server owns swing cadence
434,7.200366,0.016624,Tick,live-sample,true,0xF13000000604A279,,server,,unchecked,unchecked,none,2.0418513,-4.5609665,-4.5609665,0,Stand,7.6891923,,,,0->0:Exact,none; server owns swing cadence
435,7.217174,0.016807,Tick,live-sample,true,0xF13000000604A279,,server,,unchecked,unchecked,none,2.0418513,-4.5609665,-4.5609665,0,Stand,7.7059994,,,,0->0:Exact,none; server owns swing cadence
436,7.233798,0.016625,Tick,live-sample,true,0xF13000000604A279,,server,,unchecked,unchecked,none,2.0418513,-4.5609665,-4.5609665,0,Stand,7.7226243,,,,0->0:Exact,none; server owns swing cadence
437,7.251106,0.017307,Tick,live-sample,true,0xF13000000604A279,,server,,unchecked,unchecked,none,2.0418513,-4.5609665,-4.5609665,0,Stand,7.7399316,,,,0->0:Exact,none; server owns swing cadence
438,7.267224,0.016118,Tick,live-sample,true,0xF13000000604A279,,server,,unchecked,unchecked,none,2.0418513,-4.5609665,-4.5609665,0,Stand,7.75605,,,,0->0:Exact,none; server owns swing cadence
439,7.283802,0.016578,Tick,live-sample,true,0xF13000000604A279,,server,,unchecked,unchecked,none,2.0418513,-4.5609665,-4.5609665,0,Stand,7.7726283,,,,0->0:Exact,none; server owns swing cadence
440,7.300569,0.016767,Tick,live-sample,true,0xF13000000604A279,,server,,unchecked,unchecked,none,2.0418513,-4.5609665,-4.5609665,0,Stand,7.7893953,,,,0->0:Exact,none; server owns swing cadence
441,7.317169,0.016600,Tick,live-sample,true,0xF13000000604A279,,server,,unchecked,unchecked,none,2.0418513,-4.5609665,-4.5609665,0,Stand,7.805995,,,,0->0:Exact,none; server owns swing cadence
442,7.334076,0.016908,Tick,live-sample,true,0xF13000000604A279,,server,,unchecked,unchecked,none,2.0418513,-4.5609665,-4.5609665,0,Stand,7.8229027,,,,0->0:Exact,none; server owns swing cadence
443,7.351015,0.016939,Tick,live-sample,true,0xF13000000604A279,,server,,unchecked,unchecked,none,2.0418513,-4.5609665,-4.5609665,0,Stand,7.839842,,,,0->0:Exact,none; server owns swing cadence
444,7.367296,0.016280,Tick,live-sample,true,0xF13000000604A279,,server,,unchecked,unchecked,none,2.0418513,-4.5609665,-4.5609665,0,Stand,7.856122,,,,0->0:Exact,none; server owns swing cadence
445,7.384193,0.016897,Tick,live-sample,true,0xF13000000604A279,,server,,unchecked,unchecked,none,2.0418513,-4.5609665,-4.5609665,0,Stand,7.873019,,,,0->0:Exact,none; server owns swing cadence
446,7.400812,0.016620,Tick,live-sample,true,0xF13000000604A279,,server,,unchecked,unchecked,none,2.0418513,-4.5609665,-4.5609665,0,Stand,7.889639,,,,0->0:Exact,none; server owns swing cadence
447,7.417642,0.016829,Tick,live-sample,true,0xF13000000604A279,,server,,unchecked,unchecked,none,2.0418513,-4.5609665,-4.5609665,0,Stand,7.9064684,,,,0->0:Exact,none; server owns swing cadence
448,7.434059,0.016417,Tick,live-sample,true,0xF13000000604A279,,server,,unchecked,unchecked,none,2.0418513,-4.5609665,-4.5609665,0,Stand,7.922886,,,,0->0:Exact,none; server owns swing cadence
449,7.450640,0.016581,Tick,live-sample,true,0xF13000000604A279,,server,,unchecked,unchecked,none,2.0418513,-4.5609665,-4.5609665,0,Stand,7.9394665,,,,0->0:Exact,none; server owns swing cadence
450,7.467286,0.016646,Tick,live-sample,true,0xF13000000604A279,,server,,unchecked,unchecked,none,2.0418513,-4.5609665,-4.5609665,0,Stand,7.956112,,,,0->0:Exact,none; server owns swing cadence
451,7.484039,0.016754,Tick,live-sample,true,0xF13000000604A279,,server,,unchecked,unchecked,none,2.0418513,-4.5609665,-4.5609665,0,Stand,7.9728656,,,,0->0:Exact,none; server owns swing cadence
452,7.500610,0.016571,Tick,live-sample,true,0xF13000000604A279,,server,,unchecked,unchecked,none,2.0418513,-4.5609665,-4.5609665,0,Stand,7.989436,,,,0->0:Exact,none; server owns swing cadence
453,7.517421,0.016811,Tick,live-sample,true,0xF13000000604A279,,server,,unchecked,unchecked,none,2.0418513,-4.5609665,-4.5609665,0,Stand,8.006247,,,,0->0:Exact,none; server owns swing cadence
454,7.534224,0.016803,Tick,live-sample,true,0xF13000000604A279,,server,,unchecked,unchecked,none,2.0418513,-4.5609665,-4.5609665,0,Stand,8.02305,,,,0->0:Exact,none; server owns swing cadence
455,7.552172,0.017948,Tick,live-sample,true,0xF13000000604A279,,server,,unchecked,unchecked,none,2.0418513,-4.5609665,-4.5609665,0,Stand,8.040998,,,,0->0:Exact,none; server owns swing cadence
456,7.567465,0.015292,Tick,live-sample,true,0xF13000000604A279,,server,,unchecked,unchecked,none,2.0418513,-4.5609665,-4.5609665,0,Stand,8.056291,,,,0->0:Exact,none; server owns swing cadence
457,7.583955,0.016491,Tick,live-sample,true,0xF13000000604A279,,server,,unchecked,unchecked,none,2.0418513,-4.5609665,-4.5609665,0,Stand,8.072782,,,,0->0:Exact,none; server owns swing cadence
458,7.600809,0.016854,Tick,live-sample,true,0xF13000000604A279,,server,,unchecked,unchecked,none,2.0418513,-4.5609665,-4.5609665,0,Stand,8.089635,,,,0->0:Exact,none; server owns swing cadence
459,7.617512,0.016703,Tick,live-sample,true,0xF13000000604A279,,server,,unchecked,unchecked,none,2.0418513,-4.5609665,-4.5609665,0,Stand,8.106338,,,,0->0:Exact,none; server owns swing cadence
460,7.634135,0.016623,Tick,live-sample,true,0xF13000000604A279,,server,,unchecked,unchecked,none,2.0418513,-4.5609665,-4.5609665,0,Stand,8.122961,,,,0->0:Exact,none; server owns swing cadence
461,7.650820,0.016685,Tick,live-sample,true,0xF13000000604A279,,server,,unchecked,unchecked,none,2.0418513,-4.5609665,-4.5609665,0,Stand,8.139647,,,,0->0:Exact,none; server owns swing cadence
462,7.667450,0.016629,Tick,live-sample,true,0xF13000000604A279,,server,,unchecked,unchecked,none,2.0418513,-4.5609665,-4.5609665,0,Stand,8.156276,,,,0->0:Exact,none; server owns swing cadence
463,7.684193,0.016744,Tick,live-sample,true,0xF13000000604A279,,server,,unchecked,unchecked,none,2.0418513,-4.5609665,-4.5609665,0,Stand,8.173019,,,,0->0:Exact,none; server owns swing cadence
464,7.700986,0.016792,Tick,live-sample,true,0xF13000000604A279,,server,,unchecked,unchecked,none,2.0418513,-4.5609665,-4.5609665,0,Stand,8.189812,,,,0->0:Exact,none; server owns swing cadence
465,7.717717,0.016731,Tick,live-sample,true,0xF13000000604A279,,server,,unchecked,unchecked,none,2.0418513,-4.5609665,-4.5609665,0,Stand,8.206543,,,,0->0:Exact,none; server owns swing cadence
466,7.734176,0.016460,Tick,live-sample,true,0xF13000000604A279,,server,,unchecked,unchecked,none,2.0418513,-4.5609665,-4.5609665,0,Stand,8.223002,,,,0->0:Exact,none; server owns swing cadence
467,7.752671,0.018494,Tick,live-sample,true,0xF13000000604A279,,server,,unchecked,unchecked,none,2.0418513,-4.5609665,-4.5609665,0,Stand,8.241497,,,,0->0:Exact,none; server owns swing cadence
468,7.767898,0.015227,Tick,live-sample,true,0xF13000000604A279,,server,,unchecked,unchecked,none,2.0418513,-4.5609665,-4.5609665,0,Stand,8.256724,,,,0->0:Exact,none; server owns swing cadence
469,7.784328,0.016429,Tick,live-sample,true,0xF13000000604A279,,server,,unchecked,unchecked,none,2.0418513,-4.5609665,-4.5609665,0,Stand,8.273153,,,,0->0:Exact,none; server owns swing cadence
470,7.800940,0.016613,Tick,live-sample,true,0xF13000000604A279,,server,,unchecked,unchecked,none,2.0418513,-4.5609665,-4.5609665,0,Stand,8.289766,,,,0->0:Exact,none; server owns swing cadence
471,7.817577,0.016637,Tick,live-sample,true,0xF13000000604A279,,server,,unchecked,unchecked,none,2.0418513,-4.5609665,-4.5609665,0,Stand,8.306403,,,,0->0:Exact,none; server owns swing cadence
472,7.834436,0.016859,Tick,live-sample,true,0xF13000000604A279,,server,,unchecked,unchecked,none,2.0418513,-4.5609665,-4.5609665,0,Stand,8.323262,,,,0->0:Exact,none; server owns swing cadence
473,7.851362,0.016926,Tick,live-sample,true,0xF13000000604A279,,server,,unchecked,unchecked,none,2.0418513,-4.5609665,-4.5609665,0,Stand,8.340189,,,,0->0:Exact,none; server owns swing cadence
474,7.867553,0.016190,Tick,live-sample,true,0xF13000000604A279,,server,,unchecked,unchecked,none,2.0418513,-4.5609665,-4.5609665,0,Stand,8.3563795,,,,0->0:Exact,none; server owns swing cadence
475,7.884294,0.016741,Tick,live-sample,true,0xF13000000604A279,,server,,unchecked,unchecked,none,2.0418513,-4.5609665,-4.5609665,0,Stand,8.37312,,,,0->0:Exact,none; server owns swing cadence
476,7.900967,0.016674,Tick,live-sample,true,0xF13000000604A279,,server,,unchecked,unchecked,none,2.0418513,-4.5609665,-4.5609665,0,Stand,8.389794,,,,0->0:Exact,none; server owns swing cadence
477,7.917852,0.016884,Tick,live-sample,true,0xF13000000604A279,,server,,unchecked,unchecked,none,2.0418513,-4.5609665,-4.5609665,0,Stand,8.406678,,,,0->0:Exact,none; server owns swing cadence
478,7.934749,0.016897,Tick,live-sample,true,0xF13000000604A279,,server,,unchecked,unchecked,none,2.0418513,-4.5609665,-4.5609665,0,Stand,8.423575,,,,0->0:Exact,none; server owns swing cadence
479,7.952663,0.017915,Tick,live-sample,true,0xF13000000604A279,,server,,unchecked,unchecked,none,2.0418513,-4.5609665,-4.5609665,0,Stand,8.44149,,,,0->0:Exact,none; server owns swing cadence
480,7.967773,0.015110,Tick,live-sample,true,0xF13000000604A279,,server,,unchecked,unchecked,none,2.0418513,-4.5609665,-4.5609665,0,Stand,8.4566,,,,0->0:Exact,none; server owns swing cadence
481,7.984450,0.016677,Tick,live-sample,true,0xF13000000604A279,,server,,unchecked,unchecked,none,2.0418513,-4.5609665,-4.5609665,0,Stand,8.473277,,,,0->0:Exact,none; server owns swing cadence
482,8.001030,0.016581,Tick,live-sample,true,0xF13000000604A279,,server,,unchecked,unchecked,none,2.0418513,-4.5609665,-4.5609665,0,Stand,8.489858,,,,0->0:Exact,none; server owns swing cadence
483,8.017868,0.016838,Tick,live-sample,true,0xF13000000604A279,,server,,unchecked,unchecked,none,2.0418513,-4.5609665,-4.5609665,0,Stand,8.506696,,,,0->0:Exact,none; server owns swing cadence
484,8.034419,0.016551,Tick,live-sample,true,0xF13000000604A279,,server,,unchecked,unchecked,none,2.0418513,-4.5609665,-4.5609665,0,Stand,8.523247,,,,0->0:Exact,none; server owns swing cadence
485,8.051119,0.016700,Tick,live-sample,true,0xF13000000604A279,,server,,unchecked,unchecked,none,2.0418513,-4.5609665,-4.5609665,0,Stand,8.539947,,,,0->0:Exact,none; server owns swing cadence
486,8.067793,0.016673,Tick,live-sample,true,0xF13000000604A279,,server,,unchecked,unchecked,none,2.0418513,-4.5609665,-4.5609665,0,Stand,8.55662,,,,0->0:Exact,none; server owns swing cadence
487,8.084764,0.016972,Tick,live-sample,true,0xF13000000604A279,,server,,unchecked,unchecked,none,2.0418513,-4.5609665,-4.5609665,0,Stand,8.573591,,,,0->0:Exact,none; server owns swing cadence
488,8.101126,0.016362,Tick,live-sample,true,0xF13000000604A279,,server,,unchecked,unchecked,none,2.0418513,-4.5609665,-4.5609665,0,Stand,8.589953,,,,0->0:Exact,none; server owns swing cadence
489,8.117964,0.016837,Tick,live-sample,true,0xF13000000604A279,,server,,unchecked,unchecked,none,2.0418513,-4.5609665,-4.5609665,0,Stand,8.606791,,,,0->0:Exact,none; server owns swing cadence
490,8.134697,0.016734,Tick,live-sample,true,0xF13000000604A279,,server,,unchecked,unchecked,none,2.0418513,-4.5609665,-4.5609665,0,Stand,8.623525,,,,0->0:Exact,none; server owns swing cadence
491,8.152922,0.018225,Tick,live-sample,true,0xF13000000604A279,,server,,unchecked,unchecked,none,2.0418513,-4.5609665,-4.5609665,0,Stand,8.641749,,,,0->0:Exact,none; server owns swing cadence
492,8.167833,0.014911,Tick,live-sample,true,0xF13000000604A279,,server,,unchecked,unchecked,none,2.0418513,-4.5609665,-4.5609665,0,Stand,8.65666,,,,0->0:Exact,none; server owns swing cadence
493,8.184614,0.016781,Tick,live-sample,true,0xF13000000604A279,,server,,unchecked,unchecked,none,2.0418513,-4.5609665,-4.5609665,0,Stand,8.673441,,,,0->0:Exact,none; server owns swing cadence
494,8.201286,0.016672,Tick,live-sample,true,0xF13000000604A279,,server,,unchecked,unchecked,none,2.0418513,-4.5609665,-4.5609665,0,Stand,8.690113,,,,0->0:Exact,none; server owns swing cadence
495,8.218113,0.016827,Tick,live-sample,true,0xF13000000604A279,,server,,unchecked,unchecked,none,2.0418513,-4.5609665,-4.5609665,0,Stand,8.70694,,,,0->0:Exact,none; server owns swing cadence
496,8.234871,0.016758,Tick,live-sample,true,0xF13000000604A279,,server,,unchecked,unchecked,none,2.0418513,-4.5609665,-4.5609665,0,Stand,8.723698,,,,0->0:Exact,none; server owns swing cadence
497,8.251322,0.016451,Tick,live-sample,true,0xF13000000604A279,,server,,unchecked,unchecked,none,2.0418513,-4.5609665,-4.5609665,0,Stand,8.740149,,,,0->0:Exact,none; server owns swing cadence
498,8.268053,0.016731,Tick,live-sample,true,0xF13000000604A279,,server,,unchecked,unchecked,none,2.0418513,-4.5609665,-4.5609665,0,Stand,8.75688,,,,0->0:Exact,none; server owns swing cadence
499,8.284636,0.016583,Tick,live-sample,true,0xF13000000604A279,,server,,unchecked,unchecked,none,2.0418513,-4.5609665,-4.5609665,0,Stand,8.773462,,,,0->0:Exact,none; server owns swing cadence
500,8.301506,0.016870,Tick,live-sample,true,0xF13000000604A279,,server,,unchecked,unchecked,none,2.0418513,-4.5609665,-4.5609665,0,Stand,8.790333,,,,0->0:Exact,none; server owns swing cadence
501,8.317929,0.016423,Tick,live-sample,true,0xF13000000604A279,,server,,unchecked,unchecked,none,2.0418513,-4.5609665,-4.5609665,0,Stand,8.806755,,,,0->0:Exact,none; server owns swing cadence
502,8.334726,0.016797,Tick,live-sample,true,0xF13000000604A279,,server,,unchecked,unchecked,none,2.0418513,-4.5609665,-4.5609665,0,Stand,8.823552,,,,0->0:Exact,none; server owns swing cadence
503,8.352811,0.018085,Tick,live-sample,true,0xF13000000604A279,,server,,unchecked,unchecked,none,2.0418513,-4.5609665,-4.5609665,0,Stand,8.841638,,,,0->0:Exact,none; server owns swing cadence
504,8.368162,0.015351,Tick,live-sample,true,0xF13000000604A279,,server,,unchecked,unchecked,none,2.0418513,-4.5609665,-4.5609665,0,Stand,8.856988,,,,0->0:Exact,none; server owns swing cadence
505,8.384779,0.016617,Tick,live-sample,true,0xF13000000604A279,,server,,unchecked,unchecked,none,2.0418513,-4.5609665,-4.5609665,0,Stand,8.873606,,,,0->0:Exact,none; server owns swing cadence
506,8.401408,0.016628,Tick,live-sample,true,0xF13000000604A279,,server,,unchecked,unchecked,none,2.0418513,-4.5609665,-4.5609665,0,Stand,8.890234,,,,0->0:Exact,none; server owns swing cadence
507,8.418136,0.016728,Tick,live-sample,true,0xF13000000604A279,,server,,unchecked,unchecked,none,2.0418513,-4.5609665,-4.5609665,0,Stand,8.906962,,,,0->0:Exact,none; server owns swing cadence
508,8.434934,0.016798,Tick,live-sample,true,0xF13000000604A279,,server,,unchecked,unchecked,none,2.0418513,-4.5609665,-4.5609665,0,Stand,8.92376,,,,0->0:Exact,none; server owns swing cadence
509,8.451508,0.016574,Tick,live-sample,true,0xF13000000604A279,,server,,unchecked,unchecked,none,2.0418513,-4.5609665,-4.5609665,0,Stand,8.940334,,,,0->0:Exact,none; server owns swing cadence
510,8.468258,0.016750,Tick,live-sample,true,0xF13000000604A279,,server,,unchecked,unchecked,none,2.0418513,-4.5609665,-4.5609665,0,Stand,8.957084,,,,0->0:Exact,none; server owns swing cadence
511,8.484894,0.016636,Tick,live-sample,true,0xF13000000604A279,,server,,unchecked,unchecked,none,2.0418513,-4.5609665,-4.5609665,0,Stand,8.97372,,,,0->0:Exact,none; server owns swing cadence
512,8.501497,0.016603,Tick,live-sample,true,0xF13000000604A279,,server,,unchecked,unchecked,none,2.0418513,-4.5609665,-4.5609665,0,Stand,8.990322,,,,0->0:Exact,none; server owns swing cadence
513,8.518197,0.016700,Tick,live-sample,true,0xF13000000604A279,,server,,unchecked,unchecked,none,2.0418513,-4.5609665,-4.5609665,0,Stand,9.007022,,,,0->0:Exact,none; server owns swing cadence
514,8.534904,0.016707,Tick,live-sample,true,0xF13000000604A279,,server,,unchecked,unchecked,none,2.0418513,-4.5609665,-4.5609665,0,Stand,9.023728,,,,0->0:Exact,none; server owns swing cadence
515,8.552785,0.017881,Tick,live-sample,true,0xF13000000604A279,,server,,unchecked,unchecked,none,2.0418513,-4.5609665,-4.5609665,0,Stand,9.04161,,,,0->0:Exact,none; server owns swing cadence
516,8.568139,0.015354,Tick,live-sample,true,0xF13000000604A279,,server,,unchecked,unchecked,none,2.0418513,-4.5609665,-4.5609665,0,Stand,9.056964,,,,0->0:Exact,none; server owns swing cadence
517,8.585367,0.017228,Tick,live-sample,true,0xF13000000604A279,,server,,unchecked,unchecked,none,2.0418513,-4.5609665,-4.5609665,0,Stand,9.074192,,,,0->0:Exact,none; server owns swing cadence
518,8.601755,0.016388,Tick,live-sample,true,0xF13000000604A279,,server,,unchecked,unchecked,none,2.0418513,-4.5609665,-4.5609665,0,Stand,9.09058,,,,0->0:Exact,none; server owns swing cadence
519,8.618357,0.016601,Tick,live-sample,true,0xF13000000604A279,,server,,unchecked,unchecked,none,2.0418513,-4.5609665,-4.5609665,0,Stand,9.107182,,,,0->0:Exact,none; server owns swing cadence
520,8.635071,0.016714,Tick,live-sample,true,0xF13000000604A279,,server,,unchecked,unchecked,none,2.0418513,-4.5609665,-4.5609665,0,Stand,9.123896,,,,0->0:Exact,none; server owns swing cadence
521,8.651585,0.016514,Tick,live-sample,true,0xF13000000604A279,,server,,unchecked,unchecked,none,2.0418513,-4.5609665,-4.5609665,0,Stand,9.140409,,,,0->0:Exact,none; server owns swing cadence
522,8.668373,0.016788,Tick,live-sample,true,0xF13000000604A279,,server,,unchecked,unchecked,none,2.0418513,-4.5609665,-4.5609665,0,Stand,9.157197,,,,0->0:Exact,none; server owns swing cadence
523,8.685206,0.016833,Tick,live-sample,true,0xF13000000604A279,,server,,unchecked,unchecked,none,2.0418513,-4.5609665,-4.5609665,0,Stand,9.17403,,,,0->0:Exact,none; server owns swing cadence
524,8.702353,0.017147,Tick,live-sample,true,0xF13000000604A279,,server,,unchecked,unchecked,none,2.0418513,-4.5609665,-4.5609665,0,Stand,9.191177,,,,0->0:Exact,none; server owns swing cadence
525,8.718412,0.016059,Tick,live-sample,true,0xF13000000604A279,,server,,unchecked,unchecked,none,2.0418513,-4.5609665,-4.5609665,0,Stand,9.207236,,,,0->0:Exact,none; server owns swing cadence
526,8.735222,0.016810,Tick,live-sample,true,0xF13000000604A279,,server,,unchecked,unchecked,none,2.0418513,-4.5609665,-4.5609665,0,Stand,9.224047,,,,0->0:Exact,none; server owns swing cadence
527,8.752983,0.017761,Tick,live-sample,true,0xF13000000604A279,,server,,unchecked,unchecked,none,2.0418513,-4.5609665,-4.5609665,0,Stand,9.241808,,,,0->0:Exact,none; server owns swing cadence
528,8.768662,0.015678,Tick,live-sample,true,0xF13000000604A279,,server,,unchecked,unchecked,none,2.0418513,-4.5609665,-4.5609665,0,Stand,9.257486,,,,0->0:Exact,none; server owns swing cadence
529,8.785169,0.016508,Tick,live-sample,true,0xF13000000604A279,,server,,unchecked,unchecked,none,2.0418513,-4.5609665,-4.5609665,0,Stand,9.273994,,,,0->0:Exact,none; server owns swing cadence
530,8.801936,0.016767,Tick,live-sample,true,0xF13000000604A279,,server,,unchecked,unchecked,none,2.0418513,-4.5609665,-4.5609665,0,Stand,9.290761,,,,0->0:Exact,none; server owns swing cadence
531,8.818389,0.016453,Tick,live-sample,true,0xF13000000604A279,,server,,unchecked,unchecked,none,2.0418513,-4.5609665,-4.5609665,0,Stand,9.307214,,,,0->0:Exact,none; server owns swing cadence
532,8.835181,0.016792,Tick,live-sample,true,0xF13000000604A279,,server,,unchecked,unchecked,none,2.0418513,-4.5609665,-4.5609665,0,Stand,9.324006,,,,0->0:Exact,none; server owns swing cadence
533,8.851865,0.016684,Tick,live-sample,true,0xF13000000604A279,,server,,unchecked,unchecked,none,2.0418513,-4.5609665,-4.5609665,0,Stand,9.34069,,,,0->0:Exact,none; server owns swing cadence
534,8.868407,0.016542,Tick,live-sample,true,0xF13000000604A279,,server,,unchecked,unchecked,none,2.0418513,-4.5609665,-4.5609665,0,Stand,9.357231,,,,0->0:Exact,none; server owns swing cadence
535,8.885243,0.016837,Tick,live-sample,true,0xF13000000604A279,,server,,unchecked,unchecked,none,2.0418513,-4.5609665,-4.5609665,0,Stand,9.374068,,,,0->0:Exact,none; server owns swing cadence
536,8.901858,0.016615,Tick,live-sample,true,0xF13000000604A279,,server,,unchecked,unchecked,none,2.0418513,-4.5609665,-4.5609665,0,Stand,9.390683,,,,0->0:Exact,none; server owns swing cadence
537,8.918574,0.016716,Tick,live-sample,true,0xF13000000604A279,,server,,unchecked,unchecked,none,2.0418513,-4.5609665,-4.5609665,0,Stand,9.407399,,,,0->0:Exact,none; server owns swing cadence
538,8.935674,0.017100,Tick,live-sample,true,0xF13000000604A279,,server,,unchecked,unchecked,none,2.0418513,-4.5609665,-4.5609665,0,Stand,9.424499,,,,0->0:Exact,none; server owns swing cadence
539,8.952613,0.016939,Tick,live-sample,true,0xF13000000604A279,,server,,unchecked,unchecked,none,2.0418513,-4.5609665,-4.5609665,0,Stand,9.441438,,,,0->0:Exact,none; server owns swing cadence
540,8.968641,0.016028,Tick,live-sample,true,0xF13000000604A279,,server,,unchecked,unchecked,none,2.0418513,-4.5609665,-4.5609665,0,Stand,9.457465,,,,0->0:Exact,none; server owns swing cadence
541,8.985373,0.016732,Tick,live-sample,true,0xF13000000604A279,,server,,unchecked,unchecked,none,2.0418513,-4.5609665,-4.5609665,0,Stand,9.474197,,,,0->0:Exact,none; server owns swing cadence
542,9.002035,0.016662,Tick,live-sample,true,0xF13000000604A279,,server,,unchecked,unchecked,none,2.0418513,-4.5609665,-4.5609665,0,Stand,9.490859,,,,0->0:Exact,none; server owns swing cadence
543,9.018795,0.016759,Tick,live-sample,true,0xF13000000604A279,,server,,unchecked,unchecked,none,2.0418513,-4.5609665,-4.5609665,0,Stand,9.507619,,,,0->0:Exact,none; server owns swing cadence
544,9.035701,0.016906,Tick,live-sample,true,0xF13000000604A279,,server,,unchecked,unchecked,none,2.0418513,-4.5609665,-4.5609665,0,Stand,9.524525,,,,0->0:Exact,none; server owns swing cadence
545,9.051996,0.016296,Tick,live-sample,true,0xF13000000604A279,,server,,unchecked,unchecked,none,2.0418513,-4.5609665,-4.5609665,0,Stand,9.54082,,,,0->0:Exact,none; server owns swing cadence
546,9.068603,0.016607,Tick,live-sample,true,0xF13000000604A279,,server,,unchecked,unchecked,none,2.0418513,-4.5609665,-4.5609665,0,Stand,9.557427,,,,0->0:Exact,none; server owns swing cadence
547,9.085567,0.016963,Tick,live-sample,true,0xF13000000604A279,,server,,unchecked,unchecked,none,2.0418513,-4.5609665,-4.5609665,0,Stand,9.57439,,,,0->0:Exact,none; server owns swing cadence
548,9.102124,0.016557,Tick,live-sample,true,0xF13000000604A279,,server,,unchecked,unchecked,none,2.0418513,-4.5609665,-4.5609665,0,Stand,9.590947,,,,0->0:Exact,none; server owns swing cadence
549,9.118856,0.016732,Tick,live-sample,true,0xF13000000604A279,,server,,unchecked,unchecked,none,2.0418513,-4.5609665,-4.5609665,0,Stand,9.607679,,,,0->0:Exact,none; server owns swing cadence
550,9.135453,0.016597,Tick,live-sample,true,0xF13000000604A279,,server,,unchecked,unchecked,none,2.0418513,-4.5609665,-4.5609665,0,Stand,9.624277,,,,0->0:Exact,none; server owns swing cadence
551,9.152795,0.017342,Tick,live-sample,true,0xF13000000604A279,,server,,unchecked,unchecked,none,2.0418513,-4.5609665,-4.5609665,0,Stand,9.64162,,,,0->0:Exact,none; server owns swing cadence
552,9.168743,0.015948,Tick,live-sample,true,0xF13000000604A279,,server,,unchecked,unchecked,none,2.0418513,-4.5609665,-4.5609665,0,Stand,9.657567,,,,0->0:Exact,none; server owns swing cadence
553,9.185577,0.016834,Tick,live-sample,true,0xF13000000604A279,,server,,unchecked,unchecked,none,2.0418513,-4.5609665,-4.5609665,0,Stand,9.674401,,,,0->0:Exact,none; server owns swing cadence
554,9.202133,0.016556,Tick,live-sample,true,0xF13000000604A279,,server,,unchecked,unchecked,none,2.0418513,-4.5609665,-4.5609665,0,Stand,9.690958,,,,0->0:Exact,none; server owns swing cadence
555,9.218864,0.016731,Tick,live-sample,true,0xF13000000604A279,,server,,unchecked,unchecked,none,2.0418513,-4.5609665,-4.5609665,0,Stand,9.707688,,,,0->0:Exact,none; server owns swing cadence
556,9.235436,0.016572,Tick,live-sample,true,0xF13000000604A279,,server,,unchecked,unchecked,none,2.0418513,-4.5609665,-4.5609665,0,Stand,9.724261,,,,0->0:Exact,none; server owns swing cadence
557,9.252101,0.016665,Tick,live-sample,true,0xF13000000604A279,,server,,unchecked,unchecked,none,2.0418513,-4.5609665,-4.5609665,0,Stand,9.740926,,,,0->0:Exact,none; server owns swing cadence
558,9.268865,0.016764,Tick,live-sample,true,0xF13000000604A279,,server,,unchecked,unchecked,none,2.0418513,-4.5609665,-4.5609665,0,Stand,9.757689,,,,0->0:Exact,none; server owns swing cadence
559,9.285512,0.016648,Tick,live-sample,true,0xF13000000604A279,,server,,unchecked,unchecked,none,2.0418513,-4.5609665,-4.5609665,0,Stand,9.774337,,,,0->0:Exact,none; server owns swing cadence
560,9.302230,0.016717,Tick,live-sample,true,0xF13000000604A279,,server,,unchecked,unchecked,none,2.0418513,-4.5609665,-4.5609665,0,Stand,9.791054,,,,0->0:Exact,none; server owns swing cadence
561,9.318789,0.016560,Tick,live-sample,true,0xF13000000604A279,,server,,unchecked,unchecked,none,2.0418513,-4.5609665,-4.5609665,0,Stand,9.807613,,,,0->0:Exact,none; server owns swing cadence
562,9.335813,0.017023,Tick,live-sample,true,0xF13000000604A279,,server,,unchecked,unchecked,none,2.0418513,-4.5609665,-4.5609665,0,Stand,9.824636,,,,0->0:Exact,none; server owns swing cadence
563,9.353370,0.017557,Tick,live-sample,true,0xF13000000604A279,,server,,unchecked,unchecked,none,2.0418513,-4.5609665,-4.5609665,0,Stand,9.842194,,,,0->0:Exact,none; server owns swing cadence
564,9.369028,0.015658,Tick,live-sample,true,0xF13000000604A279,,server,,unchecked,unchecked,none,2.0418513,-4.5609665,-4.5609665,0,Stand,9.857852,,,,0->0:Exact,none; server owns swing cadence
565,9.385522,0.016494,Tick,live-sample,true,0xF13000000604A279,,server,,unchecked,unchecked,none,2.0418513,-4.5609665,-4.5609665,0,Stand,9.874346,,,,0->0:Exact,none; server owns swing cadence
566,9.402244,0.016723,Tick,live-sample,true,0xF13000000604A279,,server,,unchecked,unchecked,none,2.0418513,-4.5609665,-4.5609665,0,Stand,9.891068,,,,0->0:Exact,none; server owns swing cadence
567,9.418985,0.016741,Tick,live-sample,true,0xF13000000604A279,,server,,unchecked,unchecked,none,2.0418513,-4.5609665,-4.5609665,0,Stand,9.907809,,,,0->0:Exact,none; server owns swing cadence
568,9.435700,0.016716,Tick,live-sample,true,0xF13000000604A279,,server,,unchecked,unchecked,none,2.0418513,-4.5609665,-4.5609665,0,Stand,9.924524,,,,0->0:Exact,none; server owns swing cadence
569,9.452407,0.016706,Tick,live-sample,true,0xF13000000604A279,,server,,unchecked,unchecked,none,2.0418513,-4.5609665,-4.5609665,0,Stand,9.941231,,,,0->0:Exact,none; server owns swing cadence
570,9.468996,0.016590,Tick,live-sample,true,0xF13000000604A279,,server,,unchecked,unchecked,none,2.0418513,-4.5609665,-4.5609665,0,Stand,9.95782,,,,0->0:Exact,none; server owns swing cadence
571,9.485691,0.016695,Tick,live-sample,true,0xF13000000604A279,,server,,unchecked,unchecked,none,2.0418513,-4.5609665,-4.5609665,0,Stand,9.974515,,,,0->0:Exact,none; server owns swing cadence
572,9.502418,0.016726,Tick,live-sample,true,0xF13000000604A279,,server,,unchecked,unchecked,none,2.0418513,-4.5609665,-4.5609665,0,Stand,9.991241,,,,0->0:Exact,none; server owns swing cadence
573,9.518971,0.016554,Tick,live-sample,true,0xF13000000604A279,,server,,unchecked,unchecked,none,2.0418513,-4.5609665,-4.5609665,0,Stand,10.007795,,,,0->0:Exact,none; server owns swing cadence
574,9.535713,0.016742,Tick,live-sample,true,0xF13000000604A279,,server,,unchecked,unchecked,none,2.0418513,-4.5609665,-4.5609665,0,Stand,10.024537,,,,0->0:Exact,none; server owns swing cadence
575,9.553105,0.017392,Tick,live-sample,true,0xF13000000604A279,,server,,unchecked,unchecked,none,2.0418513,-4.5609665,-4.5609665,0,Stand,10.041929,,,,0->0:Exact,none; server owns swing cadence
576,9.569372,0.016267,Tick,live-sample,true,0xF13000000604A279,,server,,unchecked,unchecked,none,2.0418513,-4.5609665,-4.5609665,0,Stand,10.058196,,,,0->0:Exact,none; server owns swing cadence
577,9.585862,0.016490,Tick,live-sample,true,0xF13000000604A279,,server,,unchecked,unchecked,none,2.0418513,-4.5609665,-4.5609665,0,Stand,10.074686,,,,0->0:Exact,none; server owns swing cadence
578,9.602348,0.016486,Tick,live-sample,true,0xF13000000604A279,,server,,unchecked,unchecked,none,2.0418513,-4.5609665,-4.5609665,0,Stand,10.091172,,,,0->0:Exact,none; server owns swing cadence
579,9.619036,0.016688,Tick,live-sample,true,0xF13000000604A279,,server,,unchecked,unchecked,none,2.0418513,-4.5609665,-4.5609665,0,Stand,10.10786,,,,0->0:Exact,none; server owns swing cadence
580,9.635621,0.016586,Tick,live-sample,true,0xF13000000604A279,,server,,unchecked,unchecked,none,2.0418513,-4.5609665,-4.5609665,0,Stand,10.124445,,,,0->0:Exact,none; server owns swing cadence
581,9.652211,0.016590,Tick,live-sample,true,0xF13000000604A279,,server,,unchecked,unchecked,none,2.0418513,-4.5609665,-4.5609665,0,Stand,10.141034,,,,0->0:Exact,none; server owns swing cadence
582,9.669053,0.016842,Tick,live-sample,true,0xF13000000604A279,,server,,unchecked,unchecked,none,2.0418513,-4.5609665,-4.5609665,0,Stand,10.157876,,,,0->0:Exact,none; server owns swing cadence
583,9.685740,0.016687,Tick,live-sample,true,0xF13000000604A279,,server,,unchecked,unchecked,none,2.0418513,-4.5609665,-4.5609665,0,Stand,10.174563,,,,0->0:Exact,none; server owns swing cadence
584,9.702442,0.016702,Tick,live-sample,true,0xF13000000604A279,,server,,unchecked,unchecked,none,2.0619426,-4.579125,-4.579125,0,Stand,10.191265,,,,0->0:Exact,none; server owns swing cadence
585,9.719452,0.017010,Tick,live-sample,true,0xF13000000604A279,,server,,unchecked,unchecked,none,2.0827153,-4.5969253,-4.5969253,0,Stand,10.208275,,,,0->0:Exact,none; server owns swing cadence
586,9.735698,0.016246,Tick,live-sample,true,0xF13000000604A279,,server,,unchecked,unchecked,none,2.1029644,-4.6135654,-4.6135654,0,Stand,10.224521,,,,0->0:Exact,none; server owns swing cadence
587,9.752710,0.017012,Tick,live-sample,true,0xF13000000604A279,,server,,unchecked,unchecked,none,2.1249824,-4.6306696,-4.6306696,0,Stand,10.241533,,,,0->0:Exact,none; server owns swing cadence
588,9.769148,0.016438,Tick,live-sample,true,0xF13000000604A279,,server,,unchecked,unchecked,none,2.1475947,-4.647421,-4.647421,0,Stand,10.257972,,,,0->0:Exact,none; server owns swing cadence
589,9.786288,0.017139,Tick,live-sample,true,0xF13000000604A279,,server,,unchecked,unchecked,none,2.1707969,-4.663819,-4.663819,0,Stand,10.275111,,,,0->0:Exact,none; server owns swing cadence
590,9.802548,0.016261,Tick,live-sample,true,0xF13000000604A279,,server,,unchecked,unchecked,none,2.1929827,-4.678709,-4.678709,0,Stand,10.291372,,,,0->0:Exact,none; server owns swing cadence
591,9.819317,0.016769,Tick,live-sample,true,0xF13000000604A279,,server,,unchecked,unchecked,none,2.2172692,-4.694432,-4.694432,0,Stand,10.308141,,,,0->0:Exact,none; server owns swing cadence
592,9.836198,0.016881,Tick,live-sample,true,0xF13000000604A279,,server,,unchecked,unchecked,none,2.2421064,-4.709808,-4.709808,0,Stand,10.325022,,,,0->0:Exact,none; server owns swing cadence
593,9.854076,0.017877,Tick,live-sample,true,0xF13000000604A279,,server,,unchecked,unchecked,none,2.2674477,-4.724846,-4.724846,0,Stand,10.342899,,,,0->0:Exact,none; server owns swing cadence
594,9.869248,0.015172,Tick,live-sample,true,0xF13000000604A279,,server,,unchecked,unchecked,none,2.2919464,-4.7388754,-4.7388754,0,Stand,10.358071,,,,0->0:Exact,none; server owns swing cadence
595,9.886167,0.016919,Tick,live-sample,true,0xF13000000604A279,,server,,unchecked,unchecked,none,2.3182516,-4.753263,-4.753263,0,Stand,10.37499,,,,0->0:Exact,none; server owns swing cadence
596,9.902585,0.016418,Tick,live-sample,true,0xF13000000604A279,,server,,unchecked,unchecked,none,2.3432226,-4.7663064,-4.7663064,0,Stand,10.391408,,,,0->0:Exact,none; server owns swing cadence
597,9.919554,0.016969,Tick,live-sample,true,0xF13000000604A279,,server,,unchecked,unchecked,none,2.3704176,-4.780071,-4.780071,0,Stand,10.408377,,,,0->0:Exact,none; server owns swing cadence
598,9.936066,0.016512,Tick,live-sample,true,0xF13000000604A279,,server,,unchecked,unchecked,none,2.3966258,-4.7929077,-4.7929077,0,Stand,10.42489,,,,0->0:Exact,none; server owns swing cadence
599,9.952754,0.016687,Tick,live-sample,true,0xF13000000604A279,,server,,unchecked,unchecked,none,2.4246643,-4.8060637,-4.8060637,0,Stand,10.441577,,,,0->0:Exact,none; server owns swing cadence
600,9.969383,0.016629,Tick,live-sample,true,0xF13000000604A279,,server,,unchecked,unchecked,none,2.4531262,-4.818913,-4.818913,0,Stand,10.458206,,,,0->0:Exact,none; server owns swing cadence
601,9.986305,0.016921,Tick,live-sample,true,0xF13000000604A279,,server,,unchecked,unchecked,none,2.4819705,-4.831469,-4.831469,0,Stand,10.475127,,,,0->0:Exact,none; server owns swing cadence
602,10.002782,0.016478,Tick,live-sample,true,0xF13000000604A279,,server,,unchecked,unchecked,none,2.5096996,-4.8431787,-4.8431787,0,Stand,10.491605,,,,0->0:Exact,none; server owns swing cadence
603,10.019348,0.016566,Tick,live-sample,true,0xF13000000604A279,,server,,unchecked,unchecked,none,2.5392785,-4.855174,-4.855174,0,Stand,10.508171,,,,0->0:Exact,none; server owns swing cadence
604,10.019348,0.000000,AttackStopSend,network-session-send,true,0x0000000000000000,CMSG_ATTACKSTOP,server,,unchecked,unchecked,none,-1,,,0,Stand,10.508171,,,,0->0:Exact,CMSG_ATTACKSTOP
605,10.019348,0.000000,IntentOff,user-cancel,true,0xF13000000604A279,,server,,unchecked,unchecked,none,2.5392785,-4.855174,-4.855174,0,Stand,10.508171,,,,0->0:Exact,local attack latch edge
