row,t,dt,event,cause,intentOn,targetGuid,opcode,swingTimerOwner,weaponSpeedMs,rangeEligibility,arcEligibility,clientAction,distance,bearingDelta,facingDelta,clipId,clipName,clipTime,clipB,clipBTime,blendWeight,animChoice,detail
0,0.000000,0.000000,TraceStart,operator,false,0x0000000000000000,,server,,unchecked,unchecked,none,-1,,,0,Stand,0.31666607,,,,0->0:Exact,server-authoritative swing timing; client range/arc gates absent
1,0.000000,0.000000,AttackSwingSend,network-session-send,false,0xF13000000604A27A,CMSG_ATTACKSWING,server,,unchecked,unchecked,none,0,,,0,Stand,0.33856127,,,,0->0:Exact,CMSG_ATTACKSWING
2,0.000000,0.000000,IntentOn,user-start,true,0xF13000000604A27A,,server,,unchecked,unchecked,none,0,,,0,Stand,0.33856127,,,,0->0:Exact,local attack latch edge
3,0.015133,0.015133,Tick,live-sample,true,0xF13000000604A27A,,server,,unchecked,unchecked,none,0,,,0,Stand,0.35369417,,,,0->0:Exact,none; server owns swing cadence
4,0.028141,0.013008,Tick,live-sample,true,0xF13000000604A27A,,server,,unchecked,unchecked,none,0,,,0,Stand,0.36670256,,,,0->0:Exact,none; server owns swing cadence
5,0.047562,0.019420,Tick,live-sample,true,0xF13000000604A27A,,server,,unchecked,unchecked,none,0,,,0,Stand,0.38612294,,,,0->0:Exact,none; server owns swing cadence
6,0.064111,0.016549,Tick,live-sample,true,0xF13000000604A27A,,server,,unchecked,unchecked,none,0,,,0,Stand,0.40267184,,,,0->0:Exact,none; server owns swing cadence
7,0.077985,0.013875,Tick,live-sample,true,0xF13000000604A27A,,server,,unchecked,unchecked,none,0,,,0,Stand,0.41654643,,,,0->0:Exact,none; server owns swing cadence
8,0.097855,0.019870,Tick,live-sample,true,0xF13000000604A27A,,server,,unchecked,unchecked,none,0,,,0,Stand,0.43641624,,,,0->0:Exact,none; server owns swing cadence
9,0.114519,0.016664,Tick,live-sample,true,0xF13000000604A27A,,server,,unchecked,unchecked,none,0,,,0,Stand,0.45308015,,,,0->0:Exact,none; server owns swing cadence
10,0.131563,0.017044,Tick,live-sample,true,0xF13000000604A27A,,server,,unchecked,unchecked,none,0,,,0,Stand,0.47012454,,,,0->0:Exact,none; server owns swing cadence
11,0.147764,0.016201,Tick,live-sample,true,0xF13000000604A27A,,server,,unchecked,unchecked,none,0,,,0,Stand,0.48632553,,,,0->0:Exact,none; server owns swing cadence
12,0.162004,0.014239,Tick,live-sample,true,0xF13000000604A27A,,server,,unchecked,unchecked,none,0,,,0,Stand,0.50056493,,,,0->0:Exact,none; server owns swing cadence
13,0.181589,0.019585,Tick,live-sample,true,0xF13000000604A27A,,server,,unchecked,unchecked,none,0,,,0,Stand,0.5201503,,,,0->0:Exact,none; server owns swing cadence
14,0.198383,0.016793,Tick,live-sample,true,0xF13000000604A27A,,server,,unchecked,unchecked,none,0,,,0,Stand,0.5369437,,,,0->0:Exact,none; server owns swing cadence
15,0.211932,0.013550,Tick,live-sample,true,0xF13000000604A27A,,server,,unchecked,unchecked,none,0,,,0,Stand,0.5504933,,,,0->0:Exact,none; server owns swing cadence
16,0.231027,0.019095,Tick,live-sample,true,0xF13000000604A27A,,server,,unchecked,unchecked,none,0,,,0,Stand,0.5695879,,,,0->0:Exact,none; server owns swing cadence
17,0.244986,0.013959,Tick,live-sample,true,0xF13000000604A27A,,server,,unchecked,unchecked,none,0,,,0,Stand,0.5835471,,,,0->0:Exact,none; server owns swing cadence
18,0.264424,0.019438,Tick,live-sample,true,0xF13000000604A27A,,server,,unchecked,unchecked,none,0,,,0,Stand,0.60298544,,,,0->0:Exact,none; server owns swing cadence
19,0.281938,0.017514,Tick,live-sample,true,0xF13000000604A27A,,server,,unchecked,unchecked,none,0,,,0,Stand,0.62049943,,,,0->0:Exact,none; server owns swing cadence
20,0.297833,0.015895,Tick,live-sample,true,0xF13000000604A27A,,server,,unchecked,unchecked,none,0,,,0,Stand,0.63639426,,,,0->0:Exact,none; server owns swing cadence
21,0.314872,0.017039,Tick,live-sample,true,0xF13000000604A27A,,server,,unchecked,unchecked,none,0,,,0,Stand,0.6534331,,,,0->0:Exact,none; server owns swing cadence
22,0.331161,0.016290,Tick,live-sample,true,0xF13000000604A27A,,server,,unchecked,unchecked,none,0,,,0,Stand,0.66972256,,,,0->0:Exact,none; server owns swing cadence
23,0.347923,0.016761,Tick,live-sample,true,0xF13000000604A27A,,server,,unchecked,unchecked,none,0,,,0,Stand,0.68648386,,,,0->0:Exact,none; server owns swing cadence
24,0.361753,0.013830,Tick,live-sample,true,0xF13000000604A27A,,server,,unchecked,unchecked,none,0,,,0,Stand,0.70031416,,,,0->0:Exact,none; server owns swing cadence
25,0.378348,0.016595,Tick,live-sample,true,0xF13000000604A27A,,server,,unchecked,unchecked,none,0,,,0,Stand,0.716909,,,,0->0:Exact,none; server owns swing cadence
26,0.395073,0.016725,Tick,live-sample,true,0xF13000000604A27A,,server,,unchecked,unchecked,none,0,,,0,Stand,0.7336339,,,,0->0:Exact,none; server owns swing cadence
27,0.411727,0.016654,Tick,live-sample,true,0xF13000000604A27A,,server,,unchecked,unchecked,none,0,,,0,Stand,0.75028807,,,,0->0:Exact,none; server owns swing cadence
28,0.429967,0.018240,Tick,live-sample,true,0xF13000000604A27A,,server,,unchecked,unchecked,none,0,,,0,Stand,0.768528,,,,0->0:Exact,none; server owns swing cadence
29,0.446713,0.016746,Tick,live-sample,true,0xF13000000604A27A,,server,,unchecked,unchecked,none,0,,,0,Stand,0.78527397,,,,0->0:Exact,none; server owns swing cadence
30,0.463392,0.016679,Tick,live-sample,true,0xF13000000604A27A,,server,,unchecked,unchecked,none,0,,,0,Stand,0.80195326,,,,0->0:Exact,none; server owns swing cadence
31,0.479877,0.016485,Tick,live-sample,true,0xF13000000604A27A,,server,,unchecked,unchecked,none,0,,,0,Stand,0.81843823,,,,0->0:Exact,none; server owns swing cadence
32,0.496514,0.016637,Tick,live-sample,true,0xF13000000604A27A,,server,,unchecked,unchecked,none,0,,,0,Stand,0.835075,,,,0->0:Exact,none; server owns swing cadence
33,0.513225,0.016711,Tick,live-sample,true,0xF13000000604A27A,,server,,unchecked,unchecked,none,0,,,0,Stand,0.8517865,,,,0->0:Exact,none; server owns swing cadence
34,0.529682,0.016457,Tick,live-sample,true,0xF13000000604A27A,,server,,unchecked,unchecked,none,0,,,0,Stand,0.8682436,,,,0->0:Exact,none; server owns swing cadence
35,0.545128,0.015446,Tick,live-sample,true,0xF13000000604A27A,,server,,unchecked,unchecked,none,0,,,0,Stand,0.8836896,,,,0->0:Exact,none; server owns swing cadence
36,0.561778,0.016650,Tick,live-sample,true,0xF13000000604A27A,,server,,unchecked,unchecked,none,0,,,0,Stand,0.9003392,,,,0->0:Exact,none; server owns swing cadence
37,0.578464,0.016686,Tick,live-sample,true,0xF13000000604A27A,,server,,unchecked,unchecked,none,0,,,0,Stand,0.9170251,,,,0->0:Exact,none; server owns swing cadence
38,0.597188,0.018724,Tick,live-sample,true,0xF13000000604A27A,,server,,unchecked,unchecked,none,0,,,0,Stand,0.9357489,,,,0->0:Exact,none; server owns swing cadence
39,0.613769,0.016582,Tick,live-sample,true,0xF13000000604A27A,,server,,unchecked,unchecked,none,0,,,0,Stand,0.9523306,,,,0->0:Exact,none; server owns swing cadence
40,0.630264,0.016495,Tick,live-sample,true,0xF13000000604A27A,,server,,unchecked,unchecked,none,0,,,0,Stand,0.96882546,,,,0->0:Exact,none; server owns swing cadence
41,0.646708,0.016443,Tick,live-sample,true,0xF13000000604A27A,,server,,unchecked,unchecked,none,0,,,0,Stand,0.98526865,,,,0->0:Exact,none; server owns swing cadence
42,0.663566,0.016858,Tick,live-sample,true,0xF13000000604A27A,,server,,unchecked,unchecked,none,0,,,0,Stand,1.0021267,,,,0->0:Exact,none; server owns swing cadence
43,0.680001,0.016435,Tick,live-sample,true,0xF13000000604A27A,,server,,unchecked,unchecked,none,0,,,0,Stand,1.0185621,,,,0->0:Exact,none; server owns swing cadence
44,0.695286,0.015285,Tick,live-sample,true,0xF13000000604A27A,,server,,unchecked,unchecked,none,0,,,0,Stand,1.0338469,,,,0->0:Exact,none; server owns swing cadence
45,0.713395,0.018109,Tick,live-sample,true,0xF13000000604A27A,,server,,unchecked,unchecked,none,0,,,0,Stand,1.0519558,,,,0->0:Exact,none; server owns swing cadence
46,0.728716,0.015321,Tick,live-sample,true,0xF13000000604A27A,,server,,unchecked,unchecked,none,0,,,0,Stand,1.0672771,,,,0->0:Exact,none; server owns swing cadence
47,0.747045,0.018329,Tick,live-sample,true,0xF13000000604A27A,,server,,unchecked,unchecked,none,0,,,0,Stand,1.0856066,,,,0->0:Exact,none; server owns swing cadence
48,0.763441,0.016395,Tick,live-sample,true,0xF13000000604A27A,,server,,unchecked,unchecked,none,0,,,0,Stand,1.1020015,,,,0->0:Exact,none; server owns swing cadence
49,0.778660,0.015219,Tick,live-sample,true,0xF13000000604A27A,,server,,unchecked,unchecked,none,0,,,0,Stand,1.1172209,,,,0->0:Exact,none; server owns swing cadence
50,0.796769,0.018109,Tick,live-sample,true,0xF13000000604A27A,,server,,unchecked,unchecked,none,0,,,0,Stand,1.1353297,,,,0->0:Exact,none; server owns swing cadence
51,0.813744,0.016976,Tick,live-sample,true,0xF13000000604A27A,,server,,unchecked,unchecked,none,0,,,0,Stand,1.1523055,,,,0->0:Exact,none; server owns swing cadence
52,0.830981,0.017237,Tick,live-sample,true,0xF13000000604A27A,,server,,unchecked,unchecked,none,0,,,0,Stand,1.1695424,,,,0->0:Exact,none; server owns swing cadence
53,0.846898,0.015917,Tick,live-sample,true,0xF13000000604A27A,,server,,unchecked,unchecked,none,0.037013493,0.16841316,0.16841316,0,Stand,1.1854593,,,,0->0:Exact,none; server owns swing cadence
54,0.862099,0.015201,Tick,live-sample,true,0xF13000000604A27A,,server,,unchecked,unchecked,none,0.07700615,0.16969919,0.16969919,0,Stand,1.20066,,,,0->0:Exact,none; server owns swing cadence
55,0.880343,0.018244,Tick,live-sample,true,0xF13000000604A27A,,server,,unchecked,unchecked,none,0.12199711,0.17016864,0.17016864,0,Stand,1.218904,,,,0->0:Exact,none; server owns swing cadence
56,0.896964,0.016621,Tick,live-sample,true,0xF13000000604A27A,,server,,unchecked,unchecked,none,0.16496257,0.17109275,0.17109275,0,Stand,1.2355254,,,,0->0:Exact,none; server owns swing cadence
57,0.912667,0.015703,Tick,live-sample,true,0xF13000000604A27A,,server,,unchecked,unchecked,none,0.20197925,0.17052794,0.17052794,0,Stand,1.2512286,,,,0->0:Exact,none; server owns swing cadence
58,0.930202,0.017534,Tick,live-sample,true,0xF13000000604A27A,,server,,unchecked,unchecked,none,0.24696694,0.17066908,0.17066908,0,Stand,1.2687628,,,,0->0:Exact,none; server owns swing cadence
59,0.945605,0.015403,Tick,live-sample,true,0xF13000000604A27A,,server,,unchecked,unchecked,none,0.28398365,0.17032266,0.17032266,0,Stand,1.2841662,,,,0->0:Exact,none; server owns swing cadence
60,0.963610,0.018005,Tick,live-sample,true,0xF13000000604A27A,,server,,unchecked,unchecked,none,0.32897463,0.17041159,0.17041159,0,Stand,1.302171,,,,0->0:Exact,none; server owns swing cadence
61,0.980601,0.016991,Tick,live-sample,true,0xF13000000604A27A,,server,,unchecked,unchecked,none,0.37194008,0.1707933,0.1707933,0,Stand,1.3191618,,,,0->0:Exact,none; server owns swing cadence
62,0.996861,0.016261,Tick,live-sample,true,0xF13000000604A27A,,server,,unchecked,unchecked,none,0.41097903,0.17029285,0.17029285,0,Stand,1.3354226,,,,0->0:Exact,none; server owns swing cadence
63,1.013545,0.016683,Tick,live-sample,true,0xF13000000604A27A,,server,,unchecked,unchecked,none,0.45394447,0.17061687,0.17061687,0,Stand,1.3521061,,,,0->0:Exact,none; server owns swing cadence
64,1.030214,0.016669,Tick,live-sample,true,0xF13000000604A27A,,server,,unchecked,unchecked,none,0.49595943,0.17043257,0.17043257,0,Stand,1.3687752,,,,0->0:Exact,none; server owns swing cadence
65,1.046865,0.016651,Tick,live-sample,true,0xF13000000604A27A,,server,,unchecked,unchecked,none,0.53595215,0.17046666,0.17046666,0,Stand,1.3854259,,,,0->0:Exact,none; server owns swing cadence
66,1.063561,0.016697,Tick,live-sample,true,0xF13000000604A27A,,server,,unchecked,unchecked,none,0.5779638,0.1703453,0.1703453,0,Stand,1.4021226,,,,0->0:Exact,none; server owns swing cadence
67,1.078762,0.015200,Tick,live-sample,true,0xF13000000604A27A,,server,,unchecked,unchecked,none,0.6159343,0.17054582,0.17054582,0,Stand,1.4173229,,,,0->0:Exact,none; server owns swing cadence
68,1.096854,0.018093,Tick,live-sample,true,0xF13000000604A27A,,server,,unchecked,unchecked,none,0.660922,0.17059731,0.17059731,0,Stand,1.4354157,,,,0->0:Exact,none; server owns swing cadence
69,1.113591,0.016736,Tick,live-sample,true,0xF13000000604A27A,,server,,unchecked,unchecked,none,0.70293695,0.17046857,0.17046857,0,Stand,1.4521519,,,,0->0:Exact,none; server owns swing cadence
70,1.130282,0.016692,Tick,live-sample,true,0xF13000000604A27A,,server,,unchecked,unchecked,none,0.7459057,0.1706357,0.1706357,0,Stand,1.4688437,,,,0->0:Exact,none; server owns swing cadence
71,1.145856,0.015574,Tick,live-sample,true,0xF13000000604A27A,,server,,unchecked,unchecked,none,0.7829191,0.17053056,0.17053056,0,Stand,1.4844176,,,,0->0:Exact,none; server owns swing cadence
72,1.163875,0.018018,Tick,live-sample,true,0xF13000000604A27A,,server,,unchecked,unchecked,none,0.82791007,0.17055464,0.17055464,0,Stand,1.5024358,,,,0->0:Exact,none; server owns swing cadence
73,1.180566,0.016692,Tick,live-sample,true,0xF13000000604A27A,,server,,unchecked,unchecked,none,0.86992174,0.17046976,0.17046976,0,Stand,1.5191272,,,,0->0:Exact,none; server owns swing cadence
74,1.197725,0.017159,Tick,live-sample,true,0xF13000000604A27A,,server,,unchecked,unchecked,none,0.9128905,0.17060614,0.17060614,0,Stand,1.5362866,,,,0->0:Exact,none; server owns swing cadence
75,1.214258,0.016533,Tick,live-sample,true,0xF13000000604A27A,,server,,unchecked,unchecked,none,0.95490545,0.170511,0.170511,0,Stand,1.5528194,,,,0->0:Exact,none; server owns swing cadence
76,1.231130,0.016872,Tick,live-sample,true,0xF13000000604A27A,,server,,unchecked,unchecked,none,0.9969171,0.17043877,0.17043877,0,Stand,1.5696914,,,,0->0:Exact,none; server owns swing cadence
77,1.247068,0.015938,Tick,live-sample,true,0xF13000000604A27A,,server,,unchecked,unchecked,none,1.0369098,0.17045617,0.17045617,0,Stand,1.5856295,,,,0->0:Exact,none; server owns swing cadence
78,1.263829,0.016760,Tick,live-sample,true,0xF13000000604A27A,,server,,unchecked,unchecked,none,1.0768993,0.17048597,0.17048597,0,Stand,1.6023897,,,,0->0:Exact,none; server owns swing cadence
79,1.280534,0.016706,Tick,live-sample,true,0xF13000000604A27A,,server,,unchecked,unchecked,none,1.1198679,0.1705966,0.1705966,0,Stand,1.6190953,,,,0->0:Exact,none; server owns swing cadence
80,1.297295,0.016760,Tick,live-sample,true,0xF13000000604A27A,,server,,unchecked,unchecked,none,1.161883,0.17051864,0.17051864,0,Stand,1.6358557,,,,0->0:Exact,none; server owns swing cadence
81,1.313613,0.016318,Tick,live-sample,true,0xF13000000604A27A,,server,,unchecked,unchecked,none,1.2018723,0.17054343,0.17054343,0,Stand,1.6521736,,,,0->0:Exact,none; server owns swing cadence
82,1.330460,0.016847,Tick,live-sample,true,0xF13000000604A27A,,server,,unchecked,unchecked,none,1.2438873,0.17047238,0.17047238,0,Stand,1.6690207,,,,0->0:Exact,none; server owns swing cadence
83,1.347278,0.016819,Tick,live-sample,true,0xF13000000604A27A,,server,,unchecked,unchecked,none,1.2868528,0.17058086,0.17058086,0,Stand,1.6858393,,,,0->0:Exact,none; server owns swing cadence
84,1.363916,0.016638,Tick,live-sample,true,0xF13000000604A27A,,server,,unchecked,unchecked,none,1.3268455,0.17059016,0.17059016,0,Stand,1.7024772,,,,0->0:Exact,none; server owns swing cadence
85,1.380345,0.016429,Tick,live-sample,true,0xF13000000604A27A,,server,,unchecked,unchecked,none,1.3688605,0.17052412,0.17052412,0,Stand,1.7189058,,,,0->0:Exact,none; server owns swing cadence
86,1.397939,0.017594,Tick,live-sample,true,0xF13000000604A27A,,server,,unchecked,unchecked,none,1.4138482,0.17054892,0.17054892,0,Stand,1.7364999,,,,0->0:Exact,none; server owns swing cadence
87,1.413772,0.015833,Tick,live-sample,true,0xF13000000604A27A,,server,,unchecked,unchecked,none,1.4508649,0.1704843,0.1704843,0,Stand,1.7523328,,,,0->0:Exact,none; server owns swing cadence
88,1.429282,0.015510,Tick,live-sample,true,0xF13000000604A27A,,server,,unchecked,unchecked,none,1.4908543,0.17050505,0.17050505,0,Stand,1.767843,,,,0->0:Exact,none; server owns swing cadence
89,1.447195,0.017913,Tick,live-sample,true,0xF13000000604A27A,,server,,unchecked,unchecked,none,1.5358453,0.17051888,0.17051888,0,Stand,1.7857558,,,,0->0:Exact,none; server owns swing cadence
90,1.464131,0.016936,Tick,live-sample,true,0xF13000000604A27A,,server,,unchecked,unchecked,none,1.5778602,0.17046356,0.17046356,0,Stand,1.8026922,,,,0->0:Exact,none; server owns swing cadence
91,1.480689,0.016558,Tick,live-sample,true,0xF13000000604A27A,,server,,unchecked,unchecked,none,1.6178497,0.17048311,0.17048311,0,Stand,1.8192501,,,,0->0:Exact,none; server owns swing cadence
92,1.495948,0.015259,Tick,live-sample,true,0xF13000000604A27A,,server,,unchecked,unchecked,none,1.6578424,0.17049289,0.17049289,0,Stand,1.8345093,,,,0->0:Exact,none; server owns swing cadence
93,1.513923,0.017975,Tick,live-sample,true,0xF13000000604A27A,,server,,unchecked,unchecked,none,1.7008078,0.17057443,0.17057443,0,Stand,1.852484,,,,0->0:Exact,none; server owns swing cadence
94,1.530335,0.016412,Tick,live-sample,true,0xF13000000604A27A,,server,,unchecked,unchecked,none,1.7178282,0.17051554,0.17051554,0,Stand,1.8688958,,,,0->0:Exact,none; server owns swing cadence
95,1.547687,0.017352,Tick,live-sample,true,0xF13000000604A27A,,server,,unchecked,unchecked,none,1.7178282,0.17051554,0.17051554,0,Stand,1.8862481,,,,0->0:Exact,none; server owns swing cadence
96,1.566173,0.018486,Tick,live-sample,true,0xF13000000604A27A,,server,,unchecked,unchecked,none,1.7178282,0.17051554,0.17051554,0,Stand,1.904734,,,,0->0:Exact,none; server owns swing cadence
97,1.580804,0.014631,Tick,live-sample,true,0xF13000000604A27A,,server,,unchecked,unchecked,none,1.7178282,0.17051554,0.17051554,0,Stand,1.9193655,,,,0->0:Exact,none; server owns swing cadence
98,1.597436,0.016632,Tick,live-sample,true,0xF13000000604A27A,,server,,unchecked,unchecked,none,1.7178282,0.17051554,0.17051554,0,Stand,1.935997,,,,0->0:Exact,none; server owns swing cadence
99,1.612650,0.015214,Tick,live-sample,true,0xF13000000604A27A,,server,,unchecked,unchecked,none,1.7178282,0.17051554,0.17051554,0,Stand,1.9512109,,,,0->0:Exact,none; server owns swing cadence
100,1.631105,0.018456,Tick,live-sample,true,0xF13000000604A27A,,server,,unchecked,unchecked,none,1.7178282,0.17051554,0.17051554,0,Stand,1.9696665,,,,0->0:Exact,none; server owns swing cadence
101,1.646344,0.015239,Tick,live-sample,true,0xF13000000604A27A,,server,,unchecked,unchecked,none,1.7178282,0.17051554,0.17051554,0,Stand,1.9849055,,,,0->0:Exact,none; server owns swing cadence
102,1.664157,0.017813,Tick,live-sample,true,0xF13000000604A27A,,server,,unchecked,unchecked,none,1.7178282,0.17051554,0.17051554,0,Stand,2.0027182,,,,0->0:Exact,none; server owns swing cadence
103,1.680650,0.016493,Tick,live-sample,true,0xF13000000604A27A,,server,,unchecked,unchecked,none,1.7178282,0.17051554,0.17051554,0,Stand,2.0192108,,,,0->0:Exact,none; server owns swing cadence
104,1.697545,0.016895,Tick,live-sample,true,0xF13000000604A27A,,server,,unchecked,unchecked,none,1.7178282,0.17051554,0.17051554,0,Stand,2.036106,,,,0->0:Exact,none; server owns swing cadence
105,1.714651,0.017106,Tick,live-sample,true,0xF13000000604A27A,,server,,unchecked,unchecked,none,1.7178282,0.17051554,0.17051554,0,Stand,2.053212,,,,0->0:Exact,none; server owns swing cadence
106,1.730964,0.016313,Tick,live-sample,true,0xF13000000604A27A,,server,,unchecked,unchecked,none,1.7178282,0.17051554,0.17051554,0,Stand,2.0695245,,,,0->0:Exact,none; server owns swing cadence
107,1.747845,0.016882,Tick,live-sample,true,0xF13000000604A27A,,server,,unchecked,unchecked,none,1.7178282,0.17051554,0.17051554,0,Stand,2.0864062,,,,0->0:Exact,none; server owns swing cadence
108,1.766532,0.018687,Tick,live-sample,true,0xF13000000604A27A,,server,,unchecked,unchecked,none,1.7178282,0.17051554,0.17051554,0,Stand,2.1050932,,,,0->0:Exact,none; server owns swing cadence
109,1.779470,0.012937,Tick,live-sample,true,0xF13000000604A27A,,server,,unchecked,unchecked,none,1.7178282,0.17051554,0.17051554,0,Stand,2.1180305,,,,0->0:Exact,none; server owns swing cadence
110,1.797400,0.017931,Tick,live-sample,true,0xF13000000604A27A,,server,,unchecked,unchecked,none,1.7178282,0.17051554,0.17051554,0,Stand,2.135961,,,,0->0:Exact,none; server owns swing cadence
111,1.813436,0.016035,Tick,live-sample,true,0xF13000000604A27A,,server,,unchecked,unchecked,none,1.7178282,0.17051554,0.17051554,0,Stand,2.1519961,,,,0->0:Exact,none; server owns swing cadence
112,1.829614,0.016179,Tick,live-sample,true,0xF13000000604A27A,,server,,unchecked,unchecked,none,1.7178282,0.17051554,0.17051554,0,Stand,2.1681747,,,,0->0:Exact,none; server owns swing cadence
113,1.846654,0.017040,Tick,live-sample,true,0xF13000000604A27A,,server,,unchecked,unchecked,none,1.7178282,0.17051554,0.17051554,0,Stand,2.185215,,,,0->0:Exact,none; server owns swing cadence
114,1.863088,0.016434,Tick,live-sample,true,0xF13000000604A27A,,server,,unchecked,unchecked,none,1.7178282,0.17051554,0.17051554,0,Stand,2.201649,,,,0->0:Exact,none; server owns swing cadence
115,1.879561,0.016472,Tick,live-sample,true,0xF13000000604A27A,,server,,unchecked,unchecked,none,1.7178282,0.17051554,0.17051554,0,Stand,2.2181213,,,,0->0:Exact,none; server owns swing cadence
116,1.897519,0.017959,Tick,live-sample,true,0xF13000000604A27A,,server,,unchecked,unchecked,none,1.7178282,0.17051554,0.17051554,0,Stand,2.23608,,,,0->0:Exact,none; server owns swing cadence
117,1.913984,0.016465,Tick,live-sample,true,0xF13000000604A27A,,server,,unchecked,unchecked,none,1.7178282,0.17051554,0.17051554,0,Stand,2.2525446,,,,0->0:Exact,none; server owns swing cadence
118,1.931030,0.017046,Tick,live-sample,true,0xF13000000604A27A,,server,,unchecked,unchecked,none,1.7178282,0.17051554,0.17051554,0,Stand,2.2695901,,,,0->0:Exact,none; server owns swing cadence
119,1.947605,0.016576,Tick,live-sample,true,0xF13000000604A27A,,server,,unchecked,unchecked,none,1.7178282,0.17051554,0.17051554,0,Stand,2.2861657,,,,0->0:Exact,none; server owns swing cadence
120,1.964698,0.017093,Tick,live-sample,true,0xF13000000604A27A,,server,,unchecked,unchecked,none,1.7178282,0.17051554,0.17051554,0,Stand,2.3032584,,,,0->0:Exact,none; server owns swing cadence
121,1.979731,0.015034,Tick,live-sample,true,0xF13000000604A27A,,server,,unchecked,unchecked,none,1.7178282,0.17051554,0.17051554,0,Stand,2.3182921,,,,0->0:Exact,none; server owns swing cadence
122,1.996336,0.016604,Tick,live-sample,true,0xF13000000604A27A,,server,,unchecked,unchecked,none,1.7178282,0.17051554,0.17051554,0,Stand,2.3348966,,,,0->0:Exact,none; server owns swing cadence
123,2.014604,0.018268,Tick,live-sample,true,0xF13000000604A27A,,server,,unchecked,unchecked,none,1.7178282,0.17051554,0.17051554,0,Stand,2.3531644,,,,0->0:Exact,none; server owns swing cadence
124,2.029441,0.014837,Tick,live-sample,true,0xF13000000604A27A,,server,,unchecked,unchecked,none,1.7178282,0.17051554,0.17051554,0,Stand,2.3680017,,,,0->0:Exact,none; server owns swing cadence
125,2.047655,0.018214,Tick,live-sample,true,0xF13000000604A27A,,server,,unchecked,unchecked,none,1.7178282,0.17051554,0.17051554,0,Stand,2.3862154,,,,0->0:Exact,none; server owns swing cadence
126,2.064306,0.016652,Tick,live-sample,true,0xF13000000604A27A,,server,,unchecked,unchecked,none,1.7178282,0.17051554,0.17051554,0,Stand,2.4028673,,,,0->0:Exact,none; server owns swing cadence
127,2.081325,0.017018,Tick,live-sample,true,0xF13000000604A27A,,server,,unchecked,unchecked,none,1.7178282,0.17051554,0.17051554,0,Stand,2.4198856,,,,0->0:Exact,none; server owns swing cadence
128,2.097751,0.016426,Tick,live-sample,true,0xF13000000604A27A,,server,,unchecked,unchecked,none,1.7178282,0.17051554,0.17051554,0,Stand,2.436312,,,,0->0:Exact,none; server owns swing cadence
129,2.114402,0.016651,Tick,live-sample,true,0xF13000000604A27A,,server,,unchecked,unchecked,none,1.7178282,0.17051554,0.17051554,0,Stand,2.4529629,,,,0->0:Exact,none; server owns swing cadence
130,2.131181,0.016779,Tick,live-sample,true,0xF13000000604A27A,,server,,unchecked,unchecked,none,1.7178282,0.17051554,0.17051554,0,Stand,2.469742,,,,0->0:Exact,none; server owns swing cadence
131,2.148101,0.016920,Tick,live-sample,true,0xF13000000604A27A,,server,,unchecked,unchecked,none,1.7178282,0.17051554,0.17051554,0,Stand,2.486662,,,,0->0:Exact,none; server owns swing cadence
132,2.164688,0.016587,Tick,live-sample,true,0xF13000000604A27A,,server,,unchecked,unchecked,none,1.7178282,0.17051554,0.17051554,0,Stand,2.5032492,,,,0->0:Exact,none; server owns swing cadence
133,2.181455,0.016767,Tick,live-sample,true,0xF13000000604A27A,,server,,unchecked,unchecked,none,1.7178282,0.17051554,0.17051554,0,Stand,2.520016,,,,0->0:Exact,none; server owns swing cadence
134,2.197941,0.016486,Tick,live-sample,true,0xF13000000604A27A,,server,,unchecked,unchecked,none,1.7178282,0.17051554,0.17051554,0,Stand,2.5365016,,,,0->0:Exact,none; server owns swing cadence
135,2.214661,0.016720,Tick,live-sample,true,0xF13000000604A27A,,server,,unchecked,unchecked,none,1.7178282,0.17051554,0.17051554,0,Stand,2.553222,,,,0->0:Exact,none; server owns swing cadence
136,2.231642,0.016981,Tick,live-sample,true,0xF13000000604A27A,,server,,unchecked,unchecked,none,1.7178282,0.17051554,0.17051554,0,Stand,2.570203,,,,0->0:Exact,none; server owns swing cadence
137,2.248052,0.016410,Tick,live-sample,true,0xF13000000604A27A,,server,,unchecked,unchecked,none,1.7178282,0.17051554,0.17051554,0,Stand,2.5866127,,,,0->0:Exact,none; server owns swing cadence
138,2.265141,0.017089,Tick,live-sample,true,0xF13000000604A27A,,server,,unchecked,unchecked,none,1.7178282,0.17051554,0.17051554,0,Stand,2.603702,,,,0->0:Exact,none; server owns swing cadence
139,2.281577,0.016436,Tick,live-sample,true,0xF13000000604A27A,,server,,unchecked,unchecked,none,1.7178282,0.17051554,0.17051554,0,Stand,2.620138,,,,0->0:Exact,none; server owns swing cadence
140,2.297875,0.016298,Tick,live-sample,true,0xF13000000604A27A,,server,,unchecked,unchecked,none,1.7178282,0.17051554,0.17051554,0,Stand,2.6364362,,,,0->0:Exact,none; server owns swing cadence
141,2.314761,0.016886,Tick,live-sample,true,0xF13000000604A27A,,server,,unchecked,unchecked,none,1.7178282,0.17051554,0.17051554,0,Stand,2.6533217,,,,0->0:Exact,none; server owns swing cadence
142,2.331743,0.016982,Tick,live-sample,true,0xF13000000604A27A,,server,,unchecked,unchecked,none,1.7178282,0.17051554,0.17051554,0,Stand,2.670304,,,,0->0:Exact,none; server owns swing cadence
143,2.347767,0.016024,Tick,live-sample,true,0xF13000000604A27A,,server,,unchecked,unchecked,none,1.7178282,0.17051554,0.17051554,0,Stand,2.686328,,,,0->0:Exact,none; server owns swing cadence
144,2.363356,0.015589,Tick,live-sample,true,0xF13000000604A27A,,server,,unchecked,unchecked,none,1.7178282,0.17051554,0.17051554,0,Stand,2.701917,,,,0->0:Exact,none; server owns swing cadence
145,2.380016,0.016661,Tick,live-sample,true,0xF13000000604A27A,,server,,unchecked,unchecked,none,1.7178282,0.17051554,0.17051554,0,Stand,2.7185774,,,,0->0:Exact,none; server owns swing cadence
146,2.397075,0.017059,Tick,live-sample,true,0xF13000000604A27A,,server,,unchecked,unchecked,none,1.7178282,0.17051554,0.17051554,0,Stand,2.735636,,,,0->0:Exact,none; server owns swing cadence
147,2.413443,0.016368,Tick,live-sample,true,0xF13000000604A27A,,server,,unchecked,unchecked,none,1.7178282,0.17051554,0.17051554,0,Stand,2.7520037,,,,0->0:Exact,none; server owns swing cadence
148,2.430149,0.016706,Tick,live-sample,true,0xF13000000604A27A,,server,,unchecked,unchecked,none,1.7178282,0.17051554,0.17051554,0,Stand,2.7687097,,,,0->0:Exact,none; server owns swing cadence
149,2.446885,0.016736,Tick,live-sample,true,0xF13000000604A27A,,server,,unchecked,unchecked,none,1.7178282,0.17051554,0.17051554,0,Stand,2.7854462,,,,0->0:Exact,none; server owns swing cadence
150,2.463503,0.016618,Tick,live-sample,true,0xF13000000604A27A,,server,,unchecked,unchecked,none,1.7178282,0.17051554,0.17051554,0,Stand,2.8020642,,,,0->0:Exact,none; server owns swing cadence
151,2.479991,0.016488,Tick,live-sample,true,0xF13000000604A27A,,server,,unchecked,unchecked,none,1.7178282,0.17051554,0.17051554,0,Stand,2.8185523,,,,0->0:Exact,none; server owns swing cadence
152,2.496885,0.016894,Tick,live-sample,true,0xF13000000604A27A,,server,,unchecked,unchecked,none,1.7178282,0.17051554,0.17051554,0,Stand,2.835446,,,,0->0:Exact,none; server owns swing cadence
153,2.513478,0.016593,Tick,live-sample,true,0xF13000000604A27A,,server,,unchecked,unchecked,none,1.7178282,0.17051554,0.17051554,0,Stand,2.8520384,,,,0->0:Exact,none; server owns swing cadence
154,2.530145,0.016668,Tick,live-sample,true,0xF13000000604A27A,,server,,unchecked,unchecked,none,1.7178282,0.17051554,0.17051554,0,Stand,2.868706,,,,0->0:Exact,none; server owns swing cadence
155,2.546840,0.016694,Tick,live-sample,true,0xF13000000604A27A,,server,,unchecked,unchecked,none,1.7178282,0.17051554,0.17051554,0,Stand,2.8854003,,,,0->0:Exact,none; server owns swing cadence
156,2.563318,0.016478,Tick,live-sample,true,0xF13000000604A27A,,server,,unchecked,unchecked,none,1.7178282,0.17051554,0.17051554,0,Stand,2.9018786,,,,0->0:Exact,none; server owns swing cadence
157,2.580655,0.017337,Tick,live-sample,true,0xF13000000604A27A,,server,,unchecked,unchecked,none,1.7178282,0.17051554,0.17051554,0,Stand,2.9192157,,,,0->0:Exact,none; server owns swing cadence
158,2.596854,0.016199,Tick,live-sample,true,0xF13000000604A27A,,server,,unchecked,unchecked,none,1.7178282,0.17051554,0.17051554,0,Stand,2.9354148,,,,0->0:Exact,none; server owns swing cadence
159,2.613472,0.016618,Tick,live-sample,true,0xF13000000604A27A,,server,,unchecked,unchecked,none,1.7178282,0.17051554,0.17051554,0,Stand,2.9520328,,,,0->0:Exact,none; server owns swing cadence
160,2.630090,0.016618,Tick,live-sample,true,0xF13000000604A27A,,server,,unchecked,unchecked,none,1.7178282,0.17051554,0.17051554,0,Stand,2.968651,,,,0->0:Exact,none; server owns swing cadence
161,2.646743,0.016653,Tick,live-sample,true,0xF13000000604A27A,,server,,unchecked,unchecked,none,1.7178282,0.17051554,0.17051554,0,Stand,2.985304,,,,0->0:Exact,none; server owns swing cadence
162,2.663918,0.017174,Tick,live-sample,true,0xF13000000604A27A,,server,,unchecked,unchecked,none,1.7178282,0.17051554,0.17051554,0,Stand,3.0024786,,,,0->0:Exact,none; server owns swing cadence
163,2.680317,0.016400,Tick,live-sample,true,0xF13000000604A27A,,server,,unchecked,unchecked,none,1.7178282,0.17051554,0.17051554,0,Stand,3.0188782,,,,0->0:Exact,none; server owns swing cadence
164,2.696810,0.016492,Tick,live-sample,true,0xF13000000604A27A,,server,,unchecked,unchecked,none,1.7178282,0.17051554,0.17051554,0,Stand,3.0353706,,,,0->0:Exact,none; server owns swing cadence
165,2.713838,0.017028,Tick,live-sample,true,0xF13000000604A27A,,server,,unchecked,unchecked,none,1.7178282,0.17051554,0.17051554,0,Stand,3.052399,,,,0->0:Exact,none; server owns swing cadence
166,2.731139,0.017301,Tick,live-sample,true,0xF13000000604A27A,,server,,unchecked,unchecked,none,1.7178282,0.17051554,0.17051554,0,Stand,3.0696995,,,,0->0:Exact,none; server owns swing cadence
167,2.746864,0.015725,Tick,live-sample,true,0xF13000000604A27A,,server,,unchecked,unchecked,none,1.7178282,0.17051554,0.17051554,0,Stand,3.0854244,,,,0->0:Exact,none; server owns swing cadence
168,2.763507,0.016644,Tick,live-sample,true,0xF13000000604A27A,,server,,unchecked,unchecked,none,1.7178282,0.17051554,0.17051554,0,Stand,3.1020682,,,,0->0:Exact,none; server owns swing cadence
169,2.780294,0.016787,Tick,live-sample,true,0xF13000000604A27A,,server,,unchecked,unchecked,none,1.7178282,0.17051554,0.17051554,0,Stand,3.1188552,,,,0->0:Exact,none; server owns swing cadence
170,2.796848,0.016554,Tick,live-sample,true,0xF13000000604A27A,,server,,unchecked,unchecked,none,1.7178282,0.17051554,0.17051554,0,Stand,3.135409,,,,0->0:Exact,none; server owns swing cadence
171,2.813653,0.016805,Tick,live-sample,true,0xF13000000604A27A,,server,,unchecked,unchecked,none,1.7178282,0.17051554,0.17051554,0,Stand,3.1522138,,,,0->0:Exact,none; server owns swing cadence
172,2.830212,0.016559,Tick,live-sample,true,0xF13000000604A27A,,server,,unchecked,unchecked,none,1.7178282,0.17051554,0.17051554,0,Stand,3.1687727,,,,0->0:Exact,none; server owns swing cadence
173,2.847106,0.016894,Tick,live-sample,true,0xF13000000604A27A,,server,,unchecked,unchecked,none,1.7178282,0.17051554,0.17051554,0,Stand,3.185667,,,,0->0:Exact,none; server owns swing cadence
174,2.863555,0.016449,Tick,live-sample,true,0xF13000000604A27A,,server,,unchecked,unchecked,none,1.7178282,0.17051554,0.17051554,0,Stand,3.2021158,,,,0->0:Exact,none; server owns swing cadence
175,2.880454,0.016899,Tick,live-sample,true,0xF13000000604A27A,,server,,unchecked,unchecked,none,1.7178282,0.17051554,0.17051554,0,Stand,3.2190151,,,,0->0:Exact,none; server owns swing cadence
176,2.897024,0.016570,Tick,live-sample,true,0xF13000000604A27A,,server,,unchecked,unchecked,none,1.7178282,0.17051554,0.17051554,0,Stand,3.2355852,,,,0->0:Exact,none; server owns swing cadence
177,2.913703,0.016678,Tick,live-sample,true,0xF13000000604A27A,,server,,unchecked,unchecked,none,1.7178282,0.17051554,0.17051554,0,Stand,3.2522633,,,,0->0:Exact,none; server owns swing cadence
178,2.930521,0.016818,Tick,live-sample,true,0xF13000000604A27A,,server,,unchecked,unchecked,none,1.7178282,0.17051554,0.17051554,0,Stand,3.2690814,,,,0->0:Exact,none; server owns swing cadence
179,2.947516,0.016995,Tick,live-sample,true,0xF13000000604A27A,,server,,unchecked,unchecked,none,1.7178282,0.17051554,0.17051554,0,Stand,3.2860765,,,,0->0:Exact,none; server owns swing cadence
180,2.963682,0.016166,Tick,live-sample,true,0xF13000000604A27A,,server,,unchecked,unchecked,none,1.7178282,0.17051554,0.17051554,0,Stand,3.3022423,,,,0->0:Exact,none; server owns swing cadence
181,2.980369,0.016687,Tick,live-sample,true,0xF13000000604A27A,,server,,unchecked,unchecked,none,1.7178282,0.17051554,0.17051554,0,Stand,3.3189297,,,,0->0:Exact,none; server owns swing cadence
182,2.997037,0.016669,Tick,live-sample,true,0xF13000000604A27A,,server,,unchecked,unchecked,none,1.7178282,0.17051554,0.17051554,0,Stand,3.3355982,,,,0->0:Exact,none; server owns swing cadence
183,3.014280,0.017243,Tick,live-sample,true,0xF13000000604A27A,,server,,unchecked,unchecked,none,1.7178282,0.17051554,0.17051554,0,Stand,3.3528411,,,,0->0:Exact,none; server owns swing cadence
184,3.031253,0.016972,Tick,live-sample,true,0xF13000000604A27A,,server,,unchecked,unchecked,none,1.7178282,0.17051554,0.17051554,0,Stand,3.3698134,,,,0->0:Exact,none; server owns swing cadence
185,3.047200,0.015948,Tick,live-sample,true,0xF13000000604A27A,,server,,unchecked,unchecked,none,1.7178282,0.17051554,0.17051554,0,Stand,3.3857613,,,,0->0:Exact,none; server owns swing cadence
186,3.063692,0.016492,Tick,live-sample,true,0xF13000000604A27A,,server,,unchecked,unchecked,none,1.7178282,0.17051554,0.17051554,0,Stand,3.402253,,,,0->0:Exact,none; server owns swing cadence
187,3.080322,0.016630,Tick,live-sample,true,0xF13000000604A27A,,server,,unchecked,unchecked,none,1.7178282,0.17051554,0.17051554,0,Stand,3.4188833,,,,0->0:Exact,none; server owns swing cadence
188,3.097151,0.016828,Tick,live-sample,true,0xF13000000604A27A,,server,,unchecked,unchecked,none,1.7178282,0.17051554,0.17051554,0,Stand,3.4357116,,,,0->0:Exact,none; server owns swing cadence
189,3.114036,0.016886,Tick,live-sample,true,0xF13000000604A27A,,server,,unchecked,unchecked,none,1.7178282,0.17051554,0.17051554,0,Stand,3.4525974,,,,0->0:Exact,none; server owns swing cadence
190,3.130593,0.016556,Tick,live-sample,true,0xF13000000604A27A,,server,,unchecked,unchecked,none,1.7178282,0.17051554,0.17051554,0,Stand,3.4691534,,,,0->0:Exact,none; server owns swing cadence
191,3.149127,0.018534,Tick,live-sample,true,0xF13000000604A27A,,server,,unchecked,unchecked,none,1.7178282,0.17051554,0.17051554,0,Stand,3.4876878,,,,0->0:Exact,none; server owns swing cadence
192,3.163947,0.014820,Tick,live-sample,true,0xF13000000604A27A,,server,,unchecked,unchecked,none,1.7178282,0.17051554,0.17051554,0,Stand,3.5025077,,,,0->0:Exact,none; server owns swing cadence
193,3.180712,0.016765,Tick,live-sample,true,0xF13000000604A27A,,server,,unchecked,unchecked,none,1.7178282,0.17051554,0.17051554,0,Stand,3.5192726,,,,0->0:Exact,none; server owns swing cadence
194,3.197419,0.016707,Tick,live-sample,true,0xF13000000604A27A,,server,,unchecked,unchecked,none,1.7178282,0.17051554,0.17051554,0,Stand,3.5359795,,,,0->0:Exact,none; server owns swing cadence
195,3.213959,0.016540,Tick,live-sample,true,0xF13000000604A27A,,server,,unchecked,unchecked,none,1.7178282,0.17051554,0.17051554,0,Stand,3.5525193,,,,0->0:Exact,none; server owns swing cadence
196,3.230681,0.016722,Tick,live-sample,true,0xF13000000604A27A,,server,,unchecked,unchecked,none,1.7178282,0.17051554,0.17051554,0,Stand,3.5692415,,,,0->0:Exact,none; server owns swing cadence
197,3.247585,0.016904,Tick,live-sample,true,0xF13000000604A27A,,server,,unchecked,unchecked,none,1.7178282,0.17051554,0.17051554,0,Stand,3.5861456,,,,0->0:Exact,none; server owns swing cadence
198,3.264050,0.016466,Tick,live-sample,true,0xF13000000604A27A,,server,,unchecked,unchecked,none,1.7178282,0.17051554,0.17051554,0,Stand,3.6026113,,,,0->0:Exact,none; server owns swing cadence
199,3.280697,0.016646,Tick,live-sample,true,0xF13000000604A27A,,server,,unchecked,unchecked,none,1.7178282,0.17051554,0.17051554,0,Stand,3.6192575,,,,0->0:Exact,none; server owns swing cadence
200,3.297334,0.016638,Tick,live-sample,true,0xF13000000604A27A,,server,,unchecked,unchecked,none,1.7178282,0.17051554,0.17051554,0,Stand,3.635895,,,,0->0:Exact,none; server owns swing cadence
201,3.314041,0.016707,Tick,live-sample,true,0xF13000000604A27A,,server,,unchecked,unchecked,none,1.7178282,0.17051554,0.17051554,0,Stand,3.6526017,,,,0->0:Exact,none; server owns swing cadence
202,3.330746,0.016705,Tick,live-sample,true,0xF13000000604A27A,,server,,unchecked,unchecked,none,1.7178282,0.17051554,0.17051554,0,Stand,3.6693068,,,,0->0:Exact,none; server owns swing cadence
203,3.347495,0.016750,Tick,live-sample,true,0xF13000000604A27A,,server,,unchecked,unchecked,none,1.7178282,0.17051554,0.17051554,0,Stand,3.6860564,,,,0->0:Exact,none; server owns swing cadence
204,3.364138,0.016642,Tick,live-sample,true,0xF13000000604A27A,,server,,unchecked,unchecked,none,1.7178282,0.17051554,0.17051554,0,Stand,3.7026985,,,,0->0:Exact,none; server owns swing cadence
205,3.380760,0.016623,Tick,live-sample,true,0xF13000000604A27A,,server,,unchecked,unchecked,none,1.7178282,0.17051554,0.17051554,0,Stand,3.7193213,,,,0->0:Exact,none; server owns swing cadence
206,3.397432,0.016671,Tick,live-sample,true,0xF13000000604A27A,,server,,unchecked,unchecked,none,1.7178282,0.17051554,0.17051554,0,Stand,3.7359927,,,,0->0:Exact,none; server owns swing cadence
207,3.414086,0.016655,Tick,live-sample,true,0xF13000000604A27A,,server,,unchecked,unchecked,none,1.7178282,0.17051554,0.17051554,0,Stand,3.7526474,,,,0->0:Exact,none; server owns swing cadence
208,3.431971,0.017884,Tick,live-sample,true,0xF13000000604A27A,,server,,unchecked,unchecked,none,1.7178282,0.17051554,0.17051554,0,Stand,3.770532,,,,0->0:Exact,none; server owns swing cadence
209,3.447543,0.015572,Tick,live-sample,true,0xF13000000604A27A,,server,,unchecked,unchecked,none,1.7178282,0.17051554,0.17051554,0,Stand,3.7861042,,,,0->0:Exact,none; server owns swing cadence
210,3.464229,0.016686,Tick,live-sample,true,0xF13000000604A27A,,server,,unchecked,unchecked,none,1.7178282,0.17051554,0.17051554,0,Stand,3.8027904,,,,0->0:Exact,none; server owns swing cadence
211,3.480871,0.016641,Tick,live-sample,true,0xF13000000604A27A,,server,,unchecked,unchecked,none,1.7178282,0.17051554,0.17051554,0,Stand,3.819432,,,,0->0:Exact,none; server owns swing cadence
212,3.497535,0.016664,Tick,live-sample,true,0xF13000000604A27A,,server,,unchecked,unchecked,none,1.7178282,0.17051554,0.17051554,0,Stand,3.8360958,,,,0->0:Exact,none; server owns swing cadence
213,3.514979,0.017444,Tick,live-sample,true,0xF13000000604A27A,,server,,unchecked,unchecked,none,1.7178282,0.17051554,0.17051554,0,Stand,3.85354,,,,0->0:Exact,none; server owns swing cadence
214,3.531170,0.016191,Tick,live-sample,true,0xF13000000604A27A,,server,,unchecked,unchecked,none,1.7178282,0.17051554,0.17051554,0,Stand,3.8697314,,,,0->0:Exact,none; server owns swing cadence
215,3.547679,0.016508,Tick,live-sample,true,0xF13000000604A27A,,server,,unchecked,unchecked,none,1.7178282,0.17051554,0.17051554,0,Stand,3.88624,,,,0->0:Exact,none; server owns swing cadence
216,3.564239,0.016560,Tick,live-sample,true,0xF13000000604A27A,,server,,unchecked,unchecked,none,1.7178282,0.17051554,0.17051554,0,Stand,3.9027998,,,,0->0:Exact,none; server owns swing cadence
217,3.581197,0.016958,Tick,live-sample,true,0xF13000000604A27A,,server,,unchecked,unchecked,none,1.7178282,0.17051554,0.17051554,0,Stand,3.919758,,,,0->0:Exact,none; server owns swing cadence
218,3.597707,0.016511,Tick,live-sample,true,0xF13000000604A27A,,server,,unchecked,unchecked,none,1.7178282,0.17051554,0.17051554,0,Stand,3.9362686,,,,0->0:Exact,none; server owns swing cadence
219,3.614286,0.016579,Tick,live-sample,true,0xF13000000604A27A,,server,,unchecked,unchecked,none,1.7178282,0.17051554,0.17051554,0,Stand,3.9528472,,,,0->0:Exact,none; server owns swing cadence
220,3.631211,0.016925,Tick,live-sample,true,0xF13000000604A27A,,server,,unchecked,unchecked,none,1.7178282,0.17051554,0.17051554,0,Stand,3.9697719,,,,0->0:Exact,none; server owns swing cadence
221,3.647953,0.016742,Tick,live-sample,true,0xF13000000604A27A,,server,,unchecked,unchecked,none,1.7178282,0.17051554,0.17051554,0,Stand,3.9865139,,,,0->0:Exact,none; server owns swing cadence
222,3.664505,0.016552,Tick,live-sample,true,0xF13000000604A27A,,server,,unchecked,unchecked,none,1.7178282,0.17051554,0.17051554,0,Stand,4.003066,,,,0->0:Exact,none; server owns swing cadence
223,3.680939,0.016434,Tick,live-sample,true,0xF13000000604A27A,,server,,unchecked,unchecked,none,1.7178282,0.17051554,0.17051554,0,Stand,4.0195,,,,0->0:Exact,none; server owns swing cadence
224,3.697736,0.016797,Tick,live-sample,true,0xF13000000604A27A,,server,,unchecked,unchecked,none,1.7178282,0.17051554,0.17051554,0,Stand,4.036297,,,,0->0:Exact,none; server owns swing cadence
225,3.714579,0.016843,Tick,live-sample,true,0xF13000000604A27A,,server,,unchecked,unchecked,none,1.7178282,0.17051554,0.17051554,0,Stand,4.0531397,,,,0->0:Exact,none; server owns swing cadence
226,3.731125,0.016546,Tick,live-sample,true,0xF13000000604A27A,,server,,unchecked,unchecked,none,1.7178282,0.17051554,0.17051554,0,Stand,4.069686,,,,0->0:Exact,none; server owns swing cadence
227,3.747896,0.016771,Tick,live-sample,true,0xF13000000604A27A,,server,,unchecked,unchecked,none,1.7178282,0.17051554,0.17051554,0,Stand,4.0864573,,,,0->0:Exact,none; server owns swing cadence
228,3.764425,0.016529,Tick,live-sample,true,0xF13000000604A27A,,server,,unchecked,unchecked,none,1.7178282,0.17051554,0.17051554,0,Stand,4.1029863,,,,0->0:Exact,none; server owns swing cadence
229,3.781372,0.016947,Tick,live-sample,true,0xF13000000604A27A,,server,,unchecked,unchecked,none,1.7178282,0.17051554,0.17051554,0,Stand,4.119933,,,,0->0:Exact,none; server owns swing cadence
230,3.797717,0.016345,Tick,live-sample,true,0xF13000000604A27A,,server,,unchecked,unchecked,none,1.7178282,0.17051554,0.17051554,0,Stand,4.136278,,,,0->0:Exact,none; server owns swing cadence
231,3.814553,0.016836,Tick,live-sample,true,0xF13000000604A27A,,server,,unchecked,unchecked,none,1.7178282,0.17051554,0.17051554,0,Stand,4.153114,,,,0->0:Exact,none; server owns swing cadence
232,3.832127,0.017574,Tick,live-sample,true,0xF13000000604A27A,,server,,unchecked,unchecked,none,1.7178282,0.17051554,0.17051554,0,Stand,4.170688,,,,0->0:Exact,none; server owns swing cadence
233,3.848029,0.015902,Tick,live-sample,true,0xF13000000604A27A,,server,,unchecked,unchecked,none,1.7178282,0.17051554,0.17051554,0,Stand,4.18659,,,,0->0:Exact,none; server owns swing cadence
234,3.864268,0.016239,Tick,live-sample,true,0xF13000000604A27A,,server,,unchecked,unchecked,none,1.7178282,0.17051554,0.17051554,0,Stand,4.2028294,,,,0->0:Exact,none; server owns swing cadence
235,3.881018,0.016750,Tick,live-sample,true,0xF13000000604A27A,,server,,unchecked,unchecked,none,1.7178282,0.17051554,0.17051554,0,Stand,4.2195787,,,,0->0:Exact,none; server owns swing cadence
236,3.898097,0.017079,Tick,live-sample,true,0xF13000000604A27A,,server,,unchecked,unchecked,none,1.7178282,0.17051554,0.17051554,0,Stand,4.236657,,,,0->0:Exact,none; server owns swing cadence
237,3.914533,0.016437,Tick,live-sample,true,0xF13000000604A27A,,server,,unchecked,unchecked,none,1.7178282,0.17051554,0.17051554,0,Stand,4.2530937,,,,0->0:Exact,none; server owns swing cadence
238,3.931278,0.016745,Tick,live-sample,true,0xF13000000604A27A,,server,,unchecked,unchecked,none,1.7178282,0.17051554,0.17051554,0,Stand,4.269839,,,,0->0:Exact,none; server owns swing cadence
239,3.947938,0.016660,Tick,live-sample,true,0xF13000000604A27A,,server,,unchecked,unchecked,none,1.7178282,0.17051554,0.17051554,0,Stand,4.2864985,,,,0->0:Exact,none; server owns swing cadence
240,3.964490,0.016552,Tick,live-sample,true,0xF13000000604A27A,,server,,unchecked,unchecked,none,1.7178282,0.17051554,0.17051554,0,Stand,4.30305,,,,0->0:Exact,none; server owns swing cadence
241,3.981428,0.016938,Tick,live-sample,true,0xF13000000604A27A,,server,,unchecked,unchecked,none,1.7178282,0.17051554,0.17051554,0,Stand,4.3199883,,,,0->0:Exact,none; server owns swing cadence
242,3.997901,0.016474,Tick,live-sample,true,0xF13000000604A27A,,server,,unchecked,unchecked,none,1.7178282,0.17051554,0.17051554,0,Stand,4.3364615,,,,0->0:Exact,none; server owns swing cadence
243,4.014588,0.016686,Tick,live-sample,true,0xF13000000604A27A,,server,,unchecked,unchecked,none,1.7178282,0.17051554,0.17051554,0,Stand,4.353148,,,,0->0:Exact,none; server owns swing cadence
244,4.031416,0.016828,Tick,live-sample,true,0xF13000000604A27A,,server,,unchecked,unchecked,none,1.7178282,0.17051554,0.17051554,0,Stand,4.3699765,,,,0->0:Exact,none; server owns swing cadence
245,4.048401,0.016985,Tick,live-sample,true,0xF13000000604A27A,,server,,unchecked,unchecked,none,1.7178282,0.17051554,0.17051554,0,Stand,4.386961,,,,0->0:Exact,none; server owns swing cadence
246,4.064647,0.016246,Tick,live-sample,true,0xF13000000604A27A,,server,,unchecked,unchecked,none,1.7178282,0.17051554,0.17051554,0,Stand,4.4032073,,,,0->0:Exact,none; server owns swing cadence
247,4.081654,0.017007,Tick,live-sample,true,0xF13000000604A27A,,server,,unchecked,unchecked,none,1.7178282,0.17051554,0.17051554,0,Stand,4.420214,,,,0->0:Exact,none; server owns swing cadence
248,4.097957,0.016303,Tick,live-sample,true,0xF13000000604A27A,,server,,unchecked,unchecked,none,1.7178282,0.17051554,0.17051554,0,Stand,4.4365172,,,,0->0:Exact,none; server owns swing cadence
249,4.114833,0.016876,Tick,live-sample,true,0xF13000000604A27A,,server,,unchecked,unchecked,none,1.7178282,0.17051554,0.17051554,0,Stand,4.453393,,,,0->0:Exact,none; server owns swing cadence
250,4.132757,0.017924,Tick,live-sample,true,0xF13000000604A27A,,server,,unchecked,unchecked,none,1.7178282,0.17051554,0.17051554,0,Stand,4.4713173,,,,0->0:Exact,none; server owns swing cadence
251,4.148032,0.015275,Tick,live-sample,true,0xF13000000604A27A,,server,,unchecked,unchecked,none,1.7178282,0.17051554,0.17051554,0,Stand,4.4865923,,,,0->0:Exact,none; server owns swing cadence
252,4.164964,0.016932,Tick,live-sample,true,0xF13000000604A27A,,server,,unchecked,unchecked,none,1.7178282,0.17051554,0.17051554,0,Stand,4.5035243,,,,0->0:Exact,none; server owns swing cadence
253,4.181703,0.016740,Tick,live-sample,true,0xF13000000604A27A,,server,,unchecked,unchecked,none,1.7178282,0.17051554,0.17051554,0,Stand,4.520264,,,,0->0:Exact,none; server owns swing cadence
254,4.198060,0.016357,Tick,live-sample,true,0xF13000000604A27A,,server,,unchecked,unchecked,none,1.7178282,0.17051554,0.17051554,0,Stand,4.536621,,,,0->0:Exact,none; server owns swing cadence
255,4.214723,0.016663,Tick,live-sample,true,0xF13000000604A27A,,server,,unchecked,unchecked,none,1.7178282,0.17051554,0.17051554,0,Stand,4.553284,,,,0->0:Exact,none; server owns swing cadence
256,4.231618,0.016895,Tick,live-sample,true,0xF13000000604A27A,,server,,unchecked,unchecked,none,1.7178282,0.17051554,0.17051554,0,Stand,4.5701795,,,,0->0:Exact,none; server owns swing cadence
257,4.248285,0.016667,Tick,live-sample,true,0xF13000000604A27A,,server,,unchecked,unchecked,none,1.7178282,0.17051554,0.17051554,0,Stand,4.586846,,,,0->0:Exact,none; server owns swing cadence
258,4.264904,0.016619,Tick,live-sample,true,0xF13000000604A27A,,server,,unchecked,unchecked,none,1.7178282,0.17051554,0.17051554,0,Stand,4.603465,,,,0->0:Exact,none; server owns swing cadence
259,4.281471,0.016567,Tick,live-sample,true,0xF13000000604A27A,,server,,unchecked,unchecked,none,1.7178282,0.17051554,0.17051554,0,Stand,4.6200323,,,,0->0:Exact,none; server owns swing cadence
260,4.298350,0.016879,Tick,live-sample,true,0xF13000000604A27A,,server,,unchecked,unchecked,none,1.7178282,0.17051554,0.17051554,0,Stand,4.6369114,,,,0->0:Exact,none; server owns swing cadence
261,4.315042,0.016692,Tick,live-sample,true,0xF13000000604A27A,,server,,unchecked,unchecked,none,1.7178282,0.17051554,0.17051554,0,Stand,4.6536036,,,,0->0:Exact,none; server owns swing cadence
262,4.331651,0.016609,Tick,live-sample,true,0xF13000000604A27A,,server,,unchecked,unchecked,none,1.7178282,0.17051554,0.17051554,0,Stand,4.6702127,,,,0->0:Exact,none; server owns swing cadence
263,4.348248,0.016597,Tick,live-sample,true,0xF13000000604A27A,,server,,unchecked,unchecked,none,1.7178282,0.17051554,0.17051554,0,Stand,4.6868095,,,,0->0:Exact,none; server owns swing cadence
264,4.364825,0.016577,Tick,live-sample,true,0xF13000000604A27A,,server,,unchecked,unchecked,none,1.7178282,0.17051554,0.17051554,0,Stand,4.7033863,,,,0->0:Exact,none; server owns swing cadence
265,4.381507,0.016683,Tick,live-sample,true,0xF13000000604A27A,,server,,unchecked,unchecked,none,1.7178282,0.17051554,0.17051554,0,Stand,4.720069,,,,0->0:Exact,none; server owns swing cadence
266,4.398218,0.016710,Tick,live-sample,true,0xF13000000604A27A,,server,,unchecked,unchecked,none,1.7178282,0.17051554,0.17051554,0,Stand,4.736779,,,,0->0:Exact,none; server owns swing cadence
267,4.414812,0.016594,Tick,live-sample,true,0xF13000000604A27A,,server,,unchecked,unchecked,none,1.7178282,0.17051554,0.17051554,0,Stand,4.753373,,,,0->0:Exact,none; server owns swing cadence
268,4.431767,0.016955,Tick,live-sample,true,0xF13000000604A27A,,server,,unchecked,unchecked,none,1.7178282,0.17051554,0.17051554,0,Stand,4.7703285,,,,0->0:Exact,none; server owns swing cadence
269,4.448700,0.016933,Tick,live-sample,true,0xF13000000604A27A,,server,,unchecked,unchecked,none,1.7178282,0.17051554,0.17051554,0,Stand,4.7872615,,,,0->0:Exact,none; server owns swing cadence
270,4.464938,0.016238,Tick,live-sample,true,0xF13000000604A27A,,server,,unchecked,unchecked,none,1.7178282,0.17051554,0.17051554,0,Stand,4.8034997,,,,0->0:Exact,none; server owns swing cadence
271,4.481861,0.016923,Tick,live-sample,true,0xF13000000604A27A,,server,,unchecked,unchecked,none,1.7178282,0.17051554,0.17051554,0,Stand,4.820423,,,,0->0:Exact,none; server owns swing cadence
272,4.498290,0.016429,Tick,live-sample,true,0xF13000000604A27A,,server,,unchecked,unchecked,none,1.7178282,0.17051554,0.17051554,0,Stand,4.8368516,,,,0->0:Exact,none; server owns swing cadence
273,4.514993,0.016703,Tick,live-sample,true,0xF13000000604A27A,,server,,unchecked,unchecked,none,1.7178282,0.17051554,0.17051554,0,Stand,4.8535547,,,,0->0:Exact,none; server owns swing cadence
274,4.533257,0.018264,Tick,live-sample,true,0xF13000000604A27A,,server,,unchecked,unchecked,none,1.7178282,0.17051554,0.17051554,0,Stand,4.871819,,,,0->0:Exact,none; server owns swing cadence
275,4.548428,0.015171,Tick,live-sample,true,0xF13000000604A27A,,server,,unchecked,unchecked,none,1.7178282,0.17051554,0.17051554,0,Stand,4.8869896,,,,0->0:Exact,none; server owns swing cadence
276,4.565271,0.016844,Tick,live-sample,true,0xF13000000604A27A,,server,,unchecked,unchecked,none,1.7178282,0.17051554,0.17051554,0,Stand,4.9038334,,,,0->0:Exact,none; server owns swing cadence
277,4.581640,0.016369,Tick,live-sample,true,0xF13000000604A27A,,server,,unchecked,unchecked,none,1.7178282,0.17051554,0.17051554,0,Stand,4.9202023,,,,0->0:Exact,none; server owns swing cadence
278,4.598446,0.016805,Tick,live-sample,true,0xF13000000604A27A,,server,,unchecked,unchecked,none,1.7178282,0.17051554,0.17051554,0,Stand,4.937008,,,,0->0:Exact,none; server owns swing cadence
279,4.615233,0.016787,Tick,live-sample,true,0xF13000000604A27A,,server,,unchecked,unchecked,none,1.7178282,0.17051554,0.17051554,0,Stand,4.9537954,,,,0->0:Exact,none; server owns swing cadence
280,4.631727,0.016494,Tick,live-sample,true,0xF13000000604A27A,,server,,unchecked,unchecked,none,1.7178282,0.17051554,0.17051554,0,Stand,4.9702897,,,,0->0:Exact,none; server owns swing cadence
281,4.648452,0.016725,Tick,live-sample,true,0xF13000000604A27A,,server,,unchecked,unchecked,none,1.7178282,0.17051554,0.17051554,0,Stand,4.9870143,,,,0->0:Exact,none; server owns swing cadence
282,4.666472,0.018020,Tick,live-sample,true,0xF13000000604A27A,,server,,unchecked,unchecked,none,1.7178282,0.17051554,0.17051554,0,Stand,5.005035,,,,0->0:Exact,none; server owns swing cadence
283,4.681790,0.015317,Tick,live-sample,true,0xF13000000604A27A,,server,,unchecked,unchecked,none,1.7178282,0.17051554,0.17051554,0,Stand,5.020352,,,,0->0:Exact,none; server owns swing cadence
284,4.698631,0.016841,Tick,live-sample,true,0xF13000000604A27A,,server,,unchecked,unchecked,none,1.7178282,0.17051554,0.17051554,0,Stand,5.0371933,,,,0->0:Exact,none; server owns swing cadence
285,4.715296,0.016665,Tick,live-sample,true,0xF13000000604A27A,,server,,unchecked,unchecked,none,1.7178282,0.17051554,0.17051554,0,Stand,5.0538583,,,,0->0:Exact,none; server owns swing cadence
286,4.732081,0.016786,Tick,live-sample,true,0xF13000000604A27A,,server,,unchecked,unchecked,none,1.7178282,0.17051554,0.17051554,0,Stand,5.070644,,,,0->0:Exact,none; server owns swing cadence
287,4.748521,0.016440,Tick,live-sample,true,0xF13000000604A27A,,server,,unchecked,unchecked,none,1.7178282,0.17051554,0.17051554,0,Stand,5.087084,,,,0->0:Exact,none; server owns swing cadence
288,4.765254,0.016733,Tick,live-sample,true,0xF13000000604A27A,,server,,unchecked,unchecked,none,1.7178282,0.17051554,0.17051554,0,Stand,5.1038165,,,,0->0:Exact,none; server owns swing cadence
289,4.781954,0.016700,Tick,live-sample,true,0xF13000000604A27A,,server,,unchecked,unchecked,none,1.7178282,0.17051554,0.17051554,0,Stand,5.1205163,,,,0->0:Exact,none; server owns swing cadence
290,4.798528,0.016574,Tick,live-sample,true,0xF13000000604A27A,,server,,unchecked,unchecked,none,1.7178282,0.17051554,0.17051554,0,Stand,5.13709,,,,0->0:Exact,none; server owns swing cadence
291,4.815222,0.016694,Tick,live-sample,true,0xF13000000604A27A,,server,,unchecked,unchecked,none,1.7178282,0.17051554,0.17051554,0,Stand,5.1537848,,,,0->0:Exact,none; server owns swing cadence
292,4.832106,0.016884,Tick,live-sample,true,0xF13000000604A27A,,server,,unchecked,unchecked,none,1.7178282,0.17051554,0.17051554,0,Stand,5.170669,,,,0->0:Exact,none; server owns swing cadence
293,4.848447,0.016340,Tick,live-sample,true,0xF13000000604A27A,,server,,unchecked,unchecked,none,1.7178282,0.17051554,0.17051554,0,Stand,5.1870093,,,,0->0:Exact,none; server owns swing cadence
294,4.865533,0.017086,Tick,live-sample,true,0xF13000000604A27A,,server,,unchecked,unchecked,none,1.7178282,0.17051554,0.17051554,0,Stand,5.2040954,,,,0->0:Exact,none; server owns swing cadence
295,4.881994,0.016461,Tick,live-sample,true,0xF13000000604A27A,,server,,unchecked,unchecked,none,1.7178282,0.17051554,0.17051554,0,Stand,5.2205567,,,,0->0:Exact,none; server owns swing cadence
296,4.898936,0.016942,Tick,live-sample,true,0xF13000000604A27A,,server,,unchecked,unchecked,none,1.7178282,0.17051554,0.17051554,0,Stand,5.237499,,,,0->0:Exact,none; server owns swing cadence
297,4.915367,0.016431,Tick,live-sample,true,0xF13000000604A27A,,server,,unchecked,unchecked,none,1.7178282,0.17051554,0.17051554,0,Stand,5.25393,,,,0->0:Exact,none; server owns swing cadence
298,4.933104,0.017737,Tick,live-sample,true,0xF13000000604A27A,,server,,unchecked,unchecked,none,1.7178282,0.17051554,0.17051554,0,Stand,5.271667,,,,0->0:Exact,none; server owns swing cadence
299,4.948671,0.015567,Tick,live-sample,true,0xF13000000604A27A,,server,,unchecked,unchecked,none,1.7178282,0.17051554,0.17051554,0,Stand,5.287234,,,,0->0:Exact,none; server owns swing cadence
300,4.965304,0.016633,Tick,live-sample,true,0xF13000000604A27A,,server,,unchecked,unchecked,none,1.7178282,0.17051554,0.17051554,0,Stand,5.303867,,,,0->0:Exact,none; server owns swing cadence
301,4.982387,0.017084,Tick,live-sample,true,0xF13000000604A27A,,server,,unchecked,unchecked,none,1.7178282,0.17051554,0.17051554,0,Stand,5.3209505,,,,0->0:Exact,none; server owns swing cadence
302,4.998630,0.016242,Tick,live-sample,true,0xF13000000604A27A,,server,,unchecked,unchecked,none,1.7178282,0.17051554,0.17051554,0,Stand,5.337193,,,,0->0:Exact,none; server owns swing cadence
303,5.015409,0.016779,Tick,live-sample,true,0xF13000000604A27A,,server,,unchecked,unchecked,none,1.7178282,0.17051554,0.17051554,0,Stand,5.353972,,,,0->0:Exact,none; server owns swing cadence
304,5.032318,0.016909,Tick,live-sample,true,0xF13000000604A27A,,server,,unchecked,unchecked,none,1.7178282,0.17051554,0.17051554,0,Stand,5.3708816,,,,0->0:Exact,none; server owns swing cadence
305,5.048683,0.016365,Tick,live-sample,true,0xF13000000604A27A,,server,,unchecked,unchecked,none,1.7178282,0.17051554,0.17051554,0,Stand,5.3872466,,,,0->0:Exact,none; server owns swing cadence
306,5.065449,0.016766,Tick,live-sample,true,0xF13000000604A27A,,server,,unchecked,unchecked,none,1.7178282,0.17051554,0.17051554,0,Stand,5.4040127,,,,0->0:Exact,none; server owns swing cadence
307,5.082121,0.016672,Tick,live-sample,true,0xF13000000604A27A,,server,,unchecked,unchecked,none,1.7178282,0.17051554,0.17051554,0,Stand,5.420685,,,,0->0:Exact,none; server owns swing cadence
308,5.099244,0.017123,Tick,live-sample,true,0xF13000000604A27A,,server,,unchecked,unchecked,none,1.7178282,0.17051554,0.17051554,0,Stand,5.4378076,,,,0->0:Exact,none; server owns swing cadence
309,5.115593,0.016349,Tick,live-sample,true,0xF13000000604A27A,,server,,unchecked,unchecked,none,1.7178282,0.17051554,0.17051554,0,Stand,5.454157,,,,0->0:Exact,none; server owns swing cadence
310,5.132117,0.016524,Tick,live-sample,true,0xF13000000604A27A,,server,,unchecked,unchecked,none,1.7178282,0.17051554,0.17051554,0,Stand,5.4706807,,,,0->0:Exact,none; server owns swing cadence
311,5.149025,0.016907,Tick,live-sample,true,0xF13000000604A27A,,server,,unchecked,unchecked,none,1.7178282,0.17051554,0.17051554,0,Stand,5.487588,,,,0->0:Exact,none; server owns swing cadence
312,5.165613,0.016589,Tick,live-sample,true,0xF13000000604A27A,,server,,unchecked,unchecked,none,1.7178282,0.17051554,0.17051554,0,Stand,5.5041766,,,,0->0:Exact,none; server owns swing cadence
313,5.182460,0.016847,Tick,live-sample,true,0xF13000000604A27A,,server,,unchecked,unchecked,none,1.7178282,0.17051554,0.17051554,0,Stand,5.5210233,,,,0->0:Exact,none; server owns swing cadence
314,5.199108,0.016648,Tick,live-sample,true,0xF13000000604A27A,,server,,unchecked,unchecked,none,1.7178282,0.17051554,0.17051554,0,Stand,5.5376716,,,,0->0:Exact,none; server owns swing cadence
315,5.215668,0.016560,Tick,live-sample,true,0xF13000000604A27A,,server,,unchecked,unchecked,none,1.7178282,0.17051554,0.17051554,0,Stand,5.554231,,,,0->0:Exact,none; server owns swing cadence
316,5.233254,0.017586,Tick,live-sample,true,0xF13000000604A27A,,server,,unchecked,unchecked,none,1.7178282,0.17051554,0.17051554,0,Stand,5.571817,,,,0->0:Exact,none; server owns swing cadence
317,5.249030,0.015776,Tick,live-sample,true,0xF13000000604A27A,,server,,unchecked,unchecked,none,1.7178282,0.17051554,0.17051554,0,Stand,5.587593,,,,0->0:Exact,none; server owns swing cadence
318,5.265831,0.016801,Tick,live-sample,true,0xF13000000604A27A,,server,,unchecked,unchecked,none,1.7178282,0.17051554,0.17051554,0,Stand,5.6043935,,,,0->0:Exact,none; server owns swing cadence
319,5.282348,0.016517,Tick,live-sample,true,0xF13000000604A27A,,server,,unchecked,unchecked,none,1.7178282,0.17051554,0.17051554,0,Stand,5.6209106,,,,0->0:Exact,none; server owns swing cadence
320,5.299126,0.016779,Tick,live-sample,true,0xF13000000604A27A,,server,,unchecked,unchecked,none,1.7178282,0.17051554,0.17051554,0,Stand,5.637689,,,,0->0:Exact,none; server owns swing cadence
321,5.315980,0.016854,Tick,live-sample,true,0xF13000000604A27A,,server,,unchecked,unchecked,none,1.7178282,0.17051554,0.17051554,0,Stand,5.6545424,,,,0->0:Exact,none; server owns swing cadence
322,5.332747,0.016767,Tick,live-sample,true,0xF13000000604A27A,,server,,unchecked,unchecked,none,1.7178282,0.17051554,0.17051554,0,Stand,5.6713095,,,,0->0:Exact,none; server owns swing cadence
323,5.349170,0.016423,Tick,live-sample,true,0xF13000000604A27A,,server,,unchecked,unchecked,none,1.7178282,0.17051554,0.17051554,0,Stand,5.687732,,,,0->0:Exact,none; server owns swing cadence
324,5.365634,0.016464,Tick,live-sample,true,0xF13000000604A27A,,server,,unchecked,unchecked,none,1.7178282,0.17051554,0.17051554,0,Stand,5.704196,,,,0->0:Exact,none; server owns swing cadence
325,5.382352,0.016718,Tick,live-sample,true,0xF13000000604A27A,,server,,unchecked,unchecked,none,1.7178282,0.17051554,0.17051554,0,Stand,5.720914,,,,0->0:Exact,none; server owns swing cadence
326,5.399354,0.017002,Tick,live-sample,true,0xF13000000604A27A,,server,,unchecked,unchecked,none,1.7178282,0.17051554,0.17051554,0,Stand,5.737916,,,,0->0:Exact,none; server owns swing cadence
327,5.415772,0.016418,Tick,live-sample,true,0xF13000000604A27A,,server,,unchecked,unchecked,none,1.7178282,0.17051554,0.17051554,0,Stand,5.7543344,,,,0->0:Exact,none; server owns swing cadence
328,5.432536,0.016764,Tick,live-sample,true,0xF13000000604A27A,,server,,unchecked,unchecked,none,1.7178282,0.17051554,0.17051554,0,Stand,5.771098,,,,0->0:Exact,none; server owns swing cadence
329,5.449186,0.016650,Tick,live-sample,true,0xF13000000604A27A,,server,,unchecked,unchecked,none,1.7178282,0.17051554,0.17051554,0,Stand,5.7877483,,,,0->0:Exact,none; server owns swing cadence
330,5.465756,0.016569,Tick,live-sample,true,0xF13000000604A27A,,server,,unchecked,unchecked,none,1.7178282,0.17051554,0.17051554,0,Stand,5.8043175,,,,0->0:Exact,none; server owns swing cadence
331,5.482601,0.016845,Tick,live-sample,true,0xF13000000604A27A,,server,,unchecked,unchecked,none,1.7178282,0.17051554,0.17051554,0,Stand,5.8211627,,,,0->0:Exact,none; server owns swing cadence
332,5.499075,0.016475,Tick,live-sample,true,0xF13000000604A27A,,server,,unchecked,unchecked,none,1.7178282,0.17051554,0.17051554,0,Stand,5.8376374,,,,0->0:Exact,none; server owns swing cadence
333,5.515883,0.016808,Tick,live-sample,true,0xF13000000604A27A,,server,,unchecked,unchecked,none,1.7178282,0.17051554,0.17051554,0,Stand,5.854445,,,,0->0:Exact,none; server owns swing cadence
334,5.532425,0.016542,Tick,live-sample,true,0xF13000000604A27A,,server,,unchecked,unchecked,none,1.7178282,0.17051554,0.17051554,0,Stand,5.8709865,,,,0->0:Exact,none; server owns swing cadence
335,5.549311,0.016886,Tick,live-sample,true,0xF13000000604A27A,,server,,unchecked,unchecked,none,1.7178282,0.17051554,0.17051554,0,Stand,5.887872,,,,0->0:Exact,none; server owns swing cadence
336,5.565946,0.016636,Tick,live-sample,true,0xF13000000604A27A,,server,,unchecked,unchecked,none,1.7178282,0.17051554,0.17051554,0,Stand,5.904508,,,,0->0:Exact,none; server owns swing cadence
337,5.582644,0.016697,Tick,live-sample,true,0xF13000000604A27A,,server,,unchecked,unchecked,none,1.7178282,0.17051554,0.17051554,0,Stand,5.9212055,,,,0->0:Exact,none; server owns swing cadence
338,5.599261,0.016617,Tick,live-sample,true,0xF13000000604A27A,,server,,unchecked,unchecked,none,1.7178282,0.17051554,0.17051554,0,Stand,5.937823,,,,0->0:Exact,none; server owns swing cadence
339,5.615962,0.016701,Tick,live-sample,true,0xF13000000604A27A,,server,,unchecked,unchecked,none,1.7178282,0.17051554,0.17051554,0,Stand,5.9545236,,,,0->0:Exact,none; server owns swing cadence
340,5.634069,0.018107,Tick,live-sample,true,0xF13000000604A27A,,server,,unchecked,unchecked,none,1.7178282,0.17051554,0.17051554,0,Stand,5.9726305,,,,0->0:Exact,none; server owns swing cadence
341,5.649362,0.015294,Tick,live-sample,true,0xF13000000604A27A,,server,,unchecked,unchecked,none,1.7178282,0.17051554,0.17051554,0,Stand,5.987924,,,,0->0:Exact,none; server owns swing cadence
342,5.666027,0.016665,Tick,live-sample,true,0xF13000000604A27A,,server,,unchecked,unchecked,none,1.7178282,0.17051554,0.17051554,0,Stand,6.0045886,,,,0->0:Exact,none; server owns swing cadence
343,5.682659,0.016632,Tick,live-sample,true,0xF13000000604A27A,,server,,unchecked,unchecked,none,1.6794862,0.17696023,0.17696023,0,Stand,6.0212207,,,,0->0:Exact,none; server owns swing cadence
344,5.699453,0.016794,Tick,live-sample,true,0xF13000000604A27A,,server,,unchecked,unchecked,none,1.6390674,0.18416739,0.18416739,0,Stand,6.038015,,,,0->0:Exact,none; server owns swing cadence
345,5.715986,0.016533,Tick,live-sample,true,0xF13000000604A27A,,server,,unchecked,unchecked,none,1.597783,0.19161034,0.19161034,0,Stand,6.054548,,,,0->0:Exact,none; server owns swing cadence
346,5.732966,0.016980,Tick,live-sample,true,0xF13000000604A27A,,server,,unchecked,unchecked,none,1.5575483,0.19957447,0.19957447,0,Stand,6.071528,,,,0->0:Exact,none; server owns swing cadence
347,5.749543,0.016576,Tick,live-sample,true,0xF13000000604A27A,,server,,unchecked,unchecked,none,1.5195491,0.20742822,0.20742822,0,Stand,6.0881042,,,,0->0:Exact,none; server owns swing cadence
348,5.766314,0.016772,Tick,live-sample,true,0xF13000000604A27A,,server,,unchecked,unchecked,none,1.4795238,0.21624207,0.21624207,0,Stand,6.104876,,,,0->0:Exact,none; server owns swing cadence
349,5.782686,0.016371,Tick,live-sample,true,0xF13000000604A27A,,server,,unchecked,unchecked,none,1.4407729,0.22484899,0.22484899,0,Stand,6.1212473,,,,0->0:Exact,none; server owns swing cadence
350,5.799429,0.016743,Tick,live-sample,true,0xF13000000604A27A,,server,,unchecked,unchecked,none,1.400993,0.23464298,0.23464298,0,Stand,6.1379905,,,,0->0:Exact,none; server owns swing cadence
351,5.816129,0.016700,Tick,live-sample,true,0xF13000000604A27A,,server,,unchecked,unchecked,none,1.3613532,0.24501944,0.24501944,0,Stand,6.1546907,,,,0->0:Exact,none; server owns swing cadence
352,5.833433,0.017304,Tick,live-sample,true,0xF13000000604A27A,,server,,unchecked,unchecked,none,1.3209006,0.2559204,0.2559204,0,Stand,6.1719947,,,,0->0:Exact,none; server owns swing cadence
353,5.849717,0.016284,Tick,live-sample,true,0xF13000000604A27A,,server,,unchecked,unchecked,none,1.2836639,0.26687217,0.26687217,0,Stand,6.1882787,,,,0->0:Exact,none; server owns swing cadence
354,5.866190,0.016473,Tick,live-sample,true,0xF13000000604A27A,,server,,unchecked,unchecked,none,1.2445219,0.27924514,0.27924514,0,Stand,6.2047515,,,,0->0:Exact,none; server owns swing cadence
355,5.882729,0.016539,Tick,live-sample,true,0xF13000000604A27A,,server,,unchecked,unchecked,none,1.2076399,0.29159117,0.29159117,0,Stand,6.2212906,,,,0->0:Exact,none; server owns swing cadence
356,5.899657,0.016928,Tick,live-sample,true,0xF13000000604A27A,,server,,unchecked,unchecked,none,1.1689097,0.30559015,0.30559015,0,Stand,6.238219,,,,0->0:Exact,none; server owns swing cadence
357,5.916145,0.016488,Tick,live-sample,true,0xF13000000604A27A,,server,,unchecked,unchecked,none,1.1294498,0.3204882,0.3204882,0,Stand,6.254707,,,,0->0:Exact,none; server owns swing cadence
358,5.932842,0.016697,Tick,live-sample,true,0xF13000000604A27A,,server,,unchecked,unchecked,none,1.0932446,0.33552313,0.33552313,0,Stand,6.2714043,,,,0->0:Exact,none; server owns swing cadence
359,5.949436,0.016593,Tick,live-sample,true,0xF13000000604A27A,,server,,unchecked,unchecked,none,1.055311,0.3526168,0.3526168,0,Stand,6.2879977,,,,0->0:Exact,none; server owns swing cadence
360,5.966224,0.016788,Tick,live-sample,true,0xF13000000604A27A,,server,,unchecked,unchecked,none,1.0177084,0.3709941,0.3709941,0,Stand,6.3047857,,,,0->0:Exact,none; server owns swing cadence
361,5.982840,0.016616,Tick,live-sample,true,0xF13000000604A27A,,server,,unchecked,unchecked,none,0.9814486,-5.893612,-5.893612,0,Stand,6.321402,,,,0->0:Exact,none; server owns swing cadence
362,5.999538,0.016698,Tick,live-sample,true,0xF13000000604A27A,,server,,unchecked,unchecked,none,0.94460446,-5.872348,-5.872348,0,Stand,6.3381004,,,,0->0:Exact,none; server owns swing cadence
363,6.016436,0.016898,Tick,live-sample,true,0xF13000000604A27A,,server,,unchecked,unchecked,none,0.908222,-5.849369,-5.849369,0,Stand,6.354998,,,,0->0:Exact,none; server owns swing cadence
364,6.033997,0.017561,Tick,live-sample,true,0xF13000000604A27A,,server,,unchecked,unchecked,none,0.8695221,-5.822897,-5.822897,0,Stand,6.3725595,,,,0->0:Exact,none; server owns swing cadence
365,6.049453,0.015456,Tick,live-sample,true,0xF13000000604A27A,,server,,unchecked,unchecked,none,0.8379376,-5.799017,-5.799017,0,Stand,6.3880157,,,,0->0:Exact,none; server owns swing cadence
366,6.066400,0.016947,Tick,live-sample,true,0xF13000000604A27A,,server,,unchecked,unchecked,none,0.8032864,-5.7697644,-5.7697644,0,Stand,6.4049625,,,,0->0:Exact,none; server owns swing cadence
367,6.083263,0.016862,Tick,live-sample,true,0xF13000000604A27A,,server,,unchecked,unchecked,none,0.7693841,-5.737904,-5.737904,0,Stand,6.421825,,,,0->0:Exact,none; server owns swing cadence
368,6.099811,0.016548,Tick,live-sample,true,0xF13000000604A27A,,server,,unchecked,unchecked,none,0.7380273,-5.7052155,-5.7052155,0,Stand,6.438373,,,,0->0:Exact,none; server owns swing cadence
369,6.116496,0.016685,Tick,live-sample,true,0xF13000000604A27A,,server,,unchecked,unchecked,none,0.70493627,-5.6671324,-5.6671324,0,Stand,6.455058,,,,0->0:Exact,none; server owns swing cadence
370,6.133135,0.016639,Tick,live-sample,true,0xF13000000604A27A,,server,,unchecked,unchecked,none,0.6739124,-5.6257305,-5.6257305,0,Stand,6.4716973,,,,0->0:Exact,none; server owns swing cadence
371,6.149591,0.016456,Tick,live-sample,true,0xF13000000604A27A,,server,,unchecked,unchecked,none,0.64564776,-5.583089,-5.583089,0,Stand,6.4881535,,,,0->0:Exact,none; server owns swing cadence
372,6.166548,0.016956,Tick,live-sample,true,0xF13000000604A27A,,server,,unchecked,unchecked,none,0.61725086,-5.533742,-5.533742,0,Stand,6.50511,,,,0->0:Exact,none; server owns swing cadence
373,6.183512,0.016964,Tick,live-sample,true,0xF13000000604A27A,,server,,unchecked,unchecked,none,0.5896064,-5.4791117,-5.4791117,0,Stand,6.5220737,,,,0->0:Exact,none; server owns swing cadence
374,6.199714,0.016202,Tick,live-sample,true,0xF13000000604A27A,,server,,unchecked,unchecked,none,0.56595254,-5.42355,-5.42355,0,Stand,6.5382757,,,,0->0:Exact,none; server owns swing cadence
375,6.216756,0.017043,Tick,live-sample,true,0xF13000000604A27A,,server,,unchecked,unchecked,none,0.5431204,-5.3596325,-5.3596325,0,Stand,6.555319,,,,0->0:Exact,none; server owns swing cadence
376,6.232900,0.016144,Tick,live-sample,true,0xF13000000604A27A,,server,,unchecked,unchecked,none,0.5236362,-5.294386,-5.294386,0,Stand,6.5714626,,,,0->0:Exact,none; server owns swing cadence
377,6.249790,0.016889,Tick,live-sample,true,0xF13000000604A27A,,server,,unchecked,unchecked,none,0.5049926,-5.2189884,-5.2189884,0,Stand,6.588352,,,,0->0:Exact,none; server owns swing cadence
378,6.266503,0.016713,Tick,live-sample,true,0xF13000000604A27A,,server,,unchecked,unchecked,none,0.49013832,-5.13968,-5.13968,0,Stand,6.6050653,,,,0->0:Exact,none; server owns swing cadence
379,6.283098,0.016595,Tick,live-sample,true,0xF13000000604A27A,,server,,unchecked,unchecked,none,0.47853532,-5.056,-5.056,0,Stand,6.62166,,,,0->0:Exact,none; server owns swing cadence
380,6.299913,0.016815,Tick,live-sample,true,0xF13000000604A27A,,server,,unchecked,unchecked,none,0.47068393,-4.9736047,-4.9736047,0,Stand,6.6384754,,,,0->0:Exact,none; server owns swing cadence
381,6.316529,0.016616,Tick,live-sample,true,0xF13000000604A27A,,server,,unchecked,unchecked,none,0.4655612,-4.8823423,-4.8823423,0,Stand,6.6550913,,,,0->0:Exact,none; server owns swing cadence
382,6.334643,0.018114,Tick,live-sample,true,0xF13000000604A27A,,server,,unchecked,unchecked,none,0.46499792,-4.786828,-4.786828,0,Stand,6.6732054,,,,0->0:Exact,none; server owns swing cadence
383,6.349964,0.015321,Tick,live-sample,true,0xF13000000604A27A,,server,,unchecked,unchecked,none,0.46789232,-4.7015424,-4.7015424,0,Stand,6.6885266,,,,0->0:Exact,none; server owns swing cadence
384,6.366359,0.016394,Tick,live-sample,true,0xF13000000604A27A,,server,,unchecked,unchecked,none,0.4741196,-4.6179137,-4.6179137,0,Stand,6.704921,,,,0->0:Exact,none; server owns swing cadence
385,6.383187,0.016828,Tick,live-sample,true,0xF13000000604A27A,,server,,unchecked,unchecked,none,0.48412248,-4.530568,-4.530568,0,Stand,6.7217493,,,,0->0:Exact,none; server owns swing cadence
386,6.399958,0.016771,Tick,live-sample,true,0xF13000000604A27A,,server,,unchecked,unchecked,none,0.4977742,-4.4493103,-4.4493103,0,Stand,6.73852,,,,0->0:Exact,none; server owns swing cadence
387,6.416696,0.016738,Tick,live-sample,true,0xF13000000604A27A,,server,,unchecked,unchecked,none,0.5134491,-4.376772,-4.376772,0,Stand,6.755258,,,,0->0:Exact,none; server owns swing cadence
388,6.433389,0.016693,Tick,live-sample,true,0xF13000000604A27A,,server,,unchecked,unchecked,none,0.5328689,-4.305236,-4.305236,0,Stand,6.771951,,,,0->0:Exact,none; server owns swing cadence
389,6.449921,0.016532,Tick,live-sample,true,0xF13000000604A27A,,server,,unchecked,unchecked,none,0.5548869,-4.2372856,-4.2372856,0,Stand,6.7884836,,,,0->0:Exact,none; server owns swing cadence
390,6.466652,0.016730,Tick,live-sample,true,0xF13000000604A27A,,server,,unchecked,unchecked,none,0.5776859,-4.1794987,-4.1794987,0,Stand,6.805214,,,,0->0:Exact,none; server owns swing cadence
391,6.483314,0.016662,Tick,live-sample,true,0xF13000000604A27A,,server,,unchecked,unchecked,none,0.6038048,-4.123476,-4.123476,0,Stand,6.821876,,,,0->0:Exact,none; server owns swing cadence
392,6.500144,0.016831,Tick,live-sample,true,0xF13000000604A27A,,server,,unchecked,unchecked,none,0.6319041,-4.0707483,-4.0707483,0,Stand,6.838707,,,,0->0:Exact,none; server owns swing cadence
393,6.516629,0.016485,Tick,live-sample,true,0xF13000000604A27A,,server,,unchecked,unchecked,none,0.6596033,-4.026333,-4.026333,0,Stand,6.8551917,,,,0->0:Exact,none; server owns swing cadence
394,6.533324,0.016695,Tick,live-sample,true,0xF13000000604A27A,,server,,unchecked,unchecked,none,0.69027215,-3.983477,-3.983477,0,Stand,6.8718863,,,,0->0:Exact,none; server owns swing cadence
395,6.549996,0.016672,Tick,live-sample,true,0xF13000000604A27A,,server,,unchecked,unchecked,none,0.7220999,-3.9443328,-3.9443328,0,Stand,6.888558,,,,0->0:Exact,none; server owns swing cadence
396,6.566657,0.016662,Tick,live-sample,true,0xF13000000604A27A,,server,,unchecked,unchecked,none,0.75307584,-3.9102826,-3.9102826,0,Stand,6.9052196,,,,0->0:Exact,none; server owns swing cadence
397,6.583453,0.016796,Tick,live-sample,true,0xF13000000604A27A,,server,,unchecked,unchecked,none,0.787183,-3.8762436,-3.8762436,0,Stand,6.922015,,,,0->0:Exact,none; server owns swing cadence
398,6.600030,0.016577,Tick,live-sample,true,0xF13000000604A27A,,server,,unchecked,unchecked,none,0.82166165,-3.8461099,-3.8461099,0,Stand,6.9385924,,,,0->0:Exact,none; server owns swing cadence
399,6.616879,0.016849,Tick,live-sample,true,0xF13000000604A27A,,server,,unchecked,unchecked,none,0.85486466,-3.8197646,-3.8197646,0,Stand,6.9554415,,,,0->0:Exact,none; server owns swing cadence
400,6.633353,0.016474,Tick,live-sample,true,0xF13000000604A27A,,server,,unchecked,unchecked,none,0.89061826,-3.7941794,-3.7941794,0,Stand,6.971915,,,,0->0:Exact,none; server owns swing cadence
401,6.650264,0.016911,Tick,live-sample,true,0xF13000000604A27A,,server,,unchecked,unchecked,none,0.9274244,-3.7696886,-3.7696886,0,Stand,6.9888263,,,,0->0:Exact,none; server owns swing cadence
402,6.666938,0.016674,Tick,live-sample,true,0xF13000000604A27A,,server,,unchecked,unchecked,none,0.96421075,-3.747928,-3.747928,0,Stand,7.0055,,,,0->0:Exact,none; server owns swing cadence
403,6.683416,0.016478,Tick,live-sample,true,0xF13000000604A27A,,server,,unchecked,unchecked,none,0.99933755,-3.7287207,-3.7287207,0,Stand,7.021978,,,,0->0:Exact,none; server owns swing cadence
404,6.700674,0.017258,Tick,live-sample,true,0xF13000000604A27A,,server,,unchecked,unchecked,none,1.037471,-3.7091784,-3.7091784,0,Stand,7.0392356,,,,0->0:Exact,none; server owns swing cadence
405,6.716922,0.016248,Tick,live-sample,true,0xF13000000604A27A,,server,,unchecked,unchecked,none,1.075394,-3.6917596,-3.6917596,0,Stand,7.055484,,,,0->0:Exact,none; server owns swing cadence
406,6.734622,0.017700,Tick,live-sample,true,0xF13000000604A27A,,server,,unchecked,unchecked,none,1.1136211,-3.675532,-3.675532,0,Stand,7.073184,,,,0->0:Exact,none; server owns swing cadence
407,6.750140,0.015518,Tick,live-sample,true,0xF13000000604A27A,,server,,unchecked,unchecked,none,1.1499926,-3.6610913,-3.6610913,0,Stand,7.088702,,,,0->0:Exact,none; server owns swing cadence
408,6.766802,0.016661,Tick,live-sample,true,0xF13000000604A27A,,server,,unchecked,unchecked,none,1.1865771,-3.6475306,-3.6475306,0,Stand,7.1053634,,,,0->0:Exact,none; server owns swing cadence
409,6.783371,0.016569,Tick,live-sample,true,0xF13000000604A27A,,server,,unchecked,unchecked,none,1.2261513,-3.6335597,-3.6335597,0,Stand,7.1219325,,,,0->0:Exact,none; server owns swing cadence
410,6.800215,0.016844,Tick,live-sample,true,0xF13000000604A27A,,server,,unchecked,unchecked,none,1.2653173,-3.6210525,-3.6210525,0,Stand,7.138777,,,,0->0:Exact,none; server owns swing cadence
411,6.816881,0.016666,Tick,live-sample,true,0xF13000000604A27A,,server,,unchecked,unchecked,none,1.3025012,-3.6098373,-3.6098373,0,Stand,7.1554427,,,,0->0:Exact,none; server owns swing cadence
412,6.833406,0.016525,Tick,live-sample,true,0xF13000000604A27A,,server,,unchecked,unchecked,none,1.3420153,-3.598739,-3.598739,0,Stand,7.171968,,,,0->0:Exact,none; server owns swing cadence
413,6.850788,0.017382,Tick,live-sample,true,0xF13000000604A27A,,server,,unchecked,unchecked,none,1.3823305,-3.5877461,-3.5877461,0,Stand,7.1893497,,,,0->0:Exact,none; server owns swing cadence
414,6.867045,0.016256,Tick,live-sample,true,0xF13000000604A27A,,server,,unchecked,unchecked,none,1.4221505,-3.5778883,-3.5778883,0,Stand,7.205606,,,,0->0:Exact,none; server owns swing cadence
415,6.883603,0.016559,Tick,live-sample,true,0xF13000000604A27A,,server,,unchecked,unchecked,none,1.4599059,-3.5689883,-3.5689883,0,Stand,7.2221646,,,,0->0:Exact,none; server owns swing cadence
416,6.900210,0.016607,Tick,live-sample,true,0xF13000000604A27A,,server,,unchecked,unchecked,none,1.4999714,-3.5601406,-3.5601406,0,Stand,7.2387714,,,,0->0:Exact,none; server owns swing cadence
417,6.916935,0.016725,Tick,live-sample,true,0xF13000000604A27A,,server,,unchecked,unchecked,none,1.5408307,-3.5513005,-3.5513005,0,Stand,7.2554965,,,,0->0:Exact,none; server owns swing cadence
418,6.933593,0.016658,Tick,live-sample,true,0xF13000000604A27A,,server,,unchecked,unchecked,none,1.5788952,-3.5437021,-3.5437021,0,Stand,7.272155,,,,0->0:Exact,none; server owns swing cadence
419,6.950230,0.016637,Tick,live-sample,true,0xF13000000604A27A,,server,,unchecked,unchecked,none,1.619271,-3.5361335,-3.5361335,0,Stand,7.288792,,,,0->0:Exact,none; server owns swing cadence
420,6.967151,0.016921,Tick,live-sample,true,0xF13000000604A27A,,server,,unchecked,unchecked,none,1.6604335,-3.5285225,-3.5285225,0,Stand,7.3057137,,,,0->0:Exact,none; server owns swing cadence
421,6.983557,0.016406,Tick,live-sample,true,0xF13000000604A27A,,server,,unchecked,unchecked,none,1.6987628,-3.5219781,-3.5219781,0,Stand,7.322119,,,,0->0:Exact,none; server owns swing cadence
422,7.000393,0.016836,Tick,live-sample,true,0xF13000000604A27A,,server,,unchecked,unchecked,none,1.7393862,-3.5154376,-3.5154376,0,Stand,7.338955,,,,0->0:Exact,none; server owns swing cadence
423,7.017162,0.016769,Tick,live-sample,true,0xF13000000604A27A,,server,,unchecked,unchecked,none,1.7800703,-3.5091896,-3.5091896,0,Stand,7.3557243,,,,0->0:Exact,none; server owns swing cadence
424,7.033595,0.016433,Tick,live-sample,true,0xF13000000604A27A,,server,,unchecked,unchecked,none,1.8186005,-3.503485,-3.503485,0,Stand,7.372157,,,,0->0:Exact,none; server owns swing cadence
425,7.050283,0.016687,Tick,live-sample,true,0xF13000000604A27A,,server,,unchecked,unchecked,none,1.8601397,-3.497416,-3.497416,0,Stand,7.3888445,,,,0->0:Exact,none; server owns swing cadence
426,7.066976,0.016693,Tick,live-sample,true,0xF13000000604A27A,,server,,unchecked,unchecked,none,1.9010214,-3.4919577,-3.4919577,0,Stand,7.4055376,,,,0->0:Exact,none; server owns swing cadence
427,7.083818,0.016843,Tick,live-sample,true,0xF13000000604A27A,,server,,unchecked,unchecked,none,1.9397092,-3.486946,-3.486946,0,Stand,7.4223804,,,,0->0:Exact,none; server owns swing cadence
428,7.100376,0.016557,Tick,live-sample,true,0xF13000000604A27A,,server,,unchecked,unchecked,none,1.9806939,-3.4819238,-3.4819238,0,Stand,7.4389377,,,,0->0:Exact,none; server owns swing cadence
429,7.117144,0.016768,Tick,live-sample,true,0xF13000000604A27A,,server,,unchecked,unchecked,none,2.0224593,-3.4767857,-3.4767857,0,Stand,7.4557056,,,,0->0:Exact,none; server owns swing cadence
430,7.135177,0.018033,Tick,live-sample,true,0xF13000000604A27A,,server,,unchecked,unchecked,none,2.0657842,-3.4719737,-3.4719737,0,Stand,7.473739,,,,0->0:Exact,none; server owns swing cadence
431,7.150310,0.015133,Tick,live-sample,true,0xF13000000604A27A,,server,,unchecked,unchecked,none,2.1024175,-3.4679134,-3.4679134,0,Stand,7.488872,,,,0->0:Exact,none; server owns swing cadence
432,7.167019,0.016709,Tick,live-sample,true,0xF13000000604A27A,,server,,unchecked,unchecked,none,2.14431,-3.463335,-3.463335,0,Stand,7.505581,,,,0->0:Exact,none; server owns swing cadence
433,7.184679,0.017661,Tick,live-sample,true,0xF13000000604A27A,,server,,unchecked,unchecked,none,2.1855118,-3.459227,-3.459227,0,Stand,7.5232415,,,,0->0:Exact,none; server owns swing cadence
434,7.200550,0.015870,Tick,live-sample,true,0xF13000000604A27A,,server,,unchecked,unchecked,none,2.2244985,-3.4554334,-3.4554334,0,Stand,7.5391116,,,,0->0:Exact,none; server owns swing cadence
435,7.217365,0.016816,Tick,live-sample,true,0xF13000000604A27A,,server,,unchecked,unchecked,none,2.2657678,-3.4516146,-3.4516146,0,Stand,7.5559273,,,,0->0:Exact,none; server owns swing cadence
436,7.233935,0.016569,Tick,live-sample,true,0xF13000000604A27A,,server,,unchecked,unchecked,none,2.3078203,-3.447662,-3.447662,0,Stand,7.572497,,,,0->0:Exact,none; server owns swing cadence
437,7.250738,0.016803,Tick,live-sample,true,0xF13000000604A27A,,server,,unchecked,unchecked,none,2.34689,-3.4442537,-3.4442537,0,Stand,7.5892997,,,,0->0:Exact,none; server owns swing cadence
438,7.267051,0.016314,Tick,live-sample,true,0xF13000000604A27A,,server,,unchecked,unchecked,none,2.388251,-3.440824,-3.440824,0,Stand,7.605613,,,,0->0:Exact,none; server owns swing cadence
439,7.284280,0.017229,Tick,live-sample,true,0xF13000000604A27A,,server,,unchecked,unchecked,none,2.4304965,-3.4379447,-3.4379447,0,Stand,7.6228423,,,,0->0:Exact,none; server owns swing cadence
440,7.300886,0.016606,Tick,live-sample,true,0xF13000000604A27A,,server,,unchecked,unchecked,none,2.4696593,-3.4361253,-3.4361253,0,Stand,7.639448,,,,0->0:Exact,none; server owns swing cadence
441,7.317199,0.016312,Tick,live-sample,true,0xF13000000604A27A,,server,,unchecked,unchecked,none,2.5119336,-3.434036,-3.434036,0,Stand,7.6557603,,,,0->0:Exact,none; server owns swing cadence
442,7.334173,0.016974,Tick,live-sample,true,0xF13000000604A27A,,server,,unchecked,unchecked,none,2.554228,-3.4320204,-3.4320204,0,Stand,7.6727343,,,,0->0:Exact,none; server owns swing cadence
443,7.350786,0.016614,Tick,live-sample,true,0xF13000000604A27A,,server,,unchecked,unchecked,none,2.5941687,-3.4301374,-3.4301374,0,Stand,7.6893477,,,,0->0:Exact,none; server owns swing cadence
444,7.367498,0.016712,Tick,live-sample,true,0xF13000000604A27A,,server,,unchecked,unchecked,none,2.6364727,-3.4282427,-3.4282427,0,Stand,7.70606,,,,0->0:Exact,none; server owns swing cadence
445,7.384091,0.016593,Tick,live-sample,true,0xF13000000604A27A,,server,,unchecked,unchecked,none,2.6787956,-3.4264126,-3.4264126,0,Stand,7.7226524,,,,0->0:Exact,none; server owns swing cadence
446,7.400714,0.016623,Tick,live-sample,true,0xF13000000604A27A,,server,,unchecked,unchecked,none,2.7187624,-3.424698,-3.424698,0,Stand,7.739275,,,,0->0:Exact,none; server owns swing cadence
447,7.417355,0.016642,Tick,live-sample,true,0xF13000000604A27A,,server,,unchecked,unchecked,none,2.7610927,-3.4229722,-3.4229722,0,Stand,7.7559166,,,,0->0:Exact,none; server owns swing cadence
448,7.434874,0.017518,Tick,live-sample,true,0xF13000000604A27A,,server,,unchecked,unchecked,none,2.80344,-3.421303,-3.421303,0,Stand,7.773435,,,,0->0:Exact,none; server owns swing cadence
449,7.450575,0.015701,Tick,live-sample,true,0xF13000000604A27A,,server,,unchecked,unchecked,none,2.8434298,-3.4197357,-3.4197357,0,Stand,7.789136,,,,0->0:Exact,none; server owns swing cadence
450,7.467407,0.016833,Tick,live-sample,true,0xF13000000604A27A,,server,,unchecked,unchecked,none,2.8850224,-3.4183698,-3.4183698,0,Stand,7.8059683,,,,0->0:Exact,none; server owns swing cadence
451,7.484036,0.016629,Tick,live-sample,true,0xF13000000604A27A,,server,,unchecked,unchecked,none,2.9273813,-3.4168336,-3.4168336,0,Stand,7.8225965,,,,0->0:Exact,none; server owns swing cadence
452,7.501211,0.017175,Tick,live-sample,true,0xF13000000604A27A,,server,,unchecked,unchecked,none,2.9697468,-3.4153414,-3.4153414,0,Stand,7.8397717,,,,0->0:Exact,none; server owns swing cadence
453,7.517517,0.016306,Tick,live-sample,true,0xF13000000604A27A,,server,,unchecked,unchecked,none,3.009771,-3.4139438,-3.4139438,0,Stand,7.856077,,,,0->0:Exact,none; server owns swing cadence
454,7.534614,0.017097,Tick,live-sample,true,0xF13000000604A27A,,server,,unchecked,unchecked,none,3.0521488,-3.4125319,-3.4125319,0,Stand,7.873174,,,,0->0:Exact,none; server owns swing cadence
455,7.550959,0.016346,Tick,live-sample,true,0xF13000000604A27A,,server,,unchecked,unchecked,none,3.0945325,-3.4111586,-3.4111586,0,Stand,7.8895197,,,,0->0:Exact,none; server owns swing cadence
456,7.567473,0.016514,Tick,live-sample,true,0xF13000000604A27A,,server,,unchecked,unchecked,none,3.1345737,-3.4098701,-3.4098701,0,Stand,7.906033,,,,0->0:Exact,none; server owns swing cadence
457,7.584130,0.016657,Tick,live-sample,true,0xF13000000604A27A,,server,,unchecked,unchecked,none,3.1769683,-3.408568,-3.408568,0,Stand,7.92269,,,,0->0:Exact,none; server owns swing cadence
458,7.601192,0.017063,Tick,live-sample,true,0xF13000000604A27A,,server,,unchecked,unchecked,none,3.2193685,-3.4073,-3.4073,0,Stand,7.9397526,,,,0->0:Exact,none; server owns swing cadence
459,7.617713,0.016521,Tick,live-sample,true,0xF13000000604A27A,,server,,unchecked,unchecked,none,3.2594244,-3.4061084,-3.4061084,0,Stand,7.956273,,,,0->0:Exact,none; server owns swing cadence
460,7.634124,0.016411,Tick,live-sample,true,0xF13000000604A27A,,server,,unchecked,unchecked,none,3.301834,-3.404904,-3.404904,0,Stand,7.972684,,,,0->0:Exact,none; server owns swing cadence
461,7.650973,0.016850,Tick,live-sample,true,0xF13000000604A27A,,server,,unchecked,unchecked,none,3.3434799,-3.40391,-3.40391,0,Stand,7.9895334,,,,0->0:Exact,none; server owns swing cadence
462,7.667894,0.016920,Tick,live-sample,true,0xF13000000604A27A,,server,,unchecked,unchecked,none,3.3835394,-3.4027984,-3.4027984,0,Stand,8.0064535,,,,0->0:Exact,none; server owns swing cadence
463,7.684410,0.016517,Tick,live-sample,true,0xF13000000604A27A,,server,,unchecked,unchecked,none,3.425962,-3.4016786,-3.4016786,0,Stand,8.02297,,,,0->0:Exact,none; server owns swing cadence
464,7.700996,0.016586,Tick,live-sample,true,0xF13000000604A27A,,server,,unchecked,unchecked,none,3.4683976,-3.4005895,-3.4005895,0,Stand,8.0395565,,,,0->0:Exact,none; server owns swing cadence
465,7.717785,0.016788,Tick,live-sample,true,0xF13000000604A27A,,server,,unchecked,unchecked,none,3.5084693,-3.3995554,-3.3995554,0,Stand,8.056345,,,,0->0:Exact,none; server owns swing cadence
466,7.734451,0.016666,Tick,live-sample,true,0xF13000000604A27A,,server,,unchecked,unchecked,none,3.5509038,-3.3985138,-3.3985138,0,Stand,8.07301,,,,0->0:Exact,none; server owns swing cadence
467,7.750993,0.016543,Tick,live-sample,true,0xF13000000604A27A,,server,,unchecked,unchecked,none,3.593351,-3.3974998,-3.3974998,0,Stand,8.089553,,,,0->0:Exact,none; server owns swing cadence
468,7.767677,0.016684,Tick,live-sample,true,0xF13000000604A27A,,server,,unchecked,unchecked,none,3.6334333,-3.3965356,-3.3965356,0,Stand,8.106237,,,,0->0:Exact,none; server owns swing cadence
469,7.784416,0.016739,Tick,live-sample,true,0xF13000000604A27A,,server,,unchecked,unchecked,none,3.6758785,-3.395564,-3.395564,0,Stand,8.122976,,,,0->0:Exact,none; server owns swing cadence
470,7.801161,0.016744,Tick,live-sample,true,0xF13000000604A27A,,server,,unchecked,unchecked,none,3.718336,-3.394618,-3.394618,0,Stand,8.139721,,,,0->0:Exact,none; server owns swing cadence
471,7.817566,0.016406,Tick,live-sample,true,0xF13000000604A27A,,server,,unchecked,unchecked,none,3.7576447,-3.3938715,-3.3938715,0,Stand,8.156127,,,,0->0:Exact,none; server owns swing cadence
472,7.835654,0.018088,Tick,live-sample,true,0xF13000000604A27A,,server,,unchecked,unchecked,none,3.803252,-3.392786,-3.392786,0,Stand,8.174215,,,,0->0:Exact,none; server owns swing cadence
473,7.850900,0.015246,Tick,live-sample,true,0xF13000000604A27A,,server,,unchecked,unchecked,none,3.840206,-3.3920996,-3.3920996,0,Stand,8.189461,,,,0->0:Exact,none; server owns swing cadence
474,7.867794,0.016894,Tick,live-sample,true,0xF13000000604A27A,,server,,unchecked,unchecked,none,3.882666,-3.3912284,-3.3912284,0,Stand,8.206354,,,,0->0:Exact,none; server owns swing cadence
475,7.884317,0.016524,Tick,live-sample,true,0xF13000000604A27A,,server,,unchecked,unchecked,none,3.9251385,-3.390379,-3.390379,0,Stand,8.2228775,,,,0->0:Exact,none; server owns swing cadence
476,7.901168,0.016850,Tick,live-sample,true,0xF13000000604A27A,,server,,unchecked,unchecked,none,3.9676044,-3.389545,-3.389545,0,Stand,8.239728,,,,0->0:Exact,none; server owns swing cadence
477,7.917894,0.016726,Tick,live-sample,true,0xF13000000604A27A,,server,,unchecked,unchecked,none,4.007713,-3.38875,-3.38875,0,Stand,8.2564535,,,,0->0:Exact,none; server owns swing cadence
478,7.934484,0.016591,Tick,live-sample,true,0xF13000000604A27A,,server,,unchecked,unchecked,none,4.0501933,-3.387953,-3.387953,0,Stand,8.273044,,,,0->0:Exact,none; server owns swing cadence
479,7.950950,0.016465,Tick,live-sample,true,0xF13000000604A27A,,server,,unchecked,unchecked,none,4.092667,-3.3871694,-3.3871694,0,Stand,8.289509,,,,0->0:Exact,none; server owns swing cadence
480,7.967874,0.016925,Tick,live-sample,true,0xF13000000604A27A,,server,,unchecked,unchecked,none,4.1320043,-3.3865645,-3.3865645,0,Stand,8.306434,,,,0->0:Exact,none; server owns swing cadence
481,7.984544,0.016670,Tick,live-sample,true,0xF13000000604A27A,,server,,unchecked,unchecked,none,4.1744823,-3.3858104,-3.3858104,0,Stand,8.323103,,,,0->0:Exact,none; server owns swing cadence
482,8.001065,0.016521,Tick,live-sample,true,0xF13000000604A27A,,server,,unchecked,unchecked,none,4.216963,-3.3850715,-3.3850715,0,Stand,8.339623,,,,0->0:Exact,none; server owns swing cadence
483,8.018132,0.017068,Tick,live-sample,true,0xF13000000604A27A,,server,,unchecked,unchecked,none,4.2594543,-3.3843503,-3.3843503,0,Stand,8.356691,,,,0->0:Exact,none; server owns swing cadence
484,8.034332,0.016199,Tick,live-sample,true,0xF13000000604A27A,,server,,unchecked,unchecked,none,4.2995787,-3.383658,-3.383658,0,Stand,8.37289,,,,0->0:Exact,none; server owns swing cadence
485,8.051270,0.016938,Tick,live-sample,true,0xF13000000604A27A,,server,,unchecked,unchecked,none,4.342066,-3.3829615,-3.3829615,0,Stand,8.389829,,,,0->0:Exact,none; server owns swing cadence
486,8.067975,0.016705,Tick,live-sample,true,0xF13000000604A27A,,server,,unchecked,unchecked,none,4.3845634,-3.3822813,-3.3822813,0,Stand,8.406534,,,,0->0:Exact,none; server owns swing cadence
487,8.084475,0.016500,Tick,live-sample,true,0xF13000000604A27A,,server,,unchecked,unchecked,none,4.424694,-3.3816273,-3.3816273,0,Stand,8.423035,,,,0->0:Exact,none; server owns swing cadence
488,8.101454,0.016978,Tick,live-sample,true,0xF13000000604A27A,,server,,unchecked,unchecked,none,4.467187,-3.3809695,-3.3809695,0,Stand,8.440013,,,,0->0:Exact,none; server owns swing cadence
489,8.118129,0.016675,Tick,live-sample,true,0xF13000000604A27A,,server,,unchecked,unchecked,none,4.5096908,-3.3803272,-3.3803272,0,Stand,8.456688,,,,0->0:Exact,none; server owns swing cadence
490,8.134795,0.016666,Tick,live-sample,true,0xF13000000604A27A,,server,,unchecked,unchecked,none,4.5498266,-3.3797083,-3.3797083,0,Stand,8.473353,,,,0->0:Exact,none; server owns swing cadence
491,8.151233,0.016438,Tick,live-sample,true,0xF13000000604A27A,,server,,unchecked,unchecked,none,4.592334,-3.379089,-3.379089,0,Stand,8.489791,,,,0->0:Exact,none; server owns swing cadence
492,8.168094,0.016861,Tick,live-sample,true,0xF13000000604A27A,,server,,unchecked,unchecked,none,4.6340413,-3.3786016,-3.3786016,0,Stand,8.506652,,,,0->0:Exact,none; server owns swing cadence
493,8.184939,0.016845,Tick,live-sample,true,0xF13000000604A27A,,server,,unchecked,unchecked,none,4.6765428,-3.3780007,-3.3780007,0,Stand,8.523497,,,,0->0:Exact,none; server owns swing cadence
494,8.201473,0.016535,Tick,live-sample,true,0xF13000000604A27A,,server,,unchecked,unchecked,none,4.7166944,-3.3774264,-3.3774264,0,Stand,8.540031,,,,0->0:Exact,none; server owns swing cadence
495,8.218017,0.016543,Tick,live-sample,true,0xF13000000604A27A,,server,,unchecked,unchecked,none,4.756838,-3.3768592,-3.3768592,0,Stand,8.556575,,,,0->0:Exact,none; server owns swing cadence
496,8.236172,0.018156,Tick,live-sample,true,0xF13000000604A27A,,server,,unchecked,unchecked,none,4.756838,-3.3768592,-3.3768592,0,Stand,8.57473,,,,0->0:Exact,none; server owns swing cadence
497,8.251460,0.015287,Tick,live-sample,true,0xF13000000604A27A,,server,,unchecked,unchecked,none,4.756838,-3.3768592,-3.3768592,0,Stand,8.590017,,,,0->0:Exact,none; server owns swing cadence
498,8.267898,0.016438,Tick,live-sample,true,0xF13000000604A27A,,server,,unchecked,unchecked,none,4.7178473,-3.3749237,-3.3749237,0,Stand,8.606455,,,,0->0:Exact,none; server owns swing cadence
499,8.284915,0.017017,Tick,live-sample,true,0xF13000000604A27A,,server,,unchecked,unchecked,none,4.674303,-3.3726623,-3.3726623,0,Stand,8.623472,,,,0->0:Exact,none; server owns swing cadence
500,8.301637,0.016722,Tick,live-sample,true,0xF13000000604A27A,,server,,unchecked,unchecked,none,4.6345544,-3.3707788,-3.3707788,0,Stand,8.640194,,,,0->0:Exact,none; server owns swing cadence
501,8.318531,0.016895,Tick,live-sample,true,0xF13000000604A27A,,server,,unchecked,unchecked,none,4.5937414,-3.3685288,-3.3685288,0,Stand,8.657088,,,,0->0:Exact,none; server owns swing cadence
502,8.334921,0.016390,Tick,live-sample,true,0xF13000000604A27A,,server,,unchecked,unchecked,none,4.5521436,-3.366359,-3.366359,0,Stand,8.673478,,,,0->0:Exact,none; server owns swing cadence
503,8.351746,0.016825,Tick,live-sample,true,0xF13000000604A27A,,server,,unchecked,unchecked,none,4.5132523,-3.3642452,-3.3642452,0,Stand,8.690304,,,,0->0:Exact,none; server owns swing cadence
504,8.368007,0.016260,Tick,live-sample,true,0xF13000000604A27A,,server,,unchecked,unchecked,none,4.4717064,-3.3619995,-3.3619995,0,Stand,8.706564,,,,0->0:Exact,none; server owns swing cadence
505,8.384759,0.016752,Tick,live-sample,true,0xF13000000604A27A,,server,,unchecked,unchecked,none,4.4328575,-3.359809,-3.359809,0,Stand,8.723316,,,,0->0:Exact,none; server owns swing cadence
506,8.401500,0.016741,Tick,live-sample,true,0xF13000000604A27A,,server,,unchecked,unchecked,none,4.3913574,-3.35748,-3.35748,0,Stand,8.740057,,,,0->0:Exact,none; server owns swing cadence
507,8.418299,0.016799,Tick,live-sample,true,0xF13000000604A27A,,server,,unchecked,unchecked,none,4.350679,-3.3549771,-3.3549771,0,Stand,8.756856,,,,0->0:Exact,none; server owns swing cadence
508,8.434765,0.016466,Tick,live-sample,true,0xF13000000604A27A,,server,,unchecked,unchecked,none,4.3119,-3.352662,-3.352662,0,Stand,8.773322,,,,0->0:Exact,none; server owns swing cadence
509,8.451631,0.016866,Tick,live-sample,true,0xF13000000604A27A,,server,,unchecked,unchecked,none,4.270475,-3.3501978,-3.3501978,0,Stand,8.790188,,,,0->0:Exact,none; server owns swing cadence
510,8.468098,0.016468,Tick,live-sample,true,0xF13000000604A27A,,server,,unchecked,unchecked,none,4.229068,-3.3476822,-3.3476822,0,Stand,8.806655,,,,0->0:Exact,none; server owns swing cadence
511,8.484825,0.016726,Tick,live-sample,true,0xF13000000604A27A,,server,,unchecked,unchecked,none,4.1903725,-3.3452356,-3.3452356,0,Stand,8.823381,,,,0->0:Exact,none; server owns swing cadence
512,8.501687,0.016863,Tick,live-sample,true,0xF13000000604A27A,,server,,unchecked,unchecked,none,4.1490197,-3.342622,-3.342622,0,Stand,8.840244,,,,0->0:Exact,none; server owns swing cadence
513,8.518251,0.016563,Tick,live-sample,true,0xF13000000604A27A,,server,,unchecked,unchecked,none,4.108518,-3.3398275,-3.3398275,0,Stand,8.856808,,,,0->0:Exact,none; server owns swing cadence
514,8.535742,0.017491,Tick,live-sample,true,0xF13000000604A27A,,server,,unchecked,unchecked,none,4.067225,-3.3371067,-3.3371067,0,Stand,8.874299,,,,0->0:Exact,none; server owns swing cadence
515,8.551592,0.015850,Tick,live-sample,true,0xF13000000604A27A,,server,,unchecked,unchecked,none,4.0286336,-3.3344572,-3.3344572,0,Stand,8.890149,,,,0->0:Exact,none; server owns swing cadence
516,8.568237,0.016645,Tick,live-sample,true,0xF13000000604A27A,,server,,unchecked,unchecked,none,3.98741,-3.3316293,-3.3316293,0,Stand,8.906794,,,,0->0:Exact,none; server owns swing cadence
517,8.584997,0.016760,Tick,live-sample,true,0xF13000000604A27A,,server,,unchecked,unchecked,none,3.9462109,-3.328739,-3.328739,0,Stand,8.923553,,,,0->0:Exact,none; server owns swing cadence
518,8.601784,0.016788,Tick,live-sample,true,0xF13000000604A27A,,server,,unchecked,unchecked,none,3.9077194,-3.3259282,-3.3259282,0,Stand,8.940341,,,,0->0:Exact,none; server owns swing cadence
519,8.618448,0.016663,Tick,live-sample,true,0xF13000000604A27A,,server,,unchecked,unchecked,none,3.86741,-3.3227818,-3.3227818,0,Stand,8.957005,,,,0->0:Exact,none; server owns swing cadence
520,8.635065,0.016617,Tick,live-sample,true,0xF13000000604A27A,,server,,unchecked,unchecked,none,3.8263233,-3.3197093,-3.3197093,0,Stand,8.973621,,,,0->0:Exact,none; server owns swing cadence
521,8.651753,0.016688,Tick,live-sample,true,0xF13000000604A27A,,server,,unchecked,unchecked,none,3.787926,-3.3167143,-3.3167143,0,Stand,8.99031,,,,0->0:Exact,none; server owns swing cadence
522,8.668306,0.016553,Tick,live-sample,true,0xF13000000604A27A,,server,,unchecked,unchecked,none,3.7469041,-3.3135066,-3.3135066,0,Stand,9.006863,,,,0->0:Exact,none; server owns swing cadence
523,8.685196,0.016889,Tick,live-sample,true,0xF13000000604A27A,,server,,unchecked,unchecked,none,3.7059298,-3.3102317,-3.3102317,0,Stand,9.023752,,,,0->0:Exact,none; server owns swing cadence
524,8.701620,0.016424,Tick,live-sample,true,0xF13000000604A27A,,server,,unchecked,unchecked,none,3.6676435,-3.3070395,-3.3070395,0,Stand,9.040176,,,,0->0:Exact,none; server owns swing cadence
525,8.718378,0.016757,Tick,live-sample,true,0xF13000000604A27A,,server,,unchecked,unchecked,none,3.627583,-3.3034792,-3.3034792,0,Stand,9.056933,,,,0->0:Exact,none; server owns swing cadence
526,8.735032,0.016654,Tick,live-sample,true,0xF13000000604A27A,,server,,unchecked,unchecked,none,3.5867264,-3.2999773,-3.2999773,0,Stand,9.073587,,,,0->0:Exact,none; server owns swing cadence
527,8.751758,0.016726,Tick,live-sample,true,0xF13000000604A27A,,server,,unchecked,unchecked,none,3.5485642,-3.2965674,-3.2965674,0,Stand,9.090314,,,,0->0:Exact,none; server owns swing cadence
528,8.768344,0.016586,Tick,live-sample,true,0xF13000000604A27A,,server,,unchecked,unchecked,none,3.5078049,-3.2929099,-3.2929099,0,Stand,9.1069,,,,0->0:Exact,none; server owns swing cadence
529,8.785288,0.016944,Tick,live-sample,true,0xF13000000604A27A,,server,,unchecked,unchecked,none,3.467086,-3.2891624,-3.2891624,0,Stand,9.123844,,,,0->0:Exact,none; server owns swing cadence
530,8.801854,0.016565,Tick,live-sample,true,0xF13000000604A27A,,server,,unchecked,unchecked,none,3.429059,-3.2855136,-3.2855136,0,Stand,9.140409,,,,0->0:Exact,none; server owns swing cadence
531,8.818706,0.016852,Tick,live-sample,true,0xF13000000604A27A,,server,,unchecked,unchecked,none,3.3892906,-3.2814496,-3.2814496,0,Stand,9.157262,,,,0->0:Exact,none; server owns swing cadence
532,8.835540,0.016834,Tick,live-sample,true,0xF13000000604A27A,,server,,unchecked,unchecked,none,3.3487334,-3.2774346,-3.2774346,0,Stand,9.174096,,,,0->0:Exact,none; server owns swing cadence
533,8.851890,0.016350,Tick,live-sample,true,0xF13000000604A27A,,server,,unchecked,unchecked,none,3.3108585,-3.273521,-3.273521,0,Stand,9.190446,,,,0->0:Exact,none; server owns swing cadence
534,8.868655,0.016766,Tick,live-sample,true,0xF13000000604A27A,,server,,unchecked,unchecked,none,3.2704036,-3.2693074,-3.2693074,0,Stand,9.2072115,,,,0->0:Exact,none; server owns swing cadence
535,8.885286,0.016631,Tick,live-sample,true,0xF13000000604A27A,,server,,unchecked,unchecked,none,3.2300158,-3.2649927,-3.2649927,0,Stand,9.223843,,,,0->0:Exact,none; server owns swing cadence
536,8.901955,0.016669,Tick,live-sample,true,0xF13000000604A27A,,server,,unchecked,unchecked,none,3.1905365,-3.260416,-3.260416,0,Stand,9.240511,,,,0->0:Exact,none; server owns swing cadence
537,8.918524,0.016569,Tick,live-sample,true,0xF13000000604A27A,,server,,unchecked,unchecked,none,3.1528914,-3.2561023,-3.2561023,0,Stand,9.25708,,,,0->0:Exact,none; server owns swing cadence
538,8.936473,0.017949,Tick,live-sample,true,0xF13000000604A27A,,server,,unchecked,unchecked,none,3.110076,-3.2512183,-3.2512183,0,Stand,9.275029,,,,0->0:Exact,none; server owns swing cadence
539,8.951984,0.015511,Tick,live-sample,true,0xF13000000604A27A,,server,,unchecked,unchecked,none,3.072567,-3.2466838,-3.2466838,0,Stand,9.29054,,,,0->0:Exact,none; server owns swing cadence
540,8.968826,0.016842,Tick,live-sample,true,0xF13000000604A27A,,server,,unchecked,unchecked,none,3.0351157,-3.2420328,-3.2420328,0,Stand,9.307383,,,,0->0:Exact,none; server owns swing cadence
541,8.985523,0.016697,Tick,live-sample,true,0xF13000000604A27A,,server,,unchecked,unchecked,none,2.9951236,-3.2370086,-3.2370086,0,Stand,9.3240795,,,,0->0:Exact,none; server owns swing cadence
542,9.002165,0.016642,Tick,live-sample,true,0xF13000000604A27A,,server,,unchecked,unchecked,none,2.9560835,-3.2317016,-3.2317016,0,Stand,9.340721,,,,0->0:Exact,none; server owns swing cadence
543,9.018728,0.016563,Tick,live-sample,true,0xF13000000604A27A,,server,,unchecked,unchecked,none,2.918852,-3.2266736,-3.2266736,0,Stand,9.357284,,,,0->0:Exact,none; server owns swing cadence
544,9.035256,0.016528,Tick,live-sample,true,0xF13000000604A27A,,server,,unchecked,unchecked,none,2.8791006,-3.221234,-3.221234,0,Stand,9.373811,,,,0->0:Exact,none; server owns swing cadence
545,9.052068,0.016812,Tick,live-sample,true,0xF13000000604A27A,,server,,unchecked,unchecked,none,2.8394434,-3.2156472,-3.2156472,0,Stand,9.390623,,,,0->0:Exact,none; server owns swing cadence
546,9.068596,0.016528,Tick,live-sample,true,0xF13000000604A27A,,server,,unchecked,unchecked,none,2.8024569,-3.2101974,-3.2101974,0,Stand,9.407151,,,,0->0:Exact,none; server owns swing cadence
547,9.085456,0.016860,Tick,live-sample,true,0xF13000000604A27A,,server,,unchecked,unchecked,none,2.762981,-3.204298,-3.204298,0,Stand,9.424011,,,,0->0:Exact,none; server owns swing cadence
548,9.102001,0.016545,Tick,live-sample,true,0xF13000000604A27A,,server,,unchecked,unchecked,none,2.7244797,-3.1980686,-3.1980686,0,Stand,9.440557,,,,0->0:Exact,none; server owns swing cadence
549,9.118854,0.016854,Tick,live-sample,true,0xF13000000604A27A,,server,,unchecked,unchecked,none,2.687773,-3.1921449,-3.1921449,0,Stand,9.45741,,,,0->0:Exact,none; server owns swing cadence
550,9.135446,0.016592,Tick,live-sample,true,0xF13000000604A27A,,server,,unchecked,unchecked,none,2.6486042,-3.1857224,-3.1857224,0,Stand,9.474002,,,,0->0:Exact,none; server owns swing cadence
551,9.152111,0.016665,Tick,live-sample,true,0xF13000000604A27A,,server,,unchecked,unchecked,none,2.609542,-3.1791017,-3.1791017,0,Stand,9.490667,,,,0->0:Exact,none; server owns swing cadence
552,9.168898,0.016786,Tick,live-sample,true,0xF13000000604A27A,,server,,unchecked,unchecked,none,2.5731502,-3.1726444,-3.1726444,0,Stand,9.507454,,,,0->0:Exact,none; server owns swing cadence
553,9.185510,0.016613,Tick,live-sample,true,0xF13000000604A27A,,server,,unchecked,unchecked,none,2.5343285,-3.1656315,-3.1656315,0,Stand,9.524067,,,,0->0:Exact,none; server owns swing cadence
554,9.202297,0.016787,Tick,live-sample,true,0xF13000000604A27A,,server,,unchecked,unchecked,none,2.4965332,-3.158247,-3.158247,0,Stand,9.5408535,,,,0->0:Exact,none; server owns swing cadence
555,9.218796,0.016499,Tick,live-sample,true,0xF13000000604A27A,,server,,unchecked,unchecked,none,2.4605036,-3.1511867,-3.1511867,0,Stand,9.557352,,,,0->0:Exact,none; server owns swing cadence
556,9.235691,0.016896,Tick,live-sample,true,0xF13000000604A27A,,server,,unchecked,unchecked,none,2.4220755,-3.1435003,-3.1435003,0,Stand,9.574247,,,,0->0:Exact,none; server owns swing cadence
557,9.252275,0.016583,Tick,live-sample,true,0xF13000000604A27A,,server,,unchecked,unchecked,none,2.3838007,-3.1355724,-3.1355724,0,Stand,9.590831,,,,0->0:Exact,none; server owns swing cadence
558,9.268784,0.016510,Tick,live-sample,true,0xF13000000604A27A,,server,,unchecked,unchecked,none,2.3481834,-3.1278276,-3.1278276,0,Stand,9.607341,,,,0->0:Exact,none; server owns swing cadence
559,9.285534,0.016750,Tick,live-sample,true,0xF13000000604A27A,,server,,unchecked,unchecked,none,2.3102114,-3.119382,-3.119382,0,Stand,9.624091,,,,0->0:Exact,none; server owns swing cadence
560,9.302255,0.016720,Tick,live-sample,true,0xF13000000604A27A,,server,,unchecked,unchecked,none,2.2733302,-3.110511,-3.110511,0,Stand,9.640812,,,,0->0:Exact,none; server owns swing cadence
561,9.318876,0.016621,Tick,live-sample,true,0xF13000000604A27A,,server,,unchecked,unchecked,none,2.238191,-3.1019888,-3.1019888,0,Stand,9.6574335,,,,0->0:Exact,none; server owns swing cadence
562,9.336688,0.017812,Tick,live-sample,true,0xF13000000604A27A,,server,,unchecked,unchecked,none,2.198284,-3.0921686,-3.0921686,0,Stand,9.675245,,,,0->0:Exact,none; server owns swing cadence
563,9.352287,0.015599,Tick,live-sample,true,0xF13000000604A27A,,server,,unchecked,unchecked,none,2.1635087,-3.083055,-3.083055,0,Stand,9.690845,,,,0->0:Exact,none; server owns swing cadence
564,9.368988,0.016701,Tick,live-sample,true,0xF13000000604A27A,,server,,unchecked,unchecked,none,2.126476,-3.0730944,-3.0730944,0,Stand,9.707545,,,,0->0:Exact,none; server owns swing cadence
565,9.385642,0.016654,Tick,live-sample,true,0xF13000000604A27A,,server,,unchecked,unchecked,none,2.0920925,-3.0633535,-3.0633535,0,Stand,9.724199,,,,0->0:Exact,none; server owns swing cadence
566,9.402461,0.016819,Tick,live-sample,true,0xF13000000604A27A,,server,,unchecked,unchecked,none,2.0564249,-3.0525484,-3.0525484,0,Stand,9.741018,,,,0->0:Exact,none; server owns swing cadence
567,9.419056,0.016596,Tick,live-sample,true,0xF13000000604A27A,,server,,unchecked,unchecked,none,2.0200732,-3.0415075,-3.0415075,0,Stand,9.757614,,,,0->0:Exact,none; server owns swing cadence
568,9.435666,0.016609,Tick,live-sample,true,0xF13000000604A27A,,server,,unchecked,unchecked,none,1.9863673,-3.030705,-3.030705,0,Stand,9.774223,,,,0->0:Exact,none; server owns swing cadence
569,9.452376,0.016711,Tick,live-sample,true,0xF13000000604A27A,,server,,unchecked,unchecked,none,1.9505252,-3.0188644,-3.0188644,0,Stand,9.790934,,,,0->0:Exact,none; server owns swing cadence
570,9.468953,0.016576,Tick,live-sample,true,0xF13000000604A27A,,server,,unchecked,unchecked,none,1.9149629,-3.0065746,-3.0065746,0,Stand,9.80751,,,,0->0:Exact,none; server owns swing cadence
571,9.485756,0.016804,Tick,live-sample,true,0xF13000000604A27A,,server,,unchecked,unchecked,none,1.882047,-2.9945526,-2.9945526,0,Stand,9.824314,,,,0->0:Exact,none; server owns swing cadence
572,9.502327,0.016571,Tick,live-sample,true,0xF13000000604A27A,,server,,unchecked,unchecked,none,1.8480389,-2.9812343,-2.9812343,0,Stand,9.840885,,,,0->0:Exact,none; server owns swing cadence
573,9.519575,0.017248,Tick,live-sample,true,0xF13000000604A27A,,server,,unchecked,unchecked,none,1.8134164,-2.9675329,-2.9675329,0,Stand,9.858133,,,,0->0:Exact,none; server owns swing cadence
574,9.535849,0.016274,Tick,live-sample,true,0xF13000000604A27A,,server,,unchecked,unchecked,none,1.7814331,-2.9541173,-2.9541173,0,Stand,9.874407,,,,0->0:Exact,none; server owns swing cadence
575,9.552446,0.016597,Tick,live-sample,true,0xF13000000604A27A,,server,,unchecked,unchecked,none,1.7475141,-2.9393559,-2.9393559,0,Stand,9.891004,,,,0->0:Exact,none; server owns swing cadence
576,9.569031,0.016585,Tick,live-sample,true,0xF13000000604A27A,,server,,unchecked,unchecked,none,1.7139935,-2.9240224,-2.9240224,0,Stand,9.907588,,,,0->0:Exact,none; server owns swing cadence
577,9.585751,0.016719,Tick,live-sample,true,0xF13000000604A27A,,server,,unchecked,unchecked,none,1.6831096,-2.9090056,-2.9090056,0,Stand,9.924308,,,,0->0:Exact,none; server owns swing cadence
578,9.602538,0.016787,Tick,live-sample,true,0xF13000000604A27A,,server,,unchecked,unchecked,none,1.6513914,-2.8923783,-2.8923783,0,Stand,9.941095,,,,0->0:Exact,none; server owns swing cadence
579,9.619210,0.016672,Tick,live-sample,true,0xF13000000604A27A,,server,,unchecked,unchecked,none,1.61918,-2.8751867,-2.8751867,0,Stand,9.9577675,,,,0->0:Exact,none; server owns swing cadence
580,9.636591,0.017382,Tick,live-sample,true,0xF13000000604A27A,,server,,unchecked,unchecked,none,1.5874664,-2.8573024,-2.8573024,0,Stand,9.975149,,,,0->0:Exact,none; server owns swing cadence
581,9.652461,0.015870,Tick,live-sample,true,0xF13000000604A27A,,server,,unchecked,unchecked,none,1.5583858,-2.8397903,-2.8397903,0,Stand,9.991019,,,,0->0:Exact,none; server owns swing cadence
582,9.669094,0.016633,Tick,live-sample,true,0xF13000000604A27A,,server,,unchecked,unchecked,none,1.5277269,-2.820468,-2.820468,0,Stand,10.007652,,,,0->0:Exact,none; server owns swing cadence
583,9.685828,0.016734,Tick,live-sample,true,0xF13000000604A27A,,server,,unchecked,unchecked,none,1.4997003,-2.8015628,-2.8015628,0,Stand,10.024386,,,,0->0:Exact,none; server owns swing cadence
584,9.702654,0.016826,Tick,live-sample,true,0xF13000000604A27A,,server,,unchecked,unchecked,none,1.4712037,-2.7806876,-2.7806876,0,Stand,10.041212,,,,0->0:Exact,none; server owns swing cadence
585,9.719225,0.016571,Tick,live-sample,true,0xF13000000604A27A,,server,,unchecked,unchecked,none,1.4423966,-2.7589903,-2.7589903,0,Stand,10.057783,,,,0->0:Exact,none; server owns swing cadence
586,9.735878,0.016653,Tick,live-sample,true,0xF13000000604A27A,,server,,unchecked,unchecked,none,1.416216,-2.7377806,-2.7377806,0,Stand,10.074435,,,,0->0:Exact,none; server owns swing cadence
587,9.752534,0.016657,Tick,live-sample,true,0xF13000000604A27A,,server,,unchecked,unchecked,none,1.3888186,-2.7143772,-2.7143772,0,Stand,10.091092,,,,0->0:Exact,none; server owns swing cadence
588,9.769186,0.016651,Tick,live-sample,true,0xF13000000604A27A,,server,,unchecked,unchecked,none,1.3622124,-2.6900458,-2.6900458,0,Stand,10.107743,,,,0->0:Exact,none; server owns swing cadence
589,9.785854,0.016668,Tick,live-sample,true,0xF13000000604A27A,,server,,unchecked,unchecked,none,1.3382227,-2.6662886,-2.6662886,0,Stand,10.124412,,,,0->0:Exact,none; server owns swing cadence
590,9.802558,0.016704,Tick,live-sample,true,0xF13000000604A27A,,server,,unchecked,unchecked,none,1.31329,-2.6400795,-2.6400795,0,Stand,10.141115,,,,0->0:Exact,none; server owns swing cadence
591,9.819321,0.016764,Tick,live-sample,true,0xF13000000604A27A,,server,,unchecked,unchecked,none,1.2902584,-2.612994,-2.612994,0,Stand,10.157879,,,,0->0:Exact,none; server owns swing cadence
592,9.836365,0.017044,Tick,live-sample,true,0xF13000000604A27A,,server,,unchecked,unchecked,none,1.2672476,-2.5848036,-2.5848036,0,Stand,10.174923,,,,0->0:Exact,none; server owns swing cadence
593,9.852639,0.016274,Tick,live-sample,true,0xF13000000604A27A,,server,,unchecked,unchecked,none,1.246823,-2.5573916,-2.5573916,0,Stand,10.191196,,,,0->0:Exact,none; server owns swing cadence
594,9.869332,0.016693,Tick,live-sample,true,0xF13000000604A27A,,server,,unchecked,unchecked,none,1.2258841,-2.5272405,-2.5272405,0,Stand,10.20789,,,,0->0:Exact,none; server owns swing cadence
595,9.886165,0.016833,Tick,live-sample,true,0xF13000000604A27A,,server,,unchecked,unchecked,none,1.208146,-2.4959836,-2.4959836,0,Stand,10.224723,,,,0->0:Exact,none; server owns swing cadence
596,9.902544,0.016379,Tick,live-sample,true,0xF13000000604A27A,,server,,unchecked,unchecked,none,1.1930015,-2.4656816,-2.4656816,0,Stand,10.241102,,,,0->0:Exact,none; server owns swing cadence
597,9.919444,0.016900,Tick,live-sample,true,0xF13000000604A27A,,server,,unchecked,unchecked,none,1.1777333,-2.4325585,-2.4325585,0,Stand,10.258002,,,,0->0:Exact,none; server owns swing cadence
598,9.935956,0.016511,Tick,live-sample,true,0xF13000000604A27A,,server,,unchecked,unchecked,none,1.1637902,-2.398604,-2.398604,0,Stand,10.274513,,,,0->0:Exact,none; server owns swing cadence
599,9.952652,0.016697,Tick,live-sample,true,0xF13000000604A27A,,server,,unchecked,unchecked,none,1.1513933,-2.3657339,-2.3657339,0,Stand,10.29121,,,,0->0:Exact,none; server owns swing cadence
600,9.969388,0.016736,Tick,live-sample,true,0xF13000000604A27A,,server,,unchecked,unchecked,none,1.140166,-2.3302963,-2.3302963,0,Stand,10.307946,,,,0->0:Exact,none; server owns swing cadence
601,9.986046,0.016658,Tick,live-sample,true,0xF13000000604A27A,,server,,unchecked,unchecked,none,1.1312798,-2.2945716,-2.2945716,0,Stand,10.324604,,,,0->0:Exact,none; server owns swing cadence
602,10.002817,0.016771,Tick,live-sample,true,0xF13000000604A27A,,server,,unchecked,unchecked,none,1.1229378,-2.259846,-2.259846,0,Stand,10.341375,,,,0->0:Exact,none; server owns swing cadence
603,10.019466,0.016649,Tick,live-sample,true,0xF13000000604A27A,,server,,unchecked,unchecked,none,1.1161003,-2.2227151,-2.2227151,0,Stand,10.358025,,,,0->0:Exact,none; server owns swing cadence
604,10.019466,0.000000,AttackStopSend,network-session-send,true,0x0000000000000000,CMSG_ATTACKSTOP,server,,unchecked,unchecked,none,-1,,,0,Stand,10.358025,,,,0->0:Exact,CMSG_ATTACKSTOP
605,10.019466,0.000000,IntentOff,user-cancel,true,0xF13000000604A27A,,server,,unchecked,unchecked,none,1.1161003,-2.2227151,-2.2227151,0,Stand,10.358025,,,,0->0:Exact,local attack latch edge
