row,t,dt,event,cause,intentOn,targetGuid,opcode,swingTimerOwner,weaponSpeedMs,rangeEligibility,arcEligibility,clientAction,distance,bearingDelta,clipId,clipName,clipTime,clipB,clipBTime,blendWeight,animChoice,detail
0,0.000000,0.000000,TraceStart,operator,false,0x0000000000000000,,server,,unchecked,unchecked,none,-1,,26,Ready1H,10.808402,,,,26->26:Exact,server-authoritative swing timing; client range/arc gates absent
1,0.016677,0.016677,Tick,live-sample,false,0x0000000000000000,,server,,unchecked,unchecked,none,-1,,26,Ready1H,10.825079,,,,26->26:Exact,none; server owns swing cadence
2,0.016677,0.000000,TargetSwitch,selection-change,false,0xF13000007900B1EF,,server,,unchecked,unchecked,none,82.62243,-2.7039673,26,Ready1H,10.825079,,,,26->26:Exact,from=0xF13000007900B1F1 to=0xF13000007900B1EF
3,0.016677,0.000000,AttackStopSend,network-session-send,false,0x0000000000000000,CMSG_ATTACKSTOP,server,,unchecked,unchecked,none,-1,,26,Ready1H,10.825079,,,,26->26:Exact,CMSG_ATTACKSTOP
4,0.016677,0.000000,IntentOff,target-switch,false,0x0000000000000000,,server,,unchecked,unchecked,none,-1,,26,Ready1H,10.825079,,,,26->26:Exact,local attack latch edge
5,0.016677,0.000000,AttackSwingSend,network-session-send,false,0xF13000007900B1EF,CMSG_ATTACKSWING,server,,unchecked,unchecked,none,82.62243,-2.7039673,26,Ready1H,10.825079,,,,26->26:Exact,CMSG_ATTACKSWING
6,0.016677,0.000000,IntentOn,target-switch,true,0xF13000007900B1EF,,server,,unchecked,unchecked,none,82.62243,-2.7039673,26,Ready1H,10.825079,,,,26->26:Exact,local attack latch edge
7,0.036797,0.020120,Tick,live-sample,true,0xF13000007900B1EF,,server,,unchecked,unchecked,none,82.63822,-2.703398,26,Ready1H,10.845199,,,,26->26:Exact,none; server owns swing cadence
8,0.036797,0.000000,AttackStopReceive,server,true,0xF13000007900B1F1,SMSG_ATTACKSTOP,server,,unchecked,unchecked,none,73.100716,-2.8149445,26,Ready1H,10.845199,,,,26->26:Exact,attacker=0x0000000000000001 victimDied=False
9,0.036797,0.000000,AttackStartReceive,server,true,0xF13000007900B1EF,SMSG_ATTACKSTART,server,,unchecked,unchecked,none,82.63822,-2.703398,26,Ready1H,10.845199,,,,26->26:Exact,attacker=0x0000000000000001
10,0.050267,0.013470,Tick,live-sample,true,0xF13000007900B1EF,,server,,unchecked,unchecked,none,82.64936,-2.7030003,26,Ready1H,10.858668,,,,26->26:Exact,none; server owns swing cadence
11,0.066665,0.016398,Tick,live-sample,true,0xF13000007900B1EF,,server,,unchecked,unchecked,none,82.661514,-2.7025418,26,Ready1H,10.875067,,,,26->26:Exact,none; server owns swing cadence
12,0.084031,0.017367,Tick,live-sample,true,0xF13000007900B1EF,,server,,unchecked,unchecked,none,82.67503,-2.7020586,26,Ready1H,10.892433,,,,26->26:Exact,none; server owns swing cadence
13,0.100293,0.016261,Tick,live-sample,true,0xF13000007900B1EF,,server,,unchecked,unchecked,none,82.68775,-2.701569,26,Ready1H,10.908694,,,,26->26:Exact,none; server owns swing cadence
14,0.116900,0.016608,Tick,live-sample,true,0xF13000007900B1EF,,server,,unchecked,unchecked,none,82.700775,-2.7011175,26,Ready1H,10.925302,,,,26->26:Exact,none; server owns swing cadence
15,0.133395,0.016494,Tick,live-sample,true,0xF13000007900B1EF,,server,,unchecked,unchecked,none,82.71354,-2.7006283,26,Ready1H,10.941795,,,,26->26:Exact,none; server owns swing cadence
16,0.150057,0.016663,Tick,live-sample,true,0xF13000007900B1EF,,server,,unchecked,unchecked,none,82.72659,-2.700177,26,Ready1H,10.958458,,,,26->26:Exact,none; server owns swing cadence
17,0.166866,0.016809,Tick,live-sample,true,0xF13000007900B1EF,,server,,unchecked,unchecked,none,82.73939,-2.699688,26,Ready1H,10.975266,,,,26->26:Exact,none; server owns swing cadence
18,0.183664,0.016798,Tick,live-sample,true,0xF13000007900B1EF,,server,,unchecked,unchecked,none,82.75302,-2.6992059,26,Ready1H,10.992064,,,,26->26:Exact,none; server owns swing cadence
19,0.200107,0.016442,Tick,live-sample,true,0xF13000007900B1EF,,server,,unchecked,unchecked,none,82.76667,-2.6987238,26,Ready1H,11.008507,,,,26->26:Exact,none; server owns swing cadence
20,0.216877,0.016770,Tick,live-sample,true,0xF13000007900B1EF,,server,,unchecked,unchecked,none,82.778984,-2.6982665,26,Ready1H,11.025277,,,,26->26:Exact,none; server owns swing cadence
21,0.233472,0.016595,Tick,live-sample,true,0xF13000007900B1EF,,server,,unchecked,unchecked,none,82.79267,-2.697785,26,Ready1H,11.041873,,,,26->26:Exact,none; server owns swing cadence
22,0.250209,0.016737,Tick,live-sample,true,0xF13000007900B1EF,,server,,unchecked,unchecked,none,82.805565,-2.6972966,26,Ready1H,11.05861,,,,26->26:Exact,none; server owns swing cadence
23,0.266993,0.016783,Tick,live-sample,true,0xF13000007900B1EF,,server,,unchecked,unchecked,none,82.81881,-2.696845,26,Ready1H,11.075394,,,,26->26:Exact,none; server owns swing cadence
24,0.284437,0.017445,Tick,live-sample,true,0xF13000007900B1EF,,server,,unchecked,unchecked,none,82.83303,-2.6963341,26,Ready1H,11.092838,,,,26->26:Exact,none; server owns swing cadence
25,0.300246,0.015809,Tick,live-sample,true,0xF13000007900B1EF,,server,,unchecked,unchecked,none,82.84544,-2.6958776,26,Ready1H,11.108647,,,,26->26:Exact,none; server owns swing cadence
26,0.316940,0.016694,Tick,live-sample,true,0xF13000007900B1EF,,server,,unchecked,unchecked,none,82.85793,-2.6954198,26,Ready1H,11.125341,,,,26->26:Exact,none; server owns swing cadence
27,0.333689,0.016749,Tick,live-sample,true,0xF13000007900B1EF,,server,,unchecked,unchecked,none,82.87173,-2.694939,26,Ready1H,11.142091,,,,26->26:Exact,none; server owns swing cadence
28,0.350292,0.016603,Tick,live-sample,true,0xF13000007900B1EF,,server,,unchecked,unchecked,none,82.88555,-2.6944585,26,Ready1H,11.158694,,,,26->26:Exact,none; server owns swing cadence
29,0.367036,0.016744,Tick,live-sample,true,0xF13000007900B1EF,,server,,unchecked,unchecked,none,82.898026,-2.6940024,26,Ready1H,11.175438,,,,26->26:Exact,none; server owns swing cadence
30,0.384120,0.017084,Tick,live-sample,true,0xF13000007900B1EF,,server,,unchecked,unchecked,none,82.91237,-2.6934922,26,Ready1H,11.192522,,,,26->26:Exact,none; server owns swing cadence
31,0.400125,0.016005,Tick,live-sample,true,0xF13000007900B1EF,,server,,unchecked,unchecked,none,82.92495,-2.6930351,26,Ready1H,11.208528,,,,26->26:Exact,none; server owns swing cadence
32,0.417056,0.016931,Tick,live-sample,true,0xF13000007900B1EF,,server,,unchecked,unchecked,none,82.938286,-2.6925862,26,Ready1H,11.225458,,,,26->26:Exact,none; server owns swing cadence
33,0.433868,0.016812,Tick,live-sample,true,0xF13000007900B1EF,,server,,unchecked,unchecked,none,82.95139,-2.6920998,26,Ready1H,11.2422695,,,,26->26:Exact,none; server owns swing cadence
34,0.450273,0.016406,Tick,live-sample,true,0xF13000007900B1EF,,server,,unchecked,unchecked,none,82.965324,-2.69162,26,Ready1H,11.258675,,,,26->26:Exact,none; server owns swing cadence
35,0.467112,0.016838,Tick,live-sample,true,0xF13000007900B1EF,,server,,unchecked,unchecked,none,82.97928,-2.6911407,26,Ready1H,11.275513,,,,26->26:Exact,none; server owns swing cadence
36,0.483858,0.016746,Tick,live-sample,true,0xF13000007900B1EF,,server,,unchecked,unchecked,none,82.991875,-2.6906855,26,Ready1H,11.292259,,,,26->26:Exact,none; server owns swing cadence
37,0.500454,0.016596,Tick,live-sample,true,0xF13000007900B1EF,,server,,unchecked,unchecked,none,83.00587,-2.6902063,26,Ready1H,11.308855,,,,26->26:Exact,none; server owns swing cadence
38,0.517176,0.016722,Tick,live-sample,true,0xF13000007900B1EF,,server,,unchecked,unchecked,none,83.019066,-2.6897206,26,Ready1H,11.325577,,,,26->26:Exact,none; server owns swing cadence
39,0.533714,0.016538,Tick,live-sample,true,0xF13000007900B1EF,,server,,unchecked,unchecked,none,83.032524,-2.6892726,26,Ready1H,11.342114,,,,26->26:Exact,none; server owns swing cadence
40,0.550341,0.016627,Tick,live-sample,true,0xF13000007900B1EF,,server,,unchecked,unchecked,none,83.04577,-2.6887875,26,Ready1H,11.358742,,,,26->26:Exact,none; server owns swing cadence
41,0.567337,0.016997,Tick,live-sample,true,0xF13000007900B1EF,,server,,unchecked,unchecked,none,83.05983,-2.6883087,26,Ready1H,11.375738,,,,26->26:Exact,none; server owns swing cadence
42,0.584504,0.017166,Tick,live-sample,true,0xF13000007900B1EF,,server,,unchecked,unchecked,none,83.07391,-2.6878304,26,Ready1H,11.392904,,,,26->26:Exact,none; server owns swing cadence
43,0.600451,0.015947,Tick,live-sample,true,0xF13000007900B1EF,,server,,unchecked,unchecked,none,83.08664,-2.6873763,26,Ready1H,11.408852,,,,26->26:Exact,none; server owns swing cadence
44,0.617388,0.016937,Tick,live-sample,true,0xF13000007900B1EF,,server,,unchecked,unchecked,none,83.10076,-2.6868982,26,Ready1H,11.425789,,,,26->26:Exact,none; server owns swing cadence
45,0.633745,0.016357,Tick,live-sample,true,0xF13000007900B1EF,,server,,unchecked,unchecked,none,83.111565,-2.6864374,26,Ready1H,11.442146,,,,26->26:Exact,none; server owns swing cadence
46,0.650452,0.016706,Tick,live-sample,true,0xF13000007900B1EF,,server,,unchecked,unchecked,none,83.12139,-2.6859524,26,Ready1H,11.458853,,,,26->26:Exact,none; server owns swing cadence
47,0.667538,0.017086,Tick,live-sample,true,0xF13000007900B1EF,,server,,unchecked,unchecked,none,83.13051,-2.6854596,26,Ready1H,11.475939,,,,26->26:Exact,none; server owns swing cadence
48,0.683947,0.016409,Tick,live-sample,true,0xF13000007900B1EF,,server,,unchecked,unchecked,none,83.13907,-2.684998,26,Ready1H,11.492348,,,,26->26:Exact,none; server owns swing cadence
49,0.700698,0.016751,Tick,live-sample,true,0xF13000007900B1EF,,server,,unchecked,unchecked,none,83.14822,-2.6845055,26,Ready1H,11.509099,,,,26->26:Exact,none; server owns swing cadence
50,0.717449,0.016752,Tick,live-sample,true,0xF13000007900B1EF,,server,,unchecked,unchecked,none,83.157326,-2.6840143,26,Ready1H,11.525851,,,,26->26:Exact,none; server owns swing cadence
51,0.734142,0.016693,Tick,live-sample,true,0xF13000007900B1EF,,server,,unchecked,unchecked,none,83.16645,-2.6835232,26,Ready1H,11.542544,,,,26->26:Exact,none; server owns swing cadence
52,0.750723,0.016580,Tick,live-sample,true,0xF13000007900B1EF,,server,,unchecked,unchecked,none,83.17515,-2.6830606,26,Ready1H,11.559125,,,,26->26:Exact,none; server owns swing cadence
53,0.767356,0.016633,Tick,live-sample,true,0xF13000007900B1EF,,server,,unchecked,unchecked,none,83.18431,-2.6825697,26,Ready1H,11.575758,,,,26->26:Exact,none; server owns swing cadence
54,0.785677,0.018321,Tick,live-sample,true,0xF13000007900B1EF,,server,,unchecked,unchecked,none,83.194016,-2.6820493,26,Ready1H,11.594079,,,,26->26:Exact,none; server owns swing cadence
55,0.800628,0.014951,Tick,live-sample,true,0xF13000007900B1EF,,server,,unchecked,unchecked,none,83.202255,-2.6816168,26,Ready1H,11.609031,,,,26->26:Exact,none; server owns swing cadence
56,0.817385,0.016756,Tick,live-sample,true,0xF13000007900B1EF,,server,,unchecked,unchecked,none,83.21148,-2.681126,26,Ready1H,11.625787,,,,26->26:Exact,none; server owns swing cadence
57,0.834019,0.016634,Tick,live-sample,true,0xF13000007900B1EF,,server,,unchecked,unchecked,none,83.22027,-2.680664,26,Ready1H,11.642421,,,,26->26:Exact,none; server owns swing cadence
58,0.834019,0.000000,SwingReceive,server-swing,true,0x0000000000000105,SMSG_ATTACKERSTATEUPDATE,server,,unchecked,unchecked,none,63.251873,-5.4481764,26,Ready1H,11.642421,,,,26->26:Exact,attacker=0xF13000007A00E7F9 damage=0 hitInfo=0x00000020
59,0.850609,0.016590,Tick,live-sample,true,0xF13000007900B1EF,,server,,unchecked,unchecked,none,83.22953,-2.6801739,26,Ready1H,11.659011,,,,26->26:Exact,none; server owns swing cadence
60,0.867659,0.017050,Tick,live-sample,true,0xF13000007900B1EF,,server,,unchecked,unchecked,none,83.238884,-2.6796825,26,Ready1H,11.676061,,,,26->26:Exact,none; server owns swing cadence
61,0.885119,0.017460,Tick,live-sample,true,0xF13000007900B1EF,,server,,unchecked,unchecked,none,83.249504,-2.6791694,26,Ready1H,11.693521,,,,26->26:Exact,none; server owns swing cadence
62,0.900851,0.015732,Tick,live-sample,true,0xF13000007900B1EF,,server,,unchecked,unchecked,none,83.25785,-2.6787374,26,Ready1H,11.709252,,,,26->26:Exact,none; server owns swing cadence
63,0.917600,0.016749,Tick,live-sample,true,0xF13000007900B1EF,,server,,unchecked,unchecked,none,83.26719,-2.6782475,26,Ready1H,11.726002,,,,26->26:Exact,none; server owns swing cadence
64,0.934160,0.016560,Tick,live-sample,true,0xF13000007900B1EF,,server,,unchecked,unchecked,none,83.27655,-2.6777577,26,Ready1H,11.742561,,,,26->26:Exact,none; server owns swing cadence
65,0.950818,0.016658,Tick,live-sample,true,0xF13000007900B1EF,,server,,unchecked,unchecked,none,83.28548,-2.6772964,26,Ready1H,11.759219,,,,26->26:Exact,none; server owns swing cadence
66,0.967735,0.016916,Tick,live-sample,true,0xF13000007900B1EF,,server,,unchecked,unchecked,none,83.294876,-2.676807,26,Ready1H,11.776135,,,,26->26:Exact,none; server owns swing cadence
67,0.984231,0.016497,Tick,live-sample,true,0xF13000007900B1EF,,server,,unchecked,unchecked,none,83.30429,-2.6763175,26,Ready1H,11.792632,,,,26->26:Exact,none; server owns swing cadence
68,1.000825,0.016594,Tick,live-sample,true,0xF13000007900B1EF,,server,,unchecked,unchecked,none,83.31327,-2.6758564,26,Ready1H,11.809226,,,,26->26:Exact,none; server owns swing cadence
69,1.017359,0.016534,Tick,live-sample,true,0xF13000007900B1EF,,server,,unchecked,unchecked,none,83.32272,-2.675367,26,Ready1H,11.82576,,,,26->26:Exact,none; server owns swing cadence
70,1.033963,0.016604,Tick,live-sample,true,0xF13000007900B1EF,,server,,unchecked,unchecked,none,83.33174,-2.6749063,26,Ready1H,11.842363,,,,26->26:Exact,none; server owns swing cadence
71,1.050733,0.016771,Tick,live-sample,true,0xF13000007900B1EF,,server,,unchecked,unchecked,none,83.34124,-2.6744173,26,Ready1H,11.859134,,,,26->26:Exact,none; server owns swing cadence
72,1.067682,0.016949,Tick,live-sample,true,0xF13000007900B1EF,,server,,unchecked,unchecked,none,83.35075,-2.6739283,26,Ready1H,11.876082,,,,26->26:Exact,none; server owns swing cadence
73,1.085362,0.017680,Tick,live-sample,true,0xF13000007900B1EF,,server,,unchecked,unchecked,none,83.36089,-2.673409,26,Ready1H,11.893762,,,,26->26:Exact,none; server owns swing cadence
74,1.100978,0.015617,Tick,live-sample,true,0xF13000007900B1EF,,server,,unchecked,unchecked,none,83.36938,-2.672979,26,Ready1H,11.909378,,,,26->26:Exact,none; server owns swing cadence
75,1.117880,0.016901,Tick,live-sample,true,0xF13000007900B1EF,,server,,unchecked,unchecked,none,83.37902,-2.6724894,26,Ready1H,11.926279,,,,26->26:Exact,none; server owns swing cadence
76,1.134233,0.016353,Tick,live-sample,true,0xF13000007900B1EF,,server,,unchecked,unchecked,none,83.38862,-2.672001,26,Ready1H,11.942633,,,,26->26:Exact,none; server owns swing cadence
77,1.134233,0.000000,SwingReceive,server-swing,true,0x0000000000000105,SMSG_ATTACKERSTATEUPDATE,server,,unchecked,unchecked,none,63.251873,-5.4481764,26,Ready1H,11.942633,,,,26->26:Exact,attacker=0xF13000007A00E7F9 damage=0 hitInfo=0x00000014
78,1.150984,0.016751,Tick,live-sample,true,0xF13000007900B1EF,,server,,unchecked,unchecked,none,83.39776,-2.6715407,26,Ready1H,11.959384,,,,26->26:Exact,none; server owns swing cadence
79,1.167655,0.016671,Tick,live-sample,true,0xF13000007900B1EF,,server,,unchecked,unchecked,none,83.408195,-2.6710594,26,Ready1H,11.976055,,,,26->26:Exact,none; server owns swing cadence
80,1.184972,0.017317,Tick,live-sample,true,0xF13000007900B1EF,,server,,unchecked,unchecked,none,83.41184,-2.6708555,26,Ready1H,11.993372,,,,26->26:Exact,none; server owns swing cadence
81,1.200973,0.016001,Tick,live-sample,true,0xF13000007900B1EF,,server,,unchecked,unchecked,none,83.41184,-2.6708555,26,Ready1H,12.009373,,,,26->26:Exact,none; server owns swing cadence
82,1.217737,0.016764,Tick,live-sample,true,0xF13000007900B1EF,,server,,unchecked,unchecked,none,83.41184,-2.6708555,26,Ready1H,12.026136,,,,26->26:Exact,none; server owns swing cadence
83,1.234286,0.016549,Tick,live-sample,true,0xF13000007900B1EF,,server,,unchecked,unchecked,none,83.41184,-2.6708555,26,Ready1H,12.0426855,,,,26->26:Exact,none; server owns swing cadence
84,1.251096,0.016810,Tick,live-sample,true,0xF13000007900B1EF,,server,,unchecked,unchecked,none,83.41184,-2.6708555,26,Ready1H,12.059495,,,,26->26:Exact,none; server owns swing cadence
85,1.267808,0.016712,Tick,live-sample,true,0xF13000007900B1EF,,server,,unchecked,unchecked,none,83.41184,-2.6708555,26,Ready1H,12.076206,,,,26->26:Exact,none; server owns swing cadence
86,1.284609,0.016802,Tick,live-sample,true,0xF13000007900B1EF,,server,,unchecked,unchecked,none,83.41184,-2.6708555,26,Ready1H,12.093008,,,,26->26:Exact,none; server owns swing cadence
87,1.301032,0.016423,Tick,live-sample,true,0xF13000007900B1EF,,server,,unchecked,unchecked,none,83.41184,-2.6708555,26,Ready1H,12.10943,,,,26->26:Exact,none; server owns swing cadence
88,1.317647,0.016615,Tick,live-sample,true,0xF13000007900B1EF,,server,,unchecked,unchecked,none,83.41184,-2.6708555,26,Ready1H,12.126046,,,,26->26:Exact,none; server owns swing cadence
89,1.334624,0.016977,Tick,live-sample,true,0xF13000007900B1EF,,server,,unchecked,unchecked,none,83.41184,-2.6708555,26,Ready1H,12.143023,,,,26->26:Exact,none; server owns swing cadence
90,1.351131,0.016507,Tick,live-sample,true,0xF13000007900B1EF,,server,,unchecked,unchecked,none,83.41184,-2.6708555,26,Ready1H,12.15953,,,,26->26:Exact,none; server owns swing cadence
91,1.367977,0.016846,Tick,live-sample,true,0xF13000007900B1EF,,server,,unchecked,unchecked,none,83.41184,-2.6708555,26,Ready1H,12.176375,,,,26->26:Exact,none; server owns swing cadence
92,1.385301,0.017325,Tick,live-sample,true,0xF13000007900B1EF,,server,,unchecked,unchecked,none,83.41184,-2.6708555,26,Ready1H,12.1937,,,,26->26:Exact,none; server owns swing cadence
93,1.401182,0.015881,Tick,live-sample,true,0xF13000007900B1EF,,server,,unchecked,unchecked,none,83.41184,-2.6708555,26,Ready1H,12.20958,,,,26->26:Exact,none; server owns swing cadence
94,1.417804,0.016622,Tick,live-sample,true,0xF13000007900B1EF,,server,,unchecked,unchecked,none,83.41184,-2.6708555,26,Ready1H,12.226203,,,,26->26:Exact,none; server owns swing cadence
95,1.434620,0.016816,Tick,live-sample,true,0xF13000007900B1EF,,server,,unchecked,unchecked,none,83.41184,-2.6708555,26,Ready1H,12.243019,,,,26->26:Exact,none; server owns swing cadence
96,1.451251,0.016631,Tick,live-sample,true,0xF13000007900B1EF,,server,,unchecked,unchecked,none,83.41184,-2.6708555,26,Ready1H,12.25965,,,,26->26:Exact,none; server owns swing cadence
97,1.467764,0.016513,Tick,live-sample,true,0xF13000007900B1EF,,server,,unchecked,unchecked,none,83.41184,-2.6708555,26,Ready1H,12.276163,,,,26->26:Exact,none; server owns swing cadence
98,1.467764,0.000000,CombatReceive,server,true,0x0000000000000000,SMSG_PERIODICAURALOG,server,,unchecked,unchecked,none,-1,,26,Ready1H,12.276163,,,,26->26:Exact,CombatPeriodicAura
99,1.485088,0.017324,Tick,live-sample,true,0xF13000007900B1EF,,server,,unchecked,unchecked,none,83.41184,-2.6708555,26,Ready1H,12.293488,,,,26->26:Exact,none; server owns swing cadence
100,1.501280,0.016192,Tick,live-sample,true,0xF13000007900B1EF,,server,,unchecked,unchecked,none,83.41184,-2.6708555,26,Ready1H,12.30968,,,,26->26:Exact,none; server owns swing cadence
101,1.517985,0.016705,Tick,live-sample,true,0xF13000007900B1EF,,server,,unchecked,unchecked,none,83.41184,-2.6708555,26,Ready1H,12.326385,,,,26->26:Exact,none; server owns swing cadence
102,1.534664,0.016679,Tick,live-sample,true,0xF13000007900B1EF,,server,,unchecked,unchecked,none,83.41184,-2.6708555,26,Ready1H,12.343063,,,,26->26:Exact,none; server owns swing cadence
103,1.551246,0.016581,Tick,live-sample,true,0xF13000007900B1EF,,server,,unchecked,unchecked,none,83.41184,-2.6708555,26,Ready1H,12.359645,,,,26->26:Exact,none; server owns swing cadence
104,1.568197,0.016951,Tick,live-sample,true,0xF13000007900B1EF,,server,,unchecked,unchecked,none,83.41184,-2.6708555,26,Ready1H,12.376596,,,,26->26:Exact,none; server owns swing cadence
105,1.584699,0.016502,Tick,live-sample,true,0xF13000007900B1EF,,server,,unchecked,unchecked,none,83.41184,-2.6708555,26,Ready1H,12.393099,,,,26->26:Exact,none; server owns swing cadence
106,1.601192,0.016493,Tick,live-sample,true,0xF13000007900B1EF,,server,,unchecked,unchecked,none,83.41184,-2.6708555,26,Ready1H,12.409592,,,,26->26:Exact,none; server owns swing cadence
107,1.617977,0.016785,Tick,live-sample,true,0xF13000007900B1EF,,server,,unchecked,unchecked,none,83.41184,-2.6708555,26,Ready1H,12.426376,,,,26->26:Exact,none; server owns swing cadence
108,1.634707,0.016731,Tick,live-sample,true,0xF13000007900B1EF,,server,,unchecked,unchecked,none,83.41184,-2.6708555,26,Ready1H,12.443107,,,,26->26:Exact,none; server owns swing cadence
109,1.651460,0.016752,Tick,live-sample,true,0xF13000007900B1EF,,server,,unchecked,unchecked,none,83.41184,-2.6708555,26,Ready1H,12.459859,,,,26->26:Exact,none; server owns swing cadence
110,1.668054,0.016595,Tick,live-sample,true,0xF13000007900B1EF,,server,,unchecked,unchecked,none,83.41184,-2.6708555,26,Ready1H,12.476454,,,,26->26:Exact,none; server owns swing cadence
111,1.685742,0.017688,Tick,live-sample,true,0xF13000007900B1EF,,server,,unchecked,unchecked,none,83.41184,-2.6708555,26,Ready1H,12.494142,,,,26->26:Exact,none; server owns swing cadence
112,1.701326,0.015584,Tick,live-sample,true,0xF13000007900B1EF,,server,,unchecked,unchecked,none,83.41184,-2.6708555,26,Ready1H,12.509726,,,,26->26:Exact,none; server owns swing cadence
113,1.718086,0.016760,Tick,live-sample,true,0xF13000007900B1EF,,server,,unchecked,unchecked,none,83.41184,-2.6708555,26,Ready1H,12.526486,,,,26->26:Exact,none; server owns swing cadence
114,1.734867,0.016780,Tick,live-sample,true,0xF13000007900B1EF,,server,,unchecked,unchecked,none,83.41184,-2.6708555,26,Ready1H,12.543267,,,,26->26:Exact,none; server owns swing cadence
115,1.751565,0.016698,Tick,live-sample,true,0xF13000007900B1EF,,server,,unchecked,unchecked,none,83.41184,-2.6708555,26,Ready1H,12.559965,,,,26->26:Exact,none; server owns swing cadence
116,1.768244,0.016678,Tick,live-sample,true,0xF13000007900B1EF,,server,,unchecked,unchecked,none,83.41184,-2.6708555,26,Ready1H,12.576644,,,,26->26:Exact,none; server owns swing cadence
117,1.784792,0.016548,Tick,live-sample,true,0xF13000007900B1EF,,server,,unchecked,unchecked,none,83.41184,-2.6708555,26,Ready1H,12.593192,,,,26->26:Exact,none; server owns swing cadence
118,1.801608,0.016816,Tick,live-sample,true,0xF13000007900B1EF,,server,,unchecked,unchecked,none,83.41184,-2.6708555,26,Ready1H,12.610008,,,,26->26:Exact,none; server owns swing cadence
119,1.818273,0.016664,Tick,live-sample,true,0xF13000007900B1EF,,server,,unchecked,unchecked,none,83.41184,-2.6708555,26,Ready1H,12.626673,,,,26->26:Exact,none; server owns swing cadence
120,1.834930,0.016657,Tick,live-sample,true,0xF13000007900B1EF,,server,,unchecked,unchecked,none,83.41184,-2.6708555,26,Ready1H,12.643331,,,,26->26:Exact,none; server owns swing cadence
121,1.851718,0.016788,Tick,live-sample,true,0xF13000007900B1EF,,server,,unchecked,unchecked,none,83.41184,-2.6708555,26,Ready1H,12.660119,,,,26->26:Exact,none; server owns swing cadence
122,1.851718,0.000000,CombatReceive,server,true,0x0000000000000000,SMSG_SPELLNONMELEEDAMAGELOG,server,,unchecked,unchecked,none,-1,,26,Ready1H,12.660119,,,,26->26:Exact,CombatSpellDamage
123,1.868247,0.016529,Tick,live-sample,true,0xF13000007900B1EF,,server,,unchecked,unchecked,none,83.41184,-2.6708555,26,Ready1H,12.676648,,,,26->26:Exact,none; server owns swing cadence
124,1.886531,0.018284,Tick,live-sample,true,0xF13000007900B1EF,,server,,unchecked,unchecked,none,83.41184,-2.6708555,26,Ready1H,12.694932,,,,26->26:Exact,none; server owns swing cadence
125,1.901672,0.015141,Tick,live-sample,true,0xF13000007900B1EF,,server,,unchecked,unchecked,none,83.41184,-2.6708555,26,Ready1H,12.7100725,,,,26->26:Exact,none; server owns swing cadence
126,1.918196,0.016524,Tick,live-sample,true,0xF13000007900B1EF,,server,,unchecked,unchecked,none,83.41184,-2.6708555,26,Ready1H,12.726596,,,,26->26:Exact,none; server owns swing cadence
127,1.934885,0.016689,Tick,live-sample,true,0xF13000007900B1EF,,server,,unchecked,unchecked,none,83.41184,-2.6708555,26,Ready1H,12.743285,,,,26->26:Exact,none; server owns swing cadence
128,1.951558,0.016674,Tick,live-sample,true,0xF13000007900B1EF,,server,,unchecked,unchecked,none,83.41184,-2.6708555,26,Ready1H,12.759959,,,,26->26:Exact,none; server owns swing cadence
129,1.968223,0.016665,Tick,live-sample,true,0xF13000007900B1EF,,server,,unchecked,unchecked,none,83.41184,-2.6708555,26,Ready1H,12.776625,,,,26->26:Exact,none; server owns swing cadence
130,1.985631,0.017407,Tick,live-sample,true,0xF13000007900B1EF,,server,,unchecked,unchecked,none,83.41184,-2.6708555,26,Ready1H,12.794032,,,,26->26:Exact,none; server owns swing cadence
131,2.001588,0.015957,Tick,live-sample,true,0xF13000007900B1EF,,server,,unchecked,unchecked,none,83.41184,-2.6708555,26,Ready1H,12.809989,,,,26->26:Exact,none; server owns swing cadence
132,2.018336,0.016748,Tick,live-sample,true,0xF13000007900B1EF,,server,,unchecked,unchecked,none,83.41184,-2.6708555,26,Ready1H,12.826737,,,,26->26:Exact,none; server owns swing cadence
133,2.034794,0.016457,Tick,live-sample,true,0xF13000007900B1EF,,server,,unchecked,unchecked,none,83.41184,-2.6708555,26,Ready1H,12.843195,,,,26->26:Exact,none; server owns swing cadence
134,2.051610,0.016817,Tick,live-sample,true,0xF13000007900B1EF,,server,,unchecked,unchecked,none,83.41184,-2.6708555,26,Ready1H,12.860011,,,,26->26:Exact,none; server owns swing cadence
135,2.068576,0.016966,Tick,live-sample,true,0xF13000007900B1EF,,server,,unchecked,unchecked,none,83.41184,-2.6708555,26,Ready1H,12.876977,,,,26->26:Exact,none; server owns swing cadence
136,2.085029,0.016453,Tick,live-sample,true,0xF13000007900B1EF,,server,,unchecked,unchecked,none,83.41184,-2.6708555,26,Ready1H,12.89343,,,,26->26:Exact,none; server owns swing cadence
137,2.101662,0.016633,Tick,live-sample,true,0xF13000007900B1EF,,server,,unchecked,unchecked,none,83.41184,-2.6708555,26,Ready1H,12.910063,,,,26->26:Exact,none; server owns swing cadence
138,2.118347,0.016685,Tick,live-sample,true,0xF13000007900B1EF,,server,,unchecked,unchecked,none,83.41184,-2.6708555,26,Ready1H,12.926748,,,,26->26:Exact,none; server owns swing cadence
139,2.135099,0.016752,Tick,live-sample,true,0xF13000007900B1EF,,server,,unchecked,unchecked,none,83.41184,-2.6708555,26,Ready1H,12.9435,,,,26->26:Exact,none; server owns swing cadence
140,2.151883,0.016784,Tick,live-sample,true,0xF13000007900B1EF,,server,,unchecked,unchecked,none,83.41184,-2.6708555,26,Ready1H,12.960283,,,,26->26:Exact,none; server owns swing cadence
141,2.168707,0.016824,Tick,live-sample,true,0xF13000007900B1EF,,server,,unchecked,unchecked,none,83.41184,-2.6708555,26,Ready1H,12.977108,,,,26->26:Exact,none; server owns swing cadence
142,2.185995,0.017288,Tick,live-sample,true,0xF13000007900B1EF,,server,,unchecked,unchecked,none,83.41184,-2.6708555,26,Ready1H,12.994396,,,,26->26:Exact,none; server owns swing cadence
143,2.201689,0.015694,Tick,live-sample,true,0xF13000007900B1EF,,server,,unchecked,unchecked,none,83.41184,-2.6708555,26,Ready1H,13.01009,,,,26->26:Exact,none; server owns swing cadence
144,2.218499,0.016810,Tick,live-sample,true,0xF13000007900B1EF,,server,,unchecked,unchecked,none,83.41184,-2.6708555,26,Ready1H,13.0269,,,,26->26:Exact,none; server owns swing cadence
145,2.235220,0.016721,Tick,live-sample,true,0xF13000007900B1EF,,server,,unchecked,unchecked,none,83.41184,-2.6708555,26,Ready1H,13.043621,,,,26->26:Exact,none; server owns swing cadence
146,2.252188,0.016968,Tick,live-sample,true,0xF13000007900B1EF,,server,,unchecked,unchecked,none,83.41184,-2.6708555,26,Ready1H,13.060589,,,,26->26:Exact,none; server owns swing cadence
147,2.268708,0.016520,Tick,live-sample,true,0xF13000007900B1EF,,server,,unchecked,unchecked,none,83.41184,-2.6708555,26,Ready1H,13.077109,,,,26->26:Exact,none; server owns swing cadence
148,2.286141,0.017432,Tick,live-sample,true,0xF13000007900B1EF,,server,,unchecked,unchecked,none,83.41184,-2.6708555,26,Ready1H,13.094542,,,,26->26:Exact,none; server owns swing cadence
149,2.301928,0.015787,Tick,live-sample,true,0xF13000007900B1EF,,server,,unchecked,unchecked,none,83.41184,-2.6708555,26,Ready1H,13.110329,,,,26->26:Exact,none; server owns swing cadence
150,2.318551,0.016623,Tick,live-sample,true,0xF13000007900B1EF,,server,,unchecked,unchecked,none,83.41184,-2.6708555,26,Ready1H,13.126952,,,,26->26:Exact,none; server owns swing cadence
151,2.335078,0.016527,Tick,live-sample,true,0xF13000007900B1EF,,server,,unchecked,unchecked,none,83.41184,-2.6708555,26,Ready1H,13.143479,,,,26->26:Exact,none; server owns swing cadence
152,2.351799,0.016721,Tick,live-sample,true,0xF13000007900B1EF,,server,,unchecked,unchecked,none,83.41184,-2.6708555,26,Ready1H,13.1602,,,,26->26:Exact,none; server owns swing cadence
153,2.368809,0.017010,Tick,live-sample,true,0xF13000007900B1EF,,server,,unchecked,unchecked,none,83.41184,-2.6708555,26,Ready1H,13.17721,,,,26->26:Exact,none; server owns swing cadence
154,2.385241,0.016433,Tick,live-sample,true,0xF13000007900B1EF,,server,,unchecked,unchecked,none,83.41184,-2.6708555,26,Ready1H,13.193643,,,,26->26:Exact,none; server owns swing cadence
155,2.401857,0.016616,Tick,live-sample,true,0xF13000007900B1EF,,server,,unchecked,unchecked,none,83.41184,-2.6708555,26,Ready1H,13.2102585,,,,26->26:Exact,none; server owns swing cadence
156,2.418603,0.016746,Tick,live-sample,true,0xF13000007900B1EF,,server,,unchecked,unchecked,none,83.41184,-2.6708555,26,Ready1H,13.227005,,,,26->26:Exact,none; server owns swing cadence
157,2.435419,0.016816,Tick,live-sample,true,0xF13000007900B1EF,,server,,unchecked,unchecked,none,83.41184,-2.6708555,26,Ready1H,13.24382,,,,26->26:Exact,none; server owns swing cadence
158,2.452114,0.016695,Tick,live-sample,true,0xF13000007900B1EF,,server,,unchecked,unchecked,none,83.41184,-2.6708555,26,Ready1H,13.260515,,,,26->26:Exact,none; server owns swing cadence
159,2.468567,0.016453,Tick,live-sample,true,0xF13000007900B1EF,,server,,unchecked,unchecked,none,83.41184,-2.6708555,26,Ready1H,13.276968,,,,26->26:Exact,none; server owns swing cadence
160,2.486717,0.018150,Tick,live-sample,true,0xF13000007900B1EF,,server,,unchecked,unchecked,none,83.41184,-2.6708555,26,Ready1H,13.295118,,,,26->26:Exact,none; server owns swing cadence
161,2.502088,0.015371,Tick,live-sample,true,0xF13000007900B1EF,,server,,unchecked,unchecked,none,83.41184,-2.6708555,26,Ready1H,13.31049,,,,26->26:Exact,none; server owns swing cadence
162,2.518977,0.016889,Tick,live-sample,true,0xF13000007900B1EF,,server,,unchecked,unchecked,none,83.41184,-2.6708555,26,Ready1H,13.327379,,,,26->26:Exact,none; server owns swing cadence
163,2.535583,0.016606,Tick,live-sample,true,0xF13000007900B1EF,,server,,unchecked,unchecked,none,83.41184,-2.6708555,26,Ready1H,13.343986,,,,26->26:Exact,none; server owns swing cadence
164,2.552084,0.016500,Tick,live-sample,true,0xF13000007900B1EF,,server,,unchecked,unchecked,none,83.41184,-2.6708555,26,Ready1H,13.360486,,,,26->26:Exact,none; server owns swing cadence
165,2.569026,0.016942,Tick,live-sample,true,0xF13000007900B1EF,,server,,unchecked,unchecked,none,83.41184,-2.6708555,26,Ready1H,13.377428,,,,26->26:Exact,none; server owns swing cadence
166,2.585433,0.016407,Tick,live-sample,true,0xF13000007900B1EF,,server,,unchecked,unchecked,none,83.41184,-2.6708555,26,Ready1H,13.393835,,,,26->26:Exact,none; server owns swing cadence
167,2.602102,0.016670,Tick,live-sample,true,0xF13000007900B1EF,,server,,unchecked,unchecked,none,83.41184,-2.6708555,26,Ready1H,13.410504,,,,26->26:Exact,none; server owns swing cadence
168,2.619024,0.016921,Tick,live-sample,true,0xF13000007900B1EF,,server,,unchecked,unchecked,none,83.41184,-2.6708555,26,Ready1H,13.427425,,,,26->26:Exact,none; server owns swing cadence
169,2.635366,0.016343,Tick,live-sample,true,0xF13000007900B1EF,,server,,unchecked,unchecked,none,83.41184,-2.6708555,26,Ready1H,13.4437685,,,,26->26:Exact,none; server owns swing cadence
170,2.652272,0.016905,Tick,live-sample,true,0xF13000007900B1EF,,server,,unchecked,unchecked,none,83.41184,-2.6708555,26,Ready1H,13.460673,,,,26->26:Exact,none; server owns swing cadence
171,2.668858,0.016586,Tick,live-sample,true,0xF13000007900B1EF,,server,,unchecked,unchecked,none,83.41184,-2.6708555,26,Ready1H,13.47726,,,,26->26:Exact,none; server owns swing cadence
172,2.687368,0.018511,Tick,live-sample,true,0xF13000007900B1EF,,server,,unchecked,unchecked,none,83.41184,-2.6708555,26,Ready1H,13.49577,,,,26->26:Exact,none; server owns swing cadence
173,2.702399,0.015030,Tick,live-sample,true,0xF13000007900B1EF,,server,,unchecked,unchecked,none,83.41184,-2.6708555,26,Ready1H,13.5108,,,,26->26:Exact,none; server owns swing cadence
174,2.718917,0.016518,Tick,live-sample,true,0xF13000007900B1EF,,server,,unchecked,unchecked,none,83.41184,-2.6708555,26,Ready1H,13.527318,,,,26->26:Exact,none; server owns swing cadence
175,2.735680,0.016764,Tick,live-sample,true,0xF13000007900B1EF,,server,,unchecked,unchecked,none,83.41184,-2.6708555,26,Ready1H,13.544082,,,,26->26:Exact,none; server owns swing cadence
176,2.752463,0.016783,Tick,live-sample,true,0xF13000007900B1EF,,server,,unchecked,unchecked,none,83.41184,-2.6708555,26,Ready1H,13.560864,,,,26->26:Exact,none; server owns swing cadence
177,2.768826,0.016363,Tick,live-sample,true,0xF13000007900B1EF,,server,,unchecked,unchecked,none,83.41184,-2.6708555,26,Ready1H,13.577228,,,,26->26:Exact,none; server owns swing cadence
178,2.786391,0.017565,Tick,live-sample,true,0xF13000007900B1EF,,server,,unchecked,unchecked,none,83.41184,-2.6708555,26,Ready1H,13.594792,,,,26->26:Exact,none; server owns swing cadence
179,2.802379,0.015988,Tick,live-sample,true,0xF13000007900B1EF,,server,,unchecked,unchecked,none,83.41184,-2.6708555,26,Ready1H,13.61078,,,,26->26:Exact,none; server owns swing cadence
180,2.819300,0.016921,Tick,live-sample,true,0xF13000007900B1EF,,server,,unchecked,unchecked,none,83.41184,-2.6708555,26,Ready1H,13.627701,,,,26->26:Exact,none; server owns swing cadence
181,2.836118,0.016818,Tick,live-sample,true,0xF13000007900B1EF,,server,,unchecked,unchecked,none,83.41184,-2.6708555,26,Ready1H,13.644519,,,,26->26:Exact,none; server owns swing cadence
182,2.852302,0.016184,Tick,live-sample,true,0xF13000007900B1EF,,server,,unchecked,unchecked,none,83.41184,-2.6708555,26,Ready1H,13.660704,,,,26->26:Exact,none; server owns swing cadence
183,2.868957,0.016655,Tick,live-sample,true,0xF13000007900B1EF,,server,,unchecked,unchecked,none,83.41184,-2.6708555,26,Ready1H,13.677359,,,,26->26:Exact,none; server owns swing cadence
184,2.885786,0.016828,Tick,live-sample,true,0xF13000007900B1EF,,server,,unchecked,unchecked,none,83.41184,-2.6708555,26,Ready1H,13.694187,,,,26->26:Exact,none; server owns swing cadence
185,2.902330,0.016545,Tick,live-sample,true,0xF13000007900B1EF,,server,,unchecked,unchecked,none,83.41184,-2.6708555,26,Ready1H,13.7107315,,,,26->26:Exact,none; server owns swing cadence
186,2.902330,0.000000,SwingReceive,server-swing,true,0x0000000000000105,SMSG_ATTACKERSTATEUPDATE,server,,unchecked,unchecked,none,63.251873,-5.4481764,26,Ready1H,13.7107315,,,,26->26:Exact,attacker=0xF13000007A00E7F9 damage=0 hitInfo=0x00000020
187,2.919166,0.016835,Tick,live-sample,true,0xF13000007900B1EF,,server,,unchecked,unchecked,none,83.41184,-2.6708555,26,Ready1H,13.727567,,,,26->26:Exact,none; server owns swing cadence
188,2.936039,0.016873,Tick,live-sample,true,0xF13000007900B1EF,,server,,unchecked,unchecked,none,83.41184,-2.6708555,26,Ready1H,13.744439,,,,26->26:Exact,none; server owns swing cadence
189,2.952390,0.016351,Tick,live-sample,true,0xF13000007900B1EF,,server,,unchecked,unchecked,none,83.41184,-2.6708555,26,Ready1H,13.76079,,,,26->26:Exact,none; server owns swing cadence
190,2.969187,0.016797,Tick,live-sample,true,0xF13000007900B1EF,,server,,unchecked,unchecked,none,83.41184,-2.6708555,26,Ready1H,13.777587,,,,26->26:Exact,none; server owns swing cadence
191,2.987263,0.018076,Tick,live-sample,true,0xF13000007900B1EF,,server,,unchecked,unchecked,none,83.41184,-2.6708555,26,Ready1H,13.795663,,,,26->26:Exact,none; server owns swing cadence
192,3.002316,0.015053,Tick,live-sample,true,0xF13000007900B1EF,,server,,unchecked,unchecked,none,83.41184,-2.6708555,26,Ready1H,13.810716,,,,26->26:Exact,none; server owns swing cadence
193,3.019036,0.016720,Tick,live-sample,true,0xF13000007900B1EF,,server,,unchecked,unchecked,none,83.41184,-2.6708555,26,Ready1H,13.827436,,,,26->26:Exact,none; server owns swing cadence
194,3.035630,0.016594,Tick,live-sample,true,0xF13000007900B1EF,,server,,unchecked,unchecked,none,83.41184,-2.6708555,26,Ready1H,13.84403,,,,26->26:Exact,none; server owns swing cadence
195,3.052362,0.016731,Tick,live-sample,true,0xF13000007900B1EF,,server,,unchecked,unchecked,none,83.41184,-2.6708555,26,Ready1H,13.860762,,,,26->26:Exact,none; server owns swing cadence
196,3.069246,0.016885,Tick,live-sample,true,0xF13000007900B1EF,,server,,unchecked,unchecked,none,83.41184,-2.6708555,26,Ready1H,13.877646,,,,26->26:Exact,none; server owns swing cadence
197,3.086723,0.017477,Tick,live-sample,true,0xF13000007900B1EF,,server,,unchecked,unchecked,none,83.41184,-2.6708555,26,Ready1H,13.8951235,,,,26->26:Exact,none; server owns swing cadence
198,3.102409,0.015685,Tick,live-sample,true,0xF13000007900B1EF,,server,,unchecked,unchecked,none,83.41184,-2.6708555,26,Ready1H,13.910809,,,,26->26:Exact,none; server owns swing cadence
199,3.118996,0.016587,Tick,live-sample,true,0xF13000007900B1EF,,server,,unchecked,unchecked,none,83.41184,-2.6708555,26,Ready1H,13.927396,,,,26->26:Exact,none; server owns swing cadence
200,3.136672,0.017676,Tick,live-sample,true,0xF13000007900B1EF,,server,,unchecked,unchecked,none,83.41184,-2.6708555,26,Ready1H,13.945072,,,,26->26:Exact,none; server owns swing cadence
201,3.152650,0.015978,Tick,live-sample,true,0xF13000007900B1EF,,server,,unchecked,unchecked,none,83.41184,-2.6708555,26,Ready1H,13.96105,,,,26->26:Exact,none; server owns swing cadence
202,3.169378,0.016729,Tick,live-sample,true,0xF13000007900B1EF,,server,,unchecked,unchecked,none,83.41184,-2.6708555,26,Ready1H,13.977778,,,,26->26:Exact,none; server owns swing cadence
203,3.186131,0.016753,Tick,live-sample,true,0xF13000007900B1EF,,server,,unchecked,unchecked,none,83.41184,-2.6708555,26,Ready1H,13.994531,,,,26->26:Exact,none; server owns swing cadence
204,3.202548,0.016417,Tick,live-sample,true,0xF13000007900B1EF,,server,,unchecked,unchecked,none,83.41184,-2.6708555,26,Ready1H,14.010948,,,,26->26:Exact,none; server owns swing cadence
205,3.202548,0.000000,SwingReceive,server-swing,true,0x0000000000000105,SMSG_ATTACKERSTATEUPDATE,server,,unchecked,unchecked,none,63.251873,-5.4481764,26,Ready1H,14.010948,,,,26->26:Exact,attacker=0xF13000007A00E7F9 damage=0 hitInfo=0x00000014
206,3.219425,0.016877,Tick,live-sample,true,0xF13000007900B1EF,,server,,unchecked,unchecked,none,83.41184,-2.6708555,26,Ready1H,14.027825,,,,26->26:Exact,none; server owns swing cadence
207,3.235887,0.016461,Tick,live-sample,true,0xF13000007900B1EF,,server,,unchecked,unchecked,none,83.41184,-2.6708555,26,Ready1H,14.044287,,,,26->26:Exact,none; server owns swing cadence
208,3.252643,0.016756,Tick,live-sample,true,0xF13000007900B1EF,,server,,unchecked,unchecked,none,83.41184,-2.6708555,26,Ready1H,14.061043,,,,26->26:Exact,none; server owns swing cadence
209,3.269267,0.016624,Tick,live-sample,true,0xF13000007900B1EF,,server,,unchecked,unchecked,none,83.41184,-2.6708555,26,Ready1H,14.077667,,,,26->26:Exact,none; server owns swing cadence
210,3.287222,0.017955,Tick,live-sample,true,0xF13000007900B1EF,,server,,unchecked,unchecked,none,83.41184,-2.6708555,26,Ready1H,14.095622,,,,26->26:Exact,none; server owns swing cadence
211,3.303027,0.015805,Tick,live-sample,true,0xF13000007900B1EF,,server,,unchecked,unchecked,none,83.41184,-2.6708555,26,Ready1H,14.111427,,,,26->26:Exact,none; server owns swing cadence
212,3.319227,0.016199,Tick,live-sample,true,0xF13000007900B1EF,,server,,unchecked,unchecked,none,83.41184,-2.6708555,26,Ready1H,14.127626,,,,26->26:Exact,none; server owns swing cadence
213,3.336032,0.016806,Tick,live-sample,true,0xF13000007900B1EF,,server,,unchecked,unchecked,none,83.41184,-2.6708555,26,Ready1H,14.144432,,,,26->26:Exact,none; server owns swing cadence
214,3.352670,0.016638,Tick,live-sample,true,0xF13000007900B1EF,,server,,unchecked,unchecked,none,83.41184,-2.6708555,26,Ready1H,14.16107,,,,26->26:Exact,none; server owns swing cadence
215,3.369766,0.017096,Tick,live-sample,true,0xF13000007900B1EF,,server,,unchecked,unchecked,none,83.41184,-2.6708555,26,Ready1H,14.178165,,,,26->26:Exact,none; server owns swing cadence
216,3.386638,0.016872,Tick,live-sample,true,0xF13000007900B1EF,,server,,unchecked,unchecked,none,83.41184,-2.6708555,26,Ready1H,14.195038,,,,26->26:Exact,none; server owns swing cadence
217,3.402873,0.016235,Tick,live-sample,true,0xF13000007900B1EF,,server,,unchecked,unchecked,none,83.41184,-2.6708555,26,Ready1H,14.211273,,,,26->26:Exact,none; server owns swing cadence
218,3.419690,0.016817,Tick,live-sample,true,0xF13000007900B1EF,,server,,unchecked,unchecked,none,83.41184,-2.6708555,26,Ready1H,14.22809,,,,26->26:Exact,none; server owns swing cadence
219,3.436251,0.016561,Tick,live-sample,true,0xF13000007900B1EF,,server,,unchecked,unchecked,none,83.41184,-2.6708555,26,Ready1H,14.244651,,,,26->26:Exact,none; server owns swing cadence
220,3.452941,0.016690,Tick,live-sample,true,0xF13000007900B1EF,,server,,unchecked,unchecked,none,83.41184,-2.6708555,26,Ready1H,14.261341,,,,26->26:Exact,none; server owns swing cadence
221,3.469760,0.016819,Tick,live-sample,true,0xF13000007900B1EF,,server,,unchecked,unchecked,none,83.41184,-2.6708555,26,Ready1H,14.27816,,,,26->26:Exact,none; server owns swing cadence
222,3.486425,0.016665,Tick,live-sample,true,0xF13000007900B1EF,,server,,unchecked,unchecked,none,83.41184,-2.6708555,26,Ready1H,14.294825,,,,26->26:Exact,none; server owns swing cadence
223,3.503216,0.016791,Tick,live-sample,true,0xF13000007900B1EF,,server,,unchecked,unchecked,none,83.41184,-2.6708555,26,Ready1H,14.311616,,,,26->26:Exact,none; server owns swing cadence
224,3.519405,0.016190,Tick,live-sample,true,0xF13000007900B1EF,,server,,unchecked,unchecked,none,83.41184,-2.6708555,26,Ready1H,14.3278055,,,,26->26:Exact,none; server owns swing cadence
225,3.536349,0.016943,Tick,live-sample,true,0xF13000007900B1EF,,server,,unchecked,unchecked,none,83.41184,-2.6708555,26,Ready1H,14.344749,,,,26->26:Exact,none; server owns swing cadence
226,3.552954,0.016605,Tick,live-sample,true,0xF13000007900B1EF,,server,,unchecked,unchecked,none,83.41184,-2.6708555,26,Ready1H,14.361355,,,,26->26:Exact,none; server owns swing cadence
227,3.569726,0.016772,Tick,live-sample,true,0xF13000007900B1EF,,server,,unchecked,unchecked,none,83.41184,-2.6708555,26,Ready1H,14.378127,,,,26->26:Exact,none; server owns swing cadence
228,3.587307,0.017581,Tick,live-sample,true,0xF13000007900B1EF,,server,,unchecked,unchecked,none,83.41184,-2.6708555,26,Ready1H,14.395708,,,,26->26:Exact,none; server owns swing cadence
229,3.603036,0.015729,Tick,live-sample,true,0xF13000007900B1EF,,server,,unchecked,unchecked,none,83.41184,-2.6708555,26,Ready1H,14.411437,,,,26->26:Exact,none; server owns swing cadence
230,3.619859,0.016823,Tick,live-sample,true,0xF13000007900B1EF,,server,,unchecked,unchecked,none,83.41184,-2.6708555,26,Ready1H,14.42826,,,,26->26:Exact,none; server owns swing cadence
231,3.636417,0.016558,Tick,live-sample,true,0xF13000007900B1EF,,server,,unchecked,unchecked,none,83.41184,-2.6708555,26,Ready1H,14.4448185,,,,26->26:Exact,none; server owns swing cadence
232,3.653055,0.016638,Tick,live-sample,true,0xF13000007900B1EF,,server,,unchecked,unchecked,none,83.41184,-2.6708555,26,Ready1H,14.461456,,,,26->26:Exact,none; server owns swing cadence
233,3.669544,0.016489,Tick,live-sample,true,0xF13000007900B1EF,,server,,unchecked,unchecked,none,83.41184,-2.6708555,26,Ready1H,14.477945,,,,26->26:Exact,none; server owns swing cadence
234,3.686272,0.016728,Tick,live-sample,true,0xF13000007900B1EF,,server,,unchecked,unchecked,none,83.41184,-2.6708555,26,Ready1H,14.494674,,,,26->26:Exact,none; server owns swing cadence
235,3.703147,0.016875,Tick,live-sample,true,0xF13000007900B1EF,,server,,unchecked,unchecked,none,83.41184,-2.6708555,26,Ready1H,14.511549,,,,26->26:Exact,none; server owns swing cadence
236,3.719701,0.016555,Tick,live-sample,true,0xF13000007900B1EF,,server,,unchecked,unchecked,none,83.41184,-2.6708555,26,Ready1H,14.528104,,,,26->26:Exact,none; server owns swing cadence
237,3.736360,0.016659,Tick,live-sample,true,0xF13000007900B1EF,,server,,unchecked,unchecked,none,83.41184,-2.6708555,26,Ready1H,14.544763,,,,26->26:Exact,none; server owns swing cadence
238,3.753200,0.016840,Tick,live-sample,true,0xF13000007900B1EF,,server,,unchecked,unchecked,none,83.41184,-2.6708555,26,Ready1H,14.561603,,,,26->26:Exact,none; server owns swing cadence
239,3.770000,0.016801,Tick,live-sample,true,0xF13000007900B1EF,,server,,unchecked,unchecked,none,83.41184,-2.6708555,26,Ready1H,14.578403,,,,26->26:Exact,none; server owns swing cadence
240,3.787961,0.017960,Tick,live-sample,true,0xF13000007900B1EF,,server,,unchecked,unchecked,none,83.41184,-2.6708555,26,Ready1H,14.596364,,,,26->26:Exact,none; server owns swing cadence
241,3.803058,0.015097,Tick,live-sample,true,0xF13000007900B1EF,,server,,unchecked,unchecked,none,83.41184,-2.6708555,26,Ready1H,14.611461,,,,26->26:Exact,none; server owns swing cadence
242,3.819873,0.016815,Tick,live-sample,true,0xF13000007900B1EF,,server,,unchecked,unchecked,none,83.41184,-2.6708555,26,Ready1H,14.628276,,,,26->26:Exact,none; server owns swing cadence
243,3.836495,0.016623,Tick,live-sample,true,0xF13000007900B1EF,,server,,unchecked,unchecked,none,83.41184,-2.6708555,26,Ready1H,14.644898,,,,26->26:Exact,none; server owns swing cadence
244,3.853426,0.016931,Tick,live-sample,true,0xF13000007900B1EF,,server,,unchecked,unchecked,none,83.41184,-2.6708555,26,Ready1H,14.661829,,,,26->26:Exact,none; server owns swing cadence
245,3.870044,0.016618,Tick,live-sample,true,0xF13000007900B1EF,,server,,unchecked,unchecked,none,83.41184,-2.6708555,26,Ready1H,14.678447,,,,26->26:Exact,none; server owns swing cadence
246,3.887762,0.017718,Tick,live-sample,true,0xF13000007900B1EF,,server,,unchecked,unchecked,none,83.41184,-2.6708555,26,Ready1H,14.696165,,,,26->26:Exact,none; server owns swing cadence
247,3.902983,0.015221,Tick,live-sample,true,0xF13000007900B1EF,,server,,unchecked,unchecked,none,83.41184,-2.6708555,26,Ready1H,14.711386,,,,26->26:Exact,none; server owns swing cadence
248,3.919659,0.016676,Tick,live-sample,true,0xF13000007900B1EF,,server,,unchecked,unchecked,none,83.41184,-2.6708555,26,Ready1H,14.728062,,,,26->26:Exact,none; server owns swing cadence
249,3.936463,0.016804,Tick,live-sample,true,0xF13000007900B1EF,,server,,unchecked,unchecked,none,83.41184,-2.6708555,26,Ready1H,14.744865,,,,26->26:Exact,none; server owns swing cadence
250,3.953185,0.016722,Tick,live-sample,true,0xF13000007900B1EF,,server,,unchecked,unchecked,none,83.41184,-2.6708555,26,Ready1H,14.761587,,,,26->26:Exact,none; server owns swing cadence
251,3.969905,0.016719,Tick,live-sample,true,0xF13000007900B1EF,,server,,unchecked,unchecked,none,83.41184,-2.6708555,26,Ready1H,14.778306,,,,26->26:Exact,none; server owns swing cadence
252,3.986499,0.016595,Tick,live-sample,true,0xF13000007900B1EF,,server,,unchecked,unchecked,none,83.41184,-2.6708555,26,Ready1H,14.794901,,,,26->26:Exact,none; server owns swing cadence
253,4.003250,0.016750,Tick,live-sample,true,0xF13000007900B1EF,,server,,unchecked,unchecked,none,83.41184,-2.6708555,26,Ready1H,14.811651,,,,26->26:Exact,none; server owns swing cadence
254,4.020116,0.016866,Tick,live-sample,true,0xF13000007900B1EF,,server,,unchecked,unchecked,none,83.41184,-2.6708555,26,Ready1H,14.828517,,,,26->26:Exact,none; server owns swing cadence
255,4.036734,0.016619,Tick,live-sample,true,0xF13000007900B1EF,,server,,unchecked,unchecked,none,83.41184,-2.6708555,26,Ready1H,14.845136,,,,26->26:Exact,none; server owns swing cadence
256,4.053285,0.016551,Tick,live-sample,true,0xF13000007900B1EF,,server,,unchecked,unchecked,none,83.41184,-2.6708555,26,Ready1H,14.861687,,,,26->26:Exact,none; server owns swing cadence
257,4.070095,0.016810,Tick,live-sample,true,0xF13000007900B1EF,,server,,unchecked,unchecked,none,83.41184,-2.6708555,26,Ready1H,14.878497,,,,26->26:Exact,none; server owns swing cadence
258,4.088277,0.018181,Tick,live-sample,true,0xF13000007900B1EF,,server,,unchecked,unchecked,none,83.41184,-2.6708555,26,Ready1H,14.896679,,,,26->26:Exact,none; server owns swing cadence
259,4.103406,0.015129,Tick,live-sample,true,0xF13000007900B1EF,,server,,unchecked,unchecked,none,83.41184,-2.6708555,26,Ready1H,14.911808,,,,26->26:Exact,none; server owns swing cadence
260,4.119973,0.016567,Tick,live-sample,true,0xF13000007900B1EF,,server,,unchecked,unchecked,none,83.41184,-2.6708555,26,Ready1H,14.928375,,,,26->26:Exact,none; server owns swing cadence
261,4.136747,0.016774,Tick,live-sample,true,0xF13000007900B1EF,,server,,unchecked,unchecked,none,83.41184,-2.6708555,26,Ready1H,14.945149,,,,26->26:Exact,none; server owns swing cadence
262,4.153562,0.016815,Tick,live-sample,true,0xF13000007900B1EF,,server,,unchecked,unchecked,none,83.41184,-2.6708555,26,Ready1H,14.961965,,,,26->26:Exact,none; server owns swing cadence
263,4.170330,0.016768,Tick,live-sample,true,0xF13000007900B1EF,,server,,unchecked,unchecked,none,83.41184,-2.6708555,26,Ready1H,14.978733,,,,26->26:Exact,none; server owns swing cadence
264,4.187662,0.017331,Tick,live-sample,true,0xF13000007900B1EF,,server,,unchecked,unchecked,none,83.41184,-2.6708555,26,Ready1H,14.996064,,,,26->26:Exact,none; server owns swing cadence
265,4.203628,0.015966,Tick,live-sample,true,0xF13000007900B1EF,,server,,unchecked,unchecked,none,83.41184,-2.6708555,26,Ready1H,15.012031,,,,26->26:Exact,none; server owns swing cadence
266,4.220176,0.016548,Tick,live-sample,true,0xF13000007900B1EF,,server,,unchecked,unchecked,none,83.41184,-2.6708555,26,Ready1H,15.028579,,,,26->26:Exact,none; server owns swing cadence
267,4.236753,0.016577,Tick,live-sample,true,0xF13000007900B1EF,,server,,unchecked,unchecked,none,83.41184,-2.6708555,26,Ready1H,15.045156,,,,26->26:Exact,none; server owns swing cadence
268,4.253903,0.017150,Tick,live-sample,true,0xF13000007900B1EF,,server,,unchecked,unchecked,none,83.41184,-2.6708555,26,Ready1H,15.062305,,,,26->26:Exact,none; server owns swing cadence
269,4.270219,0.016316,Tick,live-sample,true,0xF13000007900B1EF,,server,,unchecked,unchecked,none,83.41184,-2.6708555,26,Ready1H,15.078622,,,,26->26:Exact,none; server owns swing cadence
270,4.286912,0.016692,Tick,live-sample,true,0xF13000007900B1EF,,server,,unchecked,unchecked,none,83.41184,-2.6708555,26,Ready1H,15.095314,,,,26->26:Exact,none; server owns swing cadence
271,4.303794,0.016883,Tick,live-sample,true,0xF13000007900B1EF,,server,,unchecked,unchecked,none,83.41184,-2.6708555,26,Ready1H,15.112197,,,,26->26:Exact,none; server owns swing cadence
272,4.337318,0.033524,Tick,live-sample,true,0xF13000007900B1EF,,server,,unchecked,unchecked,none,83.41184,-2.6708555,26,Ready1H,15.145721,,,,26->26:Exact,none; server owns swing cadence
273,4.341932,0.004614,Tick,live-sample,true,0xF13000007900B1EF,,server,,unchecked,unchecked,none,83.41184,-2.6708555,26,Ready1H,15.150335,,,,26->26:Exact,none; server owns swing cadence
274,4.353718,0.011786,Tick,live-sample,true,0xF13000007900B1EF,,server,,unchecked,unchecked,none,83.41184,-2.6708555,26,Ready1H,15.162121,,,,26->26:Exact,none; server owns swing cadence
275,4.370263,0.016545,Tick,live-sample,true,0xF13000007900B1EF,,server,,unchecked,unchecked,none,83.41184,-2.6708555,26,Ready1H,15.178665,,,,26->26:Exact,none; server owns swing cadence
276,4.387662,0.017400,Tick,live-sample,true,0xF13000007900B1EF,,server,,unchecked,unchecked,none,83.41184,-2.6708555,26,Ready1H,15.196065,,,,26->26:Exact,none; server owns swing cadence
277,4.403379,0.015717,Tick,live-sample,true,0xF13000007900B1EF,,server,,unchecked,unchecked,none,83.41184,-2.6708555,26,Ready1H,15.2117815,,,,26->26:Exact,none; server owns swing cadence
278,4.420164,0.016785,Tick,live-sample,true,0xF13000007900B1EF,,server,,unchecked,unchecked,none,83.41184,-2.6708555,26,Ready1H,15.228567,,,,26->26:Exact,none; server owns swing cadence
279,4.436750,0.016586,Tick,live-sample,true,0xF13000007900B1EF,,server,,unchecked,unchecked,none,83.41184,-2.6708555,26,Ready1H,15.245153,,,,26->26:Exact,none; server owns swing cadence
280,4.453781,0.017031,Tick,live-sample,true,0xF13000007900B1EF,,server,,unchecked,unchecked,none,83.41184,-2.6708555,26,Ready1H,15.262185,,,,26->26:Exact,none; server owns swing cadence
281,4.470523,0.016742,Tick,live-sample,true,0xF13000007900B1EF,,server,,unchecked,unchecked,none,83.41184,-2.6708555,26,Ready1H,15.278927,,,,26->26:Exact,none; server owns swing cadence
282,4.487555,0.017032,Tick,live-sample,true,0xF13000007900B1EF,,server,,unchecked,unchecked,none,83.41184,-2.6708555,26,Ready1H,15.2959585,,,,26->26:Exact,none; server owns swing cadence
283,4.503810,0.016255,Tick,live-sample,true,0xF13000007900B1EF,,server,,unchecked,unchecked,none,83.41184,-2.6708555,26,Ready1H,15.312213,,,,26->26:Exact,none; server owns swing cadence
284,4.520257,0.016448,Tick,live-sample,true,0xF13000007900B1EF,,server,,unchecked,unchecked,none,83.41184,-2.6708555,26,Ready1H,15.328661,,,,26->26:Exact,none; server owns swing cadence
285,4.520257,0.000000,CombatReceive,server,true,0x0000000000000000,SMSG_PERIODICAURALOG,server,,unchecked,unchecked,none,-1,,26,Ready1H,15.328661,,,,26->26:Exact,CombatPeriodicAura
286,4.537095,0.016838,Tick,live-sample,true,0xF13000007900B1EF,,server,,unchecked,unchecked,none,83.41184,-2.6708555,26,Ready1H,15.345499,,,,26->26:Exact,none; server owns swing cadence
287,4.553883,0.016787,Tick,live-sample,true,0xF13000007900B1EF,,server,,unchecked,unchecked,none,83.41184,-2.6708555,26,Ready1H,15.362287,,,,26->26:Exact,none; server owns swing cadence
288,4.570366,0.016483,Tick,live-sample,true,0xF13000007900B1EF,,server,,unchecked,unchecked,none,83.41184,-2.6708555,26,Ready1H,15.37877,,,,26->26:Exact,none; server owns swing cadence
289,4.587263,0.016897,Tick,live-sample,true,0xF13000007900B1EF,,server,,unchecked,unchecked,none,83.41184,-2.6708555,26,Ready1H,15.395667,,,,26->26:Exact,none; server owns swing cadence
290,4.603728,0.016465,Tick,live-sample,true,0xF13000007900B1EF,,server,,unchecked,unchecked,none,83.41184,-2.6708555,26,Ready1H,15.412132,,,,26->26:Exact,none; server owns swing cadence
291,4.620502,0.016775,Tick,live-sample,true,0xF13000007900B1EF,,server,,unchecked,unchecked,none,83.41184,-2.6708555,26,Ready1H,15.428907,,,,26->26:Exact,none; server owns swing cadence
292,4.637243,0.016740,Tick,live-sample,true,0xF13000007900B1EF,,server,,unchecked,unchecked,none,83.41184,-2.6708555,26,Ready1H,15.445648,,,,26->26:Exact,none; server owns swing cadence
293,4.653656,0.016413,Tick,live-sample,true,0xF13000007900B1EF,,server,,unchecked,unchecked,none,83.41184,-2.6708555,26,Ready1H,15.462062,,,,26->26:Exact,none; server owns swing cadence
294,4.670723,0.017067,Tick,live-sample,true,0xF13000007900B1EF,,server,,unchecked,unchecked,none,83.41184,-2.6708555,26,Ready1H,15.479129,,,,26->26:Exact,none; server owns swing cadence
295,4.688216,0.017493,Tick,live-sample,true,0xF13000007900B1EF,,server,,unchecked,unchecked,none,83.41184,-2.6708555,26,Ready1H,15.496622,,,,26->26:Exact,none; server owns swing cadence
296,4.703805,0.015589,Tick,live-sample,true,0xF13000007900B1EF,,server,,unchecked,unchecked,none,83.41184,-2.6708555,26,Ready1H,15.512212,,,,26->26:Exact,none; server owns swing cadence
297,4.720419,0.016614,Tick,live-sample,true,0xF13000007900B1EF,,server,,unchecked,unchecked,none,83.41184,-2.6708555,26,Ready1H,15.528826,,,,26->26:Exact,none; server owns swing cadence
298,4.737274,0.016854,Tick,live-sample,true,0xF13000007900B1EF,,server,,unchecked,unchecked,none,83.41184,-2.6708555,26,Ready1H,15.54568,,,,26->26:Exact,none; server owns swing cadence
299,4.754549,0.017276,Tick,live-sample,true,0xF13000007900B1EF,,server,,unchecked,unchecked,none,83.41184,-2.6708555,26,Ready1H,15.562956,,,,26->26:Exact,none; server owns swing cadence
300,4.770440,0.015891,Tick,live-sample,true,0xF13000007900B1EF,,server,,unchecked,unchecked,none,83.41184,-2.6708555,26,Ready1H,15.578847,,,,26->26:Exact,none; server owns swing cadence
301,4.787282,0.016842,Tick,live-sample,true,0xF13000007900B1EF,,server,,unchecked,unchecked,none,83.41184,-2.6708555,26,Ready1H,15.595689,,,,26->26:Exact,none; server owns swing cadence
302,4.804109,0.016827,Tick,live-sample,true,0xF13000007900B1EF,,server,,unchecked,unchecked,none,83.41184,-2.6708555,26,Ready1H,15.612515,,,,26->26:Exact,none; server owns swing cadence
303,4.820484,0.016375,Tick,live-sample,true,0xF13000007900B1EF,,server,,unchecked,unchecked,none,83.41184,-2.6708555,26,Ready1H,15.62889,,,,26->26:Exact,none; server owns swing cadence
304,4.837303,0.016818,Tick,live-sample,true,0xF13000007900B1EF,,server,,unchecked,unchecked,none,83.41184,-2.6708555,26,Ready1H,15.645708,,,,26->26:Exact,none; server owns swing cadence
305,4.854001,0.016698,Tick,live-sample,true,0xF13000007900B1EF,,server,,unchecked,unchecked,none,83.41184,-2.6708555,26,Ready1H,15.662406,,,,26->26:Exact,none; server owns swing cadence
306,4.870720,0.016719,Tick,live-sample,true,0xF13000007900B1EF,,server,,unchecked,unchecked,none,83.41184,-2.6708555,26,Ready1H,15.679125,,,,26->26:Exact,none; server owns swing cadence
307,4.888693,0.017973,Tick,live-sample,true,0xF13000007900B1EF,,server,,unchecked,unchecked,none,83.41184,-2.6708555,26,Ready1H,15.697098,,,,26->26:Exact,none; server owns swing cadence
308,4.903874,0.015181,Tick,live-sample,true,0xF13000007900B1EF,,server,,unchecked,unchecked,none,83.41184,-2.6708555,26,Ready1H,15.712279,,,,26->26:Exact,none; server owns swing cadence
309,4.920568,0.016694,Tick,live-sample,true,0xF13000007900B1EF,,server,,unchecked,unchecked,none,83.41184,-2.6708555,26,Ready1H,15.728972,,,,26->26:Exact,none; server owns swing cadence
310,4.920568,0.000000,SwingReceive,server-swing,true,0x0000000000000105,SMSG_ATTACKERSTATEUPDATE,server,,unchecked,unchecked,none,63.251873,-5.4481764,26,Ready1H,15.728972,,,,26->26:Exact,attacker=0xF13000007A00E7F9 damage=0 hitInfo=0x00000020
311,4.937484,0.016916,Tick,live-sample,true,0xF13000007900B1EF,,server,,unchecked,unchecked,none,83.41184,-2.6708555,26,Ready1H,15.745889,,,,26->26:Exact,none; server owns swing cadence
312,4.953941,0.016458,Tick,live-sample,true,0xF13000007900B1EF,,server,,unchecked,unchecked,none,83.41184,-2.6708555,26,Ready1H,15.762346,,,,26->26:Exact,none; server owns swing cadence
313,4.970638,0.016697,Tick,live-sample,true,0xF13000007900B1EF,,server,,unchecked,unchecked,none,83.41184,-2.6708555,26,Ready1H,15.779043,,,,26->26:Exact,none; server owns swing cadence
314,4.988280,0.017642,Tick,live-sample,true,0xF13000007900B1EF,,server,,unchecked,unchecked,none,83.41184,-2.6708555,26,Ready1H,15.796685,,,,26->26:Exact,none; server owns swing cadence
315,5.004189,0.015909,Tick,live-sample,true,0xF13000007900B1EF,,server,,unchecked,unchecked,none,83.41184,-2.6708555,26,Ready1H,15.812593,,,,26->26:Exact,none; server owns swing cadence
316,5.020650,0.016462,Tick,live-sample,true,0xF13000007900B1EF,,server,,unchecked,unchecked,none,83.41184,-2.6708555,26,Ready1H,15.829056,,,,26->26:Exact,none; server owns swing cadence
317,5.037331,0.016680,Tick,live-sample,true,0xF13000007900B1EF,,server,,unchecked,unchecked,none,83.41184,-2.6708555,26,Ready1H,15.8457365,,,,26->26:Exact,none; server owns swing cadence
318,5.054407,0.017076,Tick,live-sample,true,0xF13000007900B1EF,,server,,unchecked,unchecked,none,83.41184,-2.6708555,26,Ready1H,15.862813,,,,26->26:Exact,none; server owns swing cadence
319,5.071090,0.016683,Tick,live-sample,true,0xF13000007900B1EF,,server,,unchecked,unchecked,none,83.41184,-2.6708555,26,Ready1H,15.879497,,,,26->26:Exact,none; server owns swing cadence
320,5.087392,0.016301,Tick,live-sample,true,0xF13000007900B1EF,,server,,unchecked,unchecked,none,83.41184,-2.6708555,26,Ready1H,15.895798,,,,26->26:Exact,none; server owns swing cadence
321,5.104086,0.016694,Tick,live-sample,true,0xF13000007900B1EF,,server,,unchecked,unchecked,none,83.41184,-2.6708555,26,Ready1H,15.912492,,,,26->26:Exact,none; server owns swing cadence
322,5.120677,0.016591,Tick,live-sample,true,0xF13000007900B1EF,,server,,unchecked,unchecked,none,83.41184,-2.6708555,26,Ready1H,15.929083,,,,26->26:Exact,none; server owns swing cadence
323,5.120677,0.000000,CombatReceive,server,true,0x0000000000000000,SMSG_SPELLNONMELEEDAMAGELOG,server,,unchecked,unchecked,none,-1,,26,Ready1H,15.929083,,,,26->26:Exact,CombatSpellDamage
324,5.137575,0.016898,Tick,live-sample,true,0xF13000007900B1EF,,server,,unchecked,unchecked,none,83.41184,-2.6708555,26,Ready1H,15.945981,,,,26->26:Exact,none; server owns swing cadence
325,5.154338,0.016763,Tick,live-sample,true,0xF13000007900B1EF,,server,,unchecked,unchecked,none,83.41184,-2.6708555,26,Ready1H,15.962744,,,,26->26:Exact,none; server owns swing cadence
326,5.170918,0.016580,Tick,live-sample,true,0xF13000007900B1EF,,server,,unchecked,unchecked,none,83.41184,-2.6708555,26,Ready1H,15.979323,,,,26->26:Exact,none; server owns swing cadence
327,5.188769,0.017852,Tick,live-sample,true,0xF13000007900B1EF,,server,,unchecked,unchecked,none,83.41184,-2.6708555,26,Ready1H,15.997175,,,,26->26:Exact,none; server owns swing cadence
328,5.204203,0.015434,Tick,live-sample,true,0xF13000007900B1EF,,server,,unchecked,unchecked,none,83.41184,-2.6708555,26,Ready1H,16.01261,,,,26->26:Exact,none; server owns swing cadence
329,5.220965,0.016762,Tick,live-sample,true,0xF13000007900B1EF,,server,,unchecked,unchecked,none,83.41184,-2.6708555,26,Ready1H,16.029371,,,,26->26:Exact,none; server owns swing cadence
330,5.237591,0.016625,Tick,live-sample,true,0xF13000007900B1EF,,server,,unchecked,unchecked,none,83.41184,-2.6708555,26,Ready1H,16.045996,,,,26->26:Exact,none; server owns swing cadence
331,5.237591,0.000000,SwingReceive,server-swing,true,0x0000000000000105,SMSG_ATTACKERSTATEUPDATE,server,,unchecked,unchecked,none,63.251873,-5.4481764,26,Ready1H,16.045996,,,,26->26:Exact,attacker=0xF13000007A00E7F9 damage=0 hitInfo=0x00000024
332,5.254119,0.016529,Tick,live-sample,true,0xF13000007900B1EF,,server,,unchecked,unchecked,none,83.41184,-2.6708555,26,Ready1H,16.062525,,,,26->26:Exact,none; server owns swing cadence
333,5.270954,0.016834,Tick,live-sample,true,0xF13000007900B1EF,,server,,unchecked,unchecked,none,83.41184,-2.6708555,26,Ready1H,16.07936,,,,26->26:Exact,none; server owns swing cadence
334,5.288330,0.017376,Tick,live-sample,true,0xF13000007900B1EF,,server,,unchecked,unchecked,none,83.41184,-2.6708555,26,Ready1H,16.096735,,,,26->26:Exact,none; server owns swing cadence
335,5.304115,0.015785,Tick,live-sample,true,0xF13000007900B1EF,,server,,unchecked,unchecked,none,83.41184,-2.6708555,26,Ready1H,16.11252,,,,26->26:Exact,none; server owns swing cadence
336,5.321217,0.017102,Tick,live-sample,true,0xF13000007900B1EF,,server,,unchecked,unchecked,none,83.41184,-2.6708555,26,Ready1H,16.129622,,,,26->26:Exact,none; server owns swing cadence
337,5.338019,0.016802,Tick,live-sample,true,0xF13000007900B1EF,,server,,unchecked,unchecked,none,83.41184,-2.6708555,26,Ready1H,16.146423,,,,26->26:Exact,none; server owns swing cadence
338,5.354675,0.016656,Tick,live-sample,true,0xF13000007900B1EF,,server,,unchecked,unchecked,none,83.41184,-2.6708555,26,Ready1H,16.163078,,,,26->26:Exact,none; server owns swing cadence
339,5.371801,0.017126,Tick,live-sample,true,0xF13000007900B1EF,,server,,unchecked,unchecked,none,83.41184,-2.6708555,26,Ready1H,16.180204,,,,26->26:Exact,none; server owns swing cadence
340,5.387815,0.016014,Tick,live-sample,true,0xF13000007900B1EF,,server,,unchecked,unchecked,none,83.41184,-2.6708555,26,Ready1H,16.196218,,,,26->26:Exact,none; server owns swing cadence
341,5.404393,0.016578,Tick,live-sample,true,0xF13000007900B1EF,,server,,unchecked,unchecked,none,83.41184,-2.6708555,26,Ready1H,16.212797,,,,26->26:Exact,none; server owns swing cadence
342,5.421020,0.016626,Tick,live-sample,true,0xF13000007900B1EF,,server,,unchecked,unchecked,none,83.41184,-2.6708555,26,Ready1H,16.229424,,,,26->26:Exact,none; server owns swing cadence
343,5.437617,0.016598,Tick,live-sample,true,0xF13000007900B1EF,,server,,unchecked,unchecked,none,83.41184,-2.6708555,26,Ready1H,16.246021,,,,26->26:Exact,none; server owns swing cadence
344,5.454451,0.016834,Tick,live-sample,true,0xF13000007900B1EF,,server,,unchecked,unchecked,none,83.41184,-2.6708555,26,Ready1H,16.262856,,,,26->26:Exact,none; server owns swing cadence
345,5.471310,0.016858,Tick,live-sample,true,0xF13000007900B1EF,,server,,unchecked,unchecked,none,83.41184,-2.6708555,26,Ready1H,16.279713,,,,26->26:Exact,none; server owns swing cadence
346,5.488798,0.017488,Tick,live-sample,true,0xF13000007900B1EF,,server,,unchecked,unchecked,none,83.41184,-2.6708555,26,Ready1H,16.297201,,,,26->26:Exact,none; server owns swing cadence
347,5.504288,0.015490,Tick,live-sample,true,0xF13000007900B1EF,,server,,unchecked,unchecked,none,83.41184,-2.6708555,26,Ready1H,16.31269,,,,26->26:Exact,none; server owns swing cadence
348,5.521146,0.016858,Tick,live-sample,true,0xF13000007900B1EF,,server,,unchecked,unchecked,none,83.41184,-2.6708555,26,Ready1H,16.329548,,,,26->26:Exact,none; server owns swing cadence
349,5.537735,0.016590,Tick,live-sample,true,0xF13000007900B1EF,,server,,unchecked,unchecked,none,83.41184,-2.6708555,26,Ready1H,16.346138,,,,26->26:Exact,none; server owns swing cadence
350,5.554358,0.016623,Tick,live-sample,true,0xF13000007900B1EF,,server,,unchecked,unchecked,none,83.41184,-2.6708555,26,Ready1H,16.36276,,,,26->26:Exact,none; server owns swing cadence
351,5.571137,0.016779,Tick,live-sample,true,0xF13000007900B1EF,,server,,unchecked,unchecked,none,83.41184,-2.6708555,26,Ready1H,16.37954,,,,26->26:Exact,none; server owns swing cadence
352,5.588357,0.017220,Tick,live-sample,true,0xF13000007900B1EF,,server,,unchecked,unchecked,none,83.41184,-2.6708555,26,Ready1H,16.396759,,,,26->26:Exact,none; server owns swing cadence
353,5.604705,0.016348,Tick,live-sample,true,0xF13000007900B1EF,,server,,unchecked,unchecked,none,83.41184,-2.6708555,26,Ready1H,16.413107,,,,26->26:Exact,none; server owns swing cadence
354,5.621255,0.016550,Tick,live-sample,true,0xF13000007900B1EF,,server,,unchecked,unchecked,none,83.41184,-2.6708555,26,Ready1H,16.429657,,,,26->26:Exact,none; server owns swing cadence
355,5.637845,0.016590,Tick,live-sample,true,0xF13000007900B1EF,,server,,unchecked,unchecked,none,83.41184,-2.6708555,26,Ready1H,16.446247,,,,26->26:Exact,none; server owns swing cadence
356,5.654724,0.016879,Tick,live-sample,true,0xF13000007900B1EF,,server,,unchecked,unchecked,none,83.41184,-2.6708555,26,Ready1H,16.463125,,,,26->26:Exact,none; server owns swing cadence
357,5.671492,0.016768,Tick,live-sample,true,0xF13000007900B1EF,,server,,unchecked,unchecked,none,83.41184,-2.6708555,26,Ready1H,16.479893,,,,26->26:Exact,none; server owns swing cadence
358,5.687846,0.016354,Tick,live-sample,true,0xF13000007900B1EF,,server,,unchecked,unchecked,none,83.41184,-2.6708555,26,Ready1H,16.496246,,,,26->26:Exact,none; server owns swing cadence
359,5.733832,0.045986,Tick,live-sample,true,0xF13000007900B1EF,,server,,unchecked,unchecked,none,83.41184,-2.6708555,26,Ready1H,16.542233,,,,26->26:Exact,none; server owns swing cadence
360,5.751839,0.018007,Tick,live-sample,true,0xF13000007900B1EF,,server,,unchecked,unchecked,none,83.41184,-2.6708555,26,Ready1H,16.56024,,,,26->26:Exact,none; server owns swing cadence
361,5.755604,0.003765,Tick,live-sample,true,0xF13000007900B1EF,,server,,unchecked,unchecked,none,83.41184,-2.6708555,26,Ready1H,16.564005,,,,26->26:Exact,none; server owns swing cadence
362,5.758693,0.003089,Tick,live-sample,true,0xF13000007900B1EF,,server,,unchecked,unchecked,none,83.41184,-2.6708555,26,Ready1H,16.567095,,,,26->26:Exact,none; server owns swing cadence
363,5.771351,0.012658,Tick,live-sample,true,0xF13000007900B1EF,,server,,unchecked,unchecked,none,83.41184,-2.6708555,26,Ready1H,16.579752,,,,26->26:Exact,none; server owns swing cadence
364,5.788926,0.017575,Tick,live-sample,true,0xF13000007900B1EF,,server,,unchecked,unchecked,none,83.41184,-2.6708555,26,Ready1H,16.597328,,,,26->26:Exact,none; server owns swing cadence
365,5.804639,0.015713,Tick,live-sample,true,0xF13000007900B1EF,,server,,unchecked,unchecked,none,83.41184,-2.6708555,26,Ready1H,16.61304,,,,26->26:Exact,none; server owns swing cadence
366,5.821706,0.017067,Tick,live-sample,true,0xF13000007900B1EF,,server,,unchecked,unchecked,none,83.41184,-2.6708555,26,Ready1H,16.630108,,,,26->26:Exact,none; server owns swing cadence
367,5.838065,0.016359,Tick,live-sample,true,0xF13000007900B1EF,,server,,unchecked,unchecked,none,83.41184,-2.6708555,26,Ready1H,16.646467,,,,26->26:Exact,none; server owns swing cadence
368,5.854674,0.016609,Tick,live-sample,true,0xF13000007900B1EF,,server,,unchecked,unchecked,none,83.41184,-2.6708555,26,Ready1H,16.663076,,,,26->26:Exact,none; server owns swing cadence
369,5.871476,0.016803,Tick,live-sample,true,0xF13000007900B1EF,,server,,unchecked,unchecked,none,83.41184,-2.6708555,26,Ready1H,16.679878,,,,26->26:Exact,none; server owns swing cadence
370,5.888395,0.016919,Tick,live-sample,true,0xF13000007900B1EF,,server,,unchecked,unchecked,none,83.41184,-2.6708555,26,Ready1H,16.696796,,,,26->26:Exact,none; server owns swing cadence
371,5.904798,0.016403,Tick,live-sample,true,0xF13000007900B1EF,,server,,unchecked,unchecked,none,83.41184,-2.6708555,26,Ready1H,16.7132,,,,26->26:Exact,none; server owns swing cadence
372,5.921354,0.016556,Tick,live-sample,true,0xF13000007900B1EF,,server,,unchecked,unchecked,none,83.41184,-2.6708555,26,Ready1H,16.729755,,,,26->26:Exact,none; server owns swing cadence
373,5.938122,0.016768,Tick,live-sample,true,0xF13000007900B1EF,,server,,unchecked,unchecked,none,83.41184,-2.6708555,26,Ready1H,16.746523,,,,26->26:Exact,none; server owns swing cadence
374,5.954855,0.016733,Tick,live-sample,true,0xF13000007900B1EF,,server,,unchecked,unchecked,none,83.41184,-2.6708555,26,Ready1H,16.763256,,,,26->26:Exact,none; server owns swing cadence
375,5.971496,0.016640,Tick,live-sample,true,0xF13000007900B1EF,,server,,unchecked,unchecked,none,83.41184,-2.6708555,26,Ready1H,16.779896,,,,26->26:Exact,none; server owns swing cadence
376,5.990114,0.018619,Tick,live-sample,true,0xF13000007900B1EF,,server,,unchecked,unchecked,none,83.41184,-2.6708555,26,Ready1H,16.798515,,,,26->26:Exact,none; server owns swing cadence
377,6.004838,0.014723,Tick,live-sample,true,0xF13000007900B1EF,,server,,unchecked,unchecked,none,83.41184,-2.6708555,26,Ready1H,16.813238,,,,26->26:Exact,none; server owns swing cadence
378,6.021486,0.016648,Tick,live-sample,true,0xF13000007900B1EF,,server,,unchecked,unchecked,none,83.41184,-2.6708555,26,Ready1H,16.829887,,,,26->26:Exact,none; server owns swing cadence
379,6.038356,0.016870,Tick,live-sample,true,0xF13000007900B1EF,,server,,unchecked,unchecked,none,83.41184,-2.6708555,26,Ready1H,16.846758,,,,26->26:Exact,none; server owns swing cadence
380,6.054810,0.016455,Tick,live-sample,true,0xF13000007900B1EF,,server,,unchecked,unchecked,none,83.41184,-2.6708555,26,Ready1H,16.863213,,,,26->26:Exact,none; server owns swing cadence
381,6.071464,0.016654,Tick,live-sample,true,0xF13000007900B1EF,,server,,unchecked,unchecked,none,83.41184,-2.6708555,26,Ready1H,16.879866,,,,26->26:Exact,none; server owns swing cadence
382,6.089427,0.017963,Tick,live-sample,true,0xF13000007900B1EF,,server,,unchecked,unchecked,none,83.41184,-2.6708555,26,Ready1H,16.89783,,,,26->26:Exact,none; server owns swing cadence
383,6.105065,0.015638,Tick,live-sample,true,0xF13000007900B1EF,,server,,unchecked,unchecked,none,83.41184,-2.6708555,26,Ready1H,16.913467,,,,26->26:Exact,none; server owns swing cadence
384,6.121867,0.016802,Tick,live-sample,true,0xF13000007900B1EF,,server,,unchecked,unchecked,none,83.41184,-2.6708555,26,Ready1H,16.93027,,,,26->26:Exact,none; server owns swing cadence
385,6.138504,0.016638,Tick,live-sample,true,0xF13000007900B1EF,,server,,unchecked,unchecked,none,83.41184,-2.6708555,26,Ready1H,16.946907,,,,26->26:Exact,none; server owns swing cadence
386,6.155174,0.016670,Tick,live-sample,true,0xF13000007900B1EF,,server,,unchecked,unchecked,none,83.41184,-2.6708555,26,Ready1H,16.963577,,,,26->26:Exact,none; server owns swing cadence
387,6.171672,0.016497,Tick,live-sample,true,0xF13000007900B1EF,,server,,unchecked,unchecked,none,83.41184,-2.6708555,26,Ready1H,16.980074,,,,26->26:Exact,none; server owns swing cadence
388,6.188486,0.016814,Tick,live-sample,true,0xF13000007900B1EF,,server,,unchecked,unchecked,none,83.41184,-2.6708555,26,Ready1H,16.996887,,,,26->26:Exact,none; server owns swing cadence
389,6.205133,0.016648,Tick,live-sample,true,0xF13000007900B1EF,,server,,unchecked,unchecked,none,83.41184,-2.6708555,26,Ready1H,17.013535,,,,26->26:Exact,none; server owns swing cadence
390,6.221710,0.016576,Tick,live-sample,true,0xF13000007900B1EF,,server,,unchecked,unchecked,none,83.41184,-2.6708555,26,Ready1H,17.030111,,,,26->26:Exact,none; server owns swing cadence
391,6.238403,0.016694,Tick,live-sample,true,0xF13000007900B1EF,,server,,unchecked,unchecked,none,83.41184,-2.6708555,26,Ready1H,17.046804,,,,26->26:Exact,none; server owns swing cadence
392,6.255054,0.016651,Tick,live-sample,true,0xF13000007900B1EF,,server,,unchecked,unchecked,none,83.41184,-2.6708555,26,Ready1H,17.063456,,,,26->26:Exact,none; server owns swing cadence
393,6.271971,0.016917,Tick,live-sample,true,0xF13000007900B1EF,,server,,unchecked,unchecked,none,83.41184,-2.6708555,26,Ready1H,17.080372,,,,26->26:Exact,none; server owns swing cadence
394,6.289445,0.017474,Tick,live-sample,true,0xF13000007900B1EF,,server,,unchecked,unchecked,none,83.41184,-2.6708555,26,Ready1H,17.097847,,,,26->26:Exact,none; server owns swing cadence
395,6.305143,0.015698,Tick,live-sample,true,0xF13000007900B1EF,,server,,unchecked,unchecked,none,83.41184,-2.6708555,26,Ready1H,17.113544,,,,26->26:Exact,none; server owns swing cadence
396,6.321701,0.016558,Tick,live-sample,true,0xF13000007900B1EF,,server,,unchecked,unchecked,none,83.41184,-2.6708555,26,Ready1H,17.130102,,,,26->26:Exact,none; server owns swing cadence
397,6.338403,0.016703,Tick,live-sample,true,0xF13000007900B1EF,,server,,unchecked,unchecked,none,83.41184,-2.6708555,26,Ready1H,17.146805,,,,26->26:Exact,none; server owns swing cadence
398,6.355105,0.016702,Tick,live-sample,true,0xF13000007900B1EF,,server,,unchecked,unchecked,none,83.41184,-2.6708555,26,Ready1H,17.163507,,,,26->26:Exact,none; server owns swing cadence
399,6.371775,0.016670,Tick,live-sample,true,0xF13000007900B1EF,,server,,unchecked,unchecked,none,83.41184,-2.6708555,26,Ready1H,17.180178,,,,26->26:Exact,none; server owns swing cadence
400,6.389272,0.017497,Tick,live-sample,true,0xF13000007900B1EF,,server,,unchecked,unchecked,none,83.41184,-2.6708555,26,Ready1H,17.197674,,,,26->26:Exact,none; server owns swing cadence
401,6.405154,0.015882,Tick,live-sample,true,0xF13000007900B1EF,,server,,unchecked,unchecked,none,83.41184,-2.6708555,26,Ready1H,17.213556,,,,26->26:Exact,none; server owns swing cadence
402,6.421930,0.016776,Tick,live-sample,true,0xF13000007900B1EF,,server,,unchecked,unchecked,none,83.41184,-2.6708555,26,Ready1H,17.230333,,,,26->26:Exact,none; server owns swing cadence
403,6.438492,0.016562,Tick,live-sample,true,0xF13000007900B1EF,,server,,unchecked,unchecked,none,83.41184,-2.6708555,26,Ready1H,17.246895,,,,26->26:Exact,none; server owns swing cadence
404,6.455218,0.016725,Tick,live-sample,true,0xF13000007900B1EF,,server,,unchecked,unchecked,none,83.41184,-2.6708555,26,Ready1H,17.26362,,,,26->26:Exact,none; server owns swing cadence
405,6.472074,0.016857,Tick,live-sample,true,0xF13000007900B1EF,,server,,unchecked,unchecked,none,83.41184,-2.6708555,26,Ready1H,17.280478,,,,26->26:Exact,none; server owns swing cadence
406,6.488774,0.016700,Tick,live-sample,true,0xF13000007900B1EF,,server,,unchecked,unchecked,none,83.41184,-2.6708555,26,Ready1H,17.297178,,,,26->26:Exact,none; server owns swing cadence
407,6.505133,0.016358,Tick,live-sample,true,0xF13000007900B1EF,,server,,unchecked,unchecked,none,83.41184,-2.6708555,26,Ready1H,17.313538,,,,26->26:Exact,none; server owns swing cadence
408,6.521930,0.016797,Tick,live-sample,true,0xF13000007900B1EF,,server,,unchecked,unchecked,none,83.41184,-2.6708555,26,Ready1H,17.330334,,,,26->26:Exact,none; server owns swing cadence
409,6.538609,0.016679,Tick,live-sample,true,0xF13000007900B1EF,,server,,unchecked,unchecked,none,83.41184,-2.6708555,26,Ready1H,17.347013,,,,26->26:Exact,none; server owns swing cadence
410,6.555517,0.016908,Tick,live-sample,true,0xF13000007900B1EF,,server,,unchecked,unchecked,none,83.41184,-2.6708555,26,Ready1H,17.36392,,,,26->26:Exact,none; server owns swing cadence
411,6.572148,0.016632,Tick,live-sample,true,0xF13000007900B1EF,,server,,unchecked,unchecked,none,83.41184,-2.6708555,26,Ready1H,17.380552,,,,26->26:Exact,none; server owns swing cadence
412,6.589572,0.017424,Tick,live-sample,true,0xF13000007900B1EF,,server,,unchecked,unchecked,none,83.41184,-2.6708555,26,Ready1H,17.397976,,,,26->26:Exact,none; server owns swing cadence
413,6.605318,0.015746,Tick,live-sample,true,0xF13000007900B1EF,,server,,unchecked,unchecked,none,83.41184,-2.6708555,26,Ready1H,17.413721,,,,26->26:Exact,none; server owns swing cadence
414,6.621948,0.016630,Tick,live-sample,true,0xF13000007900B1EF,,server,,unchecked,unchecked,none,83.41184,-2.6708555,26,Ready1H,17.430351,,,,26->26:Exact,none; server owns swing cadence
415,6.638747,0.016799,Tick,live-sample,true,0xF13000007900B1EF,,server,,unchecked,unchecked,none,83.41184,-2.6708555,26,Ready1H,17.44715,,,,26->26:Exact,none; server owns swing cadence
416,6.655452,0.016704,Tick,live-sample,true,0xF13000007900B1EF,,server,,unchecked,unchecked,none,83.41184,-2.6708555,26,Ready1H,17.463854,,,,26->26:Exact,none; server owns swing cadence
417,6.671936,0.016485,Tick,live-sample,true,0xF13000007900B1EF,,server,,unchecked,unchecked,none,83.41184,-2.6708555,26,Ready1H,17.48034,,,,26->26:Exact,none; server owns swing cadence
418,6.689105,0.017169,Tick,live-sample,true,0xF13000007900B1EF,,server,,unchecked,unchecked,none,83.41184,-2.6708555,26,Ready1H,17.497507,,,,26->26:Exact,none; server owns swing cadence
419,6.705492,0.016387,Tick,live-sample,true,0xF13000007900B1EF,,server,,unchecked,unchecked,none,83.41184,-2.6708555,26,Ready1H,17.513893,,,,26->26:Exact,none; server owns swing cadence
420,6.721908,0.016416,Tick,live-sample,true,0xF13000007900B1EF,,server,,unchecked,unchecked,none,83.41184,-2.6708555,26,Ready1H,17.53031,,,,26->26:Exact,none; server owns swing cadence
421,6.738714,0.016806,Tick,live-sample,true,0xF13000007900B1EF,,server,,unchecked,unchecked,none,83.41184,-2.6708555,26,Ready1H,17.547115,,,,26->26:Exact,none; server owns swing cadence
422,6.755401,0.016687,Tick,live-sample,true,0xF13000007900B1EF,,server,,unchecked,unchecked,none,83.41184,-2.6708555,26,Ready1H,17.563803,,,,26->26:Exact,none; server owns swing cadence
423,6.772412,0.017011,Tick,live-sample,true,0xF13000007900B1EF,,server,,unchecked,unchecked,none,83.41184,-2.6708555,26,Ready1H,17.580814,,,,26->26:Exact,none; server owns swing cadence
424,6.790351,0.017939,Tick,live-sample,true,0xF13000007900B1EF,,server,,unchecked,unchecked,none,83.41184,-2.6708555,26,Ready1H,17.598753,,,,26->26:Exact,none; server owns swing cadence
425,6.805493,0.015142,Tick,live-sample,true,0xF13000007900B1EF,,server,,unchecked,unchecked,none,83.41184,-2.6708555,26,Ready1H,17.613895,,,,26->26:Exact,none; server owns swing cadence
426,6.822209,0.016717,Tick,live-sample,true,0xF13000007900B1EF,,server,,unchecked,unchecked,none,83.41184,-2.6708555,26,Ready1H,17.630611,,,,26->26:Exact,none; server owns swing cadence
427,6.838812,0.016602,Tick,live-sample,true,0xF13000007900B1EF,,server,,unchecked,unchecked,none,83.41184,-2.6708555,26,Ready1H,17.647213,,,,26->26:Exact,none; server owns swing cadence
428,6.855537,0.016725,Tick,live-sample,true,0xF13000007900B1EF,,server,,unchecked,unchecked,none,83.41184,-2.6708555,26,Ready1H,17.663939,,,,26->26:Exact,none; server owns swing cadence
429,6.872441,0.016904,Tick,live-sample,true,0xF13000007900B1EF,,server,,unchecked,unchecked,none,83.41184,-2.6708555,26,Ready1H,17.680843,,,,26->26:Exact,none; server owns swing cadence
430,6.889992,0.017551,Tick,live-sample,true,0xF13000007900B1EF,,server,,unchecked,unchecked,none,83.41184,-2.6708555,26,Ready1H,17.698395,,,,26->26:Exact,none; server owns swing cadence
431,6.905519,0.015527,Tick,live-sample,true,0xF13000007900B1EF,,server,,unchecked,unchecked,none,83.41184,-2.6708555,26,Ready1H,17.713923,,,,26->26:Exact,none; server owns swing cadence
432,6.922456,0.016937,Tick,live-sample,true,0xF13000007900B1EF,,server,,unchecked,unchecked,none,83.41184,-2.6708555,26,Ready1H,17.73086,,,,26->26:Exact,none; server owns swing cadence
433,6.938913,0.016458,Tick,live-sample,true,0xF13000007900B1EF,,server,,unchecked,unchecked,none,83.41184,-2.6708555,26,Ready1H,17.747318,,,,26->26:Exact,none; server owns swing cadence
434,6.955618,0.016705,Tick,live-sample,true,0xF13000007900B1EF,,server,,unchecked,unchecked,none,83.41184,-2.6708555,26,Ready1H,17.764023,,,,26->26:Exact,none; server owns swing cadence
435,6.972226,0.016608,Tick,live-sample,true,0xF13000007900B1EF,,server,,unchecked,unchecked,none,83.41184,-2.6708555,26,Ready1H,17.78063,,,,26->26:Exact,none; server owns swing cadence
436,6.972226,0.000000,SwingReceive,server-swing,true,0x0000000000000105,SMSG_ATTACKERSTATEUPDATE,server,,unchecked,unchecked,none,63.251873,-5.4481764,26,Ready1H,17.78063,,,,26->26:Exact,attacker=0xF13000007A00E7F9 damage=20 hitInfo=0x00000002
437,6.989001,0.016776,Tick,live-sample,true,0xF13000007900B1EF,,server,,unchecked,unchecked,none,83.41184,-2.6708555,26,Ready1H,17.797405,,,,26->26:Exact,none; server owns swing cadence
438,7.005478,0.016477,Tick,live-sample,true,0xF13000007900B1EF,,server,,unchecked,unchecked,none,83.41184,-2.6708555,26,Ready1H,17.813883,,,,26->26:Exact,none; server owns swing cadence
439,7.022711,0.017233,Tick,live-sample,true,0xF13000007900B1EF,,server,,unchecked,unchecked,none,83.41184,-2.6708555,26,Ready1H,17.831116,,,,26->26:Exact,none; server owns swing cadence
440,7.039547,0.016836,Tick,live-sample,true,0xF13000007900B1EF,,server,,unchecked,unchecked,none,83.41184,-2.6708555,26,Ready1H,17.847952,,,,26->26:Exact,none; server owns swing cadence
441,7.055913,0.016366,Tick,live-sample,true,0xF13000007900B1EF,,server,,unchecked,unchecked,none,83.41184,-2.6708555,26,Ready1H,17.864319,,,,26->26:Exact,none; server owns swing cadence
442,7.072382,0.016468,Tick,live-sample,true,0xF13000007900B1EF,,server,,unchecked,unchecked,none,83.41184,-2.6708555,26,Ready1H,17.880787,,,,26->26:Exact,none; server owns swing cadence
443,7.090321,0.017940,Tick,live-sample,true,0xF13000007900B1EF,,server,,unchecked,unchecked,none,83.41184,-2.6708555,26,Ready1H,17.898727,,,,26->26:Exact,none; server owns swing cadence
444,7.105582,0.015261,Tick,live-sample,true,0xF13000007900B1EF,,server,,unchecked,unchecked,none,83.41184,-2.6708555,26,Ready1H,17.913988,,,,26->26:Exact,none; server owns swing cadence
445,7.122530,0.016948,Tick,live-sample,true,0xF13000007900B1EF,,server,,unchecked,unchecked,none,83.41184,-2.6708555,26,Ready1H,17.930937,,,,26->26:Exact,none; server owns swing cadence
446,7.139317,0.016787,Tick,live-sample,true,0xF13000007900B1EF,,server,,unchecked,unchecked,none,83.41184,-2.6708555,26,Ready1H,17.947723,,,,26->26:Exact,none; server owns swing cadence
447,7.155861,0.016544,Tick,live-sample,true,0xF13000007900B1EF,,server,,unchecked,unchecked,none,83.41184,-2.6708555,26,Ready1H,17.964268,,,,26->26:Exact,none; server owns swing cadence
448,7.172600,0.016739,Tick,live-sample,true,0xF13000007900B1EF,,server,,unchecked,unchecked,none,83.41184,-2.6708555,26,Ready1H,17.981007,,,,26->26:Exact,none; server owns swing cadence
449,7.172600,0.000000,CombatReceive,server,true,0x0000000000000000,SMSG_SPELLNONMELEEDAMAGELOG,server,,unchecked,unchecked,none,-1,,26,Ready1H,17.981007,,,,26->26:Exact,CombatSpellDamage
450,7.189727,0.017127,Tick,live-sample,true,0xF13000007900B1EF,,server,,unchecked,unchecked,none,83.41184,-2.6708555,26,Ready1H,17.998133,,,,26->26:Exact,none; server owns swing cadence
451,7.206050,0.016323,Tick,live-sample,true,0xF13000007900B1EF,,server,,unchecked,unchecked,none,83.41375,-2.6713305,26,Ready1H,18.014456,,,,26->26:Exact,none; server owns swing cadence
452,7.222532,0.016482,Tick,live-sample,true,0xF13000007900B1EF,,server,,unchecked,unchecked,none,83.415344,-2.6718311,26,Ready1H,18.030937,,,,26->26:Exact,none; server owns swing cadence
453,7.239213,0.016681,Tick,live-sample,true,0xF13000007900B1EF,,server,,unchecked,unchecked,none,83.417755,-2.6723385,26,Ready1H,18.047619,,,,26->26:Exact,none; server owns swing cadence
454,7.255890,0.016676,Tick,live-sample,true,0xF13000007900B1EF,,server,,unchecked,unchecked,none,83.418915,-2.6728067,26,Ready1H,18.064295,,,,26->26:Exact,none; server owns swing cadence
455,7.272583,0.016693,Tick,live-sample,true,0xF13000007900B1EF,,server,,unchecked,unchecked,none,83.42137,-2.673314,26,Ready1H,18.080988,,,,26->26:Exact,none; server owns swing cadence
456,7.289318,0.016734,Tick,live-sample,true,0xF13000007900B1EF,,server,,unchecked,unchecked,none,83.42305,-2.6738148,26,Ready1H,18.097723,,,,26->26:Exact,none; server owns swing cadence
457,7.289318,0.000000,SwingReceive,server-swing,true,0x0000000000000105,SMSG_ATTACKERSTATEUPDATE,server,,unchecked,unchecked,none,63.251873,-5.4481764,26,Ready1H,18.097723,,,,26->26:Exact,attacker=0xF13000007A00E7F9 damage=0 hitInfo=0x00000014
458,7.306433,0.017116,Tick,live-sample,true,0xF13000007900B1EF,,server,,unchecked,unchecked,none,83.42555,-2.6743221,26,Ready1H,18.11484,,,,26->26:Exact,none; server owns swing cadence
459,7.322803,0.016370,Tick,live-sample,true,0xF13000007900B1EF,,server,,unchecked,unchecked,none,83.426865,-2.674789,26,Ready1H,18.13121,,,,26->26:Exact,none; server owns swing cadence
460,7.339498,0.016694,Tick,live-sample,true,0xF13000007900B1EF,,server,,unchecked,unchecked,none,83.4294,-2.675296,26,Ready1H,18.147905,,,,26->26:Exact,none; server owns swing cadence
461,7.355919,0.016422,Tick,live-sample,true,0xF13000007900B1EF,,server,,unchecked,unchecked,none,83.43148,-2.6757708,26,Ready1H,18.164328,,,,26->26:Exact,none; server owns swing cadence
462,7.372727,0.016808,Tick,live-sample,true,0xF13000007900B1EF,,server,,unchecked,unchecked,none,83.433266,-2.6762714,26,Ready1H,18.181135,,,,26->26:Exact,none; server owns swing cadence
463,7.390135,0.017408,Tick,live-sample,true,0xF13000007900B1EF,,server,,unchecked,unchecked,none,83.43555,-2.6768045,26,Ready1H,18.198544,,,,26->26:Exact,none; server owns swing cadence
464,7.406097,0.015962,Tick,live-sample,true,0xF13000007900B1EF,,server,,unchecked,unchecked,none,83.43769,-2.677279,26,Ready1H,18.214506,,,,26->26:Exact,none; server owns swing cadence
465,7.422686,0.016588,Tick,live-sample,true,0xF13000007900B1EF,,server,,unchecked,unchecked,none,83.43985,-2.6777537,26,Ready1H,18.231094,,,,26->26:Exact,none; server owns swing cadence
466,7.439469,0.016784,Tick,live-sample,true,0xF13000007900B1EF,,server,,unchecked,unchecked,none,83.44171,-2.6782541,26,Ready1H,18.247877,,,,26->26:Exact,none; server owns swing cadence
467,7.456204,0.016735,Tick,live-sample,true,0xF13000007900B1EF,,server,,unchecked,unchecked,none,83.4444,-2.678761,26,Ready1H,18.264612,,,,26->26:Exact,none; server owns swing cadence
468,7.472838,0.016634,Tick,live-sample,true,0xF13000007900B1EF,,server,,unchecked,unchecked,none,83.445816,-2.679229,26,Ready1H,18.281246,,,,26->26:Exact,none; server owns swing cadence
469,7.489301,0.016463,Tick,live-sample,true,0xF13000007900B1EF,,server,,unchecked,unchecked,none,83.44854,-2.6797361,26,Ready1H,18.29771,,,,26->26:Exact,none; server owns swing cadence
470,7.506109,0.016807,Tick,live-sample,true,0xF13000007900B1EF,,server,,unchecked,unchecked,none,83.450485,-2.6802363,26,Ready1H,18.314518,,,,26->26:Exact,none; server owns swing cadence
471,7.522650,0.016541,Tick,live-sample,true,0xF13000007900B1EF,,server,,unchecked,unchecked,none,83.45277,-2.6807108,26,Ready1H,18.331059,,,,26->26:Exact,none; server owns swing cadence
472,7.539335,0.016685,Tick,live-sample,true,0xF13000007900B1EF,,server,,unchecked,unchecked,none,83.45475,-2.681211,26,Ready1H,18.347744,,,,26->26:Exact,none; server owns swing cadence
473,7.556051,0.016716,Tick,live-sample,true,0xF13000007900B1EF,,server,,unchecked,unchecked,none,83.45706,-2.6816854,26,Ready1H,18.36446,,,,26->26:Exact,none; server owns swing cadence
474,7.572821,0.016770,Tick,live-sample,true,0xF13000007900B1EF,,server,,unchecked,unchecked,none,83.45996,-2.6821911,26,Ready1H,18.38123,,,,26->26:Exact,none; server owns swing cadence
475,7.591515,0.018695,Tick,live-sample,true,0xF13000007900B1EF,,server,,unchecked,unchecked,none,83.46221,-2.6827497,26,Ready1H,18.399923,,,,26->26:Exact,none; server owns swing cadence
476,7.606344,0.014829,Tick,live-sample,true,0xF13000007900B1EF,,server,,unchecked,unchecked,none,83.46408,-2.6831915,26,Ready1H,18.414751,,,,26->26:Exact,none; server owns swing cadence
477,7.623041,0.016697,Tick,live-sample,true,0xF13000007900B1EF,,server,,unchecked,unchecked,none,83.46648,-2.6836658,26,Ready1H,18.431448,,,,26->26:Exact,none; server owns swing cadence
478,7.639667,0.016626,Tick,live-sample,true,0xF13000007900B1EF,,server,,unchecked,unchecked,none,83.46939,-2.6841726,26,Ready1H,18.448074,,,,26->26:Exact,none; server owns swing cadence
479,7.656077,0.016410,Tick,live-sample,true,0xF13000007900B1EF,,server,,unchecked,unchecked,none,83.471016,-2.6846402,26,Ready1H,18.464485,,,,26->26:Exact,none; server owns swing cadence
480,7.672869,0.016792,Tick,live-sample,true,0xF13000007900B1EF,,server,,unchecked,unchecked,none,83.473976,-2.6851468,26,Ready1H,18.481277,,,,26->26:Exact,none; server owns swing cadence
481,7.690591,0.017722,Tick,live-sample,true,0xF13000007900B1EF,,server,,unchecked,unchecked,none,83.476654,-2.6856794,26,Ready1H,18.498999,,,,26->26:Exact,none; server owns swing cadence
482,7.706198,0.015607,Tick,live-sample,true,0xF13000007900B1EF,,server,,unchecked,unchecked,none,83.47914,-2.6861534,26,Ready1H,18.514606,,,,26->26:Exact,none; server owns swing cadence
483,7.723333,0.017135,Tick,live-sample,true,0xF13000007900B1EF,,server,,unchecked,unchecked,none,83.48135,-2.6866536,26,Ready1H,18.531742,,,,26->26:Exact,none; server owns swing cadence
484,7.739587,0.016254,Tick,live-sample,true,0xF13000007900B1EF,,server,,unchecked,unchecked,none,83.48389,-2.6871276,26,Ready1H,18.547997,,,,26->26:Exact,none; server owns swing cadence
485,7.756459,0.016872,Tick,live-sample,true,0xF13000007900B1EF,,server,,unchecked,unchecked,none,83.486145,-2.6876276,26,Ready1H,18.564869,,,,26->26:Exact,none; server owns swing cadence
486,7.772945,0.016486,Tick,live-sample,true,0xF13000007900B1EF,,server,,unchecked,unchecked,none,83.488716,-2.6881015,26,Ready1H,18.581356,,,,26->26:Exact,none; server owns swing cadence
487,7.789593,0.016648,Tick,live-sample,true,0xF13000007900B1EF,,server,,unchecked,unchecked,none,83.491005,-2.6886015,26,Ready1H,18.598003,,,,26->26:Exact,none; server owns swing cadence
488,7.806399,0.016806,Tick,live-sample,true,0xF13000007900B1EF,,server,,unchecked,unchecked,none,83.4942,-2.6891067,26,Ready1H,18.614809,,,,26->26:Exact,none; server owns swing cadence
489,7.823096,0.016697,Tick,live-sample,true,0xF13000007900B1EF,,server,,unchecked,unchecked,none,83.49654,-2.6896064,26,Ready1H,18.631506,,,,26->26:Exact,none; server owns swing cadence
490,7.839667,0.016571,Tick,live-sample,true,0xF13000007900B1EF,,server,,unchecked,unchecked,none,83.49918,-2.6900804,26,Ready1H,18.648077,,,,26->26:Exact,none; server owns swing cadence
491,7.856594,0.016926,Tick,live-sample,true,0xF13000007900B1EF,,server,,unchecked,unchecked,none,83.502365,-2.6905866,26,Ready1H,18.665003,,,,26->26:Exact,none; server owns swing cadence
492,7.872989,0.016395,Tick,live-sample,true,0xF13000007900B1EF,,server,,unchecked,unchecked,none,83.50425,-2.6910539,26,Ready1H,18.681398,,,,26->26:Exact,none; server owns swing cadence
493,7.891229,0.018240,Tick,live-sample,true,0xF13000007900B1EF,,server,,unchecked,unchecked,none,83.50771,-2.6916184,26,Ready1H,18.699638,,,,26->26:Exact,none; server owns swing cadence
494,7.906446,0.015217,Tick,live-sample,true,0xF13000007900B1EF,,server,,unchecked,unchecked,none,83.50991,-2.69206,26,Ready1H,18.714855,,,,26->26:Exact,none; server owns swing cadence
495,7.923008,0.016561,Tick,live-sample,true,0xF13000007900B1EF,,server,,unchecked,unchecked,none,83.51266,-2.6925335,26,Ready1H,18.731417,,,,26->26:Exact,none; server owns swing cadence
496,7.939793,0.016786,Tick,live-sample,true,0xF13000007900B1EF,,server,,unchecked,unchecked,none,83.51514,-2.6930332,26,Ready1H,18.748203,,,,26->26:Exact,none; server owns swing cadence
497,7.956282,0.016488,Tick,live-sample,true,0xF13000007900B1EF,,server,,unchecked,unchecked,none,83.51845,-2.6935394,26,Ready1H,18.764692,,,,26->26:Exact,none; server owns swing cadence
498,7.973309,0.017027,Tick,live-sample,true,0xF13000007900B1EF,,server,,unchecked,unchecked,none,83.52097,-2.6940389,26,Ready1H,18.78172,,,,26->26:Exact,none; server owns swing cadence
499,7.990567,0.017258,Tick,live-sample,true,0xF13000007900B1EF,,server,,unchecked,unchecked,none,83.52432,-2.6945448,26,Ready1H,18.798977,,,,26->26:Exact,none; server owns swing cadence
500,8.006339,0.015772,Tick,live-sample,true,0xF13000007900B1EF,,server,,unchecked,unchecked,none,83.52636,-2.695012,26,Ready1H,18.814749,,,,26->26:Exact,none; server owns swing cadence
501,8.023213,0.016875,Tick,live-sample,true,0xF13000007900B1EF,,server,,unchecked,unchecked,none,83.529755,-2.695518,26,Ready1H,18.831623,,,,26->26:Exact,none; server owns swing cadence
502,8.040088,0.016875,Tick,live-sample,true,0xF13000007900B1EF,,server,,unchecked,unchecked,none,83.53236,-2.6960173,26,Ready1H,18.848497,,,,26->26:Exact,none; server owns swing cadence
503,8.056291,0.016202,Tick,live-sample,true,0xF13000007900B1EF,,server,,unchecked,unchecked,none,83.535324,-2.6964896,26,Ready1H,18.8647,,,,26->26:Exact,none; server owns swing cadence
504,8.073251,0.016960,Tick,live-sample,true,0xF13000007900B1EF,,server,,unchecked,unchecked,none,83.53797,-2.696989,26,Ready1H,18.88166,,,,26->26:Exact,none; server owns swing cadence
505,8.089699,0.016448,Tick,live-sample,true,0xF13000007900B1EF,,server,,unchecked,unchecked,none,83.54091,-2.6974623,26,Ready1H,18.89811,,,,26->26:Exact,none; server owns swing cadence
506,8.106405,0.016705,Tick,live-sample,true,0xF13000007900B1EF,,server,,unchecked,unchecked,none,83.54441,-2.697968,26,Ready1H,18.914814,,,,26->26:Exact,none; server owns swing cadence
507,8.123075,0.016670,Tick,live-sample,true,0xF13000007900B1EF,,server,,unchecked,unchecked,none,83.54657,-2.6984348,26,Ready1H,18.931484,,,,26->26:Exact,none; server owns swing cadence
508,8.139941,0.016866,Tick,live-sample,true,0xF13000007900B1EF,,server,,unchecked,unchecked,none,83.55011,-2.6989408,26,Ready1H,18.94835,,,,26->26:Exact,none; server owns swing cadence
509,8.156875,0.016934,Tick,live-sample,true,0xF13000007900B1EF,,server,,unchecked,unchecked,none,83.552864,-2.69944,26,Ready1H,18.965284,,,,26->26:Exact,none; server owns swing cadence
510,8.173690,0.016814,Tick,live-sample,true,0xF13000007900B1EF,,server,,unchecked,unchecked,none,83.55644,-2.6999454,26,Ready1H,18.9821,,,,26->26:Exact,none; server owns swing cadence
511,8.191248,0.017558,Tick,live-sample,true,0xF13000007900B1EF,,server,,unchecked,unchecked,none,83.55978,-2.7004771,26,Ready1H,18.999659,,,,26->26:Exact,none; server owns swing cadence
512,8.206770,0.015522,Tick,live-sample,true,0xF13000007900B1EF,,server,,unchecked,unchecked,none,83.56231,-2.7009177,26,Ready1H,19.01518,,,,26->26:Exact,none; server owns swing cadence
513,8.223173,0.016402,Tick,live-sample,true,0xF13000007900B1EF,,server,,unchecked,unchecked,none,83.56513,-2.701417,26,Ready1H,19.031584,,,,26->26:Exact,none; server owns swing cadence
514,8.239952,0.016779,Tick,live-sample,true,0xF13000007900B1EF,,server,,unchecked,unchecked,none,83.56825,-2.70189,26,Ready1H,19.048363,,,,26->26:Exact,none; server owns swing cadence
515,8.256665,0.016713,Tick,live-sample,true,0xF13000007900B1EF,,server,,unchecked,unchecked,none,83.57112,-2.7023888,26,Ready1H,19.065075,,,,26->26:Exact,none; server owns swing cadence
516,8.273358,0.016694,Tick,live-sample,true,0xF13000007900B1EF,,server,,unchecked,unchecked,none,83.57483,-2.7028942,26,Ready1H,19.081768,,,,26->26:Exact,none; server owns swing cadence
517,8.290583,0.017225,Tick,live-sample,true,0xF13000007900B1EF,,server,,unchecked,unchecked,none,83.57774,-2.7033932,26,Ready1H,19.098993,,,,26->26:Exact,none; server owns swing cadence
518,8.306629,0.016046,Tick,live-sample,true,0xF13000007900B1EF,,server,,unchecked,unchecked,none,83.581,-2.7038648,26,Ready1H,19.11504,,,,26->26:Exact,none; server owns swing cadence
519,8.323581,0.016952,Tick,live-sample,true,0xF13000007900B1EF,,server,,unchecked,unchecked,none,83.58477,-2.70437,26,Ready1H,19.131992,,,,26->26:Exact,none; server owns swing cadence
520,8.340284,0.016703,Tick,live-sample,true,0xF13000007900B1EF,,server,,unchecked,unchecked,none,83.58774,-2.704869,26,Ready1H,19.148695,,,,26->26:Exact,none; server owns swing cadence
521,8.356901,0.016617,Tick,live-sample,true,0xF13000007900B1EF,,server,,unchecked,unchecked,none,83.590996,-2.7053418,26,Ready1H,19.165312,,,,26->26:Exact,none; server owns swing cadence
522,8.373668,0.016767,Tick,live-sample,true,0xF13000007900B1EF,,server,,unchecked,unchecked,none,83.59401,-2.7058406,26,Ready1H,19.18208,,,,26->26:Exact,none; server owns swing cadence
523,8.390323,0.016655,Tick,live-sample,true,0xF13000007900B1EF,,server,,unchecked,unchecked,none,83.59786,-2.7063456,26,Ready1H,19.198734,,,,26->26:Exact,none; server owns swing cadence
524,8.406744,0.016421,Tick,live-sample,true,0xF13000007900B1EF,,server,,unchecked,unchecked,none,83.60035,-2.706812,26,Ready1H,19.215155,,,,26->26:Exact,none; server owns swing cadence
525,8.423791,0.017047,Tick,live-sample,true,0xF13000007900B1EF,,server,,unchecked,unchecked,none,83.60425,-2.7073169,26,Ready1H,19.232203,,,,26->26:Exact,none; server owns swing cadence
526,8.440093,0.016302,Tick,live-sample,true,0xF13000007900B1EF,,server,,unchecked,unchecked,none,83.60734,-2.7078154,26,Ready1H,19.248505,,,,26->26:Exact,none; server owns swing cadence
527,8.456772,0.016680,Tick,live-sample,true,0xF13000007900B1EF,,server,,unchecked,unchecked,none,83.61071,-2.7082882,26,Ready1H,19.265184,,,,26->26:Exact,none; server owns swing cadence
528,8.473679,0.016907,Tick,live-sample,true,0xF13000007900B1EF,,server,,unchecked,unchecked,none,83.613846,-2.7087865,26,Ready1H,19.282091,,,,26->26:Exact,none; server owns swing cadence
529,8.491198,0.017519,Tick,live-sample,true,0xF13000007900B1EF,,server,,unchecked,unchecked,none,83.61757,-2.7093174,26,Ready1H,19.29961,,,,26->26:Exact,none; server owns swing cadence
530,8.506833,0.015634,Tick,live-sample,true,0xF13000007900B1EF,,server,,unchecked,unchecked,none,83.62125,-2.709764,26,Ready1H,19.315245,,,,26->26:Exact,none; server owns swing cadence
531,8.523594,0.016762,Tick,live-sample,true,0xF13000007900B1EF,,server,,unchecked,unchecked,none,83.62444,-2.7102623,26,Ready1H,19.332006,,,,26->26:Exact,none; server owns swing cadence
532,8.540345,0.016751,Tick,live-sample,true,0xF13000007900B1EF,,server,,unchecked,unchecked,none,83.62766,-2.7107606,26,Ready1H,19.348757,,,,26->26:Exact,none; server owns swing cadence
533,8.557127,0.016782,Tick,live-sample,true,0xF13000007900B1EF,,server,,unchecked,unchecked,none,83.63179,-2.7112641,26,Ready1H,19.36554,,,,26->26:Exact,none; server owns swing cadence
534,8.573537,0.016410,Tick,live-sample,true,0xF13000007900B1EF,,server,,unchecked,unchecked,none,83.63529,-2.7117364,26,Ready1H,19.38195,,,,26->26:Exact,none; server owns swing cadence
535,8.590367,0.016830,Tick,live-sample,true,0xF13000007900B1EF,,server,,unchecked,unchecked,none,83.63857,-2.7122345,26,Ready1H,19.39878,,,,26->26:Exact,none; server owns swing cadence
536,8.607136,0.016770,Tick,live-sample,true,0xF13000007900B1EF,,server,,unchecked,unchecked,none,83.64188,-2.7127328,26,Ready1H,19.41555,,,,26->26:Exact,none; server owns swing cadence
537,8.623863,0.016726,Tick,live-sample,true,0xF13000007900B1EF,,server,,unchecked,unchecked,none,83.64544,-2.7132049,26,Ready1H,19.432276,,,,26->26:Exact,none; server owns swing cadence
538,8.640354,0.016491,Tick,live-sample,true,0xF13000007900B1EF,,server,,unchecked,unchecked,none,83.649605,-2.7137094,26,Ready1H,19.448767,,,,26->26:Exact,none; server owns swing cadence
539,8.657315,0.016961,Tick,live-sample,true,0xF13000007900B1EF,,server,,unchecked,unchecked,none,83.65296,-2.7142074,26,Ready1H,19.465727,,,,26->26:Exact,none; server owns swing cadence
540,8.673650,0.016335,Tick,live-sample,true,0xF13000007900B1EF,,server,,unchecked,unchecked,none,83.656586,-2.7146795,26,Ready1H,19.482061,,,,26->26:Exact,none; server owns swing cadence
541,8.692271,0.018621,Tick,live-sample,true,0xF13000007900B1EF,,server,,unchecked,unchecked,none,83.66034,-2.7152357,26,Ready1H,19.500683,,,,26->26:Exact,none; server owns swing cadence
542,8.706883,0.014612,Tick,live-sample,true,0xF13000007900B1EF,,server,,unchecked,unchecked,none,83.66364,-2.7156496,26,Ready1H,19.515295,,,,26->26:Exact,none; server owns swing cadence
543,8.723616,0.016733,Tick,live-sample,true,0xF13000007900B1EF,,server,,unchecked,unchecked,none,83.66791,-2.7161536,26,Ready1H,19.532028,,,,26->26:Exact,none; server owns swing cadence
544,8.740476,0.016860,Tick,live-sample,true,0xF13000007900B1EF,,server,,unchecked,unchecked,none,83.67138,-2.7166514,26,Ready1H,19.548887,,,,26->26:Exact,none; server owns swing cadence
545,8.757093,0.016617,Tick,live-sample,true,0xF13000007900B1EF,,server,,unchecked,unchecked,none,83.67486,-2.7171493,26,Ready1H,19.565504,,,,26->26:Exact,none; server owns swing cadence
546,8.773616,0.016523,Tick,live-sample,true,0xF13000007900B1EF,,server,,unchecked,unchecked,none,83.6786,-2.717621,26,Ready1H,19.582027,,,,26->26:Exact,none; server owns swing cadence
547,8.791130,0.017514,Tick,live-sample,true,0xF13000007900B1EF,,server,,unchecked,unchecked,none,83.68496,-2.7181525,26,Ready1H,19.59954,,,,26->26:Exact,none; server owns swing cadence
548,8.806952,0.015823,Tick,live-sample,true,0xF13000007900B1EF,,server,,unchecked,unchecked,none,83.69287,-2.71859,26,Ready1H,19.615364,,,,26->26:Exact,none; server owns swing cadence
549,8.823874,0.016922,Tick,live-sample,true,0xF13000007900B1EF,,server,,unchecked,unchecked,none,83.702194,-2.7190883,26,Ready1H,19.632286,,,,26->26:Exact,none; server owns swing cadence
550,8.840556,0.016682,Tick,live-sample,true,0xF13000007900B1EF,,server,,unchecked,unchecked,none,83.71154,-2.7195864,26,Ready1H,19.648968,,,,26->26:Exact,none; server owns swing cadence
551,8.857344,0.016787,Tick,live-sample,true,0xF13000007900B1EF,,server,,unchecked,unchecked,none,83.72091,-2.7200842,26,Ready1H,19.665754,,,,26->26:Exact,none; server owns swing cadence
552,8.874250,0.016906,Tick,live-sample,true,0xF13000007900B1EF,,server,,unchecked,unchecked,none,83.72947,-2.7205758,26,Ready1H,19.682661,,,,26->26:Exact,none; server owns swing cadence
553,8.890514,0.016264,Tick,live-sample,true,0xF13000007900B1EF,,server,,unchecked,unchecked,none,83.738144,-2.721044,26,Ready1H,19.698925,,,,26->26:Exact,none; server owns swing cadence
554,8.907656,0.017141,Tick,live-sample,true,0xF13000007900B1EF,,server,,unchecked,unchecked,none,83.74757,-2.7215416,26,Ready1H,19.716066,,,,26->26:Exact,none; server owns swing cadence
555,8.923951,0.016295,Tick,live-sample,true,0xF13000007900B1EF,,server,,unchecked,unchecked,none,83.75635,-2.7220082,26,Ready1H,19.73236,,,,26->26:Exact,none; server owns swing cadence
556,8.940301,0.016350,Tick,live-sample,true,0xF13000007900B1EF,,server,,unchecked,unchecked,none,83.765816,-2.7225056,26,Ready1H,19.74871,,,,26->26:Exact,none; server owns swing cadence
557,8.957130,0.016829,Tick,live-sample,true,0xF13000007900B1EF,,server,,unchecked,unchecked,none,83.7753,-2.723003,26,Ready1H,19.76554,,,,26->26:Exact,none; server owns swing cadence
558,8.974410,0.017280,Tick,live-sample,true,0xF13000007900B1EF,,server,,unchecked,unchecked,none,83.78481,-2.7235003,26,Ready1H,19.782818,,,,26->26:Exact,none; server owns swing cadence
559,8.991597,0.017188,Tick,live-sample,true,0xF13000007900B1EF,,server,,unchecked,unchecked,none,83.79427,-2.7239985,26,Ready1H,19.800005,,,,26->26:Exact,none; server owns swing cadence
560,9.007425,0.015828,Tick,live-sample,true,0xF13000007900B1EF,,server,,unchecked,unchecked,none,83.80315,-2.7244644,26,Ready1H,19.815832,,,,26->26:Exact,none; server owns swing cadence
561,9.024056,0.016631,Tick,live-sample,true,0xF13000007900B1EF,,server,,unchecked,unchecked,none,83.81197,-2.7249317,26,Ready1H,19.832462,,,,26->26:Exact,none; server owns swing cadence
562,9.040511,0.016455,Tick,live-sample,true,0xF13000007900B1EF,,server,,unchecked,unchecked,none,83.821556,-2.7254286,26,Ready1H,19.848917,,,,26->26:Exact,none; server owns swing cadence
563,9.058033,0.017522,Tick,live-sample,true,0xF13000007900B1EF,,server,,unchecked,unchecked,none,83.83117,-2.7259252,26,Ready1H,19.866438,,,,26->26:Exact,none; server owns swing cadence
564,9.073926,0.015894,Tick,live-sample,true,0xF13000007900B1EF,,server,,unchecked,unchecked,none,83.836655,-2.7262154,26,Ready1H,19.882332,,,,26->26:Exact,none; server owns swing cadence
565,9.091716,0.017790,Tick,live-sample,true,0xF13000007900B1EF,,server,,unchecked,unchecked,none,83.836655,-2.7262154,26,Ready1H,19.900122,,,,26->26:Exact,none; server owns swing cadence
566,9.107276,0.015560,Tick,live-sample,true,0xF13000007900B1EF,,server,,unchecked,unchecked,none,83.836655,-2.7262154,26,Ready1H,19.915682,,,,26->26:Exact,none; server owns swing cadence
567,9.123990,0.016714,Tick,live-sample,true,0xF13000007900B1EF,,server,,unchecked,unchecked,none,83.836655,-2.7262154,26,Ready1H,19.932396,,,,26->26:Exact,none; server owns swing cadence
568,9.140827,0.016836,Tick,live-sample,true,0xF13000007900B1EF,,server,,unchecked,unchecked,none,83.836655,-2.7262154,26,Ready1H,19.949232,,,,26->26:Exact,none; server owns swing cadence
569,9.157369,0.016542,Tick,live-sample,true,0xF13000007900B1EF,,server,,unchecked,unchecked,none,83.836655,-2.7262154,26,Ready1H,19.965775,,,,26->26:Exact,none; server owns swing cadence
570,9.174631,0.017263,Tick,live-sample,true,0xF13000007900B1EF,,server,,unchecked,unchecked,none,83.810455,-2.7258148,26,Ready1H,19.983038,,,,26->26:Exact,none; server owns swing cadence
571,9.190721,0.016089,Tick,live-sample,true,0xF13000007900B1EF,,server,,unchecked,unchecked,none,83.78623,-2.7254424,26,Ready1H,19.999126,,,,26->26:Exact,none; server owns swing cadence
572,9.207458,0.016738,Tick,live-sample,true,0xF13000007900B1EF,,server,,unchecked,unchecked,none,83.76006,-2.7250414,26,Ready1H,20.015863,,,,26->26:Exact,none; server owns swing cadence
573,9.224172,0.016714,Tick,live-sample,true,0xF13000007900B1EF,,server,,unchecked,unchecked,none,83.73383,-2.724641,26,Ready1H,20.032578,,,,26->26:Exact,none; server owns swing cadence
574,9.241077,0.016904,Tick,live-sample,true,0xF13000007900B1EF,,server,,unchecked,unchecked,none,83.708885,-2.7242606,26,Ready1H,20.049482,,,,26->26:Exact,none; server owns swing cadence
575,9.257603,0.016526,Tick,live-sample,true,0xF13000007900B1EF,,server,,unchecked,unchecked,none,83.68351,-2.7238662,26,Ready1H,20.066008,,,,26->26:Exact,none; server owns swing cadence
576,9.274080,0.016477,Tick,live-sample,true,0xF13000007900B1EF,,server,,unchecked,unchecked,none,83.658585,-2.7234852,26,Ready1H,20.082485,,,,26->26:Exact,none; server owns swing cadence
577,9.291898,0.017819,Tick,live-sample,true,0xF13000007900B1EF,,server,,unchecked,unchecked,none,83.63122,-2.723063,26,Ready1H,20.100304,,,,26->26:Exact,none; server owns swing cadence
578,9.307435,0.015536,Tick,live-sample,true,0xF13000007900B1EF,,server,,unchecked,unchecked,none,83.60632,-2.7226815,26,Ready1H,20.115839,,,,26->26:Exact,none; server owns swing cadence
579,9.324161,0.016727,Tick,live-sample,true,0xF13000007900B1EF,,server,,unchecked,unchecked,none,83.58018,-2.72228,26,Ready1H,20.132566,,,,26->26:Exact,none; server owns swing cadence
580,9.341114,0.016953,Tick,live-sample,true,0xF13000007900B1EF,,server,,unchecked,unchecked,none,83.55494,-2.721883,26,Ready1H,20.149519,,,,26->26:Exact,none; server owns swing cadence
581,9.357610,0.016496,Tick,live-sample,true,0xF13000007900B1EF,,server,,unchecked,unchecked,none,83.53001,-2.721502,26,Ready1H,20.166016,,,,26->26:Exact,none; server owns swing cadence
582,9.374508,0.016898,Tick,live-sample,true,0xF13000007900B1EF,,server,,unchecked,unchecked,none,83.50397,-2.7210984,26,Ready1H,20.182913,,,,26->26:Exact,none; server owns swing cadence
583,9.390801,0.016293,Tick,live-sample,true,0xF13000007900B1EF,,server,,unchecked,unchecked,none,83.4799,-2.7207234,26,Ready1H,20.199205,,,,26->26:Exact,none; server owns swing cadence
584,9.407478,0.016678,Tick,live-sample,true,0xF13000007900B1EF,,server,,unchecked,unchecked,none,83.45388,-2.7203193,26,Ready1H,20.215883,,,,26->26:Exact,none; server owns swing cadence
585,9.424512,0.017034,Tick,live-sample,true,0xF13000007900B1EF,,server,,unchecked,unchecked,none,83.42781,-2.7199163,26,Ready1H,20.232916,,,,26->26:Exact,none; server owns swing cadence
586,9.441135,0.016623,Tick,live-sample,true,0xF13000007900B1EF,,server,,unchecked,unchecked,none,83.401825,-2.7195117,26,Ready1H,20.249538,,,,26->26:Exact,none; server owns swing cadence
587,9.457579,0.016444,Tick,live-sample,true,0xF13000007900B1EF,,server,,unchecked,unchecked,none,83.3778,-2.7191358,26,Ready1H,20.265982,,,,26->26:Exact,none; server owns swing cadence
588,9.474401,0.016822,Tick,live-sample,true,0xF13000007900B1EF,,server,,unchecked,unchecked,none,83.35184,-2.7187307,26,Ready1H,20.282804,,,,26->26:Exact,none; server owns swing cadence
589,9.492638,0.018237,Tick,live-sample,true,0xF13000007900B1EF,,server,,unchecked,unchecked,none,83.323814,-2.718299,26,Ready1H,20.301043,,,,26->26:Exact,none; server owns swing cadence
590,9.507808,0.015170,Tick,live-sample,true,0xF13000007900B1EF,,server,,unchecked,unchecked,none,83.30108,-2.7179422,26,Ready1H,20.316212,,,,26->26:Exact,none; server owns swing cadence
591,9.524433,0.016625,Tick,live-sample,true,0xF13000007900B1EF,,server,,unchecked,unchecked,none,83.27509,-2.7175376,26,Ready1H,20.332836,,,,26->26:Exact,none; server owns swing cadence
592,9.541158,0.016725,Tick,live-sample,true,0xF13000007900B1EF,,server,,unchecked,unchecked,none,83.25001,-2.717138,26,Ready1H,20.349562,,,,26->26:Exact,none; server owns swing cadence
593,9.557629,0.016471,Tick,live-sample,true,0xF13000007900B1EF,,server,,unchecked,unchecked,none,83.2253,-2.716753,26,Ready1H,20.366034,,,,26->26:Exact,none; server owns swing cadence
594,9.574613,0.016984,Tick,live-sample,true,0xF13000007900B1EF,,server,,unchecked,unchecked,none,83.199356,-2.7163477,26,Ready1H,20.383017,,,,26->26:Exact,none; server owns swing cadence
595,9.591822,0.017209,Tick,live-sample,true,0xF13000007900B1EF,,server,,unchecked,unchecked,none,83.173485,-2.715941,26,Ready1H,20.400227,,,,26->26:Exact,none; server owns swing cadence
596,9.607756,0.015934,Tick,live-sample,true,0xF13000007900B1EF,,server,,unchecked,unchecked,none,83.149574,-2.7155628,26,Ready1H,20.41616,,,,26->26:Exact,none; server owns swing cadence
597,9.624690,0.016934,Tick,live-sample,true,0xF13000007900B1EF,,server,,unchecked,unchecked,none,83.12373,-2.7151556,26,Ready1H,20.433094,,,,26->26:Exact,none; server owns swing cadence
598,9.641040,0.016350,Tick,live-sample,true,0xF13000007900B1EF,,server,,unchecked,unchecked,none,83.09984,-2.714777,26,Ready1H,20.449444,,,,26->26:Exact,none; server owns swing cadence
599,9.658028,0.016988,Tick,live-sample,true,0xF13000007900B1EF,,server,,unchecked,unchecked,none,83.07403,-2.7143693,26,Ready1H,20.466433,,,,26->26:Exact,none; server owns swing cadence
600,9.674462,0.016434,Tick,live-sample,true,0xF13000007900B1EF,,server,,unchecked,unchecked,none,83.048164,-2.7139623,26,Ready1H,20.482866,,,,26->26:Exact,none; server owns swing cadence
601,9.691609,0.017146,Tick,live-sample,true,0xF13000007900B1EF,,server,,unchecked,unchecked,none,83.02238,-2.7135541,26,Ready1H,20.500013,,,,26->26:Exact,none; server owns swing cadence
602,9.707923,0.016315,Tick,live-sample,true,0xF13000007900B1EF,,server,,unchecked,unchecked,none,82.99772,-2.7131681,26,Ready1H,20.516329,,,,26->26:Exact,none; server owns swing cadence
603,9.724532,0.016609,Tick,live-sample,true,0xF13000007900B1EF,,server,,unchecked,unchecked,none,82.97278,-2.712766,26,Ready1H,20.532938,,,,26->26:Exact,none; server owns swing cadence
604,9.741127,0.016595,Tick,live-sample,true,0xF13000007900B1EF,,server,,unchecked,unchecked,none,82.94697,-2.712358,26,Ready1H,20.549534,,,,26->26:Exact,none; server owns swing cadence
605,9.758226,0.017099,Tick,live-sample,true,0xF13000007900B1EF,,server,,unchecked,unchecked,none,82.921234,-2.7119489,26,Ready1H,20.566633,,,,26->26:Exact,none; server owns swing cadence
606,9.774542,0.016316,Tick,live-sample,true,0xF13000007900B1EF,,server,,unchecked,unchecked,none,82.89663,-2.7115622,26,Ready1H,20.582949,,,,26->26:Exact,none; server owns swing cadence
607,9.792774,0.018232,Tick,live-sample,true,0xF13000007900B1EF,,server,,unchecked,unchecked,none,82.86975,-2.7111309,26,Ready1H,20.601181,,,,26->26:Exact,none; server owns swing cadence
608,9.808292,0.015518,Tick,live-sample,true,0xF13000007900B1EF,,server,,unchecked,unchecked,none,82.84599,-2.7107499,26,Ready1H,20.6167,,,,26->26:Exact,none; server owns swing cadence
609,9.824588,0.016296,Tick,live-sample,true,0xF13000007900B1EF,,server,,unchecked,unchecked,none,82.82149,-2.710361,26,Ready1H,20.632996,,,,26->26:Exact,none; server owns swing cadence
610,9.841269,0.016681,Tick,live-sample,true,0xF13000007900B1EF,,server,,unchecked,unchecked,none,82.79575,-2.7099519,26,Ready1H,20.649677,,,,26->26:Exact,none; server owns swing cadence
611,9.857944,0.016675,Tick,live-sample,true,0xF13000007900B1EF,,server,,unchecked,unchecked,none,82.772095,-2.709569,26,Ready1H,20.666353,,,,26->26:Exact,none; server owns swing cadence
612,9.875275,0.017330,Tick,live-sample,true,0xF13000007900B1EF,,server,,unchecked,unchecked,none,82.74441,-2.7091312,26,Ready1H,20.683683,,,,26->26:Exact,none; server owns swing cadence
613,9.892067,0.016792,Tick,live-sample,true,0xF13000007900B1EF,,server,,unchecked,unchecked,none,82.72077,-2.708748,26,Ready1H,20.700476,,,,26->26:Exact,none; server owns swing cadence
614,9.907940,0.015873,Tick,live-sample,true,0xF13000007900B1EF,,server,,unchecked,unchecked,none,82.69715,-2.7083645,26,Ready1H,20.716349,,,,26->26:Exact,none; server owns swing cadence
615,9.924821,0.016881,Tick,live-sample,true,0xF13000007900B1EF,,server,,unchecked,unchecked,none,82.671486,-2.707954,26,Ready1H,20.733229,,,,26->26:Exact,none; server owns swing cadence
616,9.941239,0.016419,Tick,live-sample,true,0xF13000007900B1EF,,server,,unchecked,unchecked,none,82.645905,-2.707542,26,Ready1H,20.749647,,,,26->26:Exact,none; server owns swing cadence
617,9.957845,0.016606,Tick,live-sample,true,0xF13000007900B1EF,,server,,unchecked,unchecked,none,82.62144,-2.7071526,26,Ready1H,20.766253,,,,26->26:Exact,none; server owns swing cadence
618,9.974862,0.017016,Tick,live-sample,true,0xF13000007900B1EF,,server,,unchecked,unchecked,none,82.59589,-2.7067401,26,Ready1H,20.783268,,,,26->26:Exact,none; server owns swing cadence
619,9.991595,0.016733,Tick,live-sample,true,0xF13000007900B1EF,,server,,unchecked,unchecked,none,82.57109,-2.706335,26,Ready1H,20.800001,,,,26->26:Exact,none; server owns swing cadence
620,10.008131,0.016536,Tick,live-sample,true,0xF13000007900B1EF,,server,,unchecked,unchecked,none,82.54557,-2.7059221,26,Ready1H,20.816536,,,,26->26:Exact,none; server owns swing cadence
621,10.024750,0.016619,Tick,live-sample,true,0xF13000007900B1EF,,server,,unchecked,unchecked,none,82.52116,-2.7055318,26,Ready1H,20.833155,,,,26->26:Exact,none; server owns swing cadence
622,10.041577,0.016828,Tick,live-sample,true,0xF13000007900B1EF,,server,,unchecked,unchecked,none,82.49566,-2.7051182,26,Ready1H,20.849983,,,,26->26:Exact,none; server owns swing cadence
623,10.058114,0.016536,Tick,live-sample,true,0xF13000007900B1EF,,server,,unchecked,unchecked,none,82.4701,-2.7047057,26,Ready1H,20.86652,,,,26->26:Exact,none; server owns swing cadence
624,10.074822,0.016708,Tick,live-sample,true,0xF13000007900B1EF,,server,,unchecked,unchecked,none,82.44661,-2.70432,26,Ready1H,20.883228,,,,26->26:Exact,none; server owns swing cadence
625,10.092560,0.017739,Tick,live-sample,true,0xF13000007900B1EF,,server,,unchecked,unchecked,none,82.41992,-2.7038853,26,Ready1H,20.900967,,,,26->26:Exact,none; server owns swing cadence
626,10.108417,0.015857,Tick,live-sample,true,0xF13000007900B1EF,,server,,unchecked,unchecked,none,82.395645,-2.7034924,26,Ready1H,20.916824,,,,26->26:Exact,none; server owns swing cadence
627,10.125325,0.016908,Tick,live-sample,true,0xF13000007900B1EF,,server,,unchecked,unchecked,none,82.37015,-2.703079,26,Ready1H,20.933733,,,,26->26:Exact,none; server owns swing cadence
628,10.142244,0.016919,Tick,live-sample,true,0xF13000007900B1EF,,server,,unchecked,unchecked,none,82.344734,-2.702664,26,Ready1H,20.950653,,,,26->26:Exact,none; server owns swing cadence
629,10.158157,0.015912,Tick,live-sample,true,0xF13000007900B1EF,,server,,unchecked,unchecked,none,82.321236,-2.7022781,26,Ready1H,20.966566,,,,26->26:Exact,none; server owns swing cadence
630,10.175110,0.016953,Tick,live-sample,true,0xF13000007900B1EF,,server,,unchecked,unchecked,none,82.295845,-2.7018626,26,Ready1H,20.983519,,,,26->26:Exact,none; server owns swing cadence
631,10.191565,0.016455,Tick,live-sample,true,0xF13000007900B1EF,,server,,unchecked,unchecked,none,82.27238,-2.7014766,26,Ready1H,20.999973,,,,26->26:Exact,none; server owns swing cadence
632,10.208317,0.016752,Tick,live-sample,true,0xF13000007900B1EF,,server,,unchecked,unchecked,none,82.24702,-2.7010603,26,Ready1H,21.016726,,,,26->26:Exact,none; server owns swing cadence
633,10.225265,0.016947,Tick,live-sample,true,0xF13000007900B1EF,,server,,unchecked,unchecked,none,82.2216,-2.7006454,26,Ready1H,21.033672,,,,26->26:Exact,none; server owns swing cadence
634,10.242255,0.016990,Tick,live-sample,true,0xF13000007900B1EF,,server,,unchecked,unchecked,none,82.19627,-2.700229,26,Ready1H,21.050663,,,,26->26:Exact,none; server owns swing cadence
635,10.258220,0.015965,Tick,live-sample,true,0xF13000007900B1EF,,server,,unchecked,unchecked,none,82.17204,-2.6998353,26,Ready1H,21.066628,,,,26->26:Exact,none; server owns swing cadence
636,10.275579,0.017359,Tick,live-sample,true,0xF13000007900B1EF,,server,,unchecked,unchecked,none,82.14755,-2.6994247,26,Ready1H,21.083986,,,,26->26:Exact,none; server owns swing cadence
637,10.293616,0.018036,Tick,live-sample,true,0xF13000007900B1EF,,server,,unchecked,unchecked,none,82.12023,-2.6989803,26,Ready1H,21.102022,,,,26->26:Exact,none; server owns swing cadence
638,10.308392,0.014776,Tick,live-sample,true,0xF13000007900B1EF,,server,,unchecked,unchecked,none,82.098076,-2.6986132,26,Ready1H,21.116798,,,,26->26:Exact,none; server owns swing cadence
639,10.324898,0.016506,Tick,live-sample,true,0xF13000007900B1EF,,server,,unchecked,unchecked,none,82.074776,-2.6982238,26,Ready1H,21.133305,,,,26->26:Exact,none; server owns swing cadence
640,10.341829,0.016932,Tick,live-sample,true,0xF13000007900B1EF,,server,,unchecked,unchecked,none,82.04945,-2.697807,26,Ready1H,21.150236,,,,26->26:Exact,none; server owns swing cadence
641,10.358296,0.016466,Tick,live-sample,true,0xF13000007900B1EF,,server,,unchecked,unchecked,none,82.02422,-2.6973886,26,Ready1H,21.166702,,,,26->26:Exact,none; server owns swing cadence
642,10.375071,0.016776,Tick,live-sample,true,0xF13000007900B1EF,,server,,unchecked,unchecked,none,82.00089,-2.697,26,Ready1H,21.183477,,,,26->26:Exact,none; server owns swing cadence
643,10.392511,0.017440,Tick,live-sample,true,0xF13000007900B1EF,,server,,unchecked,unchecked,none,81.97373,-2.6965528,26,Ready1H,21.200918,,,,26->26:Exact,none; server owns swing cadence
644,10.409070,0.016559,Tick,live-sample,true,0xF13000007900B1EF,,server,,unchecked,unchecked,none,81.95043,-2.6961634,26,Ready1H,21.217478,,,,26->26:Exact,none; server owns swing cadence
645,10.425134,0.016064,Tick,live-sample,true,0xF13000007900B1EF,,server,,unchecked,unchecked,none,81.92525,-2.695744,26,Ready1H,21.233541,,,,26->26:Exact,none; server owns swing cadence
646,10.442327,0.017194,Tick,live-sample,true,0xF13000007900B1EF,,server,,unchecked,unchecked,none,81.90002,-2.6953259,26,Ready1H,21.250734,,,,26->26:Exact,none; server owns swing cadence
647,10.458687,0.016360,Tick,live-sample,true,0xF13000007900B1EF,,server,,unchecked,unchecked,none,81.87682,-2.6949346,26,Ready1H,21.267094,,,,26->26:Exact,none; server owns swing cadence
648,10.475657,0.016970,Tick,live-sample,true,0xF13000007900B1EF,,server,,unchecked,unchecked,none,81.85162,-2.694516,26,Ready1H,21.284063,,,,26->26:Exact,none; server owns swing cadence
649,10.491872,0.016215,Tick,live-sample,true,0xF13000007900B1EF,,server,,unchecked,unchecked,none,81.827644,-2.6941175,26,Ready1H,21.300278,,,,26->26:Exact,none; server owns swing cadence
650,10.508414,0.016543,Tick,live-sample,true,0xF13000007900B1EF,,server,,unchecked,unchecked,none,81.80247,-2.6936984,26,Ready1H,21.31682,,,,26->26:Exact,none; server owns swing cadence
651,10.525418,0.017004,Tick,live-sample,true,0xF13000007900B1EF,,server,,unchecked,unchecked,none,81.777374,-2.6932776,26,Ready1H,21.333824,,,,26->26:Exact,none; server owns swing cadence
652,10.542564,0.017146,Tick,live-sample,true,0xF13000007900B1EF,,server,,unchecked,unchecked,none,81.75304,-2.6928644,26,Ready1H,21.350971,,,,26->26:Exact,none; server owns swing cadence
653,10.558764,0.016200,Tick,live-sample,true,0xF13000007900B1EF,,server,,unchecked,unchecked,none,81.72912,-2.692465,26,Ready1H,21.36717,,,,26->26:Exact,none; server owns swing cadence
654,10.575274,0.016510,Tick,live-sample,true,0xF13000007900B1EF,,server,,unchecked,unchecked,none,81.703995,-2.6920447,26,Ready1H,21.38368,,,,26->26:Exact,none; server owns swing cadence
655,10.593190,0.017917,Tick,live-sample,true,0xF13000007900B1EF,,server,,unchecked,unchecked,none,81.67782,-2.691601,26,Ready1H,21.401596,,,,26->26:Exact,none; server owns swing cadence
656,10.593190,0.000000,AttackStopReceive,server,true,0xF13000007A00E7F9,SMSG_ATTACKSTOP,server,,unchecked,unchecked,none,80.06189,-5.3355217,26,Ready1H,21.401596,,,,26->26:Exact,attacker=0x0000000000000105 victimDied=False
657,10.608613,0.015422,Tick,live-sample,true,0xF13000007900B1EF,,server,,unchecked,unchecked,none,81.65582,-2.691231,26,Ready1H,21.417019,,,,26->26:Exact,none; server owns swing cadence
658,10.625443,0.016831,Tick,live-sample,true,0xF13000007900B1EF,,server,,unchecked,unchecked,none,81.630806,-2.6908088,26,Ready1H,21.43385,,,,26->26:Exact,none; server owns swing cadence
659,10.641890,0.016446,Tick,live-sample,true,0xF13000007900B1EF,,server,,unchecked,unchecked,none,81.60769,-2.690416,26,Ready1H,21.450296,,,,26->26:Exact,none; server owns swing cadence
660,10.658610,0.016720,Tick,live-sample,true,0xF13000007900B1EF,,server,,unchecked,unchecked,none,81.58272,-2.6899934,26,Ready1H,21.467016,,,,26->26:Exact,none; server owns swing cadence
661,10.675515,0.016905,Tick,live-sample,true,0xF13000007900B1EF,,server,,unchecked,unchecked,none,81.55775,-2.6895704,26,Ready1H,21.483921,,,,26->26:Exact,none; server owns swing cadence
662,10.692650,0.017135,Tick,live-sample,true,0xF13000007900B1EF,,server,,unchecked,unchecked,none,81.53273,-2.6891482,26,Ready1H,21.501057,,,,26->26:Exact,none; server owns swing cadence
663,10.709214,0.016564,Tick,live-sample,true,0xF13000007900B1EF,,server,,unchecked,unchecked,none,81.50779,-2.6887245,26,Ready1H,21.517622,,,,26->26:Exact,none; server owns swing cadence
664,10.725358,0.016144,Tick,live-sample,true,0xF13000007900B1EF,,server,,unchecked,unchecked,none,81.48474,-2.688331,26,Ready1H,21.533766,,,,26->26:Exact,none; server owns swing cadence
665,10.742154,0.016797,Tick,live-sample,true,0xF13000007900B1EF,,server,,unchecked,unchecked,none,81.45984,-2.6879067,26,Ready1H,21.550562,,,,26->26:Exact,none; server owns swing cadence
666,10.758986,0.016831,Tick,live-sample,true,0xF13000007900B1EF,,server,,unchecked,unchecked,none,81.436005,-2.687506,26,Ready1H,21.567392,,,,26->26:Exact,none; server owns swing cadence
667,10.775666,0.016680,Tick,live-sample,true,0xF13000007900B1EF,,server,,unchecked,unchecked,none,81.41221,-2.6870832,26,Ready1H,21.584072,,,,26->26:Exact,none; server owns swing cadence
668,10.792185,0.016519,Tick,live-sample,true,0xF13000007900B1EF,,server,,unchecked,unchecked,none,81.39204,-2.6866379,26,Ready1H,21.600592,,,,26->26:Exact,none; server owns swing cadence
669,10.808709,0.016524,Tick,live-sample,true,0xF13000007900B1EF,,server,,unchecked,unchecked,none,81.37287,-2.6862168,26,Ready1H,21.617117,,,,26->26:Exact,none; server owns swing cadence
670,10.825438,0.016729,Tick,live-sample,true,0xF13000007900B1EF,,server,,unchecked,unchecked,none,81.3528,-2.6857698,26,Ready1H,21.633846,,,,26->26:Exact,none; server owns swing cadence
671,10.841979,0.016541,Tick,live-sample,true,0xF13000007900B1EF,,server,,unchecked,unchecked,none,81.33366,-2.6853485,26,Ready1H,21.650387,,,,26->26:Exact,none; server owns swing cadence
672,10.859303,0.017324,Tick,live-sample,true,0xF13000007900B1EF,,server,,unchecked,unchecked,none,81.31175,-2.6848707,26,Ready1H,21.667711,,,,26->26:Exact,none; server owns swing cadence
673,10.875961,0.016657,Tick,live-sample,true,0xF13000007900B1EF,,server,,unchecked,unchecked,none,81.293526,-2.6844544,26,Ready1H,21.684368,,,,26->26:Exact,none; server owns swing cadence
674,10.892987,0.017027,Tick,live-sample,true,0xF13000007900B1EF,,server,,unchecked,unchecked,none,81.272644,-2.684001,26,Ready1H,21.701395,,,,26->26:Exact,none; server owns swing cadence
675,10.909011,0.016023,Tick,live-sample,true,0xF13000007900B1EF,,server,,unchecked,unchecked,none,81.25444,-2.6835845,26,Ready1H,21.717419,,,,26->26:Exact,none; server owns swing cadence
676,10.925527,0.016517,Tick,live-sample,true,0xF13000007900B1EF,,server,,unchecked,unchecked,none,81.23359,-2.6831307,26,Ready1H,21.733936,,,,26->26:Exact,none; server owns swing cadence
677,10.942354,0.016826,Tick,live-sample,true,0xF13000007900B1EF,,server,,unchecked,unchecked,none,81.21356,-2.6826832,26,Ready1H,21.750763,,,,26->26:Exact,none; server owns swing cadence
678,10.958622,0.016268,Tick,live-sample,true,0xF13000007900B1EF,,server,,unchecked,unchecked,none,81.19541,-2.682266,26,Ready1H,21.76703,,,,26->26:Exact,none; server owns swing cadence
679,10.975462,0.016840,Tick,live-sample,true,0xF13000007900B1EF,,server,,unchecked,unchecked,none,81.17461,-2.6818113,26,Ready1H,21.78387,,,,26->26:Exact,none; server owns swing cadence
680,10.993384,0.017922,Tick,live-sample,true,0xF13000007900B1EF,,server,,unchecked,unchecked,none,81.15371,-2.6813374,26,Ready1H,21.801792,,,,26->26:Exact,none; server owns swing cadence
681,11.009024,0.015640,Tick,live-sample,true,0xF13000007900B1EF,,server,,unchecked,unchecked,none,81.13571,-2.680939,26,Ready1H,21.817432,,,,26->26:Exact,none; server owns swing cadence
682,11.025699,0.016675,Tick,live-sample,true,0xF13000007900B1EF,,server,,unchecked,unchecked,none,81.11576,-2.6804905,26,Ready1H,21.834108,,,,26->26:Exact,none; server owns swing cadence
683,11.042110,0.016411,Tick,live-sample,true,0xF13000007900B1EF,,server,,unchecked,unchecked,none,81.095894,-2.6800406,26,Ready1H,21.85052,,,,26->26:Exact,none; server owns swing cadence
684,11.058915,0.016805,Tick,live-sample,true,0xF13000007900B1EF,,server,,unchecked,unchecked,none,81.07696,-2.6796165,26,Ready1H,21.867325,,,,26->26:Exact,none; server owns swing cadence
685,11.075705,0.016790,Tick,live-sample,true,0xF13000007900B1EF,,server,,unchecked,unchecked,none,81.05713,-2.6791663,26,Ready1H,21.884115,,,,26->26:Exact,none; server owns swing cadence
