frame,t,dt,posX,posY,posZ,velX,velY,velZ,horizSpeed,aimYaw,bodyYaw,inputFlags,grounded,verticalVel,fallTimeMs,clipId,clipName,clipTime,clipB,clipBTime,blendWeight,playbackRate,lastAnimChoice,wireSentThisTick
0,0.000000,0.008589,-8949.95,-132.493,83.529526,0,0,0,0,2.7459998,2.7459998,none,true,0,0,0,Stand,0.0509044,,,,1,0->0:Exact,NONE
1,0.008589,0.016773,-8949.95,-132.493,83.529526,0,0,0,0,2.7459998,2.7459998,none,true,0,0,0,Stand,0.0676772,,,,1,0->0:Exact,NONE
2,0.025362,0.015939,-8949.95,-132.493,83.529526,0,0,0,0,2.7459998,2.7459998,none,true,0,0,0,Stand,0.0836162,,,,1,0->0:Exact,NONE
3,0.041301,0.016645,-8949.95,-132.493,83.529526,0,0,0,0,2.7459998,2.7459998,none,true,0,0,0,Stand,0.100260794,,,,1,0->0:Exact,NONE
4,0.057946,0.019031,-8949.95,-132.493,83.529526,0,0,0,0,2.7459998,2.7459998,none,true,0,0,0,Stand,0.119291894,,,,1,0->0:Exact,NONE
5,0.076977,0.016152,-8949.95,-132.493,83.529526,0,0,0,0,2.7459998,2.7459998,none,true,0,0,0,Stand,0.13544439,,,,1,0->0:Exact,NONE
6,0.093129,0.016937,-8949.95,-132.493,83.529526,0,0,0,0,2.7459998,2.7459998,none,true,0,0,0,Stand,0.15238129,,,,1,0->0:Exact,NONE
7,0.110066,0.016545,-8949.95,-132.493,83.529526,0,0,0,0,2.7459998,2.7459998,none,true,0,0,0,Stand,0.16892609,,,,1,0->0:Exact,MSG_MOVE_FALL_LAND
8,0.126611,0.014743,-8949.95,-132.493,83.529526,0,0,0,0,2.7459998,2.7459998,none,true,0,0,0,Stand,0.18366939,,,,1,0->0:Exact,NONE
9,0.141354,0.016678,-8949.95,-132.493,83.529526,0,0,0,0,2.7459998,2.7459998,none,true,0,0,0,Stand,0.20034759,,,,1,0->0:Exact,NONE
10,0.158032,0.018705,-8949.95,-132.493,83.529526,0,0,0,0,2.7459998,2.7459998,none,true,0,0,0,Stand,0.2190522,,,,1,0->0:Exact,NONE
11,0.176737,0.016970,-8949.95,-132.493,83.529526,0,0,0,0,2.7459998,2.7459998,none,true,0,0,0,Stand,0.2360223,,,,1,0->0:Exact,NONE
12,0.193707,0.014427,-8949.95,-132.493,83.529526,0,0,0,0,2.7459998,2.7459998,none,true,0,0,0,Stand,0.2504497,,,,1,0->0:Exact,NONE
13,0.208134,0.016618,-8949.95,-132.493,83.529526,0,0,0,0,2.7459998,2.7459998,none,true,0,0,0,Stand,0.26706818,,,,1,0->0:Exact,NONE
14,0.224753,0.018645,-8949.95,-132.493,83.529526,0,0,0,0,2.7459998,2.7459998,none,true,0,0,0,Stand,0.28571278,,,,1,0->0:Exact,NONE
15,0.243398,0.016781,-8949.95,-132.493,83.529526,0,0,0,0,2.7459998,2.7459998,none,true,0,0,0,Stand,0.30249408,,,,1,0->0:Exact,NONE
16,0.260179,0.017069,-8949.95,-132.493,83.529526,0,0,0,0,2.7459998,2.7459998,none,true,0,0,0,Stand,0.31956267,,,,1,0->0:Exact,NONE
17,0.277247,0.016063,-8949.95,-132.493,83.529526,0,0,0,0,2.7459998,2.7459998,none,true,0,0,0,Stand,0.33562607,,,,1,0->0:Exact,NONE
18,0.293311,0.016808,-8949.95,-132.493,83.529526,0,0,0,0,2.7459998,2.7459998,none,true,0,0,0,Stand,0.35243386,,,,1,0->0:Exact,NONE
19,0.310119,0.016157,-8949.95,-132.493,83.529526,0,0,0,0,2.7459998,2.7459998,none,true,0,0,0,Stand,0.36859047,,,,1,0->0:Exact,NONE
20,0.326275,0.017195,-8949.95,-132.493,83.529526,0,0,0,0,2.7459998,2.7459998,none,true,0,0,0,Stand,0.38578537,,,,1,0->0:Exact,NONE
21,0.343470,0.014885,-8949.95,-132.493,83.529526,0,0,0,0,2.7459998,2.7459998,none,true,0,0,0,Stand,0.40067026,,,,1,0->0:Exact,NONE
22,0.358355,0.016603,-8949.95,-132.493,83.529526,0,0,0,0,2.7459998,2.7459998,none,true,0,0,0,Stand,0.41727296,,,,1,0->0:Exact,NONE
23,0.374958,0.018264,-8949.95,-132.493,83.529526,0,0,0,0,2.7459998,2.7459998,none,true,0,0,0,Stand,0.43553737,,,,1,0->0:Exact,NONE
24,0.393222,0.016682,-8949.95,-132.493,83.529526,0,0,0,0,2.7459998,2.7459998,none,true,0,0,0,Stand,0.45221958,,,,1,0->0:Exact,NONE
25,0.409904,0.016705,-8949.95,-132.493,83.529526,0,0,0,0,2.7459998,2.7459998,none,true,0,0,0,Stand,0.46892428,,,,1,0->0:Exact,NONE
26,0.426609,0.014876,-8949.95,-132.493,83.529526,0,0,0,0,2.7459998,2.7459998,none,true,0,0,0,Stand,0.48380038,,,,1,0->0:Exact,NONE
27,0.441485,0.018431,-8949.95,-132.493,83.529526,0,0,0,0,2.7459998,2.7459998,none,true,0,0,0,Stand,0.5022312,,,,1,0->0:Exact,NONE
28,0.459916,0.016655,-8949.95,-132.493,83.529526,0,0,0,0,2.7459998,2.7459998,none,true,0,0,0,Stand,0.5188858,,,,1,0->0:Exact,NONE
29,0.476571,0.016983,-8949.95,-132.493,83.529526,0,0,0,0,2.7459998,2.7459998,none,true,0,0,0,Stand,0.5358687,,,,1,0->0:Exact,NONE
30,0.493553,0.016769,-8949.95,-132.493,83.529526,0,0,0,0,2.7459998,2.7459998,none,true,0,0,0,Stand,0.55263793,,,,1,0->0:Exact,NONE
31,0.510323,0.016793,-8949.95,-132.493,83.529526,0,0,0,0,2.7459998,2.7459998,none,true,0,0,0,Stand,0.56943065,,,,1,0->0:Exact,NONE
32,0.527115,0.016976,-8949.95,-132.493,83.529526,0,0,0,0,2.7459998,2.7459998,none,true,0,0,0,Stand,0.5864071,,,,1,0->0:Exact,NONE
33,0.544092,0.014314,-8949.95,-132.493,83.529526,0,0,0,0,2.7459998,2.7459998,none,true,0,0,0,Stand,0.6007214,,,,1,0->0:Exact,NONE
34,0.558406,0.019132,-8949.95,-132.493,83.529526,0,0,0,0,2.7459998,2.7459998,none,true,0,0,0,Stand,0.6198533,,,,1,0->0:Exact,NONE
35,0.577538,0.014220,-8949.95,-132.493,83.529526,0,0,0,0,2.7459998,2.7459998,none,true,0,0,0,Stand,0.63407373,,,,1,0->0:Exact,NONE
36,0.591759,0.018665,-8949.95,-132.493,83.529526,0,0,0,0,2.7459998,2.7459998,none,true,0,0,0,Stand,0.6527389,,,,1,0->0:Exact,NONE
37,0.610424,0.016565,-8949.95,-132.493,83.529526,0,0,0,0,2.7459998,2.7459998,none,true,0,0,0,Stand,0.66930443,,,,1,0->0:Exact,NONE
38,0.626989,0.014842,-8949.95,-132.493,83.529526,0,0,0,0,2.7459998,2.7459998,none,true,0,0,0,Stand,0.6841465,,,,1,0->0:Exact,NONE
39,0.641831,0.018527,-8949.95,-132.493,83.529526,0,0,0,0,2.7459998,2.7459998,none,true,0,0,0,Stand,0.7026739,,,,1,0->0:Exact,NONE
40,0.660359,0.014719,-8949.95,-132.493,83.529526,0,0,0,0,2.7459998,2.7459998,none,true,0,0,0,Stand,0.71739334,,,,1,0->0:Exact,NONE
41,0.675078,0.018497,-8949.95,-132.493,83.529526,0,0,0,0,2.7459998,2.7459998,none,true,0,0,0,Stand,0.7358906,,,,1,0->0:Exact,NONE
42,0.693575,0.016684,-8949.95,-132.493,83.529526,0,0,0,0,2.7459998,2.7459998,none,true,0,0,0,Stand,0.75257415,,,,1,0->0:Exact,NONE
43,0.710259,0.014818,-8949.95,-132.493,83.529526,0,0,0,0,2.7459998,2.7459998,none,true,0,0,0,Stand,0.7673919,,,,1,0->0:Exact,NONE
44,0.725077,0.018411,-8949.95,-132.493,83.529526,0,0,0,0,2.7459998,2.7459998,none,true,0,0,0,Stand,0.78580314,,,,1,0->0:Exact,NONE
45,0.743488,0.015002,-8949.95,-132.493,83.529526,0,0,0,0,2.7459998,2.7459998,none,true,0,0,0,Stand,0.80080473,,,,1,0->0:Exact,NONE
46,0.758490,0.018308,-8949.95,-132.493,83.529526,0,0,0,0,2.7459998,2.7459998,none,true,0,0,0,Stand,0.81911236,,,,1,0->0:Exact,NONE
47,0.776797,0.016813,-8949.95,-132.493,83.529526,0,0,0,0,2.7459998,2.7459998,none,true,0,0,0,Stand,0.835925,,,,1,0->0:Exact,NONE
48,0.793610,0.014816,-8949.95,-132.493,83.529526,0,0,0,0,2.7459998,2.7459998,none,true,0,0,0,Stand,0.8507414,,,,1,0->0:Exact,NONE
49,0.808426,0.018617,-8949.95,-132.493,83.529526,0,0,0,0,2.7459998,2.7459998,none,true,0,0,0,Stand,0.8693585,,,,1,0->0:Exact,NONE
50,0.827043,0.014851,-8949.95,-132.493,83.529526,0,0,0,0,2.7459998,2.7459998,none,true,0,0,0,Stand,0.8842099,,,,1,0->0:Exact,NONE
51,0.841895,0.018744,-8949.95,-132.493,83.529526,0,0,0,0,2.7459998,2.7459998,none,true,0,0,0,Stand,0.902954,,,,1,0->0:Exact,NONE
52,0.860639,0.016244,-8949.95,-132.493,83.529526,0,0,0,0,2.7459998,2.7459998,none,true,0,0,0,Stand,0.9191977,,,,1,0->0:Exact,NONE
53,0.876882,0.015048,-8949.95,-132.493,83.529526,0,0,0,0,2.7459998,2.7459998,none,true,0,0,0,Stand,0.9342457,,,,1,0->0:Exact,NONE
54,0.891930,0.018522,-8949.95,-132.493,83.529526,0,0,0,0,2.7459998,2.7459998,none,true,0,0,0,Stand,0.9527673,,,,1,0->0:Exact,NONE
55,0.910452,0.014920,-8949.95,-132.493,83.529526,0,0,0,0,2.7459998,2.7459998,none,true,0,0,0,Stand,0.9676876,,,,1,0->0:Exact,NONE
56,0.925372,0.018398,-8949.95,-132.493,83.529526,0,0,0,0,2.7459998,2.7459998,none,true,0,0,0,Stand,0.9860852,,,,1,0->0:Exact,NONE
57,0.943770,0.016899,-8949.95,-132.493,83.529526,0,0,0,0,2.7459998,2.7459998,none,true,0,0,0,Stand,1.0029838,,,,1,0->0:Exact,NONE
58,0.960668,0.014617,-8949.95,-132.493,83.529526,0,0,0,0,2.7459998,2.7459998,none,true,0,0,0,Stand,1.0176013,,,,1,0->0:Exact,NONE
59,0.975286,0.018522,-8949.95,-132.493,83.529526,0,0,0,0,2.7459998,2.7459998,none,true,0,0,0,Stand,1.0361228,,,,1,0->0:Exact,NONE
60,0.993808,0.014861,-8949.95,-132.493,83.529526,0,0,0,0,2.7459998,2.7459998,none,true,0,0,0,Stand,1.0509839,,,,1,0->0:Exact,NONE
61,1.008669,0.018328,-8949.95,-132.493,83.529526,0,0,0,0,2.7459998,2.7459998,none,true,0,0,0,Stand,1.0693115,,,,1,0->0:Exact,NONE
62,1.026996,0.016621,-8949.95,-132.493,83.529526,0,0,0,0,2.7459998,2.7459998,none,true,0,0,0,Stand,1.0859321,,,,1,0->0:Exact,NONE
63,1.043617,0.016808,-8949.95,-132.493,83.529526,0,0,0,0,2.7459998,2.7459998,none,true,0,0,0,Stand,1.1027405,,,,1,0->0:Exact,NONE
64,1.060425,0.016641,-8949.95,-132.493,83.529526,0,0,0,0,2.7459998,2.7459998,none,true,0,0,0,Stand,1.119382,,,,1,0->0:Exact,NONE
65,1.077067,0.017121,-8949.95,-132.493,83.529526,0,0,0,0,2.7459998,2.7459998,none,true,0,0,0,Stand,1.1365036,,,,1,0->0:Exact,NONE
66,1.094188,0.016163,-8949.95,-132.493,83.529526,0,0,0,0,2.7459998,2.7459998,none,true,0,0,0,Stand,1.1526663,,,,1,0->0:Exact,NONE
67,1.110351,0.016348,-8949.95,-132.493,83.529526,0,0,0,0,2.7459998,2.7459998,none,true,0,0,0,Stand,1.1690145,,,,1,0->0:Exact,NONE
68,1.126699,0.017321,-8949.95,-132.493,83.529526,0,0,0,0,2.7459998,2.7459998,none,true,0,0,0,Stand,1.1863354,,,,1,0->0:Exact,NONE
69,1.144020,0.016280,-8949.95,-132.493,83.529526,0,0,0,0,2.7459998,2.7459998,none,true,0,0,0,Stand,1.2026151,,,,1,0->0:Exact,NONE
70,1.160300,0.016655,-8949.95,-132.493,83.529526,0,0,0,0,2.7459998,2.7459998,none,true,0,0,0,Stand,1.2192703,,,,1,0->0:Exact,NONE
71,1.176955,0.015172,-8949.95,-132.493,83.529526,0,0,0,0,2.7459998,2.7459998,none,true,0,0,0,Stand,1.2344421,,,,1,0->0:Exact,NONE
72,1.192127,0.016823,-8949.95,-132.493,83.529526,0,0,0,0,2.7459998,2.7459998,none,true,0,0,0,Stand,1.2512653,,,,1,0->0:Exact,NONE
73,1.208950,0.016529,-8949.95,-132.493,83.529526,0,0,0,0,2.7459998,2.7459998,none,true,0,0,0,Stand,1.2677938,,,,1,0->0:Exact,NONE
74,1.225479,0.018317,-8949.95,-132.493,83.529526,0,0,0,0,2.7459998,2.7459998,none,true,0,0,0,Stand,1.286111,,,,1,0->0:Exact,NONE
75,1.243796,0.016774,-8949.95,-132.493,83.529526,0,0,0,0,2.7459998,2.7459998,none,true,0,0,0,Stand,1.3028848,,,,1,0->0:Exact,NONE
76,1.260570,0.016661,-8949.95,-132.493,83.529526,0,0,0,0,2.7459998,2.7459998,none,true,0,0,0,Stand,1.3195459,,,,1,0->0:Exact,NONE
77,1.277231,0.016599,-8949.95,-132.493,83.529526,0,0,0,0,2.7459998,2.7459998,none,true,0,0,0,Stand,1.3361443,,,,1,0->0:Exact,NONE
78,1.293829,0.016636,-8949.95,-132.493,83.529526,0,0,0,0,2.7459998,2.7459998,none,true,0,0,0,Stand,1.3527807,,,,1,0->0:Exact,NONE
79,1.310465,0.016640,-8949.95,-132.493,83.529526,0,0,0,0,2.7459998,2.7459998,none,true,0,0,0,Stand,1.3694203,,,,1,0->0:Exact,NONE
80,1.327105,0.016965,-8949.95,-132.493,83.529526,0,0,0,0,2.7459998,2.7459998,none,true,0,0,0,Stand,1.3863854,,,,1,0->0:Exact,NONE
81,1.344070,0.014909,-8949.95,-132.493,83.529526,0,0,0,0,2.7459998,2.7459998,none,true,0,0,0,Stand,1.4012948,,,,1,0->0:Exact,NONE
82,1.358980,0.018219,-8949.95,-132.493,83.529526,0,0,0,0,2.7459998,2.7459998,none,true,0,0,0,Stand,1.419514,,,,1,0->0:Exact,NONE
83,1.377199,0.016860,-8949.95,-132.493,83.529526,0,0,0,0,2.7459998,2.7459998,none,true,0,0,0,Stand,1.436374,,,,1,0->0:Exact,NONE
84,1.394059,0.016563,-8949.95,-132.493,83.529526,0,0,0,0,2.7459998,2.7459998,none,true,0,0,0,Stand,1.4529366,,,,1,0->0:Exact,NONE
85,1.410621,0.014961,-8949.95,-132.493,83.529526,0,0,0,0,2.7459998,2.7459998,none,true,0,0,0,Stand,1.4678979,,,,1,0->0:Exact,NONE
86,1.425583,0.018284,-8949.95,-132.493,83.529526,0,0,0,0,2.7459998,2.7459998,none,true,0,0,0,Stand,1.4861825,,,,1,0->0:Exact,NONE
87,1.443867,0.016696,-8949.95,-132.493,83.529526,0,0,0,0,2.7459998,2.7459998,none,true,0,0,0,Stand,1.5028781,,,,1,0->0:Exact,NONE
88,1.460563,0.016715,-8949.95,-132.493,83.529526,0,0,0,0,2.7459998,2.7459998,none,true,0,0,0,Stand,1.5195925,,,,1,0->0:Exact,NONE
89,1.477277,0.016660,-8949.95,-132.493,83.529526,0,0,0,0,2.7459998,2.7459998,none,true,0,0,0,Stand,1.5362524,,,,1,0->0:Exact,NONE
90,1.493937,0.016876,-8949.95,-132.493,83.529526,0,0,0,0,2.7459998,2.7459998,none,true,0,0,0,Stand,1.5531286,,,,1,0->0:Exact,NONE
91,1.510813,0.016535,-8949.95,-132.493,83.529526,0,0,0,0,2.7459998,2.7459998,none,true,0,0,0,Stand,1.5696633,,,,1,0->0:Exact,NONE
92,1.527348,0.016865,-8949.95,-132.493,83.529526,0,0,0,0,2.7459998,2.7459998,none,true,0,0,0,Stand,1.5865281,,,,1,0->0:Exact,NONE
93,1.544213,0.016437,-8949.95,-132.493,83.529526,0,0,0,0,2.7459998,2.7459998,none,true,0,0,0,Stand,1.6029645,,,,1,0->0:Exact,NONE
94,1.560649,0.016823,-8949.95,-132.493,83.529526,0,0,0,0,2.7459998,2.7459998,none,true,0,0,0,Stand,1.6197872,,,,1,0->0:Exact,NONE
95,1.577472,0.016891,-8949.95,-132.493,83.529526,0,0,0,0,2.7459998,2.7459998,none,true,0,0,0,Stand,1.6366783,,,,1,0->0:Exact,NONE
96,1.594363,0.016357,-8949.95,-132.493,83.529526,0,0,0,0,2.7459998,2.7459998,none,true,0,0,0,Stand,1.6530358,,,,1,0->0:Exact,NONE
97,1.610720,0.016639,-8949.95,-132.493,83.529526,0,0,0,0,2.7459998,2.7459998,none,true,0,0,0,Stand,1.6696745,,,,1,0->0:Exact,NONE
98,1.627359,0.016805,-8949.95,-132.493,83.529526,0,0,0,0,2.7459998,2.7459998,none,true,0,0,0,Stand,1.68648,,,,1,0->0:Exact,NONE
99,1.644165,0.016783,-8949.95,-132.493,83.529526,0,0,0,0,2.7459998,2.7459998,none,true,0,0,0,Stand,1.7032634,,,,1,0->0:Exact,NONE
100,1.660948,0.016911,-8949.95,-132.493,83.529526,0,0,0,0,2.7459998,2.7459998,none,true,0,0,0,Stand,1.7201744,,,,1,0->0:Exact,NONE
101,1.677859,0.016381,-8949.95,-132.493,83.529526,0,0,0,0,2.7459998,2.7459998,none,true,0,0,0,Stand,1.736555,,,,1,0->0:Exact,NONE
102,1.694240,0.015730,-8949.95,-132.493,83.529526,0,0,0,0,2.7459998,2.7459998,none,true,0,0,0,Stand,1.7522851,,,,1,0->0:Exact,NONE
103,1.709970,0.017830,-8949.95,-132.493,83.529526,0,0,0,0,2.7459998,2.7459998,none,true,0,0,0,Stand,1.7701148,,,,1,0->0:Exact,NONE
104,1.727799,0.017090,-8949.95,-132.493,83.529526,0,0,0,0,2.7459998,2.7459998,none,true,0,0,0,Stand,1.7872051,,,,1,0->0:Exact,NONE
105,1.744890,0.015902,-8949.95,-132.493,83.529526,0,0,0,0,2.7459998,2.7459998,none,true,0,0,0,Stand,1.8031065,,,,1,0->0:Exact,NONE
106,1.760791,0.015156,-8949.95,-132.493,83.529526,0,0,0,0,2.7459998,2.7459998,none,true,0,0,0,Stand,1.8182626,,,,1,0->0:Exact,NONE
107,1.775947,0.018044,-8949.95,-132.493,83.529526,0,0,0,0,2.7459998,2.7459998,none,true,0,0,0,Stand,1.8363068,,,,1,0->0:Exact,NONE
108,1.793991,0.017292,-8949.95,-132.493,83.529526,0,0,0,0,2.7459998,2.7459998,none,true,0,0,0,Stand,1.853599,,,,1,0->0:Exact,NONE
109,1.811284,0.016230,-8949.95,-132.493,83.529526,0,0,0,0,2.7459998,2.7459998,none,true,0,0,0,Stand,1.869829,,,,1,0->0:Exact,NONE
110,1.827514,0.016611,-8949.95,-132.493,83.529526,0,0,0,0,2.7459998,2.7459998,none,true,0,0,0,Stand,1.8864399,,,,1,0->0:Exact,NONE
111,1.844125,0.016792,-8949.95,-132.493,83.529526,0,0,0,0,2.7459998,2.7459998,none,true,0,0,0,Stand,1.9032316,,,,1,0->0:Exact,NONE
112,1.860916,0.016758,-8949.95,-132.493,83.529526,0,0,0,0,2.7459998,2.7459998,none,true,0,0,0,Stand,1.9199901,,,,1,0->0:Exact,NONE
113,1.877675,0.015028,-8949.95,-132.493,83.529526,0,0,0,0,2.7459998,2.7459998,none,true,0,0,0,Stand,1.9350183,,,,1,0->0:Exact,NONE
114,1.892703,0.018245,-8949.95,-132.493,83.529526,0,0,0,0,2.7459998,2.7459998,none,true,0,0,0,Stand,1.9532638,,,,1,0->0:Exact,NONE
115,1.910948,0.016592,-8949.95,-132.493,83.529526,0,0,0,0,2.7459998,2.7459998,none,true,0,0,0,Stand,1.9698561,,,,1,0->0:Exact,NONE
116,1.927541,0.016773,-8949.95,-132.493,83.529526,0,0,0,0,2.7459998,2.7459998,none,true,0,0,0,Stand,1.9866295,,,,1,0->0:Exact,NONE
117,1.944314,0.016678,-8949.95,-132.493,83.529526,0,0,0,0,2.7459998,2.7459998,none,true,0,0,0,Stand,2.0033073,,,,1,0->0:Exact,NONE
118,1.960992,0.016815,-8949.95,-132.493,83.529526,0,0,0,0,2.7459998,2.7459998,none,true,0,0,0,Stand,2.0201225,,,,1,0->0:Exact,NONE
119,1.977807,0.016722,-8949.95,-132.493,83.529526,0,0,0,0,2.7459998,2.7459998,none,true,0,0,0,Stand,2.036844,,,,1,0->0:Exact,NONE
120,1.994529,0.016503,-8949.95,-132.493,83.529526,0,0,0,0,2.7459998,2.7459998,none,true,0,0,0,Stand,2.053347,,,,1,0->0:Exact,NONE
121,2.011032,0.016675,-8949.95,-132.493,83.529526,0,0,0,0,2.7459998,2.7459998,none,true,0,0,0,Stand,2.0700219,,,,1,0->0:Exact,NONE
122,2.027706,0.016838,-8949.95,-132.493,83.529526,0,0,0,0,2.7459998,2.7459998,none,true,0,0,0,Stand,2.0868602,,,,1,0->0:Exact,NONE
123,2.044545,0.015104,-8949.95,-132.493,83.529526,0,0,0,0,2.7459998,2.7459998,none,true,0,0,0,Stand,2.1019642,,,,1,0->0:Exact,NONE
124,2.059649,0.020516,-8949.95,-132.493,83.529526,0,0,0,0,2.7459998,2.7459998,none,true,0,0,0,Stand,2.12248,,,,1,0->0:Exact,NONE
125,2.080165,0.014489,-8949.95,-132.493,83.529526,0,0,0,0,2.7459998,2.7459998,none,true,0,0,0,Stand,2.136969,,,,1,0->0:Exact,NONE
126,2.094654,0.015073,-8949.95,-132.493,83.529526,0,0,0,0,2.7459998,2.7459998,none,true,0,0,0,Stand,2.152042,,,,1,0->0:Exact,NONE
127,2.109727,0.017210,-8949.95,-132.493,83.529526,0,0,0,0,2.7459998,2.7459998,none,true,0,0,0,Stand,2.1692517,,,,1,0->0:Exact,NONE
128,2.126936,0.017503,-8949.95,-132.493,83.529526,0,0,0,0,2.7459998,2.7459998,none,true,0,0,0,Stand,2.186755,,,,1,0->0:Exact,NONE
129,2.144440,0.015035,-8949.95,-132.493,83.529526,0,0,0,0,2.7459998,2.7459998,none,true,0,0,0,Stand,2.2017903,,,,1,0->0:Exact,NONE
130,2.159475,0.018399,-8949.95,-132.493,83.529526,0,0,0,0,2.7459998,2.7459998,none,true,0,0,0,Stand,2.2201889,,,,1,0->0:Exact,NONE
131,2.177874,0.015134,-8949.95,-132.493,83.529526,0,0,0,0,2.7459998,2.7459998,none,true,0,0,0,Stand,2.2353225,,,,1,0->0:Exact,NONE
132,2.193007,0.016732,-8949.95,-132.493,83.529526,0,0,0,0,2.7459998,2.7459998,none,true,0,0,0,Stand,2.252054,,,,1,0->0:Exact,NONE
133,2.209739,0.018380,-8949.95,-132.493,83.529526,0,0,0,0,2.7459998,2.7459998,none,true,0,0,0,Stand,2.2704334,,,,1,0->0:Exact,NONE
134,2.228118,0.015946,-8949.95,-132.493,83.529526,0,0,0,0,2.7459998,2.7459998,none,true,0,0,0,Stand,2.2863793,,,,1,0->0:Exact,NONE
135,2.244064,0.017415,-8949.95,-132.493,83.529526,0,0,0,0,2.7459998,2.7459998,none,true,0,0,0,Stand,2.3037944,,,,1,0->0:Exact,NONE
136,2.261479,0.016478,-8949.95,-132.493,83.529526,0,0,0,0,2.7459998,2.7459998,none,true,0,0,0,Stand,2.3202722,,,,1,0->0:Exact,NONE
137,2.277957,0.015332,-8949.95,-132.493,83.529526,0,0,0,0,2.7459998,2.7459998,none,true,0,0,0,Stand,2.3356044,,,,1,0->0:Exact,NONE
138,2.293289,0.023749,-8949.95,-132.493,83.529526,0,0,0,0,2.7459998,2.7459998,none,true,0,0,0,Stand,2.3593528,,,,1,0->0:Exact,NONE
139,2.317038,0.015918,-8949.95,-132.493,83.529526,0,0,0,0,2.7459998,2.7459998,none,true,0,0,0,Stand,2.3752713,,,,1,0->0:Exact,NONE
140,2.332956,0.011873,-8949.95,-132.493,83.529526,0,0,0,0,2.7459998,2.7459998,none,true,0,0,0,Stand,2.3871446,,,,1,0->0:Exact,NONE
141,2.344829,0.016921,-8949.95,-132.493,83.529526,0,0,0,0,2.7459998,2.7459998,none,true,0,0,0,Stand,2.4040651,,,,1,0->0:Exact,NONE
142,2.361750,0.016576,-8949.95,-132.493,83.529526,0,0,0,0,2.7459998,2.7459998,none,true,0,0,0,Stand,2.420641,,,,1,0->0:Exact,NONE
143,2.378326,0.016235,-8949.95,-132.493,83.529526,0,0,0,0,2.7459998,2.7459998,none,true,0,0,0,Stand,2.4368763,,,,1,0->0:Exact,NONE
144,2.394561,0.016849,-8949.95,-132.493,83.529526,0,0,0,0,2.7459998,2.7459998,none,true,0,0,0,Stand,2.4537256,,,,1,0->0:Exact,NONE
145,2.411410,0.016825,-8949.95,-132.493,83.529526,0,0,0,0,2.7459998,2.7459998,none,true,0,0,0,Stand,2.4705508,,,,1,0->0:Exact,NONE
146,2.428236,0.016642,-8949.95,-132.493,83.529526,0,0,0,0,2.7459998,2.7459998,none,true,0,0,0,Stand,2.4871924,,,,1,0->0:Exact,NONE
147,2.444877,0.016850,-8949.95,-132.493,83.529526,0,0,0,0,2.7459998,2.7459998,none,true,0,0,0,Stand,2.5040424,,,,1,0->0:Exact,NONE
148,2.461727,0.016645,-8949.95,-132.493,83.529526,0,0,0,0,2.7459998,2.7459998,none,true,0,0,0,Stand,2.5206876,,,,1,0->0:Exact,NONE
149,2.478372,0.016535,-8949.95,-132.493,83.529526,0,0,0,0,2.7459998,2.7459998,none,true,0,0,0,Stand,2.5372224,,,,1,0->0:Exact,NONE
150,2.494907,0.016584,-8949.95,-132.493,83.529526,0,0,0,0,2.7459998,2.7459998,none,true,0,0,0,Stand,2.553806,,,,1,0->0:Exact,NONE
151,2.511491,0.016902,-8949.95,-132.493,83.529526,0,0,0,0,2.7459998,2.7459998,none,true,0,0,0,Stand,2.5707083,,,,1,0->0:Exact,NONE
152,2.528393,0.016622,-8949.95,-132.493,83.529526,0,0,0,0,2.7459998,2.7459998,none,true,0,0,0,Stand,2.5873306,,,,1,0->0:Exact,NONE
153,2.545015,0.016656,-8949.95,-132.493,83.529526,0,0,0,0,2.7459998,2.7459998,none,true,0,0,0,Stand,2.6039867,,,,1,0->0:Exact,NONE
154,2.561671,0.016389,-8949.95,-132.493,83.529526,0,0,0,0,2.7459998,2.7459998,none,true,0,0,0,Stand,2.6203756,,,,1,0->0:Exact,NONE
155,2.578060,0.016898,-8949.95,-132.493,83.529526,0,0,0,0,2.7459998,2.7459998,none,true,0,0,0,Stand,2.6372738,,,,1,0->0:Exact,NONE
156,2.594958,0.017004,-8949.95,-132.493,83.529526,0,0,0,0,2.7459998,2.7459998,none,true,0,0,0,Stand,2.6542773,,,,1,0->0:Exact,NONE
157,2.611962,0.016339,-8949.95,-132.493,83.529526,0,0,0,0,2.7459998,2.7459998,none,true,0,0,0,Stand,2.6706166,,,,1,0->0:Exact,NONE
158,2.628301,0.016957,-8949.95,-132.493,83.529526,0,0,0,0,2.7459998,2.7459998,none,true,0,0,0,Stand,2.687574,,,,1,0->0:Exact,NONE
159,2.645259,0.014657,-8949.95,-132.493,83.529526,0,0,0,0,2.7459998,2.7459998,none,true,0,0,0,Stand,2.702231,,,,1,0->0:Exact,NONE
160,2.659916,0.016824,-8949.95,-132.493,83.529526,0,0,0,0,2.7459998,2.7459998,none,true,0,0,0,Stand,2.7190547,,,,1,0->0:Exact,NONE
161,2.676739,0.016580,-8949.95,-132.493,83.529526,0,0,0,0,2.7459998,2.7459998,none,true,0,0,0,Stand,2.735635,,,,1,0->0:Exact,NONE
162,2.693320,0.016757,-8949.95,-132.493,83.529526,0,0,0,0,2.7459998,2.7459998,none,true,0,0,0,Stand,2.7523918,,,,1,0->0:Exact,NONE
163,2.710077,0.018249,-8949.95,-132.493,83.529526,0,0,0,0,2.7459998,2.7459998,none,true,0,0,0,Stand,2.7706406,,,,1,0->0:Exact,NONE
164,2.728325,0.015291,-8949.95,-132.493,83.529526,0,0,0,0,2.7459998,2.7459998,none,true,0,0,0,Stand,2.785932,,,,1,0->0:Exact,NONE
165,2.743617,0.016424,-8949.95,-132.493,83.529526,0,0,0,0,2.7459998,2.7459998,none,true,0,0,0,Stand,2.8023558,,,,1,0->0:Exact,NONE
166,2.760040,0.017290,-8949.95,-132.493,83.529526,0,0,0,0,2.7459998,2.7459998,none,true,0,0,0,Stand,2.819646,,,,1,0->0:Exact,NONE
167,2.777330,0.016210,-8949.95,-132.493,83.529526,0,0,0,0,2.7459998,2.7459998,none,true,0,0,0,Stand,2.835856,,,,1,0->0:Exact,NONE
168,2.793540,0.016799,-8949.95,-132.493,83.529526,0,0,0,0,2.7459998,2.7459998,none,true,0,0,0,Stand,2.8526545,,,,1,0->0:Exact,NONE
169,2.810339,0.016698,-8949.95,-132.493,83.529526,0,0,0,0,2.7459998,2.7459998,none,true,0,0,0,Stand,2.8693528,,,,1,0->0:Exact,NONE
170,2.827037,0.016184,-8949.95,-132.493,83.529526,0,0,0,0,2.7459998,2.7459998,none,true,0,0,0,Stand,2.8855371,,,,1,0->0:Exact,NONE
171,2.843222,0.016922,-8949.95,-132.493,83.529526,0,0,0,0,2.7459998,2.7459998,none,true,0,0,0,Stand,2.9024591,,,,1,0->0:Exact,NONE
172,2.860144,0.016970,-8949.95,-132.493,83.529526,0,0,0,0,2.7459998,2.7459998,none,true,0,0,0,Stand,2.9194295,,,,1,0->0:Exact,NONE
173,2.877114,0.016300,-8949.95,-132.493,83.529526,0,0,0,0,2.7459998,2.7459998,none,true,0,0,0,Stand,2.9357293,,,,1,0->0:Exact,NONE
174,2.893414,0.017430,-8949.95,-132.493,83.529526,0,0,0,0,2.7459998,2.7459998,none,true,0,0,0,Stand,2.9531593,,,,1,0->0:Exact,NONE
175,2.910844,0.017106,-8949.95,-132.493,83.529526,0,0,0,0,2.7459998,2.7459998,none,true,0,0,0,Stand,2.9702652,,,,1,0->0:Exact,NONE
176,2.927950,0.015923,-8949.95,-132.493,83.529526,0,0,0,0,2.7459998,2.7459998,none,true,0,0,0,Stand,2.9861882,,,,1,0->0:Exact,NONE
177,2.943873,0.016730,-8949.95,-132.493,83.529526,0,0,0,0,2.7459998,2.7459998,none,true,0,0,0,Stand,3.0029185,,,,1,0->0:Exact,NONE
178,2.960603,0.016457,-8949.95,-132.493,83.529526,0,0,0,0,2.7459998,2.7459998,none,true,0,0,0,Stand,3.0193753,,,,1,0->0:Exact,NONE
179,2.977060,0.016841,-8949.95,-132.493,83.529526,0,0,0,0,2.7459998,2.7459998,none,true,0,0,0,Stand,3.0362167,,,,1,0->0:Exact,NONE
180,2.993901,0.016372,-8949.95,-132.493,83.529526,0,0,0,0,2.7459998,2.7459998,none,true,0,0,0,Stand,3.052589,,,,1,0->0:Exact,NONE
181,3.010273,0.016562,-8949.95,-132.493,83.529526,0,0,0,0,2.7459998,2.7459998,none,true,0,0,0,Stand,3.069151,,,,1,0->0:Exact,NONE
182,3.026835,0.016670,-8949.95,-132.493,83.529526,0,0,0,0,2.7459998,2.7459998,none,true,0,0,0,Stand,3.0858207,,,,1,0->0:Exact,NONE
183,3.043505,0.017484,-8949.95,-132.493,83.529526,0,0,0,0,2.7459998,2.7459998,none,true,0,0,0,Stand,3.1033049,,,,1,0->0:Exact,NONE
184,3.060989,0.016074,-8949.95,-132.493,83.529526,0,0,0,0,2.7459998,2.7459998,none,true,0,0,0,Stand,3.1193786,,,,1,0->0:Exact,NONE
185,3.077063,0.016850,-8949.95,-132.493,83.529526,0,0,0,0,2.7459998,2.7459998,none,true,0,0,0,Stand,3.1362286,,,,1,0->0:Exact,NONE
186,3.093913,0.016480,-8949.95,-132.493,83.529526,0,0,0,0,2.7459998,2.7459998,none,true,0,0,0,Stand,3.152709,,,,1,0->0:Exact,NONE
187,3.110393,0.016935,-8949.95,-132.493,83.529526,0,0,0,0,2.7459998,2.7459998,none,true,0,0,0,Stand,3.169644,,,,1,0->0:Exact,NONE
188,3.127328,0.016491,-8949.95,-132.493,83.529526,0,0,0,0,2.7459998,2.7459998,none,true,0,0,0,Stand,3.186135,,,,1,0->0:Exact,NONE
189,3.143819,0.016617,-8949.95,-132.493,83.529526,0,0,0,0,2.7459998,2.7459998,none,true,0,0,0,Stand,3.2027516,,,,1,0->0:Exact,NONE
190,3.160436,0.016874,-8949.95,-132.493,83.529526,0,0,0,0,2.7459998,2.7459998,none,true,0,0,0,Stand,3.2196252,,,,1,0->0:Exact,NONE
191,3.177310,0.016688,-8949.95,-132.493,83.529526,0,0,0,0,2.7459998,2.7459998,none,true,0,0,0,Stand,3.236313,,,,1,0->0:Exact,NONE
192,3.193997,0.016869,-8949.95,-132.493,83.529526,0,0,0,0,2.7459998,2.7459998,none,true,0,0,0,Stand,3.2531824,,,,1,0->0:Exact,NONE
193,3.210867,0.017738,-8949.95,-132.493,83.529526,0,0,0,0,2.7459998,2.7459998,none,true,0,0,0,Stand,3.2709208,,,,1,0->0:Exact,NONE
194,3.228605,0.015519,-8949.95,-132.493,83.529526,0,0,0,0,2.7459998,2.7459998,none,true,0,0,0,Stand,3.2864397,,,,1,0->0:Exact,NONE
195,3.244124,0.016310,-8949.95,-132.493,83.529526,0,0,0,0,2.7459998,2.7459998,none,true,0,0,0,Stand,3.3027499,,,,1,0->0:Exact,NONE
196,3.260434,0.016732,-8949.95,-132.493,83.529526,0,0,0,0,2.7459998,2.7459998,none,true,0,0,0,Stand,3.319482,,,,1,0->0:Exact,NONE
197,3.277166,0.016628,-8949.95,-132.493,83.529526,0,0,0,0,2.7459998,2.7459998,none,true,0,0,0,Stand,3.3361099,,,,1,0->0:Exact,NONE
198,3.293794,0.016662,-8949.95,-132.493,83.529526,0,0,0,0,2.7459998,2.7459998,none,true,0,0,0,Stand,3.352772,,,,1,0->0:Exact,NONE
199,3.310456,0.016994,-8949.95,-132.493,83.529526,0,0,0,0,2.7459998,2.7459998,none,true,0,0,0,Stand,3.3697658,,,,1,0->0:Exact,NONE
200,3.327450,0.016592,-8949.95,-132.493,83.529526,0,0,0,0,2.7459998,2.7459998,none,true,0,0,0,Stand,3.3863583,,,,1,0->0:Exact,NONE
201,3.344042,0.016632,-8949.95,-132.493,83.529526,0,0,0,0,2.7459998,2.7459998,none,true,0,0,0,Stand,3.4029899,,,,1,0->0:Exact,NONE
202,3.360674,0.016530,-8949.95,-132.493,83.529526,0,0,0,0,2.7459998,2.7459998,none,true,0,0,0,Stand,3.4195197,,,,1,0->0:Exact,NONE
203,3.377204,0.016832,-8949.95,-132.493,83.529526,0,0,0,0,2.7459998,2.7459998,none,true,0,0,0,Stand,3.436352,,,,1,0->0:Exact,NONE
204,3.394036,0.016540,-8949.95,-132.493,83.529526,0,0,0,0,2.7459998,2.7459998,none,true,0,0,0,Stand,3.4528925,,,,1,0->0:Exact,NONE
205,3.410577,0.017230,-8949.95,-132.493,83.529526,0,0,0,0,2.7459998,2.7459998,none,true,0,0,0,Stand,3.470123,,,,1,0->0:Exact,NONE
206,3.427807,0.016111,-8949.95,-132.493,83.529526,0,0,0,0,2.7459998,2.7459998,none,true,0,0,0,Stand,3.4862344,,,,1,0->0:Exact,NONE
207,3.443918,0.016956,-8949.95,-132.493,83.529526,0,0,0,0,2.7459998,2.7459998,none,true,0,0,0,Stand,3.50319,,,,1,0->0:Exact,NONE
208,3.460874,0.016531,-8949.95,-132.493,83.529526,0,0,0,0,2.7459998,2.7459998,none,true,0,0,0,Stand,3.519721,,,,1,0->0:Exact,NONE
209,3.477405,0.016863,-8949.95,-132.493,83.529526,0,0,0,0,2.7459998,2.7459998,none,true,0,0,0,Stand,3.5365844,,,,1,0->0:Exact,NONE
210,3.494268,0.016728,-8949.95,-132.493,83.529526,0,0,0,0,2.7459998,2.7459998,none,true,0,0,0,Stand,3.5533123,,,,1,0->0:Exact,NONE
211,3.510996,0.016619,-8949.95,-132.493,83.529526,0,0,0,0,2.7459998,2.7459998,none,true,0,0,0,Stand,3.5699313,,,,1,0->0:Exact,NONE
212,3.527615,0.016419,-8949.95,-132.493,83.529526,0,0,0,0,2.7459998,2.7459998,none,true,0,0,0,Stand,3.5863507,,,,1,0->0:Exact,NONE
213,3.544035,0.017026,-8949.95,-132.493,83.529526,0,0,0,0,2.7459998,2.7459998,none,true,0,0,0,Stand,3.6033766,,,,1,0->0:Exact,NONE
214,3.561060,0.017014,-8949.95,-132.493,83.529526,0,0,0,0,2.7459998,2.7459998,none,true,0,0,0,Stand,3.6203902,,,,1,0->0:Exact,NONE
215,3.578074,0.016026,-8949.95,-132.493,83.529526,0,0,0,0,2.7459998,2.7459998,none,true,0,0,0,Stand,3.6364164,,,,1,0->0:Exact,NONE
216,3.594100,0.016708,-8949.95,-132.493,83.529526,0,0,0,0,2.7459998,2.7459998,none,true,0,0,0,Stand,3.653124,,,,1,0->0:Exact,NONE
217,3.610808,0.016866,-8949.95,-132.493,83.529526,0,0,0,0,2.7459998,2.7459998,none,true,0,0,0,Stand,3.6699903,,,,1,0->0:Exact,NONE
218,3.627674,0.016476,-8949.95,-132.493,83.529526,0,0,0,0,2.7459998,2.7459998,none,true,0,0,0,Stand,3.686466,,,,1,0->0:Exact,NONE
219,3.644150,0.016641,-8949.95,-132.493,83.529526,0,0,0,0,2.7459998,2.7459998,none,true,0,0,0,Stand,3.703107,,,,1,0->0:Exact,NONE
220,3.660791,0.016894,-8949.95,-132.493,83.529526,0,0,0,0,2.7459998,2.7459998,none,true,0,0,0,Stand,3.7200005,,,,1,0->0:Exact,NONE
221,3.677685,0.016657,-8949.95,-132.493,83.529526,0,0,0,0,2.7459998,2.7459998,none,true,0,0,0,Stand,3.7366576,,,,1,0->0:Exact,NONE
222,3.694342,0.016436,-8949.95,-132.493,83.529526,0,0,0,0,2.7459998,2.7459998,none,true,0,0,0,Stand,3.7530935,,,,1,0->0:Exact,NONE
223,3.710777,0.016742,-8949.95,-132.493,83.529526,0,0,0,0,2.7459998,2.7459998,none,true,0,0,0,Stand,3.769836,,,,1,0->0:Exact,NONE
224,3.727520,0.016531,-8949.95,-132.493,83.529526,0,0,0,0,2.7459998,2.7459998,none,true,0,0,0,Stand,3.7863672,,,,1,0->0:Exact,NONE
225,3.744051,0.016784,-8949.95,-132.493,83.529526,0,0,0,0,2.7459998,2.7459998,none,true,0,0,0,Stand,3.8031514,,,,1,0->0:Exact,NONE
226,3.760835,0.016676,-8949.95,-132.493,83.529526,0,0,0,0,2.7459998,2.7459998,none,true,0,0,0,Stand,3.8198268,,,,1,0->0:Exact,NONE
227,3.777511,0.016768,-8949.95,-132.493,83.529526,0,0,0,0,2.7459998,2.7459998,none,true,0,0,0,Stand,3.836595,,,,1,0->0:Exact,NONE
228,3.794279,0.016706,-8949.95,-132.493,83.529526,0,0,0,0,2.7459998,2.7459998,none,true,0,0,0,Stand,3.8533008,,,,1,0->0:Exact,NONE
229,3.810985,0.018529,-8949.95,-132.493,83.529526,0,0,0,0,2.7459998,2.7459998,none,true,0,0,0,Stand,3.8718297,,,,1,0->0:Exact,NONE
230,3.829514,0.015098,-8949.95,-132.493,83.529526,0,0,0,0,2.7459998,2.7459998,none,true,0,0,0,Stand,3.8869274,,,,1,0->0:Exact,NONE
231,3.844611,0.016268,-8949.95,-132.493,83.529526,0,0,0,0,2.7459998,2.7459998,none,true,0,0,0,Stand,3.903195,,,,1,0->0:Exact,NONE
232,3.860879,0.016969,-8949.95,-132.493,83.529526,0,0,0,0,2.7459998,2.7459998,none,true,0,0,0,Stand,3.9201643,,,,1,0->0:Exact,NONE
233,3.877848,0.016643,-8949.95,-132.493,83.529526,0,0,0,0,2.7459998,2.7459998,none,true,0,0,0,Stand,3.9368079,,,,1,0->0:Exact,NONE
234,3.894492,0.016736,-8949.95,-132.493,83.529526,0,0,0,0,2.7459998,2.7459998,none,true,0,0,0,Stand,3.9535437,,,,1,0->0:Exact,NONE
235,3.911228,0.016722,-8949.95,-132.493,83.529526,0,0,0,0,2.7459998,2.7459998,none,true,0,0,0,Stand,3.9702654,,,,1,0->0:Exact,NONE
236,3.927949,0.016668,-8949.95,-132.493,83.529526,0,0,0,0,2.7459998,2.7459998,none,true,0,0,0,Stand,3.986933,,,,1,0->0:Exact,NONE
237,3.944617,0.016384,-8949.95,-132.493,83.529526,0,0,0,0,2.7459998,2.7459998,none,true,0,0,0,Stand,4.0033164,,,,1,0->0:Exact,NONE
238,3.961000,0.016892,-8949.95,-132.493,83.529526,0,0,0,0,2.7459998,2.7459998,none,true,0,0,0,Stand,4.020209,,,,1,0->0:Exact,NONE
239,3.977893,0.017015,-8949.95,-132.493,83.529526,0,0,0,0,2.7459998,2.7459998,none,true,0,0,0,Stand,4.037224,,,,1,0->0:Exact,NONE
240,3.994908,0.016329,-8949.95,-132.493,83.529526,0,0,0,0,2.7459998,2.7459998,none,true,0,0,0,Stand,4.0535526,,,,1,0->0:Exact,NONE
241,4.011236,0.016321,-8949.95,-132.493,83.529526,0,0,0,0,2.7459998,2.7459998,none,true,0,0,0,Stand,4.069874,,,,1,0->0:Exact,NONE
242,4.027557,0.017126,-8949.95,-132.493,83.529526,0,0,0,0,2.7459998,2.7459998,none,true,0,0,0,Stand,4.087,,,,1,0->0:Exact,NONE
243,4.044683,0.016993,-8949.95,-132.493,83.529526,0,0,0,0,2.7459998,2.7459998,none,true,0,0,0,Stand,4.103993,,,,1,0->0:Exact,NONE
244,4.061676,0.016064,-8949.95,-132.493,83.529526,0,0,0,0,2.7459998,2.7459998,none,true,0,0,0,Stand,4.120057,,,,1,0->0:Exact,NONE
245,4.077740,0.016648,-8949.95,-132.493,83.529526,0,0,0,0,2.7459998,2.7459998,none,true,0,0,0,Stand,4.136705,,,,1,0->0:Exact,NONE
246,4.094388,0.016795,-8949.95,-132.493,83.529526,0,0,0,0,2.7459998,2.7459998,none,true,0,0,0,Stand,4.1534996,,,,1,0->0:Exact,NONE
247,4.111182,0.017709,-8949.95,-132.493,83.529526,0,0,0,0,2.7459998,2.7459998,none,true,0,0,0,Stand,4.171209,,,,1,0->0:Exact,NONE
248,4.128891,0.015627,-8949.95,-132.493,83.529526,0,0,0,0,2.7459998,2.7459998,none,true,0,0,0,Stand,4.1868353,,,,1,0->0:Exact,NONE
249,4.144518,0.016668,-8949.95,-132.493,83.529526,0,0,0,0,2.7459998,2.7459998,none,true,0,0,0,Stand,4.203503,,,,1,0->0:Exact,NONE
250,4.161186,0.016624,-8949.95,-132.493,83.529526,0,0,0,0,2.7459998,2.7459998,none,true,0,0,0,Stand,4.2201266,,,,1,0->0:Exact,NONE
251,4.177810,0.016678,-8949.95,-132.493,83.529526,0,0,0,0,2.7459998,2.7459998,none,true,0,0,0,Stand,4.2368045,,,,1,0->0:Exact,NONE
252,4.194488,0.016912,-8949.95,-132.493,83.529526,0,0,0,0,2.7459998,2.7459998,none,true,0,0,0,Stand,4.2537165,,,,1,0->0:Exact,NONE
253,4.211400,0.016451,-8949.95,-132.493,83.529526,0,0,0,0,2.7459998,2.7459998,none,true,0,0,0,Stand,4.270168,,,,1,0->0:Exact,NONE
254,4.227851,0.016719,-8949.95,-132.493,83.529526,0,0,0,0,2.7459998,2.7459998,none,true,0,0,0,Stand,4.286887,,,,1,0->0:Exact,NONE
255,4.244570,0.016642,-8949.95,-132.493,83.529526,0,0,0,0,2.7459998,2.7459998,none,true,0,0,0,Stand,4.3035297,,,,1,0->0:Exact,NONE
256,4.261213,0.016648,-8949.95,-132.493,83.529526,0,0,0,0,2.7459998,2.7459998,none,true,0,0,0,Stand,4.3201776,,,,1,0->0:Exact,NONE
257,4.277861,0.016815,-8949.95,-132.493,83.529526,0,0,0,0,2.7459998,2.7459998,none,true,0,0,0,Stand,4.3369927,,,,1,0->0:Exact,NONE
258,4.294676,0.017026,-8949.95,-132.493,83.529526,0,0,0,0,2.7459998,2.7459998,none,true,0,0,0,Stand,4.354018,,,,1,0->0:Exact,NONE
259,4.311701,0.016190,-8949.95,-132.493,83.529526,0,0,0,0,2.7459998,2.7459998,none,true,0,0,0,Stand,4.3702083,,,,1,0->0:Exact,NONE
260,4.327891,0.017088,-8949.95,-132.493,83.529526,0,0,0,0,2.7459998,2.7459998,none,true,0,0,0,Stand,4.3872967,,,,1,0->0:Exact,NONE
261,4.344980,0.016535,-8949.95,-132.493,83.529526,0,0,0,0,2.7459998,2.7459998,none,true,0,0,0,Stand,4.4038315,,,,1,0->0:Exact,NONE
262,4.361515,0.016600,-8949.95,-132.493,83.529526,0,0,0,0,2.7459998,2.7459998,none,true,0,0,0,Stand,4.4204316,,,,1,0->0:Exact,NONE
263,4.378115,0.016619,-8949.95,-132.493,83.529526,0,0,0,0,2.7459998,2.7459998,none,true,0,0,0,Stand,4.4370503,,,,1,0->0:Exact,NONE
264,4.394734,0.016702,-8949.95,-132.493,83.529526,0,0,0,0,2.7459998,2.7459998,none,true,0,0,0,Stand,4.453752,,,,1,0->0:Exact,NONE
265,4.411436,0.017621,-8949.95,-132.493,83.529526,0,0,0,0,2.7459998,2.7459998,none,true,0,0,0,Stand,4.4713726,,,,1,0->0:Exact,NONE
266,4.429056,0.015645,-8949.95,-132.493,83.529526,0,0,0,0,2.7459998,2.7459998,none,true,0,0,0,Stand,4.487017,,,,1,0->0:Exact,NONE
267,4.444701,0.016713,-8949.95,-132.493,83.529526,0,0,0,0,2.7459998,2.7459998,none,true,0,0,0,Stand,4.5037303,,,,1,0->0:Exact,NONE
268,4.461414,0.016843,-8949.95,-132.493,83.529526,0,0,0,0,2.7459998,2.7459998,none,true,0,0,0,Stand,4.5205736,,,,1,0->0:Exact,NONE
269,4.478257,0.016543,-8949.95,-132.493,83.529526,0,0,0,0,2.7459998,2.7459998,none,true,0,0,0,Stand,4.5371165,,,,1,0->0:Exact,NONE
270,4.494800,0.016594,-8949.95,-132.493,83.529526,0,0,0,0,2.7459998,2.7459998,none,true,0,0,0,Stand,4.553711,,,,1,0->0:Exact,NONE
271,4.511395,0.017033,-8949.95,-132.493,83.529526,0,0,0,0,2.7459998,2.7459998,none,true,0,0,0,Stand,4.5707445,,,,1,0->0:Exact,NONE
272,4.528428,0.016410,-8949.95,-132.493,83.529526,0,0,0,0,2.7459998,2.7459998,none,true,0,0,0,Stand,4.5871544,,,,1,0->0:Exact,NONE
273,4.544838,0.016597,-8949.95,-132.493,83.529526,0,0,0,0,2.7459998,2.7459998,none,true,0,0,0,Stand,4.603751,,,,1,0->0:Exact,NONE
274,4.561435,0.016587,-8949.95,-132.493,83.529526,0,0,0,0,2.7459998,2.7459998,none,true,0,0,0,Stand,4.620338,,,,1,0->0:Exact,NONE
275,4.578022,0.016819,-8949.95,-132.493,83.529526,0,0,0,0,2.7459998,2.7459998,none,true,0,0,0,Stand,4.6371565,,,,1,0->0:Exact,NONE
276,4.594840,0.016761,-8949.95,-132.493,83.529526,0,0,0,0,2.7459998,2.7459998,none,true,0,0,0,Stand,4.653918,,,,1,0->0:Exact,NONE
277,4.611602,0.016459,-8949.95,-132.493,83.529526,0,0,0,0,2.7459998,2.7459998,none,true,0,0,0,Stand,4.6703773,,,,1,0->0:Exact,NONE
278,4.628061,0.016730,-8949.95,-132.493,83.529526,0,0,0,0,2.7459998,2.7459998,none,true,0,0,0,Stand,4.6871076,,,,1,0->0:Exact,NONE
279,4.644791,0.016594,-8949.95,-132.493,83.529526,0,0,0,0,2.7459998,2.7459998,none,true,0,0,0,Stand,4.703702,,,,1,0->0:Exact,NONE
280,4.661386,0.016837,-8949.95,-132.493,83.529526,0,0,0,0,2.7459998,2.7459998,none,true,0,0,0,Stand,4.720539,,,,1,0->0:Exact,NONE
281,4.678222,0.016655,-8949.95,-132.493,83.529526,0,0,0,0,2.7459998,2.7459998,none,true,0,0,0,Stand,4.7371936,,,,1,0->0:Exact,NONE
282,4.694877,0.016722,-8949.95,-132.493,83.529526,0,0,0,0,2.7459998,2.7459998,none,true,0,0,0,Stand,4.753916,,,,1,0->0:Exact,NONE
283,4.711599,0.016848,-8949.95,-132.493,83.529526,0,0,0,0,2.7459998,2.7459998,none,true,0,0,0,Stand,4.7707634,,,,1,0->0:Exact,NONE
284,4.728447,0.016658,-8949.95,-132.493,83.529526,0,0,0,0,2.7459998,2.7459998,none,true,0,0,0,Stand,4.787421,,,,1,0->0:Exact,NONE
285,4.745104,0.016617,-8949.95,-132.493,83.529526,0,0,0,0,2.7459998,2.7459998,none,true,0,0,0,Stand,4.804038,,,,1,0->0:Exact,NONE
286,4.761721,0.016537,-8949.95,-132.493,83.529526,0,0,0,0,2.7459998,2.7459998,none,true,0,0,0,Stand,4.8205748,,,,1,0->0:Exact,NONE
287,4.778258,0.017616,-8949.95,-132.493,83.529526,0,0,0,0,2.7459998,2.7459998,none,true,0,0,0,Stand,4.8381906,,,,1,0->0:Exact,NONE
288,4.795874,0.016023,-8949.95,-132.493,83.529526,0,0,0,0,2.7459998,2.7459998,none,true,0,0,0,Stand,4.854213,,,,1,0->0:Exact,NONE
289,4.811896,0.017696,-8949.95,-132.493,83.529526,0,0,0,0,2.7459998,2.7459998,none,true,0,0,0,Stand,4.8719096,,,,1,0->0:Exact,NONE
290,4.829592,0.015652,-8949.95,-132.493,83.529526,0,0,0,0,2.7459998,2.7459998,none,true,0,0,0,Stand,4.887562,,,,1,0->0:Exact,NONE
291,4.845245,0.016572,-8949.95,-132.493,83.529526,0,0,0,0,2.7459998,2.7459998,none,true,0,0,0,Stand,4.9041343,,,,1,0->0:Exact,NONE
292,4.861817,0.016596,-8949.95,-132.493,83.529526,0,0,0,0,2.7459998,2.7459998,none,true,0,0,0,Stand,4.9207306,,,,1,0->0:Exact,NONE
293,4.878413,0.016939,-8949.95,-132.493,83.529526,0,0,0,0,2.7459998,2.7459998,none,true,0,0,0,Stand,4.9376698,,,,1,0->0:Exact,NONE
294,4.895353,0.016506,-8949.95,-132.493,83.529526,0,0,0,0,2.7459998,2.7459998,none,true,0,0,0,Stand,4.9541755,,,,1,0->0:Exact,NONE
295,4.911858,0.016573,-8949.95,-132.493,83.529526,0,0,0,0,2.7459998,2.7459998,none,true,0,0,0,Stand,4.970749,,,,1,0->0:Exact,NONE
296,4.928432,0.016820,-8949.95,-132.493,83.529526,0,0,0,0,2.7459998,2.7459998,none,true,0,0,0,Stand,4.9875693,,,,1,0->0:Exact,NONE
297,4.945252,0.016555,-8949.95,-132.493,83.529526,0,0,0,0,2.7459998,2.7459998,none,true,0,0,0,Stand,5.0041237,,,,1,0->0:Exact,NONE
298,4.961807,0.016575,-8949.95,-132.493,83.529526,0,0,0,0,2.7459998,2.7459998,none,true,0,0,0,Stand,5.020698,,,,1,0->0:Exact,NONE
299,4.978381,0.016913,-8949.95,-132.493,83.529526,0,0,0,0,2.7459998,2.7459998,none,true,0,0,0,Stand,5.037611,,,,1,0->0:Exact,NONE
300,4.995294,0.016534,-8949.95,-132.493,83.529526,0,0,0,0,2.7459998,2.7459998,none,true,0,0,0,Stand,5.054145,,,,1,0->0:Exact,NONE
301,5.011828,0.016584,-8949.95,-132.493,83.529526,0,0,0,0,2.7459998,2.7459998,none,true,0,0,0,Stand,5.0707283,,,,1,0->0:Exact,NONE
302,5.028412,0.016876,-8949.95,-132.493,83.529526,0,0,0,0,2.7459998,2.7459998,none,true,0,0,0,Stand,5.0876045,,,,1,0->0:Exact,NONE
303,5.045288,0.016669,-8949.95,-132.493,83.529526,0,0,0,0,2.7459998,2.7459998,none,true,0,0,0,Stand,5.1042733,,,,1,0->0:Exact,NONE
304,5.061956,0.016701,-8949.95,-132.493,83.529526,0,0,0,0,2.7459998,2.7459998,none,true,0,0,0,Stand,5.1209745,,,,1,0->0:Exact,NONE
305,5.078657,0.016560,-8949.95,-132.493,83.529526,0,0,0,0,2.7459998,2.7459998,none,true,0,0,0,Stand,5.1375346,,,,1,0->0:Exact,NONE
306,5.095217,0.016799,-8949.95,-132.493,83.529526,0,0,0,0,2.7459998,2.7459998,none,true,0,0,0,Stand,5.154334,,,,1,0->0:Exact,NONE
307,5.112017,0.017858,-8949.95,-132.493,83.529526,0,0,0,0,2.7459998,2.7459998,none,true,0,0,0,Stand,5.1721926,,,,1,0->0:Exact,NONE
308,5.129875,0.015515,-8949.95,-132.493,83.529526,0,0,0,0,2.7459998,2.7459998,none,true,0,0,0,Stand,5.187707,,,,1,0->0:Exact,NONE
309,5.145390,0.016627,-8949.95,-132.493,83.529526,0,0,0,0,2.7459998,2.7459998,none,true,0,0,0,Stand,5.2043343,,,,1,0->0:Exact,NONE
310,5.162017,0.016590,-8949.95,-132.493,83.529526,0,0,0,0,2.7459998,2.7459998,none,true,0,0,0,Stand,5.220924,,,,1,0->0:Exact,NONE
311,5.178607,0.017098,-8949.95,-132.493,83.529526,0,0,0,0,2.7459998,2.7459998,none,true,0,0,0,Stand,5.238022,,,,1,0->0:Exact,NONE
312,5.195705,0.016348,-8949.95,-132.493,83.529526,0,0,0,0,2.7459998,2.7459998,none,true,0,0,0,Stand,5.2543697,,,,1,0->0:Exact,NONE
313,5.212053,0.016756,-8949.95,-132.493,83.529526,0,0,0,0,2.7459998,2.7459998,none,true,0,0,0,Stand,5.271126,,,,1,0->0:Exact,NONE
314,5.228808,0.016640,-8949.95,-132.493,83.529526,0,0,0,0,2.7459998,2.7459998,none,true,0,0,0,Stand,5.287766,,,,1,0->0:Exact,NONE
315,5.245448,0.016641,-8949.95,-132.493,83.529526,0,0,0,0,2.7459998,2.7459998,none,true,0,0,0,Stand,5.3044066,,,,1,0->0:Exact,NONE
316,5.262089,0.016700,-8949.95,-132.493,83.529526,0,0,0,0,2.7459998,2.7459998,none,true,0,0,0,Stand,5.321107,,,,1,0->0:Exact,NONE
317,5.278789,0.016596,-8949.95,-132.493,83.529526,0,0,0,0,2.7459998,2.7459998,none,true,0,0,0,Stand,5.337703,,,,1,0->0:Exact,NONE
318,5.295386,0.016664,-8949.95,-132.493,83.529526,0,0,0,0,2.7459998,2.7459998,none,true,0,0,0,Stand,5.3543677,,,,1,0->0:Exact,NONE
319,5.312050,0.016851,-8949.95,-132.493,83.529526,0,0,0,0,2.7459998,2.7459998,none,true,0,0,0,Stand,5.371218,,,,1,0->0:Exact,NONE
320,5.328901,0.016536,-8949.95,-132.493,83.529526,0,0,0,0,2.7459998,2.7459998,none,true,0,0,0,Stand,5.3877535,,,,1,0->0:Exact,NONE
321,5.345436,0.016859,-8949.95,-132.493,83.529526,0,0,0,0,2.7459998,2.7459998,none,true,0,0,0,Stand,5.404612,,,,1,0->0:Exact,NONE
322,5.362295,0.016460,-8949.95,-132.493,83.529526,0,0,0,0,2.7459998,2.7459998,none,true,0,0,0,Stand,5.4210725,,,,1,0->0:Exact,NONE
323,5.378755,0.016784,-8949.95,-132.493,83.529526,0,0,0,0,2.7459998,2.7459998,none,true,0,0,0,Stand,5.437856,,,,1,0->0:Exact,NONE
324,5.395539,0.016926,-8949.95,-132.493,83.529526,0,0,0,0,2.7459998,2.7459998,none,true,0,0,0,Stand,5.454782,,,,1,0->0:Exact,NONE
325,5.412464,0.017213,-8949.95,-132.493,83.529526,0,0,0,0,2.7459998,2.7459998,none,true,0,0,0,Stand,5.4719954,,,,1,0->0:Exact,NONE
326,5.429678,0.015982,-8949.95,-132.493,83.529526,0,0,0,0,2.7459998,2.7459998,none,true,0,0,0,Stand,5.4879775,,,,1,0->0:Exact,NONE
327,5.445660,0.016679,-8949.95,-132.493,83.529526,0,0,0,0,2.7459998,2.7459998,none,true,0,0,0,Stand,5.504657,,,,1,0->0:Exact,NONE
328,5.462339,0.016578,-8949.95,-132.493,83.529526,0,0,0,0,2.7459998,2.7459998,none,true,0,0,0,Stand,5.521235,,,,1,0->0:Exact,NONE
329,5.478917,0.016733,-8949.95,-132.493,83.529526,0,0,0,0,2.7459998,2.7459998,none,true,0,0,0,Stand,5.537968,,,,1,0->0:Exact,NONE
330,5.495650,0.016641,-8949.95,-132.493,83.529526,0,0,0,0,2.7459998,2.7459998,none,true,0,0,0,Stand,5.5546093,,,,1,0->0:Exact,NONE
331,5.512291,0.016794,-8949.95,-132.493,83.529526,0,0,0,0,2.7459998,2.7459998,none,true,0,0,0,Stand,5.571403,,,,1,0->0:Exact,NONE
332,5.529085,0.016555,-8949.95,-132.493,83.529526,0,0,0,0,2.7459998,2.7459998,none,true,0,0,0,Stand,5.5879574,,,,1,0->0:Exact,NONE
333,5.545640,0.016701,-8949.95,-132.493,83.529526,0,0,0,0,2.7459998,2.7459998,none,true,0,0,0,Stand,5.604658,,,,1,0->0:Exact,NONE
334,5.562341,0.016592,-8949.95,-132.493,83.529526,0,0,0,0,2.7459998,2.7459998,none,true,0,0,0,Stand,5.62125,,,,1,0->0:Exact,NONE
335,5.578933,0.016928,-8949.95,-132.493,83.529526,0,0,0,0,2.7459998,2.7459998,none,true,0,0,0,Stand,5.638178,,,,1,0->0:Exact,NONE
336,5.595860,0.016624,-8949.95,-132.493,83.529526,0,0,0,0,2.7459998,2.7459998,none,true,0,0,0,Stand,5.654802,,,,1,0->0:Exact,NONE
337,5.612484,0.016485,-8949.95,-132.493,83.529526,0,0,0,0,2.7459998,2.7459998,none,true,0,0,0,Stand,5.6712875,,,,1,0->0:Exact,NONE
338,5.628970,0.017202,-8949.95,-132.493,83.529526,0,0,0,0,2.7459998,2.7459998,none,true,0,0,0,Stand,5.688489,,,,1,0->0:Exact,NONE
339,5.646171,0.016268,-8949.95,-132.493,83.529526,0,0,0,0,2.7459998,2.7459998,none,true,0,0,0,Stand,5.7047567,,,,1,0->0:Exact,NONE
340,5.662439,0.016662,-8949.95,-132.493,83.529526,0,0,0,0,2.7459998,2.7459998,none,true,0,0,0,Stand,5.7214184,,,,1,0->0:Exact,NONE
341,5.679101,0.016664,-8949.95,-132.493,83.529526,0,0,0,0,2.7459998,2.7459998,none,true,0,0,0,Stand,5.738083,,,,1,0->0:Exact,NONE
342,5.695765,0.016720,-8949.95,-132.493,83.529526,0,0,0,0,2.7459998,2.7459998,none,true,0,0,0,Stand,5.754803,,,,1,0->0:Exact,NONE
343,5.712485,0.016494,-8949.95,-132.493,83.529526,0,0,0,0,2.7459998,2.7459998,none,true,0,0,0,Stand,5.7712975,,,,1,0->0:Exact,NONE
344,5.728980,0.016778,-8949.95,-132.493,83.529526,0,0,0,0,2.7459998,2.7459998,none,true,0,0,0,Stand,5.7880754,,,,1,0->0:Exact,NONE
345,5.745758,0.016669,-8949.95,-132.493,83.529526,0,0,0,0,2.7459998,2.7459998,none,true,0,0,0,Stand,5.8047447,,,,1,0->0:Exact,NONE
346,5.762427,0.016926,-8949.95,-132.493,83.529526,0,0,0,0,2.7459998,2.7459998,none,true,0,0,0,Stand,5.8216705,,,,1,0->0:Exact,NONE
347,5.779353,0.016431,-8949.95,-132.493,83.529526,0,0,0,0,2.7459998,2.7459998,none,true,0,0,0,Stand,5.838102,,,,1,0->0:Exact,NONE
348,5.795784,0.016823,-8949.95,-132.493,83.529526,0,0,0,0,2.7459998,2.7459998,none,true,0,0,0,Stand,5.8549247,,,,1,0->0:Exact,NONE
349,5.812607,0.017527,-8949.95,-132.493,83.529526,0,0,0,0,2.7459998,2.7459998,none,true,0,0,0,Stand,5.872452,,,,1,0->0:Exact,NONE
350,5.830134,0.015795,-8949.95,-132.493,83.529526,0,0,0,0,2.7459998,2.7459998,none,true,0,0,0,Stand,5.888247,,,,1,0->0:Exact,NONE
351,5.845929,0.016998,-8949.95,-132.493,83.529526,0,0,0,0,2.7459998,2.7459998,none,true,0,0,0,Stand,5.905245,,,,1,0->0:Exact,NONE
352,5.862927,0.016438,-8949.95,-132.493,83.529526,0,0,0,0,2.7459998,2.7459998,none,true,0,0,0,Stand,5.9216824,,,,1,0->0:Exact,NONE
353,5.879365,0.016731,-8949.95,-132.493,83.529526,0,0,0,0,2.7459998,2.7459998,none,true,0,0,0,Stand,5.9384127,,,,1,0->0:Exact,NONE
354,5.896095,0.016526,-8949.95,-132.493,83.529526,0,0,0,0,2.7459998,2.7459998,none,true,0,0,0,Stand,5.9549384,,,,1,0->0:Exact,NONE
355,5.912621,0.016750,-8949.95,-132.493,83.529526,0,0,0,0,2.7459998,2.7459998,none,true,0,0,0,Stand,5.9716887,,,,1,0->0:Exact,NONE
356,5.929371,0.016772,-8949.95,-132.493,83.529526,0,0,0,0,2.7459998,2.7459998,none,true,0,0,0,Stand,5.9884605,,,,1,0->0:Exact,NONE
357,5.946143,0.016444,-8949.95,-132.493,83.529526,0,0,0,0,2.7459998,2.7459998,none,true,0,0,0,Stand,6.0049043,,,,1,0->0:Exact,NONE
358,5.962587,0.016770,-8949.95,-132.493,83.529526,0,0,0,0,2.7459998,2.7459998,none,true,0,0,0,Stand,6.0216746,,,,1,0->0:Exact,NONE
359,5.979357,0.016582,-8949.95,-132.493,83.529526,0,0,0,0,2.7459998,2.7459998,none,true,0,0,0,Stand,6.038256,,,,1,0->0:Exact,NONE
360,5.995939,0.016702,-8949.95,-132.493,83.529526,0,0,0,0,2.7459998,2.7459998,none,true,0,0,0,Stand,6.054958,,,,1,0->0:Exact,NONE
361,6.012640,0.016720,-8949.95,-132.493,83.529526,0,0,0,0,2.7459998,2.7459998,none,true,0,0,0,Stand,6.071678,,,,1,0->0:Exact,NONE
362,6.029361,0.016788,-8949.95,-132.493,83.529526,0,0,0,0,2.7459998,2.7459998,none,true,0,0,0,Stand,6.088466,,,,1,0->0:Exact,NONE
363,6.046149,0.016591,-8949.95,-132.493,83.529526,0,0,0,0,2.7459998,2.7459998,none,true,0,0,0,Stand,6.1050572,,,,1,0->0:Exact,NONE
364,6.062740,0.016767,-8949.95,-132.493,83.529526,0,0,0,0,2.7459998,2.7459998,none,true,0,0,0,Stand,6.1218243,,,,1,0->0:Exact,NONE
365,6.079507,0.016594,-8949.95,-132.493,83.529526,0,0,0,0,2.7459998,2.7459998,none,true,0,0,0,Stand,6.1384187,,,,1,0->0:Exact,NONE
366,6.096101,0.016751,-8949.95,-132.493,83.529526,0,0,0,0,2.7459998,2.7459998,none,true,0,0,0,Stand,6.15517,,,,1,0->0:Exact,NONE
367,6.112852,0.017798,-8949.95,-132.493,83.529526,0,0,0,0,2.7459998,2.7459998,none,true,0,0,0,Stand,6.1729684,,,,1,0->0:Exact,NONE
368,6.130651,0.015559,-8949.95,-132.493,83.529526,0,0,0,0,2.7459998,2.7459998,none,true,0,0,0,Stand,6.188527,,,,1,0->0:Exact,NONE
369,6.146210,0.016618,-8949.95,-132.493,83.529526,0,0,0,0,2.7459998,2.7459998,none,true,0,0,0,Stand,6.205145,,,,1,0->0:Exact,NONE
370,6.162827,0.016876,-8949.95,-132.493,83.529526,0,0,0,0,2.7459998,2.7459998,none,true,0,0,0,Stand,6.222021,,,,1,0->0:Exact,NONE
371,6.179703,0.016484,-8949.95,-132.493,83.529526,0,0,0,0,2.7459998,2.7459998,none,true,0,0,0,Stand,6.238505,,,,1,0->0:Exact,NONE
372,6.196187,0.016707,-8949.95,-132.493,83.529526,0,0,0,0,2.7459998,2.7459998,none,true,0,0,0,Stand,6.2552114,,,,1,0->0:Exact,NONE
373,6.212894,0.016508,-8949.95,-132.493,83.529526,0,0,0,0,2.7459998,2.7459998,none,true,0,0,0,Stand,6.2717195,,,,1,0->0:Exact,NONE
374,6.229402,0.016714,-8949.95,-132.493,83.529526,0,0,0,0,2.7459998,2.7459998,none,true,0,0,0,Stand,6.288433,,,,1,0->0:Exact,NONE
375,6.246115,0.016796,-8949.95,-132.493,83.529526,0,0,0,0,2.7459998,2.7459998,none,true,0,0,0,Stand,6.305229,,,,1,0->0:Exact,NONE
376,6.262912,0.016856,-8949.95,-132.493,83.529526,0,0,0,0,2.7459998,2.7459998,none,true,0,0,0,Stand,6.3220854,,,,1,0->0:Exact,NONE
377,6.279768,0.016556,-8949.95,-132.493,83.529526,0,0,0,0,2.7459998,2.7459998,none,true,0,0,0,Stand,6.3386416,,,,1,0->0:Exact,NONE
378,6.296325,0.016758,-8949.95,-132.493,83.529526,0,0,0,0,2.7459998,2.7459998,none,true,0,0,0,Stand,6.3554,,,,1,0->0:Exact,NONE
379,6.313083,0.016508,-8949.95,-132.493,83.529526,0,0,0,0,2.7459998,2.7459998,none,true,0,0,0,Stand,6.371908,,,,1,0->0:Exact,NONE
380,6.329591,0.016665,-8949.95,-132.493,83.529526,0,0,0,0,2.7459998,2.7459998,none,true,0,0,0,Stand,6.3885736,,,,1,0->0:Exact,NONE
381,6.346257,0.016680,-8949.95,-132.493,83.529526,0,0,0,0,2.7459998,2.7459998,none,true,0,0,0,Stand,6.405254,,,,1,0->0:Exact,NONE
382,6.362937,0.016961,-8949.95,-132.493,83.529526,0,0,0,0,2.7459998,2.7459998,none,true,0,0,0,Stand,6.422215,,,,1,0->0:Exact,NONE
383,6.379898,0.016555,-8949.95,-132.493,83.529526,0,0,0,0,2.7459998,2.7459998,none,true,0,0,0,Stand,6.43877,,,,1,0->0:Exact,NONE
384,6.396453,0.016556,-8949.95,-132.493,83.529526,0,0,0,0,2.7459998,2.7459998,none,true,0,0,0,Stand,6.455326,,,,1,0->0:Exact,NONE
385,6.413009,0.017698,-8949.95,-132.493,83.529526,0,0,0,0,2.7459998,2.7459998,none,true,0,0,0,Stand,6.4730244,,,,1,0->0:Exact,NONE
386,6.430708,0.015755,-8949.95,-132.493,83.529526,0,0,0,0,2.7459998,2.7459998,none,true,0,0,0,Stand,6.488779,,,,1,0->0:Exact,NONE
387,6.446462,0.016467,-8949.95,-132.493,83.529526,0,0,0,0,2.7459998,2.7459998,none,true,0,0,0,Stand,6.5052457,,,,1,0->0:Exact,NONE
388,6.462929,0.016975,-8949.95,-132.493,83.529526,0,0,0,0,2.7459998,2.7459998,none,true,0,0,0,Stand,6.5222206,,,,1,0->0:Exact,NONE
389,6.479904,0.016605,-8949.95,-132.493,83.529526,0,0,0,0,2.7459998,2.7459998,none,true,0,0,0,Stand,6.5388255,,,,1,0->0:Exact,NONE
390,6.496509,0.016635,-8949.95,-132.493,83.529526,0,0,0,0,2.7459998,2.7459998,none,true,0,0,0,Stand,6.555461,,,,1,0->0:Exact,NONE
391,6.513144,0.016735,-8949.95,-132.493,83.529526,0,0,0,0,2.7459998,2.7459998,none,true,0,0,0,Stand,6.572196,,,,1,0->0:Exact,NONE
392,6.529879,0.016710,-8949.95,-132.493,83.529526,0,0,0,0,2.7459998,2.7459998,none,true,0,0,0,Stand,6.588906,,,,1,0->0:Exact,NONE
393,6.546589,0.016714,-8949.95,-132.493,83.529526,0,0,0,0,2.7459998,2.7459998,none,true,0,0,0,Stand,6.6056194,,,,1,0->0:Exact,NONE
394,6.563303,0.016602,-8949.95,-132.493,83.529526,0,0,0,0,2.7459998,2.7459998,none,true,0,0,0,Stand,6.6222215,,,,1,0->0:Exact,NONE
395,6.579905,0.016643,-8949.95,-132.493,83.529526,0,0,0,0,2.7459998,2.7459998,none,true,0,0,0,Stand,6.638865,,,,1,0->0:Exact,NONE
396,6.596548,0.016694,-8949.95,-132.493,83.529526,0,0,0,0,2.7459998,2.7459998,none,true,0,0,0,Stand,6.6555595,,,,1,0->0:Exact,NONE
397,6.613243,0.016524,-8949.95,-132.493,83.529526,0,0,0,0,2.7459998,2.7459998,none,true,0,0,0,Stand,6.6720834,,,,1,0->0:Exact,NONE
398,6.629766,0.016649,-8949.95,-132.493,83.529526,0,0,0,0,2.7459998,2.7459998,none,true,0,0,0,Stand,6.688733,,,,1,0->0:Exact,NONE
399,6.646416,0.016675,-8949.95,-132.493,83.529526,0,0,0,0,2.7459998,2.7459998,none,true,0,0,0,Stand,6.705408,,,,1,0->0:Exact,NONE
400,6.663091,0.016785,-8949.95,-132.493,83.529526,0,0,0,0,2.7459998,2.7459998,none,true,0,0,0,Stand,6.722193,,,,1,0->0:Exact,NONE
401,6.679876,0.016679,-8949.95,-132.493,83.529526,0,0,0,0,2.7459998,2.7459998,none,true,0,0,0,Stand,6.7388716,,,,1,0->0:Exact,NONE
402,6.696555,0.016609,-8949.95,-132.493,83.529526,0,0,0,0,2.7459998,2.7459998,none,true,0,0,0,Stand,6.7554803,,,,1,0->0:Exact,NONE
403,6.713164,0.016704,-8949.95,-132.493,83.529526,0,0,0,0,2.7459998,2.7459998,none,true,0,0,0,Stand,6.772184,,,,1,0->0:Exact,NONE
404,6.729867,0.016680,-8949.95,-132.493,83.529526,0,0,0,0,2.7459998,2.7459998,none,true,0,0,0,Stand,6.788864,,,,1,0->0:Exact,NONE
405,6.746547,0.016779,-8949.95,-132.493,83.529526,0,0,0,0,2.7459998,2.7459998,none,true,0,0,0,Stand,6.8056436,,,,1,0->0:Exact,NONE
406,6.763327,0.016609,-8949.95,-132.493,83.529526,0,0,0,0,2.7459998,2.7459998,none,true,0,0,0,Stand,6.8222528,,,,1,0->0:Exact,NONE
407,6.779936,0.016645,-8949.95,-132.493,83.529526,0,0,0,0,2.7459998,2.7459998,none,true,0,0,0,Stand,6.8388977,,,,1,0->0:Exact,NONE
408,6.796581,0.016716,-8949.95,-132.493,83.529526,0,0,0,0,2.7459998,2.7459998,none,true,0,0,0,Stand,6.8556137,,,,1,0->0:Exact,NONE
409,6.813297,0.017820,-8949.95,-132.493,83.529526,0,0,0,0,2.7459998,2.7459998,none,true,0,0,0,Stand,6.8734336,,,,1,0->0:Exact,NONE
410,6.831116,0.015514,-8949.95,-132.493,83.529526,0,0,0,0,2.7459998,2.7459998,none,true,0,0,0,Stand,6.888948,,,,1,0->0:Exact,NONE
411,6.846631,0.016793,-8949.95,-132.493,83.529526,0,0,0,0,2.7459998,2.7459998,none,true,0,0,0,Stand,6.905741,,,,1,0->0:Exact,NONE
412,6.863424,0.016588,-8949.95,-132.493,83.529526,0,0,0,0,2.7459998,2.7459998,none,true,0,0,0,Stand,6.922329,,,,1,0->0:Exact,NONE
413,6.880011,0.016883,-8949.95,-132.493,83.529526,0,0,0,0,2.7459998,2.7459998,none,true,0,0,0,Stand,6.9392114,,,,1,0->0:Exact,NONE
414,6.896894,0.016524,-8949.95,-132.493,83.529526,0,0,0,0,2.7459998,2.7459998,none,true,0,0,0,Stand,6.9557357,,,,1,0->0:Exact,NONE
415,6.913418,0.016771,-8949.95,-132.493,83.529526,0,0,0,0,2.7459998,2.7459998,none,true,0,0,0,Stand,6.972507,,,,1,0->0:Exact,NONE
416,6.930190,0.016593,-8949.95,-132.493,83.529526,0,0,0,0,2.7459998,2.7459998,none,true,0,0,0,Stand,6.9891005,,,,1,0->0:Exact,NONE
417,6.946783,0.016736,-8949.95,-132.493,83.529526,0,0,0,0,2.7459998,2.7459998,none,true,0,0,0,Stand,7.005836,,,,1,0->0:Exact,NONE
418,6.963519,0.016585,-8949.95,-132.493,83.529526,0,0,0,0,2.7459998,2.7459998,none,true,0,0,0,Stand,7.0224204,,,,1,0->0:Exact,NONE
419,6.980103,0.016812,-8949.95,-132.493,83.529526,0,0,0,0,2.7459998,2.7459998,none,true,0,0,0,Stand,7.0392327,,,,1,0->0:Exact,NONE
420,6.996916,0.016739,-8949.95,-132.493,83.529526,0,0,0,0,2.7459998,2.7459998,none,true,0,0,0,Stand,7.0559716,,,,1,0->0:Exact,NONE
421,7.013655,0.016526,-8949.95,-132.493,83.529526,0,0,0,0,2.7459998,2.7459998,none,true,0,0,0,Stand,7.0724974,,,,1,0->0:Exact,NONE
422,7.030181,0.016594,-8949.95,-132.493,83.529526,0,0,0,0,2.7459998,2.7459998,none,true,0,0,0,Stand,7.0890913,,,,1,0->0:Exact,NONE
423,7.046775,0.017099,-8949.95,-132.493,83.529526,0,0,0,0,2.7459998,2.7459998,none,true,0,0,0,Stand,7.10619,,,,1,0->0:Exact,NONE
424,7.063873,0.016579,-8949.95,-132.493,83.529526,0,0,0,0,2.7459998,2.7459998,none,true,0,0,0,Stand,7.12277,,,,1,0->0:Exact,NONE
425,7.080453,0.016605,-8949.95,-132.493,83.529526,0,0,0,0,2.7459998,2.7459998,none,true,0,0,0,Stand,7.139375,,,,1,0->0:Exact,NONE
426,7.097058,0.016821,-8949.95,-132.493,83.529526,0,0,0,0,2.7459998,2.7459998,none,true,0,0,0,Stand,7.156196,,,,1,0->0:Exact,NONE
427,7.113879,0.017231,-8949.95,-132.493,83.529526,0,0,0,0,2.7459998,2.7459998,none,true,0,0,0,Stand,7.173427,,,,1,0->0:Exact,NONE
428,7.131110,0.016090,-8949.95,-132.493,83.529526,0,0,0,0,2.7459998,2.7459998,none,true,0,0,0,Stand,7.1895175,,,,1,0->0:Exact,NONE
429,7.147200,0.016621,-8949.95,-132.493,83.529526,0,0,0,0,2.7459998,2.7459998,none,true,0,0,0,Stand,7.2061386,,,,1,0->0:Exact,NONE
430,7.163822,0.016706,-8949.95,-132.493,83.529526,0,0,0,0,2.7459998,2.7459998,none,true,0,0,0,Stand,7.2228446,,,,1,0->0:Exact,NONE
431,7.180528,0.016392,-8949.95,-132.493,83.529526,0,0,0,0,2.7459998,2.7459998,none,true,0,0,0,Stand,7.239236,,,,1,0->0:Exact,NONE
432,7.196919,0.016857,-8949.95,-132.493,83.529526,0,0,0,0,2.7459998,2.7459998,none,true,0,0,0,Stand,7.2560925,,,,1,0->0:Exact,NONE
433,7.213776,0.016338,-8949.95,-132.493,83.529526,0,0,0,0,2.7459998,2.7459998,none,true,0,0,0,Stand,7.2724304,,,,1,0->0:Exact,NONE
434,7.230114,0.016885,-8949.95,-132.493,83.529526,0,0,0,0,2.7459998,2.7459998,none,true,0,0,0,Stand,7.2893157,,,,1,0->0:Exact,NONE
435,7.246999,0.016749,-8949.95,-132.493,83.529526,0,0,0,0,2.7459998,2.7459998,none,true,0,0,0,Stand,7.306065,,,,1,0->0:Exact,NONE
436,7.263748,0.016679,-8949.95,-132.493,83.529526,0,0,0,0,2.7459998,2.7459998,none,true,0,0,0,Stand,7.3227444,,,,1,0->0:Exact,NONE
437,7.280427,0.016529,-8949.95,-132.493,83.529526,0,0,0,0,2.7459998,2.7459998,none,true,0,0,0,Stand,7.339273,,,,1,0->0:Exact,NONE
438,7.296956,0.016944,-8949.95,-132.493,83.529526,0,0,0,0,2.7459998,2.7459998,none,true,0,0,0,Stand,7.3562174,,,,1,0->0:Exact,NONE
439,7.313900,0.016427,-8949.95,-132.493,83.529526,0,0,0,0,2.7459998,2.7459998,none,true,0,0,0,Stand,7.372644,,,,1,0->0:Exact,NONE
440,7.330327,0.017034,-8949.95,-132.493,83.529526,0,0,0,0,2.7459998,2.7459998,none,true,0,0,0,Stand,7.389678,,,,1,0->0:Exact,NONE
441,7.347361,0.016456,-8949.95,-132.493,83.529526,0,0,0,0,2.7459998,2.7459998,none,true,0,0,0,Stand,7.406134,,,,1,0->0:Exact,NONE
442,7.363817,0.016595,-8949.95,-132.493,83.529526,0,0,0,0,2.7459998,2.7459998,none,true,0,0,0,Stand,7.422729,,,,1,0->0:Exact,NONE
443,7.380412,0.016979,-8949.95,-132.493,83.529526,0,0,0,0,2.7459998,2.7459998,none,true,0,0,0,Stand,7.439708,,,,1,0->0:Exact,NONE
444,7.397391,0.016916,-8949.95,-132.493,83.529526,0,0,0,0,2.7459998,2.7459998,none,true,0,0,0,Stand,7.4566245,,,,1,0->0:Exact,NONE
445,7.414307,0.016721,-8949.95,-132.493,83.529526,0,0,0,0,2.7459998,2.7459998,none,true,0,0,0,Stand,7.4733458,,,,1,0->0:Exact,NONE
446,7.431028,0.016245,-8949.95,-132.493,83.529526,0,0,0,0,2.7459998,2.7459998,none,true,0,0,0,Stand,7.4895906,,,,1,0->0:Exact,NONE
447,7.447273,0.016739,-8949.95,-132.493,83.529526,0,0,0,0,2.7459998,2.7459998,none,true,0,0,0,Stand,7.50633,,,,1,0->0:Exact,NONE
448,7.464013,0.016682,-8949.95,-132.493,83.529526,0,0,0,0,2.7459998,2.7459998,none,true,0,0,0,Stand,7.5230117,,,,1,0->0:Exact,NONE
449,7.480695,0.016540,-8949.95,-132.493,83.529526,0,0,0,0,2.7459998,2.7459998,none,true,0,0,0,Stand,7.5395517,,,,1,0->0:Exact,NONE
450,7.497234,0.016941,-8949.95,-132.493,83.529526,0,0,0,0,2.7459998,2.7459998,none,true,0,0,0,Stand,7.5564923,,,,1,0->0:Exact,NONE
451,7.514175,0.016548,-8949.95,-132.493,83.529526,0,0,0,0,2.7459998,2.7459998,none,true,0,0,0,Stand,7.5730405,,,,1,0->0:Exact,NONE
452,7.530723,0.016490,-8949.95,-132.493,83.529526,0,0,0,0,2.7459998,2.7459998,none,true,0,0,0,Stand,7.5895305,,,,1,0->0:Exact,NONE
453,7.547213,0.016908,-8949.95,-132.493,83.529526,0,0,0,0,2.7459998,2.7459998,none,true,0,0,0,Stand,7.606438,,,,1,0->0:Exact,NONE
454,7.564121,0.016659,-8949.95,-132.493,83.529526,0,0,0,0,2.7459998,2.7459998,none,true,0,0,0,Stand,7.623097,,,,1,0->0:Exact,NONE
455,7.580780,0.016583,-8949.95,-132.493,83.529526,0,0,0,0,2.7459998,2.7459998,none,true,0,0,0,Stand,7.63968,,,,1,0->0:Exact,NONE
456,7.597362,0.016856,-8949.95,-132.493,83.529526,0,0,0,0,2.7459998,2.7459998,none,true,0,0,0,Stand,7.6565356,,,,1,0->0:Exact,NONE
457,7.614218,0.016592,-8949.95,-132.493,83.529526,0,0,0,0,2.7459998,2.7459998,none,true,0,0,0,Stand,7.673127,,,,1,0->0:Exact,NONE
458,7.630810,0.016521,-8949.95,-132.493,83.529526,0,0,0,0,2.7459998,2.7459998,none,true,0,0,0,Stand,7.6896477,,,,1,0->0:Exact,NONE
459,7.647330,0.016696,-8949.95,-132.493,83.529526,0,0,0,0,2.7459998,2.7459998,none,true,0,0,0,Stand,7.7063437,,,,1,0->0:Exact,NONE
460,7.664026,0.016689,-8949.95,-132.493,83.529526,0,0,0,0,2.7459998,2.7459998,none,true,0,0,0,Stand,7.723033,,,,1,0->0:Exact,NONE
461,7.680716,0.016713,-8949.95,-132.493,83.529526,0,0,0,0,2.7459998,2.7459998,none,true,0,0,0,Stand,7.7397456,,,,1,0->0:Exact,NONE
462,7.697428,0.016593,-8949.95,-132.493,83.529526,0,0,0,0,2.7459998,2.7459998,none,true,0,0,0,Stand,7.756339,,,,1,0->0:Exact,NONE
463,7.714022,0.016796,-8949.95,-132.493,83.529526,0,0,0,0,2.7459998,2.7459998,none,true,0,0,0,Stand,7.7731357,,,,1,0->0:Exact,NONE
464,7.730818,0.016534,-8949.95,-132.493,83.529526,0,0,0,0,2.7459998,2.7459998,none,true,0,0,0,Stand,7.78967,,,,1,0->0:Exact,NONE
465,7.747352,0.017149,-8949.95,-132.493,83.529526,0,0,0,0,2.7459998,2.7459998,none,true,0,0,0,Stand,7.8068185,,,,1,0->0:Exact,NONE
466,7.764501,0.016201,-8949.95,-132.493,83.529526,0,0,0,0,2.7459998,2.7459998,none,true,0,0,0,Stand,7.823019,,,,1,0->0:Exact,NONE
467,7.780701,0.016710,-8949.95,-132.493,83.529526,0,0,0,0,2.7459998,2.7459998,none,true,0,0,0,Stand,7.839729,,,,1,0->0:Exact,NONE
468,7.797411,0.016887,-8949.95,-132.493,83.529526,0,0,0,0,2.7459998,2.7459998,none,true,0,0,0,Stand,7.856616,,,,1,0->0:Exact,NONE
469,7.814298,0.017639,-8949.95,-132.493,83.529526,0,0,0,0,2.7459998,2.7459998,none,true,0,0,0,Stand,7.8742547,,,,1,0->0:Exact,NONE
470,7.831937,0.015419,-8949.95,-132.493,83.529526,0,0,0,0,2.7459998,2.7459998,none,true,0,0,0,Stand,7.8896737,,,,1,0->0:Exact,NONE
471,7.847356,0.016754,-8949.95,-132.493,83.529526,0,0,0,0,2.7459998,2.7459998,none,true,0,0,0,Stand,7.9064274,,,,1,0->0:Exact,NONE
472,7.864110,0.017324,-8949.95,-132.493,83.529526,0,0,0,0,2.7459998,2.7459998,none,true,0,0,0,Stand,7.923752,,,,1,0->0:Exact,NONE
473,7.881434,0.016079,-8949.95,-132.493,83.529526,0,0,0,0,2.7459998,2.7459998,none,true,0,0,0,Stand,7.939831,,,,1,0->0:Exact,NONE
474,7.897513,0.016723,-8949.95,-132.493,83.529526,0,0,0,0,2.7459998,2.7459998,none,true,0,0,0,Stand,7.956554,,,,1,0->0:Exact,NONE
475,7.914236,0.016765,-8949.95,-132.493,83.529526,0,0,0,0,2.7459998,2.7459998,none,true,0,0,0,Stand,7.973319,,,,1,0->0:Exact,NONE
476,7.931001,0.016761,-8949.95,-132.493,83.529526,0,0,0,0,2.7459998,2.7459998,none,true,0,0,0,Stand,7.9900794,,,,1,0->0:Exact,NONE
477,7.947762,0.016651,-8949.95,-132.493,83.529526,0,0,0,0,2.7459998,2.7459998,none,true,0,0,0,Stand,8.006731,,,,1,0->0:Exact,NONE
478,7.964413,0.016592,-8949.95,-132.493,83.529526,0,0,0,0,2.7459998,2.7459998,none,true,0,0,0,Stand,8.023323,,,,1,0->0:Exact,NONE
479,7.981005,0.016789,-8949.95,-132.493,83.529526,0,0,0,0,2.7459998,2.7459998,none,true,0,0,0,Stand,8.0401125,,,,1,0->0:Exact,NONE
480,7.997794,0.016483,-8949.95,-132.493,83.529526,0,0,0,0,2.7459998,2.7459998,none,true,0,0,0,Stand,8.056596,,,,1,0->0:Exact,NONE
481,8.014277,0.016766,-8949.95,-132.493,83.529526,0,0,0,0,2.7459998,2.7459998,none,true,0,0,0,Stand,8.073362,,,,1,0->0:Exact,NONE
482,8.031044,0.016630,-8949.95,-132.493,83.529526,0,0,0,0,2.7459998,2.7459998,none,true,0,0,0,Stand,8.089992,,,,1,0->0:Exact,NONE
483,8.047673,0.016705,-8949.95,-132.493,83.529526,0,0,0,0,2.7459998,2.7459998,none,true,0,0,0,Stand,8.106696,,,,1,0->0:Exact,NONE
484,8.064378,0.016687,-8949.95,-132.493,83.529526,0,0,0,0,2.7459998,2.7459998,none,true,0,0,0,Stand,8.123383,,,,1,0->0:Exact,NONE
485,8.081065,0.016716,-8949.95,-132.493,83.529526,0,0,0,0,2.7459998,2.7459998,none,true,0,0,0,Stand,8.140099,,,,1,0->0:Exact,NONE
486,8.097781,0.016558,-8949.95,-132.493,83.529526,0,0,0,0,2.7459998,2.7459998,none,true,0,0,0,Stand,8.156656,,,,1,0->0:Exact,NONE
487,8.114339,0.017861,-8949.95,-132.493,83.529526,0,0,0,0,2.7459998,2.7459998,none,true,0,0,0,Stand,8.174518,,,,1,0->0:Exact,NONE
488,8.132200,0.015576,-8949.95,-132.493,83.529526,0,0,0,0,2.7459998,2.7459998,none,true,0,0,0,Stand,8.190093,,,,1,0->0:Exact,NONE
489,8.147776,0.016536,-8949.95,-132.493,83.529526,0,0,0,0,2.7459998,2.7459998,none,true,0,0,0,Stand,8.206629,,,,1,0->0:Exact,NONE
490,8.164312,0.016835,-8949.95,-132.493,83.529526,0,0,0,0,2.7459998,2.7459998,none,true,0,0,0,Stand,8.223464,,,,1,0->0:Exact,NONE
491,8.181147,0.016683,-8949.95,-132.493,83.529526,0,0,0,0,2.7459998,2.7459998,none,true,0,0,0,Stand,8.240148,,,,1,0->0:Exact,NONE
492,8.197830,0.016781,-8949.95,-132.493,83.529526,0,0,0,0,2.7459998,2.7459998,none,true,0,0,0,Stand,8.256928,,,,1,0->0:Exact,NONE
493,8.214611,0.016515,-8949.95,-132.493,83.529526,0,0,0,0,2.7459998,2.7459998,none,true,0,0,0,Stand,8.273443,,,,1,0->0:Exact,NONE
494,8.231125,0.016703,-8949.95,-132.493,83.529526,0,0,0,0,2.7459998,2.7459998,none,true,0,0,0,Stand,8.290147,,,,1,0->0:Exact,NONE
495,8.247829,0.016622,-8949.95,-132.493,83.529526,0,0,0,0,2.7459998,2.7459998,none,true,0,0,0,Stand,8.306768,,,,1,0->0:Exact,NONE
496,8.264450,0.016745,-8949.95,-132.493,83.529526,0,0,0,0,2.7459998,2.7459998,none,true,0,0,0,Stand,8.323514,,,,1,0->0:Exact,NONE
497,8.281196,0.016605,-8949.95,-132.493,83.529526,0,0,0,0,2.7459998,2.7459998,none,true,0,0,0,Stand,8.340119,,,,1,0->0:Exact,NONE
498,8.297801,0.017106,-8949.95,-132.493,83.529526,0,0,0,0,2.7459998,2.7459998,none,true,0,0,0,Stand,8.357225,,,,1,0->0:Exact,NONE
499,8.314907,0.016406,-8949.95,-132.493,83.529526,0,0,0,0,2.7459998,2.7459998,none,true,0,0,0,Stand,8.3736315,,,,1,0->0:Exact,NONE
500,8.331314,0.016446,-8949.95,-132.493,83.529526,0,0,0,0,2.7459998,2.7459998,none,true,0,0,0,Stand,8.390078,,,,1,0->0:Exact,NONE
501,8.347760,0.016907,-8949.95,-132.493,83.529526,0,0,0,0,2.7459998,2.7459998,none,true,0,0,0,Stand,8.406984,,,,1,0->0:Exact,NONE
502,8.364667,0.016453,-8949.95,-132.493,83.529526,0,0,0,0,2.7459998,2.7459998,none,true,0,0,0,Stand,8.423437,,,,1,0->0:Exact,NONE
503,8.381119,0.016716,-8949.95,-132.493,83.529526,0,0,0,0,2.7459998,2.7459998,none,true,0,0,0,Stand,8.440153,,,,1,0->0:Exact,NONE
504,8.397835,0.016662,-8949.95,-132.493,83.529526,0,0,0,0,2.7459998,2.7459998,none,true,0,0,0,Stand,8.456816,,,,1,0->0:Exact,NONE
505,8.414497,0.017221,-8949.95,-132.493,83.529526,0,0,0,0,2.7459998,2.7459998,none,true,0,0,0,Stand,8.474037,,,,1,0->0:Exact,NONE
506,8.431719,0.016244,-8949.95,-132.493,83.529526,0,0,0,0,2.7459998,2.7459998,none,true,0,0,0,Stand,8.490281,,,,1,0->0:Exact,NONE
507,8.447963,0.016877,-8949.95,-132.493,83.529526,0,0,0,0,2.7459998,2.7459998,none,true,0,0,0,Stand,8.507158,,,,1,0->0:Exact,NONE
508,8.464840,0.016397,-8949.95,-132.493,83.529526,0,0,0,0,2.7459998,2.7459998,none,true,0,0,0,Stand,8.523555,,,,1,0->0:Exact,NONE
509,8.481237,0.016975,-8949.95,-132.493,83.529526,0,0,0,0,2.7459998,2.7459998,none,true,0,0,0,Stand,8.54053,,,,1,0->0:Exact,NONE
510,8.498212,0.016459,-8949.95,-132.493,83.529526,0,0,0,0,2.7459998,2.7459998,none,true,0,0,0,Stand,8.556989,,,,1,0->0:Exact,NONE
511,8.514671,0.016732,-8949.95,-132.493,83.529526,0,0,0,0,2.7459998,2.7459998,none,true,0,0,0,Stand,8.57372,,,,1,0->0:Exact,NONE
512,8.531403,0.016572,-8949.95,-132.493,83.529526,0,0,0,0,2.7459998,2.7459998,none,true,0,0,0,Stand,8.590292,,,,1,0->0:Exact,NONE
513,8.547975,0.016704,-8949.95,-132.493,83.529526,0,0,0,0,2.7459998,2.7459998,none,true,0,0,0,Stand,8.606997,,,,1,0->0:Exact,NONE
514,8.564679,0.016978,-8949.95,-132.493,83.529526,0,0,0,0,2.7459998,2.7459998,none,true,0,0,0,Stand,8.623975,,,,1,0->0:Exact,NONE
515,8.581657,0.016328,-8949.95,-132.493,83.529526,0,0,0,0,2.7459998,2.7459998,none,true,0,0,0,Stand,8.640303,,,,1,0->0:Exact,NONE
516,8.597985,0.016949,-8949.95,-132.493,83.529526,0,0,0,0,2.7459998,2.7459998,none,true,0,0,0,Stand,8.657251,,,,1,0->0:Exact,NONE
517,8.614933,0.016787,-8949.95,-132.493,83.529526,0,0,0,0,2.7459998,2.7459998,none,true,0,0,0,Stand,8.674039,,,,1,0->0:Exact,NONE
518,8.631721,0.016435,-8949.95,-132.493,83.529526,0,0,0,0,2.7459998,2.7459998,none,true,0,0,0,Stand,8.690474,,,,1,0->0:Exact,NONE
519,8.648156,0.016598,-8949.95,-132.493,83.529526,0,0,0,0,2.7459998,2.7459998,none,true,0,0,0,Stand,8.707071,,,,1,0->0:Exact,NONE
520,8.664754,0.016728,-8949.95,-132.493,83.529526,0,0,0,0,2.7459998,2.7459998,none,true,0,0,0,Stand,8.723799,,,,1,0->0:Exact,NONE
521,8.681481,0.016822,-8949.95,-132.493,83.529526,0,0,0,0,2.7459998,2.7459998,none,true,0,0,0,Stand,8.740621,,,,1,0->0:Exact,NONE
522,8.698303,0.016541,-8949.95,-132.493,83.529526,0,0,0,0,2.7459998,2.7459998,none,true,0,0,0,Stand,8.757162,,,,1,0->0:Exact,NONE
523,8.714844,0.016639,-8949.95,-132.493,83.529526,0,0,0,0,2.7459998,2.7459998,none,true,0,0,0,Stand,8.773802,,,,1,0->0:Exact,NONE
524,8.731484,0.016651,-8949.95,-132.493,83.529526,0,0,0,0,2.7459998,2.7459998,none,true,0,0,0,Stand,8.790453,,,,1,0->0:Exact,NONE
525,8.748135,0.016796,-8949.95,-132.493,83.529526,0,0,0,0,2.7459998,2.7459998,none,true,0,0,0,Stand,8.807249,,,,1,0->0:Exact,NONE
526,8.764931,0.016794,-8949.95,-132.493,83.529526,0,0,0,0,2.7459998,2.7459998,none,true,0,0,0,Stand,8.824043,,,,1,0->0:Exact,NONE
527,8.781725,0.016513,-8949.95,-132.493,83.529526,0,0,0,0,2.7459998,2.7459998,none,true,0,0,0,Stand,8.840556,,,,1,0->0:Exact,NONE
528,8.798237,0.016801,-8949.95,-132.493,83.529526,0,0,0,0,2.7459998,2.7459998,none,true,0,0,0,Stand,8.857357,,,,1,0->0:Exact,NONE
529,8.815038,0.017735,-8949.95,-132.493,83.529526,0,0,0,0,2.7459998,2.7459998,none,true,0,0,0,Stand,8.8750925,,,,1,0->0:Exact,NONE
530,8.832773,0.015631,-8949.95,-132.493,83.529526,0,0,0,0,2.7459998,2.7459998,none,true,0,0,0,Stand,8.890724,,,,1,0->0:Exact,NONE
531,8.848404,0.016664,-8949.95,-132.493,83.529526,0,0,0,0,2.7459998,2.7459998,none,true,0,0,0,Stand,8.907388,,,,1,0->0:Exact,NONE
532,8.865068,0.016570,-8949.95,-132.493,83.529526,0,0,0,0,2.7459998,2.7459998,none,true,0,0,0,Stand,8.923958,,,,1,0->0:Exact,NONE
533,8.881638,0.016627,-8949.95,-132.493,83.529526,0,0,0,0,2.7459998,2.7459998,none,true,0,0,0,Stand,8.940585,,,,1,0->0:Exact,NONE
534,8.898265,0.016866,-8949.95,-132.493,83.529526,0,0,0,0,2.7459998,2.7459998,none,true,0,0,0,Stand,8.957452,,,,1,0->0:Exact,NONE
535,8.915132,0.016518,-8949.95,-132.493,83.529526,0,0,0,0,2.7459998,2.7459998,none,true,0,0,0,Stand,8.97397,,,,1,0->0:Exact,NONE
536,8.931650,0.016692,-8949.95,-132.493,83.529526,0,0,0,0,2.7459998,2.7459998,none,true,0,0,0,Stand,8.990663,,,,1,0->0:Exact,NONE
537,8.948342,0.016997,-8949.95,-132.493,83.529526,0,0,0,0,2.7459998,2.7459998,none,true,0,0,0,Stand,9.007659,,,,1,0->0:Exact,NONE
538,8.965339,0.016335,-8949.95,-132.493,83.529526,0,0,0,0,2.7459998,2.7459998,none,true,0,0,0,Stand,9.0239935,,,,1,0->0:Exact,NONE
539,8.981674,0.016624,-8949.95,-132.493,83.529526,0,0,0,0,2.7459998,2.7459998,none,true,0,0,0,Stand,9.040617,,,,1,0->0:Exact,NONE
540,8.998298,0.016878,-8949.95,-132.493,83.529526,0,0,0,0,2.7459998,2.7459998,none,true,0,0,0,Stand,9.057495,,,,1,0->0:Exact,NONE
541,9.015176,0.016609,-8949.95,-132.493,83.529526,0,0,0,0,2.7459998,2.7459998,none,true,0,0,0,Stand,9.074103,,,,1,0->0:Exact,NONE
542,9.031784,0.016620,-8949.95,-132.493,83.529526,0,0,0,0,2.7459998,2.7459998,none,true,0,0,0,Stand,9.090724,,,,1,0->0:Exact,NONE
543,9.048405,0.016763,-8949.95,-132.493,83.529526,0,0,0,0,2.7459998,2.7459998,none,true,0,0,0,Stand,9.107487,,,,1,0->0:Exact,NONE
544,9.065167,0.016611,-8949.95,-132.493,83.529526,0,0,0,0,2.7459998,2.7459998,none,true,0,0,0,Stand,9.124098,,,,1,0->0:Exact,NONE
545,9.081779,0.016670,-8949.95,-132.493,83.529526,0,0,0,0,2.7459998,2.7459998,none,true,0,0,0,Stand,9.140767,,,,1,0->0:Exact,NONE
546,9.098448,0.016939,-8949.95,-132.493,83.529526,0,0,0,0,2.7459998,2.7459998,none,true,0,0,0,Stand,9.157706,,,,1,0->0:Exact,NONE
547,9.115388,0.017527,-8949.95,-132.493,83.529526,0,0,0,0,2.7459998,2.7459998,none,true,0,0,0,Stand,9.175233,,,,1,0->0:Exact,NONE
548,9.132914,0.015673,-8949.95,-132.493,83.529526,0,0,0,0,2.7459998,2.7459998,none,true,0,0,0,Stand,9.190906,,,,1,0->0:Exact,NONE
549,9.148587,0.016596,-8949.95,-132.493,83.529526,0,0,0,0,2.7459998,2.7459998,none,true,0,0,0,Stand,9.207501,,,,1,0->0:Exact,NONE
550,9.165183,0.016898,-8949.95,-132.493,83.529526,0,0,0,0,2.7459998,2.7459998,none,true,0,0,0,Stand,9.2244,,,,1,0->0:Exact,NONE
551,9.182081,0.016433,-8949.95,-132.493,83.529526,0,0,0,0,2.7459998,2.7459998,none,true,0,0,0,Stand,9.240832,,,,1,0->0:Exact,NONE
552,9.198514,0.016746,-8949.95,-132.493,83.529526,0,0,0,0,2.7459998,2.7459998,none,true,0,0,0,Stand,9.257578,,,,1,0->0:Exact,NONE
553,9.215260,0.016564,-8949.95,-132.493,83.529526,0,0,0,0,2.7459998,2.7459998,none,true,0,0,0,Stand,9.274142,,,,1,0->0:Exact,NONE
554,9.231824,0.016797,-8949.95,-132.493,83.529526,0,0,0,0,2.7459998,2.7459998,none,true,0,0,0,Stand,9.290939,,,,1,0->0:Exact,NONE
555,9.248621,0.016586,-8949.95,-132.493,83.529526,0,0,0,0,2.7459998,2.7459998,none,true,0,0,0,Stand,9.307526,,,,1,0->0:Exact,NONE
556,9.265208,0.016791,-8949.95,-132.493,83.529526,0,0,0,0,2.7459998,2.7459998,none,true,0,0,0,Stand,9.324316,,,,1,0->0:Exact,NONE
557,9.281998,0.016537,-8949.95,-132.493,83.529526,0,0,0,0,2.7459998,2.7459998,none,true,0,0,0,Stand,9.340853,,,,1,0->0:Exact,NONE
558,9.298535,0.016755,-8949.95,-132.493,83.529526,0,0,0,0,2.7459998,2.7459998,none,true,0,0,0,Stand,9.357608,,,,1,0->0:Exact,NONE
559,9.315290,0.016689,-8949.95,-132.493,83.529526,0,0,0,0,2.7459998,2.7459998,none,true,0,0,0,Stand,9.374297,,,,1,0->0:Exact,NONE
560,9.331980,0.016671,-8949.95,-132.493,83.529526,0,0,0,0,2.7459998,2.7459998,none,true,0,0,0,Stand,9.390968,,,,1,0->0:Exact,NONE
561,9.348651,0.016770,-8949.95,-132.493,83.529526,0,0,0,0,2.7459998,2.7459998,none,true,0,0,0,Stand,9.407738,,,,1,0->0:Exact,NONE
562,9.365420,0.016660,-8949.95,-132.493,83.529526,0,0,0,0,2.7459998,2.7459998,none,true,0,0,0,Stand,9.424397,,,,1,0->0:Exact,NONE
563,9.382080,0.016662,-8949.95,-132.493,83.529526,0,0,0,0,2.7459998,2.7459998,none,true,0,0,0,Stand,9.44106,,,,1,0->0:Exact,NONE
564,9.398743,0.016616,-8949.95,-132.493,83.529526,0,0,0,0,2.7459998,2.7459998,none,true,0,0,0,Stand,9.457676,,,,1,0->0:Exact,NONE
565,9.415358,0.017376,-8949.95,-132.493,83.529526,0,0,0,0,2.7459998,2.7459998,none,true,0,0,0,Stand,9.475052,,,,1,0->0:Exact,NONE
566,9.432734,0.016005,-8949.95,-132.493,83.529526,0,0,0,0,2.7459998,2.7459998,none,true,0,0,0,Stand,9.491056,,,,1,0->0:Exact,NONE
567,9.448739,0.016695,-8949.95,-132.493,83.529526,0,0,0,0,2.7459998,2.7459998,none,true,0,0,0,Stand,9.507751,,,,1,0->0:Exact,NONE
568,9.465434,0.016856,-8949.95,-132.493,83.529526,0,0,0,0,2.7459998,2.7459998,none,true,0,0,0,Stand,9.524608,,,,1,0->0:Exact,NONE
569,9.482290,0.016624,-8949.95,-132.493,83.529526,0,0,0,0,2.7459998,2.7459998,none,true,0,0,0,Stand,9.541232,,,,1,0->0:Exact,NONE
570,9.498914,0.016525,-8949.95,-132.493,83.529526,0,0,0,0,2.7459998,2.7459998,none,true,0,0,0,Stand,9.557757,,,,1,0->0:Exact,NONE
571,9.515439,0.017202,-8949.95,-132.493,83.529526,0,0,0,0,2.7459998,2.7459998,none,true,0,0,0,Stand,9.574959,,,,1,0->0:Exact,NONE
572,9.532641,0.016106,-8949.95,-132.493,83.529526,0,0,0,0,2.7459998,2.7459998,none,true,0,0,0,Stand,9.591064,,,,1,0->0:Exact,NONE
573,9.548747,0.016776,-8949.95,-132.493,83.529526,0,0,0,0,2.7459998,2.7459998,none,true,0,0,0,Stand,9.607841,,,,1,0->0:Exact,NONE
574,9.565523,0.016633,-8949.95,-132.493,83.529526,0,0,0,0,2.7459998,2.7459998,none,true,0,0,0,Stand,9.624474,,,,1,0->0:Exact,NONE
575,9.582155,0.016908,-8949.95,-132.493,83.529526,0,0,0,0,2.7459998,2.7459998,none,true,0,0,0,Stand,9.641381,,,,1,0->0:Exact,NONE
576,9.599063,0.016813,-8949.95,-132.493,83.529526,0,0,0,0,2.7459998,2.7459998,none,true,0,0,0,Stand,9.658195,,,,1,0->0:Exact,NONE
577,9.615876,0.016442,-8949.95,-132.493,83.529526,0,0,0,0,2.7459998,2.7459998,none,true,0,0,0,Stand,9.674637,,,,1,0->0:Exact,NONE
578,9.632319,0.016716,-8949.95,-132.493,83.529526,0,0,0,0,2.7459998,2.7459998,none,true,0,0,0,Stand,9.691353,,,,1,0->0:Exact,NONE
579,9.649035,0.016539,-8949.95,-132.493,83.529526,0,0,0,0,2.7459998,2.7459998,none,true,0,0,0,Stand,9.707891,,,,1,0->0:Exact,NONE
580,9.665573,0.016611,-8949.95,-132.493,83.529526,0,0,0,0,2.7459998,2.7459998,none,true,0,0,0,Stand,9.724503,,,,1,0->0:Exact,NONE
581,9.682185,0.016729,-8949.95,-132.493,83.529526,0,0,0,0,2.7459998,2.7459998,none,true,0,0,0,Stand,9.741232,,,,1,0->0:Exact,NONE
582,9.698914,0.017051,-8949.95,-132.493,83.529526,0,0,0,0,2.7459998,2.7459998,none,true,0,0,0,Stand,9.758284,,,,1,0->0:Exact,NONE
583,9.715965,0.016540,-8949.95,-132.493,83.529526,0,0,0,0,2.7459998,2.7459998,none,true,0,0,0,Stand,9.774823,,,,1,0->0:Exact,NONE
584,9.732505,0.016628,-8949.95,-132.493,83.529526,0,0,0,0,2.7459998,2.7459998,none,true,0,0,0,Stand,9.791451,,,,1,0->0:Exact,NONE
585,9.749133,0.016606,-8949.95,-132.493,83.529526,0,0,0,0,2.7459998,2.7459998,none,true,0,0,0,Stand,9.808057,,,,1,0->0:Exact,NONE
586,9.765738,0.016632,-8949.95,-132.493,83.529526,0,0,0,0,2.7459998,2.7459998,none,true,0,0,0,Stand,9.824689,,,,1,0->0:Exact,NONE
587,9.782370,0.016776,-8949.95,-132.493,83.529526,0,0,0,0,2.7459998,2.7459998,none,true,0,0,0,Stand,9.841465,,,,1,0->0:Exact,NONE
588,9.799146,0.016647,-8949.95,-132.493,83.529526,0,0,0,0,2.7459998,2.7459998,none,true,0,0,0,Stand,9.858112,,,,1,0->0:Exact,NONE
589,9.815794,0.017763,-8949.95,-132.493,83.529526,0,0,0,0,2.7459998,2.7459998,none,true,0,0,0,Stand,9.8758745,,,,1,0->0:Exact,NONE
590,9.833556,0.015569,-8949.95,-132.493,83.529526,0,0,0,0,2.7459998,2.7459998,none,true,0,0,0,Stand,9.891443,,,,1,0->0:Exact,NONE
591,9.849125,0.016720,-8949.95,-132.493,83.529526,0,0,0,0,2.7459998,2.7459998,none,true,0,0,0,Stand,9.908163,,,,1,0->0:Exact,NONE
592,9.865845,0.016638,-8949.95,-132.493,83.529526,0,0,0,0,2.7459998,2.7459998,none,true,0,0,0,Stand,9.924801,,,,1,0->0:Exact,NONE
593,9.882483,0.016849,-8949.95,-132.493,83.529526,0,0,0,0,2.7459998,2.7459998,none,true,0,0,0,Stand,9.94165,,,,1,0->0:Exact,NONE
594,9.899332,0.016696,-8949.95,-132.493,83.529526,0,0,0,0,2.7459998,2.7459998,none,true,0,0,0,Stand,9.958346,,,,1,0->0:Exact,NONE
595,9.916028,0.016760,-8949.95,-132.493,83.529526,0,0,0,0,2.7459998,2.7459998,none,true,0,0,0,Stand,9.975107,,,,1,0->0:Exact,NONE
596,9.932788,0.016298,-8949.95,-132.493,83.529526,0,0,0,0,2.7459998,2.7459998,none,true,0,0,0,Stand,9.9914055,,,,1,0->0:Exact,NONE
597,9.949086,0.016716,-8949.95,-132.493,83.529526,0,0,0,0,2.7459998,2.7459998,none,true,0,0,0,Stand,10.0081215,,,,1,0->0:Exact,NONE
598,9.965802,0.016670,-8949.95,-132.493,83.529526,0,0,0,0,2.7459998,2.7459998,none,true,0,0,0,Stand,10.024792,,,,1,0->0:Exact,NONE
599,9.982472,0.016854,-8949.95,-132.493,83.529526,0,0,0,0,2.7459998,2.7459998,none,true,0,0,0,Stand,10.041645,,,,1,0->0:Exact,NONE
600,9.999326,0.016576,-8949.95,-132.493,83.529526,0,0,0,0,2.7459998,2.7459998,none,true,0,0,0,Stand,10.058221,,,,1,0->0:Exact,NONE
601,10.015902,0.017482,-8949.95,-132.493,83.529526,0,0,0,0,2.7459998,2.7459998,none,true,0,0,0,Stand,10.075703,,,,1,0->0:Exact,NONE
602,10.033384,0.015827,-8949.95,-132.493,83.529526,0,0,0,0,2.7459998,2.7459998,none,true,0,0,0,Stand,10.09153,,,,1,0->0:Exact,NONE
603,10.049211,0.016980,-8949.95,-132.493,83.529526,0,0,0,0,2.7459998,2.7459998,none,true,0,0,0,Stand,10.108509,,,,1,0->0:Exact,NONE
604,10.066191,0.016482,-8949.95,-132.493,83.529526,0,0,0,0,2.7459998,2.7459998,none,true,0,0,0,Stand,10.124991,,,,1,0->0:Exact,NONE
605,10.082673,0.016737,-8949.95,-132.493,83.529526,0,0,0,0,2.7459998,2.7459998,none,true,0,0,0,Stand,10.141728,,,,1,0->0:Exact,NONE
606,10.099410,0.016555,-8949.95,-132.493,83.529526,0,0,0,0,2.7459998,2.7459998,none,true,0,0,0,Stand,10.158284,,,,1,0->0:Exact,NONE
607,10.115966,0.016810,-8949.95,-132.493,83.529526,0,0,0,0,2.7459998,2.7459998,none,true,0,0,0,Stand,10.175095,,,,1,0->0:Exact,NONE
608,10.132776,0.016573,-8949.95,-132.493,83.529526,0,0,0,0,2.7459998,2.7459998,none,true,0,0,0,Stand,10.191668,,,,1,0->0:Exact,NONE
609,10.149349,0.016663,-8949.95,-132.493,83.529526,0,0,0,0,2.7459998,2.7459998,none,true,0,0,0,Stand,10.20833,,,,1,0->0:Exact,NONE
610,10.166012,0.017048,-8949.95,-132.493,83.529526,0,0,0,0,2.7459998,2.7459998,none,true,0,0,0,Stand,10.225378,,,,1,0->0:Exact,NONE
611,10.183059,0.016293,-8949.95,-132.493,83.529526,0,0,0,0,2.7459998,2.7459998,none,true,0,0,0,Stand,10.241671,,,,1,0->0:Exact,NONE
612,10.199352,0.016782,-8949.95,-132.493,83.529526,0,0,0,0,2.7459998,2.7459998,none,true,0,0,0,Stand,10.258452,,,,1,0->0:Exact,NONE
613,10.216134,0.016504,-8949.95,-132.493,83.529526,0,0,0,0,2.7459998,2.7459998,none,true,0,0,0,Stand,10.274956,,,,1,0->0:Exact,NONE
614,10.232638,0.016705,-8949.95,-132.493,83.529526,0,0,0,0,2.7459998,2.7459998,none,true,0,0,0,Stand,10.291661,,,,1,0->0:Exact,NONE
615,10.249343,0.016875,-8949.95,-132.493,83.529526,0,0,0,0,2.7459998,2.7459998,none,true,0,0,0,Stand,10.308537,,,,1,0->0:Exact,NONE
616,10.266218,0.016420,-8949.95,-132.493,83.529526,0,0,0,0,2.7459998,2.7459998,none,true,0,0,0,Stand,10.324957,,,,1,0->0:Exact,NONE
617,10.282638,0.016803,-8949.95,-132.493,83.529526,0,0,0,0,2.7459998,2.7459998,none,true,0,0,0,Stand,10.341761,,,,1,0->0:Exact,NONE
618,10.299441,0.016807,-8949.95,-132.493,83.529526,0,0,0,0,2.7459998,2.7459998,none,true,0,0,0,Stand,10.358567,,,,1,0->0:Exact,NONE
619,10.316248,0.017836,-8949.95,-132.493,83.529526,0,0,0,0,2.7459998,2.7459998,none,true,0,0,0,Stand,10.376404,,,,1,0->0:Exact,NONE
620,10.334084,0.015707,-8949.95,-132.493,83.529526,0,0,0,0,2.7459998,2.7459998,none,true,0,0,0,Stand,10.392111,,,,1,0->0:Exact,NONE
621,10.349791,0.016566,-8949.95,-132.493,83.529526,0,0,0,0,2.7459998,2.7459998,none,true,0,0,0,Stand,10.408677,,,,1,0->0:Exact,NONE
622,10.366357,0.016438,-8949.95,-132.493,83.529526,0,0,0,0,2.7459998,2.7459998,none,true,0,0,0,Stand,10.425116,,,,1,0->0:Exact,NONE
623,10.382795,0.016827,-8949.95,-132.493,83.529526,0,0,0,0,2.7459998,2.7459998,none,true,0,0,0,Stand,10.441943,,,,1,0->0:Exact,NONE
624,10.399623,0.016918,-8949.95,-132.493,83.529526,0,0,0,0,2.7459998,2.7459998,none,true,0,0,0,Stand,10.45886,,,,1,0->0:Exact,NONE
625,10.416540,0.016361,-8949.95,-132.493,83.529526,0,0,0,0,2.7459998,2.7459998,none,true,0,0,0,Stand,10.475222,,,,1,0->0:Exact,NONE
626,10.432901,0.016862,-8949.95,-132.493,83.529526,0,0,0,0,2.7459998,2.7459998,none,true,0,0,0,Stand,10.492084,,,,1,0->0:Exact,NONE
627,10.449763,0.016607,-8949.95,-132.493,83.529526,0,0,0,0,2.7459998,2.7459998,none,true,0,0,0,Stand,10.50869,,,,1,0->0:Exact,NONE
628,10.466369,0.016660,-8949.95,-132.493,83.529526,0,0,0,0,2.7459998,2.7459998,none,true,0,0,0,Stand,10.52535,,,,1,0->0:Exact,NONE
629,10.483029,0.016625,-8949.95,-132.493,83.529526,0,0,0,0,2.7459998,2.7459998,none,true,0,0,0,Stand,10.541975,,,,1,0->0:Exact,NONE
630,10.499654,0.017062,-8949.95,-132.493,83.529526,0,0,0,0,2.7459998,2.7459998,none,true,0,0,0,Stand,10.559037,,,,1,0->0:Exact,NONE
631,10.516716,0.016294,-8949.95,-132.493,83.529526,0,0,0,0,2.7459998,2.7459998,none,true,0,0,0,Stand,10.575332,,,,1,0->0:Exact,NONE
632,10.533010,0.016588,-8949.95,-132.493,83.529526,0,0,0,0,2.7459998,2.7459998,none,true,0,0,0,Stand,10.59192,,,,1,0->0:Exact,NONE
633,10.549598,0.016896,-8949.95,-132.493,83.529526,0,0,0,0,2.7459998,2.7459998,none,true,0,0,0,Stand,10.608816,,,,1,0->0:Exact,NONE
634,10.566494,0.016745,-8949.95,-132.493,83.529526,0,0,0,0,2.7459998,2.7459998,none,true,0,0,0,Stand,10.625562,,,,1,0->0:Exact,NONE
635,10.583239,0.016325,-8949.95,-132.493,83.529526,0,0,0,0,2.7459998,2.7459998,none,true,0,0,0,Stand,10.641888,,,,1,0->0:Exact,NONE
636,10.599565,0.016810,-8949.95,-132.493,83.529526,0,0,0,0,2.7459998,2.7459998,none,true,0,0,0,Stand,10.658698,,,,1,0->0:Exact,NONE
637,10.616375,0.018534,-8949.95,-132.493,83.529526,0,0,0,0,2.7459998,2.7459998,none,true,0,0,0,Stand,10.677232,,,,1,0->0:Exact,NONE
638,10.634909,0.015014,-8949.95,-132.493,83.529526,0,0,0,0,2.7459998,2.7459998,none,true,0,0,0,Stand,10.6922455,,,,1,0->0:Exact,NONE
639,10.649923,0.016470,-8949.95,-132.493,83.529526,0,0,0,0,2.7459998,2.7459998,none,true,0,0,0,Stand,10.708715,,,,1,0->0:Exact,NONE
640,10.666393,0.016749,-8949.95,-132.493,83.529526,0,0,0,0,2.7459998,2.7459998,none,true,0,0,0,Stand,10.725464,,,,1,0->0:Exact,NONE
641,10.683142,0.016982,-8949.95,-132.493,83.529526,0,0,0,0,2.7459998,2.7459998,none,true,0,0,0,Stand,10.742446,,,,1,0->0:Exact,NONE
642,10.700123,0.016326,-8949.95,-132.493,83.529526,0,0,0,0,2.7459998,2.7459998,none,true,0,0,0,Stand,10.758772,,,,1,0->0:Exact,NONE
643,10.716449,0.016625,-8949.95,-132.493,83.529526,0,0,0,0,2.7459998,2.7459998,none,true,0,0,0,Stand,10.775396,,,,1,0->0:Exact,NONE
644,10.733074,0.016895,-8949.95,-132.493,83.529526,0,0,0,0,2.7459998,2.7459998,none,true,0,0,0,Stand,10.792291,,,,1,0->0:Exact,NONE
645,10.749969,0.016638,-8949.95,-132.493,83.529526,0,0,0,0,2.7459998,2.7459998,none,true,0,0,0,Stand,10.8089285,,,,1,0->0:Exact,NONE
646,10.766607,0.016502,-8949.95,-132.493,83.529526,0,0,0,0,2.7459998,2.7459998,none,true,0,0,0,Stand,10.825431,,,,1,0->0:Exact,NONE
647,10.783109,0.016718,-8949.95,-132.493,83.529526,0,0,0,0,2.7459998,2.7459998,none,true,0,0,0,Stand,10.842149,,,,1,0->0:Exact,NONE
648,10.799827,0.016958,-8949.95,-132.493,83.529526,0,0,0,0,2.7459998,2.7459998,none,true,0,0,0,Stand,10.859107,,,,1,0->0:Exact,NONE
649,10.816786,0.017360,-8949.95,-132.493,83.529526,0,0,0,0,2.7459998,2.7459998,none,true,0,0,0,Stand,10.876467,,,,1,0->0:Exact,NONE
650,10.834146,0.015949,-8949.95,-132.493,83.529526,0,0,0,0,2.7459998,2.7459998,none,true,0,0,0,Stand,10.892415,,,,1,0->0:Exact,NONE
651,10.850094,0.016443,-8949.95,-132.493,83.529526,0,0,0,0,2.7459998,2.7459998,none,true,0,0,0,Stand,10.908858,,,,1,0->0:Exact,NONE
652,10.866538,0.016967,-8949.95,-132.493,83.529526,0,0,0,0,2.7459998,2.7459998,none,true,0,0,0,Stand,10.925826,,,,1,0->0:Exact,NONE
653,10.883505,0.016617,-8949.95,-132.493,83.529526,0,0,0,0,2.7459998,2.7459998,none,true,0,0,0,Stand,10.942443,,,,1,0->0:Exact,NONE
654,10.900122,0.016466,-8949.95,-132.493,83.529526,0,0,0,0,2.7459998,2.7459998,none,true,0,0,0,Stand,10.958909,,,,1,0->0:Exact,NONE
655,10.916588,0.017004,-8949.95,-132.493,83.529526,0,0,0,0,2.7459998,2.7459998,none,true,0,0,0,Stand,10.975913,,,,1,0->0:Exact,NONE
656,10.933591,0.016338,-8949.95,-132.493,83.529526,0,0,0,0,2.7459998,2.7459998,none,true,0,0,0,Stand,10.992251,,,,1,0->0:Exact,NONE
657,10.949929,0.016776,-8949.95,-132.493,83.529526,0,0,0,0,2.7459998,2.7459998,none,true,0,0,0,Stand,11.0090275,,,,1,0->0:Exact,NONE
658,10.966706,0.016684,-8949.95,-132.493,83.529526,0,0,0,0,2.7459998,2.7459998,none,true,0,0,0,Stand,11.025712,,,,1,0->0:Exact,NONE
659,10.983390,0.016602,-8949.95,-132.493,83.529526,0,0,0,0,2.7459998,2.7459998,none,true,0,0,0,Stand,11.042315,,,,1,0->0:Exact,NONE
660,10.999992,0.016661,-8949.95,-132.493,83.529526,0,0,0,0,2.7459998,2.7459998,none,true,0,0,0,Stand,11.058975,,,,1,0->0:Exact,NONE
661,11.016653,0.016727,-8949.95,-132.493,83.529526,0,0,0,0,2.7459998,2.7459998,none,true,0,0,0,Stand,11.075703,,,,1,0->0:Exact,NONE
662,11.033380,0.016631,-8949.95,-132.493,83.529526,0,0,0,0,2.7459998,2.7459998,none,true,0,0,0,Stand,11.092334,,,,1,0->0:Exact,NONE
663,11.050012,0.016724,-8949.95,-132.493,83.529526,0,0,0,0,2.7459998,2.7459998,none,true,0,0,0,Stand,11.109057,,,,1,0->0:Exact,NONE
664,11.066735,0.016688,-8949.95,-132.493,83.529526,0,0,0,0,2.7459998,2.7459998,none,true,0,0,0,Stand,11.125746,,,,1,0->0:Exact,NONE
665,11.083423,0.016702,-8949.95,-132.493,83.529526,0,0,0,0,2.7459998,2.7459998,none,true,0,0,0,Stand,11.142448,,,,1,0->0:Exact,NONE
666,11.100126,0.016755,-8949.95,-132.493,83.529526,0,0,0,0,2.7459998,2.7459998,none,true,0,0,0,Stand,11.159204,,,,1,0->0:Exact,NONE
667,11.116881,0.017978,-8949.95,-132.493,83.529526,0,0,0,0,2.7459998,2.7459998,none,true,0,0,0,Stand,11.177181,,,,1,0->0:Exact,NONE
668,11.134859,0.015434,-8949.95,-132.493,83.529526,0,0,0,0,2.7459998,2.7459998,none,true,0,0,0,Stand,11.1926155,,,,1,0->0:Exact,NONE
669,11.150293,0.016809,-8949.95,-132.493,83.529526,0,0,0,0,2.7459998,2.7459998,none,true,0,0,0,Stand,11.209424,,,,1,0->0:Exact,NONE
670,11.167102,0.016709,-8949.95,-132.493,83.529526,0,0,0,0,2.7459998,2.7459998,none,true,0,0,0,Stand,11.226133,,,,1,0->0:Exact,NONE
671,11.183811,0.016598,-8949.95,-132.493,83.529526,0,0,0,0,2.7459998,2.7459998,none,true,0,0,0,Stand,11.242731,,,,1,0->0:Exact,NONE
672,11.200409,0.016682,-8949.95,-132.493,83.529526,0,0,0,0,2.7459998,2.7459998,none,true,0,0,0,Stand,11.259414,,,,1,0->0:Exact,NONE
673,11.217091,0.016631,-8949.95,-132.493,83.529526,0,0,0,0,2.7459998,2.7459998,none,true,0,0,0,Stand,11.276045,,,,1,0->0:Exact,NONE
674,11.233722,0.016524,-8949.95,-132.493,83.529526,0,0,0,0,2.7459998,2.7459998,none,true,0,0,0,Stand,11.292569,,,,1,0->0:Exact,NONE
675,11.250246,0.016564,-8949.95,-132.493,83.529526,0,0,0,0,2.7459998,2.7459998,none,true,0,0,0,Stand,11.309133,,,,1,0->0:Exact,NONE
676,11.266810,0.016830,-8949.95,-132.493,83.529526,0,0,0,0,2.7459998,2.7459998,none,true,0,0,0,Stand,11.325962,,,,1,0->0:Exact,NONE
677,11.283639,0.016835,-8949.95,-132.493,83.529526,0,0,0,0,2.7459998,2.7459998,none,true,0,0,0,Stand,11.342796,,,,1,0->0:Exact,NONE
678,11.300474,0.016365,-8949.95,-132.493,83.529526,0,0,0,0,2.7459998,2.7459998,none,true,0,0,0,Stand,11.359161,,,,1,0->0:Exact,NONE
679,11.316839,0.017334,-8949.95,-132.493,83.529526,0,0,0,0,2.7459998,2.7459998,none,true,0,0,0,Stand,11.376495,,,,1,0->0:Exact,NONE
680,11.334174,0.016359,-8949.95,-132.493,83.529526,0,0,0,0,2.7459998,2.7459998,none,true,0,0,0,Stand,11.392855,,,,1,0->0:Exact,NONE
681,11.350533,0.016547,-8949.95,-132.493,83.529526,0,0,0,0,2.7459998,2.7459998,none,true,0,0,0,Stand,11.409402,,,,1,0->0:Exact,NONE
682,11.367080,0.016627,-8949.95,-132.493,83.529526,0,0,0,0,2.7459998,2.7459998,none,true,0,0,0,Stand,11.426029,,,,1,0->0:Exact,NONE
683,11.383707,0.016649,-8949.95,-132.493,83.529526,0,0,0,0,2.7459998,2.7459998,none,true,0,0,0,Stand,11.442678,,,,1,0->0:Exact,NONE
684,11.400356,0.016627,-8949.95,-132.493,83.529526,0,0,0,0,2.7459998,2.7459998,none,true,0,0,0,Stand,11.459306,,,,1,0->0:Exact,NONE
685,11.416983,0.016749,-8949.95,-132.493,83.529526,0,0,0,0,2.7459998,2.7459998,none,true,0,0,0,Stand,11.476055,,,,1,0->0:Exact,NONE
686,11.433732,0.016636,-8949.95,-132.493,83.529526,0,0,0,0,2.7459998,2.7459998,none,true,0,0,0,Stand,11.492691,,,,1,0->0:Exact,NONE
687,11.450368,0.016637,-8949.95,-132.493,83.529526,0,0,0,0,2.7459998,2.7459998,none,true,0,0,0,Stand,11.509329,,,,1,0->0:Exact,NONE
688,11.467005,0.017112,-8949.95,-132.493,83.529526,0,0,0,0,2.7459998,2.7459998,none,true,0,0,0,Stand,11.526441,,,,1,0->0:Exact,NONE
689,11.484117,0.016384,-8949.95,-132.493,83.529526,0,0,0,0,2.7459998,2.7459998,none,true,0,0,0,Stand,11.542825,,,,1,0->0:Exact,NONE
690,11.500501,0.016733,-8949.95,-132.493,83.529526,0,0,0,0,2.7459998,2.7459998,none,true,0,0,0,Stand,11.559558,,,,1,0->0:Exact,NONE
691,11.517234,0.016389,-8949.95,-132.493,83.529526,0,0,0,0,2.7459998,2.7459998,none,true,0,0,0,Stand,11.575947,,,,1,0->0:Exact,NONE
692,11.533623,0.016891,-8949.95,-132.493,83.529526,0,0,0,0,2.7459998,2.7459998,none,true,0,0,0,Stand,11.592838,,,,1,0->0:Exact,NONE
693,11.550515,0.016634,-8949.95,-132.493,83.529526,0,0,0,0,2.7459998,2.7459998,none,true,0,0,0,Stand,11.609472,,,,1,0->0:Exact,NONE
694,11.567148,0.016605,-8949.95,-132.493,83.529526,0,0,0,0,2.7459998,2.7459998,none,true,0,0,0,Stand,11.626078,,,,1,0->0:Exact,NONE
695,11.583754,0.016782,-8949.95,-132.493,83.529526,0,0,0,0,2.7459998,2.7459998,none,true,0,0,0,Stand,11.64286,,,,1,0->0:Exact,NONE
696,11.600536,0.017110,-8949.95,-132.493,83.529526,0,0,0,0,2.7459998,2.7459998,none,true,0,0,0,Stand,11.65997,,,,1,0->0:Exact,NONE
697,11.617646,0.017374,-8949.95,-132.493,83.529526,0,0,0,0,2.7459998,2.7459998,none,true,0,0,0,Stand,11.677343,,,,1,0->0:Exact,NONE
698,11.635019,0.015442,-8949.95,-132.493,83.529526,0,0,0,0,2.7459998,2.7459998,none,true,0,0,0,Stand,11.692785,,,,1,0->0:Exact,NONE
699,11.650461,0.016546,-8949.95,-132.493,83.529526,0,0,0,0,2.7459998,2.7459998,none,true,0,0,0,Stand,11.7093315,,,,1,0->0:Exact,NONE
700,11.667008,0.016928,-8949.95,-132.493,83.529526,0,0,0,0,2.7459998,2.7459998,none,true,0,0,0,Stand,11.726259,,,,1,0->0:Exact,NONE
701,11.683936,0.016583,-8949.95,-132.493,83.529526,0,0,0,0,2.7459998,2.7459998,none,true,0,0,0,Stand,11.742842,,,,1,0->0:Exact,NONE
702,11.700519,0.016657,-8949.95,-132.493,83.529526,0,0,0,0,2.7459998,2.7459998,none,true,0,0,0,Stand,11.759499,,,,1,0->0:Exact,NONE
703,11.717176,0.017028,-8949.95,-132.493,83.529526,0,0,0,0,2.7459998,2.7459998,none,true,0,0,0,Stand,11.776526,,,,1,0->0:Exact,NONE
704,11.734203,0.016612,-8949.95,-132.493,83.529526,0,0,0,0,2.7459998,2.7459998,none,true,0,0,0,Stand,11.7931385,,,,1,0->0:Exact,NONE
705,11.750815,0.016518,-8949.95,-132.493,83.529526,0,0,0,0,2.7459998,2.7459998,none,true,0,0,0,Stand,11.809656,,,,1,0->0:Exact,NONE
706,11.767333,0.016612,-8949.95,-132.493,83.529526,0,0,0,0,2.7459998,2.7459998,none,true,0,0,0,Stand,11.826268,,,,1,0->0:Exact,NONE
707,11.783945,0.017009,-8949.95,-132.493,83.529526,0,0,0,0,2.7459998,2.7459998,none,true,0,0,0,Stand,11.843277,,,,1,0->0:Exact,NONE
708,11.800954,0.016361,-8949.95,-132.493,83.529526,0,0,0,0,2.7459998,2.7459998,none,true,0,0,0,Stand,11.859637,,,,1,0->0:Exact,NONE
709,11.817315,0.016775,-8949.95,-132.493,83.529526,0,0,0,0,2.7459998,2.7459998,none,true,0,0,0,Stand,11.876412,,,,1,0->0:Exact,NONE
710,11.834089,0.016617,-8949.95,-132.493,83.529526,0,0,0,0,2.7459998,2.7459998,none,true,0,0,0,Stand,11.893029,,,,1,0->0:Exact,NONE
711,11.850706,0.016761,-8949.95,-132.493,83.529526,0,0,0,0,2.7459998,2.7459998,none,true,0,0,0,Stand,11.90979,,,,1,0->0:Exact,NONE
712,11.867467,0.016749,-8949.95,-132.493,83.529526,0,0,0,0,2.7459998,2.7459998,none,true,0,0,0,Stand,11.926539,,,,1,0->0:Exact,NONE
713,11.884216,0.016513,-8949.95,-132.493,83.529526,0,0,0,0,2.7459998,2.7459998,none,true,0,0,0,Stand,11.943052,,,,1,0->0:Exact,NONE
714,11.900729,0.016762,-8949.95,-132.493,83.529526,0,0,0,0,2.7459998,2.7459998,none,true,0,0,0,Stand,11.959814,,,,1,0->0:Exact,NONE
715,11.917491,0.018057,-8949.95,-132.493,83.529526,0,0,0,0,2.7459998,2.7459998,none,true,0,0,0,Stand,11.977871,,,,1,0->0:Exact,NONE
716,11.935548,0.015250,-8949.95,-132.493,83.529526,0,0,0,0,2.7459998,2.7459998,none,true,0,0,0,Stand,11.99312,,,,1,0->0:Exact,NONE
717,11.950798,0.016592,-8949.95,-132.493,83.529526,0,0,0,0,2.7459998,2.7459998,none,true,0,0,0,Stand,12.009712,,,,1,0->0:Exact,NONE
718,11.967390,0.016846,-8949.95,-132.493,83.529526,0,0,0,0,2.7459998,2.7459998,none,true,0,0,0,Stand,12.026559,,,,1,0->0:Exact,NONE
719,11.984236,0.016718,-8949.95,-132.493,83.529526,0,0,0,0,2.7459998,2.7459998,none,true,0,0,0,Stand,12.043277,,,,1,0->0:Exact,NONE
720,12.000954,0.016563,-8949.95,-132.493,83.529526,0,0,0,0,2.7459998,2.7459998,none,true,0,0,0,Stand,12.05984,,,,1,0->0:Exact,NONE
721,12.017517,0.016531,-8949.95,-132.493,83.529526,0,0,0,0,2.7459998,2.7459998,none,true,0,0,0,Stand,12.076371,,,,1,0->0:Exact,NONE
722,12.034048,0.016875,-8949.95,-132.493,83.529526,0,0,0,0,2.7459998,2.7459998,none,true,0,0,0,Stand,12.093246,,,,1,0->0:Exact,NONE
723,12.050923,0.016630,-8949.95,-132.493,83.529526,0,0,0,0,2.7459998,2.7459998,none,true,0,0,0,Stand,12.109877,,,,1,0->0:Exact,NONE
724,12.067553,0.016721,-8949.95,-132.493,83.529526,0,0,0,0,2.7459998,2.7459998,none,true,0,0,0,Stand,12.126597,,,,1,0->0:Exact,NONE
725,12.084274,0.016460,-8949.95,-132.493,83.529526,0,0,0,0,2.7459998,2.7459998,none,true,0,0,0,Stand,12.143058,,,,1,0->0:Exact,NONE
726,12.100734,0.016922,-8949.95,-132.493,83.529526,0,0,0,0,2.7459998,2.7459998,none,true,0,0,0,Stand,12.159981,,,,1,0->0:Exact,NONE
727,12.117657,0.017356,-8949.95,-132.493,83.529526,0,0,0,0,2.7459998,2.7459998,none,true,0,0,0,Stand,12.177337,,,,1,0->0:Exact,NONE
728,12.135013,0.015819,-8949.95,-132.493,83.529526,0,0,0,0,2.7459998,2.7459998,none,true,0,0,0,Stand,12.193156,,,,1,0->0:Exact,NONE
729,12.150832,0.016817,-8949.95,-132.493,83.529526,0,0,0,0,2.7459998,2.7459998,none,true,0,0,0,Stand,12.209973,,,,1,0->0:Exact,NONE
730,12.167649,0.016593,-8949.95,-132.493,83.529526,0,0,0,0,2.7459998,2.7459998,none,true,0,0,0,Stand,12.226566,,,,1,0->0:Exact,NONE
731,12.184242,0.016812,-8949.95,-132.493,83.529526,0,0,0,0,2.7459998,2.7459998,none,true,0,0,0,Stand,12.243379,,,,1,0->0:Exact,NONE
732,12.201055,0.016611,-8949.95,-132.493,83.529526,0,0,0,0,2.7459998,2.7459998,none,true,0,0,0,Stand,12.25999,,,,1,0->0:Exact,NONE
733,12.217666,0.016674,-8949.95,-132.493,83.529526,0,0,0,0,2.7459998,2.7459998,none,true,0,0,0,Stand,12.276664,,,,1,0->0:Exact,NONE
734,12.234340,0.016855,-8949.95,-132.493,83.529526,0,0,0,0,2.7459998,2.7459998,none,true,0,0,0,Stand,12.293518,,,,1,0->0:Exact,NONE
735,12.251195,0.016381,-8949.95,-132.493,83.529526,0,0,0,0,2.7459998,2.7459998,none,true,0,0,0,Stand,12.309899,,,,1,0->0:Exact,NONE
736,12.267576,0.016896,-8949.95,-132.493,83.529526,0,0,0,0,2.7459998,2.7459998,none,true,0,0,0,Stand,12.326796,,,,1,0->0:Exact,NONE
737,12.284473,0.016767,-8949.95,-132.493,83.529526,0,0,0,0,2.7459998,2.7459998,none,true,0,0,0,Stand,12.343562,,,,1,0->0:Exact,NONE
738,12.301240,0.016452,-8949.95,-132.493,83.529526,0,0,0,0,2.7459998,2.7459998,none,true,0,0,0,Stand,12.360015,,,,1,0->0:Exact,NONE
739,12.317692,0.016547,-8949.95,-132.493,83.529526,0,0,0,0,2.7459998,2.7459998,none,true,0,0,0,Stand,12.376562,,,,1,0->0:Exact,NONE
740,12.334239,0.017111,-8949.95,-132.493,83.529526,0,0,0,0,2.7459998,2.7459998,none,true,0,0,0,Stand,12.393673,,,,1,0->0:Exact,NONE
741,12.351350,0.016501,-8949.95,-132.493,83.529526,0,0,0,0,2.7459998,2.7459998,none,true,0,0,0,Stand,12.410173,,,,1,0->0:Exact,NONE
742,12.367851,0.016914,-8949.95,-132.493,83.529526,0,0,0,0,2.7459998,2.7459998,none,true,0,0,0,Stand,12.427088,,,,1,0->0:Exact,NONE
743,12.384765,0.016748,-8949.95,-132.493,83.529526,0,0,0,0,2.7459998,2.7459998,none,true,0,0,0,Stand,12.443835,,,,1,0->0:Exact,NONE
744,12.401512,0.016601,-8949.95,-132.493,83.529526,0,0,0,0,2.7459998,2.7459998,none,true,0,0,0,Stand,12.460436,,,,1,0->0:Exact,NONE
745,12.418113,0.018117,-8949.95,-132.493,83.529526,0,0,0,0,2.7459998,2.7459998,none,true,0,0,0,Stand,12.478553,,,,1,0->0:Exact,NONE
746,12.436230,0.014891,-8949.95,-132.493,83.529526,0,0,0,0,2.7459998,2.7459998,none,true,0,0,0,Stand,12.493444,,,,1,0->0:Exact,NONE
747,12.451121,0.016754,-8949.95,-132.493,83.529526,0,0,0,0,2.7459998,2.7459998,none,true,0,0,0,Stand,12.510199,,,,1,0->0:Exact,NONE
748,12.467875,0.017013,-8949.95,-132.493,83.529526,0,0,0,0,2.7459998,2.7459998,none,true,0,0,0,Stand,12.527211,,,,1,0->0:Exact,NONE
749,12.484888,0.016249,-8949.95,-132.493,83.529526,0,0,0,0,2.7459998,2.7459998,none,true,0,0,0,Stand,12.543461,,,,1,0->0:Exact,NONE
750,12.501137,0.016886,-8949.95,-132.493,83.529526,0,0,0,0,2.7459998,2.7459998,none,true,0,0,0,Stand,12.560347,,,,1,0->0:Exact,NONE
751,12.518023,0.016769,-8949.95,-132.493,83.529526,0,0,0,0,2.7459998,2.7459998,none,true,0,0,0,Stand,12.577115,,,,1,0->0:Exact,NONE
752,12.534792,0.016318,-8949.95,-132.493,83.529526,0,0,0,0,2.7459998,2.7459998,none,true,0,0,0,Stand,12.593432,,,,1,0->0:Exact,NONE
753,12.551110,0.016795,-8949.95,-132.493,83.529526,0,0,0,0,2.7459998,2.7459998,none,true,0,0,0,Stand,12.610228,,,,1,0->0:Exact,NONE
754,12.567905,0.016635,-8949.95,-132.493,83.529526,0,0,0,0,2.7459998,2.7459998,none,true,0,0,0,Stand,12.626863,,,,1,0->0:Exact,NONE
755,12.584540,0.016631,-8949.95,-132.493,83.529526,0,0,0,0,2.7459998,2.7459998,none,true,0,0,0,Stand,12.643493,,,,1,0->0:Exact,NONE
756,12.601171,0.017152,-8949.95,-132.493,83.529526,0,0,0,0,2.7459998,2.7459998,none,true,0,0,0,Stand,12.660645,,,,1,0->0:Exact,NONE
757,12.618323,0.016895,-8949.95,-132.493,83.529526,0,0,0,0,2.7459998,2.7459998,none,true,0,0,0,Stand,12.677539,,,,1,0->0:Exact,NONE
758,12.635218,0.016019,-8949.95,-132.493,83.529526,0,0,0,0,2.7459998,2.7459998,none,true,0,0,0,Stand,12.693558,,,,1,0->0:Exact,NONE
759,12.651236,0.016641,-8949.95,-132.493,83.529526,0,0,0,0,2.7459998,2.7459998,none,true,0,0,0,Stand,12.710199,,,,1,0->0:Exact,NONE
760,12.667878,0.016940,-8949.95,-132.493,83.529526,0,0,0,0,2.7459998,2.7459998,none,true,0,0,0,Stand,12.7271385,,,,1,0->0:Exact,NONE
761,12.684817,0.016504,-8949.95,-132.493,83.529526,0,0,0,0,2.7459998,2.7459998,none,true,0,0,0,Stand,12.743643,,,,1,0->0:Exact,NONE
762,12.701322,0.016933,-8949.95,-132.493,83.529526,0,0,0,0,2.7459998,2.7459998,none,true,0,0,0,Stand,12.760576,,,,1,0->0:Exact,NONE
763,12.718255,0.016457,-8949.95,-132.493,83.529526,0,0,0,0,2.7459998,2.7459998,none,true,0,0,0,Stand,12.777033,,,,1,0->0:Exact,NONE
764,12.734712,0.017015,-8949.95,-132.493,83.529526,0,0,0,0,2.7459998,2.7459998,none,true,0,0,0,Stand,12.794048,,,,1,0->0:Exact,NONE
765,12.751727,0.016846,-8949.95,-132.493,83.529526,0,0,0,0,2.7459998,2.7459998,none,true,0,0,0,Stand,12.810894,,,,1,0->0:Exact,NONE
766,12.768573,0.016139,-8949.95,-132.493,83.529526,0,0,0,0,2.7459998,2.7459998,none,true,0,0,0,Stand,12.827033,,,,1,0->0:Exact,NONE
767,12.784712,0.016843,-8949.95,-132.493,83.529526,0,0,0,0,2.7459998,2.7459998,none,true,0,0,0,Stand,12.843876,,,,1,0->0:Exact,NONE
768,12.801555,0.017123,-8949.95,-132.493,83.529526,0,0,0,0,2.7459998,2.7459998,none,true,0,0,0,Stand,12.860999,,,,1,0->0:Exact,NONE
769,12.818678,0.016050,-8949.95,-132.493,83.529526,0,0,0,0,2.7459998,2.7459998,none,true,0,0,0,Stand,12.877049,,,,1,0->0:Exact,NONE
770,12.834728,0.016781,-8949.95,-132.493,83.529526,0,0,0,0,2.7459998,2.7459998,none,true,0,0,0,Stand,12.89383,,,,1,0->0:Exact,NONE
771,12.851510,0.016899,-8949.95,-132.493,83.529526,0,0,0,0,2.7459998,2.7459998,none,true,0,0,0,Stand,12.910729,,,,1,0->0:Exact,NONE
772,12.868409,0.016475,-8949.95,-132.493,83.529526,0,0,0,0,2.7459998,2.7459998,none,true,0,0,0,Stand,12.927205,,,,1,0->0:Exact,NONE
773,12.884884,0.016840,-8949.95,-132.493,83.529526,0,0,0,0,2.7459998,2.7459998,none,true,0,0,0,Stand,12.944045,,,,1,0->0:Exact,NONE
774,12.901724,0.016536,-8949.95,-132.493,83.529526,0,0,0,0,2.7459998,2.7459998,none,true,0,0,0,Stand,12.960582,,,,1,0->0:Exact,NONE
775,12.918260,0.018190,-8949.95,-132.493,83.529526,0,0,0,0,2.7459998,2.7459998,none,true,0,0,0,Stand,12.978772,,,,1,0->0:Exact,NONE
776,12.936451,0.015041,-8949.95,-132.493,83.529526,0,0,0,0,2.7459998,2.7459998,none,true,0,0,0,Stand,12.993813,,,,1,0->0:Exact,NONE
777,12.951491,0.016758,-8949.95,-132.493,83.529526,0,0,0,0,2.7459998,2.7459998,none,true,0,0,0,Stand,13.010571,,,,1,0->0:Exact,NONE
778,12.968249,0.016693,-8949.95,-132.493,83.529526,0,0,0,0,2.7459998,2.7459998,none,true,0,0,0,Stand,13.027264,,,,1,0->0:Exact,NONE
779,12.984942,0.016660,-8949.95,-132.493,83.529526,0,0,0,0,2.7459998,2.7459998,none,true,0,0,0,Stand,13.043923,,,,1,0->0:Exact,NONE
780,13.001602,0.016931,-8949.95,-132.493,83.529526,0,0,0,0,2.7459998,2.7459998,none,true,0,0,0,Stand,13.060855,,,,1,0->0:Exact,NONE
781,13.018533,0.016357,-8949.95,-132.493,83.529526,0,0,0,0,2.7459998,2.7459998,none,true,0,0,0,Stand,13.077211,,,,1,0->0:Exact,NONE
782,13.034890,0.016687,-8949.95,-132.493,83.529526,0,0,0,0,2.7459998,2.7459998,none,true,0,0,0,Stand,13.093899,,,,1,0->0:Exact,NONE
783,13.051578,0.017067,-8949.95,-132.493,83.529526,0,0,0,0,2.7459998,2.7459998,none,true,0,0,0,Stand,13.110966,,,,1,0->0:Exact,NONE
784,13.068645,0.016429,-8949.95,-132.493,83.529526,0,0,0,0,2.7459998,2.7459998,none,true,0,0,0,Stand,13.127395,,,,1,0->0:Exact,NONE
785,13.085073,0.016644,-8949.95,-132.493,83.529526,0,0,0,0,2.7459998,2.7459998,none,true,0,0,0,Stand,13.144038,,,,1,0->0:Exact,NONE
786,13.101717,0.016869,-8949.95,-132.493,83.529526,0,0,0,0,2.7459998,2.7459998,none,true,0,0,0,Stand,13.160908,,,,1,0->0:Exact,NONE
787,13.118587,0.016656,-8949.95,-132.493,83.529526,0,0,0,0,2.7459998,2.7459998,none,true,0,0,0,Stand,13.177565,,,,1,0->0:Exact,NONE
788,13.135243,0.016502,-8949.95,-132.493,83.529526,0,0,0,0,2.7459998,2.7459998,none,true,0,0,0,Stand,13.194067,,,,1,0->0:Exact,NONE
789,13.151745,0.016723,-8949.95,-132.493,83.529526,0,0,0,0,2.7459998,2.7459998,none,true,0,0,0,Stand,13.210791,,,,1,0->0:Exact,NONE
790,13.168469,0.016959,-8949.95,-132.493,83.529526,0,0,0,0,2.7459998,2.7459998,none,true,0,0,0,Stand,13.22775,,,,1,0->0:Exact,NONE
791,13.185428,0.016473,-8949.95,-132.493,83.529526,0,0,0,0,2.7459998,2.7459998,none,true,0,0,0,Stand,13.244223,,,,1,0->0:Exact,NONE
792,13.201901,0.016582,-8949.95,-132.493,83.529526,0,0,0,0,2.7459998,2.7459998,none,true,0,0,0,Stand,13.260805,,,,1,0->0:Exact,NONE
793,13.218483,0.018022,-8949.95,-132.493,83.529526,0,0,0,0,2.7459998,2.7459998,none,true,0,0,0,Stand,13.278827,,,,1,0->0:Exact,NONE
794,13.236505,0.015441,-8949.95,-132.493,83.529526,0,0,0,0,2.7459998,2.7459998,none,true,0,0,0,Stand,13.294268,,,,1,0->0:Exact,NONE
795,13.251947,0.016654,-8949.95,-132.493,83.529526,0,0,0,0,2.7459998,2.7459998,none,true,0,0,0,Stand,13.310921,,,,1,0->0:Exact,NONE
796,13.268600,0.016623,-8949.95,-132.493,83.529526,0,0,0,0,2.7459998,2.7459998,none,true,0,0,0,Stand,13.327543,,,,1,0->0:Exact,NONE
797,13.285223,0.016629,-8949.95,-132.493,83.529526,0,0,0,0,2.7459998,2.7459998,none,true,0,0,0,Stand,13.3441725,,,,1,0->0:Exact,NONE
798,13.301852,0.016628,-8949.95,-132.493,83.529526,0,0,0,0,2.7459998,2.7459998,none,true,0,0,0,Stand,13.360801,,,,1,0->0:Exact,NONE
799,13.318480,0.016774,-8949.95,-132.493,83.529526,0,0,0,0,2.7459998,2.7459998,none,true,0,0,0,Stand,13.377574,,,,1,0->0:Exact,NONE
800,13.335254,0.016822,-8949.95,-132.493,83.529526,0,0,0,0,2.7459998,2.7459998,none,true,0,0,0,Stand,13.394396,,,,1,0->0:Exact,NONE
801,13.352076,0.016691,-8949.95,-132.493,83.529526,0,0,0,0,2.7459998,2.7459998,none,true,0,0,0,Stand,13.411087,,,,1,0->0:Exact,NONE
802,13.368767,0.016535,-8949.95,-132.493,83.529526,0,0,0,0,2.7459998,2.7459998,none,true,0,0,0,Stand,13.427623,,,,1,0->0:Exact,NONE
803,13.385302,0.016603,-8949.95,-132.493,83.529526,0,0,0,0,2.7459998,2.7459998,none,true,0,0,0,Stand,13.444225,,,,1,0->0:Exact,NONE
804,13.401905,0.016617,-8949.95,-132.493,83.529526,0,0,0,0,2.7459998,2.7459998,none,true,0,0,0,Stand,13.460842,,,,1,0->0:Exact,NONE
805,13.418522,0.017548,-8949.95,-132.493,83.529526,0,0,0,0,2.7459998,2.7459998,none,true,0,0,0,Stand,13.478391,,,,1,0->0:Exact,NONE
806,13.436070,0.015856,-8949.95,-132.493,83.529526,0,0,0,0,2.7459998,2.7459998,none,true,0,0,0,Stand,13.4942465,,,,1,0->0:Exact,NONE
807,13.451926,0.016806,-8949.95,-132.493,83.529526,0,0,0,0,2.7459998,2.7459998,none,true,0,0,0,Stand,13.511053,,,,1,0->0:Exact,NONE
808,13.468733,0.016757,-8949.95,-132.493,83.529526,0,0,0,0,2.7459998,2.7459998,none,true,0,0,0,Stand,13.52781,,,,1,0->0:Exact,NONE
809,13.485489,0.016913,-8949.95,-132.493,83.529526,0,0,0,0,2.7459998,2.7459998,none,true,0,0,0,Stand,13.5447235,,,,1,0->0:Exact,NONE
810,13.502402,0.016896,-8949.95,-132.493,83.529526,0,0,0,0,2.7459998,2.7459998,none,true,0,0,0,Stand,13.56162,,,,1,0->0:Exact,NONE
811,13.519299,0.015946,-8949.95,-132.493,83.529526,0,0,0,0,2.7459998,2.7459998,none,true,0,0,0,Stand,13.577566,,,,1,0->0:Exact,NONE
812,13.535245,0.016871,-8949.95,-132.493,83.529526,0,0,0,0,2.7459998,2.7459998,none,true,0,0,0,Stand,13.594437,,,,1,0->0:Exact,NONE
813,13.552116,0.016593,-8949.95,-132.493,83.529526,0,0,0,0,2.7459998,2.7459998,none,true,0,0,0,Stand,13.611031,,,,1,0->0:Exact,NONE
814,13.568709,0.016604,-8949.95,-132.493,83.529526,0,0,0,0,2.7459998,2.7459998,none,true,0,0,0,Stand,13.627634,,,,1,0->0:Exact,NONE
815,13.585313,0.016867,-8949.95,-132.493,83.529526,0,0,0,0,2.7459998,2.7459998,none,true,0,0,0,Stand,13.644501,,,,1,0->0:Exact,NONE
816,13.602180,0.017133,-8949.95,-132.493,83.529526,0,0,0,0,2.7459998,2.7459998,none,true,0,0,0,Stand,13.6616335,,,,1,0->0:Exact,NONE
817,13.619312,0.015998,-8949.95,-132.493,83.529526,0,0,0,0,2.7459998,2.7459998,none,true,0,0,0,Stand,13.677632,,,,1,0->0:Exact,NONE
818,13.635311,0.016892,-8949.95,-132.493,83.529526,0,0,0,0,2.7459998,2.7459998,none,true,0,0,0,Stand,13.694524,,,,1,0->0:Exact,NONE
819,13.652202,0.016744,-8949.95,-132.493,83.529526,0,0,0,0,2.7459998,2.7459998,none,true,0,0,0,Stand,13.711267,,,,1,0->0:Exact,NONE
820,13.668946,0.016587,-8949.95,-132.493,83.529526,0,0,0,0,2.7459998,2.7459998,none,true,0,0,0,Stand,13.727854,,,,1,0->0:Exact,NONE
821,13.685533,0.016855,-8949.95,-132.493,83.529526,0,0,0,0,2.7459998,2.7459998,none,true,0,0,0,Stand,13.744708,,,,1,0->0:Exact,NONE
822,13.702387,0.016492,-8949.95,-132.493,83.529526,0,0,0,0,2.7459998,2.7459998,none,true,0,0,0,Stand,13.7612,,,,1,0->0:Exact,NONE
823,13.718879,0.018351,-8949.95,-132.493,83.529526,0,0,0,0,2.7459998,2.7459998,none,true,0,0,0,Stand,13.7795515,,,,1,0->0:Exact,NONE
824,13.737231,0.014922,-8949.95,-132.493,83.529526,0,0,0,0,2.7459998,2.7459998,none,true,0,0,0,Stand,13.794473,,,,1,0->0:Exact,NONE
825,13.752152,0.016794,-8949.95,-132.493,83.529526,0,0,0,0,2.7459998,2.7459998,none,true,0,0,0,Stand,13.811267,,,,1,0->0:Exact,NONE
826,13.768946,0.016783,-8949.95,-132.493,83.529526,0,0,0,0,2.7459998,2.7459998,none,true,0,0,0,Stand,13.828051,,,,1,0->0:Exact,NONE
827,13.785729,0.016468,-8949.95,-132.493,83.529526,0,0,0,0,2.7459998,2.7459998,none,true,0,0,0,Stand,13.844519,,,,1,0->0:Exact,NONE
828,13.802198,0.017132,-8949.95,-132.493,83.529526,0,0,0,0,2.7459998,2.7459998,none,true,0,0,0,Stand,13.861651,,,,1,0->0:Exact,NONE
829,13.819330,0.016261,-8949.95,-132.493,83.529526,0,0,0,0,2.7459998,2.7459998,none,true,0,0,0,Stand,13.8779125,,,,1,0->0:Exact,NONE
830,13.835591,0.016667,-8949.95,-132.493,83.529526,0,0,0,0,2.7459998,2.7459998,none,true,0,0,0,Stand,13.89458,,,,1,0->0:Exact,NONE
831,13.852258,0.016709,-8949.95,-132.493,83.529526,0,0,0,0,2.7459998,2.7459998,none,true,0,0,0,Stand,13.911289,,,,1,0->0:Exact,NONE
832,13.868967,0.016742,-8949.95,-132.493,83.529526,0,0,0,0,2.7459998,2.7459998,none,true,0,0,0,Stand,13.928031,,,,1,0->0:Exact,NONE
833,13.885709,0.016747,-8949.95,-132.493,83.529526,0,0,0,0,2.7459998,2.7459998,none,true,0,0,0,Stand,13.944778,,,,1,0->0:Exact,NONE
834,13.902456,0.016762,-8949.95,-132.493,83.529526,0,0,0,0,2.7459998,2.7459998,none,true,0,0,0,Stand,13.96154,,,,1,0->0:Exact,NONE
835,13.919218,0.017216,-8949.95,-132.493,83.529526,0,0,0,0,2.7459998,2.7459998,none,true,0,0,0,Stand,13.978757,,,,1,0->0:Exact,NONE
836,13.936435,0.016027,-8949.95,-132.493,83.529526,0,0,0,0,2.7459998,2.7459998,none,true,0,0,0,Stand,13.994783,,,,1,0->0:Exact,NONE
837,13.952461,0.016790,-8949.95,-132.493,83.529526,0,0,0,0,2.7459998,2.7459998,none,true,0,0,0,Stand,14.011574,,,,1,0->0:Exact,NONE
838,13.969251,0.016624,-8949.95,-132.493,83.529526,0,0,0,0,2.7459998,2.7459998,none,true,0,0,0,Stand,14.028197,,,,1,0->0:Exact,NONE
839,13.985875,0.016677,-8949.95,-132.493,83.529526,0,0,0,0,2.7459998,2.7459998,none,true,0,0,0,Stand,14.044874,,,,1,0->0:Exact,NONE
840,14.002552,0.016722,-8949.95,-132.493,83.529526,0,0,0,0,2.7459998,2.7459998,none,true,0,0,0,Stand,14.061597,,,,1,0->0:Exact,NONE
841,14.019275,0.016527,-8949.95,-132.493,83.529526,0,0,0,0,2.7459998,2.7459998,none,true,0,0,0,Stand,14.078124,,,,1,0->0:Exact,NONE
842,14.035802,0.016642,-8949.95,-132.493,83.529526,0,0,0,0,2.7459998,2.7459998,none,true,0,0,0,Stand,14.094766,,,,1,0->0:Exact,NONE
843,14.052443,0.016799,-8949.95,-132.493,83.529526,0,0,0,0,2.7459998,2.7459998,none,true,0,0,0,Stand,14.111565,,,,1,0->0:Exact,NONE
844,14.069242,0.016608,-8949.95,-132.493,83.529526,0,0,0,0,2.7459998,2.7459998,none,true,0,0,0,Stand,14.128173,,,,1,0->0:Exact,NONE
845,14.085850,0.016819,-8949.95,-132.493,83.529526,0,0,0,0,2.7459998,2.7459998,none,true,0,0,0,Stand,14.144992,,,,1,0->0:Exact,NONE
846,14.102669,0.016562,-8949.95,-132.493,83.529526,0,0,0,0,2.7459998,2.7459998,none,true,0,0,0,Stand,14.161554,,,,1,0->0:Exact,NONE
847,14.119232,0.016613,-8949.95,-132.493,83.529526,0,0,0,0,2.7459998,2.7459998,none,true,0,0,0,Stand,14.178167,,,,1,0->0:Exact,NONE
848,14.135845,0.016640,-8949.95,-132.493,83.529526,0,0,0,0,2.7459998,2.7459998,none,true,0,0,0,Stand,14.194807,,,,1,0->0:Exact,NONE
849,14.152484,0.016810,-8949.95,-132.493,83.529526,0,0,0,0,2.7459998,2.7459998,none,true,0,0,0,Stand,14.2116165,,,,1,0->0:Exact,NONE
850,14.169294,0.016609,-8949.95,-132.493,83.529526,0,0,0,0,2.7459998,2.7459998,none,true,0,0,0,Stand,14.228226,,,,1,0->0:Exact,NONE
851,14.185903,0.016763,-8949.95,-132.493,83.529526,0,0,0,0,2.7459998,2.7459998,none,true,0,0,0,Stand,14.244989,,,,1,0->0:Exact,NONE
852,14.202667,0.016803,-8949.95,-132.493,83.529526,0,0,0,0,2.7459998,2.7459998,none,true,0,0,0,Stand,14.261792,,,,1,0->0:Exact,NONE
853,14.219469,0.017762,-8949.95,-132.493,83.529526,0,0,0,0,2.7459998,2.7459998,none,true,0,0,0,Stand,14.279553,,,,1,0->0:Exact,NONE
854,14.237231,0.015420,-8949.95,-132.493,83.529526,0,0,0,0,2.7459998,2.7459998,none,true,0,0,0,Stand,14.294973,,,,1,0->0:Exact,NONE
855,14.252650,0.016700,-8949.95,-132.493,83.529526,0,0,0,0,2.7459998,2.7459998,none,true,0,0,0,Stand,14.311673,,,,1,0->0:Exact,NONE
856,14.269350,0.016797,-8949.95,-132.493,83.529526,0,0,0,0,2.7459998,2.7459998,none,true,0,0,0,Stand,14.32847,,,,1,0->0:Exact,NONE
857,14.286147,0.016634,-8949.95,-132.493,83.529526,0,0,0,0,2.7459998,2.7459998,none,true,0,0,0,Stand,14.345104,,,,1,0->0:Exact,NONE
858,14.302781,0.016775,-8949.95,-132.493,83.529526,0,0,0,0,2.7459998,2.7459998,none,true,0,0,0,Stand,14.361879,,,,1,0->0:Exact,NONE
859,14.319556,0.016467,-8949.95,-132.493,83.529526,0,0,0,0,2.7459998,2.7459998,none,true,0,0,0,Stand,14.378346,,,,1,0->0:Exact,NONE
860,14.336023,0.016778,-8949.95,-132.493,83.529526,0,0,0,0,2.7459998,2.7459998,none,true,0,0,0,Stand,14.395124,,,,1,0->0:Exact,NONE
861,14.352801,0.016637,-8949.95,-132.493,83.529526,0,0,0,0,2.7459998,2.7459998,none,true,0,0,0,Stand,14.411761,,,,1,0->0:Exact,NONE
862,14.369438,0.016803,-8949.95,-132.493,83.529526,0,0,0,0,2.7459998,2.7459998,none,true,0,0,0,Stand,14.428564,,,,1,0->0:Exact,NONE
863,14.386241,0.016520,-8949.95,-132.493,83.529526,0,0,0,0,2.7459998,2.7459998,none,true,0,0,0,Stand,14.445085,,,,1,0->0:Exact,NONE
864,14.402761,0.016752,-8949.95,-132.493,83.529526,0,0,0,0,2.7459998,2.7459998,none,true,0,0,0,Stand,14.461837,,,,1,0->0:Exact,NONE
865,14.419513,0.016593,-8949.95,-132.493,83.529526,0,0,0,0,2.7459998,2.7459998,none,true,0,0,0,Stand,14.47843,,,,1,0->0:Exact,NONE
866,14.436106,0.016726,-8949.95,-132.493,83.529526,0,0,0,0,2.7459998,2.7459998,none,true,0,0,0,Stand,14.495156,,,,1,0->0:Exact,NONE
867,14.452832,0.016718,-8949.95,-132.493,83.529526,0,0,0,0,2.7459998,2.7459998,none,true,0,0,0,Stand,14.511875,,,,1,0->0:Exact,NONE
868,14.469550,0.016505,-8949.95,-132.493,83.529526,0,0,0,0,2.7459998,2.7459998,none,true,0,0,0,Stand,14.52838,,,,1,0->0:Exact,NONE
869,14.486056,0.016687,-8949.95,-132.493,83.529526,0,0,0,0,2.7459998,2.7459998,none,true,0,0,0,Stand,14.545068,,,,1,0->0:Exact,NONE
870,14.502743,0.017283,-8949.95,-132.493,83.529526,0,0,0,0,2.7459998,2.7459998,none,true,0,0,0,Stand,14.562351,,,,1,0->0:Exact,NONE
871,14.520027,0.017705,-8949.95,-132.493,83.529526,0,0,0,0,2.7459998,2.7459998,none,true,0,0,0,Stand,14.580056,,,,1,0->0:Exact,NONE
872,14.537732,0.015300,-8949.95,-132.493,83.529526,0,0,0,0,2.7459998,2.7459998,none,true,0,0,0,Stand,14.595356,,,,1,0->0:Exact,NONE
873,14.553032,0.016942,-8949.95,-132.493,83.529526,0,0,0,0,2.7459998,2.7459998,none,true,0,0,0,Stand,14.612298,,,,1,0->0:Exact,NONE
874,14.569974,0.016177,-8949.95,-132.493,83.529526,0,0,0,0,2.7459998,2.7459998,none,true,0,0,0,Stand,14.628475,,,,1,0->0:Exact,NONE
875,14.586152,0.016789,-8949.95,-132.493,83.529526,0,0,0,0,2.7459998,2.7459998,none,true,0,0,0,Stand,14.645265,,,,1,0->0:Exact,NONE
876,14.602941,0.016656,-8949.95,-132.493,83.529526,0,0,0,0,2.7459998,2.7459998,none,true,0,0,0,Stand,14.661921,,,,1,0->0:Exact,NONE
877,14.619597,0.016580,-8949.95,-132.493,83.529526,0,0,0,0,2.7459998,2.7459998,none,true,0,0,0,Stand,14.678501,,,,1,0->0:Exact,NONE
878,14.636178,0.016695,-8949.95,-132.493,83.529526,0,0,0,0,2.7459998,2.7459998,none,true,0,0,0,Stand,14.695196,,,,1,0->0:Exact,NONE
879,14.652872,0.016960,-8949.95,-132.493,83.529526,0,0,0,0,2.7459998,2.7459998,none,true,0,0,0,Stand,14.712156,,,,1,0->0:Exact,NONE
880,14.669832,0.016433,-8949.95,-132.493,83.529526,0,0,0,0,2.7459998,2.7459998,none,true,0,0,0,Stand,14.728589,,,,1,0->0:Exact,NONE
881,14.686265,0.017051,-8949.95,-132.493,83.529526,0,0,0,0,2.7459998,2.7459998,none,true,0,0,0,Stand,14.74564,,,,1,0->0:Exact,NONE
882,14.703316,0.016464,-8949.95,-132.493,83.529526,0,0,0,0,2.7459998,2.7459998,none,true,0,0,0,Stand,14.762104,,,,1,0->0:Exact,NONE
883,14.719780,0.017808,-8949.95,-132.493,83.529526,0,0,0,0,2.7459998,2.7459998,none,true,0,0,0,Stand,14.779912,,,,1,0->0:Exact,NONE
884,14.737588,0.015782,-8949.95,-132.493,83.529526,0,0,0,0,2.7459998,2.7459998,none,true,0,0,0,Stand,14.795694,,,,1,0->0:Exact,NONE
885,14.753370,0.016797,-8949.95,-132.493,83.529526,0,0,0,0,2.7459998,2.7459998,none,true,0,0,0,Stand,14.812491,,,,1,0->0:Exact,NONE
886,14.770168,0.016358,-8949.95,-132.493,83.529526,0,0,0,0,2.7459998,2.7459998,none,true,0,0,0,Stand,14.82885,,,,1,0->0:Exact,NONE
887,14.786526,0.016632,-8949.95,-132.493,83.529526,0,0,0,0,2.7459998,2.7459998,none,true,0,0,0,Stand,14.845481,,,,1,0->0:Exact,NONE
888,14.803157,0.016686,-8949.95,-132.493,83.529526,0,0,0,0,2.7459998,2.7459998,none,true,0,0,0,Stand,14.862166,,,,1,0->0:Exact,NONE
889,14.819843,0.016599,-8949.95,-132.493,83.529526,0,0,0,0,2.7459998,2.7459998,none,true,0,0,0,Stand,14.878766,,,,1,0->0:Exact,NONE
890,14.836442,0.017094,-8949.95,-132.493,83.529526,0,0,0,0,2.7459998,2.7459998,none,true,0,0,0,Stand,14.895861,,,,1,0->0:Exact,NONE
891,14.853536,0.016811,-8949.95,-132.493,83.529526,0,0,0,0,2.7459998,2.7459998,none,true,0,0,0,Stand,14.912672,,,,1,0->0:Exact,NONE
892,14.870348,0.016188,-8949.95,-132.493,83.529526,0,0,0,0,2.7459998,2.7459998,none,true,0,0,0,Stand,14.928861,,,,1,0->0:Exact,NONE
893,14.886536,0.016723,-8949.95,-132.493,83.529526,0,0,0,0,2.7459998,2.7459998,none,true,0,0,0,Stand,14.945583,,,,1,0->0:Exact,NONE
894,14.903259,0.016525,-8949.95,-132.493,83.529526,0,0,0,0,2.7459998,2.7459998,none,true,0,0,0,Stand,14.962109,,,,1,0->0:Exact,NONE
895,14.919784,0.016700,-8949.95,-132.493,83.529526,0,0,0,0,2.7459998,2.7459998,none,true,0,0,0,Stand,14.978808,,,,1,0->0:Exact,NONE
896,14.936484,0.016685,-8949.95,-132.493,83.529526,0,0,0,0,2.7459998,2.7459998,none,true,0,0,0,Stand,14.995493,,,,1,0->0:Exact,NONE
897,14.953168,0.016802,-8949.95,-132.493,83.529526,0,0,0,0,2.7459998,2.7459998,none,true,0,0,0,Stand,15.012295,,,,1,0->0:Exact,NONE
898,14.969971,0.016574,-8949.95,-132.493,83.529526,0,0,0,0,2.7459998,2.7459998,none,true,0,0,0,Stand,15.028869,,,,1,0->0:Exact,NONE
899,14.986544,0.016743,-8949.95,-132.493,83.529526,0,0,0,0,2.7459998,2.7459998,none,true,0,0,0,Stand,15.045611,,,,1,0->0:Exact,NONE
900,15.003288,0.016872,-8949.95,-132.493,83.529526,0,0,0,0,2.7459998,2.7459998,none,true,0,0,0,Stand,15.062484,,,,1,0->0:Exact,NONE
901,15.020160,0.017917,-8949.95,-132.493,83.529526,0,0,0,0,2.7459998,2.7459998,none,true,0,0,0,Stand,15.0804,,,,1,0->0:Exact,NONE
902,15.038077,0.015410,-8949.95,-132.493,83.529526,0,0,0,0,2.7459998,2.7459998,none,true,0,0,0,Stand,15.09581,,,,1,0->0:Exact,NONE
903,15.053487,0.016623,-8949.95,-132.493,83.529526,0,0,0,0,2.7459998,2.7459998,none,true,0,0,0,Stand,15.112433,,,,1,0->0:Exact,NONE
904,15.070110,0.016692,-8949.95,-132.493,83.529526,0,0,0,0,2.7459998,2.7459998,none,true,0,0,0,Stand,15.129126,,,,1,0->0:Exact,NONE
905,15.086802,0.016549,-8949.95,-132.493,83.529526,0,0,0,0,2.7459998,2.7459998,none,true,0,0,0,Stand,15.145675,,,,1,0->0:Exact,NONE
906,15.103351,0.016853,-8949.95,-132.493,83.529526,0,0,0,0,2.7459998,2.7459998,none,true,0,0,0,Stand,15.162528,,,,1,0->0:Exact,NONE
907,15.120205,0.016496,-8949.95,-132.493,83.529526,0,0,0,0,2.7459998,2.7459998,none,true,0,0,0,Stand,15.179024,,,,1,0->0:Exact,NONE
908,15.136700,0.016744,-8949.95,-132.493,83.529526,0,0,0,0,2.7459998,2.7459998,none,true,0,0,0,Stand,15.195767,,,,1,0->0:Exact,NONE
909,15.153444,0.016913,-8949.95,-132.493,83.529526,0,0,0,0,2.7459998,2.7459998,none,true,0,0,0,Stand,15.21268,,,,1,0->0:Exact,NONE
910,15.170357,0.016466,-8949.95,-132.493,83.529526,0,0,0,0,2.7459998,2.7459998,none,true,0,0,0,Stand,15.229145,,,,1,0->0:Exact,NONE
911,15.186822,0.016565,-8949.95,-132.493,83.529526,0,0,0,0,2.7459998,2.7459998,none,true,0,0,0,Stand,15.24571,,,,1,0->0:Exact,NONE
912,15.203388,0.016756,-8949.95,-132.493,83.529526,0,0,0,0,2.7459998,2.7459998,none,true,0,0,0,Stand,15.262466,,,,1,0->0:Exact,NONE
913,15.220144,0.017172,-8949.95,-132.493,83.529526,0,0,0,0,2.7459998,2.7459998,none,true,0,0,0,Stand,15.279638,,,,1,0->0:Exact,NONE
914,15.237316,0.016127,-8949.95,-132.493,83.529526,0,0,0,0,2.7459998,2.7459998,none,true,0,0,0,Stand,15.295766,,,,1,0->0:Exact,NONE
915,15.253443,0.016720,-8949.95,-132.493,83.529526,0,0,0,0,2.7459998,2.7459998,none,true,0,0,0,Stand,15.312486,,,,1,0->0:Exact,NONE
916,15.270163,0.016670,-8949.95,-132.493,83.529526,0,0,0,0,2.7459998,2.7459998,none,true,0,0,0,Stand,15.329156,,,,1,0->0:Exact,NONE
917,15.286833,0.016634,-8949.95,-132.493,83.529526,0,0,0,0,2.7459998,2.7459998,none,true,0,0,0,Stand,15.34579,,,,1,0->0:Exact,NONE
918,15.303466,0.016775,-8949.95,-132.493,83.529526,0,0,0,0,2.7459998,2.7459998,none,true,0,0,0,Stand,15.362565,,,,1,0->0:Exact,NONE
919,15.320241,0.016695,-8949.95,-132.493,83.529526,0,0,0,0,2.7459998,2.7459998,none,true,0,0,0,Stand,15.37926,,,,1,0->0:Exact,NONE
920,15.336936,0.016573,-8949.95,-132.493,83.529526,0,0,0,0,2.7459998,2.7459998,none,true,0,0,0,Stand,15.395833,,,,1,0->0:Exact,NONE
921,15.353509,0.016790,-8949.95,-132.493,83.529526,0,0,0,0,2.7459998,2.7459998,none,true,0,0,0,Stand,15.412622,,,,1,0->0:Exact,NONE
922,15.370299,0.016656,-8949.95,-132.493,83.529526,0,0,0,0,2.7459998,2.7459998,none,true,0,0,0,Stand,15.429279,,,,1,0->0:Exact,NONE
923,15.386955,0.017121,-8949.95,-132.493,83.529526,0,0,0,0,2.7459998,2.7459998,none,true,0,0,0,Stand,15.4464,,,,1,0->0:Exact,NONE
924,15.404076,0.016494,-8949.95,-132.493,83.529526,0,0,0,0,2.7459998,2.7459998,none,true,0,0,0,Stand,15.4628935,,,,1,0->0:Exact,NONE
925,15.420570,0.016376,-8949.95,-132.493,83.529526,0,0,0,0,2.7459998,2.7459998,none,true,0,0,0,Stand,15.47927,,,,1,0->0:Exact,NONE
926,15.436946,0.016990,-8949.95,-132.493,83.529526,0,0,0,0,2.7459998,2.7459998,none,true,0,0,0,Stand,15.49626,,,,1,0->0:Exact,NONE
927,15.453935,0.016505,-8949.95,-132.493,83.529526,0,0,0,0,2.7459998,2.7459998,none,true,0,0,0,Stand,15.512765,,,,1,0->0:Exact,NONE
928,15.470440,0.016688,-8949.95,-132.493,83.529526,0,0,0,0,2.7459998,2.7459998,none,true,0,0,0,Stand,15.529453,,,,1,0->0:Exact,NONE
929,15.487128,0.016629,-8949.95,-132.493,83.529526,0,0,0,0,2.7459998,2.7459998,none,true,0,0,0,Stand,15.5460825,,,,1,0->0:Exact,NONE
930,15.503758,0.016685,-8949.95,-132.493,83.529526,0,0,0,0,2.7459998,2.7459998,none,true,0,0,0,Stand,15.562768,,,,1,0->0:Exact,NONE
931,15.520443,0.017977,-8949.95,-132.493,83.529526,0,0,0,0,2.7459998,2.7459998,none,true,0,0,0,Stand,15.580745,,,,1,0->0:Exact,NONE
932,15.538419,0.015239,-8949.95,-132.493,83.529526,0,0,0,0,2.7459998,2.7459998,none,true,0,0,0,Stand,15.5959835,,,,1,0->0:Exact,NONE
933,15.553659,0.016832,-8949.95,-132.493,83.529526,0,0,0,0,2.7459998,2.7459998,none,true,0,0,0,Stand,15.612815,,,,1,0->0:Exact,NONE
934,15.570490,0.016560,-8949.95,-132.493,83.529526,0,0,0,0,2.7459998,2.7459998,none,true,0,0,0,Stand,15.6293745,,,,1,0->0:Exact,NONE
935,15.587050,0.016729,-8949.95,-132.493,83.529526,0,0,0,0,2.7459998,2.7459998,none,true,0,0,0,Stand,15.646104,,,,1,0->0:Exact,NONE
936,15.603779,0.016769,-8949.95,-132.493,83.529526,0,0,0,0,2.7459998,2.7459998,none,true,0,0,0,Stand,15.662873,,,,1,0->0:Exact,NONE
937,15.620549,0.016518,-8949.95,-132.493,83.529526,0,0,0,0,2.7459998,2.7459998,none,true,0,0,0,Stand,15.679391,,,,1,0->0:Exact,NONE
938,15.637066,0.016909,-8949.95,-132.493,83.529526,0,0,0,0,2.7459998,2.7459998,none,true,0,0,0,Stand,15.6963,,,,1,0->0:Exact,NONE
939,15.653975,0.016471,-8949.95,-132.493,83.529526,0,0,0,0,2.7459998,2.7459998,none,true,0,0,0,Stand,15.71277,,,,1,0->0:Exact,NONE
940,15.670446,0.016731,-8949.95,-132.493,83.529526,0,0,0,0,2.7459998,2.7459998,none,true,0,0,0,Stand,15.729502,,,,1,0->0:Exact,NONE
941,15.687176,0.016782,-8949.95,-132.493,83.529526,0,0,0,0,2.7459998,2.7459998,none,true,0,0,0,Stand,15.7462845,,,,1,0->0:Exact,NONE
942,15.703959,0.017188,-8949.95,-132.493,83.529526,0,0,0,0,2.7459998,2.7459998,none,true,0,0,0,Stand,15.763473,,,,1,0->0:Exact,NONE
943,15.721147,0.016089,-8949.95,-132.493,83.529526,0,0,0,0,2.7459998,2.7459998,none,true,0,0,0,Stand,15.779562,,,,1,0->0:Exact,NONE
944,15.737236,0.016563,-8949.95,-132.493,83.529526,0,0,0,0,2.7459998,2.7459998,none,true,0,0,0,Stand,15.796125,,,,1,0->0:Exact,NONE
945,15.753800,0.016569,-8949.95,-132.493,83.529526,0,0,0,0,2.7459998,2.7459998,none,true,0,0,0,Stand,15.812695,,,,1,0->0:Exact,NONE
946,15.770369,0.016810,-8949.95,-132.493,83.529526,0,0,0,0,2.7459998,2.7459998,none,true,0,0,0,Stand,15.829505,,,,1,0->0:Exact,NONE
947,15.787179,0.016662,-8949.95,-132.493,83.529526,0,0,0,0,2.7459998,2.7459998,none,true,0,0,0,Stand,15.846168,,,,1,0->0:Exact,NONE
948,15.803842,0.016792,-8949.95,-132.493,83.529526,0,0,0,0,2.7459998,2.7459998,none,true,0,0,0,Stand,15.86296,,,,1,0->0:Exact,NONE
949,15.820634,0.018112,-8949.95,-132.493,83.529526,0,0,0,0,2.7459998,2.7459998,none,true,0,0,0,Stand,15.881072,,,,1,0->0:Exact,NONE
950,15.838746,0.015243,-8949.95,-132.493,83.529526,0,0,0,0,2.7459998,2.7459998,none,true,0,0,0,Stand,15.896316,,,,1,0->0:Exact,NONE
951,15.853989,0.016971,-8949.95,-132.493,83.529526,0,0,0,0,2.7459998,2.7459998,none,true,0,0,0,Stand,15.913286,,,,1,0->0:Exact,NONE
952,15.870960,0.016394,-8949.95,-132.493,83.529526,0,0,0,0,2.7459998,2.7459998,none,true,0,0,0,Stand,15.92968,,,,1,0->0:Exact,NONE
953,15.887354,0.016693,-8949.95,-132.493,83.529526,0,0,0,0,2.7459998,2.7459998,none,true,0,0,0,Stand,15.946373,,,,1,0->0:Exact,NONE
954,15.904047,0.016613,-8949.95,-132.493,83.529526,0,0,0,0,2.7459998,2.7459998,none,true,0,0,0,Stand,15.962986,,,,1,0->0:Exact,NONE
955,15.920660,0.016758,-8949.95,-132.493,83.529526,0,0,0,0,2.7459998,2.7459998,none,true,0,0,0,Stand,15.979745,,,,1,0->0:Exact,NONE
956,15.937418,0.016536,-8949.95,-132.493,83.529526,0,0,0,0,2.7459998,2.7459998,none,true,0,0,0,Stand,15.996281,,,,1,0->0:Exact,NONE
957,15.953954,0.016840,-8949.95,-132.493,83.529526,0,0,0,0,2.7459998,2.7459998,none,true,0,0,0,Stand,16.01312,,,,1,0->0:Exact,NONE
958,15.970793,0.016638,-8949.95,-132.493,83.529526,0,0,0,0,2.7459998,2.7459998,none,true,0,0,0,Stand,16.029758,,,,1,0->0:Exact,NONE
959,15.987431,0.016584,-8949.95,-132.493,83.529526,0,0,0,0,2.7459998,2.7459998,none,true,0,0,0,Stand,16.046343,,,,1,0->0:Exact,NONE
960,16.004015,0.016667,-8949.95,-132.493,83.529526,0,0,0,0,2.7459998,2.7459998,none,true,0,0,0,Stand,16.06301,,,,1,0->0:Exact,NONE
961,16.020683,0.017451,-8949.95,-132.493,83.529526,0,0,0,0,2.7459998,2.7459998,none,true,0,0,0,Stand,16.080462,,,,1,0->0:Exact,NONE
962,16.038134,0.016115,-8949.95,-132.493,83.529526,0,0,0,0,2.7459998,2.7459998,none,true,0,0,0,Stand,16.096577,,,,1,0->0:Exact,NONE
963,16.054249,0.016703,-8949.95,-132.493,83.529526,0,0,0,0,2.7459998,2.7459998,none,true,0,0,0,Stand,16.11328,,,,1,0->0:Exact,NONE
964,16.070952,0.016654,-8949.95,-132.493,83.529526,0,0,0,0,2.7459998,2.7459998,none,true,0,0,0,Stand,16.129932,,,,1,0->0:Exact,NONE
965,16.087606,0.016522,-8949.95,-132.493,83.529526,0,0,0,0,2.7459998,2.7459998,none,true,0,0,0,Stand,16.146454,,,,1,0->0:Exact,NONE
966,16.104128,0.016860,-8949.95,-132.493,83.529526,0,0,0,0,2.7459998,2.7459998,none,true,0,0,0,Stand,16.163313,,,,1,0->0:Exact,NONE
967,16.120988,0.016502,-8949.95,-132.493,83.529526,0,0,0,0,2.7459998,2.7459998,none,true,0,0,0,Stand,16.179815,,,,1,0->0:Exact,NONE
968,16.137490,0.016685,-8949.95,-132.493,83.529526,0,0,0,0,2.7459998,2.7459998,none,true,0,0,0,Stand,16.1965,,,,1,0->0:Exact,NONE
969,16.154175,0.016622,-8949.95,-132.493,83.529526,0,0,0,0,2.7459998,2.7459998,none,true,0,0,0,Stand,16.213121,,,,1,0->0:Exact,NONE
970,16.170797,0.016804,-8949.95,-132.493,83.529526,0,0,0,0,2.7459998,2.7459998,none,true,0,0,0,Stand,16.229925,,,,1,0->0:Exact,NONE
971,16.187600,0.016574,-8949.95,-132.493,83.529526,0,0,0,0,2.7459998,2.7459998,none,true,0,0,0,Stand,16.2465,,,,1,0->0:Exact,NONE
972,16.204174,0.016712,-8949.95,-132.493,83.529526,0,0,0,0,2.7459998,2.7459998,none,true,0,0,0,Stand,16.263212,,,,1,0->0:Exact,NONE
973,16.220886,0.016597,-8949.95,-132.493,83.529526,0,0,0,0,2.7459998,2.7459998,none,true,0,0,0,Stand,16.27981,,,,1,0->0:Exact,NONE
974,16.237483,0.016841,-8949.95,-132.493,83.529526,0,0,0,0,2.7459998,2.7459998,none,true,0,0,0,Stand,16.29665,,,,1,0->0:Exact,NONE
975,16.254324,0.016748,-8949.95,-132.493,83.529526,0,0,0,0,2.7459998,2.7459998,none,true,0,0,0,Stand,16.313398,,,,1,0->0:Exact,NONE
976,16.271072,0.016650,-8949.95,-132.493,83.529526,0,0,0,0,2.7459998,2.7459998,none,true,0,0,0,Stand,16.330048,,,,1,0->0:Exact,NONE
977,16.287721,0.016844,-8949.95,-132.493,83.529526,0,0,0,0,2.7459998,2.7459998,none,true,0,0,0,Stand,16.346891,,,,1,0->0:Exact,NONE
978,16.304565,0.016556,-8949.95,-132.493,83.529526,0,0,0,0,2.7459998,2.7459998,none,true,0,0,0,Stand,16.363447,,,,1,0->0:Exact,NONE
979,16.321121,0.018213,-8949.95,-132.493,83.529526,0,0,0,0,2.7459998,2.7459998,none,true,0,0,0,Stand,16.38166,,,,1,0->0:Exact,NONE
980,16.339334,0.014966,-8949.95,-132.493,83.529526,0,0,0,0,2.7459998,2.7459998,none,true,0,0,0,Stand,16.396626,,,,1,0->0:Exact,NONE
981,16.354300,0.016824,-8949.95,-132.493,83.529526,0,0,0,0,2.7459998,2.7459998,none,true,0,0,0,Stand,16.41345,,,,1,0->0:Exact,NONE
982,16.371124,0.016642,-8949.95,-132.493,83.529526,0,0,0,0,2.7459998,2.7459998,none,true,0,0,0,Stand,16.430092,,,,1,0->0:Exact,NONE
983,16.387766,0.016620,-8949.95,-132.493,83.529526,0,0,0,0,2.7459998,2.7459998,none,true,0,0,0,Stand,16.446712,,,,1,0->0:Exact,NONE
984,16.404386,0.016810,-8949.95,-132.493,83.529526,0,0,0,0,2.7459998,2.7459998,none,true,0,0,0,Stand,16.463522,,,,1,0->0:Exact,NONE
985,16.421196,0.016574,-8949.95,-132.493,83.529526,0,0,0,0,2.7459998,2.7459998,none,true,0,0,0,Stand,16.480097,,,,1,0->0:Exact,NONE
986,16.437770,0.016929,-8949.95,-132.493,83.529526,0,0,0,0,2.7459998,2.7459998,none,true,0,0,0,Stand,16.497026,,,,1,0->0:Exact,NONE
987,16.454699,0.016528,-8949.95,-132.493,83.529526,0,0,0,0,2.7459998,2.7459998,none,true,0,0,0,Stand,16.513556,,,,1,0->0:Exact,NONE
988,16.471228,0.016508,-8949.95,-132.493,83.529526,0,0,0,0,2.7459998,2.7459998,none,true,0,0,0,Stand,16.530064,,,,1,0->0:Exact,NONE
989,16.487736,0.016660,-8949.95,-132.493,83.529526,0,0,0,0,2.7459998,2.7459998,none,true,0,0,0,Stand,16.546722,,,,1,0->0:Exact,NONE
990,16.504395,0.016710,-8949.95,-132.493,83.529526,0,0,0,0,2.7459998,2.7459998,none,true,0,0,0,Stand,16.563433,,,,1,0->0:Exact,NONE
991,16.521105,0.016691,-8949.95,-132.493,83.529526,0,0,0,0,2.7459998,2.7459998,none,true,0,0,0,Stand,16.580124,,,,1,0->0:Exact,NONE
992,16.537796,0.016663,-8949.95,-132.493,83.529526,0,0,0,0,2.7459998,2.7459998,none,true,0,0,0,Stand,16.596786,,,,1,0->0:Exact,NONE
993,16.554460,0.016722,-8949.95,-132.493,83.529526,0,0,0,0,2.7459998,2.7459998,none,true,0,0,0,Stand,16.613508,,,,1,0->0:Exact,NONE
994,16.571182,0.016752,-8949.95,-132.493,83.529526,0,0,0,0,2.7459998,2.7459998,none,true,0,0,0,Stand,16.63026,,,,1,0->0:Exact,NONE
995,16.587934,0.016663,-8949.95,-132.493,83.529526,0,0,0,0,2.7459998,2.7459998,none,true,0,0,0,Stand,16.646923,,,,1,0->0:Exact,NONE
996,16.604597,0.016702,-8949.95,-132.493,83.529526,0,0,0,0,2.7459998,2.7459998,none,true,0,0,0,Stand,16.663626,,,,1,0->0:Exact,NONE
997,16.621299,0.018048,-8949.95,-132.493,83.529526,0,0,0,0,2.7459998,2.7459998,none,true,0,0,0,Stand,16.681673,,,,1,0->0:Exact,NONE
998,16.639347,0.015073,-8949.95,-132.493,83.529526,0,0,0,0,2.7459998,2.7459998,none,true,0,0,0,Stand,16.696747,,,,1,0->0:Exact,NONE
999,16.654420,0.016824,-8949.95,-132.493,83.529526,0,0,0,0,2.7459998,2.7459998,none,true,0,0,0,Stand,16.713572,,,,1,0->0:Exact,NONE
1000,16.671243,0.016850,-8949.95,-132.493,83.529526,0,0,0,0,2.7459998,2.7459998,none,true,0,0,0,Stand,16.730421,,,,1,0->0:Exact,NONE
1001,16.688094,0.017883,-8949.95,-132.493,83.529526,0,0,0,0,2.7459998,2.7459998,none,true,0,0,0,Stand,16.748304,,,,1,0->0:Exact,NONE
1002,16.705977,0.015225,-8949.95,-132.493,83.529526,0,0,0,0,2.7459998,2.7459998,none,true,0,0,0,Stand,16.763529,,,,1,0->0:Exact,NONE
1003,16.721202,0.016963,-8949.95,-132.493,83.529526,0,0,0,0,2.7459998,2.7459998,none,true,0,0,0,Stand,16.78049,,,,1,0->0:Exact,NONE
1004,16.738165,0.016654,-8949.95,-132.493,83.529526,0,0,0,0,2.7459998,2.7459998,none,true,0,0,0,Stand,16.797144,,,,1,0->0:Exact,NONE
1005,16.754819,0.016326,-8949.95,-132.493,83.529526,0,0,0,0,2.7459998,2.7459998,none,true,0,0,0,Stand,16.81347,,,,1,0->0:Exact,NONE
1006,16.771145,0.016735,-8949.95,-132.493,83.529526,0,0,0,0,2.7459998,2.7459998,none,true,0,0,0,Stand,16.830206,,,,1,0->0:Exact,NONE
1007,16.787880,0.016718,-8949.95,-132.493,83.529526,0,0,0,0,2.7459998,2.7459998,none,true,0,0,0,Stand,16.846924,,,,1,0->0:Exact,NONE
1008,16.804598,0.016816,-8949.95,-132.493,83.529526,0,0,0,0,2.7459998,2.7459998,none,true,0,0,0,Stand,16.86374,,,,1,0->0:Exact,NONE
1009,16.821414,0.017712,-8949.95,-132.493,83.529526,0,0,0,0,2.7459998,2.7459998,none,true,0,0,0,Stand,16.881453,,,,1,0->0:Exact,NONE
1010,16.839126,0.015857,-8949.95,-132.493,83.529526,0,0,0,0,2.7459998,2.7459998,none,true,0,0,0,Stand,16.89731,,,,1,0->0:Exact,NONE
1011,16.854984,0.016605,-8949.95,-132.493,83.529526,0,0,0,0,2.7459998,2.7459998,none,true,0,0,0,Stand,16.913916,,,,1,0->0:Exact,NONE
1012,16.871589,0.016503,-8949.95,-132.493,83.529526,0,0,0,0,2.7459998,2.7459998,none,true,0,0,0,Stand,16.930418,,,,1,0->0:Exact,NONE
1013,16.888091,0.016935,-8949.95,-132.493,83.529526,0,0,0,0,2.7459998,2.7459998,none,true,0,0,0,Stand,16.947353,,,,1,0->0:Exact,NONE
1014,16.905026,0.016491,-8949.95,-132.493,83.529526,0,0,0,0,2.7459998,2.7459998,none,true,0,0,0,Stand,16.963844,,,,1,0->0:Exact,NONE
1015,16.921518,0.016625,-8949.95,-132.493,83.529526,0,0,0,0,2.7459998,2.7459998,none,true,0,0,0,Stand,16.980469,,,,1,0->0:Exact,NONE
1016,16.938143,0.016622,-8949.95,-132.493,83.529526,0,0,0,0,2.7459998,2.7459998,none,true,0,0,0,Stand,16.997091,,,,1,0->0:Exact,NONE
1017,16.954765,0.016733,-8949.95,-132.493,83.529526,0,0,0,0,2.7459998,2.7459998,none,true,0,0,0,Stand,17.013824,,,,1,0->0:Exact,NONE
1018,16.971498,0.016772,-8949.95,-132.493,83.529526,0,0,0,0,2.7459998,2.7459998,none,true,0,0,0,Stand,17.030596,,,,1,0->0:Exact,NONE
1019,16.988269,0.016536,-8949.95,-132.493,83.529526,0,0,0,0,2.7459998,2.7459998,none,true,0,0,0,Stand,17.047132,,,,1,0->0:Exact,NONE
1020,17.004806,0.016802,-8949.95,-132.493,83.529526,0,0,0,0,2.7459998,2.7459998,none,true,0,0,0,Stand,17.063934,,,,1,0->0:Exact,NONE
1021,17.021607,0.016605,-8949.95,-132.493,83.529526,0,0,0,0,2.7459998,2.7459998,none,true,0,0,0,Stand,17.08054,,,,1,0->0:Exact,NONE
1022,17.038213,0.016716,-8949.95,-132.493,83.529526,0,0,0,0,2.7459998,2.7459998,none,true,0,0,0,Stand,17.097256,,,,1,0->0:Exact,NONE
1023,17.054929,0.017036,-8949.95,-132.493,83.529526,0,0,0,0,2.7459998,2.7459998,none,true,0,0,0,Stand,17.114292,,,,1,0->0:Exact,NONE
1024,17.071965,0.016324,-8949.95,-132.493,83.529526,0,0,0,0,2.7459998,2.7459998,none,true,0,0,0,Stand,17.130615,,,,1,0->0:Exact,NONE
1025,17.088289,0.016670,-8949.95,-132.493,83.529526,0,0,0,0,2.7459998,2.7459998,none,true,0,0,0,Stand,17.147285,,,,1,0->0:Exact,NONE
1026,17.104959,0.016557,-8949.95,-132.493,83.529526,0,0,0,0,2.7459998,2.7459998,none,true,0,0,0,Stand,17.163841,,,,1,0->0:Exact,NONE
1027,17.121515,0.018122,-8949.95,-132.493,83.529526,0,0,0,0,2.7459998,2.7459998,none,true,0,0,0,Stand,17.181963,,,,1,0->0:Exact,NONE
1028,17.139637,0.015383,-11158.238,1721.2673,41.113514,0,0,0,0,2.7459998,2.7459998,none,false,0,15.3831005,0,Stand,17.197346,,,,1,0->0:Exact,NONE
1029,17.155021,0.016488,-11158.238,1721.2673,41.10827,0,0,0,0,2.7459998,2.7459998,none,false,0,31.8707,0,Stand,17.213833,,,,1,0->0:Exact,NONE
1030,17.171508,0.017813,-11158.238,1721.2673,41.102146,0,0,0,0,2.7459998,2.7459998,none,false,0,49.6838,0,Stand,17.231646,,,,1,0->0:Exact,NONE
1031,17.189321,0.015886,-11158.238,1721.2673,41.09728,0,0,0,0,2.7459998,2.7459998,none,false,0,65.5698,0,Stand,17.247532,,,,1,0->0:Exact,NONE
1032,17.205207,0.019243,-11158.238,1721.2673,41.090134,0,0,0,0,2.7459998,2.7459998,none,false,0,84.8133,0,Stand,17.266775,,,,1,0->0:Exact,NONE
1033,17.224451,0.016374,-11158.238,1721.2673,41.08496,0,0,0,0,2.7459998,2.7459998,none,false,0,101.1873,0,Stand,17.28315,,,,1,0->0:Exact,NONE
1034,17.240825,0.014271,-11158.238,1721.2673,41.08103,0,0,0,0,2.7459998,2.7459998,none,false,0,115.458305,0,Stand,17.29742,,,,1,0->0:Exact,NONE
1035,17.255096,0.016365,-11158.238,1721.2673,41.075867,0,0,0,0,2.7459998,2.7459998,none,false,0,131.82321,0,Stand,17.313786,,,,1,0->0:Exact,NONE
1036,17.271461,0.019075,-11158.238,1721.2673,41.068848,0,0,0,0,2.7459998,2.7459998,none,false,0,150.8984,0,Stand,17.33286,,,,1,0->0:Exact,NONE
1037,17.290536,0.000916,-11158.238,1721.2673,41.068832,0,0,0,0,2.7459998,2.7459998,none,false,0,151.8146,0,Stand,17.333776,,,,1,0->0:Exact,NONE
1038,17.291452,0.013607,-11158.238,1721.2673,41.06526,0,0,0,0,2.7459998,2.7459998,none,false,0,165.4217,0,Stand,17.347383,,,,1,0->0:Exact,NONE
1039,17.305059,0.017143,-11158.238,1721.2673,41.059593,0,0,0,0,2.7459998,2.7459998,none,false,0,182.5646,40,Fall,0.0171429,Stand,17.364527,0.036198378,1,40->40:Exact,NONE
1040,17.322202,0.019768,-11158.238,1721.2673,41.052055,0,0,0,0,2.7459998,2.7459998,none,false,0,202.3321,40,Fall,0.0369104,Stand,17.384295,0.15185118,1,40->40:Exact,NONE
1041,17.341970,0.050000,-11158.238,1721.2673,41.117954,0,0,0,0,2.7459998,2.7459998,none,true,0,0,39,JumpEnd,0.05,Fall,0.0869104,0.25925922,1,39->39:Exact,MSG_MOVE_FALL_LAND
1042,17.391970,0.008013,-11158.238,1721.2673,41.117954,0,0,0,0,2.7459998,2.7459998,none,true,0,0,39,JumpEnd,0.0580135,Fall,0.0949239,0.33303946,1,39->39:Exact,NONE
1043,17.399983,0.008579,-11158.238,1721.2673,41.117954,0,0,0,0,2.7459998,2.7459998,none,true,0,0,39,JumpEnd,0.0665928,Fall,0.1035032,0.4162801,1,39->39:Exact,NONE
1044,17.408562,0.016627,-11158.238,1721.2673,41.117954,0,0,0,0,2.7459998,2.7459998,none,true,0,0,39,JumpEnd,0.083219394,Fall,0.120129794,0.58186483,1,39->39:Exact,NONE
1045,17.425189,0.016725,-11158.238,1721.2673,41.117954,0,0,0,0,2.7459998,2.7459998,none,true,0,0,39,JumpEnd,0.0999444,Fall,0.1368548,0.7402463,1,39->39:Exact,NONE
1046,17.441914,0.017857,-11158.238,1721.2673,41.117954,0,0,0,0,2.7459998,2.7459998,none,true,0,0,39,JumpEnd,0.1178015,Fall,0.1547119,0.8815492,1,39->39:Exact,NONE
1047,17.459771,0.017141,-11158.238,1721.2673,41.117954,0,0,0,0,2.7459998,2.7459998,none,true,0,0,39,JumpEnd,0.1349421,Fall,0.1718525,0.97179115,1,39->39:Exact,NONE
1048,17.476912,0.016714,-11158.238,1721.2673,41.117954,0,0,0,0,2.7459998,2.7459998,none,true,0,0,39,JumpEnd,0.151656,,,,1,39->39:Exact,NONE
1049,17.493626,0.016242,-11158.238,1721.2673,41.117954,0,0,0,0,2.7459998,2.7459998,none,true,0,0,39,JumpEnd,0.167898,,,,1,39->39:Exact,NONE
1050,17.509868,0.015747,-11158.238,1721.2673,41.117954,0,0,0,0,2.7459998,2.7459998,none,true,0,0,39,JumpEnd,0.1836453,,,,1,39->39:Exact,NONE
1051,17.525615,0.016906,-11158.238,1721.2673,41.117954,0,0,0,0,2.7459998,2.7459998,none,true,0,0,39,JumpEnd,0.2005513,,,,1,39->39:Exact,NONE
1052,17.542521,0.016262,-11158.238,1721.2673,41.117954,0,0,0,0,2.7459998,2.7459998,none,true,0,0,39,JumpEnd,0.2168132,,,,1,39->39:Exact,NONE
1053,17.558783,0.016705,-11158.238,1721.2673,41.117954,0,0,0,0,2.7459998,2.7459998,none,true,0,0,39,JumpEnd,0.2335186,,,,1,39->39:Exact,NONE
1054,17.575488,0.016856,-11158.238,1721.2673,41.117954,0,0,0,0,2.7459998,2.7459998,none,true,0,0,39,JumpEnd,0.2503741,,,,1,39->39:Exact,NONE
1055,17.592344,0.016311,-11158.238,1721.2673,41.117954,0,0,0,0,2.7459998,2.7459998,none,true,0,0,39,JumpEnd,0.2666851,,,,1,39->39:Exact,NONE
1056,17.608655,0.016832,-11158.238,1721.2673,41.117954,0,0,0,0,2.7459998,2.7459998,none,true,0,0,39,JumpEnd,0.28351688,,,,1,39->39:Exact,NONE
1057,17.625486,0.016714,-11158.238,1721.2673,41.117954,0,0,0,0,2.7459998,2.7459998,none,true,0,0,39,JumpEnd,0.30023077,,,,1,39->39:Exact,NONE
1058,17.642200,0.017770,-11158.238,1721.2673,41.117954,0,0,0,0,2.7459998,2.7459998,none,true,0,0,39,JumpEnd,0.31800088,,,,1,39->39:Exact,NONE
1059,17.659970,0.016626,-11158.238,1721.2673,41.117954,0,0,0,0,2.7459998,2.7459998,none,true,0,0,39,JumpEnd,0.33462727,,,,1,39->39:Exact,NONE
1060,17.676597,0.016611,-11158.238,1721.2673,41.117954,0,0,0,0,2.7459998,2.7459998,none,true,0,0,39,JumpEnd,0.35123828,,,,1,39->39:Exact,NONE
1061,17.693208,0.016517,-11158.238,1721.2673,41.117954,0,0,0,0,2.7459998,2.7459998,none,true,0,0,39,JumpEnd,0.36775488,,,,1,39->39:Exact,NONE
1062,17.709724,0.015758,-11158.238,1721.2673,41.117954,0,0,0,0,2.7459998,2.7459998,none,true,0,0,39,JumpEnd,0.38351277,,,,1,39->39:Exact,NONE
1063,17.725482,0.016724,-11158.238,1721.2673,41.117954,0,0,0,0,2.7459998,2.7459998,none,true,0,0,39,JumpEnd,0.40023667,,,,1,39->39:Exact,NONE
1064,17.742206,0.016516,-11158.238,1721.2673,41.117954,0,0,0,0,2.7459998,2.7459998,none,true,0,0,39,JumpEnd,0.41675276,,,,1,39->39:Exact,NONE
1065,17.758722,0.017003,-11158.238,1721.2673,41.117954,0,0,0,0,2.7459998,2.7459998,none,true,0,0,39,JumpEnd,0.43375605,,,,1,39->39:Exact,NONE
1066,17.775726,0.016705,-11158.238,1721.2673,41.117954,0,0,0,0,2.7459998,2.7459998,none,true,0,0,39,JumpEnd,0.45046076,,,,1,39->39:Exact,NONE
1067,17.792430,0.016486,-11158.238,1721.2673,41.117954,0,0,0,0,2.7459998,2.7459998,none,true,0,0,39,JumpEnd,0.46694717,,,,1,39->39:Exact,NONE
1068,17.808917,0.016663,-11158.238,1721.2673,41.117954,0,0,0,0,2.7459998,2.7459998,none,true,0,0,39,JumpEnd,0.48361048,,,,1,39->39:Exact,NONE
1069,17.825580,0.016514,-11158.238,1721.2673,41.117954,0,0,0,0,2.7459998,2.7459998,none,true,0,0,39,JumpEnd,0.50012475,,,,1,39->39:Exact,NONE
1070,17.842094,0.017940,-11158.238,1721.2673,41.117954,0,0,0,0,2.7459998,2.7459998,none,true,0,0,39,JumpEnd,0.51806426,,,,1,39->39:Exact,NONE
1071,17.860034,0.016554,-11158.238,1721.2673,41.117954,0,0,0,0,2.7459998,2.7459998,none,true,0,0,39,JumpEnd,0.5346187,,,,1,39->39:Exact,NONE
1072,17.876588,0.016872,-11158.238,1721.2673,41.117954,0,0,0,0,2.7459998,2.7459998,none,true,0,0,39,JumpEnd,0.5514912,,,,1,39->39:Exact,NONE
1073,17.893461,0.016434,-11158.238,1721.2673,41.117954,0,0,0,0,2.7459998,2.7459998,none,true,0,0,39,JumpEnd,0.5679257,,,,1,39->39:Exact,NONE
1074,17.909895,0.015951,-11158.238,1721.2673,41.117954,0,0,0,0,2.7459998,2.7459998,none,true,0,0,39,JumpEnd,0.5838764,,,,1,39->39:Exact,NONE
1075,17.925846,0.017479,-11158.238,1721.2673,41.117954,0,0,0,0,2.7459998,2.7459998,none,true,0,0,39,JumpEnd,0.6013557,,,,1,39->39:Exact,NONE
1076,17.943325,0.016882,-11158.238,1721.2673,41.117954,0,0,0,0,2.7459998,2.7459998,none,true,0,0,39,JumpEnd,0.6182378,,,,1,39->39:Exact,NONE
1077,17.960207,0.015517,-11158.238,1721.2673,41.117954,0,0,0,0,2.7459998,2.7459998,none,true,0,0,39,JumpEnd,0.63375497,,,,1,39->39:Exact,NONE
1078,17.975725,0.016680,-11158.238,1721.2673,41.117954,0,0,0,0,2.7459998,2.7459998,none,true,0,0,39,JumpEnd,0.6504347,,,,1,39->39:Exact,NONE
1079,17.992404,0.016717,-11158.238,1721.2673,41.117954,0,0,0,0,2.7459998,2.7459998,none,true,0,0,39,JumpEnd,0.6671513,,,,1,39->39:Exact,NONE
1080,18.009121,0.016681,-11158.238,1721.2673,41.117954,0,0,0,0,2.7459998,2.7459998,none,true,0,0,39,JumpEnd,0.6838323,,,,1,39->39:Exact,NONE
1081,18.025802,0.016764,-11158.238,1721.2673,41.117954,0,0,0,0,2.7459998,2.7459998,none,true,0,0,39,JumpEnd,0.7005966,,,,1,39->39:Exact,NONE
1082,18.042566,0.017571,-11158.238,1721.2673,41.117954,0,0,0,0,2.7459998,2.7459998,none,true,0,0,39,JumpEnd,0.7181675,,,,1,39->39:Exact,NONE
1083,18.060137,0.017166,-11158.238,1721.2673,41.117954,0,0,0,0,2.7459998,2.7459998,none,true,0,0,39,JumpEnd,0.7353332,,,,1,39->39:Exact,NONE
1084,18.077303,0.016206,-11158.238,1721.2673,41.117954,0,0,0,0,2.7459998,2.7459998,none,true,0,0,39,JumpEnd,0.7515395,,,,1,39->39:Exact,NONE
1085,18.093509,0.016947,-11158.238,1721.2673,41.117954,0,0,0,0,2.7459998,2.7459998,none,true,0,0,39,JumpEnd,0.7684869,,,,1,39->39:Exact,NONE
1086,18.110456,0.016445,-11158.238,1721.2673,41.117954,0,0,0,0,2.7459998,2.7459998,none,true,0,0,39,JumpEnd,0.78493154,,,,1,39->39:Exact,NONE
1087,18.126901,0.016914,-11158.238,1721.2673,41.117954,0,0,0,0,2.7459998,2.7459998,none,true,0,0,39,JumpEnd,0.8018457,,,,1,39->39:Exact,NONE
1088,18.143815,0.015272,-11158.238,1721.2673,41.117954,0,0,0,0,2.7459998,2.7459998,none,true,0,0,39,JumpEnd,0.8171181,,,,1,39->39:Exact,NONE
1089,18.159088,0.017811,-11158.238,1721.2673,41.117954,0,0,0,0,2.7459998,2.7459998,none,true,0,0,39,JumpEnd,0.8349291,,,,1,39->39:Exact,NONE
1090,18.176899,0.015536,-11158.238,1721.2673,41.117954,0,0,0,0,2.7459998,2.7459998,none,true,0,0,39,JumpEnd,0.8504652,,,,1,39->39:Exact,NONE
1091,18.192435,0.016773,-11158.238,1721.2673,41.117954,0,0,0,0,2.7459998,2.7459998,none,true,0,0,39,JumpEnd,0.86723816,,,,1,39->39:Exact,NONE
1092,18.209208,0.018037,-11158.238,1721.2673,41.117954,0,0,0,0,2.7459998,2.7459998,none,true,0,0,39,JumpEnd,0.8852749,,,,1,39->39:Exact,NONE
1093,18.227244,0.016431,-11158.238,1721.2673,41.117954,0,0,0,0,2.7459998,2.7459998,none,true,0,0,39,JumpEnd,0.9017058,,,,1,39->39:Exact,NONE
1094,18.243675,0.016686,-11158.238,1721.2673,41.117954,0,0,0,0,2.7459998,2.7459998,none,true,0,0,39,JumpEnd,0.9183923,,,,1,39->39:Exact,NONE
1095,18.260362,0.015548,-11158.238,1721.2673,41.117954,0,0,0,0,2.7459998,2.7459998,none,true,0,0,39,JumpEnd,0.9339406,,,,1,39->39:Exact,NONE
1096,18.275910,0.019111,-11158.238,1721.2673,41.117954,0,0,0,0,2.7459998,2.7459998,none,true,0,0,39,JumpEnd,0.9530511,,,,1,39->39:Exact,NONE
1097,18.295021,0.016107,-11158.238,1721.2673,41.117954,0,0,0,0,2.7459998,2.7459998,none,true,0,0,39,JumpEnd,0.9691583,,,,1,39->39:Exact,NONE
1098,18.311128,0.014723,-11158.238,1721.2673,41.117954,0,0,0,0,2.7459998,2.7459998,none,true,0,0,39,JumpEnd,0.983881,,,,1,39->39:Exact,NONE
1099,18.325851,0.018158,-11158.238,1721.2673,41.117954,0,0,0,0,2.7459998,2.7459998,none,true,0,0,39,JumpEnd,1.0020391,,,,1,39->39:Exact,NONE
1100,18.344009,0.015403,-11158.238,1721.2673,41.117954,0,0,0,0,2.7459998,2.7459998,none,true,0,0,0,Stand,0.0154029,JumpEnd,1.017442,0.004334271,1,0->0:Exact,NONE
1101,18.359412,0.016576,-11158.238,1721.2673,41.117954,0,0,0,0,2.7459998,2.7459998,none,true,0,0,0,Stand,0.0319791,JumpEnd,1.0340182,0.018152952,1,0->0:Exact,NONE
1102,18.375988,0.018621,-11158.238,1721.2673,41.117954,0,0,0,0,2.7459998,2.7459998,none,true,0,0,0,Stand,0.0506004,JumpEnd,1.0526395,0.043958843,1,0->0:Exact,NONE
1103,18.394609,0.014852,-11158.238,1721.2673,41.117954,0,0,0,0,2.7459998,2.7459998,none,true,0,0,0,Stand,0.0654523,JumpEnd,1.0674914,0.07156265,1,0->0:Exact,NONE
1104,18.409461,0.016612,-11158.238,1721.2673,41.117954,0,0,0,0,2.7459998,2.7459998,none,true,0,0,0,Stand,0.0820644,JumpEnd,1.0841035,0.10900223,1,0->0:Exact,NONE
1105,18.426073,0.018415,-11158.238,1721.2673,41.117954,0,0,0,0,2.7459998,2.7459998,none,true,0,0,0,Stand,0.1004798,JumpEnd,1.1025189,0.1576016,1,0->0:Exact,NONE
1106,18.444488,0.014864,-11158.238,1721.2673,41.117954,0,0,0,0,2.7459998,2.7459998,none,true,0,0,0,Stand,0.115343496,JumpEnd,1.1173826,0.20149785,1,0->0:Exact,NONE
1107,18.459352,0.018120,-11158.238,1721.2673,41.117954,0,0,0,0,2.7459998,2.7459998,none,true,0,0,0,Stand,0.1334638,JumpEnd,1.1355029,0.25969422,1,0->0:Exact,NONE
1108,18.477472,0.016627,-11158.238,1721.2673,41.117954,0,0,0,0,2.7459998,2.7459998,none,true,0,0,0,Stand,0.1500906,JumpEnd,1.1521298,0.31672478,1,0->0:Exact,NONE
1109,18.494099,0.015486,-11158.238,1721.2673,41.117954,0,0,0,0,2.7459998,2.7459998,none,true,0,0,0,Stand,0.16557701,JumpEnd,1.1676161,0.37218845,1,0->0:Exact,NONE
1110,18.509586,0.018609,-11158.238,1721.2673,41.117954,0,0,0,0,2.7459998,2.7459998,none,true,0,0,0,Stand,0.1841859,JumpEnd,1.186225,0.44082075,1,0->0:Exact,NONE
1111,18.528195,0.016344,-11158.238,1721.2673,41.117954,0,0,0,0,2.7459998,2.7459998,none,true,0,0,0,Stand,0.20052971,JumpEnd,1.2025689,0.5019864,1,0->0:Exact,NONE
1112,18.544538,0.014938,-11158.238,1721.2673,41.117954,0,0,0,0,2.7459998,2.7459998,none,true,0,0,0,Stand,0.215468,JumpEnd,1.2175072,0.55788934,1,0->0:Exact,NONE
1113,18.559477,0.017998,-11158.238,1721.2673,41.117954,0,0,0,0,2.7459998,2.7459998,none,true,0,0,0,Stand,0.23346621,JumpEnd,1.2355055,0.62432694,1,0->0:Exact,NONE
1114,18.577475,0.017191,-11158.238,1721.2673,41.117954,0,0,0,0,2.7459998,2.7459998,none,true,0,0,0,Stand,0.2506572,JumpEnd,1.2526965,0.68590224,1,0->0:Exact,NONE
1115,18.594666,0.015020,-11158.238,1721.2673,41.117954,0,0,0,0,2.7459998,2.7459998,none,true,0,0,0,Stand,0.26567692,JumpEnd,1.2677162,0.7374354,1,0->0:Exact,NONE
1116,18.609686,0.016705,-11158.238,1721.2673,41.117954,0,0,0,0,2.7459998,2.7459998,none,true,0,0,0,Stand,0.282382,JumpEnd,1.2844213,0.7914603,1,0->0:Exact,NONE
1117,18.626391,0.017880,-11158.238,1721.2673,41.117954,0,0,0,0,2.7459998,2.7459998,none,true,0,0,0,Stand,0.3002619,JumpEnd,1.3023012,0.84448594,1,0->0:Exact,NONE
1118,18.644271,0.015349,-11158.238,1721.2673,41.117954,0,0,0,0,2.7459998,2.7459998,none,true,0,0,0,Stand,0.31561112,JumpEnd,1.3176503,0.8852526,1,0->0:Exact,NONE
1119,18.659620,0.017453,-11158.238,1721.2673,41.117954,0,0,0,0,2.7459998,2.7459998,none,true,0,0,0,Stand,0.33306414,JumpEnd,1.3351033,0.92536414,1,0->0:Exact,NONE
1120,18.677073,0.015989,-11158.238,1721.2673,41.117954,0,0,0,0,2.7459998,2.7459998,none,true,0,0,0,Stand,0.34905332,JumpEnd,1.3510925,0.9554655,1,0->0:Exact,NONE
1121,18.693062,0.016531,-11158.238,1721.2673,41.117954,0,0,0,0,2.7459998,2.7459998,none,true,0,0,0,Stand,0.36558384,JumpEnd,1.367623,0.979065,1,0->0:Exact,NONE
1122,18.709592,0.016892,-11158.238,1721.2673,41.117954,0,0,0,0,2.7459998,2.7459998,none,true,0,0,0,Stand,0.38247564,JumpEnd,1.3845148,0.99441,1,0->0:Exact,NONE
1123,18.726484,0.016615,-11158.238,1721.2673,41.117954,0,0,0,0,2.7459998,2.7459998,none,true,0,0,0,Stand,0.39909095,JumpEnd,1.4011301,0.9999845,1,0->0:Exact,NONE
1124,18.743100,0.016607,-11158.238,1721.2673,41.117954,0,0,0,0,2.7459998,2.7459998,none,true,0,0,0,Stand,0.41569763,,,,1,0->0:Exact,NONE
1125,18.759706,0.016757,-11158.238,1721.2673,41.117954,0,0,0,0,2.7459998,2.7459998,none,true,0,0,0,Stand,0.43245512,,,,1,0->0:Exact,NONE
1126,18.776464,0.016714,-11158.238,1721.2673,41.117954,0,0,0,0,2.7459998,2.7459998,none,true,0,0,0,Stand,0.44916862,,,,1,0->0:Exact,NONE
1127,18.793177,0.016573,-11158.238,1721.2673,41.117954,0,0,0,0,2.7459998,2.7459998,none,true,0,0,0,Stand,0.4657418,,,,1,0->0:Exact,NONE
1128,18.809750,0.016946,-11158.238,1721.2673,41.117954,0,0,0,0,2.7459998,2.7459998,none,true,0,0,0,Stand,0.4826875,,,,1,0->0:Exact,NONE
1129,18.826696,0.017232,-11158.238,1721.2673,41.117954,0,0,0,0,2.7459998,2.7459998,none,true,0,0,0,Stand,0.4999192,,,,1,0->0:Exact,NONE
1130,18.843928,0.015940,-11158.238,1721.2673,41.117954,0,0,0,0,2.7459998,2.7459998,none,true,0,0,0,Stand,0.5158596,,,,1,0->0:Exact,NONE
1131,18.859868,0.016593,-11158.238,1721.2673,41.117954,0,0,0,0,2.7459998,2.7459998,none,true,0,0,0,Stand,0.5324529,,,,1,0->0:Exact,NONE
1132,18.876462,0.016885,-11158.238,1721.2673,41.117954,0,0,0,0,2.7459998,2.7459998,none,true,0,0,0,Stand,0.549338,,,,1,0->0:Exact,NONE
1133,18.893347,0.016588,-11158.238,1721.2673,41.117954,0,0,0,0,2.7459998,2.7459998,none,true,0,0,0,Stand,0.5659256,,,,1,0->0:Exact,NONE
1134,18.909934,0.016648,-11158.238,1721.2673,41.117954,0,0,0,0,2.7459998,2.7459998,none,true,0,0,0,Stand,0.582574,,,,1,0->0:Exact,NONE
1135,18.926583,0.016901,-11158.238,1721.2673,41.117954,0,0,0,0,2.7459998,2.7459998,none,true,0,0,0,Stand,0.5994748,,,,1,0->0:Exact,NONE
1136,18.943483,0.016321,-11158.238,1721.2673,41.117954,0,0,0,0,2.7459998,2.7459998,none,true,0,0,0,Stand,0.6157959,,,,1,0->0:Exact,NONE
1137,18.959805,0.016807,-11158.238,1721.2673,41.117954,0,0,0,0,2.7459998,2.7459998,none,true,0,0,0,Stand,0.63260263,,,,1,0->0:Exact,NONE
1138,18.976611,0.016654,-11158.238,1721.2673,41.117954,0,0,0,0,2.7459998,2.7459998,none,true,0,0,0,Stand,0.6492562,,,,1,0->0:Exact,NONE
1139,18.993265,0.016618,-11158.238,1721.2673,41.117954,0,0,0,0,2.7459998,2.7459998,none,true,0,0,0,Stand,0.6658743,,,,1,0->0:Exact,NONE
1140,19.009883,0.016789,-11158.238,1721.2673,41.117954,0,0,0,0,2.7459998,2.7459998,none,true,0,0,0,Stand,0.6826631,,,,1,0->0:Exact,NONE
1141,19.026672,0.016759,-11158.238,1721.2673,41.117954,0,0,0,0,2.7459998,2.7459998,none,true,0,0,0,Stand,0.6994225,,,,1,0->0:Exact,NONE
1142,19.043431,0.016482,-11158.238,1721.2673,41.117954,0,0,0,0,2.7459998,2.7459998,none,true,0,0,0,Stand,0.7159048,,,,1,0->0:Exact,NONE
1143,19.059913,0.016642,-11158.238,1721.2673,41.117954,0,0,0,0,2.7459998,2.7459998,none,true,0,0,0,Stand,0.7325467,,,,1,0->0:Exact,NONE
1144,19.076555,0.016783,-11158.238,1721.2673,41.117954,0,0,0,0,2.7459998,2.7459998,none,true,0,0,0,Stand,0.7493295,,,,1,0->0:Exact,NONE
1145,19.093338,0.016681,-11158.238,1721.2673,41.117954,0,0,0,0,2.7459998,2.7459998,none,true,0,0,0,Stand,0.7660103,,,,1,0->0:Exact,NONE
1146,19.110019,0.016598,-11158.238,1721.2673,41.117954,0,0,0,0,2.7459998,2.7459998,none,true,0,0,0,Stand,0.7826087,,,,1,0->0:Exact,NONE
1147,19.126617,0.017717,-11158.238,1721.2673,41.117954,0,0,0,0,2.7459998,2.7459998,none,true,0,0,0,Stand,0.800326,,,,1,0->0:Exact,NONE
1148,19.144335,0.015818,-11158.238,1721.2673,41.117954,0,0,0,0,2.7459998,2.7459998,none,true,0,0,0,Stand,0.8161436,,,,1,0->0:Exact,NONE
1149,19.160152,0.016696,-11158.238,1721.2673,41.117954,0,0,0,0,2.7459998,2.7459998,none,true,0,0,0,Stand,0.83283955,,,,1,0->0:Exact,NONE
1150,19.176848,0.016842,-11158.238,1721.2673,41.117954,0,0,0,0,2.7459998,2.7459998,none,true,0,0,0,Stand,0.84968114,,,,1,0->0:Exact,NONE
1151,19.193690,0.016373,-11158.238,1721.2673,41.117954,0,0,0,0,2.7459998,2.7459998,none,true,0,0,0,Stand,0.86605424,,,,1,0->0:Exact,NONE
1152,19.210063,0.016666,-11158.238,1721.2673,41.117954,0,0,0,0,2.7459998,2.7459998,none,true,0,0,0,Stand,0.88271993,,,,1,0->0:Exact,NONE
1153,19.226729,0.016661,-11158.238,1721.2673,41.117954,0,0,0,0,2.7459998,2.7459998,none,true,0,0,0,Stand,0.8993812,,,,1,0->0:Exact,NONE
1154,19.243390,0.016651,-11158.238,1721.2673,41.117954,0,0,0,0,2.7459998,2.7459998,none,true,0,0,0,Stand,0.91603184,,,,1,0->0:Exact,NONE
1155,19.260041,0.016741,-11158.238,1721.2673,41.117954,0,0,0,0,2.7459998,2.7459998,none,true,0,0,0,Stand,0.9327731,,,,1,0->0:Exact,NONE
1156,19.276782,0.016701,-11158.238,1721.2673,41.117954,0,0,0,0,2.7459998,2.7459998,none,true,0,0,0,Stand,0.94947374,,,,1,0->0:Exact,NONE
1157,19.293482,0.016581,-11158.238,1721.2673,41.117954,0,0,0,0,2.7459998,2.7459998,none,true,0,0,0,Stand,0.96605504,,,,1,0->0:Exact,NONE
1158,19.310064,0.017051,-11158.238,1721.2673,41.117954,0,0,0,0,2.7459998,2.7459998,none,true,0,0,0,Stand,0.98310596,,,,1,0->0:Exact,NONE
1159,19.327115,0.016395,-11158.238,1721.2673,41.117954,0,0,0,0,2.7459998,2.7459998,none,true,0,0,0,Stand,0.99950105,,,,1,0->0:Exact,NONE
1160,19.343510,0.016481,-11158.238,1721.2673,41.117954,0,0,0,0,2.7459998,2.7459998,none,true,0,0,0,Stand,1.0159823,,,,1,0->0:Exact,NONE
1161,19.359991,0.016721,-11158.238,1721.2673,41.117954,0,0,0,0,2.7459998,2.7459998,none,true,0,0,0,Stand,1.0327032,,,,1,0->0:Exact,NONE
1162,19.376712,0.018117,-11158.238,1721.2673,41.117954,0,0,0,0,2.7459998,2.7459998,none,true,0,0,0,Stand,1.05082,,,,1,0->0:Exact,NONE
1163,19.394829,0.015448,-11158.238,1721.2673,41.117954,0,0,0,0,2.7459998,2.7459998,none,true,0,0,0,Stand,1.066268,,,,1,0->0:Exact,NONE
1164,19.410277,0.016440,-11158.238,1721.2673,41.117954,0,0,0,0,2.7459998,2.7459998,none,true,0,0,0,Stand,1.0827079,,,,1,0->0:Exact,NONE
1165,19.426717,0.018968,-11158.238,1721.2673,41.117954,0,0,0,0,2.7459998,2.7459998,none,true,0,0,0,Stand,1.1016762,,,,1,0->0:Exact,NONE
1166,19.445685,0.017768,-11158.238,1721.2673,41.117954,0,0,0,0,2.7459998,2.7459998,none,true,0,0,0,Stand,1.1194445,,,,1,0->0:Exact,NONE
1167,19.463453,0.013730,-11158.238,1721.2673,41.117954,0,0,0,0,2.7459998,2.7459998,none,true,0,0,0,Stand,1.1331747,,,,1,0->0:Exact,NONE
1168,19.477183,0.016625,-11158.238,1721.2673,41.117954,0,0,0,0,2.7459998,2.7459998,none,true,0,0,0,Stand,1.1498002,,,,1,0->0:Exact,NONE
1169,19.493809,0.016511,-11158.238,1721.2673,41.117954,0,0,0,0,2.7459998,2.7459998,none,true,0,0,0,Stand,1.1663113,,,,1,0->0:Exact,NONE
1170,19.510320,0.016964,-11158.238,1721.2673,41.117954,0,0,0,0,2.7459998,2.7459998,none,true,0,0,0,Stand,1.183275,,,,1,0->0:Exact,NONE
1171,19.527284,0.016787,-11158.238,1721.2673,41.117954,0,0,0,0,2.7459998,2.7459998,none,true,0,0,0,Stand,1.2000624,,,,1,0->0:Exact,NONE
1172,19.544071,0.016483,-11158.238,1721.2673,41.117954,0,0,0,0,2.7459998,2.7459998,none,true,0,0,0,Stand,1.2165458,,,,1,0->0:Exact,NONE
1173,19.560554,0.016849,-11158.238,1721.2673,41.117954,0,0,0,0,2.7459998,2.7459998,none,true,0,0,0,Stand,1.2333944,,,,1,0->0:Exact,NONE
1174,19.577403,0.016422,-11158.238,1721.2673,41.117954,0,0,0,0,2.7459998,2.7459998,none,true,0,0,0,Stand,1.2498162,,,,1,0->0:Exact,NONE
1175,19.593825,0.016646,-11158.238,1721.2673,41.117954,0,0,0,0,2.7459998,2.7459998,none,true,0,0,0,Stand,1.2664621,,,,1,0->0:Exact,NONE
1176,19.610471,0.016778,-11158.238,1721.2673,41.117954,0,0,0,0,2.7459998,2.7459998,none,true,0,0,0,Stand,1.2832403,,,,1,0->0:Exact,NONE
1177,19.627249,0.016670,-11158.238,1721.2673,41.117954,0,0,0,0,2.7459998,2.7459998,none,true,0,0,0,Stand,1.2999102,,,,1,0->0:Exact,NONE
1178,19.643919,0.016579,-11158.238,1721.2673,41.117954,0,0,0,0,2.7459998,2.7459998,none,true,0,0,0,Stand,1.3164893,,,,1,0->0:Exact,NONE
1179,19.660498,0.016857,-11158.238,1721.2673,41.117954,0,0,0,0,2.7459998,2.7459998,none,true,0,0,0,Stand,1.3333467,,,,1,0->0:Exact,NONE
1180,19.677355,0.016523,-11158.238,1721.2673,41.117954,0,0,0,0,2.7459998,2.7459998,none,true,0,0,0,Stand,1.3498695,,,,1,0->0:Exact,NONE
1181,19.693878,0.016622,-11158.238,1721.2673,41.117954,0,0,0,0,2.7459998,2.7459998,none,true,0,0,0,Stand,1.3664914,,,,1,0->0:Exact,NONE
1182,19.710500,0.016760,-11158.238,1721.2673,41.117954,0,0,0,0,2.7459998,2.7459998,none,true,0,0,0,Stand,1.3832518,,,,1,0->0:Exact,NONE
1183,19.727260,0.017773,-11158.238,1721.2673,41.117954,0,0,0,0,2.7459998,2.7459998,none,true,0,0,0,Stand,1.4010246,,,,1,0->0:Exact,NONE
1184,19.745033,0.015773,-11158.238,1721.2673,41.117954,0,0,0,0,2.7459998,2.7459998,none,true,0,0,0,Stand,1.4167974,,,,1,0->0:Exact,NONE
1185,19.760806,0.016417,-11158.238,1721.2673,41.117954,0,0,0,0,2.7459998,2.7459998,none,true,0,0,0,Stand,1.4332148,,,,1,0->0:Exact,NONE
1186,19.777223,0.016678,-11158.238,1721.2673,41.117954,0,0,0,0,2.7459998,2.7459998,none,true,0,0,0,Stand,1.449893,,,,1,0->0:Exact,NONE
1187,19.793902,0.016861,-11158.238,1721.2673,41.117954,0,0,0,0,2.7459998,2.7459998,none,true,0,0,0,Stand,1.4667543,,,,1,0->0:Exact,NONE
1188,19.810763,0.016662,-11158.238,1721.2673,41.117954,0,0,0,0,2.7459998,2.7459998,none,true,0,0,0,Stand,1.4834158,,,,1,0->0:Exact,NONE
1189,19.827424,0.016484,-11158.238,1721.2673,41.117954,0,0,0,0,2.7459998,2.7459998,none,true,0,0,0,Stand,1.4998997,,,,1,0->0:Exact,NONE
1190,19.843908,0.016669,-11158.238,1721.2673,41.117954,0,0,0,0,2.7459998,2.7459998,none,true,0,0,0,Stand,1.5165688,,,,1,0->0:Exact,NONE
1191,19.860577,0.016749,-11158.238,1721.2673,41.117954,0,0,0,0,2.7459998,2.7459998,none,true,0,0,0,Stand,1.533318,,,,1,0->0:Exact,NONE
1192,19.877327,0.016602,-11158.238,1721.2673,41.117954,0,0,0,0,2.7459998,2.7459998,none,true,0,0,0,Stand,1.5499206,,,,1,0->0:Exact,NONE
1193,19.893929,0.016701,-11158.238,1721.2673,41.117954,0,0,0,0,2.7459998,2.7459998,none,true,0,0,0,Stand,1.5666219,,,,1,0->0:Exact,NONE
1194,19.910630,0.016649,-11158.238,1721.2673,41.117954,0,0,0,0,2.7459998,2.7459998,none,true,0,0,0,Stand,1.5832708,,,,1,0->0:Exact,NONE
1195,19.927279,0.016864,-11158.238,1721.2673,41.117954,0,0,0,0,2.7459998,2.7459998,none,true,0,0,0,Stand,1.600135,,,,1,0->0:Exact,NONE
1196,19.944144,0.016555,-11158.238,1721.2673,41.117954,0,0,0,0,2.7459998,2.7459998,none,true,0,0,0,Stand,1.6166899,,,,1,0->0:Exact,NONE
1197,19.960699,0.016576,-11158.238,1721.2673,41.117954,0,0,0,0,2.7459998,2.7459998,none,true,0,0,0,Stand,1.6332656,,,,1,0->0:Exact,NONE
1198,19.977274,0.016664,-11158.238,1721.2673,41.117954,0,0,0,0,2.7459998,2.7459998,none,true,0,0,0,Stand,1.6499298,,,,1,0->0:Exact,NONE
1199,19.993938,0.016741,-11158.238,1721.2673,41.117954,0,0,0,0,2.7459998,2.7459998,none,true,0,0,0,Stand,1.6666706,,,,1,0->0:Exact,NONE
1200,20.010679,0.016802,-11158.238,1721.2673,41.117954,0,0,0,0,2.7459998,2.7459998,none,true,0,0,0,Stand,1.6834728,,,,1,0->0:Exact,NONE
1201,20.027481,0.017379,-11158.238,1721.2673,41.117954,0,0,0,0,2.7459998,2.7459998,none,true,0,0,0,Stand,1.7008514,,,,1,0->0:Exact,NONE
1202,20.044860,0.015866,-11158.238,1721.2673,41.117954,0,0,0,0,2.7459998,2.7459998,none,true,0,0,0,Stand,1.716718,,,,1,0->0:Exact,NONE
1203,20.060727,0.016884,-11158.238,1721.2673,41.117954,0,0,0,0,2.7459998,2.7459998,none,true,0,0,0,Stand,1.7336019,,,,1,0->0:Exact,NONE
1204,20.077611,0.016475,-11158.238,1721.2673,41.117954,0,0,0,0,2.7459998,2.7459998,none,true,0,0,0,Stand,1.7500765,,,,1,0->0:Exact,NONE
1205,20.094085,0.016970,-11158.238,1721.2673,41.117954,0,0,0,0,2.7459998,2.7459998,none,true,0,0,0,Stand,1.7670467,,,,1,0->0:Exact,NONE
1206,20.111055,0.016613,-11158.238,1721.2673,41.117954,0,0,0,0,2.7459998,2.7459998,none,true,0,0,0,Stand,1.7836599,,,,1,0->0:Exact,NONE
1207,20.127669,0.016430,-11158.238,1721.2673,41.117954,0,0,0,0,2.7459998,2.7459998,none,true,0,0,0,Stand,1.8000897,,,,1,0->0:Exact,NONE
1208,20.144099,0.016673,-11158.238,1721.2673,41.117954,0,0,0,0,2.7459998,2.7459998,none,true,0,0,0,Stand,1.8167627,,,,1,0->0:Exact,NONE
1209,20.160772,0.016760,-11158.238,1721.2673,41.117954,0,0,0,0,2.7459998,2.7459998,none,true,0,0,0,Stand,1.833523,,,,1,0->0:Exact,NONE
1210,20.177532,0.016833,-11158.238,1721.2673,41.117954,0,0,0,0,2.7459998,2.7459998,none,true,0,0,0,Stand,1.850356,,,,1,0->0:Exact,NONE
1211,20.194365,0.017394,-11158.238,1721.2673,41.117954,0,0,0,0,2.7459998,2.7459998,none,true,0,0,0,Stand,1.8677505,,,,1,0->0:Exact,NONE
1212,20.211759,0.015823,-11158.238,1721.2673,41.117954,0,0,0,0,2.7459998,2.7459998,none,true,0,0,0,Stand,1.8835738,,,,1,0->0:Exact,NONE
1213,20.227583,0.016472,-11158.238,1721.2673,41.117954,0,0,0,0,2.7459998,2.7459998,none,true,0,0,0,Stand,1.9000458,,,,1,0->0:Exact,NONE
1214,20.244055,0.017259,-11158.238,1721.2673,41.117954,0,0,0,0,2.7459998,2.7459998,none,true,0,0,0,Stand,1.9173044,,,,1,0->0:Exact,NONE
1215,20.261313,0.016235,-11158.238,1721.2673,41.117954,0,0,0,0,2.7459998,2.7459998,none,true,0,0,0,Stand,1.9335392,,,,1,0->0:Exact,NONE
1216,20.277548,0.016717,-11158.238,1721.2673,41.117954,0,0,0,0,2.7459998,2.7459998,none,true,0,0,0,Stand,1.9502556,,,,1,0->0:Exact,NONE
1217,20.294265,0.016812,-11158.238,1721.2673,41.117954,0,0,0,0,2.7459998,2.7459998,none,true,0,0,0,Stand,1.9670675,,,,1,0->0:Exact,NONE
1218,20.311076,0.016586,-11158.238,1721.2673,41.117954,0,0,0,0,2.7459998,2.7459998,none,true,0,0,0,Stand,1.9836532,,,,1,0->0:Exact,NONE
1219,20.327662,0.016622,-11158.238,1721.2673,41.117954,0,0,0,0,2.7459998,2.7459998,none,true,0,0,0,Stand,2.0002751,,,,1,0->0:Exact,NONE
1220,20.344284,0.016924,-11158.238,1721.2673,41.117954,0,0,0,0,2.7459998,2.7459998,none,true,0,0,0,Stand,2.0171988,,,,1,0->0:Exact,NONE
1221,20.361208,0.016236,-11158.238,1721.2673,41.117954,0,0,0,0,2.7459998,2.7459998,none,true,0,0,0,Stand,2.033435,,,,1,0->0:Exact,NONE
1222,20.377444,0.017104,-11158.238,1721.2673,41.117954,0,0,0,0,2.7459998,2.7459998,none,true,0,0,0,Stand,2.0505388,,,,1,0->0:Exact,NONE
1223,20.394548,0.016414,-11158.238,1721.2673,41.117954,0,0,0,0,2.7459998,2.7459998,none,true,0,0,0,Stand,2.066953,,,,1,0->0:Exact,NONE
1224,20.410962,0.016626,-11158.238,1721.2673,41.117954,0,0,0,0,2.7459998,2.7459998,none,true,0,0,0,Stand,2.0835795,,,,1,0->0:Exact,NONE
1225,20.427588,0.016759,-11158.238,1721.2673,41.117954,0,0,0,0,2.7459998,2.7459998,none,true,0,0,0,Stand,2.100339,,,,1,0->0:Exact,NONE
1226,20.444348,0.016600,-11158.238,1721.2673,41.117954,0,0,0,0,2.7459998,2.7459998,none,true,0,0,0,Stand,2.1169393,,,,1,0->0:Exact,NONE
1227,20.460948,0.016814,-11158.238,1721.2673,41.117954,0,0,0,0,2.7459998,2.7459998,none,true,0,0,0,Stand,2.1337538,,,,1,0->0:Exact,NONE
1228,20.477763,0.016508,-11158.238,1721.2673,41.117954,0,0,0,0,2.7459998,2.7459998,none,true,0,0,0,Stand,2.1502619,,,,1,0->0:Exact,NONE
1229,20.494271,0.016914,-11158.238,1721.2673,41.117954,0,0,0,0,2.7459998,2.7459998,none,true,0,0,0,Stand,2.167176,,,,1,0->0:Exact,NONE
1230,20.511185,0.017105,-11158.238,1721.2673,41.117954,0,0,0,0,2.7459998,2.7459998,none,true,0,0,0,Stand,2.184281,,,,1,0->0:Exact,NONE
1231,20.528290,0.016933,-11158.238,1721.2673,41.117954,0,0,0,0,2.7459998,2.7459998,none,true,0,0,0,Stand,2.2012143,,,,1,0->0:Exact,NONE
1232,20.545223,0.015963,-11158.238,1721.2673,41.117954,0,0,0,0,2.7459998,2.7459998,none,true,0,0,0,Stand,2.2171774,,,,1,0->0:Exact,NONE
1233,20.561186,0.016495,-11158.238,1721.2673,41.117954,0,0,0,0,2.7459998,2.7459998,none,true,0,0,0,Stand,2.2336724,,,,1,0->0:Exact,NONE
1234,20.577681,0.016851,-11158.238,1721.2673,41.117954,0,0,0,0,2.7459998,2.7459998,none,true,0,0,0,Stand,2.250523,,,,1,0->0:Exact,NONE
1235,20.594532,0.016616,-11158.238,1721.2673,41.117954,0,0,0,0,2.7459998,2.7459998,none,true,0,0,0,Stand,2.2671392,,,,1,0->0:Exact,NONE
1236,20.611148,0.016864,-11158.238,1721.2673,41.117954,0,0,0,0,2.7459998,2.7459998,none,true,0,0,0,Stand,2.2840028,,,,1,0->0:Exact,NONE
1237,20.628011,0.016409,-11158.238,1721.2673,41.117954,0,0,0,0,2.7459998,2.7459998,none,true,0,0,0,Stand,2.3004117,,,,1,0->0:Exact,NONE
1238,20.644420,0.016777,-11158.238,1721.2673,41.117954,0,0,0,0,2.7459998,2.7459998,none,true,0,0,0,Stand,2.3171885,,,,1,0->0:Exact,NONE
1239,20.661197,0.016525,-11158.238,1721.2673,41.117954,0,0,0,0,2.7459998,2.7459998,none,true,0,0,0,Stand,2.3337133,,,,1,0->0:Exact,NONE
1240,20.677722,0.016874,-11158.238,1721.2673,41.117954,0,0,0,0,2.7459998,2.7459998,none,true,0,0,0,Stand,2.350587,,,,1,0->0:Exact,NONE
1241,20.694596,0.016497,-11158.238,1721.2673,41.117954,0,0,0,0,2.7459998,2.7459998,none,true,0,0,0,Stand,2.3670833,,,,1,0->0:Exact,NONE
1242,20.711092,0.017072,-11158.238,1721.2673,41.117954,0,0,0,0,2.7459998,2.7459998,none,true,0,0,0,Stand,2.3841553,,,,1,0->0:Exact,NONE
1243,20.728164,0.016747,-11158.238,1721.2673,41.117954,0,0,0,0,2.7459998,2.7459998,none,true,0,0,0,Stand,2.4009023,,,,1,0->0:Exact,NONE
1244,20.744911,0.016576,-11158.238,1721.2673,41.117954,0,0,0,0,2.7459998,2.7459998,none,true,0,0,0,Stand,2.4174783,,,,1,0->0:Exact,NONE
1245,20.761487,0.016676,-11158.238,1721.2673,41.117954,0,0,0,0,2.7459998,2.7459998,none,true,0,0,0,Stand,2.434154,,,,1,0->0:Exact,NONE
1246,20.778163,0.016688,-11158.238,1721.2673,41.117954,0,0,0,0,2.7459998,2.7459998,none,true,0,0,0,Stand,2.450842,,,,1,0->0:Exact,NONE
1247,20.794851,0.016561,-11158.238,1721.2673,41.117954,0,0,0,0,2.7459998,2.7459998,none,true,0,0,0,Stand,2.467403,,,,1,0->0:Exact,NONE
1248,20.811412,0.016674,-11158.238,1721.2673,41.117954,0,0,0,0,2.7459998,2.7459998,none,true,0,0,0,Stand,2.484077,,,,1,0->0:Exact,NONE
1249,20.828086,0.016653,-11158.238,1721.2673,41.117954,0,0,0,0,2.7459998,2.7459998,none,true,0,0,0,Stand,2.5007298,,,,1,0->0:Exact,NONE
1250,20.844739,0.016683,-11158.238,1721.2673,41.117954,0,0,0,0,2.7459998,2.7459998,none,true,0,0,0,Stand,2.5174127,,,,1,0->0:Exact,NONE
1251,20.861421,0.016657,-11158.238,1721.2673,41.117954,0,0,0,0,2.7459998,2.7459998,none,true,0,0,0,Stand,2.5340698,,,,1,0->0:Exact,NONE
1252,20.878078,0.016771,-11158.238,1721.2673,41.117954,0,0,0,0,2.7459998,2.7459998,none,true,0,0,0,Stand,2.550841,,,,1,0->0:Exact,NONE
1253,20.894850,0.016596,-11158.238,1721.2673,41.117954,0,0,0,0,2.7459998,2.7459998,none,true,0,0,0,Stand,2.5674374,,,,1,0->0:Exact,NONE
1254,20.911446,0.016720,-11158.238,1721.2673,41.117954,0,0,0,0,2.7459998,2.7459998,none,true,0,0,0,Stand,2.5841575,,,,1,0->0:Exact,NONE
1255,20.928166,0.016563,-11158.238,1721.2673,41.117954,0,0,0,0,2.7459998,2.7459998,none,true,0,0,0,Stand,2.6007204,,,,1,0->0:Exact,NONE
1256,20.944729,0.016768,-11158.238,1721.2673,41.117954,0,0,0,0,2.7459998,2.7459998,none,true,0,0,0,Stand,2.617488,,,,1,0->0:Exact,NONE
1257,20.961497,0.016664,-11158.238,1721.2673,41.117954,0,0,0,0,2.7459998,2.7459998,none,true,0,0,0,Stand,2.6341517,,,,1,0->0:Exact,NONE
1258,20.978160,0.016719,-11158.238,1721.2673,41.117954,0,0,0,0,2.7459998,2.7459998,none,true,0,0,0,Stand,2.6508708,,,,1,0->0:Exact,NONE
1259,20.994880,0.016549,-11158.238,1721.2673,41.117954,0,0,0,0,2.7459998,2.7459998,none,true,0,0,0,Stand,2.6674194,,,,1,0->0:Exact,NONE
1260,21.011428,0.016773,-11158.238,1721.2673,41.117954,0,0,0,0,2.7459998,2.7459998,none,true,0,0,0,Stand,2.684192,,,,1,0->0:Exact,NONE
1261,21.028201,0.016834,-11158.238,1721.2673,41.117954,0,0,0,0,2.7459998,2.7459998,none,true,0,0,0,Stand,2.701026,,,,1,0->0:Exact,NONE
1262,21.045035,0.016368,-11158.238,1721.2673,41.117954,0,0,0,0,2.7459998,2.7459998,none,true,0,0,0,Stand,2.717394,,,,1,0->0:Exact,NONE
1263,21.061403,0.016758,-11158.238,1721.2673,41.117954,0,0,0,0,2.7459998,2.7459998,none,true,0,0,0,Stand,2.7341518,,,,1,0->0:Exact,NONE
1264,21.078161,0.016864,-11158.238,1721.2673,41.117954,0,0,0,0,2.7459998,2.7459998,none,true,0,0,0,Stand,2.7510157,,,,1,0->0:Exact,NONE
1265,21.095025,0.016498,-11158.238,1721.2673,41.117954,0,0,0,0,2.7459998,2.7459998,none,true,0,0,0,Stand,2.767514,,,,1,0->0:Exact,NONE
1266,21.111523,0.016667,-11158.238,1721.2673,41.117954,0,0,0,0,2.7459998,2.7459998,none,true,0,0,0,Stand,2.7841809,,,,1,0->0:Exact,NONE
1267,21.128190,0.017576,-11158.238,1721.2673,41.117954,0,0,0,0,2.7459998,2.7459998,none,true,0,0,0,Stand,2.8017566,,,,1,0->0:Exact,NONE
1268,21.145766,0.015840,-11158.238,1721.2673,41.117954,0,0,0,0,2.7459998,2.7459998,none,true,0,0,0,Stand,2.817597,,,,1,0->0:Exact,NONE
1269,21.161606,0.016872,-11158.238,1721.2673,41.117954,0,0,0,0,2.7459998,2.7459998,none,true,0,0,0,Stand,2.8344686,,,,1,0->0:Exact,NONE
1270,21.178478,0.016512,-11158.238,1721.2673,41.117954,0,0,0,0,2.7459998,2.7459998,none,true,0,0,0,Stand,2.8509805,,,,1,0->0:Exact,NONE
1271,21.194989,0.016528,-11158.238,1721.2673,41.117954,0,0,0,0,2.7459998,2.7459998,none,true,0,0,0,Stand,2.8675084,,,,1,0->0:Exact,NONE
1272,21.211517,0.017073,-11158.238,1721.2673,41.117954,0,0,0,0,2.7459998,2.7459998,none,true,0,0,0,Stand,2.8845813,,,,1,0->0:Exact,NONE
1273,21.228590,0.016356,-11158.238,1721.2673,41.117954,0,0,0,0,2.7459998,2.7459998,none,true,0,0,0,Stand,2.9009376,,,,1,0->0:Exact,NONE
1274,21.244946,0.016755,-11158.238,1721.2673,41.117954,0,0,0,0,2.7459998,2.7459998,none,true,0,0,0,Stand,2.9176924,,,,1,0->0:Exact,NONE
1275,21.261701,0.016931,-11158.238,1721.2673,41.117954,0,0,0,0,2.7459998,2.7459998,none,true,0,0,0,Stand,2.934623,,,,1,0->0:Exact,NONE
1276,21.278632,0.016318,-11158.238,1721.2673,41.117954,0,0,0,0,2.7459998,2.7459998,none,true,0,0,0,Stand,2.9509406,,,,1,0->0:Exact,NONE
1277,21.294950,0.016706,-11158.238,1721.2673,41.117954,0,0,0,0,2.7459998,2.7459998,none,true,0,0,0,Stand,2.9676466,,,,1,0->0:Exact,NONE
1278,21.311655,0.016729,-11158.238,1721.2673,41.117954,0,0,0,0,2.7459998,2.7459998,none,true,0,0,0,Stand,2.984376,,,,1,0->0:Exact,NONE
1279,21.328385,0.016729,-11158.238,1721.2673,41.117954,0,0,0,0,2.7459998,2.7459998,none,true,0,0,0,Stand,3.001105,,,,1,0->0:Exact,NONE
1280,21.345114,0.016530,-11158.238,1721.2673,41.117954,0,0,0,0,2.7459998,2.7459998,none,true,0,0,0,Stand,3.0176349,,,,1,0->0:Exact,NONE
1281,21.361643,0.016719,-11158.238,1721.2673,41.117954,0,0,0,0,2.7459998,2.7459998,none,true,0,0,0,Stand,3.0343542,,,,1,0->0:Exact,NONE
1282,21.378363,0.016638,-11158.238,1721.2673,41.117954,0,0,0,0,2.7459998,2.7459998,none,true,0,0,0,Stand,3.0509923,,,,1,0->0:Exact,NONE
1283,21.395001,0.016776,-11158.238,1721.2673,41.117954,0,0,0,0,2.7459998,2.7459998,none,true,0,0,0,Stand,3.0677686,,,,1,0->0:Exact,NONE
1284,21.411777,0.016827,-11158.238,1721.2673,41.117954,0,0,0,0,2.7459998,2.7459998,none,true,0,0,0,Stand,3.0845962,,,,1,0->0:Exact,NONE
1285,21.428605,0.016608,-11158.238,1721.2673,41.117954,0,0,0,0,2.7459998,2.7459998,none,true,0,0,0,Stand,3.1012046,,,,1,0->0:Exact,NONE
1286,21.445213,0.016688,-11158.238,1721.2673,41.117954,0,0,0,0,2.7459998,2.7459998,none,true,0,0,0,Stand,3.1178927,,,,1,0->0:Exact,NONE
1287,21.461901,0.016552,-11158.238,1721.2673,41.117954,0,0,0,0,2.7459998,2.7459998,none,true,0,0,0,Stand,3.1344447,,,,1,0->0:Exact,NONE
1288,21.478453,0.016797,-11158.238,1721.2673,41.117954,0,0,0,0,2.7459998,2.7459998,none,true,0,0,0,Stand,3.151242,,,,1,0->0:Exact,NONE
1289,21.495250,0.016555,-11158.238,1721.2673,41.117954,0,0,0,0,2.7459998,2.7459998,none,true,0,0,0,Stand,3.1677966,,,,1,0->0:Exact,NONE
1290,21.511805,0.016969,-11158.238,1721.2673,41.117954,0,0,0,0,2.7459998,2.7459998,none,true,0,0,0,Stand,3.1847656,,,,1,0->0:Exact,NONE
1291,21.528774,0.016547,-11158.238,1721.2673,41.117954,0,0,0,0,2.7459998,2.7459998,none,true,0,0,0,Stand,3.201313,,,,1,0->0:Exact,NONE
1292,21.545321,0.016615,-11158.238,1721.2673,41.117954,0,0,0,0,2.7459998,2.7459998,none,true,0,0,0,Stand,3.2179282,,,,1,0->0:Exact,NONE
1293,21.561936,0.016634,-11158.238,1721.2673,41.117954,0,0,0,0,2.7459998,2.7459998,none,true,0,0,0,Stand,3.2345626,,,,1,0->0:Exact,NONE
1294,21.578571,0.016951,-11158.238,1721.2673,41.117954,0,0,0,0,2.7459998,2.7459998,none,true,0,0,0,Stand,3.2515137,,,,1,0->0:Exact,NONE
1295,21.595522,0.016511,-11158.238,1721.2673,41.117954,0,0,0,0,2.7459998,2.7459998,none,true,0,0,0,Stand,3.2680242,,,,1,0->0:Exact,NONE
1296,21.612033,0.016800,-11158.238,1721.2673,41.117954,0,0,0,0,2.7459998,2.7459998,none,true,0,0,0,Stand,3.2848241,,,,1,0->0:Exact,NONE
1297,21.628833,0.017526,-11158.238,1721.2673,41.117954,0,0,0,0,2.7459998,2.7459998,none,true,0,0,0,Stand,3.3023505,,,,1,0->0:Exact,NONE
1298,21.646359,0.015765,-11158.238,1721.2673,41.117954,0,0,0,0,2.7459998,2.7459998,none,true,0,0,0,Stand,3.318116,,,,1,0->0:Exact,NONE
1299,21.662124,0.016643,-11158.238,1721.2673,41.117954,0,0,0,0,2.7459998,2.7459998,none,true,0,0,0,Stand,3.334759,,,,1,0->0:Exact,NONE
1300,21.678767,0.016725,-11158.238,1721.2673,41.117954,0,0,0,0,2.7459998,2.7459998,none,true,0,0,0,Stand,3.3514843,,,,1,0->0:Exact,NONE
1301,21.695493,0.016914,-11158.238,1721.2673,41.117954,0,0,0,0,2.7459998,2.7459998,none,true,0,0,0,Stand,3.368398,,,,1,0->0:Exact,NONE
1302,21.712406,0.016194,-11158.238,1721.2673,41.117954,0,0,0,0,2.7459998,2.7459998,none,true,0,0,0,Stand,3.3845916,,,,1,0->0:Exact,NONE
1303,21.728600,0.017164,-11158.238,1721.2673,41.117954,0,0,0,0,2.7459998,2.7459998,none,true,0,0,0,Stand,3.4017553,,,,1,0->0:Exact,NONE
1304,21.745764,0.016475,-11158.238,1721.2673,41.117954,0,0,0,0,2.7459998,2.7459998,none,true,0,0,0,Stand,3.41823,,,,1,0->0:Exact,NONE
1305,21.762239,0.016743,-11158.238,1721.2673,41.117954,0,0,0,0,2.7459998,2.7459998,none,true,0,0,0,Stand,3.4349732,,,,1,0->0:Exact,NONE
1306,21.778982,0.016437,-11158.238,1721.2673,41.117954,0,0,0,0,2.7459998,2.7459998,none,true,0,0,0,Stand,3.4514105,,,,1,0->0:Exact,NONE
1307,21.795419,0.016688,-11158.238,1721.2673,41.117954,0,0,0,0,2.7459998,2.7459998,none,true,0,0,0,Stand,3.4680986,,,,1,0->0:Exact,NONE
1308,21.812107,0.016802,-11158.238,1721.2673,41.117954,0,0,0,0,2.7459998,2.7459998,none,true,0,0,0,Stand,3.4849002,,,,1,0->0:Exact,NONE
1309,21.828909,0.016532,-11158.238,1721.2673,41.117954,0,0,0,0,2.7459998,2.7459998,none,true,0,0,0,Stand,3.5014324,,,,1,0->0:Exact,NONE
1310,21.845441,0.016813,-11158.238,1721.2673,41.117954,0,0,0,0,2.7459998,2.7459998,none,true,0,0,0,Stand,3.518246,,,,1,0->0:Exact,NONE
1311,21.862255,0.016409,-11158.238,1721.2673,41.117954,0,0,0,0,2.7459998,2.7459998,none,true,0,0,0,Stand,3.534655,,,,1,0->0:Exact,NONE
1312,21.878664,0.017020,-11158.238,1721.2673,41.117954,0,0,0,0,2.7459998,2.7459998,none,true,0,0,0,Stand,3.551675,,,,1,0->0:Exact,NONE
1313,21.895684,0.017252,-11158.238,1721.2673,41.117954,0,0,0,0,2.7459998,2.7459998,none,true,0,0,0,Stand,3.5689275,,,,1,0->0:Exact,NONE
1314,21.912936,0.016105,-11158.238,1721.2673,41.117954,0,0,0,0,2.7459998,2.7459998,none,true,0,0,0,Stand,3.5850327,,,,1,0->0:Exact,NONE
1315,21.929042,0.016720,-11158.238,1721.2673,41.117954,0,0,0,0,2.7459998,2.7459998,none,true,0,0,0,Stand,3.6017523,,,,1,0->0:Exact,NONE
1316,21.945761,0.016472,-11158.238,1721.2673,41.117954,0,0,0,0,2.7459998,2.7459998,none,true,0,0,0,Stand,3.6182244,,,,1,0->0:Exact,NONE
1317,21.962233,0.016672,-11158.238,1721.2673,41.117954,0,0,0,0,2.7459998,2.7459998,none,true,0,0,0,Stand,3.6348968,,,,1,0->0:Exact,NONE
1318,21.978906,0.016756,-11158.238,1721.2673,41.117954,0,0,0,0,2.7459998,2.7459998,none,true,0,0,0,Stand,3.651653,,,,1,0->0:Exact,NONE
1319,21.995662,0.016544,-11158.238,1721.2673,41.117954,0,0,0,0,2.7459998,2.7459998,none,true,0,0,0,Stand,3.6681972,,,,1,0->0:Exact,NONE
1320,22.012206,0.016953,-11158.238,1721.2673,41.117954,0,0,0,0,2.7459998,2.7459998,none,true,0,0,0,Stand,3.68515,,,,1,0->0:Exact,NONE
1321,22.029159,0.016746,-11158.238,1721.2673,41.117954,0,0,0,0,2.7459998,2.7459998,none,true,0,0,0,Stand,3.7018962,,,,1,0->0:Exact,NONE
1322,22.045905,0.016380,-11158.238,1721.2673,41.117954,0,0,0,0,2.7459998,2.7459998,none,true,0,0,0,Stand,3.718276,,,,1,0->0:Exact,NONE
1323,22.062285,0.016698,-11158.238,1721.2673,41.117954,0,0,0,0,2.7459998,2.7459998,none,true,0,0,0,Stand,3.734974,,,,1,0->0:Exact,NONE
1324,22.078983,0.016573,-11158.238,1721.2673,41.117954,0,0,0,0,2.7459998,2.7459998,none,true,0,0,0,Stand,3.7515466,,,,1,0->0:Exact,NONE
1325,22.095555,0.016646,-11158.238,1721.2673,41.117954,0,0,0,0,2.7459998,2.7459998,none,true,0,0,0,Stand,3.7681928,,,,1,0->0:Exact,NONE
1326,22.112202,0.016950,-11158.238,1721.2673,41.117954,0,0,0,0,2.7459998,2.7459998,none,true,0,0,0,Stand,3.7851427,,,,1,0->0:Exact,NONE
1327,22.129151,0.017448,-11158.238,1721.2673,41.117954,0,0,0,0,2.7459998,2.7459998,none,true,0,0,0,Stand,3.802591,,,,1,0->0:Exact,NONE
1328,22.146600,0.015606,-11158.238,1721.2673,41.117954,0,0,0,0,2.7459998,2.7459998,none,true,0,0,0,Stand,3.8181975,,,,1,0->0:Exact,NONE
1329,22.162206,0.016893,-11158.238,1721.2673,41.117954,0,0,0,0,2.7459998,2.7459998,none,true,0,0,0,Stand,3.83509,,,,1,0->0:Exact,NONE
1330,22.179099,0.016757,-11158.238,1721.2673,41.117954,0,0,0,0,2.7459998,2.7459998,none,true,0,0,0,Stand,3.8518465,,,,1,0->0:Exact,NONE
1331,22.195855,0.016948,-11158.238,1721.2673,41.117954,0,0,0,0,2.7459998,2.7459998,none,true,0,0,0,Stand,3.8687942,,,,1,0->0:Exact,NONE
1332,22.212803,0.016676,-11158.238,1721.2673,41.117954,0,0,0,0,2.7459998,2.7459998,none,true,0,0,0,Stand,3.8854704,,,,1,0->0:Exact,NONE
1333,22.229479,0.016174,-11158.238,1721.2673,41.117954,0,0,0,0,2.7459998,2.7459998,none,true,0,0,0,Stand,3.901644,,,,1,0->0:Exact,NONE
1334,22.245653,0.016990,-11158.238,1721.2673,41.117954,0,0,0,0,2.7459998,2.7459998,none,true,0,0,0,Stand,3.9186342,,,,1,0->0:Exact,NONE
1335,22.262643,0.016790,-11158.238,1721.2673,41.117954,0,0,0,0,2.7459998,2.7459998,none,true,0,0,0,Stand,3.9354246,,,,1,0->0:Exact,NONE
1336,22.279433,0.016390,-11158.238,1721.2673,41.117954,0,0,0,0,2.7459998,2.7459998,none,true,0,0,0,Stand,3.9518144,,,,1,0->0:Exact,NONE
1337,22.295823,0.016669,-11158.238,1721.2673,41.117954,0,0,0,0,2.7459998,2.7459998,none,true,0,0,0,Stand,3.968484,,,,1,0->0:Exact,NONE
1338,22.312492,0.017115,-11158.238,1721.2673,41.117954,0,0,0,0,2.7459998,2.7459998,none,true,0,0,0,Stand,3.985599,,,,1,0->0:Exact,NONE
1339,22.329607,0.016208,-11158.238,1721.2673,41.117954,0,0,0,0,2.7459998,2.7459998,none,true,0,0,0,Stand,4.0018067,,,,1,0->0:Exact,NONE
1340,22.345815,0.016808,-11158.238,1721.2673,41.117954,0,0,0,0,2.7459998,2.7459998,none,true,0,0,0,Stand,4.018615,,,,1,0->0:Exact,NONE
1341,22.362623,0.016549,-11158.238,1721.2673,41.117954,0,0,0,0,2.7459998,2.7459998,none,true,0,0,0,Stand,4.035164,,,,1,0->0:Exact,NONE
1342,22.379173,0.017319,-11158.238,1721.2673,41.117954,0,0,0,0,2.7459998,2.7459998,none,true,0,0,0,Stand,4.0524826,,,,1,0->0:Exact,NONE
1343,22.396492,0.015905,-11158.238,1721.2673,41.117954,0,0,0,0,2.7459998,2.7459998,none,true,0,0,0,Stand,4.0683875,,,,1,0->0:Exact,NONE
1344,22.412397,0.017517,-11158.238,1721.2673,41.117954,0,0,0,0,2.7459998,2.7459998,none,true,0,0,0,Stand,4.085905,,,,1,0->0:Exact,NONE
1345,22.429914,0.016162,-11158.238,1721.2673,41.117954,0,0,0,0,2.7459998,2.7459998,none,true,0,0,0,Stand,4.1020675,,,,1,0->0:Exact,NONE
1346,22.446077,0.016585,-11158.238,1721.2673,41.117954,0,0,0,0,2.7459998,2.7459998,none,true,0,0,0,Stand,4.118652,,,,1,0->0:Exact,NONE
1347,22.462661,0.016628,-11158.238,1721.2673,41.117954,0,0,0,0,2.7459998,2.7459998,none,true,0,0,0,Stand,4.1352797,,,,1,0->0:Exact,NONE
1348,22.479289,0.016756,-11158.238,1721.2673,41.117954,0,0,0,0,2.7459998,2.7459998,none,true,0,0,0,Stand,4.1520357,,,,1,0->0:Exact,NONE
1349,22.496045,0.016463,-11158.238,1721.2673,41.117954,0,0,0,0,2.7459998,2.7459998,none,true,0,0,0,Stand,4.1684985,,,,1,0->0:Exact,NONE
1350,22.512508,0.017205,-11158.238,1721.2673,41.117954,0,0,0,0,2.7459998,2.7459998,none,true,0,0,0,Stand,4.185703,,,,1,0->0:Exact,NONE
1351,22.529712,0.016189,-11158.238,1721.2673,41.117954,0,0,0,0,2.7459998,2.7459998,none,true,0,0,0,Stand,4.2018914,,,,1,0->0:Exact,NONE
1352,22.545901,0.016650,-11158.238,1721.2673,41.117954,0,0,0,0,2.7459998,2.7459998,none,true,0,0,0,Stand,4.218541,,,,1,0->0:Exact,NONE
1353,22.562551,0.016807,-11158.238,1721.2673,41.117954,0,0,0,0,2.7459998,2.7459998,none,true,0,0,0,Stand,4.235348,,,,1,0->0:Exact,NONE
1354,22.579357,0.016912,-11158.238,1721.2673,41.117954,0,0,0,0,2.7459998,2.7459998,none,true,0,0,0,Stand,4.2522607,,,,1,0->0:Exact,NONE
1355,22.596270,0.016601,-11158.238,1721.2673,41.117954,0,0,0,0,2.7459998,2.7459998,none,true,0,0,0,Stand,4.2688613,,,,1,0->0:Exact,NONE
1356,22.612870,0.016591,-11158.238,1721.2673,41.117954,0,0,0,0,2.7459998,2.7459998,none,true,0,0,0,Stand,4.2854524,,,,1,0->0:Exact,NONE
1357,22.629461,0.017267,-11158.238,1721.2673,41.117954,0,0,0,0,2.7459998,2.7459998,none,true,0,0,0,Stand,4.3027196,,,,1,0->0:Exact,NONE
1358,22.646728,0.016104,-11158.238,1721.2673,41.117954,0,0,0,0,2.7459998,2.7459998,none,true,0,0,0,Stand,4.318824,,,,1,0->0:Exact,NONE
1359,22.662833,0.016737,-11158.238,1721.2673,41.117954,0,0,0,0,2.7459998,2.7459998,none,true,0,0,0,Stand,4.3355603,,,,1,0->0:Exact,NONE
1360,22.679569,0.016516,-11158.238,1721.2673,41.117954,0,0,0,0,2.7459998,2.7459998,none,true,0,0,0,Stand,4.352076,,,,1,0->0:Exact,NONE
1361,22.696085,0.016587,-11158.238,1721.2673,41.117954,0,0,0,0,2.7459998,2.7459998,none,true,0,0,0,Stand,4.368664,,,,1,0->0:Exact,NONE
1362,22.712672,0.016998,-11158.238,1721.2673,41.117954,0,0,0,0,2.7459998,2.7459998,none,true,0,0,0,Stand,4.385662,,,,1,0->0:Exact,NONE
1363,22.729671,0.016944,-11158.238,1721.2673,41.117954,0,0,0,0,2.7459998,2.7459998,none,true,0,0,0,Stand,4.402606,,,,1,0->0:Exact,NONE
1364,22.746615,0.016333,-11158.238,1721.2673,41.117954,0,0,0,0,2.7459998,2.7459998,none,true,0,0,0,Stand,4.4189386,,,,1,0->0:Exact,NONE
1365,22.762947,0.016593,-11158.238,1721.2673,41.117954,0,0,0,0,2.7459998,2.7459998,none,true,0,0,0,Stand,4.435531,,,,1,0->0:Exact,NONE
1366,22.779540,0.016848,-11158.238,1721.2673,41.117954,0,0,0,0,2.7459998,2.7459998,none,true,0,0,0,Stand,4.4523787,,,,1,0->0:Exact,NONE
1367,22.796388,0.017097,-11158.238,1721.2673,41.117954,0,0,0,0,2.7459998,2.7459998,none,true,0,0,0,Stand,4.4694753,,,,1,0->0:Exact,NONE
1368,22.813484,0.016310,-11158.238,1721.2673,41.117954,0,0,0,0,2.7459998,2.7459998,none,true,0,0,0,Stand,4.485785,,,,1,0->0:Exact,NONE
1369,22.829794,0.016648,-11158.238,1721.2673,41.117954,0,0,0,0,2.7459998,2.7459998,none,true,0,0,0,Stand,4.502433,,,,1,0->0:Exact,NONE
1370,22.846442,0.016461,-11158.238,1721.2673,41.117954,0,0,0,0,2.7459998,2.7459998,none,true,0,0,0,Stand,4.5188937,,,,1,0->0:Exact,NONE
1371,22.862903,0.016692,-11158.238,1721.2673,41.117954,0,0,0,0,2.7459998,2.7459998,none,true,0,0,0,Stand,4.5355854,,,,1,0->0:Exact,NONE
1372,22.879594,0.016751,-11158.238,1721.2673,41.117954,0,0,0,0,2.7459998,2.7459998,none,true,0,0,0,Stand,4.5523367,,,,1,0->0:Exact,NONE
1373,22.896346,0.016533,-11158.238,1721.2673,41.117954,0,0,0,0,2.7459998,2.7459998,none,true,0,0,0,Stand,4.5688696,,,,1,0->0:Exact,NONE
1374,22.912879,0.016924,-11158.238,1721.2673,41.117954,0,0,0,0,2.7459998,2.7459998,none,true,0,0,0,Stand,4.5857935,,,,1,0->0:Exact,NONE
1375,22.929803,0.016890,-11158.238,1721.2673,41.117954,0,0,0,0,2.7459998,2.7459998,none,true,0,0,0,Stand,4.602684,,,,1,0->0:Exact,NONE
1376,22.946693,0.016248,-11158.238,1721.2673,41.117954,0,0,0,0,2.7459998,2.7459998,none,true,0,0,0,Stand,4.618932,,,,1,0->0:Exact,NONE
1377,22.962941,0.016748,-11158.238,1721.2673,41.117954,0,0,0,0,2.7459998,2.7459998,none,true,0,0,0,Stand,4.63568,,,,1,0->0:Exact,NONE
1378,22.979689,0.016631,-11158.238,1721.2673,41.117954,0,0,0,0,2.7459998,2.7459998,none,true,0,0,0,Stand,4.6523113,,,,1,0->0:Exact,NONE
1379,22.996320,0.016607,-11158.238,1721.2673,41.117954,0,0,0,0,2.7459998,2.7459998,none,true,0,0,0,Stand,4.668918,,,,1,0->0:Exact,NONE
1380,23.012927,0.016894,-11158.238,1721.2673,41.117954,0,0,0,0,2.7459998,2.7459998,none,true,0,0,0,Stand,4.6858115,,,,1,0->0:Exact,NONE
1381,23.029820,0.016614,-11158.238,1721.2673,41.117954,0,0,0,0,2.7459998,2.7459998,none,true,0,0,0,Stand,4.7024255,,,,1,0->0:Exact,NONE
1382,23.046434,0.016710,-11158.238,1721.2673,41.117954,0,0,0,0,2.7459998,2.7459998,none,true,0,0,0,Stand,4.7191358,,,,1,0->0:Exact,NONE
1383,23.063144,0.016883,-11158.238,1721.2673,41.117954,0,0,0,0,2.7459998,2.7459998,none,true,0,0,0,Stand,4.736019,,,,1,0->0:Exact,NONE
1384,23.080028,0.016300,-11158.238,1721.2673,41.117954,0,0,0,0,2.7459998,2.7459998,none,true,0,0,0,Stand,4.7523193,,,,1,0->0:Exact,NONE
1385,23.096328,0.016949,-11158.238,1721.2673,41.117954,0,0,0,0,2.7459998,2.7459998,none,true,0,0,0,Stand,4.7692685,,,,1,0->0:Exact,NONE
1386,23.113277,0.016536,-11158.238,1721.2673,41.117954,0,0,0,0,2.7459998,2.7459998,none,true,0,0,0,Stand,4.7858043,,,,1,0->0:Exact,NONE
1387,23.129812,0.016888,-11158.238,1721.2673,41.117954,0,0,0,0,2.7459998,2.7459998,none,true,0,0,0,Stand,4.802692,,,,1,0->0:Exact,NONE
1388,23.146700,0.016588,-11158.238,1721.2673,41.117954,0,0,0,0,2.7459998,2.7459998,none,true,0,0,0,Stand,4.81928,,,,1,0->0:Exact,NONE
1389,23.163288,0.016841,-11158.238,1721.2673,41.117954,0,0,0,0,2.7459998,2.7459998,none,true,0,0,0,Stand,4.836121,,,,1,0->0:Exact,NONE
1390,23.180129,0.016581,-11158.238,1721.2673,41.117954,0,0,0,0,2.7459998,2.7459998,none,true,0,0,0,Stand,4.852702,,,,1,0->0:Exact,NONE
1391,23.196710,0.016601,-11158.238,1721.2673,41.117954,0,0,0,0,2.7459998,2.7459998,none,true,0,0,0,Stand,4.869303,,,,1,0->0:Exact,NONE
1392,23.213311,0.016468,-11158.238,1721.2673,41.117954,0,0,0,0,2.7459998,2.7459998,none,true,0,0,0,Stand,4.885771,,,,1,0->0:Exact,NONE
1393,23.229779,0.017707,-11158.238,1721.2673,41.117954,0,0,0,0,2.7459998,2.7459998,none,true,0,0,0,Stand,4.9034777,,,,1,0->0:Exact,NONE
1394,23.247486,0.015921,-11158.238,1721.2673,41.117954,0,0,0,0,2.7459998,2.7459998,none,true,0,0,0,Stand,4.9193983,,,,1,0->0:Exact,NONE
1395,23.263407,0.016703,-11158.238,1721.2673,41.117954,0,0,0,0,2.7459998,2.7459998,none,true,0,0,0,Stand,4.9361014,,,,1,0->0:Exact,NONE
1396,23.280110,0.016602,-11158.238,1721.2673,41.117954,0,0,0,0,2.7459998,2.7459998,none,true,0,0,0,Stand,4.952704,,,,1,0->0:Exact,NONE
1397,23.296712,0.016827,-11158.238,1721.2673,41.117954,0,0,0,0,2.7459998,2.7459998,none,true,0,0,0,Stand,4.9695315,,,,1,0->0:Exact,NONE
1398,23.313540,0.016486,-11158.238,1721.2673,41.117954,0,0,0,0,2.7459998,2.7459998,none,true,0,0,0,Stand,4.986017,,,,1,0->0:Exact,NONE
1399,23.330025,0.016878,-11158.238,1721.2673,41.117954,0,0,0,0,2.7459998,2.7459998,none,true,0,0,0,Stand,5.0028954,,,,1,0->0:Exact,NONE
1400,23.346903,0.016404,-11158.238,1721.2673,41.117954,0,0,0,0,2.7459998,2.7459998,none,true,0,0,0,Stand,5.0192995,,,,1,0->0:Exact,NONE
1401,23.363308,0.016529,-11158.238,1721.2673,41.117954,0,0,0,0,2.7459998,2.7459998,none,true,0,0,0,Stand,5.0358286,,,,1,0->0:Exact,NONE
1402,23.379837,0.016917,-11158.238,1721.2673,41.117954,0,0,0,0,2.7459998,2.7459998,none,true,0,0,0,Stand,5.052746,,,,1,0->0:Exact,NONE
1403,23.396754,0.016921,-11158.238,1721.2673,41.117954,0,0,0,0,2.7459998,2.7459998,none,true,0,0,0,Stand,5.0696673,,,,1,0->0:Exact,NONE
1404,23.413675,0.016530,-11158.238,1721.2673,41.117954,0,0,0,0,2.7459998,2.7459998,none,true,0,0,0,Stand,5.086197,,,,1,0->0:Exact,NONE
1405,23.430205,0.017429,-11158.238,1721.2673,41.117954,0,0,0,0,2.7459998,2.7459998,none,true,0,0,0,Stand,5.103626,,,,1,0->0:Exact,NONE
1406,23.447634,0.016141,-11158.238,1721.2673,41.117954,0,0,0,0,2.7459998,2.7459998,none,true,0,0,0,Stand,5.1197667,,,,1,0->0:Exact,NONE
1407,23.463775,0.016507,-11158.238,1721.2673,41.117954,0,0,0,0,2.7459998,2.7459998,none,true,0,0,0,Stand,5.136274,,,,1,0->0:Exact,NONE
1408,23.480282,0.016520,-11158.238,1721.2673,41.117954,0,0,0,0,2.7459998,2.7459998,none,true,0,0,0,Stand,5.1527944,,,,1,0->0:Exact,NONE
1409,23.496802,0.016792,-11158.238,1721.2673,41.117954,0,0,0,0,2.7459998,2.7459998,none,true,0,0,0,Stand,5.1695857,,,,1,0->0:Exact,NONE
1410,23.513594,0.016776,-11158.238,1721.2673,41.117954,0,0,0,0,2.7459998,2.7459998,none,true,0,0,0,Stand,5.1863623,,,,1,0->0:Exact,NONE
1411,23.530370,0.016631,-11158.238,1721.2673,41.117954,0,0,0,0,2.7459998,2.7459998,none,true,0,0,0,Stand,5.2029934,,,,1,0->0:Exact,NONE
1412,23.547001,0.016621,-11158.238,1721.2673,41.117954,0,0,0,0,2.7459998,2.7459998,none,true,0,0,0,Stand,5.2196145,,,,1,0->0:Exact,NONE
1413,23.563622,0.016747,-11158.238,1721.2673,41.117954,0,0,0,0,2.7459998,2.7459998,none,true,0,0,0,Stand,5.2363615,,,,1,0->0:Exact,NONE
1414,23.580369,0.016504,-11158.238,1721.2673,41.117954,0,0,0,0,2.7459998,2.7459998,none,true,0,0,0,Stand,5.2528653,,,,1,0->0:Exact,NONE
1415,23.596873,0.017088,-11158.238,1721.2673,41.117954,0,0,0,0,2.7459998,2.7459998,none,true,0,0,0,Stand,5.2699537,,,,1,0->0:Exact,NONE
1416,23.613962,0.016289,-11158.238,1721.2673,41.117954,0,0,0,0,2.7459998,2.7459998,none,true,0,0,0,Stand,5.286243,,,,1,0->0:Exact,NONE
1417,23.630251,0.016902,-11158.238,1721.2673,41.117954,0,0,0,0,2.7459998,2.7459998,none,true,0,0,0,Stand,5.3031445,,,,1,0->0:Exact,NONE
1418,23.647153,0.016606,-11158.238,1721.2673,41.117954,0,0,0,0,2.7459998,2.7459998,none,true,0,0,0,Stand,5.3197503,,,,1,0->0:Exact,NONE
1419,23.663758,0.016704,-11158.238,1721.2673,41.117954,0,0,0,0,2.7459998,2.7459998,none,true,0,0,0,Stand,5.336454,,,,1,0->0:Exact,NONE
1420,23.680462,0.016672,-11158.238,1721.2673,41.117954,0,0,0,0,2.7459998,2.7459998,none,true,0,0,0,Stand,5.353126,,,,1,0->0:Exact,NONE
1421,23.697134,0.016465,-11158.238,1721.2673,41.117954,0,0,0,0,2.7459998,2.7459998,none,true,0,0,0,Stand,5.369591,,,,1,0->0:Exact,NONE
1422,23.713599,0.016577,-11158.238,1721.2673,41.117954,0,0,0,0,2.7459998,2.7459998,none,true,0,0,0,Stand,5.3861675,,,,1,0->0:Exact,NONE
1423,23.730176,0.017892,-11158.238,1721.2673,41.117954,0,0,0,0,2.7459998,2.7459998,none,true,0,0,0,Stand,5.404059,,,,1,0->0:Exact,NONE
1424,23.748067,0.015548,-11158.238,1721.2673,41.117954,0,0,0,0,2.7459998,2.7459998,none,true,0,0,0,Stand,5.419607,,,,1,0->0:Exact,NONE
1425,23.763616,0.017237,-11158.238,1721.2673,41.117954,0,0,0,0,2.7459998,2.7459998,none,true,0,0,0,Stand,5.4368443,,,,1,0->0:Exact,NONE
1426,23.780853,0.016198,-11158.238,1721.2673,41.117954,0,0,0,0,2.7459998,2.7459998,none,true,0,0,0,Stand,5.453043,,,,1,0->0:Exact,NONE
1427,23.797051,0.016673,-11158.238,1721.2673,41.117954,0,0,0,0,2.7459998,2.7459998,none,true,0,0,0,Stand,5.469716,,,,1,0->0:Exact,NONE
1428,23.813724,0.016766,-11158.238,1721.2673,41.117954,0,0,0,0,2.7459998,2.7459998,none,true,0,0,0,Stand,5.486482,,,,1,0->0:Exact,NONE
1429,23.830490,0.016519,-11158.238,1721.2673,41.117954,0,0,0,0,2.7459998,2.7459998,none,true,0,0,0,Stand,5.5030007,,,,1,0->0:Exact,NONE
1430,23.847009,0.016819,-11158.238,1721.2673,41.117954,0,0,0,0,2.7459998,2.7459998,none,true,0,0,0,Stand,5.5198193,,,,1,0->0:Exact,NONE
1431,23.863827,0.016683,-11158.238,1721.2673,41.117954,0,0,0,0,2.7459998,2.7459998,none,true,0,0,0,Stand,5.5365024,,,,1,0->0:Exact,NONE
1432,23.880510,0.016963,-11158.238,1721.2673,41.117954,0,0,0,0,2.7459998,2.7459998,none,true,0,0,0,Stand,5.553466,,,,1,0->0:Exact,NONE
1433,23.897474,0.016460,-11158.238,1721.2673,41.117954,0,0,0,0,2.7459998,2.7459998,none,true,0,0,0,Stand,5.5699253,,,,1,0->0:Exact,NONE
1434,23.913933,0.016791,-11158.238,1721.2673,41.117954,0,0,0,0,2.7459998,2.7459998,none,true,0,0,0,Stand,5.5867157,,,,1,0->0:Exact,NONE
1435,23.930724,0.016720,-11158.238,1721.2673,41.117954,0,0,0,0,2.7459998,2.7459998,none,true,0,0,0,Stand,5.6034355,,,,1,0->0:Exact,NONE
1436,23.947444,0.016469,-11158.238,1721.2673,41.117954,0,0,0,0,2.7459998,2.7459998,none,true,0,0,0,Stand,5.6199045,,,,1,0->0:Exact,NONE
1437,23.963913,0.016685,-11158.238,1721.2673,41.117954,0,0,0,0,2.7459998,2.7459998,none,true,0,0,0,Stand,5.636589,,,,1,0->0:Exact,NONE
1438,23.980597,0.016744,-11158.238,1721.2673,41.117954,0,0,0,0,2.7459998,2.7459998,none,true,0,0,0,Stand,5.6533327,,,,1,0->0:Exact,NONE
1439,23.997341,0.016350,-11158.238,1721.2673,41.117954,0,0,0,0,2.7459998,2.7459998,none,true,0,0,0,Stand,5.669682,,,,1,0->0:Exact,NONE
1440,24.013691,0.016739,-11158.238,1721.2673,41.117954,0,0,0,0,2.7459998,2.7459998,none,true,0,0,0,Stand,5.6864204,,,,1,0->0:Exact,NONE
1441,24.030429,0.016720,-11158.238,1721.2673,41.117954,0,0,0,0,2.7459998,2.7459998,none,true,0,0,0,Stand,5.7031403,,,,1,0->0:Exact,NONE
1442,24.047149,0.016769,-11158.238,1721.2673,41.117954,0,0,0,0,2.7459998,2.7459998,none,true,0,0,0,Stand,5.719909,,,,1,0->0:Exact,NONE
1443,24.063918,0.016632,-11158.238,1721.2673,41.117954,0,0,0,0,2.7459998,2.7459998,none,true,0,0,0,Stand,5.736541,,,,1,0->0:Exact,NONE
1444,24.080550,0.017141,-11158.238,1721.2673,41.117954,0,0,0,0,2.7459998,2.7459998,none,true,0,0,0,Stand,5.753682,,,,1,0->0:Exact,NONE
1445,24.097691,0.016558,-11158.238,1721.2673,41.117954,0,0,0,0,2.7459998,2.7459998,none,true,0,0,0,Stand,5.77024,,,,1,0->0:Exact,NONE
1446,24.114249,0.016299,-11158.238,1721.2673,41.117954,0,0,0,0,2.7459998,2.7459998,none,true,0,0,0,Stand,5.786538,,,,1,0->0:Exact,NONE
1447,24.130547,0.016789,-11158.238,1721.2673,41.117954,0,0,0,0,2.7459998,2.7459998,none,true,0,0,0,Stand,5.803327,,,,1,0->0:Exact,NONE
1448,24.147336,0.016584,-11158.238,1721.2673,41.117954,0,0,0,0,2.7459998,2.7459998,none,true,0,0,0,Stand,5.8199115,,,,1,0->0:Exact,NONE
1449,24.163920,0.016690,-11158.238,1721.2673,41.117954,0,0,0,0,2.7459998,2.7459998,none,true,0,0,0,Stand,5.8366017,,,,1,0->0:Exact,NONE
1450,24.180611,0.017468,-11158.238,1721.2673,41.117954,0,0,0,0,2.7459998,2.7459998,none,true,0,0,0,Stand,5.8540697,,,,1,0->0:Exact,NONE
1451,24.198079,0.015833,-11158.238,1721.2673,41.117954,0,0,0,0,2.7459998,2.7459998,none,true,0,0,0,Stand,5.8699026,,,,1,0->0:Exact,NONE
1452,24.213911,0.016747,-11158.238,1721.2673,41.117954,0,0,0,0,2.7459998,2.7459998,none,true,0,0,0,Stand,5.8866496,,,,1,0->0:Exact,NONE
1453,24.230658,0.017472,-11158.238,1721.2673,41.117954,0,0,0,0,2.7459998,2.7459998,none,true,0,0,0,Stand,5.9041214,,,,1,0->0:Exact,NONE
1454,24.248130,0.015951,-11158.238,1721.2673,41.117954,0,0,0,0,2.7459998,2.7459998,none,true,0,0,0,Stand,5.9200726,,,,1,0->0:Exact,NONE
1455,24.264082,0.016751,-11158.238,1721.2673,41.117954,0,0,0,0,2.7459998,2.7459998,none,true,0,0,0,Stand,5.9368234,,,,1,0->0:Exact,NONE
1456,24.280833,0.016678,-11158.238,1721.2673,41.117954,0,0,0,0,2.7459998,2.7459998,none,true,0,0,0,Stand,5.9535017,,,,1,0->0:Exact,NONE
1457,24.297511,0.016524,-11158.238,1721.2673,41.117954,0,0,0,0,2.7459998,2.7459998,none,true,0,0,0,Stand,5.9700255,,,,1,0->0:Exact,NONE
1458,24.314035,0.016801,-11158.238,1721.2673,41.117954,0,0,0,0,2.7459998,2.7459998,none,true,0,0,0,Stand,5.9868264,,,,1,0->0:Exact,NONE
1459,24.330836,0.016674,-11158.238,1721.2673,41.117954,0,0,0,0,2.7459998,2.7459998,none,true,0,0,0,Stand,6.0035,,,,1,0->0:Exact,NONE
1460,24.347510,0.016736,-11158.238,1721.2673,41.117954,0,0,0,0,2.7459998,2.7459998,none,true,0,0,0,Stand,6.020236,,,,1,0->0:Exact,NONE
1461,24.364245,0.016708,-11158.238,1721.2673,41.117954,0,0,0,0,2.7459998,2.7459998,none,true,0,0,0,Stand,6.036944,,,,1,0->0:Exact,NONE
1462,24.380953,0.016963,-11158.238,1721.2673,41.117954,0,0,0,0,2.7459998,2.7459998,none,true,0,0,0,Stand,6.0539064,,,,1,0->0:Exact,NONE
1463,24.397916,0.016432,-11158.238,1721.2673,41.117954,0,0,0,0,2.7459998,2.7459998,none,true,0,0,0,Stand,6.0703382,,,,1,0->0:Exact,NONE
1464,24.414348,0.016699,-11158.238,1721.2673,41.117954,0,0,0,0,2.7459998,2.7459998,none,true,0,0,0,Stand,6.0870376,,,,1,0->0:Exact,NONE
1465,24.431047,0.016456,-11158.238,1721.2673,41.117954,0,0,0,0,2.7459998,2.7459998,none,true,0,0,0,Stand,6.1034937,,,,1,0->0:Exact,NONE
1466,24.447504,0.016974,-11158.238,1721.2673,41.117954,0,0,0,0,2.7459998,2.7459998,none,true,0,0,0,Stand,6.120468,,,,1,0->0:Exact,NONE
1467,24.464478,0.016844,-11158.238,1721.2673,41.117954,0,0,0,0,2.7459998,2.7459998,none,true,0,0,0,Stand,6.137312,,,,1,0->0:Exact,NONE
1468,24.481322,0.016341,-11158.238,1721.2673,41.117954,0,0,0,0,2.7459998,2.7459998,none,true,0,0,0,Stand,6.1536527,,,,1,0->0:Exact,NONE
1469,24.497663,0.016786,-11158.238,1721.2673,41.117954,0,0,0,0,2.7459998,2.7459998,none,true,0,0,0,Stand,6.170439,,,,1,0->0:Exact,NONE
1470,24.514449,0.016934,-11158.238,1721.2673,41.117954,0,0,0,0,2.7459998,2.7459998,none,true,0,0,0,Stand,6.187373,,,,1,0->0:Exact,NONE
1471,24.531383,0.016229,-11158.238,1721.2673,41.117954,0,0,0,0,2.7459998,2.7459998,none,true,0,0,0,Stand,6.203602,,,,1,0->0:Exact,NONE
1472,24.547611,0.016823,-11158.238,1721.2673,41.117954,0,0,0,0,2.7459998,2.7459998,none,true,0,0,0,Stand,6.220425,,,,1,0->0:Exact,NONE
1473,24.564435,0.016394,-11158.238,1721.2673,41.117954,0,0,0,0,2.7459998,2.7459998,none,true,0,0,0,Stand,6.2368193,,,,1,0->0:Exact,NONE
1474,24.580829,0.016747,-11158.238,1721.2673,41.117954,0,0,0,0,2.7459998,2.7459998,none,true,0,0,0,Stand,6.2535663,,,,1,0->0:Exact,NONE
1475,24.597576,0.017219,-11158.238,1721.2673,41.117954,0,0,0,0,2.7459998,2.7459998,none,true,0,0,0,Stand,6.2707853,,,,1,0->0:Exact,NONE
1476,24.614795,0.016384,-11158.238,1721.2673,41.117954,0,0,0,0,2.7459998,2.7459998,none,true,0,0,0,Stand,6.287169,,,,1,0->0:Exact,NONE
1477,24.631179,0.016588,-11158.238,1721.2673,41.117954,0,0,0,0,2.7459998,2.7459998,none,true,0,0,0,Stand,6.3037567,,,,1,0->0:Exact,NONE
1478,24.647766,0.016784,-11158.238,1721.2673,41.117954,0,0,0,0,2.7459998,2.7459998,none,true,0,0,0,Stand,6.3205404,,,,1,0->0:Exact,NONE
1479,24.664550,0.016765,-11158.238,1721.2673,41.117954,0,0,0,0,2.7459998,2.7459998,none,true,0,0,0,Stand,6.3373055,,,,1,0->0:Exact,NONE
1480,24.681315,0.017044,-11158.238,1721.2673,41.117954,0,0,0,0,2.7459998,2.7459998,none,true,0,0,0,Stand,6.3543496,,,,1,0->0:Exact,NONE
1481,24.698359,0.016482,-11158.238,1721.2673,41.117954,0,0,0,0,2.7459998,2.7459998,none,true,0,0,0,Stand,6.3708315,,,,1,0->0:Exact,NONE
1482,24.714841,0.016350,-11158.238,1721.2673,41.117954,0,0,0,0,2.7459998,2.7459998,none,true,0,0,0,Stand,6.3871813,,,,1,0->0:Exact,NONE
1483,24.731190,0.016980,-11158.238,1721.2673,41.117954,0,0,0,0,2.7459998,2.7459998,none,true,0,0,0,Stand,6.4041615,,,,1,0->0:Exact,NONE
1484,24.748171,0.016262,-11158.238,1721.2673,41.117954,0,0,0,0,2.7459998,2.7459998,none,true,0,0,0,Stand,6.4204235,,,,1,0->0:Exact,NONE
1485,24.764432,0.016923,-11158.238,1721.2673,41.117954,0,0,0,0,2.7459998,2.7459998,none,true,0,0,0,Stand,6.4373465,,,,1,0->0:Exact,NONE
1486,24.781355,0.016486,-11158.238,1721.2673,41.117954,0,0,0,0,2.7459998,2.7459998,none,true,0,0,0,Stand,6.4538326,,,,1,0->0:Exact,NONE
1487,24.797841,0.016597,-11158.238,1721.2673,41.117954,0,0,0,0,2.7459998,2.7459998,none,true,0,0,0,Stand,6.4704294,,,,1,0->0:Exact,NONE
1488,24.814438,0.016957,-11158.238,1721.2673,41.117954,0,0,0,0,2.7459998,2.7459998,none,true,0,0,0,Stand,6.4873867,,,,1,0->0:Exact,NONE
1489,24.831396,0.017448,-11158.238,1721.2673,41.117954,0,0,0,0,2.7459998,2.7459998,none,true,0,0,0,Stand,6.504835,,,,1,0->0:Exact,NONE
1490,24.848844,0.015769,-11158.238,1721.2673,41.117954,0,0,0,0,2.7459998,2.7459998,none,true,0,0,0,Stand,6.5206046,,,,1,0->0:Exact,NONE
1491,24.864613,0.016620,-11158.238,1721.2673,41.117954,0,0,0,0,2.7459998,2.7459998,none,true,0,0,0,Stand,6.537225,,,,1,0->0:Exact,NONE
1492,24.881233,0.016798,-11158.238,1721.2673,41.117954,0,0,0,0,2.7459998,2.7459998,none,true,0,0,0,Stand,6.554023,,,,1,0->0:Exact,NONE
1493,24.898031,0.016615,-11158.238,1721.2673,41.117954,0,0,0,0,2.7459998,2.7459998,none,true,0,0,0,Stand,6.570637,,,,1,0->0:Exact,NONE
1494,24.914646,0.016694,-11158.238,1721.2673,41.117954,0,0,0,0,2.7459998,2.7459998,none,true,0,0,0,Stand,6.587331,,,,1,0->0:Exact,NONE
1495,24.931339,0.017012,-11158.238,1721.2673,41.117954,0,0,0,0,2.7459998,2.7459998,none,true,0,0,0,Stand,6.6043425,,,,1,0->0:Exact,NONE
1496,24.948351,0.016106,-11158.238,1721.2673,41.117954,0,0,0,0,2.7459998,2.7459998,none,true,0,0,0,Stand,6.620449,,,,1,0->0:Exact,NONE
1497,24.964458,0.016718,-11158.238,1721.2673,41.117954,0,0,0,0,2.7459998,2.7459998,none,true,0,0,0,Stand,6.6371675,,,,1,0->0:Exact,NONE
1498,24.981176,0.016838,-11158.238,1721.2673,41.117954,0,0,0,0,2.7459998,2.7459998,none,true,0,0,0,Stand,6.654005,,,,1,0->0:Exact,NONE
1499,24.998014,0.016593,-11158.238,1721.2673,41.117954,0,0,0,0,2.7459998,2.7459998,none,true,0,0,0,Stand,6.670598,,,,1,0->0:Exact,NONE
1500,25.014607,0.016786,-11158.238,1721.2673,41.117954,0,0,0,0,2.7459998,2.7459998,none,true,0,0,0,Stand,6.6873837,,,,1,0->0:Exact,NONE
1501,25.031392,0.016683,-11158.238,1721.2673,41.117954,0,0,0,0,2.7459998,2.7459998,none,true,0,0,0,Stand,6.7040663,,,,1,0->0:Exact,NONE
1502,25.048075,0.016671,-11158.238,1721.2673,41.117954,0,0,0,0,2.7459998,2.7459998,none,true,0,0,0,Stand,6.7207375,,,,1,0->0:Exact,NONE
1503,25.064746,0.016669,-11158.238,1721.2673,41.117954,0,0,0,0,2.7459998,2.7459998,none,true,0,0,0,Stand,6.7374063,,,,1,0->0:Exact,NONE
1504,25.081415,0.016652,-11158.238,1721.2673,41.117954,0,0,0,0,2.7459998,2.7459998,none,true,0,0,0,Stand,6.754059,,,,1,0->0:Exact,NONE
1505,25.098067,0.016719,-11158.238,1721.2673,41.117954,0,0,0,0,2.7459998,2.7459998,none,true,0,0,0,Stand,6.770777,,,,1,0->0:Exact,NONE
1506,25.114786,0.016903,-11158.238,1721.2673,41.117954,0,0,0,0,2.7459998,2.7459998,none,true,0,0,0,Stand,6.78768,,,,1,0->0:Exact,NONE
1507,25.131689,0.016353,-11158.238,1721.2673,41.117954,0,0,0,0,2.7459998,2.7459998,none,true,0,0,0,Stand,6.804033,,,,1,0->0:Exact,NONE
1508,25.148041,0.016674,-11158.238,1721.2673,41.117954,0,0,0,0,2.7459998,2.7459998,none,true,0,0,0,Stand,6.8207073,,,,1,0->0:Exact,NONE
1509,25.164716,0.016772,-11158.238,1721.2673,41.117954,0,0,0,0,2.7459998,2.7459998,none,true,0,0,0,Stand,6.8374796,,,,1,0->0:Exact,NONE
1510,25.181488,0.017190,-11158.238,1721.2673,41.117954,0,0,0,0,2.7459998,2.7459998,none,true,0,0,0,Stand,6.8546696,,,,1,0->0:Exact,NONE
1511,25.198678,0.016342,-11158.238,1721.2673,41.117954,0,0,0,0,2.7459998,2.7459998,none,true,0,0,0,Stand,6.8710117,,,,1,0->0:Exact,NONE
1512,25.215020,0.016555,-11158.238,1721.2673,41.117954,0,0,0,0,2.7459998,2.7459998,none,true,0,0,0,Stand,6.887567,,,,1,0->0:Exact,NONE
1513,25.231576,0.016504,-11158.238,1721.2673,41.117954,0,0,0,0,2.7459998,2.7459998,none,true,0,0,0,Stand,6.904071,,,,1,0->0:Exact,NONE
1514,25.248079,0.016924,-11158.238,1721.2673,41.117954,0,0,0,0,2.7459998,2.7459998,none,true,0,0,0,Stand,6.9209948,,,,1,0->0:Exact,NONE
1515,25.265003,0.017007,-11158.238,1721.2673,41.117954,0,0,0,0,2.7459998,2.7459998,none,true,0,0,0,Stand,6.9380016,,,,1,0->0:Exact,NONE
1516,25.282010,0.016387,-11158.238,1721.2673,41.117954,0,0,0,0,2.7459998,2.7459998,none,true,0,0,0,Stand,6.954389,,,,1,0->0:Exact,NONE
1517,25.298398,0.017032,-11158.238,1721.2673,41.117954,0,0,0,0,2.7459998,2.7459998,none,true,0,0,0,Stand,6.971421,,,,1,0->0:Exact,NONE
1518,25.315429,0.016518,-11158.238,1721.2673,41.117954,0,0,0,0,2.7459998,2.7459998,none,true,0,0,0,Stand,6.9879384,,,,1,0->0:Exact,NONE
1519,25.331947,0.017759,-11158.238,1721.2673,41.117954,0,0,0,0,2.7459998,2.7459998,none,true,0,0,0,Stand,7.0056973,,,,1,0->0:Exact,NONE
1520,25.349706,0.015134,-11158.238,1721.2673,41.117954,0,0,0,0,2.7459998,2.7459998,none,true,0,0,0,Stand,7.020831,,,,1,0->0:Exact,NONE
1521,25.364839,0.016731,-11158.238,1721.2673,41.117954,0,0,0,0,2.7459998,2.7459998,none,true,0,0,0,Stand,7.0375624,,,,1,0->0:Exact,NONE
1522,25.381570,0.016966,-11158.238,1721.2673,41.117954,0,0,0,0,2.7459998,2.7459998,none,true,0,0,0,Stand,7.054528,,,,1,0->0:Exact,NONE
1523,25.398536,0.016882,-11158.238,1721.2673,41.117954,0,0,0,0,2.7459998,2.7459998,none,true,0,0,0,Stand,7.0714097,,,,1,0->0:Exact,NONE
1524,25.415418,0.016271,-11158.238,1721.2673,41.117954,0,0,0,0,2.7459998,2.7459998,none,true,0,0,0,Stand,7.087681,,,,1,0->0:Exact,NONE
1525,25.431689,0.017125,-11158.238,1721.2673,41.117954,0,0,0,0,2.7459998,2.7459998,none,true,0,0,0,Stand,7.1048055,,,,1,0->0:Exact,NONE
1526,25.448814,0.016769,-11158.238,1721.2673,41.117954,0,0,0,0,2.7459998,2.7459998,none,true,0,0,0,Stand,7.121575,,,,1,0->0:Exact,NONE
1527,25.465584,0.015950,-11158.238,1721.2673,41.117954,0,0,0,0,2.7459998,2.7459998,none,true,0,0,0,Stand,7.137525,,,,1,0->0:Exact,NONE
1528,25.481534,0.016856,-11158.238,1721.2673,41.117954,0,0,0,0,2.7459998,2.7459998,none,true,0,0,0,Stand,7.1543813,,,,1,0->0:Exact,NONE
1529,25.498390,0.016641,-11158.238,1721.2673,41.117954,0,0,0,0,2.7459998,2.7459998,none,true,0,0,0,Stand,7.171022,,,,1,0->0:Exact,NONE
1530,25.515031,0.017612,-11158.238,1721.2673,41.117954,0,0,0,0,2.7459998,2.7459998,none,true,0,0,0,Stand,7.188634,,,,1,0->0:Exact,NONE
1531,25.532643,0.015769,-11158.238,1721.2673,41.117954,0,0,0,0,2.7459998,2.7459998,none,true,0,0,0,Stand,7.2044034,,,,1,0->0:Exact,NONE
1532,25.548412,0.016607,-11158.238,1721.2673,41.117954,0,0,0,0,2.7459998,2.7459998,none,true,0,0,0,Stand,7.2210097,,,,1,0->0:Exact,NONE
1533,25.565019,0.016851,-11158.238,1721.2673,41.117954,0,0,0,0,2.7459998,2.7459998,none,true,0,0,0,Stand,7.237861,,,,1,0->0:Exact,NONE
1534,25.581870,0.016763,-11158.238,1721.2673,41.117954,0,0,0,0,2.7459998,2.7459998,none,true,0,0,0,Stand,7.2546244,,,,1,0->0:Exact,NONE
1535,25.598633,0.016622,-11158.238,1721.2673,41.117954,0,0,0,0,2.7459998,2.7459998,none,true,0,0,0,Stand,7.2712464,,,,1,0->0:Exact,NONE
1536,25.615255,0.016421,-11158.238,1721.2673,41.117954,0,0,0,0,2.7459998,2.7459998,none,true,0,0,0,Stand,7.287667,,,,1,0->0:Exact,NONE
1537,25.631676,0.017258,-11158.238,1721.2673,41.117954,0,0,0,0,2.7459998,2.7459998,none,true,0,0,0,Stand,7.3049245,,,,1,0->0:Exact,NONE
1538,25.648934,0.016243,-11158.238,1721.2673,41.117954,0,0,0,0,2.7459998,2.7459998,none,true,0,0,0,Stand,7.3211675,,,,1,0->0:Exact,NONE
1539,25.665177,0.016766,-11158.238,1721.2673,41.117954,0,0,0,0,2.7459998,2.7459998,none,true,0,0,0,Stand,7.3379335,,,,1,0->0:Exact,NONE
1540,25.681943,0.016922,-11158.238,1721.2673,41.117954,0,0,0,0,2.7459998,2.7459998,none,true,0,0,0,Stand,7.3548555,,,,1,0->0:Exact,NONE
1541,25.698865,0.016436,-11158.238,1721.2673,41.117954,0,0,0,0,2.7459998,2.7459998,none,true,0,0,0,Stand,7.371291,,,,1,0->0:Exact,NONE
1542,25.715300,0.016767,-11158.238,1721.2673,41.117954,0,0,0,0,2.7459998,2.7459998,none,true,0,0,0,Stand,7.3880577,,,,1,0->0:Exact,NONE
1543,25.732067,0.016844,-11158.238,1721.2673,41.117954,0,0,0,0,2.7459998,2.7459998,none,true,0,0,0,Stand,7.4049015,,,,1,0->0:Exact,NONE
1544,25.748911,0.016826,-11158.238,1721.2673,41.117954,0,0,0,0,2.7459998,2.7459998,none,true,0,0,0,Stand,7.4217277,,,,1,0->0:Exact,NONE
1545,25.765737,0.016397,-11158.238,1721.2673,41.117954,0,0,0,0,2.7459998,2.7459998,none,true,0,0,0,Stand,7.438124,,,,1,0->0:Exact,NONE
1546,25.782133,0.016668,-11158.238,1721.2673,41.117954,0,0,0,0,2.7459998,2.7459998,none,true,0,0,0,Stand,7.454792,,,,1,0->0:Exact,NONE
1547,25.798801,0.016578,-11158.238,1721.2673,41.117954,0,0,0,0,2.7459998,2.7459998,none,true,0,0,0,Stand,7.47137,,,,1,0->0:Exact,NONE
1548,25.815379,0.016706,-11158.238,1721.2673,41.117954,0,0,0,0,2.7459998,2.7459998,none,true,0,0,0,Stand,7.4880767,,,,1,0->0:Exact,NONE
1549,25.832085,0.017543,-11158.238,1721.2673,41.117954,0,0,0,0,2.7459998,2.7459998,none,true,0,0,0,Stand,7.50562,,,,1,0->0:Exact,NONE
1550,25.849628,0.015980,-11158.238,1721.2673,41.117954,0,0,0,0,2.7459998,2.7459998,none,true,0,0,0,Stand,7.5216002,,,,1,0->0:Exact,NONE
1551,25.865609,0.016606,-11158.238,1721.2673,41.117954,0,0,0,0,2.7459998,2.7459998,none,true,0,0,0,Stand,7.538206,,,,1,0->0:Exact,NONE
1552,25.882214,0.016543,-11158.238,1721.2673,41.117954,0,0,0,0,2.7459998,2.7459998,none,true,0,0,0,Stand,7.5547495,,,,1,0->0:Exact,NONE
1553,25.898758,0.017097,-11158.238,1721.2673,41.117954,0,0,0,0,2.7459998,2.7459998,none,true,0,0,0,Stand,7.571847,,,,1,0->0:Exact,NONE
1554,25.915855,0.016705,-11158.238,1721.2673,41.117954,0,0,0,0,2.7459998,2.7459998,none,true,0,0,0,Stand,7.588552,,,,1,0->0:Exact,NONE
1555,25.932560,0.016461,-11158.238,1721.2673,41.117954,0,0,0,0,2.7459998,2.7459998,none,true,0,0,0,Stand,7.6050124,,,,1,0->0:Exact,NONE
1556,25.949021,0.016394,-11158.238,1721.2673,41.117954,0,0,0,0,2.7459998,2.7459998,none,true,0,0,0,Stand,7.6214066,,,,1,0->0:Exact,NONE
1557,25.965415,0.016690,-11158.238,1721.2673,41.117954,0,0,0,0,2.7459998,2.7459998,none,true,0,0,0,Stand,7.6380963,,,,1,0->0:Exact,NONE
1558,25.982105,0.016764,-11158.238,1721.2673,41.117954,0,0,0,0,2.7459998,2.7459998,none,true,0,0,0,Stand,7.6548605,,,,1,0->0:Exact,NONE
1559,25.998869,0.016873,-11158.238,1721.2673,41.117954,0,0,0,0,2.7459998,2.7459998,none,true,0,0,0,Stand,7.6717334,,,,1,0->0:Exact,NONE
1560,26.015742,0.016609,-11158.238,1721.2673,41.117954,0,0,0,0,2.7459998,2.7459998,none,true,0,0,0,Stand,7.688343,,,,1,0->0:Exact,NONE
1561,26.032351,0.016561,-11158.238,1721.2673,41.117954,0,0,0,0,2.7459998,2.7459998,none,true,0,0,0,Stand,7.704904,,,,1,0->0:Exact,NONE
1562,26.048912,0.016929,-11158.238,1721.2673,41.117954,0,0,0,0,2.7459998,2.7459998,none,true,0,0,0,Stand,7.721833,,,,1,0->0:Exact,NONE
1563,26.065841,0.016430,-11158.238,1721.2673,41.117954,0,0,0,0,2.7459998,2.7459998,none,true,0,0,0,Stand,7.7382636,,,,1,0->0:Exact,NONE
1564,26.082272,0.016890,-11158.238,1721.2673,41.117954,0,0,0,0,2.7459998,2.7459998,none,true,0,0,0,Stand,7.755153,,,,1,0->0:Exact,NONE
1565,26.099161,0.016692,-11158.238,1721.2673,41.117954,0,0,0,0,2.7459998,2.7459998,none,true,0,0,0,Stand,7.771845,,,,1,0->0:Exact,NONE
1566,26.115853,0.016476,-11158.238,1721.2673,41.117954,0,0,0,0,2.7459998,2.7459998,none,true,0,0,0,Stand,7.7883215,,,,1,0->0:Exact,NONE
1567,26.132330,0.016714,-11158.238,1721.2673,41.117954,0,0,0,0,2.7459998,2.7459998,none,true,0,0,0,Stand,7.8050356,,,,1,0->0:Exact,NONE
1568,26.149044,0.016831,-11158.238,1721.2673,41.117954,0,0,0,0,2.7459998,2.7459998,none,true,0,0,0,Stand,7.8218665,,,,1,0->0:Exact,NONE
1569,26.165875,0.016727,-11158.238,1721.2673,41.117954,0,0,0,0,2.7459998,2.7459998,none,true,0,0,0,Stand,7.838593,,,,1,0->0:Exact,NONE
1570,26.182601,0.016928,-11158.238,1721.2673,41.117954,0,0,0,0,2.7459998,2.7459998,none,true,0,0,0,Stand,7.8555207,,,,1,0->0:Exact,NONE
1571,26.199529,0.016412,-11158.238,1721.2673,41.117954,0,0,0,0,2.7459998,2.7459998,none,true,0,0,0,Stand,7.871933,,,,1,0->0:Exact,NONE
1572,26.215941,0.016677,-11158.238,1721.2673,41.117954,0,0,0,0,2.7459998,2.7459998,none,true,0,0,0,Stand,7.88861,,,,1,0->0:Exact,NONE
1573,26.232618,0.016596,-11158.238,1721.2673,41.117954,0,0,0,0,2.7459998,2.7459998,none,true,0,0,0,Stand,7.905206,,,,1,0->0:Exact,NONE
1574,26.249214,0.016383,-11158.238,1721.2673,41.117954,0,0,0,0,2.7459998,2.7459998,none,true,0,0,0,Stand,7.921589,,,,1,0->0:Exact,NONE
1575,26.265597,0.017251,-11158.238,1721.2673,41.117954,0,0,0,0,2.7459998,2.7459998,none,true,0,0,0,Stand,7.9388394,,,,1,0->0:Exact,NONE
1576,26.282848,0.016466,-11158.238,1721.2673,41.117954,0,0,0,0,2.7459998,2.7459998,none,true,0,0,0,Stand,7.9553056,,,,1,0->0:Exact,NONE
1577,26.299314,0.016664,-11158.238,1721.2673,41.117954,0,0,0,0,2.7459998,2.7459998,none,true,0,0,0,Stand,7.97197,,,,1,0->0:Exact,NONE
1578,26.315978,0.016438,-11158.238,1721.2673,41.117954,0,0,0,0,2.7459998,2.7459998,none,true,0,0,0,Stand,7.988408,,,,1,0->0:Exact,NONE
1579,26.332416,0.017095,-11158.238,1721.2673,41.117954,0,0,0,0,2.7459998,2.7459998,none,true,0,0,0,Stand,8.005503,,,,1,0->0:Exact,NONE
1580,26.349511,0.016123,-11158.238,1721.2673,41.117954,0,0,0,0,2.7459998,2.7459998,none,true,0,0,0,Stand,8.0216255,,,,1,0->0:Exact,NONE
1581,26.365634,0.016903,-11158.238,1721.2673,41.117954,0,0,0,0,2.7459998,2.7459998,none,true,0,0,0,Stand,8.038528,,,,1,0->0:Exact,NONE
1582,26.382537,0.016753,-11158.238,1721.2673,41.117954,0,0,0,0,2.7459998,2.7459998,none,true,0,0,0,Stand,8.055281,,,,1,0->0:Exact,NONE
1583,26.399289,0.016333,-11158.238,1721.2673,41.117954,0,0,0,0,2.7459998,2.7459998,none,true,0,0,0,Stand,8.071614,,,,1,0->0:Exact,NONE
1584,26.415623,0.016733,-11158.238,1721.2673,41.117954,0,0,0,0,2.7459998,2.7459998,none,true,0,0,0,Stand,8.088347,,,,1,0->0:Exact,NONE
1585,26.432356,0.016973,-11158.238,1721.2673,41.117954,0,0,0,0,2.7459998,2.7459998,none,true,0,0,0,Stand,8.105321,,,,1,0->0:Exact,NONE
1586,26.449329,0.016307,-11158.238,1721.2673,41.117954,0,0,0,0,2.7459998,2.7459998,none,true,0,0,0,Stand,8.121628,,,,1,0->0:Exact,NONE
1587,26.465636,0.016702,-11158.238,1721.2673,41.117954,0,0,0,0,2.7459998,2.7459998,none,true,0,0,0,Stand,8.1383295,,,,1,0->0:Exact,NONE
1588,26.482337,0.016876,-11158.238,1721.2673,41.117954,0,0,0,0,2.7459998,2.7459998,none,true,0,0,0,Stand,8.155205,,,,1,0->0:Exact,NONE
1589,26.499213,0.016636,-11158.238,1721.2673,41.117954,0,0,0,0,2.7459998,2.7459998,none,true,0,0,0,Stand,8.171841,,,,1,0->0:Exact,NONE
1590,26.515849,0.017001,-11158.238,1721.2673,41.117954,0,0,0,0,2.7459998,2.7459998,none,true,0,0,0,Stand,8.188842,,,,1,0->0:Exact,NONE
1591,26.532850,0.016429,-11158.238,1721.2673,41.117954,0,0,0,0,2.7459998,2.7459998,none,true,0,0,0,Stand,8.205271,,,,1,0->0:Exact,NONE
1592,26.549279,0.016642,-11158.238,1721.2673,41.117954,0,0,0,0,2.7459998,2.7459998,none,true,0,0,0,Stand,8.221912,,,,1,0->0:Exact,NONE
1593,26.565921,0.016826,-11158.238,1721.2673,41.117954,0,0,0,0,2.7459998,2.7459998,none,true,0,0,0,Stand,8.238738,,,,1,0->0:Exact,NONE
1594,26.582747,0.016547,-11158.238,1721.2673,41.117954,0,0,0,0,2.7459998,2.7459998,none,true,0,0,0,Stand,8.255285,,,,1,0->0:Exact,NONE
1595,26.599294,0.016962,-11158.238,1721.2673,41.117954,0,0,0,0,2.7459998,2.7459998,none,true,0,0,0,Stand,8.272247,,,,1,0->0:Exact,NONE
1596,26.616256,0.016489,-11158.238,1721.2673,41.117954,0,0,0,0,2.7459998,2.7459998,none,true,0,0,0,Stand,8.288736,,,,1,0->0:Exact,NONE
1597,26.632745,0.016511,-11158.238,1721.2673,41.117954,0,0,0,0,2.7459998,2.7459998,none,true,0,0,0,Stand,8.305247,,,,1,0->0:Exact,NONE
1598,26.649256,0.016866,-11158.238,1721.2673,41.117954,0,0,0,0,2.7459998,2.7459998,none,true,0,0,0,Stand,8.322114,,,,1,0->0:Exact,NONE
1599,26.666122,0.016662,-11158.238,1721.2673,41.117954,0,0,0,0,2.7459998,2.7459998,none,true,0,0,0,Stand,8.338776,,,,1,0->0:Exact,NONE
1600,26.682784,0.016726,-11158.238,1721.2673,41.117954,0,0,0,0,2.7459998,2.7459998,none,true,0,0,0,Stand,8.355501,,,,1,0->0:Exact,NONE
1601,26.699510,0.016826,-11158.238,1721.2673,41.117954,0,0,0,0,2.7459998,2.7459998,none,true,0,0,0,Stand,8.372327,,,,1,0->0:Exact,NONE
1602,26.716335,0.016503,-11158.238,1721.2673,41.117954,0,0,0,0,2.7459998,2.7459998,none,true,0,0,0,Stand,8.388829,,,,1,0->0:Exact,NONE
1603,26.732838,0.016684,-11158.238,1721.2673,41.117954,0,0,0,0,2.7459998,2.7459998,none,true,0,0,0,Stand,8.405513,,,,1,0->0:Exact,NONE
1604,26.749522,0.016733,-11158.238,1721.2673,41.117954,0,0,0,0,2.7459998,2.7459998,none,true,0,0,0,Stand,8.422246,,,,1,0->0:Exact,NONE
1605,26.766255,0.016843,-11158.238,1721.2673,41.117954,0,0,0,0,2.7459998,2.7459998,none,true,0,0,0,Stand,8.439089,,,,1,0->0:Exact,NONE
1606,26.783098,0.016482,-11158.238,1721.2673,41.117954,0,0,0,0,2.7459998,2.7459998,none,true,0,0,0,Stand,8.45557,,,,1,0->0:Exact,NONE
1607,26.799580,0.016577,-11158.238,1721.2673,41.117954,0,0,0,0,2.7459998,2.7459998,none,true,0,0,0,Stand,8.472147,,,,1,0->0:Exact,NONE
1608,26.816156,0.016799,-11158.238,1721.2673,41.117954,0,0,0,0,2.7459998,2.7459998,none,true,0,0,0,Stand,8.488946,,,,1,0->0:Exact,NONE
1609,26.832955,0.016528,-11158.238,1721.2673,41.117954,0,0,0,0,2.7459998,2.7459998,none,true,0,0,0,Stand,8.505474,,,,1,0->0:Exact,NONE
1610,26.849483,0.016663,-11158.238,1721.2673,41.117954,0,0,0,0,2.7459998,2.7459998,none,true,0,0,0,Stand,8.522138,,,,1,0->0:Exact,NONE
1611,26.866146,0.016591,-11158.238,1721.2673,41.117954,0,0,0,0,2.7459998,2.7459998,none,true,0,0,0,Stand,8.538729,,,,1,0->0:Exact,NONE
1612,26.882737,0.016748,-11158.238,1721.2673,41.117954,0,0,0,0,2.7459998,2.7459998,none,true,0,0,0,Stand,8.555477,,,,1,0->0:Exact,NONE
1613,26.899486,0.016721,-11158.238,1721.2673,41.117954,0,0,0,0,2.7459998,2.7459998,none,true,0,0,0,Stand,8.572199,,,,1,0->0:Exact,NONE
1614,26.916207,0.016871,-11158.238,1721.2673,41.117954,0,0,0,0,2.7459998,2.7459998,none,true,0,0,0,Stand,8.58907,,,,1,0->0:Exact,NONE
1615,26.933078,0.017601,-11158.238,1721.2673,41.117954,0,0,0,0,2.7459998,2.7459998,none,true,0,0,0,Stand,8.606671,,,,1,0->0:Exact,NONE
1616,26.950679,0.015529,-11158.238,1721.2673,41.117954,0,0,0,0,2.7459998,2.7459998,none,true,0,0,0,Stand,8.6222,,,,1,0->0:Exact,NONE
1617,26.966208,0.016898,-11158.238,1721.2673,41.117954,0,0,0,0,2.7459998,2.7459998,none,true,0,0,0,Stand,8.639098,,,,1,0->0:Exact,NONE
1618,26.983105,0.016644,-11158.238,1721.2673,41.117954,0,0,0,0,2.7459998,2.7459998,none,true,0,0,0,Stand,8.655742,,,,1,0->0:Exact,NONE
1619,26.999749,0.016700,-11158.238,1721.2673,41.117954,0,0,0,0,2.7459998,2.7459998,none,true,0,0,0,Stand,8.6724415,,,,1,0->0:Exact,NONE
1620,27.016449,0.016588,-11158.238,1721.2673,41.117954,0,0,0,0,2.7459998,2.7459998,none,true,0,0,0,Stand,8.689029,,,,1,0->0:Exact,NONE
1621,27.033036,0.016670,-11158.238,1721.2673,41.117954,0,0,0,0,2.7459998,2.7459998,none,true,0,0,0,Stand,8.705699,,,,1,0->0:Exact,NONE
1622,27.049707,0.016790,-11158.238,1721.2673,41.117954,0,0,0,0,2.7459998,2.7459998,none,true,0,0,0,Stand,8.722488,,,,1,0->0:Exact,NONE
1623,27.066497,0.016736,-11158.238,1721.2673,41.117954,0,0,0,0,2.7459998,2.7459998,none,true,0,0,0,Stand,8.739224,,,,1,0->0:Exact,NONE
1624,27.083232,0.016739,-11158.238,1721.2673,41.117954,0,0,0,0,2.7459998,2.7459998,none,true,0,0,0,Stand,8.755963,,,,1,0->0:Exact,NONE
1625,27.099971,0.016635,-11158.238,1721.2673,41.117954,0,0,0,0,2.7459998,2.7459998,none,true,0,0,0,Stand,8.772598,,,,1,0->0:Exact,NONE
1626,27.116606,0.016710,-11158.238,1721.2673,41.117954,0,0,0,0,2.7459998,2.7459998,none,true,0,0,0,Stand,8.789309,,,,1,0->0:Exact,NONE
1627,27.133316,0.016369,-11158.238,1721.2673,41.117954,0,0,0,0,2.7459998,2.7459998,none,true,0,0,0,Stand,8.805677,,,,1,0->0:Exact,NONE
1628,27.149685,0.017098,-11158.238,1721.2673,41.117954,0,0,0,0,2.7459998,2.7459998,none,true,0,0,0,Stand,8.822775,,,,1,0->0:Exact,NONE
1629,27.166783,0.016722,-11158.238,1721.2673,41.117954,0,0,0,0,2.7459998,2.7459998,none,true,0,0,0,Stand,8.839497,,,,1,0->0:Exact,NONE
1630,27.183505,0.016453,-11158.238,1721.2673,41.117954,0,0,0,0,2.7459998,2.7459998,none,true,0,0,0,Stand,8.855949,,,,1,0->0:Exact,NONE
1631,27.199957,0.016797,-11158.238,1721.2673,41.117954,0,0,0,0,2.7459998,2.7459998,none,true,0,0,0,Stand,8.872746,,,,1,0->0:Exact,NONE
1632,27.216754,0.016519,-11158.238,1721.2673,41.117954,0,0,0,0,2.7459998,2.7459998,none,true,0,0,0,Stand,8.889265,,,,1,0->0:Exact,NONE
1633,27.233273,0.016635,-11158.238,1721.2673,41.117954,0,0,0,0,2.7459998,2.7459998,none,true,0,0,0,Stand,8.9059,,,,1,0->0:Exact,NONE
1634,27.249908,0.016905,-11158.238,1721.2673,41.117954,0,0,0,0,2.7459998,2.7459998,none,true,0,0,0,Stand,8.922806,,,,1,0->0:Exact,NONE
1635,27.266813,0.016377,-11158.238,1721.2673,41.117954,0,0,0,0,2.7459998,2.7459998,none,true,0,0,0,Stand,8.939183,,,,1,0->0:Exact,NONE
1636,27.283191,0.016709,-11158.238,1721.2673,41.117954,0,0,0,0,2.7459998,2.7459998,none,true,0,0,0,Stand,8.955893,,,,1,0->0:Exact,NONE
1637,27.299900,0.016768,-11158.238,1721.2673,41.117954,0,0,0,0,2.7459998,2.7459998,none,true,0,0,0,Stand,8.97266,,,,1,0->0:Exact,NONE
1638,27.316667,0.016659,-11158.238,1721.2673,41.117954,0,0,0,0,2.7459998,2.7459998,none,true,0,0,0,Stand,8.989319,,,,1,0->0:Exact,NONE
1639,27.333326,0.016699,-11158.238,1721.2673,41.117954,0,0,0,0,2.7459998,2.7459998,none,true,0,0,0,Stand,9.006018,,,,1,0->0:Exact,NONE
1640,27.350025,0.016656,-11158.238,1721.2673,41.117954,0,0,0,0,2.7459998,2.7459998,none,true,0,0,0,Stand,9.022674,,,,1,0->0:Exact,NONE
1641,27.366681,0.016610,-11158.238,1721.2673,41.117954,0,0,0,0,2.7459998,2.7459998,none,true,0,0,0,Stand,9.039283,,,,1,0->0:Exact,NONE
1642,27.383291,0.017422,-11158.238,1721.2673,41.117954,0,0,0,0,2.7459998,2.7459998,none,true,0,0,0,Stand,9.056705,,,,1,0->0:Exact,NONE
1643,27.400713,0.015929,-11158.238,1721.2673,41.117954,0,0,0,0,2.7459998,2.7459998,none,true,0,0,0,Stand,9.072635,,,,1,0->0:Exact,NONE
1644,27.416642,0.016788,-11158.238,1721.2673,41.117954,0,0,0,0,2.7459998,2.7459998,none,true,0,0,0,Stand,9.089423,,,,1,0->0:Exact,NONE
1645,27.433430,0.017595,-11158.238,1721.2673,41.117954,0,0,0,0,2.7459998,2.7459998,none,true,0,0,0,Stand,9.1070175,,,,1,0->0:Exact,NONE
1646,27.451025,0.015552,-11158.238,1721.2673,41.117954,0,0,0,0,2.7459998,2.7459998,none,true,0,0,0,Stand,9.122569,,,,1,0->0:Exact,NONE
1647,27.466577,0.016867,-11158.238,1721.2673,41.117954,0,0,0,0,2.7459998,2.7459998,none,true,0,0,0,Stand,9.139436,,,,1,0->0:Exact,NONE
1648,27.483444,0.016680,-11158.238,1721.2673,41.117954,0,0,0,0,2.7459998,2.7459998,none,true,0,0,0,Stand,9.156116,,,,1,0->0:Exact,NONE
1649,27.500123,0.016512,-11158.238,1721.2673,41.117954,0,0,0,0,2.7459998,2.7459998,none,true,0,0,0,Stand,9.172627,,,,1,0->0:Exact,NONE
1650,27.516636,0.016962,-11158.238,1721.2673,41.117954,0,0,0,0,2.7459998,2.7459998,none,true,0,0,0,Stand,9.1895895,,,,1,0->0:Exact,NONE
1651,27.533598,0.016732,-11158.238,1721.2673,41.117954,0,0,0,0,2.7459998,2.7459998,none,true,0,0,0,Stand,9.206322,,,,1,0->0:Exact,NONE
1652,27.550330,0.016667,-11158.238,1721.2673,41.117954,0,0,0,0,2.7459998,2.7459998,none,true,0,0,0,Stand,9.222988,,,,1,0->0:Exact,NONE
1653,27.566997,0.016581,-11158.238,1721.2673,41.117954,0,0,0,0,2.7459998,2.7459998,none,true,0,0,0,Stand,9.23957,,,,1,0->0:Exact,NONE
1654,27.583578,0.016612,-11158.238,1721.2673,41.117954,0,0,0,0,2.7459998,2.7459998,none,true,0,0,0,Stand,9.256182,,,,1,0->0:Exact,NONE
1655,27.600190,0.016653,-11158.238,1721.2673,41.117954,0,0,0,0,2.7459998,2.7459998,none,true,0,0,0,Stand,9.272835,,,,1,0->0:Exact,NONE
1656,27.616843,0.016696,-11158.238,1721.2673,41.117954,0,0,0,0,2.7459998,2.7459998,none,true,0,0,0,Stand,9.289531,,,,1,0->0:Exact,NONE
1657,27.633540,0.016664,-11158.238,1721.2673,41.117954,0,0,0,0,2.7459998,2.7459998,none,true,0,0,0,Stand,9.306195,,,,1,0->0:Exact,NONE
1658,27.650204,0.016669,-11158.238,1721.2673,41.117954,0,0,0,0,2.7459998,2.7459998,none,true,0,0,0,Stand,9.322865,,,,1,0->0:Exact,NONE
1659,27.666873,0.017062,-11158.238,1721.2673,41.117954,0,0,0,0,2.7459998,2.7459998,none,true,0,0,0,Stand,9.339927,,,,1,0->0:Exact,NONE
1660,27.683935,0.016402,-11158.238,1721.2673,41.117954,0,0,0,0,2.7459998,2.7459998,none,true,0,0,0,Stand,9.356328,,,,1,0->0:Exact,NONE
1661,27.700337,0.016600,-11158.238,1721.2673,41.117954,0,0,0,0,2.7459998,2.7459998,none,true,0,0,0,Stand,9.372929,,,,1,0->0:Exact,NONE
1662,27.716937,0.016584,-11158.238,1721.2673,41.117954,0,0,0,0,2.7459998,2.7459998,none,true,0,0,0,Stand,9.389512,,,,1,0->0:Exact,NONE
1663,27.733521,0.016644,-11158.238,1721.2673,41.117954,0,0,0,0,2.7459998,2.7459998,none,true,0,0,0,Stand,9.406156,,,,1,0->0:Exact,NONE
1664,27.750165,0.016715,-11158.238,1721.2673,41.117954,0,0,0,0,2.7459998,2.7459998,none,true,0,0,0,Stand,9.422871,,,,1,0->0:Exact,NONE
1665,27.766880,0.016651,-11158.238,1721.2673,41.117954,0,0,0,0,2.7459998,2.7459998,none,true,0,0,0,Stand,9.439522,,,,1,0->0:Exact,NONE
1666,27.783531,0.016888,-11158.238,1721.2673,41.117954,0,0,0,0,2.7459998,2.7459998,none,true,0,0,0,Stand,9.45641,,,,1,0->0:Exact,NONE
1667,27.800419,0.016691,-11158.238,1721.2673,41.117954,0,0,0,0,2.7459998,2.7459998,none,true,0,0,0,Stand,9.473102,,,,1,0->0:Exact,NONE
1668,27.817110,0.016720,-11158.238,1721.2673,41.117954,0,0,0,0,2.7459998,2.7459998,none,true,0,0,0,Stand,9.489822,,,,1,0->0:Exact,NONE
1669,27.833831,0.016435,-11158.238,1721.2673,41.117954,0,0,0,0,2.7459998,2.7459998,none,true,0,0,0,Stand,9.506257,,,,1,0->0:Exact,NONE
1670,27.850265,0.016759,-11158.238,1721.2673,41.117954,0,0,0,0,2.7459998,2.7459998,none,true,0,0,0,Stand,9.523016,,,,1,0->0:Exact,NONE
1671,27.867024,0.016962,-11158.238,1721.2673,41.117954,0,0,0,0,2.7459998,2.7459998,none,true,0,0,0,Stand,9.539978,,,,1,0->0:Exact,NONE
1672,27.883986,0.016504,-11158.238,1721.2673,41.117954,0,0,0,0,2.7459998,2.7459998,none,true,0,0,0,Stand,9.556482,,,,1,0->0:Exact,NONE
1673,27.900490,0.016715,-11158.238,1721.2673,41.117954,0,0,0,0,2.7459998,2.7459998,none,true,0,0,0,Stand,9.573197,,,,1,0->0:Exact,NONE
1674,27.917205,0.016830,-11158.238,1721.2673,41.117954,0,0,0,0,2.7459998,2.7459998,none,true,0,0,0,Stand,9.590027,,,,1,0->0:Exact,NONE
1675,27.934035,0.017223,-11158.238,1721.2673,41.117954,0,0,0,0,2.7459998,2.7459998,none,true,0,0,0,Stand,9.60725,,,,1,0->0:Exact,NONE
1676,27.951259,0.016192,-11158.238,1721.2673,41.117954,0,0,0,0,2.7459998,2.7459998,none,true,0,0,0,Stand,9.623443,,,,1,0->0:Exact,NONE
1677,27.967451,0.016257,-11158.238,1721.2673,41.117954,0,0,0,0,2.7459998,2.7459998,none,true,0,0,0,Stand,9.6397,,,,1,0->0:Exact,NONE
1678,27.983708,0.016728,-11158.238,1721.2673,41.117954,0,0,0,0,2.7459998,2.7459998,none,true,0,0,0,Stand,9.656428,,,,1,0->0:Exact,NONE
1679,28.000436,0.016660,-11158.238,1721.2673,41.117954,0,0,0,0,2.7459998,2.7459998,none,true,0,0,0,Stand,9.673088,,,,1,0->0:Exact,NONE
1680,28.017096,0.016757,-11158.238,1721.2673,41.117954,0,0,0,0,2.7459998,2.7459998,none,true,0,0,0,Stand,9.689845,,,,1,0->0:Exact,NONE
1681,28.033853,0.016747,-11158.238,1721.2673,41.117954,0,0,0,0,2.7459998,2.7459998,none,true,0,0,0,Stand,9.706593,,,,1,0->0:Exact,NONE
1682,28.050600,0.016714,-11158.238,1721.2673,41.117954,0,0,0,0,2.7459998,2.7459998,none,true,0,0,0,Stand,9.723307,,,,1,0->0:Exact,NONE
1683,28.067315,0.016449,-11158.238,1721.2673,41.117954,0,0,0,0,2.7459998,2.7459998,none,true,0,0,0,Stand,9.739756,,,,1,0->0:Exact,NONE
1684,28.083764,0.016740,-11158.238,1721.2673,41.117954,0,0,0,0,2.7459998,2.7459998,none,true,0,0,0,Stand,9.756495,,,,1,0->0:Exact,NONE
1685,28.100504,0.016749,-11158.238,1721.2673,41.117954,0,0,0,0,2.7459998,2.7459998,none,true,0,0,0,Stand,9.773244,,,,1,0->0:Exact,NONE
1686,28.117253,0.016700,-11158.238,1721.2673,41.117954,0,0,0,0,2.7459998,2.7459998,none,true,0,0,0,Stand,9.789944,,,,1,0->0:Exact,NONE
1687,28.133952,0.016601,-11158.238,1721.2673,41.117954,0,0,0,0,2.7459998,2.7459998,none,true,0,0,0,Stand,9.806544,,,,1,0->0:Exact,NONE
1688,28.150553,0.016629,-11158.238,1721.2673,41.117954,0,0,0,0,2.7459998,2.7459998,none,true,0,0,0,Stand,9.8231735,,,,1,0->0:Exact,NONE
1689,28.167182,0.016795,-11158.238,1721.2673,41.117954,0,0,0,0,2.7459998,2.7459998,none,true,0,0,0,Stand,9.839969,,,,1,0->0:Exact,NONE
1690,28.183977,0.016499,-11158.238,1721.2673,41.117954,0,0,0,0,2.7459998,2.7459998,none,true,0,0,0,Stand,9.856467,,,,1,0->0:Exact,NONE
1691,28.200476,0.016817,-11158.238,1721.2673,41.117954,0,0,0,0,2.7459998,2.7459998,none,true,0,0,0,Stand,9.873283,,,,1,0->0:Exact,NONE
1692,28.217293,0.016500,-11158.238,1721.2673,41.117954,0,0,0,0,2.7459998,2.7459998,none,true,0,0,0,Stand,9.889783,,,,1,0->0:Exact,NONE
1693,28.233793,0.017005,-11158.238,1721.2673,41.117954,0,0,0,0,2.7459998,2.7459998,none,true,0,0,0,Stand,9.906789,,,,1,0->0:Exact,NONE
1694,28.250798,0.016505,-11158.238,1721.2673,41.117954,0,0,0,0,2.7459998,2.7459998,none,true,0,0,0,Stand,9.923294,,,,1,0->0:Exact,NONE
1695,28.267303,0.016931,-11158.238,1721.2673,41.117954,0,0,0,0,2.7459998,2.7459998,none,true,0,0,0,Stand,9.940225,,,,1,0->0:Exact,NONE
1696,28.284234,0.016245,-11158.238,1721.2673,41.117954,0,0,0,0,2.7459998,2.7459998,none,true,0,0,0,Stand,9.9564705,,,,1,0->0:Exact,NONE
1697,28.300480,0.017019,-11158.238,1721.2673,41.117954,0,0,0,0,2.7459998,2.7459998,none,true,0,0,0,Stand,9.97349,,,,1,0->0:Exact,NONE
1698,28.317499,0.016376,-11158.238,1721.2673,41.117954,0,0,0,0,2.7459998,2.7459998,none,true,0,0,0,Stand,9.989866,,,,1,0->0:Exact,NONE
1699,28.333875,0.017075,-11158.238,1721.2673,41.117954,0,0,0,0,2.7459998,2.7459998,none,true,0,0,0,Stand,10.006942,,,,1,0->0:Exact,NONE
1700,28.350951,0.016281,-11158.238,1721.2673,41.117954,0,0,0,0,2.7459998,2.7459998,none,true,0,0,0,Stand,10.023223,,,,1,0->0:Exact,NONE
1701,28.367232,0.016675,-11158.238,1721.2673,41.117954,0,0,0,0,2.7459998,2.7459998,none,true,0,0,0,Stand,10.039898,,,,1,0->0:Exact,NONE
1702,28.383906,0.016671,-11158.238,1721.2673,41.117954,0,0,0,0,2.7459998,2.7459998,none,true,0,0,0,Stand,10.056569,,,,1,0->0:Exact,NONE
1703,28.400578,0.016944,-11158.238,1721.2673,41.117954,0,0,0,0,2.7459998,2.7459998,none,true,0,0,0,Stand,10.073513,,,,1,0->0:Exact,NONE
1704,28.417522,0.017063,-11158.238,1721.2673,41.117954,0,0,0,0,2.7459998,2.7459998,none,true,0,0,0,Stand,10.090576,,,,1,0->0:Exact,NONE
1705,28.434585,0.016094,-11158.238,1721.2673,41.117954,0,0,0,0,2.7459998,2.7459998,none,true,0,0,0,Stand,10.10667,,,,1,0->0:Exact,NONE
1706,28.450680,0.016982,-11158.238,1721.2673,41.117954,0,0,0,0,2.7459998,2.7459998,none,true,0,0,0,Stand,10.123652,,,,1,0->0:Exact,NONE
1707,28.467662,0.016535,-11158.238,1721.2673,41.117954,0,0,0,0,2.7459998,2.7459998,none,true,0,0,0,Stand,10.140188,,,,1,0->0:Exact,NONE
1708,28.484197,0.016629,-11158.238,1721.2673,41.117954,0,0,0,0,2.7459998,2.7459998,none,true,0,0,0,Stand,10.1568165,,,,1,0->0:Exact,NONE
1709,28.500826,0.016719,-11158.238,1721.2673,41.117954,0,0,0,0,2.7459998,2.7459998,none,true,0,0,0,Stand,10.173535,,,,1,0->0:Exact,NONE
1710,28.517545,0.016765,-11158.238,1721.2673,41.117954,0,0,0,0,2.7459998,2.7459998,none,true,0,0,0,Stand,10.1903,,,,1,0->0:Exact,NONE
1711,28.534310,0.017666,-11158.238,1721.2673,41.117954,0,0,0,0,2.7459998,2.7459998,none,true,0,0,0,Stand,10.207966,,,,1,0->0:Exact,NONE
1712,28.551976,0.015681,-11158.238,1721.2673,41.117954,0,0,0,0,2.7459998,2.7459998,none,true,0,0,0,Stand,10.223646,,,,1,0->0:Exact,NONE
1713,28.567657,0.016681,-11158.238,1721.2673,41.117954,0,0,0,0,2.7459998,2.7459998,none,true,0,0,0,Stand,10.240328,,,,1,0->0:Exact,NONE
1714,28.584338,0.016591,-11158.238,1721.2673,41.117954,0,0,0,0,2.7459998,2.7459998,none,true,0,0,0,Stand,10.256919,,,,1,0->0:Exact,NONE
1715,28.600929,0.016640,-11158.238,1721.2673,41.117954,0,0,0,0,2.7459998,2.7459998,none,true,0,0,0,Stand,10.273559,,,,1,0->0:Exact,NONE
1716,28.617569,0.016815,-11158.238,1721.2673,41.117954,0,0,0,0,2.7459998,2.7459998,none,true,0,0,0,Stand,10.290374,,,,1,0->0:Exact,NONE
1717,28.634384,0.016591,-11158.238,1721.2673,41.117954,0,0,0,0,2.7459998,2.7459998,none,true,0,0,0,Stand,10.306965,,,,1,0->0:Exact,NONE
1718,28.650975,0.016811,-11158.238,1721.2673,41.117954,0,0,0,0,2.7459998,2.7459998,none,true,0,0,0,Stand,10.323776,,,,1,0->0:Exact,NONE
1719,28.667786,0.016509,-11158.238,1721.2673,41.117954,0,0,0,0,2.7459998,2.7459998,none,true,0,0,0,Stand,10.340285,,,,1,0->0:Exact,NONE
1720,28.684295,0.016688,-11158.238,1721.2673,41.117954,0,0,0,0,2.7459998,2.7459998,none,true,0,0,0,Stand,10.356974,,,,1,0->0:Exact,NONE
1721,28.700983,0.016812,-11158.238,1721.2673,41.117954,0,0,0,0,2.7459998,2.7459998,none,true,0,0,0,Stand,10.373786,,,,1,0->0:Exact,NONE
1722,28.717795,0.016694,-11158.238,1721.2673,41.117954,0,0,0,0,2.7459998,2.7459998,none,true,0,0,0,Stand,10.39048,,,,1,0->0:Exact,NONE
1723,28.734489,0.016472,-11158.238,1721.2673,41.117954,0,0,0,0,2.7459998,2.7459998,none,true,0,0,0,Stand,10.406952,,,,1,0->0:Exact,NONE
1724,28.750961,0.017383,-11158.238,1721.2673,41.117954,0,0,0,0,2.7459998,2.7459998,none,true,0,0,0,Stand,10.424335,,,,1,0->0:Exact,NONE
1725,28.768344,0.015949,-11158.238,1721.2673,41.117954,0,0,0,0,2.7459998,2.7459998,none,true,0,0,0,Stand,10.440283,,,,1,0->0:Exact,NONE
1726,28.784293,0.016666,-11158.238,1721.2673,41.117954,0,0,0,0,2.7459998,2.7459998,none,true,0,0,0,Stand,10.456949,,,,1,0->0:Exact,NONE
1727,28.800959,0.016712,-11158.238,1721.2673,41.117954,0,0,0,0,2.7459998,2.7459998,none,true,0,0,0,Stand,10.473661,,,,1,0->0:Exact,NONE
1728,28.817670,0.016624,-11158.238,1721.2673,41.117954,0,0,0,0,2.7459998,2.7459998,none,true,0,0,0,Stand,10.490285,,,,1,0->0:Exact,NONE
1729,28.834294,0.016721,-11158.238,1721.2673,41.117954,0,0,0,0,2.7459998,2.7459998,none,true,0,0,0,Stand,10.507006,,,,1,0->0:Exact,NONE
1730,28.851015,0.016662,-11158.238,1721.2673,41.117954,0,0,0,0,2.7459998,2.7459998,none,true,0,0,0,Stand,10.523667,,,,1,0->0:Exact,NONE
1731,28.867677,0.016816,-11158.238,1721.2673,41.117954,0,0,0,0,2.7459998,2.7459998,none,true,0,0,0,Stand,10.540483,,,,1,0->0:Exact,NONE
1732,28.884493,0.016880,-11158.238,1721.2673,41.117954,0,0,0,0,2.7459998,2.7459998,none,true,0,0,0,Stand,10.5573635,,,,1,0->0:Exact,NONE
1733,28.901373,0.016602,-11158.238,1721.2673,41.117954,0,0,0,0,2.7459998,2.7459998,none,true,0,0,0,Stand,10.573966,,,,1,0->0:Exact,NONE
1734,28.917975,0.016580,-11158.238,1721.2673,41.117954,0,0,0,0,2.7459998,2.7459998,none,true,0,0,0,Stand,10.590547,,,,1,0->0:Exact,NONE
1735,28.934556,0.016673,-11158.238,1721.2673,41.117954,0,0,0,0,2.7459998,2.7459998,none,true,0,0,0,Stand,10.607219,,,,1,0->0:Exact,NONE
1736,28.951228,0.017080,-11158.238,1721.2673,41.117954,0,0,0,0,2.7459998,2.7459998,none,true,0,0,0,Stand,10.624298,,,,1,0->0:Exact,NONE
1737,28.968308,0.016257,-11158.238,1721.2673,41.117954,0,0,0,0,2.7459998,2.7459998,none,true,0,0,0,Stand,10.640555,,,,1,0->0:Exact,NONE
1738,28.984566,0.016696,-11158.238,1721.2673,41.117954,0,0,0,0,2.7459998,2.7459998,none,true,0,0,0,Stand,10.657251,,,,1,0->0:Exact,NONE
1739,29.001261,0.016704,-11158.238,1721.2673,41.117954,0,0,0,0,2.7459998,2.7459998,none,true,0,0,0,Stand,10.673955,,,,1,0->0:Exact,NONE
1740,29.017965,0.016702,-11158.238,1721.2673,41.117954,0,0,0,0,2.7459998,2.7459998,none,true,0,0,0,Stand,10.690657,,,,1,0->0:Exact,NONE
1741,29.034667,0.017572,-11158.238,1721.2673,41.117954,0,0,0,0,2.7459998,2.7459998,none,true,0,0,0,Stand,10.708228,,,,1,0->0:Exact,NONE
1742,29.052239,0.015808,-11158.238,1721.2673,41.117954,0,0,0,0,2.7459998,2.7459998,none,true,0,0,0,Stand,10.724036,,,,1,0->0:Exact,NONE
1743,29.068048,0.016901,-11158.238,1721.2673,41.117954,0,0,0,0,2.7459998,2.7459998,none,true,0,0,0,Stand,10.740937,,,,1,0->0:Exact,NONE
1744,29.084948,0.016432,-11158.238,1721.2673,41.117954,0,0,0,0,2.7459998,2.7459998,none,true,0,0,0,Stand,10.757369,,,,1,0->0:Exact,NONE
1745,29.101380,0.016612,-11158.238,1721.2673,41.117954,0,0,0,0,2.7459998,2.7459998,none,true,0,0,0,Stand,10.773981,,,,1,0->0:Exact,NONE
1746,29.117992,0.016702,-11158.238,1721.2673,41.117954,0,0,0,0,2.7459998,2.7459998,none,true,0,0,0,Stand,10.790683,,,,1,0->0:Exact,NONE
1747,29.134694,0.016709,-11158.238,1721.2673,41.117954,0,0,0,0,2.7459998,2.7459998,none,true,0,0,0,Stand,10.807391,,,,1,0->0:Exact,NONE
1748,29.151402,0.016550,-11158.238,1721.2673,41.117954,0,0,0,0,2.7459998,2.7459998,none,true,0,0,0,Stand,10.823941,,,,1,0->0:Exact,NONE
1749,29.167953,0.016877,-11158.238,1721.2673,41.117954,0,0,0,0,2.7459998,2.7459998,none,true,0,0,0,Stand,10.840818,,,,1,0->0:Exact,NONE
1750,29.184829,0.016574,-11158.238,1721.2673,41.117954,0,0,0,0,2.7459998,2.7459998,none,true,0,0,0,Stand,10.857392,,,,1,0->0:Exact,NONE
1751,29.201404,0.016680,-11158.238,1721.2673,41.117954,0,0,0,0,2.7459998,2.7459998,none,true,0,0,0,Stand,10.874072,,,,1,0->0:Exact,NONE
1752,29.218083,0.016864,-11158.238,1721.2673,41.117954,0,0,0,0,2.7459998,2.7459998,none,true,0,0,0,Stand,10.890936,,,,1,0->0:Exact,NONE
1753,29.234947,0.016585,-11158.238,1721.2673,41.117954,0,0,0,0,2.7459998,2.7459998,none,true,0,0,0,Stand,10.907521,,,,1,0->0:Exact,NONE
1754,29.251532,0.016625,-11158.238,1721.2673,41.117954,0,0,0,0,2.7459998,2.7459998,none,true,0,0,0,Stand,10.924147,,,,1,0->0:Exact,NONE
1755,29.268157,0.016606,-11158.238,1721.2673,41.117954,0,0,0,0,2.7459998,2.7459998,none,true,0,0,0,Stand,10.940753,,,,1,0->0:Exact,NONE
1756,29.284763,0.016747,-11158.238,1721.2673,41.117954,0,0,0,0,2.7459998,2.7459998,none,true,0,0,0,Stand,10.9575,,,,1,0->0:Exact,NONE
1757,29.301510,0.016927,-11158.238,1721.2673,41.117954,0,0,0,0,2.7459998,2.7459998,none,true,0,0,0,Stand,10.974427,,,,1,0->0:Exact,NONE
1758,29.318437,0.016421,-11158.238,1721.2673,41.117954,0,0,0,0,2.7459998,2.7459998,none,true,0,0,0,Stand,10.990849,,,,1,0->0:Exact,NONE
1759,29.334858,0.016682,-11158.238,1721.2673,41.117954,0,0,0,0,2.7459998,2.7459998,none,true,0,0,0,Stand,11.00753,,,,1,0->0:Exact,NONE
1760,29.351539,0.016632,-11158.238,1721.2673,41.117954,0,0,0,0,2.7459998,2.7459998,none,true,0,0,0,Stand,11.024162,,,,1,0->0:Exact,NONE
1761,29.368172,0.016821,-11158.238,1721.2673,41.117954,0,0,0,0,2.7459998,2.7459998,none,true,0,0,0,Stand,11.040983,,,,1,0->0:Exact,NONE
1762,29.384993,0.016627,-11158.238,1721.2673,41.117954,0,0,0,0,2.7459998,2.7459998,none,true,0,0,0,Stand,11.05761,,,,1,0->0:Exact,NONE
1763,29.401620,0.016700,-11158.238,1721.2673,41.117954,0,0,0,0,2.7459998,2.7459998,none,true,0,0,0,Stand,11.074309,,,,1,0->0:Exact,NONE
1764,29.418320,0.016567,-11158.238,1721.2673,41.117954,0,0,0,0,2.7459998,2.7459998,none,true,0,0,0,Stand,11.090876,,,,1,0->0:Exact,NONE
1765,29.434886,0.016716,-11158.238,1721.2673,41.117954,0,0,0,0,2.7459998,2.7459998,none,true,0,0,0,Stand,11.107592,,,,1,0->0:Exact,NONE
1766,29.451602,0.016764,-11158.238,1721.2673,41.117954,0,0,0,0,2.7459998,2.7459998,none,true,0,0,0,Stand,11.124356,,,,1,0->0:Exact,NONE
1767,29.468366,0.016622,-11158.238,1721.2673,41.117954,0,0,0,0,2.7459998,2.7459998,none,true,0,0,0,Stand,11.140978,,,,1,0->0:Exact,NONE
1768,29.484988,0.016720,-11158.238,1721.2673,41.117954,0,0,0,0,2.7459998,2.7459998,none,true,0,0,0,Stand,11.157699,,,,1,0->0:Exact,NONE
1769,29.501708,0.016763,-11158.238,1721.2673,41.117954,0,0,0,0,2.7459998,2.7459998,none,true,0,0,0,Stand,11.174461,,,,1,0->0:Exact,NONE
1770,29.518471,0.016530,-11158.238,1721.2673,41.117954,0,0,0,0,2.7459998,2.7459998,none,true,0,0,0,Stand,11.190991,,,,1,0->0:Exact,NONE
1771,29.535001,0.017366,-11158.238,1721.2673,41.117954,0,0,0,0,2.7459998,2.7459998,none,true,0,0,0,Stand,11.208357,,,,1,0->0:Exact,NONE
1772,29.552367,0.016082,-11158.238,1721.2673,41.117954,0,0,0,0,2.7459998,2.7459998,none,true,0,0,0,Stand,11.22444,,,,1,0->0:Exact,NONE
1773,29.568450,0.016590,-11158.238,1721.2673,41.117954,0,0,0,0,2.7459998,2.7459998,none,true,0,0,0,Stand,11.241029,,,,1,0->0:Exact,NONE
1774,29.585039,0.016812,-11158.238,1721.2673,41.117954,0,0,0,0,2.7459998,2.7459998,none,true,0,0,0,Stand,11.257841,,,,1,0->0:Exact,NONE
1775,29.601852,0.016621,-11158.238,1721.2673,41.117954,0,0,0,0,2.7459998,2.7459998,none,true,0,0,0,Stand,11.274462,,,,1,0->0:Exact,NONE
1776,29.618473,0.016599,-11158.238,1721.2673,41.117954,0,0,0,0,2.7459998,2.7459998,none,true,0,0,0,Stand,11.291061,,,,1,0->0:Exact,NONE
1777,29.635072,0.016685,-11158.238,1721.2673,41.117954,0,0,0,0,2.7459998,2.7459998,none,true,0,0,0,Stand,11.307747,,,,1,0->0:Exact,NONE
1778,29.651757,0.016657,-11158.238,1721.2673,41.117954,0,0,0,0,2.7459998,2.7459998,none,true,0,0,0,Stand,11.324404,,,,1,0->0:Exact,NONE
1779,29.668414,0.016651,-11158.238,1721.2673,41.117954,0,0,0,0,2.7459998,2.7459998,none,true,0,0,0,Stand,11.341055,,,,1,0->0:Exact,NONE
1780,29.685066,0.016760,-11158.238,1721.2673,41.117954,0,0,0,0,2.7459998,2.7459998,none,true,0,0,0,Stand,11.357815,,,,1,0->0:Exact,NONE
1781,29.701825,0.016640,-11158.238,1721.2673,41.117954,0,0,0,0,2.7459998,2.7459998,none,true,0,0,0,Stand,11.374455,,,,1,0->0:Exact,NONE
1782,29.718466,0.016719,-11158.238,1721.2673,41.117954,0,0,0,0,2.7459998,2.7459998,none,true,0,0,0,Stand,11.391175,,,,1,0->0:Exact,NONE
1783,29.735185,0.016634,-11158.238,1721.2673,41.117954,0,0,0,0,2.7459998,2.7459998,none,true,0,0,0,Stand,11.407809,,,,1,0->0:Exact,NONE
1784,29.751819,0.016907,-11158.238,1721.2673,41.117954,0,0,0,0,2.7459998,2.7459998,none,true,0,0,0,Stand,11.424716,,,,1,0->0:Exact,NONE
1785,29.768726,0.016445,-11158.238,1721.2673,41.117954,0,0,0,0,2.7459998,2.7459998,none,true,0,0,0,Stand,11.441161,,,,1,0->0:Exact,NONE
1786,29.785171,0.016647,-11158.238,1721.2673,41.117954,0,0,0,0,2.7459998,2.7459998,none,true,0,0,0,Stand,11.4578085,,,,1,0->0:Exact,NONE
1787,29.801818,0.016567,-11158.238,1721.2673,41.117954,0,0,0,0,2.7459998,2.7459998,none,true,0,0,0,Stand,11.474375,,,,1,0->0:Exact,NONE
1788,29.818385,0.016757,-11158.238,1721.2673,41.117954,0,0,0,0,2.7459998,2.7459998,none,true,0,0,0,Stand,11.491132,,,,1,0->0:Exact,NONE
1789,29.835142,0.016661,-11158.238,1721.2673,41.117954,0,0,0,0,2.7459998,2.7459998,none,true,0,0,0,Stand,11.507792,,,,1,0->0:Exact,NONE
1790,29.851803,0.016925,-11158.238,1721.2673,41.117954,0,0,0,0,2.7459998,2.7459998,none,true,0,0,0,Stand,11.524718,,,,1,0->0:Exact,NONE
1791,29.868728,0.016539,-11158.238,1721.2673,41.117954,0,0,0,0,2.7459998,2.7459998,none,true,0,0,0,Stand,11.541258,,,,1,0->0:Exact,NONE
1792,29.885267,0.016773,-11158.238,1721.2673,41.117954,0,0,0,0,2.7459998,2.7459998,none,true,0,0,0,Stand,11.558031,,,,1,0->0:Exact,NONE
1793,29.902041,0.016841,-11158.238,1721.2673,41.117954,0,0,0,0,2.7459998,2.7459998,none,true,0,0,0,Stand,11.574872,,,,1,0->0:Exact,NONE
1794,29.918881,0.016478,-11158.238,1721.2673,41.117954,0,0,0,0,2.7459998,2.7459998,none,true,0,0,0,Stand,11.59135,,,,1,0->0:Exact,NONE
1795,29.935359,0.016699,-11158.238,1721.2673,41.117954,0,0,0,0,2.7459998,2.7459998,none,true,0,0,0,Stand,11.608048,,,,1,0->0:Exact,NONE
1796,29.952058,0.016617,-11158.238,1721.2673,41.117954,0,0,0,0,2.7459998,2.7459998,none,true,0,0,0,Stand,11.624665,,,,1,0->0:Exact,NONE
1797,29.968675,0.016721,-11158.238,1721.2673,41.117954,0,0,0,0,2.7459998,2.7459998,none,true,0,0,0,Stand,11.641386,,,,1,0->0:Exact,NONE
1798,29.985396,0.016480,-11158.238,1721.2673,41.117954,0,0,0,0,2.7459998,2.7459998,none,true,0,0,0,Stand,11.6578665,,,,1,0->0:Exact,NONE
1799,30.001876,0.016804,-11158.238,1721.2673,41.117954,0,0,0,0,2.7459998,2.7459998,none,true,0,0,0,Stand,11.67467,,,,1,0->0:Exact,NONE
1800,30.018680,0.017016,-11158.238,1721.2673,41.117954,0,0,0,0,2.7459998,2.7459998,none,true,0,0,0,Stand,11.691686,,,,1,0->0:Exact,NONE
1801,30.035695,0.016832,-11158.238,1721.2673,41.117954,0,0,0,0,2.7459998,2.7459998,none,true,0,0,0,Stand,11.708517,,,,1,0->0:Exact,NONE
1802,30.052527,0.016067,-11158.238,1721.2673,41.117954,0,0,0,0,2.7459998,2.7459998,none,true,0,0,0,Stand,11.724585,,,,1,0->0:Exact,NONE
1803,30.068595,0.016810,-11158.238,1721.2673,41.117954,0,0,0,0,2.7459998,2.7459998,none,true,0,0,0,Stand,11.741394,,,,1,0->0:Exact,NONE
1804,30.085404,0.016703,-11158.238,1721.2673,41.117954,0,0,0,0,2.7459998,2.7459998,none,true,0,0,0,Stand,11.758098,,,,1,0->0:Exact,NONE
1805,30.102108,0.016758,-11158.238,1721.2673,41.117954,0,0,0,0,2.7459998,2.7459998,none,true,0,0,0,Stand,11.774856,,,,1,0->0:Exact,NONE
1806,30.118866,0.016898,-11158.238,1721.2673,41.117954,0,0,0,0,2.7459998,2.7459998,none,true,0,0,0,Stand,11.791754,,,,1,0->0:Exact,NONE
1807,30.135764,0.016428,-11158.238,1721.2673,41.117954,0,0,0,0,2.7459998,2.7459998,none,true,0,0,0,Stand,11.808182,,,,1,0->0:Exact,NONE
1808,30.152192,0.016749,-11158.238,1721.2673,41.117954,0,0,0,0,2.7459998,2.7459998,none,true,0,0,0,Stand,11.82493,,,,1,0->0:Exact,NONE
1809,30.168941,0.016585,-11158.238,1721.2673,41.117954,0,0,0,0,2.7459998,2.7459998,none,true,0,0,0,Stand,11.841516,,,,1,0->0:Exact,NONE
1810,30.185526,0.016743,-11158.238,1721.2673,41.117954,0,0,0,0,2.7459998,2.7459998,none,true,0,0,0,Stand,11.858259,,,,1,0->0:Exact,NONE
1811,30.202270,0.016888,-11158.238,1721.2673,41.117954,0,0,0,0,2.7459998,2.7459998,none,true,0,0,0,Stand,11.875147,,,,1,0->0:Exact,NONE
1812,30.219158,0.016545,-11158.238,1721.2673,41.117954,0,0,0,0,2.7459998,2.7459998,none,true,0,0,0,Stand,11.891692,,,,1,0->0:Exact,NONE
1813,30.235703,0.016572,-11158.238,1721.2673,41.117954,0,0,0,0,2.7459998,2.7459998,none,true,0,0,0,Stand,11.908264,,,,1,0->0:Exact,NONE
1814,30.252275,0.016687,-11158.238,1721.2673,41.117954,0,0,0,0,2.7459998,2.7459998,none,true,0,0,0,Stand,11.924952,,,,1,0->0:Exact,NONE
1815,30.268962,0.016770,-11158.238,1721.2673,41.117954,0,0,0,0,2.7459998,2.7459998,none,true,0,0,0,Stand,11.941722,,,,1,0->0:Exact,NONE
1816,30.285732,0.016662,-11158.238,1721.2673,41.117954,0,0,0,0,2.7459998,2.7459998,none,true,0,0,0,Stand,11.9583845,,,,1,0->0:Exact,NONE
1817,30.302395,0.016662,-11158.238,1721.2673,41.117954,0,0,0,0,2.7459998,2.7459998,none,true,0,0,0,Stand,11.975046,,,,1,0->0:Exact,NONE
1818,30.319057,0.016698,-11158.238,1721.2673,41.117954,0,0,0,0,2.7459998,2.7459998,none,true,0,0,0,Stand,11.991744,,,,1,0->0:Exact,NONE
1819,30.335754,0.016494,-11158.238,1721.2673,41.117954,0,0,0,0,2.7459998,2.7459998,none,true,0,0,0,Stand,12.008238,,,,1,0->0:Exact,NONE
1820,30.352248,0.016740,-11158.238,1721.2673,41.117954,0,0,0,0,2.7459998,2.7459998,none,true,0,0,0,Stand,12.024978,,,,1,0->0:Exact,NONE
1821,30.368988,0.016934,-11158.238,1721.2673,41.117954,0,0,0,0,2.7459998,2.7459998,none,true,0,0,0,Stand,12.041911,,,,1,0->0:Exact,NONE
1822,30.385921,0.016411,-11158.238,1721.2673,41.117954,0,0,0,0,2.7459998,2.7459998,none,true,0,0,0,Stand,12.058322,,,,1,0->0:Exact,NONE
1823,30.402332,0.016723,-11158.238,1721.2673,41.117954,0,0,0,0,2.7459998,2.7459998,none,true,0,0,0,Stand,12.075045,,,,1,0->0:Exact,NONE
1824,30.419055,0.016741,-11158.238,1721.2673,41.117954,0,0,0,0,2.7459998,2.7459998,none,true,0,0,0,Stand,12.091786,,,,1,0->0:Exact,NONE
1825,30.435797,0.016601,-11158.238,1721.2673,41.117954,0,0,0,0,2.7459998,2.7459998,none,true,0,0,0,Stand,12.108388,,,,1,0->0:Exact,NONE
1826,30.452398,0.016809,-11158.238,1721.2673,41.117954,0,0,0,0,2.7459998,2.7459998,none,true,0,0,0,Stand,12.125196,,,,1,0->0:Exact,NONE
1827,30.469207,0.016473,-11158.238,1721.2673,41.117954,0,0,0,0,2.7459998,2.7459998,none,true,0,0,0,Stand,12.141669,,,,1,0->0:Exact,NONE
1828,30.485679,0.016818,-11158.238,1721.2673,41.117954,0,0,0,0,2.7459998,2.7459998,none,true,0,0,0,Stand,12.158487,,,,1,0->0:Exact,NONE
1829,30.502497,0.016622,-11158.238,1721.2673,41.117954,0,0,0,0,2.7459998,2.7459998,none,true,0,0,0,Stand,12.175109,,,,1,0->0:Exact,NONE
1830,30.519119,0.016708,-11158.238,1721.2673,41.117954,0,0,0,0,2.7459998,2.7459998,none,true,0,0,0,Stand,12.191817,,,,1,0->0:Exact,NONE
1831,30.535827,0.016710,-11158.238,1721.2673,41.117954,0,0,0,0,2.7459998,2.7459998,none,true,0,0,0,Stand,12.208527,,,,1,0->0:Exact,NONE
1832,30.552537,0.016844,-11158.238,1721.2673,41.117954,0,0,0,0,2.7459998,2.7459998,none,true,0,0,0,Stand,12.22537,,,,1,0->0:Exact,NONE
1833,30.569381,0.016726,-11158.238,1721.2673,41.117954,0,0,0,0,2.7459998,2.7459998,none,true,0,0,0,Stand,12.242096,,,,1,0->0:Exact,NONE
1834,30.586106,0.016447,-11158.238,1721.2673,41.117954,0,0,0,0,2.7459998,2.7459998,none,true,0,0,0,Stand,12.258543,,,,1,0->0:Exact,NONE
1835,30.602553,0.016738,-11158.238,1721.2673,41.117954,0,0,0,0,2.7459998,2.7459998,none,true,0,0,0,Stand,12.275281,,,,1,0->0:Exact,NONE
1836,30.619291,0.016827,-11158.238,1721.2673,41.117954,0,0,0,0,2.7459998,2.7459998,none,true,0,0,0,Stand,12.292108,,,,1,0->0:Exact,NONE
1837,30.636118,0.017321,-11158.238,1721.2673,41.117954,0,0,0,0,2.7459998,2.7459998,none,true,0,0,0,Stand,12.309428,,,,1,0->0:Exact,NONE
1838,30.653439,0.015837,-11158.238,1721.2673,41.117954,0,0,0,0,2.7459998,2.7459998,none,true,0,0,0,Stand,12.325265,,,,1,0->0:Exact,NONE
1839,30.669275,0.016611,-11158.238,1721.2673,41.117954,0,0,0,0,2.7459998,2.7459998,none,true,0,0,0,Stand,12.341876,,,,1,0->0:Exact,NONE
1840,30.685886,0.016790,-11158.238,1721.2673,41.117954,0,0,0,0,2.7459998,2.7459998,none,true,0,0,0,Stand,12.358666,,,,1,0->0:Exact,NONE
1841,30.702676,0.016551,-11158.238,1721.2673,41.117954,0,0,0,0,2.7459998,2.7459998,none,true,0,0,0,Stand,12.375217,,,,1,0->0:Exact,NONE
1842,30.719227,0.016687,-11158.238,1721.2673,41.117954,0,0,0,0,2.7459998,2.7459998,none,true,0,0,0,Stand,12.391905,,,,1,0->0:Exact,NONE
1843,30.735914,0.016806,-11158.238,1721.2673,41.117954,0,0,0,0,2.7459998,2.7459998,none,true,0,0,0,Stand,12.4087105,,,,1,0->0:Exact,NONE
1844,30.752720,0.016708,-11158.238,1721.2673,41.117954,0,0,0,0,2.7459998,2.7459998,none,true,0,0,0,Stand,12.425419,,,,1,0->0:Exact,NONE
1845,30.769429,0.016673,-11158.238,1721.2673,41.117954,0,0,0,0,2.7459998,2.7459998,none,true,0,0,0,Stand,12.442092,,,,1,0->0:Exact,NONE
1846,30.786102,0.016948,-11158.238,1721.2673,41.117954,0,0,0,0,2.7459998,2.7459998,none,true,0,0,0,Stand,12.45904,,,,1,0->0:Exact,NONE
1847,30.803050,0.016297,-11158.238,1721.2673,41.117954,0,0,0,0,2.7459998,2.7459998,none,true,0,0,0,Stand,12.475336,,,,1,0->0:Exact,NONE
1848,30.819346,0.016794,-11158.238,1721.2673,41.117954,0,0,0,0,2.7459998,2.7459998,none,true,0,0,0,Stand,12.49213,,,,1,0->0:Exact,NONE
1849,30.836140,0.016510,-11158.238,1721.2673,41.117954,0,0,0,0,2.7459998,2.7459998,none,true,0,0,0,Stand,12.50864,,,,1,0->0:Exact,NONE
1850,30.852650,0.016676,-11158.238,1721.2673,41.117954,0,0,0,0,2.7459998,2.7459998,none,true,0,0,0,Stand,12.525316,,,,1,0->0:Exact,NONE
1851,30.869326,0.016653,-11158.238,1721.2673,41.117954,0,0,0,0,2.7459998,2.7459998,none,true,0,0,0,Stand,12.541969,,,,1,0->0:Exact,NONE
1852,30.885978,0.016914,-11158.238,1721.2673,41.117954,0,0,0,0,2.7459998,2.7459998,none,true,0,0,0,Stand,12.558884,,,,1,0->0:Exact,NONE
1853,30.902892,0.016613,-11158.238,1721.2673,41.117954,0,0,0,0,2.7459998,2.7459998,none,true,0,0,0,Stand,12.575497,,,,1,0->0:Exact,NONE
1854,30.919505,0.016943,-11158.238,1721.2673,41.117954,0,0,0,0,2.7459998,2.7459998,none,true,0,0,0,Stand,12.59244,,,,1,0->0:Exact,NONE
1855,30.936448,0.016205,-11158.238,1721.2673,41.117954,0,0,0,0,2.7459998,2.7459998,none,true,0,0,0,Stand,12.6086445,,,,1,0->0:Exact,NONE
1856,30.952653,0.016758,-11158.238,1721.2673,41.117954,0,0,0,0,2.7459998,2.7459998,none,true,0,0,0,Stand,12.625402,,,,1,0->0:Exact,NONE
1857,30.969412,0.017034,-11158.238,1721.2673,41.117954,0,0,0,0,2.7459998,2.7459998,none,true,0,0,0,Stand,12.642436,,,,1,0->0:Exact,NONE
1858,30.986446,0.016486,-11158.238,1721.2673,41.117954,0,0,0,0,2.7459998,2.7459998,none,true,0,0,0,Stand,12.658922,,,,1,0->0:Exact,NONE
1859,31.002932,0.016462,-11158.238,1721.2673,41.117954,0,0,0,0,2.7459998,2.7459998,none,true,0,0,0,Stand,12.675384,,,,1,0->0:Exact,NONE
1860,31.019394,0.016742,-11158.238,1721.2673,41.117954,0,0,0,0,2.7459998,2.7459998,none,true,0,0,0,Stand,12.692125,,,,1,0->0:Exact,NONE
1861,31.036136,0.016657,-11158.238,1721.2673,41.117954,0,0,0,0,2.7459998,2.7459998,none,true,0,0,0,Stand,12.708783,,,,1,0->0:Exact,NONE
1862,31.052793,0.016715,-11158.238,1721.2673,41.117954,0,0,0,0,2.7459998,2.7459998,none,true,0,0,0,Stand,12.725498,,,,1,0->0:Exact,NONE
1863,31.069508,0.016752,-11158.238,1721.2673,41.117954,0,0,0,0,2.7459998,2.7459998,none,true,0,0,0,Stand,12.74225,,,,1,0->0:Exact,NONE
1864,31.086260,0.016763,-11158.238,1721.2673,41.117954,0,0,0,0,2.7459998,2.7459998,none,true,0,0,0,Stand,12.759013,,,,1,0->0:Exact,NONE
1865,31.103023,0.016490,-11158.238,1721.2673,41.117954,0,0,0,0,2.7459998,2.7459998,none,true,0,0,0,Stand,12.775503,,,,1,0->0:Exact,NONE
1866,31.119513,0.016783,-11158.238,1721.2673,41.117954,0,0,0,0,2.7459998,2.7459998,none,true,0,0,0,Stand,12.792286,,,,1,0->0:Exact,NONE
1867,31.136296,0.017687,-11158.238,1721.2673,41.117954,0,0,0,0,2.7459998,2.7459998,none,true,0,0,0,Stand,12.809973,,,,1,0->0:Exact,NONE
1868,31.153983,0.015680,-11158.238,1721.2673,41.117954,0,0,0,0,2.7459998,2.7459998,none,true,0,0,0,Stand,12.825653,,,,1,0->0:Exact,NONE
