frame,t,dt,posX,posY,posZ,velX,velY,velZ,horizSpeed,aimYaw,bodyYaw,inputFlags,grounded,verticalVel,fallTimeMs,clipId,clipName,clipTime,clipB,clipBTime,blendWeight,playbackRate,lastAnimChoice,wireSentThisTick
0,0.000000,0.011059,-8949.95,-132.493,83.52341,0,0,0,0,2.7459998,2.7459998,none,false,0,27.8416,0,Stand,0.1862077,,,,1,0->0:Exact,NONE
1,0.011059,0.013905,-8949.95,-132.493,83.51968,0,0,0,0,2.7459998,2.7459998,none,false,0,41.7466,0,Stand,0.2001127,,,,1,0->0:Exact,NONE
2,0.024964,0.016691,-8949.95,-132.493,83.514305,0,0,0,0,2.7459998,2.7459998,none,false,0,58.4377,0,Stand,0.2168038,,,,1,0->0:Exact,NONE
3,0.041655,0.018066,-8949.95,-132.493,83.50801,0,0,0,0,2.7459998,2.7459998,none,false,0,76.504,0,Stand,0.2348701,,,,1,0->0:Exact,NONE
4,0.059721,0.016104,-8949.95,-132.493,83.503006,0,0,0,0,2.7459998,2.7459998,none,false,0,92.6081,0,Stand,0.2509742,,,,1,0->0:Exact,NONE
5,0.075826,0.016462,-8949.95,-132.493,83.49778,0,0,0,0,2.7459998,2.7459998,none,false,0,109.0705,0,Stand,0.26743662,,,,1,0->0:Exact,NONE
6,0.092288,0.018286,-8949.95,-132.493,83.49133,0,0,0,0,2.7459998,2.7459998,none,false,0,127.356606,0,Stand,0.28572273,,,,1,0->0:Exact,NONE
7,0.110574,0.016368,-8949.95,-132.493,83.48617,0,0,0,0,2.7459998,2.7459998,none,false,0,143.7245,0,Stand,0.30209064,,,,1,0->0:Exact,NONE
8,0.126942,0.015715,-8949.95,-132.493,83.48141,0,0,0,0,2.7459998,2.7459998,none,false,0,159.4393,0,Stand,0.31780544,,,,1,0->0:Exact,NONE
9,0.142657,0.017272,-8949.95,-132.493,83.475655,0,0,0,0,2.7459998,2.7459998,none,false,0,176.7115,0,Stand,0.33507764,,,,1,0->0:Exact,NONE
10,0.159929,0.050000,-8949.95,-132.493,83.529526,0,0,0,0,2.7459998,2.7459998,none,true,0,0,0,Stand,0.38507766,,,,1,0->0:Exact,MSG_MOVE_FALL_LAND
11,0.209929,0.002505,-8949.95,-132.493,83.529526,0,0,0,0,2.7459998,2.7459998,none,true,0,0,0,Stand,0.38758275,,,,1,0->0:Exact,NONE
12,0.212434,0.008215,-8949.95,-132.493,83.529526,0,0,0,0,2.7459998,2.7459998,none,true,0,0,0,Stand,0.39579806,,,,1,0->0:Exact,NONE
13,0.220649,0.016709,-8949.95,-132.493,83.529526,0,0,0,0,2.7459998,2.7459998,none,true,0,0,0,Stand,0.41250685,,,,1,0->0:Exact,NONE
14,0.237358,0.017834,-8949.95,-132.493,83.529526,0,0,0,0,2.7459998,2.7459998,none,true,0,0,0,Stand,0.43034136,,,,1,0->0:Exact,NONE
15,0.255193,0.015971,-8949.95,-132.493,83.529526,0,0,0,0,2.7459998,2.7459998,none,true,0,0,0,Stand,0.44631276,,,,1,0->0:Exact,NONE
16,0.271164,0.016157,-8949.95,-132.493,83.529526,0,0,0,0,2.7459998,2.7459998,none,true,0,0,0,Stand,0.46246925,,,,1,0->0:Exact,NONE
17,0.287321,0.021072,-8949.95,-132.493,83.529526,0,0,0,0,2.7459998,2.7459998,none,true,0,0,0,Stand,0.48354104,,,,1,0->0:Exact,NONE
18,0.308392,0.013700,-8949.95,-132.493,83.529526,0,0,0,0,2.7459998,2.7459998,none,true,0,0,0,Stand,0.49724093,,,,1,0->0:Exact,NONE
19,0.322092,0.016715,-8949.95,-132.493,83.529526,0,0,0,0,2.7459998,2.7459998,none,true,0,0,0,Stand,0.51395625,,,,1,0->0:Exact,NONE
20,0.338807,0.017055,-8949.95,-132.493,83.529526,0,0,0,0,2.7459998,2.7459998,none,true,0,0,0,Stand,0.53101075,,,,1,0->0:Exact,NONE
21,0.355862,0.016550,-8949.95,-132.493,83.529526,0,0,0,0,2.7459998,2.7459998,none,true,0,0,0,Stand,0.5475606,,,,1,0->0:Exact,NONE
22,0.372412,0.016712,-8949.95,-132.493,83.529526,0,0,0,0,2.7459998,2.7459998,none,true,0,0,0,Stand,0.56427246,,,,1,0->0:Exact,NONE
23,0.389124,0.016926,-8949.95,-132.493,83.529526,0,0,0,0,2.7459998,2.7459998,none,true,0,0,0,Stand,0.58119804,,,,1,0->0:Exact,NONE
24,0.406049,0.014759,-8949.95,-132.493,83.529526,0,0,0,0,2.7459998,2.7459998,none,true,0,0,0,Stand,0.5959566,,,,1,0->0:Exact,NONE
25,0.420808,0.018183,-8949.95,-132.493,83.529526,0,0,0,0,2.7459998,2.7459998,none,true,0,0,0,Stand,0.6141395,,,,1,0->0:Exact,NONE
26,0.438991,0.015039,-8949.95,-132.493,83.529526,0,0,0,0,2.7459998,2.7459998,none,true,0,0,0,Stand,0.6291784,,,,1,0->0:Exact,NONE
27,0.454030,0.018294,-8949.95,-132.493,83.529526,0,0,0,0,2.7459998,2.7459998,none,true,0,0,0,Stand,0.647472,,,,1,0->0:Exact,NONE
28,0.472323,0.016591,-8949.95,-132.493,83.529526,0,0,0,0,2.7459998,2.7459998,none,true,0,0,0,Stand,0.66406274,,,,1,0->0:Exact,NONE
29,0.488914,0.016657,-8949.95,-132.493,83.529526,0,0,0,0,2.7459998,2.7459998,none,true,0,0,0,Stand,0.6807193,,,,1,0->0:Exact,NONE
30,0.505571,0.017127,-8949.95,-132.493,83.529526,0,0,0,0,2.7459998,2.7459998,none,true,0,0,0,Stand,0.6978461,,,,1,0->0:Exact,NONE
31,0.522697,0.016365,-8949.95,-132.493,83.529526,0,0,0,0,2.7459998,2.7459998,none,true,0,0,0,Stand,0.7142111,,,,1,0->0:Exact,NONE
32,0.539062,0.015001,-8949.95,-132.493,83.529526,0,0,0,0,2.7459998,2.7459998,none,true,0,0,0,Stand,0.7292121,,,,1,0->0:Exact,NONE
33,0.554063,0.018448,-8949.95,-132.493,83.529526,0,0,0,0,2.7459998,2.7459998,none,true,0,0,0,Stand,0.7476605,,,,1,0->0:Exact,NONE
34,0.572512,0.016295,-8949.95,-132.493,83.529526,0,0,0,0,2.7459998,2.7459998,none,true,0,0,0,Stand,0.76395524,,,,1,0->0:Exact,NONE
35,0.588806,0.015419,-8949.95,-132.493,83.529526,0,0,0,0,2.7459998,2.7459998,none,true,0,0,0,Stand,0.77937406,,,,1,0->0:Exact,NONE
36,0.604225,0.016567,-8949.95,-132.493,83.529526,0,0,0,0,2.7459998,2.7459998,none,true,0,0,0,Stand,0.79594064,,,,1,0->0:Exact,NONE
37,0.620792,0.018091,-8949.95,-132.493,83.529526,0,0,0,0,2.7459998,2.7459998,none,true,0,0,0,Stand,0.81403154,,,,1,0->0:Exact,NONE
38,0.638883,0.015614,-8949.95,-132.493,83.529526,0,0,0,0,2.7459998,2.7459998,none,true,0,0,0,Stand,0.82964534,,,,1,0->0:Exact,NONE
39,0.654497,0.017732,-8949.95,-132.493,83.529526,0,0,0,0,2.7459998,2.7459998,none,true,0,0,0,Stand,0.8473774,,,,1,0->0:Exact,NONE
40,0.672229,0.016329,-8949.95,-132.493,83.529526,0,0,0,0,2.7459998,2.7459998,none,true,0,0,0,Stand,0.863706,,,,1,0->0:Exact,NONE
41,0.688557,0.015683,-8949.95,-132.493,83.529526,0,0,0,0,2.7459998,2.7459998,none,true,0,0,0,Stand,0.8793893,,,,1,0->0:Exact,NONE
42,0.704241,0.018117,-8949.95,-132.493,83.529526,0,0,0,0,2.7459998,2.7459998,none,true,0,0,0,Stand,0.8975059,,,,1,0->0:Exact,NONE
43,0.722357,0.016781,-8949.95,-132.493,83.529526,0,0,0,0,2.7459998,2.7459998,none,true,0,0,0,Stand,0.9142872,,,,1,0->0:Exact,NONE
44,0.739138,0.016546,-8949.95,-132.493,83.529526,0,0,0,0,2.7459998,2.7459998,none,true,0,0,0,Stand,0.93083334,,,,1,0->0:Exact,NONE
45,0.755685,0.016540,-8949.95,-132.493,83.529526,0,0,0,0,2.7459998,2.7459998,none,true,0,0,0,Stand,0.94737315,,,,1,0->0:Exact,NONE
46,0.772224,0.016601,-8949.95,-132.493,83.529526,0,0,0,0,2.7459998,2.7459998,none,true,0,0,0,Stand,0.96397376,,,,1,0->0:Exact,NONE
47,0.788825,0.015590,-8949.95,-132.493,83.529526,0,0,0,0,2.7459998,2.7459998,none,true,0,0,0,Stand,0.97956365,,,,1,0->0:Exact,NONE
48,0.804415,0.016901,-8949.95,-132.493,83.529526,0,0,0,0,2.7459998,2.7459998,none,true,0,0,0,Stand,0.996465,,,,1,0->0:Exact,NONE
49,0.821316,0.016433,-8949.95,-132.493,83.529526,0,0,0,0,2.7459998,2.7459998,none,true,0,0,0,Stand,1.0128978,,,,1,0->0:Exact,NONE
50,0.837749,0.016571,-8949.95,-132.493,83.529526,0,0,0,0,2.7459998,2.7459998,none,true,0,0,0,Stand,1.0294685,,,,1,0->0:Exact,NONE
51,0.854320,0.016971,-8949.95,-132.493,83.529526,0,0,0,0,2.7459998,2.7459998,none,true,0,0,0,Stand,1.0464394,,,,1,0->0:Exact,NONE
52,0.871291,0.016581,-8949.95,-132.493,83.529526,0,0,0,0,2.7459998,2.7459998,none,true,0,0,0,Stand,1.0630202,,,,1,0->0:Exact,NONE
53,0.887871,0.018021,-8949.95,-132.493,83.529526,0,0,0,0,2.7459998,2.7459998,none,true,0,0,0,Stand,1.0810413,,,,1,0->0:Exact,NONE
54,0.905893,0.015304,-8949.95,-132.493,83.529526,0,0,0,0,2.7459998,2.7459998,none,true,0,0,0,Stand,1.0963452,,,,1,0->0:Exact,NONE
55,0.921196,0.017913,-8949.95,-132.493,83.529526,0,0,0,0,2.7459998,2.7459998,none,true,0,0,0,Stand,1.1142583,,,,1,0->0:Exact,NONE
56,0.939109,0.016824,-8949.95,-132.493,83.529526,0,0,0,0,2.7459998,2.7459998,none,true,0,0,0,Stand,1.1310819,,,,1,0->0:Exact,NONE
57,0.955933,0.017029,-8949.95,-132.493,83.529526,0,0,0,0,2.7459998,2.7459998,none,true,0,0,0,Stand,1.1481113,,,,1,0->0:Exact,NONE
58,0.972963,0.016578,-8949.95,-132.493,83.529526,0,0,0,0,2.7459998,2.7459998,none,true,0,0,0,Stand,1.1646895,,,,1,0->0:Exact,NONE
59,0.989541,0.016753,-8949.95,-132.493,83.529526,0,0,0,0,2.7459998,2.7459998,none,true,0,0,0,Stand,1.181443,,,,1,0->0:Exact,NONE
60,1.006294,0.016194,-8949.95,-132.493,83.529526,0,0,0,0,2.7459998,2.7459998,none,true,0,0,0,Stand,1.1976371,,,,1,0->0:Exact,NONE
61,1.022488,0.016688,-8949.95,-132.493,83.529526,0,0,0,0,2.7459998,2.7459998,none,true,0,0,0,Stand,1.214325,,,,1,0->0:Exact,NONE
62,1.039176,0.016924,-8949.95,-132.493,83.529526,0,0,0,0,2.7459998,2.7459998,none,true,0,0,0,Stand,1.2312491,,,,1,0->0:Exact,NONE
63,1.056100,0.015317,-8949.95,-132.493,83.529526,0,0,0,0,2.7459998,2.7459998,none,true,0,0,0,Stand,1.2465665,,,,1,0->0:Exact,NONE
64,1.071418,0.017929,-8949.95,-132.493,83.529526,0,0,0,0,2.7459998,2.7459998,none,true,0,0,0,Stand,1.2644957,,,,1,0->0:Exact,NONE
65,1.089347,0.016672,-8949.95,-132.493,83.529526,0,0,0,0,2.7459998,2.7459998,none,true,0,0,0,Stand,1.2811681,,,,1,0->0:Exact,NONE
66,1.106019,0.015420,-8949.95,-132.493,83.529526,0,0,0,0,2.7459998,2.7459998,none,true,0,0,0,Stand,1.296588,,,,1,0->0:Exact,NONE
67,1.121439,0.018368,-8949.95,-132.493,83.529526,0,0,0,0,2.7459998,2.7459998,none,true,0,0,0,Stand,1.3149564,,,,1,0->0:Exact,NONE
68,1.139808,0.014893,-8949.95,-132.493,83.529526,0,0,0,0,2.7459998,2.7459998,none,true,0,0,0,Stand,1.3298492,,,,1,0->0:Exact,NONE
69,1.154700,0.017956,-8949.95,-132.493,83.529526,0,0,0,0,2.7459998,2.7459998,none,true,0,0,0,Stand,1.3478054,,,,1,0->0:Exact,NONE
70,1.172656,0.017110,-8949.95,-132.493,83.529526,0,0,0,0,2.7459998,2.7459998,none,true,0,0,0,Stand,1.364915,,,,1,0->0:Exact,NONE
71,1.189766,0.016775,-8949.95,-132.493,83.529526,0,0,0,0,2.7459998,2.7459998,none,true,0,0,0,Stand,1.3816898,,,,1,0->0:Exact,NONE
72,1.206541,0.016239,-8949.95,-132.493,83.529526,0,0,0,0,2.7459998,2.7459998,none,true,0,0,0,Stand,1.3979285,,,,1,0->0:Exact,NONE
73,1.222780,0.016736,-8949.95,-132.493,83.529526,0,0,0,0,2.7459998,2.7459998,none,true,0,0,0,Stand,1.4146645,,,,1,0->0:Exact,NONE
74,1.239516,0.016666,-8949.95,-132.493,83.529526,0,0,0,0,2.7459998,2.7459998,none,true,0,0,0,Stand,1.4313302,,,,1,0->0:Exact,NONE
75,1.256181,0.015464,-8949.95,-132.493,83.529526,0,0,0,0,2.7459998,2.7459998,none,true,0,0,0,Stand,1.4467938,,,,1,0->0:Exact,NONE
76,1.271645,0.018342,-8949.95,-132.493,83.529526,0,0,0,0,2.7459998,2.7459998,none,true,0,0,0,Stand,1.465136,,,,1,0->0:Exact,NONE
77,1.289987,0.016600,-8949.95,-132.493,83.529526,0,0,0,0,2.7459998,2.7459998,none,true,0,0,0,Stand,1.4817358,,,,1,0->0:Exact,NONE
78,1.306587,0.014866,-8949.95,-132.493,83.529526,0,0,0,0,2.7459998,2.7459998,none,true,0,0,0,Stand,1.4966022,,,,1,0->0:Exact,NONE
79,1.321453,0.017093,-8949.95,-132.493,83.529526,0,0,0,0,2.7459998,2.7459998,none,true,0,0,0,Stand,1.5136954,,,,1,0->0:Exact,NONE
80,1.338547,0.017826,-8949.95,-132.493,83.529526,0,0,0,0,2.7459998,2.7459998,none,true,0,0,0,Stand,1.5315212,,,,1,0->0:Exact,NONE
81,1.356372,0.016699,-8949.95,-132.493,83.529526,0,0,0,0,2.7459998,2.7459998,none,true,0,0,0,Stand,1.5482206,,,,1,0->0:Exact,NONE
82,1.373072,0.016730,-8949.95,-132.493,83.529526,0,0,0,0,2.7459998,2.7459998,none,true,0,0,0,Stand,1.5649511,,,,1,0->0:Exact,NONE
83,1.389802,0.016946,-8949.95,-132.493,83.529526,0,0,0,0,2.7459998,2.7459998,none,true,0,0,0,Stand,1.5818973,,,,1,0->0:Exact,NONE
84,1.406748,0.016441,-8949.95,-132.493,83.529526,0,0,0,0,2.7459998,2.7459998,none,true,0,0,0,Stand,1.5983386,,,,1,0->0:Exact,NONE
85,1.423190,0.017070,-8949.95,-132.493,83.529526,0,0,0,0,2.7459998,2.7459998,none,true,0,0,0,Stand,1.6154088,,,,1,0->0:Exact,NONE
86,1.440260,0.016152,-8949.95,-132.493,83.529526,0,0,0,0,2.7459998,2.7459998,none,true,0,0,0,Stand,1.6315604,,,,1,0->0:Exact,NONE
87,1.456412,0.016785,-8949.95,-132.493,83.529526,0,0,0,0,2.7459998,2.7459998,none,true,0,0,0,Stand,1.6483454,,,,1,0->0:Exact,NONE
88,1.473196,0.016727,-8949.95,-132.493,83.529526,0,0,0,0,2.7459998,2.7459998,none,true,0,0,0,Stand,1.6650723,,,,1,0->0:Exact,NONE
89,1.489923,0.014936,-8949.95,-132.493,83.529526,0,0,0,0,2.7459998,2.7459998,none,true,0,0,0,Stand,1.6800083,,,,1,0->0:Exact,NONE
90,1.504859,0.018336,-8949.95,-132.493,83.529526,0,0,0,0,2.7459998,2.7459998,none,true,0,0,0,Stand,1.6983447,,,,1,0->0:Exact,NONE
91,1.523196,0.016930,-8949.95,-132.493,83.529526,0,0,0,0,2.7459998,2.7459998,none,true,0,0,0,Stand,1.715275,,,,1,0->0:Exact,NONE
92,1.540126,0.016846,-8949.95,-132.493,83.529526,0,0,0,0,2.7459998,2.7459998,none,true,0,0,0,Stand,1.7321208,,,,1,0->0:Exact,NONE
93,1.556972,0.017092,-8949.95,-132.493,83.529526,0,0,0,0,2.7459998,2.7459998,none,true,0,0,0,Stand,1.7492127,,,,1,0->0:Exact,NONE
94,1.574064,0.014487,-8949.95,-132.493,83.529526,0,0,0,0,2.7459998,2.7459998,none,true,0,0,0,Stand,1.7636997,,,,1,0->0:Exact,NONE
95,1.588551,0.018218,-8949.95,-132.493,83.529526,0,0,0,0,2.7459998,2.7459998,none,true,0,0,0,Stand,1.7819175,,,,1,0->0:Exact,NONE
96,1.606769,0.016454,-8949.95,-132.493,83.529526,0,0,0,0,2.7459998,2.7459998,none,true,0,0,0,Stand,1.798371,,,,1,0->0:Exact,NONE
97,1.623222,0.016854,-8949.95,-132.493,83.529526,0,0,0,0,2.7459998,2.7459998,none,true,0,0,0,Stand,1.8152245,,,,1,0->0:Exact,NONE
98,1.640076,0.016550,-8949.95,-132.493,83.529526,0,0,0,0,2.7459998,2.7459998,none,true,0,0,0,Stand,1.831775,,,,1,0->0:Exact,NONE
99,1.656626,0.016973,-8949.95,-132.493,83.529526,0,0,0,0,2.7459998,2.7459998,none,true,0,0,0,Stand,1.8487481,,,,1,0->0:Exact,NONE
100,1.673599,0.016225,-8949.95,-132.493,83.529526,0,0,0,0,2.7459998,2.7459998,none,true,0,0,0,Stand,1.8649728,,,,1,0->0:Exact,NONE
101,1.689824,0.017037,-8949.95,-132.493,83.529526,0,0,0,0,2.7459998,2.7459998,none,true,0,0,0,Stand,1.8820096,,,,1,0->0:Exact,NONE
102,1.706861,0.015067,-8949.95,-132.493,83.529526,0,0,0,0,2.7459998,2.7459998,none,true,0,0,0,Stand,1.8970762,,,,1,0->0:Exact,NONE
103,1.721927,0.018534,-8949.95,-132.493,83.529526,0,0,0,0,2.7459998,2.7459998,none,true,0,0,0,Stand,1.9156101,,,,1,0->0:Exact,NONE
104,1.740461,0.016406,-8949.95,-132.493,83.529526,0,0,0,0,2.7459998,2.7459998,none,true,0,0,0,Stand,1.9320161,,,,1,0->0:Exact,NONE
105,1.756867,0.016699,-8949.95,-132.493,83.529526,0,0,0,0,2.7459998,2.7459998,none,true,0,0,0,Stand,1.9487149,,,,1,0->0:Exact,NONE
106,1.773566,0.016336,-8949.95,-132.493,83.529526,0,0,0,0,2.7459998,2.7459998,none,true,0,0,0,Stand,1.9650503,,,,1,0->0:Exact,NONE
107,1.789901,0.016853,-8949.95,-132.493,83.529526,0,0,0,0,2.7459998,2.7459998,none,true,0,0,0,Stand,1.9819037,,,,1,0->0:Exact,NONE
108,1.806755,0.016568,-8949.95,-132.493,83.529526,0,0,0,0,2.7459998,2.7459998,none,true,0,0,0,Stand,1.9984715,,,,1,0->0:Exact,NONE
109,1.823322,0.016744,-8949.95,-132.493,83.529526,0,0,0,0,2.7459998,2.7459998,none,true,0,0,0,Stand,2.0152156,,,,1,0->0:Exact,NONE
110,1.840067,0.016601,-8949.95,-132.493,83.529526,0,0,0,0,2.7459998,2.7459998,none,true,0,0,0,Stand,2.0318162,,,,1,0->0:Exact,NONE
111,1.856667,0.016875,-8949.95,-132.493,83.529526,0,0,0,0,2.7459998,2.7459998,none,true,0,0,0,Stand,2.0486915,,,,1,0->0:Exact,NONE
112,1.873542,0.016810,-8949.95,-132.493,83.529526,0,0,0,0,2.7459998,2.7459998,none,true,0,0,0,Stand,2.0655017,,,,1,0->0:Exact,NONE
113,1.890352,0.017831,-8949.95,-132.493,83.529526,0,0,0,0,2.7459998,2.7459998,none,true,0,0,0,Stand,2.0833323,,,,1,0->0:Exact,NONE
114,1.908183,0.013845,-8949.95,-132.493,83.529526,0,0,0,0,2.7459998,2.7459998,none,true,0,0,0,Stand,2.0971773,,,,1,0->0:Exact,NONE
115,1.922028,0.018164,-8949.95,-132.493,83.529526,0,0,0,0,2.7459998,2.7459998,none,true,0,0,0,Stand,2.1153412,,,,1,0->0:Exact,NONE
116,1.940192,0.016792,-8949.95,-132.493,83.529526,0,0,0,0,2.7459998,2.7459998,none,true,0,0,0,Stand,2.1321335,,,,1,0->0:Exact,NONE
117,1.956984,0.016896,-8949.95,-132.493,83.529526,0,0,0,0,2.7459998,2.7459998,none,true,0,0,0,Stand,2.1490293,,,,1,0->0:Exact,NONE
118,1.973880,0.015720,-8949.95,-132.493,83.529526,0,0,0,0,2.7459998,2.7459998,none,true,0,0,0,Stand,2.1647491,,,,1,0->0:Exact,NONE
119,1.989600,0.015979,-8949.95,-132.493,83.529526,0,0,0,0,2.7459998,2.7459998,none,true,0,0,0,Stand,2.1807284,,,,1,0->0:Exact,NONE
120,2.005579,0.018341,-8949.95,-132.493,83.529526,0,0,0,0,2.7459998,2.7459998,none,true,0,0,0,Stand,2.1990697,,,,1,0->0:Exact,NONE
121,2.023921,0.016430,-8949.95,-132.493,83.529526,0,0,0,0,2.7459998,2.7459998,none,true,0,0,0,Stand,2.2154996,,,,1,0->0:Exact,NONE
122,2.040350,0.016784,-8949.95,-132.493,83.529526,0,0,0,0,2.7459998,2.7459998,none,true,0,0,0,Stand,2.2322836,,,,1,0->0:Exact,NONE
123,2.057134,0.015251,-8949.95,-132.493,83.529526,0,0,0,0,2.7459998,2.7459998,none,true,0,0,0,Stand,2.247535,,,,1,0->0:Exact,NONE
124,2.072386,0.018055,-8949.95,-132.493,83.529526,0,0,0,0,2.7459998,2.7459998,none,true,0,0,0,Stand,2.26559,,,,1,0->0:Exact,NONE
125,2.090441,0.016650,-8949.95,-132.493,83.529526,0,0,0,0,2.7459998,2.7459998,none,true,0,0,0,Stand,2.2822404,,,,1,0->0:Exact,NONE
126,2.107091,0.015086,-8949.95,-132.493,83.529526,0,0,0,0,2.7459998,2.7459998,none,true,0,0,0,Stand,2.2973268,,,,1,0->0:Exact,NONE
127,2.122177,0.018264,-8949.95,-132.493,83.529526,0,0,0,0,2.7459998,2.7459998,none,true,0,0,0,Stand,2.315591,,,,1,0->0:Exact,NONE
128,2.140442,0.014922,-8949.95,-132.493,83.529526,0,0,0,0,2.7459998,2.7459998,none,true,0,0,0,Stand,2.3305128,,,,1,0->0:Exact,NONE
129,2.155363,0.018174,-8949.95,-132.493,83.529526,0,0,0,0,2.7459998,2.7459998,none,true,0,0,0,Stand,2.3486867,,,,1,0->0:Exact,NONE
130,2.173537,0.016851,-8949.95,-132.493,83.529526,0,0,0,0,2.7459998,2.7459998,none,true,0,0,0,Stand,2.365538,,,,1,0->0:Exact,NONE
131,2.190389,0.015187,-8949.95,-132.493,83.529526,0,0,0,0,2.7459998,2.7459998,none,true,0,0,0,Stand,2.3807251,,,,1,0->0:Exact,NONE
132,2.205576,0.018497,-8949.95,-132.493,83.529526,0,0,0,0,2.7459998,2.7459998,none,true,0,0,0,Stand,2.3992221,,,,1,0->0:Exact,NONE
133,2.224073,0.014624,-8949.95,-132.493,83.529526,0,0,0,0,2.7459998,2.7459998,none,true,0,0,0,Stand,2.4138458,,,,1,0->0:Exact,NONE
134,2.238697,0.018416,-8949.95,-132.493,83.529526,0,0,0,0,2.7459998,2.7459998,none,true,0,0,0,Stand,2.432262,,,,1,0->0:Exact,NONE
135,2.257113,0.016926,-8949.95,-132.493,83.529526,0,0,0,0,2.7459998,2.7459998,none,true,0,0,0,Stand,2.4491875,,,,1,0->0:Exact,NONE
136,2.274039,0.016569,-8949.95,-132.493,83.529526,0,0,0,0,2.7459998,2.7459998,none,true,0,0,0,Stand,2.465756,,,,1,0->0:Exact,NONE
137,2.290607,0.016675,-8949.95,-132.493,83.529526,0,0,0,0,2.7459998,2.7459998,none,true,0,0,0,Stand,2.4824312,,,,1,0->0:Exact,NONE
138,2.307282,0.014922,-8949.95,-132.493,83.529526,0,0,0,0,2.7459998,2.7459998,none,true,0,0,0,Stand,2.4973536,,,,1,0->0:Exact,NONE
139,2.322205,0.018279,-8949.95,-132.493,83.529526,0,0,0,0,2.7459998,2.7459998,none,true,0,0,0,Stand,2.5156329,,,,1,0->0:Exact,NONE
140,2.340484,0.015123,-8949.95,-132.493,83.529526,0,0,0,0,2.7459998,2.7459998,none,true,0,0,0,Stand,2.5307553,,,,1,0->0:Exact,NONE
141,2.355606,0.016983,-8949.95,-132.493,83.529526,0,0,0,0,2.7459998,2.7459998,none,true,0,0,0,Stand,2.547738,,,,1,0->0:Exact,NONE
142,2.372589,0.018257,-8949.95,-132.493,83.529526,0,0,0,0,2.7459998,2.7459998,none,true,0,0,0,Stand,2.5659947,,,,1,0->0:Exact,NONE
143,2.390846,0.014995,-8949.95,-132.493,83.529526,0,0,0,0,2.7459998,2.7459998,none,true,0,0,0,Stand,2.5809894,,,,1,0->0:Exact,NONE
144,2.405841,0.016622,-8949.95,-132.493,83.529526,0,0,0,0,2.7459998,2.7459998,none,true,0,0,0,Stand,2.5976117,,,,1,0->0:Exact,NONE
145,2.422463,0.018243,-8949.95,-132.493,83.529526,0,0,0,0,2.7459998,2.7459998,none,true,0,0,0,Stand,2.615855,,,,1,0->0:Exact,NONE
146,2.440706,0.015046,-8949.95,-132.493,83.529526,0,0,0,0,2.7459998,2.7459998,none,true,0,0,0,Stand,2.6309009,,,,1,0->0:Exact,NONE
147,2.455752,0.018525,-8949.95,-132.493,83.529526,0,0,0,0,2.7459998,2.7459998,none,true,0,0,0,Stand,2.6494255,,,,1,0->0:Exact,NONE
148,2.474277,0.016498,-8949.95,-132.493,83.529526,0,0,0,0,2.7459998,2.7459998,none,true,0,0,0,Stand,2.6659238,,,,1,0->0:Exact,NONE
149,2.490775,0.014876,-8949.95,-132.493,83.529526,0,0,0,0,2.7459998,2.7459998,none,true,0,0,0,Stand,2.6807995,,,,1,0->0:Exact,NONE
150,2.505651,0.018601,-8949.95,-132.493,83.529526,0,0,0,0,2.7459998,2.7459998,none,true,0,0,0,Stand,2.6994007,,,,1,0->0:Exact,NONE
151,2.524252,0.015064,-8949.95,-132.493,83.529526,0,0,0,0,2.7459998,2.7459998,none,true,0,0,0,Stand,2.7144647,,,,1,0->0:Exact,NONE
152,2.539316,0.016635,-8949.95,-132.493,83.529526,0,0,0,0,2.7459998,2.7459998,none,true,0,0,0,Stand,2.7310996,,,,1,0->0:Exact,NONE
153,2.555951,0.018277,-8949.95,-132.493,83.529526,0,0,0,0,2.7459998,2.7459998,none,true,0,0,0,Stand,2.7493763,,,,1,0->0:Exact,NONE
154,2.574228,0.016447,-8949.95,-132.493,83.529526,0,0,0,0,2.7459998,2.7459998,none,true,0,0,0,Stand,2.7658231,,,,1,0->0:Exact,NONE
155,2.590674,0.015371,-8949.95,-132.493,83.529526,0,0,0,0,2.7459998,2.7459998,none,true,0,0,0,Stand,2.781194,,,,1,0->0:Exact,NONE
156,2.606045,0.016386,-8949.95,-132.493,83.529526,0,0,0,0,2.7459998,2.7459998,none,true,0,0,0,Stand,2.7975805,,,,1,0->0:Exact,NONE
157,2.622432,0.018496,-8949.95,-132.493,83.529526,0,0,0,0,2.7459998,2.7459998,none,true,0,0,0,Stand,2.8160763,,,,1,0->0:Exact,NONE
158,2.640927,0.016534,-8949.95,-132.493,83.529526,0,0,0,0,2.7459998,2.7459998,none,true,0,0,0,Stand,2.8326104,,,,1,0->0:Exact,NONE
159,2.657462,0.016631,-8949.95,-132.493,83.529526,0,0,0,0,2.7459998,2.7459998,none,true,0,0,0,Stand,2.8492413,,,,1,0->0:Exact,NONE
160,2.674092,0.016629,-8949.95,-132.493,83.529526,0,0,0,0,2.7459998,2.7459998,none,true,0,0,0,Stand,2.8658705,,,,1,0->0:Exact,NONE
161,2.690722,0.016890,-8949.95,-132.493,83.529526,0,0,0,0,2.7459998,2.7459998,none,true,0,0,0,Stand,2.8827605,,,,1,0->0:Exact,NONE
162,2.707612,0.016823,-8949.95,-132.493,83.529526,0,0,0,0,2.7459998,2.7459998,none,true,0,0,0,Stand,2.8995836,,,,1,0->0:Exact,NONE
163,2.724435,0.014760,-8949.95,-132.493,83.529526,0,0,0,0,2.7459998,2.7459998,none,true,0,0,0,Stand,2.914344,,,,1,0->0:Exact,NONE
164,2.739195,0.018275,-8949.95,-132.493,83.529526,0,0,0,0,2.7459998,2.7459998,none,true,0,0,0,Stand,2.9326193,,,,1,0->0:Exact,NONE
165,2.757471,0.016892,-8949.95,-132.493,83.529526,0,0,0,0,2.7459998,2.7459998,none,true,0,0,0,Stand,2.949511,,,,1,0->0:Exact,NONE
166,2.774362,0.016904,-8949.95,-132.493,83.529526,0,0,0,0,2.7459998,2.7459998,none,true,0,0,0,Stand,2.9664147,,,,1,0->0:Exact,NONE
167,2.791266,0.016695,-8949.95,-132.493,83.529526,0,0,0,0,2.7459998,2.7459998,none,true,0,0,0,Stand,2.98311,,,,1,0->0:Exact,NONE
168,2.807961,0.016442,-8949.95,-132.493,83.529526,0,0,0,0,2.7459998,2.7459998,none,true,0,0,0,Stand,2.9995518,,,,1,0->0:Exact,NONE
169,2.824403,0.017007,-8949.95,-132.493,83.529526,0,0,0,0,2.7459998,2.7459998,none,true,0,0,0,Stand,3.0165591,,,,1,0->0:Exact,NONE
170,2.841410,0.016204,-8949.95,-132.493,83.529526,0,0,0,0,2.7459998,2.7459998,none,true,0,0,0,Stand,3.032763,,,,1,0->0:Exact,NONE
171,2.857614,0.016744,-8949.95,-132.493,83.529526,0,0,0,0,2.7459998,2.7459998,none,true,0,0,0,Stand,3.049507,,,,1,0->0:Exact,NONE
172,2.874358,0.016717,-8949.95,-132.493,83.529526,0,0,0,0,2.7459998,2.7459998,none,true,0,0,0,Stand,3.0662234,,,,1,0->0:Exact,NONE
173,2.891075,0.017101,-8949.95,-132.493,83.529526,0,0,0,0,2.7459998,2.7459998,none,true,0,0,0,Stand,3.0833247,,,,1,0->0:Exact,NONE
174,2.908176,0.016114,-8949.95,-132.493,83.529526,0,0,0,0,2.7459998,2.7459998,none,true,0,0,0,Stand,3.0994387,,,,1,0->0:Exact,NONE
175,2.924290,0.016753,-8949.95,-132.493,83.529526,0,0,0,0,2.7459998,2.7459998,none,true,0,0,0,Stand,3.1161919,,,,1,0->0:Exact,NONE
176,2.941043,0.016610,-8949.95,-132.493,83.529526,0,0,0,0,2.7459998,2.7459998,none,true,0,0,0,Stand,3.132802,,,,1,0->0:Exact,NONE
177,2.957653,0.016999,-8949.95,-132.493,83.529526,0,0,0,0,2.7459998,2.7459998,none,true,0,0,0,Stand,3.1498008,,,,1,0->0:Exact,NONE
178,2.974652,0.016516,-8949.95,-132.493,83.529526,0,0,0,0,2.7459998,2.7459998,none,true,0,0,0,Stand,3.166317,,,,1,0->0:Exact,NONE
179,2.991168,0.017054,-8949.95,-132.493,83.529526,0,0,0,0,2.7459998,2.7459998,none,true,0,0,0,Stand,3.1833708,,,,1,0->0:Exact,NONE
180,3.008222,0.016112,-8949.95,-132.493,83.529526,0,0,0,0,2.7459998,2.7459998,none,true,0,0,0,Stand,3.199483,,,,1,0->0:Exact,NONE
181,3.024334,0.017101,-8949.95,-132.493,83.529526,0,0,0,0,2.7459998,2.7459998,none,true,0,0,0,Stand,3.2165837,,,,1,0->0:Exact,NONE
182,3.041435,0.016550,-8949.95,-132.493,83.529526,0,0,0,0,2.7459998,2.7459998,none,true,0,0,0,Stand,3.233134,,,,1,0->0:Exact,NONE
183,3.057985,0.016653,-8949.95,-132.493,83.529526,0,0,0,0,2.7459998,2.7459998,none,true,0,0,0,Stand,3.249787,,,,1,0->0:Exact,NONE
184,3.074638,0.016529,-8949.95,-132.493,83.529526,0,0,0,0,2.7459998,2.7459998,none,true,0,0,0,Stand,3.2663157,,,,1,0->0:Exact,NONE
185,3.091167,0.016844,-8949.95,-132.493,83.529526,0,0,0,0,2.7459998,2.7459998,none,true,0,0,0,Stand,3.2831602,,,,1,0->0:Exact,NONE
186,3.108011,0.016534,-8949.95,-132.493,83.529526,0,0,0,0,2.7459998,2.7459998,none,true,0,0,0,Stand,3.2996938,,,,1,0->0:Exact,NONE
187,3.124545,0.016641,-8949.95,-132.493,83.529526,0,0,0,0,2.7459998,2.7459998,none,true,0,0,0,Stand,3.3163345,,,,1,0->0:Exact,NONE
188,3.141186,0.016621,-8949.95,-132.493,83.529526,0,0,0,0,2.7459998,2.7459998,none,true,0,0,0,Stand,3.332955,,,,1,0->0:Exact,NONE
189,3.157806,0.015164,-8949.95,-132.493,83.529526,0,0,0,0,2.7459998,2.7459998,none,true,0,0,0,Stand,3.348119,,,,1,0->0:Exact,NONE
190,3.172971,0.016626,-8949.95,-132.493,83.529526,0,0,0,0,2.7459998,2.7459998,none,true,0,0,0,Stand,3.3647447,,,,1,0->0:Exact,NONE
191,3.189596,0.016882,-8949.95,-132.493,83.529526,0,0,0,0,2.7459998,2.7459998,none,true,0,0,0,Stand,3.3816268,,,,1,0->0:Exact,NONE
192,3.206478,0.016761,-8949.95,-132.493,83.529526,0,0,0,0,2.7459998,2.7459998,none,true,0,0,0,Stand,3.398388,,,,1,0->0:Exact,NONE
193,3.223240,0.016561,-8949.95,-132.493,83.529526,0,0,0,0,2.7459998,2.7459998,none,true,0,0,0,Stand,3.4149487,,,,1,0->0:Exact,NONE
194,3.239800,0.016604,-8949.95,-132.493,83.529526,0,0,0,0,2.7459998,2.7459998,none,true,0,0,0,Stand,3.431553,,,,1,0->0:Exact,NONE
195,3.256404,0.017110,-8949.95,-132.493,83.529526,0,0,0,0,2.7459998,2.7459998,none,true,0,0,0,Stand,3.4486628,,,,1,0->0:Exact,NONE
196,3.273514,0.017659,-8949.95,-132.493,83.529526,0,0,0,0,2.7459998,2.7459998,none,true,0,0,0,Stand,3.4663215,,,,1,0->0:Exact,NONE
197,3.291173,0.015295,-8949.95,-132.493,83.529526,0,0,0,0,2.7459998,2.7459998,none,true,0,0,0,Stand,3.4816165,,,,1,0->0:Exact,NONE
198,3.306468,0.016652,-8949.95,-132.493,83.529526,0,0,0,0,2.7459998,2.7459998,none,true,0,0,0,Stand,3.4982686,,,,1,0->0:Exact,NONE
199,3.323120,0.016655,-8949.95,-132.493,83.529526,0,0,0,0,2.7459998,2.7459998,none,true,0,0,0,Stand,3.5149238,,,,1,0->0:Exact,NONE
200,3.339775,0.016879,-8949.95,-132.493,83.529526,0,0,0,0,2.7459998,2.7459998,none,true,0,0,0,Stand,3.531803,,,,1,0->0:Exact,NONE
201,3.356654,0.016603,-8949.95,-132.493,83.529526,0,0,0,0,2.7459998,2.7459998,none,true,0,0,0,Stand,3.548406,,,,1,0->0:Exact,NONE
202,3.373257,0.016538,-8949.95,-132.493,83.529526,0,0,0,0,2.7459998,2.7459998,none,true,0,0,0,Stand,3.5649436,,,,1,0->0:Exact,NONE
203,3.389795,0.016722,-8949.95,-132.493,83.529526,0,0,0,0,2.7459998,2.7459998,none,true,0,0,0,Stand,3.5816658,,,,1,0->0:Exact,NONE
204,3.406517,0.016589,-8949.95,-132.493,83.529526,0,0,0,0,2.7459998,2.7459998,none,true,0,0,0,Stand,3.5982544,,,,1,0->0:Exact,NONE
205,3.423106,0.016726,-8949.95,-132.493,83.529526,0,0,0,0,2.7459998,2.7459998,none,true,0,0,0,Stand,3.614981,,,,1,0->0:Exact,NONE
206,3.439832,0.016637,-8949.95,-132.493,83.529526,0,0,0,0,2.7459998,2.7459998,none,true,0,0,0,Stand,3.6316178,,,,1,0->0:Exact,NONE
207,3.456469,0.016951,-8949.95,-132.493,83.529526,0,0,0,0,2.7459998,2.7459998,none,true,0,0,0,Stand,3.648569,,,,1,0->0:Exact,NONE
208,3.473420,0.017647,-8949.95,-132.493,83.529526,0,0,0,0,2.7459998,2.7459998,none,true,0,0,0,Stand,3.6662164,,,,1,0->0:Exact,NONE
209,3.491067,0.015546,-8949.95,-132.493,83.529526,0,0,0,0,2.7459998,2.7459998,none,true,0,0,0,Stand,3.6817625,,,,1,0->0:Exact,NONE
210,3.506614,0.016596,-8949.95,-132.493,83.529526,0,0,0,0,2.7459998,2.7459998,none,true,0,0,0,Stand,3.698359,,,,1,0->0:Exact,NONE
211,3.523210,0.016903,-8949.95,-132.493,83.529526,0,0,0,0,2.7459998,2.7459998,none,true,0,0,0,Stand,3.7152622,,,,1,0->0:Exact,NONE
212,3.540113,0.016462,-8949.95,-132.493,83.529526,0,0,0,0,2.7459998,2.7459998,none,true,0,0,0,Stand,3.7317238,,,,1,0->0:Exact,NONE
213,3.556575,0.016790,-8949.95,-132.493,83.529526,0,0,0,0,2.7459998,2.7459998,none,true,0,0,0,Stand,3.748514,,,,1,0->0:Exact,NONE
214,3.573365,0.016645,-8949.95,-132.493,83.529526,0,0,0,0,2.7459998,2.7459998,none,true,0,0,0,Stand,3.7651584,,,,1,0->0:Exact,NONE
215,3.590009,0.016747,-8949.95,-132.493,83.529526,0,0,0,0,2.7459998,2.7459998,none,true,0,0,0,Stand,3.7819052,,,,1,0->0:Exact,NONE
216,3.606756,0.016573,-8949.95,-132.493,83.529526,0,0,0,0,2.7459998,2.7459998,none,true,0,0,0,Stand,3.798478,,,,1,0->0:Exact,NONE
217,3.623329,0.016734,-8949.95,-132.493,83.529526,0,0,0,0,2.7459998,2.7459998,none,true,0,0,0,Stand,3.815212,,,,1,0->0:Exact,NONE
218,3.640063,0.016558,-8949.95,-132.493,83.529526,0,0,0,0,2.7459998,2.7459998,none,true,0,0,0,Stand,3.8317697,,,,1,0->0:Exact,NONE
219,3.656621,0.016914,-8949.95,-132.493,83.529526,0,0,0,0,2.7459998,2.7459998,none,true,0,0,0,Stand,3.8486843,,,,1,0->0:Exact,NONE
220,3.673535,0.016515,-8949.95,-132.493,83.529526,0,0,0,0,2.7459998,2.7459998,none,true,0,0,0,Stand,3.8651996,,,,1,0->0:Exact,NONE
221,3.690050,0.016936,-8949.95,-132.493,83.529526,0,0,0,0,2.7459998,2.7459998,none,true,0,0,0,Stand,3.8821354,,,,1,0->0:Exact,NONE
222,3.706986,0.016432,-8949.95,-132.493,83.529526,0,0,0,0,2.7459998,2.7459998,none,true,0,0,0,Stand,3.8985674,,,,1,0->0:Exact,NONE
223,3.723418,0.016776,-8949.95,-132.493,83.529526,0,0,0,0,2.7459998,2.7459998,none,true,0,0,0,Stand,3.915343,,,,1,0->0:Exact,NONE
224,3.740194,0.016636,-8949.95,-132.493,83.529526,0,0,0,0,2.7459998,2.7459998,none,true,0,0,0,Stand,3.9319792,,,,1,0->0:Exact,NONE
225,3.756830,0.016800,-8949.95,-132.493,83.529526,0,0,0,0,2.7459998,2.7459998,none,true,0,0,0,Stand,3.9487789,,,,1,0->0:Exact,NONE
226,3.773630,0.017879,-8949.95,-132.493,83.529526,0,0,0,0,2.7459998,2.7459998,none,true,0,0,0,Stand,3.9666576,,,,1,0->0:Exact,NONE
227,3.791508,0.015491,-8949.95,-132.493,83.529526,0,0,0,0,2.7459998,2.7459998,none,true,0,0,0,Stand,3.9821491,,,,1,0->0:Exact,NONE
228,3.807000,0.016686,-8949.95,-132.493,83.529526,0,0,0,0,2.7459998,2.7459998,none,true,0,0,0,Stand,3.998835,,,,1,0->0:Exact,NONE
229,3.823686,0.016689,-8949.95,-132.493,83.529526,0,0,0,0,2.7459998,2.7459998,none,true,0,0,0,Stand,4.015524,,,,1,0->0:Exact,NONE
230,3.840375,0.016665,-8949.95,-132.493,83.529526,0,0,0,0,2.7459998,2.7459998,none,true,0,0,0,Stand,4.0321894,,,,1,0->0:Exact,NONE
231,3.857040,0.016597,-8949.95,-132.493,83.529526,0,0,0,0,2.7459998,2.7459998,none,true,0,0,0,Stand,4.0487866,,,,1,0->0:Exact,NONE
232,3.873637,0.016483,-8949.95,-132.493,83.529526,0,0,0,0,2.7459998,2.7459998,none,true,0,0,0,Stand,4.0652695,,,,1,0->0:Exact,NONE
233,3.890120,0.016704,-8949.95,-132.493,83.529526,0,0,0,0,2.7459998,2.7459998,none,true,0,0,0,Stand,4.0819736,,,,1,0->0:Exact,NONE
234,3.906824,0.016808,-8949.95,-132.493,83.529526,0,0,0,0,2.7459998,2.7459998,none,true,0,0,0,Stand,4.098781,,,,1,0->0:Exact,NONE
235,3.923632,0.016630,-8949.95,-132.493,83.529526,0,0,0,0,2.7459998,2.7459998,none,true,0,0,0,Stand,4.115411,,,,1,0->0:Exact,NONE
236,3.940262,0.016625,-8949.95,-132.493,83.529526,0,0,0,0,2.7459998,2.7459998,none,true,0,0,0,Stand,4.132036,,,,1,0->0:Exact,NONE
237,3.956887,0.016859,-8949.95,-132.493,83.529526,0,0,0,0,2.7459998,2.7459998,none,true,0,0,0,Stand,4.1488953,,,,1,0->0:Exact,NONE
238,3.973746,0.017674,-8949.95,-132.493,83.529526,0,0,0,0,2.7459998,2.7459998,none,true,0,0,0,Stand,4.1665688,,,,1,0->0:Exact,NONE
239,3.991420,0.015599,-8949.95,-132.493,83.529526,0,0,0,0,2.7459998,2.7459998,none,true,0,0,0,Stand,4.182168,,,,1,0->0:Exact,NONE
240,4.007019,0.016719,-8949.95,-132.493,83.529526,0,0,0,0,2.7459998,2.7459998,none,true,0,0,0,Stand,4.1988873,,,,1,0->0:Exact,NONE
241,4.023739,0.016709,-8949.95,-132.493,83.529526,0,0,0,0,2.7459998,2.7459998,none,true,0,0,0,Stand,4.2155967,,,,1,0->0:Exact,NONE
242,4.040448,0.016735,-8949.95,-132.493,83.529526,0,0,0,0,2.7459998,2.7459998,none,true,0,0,0,Stand,4.232332,,,,1,0->0:Exact,NONE
243,4.057183,0.016734,-8949.95,-132.493,83.529526,0,0,0,0,2.7459998,2.7459998,none,true,0,0,0,Stand,4.249066,,,,1,0->0:Exact,NONE
244,4.073917,0.016463,-8949.95,-132.493,83.529526,0,0,0,0,2.7459998,2.7459998,none,true,0,0,0,Stand,4.2655287,,,,1,0->0:Exact,NONE
245,4.090380,0.016720,-8949.95,-132.493,83.529526,0,0,0,0,2.7459998,2.7459998,none,true,0,0,0,Stand,4.2822485,,,,1,0->0:Exact,NONE
246,4.107100,0.016703,-8949.95,-132.493,83.529526,0,0,0,0,2.7459998,2.7459998,none,true,0,0,0,Stand,4.298951,,,,1,0->0:Exact,NONE
247,4.123802,0.016541,-8949.95,-132.493,83.529526,0,0,0,0,2.7459998,2.7459998,none,true,0,0,0,Stand,4.3154917,,,,1,0->0:Exact,NONE
248,4.140343,0.016740,-8949.95,-132.493,83.529526,0,0,0,0,2.7459998,2.7459998,none,true,0,0,0,Stand,4.332232,,,,1,0->0:Exact,NONE
249,4.157084,0.016722,-8949.95,-132.493,83.529526,0,0,0,0,2.7459998,2.7459998,none,true,0,0,0,Stand,4.348954,,,,1,0->0:Exact,NONE
250,4.173806,0.016674,-8949.95,-132.493,83.529526,0,0,0,0,2.7459998,2.7459998,none,true,0,0,0,Stand,4.3656287,,,,1,0->0:Exact,NONE
251,4.190480,0.016961,-8949.95,-132.493,83.529526,0,0,0,0,2.7459998,2.7459998,none,true,0,0,0,Stand,4.3825893,,,,1,0->0:Exact,NONE
252,4.207441,0.016377,-8949.95,-132.493,83.529526,0,0,0,0,2.7459998,2.7459998,none,true,0,0,0,Stand,4.3989663,,,,1,0->0:Exact,NONE
253,4.223818,0.016877,-8949.95,-132.493,83.529526,0,0,0,0,2.7459998,2.7459998,none,true,0,0,0,Stand,4.415843,,,,1,0->0:Exact,NONE
254,4.240695,0.016483,-8949.95,-132.493,83.529526,0,0,0,0,2.7459998,2.7459998,none,true,0,0,0,Stand,4.4323263,,,,1,0->0:Exact,NONE
255,4.257178,0.017032,-8949.95,-132.493,83.529526,0,0,0,0,2.7459998,2.7459998,none,true,0,0,0,Stand,4.449358,,,,1,0->0:Exact,NONE
256,4.274210,0.017892,-8949.95,-132.493,83.529526,0,0,0,0,2.7459998,2.7459998,none,true,0,0,0,Stand,4.4672503,,,,1,0->0:Exact,NONE
257,4.292102,0.015242,-8949.95,-132.493,83.529526,0,0,0,0,2.7459998,2.7459998,none,true,0,0,0,Stand,4.482492,,,,1,0->0:Exact,NONE
258,4.307344,0.016517,-8949.95,-132.493,83.529526,0,0,0,0,2.7459998,2.7459998,none,true,0,0,0,Stand,4.499009,,,,1,0->0:Exact,NONE
259,4.323861,0.016887,-8949.95,-132.493,83.529526,0,0,0,0,2.7459998,2.7459998,none,true,0,0,0,Stand,4.515896,,,,1,0->0:Exact,NONE
260,4.340748,0.016617,-8949.95,-132.493,83.529526,0,0,0,0,2.7459998,2.7459998,none,true,0,0,0,Stand,4.532512,,,,1,0->0:Exact,NONE
261,4.357364,0.016877,-8949.95,-132.493,83.529526,0,0,0,0,2.7459998,2.7459998,none,true,0,0,0,Stand,4.549389,,,,1,0->0:Exact,NONE
262,4.374241,0.016406,-8949.95,-132.493,83.529526,0,0,0,0,2.7459998,2.7459998,none,true,0,0,0,Stand,4.5657945,,,,1,0->0:Exact,NONE
263,4.390647,0.016803,-8949.95,-132.493,83.529526,0,0,0,0,2.7459998,2.7459998,none,true,0,0,0,Stand,4.5825977,,,,1,0->0:Exact,NONE
264,4.407450,0.016750,-8949.95,-132.493,83.529526,0,0,0,0,2.7459998,2.7459998,none,true,0,0,0,Stand,4.599347,,,,1,0->0:Exact,NONE
265,4.424200,0.016654,-8949.95,-132.493,83.529526,0,0,0,0,2.7459998,2.7459998,none,true,0,0,0,Stand,4.6160007,,,,1,0->0:Exact,NONE
266,4.440853,0.016504,-8949.95,-132.493,83.529526,0,0,0,0,2.7459998,2.7459998,none,true,0,0,0,Stand,4.632505,,,,1,0->0:Exact,NONE
267,4.457358,0.016902,-8949.95,-132.493,83.529526,0,0,0,0,2.7459998,2.7459998,none,true,0,0,0,Stand,4.649407,,,,1,0->0:Exact,NONE
268,4.474259,0.017428,-8949.95,-132.493,83.529526,0,0,0,0,2.7459998,2.7459998,none,true,0,0,0,Stand,4.666835,,,,1,0->0:Exact,NONE
269,4.491687,0.015746,-8949.95,-132.493,83.529526,0,0,0,0,2.7459998,2.7459998,none,true,0,0,0,Stand,4.6825805,,,,1,0->0:Exact,NONE
270,4.507433,0.016772,-8949.95,-132.493,83.529526,0,0,0,0,2.7459998,2.7459998,none,true,0,0,0,Stand,4.6993523,,,,1,0->0:Exact,NONE
271,4.524205,0.016687,-8949.95,-132.493,83.529526,0,0,0,0,2.7459998,2.7459998,none,true,0,0,0,Stand,4.716039,,,,1,0->0:Exact,NONE
272,4.540892,0.016849,-8949.95,-132.493,83.529526,0,0,0,0,2.7459998,2.7459998,none,true,0,0,0,Stand,4.7328877,,,,1,0->0:Exact,NONE
273,4.557740,0.016600,-8949.95,-132.493,83.529526,0,0,0,0,2.7459998,2.7459998,none,true,0,0,0,Stand,4.7494874,,,,1,0->0:Exact,NONE
274,4.574340,0.016384,-8949.95,-132.493,83.529526,0,0,0,0,2.7459998,2.7459998,none,true,0,0,0,Stand,4.765872,,,,1,0->0:Exact,NONE
275,4.590724,0.016775,-8949.95,-132.493,83.529526,0,0,0,0,2.7459998,2.7459998,none,true,0,0,0,Stand,4.782647,,,,1,0->0:Exact,NONE
276,4.607500,0.016637,-8949.95,-132.493,83.529526,0,0,0,0,2.7459998,2.7459998,none,true,0,0,0,Stand,4.7992845,,,,1,0->0:Exact,NONE
277,4.624137,0.016631,-8949.95,-132.493,83.529526,0,0,0,0,2.7459998,2.7459998,none,true,0,0,0,Stand,4.8159156,,,,1,0->0:Exact,NONE
278,4.640768,0.016855,-8949.95,-132.493,83.529526,0,0,0,0,2.7459998,2.7459998,none,true,0,0,0,Stand,4.8327703,,,,1,0->0:Exact,NONE
279,4.657623,0.016825,-8949.95,-132.493,83.529526,0,0,0,0,2.7459998,2.7459998,none,true,0,0,0,Stand,4.849595,,,,1,0->0:Exact,NONE
280,4.674448,0.016862,-8949.95,-132.493,83.529526,0,0,0,0,2.7459998,2.7459998,none,true,0,0,0,Stand,4.8664565,,,,1,0->0:Exact,NONE
281,4.691309,0.016113,-8949.95,-132.493,83.529526,0,0,0,0,2.7459998,2.7459998,none,true,0,0,0,Stand,4.88257,,,,1,0->0:Exact,NONE
282,4.707423,0.016911,-8949.95,-132.493,83.529526,0,0,0,0,2.7459998,2.7459998,none,true,0,0,0,Stand,4.8994803,,,,1,0->0:Exact,NONE
283,4.724333,0.016741,-8949.95,-132.493,83.529526,0,0,0,0,2.7459998,2.7459998,none,true,0,0,0,Stand,4.916221,,,,1,0->0:Exact,NONE
284,4.741074,0.016547,-8949.95,-132.493,83.529526,0,0,0,0,2.7459998,2.7459998,none,true,0,0,0,Stand,4.932768,,,,1,0->0:Exact,NONE
285,4.757620,0.016853,-8949.95,-132.493,83.529526,0,0,0,0,2.7459998,2.7459998,none,true,0,0,0,Stand,4.949621,,,,1,0->0:Exact,NONE
286,4.774474,0.016360,-8949.95,-132.493,83.529526,0,0,0,0,2.7459998,2.7459998,none,true,0,0,0,Stand,4.9659815,,,,1,0->0:Exact,NONE
287,4.790834,0.016947,-8949.95,-132.493,83.529526,0,0,0,0,2.7459998,2.7459998,none,true,0,0,0,Stand,4.9829288,,,,1,0->0:Exact,NONE
288,4.807781,0.016602,-8949.95,-132.493,83.529526,0,0,0,0,2.7459998,2.7459998,none,true,0,0,0,Stand,4.999531,,,,1,0->0:Exact,NONE
289,4.824383,0.016724,-8949.95,-132.493,83.529526,0,0,0,0,2.7459998,2.7459998,none,true,0,0,0,Stand,5.016255,,,,1,0->0:Exact,NONE
290,4.841107,0.016684,-8949.95,-132.493,83.529526,0,0,0,0,2.7459998,2.7459998,none,true,0,0,0,Stand,5.032939,,,,1,0->0:Exact,NONE
291,4.857791,0.016744,-8949.95,-132.493,83.529526,0,0,0,0,2.7459998,2.7459998,none,true,0,0,0,Stand,5.049683,,,,1,0->0:Exact,NONE
292,4.874535,0.016644,-8949.95,-132.493,83.529526,0,0,0,0,2.7459998,2.7459998,none,true,0,0,0,Stand,5.0663276,,,,1,0->0:Exact,NONE
293,4.891180,0.016678,-8949.95,-132.493,83.529526,0,0,0,0,2.7459998,2.7459998,none,true,0,0,0,Stand,5.083006,,,,1,0->0:Exact,NONE
294,4.907858,0.016474,-8949.95,-132.493,83.529526,0,0,0,0,2.7459998,2.7459998,none,true,0,0,0,Stand,5.0994797,,,,1,0->0:Exact,NONE
295,4.924332,0.016668,-8949.95,-132.493,83.529526,0,0,0,0,2.7459998,2.7459998,none,true,0,0,0,Stand,5.116148,,,,1,0->0:Exact,NONE
296,4.941000,0.016746,-8949.95,-132.493,83.529526,0,0,0,0,2.7459998,2.7459998,none,true,0,0,0,Stand,5.132894,,,,1,0->0:Exact,NONE
297,4.957746,0.016780,-8949.95,-132.493,83.529526,0,0,0,0,2.7459998,2.7459998,none,true,0,0,0,Stand,5.149674,,,,1,0->0:Exact,NONE
298,4.974526,0.017949,-8949.95,-132.493,83.529526,0,0,0,0,2.7459998,2.7459998,none,true,0,0,0,Stand,5.167623,,,,1,0->0:Exact,NONE
299,4.992475,0.015649,-8949.95,-132.493,83.529526,0,0,0,0,2.7459998,2.7459998,none,true,0,0,0,Stand,5.1832724,,,,1,0->0:Exact,NONE
300,5.008124,0.016389,-8949.95,-132.493,83.529526,0,0,0,0,2.7459998,2.7459998,none,true,0,0,0,Stand,5.1996617,,,,1,0->0:Exact,NONE
301,5.024514,0.016621,-8949.95,-132.493,83.529526,0,0,0,0,2.7459998,2.7459998,none,true,0,0,0,Stand,5.2162824,,,,1,0->0:Exact,NONE
302,5.041135,0.016676,-8949.95,-132.493,83.529526,0,0,0,0,2.7459998,2.7459998,none,true,0,0,0,Stand,5.2329583,,,,1,0->0:Exact,NONE
303,5.057810,0.016803,-8949.95,-132.493,83.529526,0,0,0,0,2.7459998,2.7459998,none,true,0,0,0,Stand,5.2497616,,,,1,0->0:Exact,NONE
304,5.074614,0.016615,-8949.95,-132.493,83.529526,0,0,0,0,2.7459998,2.7459998,none,true,0,0,0,Stand,5.2663765,,,,1,0->0:Exact,NONE
305,5.091228,0.016650,-8949.95,-132.493,83.529526,0,0,0,0,2.7459998,2.7459998,none,true,0,0,0,Stand,5.2830267,,,,1,0->0:Exact,NONE
306,5.107879,0.016714,-8949.95,-132.493,83.529526,0,0,0,0,2.7459998,2.7459998,none,true,0,0,0,Stand,5.2997403,,,,1,0->0:Exact,NONE
307,5.124592,0.016739,-8949.95,-132.493,83.529526,0,0,0,0,2.7459998,2.7459998,none,true,0,0,0,Stand,5.3164797,,,,1,0->0:Exact,NONE
308,5.141332,0.016564,-8949.95,-132.493,83.529526,0,0,0,0,2.7459998,2.7459998,none,true,0,0,0,Stand,5.3330436,,,,1,0->0:Exact,NONE
309,5.157896,0.016767,-8949.95,-132.493,83.529526,0,0,0,0,2.7459998,2.7459998,none,true,0,0,0,Stand,5.3498106,,,,1,0->0:Exact,NONE
310,5.174663,0.017107,-8949.95,-132.493,83.529526,0,0,0,0,2.7459998,2.7459998,none,true,0,0,0,Stand,5.3669176,,,,1,0->0:Exact,NONE
311,5.191770,0.016207,-8949.95,-132.493,83.529526,0,0,0,0,2.7459998,2.7459998,none,true,0,0,0,Stand,5.383125,,,,1,0->0:Exact,NONE
312,5.207977,0.016733,-8949.95,-132.493,83.529526,0,0,0,0,2.7459998,2.7459998,none,true,0,0,0,Stand,5.3998575,,,,1,0->0:Exact,NONE
313,5.224710,0.016705,-8949.95,-132.493,83.529526,0,0,0,0,2.7459998,2.7459998,none,true,0,0,0,Stand,5.416562,,,,1,0->0:Exact,NONE
314,5.241415,0.016798,-8949.95,-132.493,83.529526,0,0,0,0,2.7459998,2.7459998,none,true,0,0,0,Stand,5.43336,,,,1,0->0:Exact,NONE
315,5.258213,0.016743,-8949.95,-132.493,83.529526,0,0,0,0,2.7459998,2.7459998,none,true,0,0,0,Stand,5.4501033,,,,1,0->0:Exact,NONE
316,5.274956,0.016385,-8949.95,-132.493,83.529526,0,0,0,0,2.7459998,2.7459998,none,true,0,0,0,Stand,5.466489,,,,1,0->0:Exact,NONE
317,5.291341,0.016794,-8949.95,-132.493,83.529526,0,0,0,0,2.7459998,2.7459998,none,true,0,0,0,Stand,5.4832826,,,,1,0->0:Exact,NONE
318,5.308135,0.016644,-8949.95,-132.493,83.529526,0,0,0,0,2.7459998,2.7459998,none,true,0,0,0,Stand,5.499926,,,,1,0->0:Exact,NONE
319,5.324778,0.016731,-8949.95,-132.493,83.529526,0,0,0,0,2.7459998,2.7459998,none,true,0,0,0,Stand,5.5166574,,,,1,0->0:Exact,NONE
320,5.341510,0.016703,-8949.95,-132.493,83.529526,0,0,0,0,2.7459998,2.7459998,none,true,0,0,0,Stand,5.53336,,,,1,0->0:Exact,NONE
321,5.358212,0.017127,-8949.95,-132.493,83.529526,0,0,0,0,2.7459998,2.7459998,none,true,0,0,0,Stand,5.5504875,,,,1,0->0:Exact,NONE
322,5.375340,0.015963,-8949.95,-132.493,83.529526,0,0,0,0,2.7459998,2.7459998,none,true,0,0,0,Stand,5.5664506,,,,1,0->0:Exact,NONE
323,5.391303,0.016803,-8949.95,-132.493,83.529526,0,0,0,0,2.7459998,2.7459998,none,true,0,0,0,Stand,5.5832534,,,,1,0->0:Exact,NONE
324,5.408105,0.016725,-8949.95,-132.493,83.529526,0,0,0,0,2.7459998,2.7459998,none,true,0,0,0,Stand,5.599978,,,,1,0->0:Exact,NONE
325,5.424830,0.016661,-8949.95,-132.493,83.529526,0,0,0,0,2.7459998,2.7459998,none,true,0,0,0,Stand,5.616639,,,,1,0->0:Exact,NONE
326,5.441491,0.016878,-8949.95,-132.493,83.529526,0,0,0,0,2.7459998,2.7459998,none,true,0,0,0,Stand,5.6335173,,,,1,0->0:Exact,NONE
327,5.458369,0.016775,-8949.95,-132.493,83.529526,0,0,0,0,2.7459998,2.7459998,none,true,0,0,0,Stand,5.650292,,,,1,0->0:Exact,NONE
328,5.475144,0.019638,-8949.95,-132.493,83.529526,0,0,0,0,2.7459998,2.7459998,none,true,0,0,0,Stand,5.6699305,,,,1,0->0:Exact,NONE
329,5.494782,0.013659,-8949.95,-132.493,83.529526,0,0,0,0,2.7459998,2.7459998,none,true,0,0,0,Stand,5.68359,,,,1,0->0:Exact,NONE
330,5.508441,0.016714,-8949.95,-132.493,83.529526,0,0,0,0,2.7459998,2.7459998,none,true,0,0,0,Stand,5.700304,,,,1,0->0:Exact,NONE
331,5.525155,0.016727,-8949.95,-132.493,83.529526,0,0,0,0,2.7459998,2.7459998,none,true,0,0,0,Stand,5.717031,,,,1,0->0:Exact,NONE
332,5.541882,0.016651,-8949.95,-132.493,83.529526,0,0,0,0,2.7459998,2.7459998,none,true,0,0,0,Stand,5.7336817,,,,1,0->0:Exact,NONE
333,5.558533,0.016520,-8949.95,-132.493,83.529526,0,0,0,0,2.7459998,2.7459998,none,true,0,0,0,Stand,5.7502017,,,,1,0->0:Exact,NONE
334,5.575053,0.016397,-8949.95,-132.493,83.529526,0,0,0,0,2.7459998,2.7459998,none,true,0,0,0,Stand,5.766598,,,,1,0->0:Exact,NONE
335,5.591449,0.016995,-8949.95,-132.493,83.529526,0,0,0,0,2.7459998,2.7459998,none,true,0,0,0,Stand,5.783593,,,,1,0->0:Exact,NONE
336,5.608444,0.016415,-8949.95,-132.493,83.529526,0,0,0,0,2.7459998,2.7459998,none,true,0,0,0,Stand,5.8000083,,,,1,0->0:Exact,NONE
337,5.624859,0.016921,-8949.95,-132.493,83.529526,0,0,0,0,2.7459998,2.7459998,none,true,0,0,0,Stand,5.81693,,,,1,0->0:Exact,NONE
338,5.641781,0.016518,-8949.95,-132.493,83.529526,0,0,0,0,2.7459998,2.7459998,none,true,0,0,0,Stand,5.833448,,,,1,0->0:Exact,NONE
339,5.658299,0.016819,-8949.95,-132.493,83.529526,0,0,0,0,2.7459998,2.7459998,none,true,0,0,0,Stand,5.850267,,,,1,0->0:Exact,NONE
340,5.675118,0.017095,-8949.95,-132.493,83.529526,0,0,0,0,2.7459998,2.7459998,none,true,0,0,0,Stand,5.8673615,,,,1,0->0:Exact,NONE
341,5.692212,0.016341,-8949.95,-132.493,83.529526,0,0,0,0,2.7459998,2.7459998,none,true,0,0,0,Stand,5.8837023,,,,1,0->0:Exact,NONE
342,5.708553,0.016653,-8949.95,-132.493,83.529526,0,0,0,0,2.7459998,2.7459998,none,true,0,0,0,Stand,5.9003553,,,,1,0->0:Exact,NONE
343,5.725206,0.016761,-8949.95,-132.493,83.529526,0,0,0,0,2.7459998,2.7459998,none,true,0,0,0,Stand,5.9171166,,,,1,0->0:Exact,NONE
344,5.741967,0.016462,-8949.95,-132.493,83.529526,0,0,0,0,2.7459998,2.7459998,none,true,0,0,0,Stand,5.933578,,,,1,0->0:Exact,NONE
345,5.758429,0.016746,-8949.95,-132.493,83.529526,0,0,0,0,2.7459998,2.7459998,none,true,0,0,0,Stand,5.950324,,,,1,0->0:Exact,NONE
346,5.775175,0.016579,-8949.95,-132.493,83.529526,0,0,0,0,2.7459998,2.7459998,none,true,0,0,0,Stand,5.9669027,,,,1,0->0:Exact,NONE
347,5.791754,0.016724,-8949.95,-132.493,83.529526,0,0,0,0,2.7459998,2.7459998,none,true,0,0,0,Stand,5.983627,,,,1,0->0:Exact,NONE
348,5.808478,0.016554,-8949.95,-132.493,83.529526,0,0,0,0,2.7459998,2.7459998,none,true,0,0,0,Stand,6.0001807,,,,1,0->0:Exact,NONE
349,5.825032,0.016909,-8949.95,-132.493,83.529526,0,0,0,0,2.7459998,2.7459998,none,true,0,0,0,Stand,6.01709,,,,1,0->0:Exact,NONE
350,5.841941,0.016581,-8949.95,-132.493,83.529526,0,0,0,0,2.7459998,2.7459998,none,true,0,0,0,Stand,6.0336714,,,,1,0->0:Exact,NONE
351,5.858522,0.016520,-8949.95,-132.493,83.529526,0,0,0,0,2.7459998,2.7459998,none,true,0,0,0,Stand,6.0501914,,,,1,0->0:Exact,NONE
352,5.875042,0.016987,-8949.95,-132.493,83.529526,0,0,0,0,2.7459998,2.7459998,none,true,0,0,0,Stand,6.0671782,,,,1,0->0:Exact,NONE
353,5.892029,0.016371,-8949.95,-132.493,83.529526,0,0,0,0,2.7459998,2.7459998,none,true,0,0,0,Stand,6.083549,,,,1,0->0:Exact,NONE
354,5.908400,0.016910,-8949.95,-132.493,83.529526,0,0,0,0,2.7459998,2.7459998,none,true,0,0,0,Stand,6.100459,,,,1,0->0:Exact,NONE
355,5.925310,0.016582,-8949.95,-132.493,83.529526,0,0,0,0,2.7459998,2.7459998,none,true,0,0,0,Stand,6.117041,,,,1,0->0:Exact,NONE
356,5.941892,0.016596,-8949.95,-132.493,83.529526,0,0,0,0,2.7459998,2.7459998,none,true,0,0,0,Stand,6.1336374,,,,1,0->0:Exact,NONE
357,5.958489,0.017005,-8949.95,-132.493,83.529526,0,0,0,0,2.7459998,2.7459998,none,true,0,0,0,Stand,6.150643,,,,1,0->0:Exact,NONE
358,5.975494,0.017541,-8949.95,-132.493,83.529526,0,0,0,0,2.7459998,2.7459998,none,true,0,0,0,Stand,6.1681843,,,,1,0->0:Exact,NONE
359,5.993036,0.015739,-8949.95,-132.493,83.529526,0,0,0,0,2.7459998,2.7459998,none,true,0,0,0,Stand,6.183923,,,,1,0->0:Exact,NONE
360,6.008774,0.016451,-8949.95,-132.493,83.529526,0,0,0,0,2.7459998,2.7459998,none,true,0,0,0,Stand,6.2003736,,,,1,0->0:Exact,NONE
361,6.025225,0.016798,-8949.95,-132.493,83.529526,0,0,0,0,2.7459998,2.7459998,none,true,0,0,0,Stand,6.217171,,,,1,0->0:Exact,NONE
362,6.042023,0.016705,-8949.95,-132.493,83.529526,0,0,0,0,2.7459998,2.7459998,none,true,0,0,0,Stand,6.2338767,,,,1,0->0:Exact,NONE
363,6.058728,0.016658,-8949.95,-132.493,83.529526,0,0,0,0,2.7459998,2.7459998,none,true,0,0,0,Stand,6.250535,,,,1,0->0:Exact,NONE
364,6.075387,0.016585,-8949.95,-132.493,83.529526,0,0,0,0,2.7459998,2.7459998,none,true,0,0,0,Stand,6.26712,,,,1,0->0:Exact,NONE
365,6.091971,0.016627,-8949.95,-132.493,83.529526,0,0,0,0,2.7459998,2.7459998,none,true,0,0,0,Stand,6.2837467,,,,1,0->0:Exact,NONE
366,6.108598,0.016658,-8949.95,-132.493,83.529526,0,0,0,0,2.7459998,2.7459998,none,true,0,0,0,Stand,6.3004045,,,,1,0->0:Exact,NONE
367,6.125256,0.016634,-8949.95,-132.493,83.529526,0,0,0,0,2.7459998,2.7459998,none,true,0,0,0,Stand,6.3170385,,,,1,0->0:Exact,NONE
368,6.141890,0.016775,-8949.95,-132.493,83.529526,0,0,0,0,2.7459998,2.7459998,none,true,0,0,0,Stand,6.333813,,,,1,0->0:Exact,NONE
369,6.158665,0.016812,-8949.95,-132.493,83.529526,0,0,0,0,2.7459998,2.7459998,none,true,0,0,0,Stand,6.350625,,,,1,0->0:Exact,NONE
370,6.175477,0.016530,-8949.95,-132.493,83.529526,0,0,0,0,2.7459998,2.7459998,none,true,0,0,0,Stand,6.367155,,,,1,0->0:Exact,NONE
371,6.192007,0.017162,-8949.95,-132.493,83.529526,0,0,0,0,2.7459998,2.7459998,none,true,0,0,0,Stand,6.3843174,,,,1,0->0:Exact,NONE
372,6.209170,0.016258,-8949.95,-132.493,83.529526,0,0,0,0,2.7459998,2.7459998,none,true,0,0,0,Stand,6.400575,,,,1,0->0:Exact,NONE
373,6.225427,0.016660,-8949.95,-132.493,83.529526,0,0,0,0,2.7459998,2.7459998,none,true,0,0,0,Stand,6.417235,,,,1,0->0:Exact,NONE
374,6.242087,0.016687,-8949.95,-132.493,83.529526,0,0,0,0,2.7459998,2.7459998,none,true,0,0,0,Stand,6.433922,,,,1,0->0:Exact,NONE
375,6.258774,0.017425,-8949.95,-132.493,83.529526,0,0,0,0,2.7459998,2.7459998,none,true,0,0,0,Stand,6.451347,,,,1,0->0:Exact,NONE
376,6.276199,0.017400,-8949.95,-132.493,83.529526,0,0,0,0,2.7459998,2.7459998,none,true,0,0,0,Stand,6.468747,,,,1,0->0:Exact,NONE
377,6.293600,0.015349,-8949.95,-132.493,83.529526,0,0,0,0,2.7459998,2.7459998,none,true,0,0,0,Stand,6.484096,,,,1,0->0:Exact,NONE
378,6.308949,0.016587,-8949.95,-132.493,83.529526,0,0,0,0,2.7459998,2.7459998,none,true,0,0,0,Stand,6.5006833,,,,1,0->0:Exact,NONE
379,6.325536,0.016601,-8949.95,-132.493,83.529526,0,0,0,0,2.7459998,2.7459998,none,true,0,0,0,Stand,6.517285,,,,1,0->0:Exact,NONE
380,6.342138,0.016971,-8949.95,-132.493,83.529526,0,0,0,0,2.7459998,2.7459998,none,true,0,0,0,Stand,6.534256,,,,1,0->0:Exact,NONE
381,6.359109,0.016519,-8949.95,-132.493,83.529526,0,0,0,0,2.7459998,2.7459998,none,true,0,0,0,Stand,6.550775,,,,1,0->0:Exact,NONE
382,6.375628,0.016672,-8949.95,-132.493,83.529526,0,0,0,0,2.7459998,2.7459998,none,true,0,0,0,Stand,6.567447,,,,1,0->0:Exact,NONE
383,6.392300,0.016543,-8949.95,-132.493,83.529526,0,0,0,0,2.7459998,2.7459998,none,true,0,0,0,Stand,6.58399,,,,1,0->0:Exact,NONE
384,6.408843,0.016959,-8949.95,-132.493,83.529526,0,0,0,0,2.7459998,2.7459998,none,true,0,0,0,Stand,6.6009493,,,,1,0->0:Exact,NONE
385,6.425802,0.016575,-8949.95,-132.493,83.529526,0,0,0,0,2.7459998,2.7459998,none,true,0,0,0,Stand,6.6175246,,,,1,0->0:Exact,NONE
386,6.442377,0.016442,-8949.95,-132.493,83.529526,0,0,0,0,2.7459998,2.7459998,none,true,0,0,0,Stand,6.633967,,,,1,0->0:Exact,NONE
387,6.458819,0.016812,-8949.95,-132.493,83.529526,0,0,0,0,2.7459998,2.7459998,none,true,0,0,0,Stand,6.6507792,,,,1,0->0:Exact,NONE
388,6.475631,0.017334,-8949.95,-132.493,83.529526,0,0,0,0,2.7459998,2.7459998,none,true,0,0,0,Stand,6.6681128,,,,1,0->0:Exact,NONE
389,6.492965,0.016314,-8949.95,-132.493,83.529526,0,0,0,0,2.7459998,2.7459998,none,true,0,0,0,Stand,6.6844273,,,,1,0->0:Exact,NONE
390,6.509280,0.016316,-8949.95,-132.493,83.529526,0,0,0,0,2.7459998,2.7459998,none,true,0,0,0,Stand,6.7007437,,,,1,0->0:Exact,NONE
391,6.525596,0.016758,-8949.95,-132.493,83.529526,0,0,0,0,2.7459998,2.7459998,none,true,0,0,0,Stand,6.717502,,,,1,0->0:Exact,NONE
392,6.542354,0.016960,-8949.95,-132.493,83.529526,0,0,0,0,2.7459998,2.7459998,none,true,0,0,0,Stand,6.734462,,,,1,0->0:Exact,NONE
393,6.559314,0.016544,-8949.95,-132.493,83.529526,0,0,0,0,2.7459998,2.7459998,none,true,0,0,0,Stand,6.7510056,,,,1,0->0:Exact,NONE
394,6.575858,0.016547,-8949.95,-132.493,83.529526,0,0,0,0,2.7459998,2.7459998,none,true,0,0,0,Stand,6.767553,,,,1,0->0:Exact,NONE
395,6.592405,0.016810,-8949.95,-132.493,83.529526,0,0,0,0,2.7459998,2.7459998,none,true,0,0,0,Stand,6.7843623,,,,1,0->0:Exact,NONE
396,6.609215,0.016559,-8949.95,-132.493,83.529526,0,0,0,0,2.7459998,2.7459998,none,true,0,0,0,Stand,6.8009214,,,,1,0->0:Exact,NONE
397,6.625774,0.016540,-8949.95,-132.493,83.529526,0,0,0,0,2.7459998,2.7459998,none,true,0,0,0,Stand,6.8174615,,,,1,0->0:Exact,NONE
398,6.642314,0.017052,-8949.95,-132.493,83.529526,0,0,0,0,2.7459998,2.7459998,none,true,0,0,0,Stand,6.834513,,,,1,0->0:Exact,NONE
399,6.659366,0.016359,-8949.95,-132.493,83.529526,0,0,0,0,2.7459998,2.7459998,none,true,0,0,0,Stand,6.850872,,,,1,0->0:Exact,NONE
400,6.675724,0.016812,-8949.95,-132.493,83.529526,0,0,0,0,2.7459998,2.7459998,none,true,0,0,0,Stand,6.8676844,,,,1,0->0:Exact,NONE
401,6.692537,0.016590,-8949.95,-132.493,83.529526,0,0,0,0,2.7459998,2.7459998,none,true,0,0,0,Stand,6.884275,,,,1,0->0:Exact,NONE
402,6.709127,0.016568,-8949.95,-132.493,83.529526,0,0,0,0,2.7459998,2.7459998,none,true,0,0,0,Stand,6.9008427,,,,1,0->0:Exact,NONE
403,6.725695,0.016821,-8949.95,-132.493,83.529526,0,0,0,0,2.7459998,2.7459998,none,true,0,0,0,Stand,6.9176636,,,,1,0->0:Exact,NONE
404,6.742516,0.016582,-8949.95,-132.493,83.529526,0,0,0,0,2.7459998,2.7459998,none,true,0,0,0,Stand,6.934246,,,,1,0->0:Exact,NONE
405,6.759098,0.017026,-8949.95,-132.493,83.529526,0,0,0,0,2.7459998,2.7459998,none,true,0,0,0,Stand,6.951272,,,,1,0->0:Exact,NONE
406,6.776124,0.017816,-8949.95,-132.493,83.529526,0,0,0,0,2.7459998,2.7459998,none,true,0,0,0,Stand,6.9690876,,,,1,0->0:Exact,NONE
407,6.793940,0.015239,-8949.95,-132.493,83.529526,0,0,0,0,2.7459998,2.7459998,none,true,0,0,0,Stand,6.984327,,,,1,0->0:Exact,NONE
408,6.809179,0.017208,-8949.95,-132.493,83.529526,0,0,0,0,2.7459998,2.7459998,none,true,0,0,0,Stand,7.001535,,,,1,0->0:Exact,NONE
409,6.826388,0.016220,-8949.95,-132.493,83.529526,0,0,0,0,2.7459998,2.7459998,none,true,0,0,0,Stand,7.0177546,,,,1,0->0:Exact,NONE
410,6.842607,0.016757,-8949.95,-132.493,83.529526,0,0,0,0,2.7459998,2.7459998,none,true,0,0,0,Stand,7.0345116,,,,1,0->0:Exact,NONE
411,6.859364,0.016692,-8949.95,-132.493,83.529526,0,0,0,0,2.7459998,2.7459998,none,true,0,0,0,Stand,7.0512033,,,,1,0->0:Exact,NONE
412,6.876056,0.016815,-8949.95,-132.493,83.529526,0,0,0,0,2.7459998,2.7459998,none,true,0,0,0,Stand,7.068018,,,,1,0->0:Exact,NONE
413,6.892870,0.016306,-8949.95,-132.493,83.529526,0,0,0,0,2.7459998,2.7459998,none,true,0,0,0,Stand,7.0843234,,,,1,0->0:Exact,NONE
414,6.909176,0.016738,-8949.95,-132.493,83.529526,0,0,0,0,2.7459998,2.7459998,none,true,0,0,0,Stand,7.1010613,,,,1,0->0:Exact,NONE
415,6.925914,0.016787,-8949.95,-132.493,83.529526,0,0,0,0,2.7459998,2.7459998,none,true,0,0,0,Stand,7.1178484,,,,1,0->0:Exact,NONE
416,6.942701,0.016665,-8949.95,-132.493,83.529526,0,0,0,0,2.7459998,2.7459998,none,true,0,0,0,Stand,7.1345134,,,,1,0->0:Exact,NONE
417,6.959366,0.016817,-8949.95,-132.493,83.529526,0,0,0,0,2.7459998,2.7459998,none,true,0,0,0,Stand,7.15133,,,,1,0->0:Exact,NONE
418,6.976182,0.016615,-8949.95,-132.493,83.529526,0,0,0,0,2.7459998,2.7459998,none,true,0,0,0,Stand,7.1679444,,,,1,0->0:Exact,NONE
419,6.992797,0.016452,-8949.95,-132.493,83.529526,0,0,0,0,2.7459998,2.7459998,none,true,0,0,0,Stand,7.1843967,,,,1,0->0:Exact,NONE
420,7.009249,0.017131,-8949.95,-132.493,83.529526,0,0,0,0,2.7459998,2.7459998,none,true,0,0,0,Stand,7.2015276,,,,1,0->0:Exact,NONE
421,7.026380,0.016258,-8949.95,-132.493,83.529526,0,0,0,0,2.7459998,2.7459998,none,true,0,0,0,Stand,7.2177854,,,,1,0->0:Exact,NONE
422,7.042638,0.016819,-8949.95,-132.493,83.529526,0,0,0,0,2.7459998,2.7459998,none,true,0,0,0,Stand,7.2346044,,,,1,0->0:Exact,NONE
423,7.059457,0.016709,-8949.95,-132.493,83.529526,0,0,0,0,2.7459998,2.7459998,none,true,0,0,0,Stand,7.251313,,,,1,0->0:Exact,NONE
424,7.076166,0.017824,-8949.95,-132.493,83.529526,0,0,0,0,2.7459998,2.7459998,none,true,0,0,0,Stand,7.269137,,,,1,0->0:Exact,NONE
425,7.093989,0.015293,-8949.95,-132.493,83.529526,0,0,0,0,2.7459998,2.7459998,none,true,0,0,0,Stand,7.2844296,,,,1,0->0:Exact,NONE
426,7.109282,0.016706,-8949.95,-132.493,83.529526,0,0,0,0,2.7459998,2.7459998,none,true,0,0,0,Stand,7.301135,,,,1,0->0:Exact,NONE
427,7.125988,0.016716,-8949.95,-132.493,83.529526,0,0,0,0,2.7459998,2.7459998,none,true,0,0,0,Stand,7.3178506,,,,1,0->0:Exact,NONE
428,7.142703,0.016801,-8949.95,-132.493,83.529526,0,0,0,0,2.7459998,2.7459998,none,true,0,0,0,Stand,7.334651,,,,1,0->0:Exact,NONE
429,7.159504,0.016926,-8949.95,-132.493,83.529526,0,0,0,0,2.7459998,2.7459998,none,true,0,0,0,Stand,7.351577,,,,1,0->0:Exact,NONE
430,7.176430,0.016574,-8949.95,-132.493,83.529526,0,0,0,0,2.7459998,2.7459998,none,true,0,0,0,Stand,7.368151,,,,1,0->0:Exact,NONE
431,7.193004,0.016572,-8949.95,-132.493,83.529526,0,0,0,0,2.7459998,2.7459998,none,true,0,0,0,Stand,7.3847227,,,,1,0->0:Exact,NONE
432,7.209576,0.018006,-8949.95,-132.493,83.529526,0,0,0,0,2.7459998,2.7459998,none,true,0,0,0,Stand,7.4027286,,,,1,0->0:Exact,NONE
433,7.227582,0.015532,-8949.95,-132.493,83.529526,0,0,0,0,2.7459998,2.7459998,none,true,0,0,0,Stand,7.418261,,,,1,0->0:Exact,NONE
434,7.243114,0.016659,-8949.95,-132.493,83.529526,0,0,0,0,2.7459998,2.7459998,none,true,0,0,0,Stand,7.4349203,,,,1,0->0:Exact,NONE
435,7.259773,0.016802,-8949.95,-132.493,83.529526,0,0,0,0,2.7459998,2.7459998,none,true,0,0,0,Stand,7.451722,,,,1,0->0:Exact,NONE
436,7.276575,0.017417,-8949.95,-132.493,83.529526,0,0,0,0,2.7459998,2.7459998,none,true,0,0,0,Stand,7.469139,,,,1,0->0:Exact,NONE
437,7.293992,0.015664,-8949.95,-132.493,83.529526,0,0,0,0,2.7459998,2.7459998,none,true,0,0,0,Stand,7.4848027,,,,1,0->0:Exact,NONE
438,7.309655,0.017271,-8949.95,-132.493,83.529526,0,0,0,0,2.7459998,2.7459998,none,true,0,0,0,Stand,7.5020742,,,,1,0->0:Exact,NONE
439,7.326927,0.016205,-8949.95,-132.493,83.529526,0,0,0,0,2.7459998,2.7459998,none,true,0,0,0,Stand,7.518279,,,,1,0->0:Exact,NONE
440,7.343132,0.016951,-8949.95,-132.493,83.529526,0,0,0,0,2.7459998,2.7459998,none,true,0,0,0,Stand,7.5352297,,,,1,0->0:Exact,NONE
441,7.360082,0.016359,-8949.95,-132.493,83.529526,0,0,0,0,2.7459998,2.7459998,none,true,0,0,0,Stand,7.5515885,,,,1,0->0:Exact,NONE
442,7.376441,0.017179,-8949.95,-132.493,83.529526,0,0,0,0,2.7459998,2.7459998,none,true,0,0,0,Stand,7.5687675,,,,1,0->0:Exact,NONE
443,7.393620,0.016018,-8949.95,-132.493,83.529526,0,0,0,0,2.7459998,2.7459998,none,true,0,0,0,Stand,7.584786,,,,1,0->0:Exact,NONE
444,7.409639,0.016810,-8949.95,-132.493,83.529526,0,0,0,0,2.7459998,2.7459998,none,true,0,0,0,Stand,7.601596,,,,1,0->0:Exact,NONE
445,7.426449,0.016555,-8949.95,-132.493,83.529526,0,0,0,0,2.7459998,2.7459998,none,true,0,0,0,Stand,7.6181507,,,,1,0->0:Exact,NONE
446,7.443004,0.016673,-8949.95,-132.493,83.529526,0,0,0,0,2.7459998,2.7459998,none,true,0,0,0,Stand,7.6348233,,,,1,0->0:Exact,NONE
447,7.459677,0.016872,-8949.95,-132.493,83.529526,0,0,0,0,2.7459998,2.7459998,none,true,0,0,0,Stand,7.6516957,,,,1,0->0:Exact,NONE
448,7.476549,0.016596,-8949.95,-132.493,83.529526,0,0,0,0,2.7459998,2.7459998,none,true,0,0,0,Stand,7.6682916,,,,1,0->0:Exact,NONE
449,7.493145,0.016584,-8949.95,-132.493,83.529526,0,0,0,0,2.7459998,2.7459998,none,true,0,0,0,Stand,7.684875,,,,1,0->0:Exact,NONE
450,7.509728,0.016831,-8949.95,-132.493,83.529526,0,0,0,0,2.7459998,2.7459998,none,true,0,0,0,Stand,7.701706,,,,1,0->0:Exact,NONE
451,7.526559,0.016421,-8949.95,-132.493,83.529526,0,0,0,0,2.7459998,2.7459998,none,true,0,0,0,Stand,7.718127,,,,1,0->0:Exact,NONE
452,7.542980,0.016727,-8949.95,-132.493,83.529526,0,0,0,0,2.7459998,2.7459998,none,true,0,0,0,Stand,7.7348533,,,,1,0->0:Exact,NONE
453,7.559707,0.016730,-8949.95,-132.493,83.529526,0,0,0,0,2.7459998,2.7459998,none,true,0,0,0,Stand,7.7515836,,,,1,0->0:Exact,NONE
454,7.576437,0.017474,-8949.95,-132.493,83.529526,0,0,0,0,2.7459998,2.7459998,none,true,0,0,0,Stand,7.7690578,,,,1,0->0:Exact,NONE
455,7.593912,0.015747,-8949.95,-132.493,83.529526,0,0,0,0,2.7459998,2.7459998,none,true,0,0,0,Stand,7.784805,,,,1,0->0:Exact,NONE
456,7.609658,0.016861,-8949.95,-132.493,83.529526,0,0,0,0,2.7459998,2.7459998,none,true,0,0,0,Stand,7.801666,,,,1,0->0:Exact,NONE
457,7.626520,0.016809,-8949.95,-132.493,83.529526,0,0,0,0,2.7459998,2.7459998,none,true,0,0,0,Stand,7.8184743,,,,1,0->0:Exact,NONE
458,7.643328,0.016582,-8949.95,-132.493,83.529526,0,0,0,0,2.7459998,2.7459998,none,true,0,0,0,Stand,7.8350563,,,,1,0->0:Exact,NONE
459,7.659910,0.016647,-8949.95,-132.493,83.529526,0,0,0,0,2.7459998,2.7459998,none,true,0,0,0,Stand,7.8517036,,,,1,0->0:Exact,NONE
460,7.676557,0.016681,-8949.95,-132.493,83.529526,0,0,0,0,2.7459998,2.7459998,none,true,0,0,0,Stand,7.868385,,,,1,0->0:Exact,NONE
461,7.693238,0.016663,-8949.95,-132.493,83.529526,0,0,0,0,2.7459998,2.7459998,none,true,0,0,0,Stand,7.8850474,,,,1,0->0:Exact,NONE
462,7.709901,0.017044,-8949.95,-132.493,83.529526,0,0,0,0,2.7459998,2.7459998,none,true,0,0,0,Stand,7.9020915,,,,1,0->0:Exact,NONE
463,7.726945,0.016987,-8949.95,-132.493,83.529526,0,0,0,0,2.7459998,2.7459998,none,true,0,0,0,Stand,7.9190784,,,,1,0->0:Exact,NONE
464,7.743932,0.016232,-8949.95,-132.493,83.529526,0,0,0,0,2.7459998,2.7459998,none,true,0,0,0,Stand,7.935311,,,,1,0->0:Exact,NONE
465,7.760164,0.016858,-8949.95,-132.493,83.529526,0,0,0,0,2.7459998,2.7459998,none,true,0,0,0,Stand,7.9521685,,,,1,0->0:Exact,NONE
466,7.777022,0.016369,-8949.95,-132.493,83.529526,0,0,0,0,2.7459998,2.7459998,none,true,0,0,0,Stand,7.968538,,,,1,0->0:Exact,NONE
467,7.793392,0.016502,-8949.95,-132.493,83.529526,0,0,0,0,2.7459998,2.7459998,none,true,0,0,0,Stand,7.9850397,,,,1,0->0:Exact,NONE
468,7.809893,0.016686,-8949.95,-132.493,83.529526,0,0,0,0,2.7459998,2.7459998,none,true,0,0,0,Stand,8.001726,,,,1,0->0:Exact,NONE
469,7.826580,0.016717,-8949.95,-132.493,83.529526,0,0,0,0,2.7459998,2.7459998,none,true,0,0,0,Stand,8.018443,,,,1,0->0:Exact,NONE
470,7.843297,0.016779,-8949.95,-132.493,83.529526,0,0,0,0,2.7459998,2.7459998,none,true,0,0,0,Stand,8.035222,,,,1,0->0:Exact,NONE
471,7.860076,0.016759,-8949.95,-132.493,83.529526,0,0,0,0,2.7459998,2.7459998,none,true,0,0,0,Stand,8.051981,,,,1,0->0:Exact,NONE
472,7.876835,0.016614,-8949.95,-132.493,83.529526,0,0,0,0,2.7459998,2.7459998,none,true,0,0,0,Stand,8.068595,,,,1,0->0:Exact,NONE
473,7.893449,0.016978,-8949.95,-132.493,83.529526,0,0,0,0,2.7459998,2.7459998,none,true,0,0,0,Stand,8.085572,,,,1,0->0:Exact,NONE
474,7.910426,0.016635,-8949.95,-132.493,83.529526,0,0,0,0,2.7459998,2.7459998,none,true,0,0,0,Stand,8.102207,,,,1,0->0:Exact,NONE
475,7.927061,0.016284,-8949.95,-132.493,83.529526,0,0,0,0,2.7459998,2.7459998,none,true,0,0,0,Stand,8.118491,,,,1,0->0:Exact,NONE
476,7.943346,0.016660,-8949.95,-132.493,83.529526,0,0,0,0,2.7459998,2.7459998,none,true,0,0,0,Stand,8.135152,,,,1,0->0:Exact,NONE
477,7.960006,0.016905,-8949.95,-132.493,83.529526,0,0,0,0,2.7459998,2.7459998,none,true,0,0,0,Stand,8.152058,,,,1,0->0:Exact,NONE
478,7.976911,0.017895,-8949.95,-132.493,83.529526,0,0,0,0,2.7459998,2.7459998,none,true,0,0,0,Stand,8.169952,,,,1,0->0:Exact,NONE
479,7.994806,0.015357,-8949.95,-132.493,83.529526,0,0,0,0,2.7459998,2.7459998,none,true,0,0,0,Stand,8.185309,,,,1,0->0:Exact,NONE
480,8.010163,0.016632,-8949.95,-132.493,83.529526,0,0,0,0,2.7459998,2.7459998,none,true,0,0,0,Stand,8.2019415,,,,1,0->0:Exact,NONE
481,8.026795,0.016624,-8949.95,-132.493,83.529526,0,0,0,0,2.7459998,2.7459998,none,true,0,0,0,Stand,8.218565,,,,1,0->0:Exact,NONE
482,8.043419,0.016774,-8949.95,-132.493,83.529526,0,0,0,0,2.7459998,2.7459998,none,true,0,0,0,Stand,8.235339,,,,1,0->0:Exact,NONE
483,8.060193,0.016712,-8949.95,-132.493,83.529526,0,0,0,0,2.7459998,2.7459998,none,true,0,0,0,Stand,8.252051,,,,1,0->0:Exact,NONE
484,8.076906,0.016615,-8949.95,-132.493,83.529526,0,0,0,0,2.7459998,2.7459998,none,true,0,0,0,Stand,8.268666,,,,1,0->0:Exact,NONE
485,8.093521,0.016616,-8949.95,-132.493,83.529526,0,0,0,0,2.7459998,2.7459998,none,true,0,0,0,Stand,8.285282,,,,1,0->0:Exact,NONE
486,8.110137,0.016722,-8949.95,-132.493,83.529526,0,0,0,0,2.7459998,2.7459998,none,true,0,0,0,Stand,8.302004,,,,1,0->0:Exact,NONE
487,8.126858,0.016694,-8949.95,-132.493,83.529526,0,0,0,0,2.7459998,2.7459998,none,true,0,0,0,Stand,8.318698,,,,1,0->0:Exact,NONE
488,8.143553,0.016663,-8949.95,-132.493,83.529526,0,0,0,0,2.7459998,2.7459998,none,true,0,0,0,Stand,8.335361,,,,1,0->0:Exact,NONE
489,8.160216,0.016730,-8949.95,-132.493,83.529526,0,0,0,0,2.7459998,2.7459998,none,true,0,0,0,Stand,8.35209,,,,1,0->0:Exact,NONE
490,8.176945,0.016703,-8949.95,-132.493,83.529526,0,0,0,0,2.7459998,2.7459998,none,true,0,0,0,Stand,8.3687935,,,,1,0->0:Exact,NONE
491,8.193649,0.016954,-8949.95,-132.493,83.529526,0,0,0,0,2.7459998,2.7459998,none,true,0,0,0,Stand,8.385747,,,,1,0->0:Exact,NONE
492,8.210602,0.016673,-8949.95,-132.493,83.529526,0,0,0,0,2.7459998,2.7459998,none,true,0,0,0,Stand,8.40242,,,,1,0->0:Exact,NONE
493,8.227276,0.016336,-8949.95,-132.493,83.529526,0,0,0,0,2.7459998,2.7459998,none,true,0,0,0,Stand,8.4187565,,,,1,0->0:Exact,NONE
494,8.243612,0.016789,-8949.95,-132.493,83.529526,0,0,0,0,2.7459998,2.7459998,none,true,0,0,0,Stand,8.435545,,,,1,0->0:Exact,NONE
495,8.260401,0.016662,-8949.95,-132.493,83.529526,0,0,0,0,2.7459998,2.7459998,none,true,0,0,0,Stand,8.452207,,,,1,0->0:Exact,NONE
496,8.277062,0.017702,-8949.95,-132.493,83.529526,0,0,0,0,2.7459998,2.7459998,none,true,0,0,0,Stand,8.469909,,,,1,0->0:Exact,NONE
497,8.294765,0.015507,-8949.95,-132.493,83.529526,0,0,0,0,2.7459998,2.7459998,none,true,0,0,0,Stand,8.485415,,,,1,0->0:Exact,NONE
498,8.310272,0.016684,-8949.95,-132.493,83.529526,0,0,0,0,2.7459998,2.7459998,none,true,0,0,0,Stand,8.5021,,,,1,0->0:Exact,NONE
499,8.326956,0.016744,-8949.95,-132.493,83.529526,0,0,0,0,2.7459998,2.7459998,none,true,0,0,0,Stand,8.518844,,,,1,0->0:Exact,NONE
500,8.343700,0.016677,-8949.95,-132.493,83.529526,0,0,0,0,2.7459998,2.7459998,none,true,0,0,0,Stand,8.5355215,,,,1,0->0:Exact,NONE
501,8.360377,0.016900,-8949.95,-132.493,83.529526,0,0,0,0,2.7459998,2.7459998,none,true,0,0,0,Stand,8.552422,,,,1,0->0:Exact,NONE
502,8.377277,0.016687,-8949.95,-132.493,83.529526,0,0,0,0,2.7459998,2.7459998,none,true,0,0,0,Stand,8.569108,,,,1,0->0:Exact,NONE
503,8.393964,0.016418,-8949.95,-132.493,83.529526,0,0,0,0,2.7459998,2.7459998,none,true,0,0,0,Stand,8.5855255,,,,1,0->0:Exact,NONE
504,8.410382,0.016721,-8949.95,-132.493,83.529526,0,0,0,0,2.7459998,2.7459998,none,true,0,0,0,Stand,8.602246,,,,1,0->0:Exact,NONE
505,8.427103,0.016676,-8949.95,-132.493,83.529526,0,0,0,0,2.7459998,2.7459998,none,true,0,0,0,Stand,8.618922,,,,1,0->0:Exact,NONE
506,8.443779,0.016742,-8949.95,-132.493,83.529526,0,0,0,0,2.7459998,2.7459998,none,true,0,0,0,Stand,8.635665,,,,1,0->0:Exact,NONE
507,8.460521,0.016668,-8949.95,-132.493,83.529526,0,0,0,0,2.7459998,2.7459998,none,true,0,0,0,Stand,8.652333,,,,1,0->0:Exact,NONE
508,8.477189,0.016729,-8949.95,-132.493,83.529526,0,0,0,0,2.7459998,2.7459998,none,true,0,0,0,Stand,8.669063,,,,1,0->0:Exact,NONE
509,8.493919,0.016501,-8949.95,-132.493,83.529526,0,0,0,0,2.7459998,2.7459998,none,true,0,0,0,Stand,8.685564,,,,1,0->0:Exact,NONE
510,8.510420,0.016794,-8949.95,-132.493,83.529526,0,0,0,0,2.7459998,2.7459998,none,true,0,0,0,Stand,8.702358,,,,1,0->0:Exact,NONE
511,8.527214,0.016665,-8949.95,-132.493,83.529526,0,0,0,0,2.7459998,2.7459998,none,true,0,0,0,Stand,8.719024,,,,1,0->0:Exact,NONE
512,8.543879,0.017224,-8949.95,-132.493,83.529526,0,0,0,0,2.7459998,2.7459998,none,true,0,0,0,Stand,8.736248,,,,1,0->0:Exact,NONE
513,8.561103,0.016220,-8949.95,-132.493,83.529526,0,0,0,0,2.7459998,2.7459998,none,true,0,0,0,Stand,8.752468,,,,1,0->0:Exact,NONE
514,8.577323,0.017077,-8949.95,-132.493,83.529526,0,0,0,0,2.7459998,2.7459998,none,true,0,0,0,Stand,8.769545,,,,1,0->0:Exact,NONE
515,8.594399,0.016274,-8949.95,-132.493,83.529526,0,0,0,0,2.7459998,2.7459998,none,true,0,0,0,Stand,8.785819,,,,1,0->0:Exact,NONE
516,8.610673,0.016665,-8949.95,-132.493,83.529526,0,0,0,0,2.7459998,2.7459998,none,true,0,0,0,Stand,8.802484,,,,1,0->0:Exact,NONE
517,8.627338,0.016690,-8949.95,-132.493,83.529526,0,0,0,0,2.7459998,2.7459998,none,true,0,0,0,Stand,8.819174,,,,1,0->0:Exact,NONE
518,8.644028,0.016771,-8949.95,-132.493,83.529526,0,0,0,0,2.7459998,2.7459998,none,true,0,0,0,Stand,8.835945,,,,1,0->0:Exact,NONE
519,8.660799,0.016491,-8949.95,-132.493,83.529526,0,0,0,0,2.7459998,2.7459998,none,true,0,0,0,Stand,8.852436,,,,1,0->0:Exact,NONE
520,8.677291,0.016608,-8949.95,-132.493,83.529526,0,0,0,0,2.7459998,2.7459998,none,true,0,0,0,Stand,8.869044,,,,1,0->0:Exact,NONE
521,8.693899,0.016961,-8949.95,-132.493,83.529526,0,0,0,0,2.7459998,2.7459998,none,true,0,0,0,Stand,8.886005,,,,1,0->0:Exact,NONE
522,8.710860,0.016505,-8949.95,-132.493,83.529526,0,0,0,0,2.7459998,2.7459998,none,true,0,0,0,Stand,8.90251,,,,1,0->0:Exact,NONE
523,8.727364,0.016760,-8949.95,-132.493,83.529526,0,0,0,0,2.7459998,2.7459998,none,true,0,0,0,Stand,8.91927,,,,1,0->0:Exact,NONE
524,8.744125,0.017051,-8949.95,-132.493,83.529526,0,0,0,0,2.7459998,2.7459998,none,true,0,0,0,Stand,8.93632,,,,1,0->0:Exact,NONE
525,8.761176,0.016188,-8949.95,-132.493,83.529526,0,0,0,0,2.7459998,2.7459998,none,true,0,0,0,Stand,8.952508,,,,1,0->0:Exact,NONE
526,8.777363,0.016843,-8949.95,-132.493,83.529526,0,0,0,0,2.7459998,2.7459998,none,true,0,0,0,Stand,8.969352,,,,1,0->0:Exact,NONE
527,8.794207,0.016585,-8949.95,-132.493,83.529526,0,0,0,0,2.7459998,2.7459998,none,true,0,0,0,Stand,8.985937,,,,1,0->0:Exact,NONE
528,8.810792,0.016742,-8949.95,-132.493,83.529526,0,0,0,0,2.7459998,2.7459998,none,true,0,0,0,Stand,9.00268,,,,1,0->0:Exact,NONE
529,8.827534,0.016441,-8949.95,-132.493,83.529526,0,0,0,0,2.7459998,2.7459998,none,true,0,0,0,Stand,9.019121,,,,1,0->0:Exact,NONE
530,8.843975,0.016888,-8949.95,-132.493,83.529526,0,0,0,0,2.7459998,2.7459998,none,true,0,0,0,Stand,9.036009,,,,1,0->0:Exact,NONE
531,8.860863,0.016695,-8949.95,-132.493,83.529526,0,0,0,0,2.7459998,2.7459998,none,true,0,0,0,Stand,9.052704,,,,1,0->0:Exact,NONE
532,8.877558,0.016616,-8949.95,-132.493,83.529526,0,0,0,0,2.7459998,2.7459998,none,true,0,0,0,Stand,9.06932,,,,1,0->0:Exact,NONE
533,8.894173,0.016653,-8949.95,-132.493,83.529526,0,0,0,0,2.7459998,2.7459998,none,true,0,0,0,Stand,9.085973,,,,1,0->0:Exact,NONE
534,8.910827,0.016663,-8949.95,-132.493,83.529526,0,0,0,0,2.7459998,2.7459998,none,true,0,0,0,Stand,9.102635,,,,1,0->0:Exact,NONE
535,8.927489,0.016662,-8949.95,-132.493,83.529526,0,0,0,0,2.7459998,2.7459998,none,true,0,0,0,Stand,9.119298,,,,1,0->0:Exact,NONE
536,8.944152,0.016793,-8949.95,-132.493,83.529526,0,0,0,0,2.7459998,2.7459998,none,true,0,0,0,Stand,9.136091,,,,1,0->0:Exact,NONE
537,8.960945,0.016933,-8949.95,-132.493,83.529526,0,0,0,0,2.7459998,2.7459998,none,true,0,0,0,Stand,9.153024,,,,1,0->0:Exact,NONE
538,8.977878,0.017426,-8949.95,-132.493,83.529526,0,0,0,0,2.7459998,2.7459998,none,true,0,0,0,Stand,9.170449,,,,1,0->0:Exact,NONE
539,8.995303,0.015871,-8949.95,-132.493,83.529526,0,0,0,0,2.7459998,2.7459998,none,true,0,0,0,Stand,9.18632,,,,1,0->0:Exact,NONE
540,9.011174,0.016496,-8949.95,-132.493,83.529526,0,0,0,0,2.7459998,2.7459998,none,true,0,0,0,Stand,9.202817,,,,1,0->0:Exact,NONE
541,9.027671,0.016765,-8949.95,-132.493,83.529526,0,0,0,0,2.7459998,2.7459998,none,true,0,0,0,Stand,9.219582,,,,1,0->0:Exact,NONE
542,9.044435,0.016746,-8949.95,-132.493,83.529526,0,0,0,0,2.7459998,2.7459998,none,true,0,0,0,Stand,9.236328,,,,1,0->0:Exact,NONE
543,9.061181,0.016590,-8949.95,-132.493,83.529526,0,0,0,0,2.7459998,2.7459998,none,true,0,0,0,Stand,9.252917,,,,1,0->0:Exact,NONE
544,9.077771,0.016779,-8949.95,-132.493,83.529526,0,0,0,0,2.7459998,2.7459998,none,true,0,0,0,Stand,9.269696,,,,1,0->0:Exact,NONE
545,9.094550,0.016423,-8949.95,-132.493,83.529526,0,0,0,0,2.7459998,2.7459998,none,true,0,0,0,Stand,9.286119,,,,1,0->0:Exact,NONE
546,9.110974,0.016659,-8949.95,-132.493,83.529526,0,0,0,0,2.7459998,2.7459998,none,true,0,0,0,Stand,9.302778,,,,1,0->0:Exact,NONE
547,9.127632,0.016686,-8949.95,-132.493,83.529526,0,0,0,0,2.7459998,2.7459998,none,true,0,0,0,Stand,9.319464,,,,1,0->0:Exact,NONE
548,9.144318,0.016619,-8949.95,-132.493,83.529526,0,0,0,0,2.7459998,2.7459998,none,true,0,0,0,Stand,9.336082,,,,1,0->0:Exact,NONE
549,9.160937,0.016892,-8949.95,-132.493,83.529526,0,0,0,0,2.7459998,2.7459998,none,true,0,0,0,Stand,9.352975,,,,1,0->0:Exact,NONE
550,9.177829,0.016380,-8949.95,-132.493,83.529526,0,0,0,0,2.7459998,2.7459998,none,true,0,0,0,Stand,9.369355,,,,1,0->0:Exact,NONE
551,9.194210,0.016826,-8949.95,-132.493,83.529526,0,0,0,0,2.7459998,2.7459998,none,true,0,0,0,Stand,9.386181,,,,1,0->0:Exact,NONE
552,9.211035,0.016845,-8949.95,-132.493,83.529526,0,0,0,0,2.7459998,2.7459998,none,true,0,0,0,Stand,9.403026,,,,1,0->0:Exact,NONE
553,9.227880,0.016601,-8949.95,-132.493,83.529526,0,0,0,0,2.7459998,2.7459998,none,true,0,0,0,Stand,9.419627,,,,1,0->0:Exact,NONE
554,9.244481,0.016564,-8949.95,-132.493,83.529526,0,0,0,0,2.7459998,2.7459998,none,true,0,0,0,Stand,9.436192,,,,1,0->0:Exact,NONE
555,9.261045,0.016808,-8949.95,-132.493,83.529526,0,0,0,0,2.7459998,2.7459998,none,true,0,0,0,Stand,9.453,,,,1,0->0:Exact,NONE
556,9.277854,0.017602,-8949.95,-132.493,83.529526,0,0,0,0,2.7459998,2.7459998,none,true,0,0,0,Stand,9.470602,,,,1,0->0:Exact,NONE
557,9.295456,0.016040,-8949.95,-132.493,83.529526,0,0,0,0,2.7459998,2.7459998,none,true,0,0,0,Stand,9.486642,,,,1,0->0:Exact,NONE
558,9.311496,0.016326,-8949.95,-132.493,83.529526,0,0,0,0,2.7459998,2.7459998,none,true,0,0,0,Stand,9.502968,,,,1,0->0:Exact,NONE
559,9.327821,0.017217,-8949.95,-132.493,83.529526,0,0,0,0,2.7459998,2.7459998,none,true,0,0,0,Stand,9.5201845,,,,1,0->0:Exact,NONE
560,9.345038,0.016131,-8949.95,-132.493,83.529526,0,0,0,0,2.7459998,2.7459998,none,true,0,0,0,Stand,9.536316,,,,1,0->0:Exact,NONE
561,9.361169,0.016864,-8949.95,-132.493,83.529526,0,0,0,0,2.7459998,2.7459998,none,true,0,0,0,Stand,9.55318,,,,1,0->0:Exact,NONE
562,9.378033,0.016591,-8949.95,-132.493,83.529526,0,0,0,0,2.7459998,2.7459998,none,true,0,0,0,Stand,9.569771,,,,1,0->0:Exact,NONE
563,9.394624,0.016726,-8949.95,-132.493,83.529526,0,0,0,0,2.7459998,2.7459998,none,true,0,0,0,Stand,9.586497,,,,1,0->0:Exact,NONE
564,9.411350,0.016628,-8949.95,-132.493,83.529526,0,0,0,0,2.7459998,2.7459998,none,true,0,0,0,Stand,9.603125,,,,1,0->0:Exact,NONE
565,9.427978,0.016622,-8949.95,-132.493,83.529526,0,0,0,0,2.7459998,2.7459998,none,true,0,0,0,Stand,9.619747,,,,1,0->0:Exact,NONE
566,9.444600,0.016653,-8949.95,-132.493,83.529526,0,0,0,0,2.7459998,2.7459998,none,true,0,0,0,Stand,9.6364,,,,1,0->0:Exact,NONE
567,9.461253,0.016581,-8949.95,-132.493,83.529526,0,0,0,0,2.7459998,2.7459998,none,true,0,0,0,Stand,9.652982,,,,1,0->0:Exact,NONE
568,9.477835,0.016755,-8949.95,-132.493,83.529526,0,0,0,0,2.7459998,2.7459998,none,true,0,0,0,Stand,9.669737,,,,1,0->0:Exact,NONE
569,9.494589,0.016806,-8949.95,-132.493,83.529526,0,0,0,0,2.7459998,2.7459998,none,true,0,0,0,Stand,9.686543,,,,1,0->0:Exact,NONE
570,9.511396,0.016628,-8949.95,-132.493,83.529526,0,0,0,0,2.7459998,2.7459998,none,true,0,0,0,Stand,9.703172,,,,1,0->0:Exact,NONE
571,9.528024,0.016787,-8949.95,-132.493,83.529526,0,0,0,0,2.7459998,2.7459998,none,true,0,0,0,Stand,9.719958,,,,1,0->0:Exact,NONE
572,9.544810,0.016755,-8949.95,-132.493,83.529526,0,0,0,0,2.7459998,2.7459998,none,true,0,0,0,Stand,9.736713,,,,1,0->0:Exact,NONE
573,9.561565,0.016543,-8949.95,-132.493,83.529526,0,0,0,0,2.7459998,2.7459998,none,true,0,0,0,Stand,9.753256,,,,1,0->0:Exact,NONE
574,9.578108,0.017014,-8949.95,-132.493,83.529526,0,0,0,0,2.7459998,2.7459998,none,true,0,0,0,Stand,9.770269,,,,1,0->0:Exact,NONE
575,9.595122,0.016394,-8949.95,-132.493,83.529526,0,0,0,0,2.7459998,2.7459998,none,true,0,0,0,Stand,9.786664,,,,1,0->0:Exact,NONE
576,9.611516,0.016668,-8949.95,-132.493,83.529526,0,0,0,0,2.7459998,2.7459998,none,true,0,0,0,Stand,9.803332,,,,1,0->0:Exact,NONE
577,9.628184,0.016459,-8949.95,-132.493,83.529526,0,0,0,0,2.7459998,2.7459998,none,true,0,0,0,Stand,9.819792,,,,1,0->0:Exact,NONE
578,9.644643,0.016722,-8949.95,-132.493,83.529526,0,0,0,0,2.7459998,2.7459998,none,true,0,0,0,Stand,9.8365135,,,,1,0->0:Exact,NONE
579,9.661366,0.016692,-8949.95,-132.493,83.529526,0,0,0,0,2.7459998,2.7459998,none,true,0,0,0,Stand,9.853206,,,,1,0->0:Exact,NONE
580,9.678058,0.016774,-8949.95,-132.493,83.529526,0,0,0,0,2.7459998,2.7459998,none,true,0,0,0,Stand,9.86998,,,,1,0->0:Exact,NONE
581,9.694832,0.016598,-8949.95,-132.493,83.529526,0,0,0,0,2.7459998,2.7459998,none,true,0,0,0,Stand,9.886578,,,,1,0->0:Exact,NONE
582,9.711430,0.016847,-8949.95,-132.493,83.529526,0,0,0,0,2.7459998,2.7459998,none,true,0,0,0,Stand,9.903424,,,,1,0->0:Exact,NONE
583,9.728277,0.016656,-8949.95,-132.493,83.529526,0,0,0,0,2.7459998,2.7459998,none,true,0,0,0,Stand,9.92008,,,,1,0->0:Exact,NONE
584,9.744933,0.016808,-8949.95,-132.493,83.529526,0,0,0,0,2.7459998,2.7459998,none,true,0,0,0,Stand,9.936888,,,,1,0->0:Exact,NONE
585,9.761740,0.016480,-8949.95,-132.493,83.529526,0,0,0,0,2.7459998,2.7459998,none,true,0,0,0,Stand,9.953368,,,,1,0->0:Exact,NONE
586,9.778221,0.016684,-8949.95,-132.493,83.529526,0,0,0,0,2.7459998,2.7459998,none,true,0,0,0,Stand,9.970053,,,,1,0->0:Exact,NONE
587,9.794905,0.016594,-8949.95,-132.493,83.529526,0,0,0,0,2.7459998,2.7459998,none,true,0,0,0,Stand,9.986647,,,,1,0->0:Exact,NONE
588,9.811499,0.016715,-8949.95,-132.493,83.529526,0,0,0,0,2.7459998,2.7459998,none,true,0,0,0,Stand,10.003362,,,,1,0->0:Exact,NONE
589,9.828214,0.016803,-8949.95,-132.493,83.529526,0,0,0,0,2.7459998,2.7459998,none,true,0,0,0,Stand,10.0201645,,,,1,0->0:Exact,NONE
590,9.845017,0.016574,-8949.95,-132.493,83.529526,0,0,0,0,2.7459998,2.7459998,none,true,0,0,0,Stand,10.036738,,,,1,0->0:Exact,NONE
591,9.861591,0.016726,-8949.95,-132.493,83.529526,0,0,0,0,2.7459998,2.7459998,none,true,0,0,0,Stand,10.053465,,,,1,0->0:Exact,NONE
592,9.878317,0.016690,-8949.95,-132.493,83.529526,0,0,0,0,2.7459998,2.7459998,none,true,0,0,0,Stand,10.070155,,,,1,0->0:Exact,NONE
593,9.895007,0.016825,-8949.95,-132.493,83.529526,0,0,0,0,2.7459998,2.7459998,none,true,0,0,0,Stand,10.086981,,,,1,0->0:Exact,NONE
594,9.911833,0.016921,-8949.95,-132.493,83.529526,0,0,0,0,2.7459998,2.7459998,none,true,0,0,0,Stand,10.103902,,,,1,0->0:Exact,NONE
595,9.928754,0.016318,-8949.95,-132.493,83.529526,0,0,0,0,2.7459998,2.7459998,none,true,0,0,0,Stand,10.12022,,,,1,0->0:Exact,NONE
596,9.945072,0.016656,-8949.95,-132.493,83.529526,0,0,0,0,2.7459998,2.7459998,none,true,0,0,0,Stand,10.136876,,,,1,0->0:Exact,NONE
597,9.961728,0.016632,-8949.95,-132.493,83.529526,0,0,0,0,2.7459998,2.7459998,none,true,0,0,0,Stand,10.153508,,,,1,0->0:Exact,NONE
598,9.978359,0.017969,-8949.95,-132.493,83.529526,0,0,0,0,2.7459998,2.7459998,none,true,0,0,0,Stand,10.171477,,,,1,0->0:Exact,NONE
599,9.996329,0.015623,-8949.95,-132.493,83.529526,0,0,0,0,2.7459998,2.7459998,none,true,0,0,0,Stand,10.1871,,,,1,0->0:Exact,NONE
600,10.011952,0.016547,-8949.95,-132.493,83.529526,0,0,0,0,2.7459998,2.7459998,none,true,0,0,0,Stand,10.203647,,,,1,0->0:Exact,NONE
601,10.028499,0.016636,-8949.95,-132.493,83.529526,0,0,0,0,2.7459998,2.7459998,none,true,0,0,0,Stand,10.220283,,,,1,0->0:Exact,NONE
602,10.045135,0.016670,-8949.95,-132.493,83.529526,0,0,0,0,2.7459998,2.7459998,none,true,0,0,0,Stand,10.236952,,,,1,0->0:Exact,NONE
603,10.061804,0.016798,-8949.95,-132.493,83.529526,0,0,0,0,2.7459998,2.7459998,none,true,0,0,0,Stand,10.25375,,,,1,0->0:Exact,NONE
604,10.078603,0.016563,-8949.95,-132.493,83.529526,0,0,0,0,2.7459998,2.7459998,none,true,0,0,0,Stand,10.270312,,,,1,0->0:Exact,NONE
605,10.095165,0.016583,-8949.95,-132.493,83.529526,0,0,0,0,2.7459998,2.7459998,none,true,0,0,0,Stand,10.286895,,,,1,0->0:Exact,NONE
606,10.111748,0.017106,-8949.95,-132.493,83.529526,0,0,0,0,2.7459998,2.7459998,none,true,0,0,0,Stand,10.304001,,,,1,0->0:Exact,NONE
607,10.128854,0.016231,-8949.95,-132.493,83.529526,0,0,0,0,2.7459998,2.7459998,none,true,0,0,0,Stand,10.320231,,,,1,0->0:Exact,NONE
608,10.145085,0.016790,-8949.95,-132.493,83.529526,0,0,0,0,2.7459998,2.7459998,none,true,0,0,0,Stand,10.337021,,,,1,0->0:Exact,NONE
609,10.161874,0.016707,-8949.95,-132.493,83.529526,0,0,0,0,2.7459998,2.7459998,none,true,0,0,0,Stand,10.353727,,,,1,0->0:Exact,NONE
610,10.178581,0.016618,-8949.95,-132.493,83.529526,0,0,0,0,2.7459998,2.7459998,none,true,0,0,0,Stand,10.370345,,,,1,0->0:Exact,NONE
611,10.195199,0.016679,-8949.95,-132.493,83.529526,0,0,0,0,2.7459998,2.7459998,none,true,0,0,0,Stand,10.387024,,,,1,0->0:Exact,NONE
612,10.211878,0.016859,-8949.95,-132.493,83.529526,0,0,0,0,2.7459998,2.7459998,none,true,0,0,0,Stand,10.403883,,,,1,0->0:Exact,NONE
613,10.228737,0.016651,-8949.95,-132.493,83.529526,0,0,0,0,2.7459998,2.7459998,none,true,0,0,0,Stand,10.420534,,,,1,0->0:Exact,NONE
614,10.245389,0.016760,-8949.95,-132.493,83.529526,0,0,0,0,2.7459998,2.7459998,none,true,0,0,0,Stand,10.437294,,,,1,0->0:Exact,NONE
615,10.262148,0.016742,-8949.95,-132.493,83.529526,0,0,0,0,2.7459998,2.7459998,none,true,0,0,0,Stand,10.454037,,,,1,0->0:Exact,NONE
616,10.278891,0.017406,-8949.95,-132.493,83.529526,0,0,0,0,2.7459998,2.7459998,none,true,0,0,0,Stand,10.471443,,,,1,0->0:Exact,NONE
617,10.296297,0.015540,-8949.95,-132.493,83.529526,0,0,0,0,2.7459998,2.7459998,none,true,0,0,0,Stand,10.486983,,,,1,0->0:Exact,NONE
618,10.311837,0.016826,-8949.95,-132.493,83.529526,0,0,0,0,2.7459998,2.7459998,none,true,0,0,0,Stand,10.503809,,,,1,0->0:Exact,NONE
619,10.328662,0.016776,-8949.95,-132.493,83.529526,0,0,0,0,2.7459998,2.7459998,none,true,0,0,0,Stand,10.520585,,,,1,0->0:Exact,NONE
620,10.345439,0.016861,-8949.95,-132.493,83.529526,0,0,0,0,2.7459998,2.7459998,none,true,0,0,0,Stand,10.537446,,,,1,0->0:Exact,NONE
621,10.362300,0.016773,-8949.95,-132.493,83.529526,0,0,0,0,2.7459998,2.7459998,none,true,0,0,0,Stand,10.554218,,,,1,0->0:Exact,NONE
622,10.379072,0.016320,-8949.95,-132.493,83.529526,0,0,0,0,2.7459998,2.7459998,none,true,0,0,0,Stand,10.5705385,,,,1,0->0:Exact,NONE
623,10.395393,0.016703,-8949.95,-132.493,83.529526,0,0,0,0,2.7459998,2.7459998,none,true,0,0,0,Stand,10.587242,,,,1,0->0:Exact,NONE
624,10.412096,0.016603,-8949.95,-132.493,83.529526,0,0,0,0,2.7459998,2.7459998,none,true,0,0,0,Stand,10.603846,,,,1,0->0:Exact,NONE
625,10.428699,0.016785,-8949.95,-132.493,83.529526,0,0,0,0,2.7459998,2.7459998,none,true,0,0,0,Stand,10.62063,,,,1,0->0:Exact,NONE
626,10.445484,0.016589,-8949.95,-132.493,83.529526,0,0,0,0,2.7459998,2.7459998,none,true,0,0,0,Stand,10.637219,,,,1,0->0:Exact,NONE
627,10.462073,0.016819,-8949.95,-132.493,83.529526,0,0,0,0,2.7459998,2.7459998,none,true,0,0,0,Stand,10.654038,,,,1,0->0:Exact,NONE
628,10.478892,0.016625,-8949.95,-132.493,83.529526,0,0,0,0,2.7459998,2.7459998,none,true,0,0,0,Stand,10.670664,,,,1,0->0:Exact,NONE
629,10.495517,0.016571,-8949.95,-132.493,83.529526,0,0,0,0,2.7459998,2.7459998,none,true,0,0,0,Stand,10.687235,,,,1,0->0:Exact,NONE
630,10.512088,0.016660,-8949.95,-132.493,83.529526,0,0,0,0,2.7459998,2.7459998,none,true,0,0,0,Stand,10.703895,,,,1,0->0:Exact,NONE
631,10.528748,0.016633,-8949.95,-132.493,83.529526,0,0,0,0,2.7459998,2.7459998,none,true,0,0,0,Stand,10.720528,,,,1,0->0:Exact,NONE
632,10.545381,0.016940,-8949.95,-132.493,83.529526,0,0,0,0,2.7459998,2.7459998,none,true,0,0,0,Stand,10.737468,,,,1,0->0:Exact,NONE
633,10.562321,0.016903,-8949.95,-132.493,83.529526,0,0,0,0,2.7459998,2.7459998,none,true,0,0,0,Stand,10.754371,,,,1,0->0:Exact,NONE
634,10.579223,0.016225,-8949.95,-132.493,83.529526,0,0,0,0,2.7459998,2.7459998,none,true,0,0,0,Stand,10.770596,,,,1,0->0:Exact,NONE
635,10.595449,0.016637,-8949.95,-132.493,83.529526,0,0,0,0,2.7459998,2.7459998,none,true,0,0,0,Stand,10.787232,,,,1,0->0:Exact,NONE
636,10.612085,0.016776,-8949.95,-132.493,83.529526,0,0,0,0,2.7459998,2.7459998,none,true,0,0,0,Stand,10.804008,,,,1,0->0:Exact,NONE
637,10.628861,0.016721,-8949.95,-132.493,83.529526,0,0,0,0,2.7459998,2.7459998,none,true,0,0,0,Stand,10.820728,,,,1,0->0:Exact,NONE
638,10.645582,0.016797,-8949.95,-132.493,83.529526,0,0,0,0,2.7459998,2.7459998,none,true,0,0,0,Stand,10.837525,,,,1,0->0:Exact,NONE
639,10.662379,0.016980,-8949.95,-132.493,83.529526,0,0,0,0,2.7459998,2.7459998,none,true,0,0,0,Stand,10.854506,,,,1,0->0:Exact,NONE
640,10.679359,0.017451,-8949.95,-132.493,83.529526,0,0,0,0,2.7459998,2.7459998,none,true,0,0,0,Stand,10.871957,,,,1,0->0:Exact,NONE
641,10.696810,0.015687,-8949.95,-132.493,83.529526,0,0,0,0,2.7459998,2.7459998,none,true,0,0,0,Stand,10.887644,,,,1,0->0:Exact,NONE
642,10.712497,0.016356,-8949.95,-132.493,83.529526,0,0,0,0,2.7459998,2.7459998,none,true,0,0,0,Stand,10.903999,,,,1,0->0:Exact,NONE
643,10.728853,0.016744,-8949.95,-132.493,83.529526,0,0,0,0,2.7459998,2.7459998,none,true,0,0,0,Stand,10.920744,,,,1,0->0:Exact,NONE
644,10.745598,0.016818,-8949.95,-132.493,83.529526,0,0,0,0,2.7459998,2.7459998,none,true,0,0,0,Stand,10.937562,,,,1,0->0:Exact,NONE
645,10.762416,0.016653,-8949.95,-132.493,83.529526,0,0,0,0,2.7459998,2.7459998,none,true,0,0,0,Stand,10.954215,,,,1,0->0:Exact,NONE
646,10.779068,0.016749,-8949.95,-132.493,83.529526,0,0,0,0,2.7459998,2.7459998,none,true,0,0,0,Stand,10.970964,,,,1,0->0:Exact,NONE
647,10.795818,0.016518,-8949.95,-132.493,83.529526,0,0,0,0,2.7459998,2.7459998,none,true,0,0,0,Stand,10.987482,,,,1,0->0:Exact,NONE
648,10.812336,0.016637,-8949.95,-132.493,83.529526,0,0,0,0,2.7459998,2.7459998,none,true,0,0,0,Stand,11.004119,,,,1,0->0:Exact,NONE
649,10.828973,0.016821,-8949.95,-132.493,83.529526,0,0,0,0,2.7459998,2.7459998,none,true,0,0,0,Stand,11.020941,,,,1,0->0:Exact,NONE
650,10.845794,0.016803,-8949.95,-132.493,83.529526,0,0,0,0,2.7459998,2.7459998,none,true,0,0,0,Stand,11.037744,,,,1,0->0:Exact,NONE
651,10.862597,0.016797,-8949.95,-132.493,83.529526,0,0,0,0,2.7459998,2.7459998,none,true,0,0,0,Stand,11.054541,,,,1,0->0:Exact,NONE
652,10.879394,0.016477,-8949.95,-132.493,83.529526,0,0,0,0,2.7459998,2.7459998,none,true,0,0,0,Stand,11.071017,,,,1,0->0:Exact,NONE
653,10.895871,0.016887,-8949.95,-132.493,83.529526,0,0,0,0,2.7459998,2.7459998,none,true,0,0,0,Stand,11.087905,,,,1,0->0:Exact,NONE
654,10.912758,0.016267,-8949.95,-132.493,83.529526,0,0,0,0,2.7459998,2.7459998,none,true,0,0,0,Stand,11.104172,,,,1,0->0:Exact,NONE
655,10.929025,0.016855,-8949.95,-132.493,83.529526,0,0,0,0,2.7459998,2.7459998,none,true,0,0,0,Stand,11.121027,,,,1,0->0:Exact,NONE
656,10.945880,0.016556,-8949.95,-132.493,83.529526,0,0,0,0,2.7459998,2.7459998,none,true,0,0,0,Stand,11.137584,,,,1,0->0:Exact,NONE
657,10.962437,0.016897,-8949.95,-132.493,83.529526,0,0,0,0,2.7459998,2.7459998,none,true,0,0,0,Stand,11.154481,,,,1,0->0:Exact,NONE
658,10.979334,0.017504,-8949.95,-132.493,83.529526,0,0,0,0,2.7459998,2.7459998,none,true,0,0,0,Stand,11.171986,,,,1,0->0:Exact,NONE
659,10.996838,0.015772,-8949.95,-132.493,83.529526,0,0,0,0,2.7459998,2.7459998,none,true,0,0,0,Stand,11.187758,,,,1,0->0:Exact,NONE
660,11.012611,0.016515,-8949.95,-132.493,83.529526,0,0,0,0,2.7459998,2.7459998,none,true,0,0,0,Stand,11.204274,,,,1,0->0:Exact,NONE
661,11.029126,0.016857,-8949.95,-132.493,83.529526,0,0,0,0,2.7459998,2.7459998,none,true,0,0,0,Stand,11.221131,,,,1,0->0:Exact,NONE
662,11.045983,0.016586,-8949.95,-132.493,83.529526,0,0,0,0,2.7459998,2.7459998,none,true,0,0,0,Stand,11.237718,,,,1,0->0:Exact,NONE
663,11.062569,0.016734,-8949.95,-132.493,83.529526,0,0,0,0,2.7459998,2.7459998,none,true,0,0,0,Stand,11.254452,,,,1,0->0:Exact,NONE
664,11.079303,0.016787,-8949.95,-132.493,83.529526,0,0,0,0,2.7459998,2.7459998,none,true,0,0,0,Stand,11.271238,,,,1,0->0:Exact,NONE
665,11.096090,0.016545,-8949.95,-132.493,83.529526,0,0,0,0,2.7459998,2.7459998,none,true,0,0,0,Stand,11.287784,,,,1,0->0:Exact,NONE
666,11.112635,0.016564,-8949.95,-132.493,83.529526,0,0,0,0,2.7459998,2.7459998,none,true,0,0,0,Stand,11.304347,,,,1,0->0:Exact,NONE
667,11.129199,0.016978,-8949.95,-132.493,83.529526,0,0,0,0,2.7459998,2.7459998,none,true,0,0,0,Stand,11.321325,,,,1,0->0:Exact,NONE
668,11.146177,0.016438,-8949.95,-132.493,83.529526,0,0,0,0,2.7459998,2.7459998,none,true,0,0,0,Stand,11.337763,,,,1,0->0:Exact,NONE
669,11.162614,0.017053,-8949.95,-132.493,83.529526,0,0,0,0,2.7459998,2.7459998,none,true,0,0,0,Stand,11.354816,,,,1,0->0:Exact,NONE
670,11.179668,0.016263,-8949.95,-132.493,83.529526,0,0,0,0,2.7459998,2.7459998,none,true,0,0,0,Stand,11.371079,,,,1,0->0:Exact,NONE
671,11.195931,0.016663,-8949.95,-132.493,83.529526,0,0,0,0,2.7459998,2.7459998,none,true,0,0,0,Stand,11.387742,,,,1,0->0:Exact,NONE
672,11.212594,0.017269,-8949.95,-132.493,83.529526,0,0,0,0,2.7459998,2.7459998,none,true,0,0,0,Stand,11.405011,,,,1,0->0:Exact,NONE
673,11.229862,0.016102,-8949.95,-132.493,83.529526,0,0,0,0,2.7459998,2.7459998,none,true,0,0,0,Stand,11.421113,,,,1,0->0:Exact,NONE
674,11.245964,0.017267,-8949.95,-132.493,83.529526,0,0,0,0,2.7459998,2.7459998,none,true,0,0,0,Stand,11.43838,,,,1,0->0:Exact,NONE
675,11.263231,0.016500,-8949.95,-132.493,83.529526,0,0,0,0,2.7459998,2.7459998,none,true,0,0,0,Stand,11.454881,,,,1,0->0:Exact,NONE
676,11.279732,0.016968,-8949.95,-132.493,83.529526,0,0,0,0,2.7459998,2.7459998,none,true,0,0,0,Stand,11.4718485,,,,1,0->0:Exact,NONE
677,11.296699,0.016422,-8949.95,-132.493,83.529526,0,0,0,0,2.7459998,2.7459998,none,true,0,0,0,Stand,11.48827,,,,1,0->0:Exact,NONE
678,11.313121,0.016788,-8949.95,-132.493,83.529526,0,0,0,0,2.7459998,2.7459998,none,true,0,0,0,Stand,11.505057,,,,1,0->0:Exact,NONE
679,11.329909,0.016389,-8949.95,-132.493,83.529526,0,0,0,0,2.7459998,2.7459998,none,true,0,0,0,Stand,11.521447,,,,1,0->0:Exact,NONE
680,11.346298,0.016658,-8949.95,-132.493,83.529526,0,0,0,0,2.7459998,2.7459998,none,true,0,0,0,Stand,11.538105,,,,1,0->0:Exact,NONE
681,11.362956,0.018104,-8949.95,-132.493,83.529526,0,0,0,0,2.7459998,2.7459998,none,true,0,0,0,Stand,11.556209,,,,1,0->0:Exact,NONE
682,11.381060,0.019711,-8949.95,-132.493,83.529526,0,0,0,0,2.7459998,2.7459998,none,true,0,0,0,Stand,11.575919,,,,1,0->0:Exact,NONE
683,11.400771,0.012594,-8949.95,-132.493,83.529526,0,0,0,0,2.7459998,2.7459998,none,true,0,0,0,Stand,11.588512,,,,1,0->0:Exact,NONE
684,11.413364,0.016533,-8949.95,-132.493,83.529526,0,0,0,0,2.7459998,2.7459998,none,true,0,0,0,Stand,11.605045,,,,1,0->0:Exact,NONE
685,11.429897,0.016710,-8949.95,-132.493,83.529526,0,0,0,0,2.7459998,2.7459998,none,true,0,0,0,Stand,11.621755,,,,1,0->0:Exact,NONE
686,11.446607,0.016626,-8949.95,-132.493,83.529526,0,0,0,0,2.7459998,2.7459998,none,true,0,0,0,Stand,11.63838,,,,1,0->0:Exact,NONE
687,11.463233,0.016351,-8949.95,-132.493,83.529526,0,0,0,0,2.7459998,2.7459998,none,true,0,0,0,Stand,11.654731,,,,1,0->0:Exact,NONE
688,11.479584,0.016637,-8949.95,-132.493,83.529526,0,0,0,0,2.7459998,2.7459998,none,true,0,0,0,Stand,11.671368,,,,1,0->0:Exact,NONE
689,11.496221,0.016864,-8949.95,-132.493,83.529526,0,0,0,0,2.7459998,2.7459998,none,true,0,0,0,Stand,11.688231,,,,1,0->0:Exact,NONE
690,11.513085,0.016573,-8949.95,-132.493,83.529526,0,0,0,0,2.7459998,2.7459998,none,true,0,0,0,Stand,11.704805,,,,1,0->0:Exact,NONE
691,11.529659,0.016604,-8949.95,-132.493,83.529526,0,0,0,0,2.7459998,2.7459998,none,true,0,0,0,Stand,11.721409,,,,1,0->0:Exact,NONE
692,11.546262,0.016961,-8949.95,-132.493,83.529526,0,0,0,0,2.7459998,2.7459998,none,true,0,0,0,Stand,11.73837,,,,1,0->0:Exact,NONE
693,11.563224,0.016414,-8949.95,-132.493,83.529526,0,0,0,0,2.7459998,2.7459998,none,true,0,0,0,Stand,11.754784,,,,1,0->0:Exact,NONE
694,11.579637,0.016702,-8949.95,-132.493,83.529526,0,0,0,0,2.7459998,2.7459998,none,true,0,0,0,Stand,11.771485,,,,1,0->0:Exact,NONE
695,11.596339,0.016525,-8949.95,-132.493,83.529526,0,0,0,0,2.7459998,2.7459998,none,true,0,0,0,Stand,11.788011,,,,1,0->0:Exact,NONE
696,11.612865,0.016816,-8949.95,-132.493,83.529526,0,0,0,0,2.7459998,2.7459998,none,true,0,0,0,Stand,11.804826,,,,1,0->0:Exact,NONE
697,11.629680,0.016648,-8949.95,-132.493,83.529526,0,0,0,0,2.7459998,2.7459998,none,true,0,0,0,Stand,11.821474,,,,1,0->0:Exact,NONE
698,11.646328,0.016844,-8949.95,-132.493,83.529526,0,0,0,0,2.7459998,2.7459998,none,true,0,0,0,Stand,11.838318,,,,1,0->0:Exact,NONE
699,11.663172,0.016801,-8949.95,-132.493,83.529526,0,0,0,0,2.7459998,2.7459998,none,true,0,0,0,Stand,11.855119,,,,1,0->0:Exact,NONE
700,11.679973,0.017801,-8949.95,-132.493,83.529526,0,0,0,0,2.7459998,2.7459998,none,true,0,0,0,Stand,11.87292,,,,1,0->0:Exact,NONE
701,11.697774,0.015210,-8949.95,-132.493,83.529526,0,0,0,0,2.7459998,2.7459998,none,true,0,0,0,Stand,11.88813,,,,1,0->0:Exact,NONE
702,11.712984,0.016885,-8949.95,-132.493,83.529526,0,0,0,0,2.7459998,2.7459998,none,true,0,0,0,Stand,11.905016,,,,1,0->0:Exact,NONE
703,11.729869,0.016547,-8949.95,-132.493,83.529526,0,0,0,0,2.7459998,2.7459998,none,true,0,0,0,Stand,11.921563,,,,1,0->0:Exact,NONE
704,11.746416,0.016833,-8949.95,-132.493,83.529526,0,0,0,0,2.7459998,2.7459998,none,true,0,0,0,Stand,11.938396,,,,1,0->0:Exact,NONE
705,11.763250,0.016696,-8949.95,-132.493,83.529526,0,0,0,0,2.7459998,2.7459998,none,true,0,0,0,Stand,11.955092,,,,1,0->0:Exact,NONE
706,11.779946,0.016845,-8949.95,-132.493,83.529526,0,0,0,0,2.7459998,2.7459998,none,true,0,0,0,Stand,11.971937,,,,1,0->0:Exact,NONE
707,11.796790,0.016506,-8949.95,-132.493,83.529526,0,0,0,0,2.7459998,2.7459998,none,true,0,0,0,Stand,11.988443,,,,1,0->0:Exact,NONE
708,11.813296,0.016588,-8949.95,-132.493,83.529526,0,0,0,0,2.7459998,2.7459998,none,true,0,0,0,Stand,12.005032,,,,1,0->0:Exact,NONE
709,11.829885,0.016970,-8949.95,-132.493,83.529526,0,0,0,0,2.7459998,2.7459998,none,true,0,0,0,Stand,12.022002,,,,1,0->0:Exact,NONE
710,11.846855,0.016360,-8949.95,-132.493,83.529526,0,0,0,0,2.7459998,2.7459998,none,true,0,0,0,Stand,12.0383625,,,,1,0->0:Exact,NONE
711,11.863215,0.016914,-8949.95,-132.493,83.529526,0,0,0,0,2.7459998,2.7459998,none,true,0,0,0,Stand,12.055276,,,,1,0->0:Exact,NONE
712,11.880129,0.016742,-8949.95,-132.493,83.529526,0,0,0,0,2.7459998,2.7459998,none,true,0,0,0,Stand,12.072019,,,,1,0->0:Exact,NONE
713,11.896871,0.016554,-8949.95,-132.493,83.529526,0,0,0,0,2.7459998,2.7459998,none,true,0,0,0,Stand,12.088573,,,,1,0->0:Exact,NONE
714,11.913426,0.016641,-8949.95,-132.493,83.529526,0,0,0,0,2.7459998,2.7459998,none,true,0,0,0,Stand,12.105214,,,,1,0->0:Exact,NONE
715,11.930067,0.016727,-8949.95,-132.493,83.529526,0,0,0,0,2.7459998,2.7459998,none,true,0,0,0,Stand,12.121942,,,,1,0->0:Exact,NONE
716,11.946794,0.016556,-8949.95,-132.493,83.529526,0,0,0,0,2.7459998,2.7459998,none,true,0,0,0,Stand,12.138497,,,,1,0->0:Exact,NONE
717,11.963350,0.016613,-8949.95,-132.493,83.529526,0,0,0,0,2.7459998,2.7459998,none,true,0,0,0,Stand,12.15511,,,,1,0->0:Exact,NONE
718,11.979963,0.017789,-8949.95,-132.493,83.529526,0,0,0,0,2.7459998,2.7459998,none,true,0,0,0,Stand,12.172899,,,,1,0->0:Exact,NONE
719,11.997752,0.015773,-8949.95,-132.493,83.529526,0,0,0,0,2.7459998,2.7459998,none,true,0,0,0,Stand,12.188672,,,,1,0->0:Exact,NONE
720,12.013525,0.016546,-8949.95,-132.493,83.529526,0,0,0,0,2.7459998,2.7459998,none,true,0,0,0,Stand,12.205218,,,,1,0->0:Exact,NONE
721,12.030071,0.016785,-8949.95,-132.493,83.529526,0,0,0,0,2.7459998,2.7459998,none,true,0,0,0,Stand,12.222003,,,,1,0->0:Exact,NONE
722,12.046856,0.016530,-8949.95,-132.493,83.529526,0,0,0,0,2.7459998,2.7459998,none,true,0,0,0,Stand,12.238532,,,,1,0->0:Exact,NONE
723,12.063385,0.016780,-8949.95,-132.493,83.529526,0,0,0,0,2.7459998,2.7459998,none,true,0,0,0,Stand,12.255312,,,,1,0->0:Exact,NONE
724,12.080166,0.016734,-8949.95,-132.493,83.529526,0,0,0,0,2.7459998,2.7459998,none,true,0,0,0,Stand,12.272046,,,,1,0->0:Exact,NONE
725,12.096899,0.016824,-8949.95,-132.493,83.529526,0,0,0,0,2.7459998,2.7459998,none,true,0,0,0,Stand,12.28887,,,,1,0->0:Exact,NONE
726,12.113723,0.016517,-8949.95,-132.493,83.529526,0,0,0,0,2.7459998,2.7459998,none,true,0,0,0,Stand,12.3053875,,,,1,0->0:Exact,NONE
727,12.130240,0.016460,-8949.95,-132.493,83.529526,0,0,0,0,2.7459998,2.7459998,none,true,0,0,0,Stand,12.321847,,,,1,0->0:Exact,NONE
728,12.146700,0.016545,-8949.95,-132.493,83.529526,0,0,0,0,2.7459998,2.7459998,none,true,0,0,0,Stand,12.338391,,,,1,0->0:Exact,NONE
729,12.163245,0.016914,-8949.95,-132.493,83.529526,0,0,0,0,2.7459998,2.7459998,none,true,0,0,0,Stand,12.355306,,,,1,0->0:Exact,NONE
730,12.180158,0.016718,-8949.95,-132.493,83.529526,0,0,0,0,2.7459998,2.7459998,none,true,0,0,0,Stand,12.372024,,,,1,0->0:Exact,NONE
731,12.196877,0.016756,-8949.95,-132.493,83.529526,0,0,0,0,2.7459998,2.7459998,none,true,0,0,0,Stand,12.38878,,,,1,0->0:Exact,NONE
732,12.213632,0.016559,-8949.95,-132.493,83.529526,0,0,0,0,2.7459998,2.7459998,none,true,0,0,0,Stand,12.405339,,,,1,0->0:Exact,NONE
733,12.230192,0.016701,-8949.95,-132.493,83.529526,0,0,0,0,2.7459998,2.7459998,none,true,0,0,0,Stand,12.422041,,,,1,0->0:Exact,NONE
734,12.246893,0.016883,-8949.95,-132.493,83.529526,0,0,0,0,2.7459998,2.7459998,none,true,0,0,0,Stand,12.438924,,,,1,0->0:Exact,NONE
735,12.263776,0.016547,-8949.95,-132.493,83.529526,0,0,0,0,2.7459998,2.7459998,none,true,0,0,0,Stand,12.455471,,,,1,0->0:Exact,NONE
736,12.280323,0.017081,-8949.95,-132.493,83.529526,0,0,0,0,2.7459998,2.7459998,none,true,0,0,0,Stand,12.472551,,,,1,0->0:Exact,NONE
737,12.297404,0.016494,-8949.95,-132.493,83.529526,0,0,0,0,2.7459998,2.7459998,none,true,0,0,0,Stand,12.489046,,,,1,0->0:Exact,NONE
738,12.313898,0.016307,-8949.95,-132.493,83.529526,0,0,0,0,2.7459998,2.7459998,none,true,0,0,0,Stand,12.505354,,,,1,0->0:Exact,NONE
739,12.330206,0.016655,-8949.95,-132.493,83.529526,0,0,0,0,2.7459998,2.7459998,none,true,0,0,0,Stand,12.522009,,,,1,0->0:Exact,NONE
740,12.346860,0.016902,-8949.95,-132.493,83.529526,0,0,0,0,2.7459998,2.7459998,none,true,0,0,0,Stand,12.538911,,,,1,0->0:Exact,NONE
741,12.363763,0.017268,-8949.95,-132.493,83.529526,0,0,0,0,2.7459998,2.7459998,none,true,0,0,0,Stand,12.556179,,,,1,0->0:Exact,NONE
742,12.381031,0.015947,-8949.95,-132.493,83.529526,0,0,0,0,2.7459998,2.7459998,none,true,0,0,0,Stand,12.572125,,,,1,0->0:Exact,NONE
743,12.396978,0.016732,-8949.95,-132.493,83.529526,0,0,0,0,2.7459998,2.7459998,none,true,0,0,0,Stand,12.588858,,,,1,0->0:Exact,NONE
744,12.413710,0.016752,-8949.95,-132.493,83.529526,0,0,0,0,2.7459998,2.7459998,none,true,0,0,0,Stand,12.60561,,,,1,0->0:Exact,NONE
745,12.430462,0.016633,-8949.95,-132.493,83.529526,0,0,0,0,2.7459998,2.7459998,none,true,0,0,0,Stand,12.622243,,,,1,0->0:Exact,NONE
746,12.447094,0.016802,-8949.95,-132.493,83.529526,0,0,0,0,2.7459998,2.7459998,none,true,0,0,0,Stand,12.639045,,,,1,0->0:Exact,NONE
747,12.463896,0.016724,-8949.95,-132.493,83.529526,0,0,0,0,2.7459998,2.7459998,none,true,0,0,0,Stand,12.655768,,,,1,0->0:Exact,NONE
748,12.480620,0.016487,-8949.95,-132.493,83.529526,0,0,0,0,2.7459998,2.7459998,none,true,0,0,0,Stand,12.6722555,,,,1,0->0:Exact,NONE
749,12.497107,0.016680,-8949.95,-132.493,83.529526,0,0,0,0,2.7459998,2.7459998,none,true,0,0,0,Stand,12.688936,,,,1,0->0:Exact,NONE
750,12.513788,0.016496,-8949.95,-132.493,83.529526,0,0,0,0,2.7459998,2.7459998,none,true,0,0,0,Stand,12.705432,,,,1,0->0:Exact,NONE
751,12.530283,0.016702,-8949.95,-132.493,83.529526,0,0,0,0,2.7459998,2.7459998,none,true,0,0,0,Stand,12.722135,,,,1,0->0:Exact,NONE
752,12.546986,0.016750,-8949.95,-132.493,83.529526,0,0,0,0,2.7459998,2.7459998,none,true,0,0,0,Stand,12.738885,,,,1,0->0:Exact,NONE
753,12.563736,0.016978,-8949.95,-132.493,83.529526,0,0,0,0,2.7459998,2.7459998,none,true,0,0,0,Stand,12.755863,,,,1,0->0:Exact,NONE
754,12.580714,0.016685,-8949.95,-132.493,83.529526,0,0,0,0,2.7459998,2.7459998,none,true,0,0,0,Stand,12.772549,,,,1,0->0:Exact,NONE
755,12.597399,0.016467,-8949.95,-132.493,83.529526,0,0,0,0,2.7459998,2.7459998,none,true,0,0,0,Stand,12.789016,,,,1,0->0:Exact,NONE
756,12.613866,0.016649,-8949.95,-132.493,83.529526,0,0,0,0,2.7459998,2.7459998,none,true,0,0,0,Stand,12.805665,,,,1,0->0:Exact,NONE
757,12.630516,0.016694,-8949.95,-132.493,83.529526,0,0,0,0,2.7459998,2.7459998,none,true,0,0,0,Stand,12.822359,,,,1,0->0:Exact,NONE
758,12.647210,0.016957,-8949.95,-132.493,83.529526,0,0,0,0,2.7459998,2.7459998,none,true,0,0,0,Stand,12.839315,,,,1,0->0:Exact,NONE
759,12.664167,0.016690,-8949.95,-132.493,83.529526,0,0,0,0,2.7459998,2.7459998,none,true,0,0,0,Stand,12.856006,,,,1,0->0:Exact,NONE
760,12.680857,0.017911,-8949.95,-132.493,83.529526,0,0,0,0,2.7459998,2.7459998,none,true,0,0,0,Stand,12.873917,,,,1,0->0:Exact,NONE
761,12.698769,0.015376,-8949.95,-132.493,83.529526,0,0,0,0,2.7459998,2.7459998,none,true,0,0,0,Stand,12.889293,,,,1,0->0:Exact,NONE
762,12.714145,0.016779,-8949.95,-132.493,83.529526,0,0,0,0,2.7459998,2.7459998,none,true,0,0,0,Stand,12.906072,,,,1,0->0:Exact,NONE
763,12.730924,0.016469,-8949.95,-132.493,83.529526,0,0,0,0,2.7459998,2.7459998,none,true,0,0,0,Stand,12.922541,,,,1,0->0:Exact,NONE
764,12.747393,0.016682,-8949.95,-132.493,83.529526,0,0,0,0,2.7459998,2.7459998,none,true,0,0,0,Stand,12.939222,,,,1,0->0:Exact,NONE
765,12.764074,0.016659,-8949.95,-132.493,83.529526,0,0,0,0,2.7459998,2.7459998,none,true,0,0,0,Stand,12.955882,,,,1,0->0:Exact,NONE
766,12.780734,0.016483,-8949.95,-132.493,83.529526,0,0,0,0,2.7459998,2.7459998,none,true,0,0,0,Stand,12.972365,,,,1,0->0:Exact,NONE
767,12.797217,0.016912,-8949.95,-132.493,83.529526,0,0,0,0,2.7459998,2.7459998,none,true,0,0,0,Stand,12.989278,,,,1,0->0:Exact,NONE
768,12.814129,0.016655,-8949.95,-132.493,83.529526,0,0,0,0,2.7459998,2.7459998,none,true,0,0,0,Stand,13.005933,,,,1,0->0:Exact,NONE
769,12.830784,0.016648,-8949.95,-132.493,83.529526,0,0,0,0,2.7459998,2.7459998,none,true,0,0,0,Stand,13.02258,,,,1,0->0:Exact,NONE
770,12.847432,0.016903,-8949.95,-132.493,83.529526,0,0,0,0,2.7459998,2.7459998,none,true,0,0,0,Stand,13.039483,,,,1,0->0:Exact,NONE
771,12.864335,0.016405,-8949.95,-132.493,83.529526,0,0,0,0,2.7459998,2.7459998,none,true,0,0,0,Stand,13.055887,,,,1,0->0:Exact,NONE
772,12.880740,0.016792,-8949.95,-132.493,83.529526,0,0,0,0,2.7459998,2.7459998,none,true,0,0,0,Stand,13.0726795,,,,1,0->0:Exact,NONE
773,12.897532,0.016444,-8949.95,-132.493,83.529526,0,0,0,0,2.7459998,2.7459998,none,true,0,0,0,Stand,13.089124,,,,1,0->0:Exact,NONE
774,12.913976,0.017228,-8949.95,-132.493,83.529526,0,0,0,0,2.7459998,2.7459998,none,true,0,0,0,Stand,13.106352,,,,1,0->0:Exact,NONE
775,12.931204,0.016223,-8949.95,-132.493,83.529526,0,0,0,0,2.7459998,2.7459998,none,true,0,0,0,Stand,13.122575,,,,1,0->0:Exact,NONE
776,12.947428,0.016689,-8949.95,-132.493,83.529526,0,0,0,0,2.7459998,2.7459998,none,true,0,0,0,Stand,13.139264,,,,1,0->0:Exact,NONE
777,12.964117,0.016893,-8949.95,-132.493,83.529526,0,0,0,0,2.7459998,2.7459998,none,true,0,0,0,Stand,13.1561575,,,,1,0->0:Exact,NONE
778,12.981010,0.017511,-8949.95,-132.493,83.529526,0,0,0,0,2.7459998,2.7459998,none,true,0,0,0,Stand,13.173669,,,,1,0->0:Exact,NONE
779,12.998521,0.015686,-8949.95,-132.493,83.529526,0,0,0,0,2.7459998,2.7459998,none,true,0,0,0,Stand,13.189355,,,,1,0->0:Exact,NONE
780,13.014207,0.016592,-8949.95,-132.493,83.529526,0,0,0,0,2.7459998,2.7459998,none,true,0,0,0,Stand,13.205947,,,,1,0->0:Exact,NONE
781,13.030799,0.017364,-8949.95,-132.493,83.529526,0,0,0,0,2.7459998,2.7459998,none,true,0,0,0,Stand,13.22331,,,,1,0->0:Exact,NONE
782,13.048163,0.016213,-8949.95,-132.493,83.529526,0,0,0,0,2.7459998,2.7459998,none,true,0,0,0,Stand,13.239523,,,,1,0->0:Exact,NONE
783,13.064376,0.016766,-8949.95,-132.493,83.529526,0,0,0,0,2.7459998,2.7459998,none,true,0,0,0,Stand,13.2562895,,,,1,0->0:Exact,NONE
784,13.081142,0.016369,-8949.95,-132.493,83.529526,0,0,0,0,2.7459998,2.7459998,none,true,0,0,0,Stand,13.272658,,,,1,0->0:Exact,NONE
785,13.097511,0.016865,-8949.95,-132.493,83.529526,0,0,0,0,2.7459998,2.7459998,none,true,0,0,0,Stand,13.289524,,,,1,0->0:Exact,NONE
786,13.114377,0.016438,-8949.95,-132.493,83.529526,0,0,0,0,2.7459998,2.7459998,none,true,0,0,0,Stand,13.305962,,,,1,0->0:Exact,NONE
787,13.130815,0.016865,-8949.95,-132.493,83.529526,0,0,0,0,2.7459998,2.7459998,none,true,0,0,0,Stand,13.322826,,,,1,0->0:Exact,NONE
788,13.147680,0.016613,-8949.95,-132.493,83.529526,0,0,0,0,2.7459998,2.7459998,none,true,0,0,0,Stand,13.339439,,,,1,0->0:Exact,NONE
789,13.164293,0.017088,-8949.95,-132.493,83.529526,0,0,0,0,2.7459998,2.7459998,none,true,0,0,0,Stand,13.356527,,,,1,0->0:Exact,NONE
790,13.181381,0.016016,-8949.95,-132.493,83.529526,0,0,0,0,2.7459998,2.7459998,none,true,0,0,0,Stand,13.372543,,,,1,0->0:Exact,NONE
791,13.197397,0.016965,-8949.95,-132.493,83.529526,0,0,0,0,2.7459998,2.7459998,none,true,0,0,0,Stand,13.389508,,,,1,0->0:Exact,NONE
792,13.214362,0.016742,-8949.95,-132.493,83.529526,0,0,0,0,2.7459998,2.7459998,none,true,0,0,0,Stand,13.40625,,,,1,0->0:Exact,NONE
793,13.231104,0.016537,-8949.95,-132.493,83.529526,0,0,0,0,2.7459998,2.7459998,none,true,0,0,0,Stand,13.422787,,,,1,0->0:Exact,NONE
794,13.247641,0.016989,-8949.95,-132.493,83.529526,0,0,0,0,2.7459998,2.7459998,none,true,0,0,0,Stand,13.439775,,,,1,0->0:Exact,NONE
795,13.264630,0.016477,-8949.95,-132.493,83.529526,0,0,0,0,2.7459998,2.7459998,none,true,0,0,0,Stand,13.456252,,,,1,0->0:Exact,NONE
796,13.281107,0.016524,-8949.95,-132.493,83.529526,0,0,0,0,2.7459998,2.7459998,none,true,0,0,0,Stand,13.472776,,,,1,0->0:Exact,NONE
797,13.297631,0.017112,-8949.95,-132.493,83.529526,0,0,0,0,2.7459998,2.7459998,none,true,0,0,0,Stand,13.489889,,,,1,0->0:Exact,NONE
798,13.314744,0.016626,-8949.95,-132.493,83.529526,0,0,0,0,2.7459998,2.7459998,none,true,0,0,0,Stand,13.5065155,,,,1,0->0:Exact,NONE
799,13.331370,0.016380,-8949.95,-132.493,83.529526,0,0,0,0,2.7459998,2.7459998,none,true,0,0,0,Stand,13.522896,,,,1,0->0:Exact,NONE
800,13.347750,0.017041,-8949.95,-132.493,83.529526,0,0,0,0,2.7459998,2.7459998,none,true,0,0,0,Stand,13.539936,,,,1,0->0:Exact,NONE
801,13.364791,0.016542,-8949.95,-132.493,83.529526,0,0,0,0,2.7459998,2.7459998,none,true,0,0,0,Stand,13.5564785,,,,1,0->0:Exact,NONE
802,13.381333,0.017779,-8949.95,-132.493,83.529526,0,0,0,0,2.7459998,2.7459998,none,true,0,0,0,Stand,13.574257,,,,1,0->0:Exact,NONE
803,13.399112,0.015423,-8949.95,-132.493,83.529526,0,0,0,0,2.7459998,2.7459998,none,true,0,0,0,Stand,13.58968,,,,1,0->0:Exact,NONE
804,13.414535,0.016826,-8949.95,-132.493,83.529526,0,0,0,0,2.7459998,2.7459998,none,true,0,0,0,Stand,13.606505,,,,1,0->0:Exact,NONE
805,13.431360,0.016455,-8949.95,-132.493,83.529526,0,0,0,0,2.7459998,2.7459998,none,true,0,0,0,Stand,13.62296,,,,1,0->0:Exact,NONE
806,13.447815,0.016692,-8949.95,-132.493,83.529526,0,0,0,0,2.7459998,2.7459998,none,true,0,0,0,Stand,13.639652,,,,1,0->0:Exact,NONE
807,13.464507,0.016811,-8949.95,-132.493,83.529526,0,0,0,0,2.7459998,2.7459998,none,true,0,0,0,Stand,13.656464,,,,1,0->0:Exact,NONE
808,13.481318,0.016559,-8949.95,-132.493,83.529526,0,0,0,0,2.7459998,2.7459998,none,true,0,0,0,Stand,13.673022,,,,1,0->0:Exact,NONE
809,13.497877,0.016692,-8949.95,-132.493,83.529526,0,0,0,0,2.7459998,2.7459998,none,true,0,0,0,Stand,13.689714,,,,1,0->0:Exact,NONE
810,13.514569,0.016733,-8949.95,-132.493,83.529526,0,0,0,0,2.7459998,2.7459998,none,true,0,0,0,Stand,13.706448,,,,1,0->0:Exact,NONE
811,13.531302,0.016828,-8949.95,-132.493,83.529526,0,0,0,0,2.7459998,2.7459998,none,true,0,0,0,Stand,13.723275,,,,1,0->0:Exact,NONE
812,13.548130,0.016479,-8949.95,-132.493,83.529526,0,0,0,0,2.7459998,2.7459998,none,true,0,0,0,Stand,13.739754,,,,1,0->0:Exact,NONE
813,13.564608,0.016719,-8949.95,-132.493,83.529526,0,0,0,0,2.7459998,2.7459998,none,true,0,0,0,Stand,13.756473,,,,1,0->0:Exact,NONE
814,13.581328,0.016585,-8949.95,-132.493,83.529526,0,0,0,0,2.7459998,2.7459998,none,true,0,0,0,Stand,13.773058,,,,1,0->0:Exact,NONE
815,13.597913,0.016738,-8949.95,-132.493,83.529526,0,0,0,0,2.7459998,2.7459998,none,true,0,0,0,Stand,13.789796,,,,1,0->0:Exact,NONE
816,13.614650,0.016759,-8949.95,-132.493,83.529526,0,0,0,0,2.7459998,2.7459998,none,true,0,0,0,Stand,13.806555,,,,1,0->0:Exact,NONE
817,13.631409,0.016622,-8949.95,-132.493,83.529526,0,0,0,0,2.7459998,2.7459998,none,true,0,0,0,Stand,13.823176,,,,1,0->0:Exact,NONE
818,13.648031,0.016716,-8949.95,-132.493,83.529526,0,0,0,0,2.7459998,2.7459998,none,true,0,0,0,Stand,13.839892,,,,1,0->0:Exact,NONE
819,13.664747,0.016624,-8949.95,-132.493,83.529526,0,0,0,0,2.7459998,2.7459998,none,true,0,0,0,Stand,13.856517,,,,1,0->0:Exact,NONE
820,13.681371,0.017737,-8949.95,-132.493,83.529526,0,0,0,0,2.7459998,2.7459998,none,true,0,0,0,Stand,13.874253,,,,1,0->0:Exact,NONE
821,13.699108,0.015671,-8949.95,-132.493,83.529526,0,0,0,0,2.7459998,2.7459998,none,true,0,0,0,Stand,13.889925,,,,1,0->0:Exact,NONE
822,13.714779,0.016763,-8949.95,-132.493,83.529526,0,0,0,0,2.7459998,2.7459998,none,true,0,0,0,Stand,13.906688,,,,1,0->0:Exact,NONE
823,13.731542,0.016824,-8949.95,-132.493,83.529526,0,0,0,0,2.7459998,2.7459998,none,true,0,0,0,Stand,13.9235115,,,,1,0->0:Exact,NONE
824,13.748366,0.016952,-8949.95,-132.493,83.529526,0,0,0,0,2.7459998,2.7459998,none,true,0,0,0,Stand,13.940463,,,,1,0->0:Exact,NONE
825,13.765318,0.016181,-8949.95,-132.493,83.529526,0,0,0,0,2.7459998,2.7459998,none,true,0,0,0,Stand,13.956644,,,,1,0->0:Exact,NONE
826,13.781498,0.016795,-8949.95,-132.493,83.529526,0,0,0,0,2.7459998,2.7459998,none,true,0,0,0,Stand,13.973439,,,,1,0->0:Exact,NONE
827,13.798294,0.016521,-8949.95,-132.493,83.529526,0,0,0,0,2.7459998,2.7459998,none,true,0,0,0,Stand,13.989961,,,,1,0->0:Exact,NONE
828,13.814815,0.016826,-8949.95,-132.493,83.529526,0,0,0,0,2.7459998,2.7459998,none,true,0,0,0,Stand,14.006787,,,,1,0->0:Exact,NONE
829,13.831641,0.016558,-8949.95,-132.493,83.529526,0,0,0,0,2.7459998,2.7459998,none,true,0,0,0,Stand,14.023345,,,,1,0->0:Exact,NONE
830,13.848199,0.016758,-8949.95,-132.493,83.529526,0,0,0,0,2.7459998,2.7459998,none,true,0,0,0,Stand,14.040103,,,,1,0->0:Exact,NONE
831,13.864957,0.016655,-8949.95,-132.493,83.529526,0,0,0,0,2.7459998,2.7459998,none,true,0,0,0,Stand,14.056758,,,,1,0->0:Exact,NONE
832,13.881611,0.016673,-8949.95,-132.493,83.529526,0,0,0,0,2.7459998,2.7459998,none,true,0,0,0,Stand,14.073431,,,,1,0->0:Exact,NONE
833,13.898285,0.016767,-8949.95,-132.493,83.529526,0,0,0,0,2.7459998,2.7459998,none,true,0,0,0,Stand,14.0901985,,,,1,0->0:Exact,NONE
834,13.915052,0.016486,-8949.95,-132.493,83.529526,0,0,0,0,2.7459998,2.7459998,none,true,0,0,0,Stand,14.106685,,,,1,0->0:Exact,NONE
835,13.931538,0.016677,-8949.95,-132.493,83.529526,0,0,0,0,2.7459998,2.7459998,none,true,0,0,0,Stand,14.123362,,,,1,0->0:Exact,NONE
836,13.948214,0.017024,-8949.95,-132.493,83.529526,0,0,0,0,2.7459998,2.7459998,none,true,0,0,0,Stand,14.140386,,,,1,0->0:Exact,NONE
837,13.965238,0.016423,-8949.95,-132.493,83.529526,0,0,0,0,2.7459998,2.7459998,none,true,0,0,0,Stand,14.156809,,,,1,0->0:Exact,NONE
838,13.981661,0.017301,-8949.95,-132.493,83.529526,0,0,0,0,2.7459998,2.7459998,none,true,0,0,0,Stand,14.174109,,,,1,0->0:Exact,NONE
839,13.998962,0.016136,-8949.95,-132.493,83.529526,0,0,0,0,2.7459998,2.7459998,none,true,0,0,0,Stand,14.190246,,,,1,0->0:Exact,NONE
840,14.015099,0.016392,-8949.95,-132.493,83.529526,0,0,0,0,2.7459998,2.7459998,none,true,0,0,0,Stand,14.206637,,,,1,0->0:Exact,NONE
841,14.031490,0.016840,-8949.95,-132.493,83.529526,0,0,0,0,2.7459998,2.7459998,none,true,0,0,0,Stand,14.223477,,,,1,0->0:Exact,NONE
842,14.048330,0.016917,-8949.95,-132.493,83.529526,0,0,0,0,2.7459998,2.7459998,none,true,0,0,0,Stand,14.240395,,,,1,0->0:Exact,NONE
843,14.065248,0.016454,-8949.95,-132.493,83.529526,0,0,0,0,2.7459998,2.7459998,none,true,0,0,0,Stand,14.256848,,,,1,0->0:Exact,NONE
844,14.081701,0.016995,-8949.95,-132.493,83.529526,0,0,0,0,2.7459998,2.7459998,none,true,0,0,0,Stand,14.273844,,,,1,0->0:Exact,NONE
845,14.098696,0.016510,-8949.95,-132.493,83.529526,0,0,0,0,2.7459998,2.7459998,none,true,0,0,0,Stand,14.290354,,,,1,0->0:Exact,NONE
846,14.115206,0.016741,-8949.95,-132.493,83.529526,0,0,0,0,2.7459998,2.7459998,none,true,0,0,0,Stand,14.307095,,,,1,0->0:Exact,NONE
847,14.131947,0.016300,-8949.95,-132.493,83.529526,0,0,0,0,2.7459998,2.7459998,none,true,0,0,0,Stand,14.323395,,,,1,0->0:Exact,NONE
848,14.148247,0.016872,-8949.95,-132.493,83.529526,0,0,0,0,2.7459998,2.7459998,none,true,0,0,0,Stand,14.340267,,,,1,0->0:Exact,NONE
849,14.165119,0.017223,-8949.95,-132.493,83.529526,0,0,0,0,2.7459998,2.7459998,none,true,0,0,0,Stand,14.357491,,,,1,0->0:Exact,NONE
850,14.182343,0.016129,-8949.95,-132.493,83.529526,0,0,0,0,2.7459998,2.7459998,none,true,0,0,0,Stand,14.37362,,,,1,0->0:Exact,NONE
851,14.198472,0.016707,-8949.95,-132.493,83.529526,0,0,0,0,2.7459998,2.7459998,none,true,0,0,0,Stand,14.390327,,,,1,0->0:Exact,NONE
852,14.215179,0.016977,-8949.95,-132.493,83.529526,0,0,0,0,2.7459998,2.7459998,none,true,0,0,0,Stand,14.407305,,,,1,0->0:Exact,NONE
853,14.232157,0.016197,-8949.95,-132.493,83.529526,0,0,0,0,2.7459998,2.7459998,none,true,0,0,0,Stand,14.423502,,,,1,0->0:Exact,NONE
854,14.248353,0.017016,-8949.95,-132.493,83.529526,0,0,0,0,2.7459998,2.7459998,none,true,0,0,0,Stand,14.440517,,,,1,0->0:Exact,NONE
855,14.265369,0.016686,-8949.95,-132.493,83.529526,0,0,0,0,2.7459998,2.7459998,none,true,0,0,0,Stand,14.457204,,,,1,0->0:Exact,NONE
856,14.282055,0.016596,-8949.95,-132.493,83.529526,0,0,0,0,2.7459998,2.7459998,none,true,0,0,0,Stand,14.4738,,,,1,0->0:Exact,NONE
857,14.298651,0.016625,-8949.95,-132.493,83.529526,0,0,0,0,2.7459998,2.7459998,none,true,0,0,0,Stand,14.490425,,,,1,0->0:Exact,NONE
858,14.315276,0.016731,-8949.95,-132.493,83.529526,0,0,0,0,2.7459998,2.7459998,none,true,0,0,0,Stand,14.507156,,,,1,0->0:Exact,NONE
859,14.332007,0.016922,-8949.95,-132.493,83.529526,0,0,0,0,2.7459998,2.7459998,none,true,0,0,0,Stand,14.524078,,,,1,0->0:Exact,NONE
860,14.348929,0.016555,-8949.95,-132.493,83.529526,0,0,0,0,2.7459998,2.7459998,none,true,0,0,0,Stand,14.540633,,,,1,0->0:Exact,NONE
861,14.365484,0.016489,-8949.95,-132.493,83.529526,0,0,0,0,2.7459998,2.7459998,none,true,0,0,0,Stand,14.557122,,,,1,0->0:Exact,NONE
862,14.381972,0.017910,-8949.95,-132.493,83.529526,0,0,0,0,2.7459998,2.7459998,none,true,0,0,0,Stand,14.575032,,,,1,0->0:Exact,NONE
863,14.399882,0.015527,-8949.95,-132.493,83.529526,0,0,0,0,2.7459998,2.7459998,none,true,0,0,0,Stand,14.590559,,,,1,0->0:Exact,NONE
864,14.415409,0.016512,-8949.95,-132.493,83.529526,0,0,0,0,2.7459998,2.7459998,none,true,0,0,0,Stand,14.607071,,,,1,0->0:Exact,NONE
865,14.431921,0.016693,-8949.95,-132.493,83.529526,0,0,0,0,2.7459998,2.7459998,none,true,0,0,0,Stand,14.623764,,,,1,0->0:Exact,NONE
866,14.448614,0.016863,-8949.95,-132.493,83.529526,0,0,0,0,2.7459998,2.7459998,none,true,0,0,0,Stand,14.640627,,,,1,0->0:Exact,NONE
867,14.465477,0.016544,-8949.95,-132.493,83.529526,0,0,0,0,2.7459998,2.7459998,none,true,0,0,0,Stand,14.657171,,,,1,0->0:Exact,NONE
868,14.482021,0.016632,-8949.95,-132.493,83.529526,0,0,0,0,2.7459998,2.7459998,none,true,0,0,0,Stand,14.673803,,,,1,0->0:Exact,NONE
869,14.498653,0.016722,-8949.95,-132.493,83.529526,0,0,0,0,2.7459998,2.7459998,none,true,0,0,0,Stand,14.690525,,,,1,0->0:Exact,NONE
870,14.515375,0.016569,-8949.95,-132.493,83.529526,0,0,0,0,2.7459998,2.7459998,none,true,0,0,0,Stand,14.707094,,,,1,0->0:Exact,NONE
871,14.531944,0.016795,-8949.95,-132.493,83.529526,0,0,0,0,2.7459998,2.7459998,none,true,0,0,0,Stand,14.723889,,,,1,0->0:Exact,NONE
872,14.548739,0.016695,-8949.95,-132.493,83.529526,0,0,0,0,2.7459998,2.7459998,none,true,0,0,0,Stand,14.740584,,,,1,0->0:Exact,NONE
873,14.565434,0.016982,-8949.95,-132.493,83.529526,0,0,0,0,2.7459998,2.7459998,none,true,0,0,0,Stand,14.757566,,,,1,0->0:Exact,NONE
874,14.582417,0.016251,-8949.95,-132.493,83.529526,0,0,0,0,2.7459998,2.7459998,none,true,0,0,0,Stand,14.773817,,,,1,0->0:Exact,NONE
875,14.598667,0.016834,-8949.95,-132.493,83.529526,0,0,0,0,2.7459998,2.7459998,none,true,0,0,0,Stand,14.790651,,,,1,0->0:Exact,NONE
876,14.615501,0.016623,-8949.95,-132.493,83.529526,0,0,0,0,2.7459998,2.7459998,none,true,0,0,0,Stand,14.807275,,,,1,0->0:Exact,NONE
877,14.632124,0.016547,-8949.95,-132.493,83.529526,0,0,0,0,2.7459998,2.7459998,none,true,0,0,0,Stand,14.823822,,,,1,0->0:Exact,NONE
878,14.648672,0.016887,-8949.95,-132.493,83.529526,0,0,0,0,2.7459998,2.7459998,none,true,0,0,0,Stand,14.840709,,,,1,0->0:Exact,NONE
879,14.665558,0.016686,-8949.95,-132.493,83.529526,0,0,0,0,2.7459998,2.7459998,none,true,0,0,0,Stand,14.857395,,,,1,0->0:Exact,NONE
880,14.682245,0.017410,-8949.95,-132.493,83.529526,0,0,0,0,2.7459998,2.7459998,none,true,0,0,0,Stand,14.874805,,,,1,0->0:Exact,NONE
881,14.699655,0.015946,-8949.95,-132.493,83.529526,0,0,0,0,2.7459998,2.7459998,none,true,0,0,0,Stand,14.890751,,,,1,0->0:Exact,NONE
882,14.715601,0.016557,-8949.95,-132.493,83.529526,0,0,0,0,2.7459998,2.7459998,none,true,0,0,0,Stand,14.907308,,,,1,0->0:Exact,NONE
883,14.732157,0.016827,-8949.95,-132.493,83.529526,0,0,0,0,2.7459998,2.7459998,none,true,0,0,0,Stand,14.924134,,,,1,0->0:Exact,NONE
884,14.748984,0.016616,-8949.95,-132.493,83.529526,0,0,0,0,2.7459998,2.7459998,none,true,0,0,0,Stand,14.94075,,,,1,0->0:Exact,NONE
885,14.765600,0.016599,-8949.95,-132.493,83.529526,0,0,0,0,2.7459998,2.7459998,none,true,0,0,0,Stand,14.957349,,,,1,0->0:Exact,NONE
886,14.782199,0.016709,-8949.95,-132.493,83.529526,0,0,0,0,2.7459998,2.7459998,none,true,0,0,0,Stand,14.974057,,,,1,0->0:Exact,NONE
887,14.798907,0.016837,-8949.95,-132.493,83.529526,0,0,0,0,2.7459998,2.7459998,none,true,0,0,0,Stand,14.990894,,,,1,0->0:Exact,NONE
888,14.815744,0.016668,-8949.95,-132.493,83.529526,0,0,0,0,2.7459998,2.7459998,none,true,0,0,0,Stand,15.007562,,,,1,0->0:Exact,NONE
889,14.832412,0.016538,-8949.95,-132.493,83.529526,0,0,0,0,2.7459998,2.7459998,none,true,0,0,0,Stand,15.024099,,,,1,0->0:Exact,NONE
890,14.848950,0.016741,-8949.95,-132.493,83.529526,0,0,0,0,2.7459998,2.7459998,none,true,0,0,0,Stand,15.04084,,,,1,0->0:Exact,NONE
891,14.865690,0.016756,-8949.95,-132.493,83.529526,0,0,0,0,2.7459998,2.7459998,none,true,0,0,0,Stand,15.057596,,,,1,0->0:Exact,NONE
892,14.882446,0.016577,-8949.95,-132.493,83.529526,0,0,0,0,2.7459998,2.7459998,none,true,0,0,0,Stand,15.074173,,,,1,0->0:Exact,NONE
893,14.899023,0.016728,-8949.95,-132.493,83.529526,0,0,0,0,2.7459998,2.7459998,none,true,0,0,0,Stand,15.0909,,,,1,0->0:Exact,NONE
894,14.915751,0.016776,-8949.95,-132.493,83.529526,0,0,0,0,2.7459998,2.7459998,none,true,0,0,0,Stand,15.1076765,,,,1,0->0:Exact,NONE
895,14.932527,0.016591,-8949.95,-132.493,83.529526,0,0,0,0,2.7459998,2.7459998,none,true,0,0,0,Stand,15.124268,,,,1,0->0:Exact,NONE
896,14.949119,0.016737,-8949.95,-132.493,83.529526,0,0,0,0,2.7459998,2.7459998,none,true,0,0,0,Stand,15.141005,,,,1,0->0:Exact,NONE
897,14.965855,0.016784,-8949.95,-132.493,83.529526,0,0,0,0,2.7459998,2.7459998,none,true,0,0,0,Stand,15.157788,,,,1,0->0:Exact,NONE
898,14.982639,0.017249,-8949.95,-132.493,83.529526,0,0,0,0,2.7459998,2.7459998,none,true,0,0,0,Stand,15.175037,,,,1,0->0:Exact,NONE
899,14.999889,0.015910,-8949.95,-132.493,83.529526,0,0,0,0,2.7459998,2.7459998,none,true,0,0,0,Stand,15.190947,,,,1,0->0:Exact,NONE
900,15.015798,0.016817,-8949.95,-132.493,83.529526,0,0,0,0,2.7459998,2.7459998,none,true,0,0,0,Stand,15.207764,,,,1,0->0:Exact,NONE
901,15.032615,0.016545,-8949.95,-132.493,83.529526,0,0,0,0,2.7459998,2.7459998,none,true,0,0,0,Stand,15.224309,,,,1,0->0:Exact,NONE
902,15.049160,0.016701,-8949.95,-132.493,83.529526,0,0,0,0,2.7459998,2.7459998,none,true,0,0,0,Stand,15.24101,,,,1,0->0:Exact,NONE
903,15.065862,0.016741,-8949.95,-132.493,83.529526,0,0,0,0,2.7459998,2.7459998,none,true,0,0,0,Stand,15.2577505,,,,1,0->0:Exact,NONE
904,15.082602,0.016746,-8949.95,-132.493,83.529526,0,0,0,0,2.7459998,2.7459998,none,true,0,0,0,Stand,15.274497,,,,1,0->0:Exact,NONE
905,15.099348,0.016661,-8949.95,-132.493,83.529526,0,0,0,0,2.7459998,2.7459998,none,true,0,0,0,Stand,15.291159,,,,1,0->0:Exact,NONE
906,15.116010,0.016538,-8949.95,-132.493,83.529526,0,0,0,0,2.7459998,2.7459998,none,true,0,0,0,Stand,15.307697,,,,1,0->0:Exact,NONE
907,15.132548,0.016772,-8949.95,-132.493,83.529526,0,0,0,0,2.7459998,2.7459998,none,true,0,0,0,Stand,15.32447,,,,1,0->0:Exact,NONE
908,15.149320,0.016655,-8949.95,-132.493,83.529526,0,0,0,0,2.7459998,2.7459998,none,true,0,0,0,Stand,15.341125,,,,1,0->0:Exact,NONE
909,15.165975,0.016652,-8949.95,-132.493,83.529526,0,0,0,0,2.7459998,2.7459998,none,true,0,0,0,Stand,15.357777,,,,1,0->0:Exact,NONE
910,15.182627,0.016600,-8949.95,-132.493,83.529526,0,0,0,0,2.7459998,2.7459998,none,true,0,0,0,Stand,15.374376,,,,1,0->0:Exact,NONE
911,15.199227,0.017466,-8949.95,-132.493,83.529526,0,0,0,0,2.7459998,2.7459998,none,true,0,0,0,Stand,15.391842,,,,1,0->0:Exact,NONE
912,15.216693,0.015902,-8949.95,-132.493,83.529526,0,0,0,0,2.7459998,2.7459998,none,true,0,0,0,Stand,15.407743,,,,1,0->0:Exact,NONE
913,15.232595,0.016876,-8949.95,-132.493,83.529526,0,0,0,0,2.7459998,2.7459998,none,true,0,0,0,Stand,15.42462,,,,1,0->0:Exact,NONE
914,15.249471,0.016587,-8949.95,-132.493,83.529526,0,0,0,0,2.7459998,2.7459998,none,true,0,0,0,Stand,15.441207,,,,1,0->0:Exact,NONE
915,15.266058,0.016650,-8949.95,-132.493,83.529526,0,0,0,0,2.7459998,2.7459998,none,true,0,0,0,Stand,15.457857,,,,1,0->0:Exact,NONE
916,15.282708,0.016640,-8949.95,-132.493,83.529526,0,0,0,0,2.7459998,2.7459998,none,true,0,0,0,Stand,15.474497,,,,1,0->0:Exact,NONE
917,15.299348,0.016687,-8949.95,-132.493,83.529526,0,0,0,0,2.7459998,2.7459998,none,true,0,0,0,Stand,15.491184,,,,1,0->0:Exact,NONE
918,15.316035,0.016827,-8949.95,-132.493,83.529526,0,0,0,0,2.7459998,2.7459998,none,true,0,0,0,Stand,15.508012,,,,1,0->0:Exact,NONE
919,15.332863,0.016598,-8949.95,-132.493,83.529526,0,0,0,0,2.7459998,2.7459998,none,true,0,0,0,Stand,15.52461,,,,1,0->0:Exact,NONE
920,15.349461,0.016672,-8949.95,-132.493,83.529526,0,0,0,0,2.7459998,2.7459998,none,true,0,0,0,Stand,15.541282,,,,1,0->0:Exact,NONE
921,15.366133,0.016802,-8949.95,-132.493,83.529526,0,0,0,0,2.7459998,2.7459998,none,true,0,0,0,Stand,15.5580845,,,,1,0->0:Exact,NONE
922,15.382936,0.017944,-8949.95,-132.493,83.529526,0,0,0,0,2.7459998,2.7459998,none,true,0,0,0,Stand,15.576029,,,,1,0->0:Exact,NONE
923,15.400880,0.015340,-8949.95,-132.493,83.529526,0,0,0,0,2.7459998,2.7459998,none,true,0,0,0,Stand,15.591369,,,,1,0->0:Exact,NONE
924,15.416220,0.016751,-8949.95,-132.493,83.529526,0,0,0,0,2.7459998,2.7459998,none,true,0,0,0,Stand,15.608119,,,,1,0->0:Exact,NONE
925,15.432970,0.016671,-8949.95,-132.493,83.529526,0,0,0,0,2.7459998,2.7459998,none,true,0,0,0,Stand,15.624789,,,,1,0->0:Exact,NONE
926,15.449641,0.016629,-8949.95,-132.493,83.529526,0,0,0,0,2.7459998,2.7459998,none,true,0,0,0,Stand,15.641418,,,,1,0->0:Exact,NONE
927,15.466270,0.016764,-8949.95,-132.493,83.529526,0,0,0,0,2.7459998,2.7459998,none,true,0,0,0,Stand,15.658182,,,,1,0->0:Exact,NONE
928,15.483033,0.016567,-8949.95,-132.493,83.529526,0,0,0,0,2.7459998,2.7459998,none,true,0,0,0,Stand,15.674748,,,,1,0->0:Exact,NONE
929,15.499600,0.016853,-8949.95,-132.493,83.529526,0,0,0,0,2.7459998,2.7459998,none,true,0,0,0,Stand,15.691602,,,,1,0->0:Exact,NONE
930,15.516454,0.016416,-8949.95,-132.493,83.529526,0,0,0,0,2.7459998,2.7459998,none,true,0,0,0,Stand,15.708017,,,,1,0->0:Exact,NONE
931,15.532869,0.016695,-8949.95,-132.493,83.529526,0,0,0,0,2.7459998,2.7459998,none,true,0,0,0,Stand,15.724712,,,,1,0->0:Exact,NONE
932,15.549564,0.017066,-8949.95,-132.493,83.529526,0,0,0,0,2.7459998,2.7459998,none,true,0,0,0,Stand,15.741778,,,,1,0->0:Exact,NONE
933,15.566630,0.016636,-8949.95,-132.493,83.529526,0,0,0,0,2.7459998,2.7459998,none,true,0,0,0,Stand,15.758414,,,,1,0->0:Exact,NONE
934,15.583267,0.016502,-8949.95,-132.493,83.529526,0,0,0,0,2.7459998,2.7459998,none,true,0,0,0,Stand,15.774917,,,,1,0->0:Exact,NONE
935,15.599769,0.016779,-8949.95,-132.493,83.529526,0,0,0,0,2.7459998,2.7459998,none,true,0,0,0,Stand,15.791696,,,,1,0->0:Exact,NONE
936,15.616548,0.016666,-8949.95,-132.493,83.529526,0,0,0,0,2.7459998,2.7459998,none,true,0,0,0,Stand,15.808362,,,,1,0->0:Exact,NONE
937,15.633214,0.016553,-8949.95,-132.493,83.529526,0,0,0,0,2.7459998,2.7459998,none,true,0,0,0,Stand,15.824915,,,,1,0->0:Exact,NONE
938,15.649767,0.016882,-8949.95,-132.493,83.529526,0,0,0,0,2.7459998,2.7459998,none,true,0,0,0,Stand,15.841797,,,,1,0->0:Exact,NONE
939,15.666649,0.016370,-8949.95,-132.493,83.529526,0,0,0,0,2.7459998,2.7459998,none,true,0,0,0,Stand,15.858167,,,,1,0->0:Exact,NONE
940,15.683019,0.017806,-8949.95,-132.493,83.529526,0,0,0,0,2.7459998,2.7459998,none,true,0,0,0,Stand,15.875973,,,,1,0->0:Exact,NONE
941,15.700825,0.015609,-8949.95,-132.493,83.529526,0,0,0,0,2.7459998,2.7459998,none,true,0,0,0,Stand,15.891582,,,,1,0->0:Exact,NONE
942,15.716434,0.016696,-8949.95,-132.493,83.529526,0,0,0,0,2.7459998,2.7459998,none,true,0,0,0,Stand,15.9082775,,,,1,0->0:Exact,NONE
943,15.733130,0.016671,-8949.95,-132.493,83.529526,0,0,0,0,2.7459998,2.7459998,none,true,0,0,0,Stand,15.924948,,,,1,0->0:Exact,NONE
944,15.749801,0.016550,-8949.95,-132.493,83.529526,0,0,0,0,2.7459998,2.7459998,none,true,0,0,0,Stand,15.941498,,,,1,0->0:Exact,NONE
945,15.766351,0.016950,-8949.95,-132.493,83.529526,0,0,0,0,2.7459998,2.7459998,none,true,0,0,0,Stand,15.958447,,,,1,0->0:Exact,NONE
946,15.783301,0.016347,-8949.95,-132.493,83.529526,0,0,0,0,2.7459998,2.7459998,none,true,0,0,0,Stand,15.974794,,,,1,0->0:Exact,NONE
947,15.799648,0.016748,-8949.95,-132.493,83.529526,0,0,0,0,2.7459998,2.7459998,none,true,0,0,0,Stand,15.991542,,,,1,0->0:Exact,NONE
948,15.816396,0.016689,-8949.95,-132.493,83.529526,0,0,0,0,2.7459998,2.7459998,none,true,0,0,0,Stand,16.00823,,,,1,0->0:Exact,NONE
949,15.833085,0.016860,-8949.95,-132.493,83.529526,0,0,0,0,2.7459998,2.7459998,none,true,0,0,0,Stand,16.02509,,,,1,0->0:Exact,NONE
950,15.849945,0.016920,-8949.95,-132.493,83.529526,0,0,0,0,2.7459998,2.7459998,none,true,0,0,0,Stand,16.04201,,,,1,0->0:Exact,NONE
951,15.866864,0.016244,-8949.95,-132.493,83.529526,0,0,0,0,2.7459998,2.7459998,none,true,0,0,0,Stand,16.058254,,,,1,0->0:Exact,NONE
952,15.883109,0.016778,-8949.95,-132.493,83.529526,0,0,0,0,2.7459998,2.7459998,none,true,0,0,0,Stand,16.075031,,,,1,0->0:Exact,NONE
953,15.899886,0.016667,-8949.95,-132.493,83.529526,0,0,0,0,2.7459998,2.7459998,none,true,0,0,0,Stand,16.0917,,,,1,0->0:Exact,NONE
954,15.916554,0.016609,-8949.95,-132.493,83.529526,0,0,0,0,2.7459998,2.7459998,none,true,0,0,0,Stand,16.108309,,,,1,0->0:Exact,NONE
955,15.933163,0.017165,-8949.95,-132.493,83.529526,0,0,0,0,2.7459998,2.7459998,none,true,0,0,0,Stand,16.125473,,,,1,0->0:Exact,NONE
956,15.950328,0.016221,-8949.95,-132.493,83.529526,0,0,0,0,2.7459998,2.7459998,none,true,0,0,0,Stand,16.141695,,,,1,0->0:Exact,NONE
957,15.966550,0.016997,-8949.95,-132.493,83.529526,0,0,0,0,2.7459998,2.7459998,none,true,0,0,0,Stand,16.158691,,,,1,0->0:Exact,NONE
958,15.983546,0.016268,-8949.95,-132.493,83.529526,0,0,0,0,2.7459998,2.7459998,none,true,0,0,0,Stand,16.17496,,,,1,0->0:Exact,NONE
959,15.999815,0.016648,-8949.95,-132.493,83.529526,0,0,0,0,2.7459998,2.7459998,none,true,0,0,0,Stand,16.191608,,,,1,0->0:Exact,NONE
960,16.016463,0.017057,-8949.95,-132.493,83.529526,0,0,0,0,2.7459998,2.7459998,none,true,0,0,0,Stand,16.208666,,,,1,0->0:Exact,NONE
961,16.033520,0.016558,-8949.95,-132.493,83.529526,0,0,0,0,2.7459998,2.7459998,none,true,0,0,0,Stand,16.225224,,,,1,0->0:Exact,NONE
962,16.050078,0.017215,-8949.95,-132.493,83.529526,0,0,0,0,2.7459998,2.7459998,none,true,0,0,0,Stand,16.24244,,,,1,0->0:Exact,NONE
963,16.067293,0.016338,-8949.95,-132.493,83.529526,0,0,0,0,2.7459998,2.7459998,none,true,0,0,0,Stand,16.258778,,,,1,0->0:Exact,NONE
964,16.083631,0.017795,-8949.95,-132.493,83.529526,0,0,0,0,2.7459998,2.7459998,none,true,0,0,0,Stand,16.276573,,,,1,0->0:Exact,NONE
965,16.101426,0.015336,-8949.95,-132.493,83.529526,0,0,0,0,2.7459998,2.7459998,none,true,0,0,0,Stand,16.291908,,,,1,0->0:Exact,NONE
966,16.116762,0.016776,-8949.95,-132.493,83.529526,0,0,0,0,2.7459998,2.7459998,none,true,0,0,0,Stand,16.308683,,,,1,0->0:Exact,NONE
967,16.133537,0.016508,-8949.95,-132.493,83.529526,0,0,0,0,2.7459998,2.7459998,none,true,0,0,0,Stand,16.325191,,,,1,0->0:Exact,NONE
968,16.150046,0.016693,-8949.95,-132.493,83.529526,0,0,0,0,2.7459998,2.7459998,none,true,0,0,0,Stand,16.341885,,,,1,0->0:Exact,NONE
969,16.166739,0.016706,-8949.95,-132.493,83.529526,0,0,0,0,2.7459998,2.7459998,none,true,0,0,0,Stand,16.358591,,,,1,0->0:Exact,NONE
970,16.183445,0.016660,-8949.95,-132.493,83.529526,0,0,0,0,2.7459998,2.7459998,none,true,0,0,0,Stand,16.375252,,,,1,0->0:Exact,NONE
971,16.200105,0.016660,-8949.95,-132.493,83.529526,0,0,0,0,2.7459998,2.7459998,none,true,0,0,0,Stand,16.391912,,,,1,0->0:Exact,NONE
972,16.216765,0.016618,-8949.95,-132.493,83.529526,0,0,0,0,2.7459998,2.7459998,none,true,0,0,0,Stand,16.40853,,,,1,0->0:Exact,NONE
973,16.233383,0.016653,-8949.95,-132.493,83.529526,0,0,0,0,2.7459998,2.7459998,none,true,0,0,0,Stand,16.425182,,,,1,0->0:Exact,NONE
974,16.250036,0.016747,-8949.95,-132.493,83.529526,0,0,0,0,2.7459998,2.7459998,none,true,0,0,0,Stand,16.441929,,,,1,0->0:Exact,NONE
975,16.266784,0.016711,-8949.95,-132.493,83.529526,0,0,0,0,2.7459998,2.7459998,none,true,0,0,0,Stand,16.458641,,,,1,0->0:Exact,NONE
976,16.283495,0.016589,-8949.95,-132.493,83.529526,0,0,0,0,2.7459998,2.7459998,none,true,0,0,0,Stand,16.47523,,,,1,0->0:Exact,NONE
977,16.300084,0.016769,-8949.95,-132.493,83.529526,0,0,0,0,2.7459998,2.7459998,none,true,0,0,0,Stand,16.491999,,,,1,0->0:Exact,NONE
978,16.316853,0.016710,-8949.95,-132.493,83.529526,0,0,0,0,2.7459998,2.7459998,none,true,0,0,0,Stand,16.508709,,,,1,0->0:Exact,NONE
979,16.333563,0.016626,-8949.95,-132.493,83.529526,0,0,0,0,2.7459998,2.7459998,none,true,0,0,0,Stand,16.525335,,,,1,0->0:Exact,NONE
980,16.350189,0.016670,-8949.95,-132.493,83.529526,0,0,0,0,2.7459998,2.7459998,none,true,0,0,0,Stand,16.542006,,,,1,0->0:Exact,NONE
981,16.366859,0.016755,-8949.95,-132.493,83.529526,0,0,0,0,2.7459998,2.7459998,none,true,0,0,0,Stand,16.55876,,,,1,0->0:Exact,NONE
982,16.383614,0.017801,-8949.95,-132.493,83.529526,0,0,0,0,2.7459998,2.7459998,none,true,0,0,0,Stand,16.576561,,,,1,0->0:Exact,NONE
983,16.401415,0.015475,-8949.95,-132.493,83.529526,0,0,0,0,2.7459998,2.7459998,none,true,0,0,0,Stand,16.592035,,,,1,0->0:Exact,NONE
984,16.416890,0.016698,-8949.95,-132.493,83.529526,0,0,0,0,2.7459998,2.7459998,none,true,0,0,0,Stand,16.608734,,,,1,0->0:Exact,NONE
985,16.433588,0.016724,-8949.95,-132.493,83.529526,0,0,0,0,2.7459998,2.7459998,none,true,0,0,0,Stand,16.625458,,,,1,0->0:Exact,NONE
986,16.450312,0.016714,-8949.95,-132.493,83.529526,0,0,0,0,2.7459998,2.7459998,none,true,0,0,0,Stand,16.642172,,,,1,0->0:Exact,NONE
987,16.467027,0.016795,-8949.95,-132.493,83.529526,0,0,0,0,2.7459998,2.7459998,none,true,0,0,0,Stand,16.658966,,,,1,0->0:Exact,NONE
988,16.483822,0.016567,-8949.95,-132.493,83.529526,0,0,0,0,2.7459998,2.7459998,none,true,0,0,0,Stand,16.675533,,,,1,0->0:Exact,NONE
989,16.500389,0.016610,-8949.95,-132.493,83.529526,0,0,0,0,2.7459998,2.7459998,none,true,0,0,0,Stand,16.692142,,,,1,0->0:Exact,NONE
990,16.516998,0.016715,-8949.95,-132.493,83.529526,0,0,0,0,2.7459998,2.7459998,none,true,0,0,0,Stand,16.708858,,,,1,0->0:Exact,NONE
991,16.533713,0.016652,-8949.95,-132.493,83.529526,0,0,0,0,2.7459998,2.7459998,none,true,0,0,0,Stand,16.72551,,,,1,0->0:Exact,NONE
992,16.550365,0.016726,-8949.95,-132.493,83.529526,0,0,0,0,2.7459998,2.7459998,none,true,0,0,0,Stand,16.742235,,,,1,0->0:Exact,NONE
993,16.567091,0.016880,-8949.95,-132.493,83.529526,0,0,0,0,2.7459998,2.7459998,none,true,0,0,0,Stand,16.759115,,,,1,0->0:Exact,NONE
994,16.583971,0.016420,-8949.95,-132.493,83.529526,0,0,0,0,2.7459998,2.7459998,none,true,0,0,0,Stand,16.775536,,,,1,0->0:Exact,NONE
995,16.600391,0.016866,-8949.95,-132.493,83.529526,0,0,0,0,2.7459998,2.7459998,none,true,0,0,0,Stand,16.792402,,,,1,0->0:Exact,NONE
996,16.617257,0.016525,-8949.95,-132.493,83.529526,0,0,0,0,2.7459998,2.7459998,none,true,0,0,0,Stand,16.808928,,,,1,0->0:Exact,NONE
997,16.633782,0.016605,-8949.95,-132.493,83.529526,0,0,0,0,2.7459998,2.7459998,none,true,0,0,0,Stand,16.825533,,,,1,0->0:Exact,NONE
998,16.650386,0.017015,-8949.95,-132.493,83.529526,0,0,0,0,2.7459998,2.7459998,none,true,0,0,0,Stand,16.842548,,,,1,0->0:Exact,NONE
999,16.667402,0.016335,-8949.95,-132.493,83.529526,0,0,0,0,2.7459998,2.7459998,none,true,0,0,0,Stand,16.858883,,,,1,0->0:Exact,NONE
1000,16.683737,0.017166,-8949.95,-132.493,83.529526,0,0,0,0,2.7459998,2.7459998,none,true,0,0,0,Stand,16.876049,,,,1,0->0:Exact,NONE
1001,16.700903,0.016244,-8949.95,-132.493,83.529526,0,0,0,0,2.7459998,2.7459998,none,true,0,0,0,Stand,16.892292,,,,1,0->0:Exact,NONE
1002,16.717146,0.016884,-8949.95,-132.493,83.529526,0,0,0,0,2.7459998,2.7459998,none,true,0,0,0,Stand,16.909176,,,,1,0->0:Exact,NONE
1003,16.734030,0.016664,-8949.95,-132.493,83.529526,0,0,0,0,2.7459998,2.7459998,none,true,0,0,0,Stand,16.92584,,,,1,0->0:Exact,NONE
1004,16.750695,0.016471,-8949.95,-132.493,83.529526,0,0,0,0,2.7459998,2.7459998,none,true,0,0,0,Stand,16.94231,,,,1,0->0:Exact,NONE
1005,16.767165,0.016798,-8949.95,-132.493,83.529526,0,0,0,0,2.7459998,2.7459998,none,true,0,0,0,Stand,16.959108,,,,1,0->0:Exact,NONE
1006,16.783963,0.016684,-8949.95,-132.493,83.529526,0,0,0,0,2.7459998,2.7459998,none,true,0,0,0,Stand,16.975792,,,,1,0->0:Exact,NONE
1007,16.800647,0.016534,-8949.95,-132.493,83.529526,0,0,0,0,2.7459998,2.7459998,none,true,0,0,0,Stand,16.992327,,,,1,0->0:Exact,NONE
1008,16.817181,0.016644,-8949.95,-132.493,83.529526,0,0,0,0,2.7459998,2.7459998,none,true,0,0,0,Stand,17.00897,,,,1,0->0:Exact,NONE
1009,16.833826,0.016713,-8949.95,-132.493,83.529526,0,0,0,0,2.7459998,2.7459998,none,true,0,0,0,Stand,17.025682,,,,1,0->0:Exact,NONE
1010,16.850538,0.016684,-8949.95,-132.493,83.529526,0,0,0,0,2.7459998,2.7459998,none,true,0,0,0,Stand,17.042366,,,,1,0->0:Exact,NONE
1011,16.867223,0.016730,-8949.95,-132.493,83.529526,0,0,0,0,2.7459998,2.7459998,none,true,0,0,0,Stand,17.059095,,,,1,0->0:Exact,NONE
1012,16.883953,0.016650,-8949.95,-132.493,83.529526,0,0,0,0,2.7459998,2.7459998,none,true,0,0,0,Stand,17.075745,,,,1,0->0:Exact,NONE
1013,16.900603,0.016693,-8949.95,-132.493,83.529526,0,0,0,0,2.7459998,2.7459998,none,true,0,0,0,Stand,17.092438,,,,1,0->0:Exact,NONE
1014,16.917296,0.016585,-8949.95,-132.493,83.529526,0,0,0,0,2.7459998,2.7459998,none,true,0,0,0,Stand,17.109022,,,,1,0->0:Exact,NONE
1015,16.933881,0.016817,-8949.95,-132.493,83.529526,0,0,0,0,2.7459998,2.7459998,none,true,0,0,0,Stand,17.12584,,,,1,0->0:Exact,NONE
1016,16.950699,0.016751,-8949.95,-132.493,83.529526,0,0,0,0,2.7459998,2.7459998,none,true,0,0,0,Stand,17.142591,,,,1,0->0:Exact,NONE
1017,16.967450,0.016608,-8949.95,-132.493,83.529526,0,0,0,0,2.7459998,2.7459998,none,true,0,0,0,Stand,17.1592,,,,1,0->0:Exact,NONE
1018,16.984059,0.016677,-8949.95,-132.493,83.529526,0,0,0,0,2.7459998,2.7459998,none,true,0,0,0,Stand,17.175877,,,,1,0->0:Exact,NONE
1019,17.000735,0.016838,-8949.95,-132.493,83.529526,0,0,0,0,2.7459998,2.7459998,none,true,0,0,0,Stand,17.192715,,,,1,0->0:Exact,NONE
1020,17.017573,0.016860,-8949.95,-132.493,83.529526,0,0,0,0,2.7459998,2.7459998,none,true,0,0,0,Stand,17.209576,,,,1,0->0:Exact,NONE
1021,17.034433,0.016407,-8949.95,-132.493,83.529526,0,0,0,0,2.7459998,2.7459998,none,true,0,0,0,Stand,17.225983,,,,1,0->0:Exact,NONE
