frame,t,dt,posX,posY,posZ,velX,velY,velZ,horizSpeed,aimYaw,bodyYaw,inputFlags,grounded,verticalVel,fallTimeMs,clipId,clipName,clipTime,clipB,clipBTime,blendWeight,playbackRate,lastAnimChoice,wireSentThisTick
0,0.000000,0.019471,-8949.95,-132.493,83.519295,0,0,0,0,2.7459998,2.7459998,none,false,0,34.8889,0,Stand,0.17678311,,,,1,0->0:Exact,NONE
1,0.019471,0.006840,-8949.95,-132.493,83.518394,0,0,0,0,2.7459998,2.7459998,none,false,0,41.7291,0,Stand,0.18362331,,,,1,0->0:Exact,NONE
2,0.026311,0.019731,-8949.95,-132.493,83.51089,0,0,0,0,2.7459998,2.7459998,none,false,0,61.4597,0,Stand,0.20335391,,,,1,0->0:Exact,NONE
3,0.046042,0.013819,-8949.95,-132.493,83.5072,0,0,0,0,2.7459998,2.7459998,none,false,0,75.278404,0,Stand,0.21717261,,,,1,0->0:Exact,NONE
4,0.059861,0.016734,-8949.95,-132.493,83.5018,0,0,0,0,2.7459998,2.7459998,none,false,0,92.01221,0,Stand,0.2339064,,,,1,0->0:Exact,NONE
5,0.076594,0.018720,-8949.95,-132.493,83.49504,0,0,0,0,2.7459998,2.7459998,none,false,0,110.73221,0,Stand,0.2526264,,,,1,0->0:Exact,NONE
6,0.095314,0.017187,-8949.95,-132.493,83.48934,0,0,0,0,2.7459998,2.7459998,none,false,0,127.91961,0,Stand,0.26981378,,,,1,0->0:Exact,NONE
7,0.112502,0.015665,-8949.95,-132.493,83.48461,0,0,0,0,2.7459998,2.7459998,none,false,0,143.58461,0,Stand,0.28547877,,,,1,0->0:Exact,NONE
8,0.128167,0.016728,-8949.95,-132.493,83.47921,0,0,0,0,2.7459998,2.7459998,none,false,0,160.3126,0,Stand,0.30220678,,,,1,0->0:Exact,NONE
9,0.144895,0.016002,-8949.95,-132.493,83.47427,0,0,0,0,2.7459998,2.7459998,none,false,0,176.3144,0,Stand,0.31820858,,,,1,0->0:Exact,NONE
10,0.160896,0.016687,-8949.95,-132.493,83.4689,0,0,0,0,2.7459998,2.7459998,none,false,0,193.00171,40,Fall,0.0166873,Stand,0.33489588,0.03437513,1,40->40:Exact,NONE
11,0.177584,0.050000,-8949.95,-132.493,83.529526,0,0,0,0,2.7459998,2.7459998,none,true,0,0,39,JumpEnd,0.05,Fall,0.0666873,0.25925922,1,39->39:Exact,MSG_MOVE_FALL_LAND
12,0.227584,0.002656,-8949.95,-132.493,83.529526,0,0,0,0,2.7459998,2.7459998,none,true,0,0,39,JumpEnd,0.0526561,Fall,0.0693434,0.28317147,1,39->39:Exact,NONE
13,0.230240,0.010022,-8949.95,-132.493,83.529526,0,0,0,0,2.7459998,2.7459998,none,true,0,0,39,JumpEnd,0.0626778,Fall,0.079365104,0.3778867,1,39->39:Exact,NONE
14,0.240262,0.016315,-8949.95,-132.493,83.529526,0,0,0,0,2.7459998,2.7459998,none,true,0,0,39,JumpEnd,0.0789925,Fall,0.095679805,0.5398873,1,39->39:Exact,NONE
15,0.256576,0.017906,-8949.95,-132.493,83.529526,0,0,0,0,2.7459998,2.7459998,none,true,0,0,39,JumpEnd,0.0968983,Fall,0.113585606,0.7127601,1,39->39:Exact,NONE
16,0.274482,0.015577,-8949.95,-132.493,83.529526,0,0,0,0,2.7459998,2.7459998,none,true,0,0,39,JumpEnd,0.112475,Fall,0.12916231,0.8435624,1,39->39:Exact,NONE
17,0.290059,0.016709,-8949.95,-132.493,83.529526,0,0,0,0,2.7459998,2.7459998,none,true,0,0,39,JumpEnd,0.1291838,Fall,0.14587112,0.9475699,1,39->39:Exact,NONE
18,0.306768,0.016617,-8949.95,-132.493,83.529526,0,0,0,0,2.7459998,2.7459998,none,true,0,0,39,JumpEnd,0.14580029,Fall,0.16248763,0.9976922,1,39->39:Exact,NONE
19,0.323384,0.017782,-8949.95,-132.493,83.529526,0,0,0,0,2.7459998,2.7459998,none,true,0,0,39,JumpEnd,0.16358219,,,,1,39->39:Exact,NONE
20,0.341166,0.016531,-8949.95,-132.493,83.529526,0,0,0,0,2.7459998,2.7459998,none,true,0,0,39,JumpEnd,0.18011269,,,,1,39->39:Exact,NONE
21,0.357697,0.016844,-8949.95,-132.493,83.529526,0,0,0,0,2.7459998,2.7459998,none,true,0,0,39,JumpEnd,0.19695699,,,,1,39->39:Exact,NONE
22,0.374541,0.016502,-8949.95,-132.493,83.529526,0,0,0,0,2.7459998,2.7459998,none,true,0,0,39,JumpEnd,0.21345879,,,,1,39->39:Exact,NONE
23,0.391043,0.016746,-8949.95,-132.493,83.529526,0,0,0,0,2.7459998,2.7459998,none,true,0,0,39,JumpEnd,0.23020439,,,,1,39->39:Exact,NONE
24,0.407788,0.016749,-8949.95,-132.493,83.529526,0,0,0,0,2.7459998,2.7459998,none,true,0,0,39,JumpEnd,0.24695309,,,,1,39->39:Exact,NONE
25,0.424537,0.015633,-8949.95,-132.493,83.529526,0,0,0,0,2.7459998,2.7459998,none,true,0,0,39,JumpEnd,0.2625858,,,,1,39->39:Exact,NONE
26,0.440170,0.018283,-8949.95,-132.493,83.529526,0,0,0,0,2.7459998,2.7459998,none,true,0,0,39,JumpEnd,0.28086928,,,,1,39->39:Exact,NONE
27,0.458453,0.015046,-8949.95,-132.493,83.529526,0,0,0,0,2.7459998,2.7459998,none,true,0,0,39,JumpEnd,0.29591477,,,,1,39->39:Exact,NONE
28,0.473499,0.018084,-8949.95,-132.493,83.529526,0,0,0,0,2.7459998,2.7459998,none,true,0,0,39,JumpEnd,0.31399867,,,,1,39->39:Exact,NONE
29,0.491583,0.016875,-8949.95,-132.493,83.529526,0,0,0,0,2.7459998,2.7459998,none,true,0,0,39,JumpEnd,0.33087406,,,,1,39->39:Exact,NONE
30,0.508458,0.016919,-8949.95,-132.493,83.529526,0,0,0,0,2.7459998,2.7459998,none,true,0,0,39,JumpEnd,0.34779295,,,,1,39->39:Exact,NONE
31,0.525377,0.016287,-8949.95,-132.493,83.529526,0,0,0,0,2.7459998,2.7459998,none,true,0,0,39,JumpEnd,0.36407995,,,,1,39->39:Exact,NONE
32,0.541664,0.016550,-8949.95,-132.493,83.529526,0,0,0,0,2.7459998,2.7459998,none,true,0,0,39,JumpEnd,0.38063034,,,,1,39->39:Exact,NONE
33,0.558214,0.015461,-8949.95,-132.493,83.529526,0,0,0,0,2.7459998,2.7459998,none,true,0,0,39,JumpEnd,0.39609113,,,,1,39->39:Exact,NONE
34,0.573675,0.017712,-8949.95,-132.493,83.529526,0,0,0,0,2.7459998,2.7459998,none,true,0,0,39,JumpEnd,0.41380313,,,,1,39->39:Exact,NONE
35,0.591387,0.016590,-8949.95,-132.493,83.529526,0,0,0,0,2.7459998,2.7459998,none,true,0,0,39,JumpEnd,0.43039304,,,,1,39->39:Exact,NONE
36,0.607977,0.015692,-8949.95,-132.493,83.529526,0,0,0,0,2.7459998,2.7459998,none,true,0,0,39,JumpEnd,0.44608495,,,,1,39->39:Exact,NONE
37,0.623669,0.016548,-8949.95,-132.493,83.529526,0,0,0,0,2.7459998,2.7459998,none,true,0,0,39,JumpEnd,0.46263325,,,,1,39->39:Exact,NONE
38,0.640217,0.017726,-8949.95,-132.493,83.529526,0,0,0,0,2.7459998,2.7459998,none,true,0,0,39,JumpEnd,0.48035935,,,,1,39->39:Exact,NONE
39,0.657943,0.015744,-8949.95,-132.493,83.529526,0,0,0,0,2.7459998,2.7459998,none,true,0,0,39,JumpEnd,0.49610314,,,,1,39->39:Exact,NONE
40,0.673687,0.017633,-8949.95,-132.493,83.529526,0,0,0,0,2.7459998,2.7459998,none,true,0,0,39,JumpEnd,0.51373655,,,,1,39->39:Exact,NONE
41,0.691320,0.015701,-8949.95,-132.493,83.529526,0,0,0,0,2.7459998,2.7459998,none,true,0,0,39,JumpEnd,0.5294371,,,,1,39->39:Exact,NONE
42,0.707021,0.016749,-8949.95,-132.493,83.529526,0,0,0,0,2.7459998,2.7459998,none,true,0,0,39,JumpEnd,0.54618585,,,,1,39->39:Exact,NONE
43,0.723770,0.019935,-8949.95,-132.493,83.529526,0,0,0,0,2.7459998,2.7459998,none,true,0,0,39,JumpEnd,0.56612116,,,,1,39->39:Exact,NONE
44,0.743705,0.014450,-8949.95,-132.493,83.529526,0,0,0,0,2.7459998,2.7459998,none,true,0,0,39,JumpEnd,0.58057153,,,,1,39->39:Exact,NONE
45,0.758155,0.016625,-8949.95,-132.493,83.529526,0,0,0,0,2.7459998,2.7459998,none,true,0,0,39,JumpEnd,0.5971968,,,,1,39->39:Exact,NONE
46,0.774781,0.016754,-8949.95,-132.493,83.529526,0,0,0,0,2.7459998,2.7459998,none,true,0,0,39,JumpEnd,0.61395043,,,,1,39->39:Exact,NONE
47,0.791534,0.019712,-8949.95,-132.493,83.529526,0,0,0,0,2.7459998,2.7459998,none,true,0,0,39,JumpEnd,0.6336628,,,,1,39->39:Exact,NONE
48,0.811247,0.012477,-8949.95,-132.493,83.529526,0,0,0,0,2.7459998,2.7459998,none,true,0,0,39,JumpEnd,0.64613974,,,,1,39->39:Exact,NONE
49,0.823724,0.016644,-8949.95,-132.493,83.529526,0,0,0,0,2.7459998,2.7459998,none,true,0,0,39,JumpEnd,0.66278344,,,,1,39->39:Exact,NONE
50,0.840367,0.016766,-8949.95,-132.493,83.529526,0,0,0,0,2.7459998,2.7459998,none,true,0,0,39,JumpEnd,0.67954993,,,,1,39->39:Exact,NONE
51,0.857134,0.016690,-8949.95,-132.493,83.529526,0,0,0,0,2.7459998,2.7459998,none,true,0,0,39,JumpEnd,0.69624025,,,,1,39->39:Exact,NONE
52,0.873824,0.016771,-8949.95,-132.493,83.529526,0,0,0,0,2.7459998,2.7459998,none,true,0,0,39,JumpEnd,0.7130107,,,,1,39->39:Exact,NONE
53,0.890595,0.016731,-8949.95,-132.493,83.529526,0,0,0,0,2.7459998,2.7459998,none,true,0,0,39,JumpEnd,0.72974205,,,,1,39->39:Exact,NONE
54,0.907326,0.020469,-8949.95,-132.493,83.529526,0,0,0,0,2.7459998,2.7459998,none,true,0,0,39,JumpEnd,0.7502108,,,,1,39->39:Exact,NONE
55,0.927795,0.050000,-8949.95,-132.493,83.529526,0,0,0,0,2.7459998,2.7459998,none,true,0,0,39,JumpEnd,0.80021083,,,,1,39->39:Exact,NONE
56,0.977795,0.005089,-8949.95,-132.493,83.529526,0,0,0,0,2.7459998,2.7459998,none,true,0,0,39,JumpEnd,0.80530006,,,,1,39->39:Exact,NONE
57,0.982884,0.011226,-8949.95,-132.493,83.529526,0,0,0,0,2.7459998,2.7459998,none,true,0,0,39,JumpEnd,0.8165265,,,,1,39->39:Exact,NONE
58,0.994110,0.016897,-8949.95,-132.493,83.529526,0,0,0,0,2.7459998,2.7459998,none,true,0,0,39,JumpEnd,0.83342355,,,,1,39->39:Exact,NONE
59,1.011007,0.015328,-8949.95,-132.493,83.529526,0,0,0,0,2.7459998,2.7459998,none,true,0,0,39,JumpEnd,0.84875154,,,,1,39->39:Exact,NONE
60,1.026335,0.016865,-8949.95,-132.493,83.529526,0,0,0,0,2.7459998,2.7459998,none,true,0,0,39,JumpEnd,0.86561704,,,,1,39->39:Exact,NONE
61,1.043201,0.016382,-8949.95,-132.493,83.529526,0,0,0,0,2.7459998,2.7459998,none,true,0,0,39,JumpEnd,0.88199914,,,,1,39->39:Exact,NONE
62,1.059583,0.016535,-8949.95,-132.493,83.529526,0,0,0,0,2.7459998,2.7459998,none,true,0,0,39,JumpEnd,0.8985344,,,,1,39->39:Exact,NONE
63,1.076118,0.017212,-8949.95,-132.493,83.529526,0,0,0,0,2.7459998,2.7459998,none,true,0,0,39,JumpEnd,0.9157467,,,,1,39->39:Exact,NONE
64,1.093331,0.015233,-8949.95,-132.493,83.529526,0,0,0,0,2.7459998,2.7459998,none,true,0,0,39,JumpEnd,0.93097967,,,,1,39->39:Exact,NONE
65,1.108564,0.018027,-8949.95,-132.493,83.529526,0,0,0,0,2.7459998,2.7459998,none,true,0,0,39,JumpEnd,0.9490068,,,,1,39->39:Exact,NONE
66,1.126591,0.016065,-8949.95,-132.493,83.529526,0,0,0,0,2.7459998,2.7459998,none,true,0,0,39,JumpEnd,0.9650717,,,,1,39->39:Exact,NONE
67,1.142656,0.016920,-8949.95,-132.493,83.529526,0,0,0,0,2.7459998,2.7459998,none,true,0,0,39,JumpEnd,0.98199207,,,,1,39->39:Exact,NONE
68,1.159576,0.017247,-8949.95,-132.493,83.529526,0,0,0,0,2.7459998,2.7459998,none,true,0,0,39,JumpEnd,0.99923897,,,,1,39->39:Exact,NONE
69,1.176823,0.015218,-8949.95,-132.493,83.529526,0,0,0,0,2.7459998,2.7459998,none,true,0,0,39,JumpEnd,1.0144566,,,,1,39->39:Exact,NONE
70,1.192041,0.016499,-8949.95,-132.493,83.529526,0,0,0,0,2.7459998,2.7459998,none,true,0,0,0,Stand,0.0164992,JumpEnd,1.0309558,0.004963815,1,0->0:Exact,NONE
71,1.208540,0.018920,-8949.95,-132.493,83.529526,0,0,0,0,2.7459998,2.7459998,none,true,0,0,0,Stand,0.035419703,JumpEnd,1.0498763,0.022134244,1,0->0:Exact,NONE
72,1.227460,0.015904,-8949.95,-132.493,83.529526,0,0,0,0,2.7459998,2.7459998,none,true,0,0,0,Stand,0.051323704,JumpEnd,1.0657803,0.045165002,1,0->0:Exact,NONE
73,1.243364,0.016338,-8949.95,-132.493,83.529526,0,0,0,0,2.7459998,2.7459998,none,true,0,0,0,Stand,0.067662,JumpEnd,1.0821186,0.07616007,1,0->0:Exact,NONE
74,1.259703,0.016651,-8949.95,-132.493,83.529526,0,0,0,0,2.7459998,2.7459998,none,true,0,0,0,Stand,0.0843133,JumpEnd,1.0987699,0.1145587,1,0->0:Exact,NONE
75,1.276354,0.016597,-8949.95,-132.493,83.529526,0,0,0,0,2.7459998,2.7459998,none,true,0,0,0,Stand,0.10091,JumpEnd,1.1153666,0.15881711,1,0->0:Exact,NONE
76,1.292951,0.016994,-8949.95,-132.493,83.529526,0,0,0,0,2.7459998,2.7459998,none,true,0,0,0,Stand,0.117903605,JumpEnd,1.1323602,0.20942962,1,0->0:Exact,NONE
77,1.309944,0.016754,-8949.95,-132.493,83.529526,0,0,0,0,2.7459998,2.7459998,none,true,0,0,0,Stand,0.1346575,JumpEnd,1.1491141,0.26368415,1,0->0:Exact,NONE
78,1.326698,0.016442,-8949.95,-132.493,83.529526,0,0,0,0,2.7459998,2.7459998,none,true,0,0,0,Stand,0.1510991,JumpEnd,1.1655557,0.32027602,1,0->0:Exact,NONE
79,1.343140,0.015487,-8949.95,-132.493,83.529526,0,0,0,0,2.7459998,2.7459998,none,true,0,0,0,Stand,0.1665861,JumpEnd,1.1810427,0.37586385,1,0->0:Exact,NONE
80,1.358627,0.017999,-8949.95,-132.493,83.529526,0,0,0,0,2.7459998,2.7459998,none,true,0,0,0,Stand,0.1845855,JumpEnd,1.1990421,0.44231015,1,0->0:Exact,NONE
81,1.376626,0.015605,-8949.95,-132.493,83.529526,0,0,0,0,2.7459998,2.7459998,none,true,0,0,0,Stand,0.2001906,JumpEnd,1.2146472,0.50071484,1,0->0:Exact,NONE
82,1.392231,0.017816,-8949.95,-132.493,83.529526,0,0,0,0,2.7459998,2.7459998,none,true,0,0,0,Stand,0.2180068,JumpEnd,1.2324634,0.5673431,1,0->0:Exact,NONE
83,1.410047,0.016841,-8949.95,-132.493,83.529526,0,0,0,0,2.7459998,2.7459998,none,true,0,0,0,Stand,0.2348483,JumpEnd,1.2493049,0.62935877,1,0->0:Exact,NONE
84,1.426889,0.016701,-8949.95,-132.493,83.529526,0,0,0,0,2.7459998,2.7459998,none,true,0,0,0,Stand,0.25154972,JumpEnd,1.2660062,0.68903065,1,0->0:Exact,NONE
85,1.443590,0.016484,-8949.95,-132.493,83.529526,0,0,0,0,2.7459998,2.7459998,none,true,0,0,0,Stand,0.26803342,JumpEnd,1.2824899,0.74528486,1,0->0:Exact,NONE
86,1.460074,0.015512,-8949.95,-132.493,83.529526,0,0,0,0,2.7459998,2.7459998,none,true,0,0,0,Stand,0.28354582,JumpEnd,1.2980022,0.7950737,1,0->0:Exact,NONE
87,1.475586,0.018188,-8949.95,-132.493,83.529526,0,0,0,0,2.7459998,2.7459998,none,true,0,0,0,Stand,0.30173382,JumpEnd,1.3161902,0.848598,1,0->0:Exact,NONE
88,1.493774,0.016529,-8949.95,-132.493,83.529526,0,0,0,0,2.7459998,2.7459998,none,true,0,0,0,Stand,0.31826264,JumpEnd,1.3327191,0.89179647,1,0->0:Exact,NONE
89,1.510303,0.016496,-8949.95,-132.493,83.529526,0,0,0,0,2.7459998,2.7459998,none,true,0,0,0,Stand,0.33475873,JumpEnd,1.3492151,0.92887,1,0->0:Exact,NONE
90,1.526799,0.016814,-8949.95,-132.493,83.529526,0,0,0,0,2.7459998,2.7459998,none,true,0,0,0,Stand,0.35157233,JumpEnd,1.3660288,0.95957595,1,0->0:Exact,NONE
91,1.543613,0.016916,-8949.95,-132.493,83.529526,0,0,0,0,2.7459998,2.7459998,none,true,0,0,0,Stand,0.36848834,JumpEnd,1.3829448,0.98235935,1,0->0:Exact,NONE
92,1.560529,0.016905,-8949.95,-132.493,83.529526,0,0,0,0,2.7459998,2.7459998,none,true,0,0,0,Stand,0.38539365,JumpEnd,1.3998501,0.99609715,1,0->0:Exact,NONE
93,1.577434,0.016085,-8949.95,-132.493,83.529526,0,0,0,0,2.7459998,2.7459998,none,true,0,0,0,Stand,0.40147915,,,,1,0->0:Exact,NONE
94,1.593520,0.017059,-8949.95,-132.493,83.529526,0,0,0,0,2.7459998,2.7459998,none,true,0,0,0,Stand,0.41853794,,,,1,0->0:Exact,NONE
95,1.610579,0.015062,-8949.95,-132.493,83.529526,0,0,0,0,2.7459998,2.7459998,none,true,0,0,0,Stand,0.43359974,,,,1,0->0:Exact,NONE
96,1.625640,0.017948,-8949.95,-132.493,83.529526,0,0,0,0,2.7459998,2.7459998,none,true,0,0,0,Stand,0.45154795,,,,1,0->0:Exact,NONE
97,1.643589,0.016662,-8949.95,-132.493,83.529526,0,0,0,0,2.7459998,2.7459998,none,true,0,0,0,Stand,0.46821034,,,,1,0->0:Exact,NONE
98,1.660251,0.016669,-8949.95,-132.493,83.529526,0,0,0,0,2.7459998,2.7459998,none,true,0,0,0,Stand,0.48487914,,,,1,0->0:Exact,NONE
99,1.676920,0.015422,-8949.95,-132.493,83.529526,0,0,0,0,2.7459998,2.7459998,none,true,0,0,0,Stand,0.50030094,,,,1,0->0:Exact,NONE
100,1.692342,0.018289,-8949.95,-132.493,83.529526,0,0,0,0,2.7459998,2.7459998,none,true,0,0,0,Stand,0.51858944,,,,1,0->0:Exact,NONE
101,1.710630,0.016546,-8949.95,-132.493,83.529526,0,0,0,0,2.7459998,2.7459998,none,true,0,0,0,Stand,0.53513545,,,,1,0->0:Exact,NONE
102,1.727176,0.016533,-8949.95,-132.493,83.529526,0,0,0,0,2.7459998,2.7459998,none,true,0,0,0,Stand,0.5516688,,,,1,0->0:Exact,NONE
103,1.743709,0.017015,-8949.95,-132.493,83.529526,0,0,0,0,2.7459998,2.7459998,none,true,0,0,0,Stand,0.56868374,,,,1,0->0:Exact,NONE
104,1.760724,0.016438,-8949.95,-132.493,83.529526,0,0,0,0,2.7459998,2.7459998,none,true,0,0,0,Stand,0.58512187,,,,1,0->0:Exact,NONE
105,1.777162,0.016554,-8949.95,-132.493,83.529526,0,0,0,0,2.7459998,2.7459998,none,true,0,0,0,Stand,0.60167575,,,,1,0->0:Exact,NONE
106,1.793716,0.016838,-8949.95,-132.493,83.529526,0,0,0,0,2.7459998,2.7459998,none,true,0,0,0,Stand,0.61851406,,,,1,0->0:Exact,NONE
107,1.810555,0.016257,-8949.95,-132.493,83.529526,0,0,0,0,2.7459998,2.7459998,none,true,0,0,0,Stand,0.63477117,,,,1,0->0:Exact,NONE
108,1.826812,0.016897,-8949.95,-132.493,83.529526,0,0,0,0,2.7459998,2.7459998,none,true,0,0,0,Stand,0.6516681,,,,1,0->0:Exact,NONE
109,1.843709,0.016695,-8949.95,-132.493,83.529526,0,0,0,0,2.7459998,2.7459998,none,true,0,0,0,Stand,0.6683633,,,,1,0->0:Exact,NONE
110,1.860404,0.016725,-8949.95,-132.493,83.529526,0,0,0,0,2.7459998,2.7459998,none,true,0,0,0,Stand,0.6850878,,,,1,0->0:Exact,NONE
111,1.877128,0.015351,-8949.95,-132.493,83.529526,0,0,0,0,2.7459998,2.7459998,none,true,0,0,0,Stand,0.7004383,,,,1,0->0:Exact,NONE
112,1.892479,0.020273,-8949.95,-132.493,83.529526,0,0,0,0,2.7459998,2.7459998,none,true,0,0,0,Stand,0.7207117,,,,1,0->0:Exact,NONE
113,1.912752,0.014414,-8949.95,-132.493,83.529526,0,0,0,0,2.7459998,2.7459998,none,true,0,0,0,Stand,0.73512614,,,,1,0->0:Exact,NONE
114,1.927167,0.017556,-8949.95,-132.493,83.529526,0,0,0,0,2.7459998,2.7459998,none,true,0,0,0,Stand,0.7526819,,,,1,0->0:Exact,NONE
115,1.944722,0.015880,-8949.95,-132.493,83.529526,0,0,0,0,2.7459998,2.7459998,none,true,0,0,0,Stand,0.768562,,,,1,0->0:Exact,NONE
116,1.960603,0.016728,-8949.95,-132.493,83.529526,0,0,0,0,2.7459998,2.7459998,none,true,0,0,0,Stand,0.78528965,,,,1,0->0:Exact,NONE
117,1.977330,0.016584,-8949.95,-132.493,83.529526,0,0,0,0,2.7459998,2.7459998,none,true,0,0,0,Stand,0.8018739,,,,1,0->0:Exact,NONE
118,1.993914,0.017038,-8949.95,-132.493,83.529526,0,0,0,0,2.7459998,2.7459998,none,true,0,0,0,Stand,0.8189123,,,,1,0->0:Exact,NONE
119,2.010953,0.015034,-8949.95,-132.493,83.529526,0,0,0,0,2.7459998,2.7459998,none,true,0,0,0,Stand,0.8339464,,,,1,0->0:Exact,NONE
120,2.025987,0.016686,-8949.95,-132.493,83.529526,0,0,0,0,2.7459998,2.7459998,none,true,0,0,0,Stand,0.8506328,,,,1,0->0:Exact,NONE
121,2.042673,0.018172,-8949.95,-132.493,83.529526,0,0,0,0,2.7459998,2.7459998,none,true,0,0,0,Stand,0.8688043,,,,1,0->0:Exact,NONE
122,2.060845,0.016603,-8949.95,-132.493,83.529526,0,0,0,0,2.7459998,2.7459998,none,true,0,0,0,Stand,0.88540757,,,,1,0->0:Exact,NONE
123,2.077448,0.015399,-8949.95,-132.493,83.529526,0,0,0,0,2.7459998,2.7459998,none,true,0,0,0,Stand,0.90080625,,,,1,0->0:Exact,NONE
124,2.092847,0.016790,-8949.95,-132.493,83.529526,0,0,0,0,2.7459998,2.7459998,none,true,0,0,0,Stand,0.91759664,,,,1,0->0:Exact,NONE
125,2.109637,0.017685,-8949.95,-132.493,83.529526,0,0,0,0,2.7459998,2.7459998,none,true,0,0,0,Stand,0.93528175,,,,1,0->0:Exact,NONE
126,2.127322,0.016714,-8949.95,-132.493,83.529526,0,0,0,0,2.7459998,2.7459998,none,true,0,0,0,Stand,0.951996,,,,1,0->0:Exact,NONE
127,2.144037,0.016571,-8949.95,-132.493,83.529526,0,0,0,0,2.7459998,2.7459998,none,true,0,0,0,Stand,0.96856743,,,,1,0->0:Exact,NONE
128,2.160608,0.016986,-8949.95,-132.493,83.529526,0,0,0,0,2.7459998,2.7459998,none,true,0,0,0,Stand,0.9855532,,,,1,0->0:Exact,NONE
129,2.177594,0.016622,-8949.95,-132.493,83.529526,0,0,0,0,2.7459998,2.7459998,none,true,0,0,0,Stand,1.002175,,,,1,0->0:Exact,NONE
130,2.194216,0.016755,-8949.95,-132.493,83.529526,0,0,0,0,2.7459998,2.7459998,none,true,0,0,0,Stand,1.0189298,,,,1,0->0:Exact,NONE
131,2.210971,0.015259,-8949.95,-132.493,83.529526,0,0,0,0,2.7459998,2.7459998,none,true,0,0,0,Stand,1.034189,,,,1,0->0:Exact,NONE
132,2.226230,0.016602,-8949.95,-132.493,83.529526,0,0,0,0,2.7459998,2.7459998,none,true,0,0,0,Stand,1.0507909,,,,1,0->0:Exact,NONE
133,2.242832,0.016702,-8949.95,-132.493,83.529526,0,0,0,0,2.7459998,2.7459998,none,true,0,0,0,Stand,1.0674927,,,,1,0->0:Exact,NONE
134,2.259533,0.016601,-8949.95,-132.493,83.529526,0,0,0,0,2.7459998,2.7459998,none,true,0,0,0,Stand,1.0840933,,,,1,0->0:Exact,NONE
135,2.276134,0.017867,-8949.95,-132.493,83.529526,0,0,0,0,2.7459998,2.7459998,none,true,0,0,0,Stand,1.1019601,,,,1,0->0:Exact,NONE
136,2.294001,0.016928,-8949.95,-132.493,83.529526,0,0,0,0,2.7459998,2.7459998,none,true,0,0,0,Stand,1.1188883,,,,1,0->0:Exact,NONE
137,2.310929,0.016902,-8949.95,-132.493,83.529526,0,0,0,0,2.7459998,2.7459998,none,true,0,0,0,Stand,1.13579,,,,1,0->0:Exact,NONE
138,2.327831,0.016710,-8949.95,-132.493,83.529526,0,0,0,0,2.7459998,2.7459998,none,true,0,0,0,Stand,1.1524994,,,,1,0->0:Exact,NONE
139,2.344540,0.017542,-8949.95,-132.493,83.529526,0,0,0,0,2.7459998,2.7459998,none,true,0,0,0,Stand,1.1700411,,,,1,0->0:Exact,NONE
140,2.362082,0.014694,-8949.95,-132.493,83.529526,0,0,0,0,2.7459998,2.7459998,none,true,0,0,0,Stand,1.1847354,,,,1,0->0:Exact,NONE
141,2.376776,0.019593,-8949.95,-132.493,83.529526,0,0,0,0,2.7459998,2.7459998,none,true,0,0,0,Stand,1.2043282,,,,1,0->0:Exact,NONE
142,2.396369,0.013538,-8949.95,-132.493,83.529526,0,0,0,0,2.7459998,2.7459998,none,true,0,0,0,Stand,1.2178663,,,,1,0->0:Exact,NONE
143,2.409907,0.016732,-8949.95,-132.493,83.529526,0,0,0,0,2.7459998,2.7459998,none,true,0,0,0,Stand,1.2345982,,,,1,0->0:Exact,NONE
144,2.426639,0.016412,-8949.95,-132.493,83.529526,0,0,0,0,2.7459998,2.7459998,none,true,0,0,0,Stand,1.2510097,,,,1,0->0:Exact,NONE
145,2.443050,0.016782,-8949.95,-132.493,83.529526,0,0,0,0,2.7459998,2.7459998,none,true,0,0,0,Stand,1.2677914,,,,1,0->0:Exact,NONE
146,2.459832,0.018423,-8949.95,-132.493,83.529526,0,0,0,0,2.7459998,2.7459998,none,true,0,0,0,Stand,1.2862148,,,,1,0->0:Exact,NONE
147,2.478256,0.016652,-8949.95,-132.493,83.529526,0,0,0,0,2.7459998,2.7459998,none,true,0,0,0,Stand,1.3028666,,,,1,0->0:Exact,NONE
148,2.494907,0.016525,-8949.95,-132.493,83.529526,0,0,0,0,2.7459998,2.7459998,none,true,0,0,0,Stand,1.3193914,,,,1,0->0:Exact,NONE
149,2.511432,0.016729,-8949.95,-132.493,83.529526,0,0,0,0,2.7459998,2.7459998,none,true,0,0,0,Stand,1.3361204,,,,1,0->0:Exact,NONE
150,2.528161,0.016652,-8949.95,-132.493,83.529526,0,0,0,0,2.7459998,2.7459998,none,true,0,0,0,Stand,1.3527726,,,,1,0->0:Exact,NONE
151,2.544813,0.015036,-8949.95,-132.493,83.529526,0,0,0,0,2.7459998,2.7459998,none,true,0,0,0,Stand,1.3678089,,,,1,0->0:Exact,NONE
152,2.559850,0.016607,-8949.95,-132.493,83.529526,0,0,0,0,2.7459998,2.7459998,none,true,0,0,0,Stand,1.3844155,,,,1,0->0:Exact,NONE
153,2.576456,0.016804,-8949.95,-132.493,83.529526,0,0,0,0,2.7459998,2.7459998,none,true,0,0,0,Stand,1.4012196,,,,1,0->0:Exact,NONE
154,2.593260,0.016620,-8949.95,-132.493,83.529526,0,0,0,0,2.7459998,2.7459998,none,true,0,0,0,Stand,1.4178398,,,,1,0->0:Exact,NONE
155,2.609881,0.018325,-8949.95,-132.493,83.529526,0,0,0,0,2.7459998,2.7459998,none,true,0,0,0,Stand,1.4361652,,,,1,0->0:Exact,NONE
156,2.628206,0.016920,-8949.95,-132.493,83.529526,0,0,0,0,2.7459998,2.7459998,none,true,0,0,0,Stand,1.4530857,,,,1,0->0:Exact,NONE
157,2.645126,0.014953,-8949.95,-132.493,83.529526,0,0,0,0,2.7459998,2.7459998,none,true,0,0,0,Stand,1.4680383,,,,1,0->0:Exact,NONE
158,2.660079,0.018143,-8949.95,-132.493,83.529526,0,0,0,0,2.7459998,2.7459998,none,true,0,0,0,Stand,1.4861811,,,,1,0->0:Exact,NONE
159,2.678222,0.015025,-8949.95,-132.493,83.529526,0,0,0,0,2.7459998,2.7459998,none,true,0,0,0,Stand,1.5012065,,,,1,0->0:Exact,NONE
160,2.693247,0.018360,-8949.95,-132.493,83.529526,0,0,0,0,2.7459998,2.7459998,none,true,0,0,0,Stand,1.5195668,,,,1,0->0:Exact,NONE
161,2.711607,0.016688,-8949.95,-132.493,83.529526,0,0,0,0,2.7459998,2.7459998,none,true,0,0,0,Stand,1.5362551,,,,1,0->0:Exact,NONE
162,2.728296,0.016624,-8949.95,-132.493,83.529526,0,0,0,0,2.7459998,2.7459998,none,true,0,0,0,Stand,1.5528792,,,,1,0->0:Exact,NONE
163,2.744920,0.016509,-8949.95,-132.493,83.529526,0,0,0,0,2.7459998,2.7459998,none,true,0,0,0,Stand,1.5693883,,,,1,0->0:Exact,NONE
164,2.761429,0.016882,-8949.95,-132.493,83.529526,0,0,0,0,2.7459998,2.7459998,none,true,0,0,0,Stand,1.5862702,,,,1,0->0:Exact,NONE
165,2.778311,0.015035,-8949.95,-132.493,83.529526,0,0,0,0,2.7459998,2.7459998,none,true,0,0,0,Stand,1.6013057,,,,1,0->0:Exact,NONE
166,2.793346,0.018215,-8949.95,-132.493,83.529526,0,0,0,0,2.7459998,2.7459998,none,true,0,0,0,Stand,1.6195209,,,,1,0->0:Exact,NONE
167,2.811561,0.016647,-8949.95,-132.493,83.529526,0,0,0,0,2.7459998,2.7459998,none,true,0,0,0,Stand,1.6361679,,,,1,0->0:Exact,NONE
168,2.828208,0.016611,-8949.95,-132.493,83.529526,0,0,0,0,2.7459998,2.7459998,none,true,0,0,0,Stand,1.6527793,,,,1,0->0:Exact,NONE
169,2.844820,0.016774,-8949.95,-132.493,83.529526,0,0,0,0,2.7459998,2.7459998,none,true,0,0,0,Stand,1.669553,,,,1,0->0:Exact,NONE
170,2.861594,0.016716,-8949.95,-132.493,83.529526,0,0,0,0,2.7459998,2.7459998,none,true,0,0,0,Stand,1.6862686,,,,1,0->0:Exact,NONE
171,2.878309,0.016515,-8949.95,-132.493,83.529526,0,0,0,0,2.7459998,2.7459998,none,true,0,0,0,Stand,1.7027837,,,,1,0->0:Exact,NONE
172,2.894824,0.016739,-8949.95,-132.493,83.529526,0,0,0,0,2.7459998,2.7459998,none,true,0,0,0,Stand,1.719523,,,,1,0->0:Exact,NONE
173,2.911563,0.016987,-8949.95,-132.493,83.529526,0,0,0,0,2.7459998,2.7459998,none,true,0,0,0,Stand,1.7365098,,,,1,0->0:Exact,NONE
174,2.928550,0.016534,-8949.95,-132.493,83.529526,0,0,0,0,2.7459998,2.7459998,none,true,0,0,0,Stand,1.753044,,,,1,0->0:Exact,NONE
175,2.945085,0.017676,-8949.95,-132.493,83.529526,0,0,0,0,2.7459998,2.7459998,none,true,0,0,0,Stand,1.7707198,,,,1,0->0:Exact,NONE
176,2.962760,0.015553,-8949.95,-132.493,83.529526,0,0,0,0,2.7459998,2.7459998,none,true,0,0,0,Stand,1.7862729,,,,1,0->0:Exact,NONE
177,2.978313,0.016980,-8949.95,-132.493,83.529526,0,0,0,0,2.7459998,2.7459998,none,true,0,0,0,Stand,1.8032523,,,,1,0->0:Exact,NONE
178,2.995293,0.016673,-8949.95,-132.493,83.529526,0,0,0,0,2.7459998,2.7459998,none,true,0,0,0,Stand,1.8199255,,,,1,0->0:Exact,NONE
179,3.011966,0.016632,-8949.95,-132.493,83.529526,0,0,0,0,2.7459998,2.7459998,none,true,0,0,0,Stand,1.8365571,,,,1,0->0:Exact,NONE
180,3.028598,0.016370,-8949.95,-132.493,83.529526,0,0,0,0,2.7459998,2.7459998,none,true,0,0,0,Stand,1.8529271,,,,1,0->0:Exact,NONE
181,3.044968,0.016749,-8949.95,-132.493,83.529526,0,0,0,0,2.7459998,2.7459998,none,true,0,0,0,Stand,1.869676,,,,1,0->0:Exact,NONE
182,3.061716,0.016795,-8949.95,-132.493,83.529526,0,0,0,0,2.7459998,2.7459998,none,true,0,0,0,Stand,1.8864706,,,,1,0->0:Exact,NONE
183,3.078511,0.016510,-8949.95,-132.493,83.529526,0,0,0,0,2.7459998,2.7459998,none,true,0,0,0,Stand,1.9029809,,,,1,0->0:Exact,NONE
184,3.095021,0.016670,-8949.95,-132.493,83.529526,0,0,0,0,2.7459998,2.7459998,none,true,0,0,0,Stand,1.9196507,,,,1,0->0:Exact,NONE
185,3.111691,0.016984,-8949.95,-132.493,83.529526,0,0,0,0,2.7459998,2.7459998,none,true,0,0,0,Stand,1.9366351,,,,1,0->0:Exact,NONE
186,3.128676,0.016276,-8949.95,-132.493,83.529526,0,0,0,0,2.7459998,2.7459998,none,true,0,0,0,Stand,1.9529115,,,,1,0->0:Exact,NONE
187,3.144952,0.016965,-8949.95,-132.493,83.529526,0,0,0,0,2.7459998,2.7459998,none,true,0,0,0,Stand,1.969876,,,,1,0->0:Exact,NONE
188,3.161917,0.016629,-8949.95,-132.493,83.529526,0,0,0,0,2.7459998,2.7459998,none,true,0,0,0,Stand,1.9865052,,,,1,0->0:Exact,NONE
189,3.178546,0.016837,-8949.95,-132.493,83.529526,0,0,0,0,2.7459998,2.7459998,none,true,0,0,0,Stand,2.0033422,,,,1,0->0:Exact,NONE
190,3.195383,0.016507,-8949.95,-132.493,83.529526,0,0,0,0,2.7459998,2.7459998,none,true,0,0,0,Stand,2.0198486,,,,1,0->0:Exact,NONE
191,3.211889,0.015058,-8949.95,-132.493,83.529526,0,0,0,0,2.7459998,2.7459998,none,true,0,0,0,Stand,2.0349061,,,,1,0->0:Exact,NONE
192,3.226947,0.016757,-8949.95,-132.493,83.529526,0,0,0,0,2.7459998,2.7459998,none,true,0,0,0,Stand,2.0516634,,,,1,0->0:Exact,NONE
193,3.243704,0.016548,-8949.95,-132.493,83.529526,0,0,0,0,2.7459998,2.7459998,none,true,0,0,0,Stand,2.068211,,,,1,0->0:Exact,NONE
194,3.260252,0.016808,-8949.95,-132.493,83.529526,0,0,0,0,2.7459998,2.7459998,none,true,0,0,0,Stand,2.0850194,,,,1,0->0:Exact,NONE
195,3.277060,0.016538,-8949.95,-132.493,83.529526,0,0,0,0,2.7459998,2.7459998,none,true,0,0,0,Stand,2.1015568,,,,1,0->0:Exact,NONE
196,3.293598,0.016881,-8949.95,-132.493,83.529526,0,0,0,0,2.7459998,2.7459998,none,true,0,0,0,Stand,2.1184382,,,,1,0->0:Exact,NONE
197,3.310479,0.017540,-8949.95,-132.493,83.529526,0,0,0,0,2.7459998,2.7459998,none,true,0,0,0,Stand,2.1359782,,,,1,0->0:Exact,NONE
198,3.328019,0.015588,-8949.95,-132.493,83.529526,0,0,0,0,2.7459998,2.7459998,none,true,0,0,0,Stand,2.1515665,,,,1,0->0:Exact,NONE
199,3.343607,0.016670,-8949.95,-132.493,83.529526,0,0,0,0,2.7459998,2.7459998,none,true,0,0,0,Stand,2.168236,,,,1,0->0:Exact,NONE
200,3.360277,0.016782,-8949.95,-132.493,83.529526,0,0,0,0,2.7459998,2.7459998,none,true,0,0,0,Stand,2.1850185,,,,1,0->0:Exact,NONE
201,3.377059,0.016588,-8949.95,-132.493,83.529526,0,0,0,0,2.7459998,2.7459998,none,true,0,0,0,Stand,2.2016063,,,,1,0->0:Exact,NONE
202,3.393647,0.016739,-8949.95,-132.493,83.529526,0,0,0,0,2.7459998,2.7459998,none,true,0,0,0,Stand,2.218345,,,,1,0->0:Exact,NONE
203,3.410386,0.016659,-8949.95,-132.493,83.529526,0,0,0,0,2.7459998,2.7459998,none,true,0,0,0,Stand,2.2350037,,,,1,0->0:Exact,NONE
204,3.427045,0.016813,-8949.95,-132.493,83.529526,0,0,0,0,2.7459998,2.7459998,none,true,0,0,0,Stand,2.251817,,,,1,0->0:Exact,NONE
205,3.443858,0.016509,-8949.95,-132.493,83.529526,0,0,0,0,2.7459998,2.7459998,none,true,0,0,0,Stand,2.2683258,,,,1,0->0:Exact,NONE
206,3.460367,0.016717,-8949.95,-132.493,83.529526,0,0,0,0,2.7459998,2.7459998,none,true,0,0,0,Stand,2.2850428,,,,1,0->0:Exact,NONE
207,3.477084,0.017006,-8949.95,-132.493,83.529526,0,0,0,0,2.7459998,2.7459998,none,true,0,0,0,Stand,2.3020492,,,,1,0->0:Exact,NONE
208,3.494090,0.016420,-8949.95,-132.493,83.529526,0,0,0,0,2.7459998,2.7459998,none,true,0,0,0,Stand,2.3184693,,,,1,0->0:Exact,NONE
209,3.510510,0.016636,-8949.95,-132.493,83.529526,0,0,0,0,2.7459998,2.7459998,none,true,0,0,0,Stand,2.3351052,,,,1,0->0:Exact,NONE
210,3.527146,0.016709,-8949.95,-132.493,83.529526,0,0,0,0,2.7459998,2.7459998,none,true,0,0,0,Stand,2.3518143,,,,1,0->0:Exact,NONE
211,3.543855,0.016695,-8949.95,-132.493,83.529526,0,0,0,0,2.7459998,2.7459998,none,true,0,0,0,Stand,2.3685095,,,,1,0->0:Exact,NONE
212,3.560550,0.016686,-8949.95,-132.493,83.529526,0,0,0,0,2.7459998,2.7459998,none,true,0,0,0,Stand,2.3851955,,,,1,0->0:Exact,NONE
213,3.577236,0.016759,-8949.95,-132.493,83.529526,0,0,0,0,2.7459998,2.7459998,none,true,0,0,0,Stand,2.4019542,,,,1,0->0:Exact,NONE
214,3.593995,0.016729,-8949.95,-132.493,83.529526,0,0,0,0,2.7459998,2.7459998,none,true,0,0,0,Stand,2.418683,,,,1,0->0:Exact,NONE
215,3.610724,0.017910,-8949.95,-132.493,83.529526,0,0,0,0,2.7459998,2.7459998,none,true,0,0,0,Stand,2.436593,,,,1,0->0:Exact,NONE
216,3.628634,0.015279,-8949.95,-132.493,83.529526,0,0,0,0,2.7459998,2.7459998,none,true,0,0,0,Stand,2.451872,,,,1,0->0:Exact,NONE
217,3.643913,0.016858,-8949.95,-132.493,83.529526,0,0,0,0,2.7459998,2.7459998,none,true,0,0,0,Stand,2.4687307,,,,1,0->0:Exact,NONE
218,3.660771,0.016818,-8949.95,-132.493,83.529526,0,0,0,0,2.7459998,2.7459998,none,true,0,0,0,Stand,2.4855487,,,,1,0->0:Exact,NONE
219,3.677589,0.016597,-8949.95,-132.493,83.529526,0,0,0,0,2.7459998,2.7459998,none,true,0,0,0,Stand,2.5021462,,,,1,0->0:Exact,NONE
220,3.694187,0.016625,-8949.95,-132.493,83.529526,0,0,0,0,2.7459998,2.7459998,none,true,0,0,0,Stand,2.5187714,,,,1,0->0:Exact,NONE
221,3.710812,0.016711,-8949.95,-132.493,83.529526,0,0,0,0,2.7459998,2.7459998,none,true,0,0,0,Stand,2.5354826,,,,1,0->0:Exact,NONE
222,3.727523,0.016435,-8949.95,-132.493,83.529526,0,0,0,0,2.7459998,2.7459998,none,true,0,0,0,Stand,2.5519173,,,,1,0->0:Exact,NONE
223,3.743958,0.016925,-8949.95,-132.493,83.529526,0,0,0,0,2.7459998,2.7459998,none,true,0,0,0,Stand,2.5688422,,,,1,0->0:Exact,NONE
224,3.760883,0.016558,-8949.95,-132.493,83.529526,0,0,0,0,2.7459998,2.7459998,none,true,0,0,0,Stand,2.5854006,,,,1,0->0:Exact,NONE
225,3.777441,0.016630,-8949.95,-132.493,83.529526,0,0,0,0,2.7459998,2.7459998,none,true,0,0,0,Stand,2.6020303,,,,1,0->0:Exact,NONE
226,3.794071,0.016625,-8949.95,-132.493,83.529526,0,0,0,0,2.7459998,2.7459998,none,true,0,0,0,Stand,2.618655,,,,1,0->0:Exact,NONE
227,3.810695,0.016752,-8949.95,-132.493,83.529526,0,0,0,0,2.7459998,2.7459998,none,true,0,0,0,Stand,2.6354074,,,,1,0->0:Exact,NONE
228,3.827448,0.016677,-8949.95,-132.493,83.529526,0,0,0,0,2.7459998,2.7459998,none,true,0,0,0,Stand,2.6520846,,,,1,0->0:Exact,NONE
229,3.844125,0.016643,-8949.95,-132.493,83.529526,0,0,0,0,2.7459998,2.7459998,none,true,0,0,0,Stand,2.6687272,,,,1,0->0:Exact,NONE
230,3.860768,0.016640,-8949.95,-132.493,83.529526,0,0,0,0,2.7459998,2.7459998,none,true,0,0,0,Stand,2.6853673,,,,1,0->0:Exact,NONE
231,3.877408,0.016691,-8949.95,-132.493,83.529526,0,0,0,0,2.7459998,2.7459998,none,true,0,0,0,Stand,2.7020586,,,,1,0->0:Exact,NONE
232,3.894099,0.016719,-8949.95,-132.493,83.529526,0,0,0,0,2.7459998,2.7459998,none,true,0,0,0,Stand,2.718778,,,,1,0->0:Exact,NONE
233,3.910819,0.018009,-8949.95,-132.493,83.529526,0,0,0,0,2.7459998,2.7459998,none,true,0,0,0,Stand,2.736787,,,,1,0->0:Exact,NONE
234,3.928828,0.015386,-8949.95,-132.493,83.529526,0,0,0,0,2.7459998,2.7459998,none,true,0,0,0,Stand,2.7521727,,,,1,0->0:Exact,NONE
235,3.944213,0.016731,-8949.95,-132.493,83.529526,0,0,0,0,2.7459998,2.7459998,none,true,0,0,0,Stand,2.768904,,,,1,0->0:Exact,NONE
236,3.960945,0.016570,-8949.95,-132.493,83.529526,0,0,0,0,2.7459998,2.7459998,none,true,0,0,0,Stand,2.7854738,,,,1,0->0:Exact,NONE
237,3.977514,0.016771,-8949.95,-132.493,83.529526,0,0,0,0,2.7459998,2.7459998,none,true,0,0,0,Stand,2.8022451,,,,1,0->0:Exact,NONE
238,3.994286,0.016759,-8949.95,-132.493,83.529526,0,0,0,0,2.7459998,2.7459998,none,true,0,0,0,Stand,2.819004,,,,1,0->0:Exact,NONE
239,4.011045,0.016972,-8949.95,-132.493,83.529526,0,0,0,0,2.7459998,2.7459998,none,true,0,0,0,Stand,2.8359756,,,,1,0->0:Exact,NONE
240,4.028016,0.016122,-8949.95,-132.493,83.529526,0,0,0,0,2.7459998,2.7459998,none,true,0,0,0,Stand,2.852098,,,,1,0->0:Exact,NONE
241,4.044139,0.016841,-8949.95,-132.493,83.529526,0,0,0,0,2.7459998,2.7459998,none,true,0,0,0,Stand,2.868939,,,,1,0->0:Exact,NONE
242,4.060980,0.016579,-8949.95,-132.493,83.529526,0,0,0,0,2.7459998,2.7459998,none,true,0,0,0,Stand,2.8855183,,,,1,0->0:Exact,NONE
243,4.077559,0.017560,-8949.95,-132.493,83.529526,0,0,0,0,2.7459998,2.7459998,none,true,0,0,0,Stand,2.903078,,,,1,0->0:Exact,NONE
244,4.095119,0.015837,-8949.95,-132.493,83.529526,0,0,0,0,2.7459998,2.7459998,none,true,0,0,0,Stand,2.918915,,,,1,0->0:Exact,NONE
245,4.110956,0.016619,-8949.95,-132.493,83.529526,0,0,0,0,2.7459998,2.7459998,none,true,0,0,0,Stand,2.9355338,,,,1,0->0:Exact,NONE
246,4.127574,0.016767,-8949.95,-132.493,83.529526,0,0,0,0,2.7459998,2.7459998,none,true,0,0,0,Stand,2.9523005,,,,1,0->0:Exact,NONE
247,4.144341,0.016792,-8949.95,-132.493,83.529526,0,0,0,0,2.7459998,2.7459998,none,true,0,0,0,Stand,2.9690928,,,,1,0->0:Exact,NONE
248,4.161133,0.016547,-8949.95,-132.493,83.529526,0,0,0,0,2.7459998,2.7459998,none,true,0,0,0,Stand,2.9856393,,,,1,0->0:Exact,NONE
249,4.177680,0.016807,-8949.95,-132.493,83.529526,0,0,0,0,2.7459998,2.7459998,none,true,0,0,0,Stand,3.002446,,,,1,0->0:Exact,NONE
250,4.194487,0.016604,-8949.95,-132.493,83.529526,0,0,0,0,2.7459998,2.7459998,none,true,0,0,0,Stand,3.01905,,,,1,0->0:Exact,NONE
251,4.211090,0.017928,-8949.95,-132.493,83.529526,0,0,0,0,2.7459998,2.7459998,none,true,0,0,0,Stand,3.036978,,,,1,0->0:Exact,NONE
252,4.229019,0.015358,-8949.95,-132.493,83.529526,0,0,0,0,2.7459998,2.7459998,none,true,0,0,0,Stand,3.052336,,,,1,0->0:Exact,NONE
253,4.244376,0.016615,-8949.95,-132.493,83.529526,0,0,0,0,2.7459998,2.7459998,none,true,0,0,0,Stand,3.0689504,,,,1,0->0:Exact,NONE
254,4.260991,0.016847,-8949.95,-132.493,83.529526,0,0,0,0,2.7459998,2.7459998,none,true,0,0,0,Stand,3.0857973,,,,1,0->0:Exact,NONE
255,4.277838,0.016728,-8949.95,-132.493,83.529526,0,0,0,0,2.7459998,2.7459998,none,true,0,0,0,Stand,3.1025255,,,,1,0->0:Exact,NONE
256,4.294566,0.016803,-8949.95,-132.493,83.529526,0,0,0,0,2.7459998,2.7459998,none,true,0,0,0,Stand,3.119328,,,,1,0->0:Exact,NONE
257,4.311369,0.016470,-8949.95,-132.493,83.529526,0,0,0,0,2.7459998,2.7459998,none,true,0,0,0,Stand,3.1357977,,,,1,0->0:Exact,NONE
258,4.327838,0.016637,-8949.95,-132.493,83.529526,0,0,0,0,2.7459998,2.7459998,none,true,0,0,0,Stand,3.1524348,,,,1,0->0:Exact,NONE
259,4.344475,0.016740,-8949.95,-132.493,83.529526,0,0,0,0,2.7459998,2.7459998,none,true,0,0,0,Stand,3.1691744,,,,1,0->0:Exact,NONE
260,4.361215,0.016638,-8949.95,-132.493,83.529526,0,0,0,0,2.7459998,2.7459998,none,true,0,0,0,Stand,3.1858122,,,,1,0->0:Exact,NONE
261,4.377853,0.016942,-8949.95,-132.493,83.529526,0,0,0,0,2.7459998,2.7459998,none,true,0,0,0,Stand,3.202754,,,,1,0->0:Exact,NONE
262,4.394795,0.016397,-8949.95,-132.493,83.529526,0,0,0,0,2.7459998,2.7459998,none,true,0,0,0,Stand,3.2191505,,,,1,0->0:Exact,NONE
263,4.411191,0.018077,-8949.95,-132.493,83.529526,0,0,0,0,2.7459998,2.7459998,none,true,0,0,0,Stand,3.2372274,,,,1,0->0:Exact,NONE
264,4.429268,0.015436,-8949.95,-132.493,83.529526,0,0,0,0,2.7459998,2.7459998,none,true,0,0,0,Stand,3.2526636,,,,1,0->0:Exact,NONE
265,4.444704,0.016589,-8949.95,-132.493,83.529526,0,0,0,0,2.7459998,2.7459998,none,true,0,0,0,Stand,3.2692523,,,,1,0->0:Exact,NONE
266,4.461293,0.016808,-8949.95,-132.493,83.529526,0,0,0,0,2.7459998,2.7459998,none,true,0,0,0,Stand,3.2860608,,,,1,0->0:Exact,NONE
267,4.478101,0.016533,-8949.95,-132.493,83.529526,0,0,0,0,2.7459998,2.7459998,none,true,0,0,0,Stand,3.3025944,,,,1,0->0:Exact,NONE
268,4.494635,0.016714,-8949.95,-132.493,83.529526,0,0,0,0,2.7459998,2.7459998,none,true,0,0,0,Stand,3.3193083,,,,1,0->0:Exact,NONE
269,4.511349,0.016650,-8949.95,-132.493,83.529526,0,0,0,0,2.7459998,2.7459998,none,true,0,0,0,Stand,3.335958,,,,1,0->0:Exact,NONE
270,4.527998,0.016789,-8949.95,-132.493,83.529526,0,0,0,0,2.7459998,2.7459998,none,true,0,0,0,Stand,3.3527467,,,,1,0->0:Exact,NONE
271,4.544787,0.016523,-8949.95,-132.493,83.529526,0,0,0,0,2.7459998,2.7459998,none,true,0,0,0,Stand,3.3692694,,,,1,0->0:Exact,NONE
272,4.561310,0.016616,-8949.95,-132.493,83.529526,0,0,0,0,2.7459998,2.7459998,none,true,0,0,0,Stand,3.3858855,,,,1,0->0:Exact,NONE
273,4.577926,0.016734,-8949.95,-132.493,83.529526,0,0,0,0,2.7459998,2.7459998,none,true,0,0,0,Stand,3.4026196,,,,1,0->0:Exact,NONE
274,4.594660,0.016819,-8949.95,-132.493,83.529526,0,0,0,0,2.7459998,2.7459998,none,true,0,0,0,Stand,3.419439,,,,1,0->0:Exact,NONE
275,4.611479,0.016518,-8949.95,-132.493,83.529526,0,0,0,0,2.7459998,2.7459998,none,true,0,0,0,Stand,3.4359572,,,,1,0->0:Exact,NONE
276,4.627997,0.016685,-8949.95,-132.493,83.529526,0,0,0,0,2.7459998,2.7459998,none,true,0,0,0,Stand,3.4526422,,,,1,0->0:Exact,NONE
277,4.644683,0.016683,-8949.95,-132.493,83.529526,0,0,0,0,2.7459998,2.7459998,none,true,0,0,0,Stand,3.4693248,,,,1,0->0:Exact,NONE
278,4.661365,0.016726,-8949.95,-132.493,83.529526,0,0,0,0,2.7459998,2.7459998,none,true,0,0,0,Stand,3.4860513,,,,1,0->0:Exact,NONE
279,4.678092,0.016604,-8949.95,-132.493,83.529526,0,0,0,0,2.7459998,2.7459998,none,true,0,0,0,Stand,3.5026557,,,,1,0->0:Exact,NONE
280,4.694696,0.016746,-8949.95,-132.493,83.529526,0,0,0,0,2.7459998,2.7459998,none,true,0,0,0,Stand,3.5194013,,,,1,0->0:Exact,NONE
281,4.711442,0.017596,-8949.95,-132.493,83.529526,0,0,0,0,2.7459998,2.7459998,none,true,0,0,0,Stand,3.5369973,,,,1,0->0:Exact,NONE
282,4.729037,0.015718,-8949.95,-132.493,83.529526,0,0,0,0,2.7459998,2.7459998,none,true,0,0,0,Stand,3.5527153,,,,1,0->0:Exact,NONE
283,4.744755,0.016731,-8949.95,-132.493,83.529526,0,0,0,0,2.7459998,2.7459998,none,true,0,0,0,Stand,3.5694463,,,,1,0->0:Exact,NONE
284,4.761487,0.016736,-8949.95,-132.493,83.529526,0,0,0,0,2.7459998,2.7459998,none,true,0,0,0,Stand,3.586182,,,,1,0->0:Exact,NONE
285,4.778222,0.016591,-8949.95,-132.493,83.529526,0,0,0,0,2.7459998,2.7459998,none,true,0,0,0,Stand,3.6027734,,,,1,0->0:Exact,NONE
286,4.794814,0.016835,-8949.95,-132.493,83.529526,0,0,0,0,2.7459998,2.7459998,none,true,0,0,0,Stand,3.6196084,,,,1,0->0:Exact,NONE
287,4.811649,0.016502,-8949.95,-132.493,83.529526,0,0,0,0,2.7459998,2.7459998,none,true,0,0,0,Stand,3.6361105,,,,1,0->0:Exact,NONE
288,4.828151,0.016984,-8949.95,-132.493,83.529526,0,0,0,0,2.7459998,2.7459998,none,true,0,0,0,Stand,3.6530943,,,,1,0->0:Exact,NONE
289,4.845135,0.016504,-8949.95,-132.493,83.529526,0,0,0,0,2.7459998,2.7459998,none,true,0,0,0,Stand,3.6695986,,,,1,0->0:Exact,NONE
290,4.861639,0.016649,-8949.95,-132.493,83.529526,0,0,0,0,2.7459998,2.7459998,none,true,0,0,0,Stand,3.6862476,,,,1,0->0:Exact,NONE
291,4.878288,0.016713,-8949.95,-132.493,83.529526,0,0,0,0,2.7459998,2.7459998,none,true,0,0,0,Stand,3.7029605,,,,1,0->0:Exact,NONE
292,4.895001,0.016656,-8949.95,-132.493,83.529526,0,0,0,0,2.7459998,2.7459998,none,true,0,0,0,Stand,3.7196164,,,,1,0->0:Exact,NONE
293,4.911657,0.016669,-8949.95,-132.493,83.529526,0,0,0,0,2.7459998,2.7459998,none,true,0,0,0,Stand,3.7362854,,,,1,0->0:Exact,NONE
294,4.928326,0.016627,-8949.95,-132.493,83.529526,0,0,0,0,2.7459998,2.7459998,none,true,0,0,0,Stand,3.752912,,,,1,0->0:Exact,NONE
295,4.944953,0.016820,-8949.95,-132.493,83.529526,0,0,0,0,2.7459998,2.7459998,none,true,0,0,0,Stand,3.7697318,,,,1,0->0:Exact,NONE
296,4.961772,0.016634,-8949.95,-132.493,83.529526,0,0,0,0,2.7459998,2.7459998,none,true,0,0,0,Stand,3.7863655,,,,1,0->0:Exact,NONE
297,4.978406,0.016711,-8949.95,-132.493,83.529526,0,0,0,0,2.7459998,2.7459998,none,true,0,0,0,Stand,3.8030767,,,,1,0->0:Exact,NONE
298,4.995118,0.016642,-11252.983,1650.2572,50.662243,0,0,0,0,2.7459998,2.7459998,none,false,0,16.6421,0,Stand,3.8197188,,,,1,0->0:Exact,NONE
299,5.011760,0.016725,-11252.983,1650.2572,50.656845,0,0,0,0,2.7459998,2.7459998,none,false,0,33.367203,0,Stand,3.836444,,,,1,0->0:Exact,NONE
300,5.028485,0.016741,-11252.983,1650.2572,50.65144,0,0,0,0,2.7459998,2.7459998,none,false,0,50.107903,0,Stand,3.8531847,,,,1,0->0:Exact,NONE
301,5.045225,0.018631,-11252.983,1650.2572,50.644745,0,0,0,0,2.7459998,2.7459998,none,false,0,68.739105,0,Stand,3.871816,,,,1,0->0:Exact,NONE
302,5.063857,0.016277,-11252.983,1650.2572,50.639633,0,0,0,0,2.7459998,2.7459998,none,false,0,85.01601,0,Stand,3.8880928,,,,1,0->0:Exact,NONE
303,5.080134,0.015952,-11252.983,1650.2572,50.634724,0,0,0,0,2.7459998,2.7459998,none,false,0,100.967606,0,Stand,3.9040444,,,,1,0->0:Exact,NONE
304,5.096085,0.015928,-11252.983,1650.2572,50.62983,0,0,0,0,2.7459998,2.7459998,none,false,0,116.89541,0,Stand,3.9199722,,,,1,0->0:Exact,NONE
305,5.112013,0.016259,-11252.983,1650.2572,50.62473,0,0,0,0,2.7459998,2.7459998,none,false,0,133.15411,0,Stand,3.936231,,,,1,0->0:Exact,NONE
306,5.128272,0.017264,-11252.983,1650.2572,50.61898,0,0,0,0,2.7459998,2.7459998,none,false,0,150.41832,0,Stand,3.953495,,,,1,0->0:Exact,NONE
307,5.145536,0.034621,-11252.983,1650.2572,50.665314,0,0,0,0,2.7459998,2.7459998,none,true,0,0,0,Stand,3.988116,,,,1,0->0:Exact,MSG_MOVE_FALL_LAND
308,5.180157,0.006288,-11252.983,1650.2572,50.665314,0,0,0,0,2.7459998,2.7459998,none,true,0,0,0,Stand,3.9944036,,,,1,0->0:Exact,NONE
309,5.186444,0.008994,-11252.983,1650.2572,50.665314,0,0,0,0,2.7459998,2.7459998,none,true,0,0,0,Stand,4.0033975,,,,1,0->0:Exact,NONE
310,5.195438,0.016375,-11252.983,1650.2572,50.665314,0,0,0,0,2.7459998,2.7459998,none,true,0,0,0,Stand,4.019772,,,,1,0->0:Exact,NONE
311,5.211813,0.017760,-11252.983,1650.2572,50.665314,0,0,0,0,2.7459998,2.7459998,none,true,0,0,0,Stand,4.037532,,,,1,0->0:Exact,NONE
312,5.229573,0.015648,-11252.983,1650.2572,50.665314,0,0,0,0,2.7459998,2.7459998,none,true,0,0,0,Stand,4.05318,,,,1,0->0:Exact,NONE
313,5.245221,0.017113,-11252.983,1650.2572,50.665314,0,0,0,0,2.7459998,2.7459998,none,true,0,0,0,Stand,4.0702934,,,,1,0->0:Exact,NONE
314,5.262335,0.016214,-11252.983,1650.2572,50.665314,0,0,0,0,2.7459998,2.7459998,none,true,0,0,0,Stand,4.086508,,,,1,0->0:Exact,NONE
315,5.278549,0.016593,-11252.983,1650.2572,50.665314,0,0,0,0,2.7459998,2.7459998,none,true,0,0,0,Stand,4.1031013,,,,1,0->0:Exact,NONE
316,5.295142,0.016976,-11252.983,1650.2572,50.665314,0,0,0,0,2.7459998,2.7459998,none,true,0,0,0,Stand,4.1200767,,,,1,0->0:Exact,NONE
317,5.312118,0.016421,-11252.983,1650.2572,50.665314,0,0,0,0,2.7459998,2.7459998,none,true,0,0,0,Stand,4.136497,,,,1,0->0:Exact,NONE
318,5.328539,0.016887,-11252.983,1650.2572,50.665314,0,0,0,0,2.7459998,2.7459998,none,true,0,0,0,Stand,4.153384,,,,1,0->0:Exact,NONE
319,5.345426,0.016539,-11252.983,1650.2572,50.665314,0,0,0,0,2.7459998,2.7459998,none,true,0,0,0,Stand,4.1699233,,,,1,0->0:Exact,NONE
320,5.361965,0.017231,-11252.983,1650.2572,50.665314,0,0,0,0,2.7459998,2.7459998,none,true,0,0,0,Stand,4.1871543,,,,1,0->0:Exact,NONE
321,5.379196,0.016290,-11252.983,1650.2572,50.665314,0,0,0,0,2.7459998,2.7459998,none,true,0,0,0,Stand,4.203444,,,,1,0->0:Exact,NONE
322,5.395486,0.016508,-11252.983,1650.2572,50.665314,0,0,0,0,2.7459998,2.7459998,none,true,0,0,0,Stand,4.2199516,,,,1,0->0:Exact,NONE
323,5.411993,0.017929,-11252.983,1650.2572,50.665314,0,0,0,0,2.7459998,2.7459998,none,true,0,0,0,Stand,4.23788,,,,1,0->0:Exact,NONE
324,5.429922,0.015335,-11252.983,1650.2572,50.665314,0,0,0,0,2.7459998,2.7459998,none,true,0,0,0,Stand,4.253215,,,,1,0->0:Exact,NONE
325,5.445257,0.017140,-11252.983,1650.2572,50.665314,0,0,0,0,2.7459998,2.7459998,none,true,0,0,0,Stand,4.2703547,,,,1,0->0:Exact,NONE
326,5.462396,0.016459,-11252.983,1650.2572,50.665314,0,0,0,0,2.7459998,2.7459998,none,true,0,0,0,Stand,4.2868133,,,,1,0->0:Exact,NONE
327,5.478855,0.017053,-11252.983,1650.2572,50.665314,0,0,0,0,2.7459998,2.7459998,none,true,0,0,0,Stand,4.3038664,,,,1,0->0:Exact,NONE
328,5.495908,0.016319,-11252.983,1650.2572,50.665314,0,0,0,0,2.7459998,2.7459998,none,true,0,0,0,Stand,4.3201847,,,,1,0->0:Exact,NONE
329,5.512227,0.017541,-11252.983,1650.2572,50.665314,0,0,0,0,2.7459998,2.7459998,none,true,0,0,0,Stand,4.337726,,,,1,0->0:Exact,NONE
330,5.529768,0.015726,-11252.983,1650.2572,50.665314,0,0,0,0,2.7459998,2.7459998,none,true,0,0,0,Stand,4.3534517,,,,1,0->0:Exact,NONE
331,5.545494,0.016748,-11252.983,1650.2572,50.665314,0,0,0,0,2.7459998,2.7459998,none,true,0,0,0,Stand,4.3702,,,,1,0->0:Exact,NONE
332,5.562242,0.016698,-11252.983,1650.2572,50.665314,0,0,0,0,2.7459998,2.7459998,none,true,0,0,0,Stand,4.3868985,,,,1,0->0:Exact,NONE
333,5.578940,0.016563,-11252.983,1650.2572,50.665314,0,0,0,0,2.7459998,2.7459998,none,true,0,0,0,Stand,4.403462,,,,1,0->0:Exact,NONE
334,5.595504,0.016733,-11252.983,1650.2572,50.665314,0,0,0,0,2.7459998,2.7459998,none,true,0,0,0,Stand,4.420195,,,,1,0->0:Exact,NONE
335,5.612237,0.016558,-11252.983,1650.2572,50.665314,0,0,0,0,2.7459998,2.7459998,none,true,0,0,0,Stand,4.436753,,,,1,0->0:Exact,NONE
336,5.628794,0.016748,-11252.983,1650.2572,50.665314,0,0,0,0,2.7459998,2.7459998,none,true,0,0,0,Stand,4.453501,,,,1,0->0:Exact,NONE
337,5.645542,0.016902,-11252.983,1650.2572,50.665314,0,0,0,0,2.7459998,2.7459998,none,true,0,0,0,Stand,4.470403,,,,1,0->0:Exact,NONE
338,5.662445,0.016580,-11252.983,1650.2572,50.665314,0,0,0,0,2.7459998,2.7459998,none,true,0,0,0,Stand,4.4869833,,,,1,0->0:Exact,NONE
339,5.679025,0.016545,-11252.983,1650.2572,50.665314,0,0,0,0,2.7459998,2.7459998,none,true,0,0,0,Stand,4.5035286,,,,1,0->0:Exact,NONE
340,5.695570,0.016802,-11252.983,1650.2572,50.665314,0,0,0,0,2.7459998,2.7459998,none,true,0,0,0,Stand,4.520331,,,,1,0->0:Exact,NONE
341,5.712372,0.017265,-11252.983,1650.2572,50.665314,0,0,0,0,2.7459998,2.7459998,none,true,0,0,0,Stand,4.5375957,,,,1,0->0:Exact,NONE
342,5.729637,0.016051,-11252.983,1650.2572,50.665314,0,0,0,0,2.7459998,2.7459998,none,true,0,0,0,Stand,4.5536466,,,,1,0->0:Exact,NONE
343,5.745688,0.016550,-11252.983,1650.2572,50.665314,0,0,0,0,2.7459998,2.7459998,none,true,0,0,0,Stand,4.570196,,,,1,0->0:Exact,NONE
344,5.762238,0.016931,-11252.983,1650.2572,50.665314,0,0,0,0,2.7459998,2.7459998,none,true,0,0,0,Stand,4.5871277,,,,1,0->0:Exact,NONE
345,5.779169,0.016763,-11252.983,1650.2572,50.665314,0,0,0,0,2.7459998,2.7459998,none,true,0,0,0,Stand,4.6038904,,,,1,0->0:Exact,NONE
346,5.795932,0.016523,-11252.983,1650.2572,50.665314,0,0,0,0,2.7459998,2.7459998,none,true,0,0,0,Stand,4.6204133,,,,1,0->0:Exact,NONE
347,5.812455,0.016560,-11252.983,1650.2572,50.665314,0,0,0,0,2.7459998,2.7459998,none,true,0,0,0,Stand,4.6369734,,,,1,0->0:Exact,NONE
348,5.829015,0.016732,-11252.983,1650.2572,50.665314,0,0,0,0,2.7459998,2.7459998,none,true,0,0,0,Stand,4.6537056,,,,1,0->0:Exact,NONE
349,5.845747,0.016743,-11252.983,1650.2572,50.665314,0,0,0,0,2.7459998,2.7459998,none,true,0,0,0,Stand,4.670449,,,,1,0->0:Exact,NONE
350,5.862490,0.016562,-11252.983,1650.2572,50.665314,0,0,0,0,2.7459998,2.7459998,none,true,0,0,0,Stand,4.6870103,,,,1,0->0:Exact,NONE
351,5.879052,0.016820,-11252.983,1650.2572,50.665314,0,0,0,0,2.7459998,2.7459998,none,true,0,0,0,Stand,4.70383,,,,1,0->0:Exact,NONE
352,5.895871,0.016659,-11252.983,1650.2572,50.665314,0,0,0,0,2.7459998,2.7459998,none,true,0,0,0,Stand,4.7204885,,,,1,0->0:Exact,NONE
353,5.912530,0.017316,-11252.983,1650.2572,50.665314,0,0,0,0,2.7459998,2.7459998,none,true,0,0,0,Stand,4.737805,,,,1,0->0:Exact,NONE
354,5.929846,0.016073,-11252.983,1650.2572,50.665314,0,0,0,0,2.7459998,2.7459998,none,true,0,0,0,Stand,4.7538776,,,,1,0->0:Exact,NONE
355,5.945919,0.016662,-11252.983,1650.2572,50.665314,0,0,0,0,2.7459998,2.7459998,none,true,0,0,0,Stand,4.7705398,,,,1,0->0:Exact,NONE
356,5.962581,0.016583,-11252.983,1650.2572,50.665314,0,0,0,0,2.7459998,2.7459998,none,true,0,0,0,Stand,4.787123,,,,1,0->0:Exact,NONE
357,5.979165,0.016710,-11252.983,1650.2572,50.665314,0,0,0,0,2.7459998,2.7459998,none,true,0,0,0,Stand,4.8038335,,,,1,0->0:Exact,NONE
358,5.995875,0.016690,-11252.983,1650.2572,50.665314,0,0,0,0,2.7459998,2.7459998,none,true,0,0,0,Stand,4.8205237,,,,1,0->0:Exact,NONE
359,6.012565,0.016631,-11252.983,1650.2572,50.665314,0,0,0,0,2.7459998,2.7459998,none,true,0,0,0,Stand,4.8371553,,,,1,0->0:Exact,NONE
360,6.029196,0.016677,-11252.983,1650.2572,50.665314,0,0,0,0,2.7459998,2.7459998,none,true,0,0,0,Stand,4.8538322,,,,1,0->0:Exact,NONE
361,6.045873,0.016686,-11252.983,1650.2572,50.665314,0,0,0,0,2.7459998,2.7459998,none,true,0,0,0,Stand,4.870518,,,,1,0->0:Exact,NONE
362,6.062560,0.016796,-11252.983,1650.2572,50.665314,0,0,0,0,2.7459998,2.7459998,none,true,0,0,0,Stand,4.887315,,,,1,0->0:Exact,NONE
363,6.079356,0.016608,-11252.983,1650.2572,50.665314,0,0,0,0,2.7459998,2.7459998,none,true,0,0,0,Stand,4.903923,,,,1,0->0:Exact,NONE
364,6.095964,0.016632,-11252.983,1650.2572,50.665314,0,0,0,0,2.7459998,2.7459998,none,true,0,0,0,Stand,4.920555,,,,1,0->0:Exact,NONE
365,6.112596,0.017465,-11252.983,1650.2572,50.665314,0,0,0,0,2.7459998,2.7459998,none,true,0,0,0,Stand,4.93802,,,,1,0->0:Exact,NONE
366,6.130061,0.015822,-11252.983,1650.2572,50.665314,0,0,0,0,2.7459998,2.7459998,none,true,0,0,0,Stand,4.953842,,,,1,0->0:Exact,NONE
367,6.145883,0.016718,-11252.983,1650.2572,50.665314,0,0,0,0,2.7459998,2.7459998,none,true,0,0,0,Stand,4.9705606,,,,1,0->0:Exact,NONE
368,6.162602,0.016575,-11252.983,1650.2572,50.665314,0,0,0,0,2.7459998,2.7459998,none,true,0,0,0,Stand,4.9871354,,,,1,0->0:Exact,NONE
369,6.179176,0.017254,-11252.983,1650.2572,50.665314,0,0,0,0,2.7459998,2.7459998,none,true,0,0,0,Stand,5.0043893,,,,1,0->0:Exact,NONE
370,6.196430,0.016296,-11252.983,1650.2572,50.665314,0,0,0,0,2.7459998,2.7459998,none,true,0,0,0,Stand,5.0206857,,,,1,0->0:Exact,NONE
371,6.212726,0.016651,-11252.983,1650.2572,50.665314,0,0,0,0,2.7459998,2.7459998,none,true,0,0,0,Stand,5.0373373,,,,1,0->0:Exact,NONE
372,6.229378,0.016620,-11252.983,1650.2572,50.665314,0,0,0,0,2.7459998,2.7459998,none,true,0,0,0,Stand,5.053957,,,,1,0->0:Exact,NONE
373,6.245997,0.016579,-11252.983,1650.2572,50.665314,0,0,0,0,2.7459998,2.7459998,none,true,0,0,0,Stand,5.0705357,,,,1,0->0:Exact,NONE
374,6.262576,0.016626,-11252.983,1650.2572,50.665314,0,0,0,0,2.7459998,2.7459998,none,true,0,0,0,Stand,5.0871615,,,,1,0->0:Exact,NONE
375,6.279202,0.016775,-11252.983,1650.2572,50.665314,0,0,0,0,2.7459998,2.7459998,none,true,0,0,0,Stand,5.103936,,,,1,0->0:Exact,NONE
376,6.295977,0.016726,-11252.983,1650.2572,50.665314,0,0,0,0,2.7459998,2.7459998,none,true,0,0,0,Stand,5.1206627,,,,1,0->0:Exact,NONE
377,6.312703,0.017542,-11252.983,1650.2572,50.665314,0,0,0,0,2.7459998,2.7459998,none,true,0,0,0,Stand,5.1382046,,,,1,0->0:Exact,NONE
378,6.330245,0.015704,-11252.983,1650.2572,50.665314,0,0,0,0,2.7459998,2.7459998,none,true,0,0,0,Stand,5.1539083,,,,1,0->0:Exact,NONE
379,6.345949,0.016674,-11252.983,1650.2572,50.665314,0,0,0,0,2.7459998,2.7459998,none,true,0,0,0,Stand,5.1705823,,,,1,0->0:Exact,NONE
380,6.362623,0.017073,-11252.983,1650.2572,50.665314,0,0,0,0,2.7459998,2.7459998,none,true,0,0,0,Stand,5.1876554,,,,1,0->0:Exact,NONE
381,6.379696,0.016507,-11252.983,1650.2572,50.665314,0,0,0,0,2.7459998,2.7459998,none,true,0,0,0,Stand,5.204163,,,,1,0->0:Exact,NONE
382,6.396204,0.016909,-11252.983,1650.2572,50.665314,0,0,0,0,2.7459998,2.7459998,none,true,0,0,0,Stand,5.221072,,,,1,0->0:Exact,NONE
383,6.413113,0.016860,-11252.983,1650.2572,50.665314,0,0,0,0,2.7459998,2.7459998,none,true,0,0,0,Stand,5.2379317,,,,1,0->0:Exact,NONE
384,6.429973,0.016539,-11252.983,1650.2572,50.665314,0,0,0,0,2.7459998,2.7459998,none,true,0,0,0,Stand,5.2544703,,,,1,0->0:Exact,NONE
385,6.446511,0.016531,-11252.983,1650.2572,50.665314,0,0,0,0,2.7459998,2.7459998,none,true,0,0,0,Stand,5.2710013,,,,1,0->0:Exact,NONE
386,6.463042,0.016879,-11252.983,1650.2572,50.665314,0,0,0,0,2.7459998,2.7459998,none,true,0,0,0,Stand,5.28788,,,,1,0->0:Exact,NONE
387,6.479921,0.016778,-11252.983,1650.2572,50.665314,0,0,0,0,2.7459998,2.7459998,none,true,0,0,0,Stand,5.304658,,,,1,0->0:Exact,NONE
388,6.496699,0.016164,-11252.983,1650.2572,50.665314,0,0,0,0,2.7459998,2.7459998,none,true,0,0,0,Stand,5.320822,,,,1,0->0:Exact,NONE
389,6.512863,0.017522,-11252.983,1650.2572,50.665314,0,0,0,0,2.7459998,2.7459998,none,true,0,0,0,Stand,5.3383436,,,,1,0->0:Exact,NONE
390,6.530385,0.015888,-11252.983,1650.2572,50.665314,0,0,0,0,2.7459998,2.7459998,none,true,0,0,0,Stand,5.354232,,,,1,0->0:Exact,NONE
391,6.546273,0.016758,-11252.983,1650.2572,50.665314,0,0,0,0,2.7459998,2.7459998,none,true,0,0,0,Stand,5.3709893,,,,1,0->0:Exact,NONE
392,6.563031,0.016506,-11252.983,1650.2572,50.665314,0,0,0,0,2.7459998,2.7459998,none,true,0,0,0,Stand,5.3874955,,,,1,0->0:Exact,NONE
393,6.579537,0.016809,-11252.983,1650.2572,50.665314,0,0,0,0,2.7459998,2.7459998,none,true,0,0,0,Stand,5.4043045,,,,1,0->0:Exact,NONE
394,6.596346,0.016571,-11252.983,1650.2572,50.665314,0,0,0,0,2.7459998,2.7459998,none,true,0,0,0,Stand,5.420876,,,,1,0->0:Exact,NONE
395,6.612917,0.016749,-11252.983,1650.2572,50.665314,0,0,0,0,2.7459998,2.7459998,none,true,0,0,0,Stand,5.437625,,,,1,0->0:Exact,NONE
396,6.629666,0.016871,-11252.983,1650.2572,50.665314,0,0,0,0,2.7459998,2.7459998,none,true,0,0,0,Stand,5.454496,,,,1,0->0:Exact,NONE
397,6.646537,0.016698,-11252.983,1650.2572,50.665314,0,0,0,0,2.7459998,2.7459998,none,true,0,0,0,Stand,5.471194,,,,1,0->0:Exact,NONE
398,6.663235,0.016484,-11252.983,1650.2572,50.665314,0,0,0,0,2.7459998,2.7459998,none,true,0,0,0,Stand,5.4876776,,,,1,0->0:Exact,NONE
399,6.679719,0.016878,-11252.983,1650.2572,50.665314,0,0,0,0,2.7459998,2.7459998,none,true,0,0,0,Stand,5.5045557,,,,1,0->0:Exact,NONE
400,6.696597,0.016745,-11252.983,1650.2572,50.665314,0,0,0,0,2.7459998,2.7459998,none,true,0,0,0,Stand,5.5213003,,,,1,0->0:Exact,NONE
401,6.713341,0.017250,-11252.983,1650.2572,50.665314,0,0,0,0,2.7459998,2.7459998,none,true,0,0,0,Stand,5.538551,,,,1,0->0:Exact,NONE
402,6.730592,0.015915,-11252.983,1650.2572,50.665314,0,0,0,0,2.7459998,2.7459998,none,true,0,0,0,Stand,5.554466,,,,1,0->0:Exact,NONE
403,6.746506,0.016718,-11252.983,1650.2572,50.665314,0,0,0,0,2.7459998,2.7459998,none,true,0,0,0,Stand,5.571184,,,,1,0->0:Exact,NONE
404,6.763225,0.016933,-11252.983,1650.2572,50.665314,0,0,0,0,2.7459998,2.7459998,none,true,0,0,0,Stand,5.588117,,,,1,0->0:Exact,NONE
405,6.780158,0.016677,-11252.983,1650.2572,50.665314,0,0,0,0,2.7459998,2.7459998,none,true,0,0,0,Stand,5.6047935,,,,1,0->0:Exact,NONE
406,6.796834,0.016507,-11252.983,1650.2572,50.665314,0,0,0,0,2.7459998,2.7459998,none,true,0,0,0,Stand,5.6213,,,,1,0->0:Exact,NONE
407,6.813341,0.016795,-11252.983,1650.2572,50.665314,0,0,0,0,2.7459998,2.7459998,none,true,0,0,0,Stand,5.638095,,,,1,0->0:Exact,NONE
408,6.830136,0.016377,-11252.983,1650.2572,50.665314,0,0,0,0,2.7459998,2.7459998,none,true,0,0,0,Stand,5.6544724,,,,1,0->0:Exact,NONE
409,6.846513,0.016689,-11252.983,1650.2572,50.665314,0,0,0,0,2.7459998,2.7459998,none,true,0,0,0,Stand,5.6711617,,,,1,0->0:Exact,NONE
410,6.863202,0.016584,-11252.983,1650.2572,50.665314,0,0,0,0,2.7459998,2.7459998,none,true,0,0,0,Stand,5.687746,,,,1,0->0:Exact,NONE
411,6.879786,0.016695,-11252.983,1650.2572,50.665314,0,0,0,0,2.7459998,2.7459998,none,true,0,0,0,Stand,5.704441,,,,1,0->0:Exact,NONE
412,6.896481,0.016999,-11252.983,1650.2572,50.665314,0,0,0,0,2.7459998,2.7459998,none,true,0,0,0,Stand,5.7214403,,,,1,0->0:Exact,NONE
413,6.913481,0.017380,-11252.983,1650.2572,50.665314,0,0,0,0,2.7459998,2.7459998,none,true,0,0,0,Stand,5.7388206,,,,1,0->0:Exact,NONE
414,6.930861,0.015693,-11252.983,1650.2572,50.665314,0,0,0,0,2.7459998,2.7459998,none,true,0,0,0,Stand,5.7545137,,,,1,0->0:Exact,NONE
415,6.946554,0.016975,-11252.983,1650.2572,50.665314,0,0,0,0,2.7459998,2.7459998,none,true,0,0,0,Stand,5.771488,,,,1,0->0:Exact,NONE
416,6.963529,0.016295,-11252.983,1650.2572,50.665314,0,0,0,0,2.7459998,2.7459998,none,true,0,0,0,Stand,5.787783,,,,1,0->0:Exact,NONE
417,6.979824,0.016932,-11252.983,1650.2572,50.665314,0,0,0,0,2.7459998,2.7459998,none,true,0,0,0,Stand,5.804715,,,,1,0->0:Exact,NONE
418,6.996756,0.016715,-11252.983,1650.2572,50.665314,0,0,0,0,2.7459998,2.7459998,none,true,0,0,0,Stand,5.8214297,,,,1,0->0:Exact,NONE
419,7.013470,0.016705,-11252.983,1650.2572,50.665314,0,0,0,0,2.7459998,2.7459998,none,true,0,0,0,Stand,5.8381352,,,,1,0->0:Exact,NONE
420,7.030176,0.016446,-11252.983,1650.2572,50.665314,0,0,0,0,2.7459998,2.7459998,none,true,0,0,0,Stand,5.8545814,,,,1,0->0:Exact,NONE
421,7.046622,0.016904,-11252.983,1650.2572,50.665314,0,0,0,0,2.7459998,2.7459998,none,true,0,0,0,Stand,5.871485,,,,1,0->0:Exact,NONE
422,7.063526,0.016436,-11252.983,1650.2572,50.665314,0,0,0,0,2.7459998,2.7459998,none,true,0,0,0,Stand,5.887921,,,,1,0->0:Exact,NONE
423,7.079961,0.016712,-11252.983,1650.2572,50.665314,0,0,0,0,2.7459998,2.7459998,none,true,0,0,0,Stand,5.904633,,,,1,0->0:Exact,NONE
424,7.096673,0.016898,-11252.983,1650.2572,50.665314,0,0,0,0,2.7459998,2.7459998,none,true,0,0,0,Stand,5.9215317,,,,1,0->0:Exact,NONE
425,7.113572,0.017550,-11252.983,1650.2572,50.665314,0,0,0,0,2.7459998,2.7459998,none,true,0,0,0,Stand,5.939081,,,,1,0->0:Exact,NONE
426,7.131122,0.015577,-11252.983,1650.2572,50.665314,0,0,0,0,2.7459998,2.7459998,none,true,0,0,0,Stand,5.9546585,,,,1,0->0:Exact,NONE
427,7.146699,0.016797,-11252.983,1650.2572,50.665314,0,0,0,0,2.7459998,2.7459998,none,true,0,0,0,Stand,5.9714556,,,,1,0->0:Exact,NONE
428,7.163496,0.016504,-11252.983,1650.2572,50.665314,0,0,0,0,2.7459998,2.7459998,none,true,0,0,0,Stand,5.9879594,,,,1,0->0:Exact,NONE
429,7.180000,0.016620,-11252.983,1650.2572,50.665314,0,0,0,0,2.7459998,2.7459998,none,true,0,0,0,Stand,6.004579,,,,1,0->0:Exact,NONE
430,7.196619,0.016976,-11252.983,1650.2572,50.665314,0,0,0,0,2.7459998,2.7459998,none,true,0,0,0,Stand,6.021555,,,,1,0->0:Exact,NONE
431,7.213595,0.016486,-11252.983,1650.2572,50.665314,0,0,0,0,2.7459998,2.7459998,none,true,0,0,0,Stand,6.038041,,,,1,0->0:Exact,NONE
432,7.230081,0.016687,-11252.983,1650.2572,50.665314,0,0,0,0,2.7459998,2.7459998,none,true,0,0,0,Stand,6.0547285,,,,1,0->0:Exact,NONE
433,7.246769,0.016898,-11252.983,1650.2572,50.665314,0,0,0,0,2.7459998,2.7459998,none,true,0,0,0,Stand,6.071626,,,,1,0->0:Exact,NONE
434,7.263666,0.016570,-11252.983,1650.2572,50.665314,0,0,0,0,2.7459998,2.7459998,none,true,0,0,0,Stand,6.088196,,,,1,0->0:Exact,NONE
435,7.280236,0.016632,-11252.983,1650.2572,50.665314,0,0,0,0,2.7459998,2.7459998,none,true,0,0,0,Stand,6.104828,,,,1,0->0:Exact,NONE
436,7.296868,0.016590,-11252.983,1650.2572,50.665314,0,0,0,0,2.7459998,2.7459998,none,true,0,0,0,Stand,6.121418,,,,1,0->0:Exact,NONE
437,7.313458,0.016579,-11252.983,1650.2572,50.665314,0,0,0,0,2.7459998,2.7459998,none,true,0,0,0,Stand,6.137997,,,,1,0->0:Exact,NONE
438,7.330037,0.016778,-11252.983,1650.2572,50.665314,0,0,0,0,2.7459998,2.7459998,none,true,0,0,0,Stand,6.1547747,,,,1,0->0:Exact,NONE
439,7.346815,0.016798,-11252.983,1650.2572,50.665314,0,0,0,0,2.7459998,2.7459998,none,true,0,0,0,Stand,6.1715727,,,,1,0->0:Exact,NONE
440,7.363613,0.016532,-11252.983,1650.2572,50.665314,0,0,0,0,2.7459998,2.7459998,none,true,0,0,0,Stand,6.188104,,,,1,0->0:Exact,NONE
441,7.380145,0.016683,-11252.983,1650.2572,50.665314,0,0,0,0,2.7459998,2.7459998,none,true,0,0,0,Stand,6.204787,,,,1,0->0:Exact,NONE
442,7.396828,0.016947,-11252.983,1650.2572,50.665314,0,0,0,0,2.7459998,2.7459998,none,true,0,0,0,Stand,6.221734,,,,1,0->0:Exact,NONE
443,7.413775,0.016638,-11252.983,1650.2572,50.665314,0,0,0,0,2.7459998,2.7459998,none,true,0,0,0,Stand,6.238372,,,,1,0->0:Exact,NONE
444,7.430412,0.016736,-11252.983,1650.2572,50.665314,0,0,0,0,2.7459998,2.7459998,none,true,0,0,0,Stand,6.255108,,,,1,0->0:Exact,NONE
445,7.447148,0.016544,-11252.983,1650.2572,50.665314,0,0,0,0,2.7459998,2.7459998,none,true,0,0,0,Stand,6.2716517,,,,1,0->0:Exact,NONE
446,7.463692,0.016752,-11252.983,1650.2572,50.665314,0,0,0,0,2.7459998,2.7459998,none,true,0,0,0,Stand,6.288404,,,,1,0->0:Exact,NONE
447,7.480444,0.016582,-11252.983,1650.2572,50.665314,0,0,0,0,2.7459998,2.7459998,none,true,0,0,0,Stand,6.3049855,,,,1,0->0:Exact,NONE
448,7.497026,0.016651,-11252.983,1650.2572,50.665314,0,0,0,0,2.7459998,2.7459998,none,true,0,0,0,Stand,6.3216367,,,,1,0->0:Exact,NONE
449,7.513677,0.016680,-11252.983,1650.2572,50.665314,0,0,0,0,2.7459998,2.7459998,none,true,0,0,0,Stand,6.3383164,,,,1,0->0:Exact,NONE
450,7.530357,0.016681,-11252.983,1650.2572,50.665314,0,0,0,0,2.7459998,2.7459998,none,true,0,0,0,Stand,6.354998,,,,1,0->0:Exact,NONE
451,7.547038,0.016584,-11252.983,1650.2572,50.665314,0,0,0,0,2.7459998,2.7459998,none,true,0,0,0,Stand,6.3715816,,,,1,0->0:Exact,NONE
452,7.563622,0.016738,-11252.983,1650.2572,50.665314,0,0,0,0,2.7459998,2.7459998,none,true,0,0,0,Stand,6.38832,,,,1,0->0:Exact,NONE
453,7.580360,0.017069,-11252.983,1650.2572,50.665314,0,0,0,0,2.7459998,2.7459998,none,true,0,0,0,Stand,6.4053893,,,,1,0->0:Exact,NONE
454,7.597429,0.016249,-11252.983,1650.2572,50.665314,0,0,0,0,2.7459998,2.7459998,none,true,0,0,0,Stand,6.421638,,,,1,0->0:Exact,NONE
455,7.613678,0.016774,-11252.983,1650.2572,50.665314,0,0,0,0,2.7459998,2.7459998,none,true,0,0,0,Stand,6.4384117,,,,1,0->0:Exact,NONE
456,7.630452,0.016624,-11252.983,1650.2572,50.665314,0,0,0,0,2.7459998,2.7459998,none,true,0,0,0,Stand,6.455035,,,,1,0->0:Exact,NONE
457,7.647075,0.016889,-11252.983,1650.2572,50.665314,0,0,0,0,2.7459998,2.7459998,none,true,0,0,0,Stand,6.4719243,,,,1,0->0:Exact,NONE
458,7.663964,0.016559,-11252.983,1650.2572,50.665314,0,0,0,0,2.7459998,2.7459998,none,true,0,0,0,Stand,6.4884834,,,,1,0->0:Exact,NONE
459,7.680523,0.016543,-11252.983,1650.2572,50.665314,0,0,0,0,2.7459998,2.7459998,none,true,0,0,0,Stand,6.5050263,,,,1,0->0:Exact,NONE
460,7.697066,0.016734,-11252.983,1650.2572,50.665314,0,0,0,0,2.7459998,2.7459998,none,true,0,0,0,Stand,6.5217605,,,,1,0->0:Exact,NONE
461,7.713800,0.017618,-11252.983,1650.2572,50.665314,0,0,0,0,2.7459998,2.7459998,none,true,0,0,0,Stand,6.5393786,,,,1,0->0:Exact,NONE
462,7.731419,0.015694,-11252.983,1650.2572,50.665314,0,0,0,0,2.7459998,2.7459998,none,true,0,0,0,Stand,6.5550723,,,,1,0->0:Exact,NONE
463,7.747112,0.017072,-11252.983,1650.2572,50.665314,0,0,0,0,2.7459998,2.7459998,none,true,0,0,0,Stand,6.5721445,,,,1,0->0:Exact,NONE
464,7.764185,0.016196,-11252.983,1650.2572,50.665314,0,0,0,0,2.7459998,2.7459998,none,true,0,0,0,Stand,6.5883403,,,,1,0->0:Exact,NONE
465,7.780380,0.016716,-11252.983,1650.2572,50.665314,0,0,0,0,2.7459998,2.7459998,none,true,0,0,0,Stand,6.605056,,,,1,0->0:Exact,NONE
466,7.797096,0.016646,-11252.983,1650.2572,50.665314,0,0,0,0,2.7459998,2.7459998,none,true,0,0,0,Stand,6.6217012,,,,1,0->0:Exact,NONE
467,7.813742,0.016805,-11252.983,1650.2572,50.665314,0,0,0,0,2.7459998,2.7459998,none,true,0,0,0,Stand,6.6385064,,,,1,0->0:Exact,NONE
468,7.830547,0.016619,-11252.983,1650.2572,50.665314,0,0,0,0,2.7459998,2.7459998,none,true,0,0,0,Stand,6.6551256,,,,1,0->0:Exact,NONE
469,7.847166,0.016713,-11252.983,1650.2572,50.665314,0,0,0,0,2.7459998,2.7459998,none,true,0,0,0,Stand,6.6718388,,,,1,0->0:Exact,NONE
470,7.863879,0.016653,-11252.983,1650.2572,50.665314,0,0,0,0,2.7459998,2.7459998,none,true,0,0,0,Stand,6.6884913,,,,1,0->0:Exact,NONE
471,7.880532,0.016650,-11252.983,1650.2572,50.665314,0,0,0,0,2.7459998,2.7459998,none,true,0,0,0,Stand,6.7051415,,,,1,0->0:Exact,NONE
472,7.897182,0.016705,-11252.983,1650.2572,50.665314,0,0,0,0,2.7459998,2.7459998,none,true,0,0,0,Stand,6.721847,,,,1,0->0:Exact,NONE
473,7.913887,0.016886,-11252.983,1650.2572,50.665314,0,0,0,0,2.7459998,2.7459998,none,true,0,0,0,Stand,6.7387333,,,,1,0->0:Exact,NONE
474,7.930773,0.016582,-11252.983,1650.2572,50.665314,0,0,0,0,2.7459998,2.7459998,none,true,0,0,0,Stand,6.7553153,,,,1,0->0:Exact,NONE
475,7.947355,0.016605,-11252.983,1650.2572,50.665314,0,0,0,0,2.7459998,2.7459998,none,true,0,0,0,Stand,6.7719197,,,,1,0->0:Exact,NONE
476,7.963960,0.016822,-11252.983,1650.2572,50.665314,0,0,0,0,2.7459998,2.7459998,none,true,0,0,0,Stand,6.788742,,,,1,0->0:Exact,NONE
477,7.980782,0.016520,-11252.983,1650.2572,50.665314,0,0,0,0,2.7459998,2.7459998,none,true,0,0,0,Stand,6.8052626,,,,1,0->0:Exact,NONE
478,7.997303,0.016690,-11252.983,1650.2572,50.665314,0,0,0,0,2.7459998,2.7459998,none,true,0,0,0,Stand,6.8219523,,,,1,0->0:Exact,NONE
479,8.013992,0.016752,-11252.983,1650.2572,50.665314,0,0,0,0,2.7459998,2.7459998,none,true,0,0,0,Stand,6.8387046,,,,1,0->0:Exact,NONE
480,8.030744,0.016799,-11252.983,1650.2572,50.665314,0,0,0,0,2.7459998,2.7459998,none,true,0,0,0,Stand,6.855503,,,,1,0->0:Exact,NONE
481,8.047543,0.016568,-11252.983,1650.2572,50.665314,0,0,0,0,2.7459998,2.7459998,none,true,0,0,0,Stand,6.872071,,,,1,0->0:Exact,NONE
482,8.064111,0.017036,-11252.983,1650.2572,50.665314,0,0,0,0,2.7459998,2.7459998,none,true,0,0,0,Stand,6.8891068,,,,1,0->0:Exact,NONE
483,8.081147,0.016258,-11252.983,1650.2572,50.665314,0,0,0,0,2.7459998,2.7459998,none,true,0,0,0,Stand,6.9053645,,,,1,0->0:Exact,NONE
484,8.097405,0.016715,-11252.983,1650.2572,50.665314,0,0,0,0,2.7459998,2.7459998,none,true,0,0,0,Stand,6.92208,,,,1,0->0:Exact,NONE
485,8.114120,0.016632,-11252.983,1650.2572,50.665314,0,0,0,0,2.7459998,2.7459998,none,true,0,0,0,Stand,6.938712,,,,1,0->0:Exact,NONE
486,8.130752,0.016598,-11252.983,1650.2572,50.665314,0,0,0,0,2.7459998,2.7459998,none,true,0,0,0,Stand,6.9553103,,,,1,0->0:Exact,NONE
487,8.147350,0.017171,-11252.983,1650.2572,50.665314,0,0,0,0,2.7459998,2.7459998,none,true,0,0,0,Stand,6.9724813,,,,1,0->0:Exact,NONE
488,8.164521,0.016661,-11252.983,1650.2572,50.665314,0,0,0,0,2.7459998,2.7459998,none,true,0,0,0,Stand,6.9891424,,,,1,0->0:Exact,NONE
489,8.181183,0.016232,-11252.983,1650.2572,50.665314,0,0,0,0,2.7459998,2.7459998,none,true,0,0,0,Stand,7.0053744,,,,1,0->0:Exact,NONE
490,8.197414,0.016809,-11252.983,1650.2572,50.665314,0,0,0,0,2.7459998,2.7459998,none,true,0,0,0,Stand,7.0221834,,,,1,0->0:Exact,NONE
491,8.214224,0.017426,-11252.983,1650.2572,50.665314,0,0,0,0,2.7459998,2.7459998,none,true,0,0,0,Stand,7.03961,,,,1,0->0:Exact,NONE
492,8.231650,0.016036,-11252.983,1650.2572,50.665314,0,0,0,0,2.7459998,2.7459998,none,true,0,0,0,Stand,7.0556464,,,,1,0->0:Exact,NONE
493,8.247686,0.016404,-11252.983,1650.2572,50.665314,0,0,0,0,2.7459998,2.7459998,none,true,0,0,0,Stand,7.0720506,,,,1,0->0:Exact,NONE
494,8.264091,0.016798,-11252.983,1650.2572,50.665314,0,0,0,0,2.7459998,2.7459998,none,true,0,0,0,Stand,7.0888486,,,,1,0->0:Exact,NONE
495,8.280889,0.016660,-11252.983,1650.2572,50.665314,0,0,0,0,2.7459998,2.7459998,none,true,0,0,0,Stand,7.105509,,,,1,0->0:Exact,NONE
496,8.297549,0.016652,-11252.983,1650.2572,50.665314,0,0,0,0,2.7459998,2.7459998,none,true,0,0,0,Stand,7.122161,,,,1,0->0:Exact,NONE
497,8.314201,0.016714,-11252.983,1650.2572,50.665314,0,0,0,0,2.7459998,2.7459998,none,true,0,0,0,Stand,7.138875,,,,1,0->0:Exact,NONE
498,8.330915,0.016645,-11252.983,1650.2572,50.665314,0,0,0,0,2.7459998,2.7459998,none,true,0,0,0,Stand,7.15552,,,,1,0->0:Exact,NONE
499,8.347560,0.016782,-11252.983,1650.2572,50.665314,0,0,0,0,2.7459998,2.7459998,none,true,0,0,0,Stand,7.172302,,,,1,0->0:Exact,NONE
500,8.364342,0.016710,-11252.983,1650.2572,50.665314,0,0,0,0,2.7459998,2.7459998,none,true,0,0,0,Stand,7.1890116,,,,1,0->0:Exact,NONE
501,8.381051,0.016650,-11252.983,1650.2572,50.665314,0,0,0,0,2.7459998,2.7459998,none,true,0,0,0,Stand,7.2056613,,,,1,0->0:Exact,NONE
502,8.397701,0.016599,-11252.983,1650.2572,50.665314,0,0,0,0,2.7459998,2.7459998,none,true,0,0,0,Stand,7.22226,,,,1,0->0:Exact,NONE
503,8.414300,0.016780,-11252.983,1650.2572,50.665314,0,0,0,0,2.7459998,2.7459998,none,true,0,0,0,Stand,7.23904,,,,1,0->0:Exact,NONE
504,8.431080,0.016685,-11252.983,1650.2572,50.665314,0,0,0,0,2.7459998,2.7459998,none,true,0,0,0,Stand,7.255725,,,,1,0->0:Exact,NONE
505,8.447765,0.016488,-11252.983,1650.2572,50.665314,0,0,0,0,2.7459998,2.7459998,none,true,0,0,0,Stand,7.2722125,,,,1,0->0:Exact,NONE
506,8.464253,0.016783,-11252.983,1650.2572,50.665314,0,0,0,0,2.7459998,2.7459998,none,true,0,0,0,Stand,7.2889953,,,,1,0->0:Exact,NONE
507,8.481036,0.016715,-11252.983,1650.2572,50.665314,0,0,0,0,2.7459998,2.7459998,none,true,0,0,0,Stand,7.30571,,,,1,0->0:Exact,NONE
508,8.497750,0.016807,-11252.983,1650.2572,50.665314,0,0,0,0,2.7459998,2.7459998,none,true,0,0,0,Stand,7.3225164,,,,1,0->0:Exact,NONE
509,8.514557,0.016611,-11252.983,1650.2572,50.665314,0,0,0,0,2.7459998,2.7459998,none,true,0,0,0,Stand,7.339127,,,,1,0->0:Exact,NONE
510,8.531167,0.017082,-11252.983,1650.2572,50.665314,0,0,0,0,2.7459998,2.7459998,none,true,0,0,0,Stand,7.3562093,,,,1,0->0:Exact,NONE
511,8.548249,0.016224,-11252.983,1650.2572,50.665314,0,0,0,0,2.7459998,2.7459998,none,true,0,0,0,Stand,7.372433,,,,1,0->0:Exact,NONE
512,8.564473,0.016671,-11252.983,1650.2572,50.665314,0,0,0,0,2.7459998,2.7459998,none,true,0,0,0,Stand,7.389105,,,,1,0->0:Exact,NONE
513,8.581145,0.016825,-11252.983,1650.2572,50.665314,0,0,0,0,2.7459998,2.7459998,none,true,0,0,0,Stand,7.4059296,,,,1,0->0:Exact,NONE
514,8.597970,0.016723,-11252.983,1650.2572,50.665314,0,0,0,0,2.7459998,2.7459998,none,true,0,0,0,Stand,7.4226522,,,,1,0->0:Exact,NONE
515,8.614692,0.016439,-11252.983,1650.2572,50.665314,0,0,0,0,2.7459998,2.7459998,none,true,0,0,0,Stand,7.4390917,,,,1,0->0:Exact,NONE
516,8.631132,0.016803,-11252.983,1650.2572,50.665314,0,0,0,0,2.7459998,2.7459998,none,true,0,0,0,Stand,7.455895,,,,1,0->0:Exact,NONE
517,8.647935,0.016756,-11252.983,1650.2572,50.665314,0,0,0,0,2.7459998,2.7459998,none,true,0,0,0,Stand,7.4726515,,,,1,0->0:Exact,NONE
518,8.664692,0.016622,-11252.983,1650.2572,50.665314,0,0,0,0,2.7459998,2.7459998,none,true,0,0,0,Stand,7.489273,,,,1,0->0:Exact,NONE
519,8.681313,0.016502,-11252.983,1650.2572,50.665314,0,0,0,0,2.7459998,2.7459998,none,true,0,0,0,Stand,7.5057755,,,,1,0->0:Exact,NONE
520,8.697816,0.016667,-11252.983,1650.2572,50.665314,0,0,0,0,2.7459998,2.7459998,none,true,0,0,0,Stand,7.5224423,,,,1,0->0:Exact,NONE
521,8.714483,0.016780,-11252.983,1650.2572,50.665314,0,0,0,0,2.7459998,2.7459998,none,true,0,0,0,Stand,7.5392222,,,,1,0->0:Exact,NONE
522,8.731263,0.016644,-11252.983,1650.2572,50.665314,0,0,0,0,2.7459998,2.7459998,none,true,0,0,0,Stand,7.5558662,,,,1,0->0:Exact,NONE
523,8.747907,0.016890,-11252.983,1650.2572,50.665314,0,0,0,0,2.7459998,2.7459998,none,true,0,0,0,Stand,7.572756,,,,1,0->0:Exact,NONE
524,8.764796,0.016677,-11252.983,1650.2572,50.665314,0,0,0,0,2.7459998,2.7459998,none,true,0,0,0,Stand,7.5894327,,,,1,0->0:Exact,NONE
525,8.781473,0.016677,-11252.983,1650.2572,50.665314,0,0,0,0,2.7459998,2.7459998,none,true,0,0,0,Stand,7.606109,,,,1,0->0:Exact,NONE
526,8.798150,0.016586,-11252.983,1650.2572,50.665314,0,0,0,0,2.7459998,2.7459998,none,true,0,0,0,Stand,7.622695,,,,1,0->0:Exact,NONE
527,8.814736,0.018016,-11252.983,1650.2572,50.665314,0,0,0,0,2.7459998,2.7459998,none,true,0,0,0,Stand,7.6407113,,,,1,0->0:Exact,NONE
528,8.832752,0.015277,-11252.983,1650.2572,50.665314,0,0,0,0,2.7459998,2.7459998,none,true,0,0,0,Stand,7.6559877,,,,1,0->0:Exact,NONE
529,8.848028,0.016899,-11252.983,1650.2572,50.665314,0,0,0,0,2.7459998,2.7459998,none,true,0,0,0,Stand,7.6728864,,,,1,0->0:Exact,NONE
530,8.864927,0.016314,-11252.983,1650.2572,50.665314,0,0,0,0,2.7459998,2.7459998,none,true,0,0,0,Stand,7.6892,,,,1,0->0:Exact,NONE
531,8.881240,0.017165,-11252.983,1650.2572,50.665314,0,0,0,0,2.7459998,2.7459998,none,true,0,0,0,Stand,7.7063646,,,,1,0->0:Exact,NONE
532,8.898405,0.016407,-11252.983,1650.2572,50.665314,0,0,0,0,2.7459998,2.7459998,none,true,0,0,0,Stand,7.7227716,,,,1,0->0:Exact,NONE
533,8.914812,0.016673,-11252.983,1650.2572,50.665314,0,0,0,0,2.7459998,2.7459998,none,true,0,0,0,Stand,7.7394447,,,,1,0->0:Exact,NONE
534,8.931485,0.016590,-11252.983,1650.2572,50.665314,0,0,0,0,2.7459998,2.7459998,none,true,0,0,0,Stand,7.7560344,,,,1,0->0:Exact,NONE
535,8.948075,0.016783,-11252.983,1650.2572,50.665314,0,0,0,0,2.7459998,2.7459998,none,true,0,0,0,Stand,7.772817,,,,1,0->0:Exact,NONE
536,8.964858,0.016596,-11252.983,1650.2572,50.665314,0,0,0,0,2.7459998,2.7459998,none,true,0,0,0,Stand,7.789413,,,,1,0->0:Exact,NONE
537,8.981454,0.016749,-11252.983,1650.2572,50.665314,0,0,0,0,2.7459998,2.7459998,none,true,0,0,0,Stand,7.806162,,,,1,0->0:Exact,NONE
538,8.998203,0.016663,-11252.983,1650.2572,50.665314,0,0,0,0,2.7459998,2.7459998,none,true,0,0,0,Stand,7.8228254,,,,1,0->0:Exact,NONE
539,9.014866,0.016607,-11252.983,1650.2572,50.665314,0,0,0,0,2.7459998,2.7459998,none,true,0,0,0,Stand,7.8394322,,,,1,0->0:Exact,NONE
540,9.031473,0.016854,-11252.983,1650.2572,50.665314,0,0,0,0,2.7459998,2.7459998,none,true,0,0,0,Stand,7.8562865,,,,1,0->0:Exact,NONE
541,9.048327,0.016648,-11252.983,1650.2572,50.665314,0,0,0,0,2.7459998,2.7459998,none,true,0,0,0,Stand,7.8729343,,,,1,0->0:Exact,NONE
542,9.064975,0.016821,-11252.983,1650.2572,50.665314,0,0,0,0,2.7459998,2.7459998,none,true,0,0,0,Stand,7.8897557,,,,1,0->0:Exact,NONE
543,9.081796,0.016576,-11252.983,1650.2572,50.665314,0,0,0,0,2.7459998,2.7459998,none,true,0,0,0,Stand,7.906332,,,,1,0->0:Exact,NONE
544,9.098372,0.016562,-11252.983,1650.2572,50.665314,0,0,0,0,2.7459998,2.7459998,none,true,0,0,0,Stand,7.9228945,,,,1,0->0:Exact,NONE
545,9.114934,0.016742,-11252.983,1650.2572,50.665314,0,0,0,0,2.7459998,2.7459998,none,true,0,0,0,Stand,7.9396367,,,,1,0->0:Exact,NONE
546,9.131677,0.016767,-11252.983,1650.2572,50.665314,0,0,0,0,2.7459998,2.7459998,none,true,0,0,0,Stand,7.956404,,,,1,0->0:Exact,NONE
547,9.148444,0.016441,-11252.983,1650.2572,50.665314,0,0,0,0,2.7459998,2.7459998,none,true,0,0,0,Stand,7.9728456,,,,1,0->0:Exact,NONE
548,9.164886,0.016828,-11252.983,1650.2572,50.665314,0,0,0,0,2.7459998,2.7459998,none,true,0,0,0,Stand,7.989674,,,,1,0->0:Exact,NONE
549,9.181714,0.016677,-11252.983,1650.2572,50.665314,0,0,0,0,2.7459998,2.7459998,none,true,0,0,0,Stand,8.006351,,,,1,0->0:Exact,NONE
550,9.198391,0.016580,-11252.983,1650.2572,50.665314,0,0,0,0,2.7459998,2.7459998,none,true,0,0,0,Stand,8.022932,,,,1,0->0:Exact,NONE
551,9.214971,0.016604,-11252.983,1650.2572,50.665314,0,0,0,0,2.7459998,2.7459998,none,true,0,0,0,Stand,8.039536,,,,1,0->0:Exact,NONE
552,9.231575,0.016822,-11252.983,1650.2572,50.665314,0,0,0,0,2.7459998,2.7459998,none,true,0,0,0,Stand,8.056358,,,,1,0->0:Exact,NONE
553,9.248398,0.016725,-11252.983,1650.2572,50.665314,0,0,0,0,2.7459998,2.7459998,none,true,0,0,0,Stand,8.073084,,,,1,0->0:Exact,NONE
554,9.265123,0.016708,-11252.983,1650.2572,50.665314,0,0,0,0,2.7459998,2.7459998,none,true,0,0,0,Stand,8.089792,,,,1,0->0:Exact,NONE
555,9.281831,0.016501,-11252.983,1650.2572,50.665314,0,0,0,0,2.7459998,2.7459998,none,true,0,0,0,Stand,8.106293,,,,1,0->0:Exact,NONE
556,9.298332,0.017223,-11252.983,1650.2572,50.665314,0,0,0,0,2.7459998,2.7459998,none,true,0,0,0,Stand,8.123516,,,,1,0->0:Exact,NONE
557,9.315555,0.017043,-11252.983,1650.2572,50.665314,0,0,0,0,2.7459998,2.7459998,none,true,0,0,0,Stand,8.140559,,,,1,0->0:Exact,NONE
558,9.332598,0.015813,-11252.983,1650.2572,50.665314,0,0,0,0,2.7459998,2.7459998,none,true,0,0,0,Stand,8.156372,,,,1,0->0:Exact,NONE
559,9.348411,0.016951,-11252.983,1650.2572,50.665314,0,0,0,0,2.7459998,2.7459998,none,true,0,0,0,Stand,8.173324,,,,1,0->0:Exact,NONE
560,9.365362,0.016618,-11252.983,1650.2572,50.665314,0,0,0,0,2.7459998,2.7459998,none,true,0,0,0,Stand,8.189942,,,,1,0->0:Exact,NONE
561,9.381981,0.016762,-11252.983,1650.2572,50.665314,0,0,0,0,2.7459998,2.7459998,none,true,0,0,0,Stand,8.206704,,,,1,0->0:Exact,NONE
562,9.398743,0.016512,-11252.983,1650.2572,50.665314,0,0,0,0,2.7459998,2.7459998,none,true,0,0,0,Stand,8.223216,,,,1,0->0:Exact,NONE
563,9.415255,0.016714,-11252.983,1650.2572,50.665314,0,0,0,0,2.7459998,2.7459998,none,true,0,0,0,Stand,8.239929,,,,1,0->0:Exact,NONE
564,9.431969,0.016464,-11252.983,1650.2572,50.665314,0,0,0,0,2.7459998,2.7459998,none,true,0,0,0,Stand,8.2563925,,,,1,0->0:Exact,NONE
565,9.448432,0.016859,-11252.983,1650.2572,50.665314,0,0,0,0,2.7459998,2.7459998,none,true,0,0,0,Stand,8.273252,,,,1,0->0:Exact,NONE
566,9.465291,0.016548,-11252.983,1650.2572,50.665314,0,0,0,0,2.7459998,2.7459998,none,true,0,0,0,Stand,8.2898,,,,1,0->0:Exact,NONE
567,9.481839,0.016705,-11252.983,1650.2572,50.665314,0,0,0,0,2.7459998,2.7459998,none,true,0,0,0,Stand,8.306504,,,,1,0->0:Exact,NONE
568,9.498544,0.016711,-11252.983,1650.2572,50.665314,0,0,0,0,2.7459998,2.7459998,none,true,0,0,0,Stand,8.3232155,,,,1,0->0:Exact,NONE
569,9.515255,0.016570,-11252.983,1650.2572,50.665314,0,0,0,0,2.7459998,2.7459998,none,true,0,0,0,Stand,8.339786,,,,1,0->0:Exact,NONE
570,9.531825,0.016707,-11252.983,1650.2572,50.665314,0,0,0,0,2.7459998,2.7459998,none,true,0,0,0,Stand,8.356492,,,,1,0->0:Exact,NONE
571,9.548531,0.016679,-11252.983,1650.2572,50.665314,0,0,0,0,2.7459998,2.7459998,none,true,0,0,0,Stand,8.373172,,,,1,0->0:Exact,NONE
572,9.565210,0.016756,-11252.983,1650.2572,50.665314,0,0,0,0,2.7459998,2.7459998,none,true,0,0,0,Stand,8.389928,,,,1,0->0:Exact,NONE
573,9.581967,0.016774,-11252.983,1650.2572,50.665314,0,0,0,0,2.7459998,2.7459998,none,true,0,0,0,Stand,8.406702,,,,1,0->0:Exact,NONE
574,9.598740,0.016593,-11252.983,1650.2572,50.665314,0,0,0,0,2.7459998,2.7459998,none,true,0,0,0,Stand,8.423295,,,,1,0->0:Exact,NONE
575,9.615333,0.016579,-11252.983,1650.2572,50.665314,0,0,0,0,2.7459998,2.7459998,none,true,0,0,0,Stand,8.439875,,,,1,0->0:Exact,NONE
576,9.631912,0.016828,-11252.983,1650.2572,50.665314,0,0,0,0,2.7459998,2.7459998,none,true,0,0,0,Stand,8.456703,,,,1,0->0:Exact,NONE
577,9.648741,0.016637,-11252.983,1650.2572,50.665314,0,0,0,0,2.7459998,2.7459998,none,true,0,0,0,Stand,8.47334,,,,1,0->0:Exact,NONE
578,9.665377,0.016776,-11252.983,1650.2572,50.665314,0,0,0,0,2.7459998,2.7459998,none,true,0,0,0,Stand,8.490116,,,,1,0->0:Exact,NONE
579,9.682153,0.016816,-11252.983,1650.2572,50.665314,0,0,0,0,2.7459998,2.7459998,none,true,0,0,0,Stand,8.506931,,,,1,0->0:Exact,NONE
580,9.698968,0.016398,-11252.983,1650.2572,50.665314,0,0,0,0,2.7459998,2.7459998,none,true,0,0,0,Stand,8.52333,,,,1,0->0:Exact,NONE
581,9.715366,0.016835,-11252.983,1650.2572,50.665314,0,0,0,0,2.7459998,2.7459998,none,true,0,0,0,Stand,8.540165,,,,1,0->0:Exact,NONE
582,9.732202,0.016666,-11252.983,1650.2572,50.665314,0,0,0,0,2.7459998,2.7459998,none,true,0,0,0,Stand,8.55683,,,,1,0->0:Exact,NONE
583,9.748868,0.016633,-11252.983,1650.2572,50.665314,0,0,0,0,2.7459998,2.7459998,none,true,0,0,0,Stand,8.573463,,,,1,0->0:Exact,NONE
584,9.765500,0.016763,-11252.983,1650.2572,50.665314,0,0,0,0,2.7459998,2.7459998,none,true,0,0,0,Stand,8.590226,,,,1,0->0:Exact,NONE
585,9.782264,0.016567,-11252.983,1650.2572,50.665314,0,0,0,0,2.7459998,2.7459998,none,true,0,0,0,Stand,8.606793,,,,1,0->0:Exact,NONE
586,9.798830,0.016552,-11252.983,1650.2572,50.665314,0,0,0,0,2.7459998,2.7459998,none,true,0,0,0,Stand,8.623345,,,,1,0->0:Exact,NONE
587,9.815383,0.016776,-11252.983,1650.2572,50.665314,0,0,0,0,2.7459998,2.7459998,none,true,0,0,0,Stand,8.640121,,,,1,0->0:Exact,NONE
588,9.832158,0.016685,-11252.983,1650.2572,50.665314,0,0,0,0,2.7459998,2.7459998,none,true,0,0,0,Stand,8.656806,,,,1,0->0:Exact,NONE
589,9.848843,0.016599,-11252.983,1650.2572,50.665314,0,0,0,0,2.7459998,2.7459998,none,true,0,0,0,Stand,8.673405,,,,1,0->0:Exact,NONE
590,9.865442,0.016805,-11252.983,1650.2572,50.665314,0,0,0,0,2.7459998,2.7459998,none,true,0,0,0,Stand,8.69021,,,,1,0->0:Exact,NONE
591,9.882247,0.016740,-11252.983,1650.2572,50.665314,0,0,0,0,2.7459998,2.7459998,none,true,0,0,0,Stand,8.70695,,,,1,0->0:Exact,NONE
592,9.898987,0.016609,-11252.983,1650.2572,50.665314,0,0,0,0,2.7459998,2.7459998,none,true,0,0,0,Stand,8.723558,,,,1,0->0:Exact,NONE
593,9.915596,0.017712,-11252.983,1650.2572,50.665314,0,0,0,0,2.7459998,2.7459998,none,true,0,0,0,Stand,8.74127,,,,1,0->0:Exact,NONE
594,9.933308,0.015663,-11252.983,1650.2572,50.665314,0,0,0,0,2.7459998,2.7459998,none,true,0,0,0,Stand,8.756933,,,,1,0->0:Exact,NONE
595,9.948971,0.016534,-11252.983,1650.2572,50.665314,0,0,0,0,2.7459998,2.7459998,none,true,0,0,0,Stand,8.773467,,,,1,0->0:Exact,NONE
596,9.965505,0.016655,-11252.983,1650.2572,50.665314,0,0,0,0,2.7459998,2.7459998,none,true,0,0,0,Stand,8.790122,,,,1,0->0:Exact,NONE
597,9.982160,0.016721,-11252.983,1650.2572,50.665314,0,0,0,0,2.7459998,2.7459998,none,true,0,0,0,Stand,8.806843,,,,1,0->0:Exact,NONE
598,9.998881,0.016809,-11252.983,1650.2572,50.665314,0,0,0,0,2.7459998,2.7459998,none,true,0,0,0,Stand,8.823652,,,,1,0->0:Exact,NONE
599,10.015690,0.016746,-11252.983,1650.2572,50.665314,0,0,0,0,2.7459998,2.7459998,none,true,0,0,0,Stand,8.840399,,,,1,0->0:Exact,NONE
600,10.032436,0.016569,-11252.983,1650.2572,50.665314,0,0,0,0,2.7459998,2.7459998,none,true,0,0,0,Stand,8.856968,,,,1,0->0:Exact,NONE
601,10.049005,0.016648,-11252.983,1650.2572,50.665314,0,0,0,0,2.7459998,2.7459998,none,true,0,0,0,Stand,8.873616,,,,1,0->0:Exact,NONE
602,10.065653,0.016638,-11252.983,1650.2572,50.665314,0,0,0,0,2.7459998,2.7459998,none,true,0,0,0,Stand,8.890254,,,,1,0->0:Exact,NONE
603,10.082291,0.016771,-11252.983,1650.2572,50.665314,0,0,0,0,2.7459998,2.7459998,none,true,0,0,0,Stand,8.907024,,,,1,0->0:Exact,NONE
604,10.099062,0.016735,-11252.983,1650.2572,50.665314,0,0,0,0,2.7459998,2.7459998,none,true,0,0,0,Stand,8.923759,,,,1,0->0:Exact,NONE
605,10.115796,0.016634,-11252.983,1650.2572,50.665314,0,0,0,0,2.7459998,2.7459998,none,true,0,0,0,Stand,8.940393,,,,1,0->0:Exact,NONE
606,10.132431,0.016682,-11252.983,1650.2572,50.665314,0,0,0,0,2.7459998,2.7459998,none,true,0,0,0,Stand,8.957075,,,,1,0->0:Exact,NONE
607,10.149113,0.016701,-11252.983,1650.2572,50.665314,0,0,0,0,2.7459998,2.7459998,none,true,0,0,0,Stand,8.973776,,,,1,0->0:Exact,NONE
608,10.165813,0.016452,-11252.983,1650.2572,50.665314,0,0,0,0,2.7459998,2.7459998,none,true,0,0,0,Stand,8.990228,,,,1,0->0:Exact,NONE
609,10.182266,0.016918,-11252.983,1650.2572,50.665314,0,0,0,0,2.7459998,2.7459998,none,true,0,0,0,Stand,9.007146,,,,1,0->0:Exact,NONE
610,10.199184,0.016659,-11252.983,1650.2572,50.665314,0,0,0,0,2.7459998,2.7459998,none,true,0,0,0,Stand,9.023805,,,,1,0->0:Exact,NONE
611,10.215843,0.016721,-11252.983,1650.2572,50.665314,0,0,0,0,2.7459998,2.7459998,none,true,0,0,0,Stand,9.040525,,,,1,0->0:Exact,NONE
612,10.232564,0.016912,-11252.983,1650.2572,50.665314,0,0,0,0,2.7459998,2.7459998,none,true,0,0,0,Stand,9.057438,,,,1,0->0:Exact,NONE
613,10.249476,0.016296,-11252.983,1650.2572,50.665314,0,0,0,0,2.7459998,2.7459998,none,true,0,0,0,Stand,9.073733,,,,1,0->0:Exact,NONE
614,10.265771,0.016618,-11252.983,1650.2572,50.665314,0,0,0,0,2.7459998,2.7459998,none,true,0,0,0,Stand,9.090352,,,,1,0->0:Exact,NONE
615,10.282390,0.016601,-11252.983,1650.2572,50.665314,0,0,0,0,2.7459998,2.7459998,none,true,0,0,0,Stand,9.106954,,,,1,0->0:Exact,NONE
616,10.298991,0.016945,-11252.983,1650.2572,50.665314,0,0,0,0,2.7459998,2.7459998,none,true,0,0,0,Stand,9.1238985,,,,1,0->0:Exact,NONE
617,10.315936,0.016988,-11252.983,1650.2572,50.665314,0,0,0,0,2.7459998,2.7459998,none,true,0,0,0,Stand,9.140886,,,,1,0->0:Exact,NONE
618,10.332924,0.016390,-11252.983,1650.2572,50.665314,0,0,0,0,2.7459998,2.7459998,none,true,0,0,0,Stand,9.157276,,,,1,0->0:Exact,NONE
619,10.349314,0.016589,-11252.983,1650.2572,50.665314,0,0,0,0,2.7459998,2.7459998,none,true,0,0,0,Stand,9.173865,,,,1,0->0:Exact,NONE
620,10.365903,0.016893,-11252.983,1650.2572,50.665314,0,0,0,0,2.7459998,2.7459998,none,true,0,0,0,Stand,9.190759,,,,1,0->0:Exact,NONE
621,10.382796,0.016380,-11252.983,1650.2572,50.665314,0,0,0,0,2.7459998,2.7459998,none,true,0,0,0,Stand,9.207139,,,,1,0->0:Exact,NONE
622,10.399176,0.016770,-11252.983,1650.2572,50.665314,0,0,0,0,2.7459998,2.7459998,none,true,0,0,0,Stand,9.223908,,,,1,0->0:Exact,NONE
623,10.415946,0.017520,-11252.983,1650.2572,50.665314,0,0,0,0,2.7459998,2.7459998,none,true,0,0,0,Stand,9.241428,,,,1,0->0:Exact,NONE
624,10.433466,0.015770,-11252.983,1650.2572,50.665314,0,0,0,0,2.7459998,2.7459998,none,true,0,0,0,Stand,9.257198,,,,1,0->0:Exact,NONE
625,10.449236,0.016655,-11252.983,1650.2572,50.665314,0,0,0,0,2.7459998,2.7459998,none,true,0,0,0,Stand,9.273853,,,,1,0->0:Exact,NONE
626,10.465891,0.016960,-11252.983,1650.2572,50.665314,0,0,0,0,2.7459998,2.7459998,none,true,0,0,0,Stand,9.290813,,,,1,0->0:Exact,NONE
627,10.482851,0.016581,-11252.983,1650.2572,50.665314,0,0,0,0,2.7459998,2.7459998,none,true,0,0,0,Stand,9.307395,,,,1,0->0:Exact,NONE
628,10.499433,0.016646,-11252.983,1650.2572,50.665314,0,0,0,0,2.7459998,2.7459998,none,true,0,0,0,Stand,9.324041,,,,1,0->0:Exact,NONE
629,10.516079,0.016559,-11252.983,1650.2572,50.665314,0,0,0,0,2.7459998,2.7459998,none,true,0,0,0,Stand,9.3406,,,,1,0->0:Exact,NONE
630,10.532638,0.016716,-11252.983,1650.2572,50.665314,0,0,0,0,2.7459998,2.7459998,none,true,0,0,0,Stand,9.357316,,,,1,0->0:Exact,NONE
631,10.549354,0.016659,-11252.983,1650.2572,50.665314,0,0,0,0,2.7459998,2.7459998,none,true,0,0,0,Stand,9.373975,,,,1,0->0:Exact,NONE
632,10.566013,0.016758,-11252.983,1650.2572,50.665314,0,0,0,0,2.7459998,2.7459998,none,true,0,0,0,Stand,9.390733,,,,1,0->0:Exact,NONE
633,10.582771,0.016698,-11252.983,1650.2572,50.665314,0,0,0,0,2.7459998,2.7459998,none,true,0,0,0,Stand,9.407432,,,,1,0->0:Exact,NONE
634,10.599470,0.016620,-11252.983,1650.2572,50.665314,0,0,0,0,2.7459998,2.7459998,none,true,0,0,0,Stand,9.424051,,,,1,0->0:Exact,NONE
635,10.616089,0.016630,-11252.983,1650.2572,50.665314,0,0,0,0,2.7459998,2.7459998,none,true,0,0,0,Stand,9.440681,,,,1,0->0:Exact,NONE
636,10.632720,0.016753,-11252.983,1650.2572,50.665314,0,0,0,0,2.7459998,2.7459998,none,true,0,0,0,Stand,9.457434,,,,1,0->0:Exact,NONE
637,10.649472,0.016954,-11252.983,1650.2572,50.665314,0,0,0,0,2.7459998,2.7459998,none,true,0,0,0,Stand,9.474388,,,,1,0->0:Exact,NONE
638,10.666426,0.016585,-11252.983,1650.2572,50.665314,0,0,0,0,2.7459998,2.7459998,none,true,0,0,0,Stand,9.490973,,,,1,0->0:Exact,NONE
639,10.683011,0.016621,-11252.983,1650.2572,50.665314,0,0,0,0,2.7459998,2.7459998,none,true,0,0,0,Stand,9.507594,,,,1,0->0:Exact,NONE
640,10.699633,0.016608,-11252.983,1650.2572,50.665314,0,0,0,0,2.7459998,2.7459998,none,true,0,0,0,Stand,9.524201,,,,1,0->0:Exact,NONE
641,10.716240,0.016700,-11252.983,1650.2572,50.665314,0,0,0,0,2.7459998,2.7459998,none,true,0,0,0,Stand,9.540901,,,,1,0->0:Exact,NONE
642,10.732940,0.016617,-11252.983,1650.2572,50.665314,0,0,0,0,2.7459998,2.7459998,none,true,0,0,0,Stand,9.557518,,,,1,0->0:Exact,NONE
643,10.749557,0.016661,-11252.983,1650.2572,50.665314,0,0,0,0,2.7459998,2.7459998,none,true,0,0,0,Stand,9.574179,,,,1,0->0:Exact,NONE
644,10.766218,0.016659,-11252.983,1650.2572,50.665314,0,0,0,0,2.7459998,2.7459998,none,true,0,0,0,Stand,9.5908375,,,,1,0->0:Exact,NONE
645,10.782877,0.016716,-11252.983,1650.2572,50.665314,0,0,0,0,2.7459998,2.7459998,none,true,0,0,0,Stand,9.6075535,,,,1,0->0:Exact,NONE
646,10.799593,0.017132,-11252.983,1650.2572,50.665314,0,0,0,0,2.7459998,2.7459998,none,true,0,0,0,Stand,9.624685,,,,1,0->0:Exact,NONE
647,10.816725,0.016363,-11252.983,1650.2572,50.665314,0,0,0,0,2.7459998,2.7459998,none,true,0,0,0,Stand,9.6410475,,,,1,0->0:Exact,NONE
648,10.833088,0.016701,-11252.983,1650.2572,50.665314,0,0,0,0,2.7459998,2.7459998,none,true,0,0,0,Stand,9.657749,,,,1,0->0:Exact,NONE
649,10.849789,0.016833,-11252.983,1650.2572,50.665314,0,0,0,0,2.7459998,2.7459998,none,true,0,0,0,Stand,9.6745825,,,,1,0->0:Exact,NONE
650,10.866622,0.016295,-11252.983,1650.2572,50.665314,0,0,0,0,2.7459998,2.7459998,none,true,0,0,0,Stand,9.690877,,,,1,0->0:Exact,NONE
651,10.882917,0.016782,-11252.983,1650.2572,50.665314,0,0,0,0,2.7459998,2.7459998,none,true,0,0,0,Stand,9.707659,,,,1,0->0:Exact,NONE
652,10.899699,0.016589,-11252.983,1650.2572,50.665314,0,0,0,0,2.7459998,2.7459998,none,true,0,0,0,Stand,9.724247,,,,1,0->0:Exact,NONE
653,10.916288,0.016738,-11252.983,1650.2572,50.665314,0,0,0,0,2.7459998,2.7459998,none,true,0,0,0,Stand,9.740985,,,,1,0->0:Exact,NONE
654,10.933025,0.016701,-11252.983,1650.2572,50.665314,0,0,0,0,2.7459998,2.7459998,none,true,0,0,0,Stand,9.757686,,,,1,0->0:Exact,NONE
655,10.949726,0.016816,-11252.983,1650.2572,50.665314,0,0,0,0,2.7459998,2.7459998,none,true,0,0,0,Stand,9.774501,,,,1,0->0:Exact,NONE
656,10.966542,0.016679,-11252.983,1650.2572,50.665314,0,0,0,0,2.7459998,2.7459998,none,true,0,0,0,Stand,9.79118,,,,1,0->0:Exact,NONE
657,10.983221,0.017705,-11252.983,1650.2572,50.665314,0,0,0,0,2.7459998,2.7459998,none,true,0,0,0,Stand,9.808885,,,,1,0->0:Exact,NONE
658,11.000926,0.015504,-11252.983,1650.2572,50.665314,0,0,0,0,2.7459998,2.7459998,none,true,0,0,0,Stand,9.8243885,,,,1,0->0:Exact,NONE
659,11.016430,0.017742,-11252.983,1650.2572,50.665314,0,0,0,0,2.7459998,2.7459998,none,true,0,0,0,Stand,9.842131,,,,1,0->0:Exact,NONE
660,11.034172,0.015600,-11252.983,1650.2572,50.665314,0,0,0,0,2.7459998,2.7459998,none,true,0,0,0,Stand,9.85773,,,,1,0->0:Exact,NONE
661,11.049772,0.016739,-11252.983,1650.2572,50.665314,0,0,0,0,2.7459998,2.7459998,none,true,0,0,0,Stand,9.87447,,,,1,0->0:Exact,NONE
662,11.066511,0.016764,-11252.983,1650.2572,50.665314,0,0,0,0,2.7459998,2.7459998,none,true,0,0,0,Stand,9.891233,,,,1,0->0:Exact,NONE
663,11.083275,0.016737,-11252.983,1650.2572,50.665314,0,0,0,0,2.7459998,2.7459998,none,true,0,0,0,Stand,9.90797,,,,1,0->0:Exact,NONE
664,11.100012,0.016648,-11252.983,1650.2572,50.665314,0,0,0,0,2.7459998,2.7459998,none,true,0,0,0,Stand,9.924619,,,,1,0->0:Exact,NONE
665,11.116660,0.016821,-11252.983,1650.2572,50.665314,0,0,0,0,2.7459998,2.7459998,none,true,0,0,0,Stand,9.94144,,,,1,0->0:Exact,NONE
666,11.133481,0.016408,-11252.983,1650.2572,50.665314,0,0,0,0,2.7459998,2.7459998,none,true,0,0,0,Stand,9.957848,,,,1,0->0:Exact,NONE
667,11.149889,0.016821,-11252.983,1650.2572,50.665314,0,0,0,0,2.7459998,2.7459998,none,true,0,0,0,Stand,9.9746685,,,,1,0->0:Exact,NONE
668,11.166710,0.016708,-11252.983,1650.2572,50.665314,0,0,0,0,2.7459998,2.7459998,none,true,0,0,0,Stand,9.991377,,,,1,0->0:Exact,NONE
669,11.183418,0.016972,-11252.983,1650.2572,50.665314,0,0,0,0,2.7459998,2.7459998,none,true,0,0,0,Stand,10.008348,,,,1,0->0:Exact,NONE
670,11.200390,0.016780,-11252.983,1650.2572,50.665314,0,0,0,0,2.7459998,2.7459998,none,true,0,0,0,Stand,10.025128,,,,1,0->0:Exact,NONE
671,11.217170,0.016271,-11252.983,1650.2572,50.665314,0,0,0,0,2.7459998,2.7459998,none,true,0,0,0,Stand,10.0414,,,,1,0->0:Exact,NONE
672,11.233441,0.016580,-11252.983,1650.2572,50.665314,0,0,0,0,2.7459998,2.7459998,none,true,0,0,0,Stand,10.057981,,,,1,0->0:Exact,NONE
673,11.250022,0.016918,-11252.983,1650.2572,50.665314,0,0,0,0,2.7459998,2.7459998,none,true,0,0,0,Stand,10.074899,,,,1,0->0:Exact,NONE
674,11.266939,0.016510,-11252.983,1650.2572,50.665314,0,0,0,0,2.7459998,2.7459998,none,true,0,0,0,Stand,10.091409,,,,1,0->0:Exact,NONE
675,11.283449,0.016532,-11252.983,1650.2572,50.665314,0,0,0,0,2.7459998,2.7459998,none,true,0,0,0,Stand,10.107941,,,,1,0->0:Exact,NONE
676,11.299981,0.016758,-11252.983,1650.2572,50.665314,0,0,0,0,2.7459998,2.7459998,none,true,0,0,0,Stand,10.124699,,,,1,0->0:Exact,NONE
677,11.316739,0.016713,-11252.983,1650.2572,50.665314,0,0,0,0,2.7459998,2.7459998,none,true,0,0,0,Stand,10.141412,,,,1,0->0:Exact,NONE
678,11.333452,0.016873,-11252.983,1650.2572,50.665314,0,0,0,0,2.7459998,2.7459998,none,true,0,0,0,Stand,10.158285,,,,1,0->0:Exact,NONE
679,11.350326,0.016392,-11252.983,1650.2572,50.665314,0,0,0,0,2.7459998,2.7459998,none,true,0,0,0,Stand,10.174678,,,,1,0->0:Exact,NONE
680,11.366718,0.016877,-11252.983,1650.2572,50.665314,0,0,0,0,2.7459998,2.7459998,none,true,0,0,0,Stand,10.191555,,,,1,0->0:Exact,NONE
681,11.383595,0.016432,-11252.983,1650.2572,50.665314,0,0,0,0,2.7459998,2.7459998,none,true,0,0,0,Stand,10.207987,,,,1,0->0:Exact,NONE
682,11.400027,0.017318,-11252.983,1650.2572,50.665314,0,0,0,0,2.7459998,2.7459998,none,true,0,0,0,Stand,10.225305,,,,1,0->0:Exact,NONE
683,11.417345,0.016421,-11252.983,1650.2572,50.665314,0,0,0,0,2.7459998,2.7459998,none,true,0,0,0,Stand,10.241726,,,,1,0->0:Exact,NONE
684,11.433767,0.017020,-11252.983,1650.2572,50.665314,0,0,0,0,2.7459998,2.7459998,none,true,0,0,0,Stand,10.258746,,,,1,0->0:Exact,NONE
685,11.450787,0.016133,-11252.983,1650.2572,50.665314,0,0,0,0,2.7459998,2.7459998,none,true,0,0,0,Stand,10.2748785,,,,1,0->0:Exact,NONE
686,11.466920,0.016741,-11252.983,1650.2572,50.665314,0,0,0,0,2.7459998,2.7459998,none,true,0,0,0,Stand,10.291619,,,,1,0->0:Exact,NONE
687,11.483661,0.016703,-11252.983,1650.2572,50.665314,0,0,0,0,2.7459998,2.7459998,none,true,0,0,0,Stand,10.308322,,,,1,0->0:Exact,NONE
688,11.500364,0.016470,-11252.983,1650.2572,50.665314,0,0,0,0,2.7459998,2.7459998,none,true,0,0,0,Stand,10.324792,,,,1,0->0:Exact,NONE
689,11.516834,0.017578,-11252.983,1650.2572,50.665314,0,0,0,0,2.7459998,2.7459998,none,true,0,0,0,Stand,10.34237,,,,1,0->0:Exact,NONE
690,11.534412,0.015769,-11252.983,1650.2572,50.665314,0,0,0,0,2.7459998,2.7459998,none,true,0,0,0,Stand,10.358139,,,,1,0->0:Exact,NONE
691,11.550181,0.016831,-11252.983,1650.2572,50.665314,0,0,0,0,2.7459998,2.7459998,none,true,0,0,0,Stand,10.3749695,,,,1,0->0:Exact,NONE
692,11.567012,0.016705,-11252.983,1650.2572,50.665314,0,0,0,0,2.7459998,2.7459998,none,true,0,0,0,Stand,10.391675,,,,1,0->0:Exact,NONE
693,11.583717,0.016491,-11252.983,1650.2572,50.665314,0,0,0,0,2.7459998,2.7459998,none,true,0,0,0,Stand,10.408166,,,,1,0->0:Exact,NONE
694,11.600208,0.016807,-11252.983,1650.2572,50.665314,0,0,0,0,2.7459998,2.7459998,none,true,0,0,0,Stand,10.4249735,,,,1,0->0:Exact,NONE
695,11.617015,0.016526,-11252.983,1650.2572,50.665314,0,0,0,0,2.7459998,2.7459998,none,true,0,0,0,Stand,10.441499,,,,1,0->0:Exact,NONE
696,11.633541,0.016761,-11252.983,1650.2572,50.665314,0,0,0,0,2.7459998,2.7459998,none,true,0,0,0,Stand,10.458261,,,,1,0->0:Exact,NONE
697,11.650302,0.016902,-11252.983,1650.2572,50.665314,0,0,0,0,2.7459998,2.7459998,none,true,0,0,0,Stand,10.4751625,,,,1,0->0:Exact,NONE
698,11.667204,0.016577,-11252.983,1650.2572,50.665314,0,0,0,0,2.7459998,2.7459998,none,true,0,0,0,Stand,10.49174,,,,1,0->0:Exact,NONE
699,11.683781,0.016643,-11252.983,1650.2572,50.665314,0,0,0,0,2.7459998,2.7459998,none,true,0,0,0,Stand,10.508384,,,,1,0->0:Exact,NONE
700,11.700425,0.016666,-11252.983,1650.2572,50.665314,0,0,0,0,2.7459998,2.7459998,none,true,0,0,0,Stand,10.525049,,,,1,0->0:Exact,NONE
701,11.717090,0.016536,-11252.983,1650.2572,50.665314,0,0,0,0,2.7459998,2.7459998,none,true,0,0,0,Stand,10.541585,,,,1,0->0:Exact,NONE
702,11.733627,0.016663,-11252.983,1650.2572,50.665314,0,0,0,0,2.7459998,2.7459998,none,true,0,0,0,Stand,10.5582485,,,,1,0->0:Exact,NONE
703,11.750290,0.016721,-11252.983,1650.2572,50.665314,0,0,0,0,2.7459998,2.7459998,none,true,0,0,0,Stand,10.574969,,,,1,0->0:Exact,NONE
704,11.767011,0.016688,-11252.983,1650.2572,50.665314,0,0,0,0,2.7459998,2.7459998,none,true,0,0,0,Stand,10.591658,,,,1,0->0:Exact,NONE
705,11.783699,0.016637,-11252.983,1650.2572,50.665314,0,0,0,0,2.7459998,2.7459998,none,true,0,0,0,Stand,10.6082945,,,,1,0->0:Exact,NONE
706,11.800335,0.016771,-11252.983,1650.2572,50.665314,0,0,0,0,2.7459998,2.7459998,none,true,0,0,0,Stand,10.625066,,,,1,0->0:Exact,NONE
707,11.817107,0.016742,-11252.983,1650.2572,50.665314,0,0,0,0,2.7459998,2.7459998,none,true,0,0,0,Stand,10.6418085,,,,1,0->0:Exact,NONE
708,11.833849,0.016780,-11252.983,1650.2572,50.665314,0,0,0,0,2.7459998,2.7459998,none,true,0,0,0,Stand,10.658588,,,,1,0->0:Exact,NONE
709,11.850629,0.016767,-11252.983,1650.2572,50.665314,0,0,0,0,2.7459998,2.7459998,none,true,0,0,0,Stand,10.675356,,,,1,0->0:Exact,NONE
710,11.867396,0.016316,-11252.983,1650.2572,50.665314,0,0,0,0,2.7459998,2.7459998,none,true,0,0,0,Stand,10.691672,,,,1,0->0:Exact,NONE
711,11.883713,0.016690,-11252.983,1650.2572,50.665314,0,0,0,0,2.7459998,2.7459998,none,true,0,0,0,Stand,10.708363,,,,1,0->0:Exact,NONE
712,11.900403,0.016905,-11252.983,1650.2572,50.665314,0,0,0,0,2.7459998,2.7459998,none,true,0,0,0,Stand,10.725267,,,,1,0->0:Exact,NONE
713,11.917308,0.016331,-11252.983,1650.2572,50.665314,0,0,0,0,2.7459998,2.7459998,none,true,0,0,0,Stand,10.741599,,,,1,0->0:Exact,NONE
714,11.933639,0.016831,-11252.983,1650.2572,50.665314,0,0,0,0,2.7459998,2.7459998,none,true,0,0,0,Stand,10.7584305,,,,1,0->0:Exact,NONE
715,11.950470,0.016705,-11252.983,1650.2572,50.665314,0,0,0,0,2.7459998,2.7459998,none,true,0,0,0,Stand,10.775135,,,,1,0->0:Exact,NONE
716,11.967175,0.016523,-11252.983,1650.2572,50.665314,0,0,0,0,2.7459998,2.7459998,none,true,0,0,0,Stand,10.791657,,,,1,0->0:Exact,NONE
717,11.983698,0.016764,-11252.983,1650.2572,50.665314,0,0,0,0,2.7459998,2.7459998,none,true,0,0,0,Stand,10.808422,,,,1,0->0:Exact,NONE
718,12.000462,0.016843,-11252.983,1650.2572,50.665314,0,0,0,0,2.7459998,2.7459998,none,true,0,0,0,Stand,10.825265,,,,1,0->0:Exact,NONE
719,12.017305,0.016579,-11252.983,1650.2572,50.665314,0,0,0,0,2.7459998,2.7459998,none,true,0,0,0,Stand,10.841845,,,,1,0->0:Exact,NONE
720,12.033884,0.016893,-11252.983,1650.2572,50.665314,0,0,0,0,2.7459998,2.7459998,none,true,0,0,0,Stand,10.858737,,,,1,0->0:Exact,NONE
721,12.050777,0.016379,-11252.983,1650.2572,50.665314,0,0,0,0,2.7459998,2.7459998,none,true,0,0,0,Stand,10.875115,,,,1,0->0:Exact,NONE
722,12.067156,0.016801,-11252.983,1650.2572,50.665314,0,0,0,0,2.7459998,2.7459998,none,true,0,0,0,Stand,10.891916,,,,1,0->0:Exact,NONE
723,12.083957,0.016734,-11252.983,1650.2572,50.665314,0,0,0,0,2.7459998,2.7459998,none,true,0,0,0,Stand,10.90865,,,,1,0->0:Exact,NONE
724,12.100691,0.016622,-11252.983,1650.2572,50.665314,0,0,0,0,2.7459998,2.7459998,none,true,0,0,0,Stand,10.925273,,,,1,0->0:Exact,NONE
725,12.117313,0.017903,-11252.983,1650.2572,50.665314,0,0,0,0,2.7459998,2.7459998,none,true,0,0,0,Stand,10.943176,,,,1,0->0:Exact,NONE
726,12.135217,0.015160,-11252.983,1650.2572,50.665314,0,0,0,0,2.7459998,2.7459998,none,true,0,0,0,Stand,10.958337,,,,1,0->0:Exact,NONE
727,12.150377,0.016793,-11252.983,1650.2572,50.665314,0,0,0,0,2.7459998,2.7459998,none,true,0,0,0,Stand,10.97513,,,,1,0->0:Exact,NONE
728,12.167170,0.017216,-11252.983,1650.2572,50.665314,0,0,0,0,2.7459998,2.7459998,none,true,0,0,0,Stand,10.992347,,,,1,0->0:Exact,NONE
729,12.184386,0.016304,-11252.983,1650.2572,50.665314,0,0,0,0,2.7459998,2.7459998,none,true,0,0,0,Stand,11.00865,,,,1,0->0:Exact,NONE
730,12.200690,0.017123,-11252.983,1650.2572,50.665314,0,0,0,0,2.7459998,2.7459998,none,true,0,0,0,Stand,11.025773,,,,1,0->0:Exact,NONE
731,12.217813,0.016401,-11252.983,1650.2572,50.665314,0,0,0,0,2.7459998,2.7459998,none,true,0,0,0,Stand,11.042174,,,,1,0->0:Exact,NONE
732,12.234214,0.016591,-11252.983,1650.2572,50.665314,0,0,0,0,2.7459998,2.7459998,none,true,0,0,0,Stand,11.058765,,,,1,0->0:Exact,NONE
733,12.250805,0.016662,-11252.983,1650.2572,50.665314,0,0,0,0,2.7459998,2.7459998,none,true,0,0,0,Stand,11.075428,,,,1,0->0:Exact,NONE
734,12.267468,0.016622,-11252.983,1650.2572,50.665314,0,0,0,0,2.7459998,2.7459998,none,true,0,0,0,Stand,11.09205,,,,1,0->0:Exact,NONE
735,12.284089,0.016712,-11252.983,1650.2572,50.665314,0,0,0,0,2.7459998,2.7459998,none,true,0,0,0,Stand,11.108762,,,,1,0->0:Exact,NONE
736,12.300802,0.016619,-11252.983,1650.2572,50.665314,0,0,0,0,2.7459998,2.7459998,none,true,0,0,0,Stand,11.1253805,,,,1,0->0:Exact,NONE
737,12.317421,0.016771,-11252.983,1650.2572,50.665314,0,0,0,0,2.7459998,2.7459998,none,true,0,0,0,Stand,11.142151,,,,1,0->0:Exact,NONE
738,12.334191,0.016677,-11252.983,1650.2572,50.665314,0,0,0,0,2.7459998,2.7459998,none,true,0,0,0,Stand,11.158828,,,,1,0->0:Exact,NONE
739,12.350868,0.016671,-11252.983,1650.2572,50.665314,0,0,0,0,2.7459998,2.7459998,none,true,0,0,0,Stand,11.175499,,,,1,0->0:Exact,NONE
740,12.367540,0.016875,-11252.983,1650.2572,50.665314,0,0,0,0,2.7459998,2.7459998,none,true,0,0,0,Stand,11.192374,,,,1,0->0:Exact,NONE
741,12.384415,0.016519,-11252.983,1650.2572,50.665314,0,0,0,0,2.7459998,2.7459998,none,true,0,0,0,Stand,11.208893,,,,1,0->0:Exact,NONE
742,12.400934,0.017102,-11252.983,1650.2572,50.665314,0,0,0,0,2.7459998,2.7459998,none,true,0,0,0,Stand,11.225994,,,,1,0->0:Exact,NONE
743,12.418035,0.016487,-11252.983,1650.2572,50.665314,0,0,0,0,2.7459998,2.7459998,none,true,0,0,0,Stand,11.242481,,,,1,0->0:Exact,NONE
744,12.434522,0.016763,-11252.983,1650.2572,50.665314,0,0,0,0,2.7459998,2.7459998,none,true,0,0,0,Stand,11.259244,,,,1,0->0:Exact,NONE
745,12.451285,0.016247,-11252.983,1650.2572,50.665314,0,0,0,0,2.7459998,2.7459998,none,true,0,0,0,Stand,11.275491,,,,1,0->0:Exact,NONE
746,12.467532,0.017121,-11252.983,1650.2572,50.665314,0,0,0,0,2.7459998,2.7459998,none,true,0,0,0,Stand,11.292612,,,,1,0->0:Exact,NONE
747,12.484653,0.016517,-11252.983,1650.2572,50.665314,0,0,0,0,2.7459998,2.7459998,none,true,0,0,0,Stand,11.309129,,,,1,0->0:Exact,NONE
748,12.501170,0.016596,-11252.983,1650.2572,50.665314,0,0,0,0,2.7459998,2.7459998,none,true,0,0,0,Stand,11.325725,,,,1,0->0:Exact,NONE
749,12.517766,0.016747,-11252.983,1650.2572,50.665314,0,0,0,0,2.7459998,2.7459998,none,true,0,0,0,Stand,11.342472,,,,1,0->0:Exact,NONE
750,12.534513,0.016556,-11252.983,1650.2572,50.665314,0,0,0,0,2.7459998,2.7459998,none,true,0,0,0,Stand,11.359028,,,,1,0->0:Exact,NONE
751,12.551070,0.017217,-11252.983,1650.2572,50.665314,0,0,0,0,2.7459998,2.7459998,none,true,0,0,0,Stand,11.376245,,,,1,0->0:Exact,NONE
752,12.568287,0.016301,-11252.983,1650.2572,50.665314,0,0,0,0,2.7459998,2.7459998,none,true,0,0,0,Stand,11.392546,,,,1,0->0:Exact,NONE
753,12.584588,0.016683,-11252.983,1650.2572,50.665314,0,0,0,0,2.7459998,2.7459998,none,true,0,0,0,Stand,11.409229,,,,1,0->0:Exact,NONE
754,12.601271,0.016537,-11252.983,1650.2572,50.665314,0,0,0,0,2.7459998,2.7459998,none,true,0,0,0,Stand,11.425766,,,,1,0->0:Exact,NONE
755,12.617809,0.017432,-11252.983,1650.2572,50.665314,0,0,0,0,2.7459998,2.7459998,none,true,0,0,0,Stand,11.443198,,,,1,0->0:Exact,NONE
756,12.635240,0.015772,-11252.983,1650.2572,50.665314,0,0,0,0,2.7459998,2.7459998,none,true,0,0,0,Stand,11.45897,,,,1,0->0:Exact,NONE
757,12.651012,0.016812,-11252.983,1650.2572,50.665314,0,0,0,0,2.7459998,2.7459998,none,true,0,0,0,Stand,11.475781,,,,1,0->0:Exact,NONE
758,12.667824,0.017189,-11252.983,1650.2572,50.665314,0,0,0,0,2.7459998,2.7459998,none,true,0,0,0,Stand,11.49297,,,,1,0->0:Exact,NONE
759,12.685013,0.016148,-11252.983,1650.2572,50.665314,0,0,0,0,2.7459998,2.7459998,none,true,0,0,0,Stand,11.509119,,,,1,0->0:Exact,NONE
760,12.701161,0.016704,-11252.983,1650.2572,50.665314,0,0,0,0,2.7459998,2.7459998,none,true,0,0,0,Stand,11.525824,,,,1,0->0:Exact,NONE
761,12.717866,0.016794,-11252.983,1650.2572,50.665314,0,0,0,0,2.7459998,2.7459998,none,true,0,0,0,Stand,11.542618,,,,1,0->0:Exact,NONE
762,12.734660,0.016491,-11252.983,1650.2572,50.665314,0,0,0,0,2.7459998,2.7459998,none,true,0,0,0,Stand,11.559109,,,,1,0->0:Exact,NONE
763,12.751151,0.016693,-11252.983,1650.2572,50.665314,0,0,0,0,2.7459998,2.7459998,none,true,0,0,0,Stand,11.575802,,,,1,0->0:Exact,NONE
764,12.767844,0.016805,-11252.983,1650.2572,50.665314,0,0,0,0,2.7459998,2.7459998,none,true,0,0,0,Stand,11.592607,,,,1,0->0:Exact,NONE
765,12.784649,0.016778,-11252.983,1650.2572,50.665314,0,0,0,0,2.7459998,2.7459998,none,true,0,0,0,Stand,11.609385,,,,1,0->0:Exact,NONE
766,12.801427,0.016598,-11252.983,1650.2572,50.665314,0,0,0,0,2.7459998,2.7459998,none,true,0,0,0,Stand,11.625982,,,,1,0->0:Exact,NONE
767,12.818025,0.016448,-11252.983,1650.2572,50.665314,0,0,0,0,2.7459998,2.7459998,none,true,0,0,0,Stand,11.64243,,,,1,0->0:Exact,NONE
768,12.834473,0.017078,-11252.983,1650.2572,50.665314,0,0,0,0,2.7459998,2.7459998,none,true,0,0,0,Stand,11.659508,,,,1,0->0:Exact,NONE
769,12.851551,0.016331,-11252.983,1650.2572,50.665314,0,0,0,0,2.7459998,2.7459998,none,true,0,0,0,Stand,11.675838,,,,1,0->0:Exact,NONE
770,12.867882,0.016599,-11252.983,1650.2572,50.665314,0,0,0,0,2.7459998,2.7459998,none,true,0,0,0,Stand,11.692438,,,,1,0->0:Exact,NONE
771,12.884481,0.017003,-11252.983,1650.2572,50.665314,0,0,0,0,2.7459998,2.7459998,none,true,0,0,0,Stand,11.709441,,,,1,0->0:Exact,NONE
772,12.901484,0.016626,-11252.983,1650.2572,50.665314,0,0,0,0,2.7459998,2.7459998,none,true,0,0,0,Stand,11.726068,,,,1,0->0:Exact,NONE
773,12.918110,0.016565,-11252.983,1650.2572,50.665314,0,0,0,0,2.7459998,2.7459998,none,true,0,0,0,Stand,11.742633,,,,1,0->0:Exact,NONE
774,12.934675,0.016678,-11252.983,1650.2572,50.665314,0,0,0,0,2.7459998,2.7459998,none,true,0,0,0,Stand,11.759311,,,,1,0->0:Exact,NONE
775,12.951353,0.016670,-11252.983,1650.2572,50.665314,0,0,0,0,2.7459998,2.7459998,none,true,0,0,0,Stand,11.77598,,,,1,0->0:Exact,NONE
776,12.968023,0.016542,-11252.983,1650.2572,50.665314,0,0,0,0,2.7459998,2.7459998,none,true,0,0,0,Stand,11.792521,,,,1,0->0:Exact,NONE
777,12.984564,0.016676,-11252.983,1650.2572,50.665314,0,0,0,0,2.7459998,2.7459998,none,true,0,0,0,Stand,11.809197,,,,1,0->0:Exact,NONE
778,13.001240,0.016803,-11252.983,1650.2572,50.665314,0,0,0,0,2.7459998,2.7459998,none,true,0,0,0,Stand,11.826,,,,1,0->0:Exact,NONE
779,13.018043,0.016773,-11252.983,1650.2572,50.665314,0,0,0,0,2.7459998,2.7459998,none,true,0,0,0,Stand,11.8427725,,,,1,0->0:Exact,NONE
780,13.034816,0.016604,-11252.983,1650.2572,50.665314,0,0,0,0,2.7459998,2.7459998,none,true,0,0,0,Stand,11.859377,,,,1,0->0:Exact,NONE
781,13.051420,0.016825,-11252.983,1650.2572,50.665314,0,0,0,0,2.7459998,2.7459998,none,true,0,0,0,Stand,11.876202,,,,1,0->0:Exact,NONE
782,13.068245,0.016703,-11252.983,1650.2572,50.665314,0,0,0,0,2.7459998,2.7459998,none,true,0,0,0,Stand,11.892905,,,,1,0->0:Exact,NONE
783,13.084948,0.016473,-11252.983,1650.2572,50.665314,0,0,0,0,2.7459998,2.7459998,none,true,0,0,0,Stand,11.909378,,,,1,0->0:Exact,NONE
784,13.101421,0.016642,-11252.983,1650.2572,50.665314,0,0,0,0,2.7459998,2.7459998,none,true,0,0,0,Stand,11.926021,,,,1,0->0:Exact,NONE
785,13.118063,0.016746,-11252.983,1650.2572,50.665314,0,0,0,0,2.7459998,2.7459998,none,true,0,0,0,Stand,11.942766,,,,1,0->0:Exact,NONE
786,13.134809,0.016664,-11252.983,1650.2572,50.665314,0,0,0,0,2.7459998,2.7459998,none,true,0,0,0,Stand,11.959431,,,,1,0->0:Exact,NONE
787,13.151473,0.016913,-11252.983,1650.2572,50.665314,0,0,0,0,2.7459998,2.7459998,none,true,0,0,0,Stand,11.976344,,,,1,0->0:Exact,NONE
788,13.168387,0.016581,-11252.983,1650.2572,50.665314,0,0,0,0,2.7459998,2.7459998,none,true,0,0,0,Stand,11.992925,,,,1,0->0:Exact,NONE
789,13.184967,0.016818,-11252.983,1650.2572,50.665314,0,0,0,0,2.7459998,2.7459998,none,true,0,0,0,Stand,12.009743,,,,1,0->0:Exact,NONE
790,13.201785,0.016489,-11252.983,1650.2572,50.665314,0,0,0,0,2.7459998,2.7459998,none,true,0,0,0,Stand,12.026232,,,,1,0->0:Exact,NONE
791,13.218274,0.017594,-11252.983,1650.2572,50.665314,0,0,0,0,2.7459998,2.7459998,none,true,0,0,0,Stand,12.043826,,,,1,0->0:Exact,NONE
792,13.235868,0.015618,-11252.983,1650.2572,50.665314,0,0,0,0,2.7459998,2.7459998,none,true,0,0,0,Stand,12.059444,,,,1,0->0:Exact,NONE
793,13.251487,0.016760,-11252.983,1650.2572,50.665314,0,0,0,0,2.7459998,2.7459998,none,true,0,0,0,Stand,12.076204,,,,1,0->0:Exact,NONE
794,13.268247,0.016653,-11252.983,1650.2572,50.665314,0,0,0,0,2.7459998,2.7459998,none,true,0,0,0,Stand,12.092857,,,,1,0->0:Exact,NONE
795,13.284900,0.016864,-11252.983,1650.2572,50.665314,0,0,0,0,2.7459998,2.7459998,none,true,0,0,0,Stand,12.109722,,,,1,0->0:Exact,NONE
796,13.301765,0.016404,-11252.983,1650.2572,50.665314,0,0,0,0,2.7459998,2.7459998,none,true,0,0,0,Stand,12.126126,,,,1,0->0:Exact,NONE
797,13.318168,0.016841,-11252.983,1650.2572,50.665314,0,0,0,0,2.7459998,2.7459998,none,true,0,0,0,Stand,12.142967,,,,1,0->0:Exact,NONE
798,13.335009,0.016696,-11252.983,1650.2572,50.665314,0,0,0,0,2.7459998,2.7459998,none,true,0,0,0,Stand,12.159664,,,,1,0->0:Exact,NONE
799,13.351705,0.016518,-11252.983,1650.2572,50.665314,0,0,0,0,2.7459998,2.7459998,none,true,0,0,0,Stand,12.176183,,,,1,0->0:Exact,NONE
800,13.368224,0.016678,-11252.983,1650.2572,50.665314,0,0,0,0,2.7459998,2.7459998,none,true,0,0,0,Stand,12.192861,,,,1,0->0:Exact,NONE
801,13.384902,0.016759,-11252.983,1650.2572,50.665314,0,0,0,0,2.7459998,2.7459998,none,true,0,0,0,Stand,12.2096195,,,,1,0->0:Exact,NONE
802,13.401661,0.017096,-11252.983,1650.2572,50.665314,0,0,0,0,2.7459998,2.7459998,none,true,0,0,0,Stand,12.226716,,,,1,0->0:Exact,NONE
803,13.418757,0.016486,-11252.983,1650.2572,50.665314,0,0,0,0,2.7459998,2.7459998,none,true,0,0,0,Stand,12.243202,,,,1,0->0:Exact,NONE
804,13.435243,0.017050,-11252.983,1650.2572,50.665314,0,0,0,0,2.7459998,2.7459998,none,true,0,0,0,Stand,12.260252,,,,1,0->0:Exact,NONE
805,13.452293,0.016383,-11252.983,1650.2572,50.665314,0,0,0,0,2.7459998,2.7459998,none,true,0,0,0,Stand,12.276634,,,,1,0->0:Exact,NONE
806,13.468675,0.016464,-11252.983,1650.2572,50.665314,0,0,0,0,2.7459998,2.7459998,none,true,0,0,0,Stand,12.2930975,,,,1,0->0:Exact,NONE
807,13.485139,0.017183,-11252.983,1650.2572,50.665314,0,0,0,0,2.7459998,2.7459998,none,true,0,0,0,Stand,12.31028,,,,1,0->0:Exact,NONE
808,13.502322,0.016483,-11252.983,1650.2572,50.665314,0,0,0,0,2.7459998,2.7459998,none,true,0,0,0,Stand,12.326763,,,,1,0->0:Exact,NONE
809,13.518805,0.016567,-11252.983,1650.2572,50.665314,0,0,0,0,2.7459998,2.7459998,none,true,0,0,0,Stand,12.34333,,,,1,0->0:Exact,NONE
810,13.535372,0.016534,-11252.983,1650.2572,50.665314,0,0,0,0,2.7459998,2.7459998,none,true,0,0,0,Stand,12.359864,,,,1,0->0:Exact,NONE
811,13.551906,0.016433,-11252.983,1650.2572,50.665314,0,0,0,0,2.7459998,2.7459998,none,true,0,0,0,Stand,12.376298,,,,1,0->0:Exact,NONE
812,13.568340,0.016962,-11252.983,1650.2572,50.665314,0,0,0,0,2.7459998,2.7459998,none,true,0,0,0,Stand,12.39326,,,,1,0->0:Exact,NONE
813,13.585302,0.016697,-11252.983,1650.2572,50.665314,0,0,0,0,2.7459998,2.7459998,none,true,0,0,0,Stand,12.409958,,,,1,0->0:Exact,NONE
814,13.601999,0.016594,-11252.983,1650.2572,50.665314,0,0,0,0,2.7459998,2.7459998,none,true,0,0,0,Stand,12.426553,,,,1,0->0:Exact,NONE
815,13.618594,0.016470,-11252.983,1650.2572,50.665314,0,0,0,0,2.7459998,2.7459998,none,true,0,0,0,Stand,12.443023,,,,1,0->0:Exact,NONE
816,13.635064,0.016900,-11252.983,1650.2572,50.665314,0,0,0,0,2.7459998,2.7459998,none,true,0,0,0,Stand,12.459923,,,,1,0->0:Exact,NONE
817,13.651964,0.016939,-11252.983,1650.2572,50.665314,0,0,0,0,2.7459998,2.7459998,none,true,0,0,0,Stand,12.476862,,,,1,0->0:Exact,NONE
818,13.668903,0.016429,-11252.983,1650.2572,50.665314,0,0,0,0,2.7459998,2.7459998,none,true,0,0,0,Stand,12.493291,,,,1,0->0:Exact,NONE
819,13.685332,0.016453,-11252.983,1650.2572,50.665314,0,0,0,0,2.7459998,2.7459998,none,true,0,0,0,Stand,12.509745,,,,1,0->0:Exact,NONE
820,13.701785,0.016810,-11252.983,1650.2572,50.665314,0,0,0,0,2.7459998,2.7459998,none,true,0,0,0,Stand,12.526554,,,,1,0->0:Exact,NONE
821,13.718595,0.017506,-11252.983,1650.2572,50.665314,0,0,0,0,2.7459998,2.7459998,none,true,0,0,0,Stand,12.54406,,,,1,0->0:Exact,NONE
822,13.736100,0.015972,-11252.983,1650.2572,50.665314,0,0,0,0,2.7459998,2.7459998,none,true,0,0,0,Stand,12.560032,,,,1,0->0:Exact,NONE
823,13.752072,0.016680,-11252.983,1650.2572,50.665314,0,0,0,0,2.7459998,2.7459998,none,true,0,0,0,Stand,12.576713,,,,1,0->0:Exact,NONE
824,13.768753,0.016772,-11252.983,1650.2572,50.665314,0,0,0,0,2.7459998,2.7459998,none,true,0,0,0,Stand,12.593485,,,,1,0->0:Exact,NONE
825,13.785525,0.016711,-11252.983,1650.2572,50.665314,0,0,0,0,2.7459998,2.7459998,none,true,0,0,0,Stand,12.610196,,,,1,0->0:Exact,NONE
826,13.802236,0.016579,-11252.983,1650.2572,50.665314,0,0,0,0,2.7459998,2.7459998,none,true,0,0,0,Stand,12.626775,,,,1,0->0:Exact,NONE
827,13.818815,0.016644,-11252.983,1650.2572,50.665314,0,0,0,0,2.7459998,2.7459998,none,true,0,0,0,Stand,12.643418,,,,1,0->0:Exact,NONE
828,13.835458,0.016674,-11252.983,1650.2572,50.665314,0,0,0,0,2.7459998,2.7459998,none,true,0,0,0,Stand,12.660092,,,,1,0->0:Exact,NONE
829,13.852132,0.016715,-11252.983,1650.2572,50.665314,0,0,0,0,2.7459998,2.7459998,none,true,0,0,0,Stand,12.676806,,,,1,0->0:Exact,NONE
830,13.868847,0.016624,-11252.983,1650.2572,50.665314,0,0,0,0,2.7459998,2.7459998,none,true,0,0,0,Stand,12.69343,,,,1,0->0:Exact,NONE
831,13.885470,0.017077,-11252.983,1650.2572,50.665314,0,0,0,0,2.7459998,2.7459998,none,true,0,0,0,Stand,12.710507,,,,1,0->0:Exact,NONE
832,13.902547,0.016365,-11252.983,1650.2572,50.665314,0,0,0,0,2.7459998,2.7459998,none,true,0,0,0,Stand,12.726872,,,,1,0->0:Exact,NONE
833,13.918913,0.016482,-11252.983,1650.2572,50.665314,0,0,0,0,2.7459998,2.7459998,none,true,0,0,0,Stand,12.743354,,,,1,0->0:Exact,NONE
834,13.935394,0.016685,-11252.983,1650.2572,50.665314,0,0,0,0,2.7459998,2.7459998,none,true,0,0,0,Stand,12.760038,,,,1,0->0:Exact,NONE
835,13.952079,0.016817,-11252.983,1650.2572,50.665314,0,0,0,0,2.7459998,2.7459998,none,true,0,0,0,Stand,12.776855,,,,1,0->0:Exact,NONE
836,13.968896,0.016699,-11252.983,1650.2572,50.665314,0,0,0,0,2.7459998,2.7459998,none,true,0,0,0,Stand,12.793554,,,,1,0->0:Exact,NONE
837,13.985595,0.016642,-11252.983,1650.2572,50.665314,0,0,0,0,2.7459998,2.7459998,none,true,0,0,0,Stand,12.810197,,,,1,0->0:Exact,NONE
838,14.002237,0.016733,-11252.983,1650.2572,50.665314,0,0,0,0,2.7459998,2.7459998,none,true,0,0,0,Stand,12.82693,,,,1,0->0:Exact,NONE
839,14.018971,0.016501,-11252.983,1650.2572,50.665314,0,0,0,0,2.7459998,2.7459998,none,true,0,0,0,Stand,12.843431,,,,1,0->0:Exact,NONE
840,14.035472,0.016991,-11252.983,1650.2572,50.665314,0,0,0,0,2.7459998,2.7459998,none,true,0,0,0,Stand,12.860422,,,,1,0->0:Exact,NONE
841,14.052463,0.016518,-11252.983,1650.2572,50.665314,0,0,0,0,2.7459998,2.7459998,none,true,0,0,0,Stand,12.87694,,,,1,0->0:Exact,NONE
842,14.068981,0.016782,-11252.983,1650.2572,50.665314,0,0,0,0,2.7459998,2.7459998,none,true,0,0,0,Stand,12.893722,,,,1,0->0:Exact,NONE
843,14.085763,0.016607,-11252.983,1650.2572,50.665314,0,0,0,0,2.7459998,2.7459998,none,true,0,0,0,Stand,12.910329,,,,1,0->0:Exact,NONE
844,14.102370,0.016601,-11252.983,1650.2572,50.665314,0,0,0,0,2.7459998,2.7459998,none,true,0,0,0,Stand,12.926929,,,,1,0->0:Exact,NONE
845,14.118971,0.016691,-11252.983,1650.2572,50.665314,0,0,0,0,2.7459998,2.7459998,none,true,0,0,0,Stand,12.94362,,,,1,0->0:Exact,NONE
846,14.135662,0.016740,-11252.983,1650.2572,50.665314,0,0,0,0,2.7459998,2.7459998,none,true,0,0,0,Stand,12.96036,,,,1,0->0:Exact,NONE
847,14.152402,0.016545,-11252.983,1650.2572,50.665314,0,0,0,0,2.7459998,2.7459998,none,true,0,0,0,Stand,12.976904,,,,1,0->0:Exact,NONE
848,14.168947,0.016828,-11252.983,1650.2572,50.665314,0,0,0,0,2.7459998,2.7459998,none,true,0,0,0,Stand,12.9937315,,,,1,0->0:Exact,NONE
849,14.185775,0.016614,-11252.983,1650.2572,50.665314,0,0,0,0,2.7459998,2.7459998,none,true,0,0,0,Stand,13.010345,,,,1,0->0:Exact,NONE
850,14.202389,0.016667,-11252.983,1650.2572,50.665314,0,0,0,0,2.7459998,2.7459998,none,true,0,0,0,Stand,13.027013,,,,1,0->0:Exact,NONE
851,14.219056,0.016848,-11252.983,1650.2572,50.665314,0,0,0,0,2.7459998,2.7459998,none,true,0,0,0,Stand,13.043861,,,,1,0->0:Exact,NONE
852,14.235904,0.016488,-11252.983,1650.2572,50.665314,0,0,0,0,2.7459998,2.7459998,none,true,0,0,0,Stand,13.060349,,,,1,0->0:Exact,NONE
853,14.252392,0.016611,-11252.983,1650.2572,50.665314,0,0,0,0,2.7459998,2.7459998,none,true,0,0,0,Stand,13.076961,,,,1,0->0:Exact,NONE
854,14.269003,0.016680,-11252.983,1650.2572,50.665314,0,0,0,0,2.7459998,2.7459998,none,true,0,0,0,Stand,13.09364,,,,1,0->0:Exact,NONE
855,14.285683,0.016661,-11252.983,1650.2572,50.665314,0,0,0,0,2.7459998,2.7459998,none,true,0,0,0,Stand,13.110301,,,,1,0->0:Exact,NONE
856,14.302344,0.016846,-11252.983,1650.2572,50.665314,0,0,0,0,2.7459998,2.7459998,none,true,0,0,0,Stand,13.127147,,,,1,0->0:Exact,NONE
857,14.319190,0.017548,-11252.983,1650.2572,50.665314,0,0,0,0,2.7459998,2.7459998,none,true,0,0,0,Stand,13.144695,,,,1,0->0:Exact,NONE
858,14.336738,0.015664,-11252.983,1650.2572,50.665314,0,0,0,0,2.7459998,2.7459998,none,true,0,0,0,Stand,13.160359,,,,1,0->0:Exact,NONE
859,14.352402,0.016682,-11252.983,1650.2572,50.665314,0,0,0,0,2.7459998,2.7459998,none,true,0,0,0,Stand,13.177041,,,,1,0->0:Exact,NONE
860,14.369084,0.016724,-11252.983,1650.2572,50.665314,0,0,0,0,2.7459998,2.7459998,none,true,0,0,0,Stand,13.193766,,,,1,0->0:Exact,NONE
861,14.385808,0.016674,-11252.983,1650.2572,50.665314,0,0,0,0,2.7459998,2.7459998,none,true,0,0,0,Stand,13.21044,,,,1,0->0:Exact,NONE
862,14.402481,0.016980,-11252.983,1650.2572,50.665314,0,0,0,0,2.7459998,2.7459998,none,true,0,0,0,Stand,13.22742,,,,1,0->0:Exact,NONE
863,14.419461,0.016327,-11252.983,1650.2572,50.665314,0,0,0,0,2.7459998,2.7459998,none,true,0,0,0,Stand,13.243747,,,,1,0->0:Exact,NONE
864,14.435788,0.016741,-11252.983,1650.2572,50.665314,0,0,0,0,2.7459998,2.7459998,none,true,0,0,0,Stand,13.260488,,,,1,0->0:Exact,NONE
865,14.452529,0.016745,-11252.983,1650.2572,50.665314,0,0,0,0,2.7459998,2.7459998,none,true,0,0,0,Stand,13.277232,,,,1,0->0:Exact,NONE
866,14.469273,0.016713,-11252.983,1650.2572,50.665314,0,0,0,0,2.7459998,2.7459998,none,true,0,0,0,Stand,13.293945,,,,1,0->0:Exact,NONE
867,14.485987,0.016645,-11252.983,1650.2572,50.665314,0,0,0,0,2.7459998,2.7459998,none,true,0,0,0,Stand,13.310591,,,,1,0->0:Exact,NONE
868,14.502632,0.016642,-11252.983,1650.2572,50.665314,0,0,0,0,2.7459998,2.7459998,none,true,0,0,0,Stand,13.327232,,,,1,0->0:Exact,NONE
869,14.519274,0.016763,-11252.983,1650.2572,50.665314,0,0,0,0,2.7459998,2.7459998,none,true,0,0,0,Stand,13.343996,,,,1,0->0:Exact,NONE
870,14.536038,0.016767,-11252.983,1650.2572,50.665314,0,0,0,0,2.7459998,2.7459998,none,true,0,0,0,Stand,13.360763,,,,1,0->0:Exact,NONE
871,14.552804,0.016503,-11252.983,1650.2572,50.665314,0,0,0,0,2.7459998,2.7459998,none,true,0,0,0,Stand,13.377265,,,,1,0->0:Exact,NONE
872,14.569307,0.016732,-11252.983,1650.2572,50.665314,0,0,0,0,2.7459998,2.7459998,none,true,0,0,0,Stand,13.393997,,,,1,0->0:Exact,NONE
873,14.586039,0.016564,-11252.983,1650.2572,50.665314,0,0,0,0,2.7459998,2.7459998,none,true,0,0,0,Stand,13.410562,,,,1,0->0:Exact,NONE
874,14.602603,0.016903,-11252.983,1650.2572,50.665314,0,0,0,0,2.7459998,2.7459998,none,true,0,0,0,Stand,13.427465,,,,1,0->0:Exact,NONE
875,14.619507,0.016547,-11252.983,1650.2572,50.665314,0,0,0,0,2.7459998,2.7459998,none,true,0,0,0,Stand,13.444013,,,,1,0->0:Exact,NONE
876,14.636054,0.016648,-11252.983,1650.2572,50.665314,0,0,0,0,2.7459998,2.7459998,none,true,0,0,0,Stand,13.460661,,,,1,0->0:Exact,NONE
877,14.652702,0.016664,-11252.983,1650.2572,50.665314,0,0,0,0,2.7459998,2.7459998,none,true,0,0,0,Stand,13.4773245,,,,1,0->0:Exact,NONE
878,14.669365,0.016719,-11252.983,1650.2572,50.665314,0,0,0,0,2.7459998,2.7459998,none,true,0,0,0,Stand,13.494043,,,,1,0->0:Exact,NONE
879,14.686084,0.016572,-11252.983,1650.2572,50.665314,0,0,0,0,2.7459998,2.7459998,none,true,0,0,0,Stand,13.510615,,,,1,0->0:Exact,NONE
880,14.702656,0.016737,-11252.983,1650.2572,50.665314,0,0,0,0,2.7459998,2.7459998,none,true,0,0,0,Stand,13.527352,,,,1,0->0:Exact,NONE
881,14.719393,0.016588,-11252.983,1650.2572,50.665314,0,0,0,0,2.7459998,2.7459998,none,true,0,0,0,Stand,13.543941,,,,1,0->0:Exact,NONE
882,14.735981,0.016693,-11252.983,1650.2572,50.665314,0,0,0,0,2.7459998,2.7459998,none,true,0,0,0,Stand,13.560634,,,,1,0->0:Exact,NONE
883,14.752674,0.017258,-11252.983,1650.2572,50.665314,0,0,0,0,2.7459998,2.7459998,none,true,0,0,0,Stand,13.577891,,,,1,0->0:Exact,NONE
884,14.769932,0.016232,-11252.983,1650.2572,50.665314,0,0,0,0,2.7459998,2.7459998,none,true,0,0,0,Stand,13.594124,,,,1,0->0:Exact,NONE
885,14.786164,0.016719,-11252.983,1650.2572,50.665314,0,0,0,0,2.7459998,2.7459998,none,true,0,0,0,Stand,13.610843,,,,1,0->0:Exact,NONE
886,14.802884,0.016750,-11252.983,1650.2572,50.665314,0,0,0,0,2.7459998,2.7459998,none,true,0,0,0,Stand,13.627593,,,,1,0->0:Exact,NONE
887,14.819634,0.017357,-11252.983,1650.2572,50.665314,0,0,0,0,2.7459998,2.7459998,none,true,0,0,0,Stand,13.64495,,,,1,0->0:Exact,NONE
888,14.836991,0.015796,-11252.983,1650.2572,50.665314,0,0,0,0,2.7459998,2.7459998,none,true,0,0,0,Stand,13.660746,,,,1,0->0:Exact,NONE
889,14.852787,0.016747,-11252.983,1650.2572,50.665314,0,0,0,0,2.7459998,2.7459998,none,true,0,0,0,Stand,13.677493,,,,1,0->0:Exact,NONE
890,14.869534,0.016587,-11252.983,1650.2572,50.665314,0,0,0,0,2.7459998,2.7459998,none,true,0,0,0,Stand,13.69408,,,,1,0->0:Exact,NONE
891,14.886121,0.016732,-11252.983,1650.2572,50.665314,0,0,0,0,2.7459998,2.7459998,none,true,0,0,0,Stand,13.710813,,,,1,0->0:Exact,NONE
892,14.902853,0.001807,-11252.983,1650.2572,50.665314,0,0,0,0,2.7459998,2.7459998,none,true,0,0,0,Stand,13.712619,,,,1,0->0:Exact,NONE
893,14.904660,0.014927,-11252.983,1650.2572,50.665314,0,0,0,0,2.7459998,2.7459998,none,true,0,0,0,Stand,13.727546,,,,1,0->0:Exact,NONE
894,14.919587,0.016807,-11252.983,1650.2572,50.665314,0,0,0,0,2.7459998,2.7459998,none,true,0,0,0,Stand,13.744352,,,,1,0->0:Exact,NONE
895,14.936393,0.016586,-11252.983,1650.2572,50.665314,0,0,0,0,2.7459998,2.7459998,none,true,0,0,0,Stand,13.760938,,,,1,0->0:Exact,NONE
896,14.952979,0.016702,-11252.983,1650.2572,50.665314,0,0,0,0,2.7459998,2.7459998,none,true,0,0,0,Stand,13.777639,,,,1,0->0:Exact,NONE
897,14.969681,0.016659,-11252.983,1650.2572,50.665314,0,0,0,0,2.7459998,2.7459998,none,true,0,0,0,Stand,13.794298,,,,1,0->0:Exact,NONE
898,14.986340,0.016738,-11252.983,1650.2572,50.665314,0,0,0,0,2.7459998,2.7459998,none,true,0,0,0,Stand,13.811036,,,,1,0->0:Exact,NONE
899,15.003077,0.016569,-11252.983,1650.2572,50.665314,0,0,0,0,2.7459998,2.7459998,none,true,0,0,0,Stand,13.827605,,,,1,0->0:Exact,NONE
900,15.019646,0.016631,-11252.983,1650.2572,50.665314,0,0,0,0,2.7459998,2.7459998,none,true,0,0,0,Stand,13.844236,,,,1,0->0:Exact,NONE
901,15.036277,0.016671,-11252.983,1650.2572,50.665314,0,0,0,0,2.7459998,2.7459998,none,true,0,0,0,Stand,13.860907,,,,1,0->0:Exact,NONE
902,15.052948,0.016723,-11252.983,1650.2572,50.665314,0,0,0,0,2.7459998,2.7459998,none,true,0,0,0,Stand,13.87763,,,,1,0->0:Exact,NONE
903,15.069671,0.016707,-11252.983,1650.2572,50.665314,0,0,0,0,2.7459998,2.7459998,none,true,0,0,0,Stand,13.894337,,,,1,0->0:Exact,NONE
904,15.086378,0.016763,-11252.983,1650.2572,50.665314,0,0,0,0,2.7459998,2.7459998,none,true,0,0,0,Stand,13.911099,,,,1,0->0:Exact,NONE
905,15.103141,0.016707,-11252.983,1650.2572,50.665314,0,0,0,0,2.7459998,2.7459998,none,true,0,0,0,Stand,13.927807,,,,1,0->0:Exact,NONE
906,15.119848,0.016613,-11252.983,1650.2572,50.665314,0,0,0,0,2.7459998,2.7459998,none,true,0,0,0,Stand,13.94442,,,,1,0->0:Exact,NONE
907,15.136461,0.016856,-11252.983,1650.2572,50.665314,0,0,0,0,2.7459998,2.7459998,none,true,0,0,0,Stand,13.961276,,,,1,0->0:Exact,NONE
908,15.153317,0.016501,-11252.983,1650.2572,50.665314,0,0,0,0,2.7459998,2.7459998,none,true,0,0,0,Stand,13.9777775,,,,1,0->0:Exact,NONE
909,15.169819,0.016841,-11252.983,1650.2572,50.665314,0,0,0,0,2.7459998,2.7459998,none,true,0,0,0,Stand,13.994618,,,,1,0->0:Exact,NONE
910,15.186660,0.016423,-11252.983,1650.2572,50.665314,0,0,0,0,2.7459998,2.7459998,none,true,0,0,0,Stand,14.011042,,,,1,0->0:Exact,NONE
911,15.203083,0.016786,-11252.983,1650.2572,50.665314,0,0,0,0,2.7459998,2.7459998,none,true,0,0,0,Stand,14.027827,,,,1,0->0:Exact,NONE
