frame,t,dt,posX,posY,posZ,velX,velY,velZ,horizSpeed,aimYaw,bodyYaw,inputFlags,grounded,verticalVel,fallTimeMs,clipId,clipName,clipTime,clipB,clipBTime,blendWeight,playbackRate,lastAnimChoice,wireSentThisTick
0,0.000000,0.028019,-8949.95,-132.493,83.529526,0,0,0,0,2.7227101,2.7227101,none,true,0,0,0,Stand,0.2009755,,,,1,0->0:Exact,NONE
1,0.028019,0.005984,-8949.95,-132.493,83.529526,0,0,0,0,2.7227101,2.7227101,none,true,0,0,0,Stand,0.2069598,,,,1,0->0:Exact,NONE
2,0.034003,0.009654,-8949.95,-132.493,83.529526,0,0,0,0,2.7227101,2.7227101,none,true,0,0,0,Stand,0.2166135,,,,1,0->0:Exact,NONE
3,0.043657,0.022946,-8949.95,-132.493,83.529526,0,0,0,0,2.7227101,2.7227101,none,true,0,0,0,Stand,0.2395594,,,,1,0->0:Exact,NONE
4,0.066603,0.015033,-8949.95,-132.493,83.529526,0,0,0,0,2.7227101,2.7227101,none,true,0,0,0,Stand,0.2545927,,,,1,0->0:Exact,NONE
5,0.081636,0.016758,-8949.95,-132.493,83.529526,0,0,0,0,2.7227101,2.7227101,none,true,0,0,0,Stand,0.2713511,,,,1,0->0:Exact,NONE
6,0.098395,0.016669,-8949.95,-132.493,83.529526,0,0,0,0,2.7227101,2.7227101,none,true,0,0,0,Stand,0.2880199,,,,1,0->0:Exact,NONE
7,0.115063,0.012026,-8949.95,-132.493,83.529526,0,0,0,0,2.7227101,2.7227101,none,true,0,0,0,Stand,0.3000463,,,,1,0->0:Exact,NONE
8,0.127090,0.019996,-8949.95,-132.493,83.529526,0,0,0,0,2.7227101,2.7227101,none,true,0,0,0,Stand,0.3200419,,,,1,0->0:Exact,NONE
9,0.147085,0.013277,-8949.95,-132.493,83.529526,0,0,0,0,2.7227101,2.7227101,none,true,0,0,0,Stand,0.3333194,,,,1,0->0:Exact,NONE
10,0.160363,0.020355,-8949.95,-132.493,83.529526,0,0,0,0,2.7227101,2.7227101,none,true,0,0,0,Stand,0.3536748,,,,1,0->0:Exact,NONE
11,0.180718,0.016170,-8949.95,-132.493,83.529526,0,0,0,0,2.7227101,2.7227101,none,true,0,0,0,Stand,0.3698445,,,,1,0->0:Exact,NONE
12,0.196888,0.013715,-8949.95,-132.493,83.529526,0,0,0,0,2.7227101,2.7227101,none,true,0,0,0,Stand,0.3835591,,,,1,0->0:Exact,NONE
13,0.210603,0.020179,-8949.95,-132.493,83.529526,0,0,0,0,2.7227101,2.7227101,none,true,0,0,0,Stand,0.4037379,,,,1,0->0:Exact,NONE
14,0.230782,0.016518,-8949.95,-132.493,83.529526,0,0,0,0,2.7227101,2.7227101,none,true,0,0,0,Stand,0.4202555,,,,1,0->0:Exact,NONE
15,0.247299,0.013096,-8949.95,-132.493,83.529526,0,0,0,0,2.7227101,2.7227101,none,true,0,0,0,Stand,0.4333513,,,,1,0->0:Exact,NONE
16,0.260395,0.020350,-8949.95,-132.493,83.529526,0,0,0,0,2.7227101,2.7227101,none,true,0,0,0,Stand,0.4537008,,,,1,0->0:Exact,NONE
17,0.280744,0.013449,-8949.95,-132.493,83.529526,0,0,0,0,2.7227101,2.7227101,none,true,0,0,0,Stand,0.4671499,,,,1,0->0:Exact,NONE
18,0.294194,0.019700,-8949.95,-132.493,83.529526,0,0,0,0,2.7227101,2.7227101,none,true,0,0,0,Stand,0.4868498,,,,1,0->0:Exact,NONE
19,0.313893,0.016719,-8949.95,-132.493,83.529526,0,0,0,0,2.7227101,2.7227101,none,true,0,0,0,Stand,0.5035693,,,,1,0->0:Exact,NONE
20,0.330613,0.016684,-8949.95,-132.493,83.529526,0,0,0,0,2.7227101,2.7227101,none,true,0,0,0,Stand,0.5202536,,,,1,0->0:Exact,NONE
21,0.347297,0.016474,-8949.95,-132.493,83.529526,0,0,0,0,2.7227101,2.7227101,none,true,0,0,0,Stand,0.5367276,,,,1,0->0:Exact,NONE
22,0.363771,0.017164,-8949.95,-132.493,83.529526,0,0,0,0,2.7227101,2.7227101,none,true,0,0,0,Stand,0.5538919,,,,1,0->0:Exact,NONE
23,0.380935,0.016323,-8949.95,-132.493,83.529526,0,0,0,0,2.7227101,2.7227101,none,true,0,0,0,Stand,0.5702147,,,,1,0->0:Exact,NONE
24,0.397258,0.013469,-8949.95,-132.493,83.529526,0,0,0,0,2.7227101,2.7227101,none,true,0,0,0,Stand,0.5836841,,,,1,0->0:Exact,NONE
25,0.410728,0.019979,-8949.95,-132.493,83.529526,0,0,0,0,2.7227101,2.7227101,none,true,0,0,0,Stand,0.60366327,,,,1,0->0:Exact,NONE
26,0.430707,0.013582,-8949.95,-132.493,83.529526,0,0,0,0,2.7227101,2.7227101,none,true,0,0,0,Stand,0.61724514,,,,1,0->0:Exact,NONE
27,0.444289,0.019163,-8949.95,-132.493,83.529526,0,0,0,0,2.7227101,2.7227101,none,true,0,0,0,Stand,0.6364083,,,,1,0->0:Exact,NONE
28,0.463452,0.015676,-8949.95,-132.493,83.529526,0,0,0,0,2.7227101,2.7227101,none,true,0,0,0,Stand,0.6520838,,,,1,0->0:Exact,NONE
29,0.479127,0.014972,-8949.95,-132.493,83.529526,0,0,0,0,2.7227101,2.7227101,none,true,0,0,0,Stand,0.6670554,,,,1,0->0:Exact,NONE
30,0.494099,0.018669,-8949.95,-132.493,83.529526,0,0,0,0,2.7227101,2.7227101,none,true,0,0,0,Stand,0.6857246,,,,1,0->0:Exact,NONE
31,0.512768,0.014917,-8949.95,-132.493,83.529526,0,0,0,0,2.7227101,2.7227101,none,true,0,0,0,Stand,0.70064193,,,,1,0->0:Exact,NONE
32,0.527686,0.018395,-8949.95,-132.493,83.529526,0,0,0,0,2.7227101,2.7227101,none,true,0,0,0,Stand,0.7190365,,,,1,0->0:Exact,NONE
33,0.546080,0.016661,-8949.95,-132.493,83.529526,0,0,0,0,2.7227101,2.7227101,none,true,0,0,0,Stand,0.73569745,,,,1,0->0:Exact,NONE
34,0.562741,0.014853,-8949.95,-132.493,83.529526,0,0,0,0,2.7227101,2.7227101,none,true,0,0,0,Stand,0.75055057,,,,1,0->0:Exact,NONE
35,0.577594,0.018797,-8949.95,-132.493,83.529526,0,0,0,0,2.7227101,2.7227101,none,true,0,0,0,Stand,0.7693478,,,,1,0->0:Exact,NONE
36,0.596391,0.014456,-8949.95,-132.493,83.529526,0,0,0,0,2.7227101,2.7227101,none,true,0,0,0,Stand,0.7838036,,,,1,0->0:Exact,NONE
37,0.610847,0.018520,-8949.95,-132.493,83.529526,0,0,0,0,2.7227101,2.7227101,none,true,0,0,0,Stand,0.8023234,,,,1,0->0:Exact,NONE
38,0.629367,0.016686,-8949.95,-132.493,83.529526,0,0,0,0,2.7227101,2.7227101,none,true,0,0,0,Stand,0.8190093,,,,1,0->0:Exact,NONE
39,0.646053,0.014853,-8949.95,-132.493,83.529526,0,0,0,0,2.7227101,2.7227101,none,true,0,0,0,Stand,0.8338619,,,,1,0->0:Exact,NONE
40,0.660905,0.018656,-8949.95,-132.493,83.529526,0,0,0,0,2.7227101,2.7227101,none,true,0,0,0,Stand,0.85251826,,,,1,0->0:Exact,NONE
41,0.679562,0.014658,-8949.95,-132.493,83.529526,0,0,0,0,2.7227101,2.7227101,none,true,0,0,0,Stand,0.86717576,,,,1,0->0:Exact,NONE
42,0.694219,0.018564,-8949.95,-132.493,83.529526,0,0,0,0,2.7227101,2.7227101,none,true,0,0,0,Stand,0.88573945,,,,1,0->0:Exact,NONE
43,0.712783,0.016685,-8949.95,-132.493,83.529526,0,0,0,0,2.7227101,2.7227101,none,true,0,0,0,Stand,0.9024246,,,,1,0->0:Exact,NONE
44,0.729468,0.014811,-8949.95,-132.493,83.529526,0,0,0,0,2.7227101,2.7227101,none,true,0,0,0,Stand,0.91723526,,,,1,0->0:Exact,NONE
45,0.744279,0.018683,-8949.95,-132.493,83.529526,0,0,0,0,2.7227101,2.7227101,none,true,0,0,0,Stand,0.93591857,,,,1,0->0:Exact,NONE
46,0.762962,0.014786,-8949.95,-132.493,83.529526,0,0,0,0,2.7227101,2.7227101,none,true,0,0,0,Stand,0.9507049,,,,1,0->0:Exact,NONE
47,0.777748,0.018410,-8949.95,-132.493,83.529526,0,0,0,0,2.7227101,2.7227101,none,true,0,0,0,Stand,0.9691145,,,,1,0->0:Exact,NONE
48,0.796158,0.016638,-8949.95,-132.493,83.529526,0,0,0,0,2.7227101,2.7227101,none,true,0,0,0,Stand,0.9857527,,,,1,0->0:Exact,NONE
49,0.812796,0.016733,-8949.95,-132.493,83.529526,0,0,0,0,2.7227101,2.7227101,none,true,0,0,0,Stand,1.0024855,,,,1,0->0:Exact,NONE
50,0.829529,0.016998,-8949.95,-132.493,83.529526,0,0,0,0,2.7227101,2.7227101,none,true,0,0,0,Stand,1.0194838,,,,1,0->0:Exact,NONE
51,0.846527,0.014528,-8949.95,-132.493,83.529526,0,0,0,0,2.7227101,2.7227101,none,true,0,0,0,Stand,1.0340121,,,,1,0->0:Exact,NONE
52,0.861056,0.018523,-8949.95,-132.493,83.529526,0,0,0,0,2.7227101,2.7227101,none,true,0,0,0,Stand,1.0525347,,,,1,0->0:Exact,NONE
53,0.879578,0.017003,-8949.95,-132.493,83.529526,0,0,0,0,2.7227101,2.7227101,none,true,0,0,0,Stand,1.0695374,,,,1,0->0:Exact,NONE
54,0.896581,0.014553,-8949.95,-132.493,83.529526,0,0,0,0,2.7227101,2.7227101,none,true,0,0,0,Stand,1.0840908,,,,1,0->0:Exact,NONE
55,0.911134,0.016775,-8949.95,-132.493,83.529526,0,0,0,0,2.7227101,2.7227101,none,true,0,0,0,Stand,1.1008662,,,,1,0->0:Exact,NONE
56,0.927910,0.018652,-8949.95,-132.493,83.529526,0,0,0,0,2.7227101,2.7227101,none,true,0,0,0,Stand,1.1195186,,,,1,0->0:Exact,NONE
57,0.946562,0.016545,-8949.95,-132.493,83.529526,0,0,0,0,2.7227101,2.7227101,none,true,0,0,0,Stand,1.1360636,,,,1,0->0:Exact,NONE
58,0.963107,0.014742,-8949.95,-132.493,83.529526,0,0,0,0,2.7227101,2.7227101,none,true,0,0,0,Stand,1.1508057,,,,1,0->0:Exact,NONE
59,0.977849,0.016752,-8949.95,-132.493,83.529526,0,0,0,0,2.7227101,2.7227101,none,true,0,0,0,Stand,1.1675575,,,,1,0->0:Exact,NONE
60,0.994601,0.018504,-8949.95,-132.493,83.529526,0,0,0,0,2.7227101,2.7227101,none,true,0,0,0,Stand,1.1860616,,,,1,0->0:Exact,NONE
61,1.013105,0.016620,-8949.95,-132.493,83.529526,0,0,0,0,2.7227101,2.7227101,none,true,0,0,0,Stand,1.2026815,,,,1,0->0:Exact,NONE
62,1.029725,0.016352,-8949.95,-132.493,83.529526,0,0,0,0,2.7227101,2.7227101,none,true,0,0,0,Stand,1.2190334,,,,1,0->0:Exact,NONE
63,1.046077,0.016655,-8949.95,-132.493,83.529526,0,0,0,0,2.7227101,2.7227101,none,true,0,0,0,Stand,1.2356888,,,,1,0->0:Exact,NONE
64,1.062732,0.016926,-8949.95,-132.493,83.529526,0,0,0,0,2.7227101,2.7227101,none,true,0,0,0,Stand,1.2526143,,,,1,0->0:Exact,NONE
65,1.079658,0.016875,-8949.95,-132.493,83.529526,0,0,0,0,2.7227101,2.7227101,none,true,0,0,0,Stand,1.2694892,,,,1,0->0:Exact,NONE
66,1.096533,0.016389,-8949.95,-132.493,83.529526,0,0,0,0,2.7227101,2.7227101,none,true,0,0,0,Stand,1.2858783,,,,1,0->0:Exact,NONE
67,1.112922,0.016707,-8949.95,-132.493,83.529526,0,0,0,0,2.7227101,2.7227101,none,true,0,0,0,Stand,1.3025851,,,,1,0->0:Exact,NONE
68,1.129629,0.016566,-8949.95,-132.493,83.529526,0,0,0,0,2.7227101,2.7227101,none,true,0,0,0,Stand,1.319151,,,,1,0->0:Exact,NONE
69,1.146195,0.016516,-8949.95,-132.493,83.529526,0,0,0,0,2.7227101,2.7227101,none,true,0,0,0,Stand,1.3356665,,,,1,0->0:Exact,NONE
70,1.162710,0.016819,-8949.95,-132.493,83.529526,0,0,0,0,2.7227101,2.7227101,none,true,0,0,0,Stand,1.3524859,,,,1,0->0:Exact,NONE
71,1.179530,0.016347,-8949.95,-132.493,83.529526,0,0,0,0,2.7227101,2.7227101,none,true,0,0,0,Stand,1.3688328,,,,1,0->0:Exact,NONE
72,1.195876,0.017035,-8949.95,-132.493,83.529526,0,0,0,0,2.7227101,2.7227101,none,true,0,0,0,Stand,1.3858674,,,,1,0->0:Exact,NONE
73,1.212911,0.016735,-8949.95,-132.493,83.529526,0,0,0,0,2.7227101,2.7227101,none,true,0,0,0,Stand,1.4026024,,,,1,0->0:Exact,NONE
74,1.229646,0.016483,-8949.95,-132.493,83.529526,0,0,0,0,2.7227101,2.7227101,none,true,0,0,0,Stand,1.4190853,,,,1,0->0:Exact,NONE
75,1.246129,0.015239,-8949.95,-132.493,83.529526,0,0,0,0,2.7227101,2.7227101,none,true,0,0,0,Stand,1.4343246,,,,1,0->0:Exact,NONE
76,1.261368,0.018357,-8949.95,-132.493,83.529526,0,0,0,0,2.7227101,2.7227101,none,true,0,0,0,Stand,1.4526812,,,,1,0->0:Exact,NONE
77,1.279725,0.016610,-8949.95,-132.493,83.529526,0,0,0,0,2.7227101,2.7227101,none,true,0,0,0,Stand,1.4692917,,,,1,0->0:Exact,NONE
78,1.296335,0.017641,-8949.95,-132.493,83.529526,0,0,0,0,2.7227101,2.7227101,none,true,0,0,0,Stand,1.4869329,,,,1,0->0:Exact,NONE
79,1.313977,0.015568,-8949.95,-132.493,83.529526,0,0,0,0,2.7227101,2.7227101,none,true,0,0,0,Stand,1.5025007,,,,1,0->0:Exact,NONE
80,1.329544,0.016824,-8949.95,-132.493,83.529526,0,0,0,0,2.7227101,2.7227101,none,true,0,0,0,Stand,1.5193248,,,,1,0->0:Exact,NONE
81,1.346368,0.016520,-8949.95,-132.493,83.529526,0,0,0,0,2.7227101,2.7227101,none,true,0,0,0,Stand,1.5358449,,,,1,0->0:Exact,NONE
82,1.362889,0.016804,-8949.95,-132.493,83.529526,0,0,0,0,2.7227101,2.7227101,none,true,0,0,0,Stand,1.5526487,,,,1,0->0:Exact,NONE
83,1.379692,0.016822,-8949.95,-132.493,83.529526,0,0,0,0,2.7227101,2.7227101,none,true,0,0,0,Stand,1.5694704,,,,1,0->0:Exact,NONE
84,1.396514,0.016689,-8949.95,-132.493,83.529526,0,0,0,0,2.7227101,2.7227101,none,true,0,0,0,Stand,1.5861595,,,,1,0->0:Exact,NONE
85,1.413203,0.016324,-8949.95,-132.493,83.529526,0,0,0,0,2.7227101,2.7227101,none,true,0,0,0,Stand,1.602484,,,,1,0->0:Exact,NONE
86,1.429528,0.016837,-8949.95,-132.493,83.529526,0,0,0,0,2.7227101,2.7227101,none,true,0,0,0,Stand,1.619321,,,,1,0->0:Exact,NONE
87,1.446365,0.016780,-8949.95,-132.493,83.529526,0,0,0,0,2.7227101,2.7227101,none,true,0,0,0,Stand,1.6361014,,,,1,0->0:Exact,NONE
88,1.463145,0.016769,-8949.95,-132.493,83.529526,0,0,0,0,2.7227101,2.7227101,none,true,0,0,0,Stand,1.6528704,,,,1,0->0:Exact,NONE
89,1.479914,0.016586,-8949.95,-132.493,83.529526,0,0,0,0,2.7227101,2.7227101,none,true,0,0,0,Stand,1.6694561,,,,1,0->0:Exact,NONE
90,1.496500,0.017461,-8949.95,-132.493,83.529526,0,0,0,0,2.7227101,2.7227101,none,true,0,0,0,Stand,1.6869171,,,,1,0->0:Exact,NONE
91,1.513961,0.015900,-8949.95,-132.493,83.529526,0,0,0,0,2.7227101,2.7227101,none,true,0,0,0,Stand,1.7028173,,,,1,0->0:Exact,NONE
92,1.529861,0.016875,-8949.95,-132.493,83.529526,0,0,0,0,2.7227101,2.7227101,none,true,0,0,0,Stand,1.7196925,,,,1,0->0:Exact,NONE
93,1.546736,0.016438,-8949.95,-132.493,83.529526,0,0,0,0,2.7227101,2.7227101,none,true,0,0,0,Stand,1.7361304,,,,1,0->0:Exact,NONE
94,1.563174,0.016843,-8949.95,-132.493,83.529526,0,0,0,0,2.7227101,2.7227101,none,true,0,0,0,Stand,1.7529739,,,,1,0->0:Exact,NONE
95,1.580017,0.016837,-8949.95,-132.493,83.529526,0,0,0,0,2.7227101,2.7227101,none,true,0,0,0,Stand,1.7698112,,,,1,0->0:Exact,NONE
96,1.596855,0.014824,-8949.95,-132.493,83.529526,0,0,0,0,2.7227101,2.7227101,none,true,0,0,0,Stand,1.7846352,,,,1,0->0:Exact,NONE
97,1.611679,0.018261,-8949.95,-132.493,83.529526,0,0,0,0,2.7227101,2.7227101,none,true,0,0,0,Stand,1.8028961,,,,1,0->0:Exact,NONE
98,1.629940,0.016489,-8949.95,-132.493,83.529526,0,0,0,0,2.7227101,2.7227101,none,true,0,0,0,Stand,1.8193853,,,,1,0->0:Exact,NONE
99,1.646429,0.017198,-8949.95,-132.493,83.529526,0,0,0,0,2.7227101,2.7227101,none,true,0,0,0,Stand,1.8365833,,,,1,0->0:Exact,NONE
100,1.663627,0.014780,-8949.95,-132.493,83.529526,0,0,0,0,2.7227101,2.7227101,none,true,0,0,0,Stand,1.8513631,,,,1,0->0:Exact,NONE
101,1.678407,0.018468,-8949.95,-132.493,83.529526,0,0,0,0,2.7227101,2.7227101,none,true,0,0,0,Stand,1.8698312,,,,1,0->0:Exact,NONE
102,1.696875,0.016495,-8949.95,-132.493,83.529526,0,0,0,0,2.7227101,2.7227101,none,true,0,0,0,Stand,1.8863262,,,,1,0->0:Exact,NONE
103,1.713370,0.015193,-8949.95,-132.493,83.529526,0,0,0,0,2.7227101,2.7227101,none,true,0,0,0,Stand,1.9015191,,,,1,0->0:Exact,NONE
104,1.728563,0.018546,-8949.95,-132.493,83.529526,0,0,0,0,2.7227101,2.7227101,none,true,0,0,0,Stand,1.920065,,,,1,0->0:Exact,NONE
105,1.747109,0.014947,-8949.95,-132.493,83.529526,0,0,0,0,2.7227101,2.7227101,none,true,0,0,0,Stand,1.9350117,,,,1,0->0:Exact,NONE
106,1.762055,0.018098,-8949.95,-132.493,83.529526,0,0,0,0,2.7227101,2.7227101,none,true,0,0,0,Stand,1.9531095,,,,1,0->0:Exact,NONE
107,1.780153,0.016507,-8949.95,-132.493,83.529526,0,0,0,0,2.7227101,2.7227101,none,true,0,0,0,Stand,1.9696169,,,,1,0->0:Exact,NONE
108,1.796660,0.015377,-8949.95,-132.493,83.529526,0,0,0,0,2.7227101,2.7227101,none,true,0,0,0,Stand,1.984994,,,,1,0->0:Exact,NONE
109,1.812038,0.018293,-8949.95,-132.493,83.529526,0,0,0,0,2.7227101,2.7227101,none,true,0,0,0,Stand,2.0032868,,,,1,0->0:Exact,NONE
110,1.830330,0.015129,-8949.95,-132.493,83.529526,0,0,0,0,2.7227101,2.7227101,none,true,0,0,0,Stand,2.0184162,,,,1,0->0:Exact,NONE
111,1.845460,0.018107,-8949.95,-132.493,83.529526,0,0,0,0,2.7227101,2.7227101,none,true,0,0,0,Stand,2.0365236,,,,1,0->0:Exact,NONE
112,1.863567,0.016593,-8949.95,-132.493,83.529526,0,0,0,0,2.7227101,2.7227101,none,true,0,0,0,Stand,2.0531168,,,,1,0->0:Exact,NONE
113,1.880160,0.016168,-8949.95,-132.493,83.529526,0,0,0,0,2.7227101,2.7227101,none,true,0,0,0,Stand,2.0692844,,,,1,0->0:Exact,NONE
114,1.896328,0.017117,-8949.95,-132.493,83.529526,0,0,0,0,2.7227101,2.7227101,none,true,0,0,0,Stand,2.086401,,,,1,0->0:Exact,NONE
115,1.913445,0.015034,-8949.95,-132.493,83.529526,0,0,0,0,2.7227101,2.7227101,none,true,0,0,0,Stand,2.1014354,,,,1,0->0:Exact,NONE
116,1.928479,0.018649,-8949.95,-132.493,83.529526,0,0,0,0,2.7227101,2.7227101,none,true,0,0,0,Stand,2.1200843,,,,1,0->0:Exact,NONE
117,1.947128,0.014827,-8949.95,-132.493,83.529526,0,0,0,0,2.7227101,2.7227101,none,true,0,0,0,Stand,2.1349113,,,,1,0->0:Exact,NONE
118,1.961955,0.019776,-8949.95,-132.493,83.529526,0,0,0,0,2.7227101,2.7227101,none,true,0,0,0,Stand,2.1546874,,,,1,0->0:Exact,NONE
119,1.981731,0.015112,-8949.95,-132.493,83.529526,0,0,0,0,2.7227101,2.7227101,none,true,0,0,0,Stand,2.1697996,,,,1,0->0:Exact,NONE
120,1.996843,0.015302,-8949.95,-132.493,83.529526,0,0,0,0,2.7227101,2.7227101,none,true,0,0,0,Stand,2.185102,,,,1,0->0:Exact,NONE
121,2.012146,0.018333,-8949.95,-132.493,83.529526,0,0,0,0,2.7227101,2.7227101,none,true,0,0,0,Stand,2.2034347,,,,1,0->0:Exact,NONE
122,2.030479,0.016867,-8949.95,-132.493,83.529526,0,0,0,0,2.7227101,2.7227101,none,true,0,0,0,Stand,2.2203019,,,,1,0->0:Exact,NONE
123,2.047346,0.014570,-8949.95,-132.493,83.529526,0,0,0,0,2.7227101,2.7227101,none,true,0,0,0,Stand,2.2348719,,,,1,0->0:Exact,NONE
124,2.061916,0.020218,-8949.95,-132.493,83.529526,0,0,0,0,2.7227101,2.7227101,none,true,0,0,0,Stand,2.2550898,,,,1,0->0:Exact,NONE
125,2.082134,0.014799,-8949.95,-132.493,83.529526,0,0,0,0,2.7227101,2.7227101,none,true,0,0,0,Stand,2.2698886,,,,1,0->0:Exact,NONE
126,2.096932,0.016719,-8949.95,-132.493,83.529526,0,0,0,0,2.7227101,2.7227101,none,true,0,0,0,Stand,2.286608,,,,1,0->0:Exact,NONE
127,2.113652,0.015075,-8949.95,-132.493,83.529526,0,0,0,0,2.7227101,2.7227101,none,true,0,0,0,Stand,2.3016827,,,,1,0->0:Exact,NONE
128,2.128727,0.016603,-8949.95,-132.493,83.529526,0,0,0,0,2.7227101,2.7227101,none,true,0,0,0,Stand,2.3182852,,,,1,0->0:Exact,NONE
129,2.145329,0.018613,-8970,-132.493,83.523315,0,0,-0.35906333,0,2.7227101,2.7227101,none,false,-0.35906333,18.612902,0,Stand,2.336898,,,,1,0->0:Exact,NONE
130,2.163942,0.014862,-8970,-132.493,83.51372,0,0,-0.6457753,0,2.7227101,2.7227101,none,false,-0.6457753,33.4753,0,Stand,2.3517604,,,,1,0->0:Exact,NONE
131,2.178805,0.018261,-8970,-132.493,83.49549,0,0,-0.9980462,0,2.7227101,2.7227101,none,false,-0.9980462,51.7361,0,Stand,2.370021,,,,1,0->0:Exact,NONE
132,2.197065,0.015418,-8970,-132.493,83.47552,0,0,-1.2954841,0,2.7227101,2.7227101,none,false,-1.2954841,67.154495,0,Stand,2.3854394,,,,1,0->0:Exact,NONE
133,2.212484,0.018237,-8970,-132.493,83.44547,0,0,-1.6473036,0,2.7227101,2.7227101,none,false,-1.6473036,85.39189,0,Stand,2.4036767,,,,1,0->0:Exact,NONE
134,2.230721,0.016318,-8970,-132.493,83.41345,0,0,-1.9621016,0,2.7227101,2.7227101,none,false,-1.9621016,101.71019,0,Stand,2.419995,,,,1,0->0:Exact,NONE
135,2.247039,0.017435,-8970,-132.493,83.373375,0,0,-2.2984457,0,2.7227101,2.7227101,none,false,-2.2984457,119.145386,0,Stand,2.4374304,,,,1,0->0:Exact,NONE
136,2.264475,0.015874,-8970,-132.493,83.30938,0,0,0,0,2.7227101,2.7227101,none,true,0,0,0,Stand,2.4533048,,,,1,0->0:Exact,MSG_MOVE_FALL_LAND
137,2.280349,0.017802,-8970,-132.493,83.30938,0,0,0,0,2.7227101,2.7227101,none,true,0,0,0,Stand,2.4711065,,,,1,0->0:Exact,NONE
138,2.298151,0.015577,-8970,-132.493,83.30938,0,0,0,0,2.7227101,2.7227101,none,true,0,0,0,Stand,2.4866834,,,,1,0->0:Exact,NONE
139,2.313728,0.016745,-8970,-132.493,83.30938,0,0,0,0,2.7227101,2.7227101,none,true,0,0,0,Stand,2.5034285,,,,1,0->0:Exact,NONE
140,2.330473,0.016773,-8970,-132.493,83.30938,0,0,0,0,2.7227101,2.7227101,none,true,0,0,0,Stand,2.5202012,,,,1,0->0:Exact,NONE
141,2.347246,0.016779,-8970,-132.493,83.30938,0,0,0,0,2.7227101,2.7227101,none,true,0,0,0,Stand,2.5369804,,,,1,0->0:Exact,NONE
142,2.364025,0.016734,-8970,-132.493,83.30938,0,0,0,0,2.7227101,2.7227101,none,true,0,0,0,Stand,2.5537148,,,,1,0->0:Exact,NONE
143,2.380759,0.016236,-8970,-132.493,83.30938,0,0,0,0,2.7227101,2.7227101,none,true,0,0,0,Stand,2.5699503,,,,1,0->0:Exact,NONE
144,2.396995,0.017076,-8970,-132.493,83.30938,0,0,0,0,2.7227101,2.7227101,none,true,0,0,0,Stand,2.587026,,,,1,0->0:Exact,NONE
145,2.414070,0.016528,-8970,-132.493,83.30938,0,0,0,0,2.7227101,2.7227101,none,true,0,0,0,Stand,2.6035533,,,,1,0->0:Exact,NONE
146,2.430598,0.016982,-8970,-132.493,83.30938,0,0,0,0,2.7227101,2.7227101,none,true,0,0,0,Stand,2.6205356,,,,1,0->0:Exact,NONE
147,2.447580,0.016120,-8970,-132.493,83.30938,0,0,0,0,2.7227101,2.7227101,none,true,0,0,0,Stand,2.6366558,,,,1,0->0:Exact,NONE
148,2.463700,0.017258,-8970,-132.493,83.30938,0,0,0,0,2.7227101,2.7227101,none,true,0,0,0,Stand,2.6539135,,,,1,0->0:Exact,NONE
149,2.480958,0.016349,-8970,-132.493,83.30938,0,0,0,0,2.7227101,2.7227101,none,true,0,0,0,Stand,2.6702628,,,,1,0->0:Exact,NONE
150,2.497308,0.016626,-8970,-132.493,83.30938,0,0,0,0,2.7227101,2.7227101,none,true,0,0,0,Stand,2.6868885,,,,1,0->0:Exact,NONE
151,2.513933,0.016696,-8970,-132.493,83.30938,0,0,0,0,2.7227101,2.7227101,none,true,0,0,0,Stand,2.7035847,,,,1,0->0:Exact,NONE
152,2.530630,0.016375,-8970,-132.493,83.30938,0,0,0,0,2.7227101,2.7227101,none,true,0,0,0,Stand,2.7199593,,,,1,0->0:Exact,NONE
153,2.547004,0.015349,-8970,-132.493,83.30938,0,0,0,0,2.7227101,2.7227101,none,true,0,0,0,Stand,2.7353082,,,,1,0->0:Exact,NONE
154,2.562353,0.016956,-8970,-132.493,83.30938,0,0,0,0,2.7227101,2.7227101,none,true,0,0,0,Stand,2.752264,,,,1,0->0:Exact,NONE
155,2.579309,0.016683,-8970,-132.493,83.30938,0,0,0,0,2.7227101,2.7227101,none,true,0,0,0,Stand,2.7689471,,,,1,0->0:Exact,NONE
156,2.595992,0.016469,-8970,-132.493,83.30938,0,0,0,0,2.7227101,2.7227101,none,true,0,0,0,Stand,2.7854156,,,,1,0->0:Exact,NONE
157,2.612460,0.016580,-8970,-132.493,83.30938,0,0,0,0,2.7227101,2.7227101,none,true,0,0,0,Stand,2.8019955,,,,1,0->0:Exact,NONE
158,2.629040,0.017358,-8970,-132.493,83.30938,0,0,0,0,2.7227101,2.7227101,none,true,0,0,0,Stand,2.8193538,,,,1,0->0:Exact,NONE
159,2.646399,0.015997,-8970,-132.493,83.30938,0,0,0,0,2.7227101,2.7227101,none,true,0,0,0,Stand,2.8353512,,,,1,0->0:Exact,NONE
160,2.662396,0.016712,-8970,-132.493,83.30938,0,0,0,0,2.7227101,2.7227101,none,true,0,0,0,Stand,2.8520634,,,,1,0->0:Exact,NONE
161,2.679109,0.018275,-8970,-132.493,83.30938,0,0,0,0,2.7227101,2.7227101,none,true,0,0,0,Stand,2.8703382,,,,1,0->0:Exact,NONE
162,2.697383,0.015228,-8970,-132.493,83.30938,0,0,0,0,2.7227101,2.7227101,none,true,0,0,0,Stand,2.885566,,,,1,0->0:Exact,NONE
163,2.712611,0.016630,-8970,-132.493,83.30938,0,0,0,0,2.7227101,2.7227101,none,true,0,0,0,Stand,2.9021957,,,,1,0->0:Exact,NONE
164,2.729241,0.016959,-8970,-132.493,83.30938,0,0,0,0,2.7227101,2.7227101,none,true,0,0,0,Stand,2.919155,,,,1,0->0:Exact,NONE
165,2.746200,0.016565,-8970,-132.493,83.30938,0,0,0,0,2.7227101,2.7227101,none,true,0,0,0,Stand,2.9357195,,,,1,0->0:Exact,NONE
166,2.762765,0.016517,-8970,-132.493,83.30938,0,0,0,0,2.7227101,2.7227101,none,true,0,0,0,Stand,2.952237,,,,1,0->0:Exact,NONE
167,2.779282,0.016960,-8970,-132.493,83.30938,0,0,0,0,2.7227101,2.7227101,none,true,0,0,0,Stand,2.969197,,,,1,0->0:Exact,NONE
168,2.796242,0.016592,-8970,-132.493,83.30938,0,0,0,0,2.7227101,2.7227101,none,true,0,0,0,Stand,2.9857888,,,,1,0->0:Exact,NONE
169,2.812834,0.016813,-8970,-132.493,83.30938,0,0,0,0,2.7227101,2.7227101,none,true,0,0,0,Stand,3.0026019,,,,1,0->0:Exact,NONE
170,2.829647,0.016571,-8970,-132.493,83.30938,0,0,0,0,2.7227101,2.7227101,none,true,0,0,0,Stand,3.0191731,,,,1,0->0:Exact,NONE
171,2.846218,0.016709,-8970,-132.493,83.30938,0,0,0,0,2.7227101,2.7227101,none,true,0,0,0,Stand,3.035882,,,,1,0->0:Exact,NONE
172,2.862927,0.016835,-8970,-132.493,83.30938,0,0,0,0,2.7227101,2.7227101,none,true,0,0,0,Stand,3.0527174,,,,1,0->0:Exact,NONE
173,2.879763,0.017171,-8970,-132.493,83.30938,0,0,0,0,2.7227101,2.7227101,none,true,0,0,0,Stand,3.0698888,,,,1,0->0:Exact,NONE
174,2.896934,0.015918,-8970,-132.493,83.30938,0,0,0,0,2.7227101,2.7227101,none,true,0,0,0,Stand,3.085807,,,,1,0->0:Exact,NONE
175,2.912852,0.016565,-8970,-132.493,83.30938,0,0,0,0,2.7227101,2.7227101,none,true,0,0,0,Stand,3.102372,,,,1,0->0:Exact,NONE
176,2.929417,0.016632,-8970,-132.493,83.30938,0,0,0,0,2.7227101,2.7227101,none,true,0,0,0,Stand,3.1190038,,,,1,0->0:Exact,NONE
177,2.946049,0.017093,-8970,-132.493,83.30938,0,0,0,0,2.7227101,2.7227101,none,true,0,0,0,Stand,3.136097,,,,1,0->0:Exact,NONE
178,2.963142,0.016746,-8970,-132.493,83.30938,0,0,0,0,2.7227101,2.7227101,none,true,0,0,0,Stand,3.152843,,,,1,0->0:Exact,NONE
179,2.979888,0.016102,-8970,-132.493,83.30938,0,0,0,0,2.7227101,2.7227101,none,true,0,0,0,Stand,3.1689446,,,,1,0->0:Exact,NONE
180,2.995990,0.017002,-8970,-132.493,83.30938,0,0,0,0,2.7227101,2.7227101,none,true,0,0,0,Stand,3.1859465,,,,1,0->0:Exact,NONE
181,3.012991,0.016961,-8970,-132.493,83.30938,0,0,0,0,2.7227101,2.7227101,none,true,0,0,0,Stand,3.2029078,,,,1,0->0:Exact,NONE
182,3.029953,0.016326,-8970,-132.493,83.30938,0,0,0,0,2.7227101,2.7227101,none,true,0,0,0,Stand,3.219234,,,,1,0->0:Exact,NONE
183,3.046279,0.016705,-8970,-132.493,83.30938,0,0,0,0,2.7227101,2.7227101,none,true,0,0,0,Stand,3.2359388,,,,1,0->0:Exact,NONE
184,3.062984,0.017156,-8970,-132.493,83.30938,0,0,0,0,2.7227101,2.7227101,none,true,0,0,0,Stand,3.2530947,,,,1,0->0:Exact,NONE
185,3.080139,0.016122,-8970,-132.493,83.30938,0,0,0,0,2.7227101,2.7227101,none,true,0,0,0,Stand,3.2692163,,,,1,0->0:Exact,NONE
186,3.096261,0.016738,-8970,-132.493,83.30938,0,0,0,0,2.7227101,2.7227101,none,true,0,0,0,Stand,3.2859547,,,,1,0->0:Exact,NONE
187,3.112999,0.016995,-8970,-132.493,83.30938,0,0,0,0,2.7227101,2.7227101,none,true,0,0,0,Stand,3.3029494,,,,1,0->0:Exact,NONE
188,3.129994,0.016020,-8970,-132.493,83.30938,0,0,0,0,2.7227101,2.7227101,none,true,0,0,0,Stand,3.31897,,,,1,0->0:Exact,NONE
189,3.146014,0.017371,-8970,-132.493,83.30938,0,0,0,0,2.7227101,2.7227101,none,true,0,0,0,Stand,3.336341,,,,1,0->0:Exact,NONE
190,3.163385,0.016646,-8970,-132.493,83.30938,0,0,0,0,2.7227101,2.7227101,none,true,0,0,0,Stand,3.352987,,,,1,0->0:Exact,NONE
191,3.180032,0.018012,-8970,-132.493,83.30938,0,0,0,0,2.7227101,2.7227101,none,true,0,0,0,Stand,3.3709986,,,,1,0->0:Exact,NONE
192,3.198043,0.014904,-8970,-132.493,83.30938,0,0,0,0,2.7227101,2.7227101,none,true,0,0,0,Stand,3.385903,,,,1,0->0:Exact,NONE
193,3.212947,0.016607,-8970,-132.493,83.30938,0,0,0,0,2.7227101,2.7227101,none,true,0,0,0,Stand,3.4025095,,,,1,0->0:Exact,NONE
194,3.229554,0.016864,-8970,-132.493,83.30938,0,0,0,0,2.7227101,2.7227101,none,true,0,0,0,Stand,3.4193733,,,,1,0->0:Exact,NONE
195,3.246418,0.016683,-8970,-132.493,83.30938,0,0,0,0,2.7227101,2.7227101,none,true,0,0,0,Stand,3.4360561,,,,1,0->0:Exact,NONE
196,3.263101,0.016762,-8970,-132.493,83.30938,0,0,0,0,2.7227101,2.7227101,none,true,0,0,0,Stand,3.4528177,,,,1,0->0:Exact,NONE
197,3.279862,0.016555,-8970,-132.493,83.30938,0,0,0,0,2.7227101,2.7227101,none,true,0,0,0,Stand,3.469373,,,,1,0->0:Exact,NONE
198,3.296418,0.016911,-8970,-132.493,83.30938,0,0,0,0,2.7227101,2.7227101,none,true,0,0,0,Stand,3.4862845,,,,1,0->0:Exact,NONE
199,3.313329,0.016646,-8970,-132.493,83.30938,0,0,0,0,2.7227101,2.7227101,none,true,0,0,0,Stand,3.5029302,,,,1,0->0:Exact,NONE
200,3.329975,0.016550,-8970,-132.493,83.30938,0,0,0,0,2.7227101,2.7227101,none,true,0,0,0,Stand,3.5194802,,,,1,0->0:Exact,NONE
201,3.346525,0.016735,-8970,-132.493,83.30938,0,0,0,0,2.7227101,2.7227101,none,true,0,0,0,Stand,3.5362155,,,,1,0->0:Exact,NONE
202,3.363260,0.016672,-8970,-132.493,83.30938,0,0,0,0,2.7227101,2.7227101,none,true,0,0,0,Stand,3.5528877,,,,1,0->0:Exact,NONE
203,3.379932,0.017268,-8970,-132.493,83.30938,0,0,0,0,2.7227101,2.7227101,none,true,0,0,0,Stand,3.5701559,,,,1,0->0:Exact,NONE
204,3.397200,0.015973,-8970,-132.493,83.30938,0,0,0,0,2.7227101,2.7227101,none,true,0,0,0,Stand,3.5861287,,,,1,0->0:Exact,NONE
205,3.413173,0.016711,-8970,-132.493,83.30938,0,0,0,0,2.7227101,2.7227101,none,true,0,0,0,Stand,3.6028395,,,,1,0->0:Exact,NONE
206,3.429884,0.016623,-8970,-132.493,83.30938,0,0,0,0,2.7227101,2.7227101,none,true,0,0,0,Stand,3.6194623,,,,1,0->0:Exact,NONE
207,3.446507,0.016599,-8970,-132.493,83.30938,0,0,0,0,2.7227101,2.7227101,none,true,0,0,0,Stand,3.6360612,,,,1,0->0:Exact,NONE
208,3.463106,0.016812,-8970,-132.493,83.30938,0,0,0,0,2.7227101,2.7227101,none,true,0,0,0,Stand,3.6528733,,,,1,0->0:Exact,NONE
209,3.479918,0.016549,-8970,-132.493,83.30938,0,0,0,0,2.7227101,2.7227101,none,true,0,0,0,Stand,3.6694224,,,,1,0->0:Exact,NONE
210,3.496467,0.017219,-8970,-132.493,83.30938,0,0,0,0,2.7227101,2.7227101,none,true,0,0,0,Stand,3.686641,,,,1,0->0:Exact,NONE
211,3.513685,0.016424,-8970,-132.493,83.30938,0,0,0,0,2.7227101,2.7227101,none,true,0,0,0,Stand,3.703065,,,,1,0->0:Exact,NONE
212,3.530109,0.016542,-8970,-132.493,83.30938,0,0,0,0,2.7227101,2.7227101,none,true,0,0,0,Stand,3.719607,,,,1,0->0:Exact,NONE
213,3.546651,0.016626,-8970,-132.493,83.30938,0,0,0,0,2.7227101,2.7227101,none,true,0,0,0,Stand,3.7362335,,,,1,0->0:Exact,NONE
214,3.563278,0.016666,-8970,-132.493,83.30938,0,0,0,0,2.7227101,2.7227101,none,true,0,0,0,Stand,3.7528996,,,,1,0->0:Exact,NONE
215,3.579944,0.016791,-8970,-132.493,83.30938,0,0,0,0,2.7227101,2.7227101,none,true,0,0,0,Stand,3.7696908,,,,1,0->0:Exact,NONE
216,3.596735,0.016624,-8970,-132.493,83.30938,0,0,0,0,2.7227101,2.7227101,none,true,0,0,0,Stand,3.786315,,,,1,0->0:Exact,NONE
217,3.613359,0.016641,-8970,-132.493,83.30938,0,0,0,0,2.7227101,2.7227101,none,true,0,0,0,Stand,3.8029566,,,,1,0->0:Exact,NONE
218,3.630001,0.016782,-8970,-132.493,83.30938,0,0,0,0,2.7227101,2.7227101,none,true,0,0,0,Stand,3.8197381,,,,1,0->0:Exact,NONE
219,3.646782,0.016634,-8970,-132.493,83.30938,0,0,0,0,2.7227101,2.7227101,none,true,0,0,0,Stand,3.836372,,,,1,0->0:Exact,NONE
220,3.663416,0.016634,-8970,-132.493,83.30938,0,0,0,0,2.7227101,2.7227101,none,true,0,0,0,Stand,3.853006,,,,1,0->0:Exact,NONE
221,3.680050,0.018117,-8970,-132.493,83.30938,0,0,0,0,2.7227101,2.7227101,none,true,0,0,0,Stand,3.871123,,,,1,0->0:Exact,NONE
222,3.698167,0.015142,-8970,-132.493,83.30938,0,0,0,0,2.7227101,2.7227101,none,true,0,0,0,Stand,3.8862648,,,,1,0->0:Exact,NONE
223,3.713309,0.016798,-8970,-132.493,83.30938,0,0,0,0,2.7227101,2.7227101,none,true,0,0,0,Stand,3.9030628,,,,1,0->0:Exact,NONE
224,3.730107,0.016782,-8970,-132.493,83.30938,0,0,0,0,2.7227101,2.7227101,none,true,0,0,0,Stand,3.919845,,,,1,0->0:Exact,NONE
225,3.746889,0.016820,-8970,-132.493,83.30938,0,0,0,0,2.7227101,2.7227101,none,true,0,0,0,Stand,3.9366653,,,,1,0->0:Exact,NONE
226,3.763710,0.016445,-8970,-132.493,83.30938,0,0,0,0,2.7227101,2.7227101,none,true,0,0,0,Stand,3.9531105,,,,1,0->0:Exact,NONE
227,3.780155,0.016655,-8970,-132.493,83.30938,0,0,0,0,2.7227101,2.7227101,none,true,0,0,0,Stand,3.969765,,,,1,0->0:Exact,NONE
228,3.796809,0.016699,-8970,-132.493,83.30938,0,0,0,0,2.7227101,2.7227101,none,true,0,0,0,Stand,3.986464,,,,1,0->0:Exact,NONE
229,3.813508,0.016702,-8970,-132.493,83.30938,0,0,0,0,2.7227101,2.7227101,none,true,0,0,0,Stand,4.0031657,,,,1,0->0:Exact,NONE
230,3.830210,0.016713,-8970,-132.493,83.30938,0,0,0,0,2.7227101,2.7227101,none,true,0,0,0,Stand,4.019879,,,,1,0->0:Exact,NONE
231,3.846923,0.016805,-8970,-132.493,83.30938,0,0,0,0,2.7227101,2.7227101,none,true,0,0,0,Stand,4.036684,,,,1,0->0:Exact,NONE
232,3.863728,0.016525,-8970,-132.493,83.30938,0,0,0,0,2.7227101,2.7227101,none,true,0,0,0,Stand,4.053209,,,,1,0->0:Exact,NONE
233,3.880253,0.017302,-8970,-132.493,83.30938,0,0,0,0,2.7227101,2.7227101,none,true,0,0,0,Stand,4.070511,,,,1,0->0:Exact,NONE
234,3.897555,0.016005,-8970,-132.493,83.30938,0,0,0,0,2.7227101,2.7227101,none,true,0,0,0,Stand,4.0865164,,,,1,0->0:Exact,NONE
235,3.913561,0.016698,-8970,-132.493,83.30938,0,0,0,0,2.7227101,2.7227101,none,true,0,0,0,Stand,4.1032143,,,,1,0->0:Exact,NONE
236,3.930259,0.016676,-8970,-132.493,83.30938,0,0,0,0,2.7227101,2.7227101,none,true,0,0,0,Stand,4.1198897,,,,1,0->0:Exact,NONE
237,3.946934,0.016696,-8970,-132.493,83.30938,0,0,0,0,2.7227101,2.7227101,none,true,0,0,0,Stand,4.136585,,,,1,0->0:Exact,NONE
238,3.963630,0.016631,-8970,-132.493,83.30938,0,0,0,0,2.7227101,2.7227101,none,true,0,0,0,Stand,4.1532164,,,,1,0->0:Exact,NONE
239,3.980261,0.016804,-8970,-132.493,83.30938,0,0,0,0,2.7227101,2.7227101,none,true,0,0,0,Stand,4.17002,,,,1,0->0:Exact,NONE
240,3.997065,0.016596,-8970,-132.493,83.30938,0,0,0,0,2.7227101,2.7227101,none,true,0,0,0,Stand,4.1866164,,,,1,0->0:Exact,NONE
241,4.013661,0.016811,-8970,-132.493,83.30938,0,0,0,0,2.7227101,2.7227101,none,true,0,0,0,Stand,4.2034273,,,,1,0->0:Exact,NONE
242,4.030472,0.016472,-8970,-132.493,83.30938,0,0,0,0,2.7227101,2.7227101,none,true,0,0,0,Stand,4.219899,,,,1,0->0:Exact,NONE
243,4.046944,0.016750,-8970,-132.493,83.30938,0,0,0,0,2.7227101,2.7227101,none,true,0,0,0,Stand,4.2366495,,,,1,0->0:Exact,NONE
244,4.063694,0.016639,-8970,-132.493,83.30938,0,0,0,0,2.7227101,2.7227101,none,true,0,0,0,Stand,4.2532887,,,,1,0->0:Exact,NONE
245,4.080333,0.016811,-8970,-132.493,83.30938,0,0,0,0,2.7227101,2.7227101,none,true,0,0,0,Stand,4.2701,,,,1,0->0:Exact,NONE
246,4.097144,0.016455,-8970,-132.493,83.30938,0,0,0,0,2.7227101,2.7227101,none,true,0,0,0,Stand,4.2865553,,,,1,0->0:Exact,NONE
247,4.113600,0.017493,-8970,-132.493,83.30938,0,0,0,0,2.7227101,2.7227101,none,true,0,0,0,Stand,4.3040485,,,,1,0->0:Exact,NONE
248,4.131093,0.016031,-8970,-132.493,83.30938,0,0,0,0,2.7227101,2.7227101,none,true,0,0,0,Stand,4.3200793,,,,1,0->0:Exact,NONE
249,4.147124,0.016713,-8970,-132.493,83.30938,0,0,0,0,2.7227101,2.7227101,none,true,0,0,0,Stand,4.336792,,,,1,0->0:Exact,NONE
250,4.163837,0.017048,-8970,-132.493,83.30938,0,0,0,0,2.7227101,2.7227101,none,true,0,0,0,Stand,4.3538404,,,,1,0->0:Exact,NONE
251,4.180885,0.017800,-8970,-132.493,83.30938,0,0,0,0,2.7227101,2.7227101,none,true,0,0,0,Stand,4.37164,,,,1,0->0:Exact,NONE
252,4.198685,0.015187,-8970,-132.493,83.30938,0,0,0,0,2.7227101,2.7227101,none,true,0,0,0,Stand,4.3868275,,,,1,0->0:Exact,NONE
253,4.213872,0.016925,-8970,-132.493,83.30938,0,0,0,0,2.7227101,2.7227101,none,true,0,0,0,Stand,4.4037523,,,,1,0->0:Exact,NONE
254,4.230797,0.016729,-8970,-132.493,83.30938,0,0,0,0,2.7227101,2.7227101,none,true,0,0,0,Stand,4.4204817,,,,1,0->0:Exact,NONE
255,4.247527,0.016452,-8970,-132.493,83.30938,0,0,0,0,2.7227101,2.7227101,none,true,0,0,0,Stand,4.436934,,,,1,0->0:Exact,NONE
256,4.263979,0.017172,-8970,-132.493,83.30938,0,0,0,0,2.7227101,2.7227101,none,true,0,0,0,Stand,4.454106,,,,1,0->0:Exact,NONE
257,4.281151,0.016200,-8970,-132.493,83.30938,0,0,0,0,2.7227101,2.7227101,none,true,0,0,0,Stand,4.4703054,,,,1,0->0:Exact,NONE
258,4.297350,0.016867,-8970,-132.493,83.30938,0,0,0,0,2.7227101,2.7227101,none,true,0,0,0,Stand,4.487173,,,,1,0->0:Exact,NONE
259,4.314218,0.016365,-8970,-132.493,83.30938,0,0,0,0,2.7227101,2.7227101,none,true,0,0,0,Stand,4.5035377,,,,1,0->0:Exact,NONE
260,4.330583,0.016727,-8970,-132.493,83.30938,0,0,0,0,2.7227101,2.7227101,none,true,0,0,0,Stand,4.520265,,,,1,0->0:Exact,NONE
261,4.347310,0.016589,-8970,-132.493,83.30938,0,0,0,0,2.7227101,2.7227101,none,true,0,0,0,Stand,4.5368543,,,,1,0->0:Exact,NONE
262,4.363899,0.016760,-8970,-132.493,83.30938,0,0,0,0,2.7227101,2.7227101,none,true,0,0,0,Stand,4.553614,,,,1,0->0:Exact,NONE
263,4.380659,0.017520,-8970,-132.493,83.30938,0,0,0,0,2.7227101,2.7227101,none,true,0,0,0,Stand,4.5711346,,,,1,0->0:Exact,NONE
264,4.398180,0.015745,-8970,-132.493,83.30938,0,0,0,0,2.7227101,2.7227101,none,true,0,0,0,Stand,4.5868793,,,,1,0->0:Exact,NONE
265,4.413924,0.016869,-8970,-132.493,83.30938,0,0,0,0,2.7227101,2.7227101,none,true,0,0,0,Stand,4.603748,,,,1,0->0:Exact,NONE
266,4.430793,0.016697,-8970,-132.493,83.30938,0,0,0,0,2.7227101,2.7227101,none,true,0,0,0,Stand,4.620445,,,,1,0->0:Exact,NONE
267,4.447490,0.016628,-8970,-132.493,83.30938,0,0,0,0,2.7227101,2.7227101,none,true,0,0,0,Stand,4.637073,,,,1,0->0:Exact,NONE
268,4.464118,0.016539,-8970,-132.493,83.30938,0,0,0,0,2.7227101,2.7227101,none,true,0,0,0,Stand,4.6536117,,,,1,0->0:Exact,NONE
269,4.480657,0.016991,-8970,-132.493,83.30938,0,0,0,0,2.7227101,2.7227101,none,true,0,0,0,Stand,4.6706023,,,,1,0->0:Exact,NONE
270,4.497648,0.016424,-8970,-132.493,83.30938,0,0,0,0,2.7227101,2.7227101,none,true,0,0,0,Stand,4.687026,,,,1,0->0:Exact,NONE
271,4.514071,0.017193,-8970,-132.493,83.30938,0,0,0,0,2.7227101,2.7227101,none,true,0,0,0,Stand,4.7042193,,,,1,0->0:Exact,NONE
272,4.531264,0.016115,-8970,-132.493,83.30938,0,0,0,0,2.7227101,2.7227101,none,true,0,0,0,Stand,4.7203345,,,,1,0->0:Exact,NONE
273,4.547379,0.016576,-8970,-132.493,83.30938,0,0,0,0,2.7227101,2.7227101,none,true,0,0,0,Stand,4.736911,,,,1,0->0:Exact,NONE
274,4.563955,0.016693,-8970,-132.493,83.30938,0,0,0,0,2.7227101,2.7227101,none,true,0,0,0,Stand,4.753604,,,,1,0->0:Exact,NONE
275,4.580648,0.016899,-8970,-132.493,83.30938,0,0,0,0,2.7227101,2.7227101,none,true,0,0,0,Stand,4.7705035,,,,1,0->0:Exact,NONE
276,4.597548,0.016670,-8970,-132.493,83.30938,0,0,0,0,2.7227101,2.7227101,none,true,0,0,0,Stand,4.7871737,,,,1,0->0:Exact,NONE
277,4.614218,0.016558,-8970,-132.493,83.30938,0,0,0,0,2.7227101,2.7227101,none,true,0,0,0,Stand,4.8037314,,,,1,0->0:Exact,NONE
278,4.630776,0.016701,-8970,-132.493,83.30938,0,0,0,0,2.7227101,2.7227101,none,true,0,0,0,Stand,4.8204327,,,,1,0->0:Exact,NONE
279,4.647477,0.016816,-8970,-132.493,83.30938,0,0,0,0,2.7227101,2.7227101,none,true,0,0,0,Stand,4.837249,,,,1,0->0:Exact,NONE
280,4.664293,0.016625,-8970,-132.493,83.30938,0,0,0,0,2.7227101,2.7227101,none,true,0,0,0,Stand,4.853874,,,,1,0->0:Exact,NONE
281,4.680918,0.018474,-8970,-132.493,83.30938,0,0,0,0,2.7227101,2.7227101,none,true,0,0,0,Stand,4.872348,,,,1,0->0:Exact,NONE
282,4.699392,0.014795,-8970,-132.493,83.30938,0,0,0,0,2.7227101,2.7227101,none,true,0,0,0,Stand,4.887143,,,,1,0->0:Exact,NONE
283,4.714187,0.017053,-8970,-132.493,83.30938,0,0,0,0,2.7227101,2.7227101,none,true,0,0,0,Stand,4.904196,,,,1,0->0:Exact,NONE
284,4.731240,0.016230,-8970,-132.493,83.30938,0,0,0,0,2.7227101,2.7227101,none,true,0,0,0,Stand,4.9204254,,,,1,0->0:Exact,NONE
285,4.747470,0.016869,-8970,-132.493,83.30938,0,0,0,0,2.7227101,2.7227101,none,true,0,0,0,Stand,4.9372945,,,,1,0->0:Exact,NONE
286,4.764339,0.016787,-8970,-132.493,83.30938,0,0,0,0,2.7227101,2.7227101,none,true,0,0,0,Stand,4.9540815,,,,1,0->0:Exact,NONE
287,4.781126,0.016686,-8970,-132.493,83.30938,0,0,0,0,2.7227101,2.7227101,none,true,0,0,0,Stand,4.970768,,,,1,0->0:Exact,NONE
288,4.797813,0.016515,-8970,-132.493,83.30938,0,0,0,0,2.7227101,2.7227101,none,true,0,0,0,Stand,4.9872828,,,,1,0->0:Exact,NONE
289,4.814327,0.016522,-8970,-132.493,83.30938,0,0,0,0,2.7227101,2.7227101,none,true,0,0,0,Stand,5.0038047,,,,1,0->0:Exact,NONE
290,4.830849,0.016642,-8970,-132.493,83.30938,0,0,0,0,2.7227101,2.7227101,none,true,0,0,0,Stand,5.020447,,,,1,0->0:Exact,NONE
291,4.847491,0.017230,-8970,-132.493,83.30938,0,0,0,0,2.7227101,2.7227101,none,true,0,0,0,Stand,5.0376773,,,,1,0->0:Exact,NONE
292,4.864722,0.016372,-8970,-132.493,83.30938,0,0,0,0,2.7227101,2.7227101,none,true,0,0,0,Stand,5.054049,,,,1,0->0:Exact,NONE
293,4.881094,0.017877,-8970,-132.493,83.30938,0,0,0,0,2.7227101,2.7227101,none,true,0,0,0,Stand,5.0719256,,,,1,0->0:Exact,NONE
294,4.898970,0.015435,-8970,-132.493,83.30938,0,0,0,0,2.7227101,2.7227101,none,true,0,0,0,Stand,5.087361,,,,1,0->0:Exact,NONE
295,4.914406,0.016686,-8970,-132.493,83.30938,0,0,0,0,2.7227101,2.7227101,none,true,0,0,0,Stand,5.104047,,,,1,0->0:Exact,NONE
296,4.931092,0.016704,-8970,-132.493,83.30938,0,0,0,0,2.7227101,2.7227101,none,true,0,0,0,Stand,5.120751,,,,1,0->0:Exact,NONE
297,4.947796,0.016851,-8970,-132.493,83.30938,0,0,0,0,2.7227101,2.7227101,none,true,0,0,0,Stand,5.1376014,,,,1,0->0:Exact,NONE
298,4.964647,0.016911,-8970,-132.493,83.30938,0,0,0,0,2.7227101,2.7227101,none,true,0,0,0,Stand,5.1545124,,,,1,0->0:Exact,NONE
299,4.981558,0.016082,-8970,-132.493,83.30938,0,0,0,0,2.7227101,2.7227101,none,true,0,0,0,Stand,5.170594,,,,1,0->0:Exact,NONE
300,4.997640,0.016991,-8970,-132.493,83.30938,0,0,0,0,2.7227101,2.7227101,none,true,0,0,0,Stand,5.187585,,,,1,0->0:Exact,NONE
301,5.014630,0.016423,-8970,-132.493,83.30938,0,0,0,0,2.7227101,2.7227101,none,true,0,0,0,Stand,5.2040076,,,,1,0->0:Exact,NONE
302,5.031053,0.016871,-8970,-132.493,83.30938,0,0,0,0,2.7227101,2.7227101,none,true,0,0,0,Stand,5.220878,,,,1,0->0:Exact,NONE
303,5.047924,0.016586,-8970,-132.493,83.30938,0,0,0,0,2.7227101,2.7227101,none,true,0,0,0,Stand,5.237464,,,,1,0->0:Exact,NONE
304,5.064510,0.017332,-8970,-132.493,83.30938,0,0,0,0,2.7227101,2.7227101,none,true,0,0,0,Stand,5.2547956,,,,1,0->0:Exact,NONE
305,5.081841,0.016170,-8970,-132.493,83.30938,0,0,0,0,2.7227101,2.7227101,none,true,0,0,0,Stand,5.2709656,,,,1,0->0:Exact,NONE
306,5.098011,0.016842,-8970,-132.493,83.30938,0,0,0,0,2.7227101,2.7227101,none,true,0,0,0,Stand,5.2878075,,,,1,0->0:Exact,NONE
307,5.114853,0.017219,-8970,-132.493,83.30938,0,0,0,0,2.7227101,2.7227101,none,true,0,0,0,Stand,5.305026,,,,1,0->0:Exact,NONE
308,5.132072,0.016613,-8970,-132.493,83.30938,0,0,0,0,2.7227101,2.7227101,none,true,0,0,0,Stand,5.321639,,,,1,0->0:Exact,NONE
309,5.148685,0.015901,-8970,-132.493,83.30938,0,0,0,0,2.7227101,2.7227101,none,true,0,0,0,Stand,5.3375397,,,,1,0->0:Exact,NONE
310,5.164585,0.017152,-8970,-132.493,83.30938,0,0,0,0,2.7227101,2.7227101,none,true,0,0,0,Stand,5.354692,,,,1,0->0:Exact,NONE
311,5.181737,0.017818,-8970,-132.493,83.30938,0,0,0,0,2.7227101,2.7227101,none,true,0,0,0,Stand,5.3725104,,,,1,0->0:Exact,NONE
312,5.199556,0.015148,-8970,-132.493,83.30938,0,0,0,0,2.7227101,2.7227101,none,true,0,0,0,Stand,5.3876586,,,,1,0->0:Exact,NONE
313,5.214704,0.016861,-8970,-132.493,83.30938,0,0,0,0,2.7227101,2.7227101,none,true,0,0,0,Stand,5.4045196,,,,1,0->0:Exact,NONE
314,5.231565,0.016745,-8970,-132.493,83.30938,0,0,0,0,2.7227101,2.7227101,none,true,0,0,0,Stand,5.4212646,,,,1,0->0:Exact,NONE
315,5.248310,0.016769,-8970,-132.493,83.30938,0,0,0,0,2.7227101,2.7227101,none,true,0,0,0,Stand,5.438033,,,,1,0->0:Exact,NONE
316,5.265078,0.016581,-8970,-132.493,83.30938,0,0,0,0,2.7227101,2.7227101,none,true,0,0,0,Stand,5.4546137,,,,1,0->0:Exact,NONE
317,5.281659,0.016692,-8970,-132.493,83.30938,0,0,0,0,2.7227101,2.7227101,none,true,0,0,0,Stand,5.4713054,,,,1,0->0:Exact,NONE
318,5.298351,0.016758,-8970,-132.493,83.30938,0,0,0,0,2.7227101,2.7227101,none,true,0,0,0,Stand,5.488063,,,,1,0->0:Exact,NONE
319,5.315109,0.016453,-8970,-132.493,83.30938,0,0,0,0,2.7227101,2.7227101,none,true,0,0,0,Stand,5.504515,,,,1,0->0:Exact,NONE
320,5.331561,0.016666,-8970,-132.493,83.30938,0,0,0,0,2.7227101,2.7227101,none,true,0,0,0,Stand,5.521181,,,,1,0->0:Exact,NONE
321,5.348227,0.016868,-8970,-132.493,83.30938,0,0,0,0,2.7227101,2.7227101,none,true,0,0,0,Stand,5.538049,,,,1,0->0:Exact,NONE
322,5.365095,0.016535,-8970,-132.493,83.30938,0,0,0,0,2.7227101,2.7227101,none,true,0,0,0,Stand,5.5545845,,,,1,0->0:Exact,NONE
323,5.381631,0.017595,-8970,-132.493,83.30938,0,0,0,0,2.7227101,2.7227101,none,true,0,0,0,Stand,5.5721793,,,,1,0->0:Exact,NONE
324,5.399225,0.015650,-8970,-132.493,83.30938,0,0,0,0,2.7227101,2.7227101,none,true,0,0,0,Stand,5.5878296,,,,1,0->0:Exact,NONE
325,5.414876,0.016724,-8970,-132.493,83.30938,0,0,0,0,2.7227101,2.7227101,none,true,0,0,0,Stand,5.6045537,,,,1,0->0:Exact,NONE
326,5.431600,0.016665,-8970,-132.493,83.30938,0,0,0,0,2.7227101,2.7227101,none,true,0,0,0,Stand,5.621219,,,,1,0->0:Exact,NONE
327,5.448265,0.016660,-8970,-132.493,83.30938,0,0,0,0,2.7227101,2.7227101,none,true,0,0,0,Stand,5.637879,,,,1,0->0:Exact,NONE
328,5.464925,0.016856,-8970,-132.493,83.30938,0,0,0,0,2.7227101,2.7227101,none,true,0,0,0,Stand,5.654735,,,,1,0->0:Exact,NONE
329,5.481781,0.016586,-8970,-132.493,83.30938,0,0,0,0,2.7227101,2.7227101,none,true,0,0,0,Stand,5.671321,,,,1,0->0:Exact,NONE
330,5.498367,0.016701,-8970,-132.493,83.30938,0,0,0,0,2.7227101,2.7227101,none,true,0,0,0,Stand,5.688022,,,,1,0->0:Exact,NONE
331,5.515068,0.016446,-8970,-132.493,83.30938,0,0,0,0,2.7227101,2.7227101,none,true,0,0,0,Stand,5.7044683,,,,1,0->0:Exact,NONE
332,5.531514,0.016944,-8970,-132.493,83.30938,0,0,0,0,2.7227101,2.7227101,none,true,0,0,0,Stand,5.7214127,,,,1,0->0:Exact,NONE
333,5.548458,0.016242,-8970,-132.493,83.30938,0,0,0,0,2.7227101,2.7227101,none,true,0,0,0,Stand,5.737655,,,,1,0->0:Exact,NONE
334,5.564701,0.017031,-8970,-132.493,83.30938,0,0,0,0,2.7227101,2.7227101,none,true,0,0,0,Stand,5.7546864,,,,1,0->0:Exact,NONE
335,5.581732,0.016640,-8970,-132.493,83.30938,0,0,0,0,2.7227101,2.7227101,none,true,0,0,0,Stand,5.7713265,,,,1,0->0:Exact,NONE
336,5.598372,0.016771,-8970,-132.493,83.30938,0,0,0,0,2.7227101,2.7227101,none,true,0,0,0,Stand,5.788098,,,,1,0->0:Exact,NONE
337,5.615143,0.016542,-8970,-132.493,83.30938,0,0,0,0,2.7227101,2.7227101,none,true,0,0,0,Stand,5.8046403,,,,1,0->0:Exact,NONE
338,5.631686,0.016629,-8970,-132.493,83.30938,0,0,0,0,2.7227101,2.7227101,none,true,0,0,0,Stand,5.821269,,,,1,0->0:Exact,NONE
339,5.648315,0.017868,-8970,-132.493,83.30938,0,0,0,0,2.7227101,2.7227101,none,true,0,0,0,Stand,5.839137,,,,1,0->0:Exact,NONE
340,5.666183,0.015992,-8970,-132.493,83.30938,0,0,0,0,2.7227101,2.7227101,none,true,0,0,0,Stand,5.8551292,,,,1,0->0:Exact,NONE
341,5.682175,0.017444,-8970,-132.493,83.30938,0,0,0,0,2.7227101,2.7227101,none,true,0,0,0,Stand,5.8725734,,,,1,0->0:Exact,NONE
342,5.699619,0.015628,-8970,-132.493,83.30938,0,0,0,0,2.7227101,2.7227101,none,true,0,0,0,Stand,5.888201,,,,1,0->0:Exact,NONE
343,5.715247,0.016672,-8970,-132.493,83.30938,0,0,0,0,2.7227101,2.7227101,none,true,0,0,0,Stand,5.904874,,,,1,0->0:Exact,NONE
344,5.731919,0.016461,-8970,-132.493,83.30938,0,0,0,0,2.7227101,2.7227101,none,true,0,0,0,Stand,5.9213347,,,,1,0->0:Exact,NONE
345,5.748380,0.016850,-8970,-132.493,83.30938,0,0,0,0,2.7227101,2.7227101,none,true,0,0,0,Stand,5.9381847,,,,1,0->0:Exact,NONE
346,5.765230,0.016625,-8970,-132.493,83.30938,0,0,0,0,2.7227101,2.7227101,none,true,0,0,0,Stand,5.9548097,,,,1,0->0:Exact,NONE
347,5.781855,0.016487,-8970,-132.493,83.30938,0,0,0,0,2.7227101,2.7227101,none,true,0,0,0,Stand,5.971297,,,,1,0->0:Exact,NONE
348,5.798342,0.017148,-8970,-132.493,83.30938,0,0,0,0,2.7227101,2.7227101,none,true,0,0,0,Stand,5.9884453,,,,1,0->0:Exact,NONE
349,5.815490,0.016418,-8970,-132.493,83.30938,0,0,0,0,2.7227101,2.7227101,none,true,0,0,0,Stand,6.0048633,,,,1,0->0:Exact,NONE
350,5.831908,0.016629,-8970,-132.493,83.30938,0,0,0,0,2.7227101,2.7227101,none,true,0,0,0,Stand,6.0214925,,,,1,0->0:Exact,NONE
351,5.848537,0.016605,-8970,-132.493,83.30938,0,0,0,0,2.7227101,2.7227101,none,true,0,0,0,Stand,6.038098,,,,1,0->0:Exact,NONE
352,5.865142,0.017035,-8970,-132.493,83.30938,0,0,0,0,2.7227101,2.7227101,none,true,0,0,0,Stand,6.055133,,,,1,0->0:Exact,NONE
353,5.882177,0.017054,-8970,-132.493,83.30938,0,0,0,0,2.7227101,2.7227101,none,true,0,0,0,Stand,6.072187,,,,1,0->0:Exact,NONE
354,5.899231,0.016261,-8970,-132.493,83.30938,0,0,0,0,2.7227101,2.7227101,none,true,0,0,0,Stand,6.088448,,,,1,0->0:Exact,NONE
355,5.915492,0.016732,-8970,-132.493,83.30938,0,0,0,0,2.7227101,2.7227101,none,true,0,0,0,Stand,6.1051803,,,,1,0->0:Exact,NONE
356,5.932225,0.016560,-8970,-132.493,83.30938,0,0,0,0,2.7227101,2.7227101,none,true,0,0,0,Stand,6.1217403,,,,1,0->0:Exact,NONE
357,5.948785,0.016608,-8970,-132.493,83.30938,0,0,0,0,2.7227101,2.7227101,none,true,0,0,0,Stand,6.1383476,,,,1,0->0:Exact,NONE
358,5.965392,0.016646,-8970,-132.493,83.30938,0,0,0,0,2.7227101,2.7227101,none,true,0,0,0,Stand,6.154993,,,,1,0->0:Exact,NONE
359,5.982038,0.016650,-8970,-132.493,83.30938,0,0,0,0,2.7227101,2.7227101,none,true,0,0,0,Stand,6.1716433,,,,1,0->0:Exact,NONE
360,5.998688,0.016672,-8970,-132.493,83.30938,0,0,0,0,2.7227101,2.7227101,none,true,0,0,0,Stand,6.188316,,,,1,0->0:Exact,NONE
361,6.015360,0.017045,-8970,-132.493,83.30938,0,0,0,0,2.7227101,2.7227101,none,true,0,0,0,Stand,6.2053604,,,,1,0->0:Exact,NONE
362,6.032405,0.016733,-8970,-132.493,83.30938,0,0,0,0,2.7227101,2.7227101,none,true,0,0,0,Stand,6.222093,,,,1,0->0:Exact,NONE
363,6.049138,0.016301,-8970,-132.493,83.30938,0,0,0,0,2.7227101,2.7227101,none,true,0,0,0,Stand,6.2383943,,,,1,0->0:Exact,NONE
364,6.065439,0.017194,-8970,-132.493,83.30938,0,0,0,0,2.7227101,2.7227101,none,true,0,0,0,Stand,6.255588,,,,1,0->0:Exact,NONE
365,6.082633,0.015979,-8970,-132.493,83.30938,0,0,0,0,2.7227101,2.7227101,none,true,0,0,0,Stand,6.271567,,,,1,0->0:Exact,NONE
366,6.098612,0.016975,-8970,-132.493,83.30938,0,0,0,0,2.7227101,2.7227101,none,true,0,0,0,Stand,6.2885423,,,,1,0->0:Exact,NONE
367,6.115587,0.017111,-8970,-132.493,83.30938,0,0,0,0,2.7227101,2.7227101,none,true,0,0,0,Stand,6.305653,,,,1,0->0:Exact,NONE
368,6.132698,0.017342,-8970,-132.493,83.30938,0,0,0,0,2.7227101,2.7227101,none,true,0,0,0,Stand,6.3229947,,,,1,0->0:Exact,NONE
369,6.150040,0.015232,-8970,-132.493,83.30938,0,0,0,0,2.7227101,2.7227101,none,true,0,0,0,Stand,6.3382263,,,,1,0->0:Exact,NONE
370,6.165271,0.017051,-8970,-132.493,83.30938,0,0,0,0,2.7227101,2.7227101,none,true,0,0,0,Stand,6.355277,,,,1,0->0:Exact,NONE
371,6.182322,0.017762,-8970,-132.493,83.30938,0,0,0,0,2.7227101,2.7227101,none,true,0,0,0,Stand,6.373039,,,,1,0->0:Exact,NONE
372,6.200083,0.015197,-8970,-132.493,83.30938,0,0,0,0,2.7227101,2.7227101,none,true,0,0,0,Stand,6.3882356,,,,1,0->0:Exact,NONE
373,6.215280,0.017054,-8970,-132.493,83.30938,0,0,0,0,2.7227101,2.7227101,none,true,0,0,0,Stand,6.405289,,,,1,0->0:Exact,NONE
374,6.232334,0.016433,-8970,-132.493,83.30938,0,0,0,0,2.7227101,2.7227101,none,true,0,0,0,Stand,6.4217224,,,,1,0->0:Exact,NONE
375,6.248767,0.017400,-8970,-132.493,83.30938,0,0,0,0,2.7227101,2.7227101,none,true,0,0,0,Stand,6.4391227,,,,1,0->0:Exact,NONE
376,6.266167,0.015932,-8970,-132.493,83.30938,0,0,0,0,2.7227101,2.7227101,none,true,0,0,0,Stand,6.4550548,,,,1,0->0:Exact,NONE
377,6.282099,0.016761,-8970,-132.493,83.30938,0,0,0,0,2.7227101,2.7227101,none,true,0,0,0,Stand,6.4718156,,,,1,0->0:Exact,NONE
378,6.298860,0.016757,-8970,-132.493,83.30938,0,0,0,0,2.7227101,2.7227101,none,true,0,0,0,Stand,6.488573,,,,1,0->0:Exact,NONE
379,6.315617,0.016588,-8970,-132.493,83.30938,0,0,0,0,2.7227101,2.7227101,none,true,0,0,0,Stand,6.505161,,,,1,0->0:Exact,NONE
380,6.332205,0.016780,-8970,-132.493,83.30938,0,0,0,0,2.7227101,2.7227101,none,true,0,0,0,Stand,6.521941,,,,1,0->0:Exact,NONE
381,6.348985,0.016900,-8970,-132.493,83.30938,0,0,0,0,2.7227101,2.7227101,none,true,0,0,0,Stand,6.5388412,,,,1,0->0:Exact,NONE
382,6.365885,0.016542,-8970,-132.493,83.30938,0,0,0,0,2.7227101,2.7227101,none,true,0,0,0,Stand,6.5553837,,,,1,0->0:Exact,NONE
383,6.382428,0.017532,-8970,-132.493,83.30938,0,0,0,0,2.7227101,2.7227101,none,true,0,0,0,Stand,6.5729156,,,,1,0->0:Exact,NONE
384,6.399960,0.015646,-8970,-132.493,83.30938,0,0,0,0,2.7227101,2.7227101,none,true,0,0,0,Stand,6.5885615,,,,1,0->0:Exact,NONE
385,6.415606,0.016970,-8970,-132.493,83.30938,0,0,0,0,2.7227101,2.7227101,none,true,0,0,0,Stand,6.605531,,,,1,0->0:Exact,NONE
386,6.432575,0.016405,-8970,-132.493,83.30938,0,0,0,0,2.7227101,2.7227101,none,true,0,0,0,Stand,6.621936,,,,1,0->0:Exact,NONE
387,6.448980,0.016748,-8970,-132.493,83.30938,0,0,0,0,2.7227101,2.7227101,none,true,0,0,0,Stand,6.638684,,,,1,0->0:Exact,NONE
388,6.465728,0.016768,-8970,-132.493,83.30938,0,0,0,0,2.7227101,2.7227101,none,true,0,0,0,Stand,6.655452,,,,1,0->0:Exact,NONE
389,6.482496,0.016991,-8970,-132.493,83.30938,0,0,0,0,2.7227101,2.7227101,none,true,0,0,0,Stand,6.6724434,,,,1,0->0:Exact,NONE
390,6.499487,0.016226,-8970,-132.493,83.30938,0,0,0,0,2.7227101,2.7227101,none,true,0,0,0,Stand,6.688669,,,,1,0->0:Exact,NONE
391,6.515713,0.016796,-8970,-132.493,83.30938,0,0,0,0,2.7227101,2.7227101,none,true,0,0,0,Stand,6.7054653,,,,1,0->0:Exact,NONE
392,6.532509,0.016661,-8970,-132.493,83.30938,0,0,0,0,2.7227101,2.7227101,none,true,0,0,0,Stand,6.7221265,,,,1,0->0:Exact,NONE
393,6.549170,0.016666,-8970,-132.493,83.30938,0,0,0,0,2.7227101,2.7227101,none,true,0,0,0,Stand,6.738793,,,,1,0->0:Exact,NONE
394,6.565837,0.016703,-8970,-132.493,83.30938,0,0,0,0,2.7227101,2.7227101,none,true,0,0,0,Stand,6.7554965,,,,1,0->0:Exact,NONE
395,6.582540,0.016531,-8970,-132.493,83.30938,0,0,0,0,2.7227101,2.7227101,none,true,0,0,0,Stand,6.772027,,,,1,0->0:Exact,NONE
396,6.599071,0.017144,-8970,-132.493,83.30938,0,0,0,0,2.7227101,2.7227101,none,true,0,0,0,Stand,6.7891707,,,,1,0->0:Exact,NONE
397,6.616214,0.016141,-8970,-132.493,83.30938,0,0,0,0,2.7227101,2.7227101,none,true,0,0,0,Stand,6.805311,,,,1,0->0:Exact,NONE
398,6.632355,0.016999,-8970,-132.493,83.30938,0,0,0,0,2.7227101,2.7227101,none,true,0,0,0,Stand,6.82231,,,,1,0->0:Exact,NONE
399,6.649354,0.016567,-8970,-132.493,83.30938,0,0,0,0,2.7227101,2.7227101,none,true,0,0,0,Stand,6.8388767,,,,1,0->0:Exact,NONE
400,6.665921,0.017022,-8970,-132.493,83.30938,0,0,0,0,2.7227101,2.7227101,none,true,0,0,0,Stand,6.8558984,,,,1,0->0:Exact,NONE
401,6.682942,0.017896,-8970,-132.493,83.30938,0,0,0,0,2.7227101,2.7227101,none,true,0,0,0,Stand,6.8737946,,,,1,0->0:Exact,NONE
402,6.700839,0.014994,-8970,-132.493,83.30938,0,0,0,0,2.7227101,2.7227101,none,true,0,0,0,Stand,6.888788,,,,1,0->0:Exact,NONE
403,6.715832,0.016828,-8970,-132.493,83.30938,0,0,0,0,2.7227101,2.7227101,none,true,0,0,0,Stand,6.9056163,,,,1,0->0:Exact,NONE
404,6.732661,0.016573,-8970,-132.493,83.30938,0,0,0,0,2.7227101,2.7227101,none,true,0,0,0,Stand,6.922189,,,,1,0->0:Exact,NONE
405,6.749233,0.016674,-8970,-132.493,83.30938,0,0,0,0,2.7227101,2.7227101,none,true,0,0,0,Stand,6.9388638,,,,1,0->0:Exact,NONE
406,6.765908,0.016967,-8970,-132.493,83.30938,0,0,0,0,2.7227101,2.7227101,none,true,0,0,0,Stand,6.9558306,,,,1,0->0:Exact,NONE
407,6.782874,0.016469,-8970,-132.493,83.30938,0,0,0,0,2.7227101,2.7227101,none,true,0,0,0,Stand,6.972299,,,,1,0->0:Exact,NONE
408,6.799343,0.016614,-8970,-132.493,83.30938,0,0,0,0,2.7227101,2.7227101,none,true,0,0,0,Stand,6.9889135,,,,1,0->0:Exact,NONE
409,6.815957,0.016667,-8970,-132.493,83.30938,0,0,0,0,2.7227101,2.7227101,none,true,0,0,0,Stand,7.0055804,,,,1,0->0:Exact,NONE
410,6.832624,0.016950,-8970,-132.493,83.30938,0,0,0,0,2.7227101,2.7227101,none,true,0,0,0,Stand,7.0225306,,,,1,0->0:Exact,NONE
411,6.849574,0.016687,-8970,-132.493,83.30938,0,0,0,0,2.7227101,2.7227101,none,true,0,0,0,Stand,7.039218,,,,1,0->0:Exact,NONE
412,6.866262,0.016660,-8970,-132.493,83.30938,0,0,0,0,2.7227101,2.7227101,none,true,0,0,0,Stand,7.055878,,,,1,0->0:Exact,NONE
413,6.882922,0.017479,-8970,-132.493,83.30938,0,0,0,0,2.7227101,2.7227101,none,true,0,0,0,Stand,7.073357,,,,1,0->0:Exact,NONE
414,6.900401,0.015800,-8970,-132.493,83.30938,0,0,0,0,2.7227101,2.7227101,none,true,0,0,0,Stand,7.089157,,,,1,0->0:Exact,NONE
415,6.916200,0.016443,-8970,-132.493,83.30938,0,0,0,0,2.7227101,2.7227101,none,true,0,0,0,Stand,7.1056004,,,,1,0->0:Exact,NONE
416,6.932643,0.016943,-8970,-132.493,83.30938,0,0,0,0,2.7227101,2.7227101,none,true,0,0,0,Stand,7.122543,,,,1,0->0:Exact,NONE
417,6.949586,0.016616,-8970,-132.493,83.30938,0,0,0,0,2.7227101,2.7227101,none,true,0,0,0,Stand,7.1391587,,,,1,0->0:Exact,NONE
418,6.966202,0.016996,-8970,-132.493,83.30938,0,0,0,0,2.7227101,2.7227101,none,true,0,0,0,Stand,7.1561546,,,,1,0->0:Exact,NONE
419,6.983198,0.016472,-8970,-132.493,83.30938,0,0,0,0,2.7227101,2.7227101,none,true,0,0,0,Stand,7.172627,,,,1,0->0:Exact,NONE
420,6.999670,0.016624,-8970,-132.493,83.30938,0,0,0,0,2.7227101,2.7227101,none,true,0,0,0,Stand,7.189251,,,,1,0->0:Exact,NONE
421,7.016294,0.016477,-8970,-132.493,83.30938,0,0,0,0,2.7227101,2.7227101,none,true,0,0,0,Stand,7.2057285,,,,1,0->0:Exact,NONE
422,7.032772,0.016583,-8970,-132.493,83.30938,0,0,0,0,2.7227101,2.7227101,none,true,0,0,0,Stand,7.2223115,,,,1,0->0:Exact,NONE
423,7.049355,0.017189,-8970,-132.493,83.30938,0,0,0,0,2.7227101,2.7227101,none,true,0,0,0,Stand,7.2395005,,,,1,0->0:Exact,NONE
424,7.066544,0.016927,-8970,-132.493,83.30938,0,0,0,0,2.7227101,2.7227101,none,true,0,0,0,Stand,7.256428,,,,1,0->0:Exact,NONE
425,7.083471,0.016071,-8970,-132.493,83.30938,0,0,0,0,2.7227101,2.7227101,none,true,0,0,0,Stand,7.2724986,,,,1,0->0:Exact,NONE
426,7.099542,0.017007,-8970,-132.493,83.30938,0,0,0,0,2.7227101,2.7227101,none,true,0,0,0,Stand,7.289506,,,,1,0->0:Exact,NONE
427,7.116549,0.017380,-8970,-132.493,83.30938,0,0,0,0,2.7227101,2.7227101,none,true,0,0,0,Stand,7.306886,,,,1,0->0:Exact,NONE
428,7.133929,0.016113,-8970,-132.493,83.30938,0,0,0,0,2.7227101,2.7227101,none,true,0,0,0,Stand,7.3229995,,,,1,0->0:Exact,NONE
429,7.150043,0.016105,-8970,-132.493,83.30938,0,0,0,0,2.7227101,2.7227101,none,true,0,0,0,Stand,7.339104,,,,1,0->0:Exact,NONE
430,7.166148,0.016918,-8970,-132.493,83.30938,0,0,0,0,2.7227101,2.7227101,none,true,0,0,0,Stand,7.3560224,,,,1,0->0:Exact,NONE
431,7.183066,0.017940,-8970,-132.493,83.30938,0,0,0,0,2.7227101,2.7227101,none,true,0,0,0,Stand,7.373962,,,,1,0->0:Exact,NONE
432,7.201006,0.015224,-8970,-132.493,83.30938,0,0,0,0,2.7227101,2.7227101,none,true,0,0,0,Stand,7.3891854,,,,1,0->0:Exact,NONE
433,7.216229,0.016899,-8970,-132.493,83.30938,0,0,0,0,2.7227101,2.7227101,none,true,0,0,0,Stand,7.406084,,,,1,0->0:Exact,NONE
434,7.233128,0.016411,-8970,-132.493,83.30938,0,0,0,0,2.7227101,2.7227101,none,true,0,0,0,Stand,7.4224954,,,,1,0->0:Exact,NONE
435,7.249539,0.017067,-8970,-132.493,83.30938,0,0,0,0,2.7227101,2.7227101,none,true,0,0,0,Stand,7.439563,,,,1,0->0:Exact,NONE
436,7.266607,0.016581,-8970,-132.493,83.30938,0,0,0,0,2.7227101,2.7227101,none,true,0,0,0,Stand,7.4561443,,,,1,0->0:Exact,NONE
437,7.283188,0.016478,-8970,-132.493,83.30938,0,0,0,0,2.7227101,2.7227101,none,true,0,0,0,Stand,7.472623,,,,1,0->0:Exact,NONE
438,7.299666,0.016829,-8970,-132.493,83.30938,0,0,0,0,2.7227101,2.7227101,none,true,0,0,0,Stand,7.489452,,,,1,0->0:Exact,NONE
439,7.316495,0.016749,-8970,-132.493,83.30938,0,0,0,0,2.7227101,2.7227101,none,true,0,0,0,Stand,7.5062003,,,,1,0->0:Exact,NONE
440,7.333244,0.016432,-8970,-132.493,83.30938,0,0,0,0,2.7227101,2.7227101,none,true,0,0,0,Stand,7.5226326,,,,1,0->0:Exact,NONE
441,7.349676,0.016931,-8970,-132.493,83.30938,0,0,0,0,2.7227101,2.7227101,none,true,0,0,0,Stand,7.539563,,,,1,0->0:Exact,NONE
442,7.366607,0.016449,-8970,-132.493,83.30938,0,0,0,0,2.7227101,2.7227101,none,true,0,0,0,Stand,7.556012,,,,1,0->0:Exact,NONE
443,7.383055,0.017607,-8970,-132.493,83.30938,0,0,0,0,2.7227101,2.7227101,none,true,0,0,0,Stand,7.573619,,,,1,0->0:Exact,NONE
444,7.400662,0.015958,-8970,-132.493,83.30938,0,0,0,0,2.7227101,2.7227101,none,true,0,0,0,Stand,7.5895767,,,,1,0->0:Exact,NONE
445,7.416620,0.017250,-8970,-132.493,83.30938,0,0,0,0,2.7227101,2.7227101,none,true,0,0,0,Stand,7.6068273,,,,1,0->0:Exact,NONE
446,7.433870,0.015871,-8970,-132.493,83.30938,0,0,0,0,2.7227101,2.7227101,none,true,0,0,0,Stand,7.6226983,,,,1,0->0:Exact,NONE
447,7.449741,0.016560,-8970,-132.493,83.30938,0,0,0,0,2.7227101,2.7227101,none,true,0,0,0,Stand,7.6392584,,,,1,0->0:Exact,NONE
448,7.466301,0.016883,-8970,-132.493,83.30938,0,0,0,0,2.7227101,2.7227101,none,true,0,0,0,Stand,7.6561413,,,,1,0->0:Exact,NONE
449,7.483184,0.016648,-8970,-132.493,83.30938,0,0,0,0,2.7227101,2.7227101,none,true,0,0,0,Stand,7.6727886,,,,1,0->0:Exact,NONE
450,7.499832,0.016599,-8970,-132.493,83.30938,0,0,0,0,2.7227101,2.7227101,none,true,0,0,0,Stand,7.689388,,,,1,0->0:Exact,NONE
451,7.516431,0.016748,-8970,-132.493,83.30938,0,0,0,0,2.7227101,2.7227101,none,true,0,0,0,Stand,7.7061353,,,,1,0->0:Exact,NONE
452,7.533178,0.016620,-8970,-132.493,83.30938,0,0,0,0,2.7227101,2.7227101,none,true,0,0,0,Stand,7.722755,,,,1,0->0:Exact,NONE
453,7.549798,0.016694,-8970,-132.493,83.30938,0,0,0,0,2.7227101,2.7227101,none,true,0,0,0,Stand,7.739449,,,,1,0->0:Exact,NONE
454,7.566492,0.016651,-8970,-132.493,83.30938,0,0,0,0,2.7227101,2.7227101,none,true,0,0,0,Stand,7.7561007,,,,1,0->0:Exact,NONE
455,7.583144,0.016935,-8970,-132.493,83.30938,0,0,0,0,2.7227101,2.7227101,none,true,0,0,0,Stand,7.773036,,,,1,0->0:Exact,NONE
456,7.600079,0.016538,-8970,-132.493,83.30938,0,0,0,0,2.7227101,2.7227101,none,true,0,0,0,Stand,7.789574,,,,1,0->0:Exact,NONE
457,7.616617,0.016489,-8970,-132.493,83.30938,0,0,0,0,2.7227101,2.7227101,none,true,0,0,0,Stand,7.806063,,,,1,0->0:Exact,NONE
458,7.633106,0.017195,-8970,-132.493,83.30938,0,0,0,0,2.7227101,2.7227101,none,true,0,0,0,Stand,7.8232574,,,,1,0->0:Exact,NONE
459,7.650301,0.016420,-8970,-132.493,83.30938,0,0,0,0,2.7227101,2.7227101,none,true,0,0,0,Stand,7.839678,,,,1,0->0:Exact,NONE
460,7.666721,0.016857,-8970,-132.493,83.30938,0,0,0,0,2.7227101,2.7227101,none,true,0,0,0,Stand,7.8565345,,,,1,0->0:Exact,NONE
461,7.683578,0.017843,-8970,-132.493,83.30938,0,0,0,0,2.7227101,2.7227101,none,true,0,0,0,Stand,7.8743773,,,,1,0->0:Exact,NONE
462,7.701420,0.015197,-8970,-132.493,83.30938,0,0,0,0,2.7227101,2.7227101,none,true,0,0,0,Stand,7.889574,,,,1,0->0:Exact,NONE
463,7.716617,0.016763,-8970,-132.493,83.30938,0,0,0,0,2.7227101,2.7227101,none,true,0,0,0,Stand,7.906337,,,,1,0->0:Exact,NONE
464,7.733380,0.016808,-8970,-132.493,83.30938,0,0,0,0,2.7227101,2.7227101,none,true,0,0,0,Stand,7.923145,,,,1,0->0:Exact,NONE
465,7.750188,0.016731,-8970,-132.493,83.30938,0,0,0,0,2.7227101,2.7227101,none,true,0,0,0,Stand,7.9398756,,,,1,0->0:Exact,NONE
466,7.766919,0.016569,-8970,-132.493,83.30938,0,0,0,0,2.7227101,2.7227101,none,true,0,0,0,Stand,7.9564443,,,,1,0->0:Exact,NONE
467,7.783487,0.016757,-8970,-132.493,83.30938,0,0,0,0,2.7227101,2.7227101,none,true,0,0,0,Stand,7.9732018,,,,1,0->0:Exact,NONE
468,7.800244,0.016646,-8970,-132.493,83.30938,0,0,0,0,2.7227101,2.7227101,none,true,0,0,0,Stand,7.989848,,,,1,0->0:Exact,NONE
469,7.816891,0.016584,-8970,-132.493,83.30938,0,0,0,0,2.7227101,2.7227101,none,true,0,0,0,Stand,8.006432,,,,1,0->0:Exact,NONE
470,7.833474,0.016876,-8970,-132.493,83.30938,0,0,0,0,2.7227101,2.7227101,none,true,0,0,0,Stand,8.023308,,,,1,0->0:Exact,NONE
471,7.850350,0.016677,-8970,-132.493,83.30938,0,0,0,0,2.7227101,2.7227101,none,true,0,0,0,Stand,8.039985,,,,1,0->0:Exact,NONE
472,7.867027,0.016644,-8970,-132.493,83.30938,0,0,0,0,2.7227101,2.7227101,none,true,0,0,0,Stand,8.056628,,,,1,0->0:Exact,NONE
473,7.883670,0.017328,-8970,-132.493,83.30938,0,0,0,0,2.7227101,2.7227101,none,true,0,0,0,Stand,8.0739565,,,,1,0->0:Exact,NONE
474,7.900999,0.015971,-8970,-132.493,83.30938,0,0,0,0,2.7227101,2.7227101,none,true,0,0,0,Stand,8.089928,,,,1,0->0:Exact,NONE
475,7.916970,0.016851,-8970,-132.493,83.30938,0,0,0,0,2.7227101,2.7227101,none,true,0,0,0,Stand,8.106778,,,,1,0->0:Exact,NONE
476,7.933821,0.016578,-8970,-132.493,83.30938,0,0,0,0,2.7227101,2.7227101,none,true,0,0,0,Stand,8.123357,,,,1,0->0:Exact,NONE
477,7.950399,0.016650,-8970,-132.493,83.30938,0,0,0,0,2.7227101,2.7227101,none,true,0,0,0,Stand,8.140006,,,,1,0->0:Exact,NONE
478,7.967049,0.016375,-8970,-132.493,83.30938,0,0,0,0,2.7227101,2.7227101,none,true,0,0,0,Stand,8.156382,,,,1,0->0:Exact,NONE
479,7.983424,0.017037,-8970,-132.493,83.30938,0,0,0,0,2.7227101,2.7227101,none,true,0,0,0,Stand,8.173418,,,,1,0->0:Exact,NONE
480,8.000461,0.016537,-8970,-132.493,83.30938,0,0,0,0,2.7227101,2.7227101,none,true,0,0,0,Stand,8.189956,,,,1,0->0:Exact,NONE
481,8.016998,0.016624,-8970,-132.493,83.30938,0,0,0,0,2.7227101,2.7227101,none,true,0,0,0,Stand,8.20658,,,,1,0->0:Exact,NONE
482,8.033622,0.016805,-8970,-132.493,83.30938,0,0,0,0,2.7227101,2.7227101,none,true,0,0,0,Stand,8.223386,,,,1,0->0:Exact,NONE
483,8.050428,0.016541,-8970,-132.493,83.30938,0,0,0,0,2.7227101,2.7227101,none,true,0,0,0,Stand,8.239926,,,,1,0->0:Exact,NONE
484,8.066969,0.017158,-8970,-132.493,83.30938,0,0,0,0,2.7227101,2.7227101,none,true,0,0,0,Stand,8.257085,,,,1,0->0:Exact,NONE
485,8.084127,0.016126,-8970,-132.493,83.30938,0,0,0,0,2.7227101,2.7227101,none,true,0,0,0,Stand,8.2732115,,,,1,0->0:Exact,NONE
486,8.100253,0.016763,-8970,-132.493,83.30938,0,0,0,0,2.7227101,2.7227101,none,true,0,0,0,Stand,8.289974,,,,1,0->0:Exact,NONE
487,8.117016,0.017265,-8970,-132.493,83.30938,0,0,0,0,2.7227101,2.7227101,none,true,0,0,0,Stand,8.307239,,,,1,0->0:Exact,NONE
488,8.134281,0.016500,-8970,-132.493,83.30938,0,0,0,0,2.7227101,2.7227101,none,true,0,0,0,Stand,8.323739,,,,1,0->0:Exact,NONE
489,8.150781,0.016363,-8970,-132.493,83.30938,0,0,0,0,2.7227101,2.7227101,none,true,0,0,0,Stand,8.340102,,,,1,0->0:Exact,NONE
490,8.167144,0.017100,-8970,-132.493,83.30938,0,0,0,0,2.7227101,2.7227101,none,true,0,0,0,Stand,8.357203,,,,1,0->0:Exact,NONE
491,8.184244,0.017736,-8970,-132.493,83.30938,0,0,0,0,2.7227101,2.7227101,none,true,0,0,0,Stand,8.374938,,,,1,0->0:Exact,NONE
492,8.201980,0.015063,-8970,-132.493,83.30938,0,0,0,0,2.7227101,2.7227101,none,true,0,0,0,Stand,8.390001,,,,1,0->0:Exact,NONE
493,8.217043,0.016901,-8970,-132.493,83.30938,0,0,0,0,2.7227101,2.7227101,none,true,0,0,0,Stand,8.406902,,,,1,0->0:Exact,NONE
494,8.233944,0.017047,-8970,-132.493,83.30938,0,0,0,0,2.7227101,2.7227101,none,true,0,0,0,Stand,8.423949,,,,1,0->0:Exact,NONE
495,8.250990,0.016461,-8970,-132.493,83.30938,0,0,0,0,2.7227101,2.7227101,none,true,0,0,0,Stand,8.440411,,,,1,0->0:Exact,NONE
496,8.267452,0.017036,-8970,-132.493,83.30938,0,0,0,0,2.7227101,2.7227101,none,true,0,0,0,Stand,8.457446,,,,1,0->0:Exact,NONE
497,8.284488,0.016289,-8970,-132.493,83.30938,0,0,0,0,2.7227101,2.7227101,none,true,0,0,0,Stand,8.473735,,,,1,0->0:Exact,NONE
498,8.300777,0.016851,-8970,-132.493,83.30938,0,0,0,0,2.7227101,2.7227101,none,true,0,0,0,Stand,8.490586,,,,1,0->0:Exact,NONE
499,8.317628,0.016169,-8970,-132.493,83.30938,0,0,0,0,2.7227101,2.7227101,none,true,0,0,0,Stand,8.506756,,,,1,0->0:Exact,NONE
500,8.333797,0.016810,-8970,-132.493,83.30938,0,0,0,0,2.7227101,2.7227101,none,true,0,0,0,Stand,8.523566,,,,1,0->0:Exact,NONE
501,8.350607,0.016728,-8970,-132.493,83.30938,0,0,0,0,2.7227101,2.7227101,none,true,0,0,0,Stand,8.540295,,,,1,0->0:Exact,NONE
502,8.367335,0.016706,-8970,-132.493,83.30938,0,0,0,0,2.7227101,2.7227101,none,true,0,0,0,Stand,8.557,,,,1,0->0:Exact,NONE
503,8.384041,0.017367,-8970,-132.493,83.30938,0,0,0,0,2.7227101,2.7227101,none,true,0,0,0,Stand,8.574368,,,,1,0->0:Exact,NONE
504,8.401408,0.015853,-8970,-132.493,83.30938,0,0,0,0,2.7227101,2.7227101,none,true,0,0,0,Stand,8.59022,,,,1,0->0:Exact,NONE
505,8.417261,0.016922,-8970,-132.493,83.30938,0,0,0,0,2.7227101,2.7227101,none,true,0,0,0,Stand,8.607142,,,,1,0->0:Exact,NONE
506,8.434182,0.016617,-8970,-132.493,83.30938,0,0,0,0,2.7227101,2.7227101,none,true,0,0,0,Stand,8.623759,,,,1,0->0:Exact,NONE
507,8.450799,0.016627,-8970,-132.493,83.30938,0,0,0,0,2.7227101,2.7227101,none,true,0,0,0,Stand,8.640387,,,,1,0->0:Exact,NONE
508,8.467427,0.016689,-8970,-132.493,83.30938,0,0,0,0,2.7227101,2.7227101,none,true,0,0,0,Stand,8.657076,,,,1,0->0:Exact,NONE
509,8.484116,0.016308,-8970,-132.493,83.30938,0,0,0,0,2.7227101,2.7227101,none,true,0,0,0,Stand,8.673384,,,,1,0->0:Exact,NONE
510,8.500424,0.017090,-8970,-132.493,83.30938,0,0,0,0,2.7227101,2.7227101,none,true,0,0,0,Stand,8.690474,,,,1,0->0:Exact,NONE
511,8.517514,0.016541,-8970,-132.493,83.30938,0,0,0,0,2.7227101,2.7227101,none,true,0,0,0,Stand,8.707014,,,,1,0->0:Exact,NONE
512,8.534054,0.017093,-8970,-132.493,83.30938,0,0,0,0,2.7227101,2.7227101,none,true,0,0,0,Stand,8.724107,,,,1,0->0:Exact,NONE
513,8.551147,0.016279,-8970,-132.493,83.30938,0,0,0,0,2.7227101,2.7227101,none,true,0,0,0,Stand,8.740386,,,,1,0->0:Exact,NONE
514,8.567426,0.016597,-8970,-132.493,83.30938,0,0,0,0,2.7227101,2.7227101,none,true,0,0,0,Stand,8.756983,,,,1,0->0:Exact,NONE
515,8.584022,0.017629,-8970,-132.493,83.30938,0,0,0,0,2.7227101,2.7227101,none,true,0,0,0,Stand,8.774612,,,,1,0->0:Exact,NONE
516,8.601651,0.015763,-8970,-132.493,83.30938,0,0,0,0,2.7227101,2.7227101,none,true,0,0,0,Stand,8.790376,,,,1,0->0:Exact,NONE
517,8.617415,0.016941,-8970,-132.493,83.30938,0,0,0,0,2.7227101,2.7227101,none,true,0,0,0,Stand,8.807317,,,,1,0->0:Exact,NONE
518,8.634356,0.016346,-8970,-132.493,83.30938,0,0,0,0,2.7227101,2.7227101,none,true,0,0,0,Stand,8.823664,,,,1,0->0:Exact,NONE
519,8.650702,0.016905,-8970,-132.493,83.30938,0,0,0,0,2.7227101,2.7227101,none,true,0,0,0,Stand,8.840569,,,,1,0->0:Exact,NONE
520,8.667607,0.016630,-8970,-132.493,83.30938,0,0,0,0,2.7227101,2.7227101,none,true,0,0,0,Stand,8.857199,,,,1,0->0:Exact,NONE
521,8.684238,0.018209,-8970,-132.493,83.30938,0,0,0,0,2.7227101,2.7227101,none,true,0,0,0,Stand,8.875407,,,,1,0->0:Exact,NONE
522,8.702446,0.015406,-8970,-132.493,83.30938,0,0,0,0,2.7227101,2.7227101,none,true,0,0,0,Stand,8.890813,,,,1,0->0:Exact,NONE
523,8.717852,0.016238,-8970,-132.493,83.30938,0,0,0,0,2.7227101,2.7227101,none,true,0,0,0,Stand,8.907051,,,,1,0->0:Exact,NONE
524,8.734090,0.016758,-8970,-132.493,83.30938,0,0,0,0,2.7227101,2.7227101,none,true,0,0,0,Stand,8.923809,,,,1,0->0:Exact,NONE
525,8.750848,0.016883,-8970,-132.493,83.30938,0,0,0,0,2.7227101,2.7227101,none,true,0,0,0,Stand,8.940692,,,,1,0->0:Exact,NONE
526,8.767731,0.016343,-8970,-132.493,83.30938,0,0,0,0,2.7227101,2.7227101,none,true,0,0,0,Stand,8.957035,,,,1,0->0:Exact,NONE
527,8.784075,0.016957,-8970,-132.493,83.30938,0,0,0,0,2.7227101,2.7227101,none,true,0,0,0,Stand,8.973992,,,,1,0->0:Exact,NONE
528,8.801032,0.016514,-8970,-132.493,83.30938,0,0,0,0,2.7227101,2.7227101,none,true,0,0,0,Stand,8.990506,,,,1,0->0:Exact,NONE
529,8.817545,0.016751,-8970,-132.493,83.30938,0,0,0,0,2.7227101,2.7227101,none,true,0,0,0,Stand,9.007257,,,,1,0->0:Exact,NONE
530,8.834297,0.016773,-8970,-132.493,83.30938,0,0,0,0,2.7227101,2.7227101,none,true,0,0,0,Stand,9.024031,,,,1,0->0:Exact,NONE
531,8.851070,0.016770,-8970,-132.493,83.30938,0,0,0,0,2.7227101,2.7227101,none,true,0,0,0,Stand,9.040801,,,,1,0->0:Exact,NONE
532,8.867840,0.016663,-8970,-132.493,83.30938,0,0,0,0,2.7227101,2.7227101,none,true,0,0,0,Stand,9.057464,,,,1,0->0:Exact,NONE
533,8.884502,0.017145,-8970,-132.493,83.30938,0,0,0,0,2.7227101,2.7227101,none,true,0,0,0,Stand,9.074609,,,,1,0->0:Exact,NONE
534,8.901647,0.016038,-8970,-132.493,83.30938,0,0,0,0,2.7227101,2.7227101,none,true,0,0,0,Stand,9.090647,,,,1,0->0:Exact,NONE
535,8.917685,0.017177,-8970,-132.493,83.30938,0,0,0,0,2.7227101,2.7227101,none,true,0,0,0,Stand,9.107824,,,,1,0->0:Exact,NONE
536,8.934862,0.016137,-8970,-132.493,83.30938,0,0,0,0,2.7227101,2.7227101,none,true,0,0,0,Stand,9.123961,,,,1,0->0:Exact,NONE
537,8.950999,0.016627,-8970,-132.493,83.30938,0,0,0,0,2.7227101,2.7227101,none,true,0,0,0,Stand,9.140588,,,,1,0->0:Exact,NONE
538,8.967626,0.017147,-8970,-132.493,83.30938,0,0,0,0,2.7227101,2.7227101,none,true,0,0,0,Stand,9.157735,,,,1,0->0:Exact,NONE
539,8.984773,0.016376,-8970,-132.493,83.30938,0,0,0,0,2.7227101,2.7227101,none,true,0,0,0,Stand,9.17411,,,,1,0->0:Exact,NONE
540,9.001149,0.016675,-8970,-132.493,83.30938,0,0,0,0,2.7227101,2.7227101,none,true,0,0,0,Stand,9.190785,,,,1,0->0:Exact,NONE
541,9.017824,0.016561,-8970,-132.493,83.30938,0,0,0,0,2.7227101,2.7227101,none,true,0,0,0,Stand,9.207347,,,,1,0->0:Exact,NONE
542,9.034385,0.016922,-8970,-132.493,83.30938,0,0,0,0,2.7227101,2.7227101,none,true,0,0,0,Stand,9.224269,,,,1,0->0:Exact,NONE
543,9.051307,0.016909,-8970,-132.493,83.30938,0,0,0,0,2.7227101,2.7227101,none,true,0,0,0,Stand,9.241178,,,,1,0->0:Exact,NONE
544,9.068216,0.016848,-8970,-132.493,83.30938,0,0,0,0,2.7227101,2.7227101,none,true,0,0,0,Stand,9.258026,,,,1,0->0:Exact,NONE
545,9.085064,0.015907,-8970,-132.493,83.30938,0,0,0,0,2.7227101,2.7227101,none,true,0,0,0,Stand,9.273932,,,,1,0->0:Exact,NONE
546,9.100971,0.016902,-8970,-132.493,83.30938,0,0,0,0,2.7227101,2.7227101,none,true,0,0,0,Stand,9.290834,,,,1,0->0:Exact,NONE
547,9.117872,0.016698,-8970,-132.493,83.30938,0,0,0,0,2.7227101,2.7227101,none,true,0,0,0,Stand,9.307532,,,,1,0->0:Exact,NONE
548,9.134570,0.016848,-8970,-132.493,83.30938,0,0,0,0,2.7227101,2.7227101,none,true,0,0,0,Stand,9.324381,,,,1,0->0:Exact,NONE
549,9.151419,0.016459,-8970,-132.493,83.30938,0,0,0,0,2.7227101,2.7227101,none,true,0,0,0,Stand,9.34084,,,,1,0->0:Exact,NONE
550,9.167878,0.016975,-8970,-132.493,83.30938,0,0,0,0,2.7227101,2.7227101,none,true,0,0,0,Stand,9.357815,,,,1,0->0:Exact,NONE
551,9.184853,0.017878,-8970,-132.493,83.30938,0,0,0,0,2.7227101,2.7227101,none,true,0,0,0,Stand,9.375693,,,,1,0->0:Exact,NONE
552,9.202731,0.015238,-8970,-132.493,83.30938,0,0,0,0,2.7227101,2.7227101,none,true,0,0,0,Stand,9.390931,,,,1,0->0:Exact,NONE
553,9.217969,0.016708,-8970,-132.493,83.30938,0,0,0,0,2.7227101,2.7227101,none,true,0,0,0,Stand,9.407639,,,,1,0->0:Exact,NONE
554,9.234677,0.016776,-8970,-132.493,83.30938,0,0,0,0,2.7227101,2.7227101,none,true,0,0,0,Stand,9.424415,,,,1,0->0:Exact,NONE
555,9.251452,0.016430,-8970,-132.493,83.30938,0,0,0,0,2.7227101,2.7227101,none,true,0,0,0,Stand,9.440845,,,,1,0->0:Exact,NONE
556,9.267882,0.016617,-8970,-132.493,83.30938,0,0,0,0,2.7227101,2.7227101,none,true,0,0,0,Stand,9.457461,,,,1,0->0:Exact,NONE
557,9.284499,0.016929,-8970,-132.493,83.30938,0,0,0,0,2.7227101,2.7227101,none,true,0,0,0,Stand,9.47439,,,,1,0->0:Exact,NONE
558,9.301428,0.016444,-8970,-132.493,83.30938,0,0,0,0,2.7227101,2.7227101,none,true,0,0,0,Stand,9.490834,,,,1,0->0:Exact,NONE
559,9.317873,0.016746,-8970,-132.493,83.30938,0,0,0,0,2.7227101,2.7227101,none,true,0,0,0,Stand,9.50758,,,,1,0->0:Exact,NONE
560,9.334619,0.016918,-8970,-132.493,83.30938,0,0,0,0,2.7227101,2.7227101,none,true,0,0,0,Stand,9.524498,,,,1,0->0:Exact,NONE
561,9.351537,0.016557,-8970,-132.493,83.30938,0,0,0,0,2.7227101,2.7227101,none,true,0,0,0,Stand,9.541055,,,,1,0->0:Exact,NONE
562,9.368094,0.016745,-8970,-132.493,83.30938,0,0,0,0,2.7227101,2.7227101,none,true,0,0,0,Stand,9.557799,,,,1,0->0:Exact,NONE
563,9.384839,0.017628,-8970,-132.493,83.30938,0,0,0,0,2.7227101,2.7227101,none,true,0,0,0,Stand,9.575428,,,,1,0->0:Exact,NONE
564,9.402467,0.015593,-8970,-132.493,83.30938,0,0,0,0,2.7227101,2.7227101,none,true,0,0,0,Stand,9.591021,,,,1,0->0:Exact,NONE
565,9.418060,0.016638,-8970,-132.493,83.30938,0,0,0,0,2.7227101,2.7227101,none,true,0,0,0,Stand,9.607659,,,,1,0->0:Exact,NONE
566,9.434698,0.017066,-8970,-132.493,83.30938,0,0,0,0,2.7227101,2.7227101,none,true,0,0,0,Stand,9.624725,,,,1,0->0:Exact,NONE
567,9.451764,0.016254,-8970,-132.493,83.30938,0,0,0,0,2.7227101,2.7227101,none,true,0,0,0,Stand,9.640979,,,,1,0->0:Exact,NONE
568,9.468018,0.016857,-8970,-132.493,83.30938,0,0,0,0,2.7227101,2.7227101,none,true,0,0,0,Stand,9.657836,,,,1,0->0:Exact,NONE
569,9.484875,0.016565,-8970,-132.493,83.30938,0,0,0,0,2.7227101,2.7227101,none,true,0,0,0,Stand,9.674401,,,,1,0->0:Exact,NONE
570,9.501441,0.016926,-8970,-132.493,83.30938,0,0,0,0,2.7227101,2.7227101,none,true,0,0,0,Stand,9.691327,,,,1,0->0:Exact,NONE
571,9.518367,0.016520,-8970,-132.493,83.30938,0,0,0,0,2.7227101,2.7227101,none,true,0,0,0,Stand,9.707847,,,,1,0->0:Exact,NONE
572,9.534886,0.016490,-8970,-132.493,83.30938,0,0,0,0,2.7227101,2.7227101,none,true,0,0,0,Stand,9.724337,,,,1,0->0:Exact,NONE
573,9.551376,0.016768,-8970,-132.493,83.30938,0,0,0,0,2.7227101,2.7227101,none,true,0,0,0,Stand,9.741105,,,,1,0->0:Exact,NONE
574,9.568144,0.016683,-8970,-132.493,83.30938,0,0,0,0,2.7227101,2.7227101,none,true,0,0,0,Stand,9.757789,,,,1,0->0:Exact,NONE
575,9.584828,0.016682,-8970,-132.493,83.30938,0,0,0,0,2.7227101,2.7227101,none,true,0,0,0,Stand,9.774471,,,,1,0->0:Exact,NONE
576,9.601510,0.016824,-8970,-132.493,83.30938,0,0,0,0,2.7227101,2.7227101,none,true,0,0,0,Stand,9.791295,,,,1,0->0:Exact,NONE
577,9.618334,0.016701,-8970,-132.493,83.30938,0,0,0,0,2.7227101,2.7227101,none,true,0,0,0,Stand,9.807996,,,,1,0->0:Exact,NONE
578,9.635034,0.016653,-8970,-132.493,83.30938,0,0,0,0,2.7227101,2.7227101,none,true,0,0,0,Stand,9.824649,,,,1,0->0:Exact,NONE
579,9.651688,0.016567,-8970,-132.493,83.30938,0,0,0,0,2.7227101,2.7227101,none,true,0,0,0,Stand,9.841216,,,,1,0->0:Exact,NONE
580,9.668255,0.016870,-8970,-132.493,83.30938,0,0,0,0,2.7227101,2.7227101,none,true,0,0,0,Stand,9.858087,,,,1,0->0:Exact,NONE
581,9.685125,0.018333,-8970,-132.493,83.30938,0,0,0,0,2.7227101,2.7227101,none,true,0,0,0,Stand,9.87642,,,,1,0->0:Exact,NONE
582,9.703458,0.014992,-8970,-132.493,83.30938,0,0,0,0,2.7227101,2.7227101,none,true,0,0,0,Stand,9.891412,,,,1,0->0:Exact,NONE
583,9.718451,0.016447,-8970,-132.493,83.30938,0,0,0,0,2.7227101,2.7227101,none,true,0,0,0,Stand,9.907859,,,,1,0->0:Exact,NONE
584,9.734898,0.016668,-8970,-132.493,83.30938,0,0,0,0,2.7227101,2.7227101,none,true,0,0,0,Stand,9.924526,,,,1,0->0:Exact,NONE
585,9.751565,0.016673,-8970,-132.493,83.30938,0,0,0,0,2.7227101,2.7227101,none,true,0,0,0,Stand,9.941199,,,,1,0->0:Exact,NONE
586,9.768238,0.016935,-8970,-132.493,83.30938,0,0,0,0,2.7227101,2.7227101,none,true,0,0,0,Stand,9.958135,,,,1,0->0:Exact,NONE
587,9.785174,0.016729,-8970,-132.493,83.30938,0,0,0,0,2.7227101,2.7227101,none,true,0,0,0,Stand,9.974863,,,,1,0->0:Exact,NONE
588,9.801902,0.016397,-8970,-132.493,83.30938,0,0,0,0,2.7227101,2.7227101,none,true,0,0,0,Stand,9.99126,,,,1,0->0:Exact,NONE
589,9.818299,0.016716,-8970,-132.493,83.30938,0,0,0,0,2.7227101,2.7227101,none,true,0,0,0,Stand,10.007976,,,,1,0->0:Exact,NONE
590,9.835015,0.016677,-8970,-132.493,83.30938,0,0,0,0,2.7227101,2.7227101,none,true,0,0,0,Stand,10.0246525,,,,1,0->0:Exact,NONE
591,9.851692,0.016673,-8970,-132.493,83.30938,0,0,0,0,2.7227101,2.7227101,none,true,0,0,0,Stand,10.041326,,,,1,0->0:Exact,NONE
592,9.868365,0.016711,-8970,-132.493,83.30938,0,0,0,0,2.7227101,2.7227101,none,true,0,0,0,Stand,10.058037,,,,1,0->0:Exact,NONE
593,9.885076,0.017699,-8970,-132.493,83.30938,0,0,0,0,2.7227101,2.7227101,none,true,0,0,0,Stand,10.075735,,,,1,0->0:Exact,NONE
594,9.902775,0.015582,-8970,-132.493,83.30938,0,0,0,0,2.7227101,2.7227101,none,true,0,0,0,Stand,10.091317,,,,1,0->0:Exact,NONE
595,9.918357,0.016990,-8970,-132.493,83.30938,0,0,0,0,2.7227101,2.7227101,none,true,0,0,0,Stand,10.108308,,,,1,0->0:Exact,NONE
596,9.935347,0.016488,-8970,-132.493,83.30938,0,0,0,0,2.7227101,2.7227101,none,true,0,0,0,Stand,10.124796,,,,1,0->0:Exact,NONE
597,9.951835,0.016518,-8970,-132.493,83.30938,0,0,0,0,2.7227101,2.7227101,none,true,0,0,0,Stand,10.1413145,,,,1,0->0:Exact,NONE
598,9.968353,0.016735,-8970,-132.493,83.30938,0,0,0,0,2.7227101,2.7227101,none,true,0,0,0,Stand,10.15805,,,,1,0->0:Exact,NONE
599,9.985088,0.016763,-8970,-132.493,83.30938,0,0,0,0,2.7227101,2.7227101,none,true,0,0,0,Stand,10.174813,,,,1,0->0:Exact,NONE
600,10.001851,0.016524,-8970,-132.493,83.30938,0,0,0,0,2.7227101,2.7227101,none,true,0,0,0,Stand,10.191337,,,,1,0->0:Exact,NONE
601,10.018375,0.016649,-8970,-132.493,83.30938,0,0,0,0,2.7227101,2.7227101,none,true,0,0,0,Stand,10.207986,,,,1,0->0:Exact,NONE
602,10.035024,0.016895,-8970,-132.493,83.30938,0,0,0,0,2.7227101,2.7227101,none,true,0,0,0,Stand,10.224881,,,,1,0->0:Exact,NONE
603,10.051920,0.016961,-8970,-132.493,83.30938,0,0,0,0,2.7227101,2.7227101,none,true,0,0,0,Stand,10.241842,,,,1,0->0:Exact,NONE
604,10.068881,0.016375,-8970,-132.493,83.30938,0,0,0,0,2.7227101,2.7227101,none,true,0,0,0,Stand,10.258217,,,,1,0->0:Exact,NONE
605,10.085256,0.016501,-8970,-132.493,83.30938,0,0,0,0,2.7227101,2.7227101,none,true,0,0,0,Stand,10.274717,,,,1,0->0:Exact,NONE
606,10.101757,0.016966,-8970,-132.493,83.30938,0,0,0,0,2.7227101,2.7227101,none,true,0,0,0,Stand,10.291683,,,,1,0->0:Exact,NONE
607,10.118723,0.016555,-8970,-132.493,83.30938,0,0,0,0,2.7227101,2.7227101,none,true,0,0,0,Stand,10.308238,,,,1,0->0:Exact,NONE
608,10.135277,0.017043,-8970,-132.493,83.30938,0,0,0,0,2.7227101,2.7227101,none,true,0,0,0,Stand,10.325281,,,,1,0->0:Exact,NONE
609,10.152321,0.016311,-8970,-132.493,83.30938,0,0,0,0,2.7227101,2.7227101,none,true,0,0,0,Stand,10.341593,,,,1,0->0:Exact,NONE
610,10.168632,0.016782,-8970,-132.493,83.30938,0,0,0,0,2.7227101,2.7227101,none,true,0,0,0,Stand,10.358375,,,,1,0->0:Exact,NONE
611,10.185414,0.018645,-8970,-132.493,83.30938,0,0,0,0,2.7227101,2.7227101,none,true,0,0,0,Stand,10.37702,,,,1,0->0:Exact,NONE
612,10.204059,0.014718,-8970,-132.493,83.30938,0,0,0,0,2.7227101,2.7227101,none,true,0,0,0,Stand,10.391738,,,,1,0->0:Exact,NONE
613,10.218777,0.016439,-8970,-132.493,83.30938,0,0,0,0,2.7227101,2.7227101,none,true,0,0,0,Stand,10.408176,,,,1,0->0:Exact,NONE
614,10.235215,0.017074,-8970,-132.493,83.30938,0,0,0,0,2.7227101,2.7227101,none,true,0,0,0,Stand,10.42525,,,,1,0->0:Exact,NONE
615,10.252289,0.016323,-8970,-132.493,83.30938,0,0,0,0,2.7227101,2.7227101,none,true,0,0,0,Stand,10.441573,,,,1,0->0:Exact,NONE
616,10.268612,0.016677,-8970,-132.493,83.30938,0,0,0,0,2.7227101,2.7227101,none,true,0,0,0,Stand,10.45825,,,,1,0->0:Exact,NONE
617,10.285288,0.017018,-8970,-132.493,83.30938,0,0,0,0,2.7227101,2.7227101,none,true,0,0,0,Stand,10.475268,,,,1,0->0:Exact,NONE
618,10.302307,0.016721,-8970,-132.493,83.30938,0,0,0,0,2.7227101,2.7227101,none,true,0,0,0,Stand,10.491989,,,,1,0->0:Exact,NONE
619,10.319028,0.016528,-8970,-132.493,83.30938,0,0,0,0,2.7227101,2.7227101,none,true,0,0,0,Stand,10.508517,,,,1,0->0:Exact,NONE
620,10.335556,0.016747,-8970,-132.493,83.30938,0,0,0,0,2.7227101,2.7227101,none,true,0,0,0,Stand,10.525265,,,,1,0->0:Exact,NONE
621,10.352303,0.016481,-8970,-132.493,83.30938,0,0,0,0,2.7227101,2.7227101,none,true,0,0,0,Stand,10.541746,,,,1,0->0:Exact,NONE
622,10.368784,0.016722,-8970,-132.493,83.30938,0,0,0,0,2.7227101,2.7227101,none,true,0,0,0,Stand,10.558468,,,,1,0->0:Exact,NONE
623,10.385506,0.017485,-8970,-132.493,83.30938,0,0,0,0,2.7227101,2.7227101,none,true,0,0,0,Stand,10.575953,,,,1,0->0:Exact,NONE
624,10.402991,0.015901,-8970,-132.493,83.30938,0,0,0,0,2.7227101,2.7227101,none,true,0,0,0,Stand,10.591853,,,,1,0->0:Exact,NONE
625,10.418892,0.016757,-8970,-132.493,83.30938,0,0,0,0,2.7227101,2.7227101,none,true,0,0,0,Stand,10.60861,,,,1,0->0:Exact,NONE
626,10.435649,0.016737,-8970,-132.493,83.30938,0,0,0,0,2.7227101,2.7227101,none,true,0,0,0,Stand,10.625347,,,,1,0->0:Exact,NONE
627,10.452386,0.016453,-8970,-132.493,83.30938,0,0,0,0,2.7227101,2.7227101,none,true,0,0,0,Stand,10.641801,,,,1,0->0:Exact,NONE
628,10.468839,0.016642,-8970,-132.493,83.30938,0,0,0,0,2.7227101,2.7227101,none,true,0,0,0,Stand,10.658443,,,,1,0->0:Exact,NONE
629,10.485482,0.016886,-8970,-132.493,83.30938,0,0,0,0,2.7227101,2.7227101,none,true,0,0,0,Stand,10.675329,,,,1,0->0:Exact,NONE
630,10.502368,0.016960,-8970,-132.493,83.30938,0,0,0,0,2.7227101,2.7227101,none,true,0,0,0,Stand,10.692289,,,,1,0->0:Exact,NONE
631,10.519327,0.016313,-8970,-132.493,83.30938,0,0,0,0,2.7227101,2.7227101,none,true,0,0,0,Stand,10.708602,,,,1,0->0:Exact,NONE
632,10.535640,0.016498,-8970,-132.493,83.30938,0,0,0,0,2.7227101,2.7227101,none,true,0,0,0,Stand,10.7251005,,,,1,0->0:Exact,NONE
633,10.552138,0.017265,-8970,-132.493,83.30938,0,0,0,0,2.7227101,2.7227101,none,true,0,0,0,Stand,10.742366,,,,1,0->0:Exact,NONE
634,10.569403,0.016043,-8970,-132.493,83.30938,0,0,0,0,2.7227101,2.7227101,none,true,0,0,0,Stand,10.758409,,,,1,0->0:Exact,NONE
635,10.585446,0.016813,-8970,-132.493,83.30938,0,0,0,0,2.7227101,2.7227101,none,true,0,0,0,Stand,10.775222,,,,1,0->0:Exact,NONE
636,10.602259,0.016939,-8970,-132.493,83.30938,0,0,0,0,2.7227101,2.7227101,none,true,0,0,0,Stand,10.79216,,,,1,0->0:Exact,NONE
637,10.619197,0.016673,-8970,-132.493,83.30938,0,0,0,0,2.7227101,2.7227101,none,true,0,0,0,Stand,10.808832,,,,1,0->0:Exact,NONE
638,10.635870,0.016564,-8970,-132.493,83.30938,0,0,0,0,2.7227101,2.7227101,none,true,0,0,0,Stand,10.825397,,,,1,0->0:Exact,NONE
639,10.652434,0.016790,-8970,-132.493,83.30938,0,0,0,0,2.7227101,2.7227101,none,true,0,0,0,Stand,10.842187,,,,1,0->0:Exact,NONE
640,10.669224,0.016476,-8970,-132.493,83.30938,0,0,0,0,2.7227101,2.7227101,none,true,0,0,0,Stand,10.858663,,,,1,0->0:Exact,NONE
641,10.685700,0.018357,-8970,-132.493,83.30938,0,0,0,0,2.7227101,2.7227101,none,true,0,0,0,Stand,10.87702,,,,1,0->0:Exact,NONE
642,10.704057,0.015004,-8970,-132.493,83.30938,0,0,0,0,2.7227101,2.7227101,none,true,0,0,0,Stand,10.892024,,,,1,0->0:Exact,NONE
643,10.719061,0.017202,-8970,-132.493,83.30938,0,0,0,0,2.7227101,2.7227101,none,true,0,0,0,Stand,10.909226,,,,1,0->0:Exact,NONE
644,10.736263,0.016333,-8970,-132.493,83.30938,0,0,0,0,2.7227101,2.7227101,none,true,0,0,0,Stand,10.925559,,,,1,0->0:Exact,NONE
645,10.752596,0.016817,-8970,-132.493,83.30938,0,0,0,0,2.7227101,2.7227101,none,true,0,0,0,Stand,10.942376,,,,1,0->0:Exact,NONE
646,10.769413,0.016467,-8970,-132.493,83.30938,0,0,0,0,2.7227101,2.7227101,none,true,0,0,0,Stand,10.958843,,,,1,0->0:Exact,NONE
647,10.785880,0.016710,-8970,-132.493,83.30938,0,0,0,0,2.7227101,2.7227101,none,true,0,0,0,Stand,10.9755535,,,,1,0->0:Exact,NONE
648,10.802590,0.016786,-8970,-132.493,83.30938,0,0,0,0,2.7227101,2.7227101,none,true,0,0,0,Stand,10.992339,,,,1,0->0:Exact,NONE
649,10.819376,0.016508,-8970,-132.493,83.30938,0,0,0,0,2.7227101,2.7227101,none,true,0,0,0,Stand,11.008847,,,,1,0->0:Exact,NONE
650,10.835884,0.016858,-8970,-132.493,83.30938,0,0,0,0,2.7227101,2.7227101,none,true,0,0,0,Stand,11.025705,,,,1,0->0:Exact,NONE
651,10.852742,0.016456,-8970,-132.493,83.30938,0,0,0,0,2.7227101,2.7227101,none,true,0,0,0,Stand,11.042161,,,,1,0->0:Exact,NONE
652,10.869197,0.016967,-8970,-132.493,83.30938,0,0,0,0,2.7227101,2.7227101,none,true,0,0,0,Stand,11.059129,,,,1,0->0:Exact,NONE
653,10.886165,0.017440,-8970,-132.493,83.30938,0,0,0,0,2.7227101,2.7227101,none,true,0,0,0,Stand,11.076569,,,,1,0->0:Exact,NONE
654,10.903605,0.015775,-8970,-132.493,83.30938,0,0,0,0,2.7227101,2.7227101,none,true,0,0,0,Stand,11.092343,,,,1,0->0:Exact,NONE
655,10.919380,0.016581,-8970,-132.493,83.30938,0,0,0,0,2.7227101,2.7227101,none,true,0,0,0,Stand,11.108925,,,,1,0->0:Exact,NONE
656,10.935961,0.016679,-8970,-132.493,83.30938,0,0,0,0,2.7227101,2.7227101,none,true,0,0,0,Stand,11.125605,,,,1,0->0:Exact,NONE
657,10.952641,0.016843,-8970,-132.493,83.30938,0,0,0,0,2.7227101,2.7227101,none,true,0,0,0,Stand,11.142447,,,,1,0->0:Exact,NONE
658,10.969484,0.016599,-8970,-132.493,83.30938,0,0,0,0,2.7227101,2.7227101,none,true,0,0,0,Stand,11.159047,,,,1,0->0:Exact,NONE
659,10.986083,0.016570,-8970,-132.493,83.30938,0,0,0,0,2.7227101,2.7227101,none,true,0,0,0,Stand,11.175617,,,,1,0->0:Exact,NONE
660,11.002654,0.016747,-8970,-132.493,83.30938,0,0,0,0,2.7227101,2.7227101,none,true,0,0,0,Stand,11.192365,,,,1,0->0:Exact,NONE
661,11.019401,0.016601,-8970,-132.493,83.30938,0,0,0,0,2.7227101,2.7227101,none,true,0,0,0,Stand,11.208966,,,,1,0->0:Exact,NONE
662,11.036002,0.016523,-8970,-132.493,83.30938,0,0,0,0,2.7227101,2.7227101,none,true,0,0,0,Stand,11.22549,,,,1,0->0:Exact,NONE
663,11.052526,0.016968,-8970,-132.493,83.30938,0,0,0,0,2.7227101,2.7227101,none,true,0,0,0,Stand,11.242458,,,,1,0->0:Exact,NONE
664,11.069494,0.016493,-8970,-132.493,83.30938,0,0,0,0,2.7227101,2.7227101,none,true,0,0,0,Stand,11.258951,,,,1,0->0:Exact,NONE
665,11.085987,0.016737,-8970,-132.493,83.30938,0,0,0,0,2.7227101,2.7227101,none,true,0,0,0,Stand,11.275688,,,,1,0->0:Exact,NONE
666,11.102724,0.016880,-8970,-132.493,83.30938,0,0,0,0,2.7227101,2.7227101,none,true,0,0,0,Stand,11.292568,,,,1,0->0:Exact,NONE
667,11.119604,0.016516,-8970,-132.493,83.30938,0,0,0,0,2.7227101,2.7227101,none,true,0,0,0,Stand,11.309084,,,,1,0->0:Exact,NONE
668,11.136120,0.016957,-8970,-132.493,83.30938,0,0,0,0,2.7227101,2.7227101,none,true,0,0,0,Stand,11.32604,,,,1,0->0:Exact,NONE
669,11.153077,0.016572,-8970,-132.493,83.30938,0,0,0,0,2.7227101,2.7227101,none,true,0,0,0,Stand,11.342612,,,,1,0->0:Exact,NONE
670,11.169649,0.016750,-8970,-132.493,83.30938,0,0,0,0,2.7227101,2.7227101,none,true,0,0,0,Stand,11.359363,,,,1,0->0:Exact,NONE
671,11.186399,0.017682,-8970,-132.493,83.30938,0,0,0,0,2.7227101,2.7227101,none,true,0,0,0,Stand,11.377045,,,,1,0->0:Exact,NONE
672,11.204082,0.015349,-8970,-132.493,83.30938,0,0,0,0,2.7227101,2.7227101,none,true,0,0,0,Stand,11.392394,,,,1,0->0:Exact,NONE
673,11.219431,0.016654,-8970,-132.493,83.30938,0,0,0,0,2.7227101,2.7227101,none,true,0,0,0,Stand,11.409048,,,,1,0->0:Exact,NONE
674,11.236085,0.016963,-8970,-132.493,83.30938,0,0,0,0,2.7227101,2.7227101,none,true,0,0,0,Stand,11.426011,,,,1,0->0:Exact,NONE
675,11.253048,0.016721,-8970,-132.493,83.30938,0,0,0,0,2.7227101,2.7227101,none,true,0,0,0,Stand,11.442732,,,,1,0->0:Exact,NONE
676,11.269768,0.016527,-8970,-132.493,83.30938,0,0,0,0,2.7227101,2.7227101,none,true,0,0,0,Stand,11.459259,,,,1,0->0:Exact,NONE
677,11.286295,0.016577,-8970,-132.493,83.30938,0,0,0,0,2.7227101,2.7227101,none,true,0,0,0,Stand,11.475836,,,,1,0->0:Exact,NONE
678,11.302871,0.016597,-8970,-132.493,83.30938,0,0,0,0,2.7227101,2.7227101,none,true,0,0,0,Stand,11.492434,,,,1,0->0:Exact,NONE
679,11.319469,0.016934,-8970,-132.493,83.30938,0,0,0,0,2.7227101,2.7227101,none,true,0,0,0,Stand,11.509368,,,,1,0->0:Exact,NONE
680,11.336403,0.016517,-8970,-132.493,83.30938,0,0,0,0,2.7227101,2.7227101,none,true,0,0,0,Stand,11.525885,,,,1,0->0:Exact,NONE
681,11.352920,0.016790,-8970,-132.493,83.30938,0,0,0,0,2.7227101,2.7227101,none,true,0,0,0,Stand,11.542674,,,,1,0->0:Exact,NONE
682,11.369710,0.017027,-8970,-132.493,83.30938,0,0,0,0,2.7227101,2.7227101,none,true,0,0,0,Stand,11.559701,,,,1,0->0:Exact,NONE
683,11.386736,0.017148,-8970,-132.493,83.30938,0,0,0,0,2.7227101,2.7227101,none,true,0,0,0,Stand,11.576849,,,,1,0->0:Exact,NONE
684,11.403884,0.015899,-8970,-132.493,83.30938,0,0,0,0,2.7227101,2.7227101,none,true,0,0,0,Stand,11.592749,,,,1,0->0:Exact,NONE
685,11.419784,0.016656,-8970,-132.493,83.30938,0,0,0,0,2.7227101,2.7227101,none,true,0,0,0,Stand,11.609405,,,,1,0->0:Exact,NONE
686,11.436440,0.016753,-8970,-132.493,83.30938,0,0,0,0,2.7227101,2.7227101,none,true,0,0,0,Stand,11.626157,,,,1,0->0:Exact,NONE
687,11.453193,0.016703,-8970,-132.493,83.30938,0,0,0,0,2.7227101,2.7227101,none,true,0,0,0,Stand,11.642859,,,,1,0->0:Exact,NONE
688,11.469896,0.016499,-8970,-132.493,83.30938,0,0,0,0,2.7227101,2.7227101,none,true,0,0,0,Stand,11.659358,,,,1,0->0:Exact,NONE
689,11.486394,0.016633,-8970,-132.493,83.30938,0,0,0,0,2.7227101,2.7227101,none,true,0,0,0,Stand,11.675991,,,,1,0->0:Exact,NONE
690,11.503027,0.017069,-8970,-132.493,83.30938,0,0,0,0,2.7227101,2.7227101,none,true,0,0,0,Stand,11.693061,,,,1,0->0:Exact,NONE
691,11.520097,0.017297,-8970,-132.493,83.30938,0,0,0,0,2.7227101,2.7227101,none,true,0,0,0,Stand,11.710359,,,,1,0->0:Exact,NONE
692,11.537394,0.015606,-8970,-132.493,83.30938,0,0,0,0,2.7227101,2.7227101,none,true,0,0,0,Stand,11.725965,,,,1,0->0:Exact,NONE
693,11.553000,0.016702,-8970,-132.493,83.30938,0,0,0,0,2.7227101,2.7227101,none,true,0,0,0,Stand,11.742666,,,,1,0->0:Exact,NONE
694,11.569702,0.016691,-8970,-132.493,83.30938,0,0,0,0,2.7227101,2.7227101,none,true,0,0,0,Stand,11.7593565,,,,1,0->0:Exact,NONE
695,11.586392,0.016773,-8970,-132.493,83.30938,0,0,0,0,2.7227101,2.7227101,none,true,0,0,0,Stand,11.776129,,,,1,0->0:Exact,NONE
696,11.603165,0.016898,-8970,-132.493,83.30938,0,0,0,0,2.7227101,2.7227101,none,true,0,0,0,Stand,11.793027,,,,1,0->0:Exact,NONE
697,11.620063,0.016520,-8970,-132.493,83.30938,0,0,0,0,2.7227101,2.7227101,none,true,0,0,0,Stand,11.809547,,,,1,0->0:Exact,NONE
698,11.636583,0.016528,-8970,-132.493,83.30938,0,0,0,0,2.7227101,2.7227101,none,true,0,0,0,Stand,11.826076,,,,1,0->0:Exact,NONE
699,11.653111,0.016727,-8970,-132.493,83.30938,0,0,0,0,2.7227101,2.7227101,none,true,0,0,0,Stand,11.842802,,,,1,0->0:Exact,NONE
700,11.669838,0.016958,-8970,-132.493,83.30938,0,0,0,0,2.7227101,2.7227101,none,true,0,0,0,Stand,11.85976,,,,1,0->0:Exact,NONE
701,11.686796,0.017867,-8970,-132.493,83.30938,0,0,0,0,2.7227101,2.7227101,none,true,0,0,0,Stand,11.877627,,,,1,0->0:Exact,NONE
702,11.704663,0.015492,-8970,-132.493,83.30938,0,0,0,0,2.7227101,2.7227101,none,true,0,0,0,Stand,11.893119,,,,1,0->0:Exact,NONE
703,11.720155,0.016658,-8970,-132.493,83.30938,0,0,0,0,2.7227101,2.7227101,none,true,0,0,0,Stand,11.909777,,,,1,0->0:Exact,NONE
704,11.736813,0.016693,-8970,-132.493,83.30938,0,0,0,0,2.7227101,2.7227101,none,true,0,0,0,Stand,11.92647,,,,1,0->0:Exact,NONE
705,11.753505,0.016598,-8970,-132.493,83.30938,0,0,0,0,2.7227101,2.7227101,none,true,0,0,0,Stand,11.943068,,,,1,0->0:Exact,NONE
706,11.770103,0.016782,-8970,-132.493,83.30938,0,0,0,0,2.7227101,2.7227101,none,true,0,0,0,Stand,11.959849,,,,1,0->0:Exact,NONE
707,11.786885,0.016570,-8970,-132.493,83.30938,0,0,0,0,2.7227101,2.7227101,none,true,0,0,0,Stand,11.976419,,,,1,0->0:Exact,NONE
708,11.803455,0.016491,-8970,-132.493,83.30938,0,0,0,0,2.7227101,2.7227101,none,true,0,0,0,Stand,11.99291,,,,1,0->0:Exact,NONE
709,11.819946,0.016644,-8970,-132.493,83.30938,0,0,0,0,2.7227101,2.7227101,none,true,0,0,0,Stand,12.009555,,,,1,0->0:Exact,NONE
710,11.836590,0.016746,-8970,-132.493,83.30938,0,0,0,0,2.7227101,2.7227101,none,true,0,0,0,Stand,12.0263,,,,1,0->0:Exact,NONE
711,11.853336,0.017072,-8970,-132.493,83.30938,0,0,0,0,2.7227101,2.7227101,none,true,0,0,0,Stand,12.043372,,,,1,0->0:Exact,NONE
712,11.870408,0.016320,-8970,-132.493,83.30938,0,0,0,0,2.7227101,2.7227101,none,true,0,0,0,Stand,12.059692,,,,1,0->0:Exact,NONE
713,11.886728,0.017758,-8970,-132.493,83.30938,0,0,0,0,2.7227101,2.7227101,none,true,0,0,0,Stand,12.077451,,,,1,0->0:Exact,NONE
714,11.904486,0.015604,-8970,-132.493,83.30938,0,0,0,0,2.7227101,2.7227101,none,true,0,0,0,Stand,12.093055,,,,1,0->0:Exact,NONE
715,11.920090,0.016766,-8970,-132.493,83.30938,0,0,0,0,2.7227101,2.7227101,none,true,0,0,0,Stand,12.10982,,,,1,0->0:Exact,NONE
716,11.936856,0.016855,-8970,-132.493,83.30938,0,0,0,0,2.7227101,2.7227101,none,true,0,0,0,Stand,12.126676,,,,1,0->0:Exact,NONE
717,11.953711,0.016504,-8970,-132.493,83.30938,0,0,0,0,2.7227101,2.7227101,none,true,0,0,0,Stand,12.14318,,,,1,0->0:Exact,NONE
718,11.970216,0.016676,-8970,-132.493,83.30938,0,0,0,0,2.7227101,2.7227101,none,true,0,0,0,Stand,12.159856,,,,1,0->0:Exact,NONE
719,11.986892,0.016544,-8970,-132.493,83.30938,0,0,0,0,2.7227101,2.7227101,none,true,0,0,0,Stand,12.176399,,,,1,0->0:Exact,NONE
720,12.003435,0.017315,-8970,-132.493,83.30938,0,0,0,0,2.7227101,2.7227101,none,true,0,0,0,Stand,12.193714,,,,1,0->0:Exact,NONE
721,12.020750,0.016300,-8970,-132.493,83.30938,0,0,0,0,2.7227101,2.7227101,none,true,0,0,0,Stand,12.210014,,,,1,0->0:Exact,NONE
722,12.037050,0.016520,-8970,-132.493,83.30938,0,0,0,0,2.7227101,2.7227101,none,true,0,0,0,Stand,12.226535,,,,1,0->0:Exact,NONE
723,12.053571,0.016494,-8970,-132.493,83.30938,0,0,0,0,2.7227101,2.7227101,none,true,0,0,0,Stand,12.243029,,,,1,0->0:Exact,NONE
724,12.070064,0.016682,-8970,-132.493,83.30938,0,0,0,0,2.7227101,2.7227101,none,true,0,0,0,Stand,12.25971,,,,1,0->0:Exact,NONE
725,12.086746,0.016751,-8970,-132.493,83.30938,0,0,0,0,2.7227101,2.7227101,none,true,0,0,0,Stand,12.276462,,,,1,0->0:Exact,NONE
726,12.103497,0.016847,-8970,-132.493,83.30938,0,0,0,0,2.7227101,2.7227101,none,true,0,0,0,Stand,12.293308,,,,1,0->0:Exact,NONE
727,12.120344,0.016534,-8970,-132.493,83.30938,0,0,0,0,2.7227101,2.7227101,none,true,0,0,0,Stand,12.309842,,,,1,0->0:Exact,NONE
728,12.136878,0.016735,-8970,-132.493,83.30938,0,0,0,0,2.7227101,2.7227101,none,true,0,0,0,Stand,12.326576,,,,1,0->0:Exact,NONE
729,12.153613,0.017139,-8970,-132.493,83.30938,0,0,0,0,2.7227101,2.7227101,none,true,0,0,0,Stand,12.343715,,,,1,0->0:Exact,NONE
730,12.170752,0.016435,-8970,-132.493,83.30938,0,0,0,0,2.7227101,2.7227101,none,true,0,0,0,Stand,12.360149,,,,1,0->0:Exact,NONE
731,12.187187,0.017952,-8970,-132.493,83.30938,0,0,0,0,2.7227101,2.7227101,none,true,0,0,0,Stand,12.378101,,,,1,0->0:Exact,NONE
732,12.205138,0.015250,-8970,-132.493,83.30938,0,0,0,0,2.7227101,2.7227101,none,true,0,0,0,Stand,12.393352,,,,1,0->0:Exact,NONE
733,12.220388,0.016477,-8970,-132.493,83.30938,0,0,0,0,2.7227101,2.7227101,none,true,0,0,0,Stand,12.409828,,,,1,0->0:Exact,NONE
734,12.236865,0.016951,-8970,-132.493,83.30938,0,0,0,0,2.7227101,2.7227101,none,true,0,0,0,Stand,12.426779,,,,1,0->0:Exact,NONE
735,12.253816,0.016734,-8970,-132.493,83.30938,0,0,0,0,2.7227101,2.7227101,none,true,0,0,0,Stand,12.443513,,,,1,0->0:Exact,NONE
736,12.270550,0.016642,-8970,-132.493,83.30938,0,0,0,0,2.7227101,2.7227101,none,true,0,0,0,Stand,12.460155,,,,1,0->0:Exact,NONE
737,12.287191,0.016636,-8970,-132.493,83.30938,0,0,0,0,2.7227101,2.7227101,none,true,0,0,0,Stand,12.47679,,,,1,0->0:Exact,NONE
738,12.303827,0.016648,-8970,-132.493,83.30938,0,0,0,0,2.7227101,2.7227101,none,true,0,0,0,Stand,12.493439,,,,1,0->0:Exact,NONE
739,12.320475,0.016867,-8970,-132.493,83.30938,0,0,0,0,2.7227101,2.7227101,none,true,0,0,0,Stand,12.510305,,,,1,0->0:Exact,NONE
740,12.337342,0.016394,-8970,-132.493,83.30938,0,0,0,0,2.7227101,2.7227101,none,true,0,0,0,Stand,12.526699,,,,1,0->0:Exact,NONE
741,12.353736,0.016738,-8970,-132.493,83.30938,0,0,0,0,2.7227101,2.7227101,none,true,0,0,0,Stand,12.543437,,,,1,0->0:Exact,NONE
742,12.370474,0.016571,-8970,-132.493,83.30938,0,0,0,0,2.7227101,2.7227101,none,true,0,0,0,Stand,12.560008,,,,1,0->0:Exact,NONE
743,12.387045,0.017658,-8970,-132.493,83.30938,0,0,0,0,2.7227101,2.7227101,none,true,0,0,0,Stand,12.577666,,,,1,0->0:Exact,NONE
744,12.404703,0.015726,-8970,-132.493,83.30938,0,0,0,0,2.7227101,2.7227101,none,true,0,0,0,Stand,12.593392,,,,1,0->0:Exact,NONE
745,12.420429,0.016803,-8970,-132.493,83.30938,0,0,0,0,2.7227101,2.7227101,none,true,0,0,0,Stand,12.610196,,,,1,0->0:Exact,NONE
746,12.437233,0.016686,-8970,-132.493,83.30938,0,0,0,0,2.7227101,2.7227101,none,true,0,0,0,Stand,12.626882,,,,1,0->0:Exact,NONE
747,12.453919,0.016762,-8970,-132.493,83.30938,0,0,0,0,2.7227101,2.7227101,none,true,0,0,0,Stand,12.643643,,,,1,0->0:Exact,NONE
748,12.470681,0.016464,-8970,-132.493,83.30938,0,0,0,0,2.7227101,2.7227101,none,true,0,0,0,Stand,12.660107,,,,1,0->0:Exact,NONE
749,12.487144,0.016753,-8970,-132.493,83.30938,0,0,0,0,2.7227101,2.7227101,none,true,0,0,0,Stand,12.676859,,,,1,0->0:Exact,NONE
750,12.503897,0.016654,-8970,-132.493,83.30938,0,0,0,0,2.7227101,2.7227101,none,true,0,0,0,Stand,12.693513,,,,1,0->0:Exact,NONE
751,12.520550,0.016612,-8970,-132.493,83.30938,0,0,0,0,2.7227101,2.7227101,none,true,0,0,0,Stand,12.710125,,,,1,0->0:Exact,NONE
752,12.537162,0.016783,-8970,-132.493,83.30938,0,0,0,0,2.7227101,2.7227101,none,true,0,0,0,Stand,12.726908,,,,1,0->0:Exact,NONE
753,12.553945,0.016812,-8970,-132.493,83.30938,0,0,0,0,2.7227101,2.7227101,none,true,0,0,0,Stand,12.74372,,,,1,0->0:Exact,NONE
754,12.570757,0.016419,-8970,-132.493,83.30938,0,0,0,0,2.7227101,2.7227101,none,true,0,0,0,Stand,12.7601385,,,,1,0->0:Exact,NONE
755,12.587176,0.016574,-8970,-132.493,83.30938,0,0,0,0,2.7227101,2.7227101,none,true,0,0,0,Stand,12.776712,,,,1,0->0:Exact,NONE
756,12.603750,0.016769,-8970,-132.493,83.30938,0,0,0,0,2.7227101,2.7227101,none,true,0,0,0,Stand,12.793481,,,,1,0->0:Exact,NONE
757,12.620518,0.016840,-8970,-132.493,83.30938,0,0,0,0,2.7227101,2.7227101,none,true,0,0,0,Stand,12.810321,,,,1,0->0:Exact,NONE
758,12.637358,0.016646,-8970,-132.493,83.30938,0,0,0,0,2.7227101,2.7227101,none,true,0,0,0,Stand,12.826966,,,,1,0->0:Exact,NONE
759,12.654004,0.016691,-8970,-132.493,83.30938,0,0,0,0,2.7227101,2.7227101,none,true,0,0,0,Stand,12.8436575,,,,1,0->0:Exact,NONE
760,12.670695,0.016682,-8970,-132.493,83.30938,0,0,0,0,2.7227101,2.7227101,none,true,0,0,0,Stand,12.860339,,,,1,0->0:Exact,NONE
761,12.687377,0.018222,-8970,-132.493,83.30938,0,0,0,0,2.7227101,2.7227101,none,true,0,0,0,Stand,12.878561,,,,1,0->0:Exact,NONE
762,12.705598,0.015068,-8970,-132.493,83.30938,0,0,0,0,2.7227101,2.7227101,none,true,0,0,0,Stand,12.893628,,,,1,0->0:Exact,NONE
763,12.720666,0.017011,-8970,-132.493,83.30938,0,0,0,0,2.7227101,2.7227101,none,true,0,0,0,Stand,12.91064,,,,1,0->0:Exact,NONE
764,12.737677,0.016301,-8970,-132.493,83.30938,0,0,0,0,2.7227101,2.7227101,none,true,0,0,0,Stand,12.926941,,,,1,0->0:Exact,NONE
765,12.753979,0.017017,-8970,-132.493,83.30938,0,0,0,0,2.7227101,2.7227101,none,true,0,0,0,Stand,12.943958,,,,1,0->0:Exact,NONE
766,12.770996,0.016664,-8970,-132.493,83.30938,0,0,0,0,2.7227101,2.7227101,none,true,0,0,0,Stand,12.960622,,,,1,0->0:Exact,NONE
767,12.787659,0.016695,-8970,-132.493,83.30938,0,0,0,0,2.7227101,2.7227101,none,true,0,0,0,Stand,12.977317,,,,1,0->0:Exact,NONE
768,12.804354,0.016273,-8970,-132.493,83.30938,0,0,0,0,2.7227101,2.7227101,none,true,0,0,0,Stand,12.993589,,,,1,0->0:Exact,NONE
769,12.820627,0.016961,-8970,-132.493,83.30938,0,0,0,0,2.7227101,2.7227101,none,true,0,0,0,Stand,13.0105505,,,,1,0->0:Exact,NONE
770,12.837588,0.016552,-8970,-132.493,83.30938,0,0,0,0,2.7227101,2.7227101,none,true,0,0,0,Stand,13.027102,,,,1,0->0:Exact,NONE
771,12.854139,0.016905,-8970,-132.493,83.30938,0,0,0,0,2.7227101,2.7227101,none,true,0,0,0,Stand,13.044007,,,,1,0->0:Exact,NONE
772,12.871044,0.016519,-8970,-132.493,83.30938,0,0,0,0,2.7227101,2.7227101,none,true,0,0,0,Stand,13.060527,,,,1,0->0:Exact,NONE
773,12.887564,0.017675,-8970,-132.493,83.30938,0,0,0,0,2.7227101,2.7227101,none,true,0,0,0,Stand,13.078202,,,,1,0->0:Exact,NONE
774,12.905239,0.015512,-8970,-132.493,83.30938,0,0,0,0,2.7227101,2.7227101,none,true,0,0,0,Stand,13.093715,,,,1,0->0:Exact,NONE
775,12.920751,0.016859,-8970,-132.493,83.30938,0,0,0,0,2.7227101,2.7227101,none,true,0,0,0,Stand,13.110574,,,,1,0->0:Exact,NONE
776,12.937610,0.016501,-8970,-132.493,83.30938,0,0,0,0,2.7227101,2.7227101,none,true,0,0,0,Stand,13.127075,,,,1,0->0:Exact,NONE
777,12.954111,0.016743,-8970,-132.493,83.30938,0,0,0,0,2.7227101,2.7227101,none,true,0,0,0,Stand,13.143819,,,,1,0->0:Exact,NONE
778,12.970854,0.016888,-8970,-132.493,83.30938,0,0,0,0,2.7227101,2.7227101,none,true,0,0,0,Stand,13.1607065,,,,1,0->0:Exact,NONE
779,12.987742,0.016714,-8970,-132.493,83.30938,0,0,0,0,2.7227101,2.7227101,none,true,0,0,0,Stand,13.177421,,,,1,0->0:Exact,NONE
780,13.004457,0.016527,-8970,-132.493,83.30938,0,0,0,0,2.7227101,2.7227101,none,true,0,0,0,Stand,13.193948,,,,1,0->0:Exact,NONE
781,13.020983,0.016714,-8970,-132.493,83.30938,0,0,0,0,2.7227101,2.7227101,none,true,0,0,0,Stand,13.210662,,,,1,0->0:Exact,NONE
782,13.037698,0.016562,-8970,-132.493,83.30938,0,0,0,0,2.7227101,2.7227101,none,true,0,0,0,Stand,13.227223,,,,1,0->0:Exact,NONE
783,13.054259,0.016957,-8970,-132.493,83.30938,0,0,0,0,2.7227101,2.7227101,none,true,0,0,0,Stand,13.244181,,,,1,0->0:Exact,NONE
784,13.071216,0.016620,-8970,-132.493,83.30938,0,0,0,0,2.7227101,2.7227101,none,true,0,0,0,Stand,13.260801,,,,1,0->0:Exact,NONE
785,13.087837,0.016745,-8970,-132.493,83.30938,0,0,0,0,2.7227101,2.7227101,none,true,0,0,0,Stand,13.277546,,,,1,0->0:Exact,NONE
786,13.104582,0.016745,-8970,-132.493,83.30938,0,0,0,0,2.7227101,2.7227101,none,true,0,0,0,Stand,13.2942915,,,,1,0->0:Exact,NONE
787,13.121327,0.016764,-8970,-132.493,83.30938,0,0,0,0,2.7227101,2.7227101,none,true,0,0,0,Stand,13.311055,,,,1,0->0:Exact,NONE
788,13.138091,0.016324,-8970,-132.493,83.30938,0,0,0,0,2.7227101,2.7227101,none,true,0,0,0,Stand,13.327379,,,,1,0->0:Exact,NONE
789,13.154415,0.016583,-8970,-132.493,83.30938,0,0,0,0,2.7227101,2.7227101,none,true,0,0,0,Stand,13.343962,,,,1,0->0:Exact,NONE
790,13.170998,0.017077,-8970,-132.493,83.30938,0,0,0,0,2.7227101,2.7227101,none,true,0,0,0,Stand,13.361039,,,,1,0->0:Exact,NONE
791,13.188075,0.017776,-8970,-132.493,83.30938,0,0,0,0,2.7227101,2.7227101,none,true,0,0,0,Stand,13.378815,,,,1,0->0:Exact,NONE
792,13.205851,0.015317,-8970,-132.493,83.30938,0,0,0,0,2.7227101,2.7227101,none,true,0,0,0,Stand,13.394132,,,,1,0->0:Exact,NONE
793,13.221168,0.016710,-8970,-132.493,83.30938,0,0,0,0,2.7227101,2.7227101,none,true,0,0,0,Stand,13.410842,,,,1,0->0:Exact,NONE
794,13.237878,0.016754,-8970,-132.493,83.30938,0,0,0,0,2.7227101,2.7227101,none,true,0,0,0,Stand,13.427596,,,,1,0->0:Exact,NONE
795,13.254632,0.016860,-8970,-132.493,83.30938,0,0,0,0,2.7227101,2.7227101,none,true,0,0,0,Stand,13.444456,,,,1,0->0:Exact,NONE
796,13.271491,0.016321,-8970,-132.493,83.30938,0,0,0,0,2.7227101,2.7227101,none,true,0,0,0,Stand,13.460776,,,,1,0->0:Exact,NONE
797,13.287812,0.016751,-8970,-132.493,83.30938,0,0,0,0,2.7227101,2.7227101,none,true,0,0,0,Stand,13.477528,,,,1,0->0:Exact,NONE
798,13.304564,0.016581,-8970,-132.493,83.30938,0,0,0,0,2.7227101,2.7227101,none,true,0,0,0,Stand,13.494109,,,,1,0->0:Exact,NONE
799,13.321145,0.016626,-8970,-132.493,83.30938,0,0,0,0,2.7227101,2.7227101,none,true,0,0,0,Stand,13.5107355,,,,1,0->0:Exact,NONE
800,13.337771,0.016974,-8970,-132.493,83.30938,0,0,0,0,2.7227101,2.7227101,none,true,0,0,0,Stand,13.52771,,,,1,0->0:Exact,NONE
801,13.354745,0.016540,-8970,-132.493,83.30938,0,0,0,0,2.7227101,2.7227101,none,true,0,0,0,Stand,13.5442505,,,,1,0->0:Exact,NONE
802,13.371286,0.016469,-8970,-132.493,83.30938,0,0,0,0,2.7227101,2.7227101,none,true,0,0,0,Stand,13.5607195,,,,1,0->0:Exact,NONE
803,13.387755,0.017801,-8970,-132.493,83.30938,0,0,0,0,2.7227101,2.7227101,none,true,0,0,0,Stand,13.57852,,,,1,0->0:Exact,NONE
804,13.405555,0.015606,-8970,-132.493,83.30938,0,0,0,0,2.7227101,2.7227101,none,true,0,0,0,Stand,13.594126,,,,1,0->0:Exact,NONE
805,13.421162,0.016730,-8970,-132.493,83.30938,0,0,0,0,2.7227101,2.7227101,none,true,0,0,0,Stand,13.610855,,,,1,0->0:Exact,NONE
806,13.437891,0.016785,-8970,-132.493,83.30938,0,0,0,0,2.7227101,2.7227101,none,true,0,0,0,Stand,13.627641,,,,1,0->0:Exact,NONE
807,13.454677,0.016832,-8970,-132.493,83.30938,0,0,0,0,2.7227101,2.7227101,none,true,0,0,0,Stand,13.644473,,,,1,0->0:Exact,NONE
808,13.471509,0.016485,-8970,-132.493,83.30938,0,0,0,0,2.7227101,2.7227101,none,true,0,0,0,Stand,13.660957,,,,1,0->0:Exact,NONE
809,13.487993,0.016466,-8970,-132.493,83.30938,0,0,0,0,2.7227101,2.7227101,none,true,0,0,0,Stand,13.6774235,,,,1,0->0:Exact,NONE
810,13.504460,0.017326,-8970,-132.493,83.30938,0,0,0,0,2.7227101,2.7227101,none,true,0,0,0,Stand,13.69475,,,,1,0->0:Exact,NONE
811,13.521786,0.016239,-8970,-132.493,83.30938,0,0,0,0,2.7227101,2.7227101,none,true,0,0,0,Stand,13.710989,,,,1,0->0:Exact,NONE
812,13.538025,0.016650,-8970,-132.493,83.30938,0,0,0,0,2.7227101,2.7227101,none,true,0,0,0,Stand,13.727639,,,,1,0->0:Exact,NONE
813,13.554676,0.016902,-8970,-132.493,83.30938,0,0,0,0,2.7227101,2.7227101,none,true,0,0,0,Stand,13.744541,,,,1,0->0:Exact,NONE
814,13.571578,0.016508,-8970,-132.493,83.30938,0,0,0,0,2.7227101,2.7227101,none,true,0,0,0,Stand,13.761049,,,,1,0->0:Exact,NONE
815,13.588086,0.016537,-8970,-132.493,83.30938,0,0,0,0,2.7227101,2.7227101,none,true,0,0,0,Stand,13.777586,,,,1,0->0:Exact,NONE
816,13.604623,0.016870,-8970,-132.493,83.30938,0,0,0,0,2.7227101,2.7227101,none,true,0,0,0,Stand,13.794456,,,,1,0->0:Exact,NONE
817,13.621493,0.016596,-8970,-132.493,83.30938,0,0,0,0,2.7227101,2.7227101,none,true,0,0,0,Stand,13.811051,,,,1,0->0:Exact,NONE
818,13.638089,0.016727,-8970,-132.493,83.30938,0,0,0,0,2.7227101,2.7227101,none,true,0,0,0,Stand,13.827779,,,,1,0->0:Exact,NONE
819,13.654816,0.016694,-8970,-132.493,83.30938,0,0,0,0,2.7227101,2.7227101,none,true,0,0,0,Stand,13.844473,,,,1,0->0:Exact,NONE
820,13.671510,0.017124,-8970,-132.493,83.30938,0,0,0,0,2.7227101,2.7227101,none,true,0,0,0,Stand,13.861596,,,,1,0->0:Exact,NONE
821,13.688634,0.017711,-8970,-132.493,83.30938,0,0,0,0,2.7227101,2.7227101,none,true,0,0,0,Stand,13.879307,,,,1,0->0:Exact,NONE
822,13.706345,0.015254,-8970,-132.493,83.30938,0,0,0,0,2.7227101,2.7227101,none,true,0,0,0,Stand,13.894561,,,,1,0->0:Exact,NONE
823,13.721599,0.016622,-8970,-132.493,83.30938,0,0,0,0,2.7227101,2.7227101,none,true,0,0,0,Stand,13.911182,,,,1,0->0:Exact,NONE
824,13.738220,0.016619,-8970,-132.493,83.30938,0,0,0,0,2.7227101,2.7227101,none,true,0,0,0,Stand,13.927801,,,,1,0->0:Exact,NONE
825,13.754839,0.016830,-8970,-132.493,83.30938,0,0,0,0,2.7227101,2.7227101,none,true,0,0,0,Stand,13.944631,,,,1,0->0:Exact,NONE
826,13.771669,0.016581,-8970,-132.493,83.30938,0,0,0,0,2.7227101,2.7227101,none,true,0,0,0,Stand,13.961212,,,,1,0->0:Exact,NONE
827,13.788250,0.016672,-8970,-132.493,83.30938,0,0,0,0,2.7227101,2.7227101,none,true,0,0,0,Stand,13.977884,,,,1,0->0:Exact,NONE
828,13.804923,0.016797,-8970,-132.493,83.30938,0,0,0,0,2.7227101,2.7227101,none,true,0,0,0,Stand,13.994681,,,,1,0->0:Exact,NONE
829,13.821720,0.016586,-8970,-132.493,83.30938,0,0,0,0,2.7227101,2.7227101,none,true,0,0,0,Stand,14.011267,,,,1,0->0:Exact,NONE
830,13.838306,0.016697,-8970,-132.493,83.30938,0,0,0,0,2.7227101,2.7227101,none,true,0,0,0,Stand,14.027964,,,,1,0->0:Exact,NONE
831,13.855003,0.016711,-8970,-132.493,83.30938,0,0,0,0,2.7227101,2.7227101,none,true,0,0,0,Stand,14.044675,,,,1,0->0:Exact,NONE
832,13.871714,0.016697,-8970,-132.493,83.30938,0,0,0,0,2.7227101,2.7227101,none,true,0,0,0,Stand,14.061372,,,,1,0->0:Exact,NONE
833,13.888411,0.017697,-8970,-132.493,83.30938,0,0,0,0,2.7227101,2.7227101,none,true,0,0,0,Stand,14.079069,,,,1,0->0:Exact,NONE
834,13.906108,0.015467,-8970,-132.493,83.30938,0,0,0,0,2.7227101,2.7227101,none,true,0,0,0,Stand,14.094536,,,,1,0->0:Exact,NONE
835,13.921575,0.016703,-8970,-132.493,83.30938,0,0,0,0,2.7227101,2.7227101,none,true,0,0,0,Stand,14.111239,,,,1,0->0:Exact,NONE
836,13.938278,0.016632,-8970,-132.493,83.30938,0,0,0,0,2.7227101,2.7227101,none,true,0,0,0,Stand,14.1278715,,,,1,0->0:Exact,NONE
837,13.954910,0.016745,-8970,-132.493,83.30938,0,0,0,0,2.7227101,2.7227101,none,true,0,0,0,Stand,14.144617,,,,1,0->0:Exact,NONE
838,13.971656,0.016673,-8970,-132.493,83.30938,0,0,0,0,2.7227101,2.7227101,none,true,0,0,0,Stand,14.161289,,,,1,0->0:Exact,NONE
839,13.988328,0.016685,-8970,-132.493,83.30938,0,0,0,0,2.7227101,2.7227101,none,true,0,0,0,Stand,14.177974,,,,1,0->0:Exact,NONE
840,14.005013,0.017195,-8970,-132.493,83.30938,0,0,0,0,2.7227101,2.7227101,none,true,0,0,0,Stand,14.1951685,,,,1,0->0:Exact,NONE
841,14.022207,0.016583,-8970,-132.493,83.30938,0,0,0,0,2.7227101,2.7227101,none,true,0,0,0,Stand,14.211751,,,,1,0->0:Exact,NONE
842,14.038790,0.016229,-8970,-132.493,83.30938,0,0,0,0,2.7227101,2.7227101,none,true,0,0,0,Stand,14.227981,,,,1,0->0:Exact,NONE
843,14.055019,0.016990,-8970,-132.493,83.30938,0,0,0,0,2.7227101,2.7227101,none,true,0,0,0,Stand,14.24497,,,,1,0->0:Exact,NONE
844,14.072010,0.016599,-8970,-132.493,83.30938,0,0,0,0,2.7227101,2.7227101,none,true,0,0,0,Stand,14.261569,,,,1,0->0:Exact,NONE
845,14.088608,0.016566,-8970,-132.493,83.30938,0,0,0,0,2.7227101,2.7227101,none,true,0,0,0,Stand,14.278135,,,,1,0->0:Exact,NONE
846,14.105174,0.016567,-8970,-132.493,83.30938,0,0,0,0,2.7227101,2.7227101,none,true,0,0,0,Stand,14.294702,,,,1,0->0:Exact,NONE
847,14.121741,0.016888,-8970,-132.493,83.30938,0,0,0,0,2.7227101,2.7227101,none,true,0,0,0,Stand,14.31159,,,,1,0->0:Exact,NONE
848,14.138629,0.016778,-8970,-132.493,83.30938,0,0,0,0,2.7227101,2.7227101,none,true,0,0,0,Stand,14.328368,,,,1,0->0:Exact,NONE
849,14.155408,0.016556,-8970,-132.493,83.30938,0,0,0,0,2.7227101,2.7227101,none,true,0,0,0,Stand,14.344925,,,,1,0->0:Exact,NONE
850,14.171964,0.016665,-8970,-132.493,83.30938,0,0,0,0,2.7227101,2.7227101,none,true,0,0,0,Stand,14.36159,,,,1,0->0:Exact,NONE
851,14.188629,0.018443,-8970,-132.493,83.30938,0,0,0,0,2.7227101,2.7227101,none,true,0,0,0,Stand,14.3800335,,,,1,0->0:Exact,NONE
852,14.207072,0.014959,-8970,-132.493,83.30938,0,0,0,0,2.7227101,2.7227101,none,true,0,0,0,Stand,14.394992,,,,1,0->0:Exact,NONE
853,14.222031,0.016547,-8970,-132.493,83.30938,0,0,0,0,2.7227101,2.7227101,none,true,0,0,0,Stand,14.411538,,,,1,0->0:Exact,NONE
854,14.238577,0.016808,-8970,-132.493,83.30938,0,0,0,0,2.7227101,2.7227101,none,true,0,0,0,Stand,14.428347,,,,1,0->0:Exact,NONE
855,14.255386,0.016802,-8970,-132.493,83.30938,0,0,0,0,2.7227101,2.7227101,none,true,0,0,0,Stand,14.445149,,,,1,0->0:Exact,NONE
856,14.272188,0.016743,-8970,-132.493,83.30938,0,0,0,0,2.7227101,2.7227101,none,true,0,0,0,Stand,14.461893,,,,1,0->0:Exact,NONE
857,14.288932,0.016436,-8970,-132.493,83.30938,0,0,0,0,2.7227101,2.7227101,none,true,0,0,0,Stand,14.47833,,,,1,0->0:Exact,NONE
858,14.305368,0.016733,-8970,-132.493,83.30938,0,0,0,0,2.7227101,2.7227101,none,true,0,0,0,Stand,14.495063,,,,1,0->0:Exact,NONE
859,14.322101,0.016434,-8970,-132.493,83.30938,0,0,0,0,2.7227101,2.7227101,none,true,0,0,0,Stand,14.511497,,,,1,0->0:Exact,NONE
860,14.338535,0.016837,-8970,-132.493,83.30938,0,0,0,0,2.7227101,2.7227101,none,true,0,0,0,Stand,14.528334,,,,1,0->0:Exact,NONE
861,14.355372,0.016539,-8970,-132.493,83.30938,0,0,0,0,2.7227101,2.7227101,none,true,0,0,0,Stand,14.544872,,,,1,0->0:Exact,NONE
862,14.371910,0.016890,-8970,-132.493,83.30938,0,0,0,0,2.7227101,2.7227101,none,true,0,0,0,Stand,14.561762,,,,1,0->0:Exact,NONE
863,14.388800,0.017187,-8970,-132.493,83.30938,0,0,0,0,2.7227101,2.7227101,none,true,0,0,0,Stand,14.578949,,,,1,0->0:Exact,NONE
864,14.405987,0.016173,-8970,-132.493,83.30938,0,0,0,0,2.7227101,2.7227101,none,true,0,0,0,Stand,14.595122,,,,1,0->0:Exact,NONE
865,14.422160,0.016620,-8970,-132.493,83.30938,0,0,0,0,2.7227101,2.7227101,none,true,0,0,0,Stand,14.611742,,,,1,0->0:Exact,NONE
866,14.438780,0.017110,-8970,-132.493,83.30938,0,0,0,0,2.7227101,2.7227101,none,true,0,0,0,Stand,14.628852,,,,1,0->0:Exact,NONE
867,14.455889,0.016312,-8970,-132.493,83.30938,0,0,0,0,2.7227101,2.7227101,none,true,0,0,0,Stand,14.6451645,,,,1,0->0:Exact,NONE
868,14.472202,0.016713,-8970,-132.493,83.30938,0,0,0,0,2.7227101,2.7227101,none,true,0,0,0,Stand,14.661877,,,,1,0->0:Exact,NONE
869,14.488914,0.016716,-8970,-132.493,83.30938,0,0,0,0,2.7227101,2.7227101,none,true,0,0,0,Stand,14.678593,,,,1,0->0:Exact,NONE
870,14.505630,0.016426,-8970,-132.493,83.30938,0,0,0,0,2.7227101,2.7227101,none,true,0,0,0,Stand,14.695019,,,,1,0->0:Exact,NONE
871,14.522056,0.016944,-8970,-132.493,83.30938,0,0,0,0,2.7227101,2.7227101,none,true,0,0,0,Stand,14.711963,,,,1,0->0:Exact,NONE
872,14.539000,0.016445,-8970,-132.493,83.30938,0,0,0,0,2.7227101,2.7227101,none,true,0,0,0,Stand,14.728408,,,,1,0->0:Exact,NONE
873,14.555445,0.016903,-8970,-132.493,83.30938,0,0,0,0,2.7227101,2.7227101,none,true,0,0,0,Stand,14.745312,,,,1,0->0:Exact,NONE
874,14.572348,0.016560,-8970,-132.493,83.30938,0,0,0,0,2.7227101,2.7227101,none,true,0,0,0,Stand,14.761872,,,,1,0->0:Exact,NONE
875,14.588909,0.016514,-8970,-132.493,83.30938,0,0,0,0,2.7227101,2.7227101,none,true,0,0,0,Stand,14.778386,,,,1,0->0:Exact,NONE
876,14.605422,0.016647,-8970,-132.493,83.30938,0,0,0,0,2.7227101,2.7227101,none,true,0,0,0,Stand,14.795033,,,,1,0->0:Exact,NONE
877,14.622069,0.016844,-8970,-132.493,83.30938,0,0,0,0,2.7227101,2.7227101,none,true,0,0,0,Stand,14.811878,,,,1,0->0:Exact,NONE
878,14.638914,0.016919,-8970,-132.493,83.30938,0,0,0,0,2.7227101,2.7227101,none,true,0,0,0,Stand,14.828796,,,,1,0->0:Exact,NONE
879,14.655832,0.016570,-8970,-132.493,83.30938,0,0,0,0,2.7227101,2.7227101,none,true,0,0,0,Stand,14.8453665,,,,1,0->0:Exact,NONE
880,14.672402,0.016888,-8970,-132.493,83.30938,0,0,0,0,2.7227101,2.7227101,none,true,0,0,0,Stand,14.862254,,,,1,0->0:Exact,NONE
881,14.689290,0.017981,-8970,-132.493,83.30938,0,0,0,0,2.7227101,2.7227101,none,true,0,0,0,Stand,14.880236,,,,1,0->0:Exact,NONE
882,14.707271,0.014978,-8970,-132.493,83.30938,0,0,0,0,2.7227101,2.7227101,none,true,0,0,0,Stand,14.895213,,,,1,0->0:Exact,NONE
883,14.722249,0.017036,-8970,-132.493,83.30938,0,0,0,0,2.7227101,2.7227101,none,true,0,0,0,Stand,14.912249,,,,1,0->0:Exact,NONE
884,14.739285,0.016326,-8970,-132.493,83.30938,0,0,0,0,2.7227101,2.7227101,none,true,0,0,0,Stand,14.928575,,,,1,0->0:Exact,NONE
885,14.755611,0.016979,-8970,-132.493,83.30938,0,0,0,0,2.7227101,2.7227101,none,true,0,0,0,Stand,14.945554,,,,1,0->0:Exact,NONE
886,14.772590,0.016402,-8970,-132.493,83.30938,0,0,0,0,2.7227101,2.7227101,none,true,0,0,0,Stand,14.961956,,,,1,0->0:Exact,NONE
887,14.788992,0.016730,-8970,-132.493,83.30938,0,0,0,0,2.7227101,2.7227101,none,true,0,0,0,Stand,14.978686,,,,1,0->0:Exact,NONE
888,14.805722,0.016710,-8970,-132.493,83.30938,0,0,0,0,2.7227101,2.7227101,none,true,0,0,0,Stand,14.995397,,,,1,0->0:Exact,NONE
889,14.822432,0.016571,-8970,-132.493,83.30938,0,0,0,0,2.7227101,2.7227101,none,true,0,0,0,Stand,15.011968,,,,1,0->0:Exact,NONE
890,14.839003,0.016899,-8970,-132.493,83.30938,0,0,0,0,2.7227101,2.7227101,none,true,0,0,0,Stand,15.028867,,,,1,0->0:Exact,NONE
891,14.855902,0.016745,-8970,-132.493,83.30938,0,0,0,0,2.7227101,2.7227101,none,true,0,0,0,Stand,15.045612,,,,1,0->0:Exact,NONE
892,14.872648,0.016406,-8970,-132.493,83.30938,0,0,0,0,2.7227101,2.7227101,none,true,0,0,0,Stand,15.062018,,,,1,0->0:Exact,NONE
893,14.889054,0.017420,-8970,-132.493,83.30938,0,0,0,0,2.7227101,2.7227101,none,true,0,0,0,Stand,15.079438,,,,1,0->0:Exact,NONE
894,14.906474,0.016092,-8970,-132.493,83.30938,0,0,0,0,2.7227101,2.7227101,none,true,0,0,0,Stand,15.0955305,,,,1,0->0:Exact,NONE
895,14.922566,0.016798,-8970,-132.493,83.30938,0,0,0,0,2.7227101,2.7227101,none,true,0,0,0,Stand,15.112329,,,,1,0->0:Exact,NONE
896,14.939364,0.016807,-8970,-132.493,83.30938,0,0,0,0,2.7227101,2.7227101,none,true,0,0,0,Stand,15.129135,,,,1,0->0:Exact,NONE
897,14.956170,0.016583,-8970,-132.493,83.30938,0,0,0,0,2.7227101,2.7227101,none,true,0,0,0,Stand,15.145719,,,,1,0->0:Exact,NONE
898,14.972754,0.016561,-8970,-132.493,83.30938,0,0,0,0,2.7227101,2.7227101,none,true,0,0,0,Stand,15.16228,,,,1,0->0:Exact,NONE
899,14.989315,0.016475,-8970,-132.493,83.30938,0,0,0,0,2.7227101,2.7227101,none,true,0,0,0,Stand,15.178755,,,,1,0->0:Exact,NONE
900,15.005790,0.016766,-8970,-132.493,83.30938,0,0,0,0,2.7227101,2.7227101,none,true,0,0,0,Stand,15.195521,,,,1,0->0:Exact,NONE
901,15.022556,0.016680,-8970,-132.493,83.30938,0,0,0,0,2.7227101,2.7227101,none,true,0,0,0,Stand,15.212201,,,,1,0->0:Exact,NONE
902,15.039236,0.016885,-8970,-132.493,83.30938,0,0,0,0,2.7227101,2.7227101,none,true,0,0,0,Stand,15.229087,,,,1,0->0:Exact,NONE
903,15.056121,0.016401,-8970,-132.493,83.30938,0,0,0,0,2.7227101,2.7227101,none,true,0,0,0,Stand,15.245487,,,,1,0->0:Exact,NONE
904,15.072522,0.016788,-8970,-132.493,83.30938,0,0,0,0,2.7227101,2.7227101,none,true,0,0,0,Stand,15.262275,,,,1,0->0:Exact,NONE
905,15.089310,0.016656,-8970,-132.493,83.30938,0,0,0,0,2.7227101,2.7227101,none,true,0,0,0,Stand,15.278931,,,,1,0->0:Exact,NONE
906,15.105966,0.016757,-8970,-132.493,83.30938,0,0,0,0,2.7227101,2.7227101,none,true,0,0,0,Stand,15.295689,,,,1,0->0:Exact,NONE
907,15.122723,0.016591,-8970,-132.493,83.30938,0,0,0,0,2.7227101,2.7227101,none,true,0,0,0,Stand,15.31228,,,,1,0->0:Exact,NONE
908,15.139315,0.017010,-8970,-132.493,83.30938,0,0,0,0,2.7227101,2.7227101,none,true,0,0,0,Stand,15.329289,,,,1,0->0:Exact,NONE
909,15.156325,0.016362,-8970,-132.493,83.30938,0,0,0,0,2.7227101,2.7227101,none,true,0,0,0,Stand,15.345651,,,,1,0->0:Exact,NONE
910,15.172687,0.016812,-8970,-132.493,83.30938,0,0,0,0,2.7227101,2.7227101,none,true,0,0,0,Stand,15.362463,,,,1,0->0:Exact,NONE
911,15.189499,0.017979,-8970,-132.493,83.30938,0,0,0,0,2.7227101,2.7227101,none,true,0,0,0,Stand,15.380443,,,,1,0->0:Exact,NONE
912,15.207478,0.015478,-8970,-132.493,83.30938,0,0,0,0,2.7227101,2.7227101,none,true,0,0,0,Stand,15.39592,,,,1,0->0:Exact,NONE
913,15.222955,0.016593,-8970,-132.493,83.30938,0,0,0,0,2.7227101,2.7227101,none,true,0,0,0,Stand,15.412514,,,,1,0->0:Exact,NONE
914,15.239549,0.016957,-8970,-132.493,83.30938,0,0,0,0,2.7227101,2.7227101,none,true,0,0,0,Stand,15.429471,,,,1,0->0:Exact,NONE
915,15.256506,0.016460,-8970,-132.493,83.30938,0,0,0,0,2.7227101,2.7227101,none,true,0,0,0,Stand,15.445931,,,,1,0->0:Exact,NONE
916,15.272966,0.016659,-8970,-132.493,83.30938,0,0,0,0,2.7227101,2.7227101,none,true,0,0,0,Stand,15.46259,,,,1,0->0:Exact,NONE
917,15.289625,0.016705,-8970,-132.493,83.30938,0,0,0,0,2.7227101,2.7227101,none,true,0,0,0,Stand,15.479296,,,,1,0->0:Exact,NONE
918,15.306331,0.016465,-8970,-132.493,83.30938,0,0,0,0,2.7227101,2.7227101,none,true,0,0,0,Stand,15.495761,,,,1,0->0:Exact,NONE
919,15.322796,0.016623,-8970,-132.493,83.30938,0,0,0,0,2.7227101,2.7227101,none,true,0,0,0,Stand,15.512384,,,,1,0->0:Exact,NONE
920,15.339419,0.016930,-8970,-132.493,83.30938,0,0,0,0,2.7227101,2.7227101,none,true,0,0,0,Stand,15.529315,,,,1,0->0:Exact,NONE
921,15.356349,0.016604,-8970,-132.493,83.30938,0,0,0,0,2.7227101,2.7227101,none,true,0,0,0,Stand,15.545919,,,,1,0->0:Exact,NONE
922,15.372954,0.016570,-8970,-132.493,83.30938,0,0,0,0,2.7227101,2.7227101,none,true,0,0,0,Stand,15.562489,,,,1,0->0:Exact,NONE
923,15.389524,0.017372,-8970,-132.493,83.30938,0,0,0,0,2.7227101,2.7227101,none,true,0,0,0,Stand,15.579861,,,,1,0->0:Exact,NONE
924,15.406896,0.015917,-8970,-132.493,83.30938,0,0,0,0,2.7227101,2.7227101,none,true,0,0,0,Stand,15.5957775,,,,1,0->0:Exact,NONE
925,15.422813,0.016830,-8970,-132.493,83.30938,0,0,0,0,2.7227101,2.7227101,none,true,0,0,0,Stand,15.612607,,,,1,0->0:Exact,NONE
926,15.439643,0.016528,-8970,-132.493,83.30938,0,0,0,0,2.7227101,2.7227101,none,true,0,0,0,Stand,15.629135,,,,1,0->0:Exact,NONE
927,15.456170,0.016619,-8970,-132.493,83.30938,0,0,0,0,2.7227101,2.7227101,none,true,0,0,0,Stand,15.645754,,,,1,0->0:Exact,NONE
928,15.472789,0.016978,-8970,-132.493,83.30938,0,0,0,0,2.7227101,2.7227101,none,true,0,0,0,Stand,15.662732,,,,1,0->0:Exact,NONE
929,15.489768,0.016532,-8970,-132.493,83.30938,0,0,0,0,2.7227101,2.7227101,none,true,0,0,0,Stand,15.679264,,,,1,0->0:Exact,NONE
930,15.506299,0.016670,-8970,-132.493,83.30938,0,0,0,0,2.7227101,2.7227101,none,true,0,0,0,Stand,15.695934,,,,1,0->0:Exact,NONE
931,15.522970,0.016635,-8970,-132.493,83.30938,0,0,0,0,2.7227101,2.7227101,none,true,0,0,0,Stand,15.71257,,,,1,0->0:Exact,NONE
932,15.539605,0.016701,-8970,-132.493,83.30938,0,0,0,0,2.7227101,2.7227101,none,true,0,0,0,Stand,15.729271,,,,1,0->0:Exact,NONE
933,15.556306,0.016744,-8970,-132.493,83.30938,0,0,0,0,2.7227101,2.7227101,none,true,0,0,0,Stand,15.746015,,,,1,0->0:Exact,NONE
934,15.573050,0.016643,-8970,-132.493,83.30938,0,0,0,0,2.7227101,2.7227101,none,true,0,0,0,Stand,15.762657,,,,1,0->0:Exact,NONE
935,15.589693,0.016632,-8970,-132.493,83.30938,0,0,0,0,2.7227101,2.7227101,none,true,0,0,0,Stand,15.779289,,,,1,0->0:Exact,NONE
936,15.606325,0.016659,-8970,-132.493,83.30938,0,0,0,0,2.7227101,2.7227101,none,true,0,0,0,Stand,15.795948,,,,1,0->0:Exact,NONE
937,15.622984,0.016818,-8970,-132.493,83.30938,0,0,0,0,2.7227101,2.7227101,none,true,0,0,0,Stand,15.812766,,,,1,0->0:Exact,NONE
938,15.639802,0.016560,-8970,-132.493,83.30938,0,0,0,0,2.7227101,2.7227101,none,true,0,0,0,Stand,15.829327,,,,1,0->0:Exact,NONE
939,15.656362,0.016956,-8970,-132.493,83.30938,0,0,0,0,2.7227101,2.7227101,none,true,0,0,0,Stand,15.846282,,,,1,0->0:Exact,NONE
940,15.673318,0.016598,-8970,-132.493,83.30938,0,0,0,0,2.7227101,2.7227101,none,true,0,0,0,Stand,15.86288,,,,1,0->0:Exact,NONE
941,15.689915,0.017864,-8970,-132.493,83.30938,0,0,0,0,2.7227101,2.7227101,none,true,0,0,0,Stand,15.880744,,,,1,0->0:Exact,NONE
942,15.707780,0.015238,-8970,-132.493,83.30938,0,0,0,0,2.7227101,2.7227101,none,true,0,0,0,Stand,15.895983,,,,1,0->0:Exact,NONE
943,15.723018,0.016817,-8970,-132.493,83.30938,0,0,0,0,2.7227101,2.7227101,none,true,0,0,0,Stand,15.9128,,,,1,0->0:Exact,NONE
944,15.739835,0.016625,-8970,-132.493,83.30938,0,0,0,0,2.7227101,2.7227101,none,true,0,0,0,Stand,15.929425,,,,1,0->0:Exact,NONE
945,15.756461,0.016882,-8970,-132.493,83.30938,0,0,0,0,2.7227101,2.7227101,none,true,0,0,0,Stand,15.946307,,,,1,0->0:Exact,NONE
946,15.773342,0.016673,-8970,-132.493,83.30938,0,0,0,0,2.7227101,2.7227101,none,true,0,0,0,Stand,15.96298,,,,1,0->0:Exact,NONE
947,15.790015,0.016471,-8970,-132.493,83.30938,0,0,0,0,2.7227101,2.7227101,none,true,0,0,0,Stand,15.979452,,,,1,0->0:Exact,NONE
948,15.806487,0.016649,-8970,-132.493,83.30938,0,0,0,0,2.7227101,2.7227101,none,true,0,0,0,Stand,15.996101,,,,1,0->0:Exact,NONE
949,15.823136,0.017259,-8970,-132.493,83.30938,0,0,0,0,2.7227101,2.7227101,none,true,0,0,0,Stand,16.013361,,,,1,0->0:Exact,NONE
950,15.840396,0.016061,-8970,-132.493,83.30938,0,0,0,0,2.7227101,2.7227101,none,true,0,0,0,Stand,16.029423,,,,1,0->0:Exact,NONE
951,15.856457,0.016732,-8970,-132.493,83.30938,0,0,0,0,2.7227101,2.7227101,none,true,0,0,0,Stand,16.046156,,,,1,0->0:Exact,NONE
952,15.873189,0.016733,-8970,-132.493,83.30938,0,0,0,0,2.7227101,2.7227101,none,true,0,0,0,Stand,16.06289,,,,1,0->0:Exact,NONE
953,15.889922,0.017359,-8970,-132.493,83.30938,0,0,0,0,2.7227101,2.7227101,none,true,0,0,0,Stand,16.080248,,,,1,0->0:Exact,NONE
954,15.907281,0.015947,-8970,-132.493,83.30938,0,0,0,0,2.7227101,2.7227101,none,true,0,0,0,Stand,16.096195,,,,1,0->0:Exact,NONE
955,15.923228,0.016587,-8970,-132.493,83.30938,0,0,0,0,2.7227101,2.7227101,none,true,0,0,0,Stand,16.112782,,,,1,0->0:Exact,NONE
956,15.939815,0.016835,-8970,-132.493,83.30938,0,0,0,0,2.7227101,2.7227101,none,true,0,0,0,Stand,16.129616,,,,1,0->0:Exact,NONE
957,15.956650,0.016702,-8970,-132.493,83.30938,0,0,0,0,2.7227101,2.7227101,none,true,0,0,0,Stand,16.146318,,,,1,0->0:Exact,NONE
958,15.973352,0.016589,-8970,-132.493,83.30938,0,0,0,0,2.7227101,2.7227101,none,true,0,0,0,Stand,16.162907,,,,1,0->0:Exact,NONE
959,15.989941,0.016697,-8970,-132.493,83.30938,0,0,0,0,2.7227101,2.7227101,none,true,0,0,0,Stand,16.179604,,,,1,0->0:Exact,NONE
960,16.006638,0.016562,-8970,-132.493,83.30938,0,0,0,0,2.7227101,2.7227101,none,true,0,0,0,Stand,16.196167,,,,1,0->0:Exact,NONE
961,16.023200,0.016695,-8970,-132.493,83.30938,0,0,0,0,2.7227101,2.7227101,none,true,0,0,0,Stand,16.212862,,,,1,0->0:Exact,NONE
962,16.039895,0.016777,-8970,-132.493,83.30938,0,0,0,0,2.7227101,2.7227101,none,true,0,0,0,Stand,16.22964,,,,1,0->0:Exact,NONE
963,16.056671,0.016581,-8970,-132.493,83.30938,0,0,0,0,2.7227101,2.7227101,none,true,0,0,0,Stand,16.24622,,,,1,0->0:Exact,NONE
964,16.073253,0.016781,-8970,-132.493,83.30938,0,0,0,0,2.7227101,2.7227101,none,true,0,0,0,Stand,16.263,,,,1,0->0:Exact,NONE
965,16.090034,0.016689,-8970,-132.493,83.30938,0,0,0,0,2.7227101,2.7227101,none,true,0,0,0,Stand,16.27969,,,,1,0->0:Exact,NONE
966,16.106723,0.016507,-8970,-132.493,83.30938,0,0,0,0,2.7227101,2.7227101,none,true,0,0,0,Stand,16.296198,,,,1,0->0:Exact,NONE
967,16.123230,0.017169,-8970,-132.493,83.30938,0,0,0,0,2.7227101,2.7227101,none,true,0,0,0,Stand,16.313368,,,,1,0->0:Exact,NONE
968,16.140399,0.016306,-8970,-132.493,83.30938,0,0,0,0,2.7227101,2.7227101,none,true,0,0,0,Stand,16.329674,,,,1,0->0:Exact,NONE
969,16.156705,0.016608,-8970,-132.493,83.30938,0,0,0,0,2.7227101,2.7227101,none,true,0,0,0,Stand,16.346281,,,,1,0->0:Exact,NONE
970,16.173313,0.016959,-8970,-132.493,83.30938,0,0,0,0,2.7227101,2.7227101,none,true,0,0,0,Stand,16.363241,,,,1,0->0:Exact,NONE
971,16.190273,0.018268,-8970,-132.493,83.30938,0,0,0,0,2.7227101,2.7227101,none,true,0,0,0,Stand,16.38151,,,,1,0->0:Exact,NONE
972,16.208541,0.014873,-8970,-132.493,83.30938,0,0,0,0,2.7227101,2.7227101,none,true,0,0,0,Stand,16.396383,,,,1,0->0:Exact,NONE
973,16.223414,0.016618,-8970,-132.493,83.30938,0,0,0,0,2.7227101,2.7227101,none,true,0,0,0,Stand,16.413002,,,,1,0->0:Exact,NONE
974,16.240032,0.016900,-8970,-132.493,83.30938,0,0,0,0,2.7227101,2.7227101,none,true,0,0,0,Stand,16.429901,,,,1,0->0:Exact,NONE
975,16.256932,0.016909,-8970,-132.493,83.30938,0,0,0,0,2.7227101,2.7227101,none,true,0,0,0,Stand,16.44681,,,,1,0->0:Exact,NONE
976,16.273840,0.016726,-8970,-132.493,83.30938,0,0,0,0,2.7227101,2.7227101,none,true,0,0,0,Stand,16.463535,,,,1,0->0:Exact,NONE
977,16.290566,0.016436,-8970,-132.493,83.30938,0,0,0,0,2.7227101,2.7227101,none,true,0,0,0,Stand,16.47997,,,,1,0->0:Exact,NONE
978,16.307003,0.016661,-8970,-132.493,83.30938,0,0,0,0,2.7227101,2.7227101,none,true,0,0,0,Stand,16.496632,,,,1,0->0:Exact,NONE
979,16.323663,0.016621,-8970,-132.493,83.30938,0,0,0,0,2.7227101,2.7227101,none,true,0,0,0,Stand,16.513252,,,,1,0->0:Exact,NONE
980,16.340284,0.016625,-8970,-132.493,83.30938,0,0,0,0,2.7227101,2.7227101,none,true,0,0,0,Stand,16.529877,,,,1,0->0:Exact,NONE
981,16.356910,0.016768,-8970,-132.493,83.30938,0,0,0,0,2.7227101,2.7227101,none,true,0,0,0,Stand,16.546644,,,,1,0->0:Exact,NONE
982,16.373677,0.016842,-8970,-132.493,83.30938,0,0,0,0,2.7227101,2.7227101,none,true,0,0,0,Stand,16.563486,,,,1,0->0:Exact,NONE
983,16.390519,0.017133,-8970,-132.493,83.30938,0,0,0,0,2.7227101,2.7227101,none,true,0,0,0,Stand,16.58062,,,,1,0->0:Exact,NONE
984,16.407652,0.016035,-8970,-132.493,83.30938,0,0,0,0,2.7227101,2.7227101,none,true,0,0,0,Stand,16.596655,,,,1,0->0:Exact,NONE
985,16.423687,0.016651,-8970,-132.493,83.30938,0,0,0,0,2.7227101,2.7227101,none,true,0,0,0,Stand,16.613306,,,,1,0->0:Exact,NONE
986,16.440338,0.016590,-8970,-132.493,83.30938,0,0,0,0,2.7227101,2.7227101,none,true,0,0,0,Stand,16.629896,,,,1,0->0:Exact,NONE
987,16.456928,0.016849,-8970,-132.493,83.30938,0,0,0,0,2.7227101,2.7227101,none,true,0,0,0,Stand,16.646746,,,,1,0->0:Exact,NONE
988,16.473777,0.016610,-8970,-132.493,83.30938,0,0,0,0,2.7227101,2.7227101,none,true,0,0,0,Stand,16.663355,,,,1,0->0:Exact,NONE
989,16.490387,0.016694,-8970,-132.493,83.30938,0,0,0,0,2.7227101,2.7227101,none,true,0,0,0,Stand,16.68005,,,,1,0->0:Exact,NONE
990,16.507081,0.016699,-8970,-132.493,83.30938,0,0,0,0,2.7227101,2.7227101,none,true,0,0,0,Stand,16.696749,,,,1,0->0:Exact,NONE
991,16.523780,0.016603,-8970,-132.493,83.30938,0,0,0,0,2.7227101,2.7227101,none,true,0,0,0,Stand,16.713352,,,,1,0->0:Exact,NONE
992,16.540383,0.016646,-8970,-132.493,83.30938,0,0,0,0,2.7227101,2.7227101,none,true,0,0,0,Stand,16.729998,,,,1,0->0:Exact,NONE
993,16.557028,0.016707,-8970,-132.493,83.30938,0,0,0,0,2.7227101,2.7227101,none,true,0,0,0,Stand,16.746704,,,,1,0->0:Exact,NONE
994,16.573735,0.016702,-8970,-132.493,83.30938,0,0,0,0,2.7227101,2.7227101,none,true,0,0,0,Stand,16.763407,,,,1,0->0:Exact,NONE
995,16.590437,0.016628,-8970,-132.493,83.30938,0,0,0,0,2.7227101,2.7227101,none,true,0,0,0,Stand,16.780035,,,,1,0->0:Exact,NONE
996,16.607066,0.016740,-8970,-132.493,83.30938,0,0,0,0,2.7227101,2.7227101,none,true,0,0,0,Stand,16.796774,,,,1,0->0:Exact,NONE
997,16.623805,0.016649,-8970,-132.493,83.30938,0,0,0,0,2.7227101,2.7227101,none,true,0,0,0,Stand,16.813423,,,,1,0->0:Exact,NONE
998,16.640454,0.016721,-8970,-132.493,83.30938,0,0,0,0,2.7227101,2.7227101,none,true,0,0,0,Stand,16.830145,,,,1,0->0:Exact,NONE
999,16.657175,0.016623,-8970,-132.493,83.30938,0,0,0,0,2.7227101,2.7227101,none,true,0,0,0,Stand,16.846767,,,,1,0->0:Exact,NONE
1000,16.673799,0.016886,-8970,-132.493,83.30938,0,0,0,0,2.7227101,2.7227101,none,true,0,0,0,Stand,16.863653,,,,1,0->0:Exact,NONE
1001,16.690684,0.017855,-8970,-132.493,83.30938,0,0,0,0,2.7227101,2.7227101,none,true,0,0,0,Stand,16.881508,,,,1,0->0:Exact,NONE
1002,16.708539,0.015444,-8970,-132.493,83.30938,0,0,0,0,2.7227101,2.7227101,none,true,0,0,0,Stand,16.896952,,,,1,0->0:Exact,NONE
1003,16.723983,0.016642,-8970,-132.493,83.30938,0,0,0,0,2.7227101,2.7227101,none,true,0,0,0,Stand,16.913593,,,,1,0->0:Exact,NONE
1004,16.740625,0.016554,-8970,-132.493,83.30938,0,0,0,0,2.7227101,2.7227101,none,true,0,0,0,Stand,16.930147,,,,1,0->0:Exact,NONE
1005,16.757179,0.016750,-8970,-132.493,83.30938,0,0,0,0,2.7227101,2.7227101,none,true,0,0,0,Stand,16.946898,,,,1,0->0:Exact,NONE
1006,16.773928,0.016628,-8970,-132.493,83.30938,0,0,0,0,2.7227101,2.7227101,none,true,0,0,0,Stand,16.963526,,,,1,0->0:Exact,NONE
1007,16.790556,0.016827,-8970,-132.493,83.30938,0,0,0,0,2.7227101,2.7227101,none,true,0,0,0,Stand,16.980352,,,,1,0->0:Exact,NONE
1008,16.807383,0.016703,-8970,-132.493,83.30938,0,0,0,0,2.7227101,2.7227101,none,true,0,0,0,Stand,16.997055,,,,1,0->0:Exact,NONE
1009,16.824086,0.016427,-8970,-132.493,83.30938,0,0,0,0,2.7227101,2.7227101,none,true,0,0,0,Stand,17.013481,,,,1,0->0:Exact,NONE
1010,16.840513,0.016784,-8970,-132.493,83.30938,0,0,0,0,2.7227101,2.7227101,none,true,0,0,0,Stand,17.030264,,,,1,0->0:Exact,NONE
1011,16.857297,0.017083,-8970,-132.493,83.30938,0,0,0,0,2.7227101,2.7227101,none,true,0,0,0,Stand,17.047346,,,,1,0->0:Exact,NONE
1012,16.874380,0.016572,-8970,-132.493,83.30938,0,0,0,0,2.7227101,2.7227101,none,true,0,0,0,Stand,17.063917,,,,1,0->0:Exact,NONE
1013,16.890951,0.017256,-8970,-132.493,83.30938,0,0,0,0,2.7227101,2.7227101,none,true,0,0,0,Stand,17.081173,,,,1,0->0:Exact,NONE
1014,16.908208,0.015967,-8970,-132.493,83.30938,0,0,0,0,2.7227101,2.7227101,none,true,0,0,0,Stand,17.097141,,,,1,0->0:Exact,NONE
1015,16.924175,0.016665,-8970,-132.493,83.30938,0,0,0,0,2.7227101,2.7227101,none,true,0,0,0,Stand,17.113806,,,,1,0->0:Exact,NONE
1016,16.940840,0.016667,-8970,-132.493,83.30938,0,0,0,0,2.7227101,2.7227101,none,true,0,0,0,Stand,17.130472,,,,1,0->0:Exact,NONE
1017,16.957507,0.016473,-8970,-132.493,83.30938,0,0,0,0,2.7227101,2.7227101,none,true,0,0,0,Stand,17.146944,,,,1,0->0:Exact,NONE
1018,16.973980,0.016710,-8970,-132.493,83.30938,0,0,0,0,2.7227101,2.7227101,none,true,0,0,0,Stand,17.163654,,,,1,0->0:Exact,NONE
1019,16.990690,0.016790,-8970,-132.493,83.30938,0,0,0,0,2.7227101,2.7227101,none,true,0,0,0,Stand,17.180445,,,,1,0->0:Exact,NONE
1020,17.007480,0.016597,-8970,-132.493,83.30938,0,0,0,0,2.7227101,2.7227101,none,true,0,0,0,Stand,17.197042,,,,1,0->0:Exact,NONE
1021,17.024077,0.017050,-8970,-132.493,83.30938,0,0,0,0,2.7227101,2.7227101,none,true,0,0,0,Stand,17.214092,,,,1,0->0:Exact,NONE
1022,17.041127,0.016306,-8970,-132.493,83.30938,0,0,0,0,2.7227101,2.7227101,none,true,0,0,0,Stand,17.230398,,,,1,0->0:Exact,NONE
1023,17.057433,0.016679,-8970,-132.493,83.30938,0,0,0,0,2.7227101,2.7227101,none,true,0,0,0,Stand,17.247078,,,,1,0->0:Exact,NONE
1024,17.074112,0.016898,-8970,-132.493,83.30938,0,0,0,0,2.7227101,2.7227101,none,true,0,0,0,Stand,17.263977,,,,1,0->0:Exact,NONE
1025,17.091010,0.016619,-8970,-132.493,83.30938,0,0,0,0,2.7227101,2.7227101,none,true,0,0,0,Stand,17.280596,,,,1,0->0:Exact,NONE
1026,17.107630,0.016534,-8970,-132.493,83.30938,0,0,0,0,2.7227101,2.7227101,none,true,0,0,0,Stand,17.297129,,,,1,0->0:Exact,NONE
1027,17.124163,0.016670,-8970,-132.493,83.30938,0,0,0,0,2.7227101,2.7227101,none,true,0,0,0,Stand,17.313799,,,,1,0->0:Exact,NONE
1028,17.140833,0.016684,-8970,-132.493,83.30938,0,0,0,0,2.7227101,2.7227101,none,true,0,0,0,Stand,17.330482,,,,1,0->0:Exact,NONE
1029,17.157517,0.016680,-8970,-132.493,83.30938,0,0,0,0,2.7227101,2.7227101,none,true,0,0,0,Stand,17.347162,,,,1,0->0:Exact,NONE
1030,17.174197,0.016611,-8970,-132.493,83.30938,0,0,0,0,2.7227101,2.7227101,none,true,0,0,0,Stand,17.363773,,,,1,0->0:Exact,NONE
1031,17.190808,0.018294,-8970,-132.493,83.30938,0,0,0,0,2.7227101,2.7227101,none,true,0,0,0,Stand,17.382067,,,,1,0->0:Exact,NONE
1032,17.209102,0.015314,-8970,-132.493,83.30938,0,0,0,0,2.7227101,2.7227101,none,true,0,0,0,Stand,17.39738,,,,1,0->0:Exact,NONE
1033,17.224416,0.016453,-8970,-132.493,83.30938,0,0,0,0,2.7227101,2.7227101,none,true,0,0,0,Stand,17.413834,,,,1,0->0:Exact,NONE
1034,17.240869,0.016984,-8970,-132.493,83.30938,0,0,0,0,2.7227101,2.7227101,none,true,0,0,0,Stand,17.430819,,,,1,0->0:Exact,NONE
1035,17.257854,0.016502,-8970,-132.493,83.30938,0,0,0,0,2.7227101,2.7227101,none,true,0,0,0,Stand,17.44732,,,,1,0->0:Exact,NONE
1036,17.274356,0.016828,-8970,-132.493,83.30938,0,0,0,0,2.7227101,2.7227101,none,true,0,0,0,Stand,17.46415,,,,1,0->0:Exact,NONE
1037,17.291184,0.016614,-8970,-132.493,83.30938,0,0,0,0,2.7227101,2.7227101,none,true,0,0,0,Stand,17.480764,,,,1,0->0:Exact,NONE
1038,17.307798,0.016560,-8970,-132.493,83.30938,0,0,0,0,2.7227101,2.7227101,none,true,0,0,0,Stand,17.497324,,,,1,0->0:Exact,NONE
1039,17.324358,0.016794,-8970,-132.493,83.30938,0,0,0,0,2.7227101,2.7227101,none,true,0,0,0,Stand,17.514118,,,,1,0->0:Exact,NONE
1040,17.341152,0.016591,-8970,-132.493,83.30938,0,0,0,0,2.7227101,2.7227101,none,true,0,0,0,Stand,17.530708,,,,1,0->0:Exact,NONE
1041,17.357743,0.016578,-8970,-132.493,83.30938,0,0,0,0,2.7227101,2.7227101,none,true,0,0,0,Stand,17.547287,,,,1,0->0:Exact,NONE
1042,17.374321,0.016814,-8970,-132.493,83.30938,0,0,0,0,2.7227101,2.7227101,none,true,0,0,0,Stand,17.564102,,,,1,0->0:Exact,NONE
1043,17.391135,0.017389,-8970,-132.493,83.30938,0,0,0,0,2.7227101,2.7227101,none,true,0,0,0,Stand,17.581491,,,,1,0->0:Exact,NONE
1044,17.408524,0.015900,-8970,-132.493,83.30938,0,0,0,0,2.7227101,2.7227101,none,true,0,0,0,Stand,17.597391,,,,1,0->0:Exact,NONE
1045,17.424424,0.016887,-8970,-132.493,83.30938,0,0,0,0,2.7227101,2.7227101,none,true,0,0,0,Stand,17.614277,,,,1,0->0:Exact,NONE
1046,17.441311,0.016561,-8970,-132.493,83.30938,0,0,0,0,2.7227101,2.7227101,none,true,0,0,0,Stand,17.630838,,,,1,0->0:Exact,NONE
1047,17.457873,0.016675,-8970,-132.493,83.30938,0,0,0,0,2.7227101,2.7227101,none,true,0,0,0,Stand,17.647512,,,,1,0->0:Exact,NONE
1048,17.474547,0.017213,-8970,-132.493,83.30938,0,0,0,0,2.7227101,2.7227101,none,true,0,0,0,Stand,17.664724,,,,1,0->0:Exact,NONE
1049,17.491760,0.016130,-8970,-132.493,83.30938,0,0,0,0,2.7227101,2.7227101,none,true,0,0,0,Stand,17.680855,,,,1,0->0:Exact,NONE
1050,17.507890,0.016656,-8970,-132.493,83.30938,0,0,0,0,2.7227101,2.7227101,none,true,0,0,0,Stand,17.69751,,,,1,0->0:Exact,NONE
1051,17.524546,0.016694,-8970,-132.493,83.30938,0,0,0,0,2.7227101,2.7227101,none,true,0,0,0,Stand,17.714205,,,,1,0->0:Exact,NONE
1052,17.541241,0.016714,-8970,-132.493,83.30938,0,0,0,0,2.7227101,2.7227101,none,true,0,0,0,Stand,17.730919,,,,1,0->0:Exact,NONE
1053,17.557955,0.016869,-8970,-132.493,83.30938,0,0,0,0,2.7227101,2.7227101,none,true,0,0,0,Stand,17.747787,,,,1,0->0:Exact,NONE
1054,17.574824,0.016547,-8970,-132.493,83.30938,0,0,0,0,2.7227101,2.7227101,none,true,0,0,0,Stand,17.764336,,,,1,0->0:Exact,NONE
1055,17.591371,0.016455,-8970,-132.493,83.30938,0,0,0,0,2.7227101,2.7227101,none,true,0,0,0,Stand,17.78079,,,,1,0->0:Exact,NONE
1056,17.607826,0.016788,-8970,-132.493,83.30938,0,0,0,0,2.7227101,2.7227101,none,true,0,0,0,Stand,17.797579,,,,1,0->0:Exact,NONE
1057,17.624615,0.016794,-8970,-132.493,83.30938,0,0,0,0,2.7227101,2.7227101,none,true,0,0,0,Stand,17.814373,,,,1,0->0:Exact,NONE
1058,17.641409,0.018670,-8970,-132.493,83.30938,0,0,0,0,2.7227101,2.7227101,none,true,0,0,0,Stand,17.833042,,,,1,0->0:Exact,NONE
1059,17.660079,0.014783,-8970,-132.493,83.30938,0,0,0,0,2.7227101,2.7227101,none,true,0,0,0,Stand,17.847824,,,,1,0->0:Exact,NONE
1060,17.674862,0.016708,-8970,-132.493,83.30938,0,0,0,0,2.7227101,2.7227101,none,true,0,0,0,Stand,17.864532,,,,1,0->0:Exact,NONE
1061,17.691570,0.017722,-8970,-132.493,83.30938,0,0,0,0,2.7227101,2.7227101,none,true,0,0,0,Stand,17.882254,,,,1,0->0:Exact,NONE
1062,17.709292,0.015462,-8970,-132.493,83.30938,0,0,0,0,2.7227101,2.7227101,none,true,0,0,0,Stand,17.897715,,,,1,0->0:Exact,NONE
1063,17.724753,0.016740,-8970,-132.493,83.30938,0,0,0,0,2.7227101,2.7227101,none,true,0,0,0,Stand,17.914454,,,,1,0->0:Exact,NONE
1064,17.741493,0.016702,-8970,-132.493,83.30938,0,0,0,0,2.7227101,2.7227101,none,true,0,0,0,Stand,17.931156,,,,1,0->0:Exact,NONE
1065,17.758195,0.016550,-8970,-132.493,83.30938,0,0,0,0,2.7227101,2.7227101,none,true,0,0,0,Stand,17.947706,,,,1,0->0:Exact,NONE
1066,17.774745,0.016680,-8970,-132.493,83.30938,0,0,0,0,2.7227101,2.7227101,none,true,0,0,0,Stand,17.964386,,,,1,0->0:Exact,NONE
1067,17.791425,0.016547,-8970,-132.493,83.30938,0,0,0,0,2.7227101,2.7227101,none,true,0,0,0,Stand,17.980932,,,,1,0->0:Exact,NONE
1068,17.807972,0.016733,-8970,-132.493,83.30938,0,0,0,0,2.7227101,2.7227101,none,true,0,0,0,Stand,17.997665,,,,1,0->0:Exact,NONE
1069,17.824705,0.017023,-8970,-132.493,83.30938,0,0,0,0,2.7227101,2.7227101,none,true,0,0,0,Stand,18.014688,,,,1,0->0:Exact,NONE
1070,17.841728,0.016335,-8970,-132.493,83.30938,0,0,0,0,2.7227101,2.7227101,none,true,0,0,0,Stand,18.031023,,,,1,0->0:Exact,NONE
1071,17.858063,0.016889,-8970,-132.493,83.30938,0,0,0,0,2.7227101,2.7227101,none,true,0,0,0,Stand,18.047913,,,,1,0->0:Exact,NONE
1072,17.874953,0.016657,-8970,-132.493,83.30938,0,0,0,0,2.7227101,2.7227101,none,true,0,0,0,Stand,18.06457,,,,1,0->0:Exact,NONE
1073,17.891610,0.017464,-8970,-132.493,83.30938,0,0,0,0,2.7227101,2.7227101,none,true,0,0,0,Stand,18.082033,,,,1,0->0:Exact,NONE
1074,17.909074,0.015901,-8970,-132.493,83.30938,0,0,0,0,2.7227101,2.7227101,none,true,0,0,0,Stand,18.097935,,,,1,0->0:Exact,NONE
1075,17.924975,0.016511,-8970,-132.493,83.30938,0,0,0,0,2.7227101,2.7227101,none,true,0,0,0,Stand,18.114445,,,,1,0->0:Exact,NONE
1076,17.941486,0.016724,-8970,-132.493,83.30938,0,0,0,0,2.7227101,2.7227101,none,true,0,0,0,Stand,18.131168,,,,1,0->0:Exact,NONE
1077,17.958211,0.016820,-8970,-132.493,83.30938,0,0,0,0,2.7227101,2.7227101,none,true,0,0,0,Stand,18.147987,,,,1,0->0:Exact,NONE
1078,17.975030,0.016531,-8970,-132.493,83.30938,0,0,0,0,2.7227101,2.7227101,none,true,0,0,0,Stand,18.164518,,,,1,0->0:Exact,NONE
1079,17.991562,0.016819,-8970,-132.493,83.30938,0,0,0,0,2.7227101,2.7227101,none,true,0,0,0,Stand,18.181337,,,,1,0->0:Exact,NONE
1080,18.008381,0.016568,-8970,-132.493,83.30938,0,0,0,0,2.7227101,2.7227101,none,true,0,0,0,Stand,18.197905,,,,1,0->0:Exact,NONE
1081,18.024949,0.016495,-8970,-132.493,83.30938,0,0,0,0,2.7227101,2.7227101,none,true,0,0,0,Stand,18.2144,,,,1,0->0:Exact,NONE
1082,18.041443,0.016736,-8970,-132.493,83.30938,0,0,0,0,2.7227101,2.7227101,none,true,0,0,0,Stand,18.231136,,,,1,0->0:Exact,NONE
1083,18.058180,0.016953,-8970,-132.493,83.30938,0,0,0,0,2.7227101,2.7227101,none,true,0,0,0,Stand,18.248089,,,,1,0->0:Exact,NONE
1084,18.075132,0.016579,-8970,-132.493,83.30938,0,0,0,0,2.7227101,2.7227101,none,true,0,0,0,Stand,18.264668,,,,1,0->0:Exact,NONE
1085,18.091712,0.017128,-8970,-132.493,83.30938,0,0,0,0,2.7227101,2.7227101,none,true,0,0,0,Stand,18.281796,,,,1,0->0:Exact,NONE
1086,18.108839,0.016098,-8970,-132.493,83.30938,0,0,0,0,2.7227101,2.7227101,none,true,0,0,0,Stand,18.297894,,,,1,0->0:Exact,NONE
1087,18.124937,0.016781,-8970,-132.493,83.30938,0,0,0,0,2.7227101,2.7227101,none,true,0,0,0,Stand,18.314674,,,,1,0->0:Exact,NONE
1088,18.141718,0.016443,-8970,-132.493,83.30938,0,0,0,0,2.7227101,2.7227101,none,true,0,0,0,Stand,18.331118,,,,1,0->0:Exact,NONE
1089,18.158161,0.016921,-8970,-132.493,83.30938,0,0,0,0,2.7227101,2.7227101,none,true,0,0,0,Stand,18.348038,,,,1,0->0:Exact,NONE
1090,18.175082,0.016861,-8970,-132.493,83.30938,0,0,0,0,2.7227101,2.7227101,none,true,0,0,0,Stand,18.364899,,,,1,0->0:Exact,NONE
1091,18.191943,0.017844,-8970,-132.493,83.30938,0,0,0,0,2.7227101,2.7227101,none,true,0,0,0,Stand,18.382742,,,,1,0->0:Exact,NONE
1092,18.209787,0.015324,-8970,-132.493,83.30938,0,0,0,0,2.7227101,2.7227101,none,true,0,0,0,Stand,18.398066,,,,1,0->0:Exact,NONE
1093,18.225111,0.016644,-8970,-132.493,83.30938,0,0,0,0,2.7227101,2.7227101,none,true,0,0,0,Stand,18.41471,,,,1,0->0:Exact,NONE
1094,18.241755,0.016819,-8970,-132.493,83.30938,0,0,0,0,2.7227101,2.7227101,none,true,0,0,0,Stand,18.431528,,,,1,0->0:Exact,NONE
1095,18.258574,0.016632,-8970,-132.493,83.30938,0,0,0,0,2.7227101,2.7227101,none,true,0,0,0,Stand,18.44816,,,,1,0->0:Exact,NONE
1096,18.275206,0.016730,-8970,-132.493,83.30938,0,0,0,0,2.7227101,2.7227101,none,true,0,0,0,Stand,18.464891,,,,1,0->0:Exact,NONE
1097,18.291936,0.016635,-8970,-132.493,83.30938,0,0,0,0,2.7227101,2.7227101,none,true,0,0,0,Stand,18.481527,,,,1,0->0:Exact,NONE
1098,18.308572,0.016655,-8970,-132.493,83.30938,0,0,0,0,2.7227101,2.7227101,none,true,0,0,0,Stand,18.498182,,,,1,0->0:Exact,NONE
1099,18.325226,0.016982,-8970,-132.493,83.30938,0,0,0,0,2.7227101,2.7227101,none,true,0,0,0,Stand,18.515163,,,,1,0->0:Exact,NONE
1100,18.342208,0.016258,-8970,-132.493,83.30938,0,0,0,0,2.7227101,2.7227101,none,true,0,0,0,Stand,18.531422,,,,1,0->0:Exact,NONE
1101,18.358466,0.016654,-8970,-132.493,83.30938,0,0,0,0,2.7227101,2.7227101,none,true,0,0,0,Stand,18.548075,,,,1,0->0:Exact,NONE
1102,18.375119,0.016802,-8970,-132.493,83.30938,0,0,0,0,2.7227101,2.7227101,none,true,0,0,0,Stand,18.564877,,,,1,0->0:Exact,NONE
1103,18.391921,0.017783,-8970,-132.493,83.30938,0,0,0,0,2.7227101,2.7227101,none,true,0,0,0,Stand,18.58266,,,,1,0->0:Exact,NONE
1104,18.409705,0.015809,-8970,-132.493,83.30938,0,0,0,0,2.7227101,2.7227101,none,true,0,0,0,Stand,18.598469,,,,1,0->0:Exact,NONE
1105,18.425514,0.016590,-8970,-132.493,83.30938,0,0,0,0,2.7227101,2.7227101,none,true,0,0,0,Stand,18.615059,,,,1,0->0:Exact,NONE
1106,18.442104,0.016879,-8970,-132.493,83.30938,0,0,0,0,2.7227101,2.7227101,none,true,0,0,0,Stand,18.631939,,,,1,0->0:Exact,NONE
1107,18.458983,0.016382,-8970,-132.493,83.30938,0,0,0,0,2.7227101,2.7227101,none,true,0,0,0,Stand,18.648321,,,,1,0->0:Exact,NONE
1108,18.475365,0.016581,-8970,-132.493,83.30938,0,0,0,0,2.7227101,2.7227101,none,true,0,0,0,Stand,18.664902,,,,1,0->0:Exact,NONE
1109,18.491946,0.016633,-8970,-132.493,83.30938,0,0,0,0,2.7227101,2.7227101,none,true,0,0,0,Stand,18.681536,,,,1,0->0:Exact,NONE
1110,18.508579,0.016681,-8970,-132.493,83.30938,0,0,0,0,2.7227101,2.7227101,none,true,0,0,0,Stand,18.698217,,,,1,0->0:Exact,NONE
1111,18.525261,0.016772,-8970,-132.493,83.30938,0,0,0,0,2.7227101,2.7227101,none,true,0,0,0,Stand,18.71499,,,,1,0->0:Exact,NONE
1112,18.542033,0.016776,-8970,-132.493,83.30938,0,0,0,0,2.7227101,2.7227101,none,true,0,0,0,Stand,18.731768,,,,1,0->0:Exact,NONE
1113,18.558809,0.016688,-8970,-132.493,83.30938,0,0,0,0,2.7227101,2.7227101,none,true,0,0,0,Stand,18.748455,,,,1,0->0:Exact,NONE
1114,18.575497,0.016683,-8970,-132.493,83.30938,0,0,0,0,2.7227101,2.7227101,none,true,0,0,0,Stand,18.765139,,,,1,0->0:Exact,NONE
1115,18.592180,0.016676,-8970,-132.493,83.30938,0,0,0,0,2.7227101,2.7227101,none,true,0,0,0,Stand,18.781815,,,,1,0->0:Exact,NONE
1116,18.608856,0.016715,-8970,-132.493,83.30938,0,0,0,0,2.7227101,2.7227101,none,true,0,0,0,Stand,18.79853,,,,1,0->0:Exact,NONE
1117,18.625571,0.016491,-8970,-132.493,83.30938,0,0,0,0,2.7227101,2.7227101,none,true,0,0,0,Stand,18.815022,,,,1,0->0:Exact,NONE
1118,18.642062,0.016831,-8970,-132.493,83.30938,0,0,0,0,2.7227101,2.7227101,none,true,0,0,0,Stand,18.831852,,,,1,0->0:Exact,NONE
1119,18.658892,0.016487,-8970,-132.493,83.30938,0,0,0,0,2.7227101,2.7227101,none,true,0,0,0,Stand,18.84834,,,,1,0->0:Exact,NONE
1120,18.675379,0.016786,-8970,-132.493,83.30938,0,0,0,0,2.7227101,2.7227101,none,true,0,0,0,Stand,18.865126,,,,1,0->0:Exact,NONE
1121,18.692165,0.018023,-8970,-132.493,83.30938,0,0,0,0,2.7227101,2.7227101,none,true,0,0,0,Stand,18.883148,,,,1,0->0:Exact,NONE
1122,18.710188,0.015156,-8970,-132.493,83.30938,0,0,0,0,2.7227101,2.7227101,none,true,0,0,0,Stand,18.898304,,,,1,0->0:Exact,NONE
1123,18.725344,0.016880,-8970,-132.493,83.30938,0,0,0,0,2.7227101,2.7227101,none,true,0,0,0,Stand,18.915184,,,,1,0->0:Exact,NONE
1124,18.742223,0.016736,-8970,-132.493,83.30938,0,0,0,0,2.7227101,2.7227101,none,true,0,0,0,Stand,18.931921,,,,1,0->0:Exact,NONE
1125,18.758960,0.016884,-8970,-132.493,83.30938,0,0,0,0,2.7227101,2.7227101,none,true,0,0,0,Stand,18.948805,,,,1,0->0:Exact,NONE
1126,18.775844,0.016542,-8970,-132.493,83.30938,0,0,0,0,2.7227101,2.7227101,none,true,0,0,0,Stand,18.965347,,,,1,0->0:Exact,NONE
1127,18.792386,0.016447,-8970,-132.493,83.30938,0,0,0,0,2.7227101,2.7227101,none,true,0,0,0,Stand,18.981794,,,,1,0->0:Exact,NONE
1128,18.808833,0.016689,-8970,-132.493,83.30938,0,0,0,0,2.7227101,2.7227101,none,true,0,0,0,Stand,18.998484,,,,1,0->0:Exact,NONE
1129,18.825522,0.016776,-8970,-132.493,83.30938,0,0,0,0,2.7227101,2.7227101,none,true,0,0,0,Stand,19.015259,,,,1,0->0:Exact,NONE
1130,18.842298,0.016666,-8970,-132.493,83.30938,0,0,0,0,2.7227101,2.7227101,none,true,0,0,0,Stand,19.031925,,,,1,0->0:Exact,NONE
1131,18.858964,0.016924,-8970,-132.493,83.30938,0,0,0,0,2.7227101,2.7227101,none,true,0,0,0,Stand,19.04885,,,,1,0->0:Exact,NONE
1132,18.875887,0.016383,-8970,-132.493,83.30938,0,0,0,0,2.7227101,2.7227101,none,true,0,0,0,Stand,19.065231,,,,1,0->0:Exact,NONE
1133,18.892270,0.017457,-8970,-132.493,83.30938,0,0,0,0,2.7227101,2.7227101,none,true,0,0,0,Stand,19.08269,,,,1,0->0:Exact,NONE
1134,18.909728,0.015784,-8970,-132.493,83.30938,0,0,0,0,2.7227101,2.7227101,none,true,0,0,0,Stand,19.098475,,,,1,0->0:Exact,NONE
1135,18.925512,0.016730,-8970,-132.493,83.30938,0,0,0,0,2.7227101,2.7227101,none,true,0,0,0,Stand,19.115204,,,,1,0->0:Exact,NONE
1136,18.942242,0.016949,-8970,-132.493,83.30938,0,0,0,0,2.7227101,2.7227101,none,true,0,0,0,Stand,19.132153,,,,1,0->0:Exact,NONE
1137,18.959191,0.016420,-8970,-132.493,83.30938,0,0,0,0,2.7227101,2.7227101,none,true,0,0,0,Stand,19.148573,,,,1,0->0:Exact,NONE
1138,18.975612,0.017032,-8970,-132.493,83.30938,0,0,0,0,2.7227101,2.7227101,none,true,0,0,0,Stand,19.165606,,,,1,0->0:Exact,NONE
1139,18.992644,0.016534,-8970,-132.493,83.30938,0,0,0,0,2.7227101,2.7227101,none,true,0,0,0,Stand,19.18214,,,,1,0->0:Exact,NONE
1140,19.009179,0.016550,-8970,-132.493,83.30938,0,0,0,0,2.7227101,2.7227101,none,true,0,0,0,Stand,19.19869,,,,1,0->0:Exact,NONE
1141,19.025729,0.016595,-8970,-132.493,83.30938,0,0,0,0,2.7227101,2.7227101,none,true,0,0,0,Stand,19.215286,,,,1,0->0:Exact,NONE
1142,19.042324,0.016623,-8970,-132.493,83.30938,0,0,0,0,2.7227101,2.7227101,none,true,0,0,0,Stand,19.231909,,,,1,0->0:Exact,NONE
1143,19.058947,0.016652,-8970,-132.493,83.30938,0,0,0,0,2.7227101,2.7227101,none,true,0,0,0,Stand,19.24856,,,,1,0->0:Exact,NONE
1144,19.075599,0.017130,-8970,-132.493,83.30938,0,0,0,0,2.7227101,2.7227101,none,true,0,0,0,Stand,19.26569,,,,1,0->0:Exact,NONE
1145,19.092729,0.016447,-8970,-132.493,83.30938,0,0,0,0,2.7227101,2.7227101,none,true,0,0,0,Stand,19.282137,,,,1,0->0:Exact,NONE
1146,19.109176,0.016567,-8970,-132.493,83.30938,0,0,0,0,2.7227101,2.7227101,none,true,0,0,0,Stand,19.298704,,,,1,0->0:Exact,NONE
1147,19.125743,0.016577,-8970,-132.493,83.30938,0,0,0,0,2.7227101,2.7227101,none,true,0,0,0,Stand,19.31528,,,,1,0->0:Exact,NONE
1148,19.142320,0.016873,-8970,-132.493,83.30938,0,0,0,0,2.7227101,2.7227101,none,true,0,0,0,Stand,19.332153,,,,1,0->0:Exact,NONE
1149,19.159193,0.016691,-8970,-132.493,83.30938,0,0,0,0,2.7227101,2.7227101,none,true,0,0,0,Stand,19.348845,,,,1,0->0:Exact,NONE
1150,19.175884,0.016576,-8970,-132.493,83.30938,0,0,0,0,2.7227101,2.7227101,none,true,0,0,0,Stand,19.36542,,,,1,0->0:Exact,NONE
1151,19.192460,0.018059,-8970,-132.493,83.30938,0,0,0,0,2.7227101,2.7227101,none,true,0,0,0,Stand,19.383478,,,,1,0->0:Exact,NONE
1152,19.210519,0.015382,-8970,-132.493,83.30938,0,0,0,0,2.7227101,2.7227101,none,true,0,0,0,Stand,19.39886,,,,1,0->0:Exact,NONE
1153,19.225902,0.016706,-8970,-132.493,83.30938,0,0,0,0,2.7227101,2.7227101,none,true,0,0,0,Stand,19.415567,,,,1,0->0:Exact,NONE
1154,19.242608,0.016812,-8970,-132.493,83.30938,0,0,0,0,2.7227101,2.7227101,none,true,0,0,0,Stand,19.432379,,,,1,0->0:Exact,NONE
1155,19.259420,0.016745,-8970,-132.493,83.30938,0,0,0,0,2.7227101,2.7227101,none,true,0,0,0,Stand,19.449123,,,,1,0->0:Exact,NONE
1156,19.276164,0.016443,-8970,-132.493,83.30938,0,0,0,0,2.7227101,2.7227101,none,true,0,0,0,Stand,19.465567,,,,1,0->0:Exact,NONE
1157,19.292607,0.016732,-8970,-132.493,83.30938,0,0,0,0,2.7227101,2.7227101,none,true,0,0,0,Stand,19.482298,,,,1,0->0:Exact,NONE
1158,19.309340,0.016767,-8970,-132.493,83.30938,0,0,0,0,2.7227101,2.7227101,none,true,0,0,0,Stand,19.499065,,,,1,0->0:Exact,NONE
1159,19.326107,0.016761,-8970,-132.493,83.30938,0,0,0,0,2.7227101,2.7227101,none,true,0,0,0,Stand,19.515825,,,,1,0->0:Exact,NONE
1160,19.342868,0.016532,-8970,-132.493,83.30938,0,0,0,0,2.7227101,2.7227101,none,true,0,0,0,Stand,19.532358,,,,1,0->0:Exact,NONE
1161,19.359400,0.016791,-8970,-132.493,83.30938,0,0,0,0,2.7227101,2.7227101,none,true,0,0,0,Stand,19.549149,,,,1,0->0:Exact,NONE
1162,19.376191,0.016539,-8970,-132.493,83.30938,0,0,0,0,2.7227101,2.7227101,none,true,0,0,0,Stand,19.565687,,,,1,0->0:Exact,NONE
1163,19.392730,0.017685,-8970,-132.493,83.30938,0,0,0,0,2.7227101,2.7227101,none,true,0,0,0,Stand,19.583372,,,,1,0->0:Exact,NONE
1164,19.410415,0.015712,-8970,-132.493,83.30938,0,0,0,0,2.7227101,2.7227101,none,true,0,0,0,Stand,19.599085,,,,1,0->0:Exact,NONE
1165,19.426127,0.016960,-8970,-132.493,83.30938,0,0,0,0,2.7227101,2.7227101,none,true,0,0,0,Stand,19.616045,,,,1,0->0:Exact,NONE
1166,19.443087,0.016230,-8970,-132.493,83.30938,0,0,0,0,2.7227101,2.7227101,none,true,0,0,0,Stand,19.632275,,,,1,0->0:Exact,NONE
1167,19.459318,0.016747,-8970,-132.493,83.30938,0,0,0,0,2.7227101,2.7227101,none,true,0,0,0,Stand,19.649021,,,,1,0->0:Exact,NONE
1168,19.476065,0.016682,-8970,-132.493,83.30938,0,0,0,0,2.7227101,2.7227101,none,true,0,0,0,Stand,19.665703,,,,1,0->0:Exact,NONE
1169,19.492747,0.016649,-8970,-132.493,83.30938,0,0,0,0,2.7227101,2.7227101,none,true,0,0,0,Stand,19.682352,,,,1,0->0:Exact,NONE
1170,19.509396,0.016767,-8970,-132.493,83.30938,0,0,0,0,2.7227101,2.7227101,none,true,0,0,0,Stand,19.69912,,,,1,0->0:Exact,NONE
1171,19.526163,0.016708,-8970,-132.493,83.30938,0,0,0,0,2.7227101,2.7227101,none,true,0,0,0,Stand,19.715828,,,,1,0->0:Exact,NONE
1172,19.542871,0.016510,-8970,-132.493,83.30938,0,0,0,0,2.7227101,2.7227101,none,true,0,0,0,Stand,19.732338,,,,1,0->0:Exact,NONE
1173,19.559381,0.016894,-8970,-132.493,83.30938,0,0,0,0,2.7227101,2.7227101,none,true,0,0,0,Stand,19.749231,,,,1,0->0:Exact,NONE
1174,19.576275,0.016539,-8970,-132.493,83.30938,0,0,0,0,2.7227101,2.7227101,none,true,0,0,0,Stand,19.76577,,,,1,0->0:Exact,NONE
1175,19.592814,0.016691,-8970,-132.493,83.30938,0,0,0,0,2.7227101,2.7227101,none,true,0,0,0,Stand,19.782461,,,,1,0->0:Exact,NONE
1176,19.609504,0.016659,-8970,-132.493,83.30938,0,0,0,0,2.7227101,2.7227101,none,true,0,0,0,Stand,19.79912,,,,1,0->0:Exact,NONE
1177,19.626163,0.016902,-8970,-132.493,83.30938,0,0,0,0,2.7227101,2.7227101,none,true,0,0,0,Stand,19.816023,,,,1,0->0:Exact,NONE
1178,19.643065,0.016322,-8970,-132.493,83.30938,0,0,0,0,2.7227101,2.7227101,none,true,0,0,0,Stand,19.832344,,,,1,0->0:Exact,NONE
1179,19.659387,0.017005,-8970,-132.493,83.30938,0,0,0,0,2.7227101,2.7227101,none,true,0,0,0,Stand,19.84935,,,,1,0->0:Exact,NONE
1180,19.676392,0.016737,-8970,-132.493,83.30938,0,0,0,0,2.7227101,2.7227101,none,true,0,0,0,Stand,19.866087,,,,1,0->0:Exact,NONE
1181,19.693130,0.018327,-8970,-132.493,83.30938,0,0,0,0,2.7227101,2.7227101,none,true,0,0,0,Stand,19.884415,,,,1,0->0:Exact,NONE
1182,19.711456,0.015148,-8970,-132.493,83.30938,0,0,0,0,2.7227101,2.7227101,none,true,0,0,0,Stand,19.899563,,,,1,0->0:Exact,NONE
1183,19.726604,0.016482,-8970,-132.493,83.30938,0,0,0,0,2.7227101,2.7227101,none,true,0,0,0,Stand,19.916044,,,,1,0->0:Exact,NONE
1184,19.743086,0.016726,-8970,-132.493,83.30938,0,0,0,0,2.7227101,2.7227101,none,true,0,0,0,Stand,19.93277,,,,1,0->0:Exact,NONE
1185,19.759812,0.016502,-8970,-132.493,83.30938,0,0,0,0,2.7227101,2.7227101,none,true,0,0,0,Stand,19.949272,,,,1,0->0:Exact,NONE
1186,19.776314,0.016604,-8970,-132.493,83.30938,0,0,0,0,2.7227101,2.7227101,none,true,0,0,0,Stand,19.965876,,,,1,0->0:Exact,NONE
1187,19.792918,0.016660,-8970,-132.493,83.30938,0,0,0,0,2.7227101,2.7227101,none,true,0,0,0,Stand,19.982534,,,,1,0->0:Exact,NONE
1188,19.809578,0.016921,-8970,-132.493,83.30938,0,0,0,0,2.7227101,2.7227101,none,true,0,0,0,Stand,19.999454,,,,1,0->0:Exact,NONE
1189,19.826498,0.016445,-8970,-132.493,83.30938,0,0,0,0,2.7227101,2.7227101,none,true,0,0,0,Stand,20.0159,,,,1,0->0:Exact,NONE
1190,19.842943,0.016782,-8970,-132.493,83.30938,0,0,0,0,2.7227101,2.7227101,none,true,0,0,0,Stand,20.032682,,,,1,0->0:Exact,NONE
1191,19.859725,0.016956,-8970,-132.493,83.30938,0,0,0,0,2.7227101,2.7227101,none,true,0,0,0,Stand,20.049639,,,,1,0->0:Exact,NONE
1192,19.876681,0.016381,-8970,-132.493,83.30938,0,0,0,0,2.7227101,2.7227101,none,true,0,0,0,Stand,20.06602,,,,1,0->0:Exact,NONE
1193,19.893062,0.017681,-8970,-132.493,83.30938,0,0,0,0,2.7227101,2.7227101,none,true,0,0,0,Stand,20.0837,,,,1,0->0:Exact,NONE
1194,19.910742,0.015821,-8970,-132.493,83.30938,0,0,0,0,2.7227101,2.7227101,none,true,0,0,0,Stand,20.099522,,,,1,0->0:Exact,NONE
1195,19.926564,0.016503,-8970,-132.493,83.30938,0,0,0,0,2.7227101,2.7227101,none,true,0,0,0,Stand,20.116024,,,,1,0->0:Exact,NONE
1196,19.943067,0.016944,-8970,-132.493,83.30938,0,0,0,0,2.7227101,2.7227101,none,true,0,0,0,Stand,20.132967,,,,1,0->0:Exact,NONE
1197,19.960011,0.016754,-8970,-132.493,83.30938,0,0,0,0,2.7227101,2.7227101,none,true,0,0,0,Stand,20.149721,,,,1,0->0:Exact,NONE
1198,19.976765,0.016669,-8970,-132.493,83.30938,0,0,0,0,2.7227101,2.7227101,none,true,0,0,0,Stand,20.16639,,,,1,0->0:Exact,NONE
1199,19.993434,0.016546,-8970,-132.493,83.30938,0,0,0,0,2.7227101,2.7227101,none,true,0,0,0,Stand,20.182936,,,,1,0->0:Exact,NONE
1200,20.009979,0.016423,-8970,-132.493,83.30938,0,0,0,0,2.7227101,2.7227101,none,true,0,0,0,Stand,20.19936,,,,1,0->0:Exact,NONE
1201,20.026403,0.016694,-8970,-132.493,83.30938,0,0,0,0,2.7227101,2.7227101,none,true,0,0,0,Stand,20.216055,,,,1,0->0:Exact,NONE
1202,20.043097,0.017039,-8970,-132.493,83.30938,0,0,0,0,2.7227101,2.7227101,none,true,0,0,0,Stand,20.233093,,,,1,0->0:Exact,NONE
1203,20.060136,0.016431,-8970,-132.493,83.30938,0,0,0,0,2.7227101,2.7227101,none,true,0,0,0,Stand,20.249525,,,,1,0->0:Exact,NONE
1204,20.076567,0.017112,-8970,-132.493,83.30938,0,0,0,0,2.7227101,2.7227101,none,true,0,0,0,Stand,20.266638,,,,1,0->0:Exact,NONE
1205,20.093679,0.016272,-8970,-132.493,83.30938,0,0,0,0,2.7227101,2.7227101,none,true,0,0,0,Stand,20.28291,,,,1,0->0:Exact,NONE
1206,20.109951,0.016932,-8970,-132.493,83.30938,0,0,0,0,2.7227101,2.7227101,none,true,0,0,0,Stand,20.29984,,,,1,0->0:Exact,NONE
1207,20.126883,0.016874,-8970,-132.493,83.30938,0,0,0,0,2.7227101,2.7227101,none,true,0,0,0,Stand,20.316715,,,,1,0->0:Exact,NONE
1208,20.143757,0.016560,-8970,-132.493,83.30938,0,0,0,0,2.7227101,2.7227101,none,true,0,0,0,Stand,20.333275,,,,1,0->0:Exact,NONE
1209,20.160317,0.016851,-8970,-132.493,83.30938,0,0,0,0,2.7227101,2.7227101,none,true,0,0,0,Stand,20.350126,,,,1,0->0:Exact,NONE
1210,20.177168,0.016359,-8970,-132.493,83.30938,0,0,0,0,2.7227101,2.7227101,none,true,0,0,0,Stand,20.366486,,,,1,0->0:Exact,NONE
1211,20.193527,0.018282,-8970,-132.493,83.30938,0,0,0,0,2.7227101,2.7227101,none,true,0,0,0,Stand,20.384768,,,,1,0->0:Exact,NONE
1212,20.211808,0.014720,-8970,-132.493,83.30938,0,0,0,0,2.7227101,2.7227101,none,true,0,0,0,Stand,20.399487,,,,1,0->0:Exact,NONE
1213,20.226528,0.016834,-8970,-132.493,83.30938,0,0,0,0,2.7227101,2.7227101,none,true,0,0,0,Stand,20.41632,,,,1,0->0:Exact,NONE
1214,20.243362,0.016817,-8970,-132.493,83.30938,0,0,0,0,2.7227101,2.7227101,none,true,0,0,0,Stand,20.433138,,,,1,0->0:Exact,NONE
1215,20.260179,0.016573,-8970,-132.493,83.30938,0,0,0,0,2.7227101,2.7227101,none,true,0,0,0,Stand,20.44971,,,,1,0->0:Exact,NONE
1216,20.276752,0.016761,-8970,-132.493,83.30938,0,0,0,0,2.7227101,2.7227101,none,true,0,0,0,Stand,20.466473,,,,1,0->0:Exact,NONE
1217,20.293513,0.016677,-8970,-132.493,83.30938,0,0,0,0,2.7227101,2.7227101,none,true,0,0,0,Stand,20.483149,,,,1,0->0:Exact,NONE
1218,20.310190,0.016484,-8970,-132.493,83.30938,0,0,0,0,2.7227101,2.7227101,none,true,0,0,0,Stand,20.499632,,,,1,0->0:Exact,NONE
1219,20.326673,0.016873,-8970,-132.493,83.30938,0,0,0,0,2.7227101,2.7227101,none,true,0,0,0,Stand,20.516504,,,,1,0->0:Exact,NONE
1220,20.343547,0.016854,-8970,-132.493,83.30938,0,0,0,0,2.7227101,2.7227101,none,true,0,0,0,Stand,20.533358,,,,1,0->0:Exact,NONE
1221,20.360401,0.016669,-8970,-132.493,83.30938,0,0,0,0,2.7227101,2.7227101,none,true,0,0,0,Stand,20.550028,,,,1,0->0:Exact,NONE
1222,20.377070,0.016371,-8970,-132.493,83.30938,0,0,0,0,2.7227101,2.7227101,none,true,0,0,0,Stand,20.566399,,,,1,0->0:Exact,NONE
1223,20.393441,0.017715,-8970,-132.493,83.30938,0,0,0,0,2.7227101,2.7227101,none,true,0,0,0,Stand,20.584114,,,,1,0->0:Exact,NONE
1224,20.411156,0.015688,-8970,-132.493,83.30938,0,0,0,0,2.7227101,2.7227101,none,true,0,0,0,Stand,20.599802,,,,1,0->0:Exact,NONE
1225,20.426844,0.016709,-8970,-132.493,83.30938,0,0,0,0,2.7227101,2.7227101,none,true,0,0,0,Stand,20.61651,,,,1,0->0:Exact,NONE
1226,20.443553,0.016795,-8970,-132.493,83.30938,0,0,0,0,2.7227101,2.7227101,none,true,0,0,0,Stand,20.633305,,,,1,0->0:Exact,NONE
1227,20.460348,0.016771,-8970,-132.493,83.30938,0,0,0,0,2.7227101,2.7227101,none,true,0,0,0,Stand,20.650076,,,,1,0->0:Exact,NONE
1228,20.477119,0.016396,-8970,-132.493,83.30938,0,0,0,0,2.7227101,2.7227101,none,true,0,0,0,Stand,20.666471,,,,1,0->0:Exact,NONE
1229,20.493515,0.016736,-8970,-132.493,83.30938,0,0,0,0,2.7227101,2.7227101,none,true,0,0,0,Stand,20.683208,,,,1,0->0:Exact,NONE
1230,20.510251,0.016607,-8970,-132.493,83.30938,0,0,0,0,2.7227101,2.7227101,none,true,0,0,0,Stand,20.699816,,,,1,0->0:Exact,NONE
1231,20.526858,0.016806,-8970,-132.493,83.30938,0,0,0,0,2.7227101,2.7227101,none,true,0,0,0,Stand,20.716621,,,,1,0->0:Exact,NONE
1232,20.543665,0.016652,-8970,-132.493,83.30938,0,0,0,0,2.7227101,2.7227101,none,true,0,0,0,Stand,20.733273,,,,1,0->0:Exact,NONE
1233,20.560317,0.016551,-8970,-132.493,83.30938,0,0,0,0,2.7227101,2.7227101,none,true,0,0,0,Stand,20.749823,,,,1,0->0:Exact,NONE
1234,20.576867,0.016754,-8970,-132.493,83.30938,0,0,0,0,2.7227101,2.7227101,none,true,0,0,0,Stand,20.766577,,,,1,0->0:Exact,NONE
1235,20.593621,0.016668,-8970,-132.493,83.30938,0,0,0,0,2.7227101,2.7227101,none,true,0,0,0,Stand,20.783245,,,,1,0->0:Exact,NONE
1236,20.610289,0.016648,-8970,-132.493,83.30938,0,0,0,0,2.7227101,2.7227101,none,true,0,0,0,Stand,20.799892,,,,1,0->0:Exact,NONE
1237,20.626937,0.016807,-8970,-132.493,83.30938,0,0,0,0,2.7227101,2.7227101,none,true,0,0,0,Stand,20.816698,,,,1,0->0:Exact,NONE
1238,20.643743,0.016709,-8970,-132.493,83.30938,0,0,0,0,2.7227101,2.7227101,none,true,0,0,0,Stand,20.833406,,,,1,0->0:Exact,NONE
1239,20.660452,0.016607,-8970,-132.493,83.30938,0,0,0,0,2.7227101,2.7227101,none,true,0,0,0,Stand,20.850014,,,,1,0->0:Exact,NONE
1240,20.677059,0.016858,-8970,-132.493,83.30938,0,0,0,0,2.7227101,2.7227101,none,true,0,0,0,Stand,20.866873,,,,1,0->0:Exact,NONE
1241,20.693918,0.017991,-8970,-132.493,83.30938,0,0,0,0,2.7227101,2.7227101,none,true,0,0,0,Stand,20.884863,,,,1,0->0:Exact,NONE
1242,20.711908,0.015407,-8970,-132.493,83.30938,0,0,0,0,2.7227101,2.7227101,none,true,0,0,0,Stand,20.90027,,,,1,0->0:Exact,NONE
1243,20.727315,0.016712,-8970,-132.493,83.30938,0,0,0,0,2.7227101,2.7227101,none,true,0,0,0,Stand,20.916983,,,,1,0->0:Exact,NONE
1244,20.744027,0.016318,-8970,-132.493,83.30938,0,0,0,0,2.7227101,2.7227101,none,true,0,0,0,Stand,20.9333,,,,1,0->0:Exact,NONE
1245,20.760345,0.016942,-8970,-132.493,83.30938,0,0,0,0,2.7227101,2.7227101,none,true,0,0,0,Stand,20.950243,,,,1,0->0:Exact,NONE
1246,20.777287,0.016410,-8970,-132.493,83.30938,0,0,0,0,2.7227101,2.7227101,none,true,0,0,0,Stand,20.966654,,,,1,0->0:Exact,NONE
1247,20.793697,0.016777,-8970,-132.493,83.30938,0,0,0,0,2.7227101,2.7227101,none,true,0,0,0,Stand,20.98343,,,,1,0->0:Exact,NONE
1248,20.810475,0.016973,-8970,-132.493,83.30938,0,0,0,0,2.7227101,2.7227101,none,true,0,0,0,Stand,21.000404,,,,1,0->0:Exact,NONE
1249,20.827447,0.016433,-8970,-132.493,83.30938,0,0,0,0,2.7227101,2.7227101,none,true,0,0,0,Stand,21.016836,,,,1,0->0:Exact,NONE
1250,20.843880,0.016724,-8970,-132.493,83.30938,0,0,0,0,2.7227101,2.7227101,none,true,0,0,0,Stand,21.03356,,,,1,0->0:Exact,NONE
1251,20.860604,0.016844,-8970,-132.493,83.30938,0,0,0,0,2.7227101,2.7227101,none,true,0,0,0,Stand,21.050404,,,,1,0->0:Exact,NONE
1252,20.877448,0.016381,-8970,-132.493,83.30938,0,0,0,0,2.7227101,2.7227101,none,true,0,0,0,Stand,21.066784,,,,1,0->0:Exact,NONE
1253,20.893828,0.017666,-8970,-132.493,83.30938,0,0,0,0,2.7227101,2.7227101,none,true,0,0,0,Stand,21.08445,,,,1,0->0:Exact,NONE
1254,20.911494,0.015715,-8970,-132.493,83.30938,0,0,0,0,2.7227101,2.7227101,none,true,0,0,0,Stand,21.100164,,,,1,0->0:Exact,NONE
1255,20.927209,0.016674,-8970,-132.493,83.30938,0,0,0,0,2.7227101,2.7227101,none,true,0,0,0,Stand,21.116838,,,,1,0->0:Exact,NONE
1256,20.943884,0.016697,-8970,-132.493,83.30938,0,0,0,0,2.7227101,2.7227101,none,true,0,0,0,Stand,21.133535,,,,1,0->0:Exact,NONE
1257,20.960581,0.016776,-8970,-132.493,83.30938,0,0,0,0,2.7227101,2.7227101,none,true,0,0,0,Stand,21.15031,,,,1,0->0:Exact,NONE
1258,20.977357,0.016909,-8970,-132.493,83.30938,0,0,0,0,2.7227101,2.7227101,none,true,0,0,0,Stand,21.16722,,,,1,0->0:Exact,NONE
1259,20.994266,0.016392,-8970,-132.493,83.30938,0,0,0,0,2.7227101,2.7227101,none,true,0,0,0,Stand,21.18361,,,,1,0->0:Exact,NONE
1260,21.010658,0.016637,-8970,-132.493,83.30938,0,0,0,0,2.7227101,2.7227101,none,true,0,0,0,Stand,21.200249,,,,1,0->0:Exact,NONE
1261,21.027295,0.016663,-8970,-132.493,83.30938,0,0,0,0,2.7227101,2.7227101,none,true,0,0,0,Stand,21.216911,,,,1,0->0:Exact,NONE
1262,21.043959,0.016668,-8970,-132.493,83.30938,0,0,0,0,2.7227101,2.7227101,none,true,0,0,0,Stand,21.23358,,,,1,0->0:Exact,NONE
1263,21.060627,0.016802,-8970,-132.493,83.30938,0,0,0,0,2.7227101,2.7227101,none,true,0,0,0,Stand,21.250381,,,,1,0->0:Exact,NONE
1264,21.077429,0.016844,-8970,-132.493,83.30938,0,0,0,0,2.7227101,2.7227101,none,true,0,0,0,Stand,21.267225,,,,1,0->0:Exact,NONE
1265,21.094273,0.016640,-8970,-132.493,83.30938,0,0,0,0,2.7227101,2.7227101,none,true,0,0,0,Stand,21.283865,,,,1,0->0:Exact,NONE
1266,21.110913,0.016684,-8970,-132.493,83.30938,0,0,0,0,2.7227101,2.7227101,none,true,0,0,0,Stand,21.300549,,,,1,0->0:Exact,NONE
1267,21.127596,0.016922,-8970,-132.493,83.30938,0,0,0,0,2.7227101,2.7227101,none,true,0,0,0,Stand,21.31747,,,,1,0->0:Exact,NONE
1268,21.144518,0.016270,-8970,-132.493,83.30938,0,0,0,0,2.7227101,2.7227101,none,true,0,0,0,Stand,21.33374,,,,1,0->0:Exact,NONE
1269,21.160788,0.016695,-8970,-132.493,83.30938,0,0,0,0,2.7227101,2.7227101,none,true,0,0,0,Stand,21.350435,,,,1,0->0:Exact,NONE
1270,21.177482,0.017019,-8970,-132.493,83.30938,0,0,0,0,2.7227101,2.7227101,none,true,0,0,0,Stand,21.367455,,,,1,0->0:Exact,NONE
1271,21.194502,0.018219,-8970,-132.493,83.30938,0,0,0,0,2.7227101,2.7227101,none,true,0,0,0,Stand,21.385674,,,,1,0->0:Exact,NONE
1272,21.212721,0.014563,-8970,-132.493,83.30938,0,0,0,0,2.7227101,2.7227101,none,true,0,0,0,Stand,21.400236,,,,1,0->0:Exact,NONE
1273,21.227284,0.016953,-8970,-132.493,83.30938,0,0,0,0,2.7227101,2.7227101,none,true,0,0,0,Stand,21.41719,,,,1,0->0:Exact,NONE
1274,21.244237,0.016802,-8970,-132.493,83.30938,0,0,0,0,2.7227101,2.7227101,none,true,0,0,0,Stand,21.433992,,,,1,0->0:Exact,NONE
1275,21.261039,0.016733,-8970,-132.493,83.30938,0,0,0,0,2.7227101,2.7227101,none,true,0,0,0,Stand,21.450726,,,,1,0->0:Exact,NONE
1276,21.277773,0.016440,-8970,-132.493,83.30938,0,0,0,0,2.7227101,2.7227101,none,true,0,0,0,Stand,21.467167,,,,1,0->0:Exact,NONE
1277,21.294213,0.016707,-8970,-132.493,83.30938,0,0,0,0,2.7227101,2.7227101,none,true,0,0,0,Stand,21.483873,,,,1,0->0:Exact,NONE
1278,21.310919,0.016655,-8970,-132.493,83.30938,0,0,0,0,2.7227101,2.7227101,none,true,0,0,0,Stand,21.500528,,,,1,0->0:Exact,NONE
1279,21.327575,0.016961,-8970,-132.493,83.30938,0,0,0,0,2.7227101,2.7227101,none,true,0,0,0,Stand,21.51749,,,,1,0->0:Exact,NONE
1280,21.344536,0.016765,-8970,-132.493,83.30938,0,0,0,0,2.7227101,2.7227101,none,true,0,0,0,Stand,21.534256,,,,1,0->0:Exact,NONE
1281,21.361301,0.016597,-8970,-132.493,83.30938,0,0,0,0,2.7227101,2.7227101,none,true,0,0,0,Stand,21.550854,,,,1,0->0:Exact,NONE
1282,21.377898,0.016479,-8970,-132.493,83.30938,0,0,0,0,2.7227101,2.7227101,none,true,0,0,0,Stand,21.567333,,,,1,0->0:Exact,NONE
1283,21.394377,0.017486,-8970,-132.493,83.30938,0,0,0,0,2.7227101,2.7227101,none,true,0,0,0,Stand,21.58482,,,,1,0->0:Exact,NONE
1284,21.411863,0.015891,-8970,-132.493,83.30938,0,0,0,0,2.7227101,2.7227101,none,true,0,0,0,Stand,21.60071,,,,1,0->0:Exact,NONE
1285,21.427754,0.016627,-8970,-132.493,83.30938,0,0,0,0,2.7227101,2.7227101,none,true,0,0,0,Stand,21.617336,,,,1,0->0:Exact,NONE
1286,21.444381,0.016695,-8970,-132.493,83.30938,0,0,0,0,2.7227101,2.7227101,none,true,0,0,0,Stand,21.634031,,,,1,0->0:Exact,NONE
1287,21.461076,0.016702,-8970,-132.493,83.30938,0,0,0,0,2.7227101,2.7227101,none,true,0,0,0,Stand,21.650734,,,,1,0->0:Exact,NONE
1288,21.477779,0.016694,-8970,-132.493,83.30938,0,0,0,0,2.7227101,2.7227101,none,true,0,0,0,Stand,21.667427,,,,1,0->0:Exact,NONE
1289,21.494473,0.016590,-8970,-132.493,83.30938,0,0,0,0,2.7227101,2.7227101,none,true,0,0,0,Stand,21.684017,,,,1,0->0:Exact,NONE
1290,21.511063,0.016642,-8970,-132.493,83.30938,0,0,0,0,2.7227101,2.7227101,none,true,0,0,0,Stand,21.700659,,,,1,0->0:Exact,NONE
1291,21.527704,0.016714,-8970,-132.493,83.30938,0,0,0,0,2.7227101,2.7227101,none,true,0,0,0,Stand,21.717373,,,,1,0->0:Exact,NONE
1292,21.544419,0.016625,-8970,-132.493,83.30938,0,0,0,0,2.7227101,2.7227101,none,true,0,0,0,Stand,21.733997,,,,1,0->0:Exact,NONE
1293,21.561044,0.016740,-8970,-132.493,83.30938,0,0,0,0,2.7227101,2.7227101,none,true,0,0,0,Stand,21.750738,,,,1,0->0:Exact,NONE
1294,21.577784,0.016832,-8970,-132.493,83.30938,0,0,0,0,2.7227101,2.7227101,none,true,0,0,0,Stand,21.76757,,,,1,0->0:Exact,NONE
1295,21.594615,0.016563,-8970,-132.493,83.30938,0,0,0,0,2.7227101,2.7227101,none,true,0,0,0,Stand,21.784134,,,,1,0->0:Exact,NONE
1296,21.611178,0.016640,-8970,-132.493,83.30938,0,0,0,0,2.7227101,2.7227101,none,true,0,0,0,Stand,21.800774,,,,1,0->0:Exact,NONE
1297,21.627818,0.016770,-8970,-132.493,83.30938,0,0,0,0,2.7227101,2.7227101,none,true,0,0,0,Stand,21.817543,,,,1,0->0:Exact,NONE
1298,21.644588,0.016854,-8970,-132.493,83.30938,0,0,0,0,2.7227101,2.7227101,none,true,0,0,0,Stand,21.834396,,,,1,0->0:Exact,NONE
1299,21.661442,0.016549,-8970,-132.493,83.30938,0,0,0,0,2.7227101,2.7227101,none,true,0,0,0,Stand,21.850946,,,,1,0->0:Exact,NONE
1300,21.677991,0.016599,-8970,-132.493,83.30938,0,0,0,0,2.7227101,2.7227101,none,true,0,0,0,Stand,21.867546,,,,1,0->0:Exact,NONE
1301,21.694591,0.018030,-8970,-132.493,83.30938,0,0,0,0,2.7227101,2.7227101,none,true,0,0,0,Stand,21.885576,,,,1,0->0:Exact,NONE
1302,21.712621,0.015659,-8970,-132.493,83.30938,0,0,0,0,2.7227101,2.7227101,none,true,0,0,0,Stand,21.901236,,,,1,0->0:Exact,NONE
1303,21.728280,0.016275,-8970,-132.493,83.30938,0,0,0,0,2.7227101,2.7227101,none,true,0,0,0,Stand,21.917511,,,,1,0->0:Exact,NONE
1304,21.744555,0.016866,-8970,-132.493,83.30938,0,0,0,0,2.7227101,2.7227101,none,true,0,0,0,Stand,21.934376,,,,1,0->0:Exact,NONE
1305,21.761421,0.016491,-8970,-132.493,83.30938,0,0,0,0,2.7227101,2.7227101,none,true,0,0,0,Stand,21.950867,,,,1,0->0:Exact,NONE
1306,21.777912,0.016857,-8970,-132.493,83.30938,0,0,0,0,2.7227101,2.7227101,none,true,0,0,0,Stand,21.967724,,,,1,0->0:Exact,NONE
1307,21.794769,0.016618,-8970,-132.493,83.30938,0,0,0,0,2.7227101,2.7227101,none,true,0,0,0,Stand,21.984343,,,,1,0->0:Exact,NONE
1308,21.811387,0.016687,-8970,-132.493,83.30938,0,0,0,0,2.7227101,2.7227101,none,true,0,0,0,Stand,22.00103,,,,1,0->0:Exact,NONE
1309,21.828074,0.016882,-8970,-132.493,83.30938,0,0,0,0,2.7227101,2.7227101,none,true,0,0,0,Stand,22.017912,,,,1,0->0:Exact,NONE
1310,21.844956,0.016718,-8970,-132.493,83.30938,0,0,0,0,2.7227101,2.7227101,none,true,0,0,0,Stand,22.03463,,,,1,0->0:Exact,NONE
1311,21.861674,0.016270,-8970,-132.493,83.30938,0,0,0,0,2.7227101,2.7227101,none,true,0,0,0,Stand,22.0509,,,,1,0->0:Exact,NONE
1312,21.877944,0.016990,-8970,-132.493,83.30938,0,0,0,0,2.7227101,2.7227101,none,true,0,0,0,Stand,22.06789,,,,1,0->0:Exact,NONE
1313,21.894934,0.017305,-8970,-132.493,83.30938,0,0,0,0,2.7227101,2.7227101,none,true,0,0,0,Stand,22.085196,,,,1,0->0:Exact,NONE
1314,21.912239,0.015969,-8970,-132.493,83.30938,0,0,0,0,2.7227101,2.7227101,none,true,0,0,0,Stand,22.101164,,,,1,0->0:Exact,NONE
1315,21.928207,0.016519,-8970,-132.493,83.30938,0,0,0,0,2.7227101,2.7227101,none,true,0,0,0,Stand,22.117683,,,,1,0->0:Exact,NONE
1316,21.944726,0.016747,-8970,-132.493,83.30938,0,0,0,0,2.7227101,2.7227101,none,true,0,0,0,Stand,22.13443,,,,1,0->0:Exact,NONE
1317,21.961474,0.016746,-8970,-132.493,83.30938,0,0,0,0,2.7227101,2.7227101,none,true,0,0,0,Stand,22.151176,,,,1,0->0:Exact,NONE
1318,21.978220,0.016625,-8970,-132.493,83.30938,0,0,0,0,2.7227101,2.7227101,none,true,0,0,0,Stand,22.167803,,,,1,0->0:Exact,NONE
1319,21.994845,0.016509,-8970,-132.493,83.30938,0,0,0,0,2.7227101,2.7227101,none,true,0,0,0,Stand,22.184313,,,,1,0->0:Exact,NONE
1320,22.011355,0.016731,-8970,-132.493,83.30938,0,0,0,0,2.7227101,2.7227101,none,true,0,0,0,Stand,22.201044,,,,1,0->0:Exact,NONE
1321,22.028085,0.016589,-8970,-132.493,83.30938,0,0,0,0,2.7227101,2.7227101,none,true,0,0,0,Stand,22.217634,,,,1,0->0:Exact,NONE
1322,22.044675,0.016742,-8970,-132.493,83.30938,0,0,0,0,2.7227101,2.7227101,none,true,0,0,0,Stand,22.234375,,,,1,0->0:Exact,NONE
1323,22.061416,0.016611,-8970,-132.493,83.30938,0,0,0,0,2.7227101,2.7227101,none,true,0,0,0,Stand,22.250986,,,,1,0->0:Exact,NONE
1324,22.078028,0.016890,-8970,-132.493,83.30938,0,0,0,0,2.7227101,2.7227101,none,true,0,0,0,Stand,22.267876,,,,1,0->0:Exact,NONE
1325,22.094918,0.016520,-8970,-132.493,83.30938,0,0,0,0,2.7227101,2.7227101,none,true,0,0,0,Stand,22.284395,,,,1,0->0:Exact,NONE
1326,22.111437,0.016641,-8970,-132.493,83.30938,0,0,0,0,2.7227101,2.7227101,none,true,0,0,0,Stand,22.301037,,,,1,0->0:Exact,NONE
1327,22.128078,0.016796,-8970,-132.493,83.30938,0,0,0,0,2.7227101,2.7227101,none,true,0,0,0,Stand,22.317833,,,,1,0->0:Exact,NONE
1328,22.144874,0.016689,-8970,-132.493,83.30938,0,0,0,0,2.7227101,2.7227101,none,true,0,0,0,Stand,22.334522,,,,1,0->0:Exact,NONE
1329,22.161563,0.016664,-8970,-132.493,83.30938,0,0,0,0,2.7227101,2.7227101,none,true,0,0,0,Stand,22.351187,,,,1,0->0:Exact,NONE
1330,22.178228,0.016845,-8970,-132.493,83.30938,0,0,0,0,2.7227101,2.7227101,none,true,0,0,0,Stand,22.368032,,,,1,0->0:Exact,NONE
1331,22.195073,0.018051,-8970,-132.493,83.30938,0,0,0,0,2.7227101,2.7227101,none,true,0,0,0,Stand,22.386084,,,,1,0->0:Exact,NONE
1332,22.213124,0.015160,-8970,-132.493,83.30938,0,0,0,0,2.7227101,2.7227101,none,true,0,0,0,Stand,22.401243,,,,1,0->0:Exact,NONE
1333,22.228284,0.016761,-8970,-132.493,83.30938,0,0,0,0,2.7227101,2.7227101,none,true,0,0,0,Stand,22.418003,,,,1,0->0:Exact,NONE
1334,22.245045,0.016865,-8970,-132.493,83.30938,0,0,0,0,2.7227101,2.7227101,none,true,0,0,0,Stand,22.434868,,,,1,0->0:Exact,NONE
1335,22.261909,0.016568,-8970,-132.493,83.30938,0,0,0,0,2.7227101,2.7227101,none,true,0,0,0,Stand,22.451435,,,,1,0->0:Exact,NONE
1336,22.278477,0.016717,-8970,-132.493,83.30938,0,0,0,0,2.7227101,2.7227101,none,true,0,0,0,Stand,22.468151,,,,1,0->0:Exact,NONE
1337,22.295194,0.016733,-8970,-132.493,83.30938,0,0,0,0,2.7227101,2.7227101,none,true,0,0,0,Stand,22.484884,,,,1,0->0:Exact,NONE
1338,22.311927,0.016666,-8970,-132.493,83.30938,0,0,0,0,2.7227101,2.7227101,none,true,0,0,0,Stand,22.50155,,,,1,0->0:Exact,NONE
1339,22.328593,0.016803,-8970,-132.493,83.30938,0,0,0,0,2.7227101,2.7227101,none,true,0,0,0,Stand,22.518354,,,,1,0->0:Exact,NONE
1340,22.345396,0.016499,-8970,-132.493,83.30938,0,0,0,0,2.7227101,2.7227101,none,true,0,0,0,Stand,22.534853,,,,1,0->0:Exact,NONE
1341,22.361894,0.016587,-8970,-132.493,83.30938,0,0,0,0,2.7227101,2.7227101,none,true,0,0,0,Stand,22.55144,,,,1,0->0:Exact,NONE
1342,22.378481,0.016939,-8970,-132.493,83.30938,0,0,0,0,2.7227101,2.7227101,none,true,0,0,0,Stand,22.568378,,,,1,0->0:Exact,NONE
1343,22.395420,0.017107,-8970,-132.493,83.30938,0,0,0,0,2.7227101,2.7227101,none,true,0,0,0,Stand,22.585485,,,,1,0->0:Exact,NONE
1344,22.412527,0.015934,-8970,-132.493,83.30938,0,0,0,0,2.7227101,2.7227101,none,true,0,0,0,Stand,22.60142,,,,1,0->0:Exact,NONE
1345,22.428461,0.016759,-8970,-132.493,83.30938,0,0,0,0,2.7227101,2.7227101,none,true,0,0,0,Stand,22.61818,,,,1,0->0:Exact,NONE
1346,22.445220,0.016690,-8970,-132.493,83.30938,0,0,0,0,2.7227101,2.7227101,none,true,0,0,0,Stand,22.63487,,,,1,0->0:Exact,NONE
1347,22.461910,0.016808,-8970,-132.493,83.30938,0,0,0,0,2.7227101,2.7227101,none,true,0,0,0,Stand,22.651678,,,,1,0->0:Exact,NONE
1348,22.478718,0.016641,-8970,-132.493,83.30938,0,0,0,0,2.7227101,2.7227101,none,true,0,0,0,Stand,22.66832,,,,1,0->0:Exact,NONE
1349,22.495359,0.016729,-8970,-132.493,83.30938,0,0,0,0,2.7227101,2.7227101,none,true,0,0,0,Stand,22.68505,,,,1,0->0:Exact,NONE
1350,22.512088,0.016441,-8970,-132.493,83.30938,0,0,0,0,2.7227101,2.7227101,none,true,0,0,0,Stand,22.70149,,,,1,0->0:Exact,NONE
1351,22.528529,0.016679,-8970,-132.493,83.30938,0,0,0,0,2.7227101,2.7227101,none,true,0,0,0,Stand,22.71817,,,,1,0->0:Exact,NONE
1352,22.545208,0.016832,-8970,-132.493,83.30938,0,0,0,0,2.7227101,2.7227101,none,true,0,0,0,Stand,22.735003,,,,1,0->0:Exact,NONE
1353,22.562040,0.016577,-8970,-132.493,83.30938,0,0,0,0,2.7227101,2.7227101,none,true,0,0,0,Stand,22.75158,,,,1,0->0:Exact,NONE
1354,22.578617,0.016645,-8970,-132.493,83.30938,0,0,0,0,2.7227101,2.7227101,none,true,0,0,0,Stand,22.768225,,,,1,0->0:Exact,NONE
1355,22.595262,0.016812,-8970,-132.493,83.30938,0,0,0,0,2.7227101,2.7227101,none,true,0,0,0,Stand,22.785038,,,,1,0->0:Exact,NONE
1356,22.612075,0.016606,-8970,-132.493,83.30938,0,0,0,0,2.7227101,2.7227101,none,true,0,0,0,Stand,22.801643,,,,1,0->0:Exact,NONE
1357,22.628681,0.016462,-8970,-132.493,83.30938,0,0,0,0,2.7227101,2.7227101,none,true,0,0,0,Stand,22.818106,,,,1,0->0:Exact,NONE
1358,22.645143,0.016824,-8970,-132.493,83.30938,0,0,0,0,2.7227101,2.7227101,none,true,0,0,0,Stand,22.834929,,,,1,0->0:Exact,NONE
1359,22.661966,0.016677,-8970,-132.493,83.30938,0,0,0,0,2.7227101,2.7227101,none,true,0,0,0,Stand,22.851604,,,,1,0->0:Exact,NONE
1360,22.678643,0.016674,-8970,-132.493,83.30938,0,0,0,0,2.7227101,2.7227101,none,true,0,0,0,Stand,22.868279,,,,1,0->0:Exact,NONE
1361,22.695317,0.018084,-8970,-132.493,83.30938,0,0,0,0,2.7227101,2.7227101,none,true,0,0,0,Stand,22.886362,,,,1,0->0:Exact,NONE
1362,22.713401,0.015108,-8970,-132.493,83.30938,0,0,0,0,2.7227101,2.7227101,none,true,0,0,0,Stand,22.90147,,,,1,0->0:Exact,NONE
1363,22.728509,0.017011,-8970,-132.493,83.30938,0,0,0,0,2.7227101,2.7227101,none,true,0,0,0,Stand,22.918482,,,,1,0->0:Exact,NONE
1364,22.745520,0.016777,-8970,-132.493,83.30938,0,0,0,0,2.7227101,2.7227101,none,true,0,0,0,Stand,22.935259,,,,1,0->0:Exact,NONE
1365,22.762297,0.016455,-8970,-132.493,83.30938,0,0,0,0,2.7227101,2.7227101,none,true,0,0,0,Stand,22.951714,,,,1,0->0:Exact,NONE
1366,22.778751,0.016690,-8970,-132.493,83.30938,0,0,0,0,2.7227101,2.7227101,none,true,0,0,0,Stand,22.968403,,,,1,0->0:Exact,NONE
1367,22.795441,0.016603,-8970,-132.493,83.30938,0,0,0,0,2.7227101,2.7227101,none,true,0,0,0,Stand,22.985006,,,,1,0->0:Exact,NONE
1368,22.812045,0.016798,-8970,-132.493,83.30938,0,0,0,0,2.7227101,2.7227101,none,true,0,0,0,Stand,23.001804,,,,1,0->0:Exact,NONE
1369,22.828842,0.016523,-8970,-132.493,83.30938,0,0,0,0,2.7227101,2.7227101,none,true,0,0,0,Stand,23.018328,,,,1,0->0:Exact,NONE
1370,22.845366,0.016736,-8970,-132.493,83.30938,0,0,0,0,2.7227101,2.7227101,none,true,0,0,0,Stand,23.035065,,,,1,0->0:Exact,NONE
1371,22.862102,0.017002,-8970,-132.493,83.30938,0,0,0,0,2.7227101,2.7227101,none,true,0,0,0,Stand,23.052067,,,,1,0->0:Exact,NONE
1372,22.879104,0.016511,-8970,-132.493,83.30938,0,0,0,0,2.7227101,2.7227101,none,true,0,0,0,Stand,23.068579,,,,1,0->0:Exact,NONE
1373,22.895616,0.017446,-8970,-132.493,83.30938,0,0,0,0,2.7227101,2.7227101,none,true,0,0,0,Stand,23.086025,,,,1,0->0:Exact,NONE
1374,22.913062,0.015798,-8970,-132.493,83.30938,0,0,0,0,2.7227101,2.7227101,none,true,0,0,0,Stand,23.101824,,,,1,0->0:Exact,NONE
1375,22.928860,0.016669,-8970,-132.493,83.30938,0,0,0,0,2.7227101,2.7227101,none,true,0,0,0,Stand,23.118492,,,,1,0->0:Exact,NONE
1376,22.945529,0.016764,-8970,-132.493,83.30938,0,0,0,0,2.7227101,2.7227101,none,true,0,0,0,Stand,23.135256,,,,1,0->0:Exact,NONE
1377,22.962293,0.016852,-8970,-132.493,83.30938,0,0,0,0,2.7227101,2.7227101,none,true,0,0,0,Stand,23.152107,,,,1,0->0:Exact,NONE
1378,22.979145,0.016440,-8970,-132.493,83.30938,0,0,0,0,2.7227101,2.7227101,none,true,0,0,0,Stand,23.168547,,,,1,0->0:Exact,NONE
1379,22.995585,0.016586,-8970,-132.493,83.30938,0,0,0,0,2.7227101,2.7227101,none,true,0,0,0,Stand,23.185133,,,,1,0->0:Exact,NONE
1380,23.012171,0.016641,-8970,-132.493,83.30938,0,0,0,0,2.7227101,2.7227101,none,true,0,0,0,Stand,23.201775,,,,1,0->0:Exact,NONE
1381,23.028812,0.016672,-8970,-132.493,83.30938,0,0,0,0,2.7227101,2.7227101,none,true,0,0,0,Stand,23.218447,,,,1,0->0:Exact,NONE
1382,23.045485,0.016946,-8970,-132.493,83.30938,0,0,0,0,2.7227101,2.7227101,none,true,0,0,0,Stand,23.235394,,,,1,0->0:Exact,NONE
1383,23.062431,0.016594,-8970,-132.493,83.30938,0,0,0,0,2.7227101,2.7227101,none,true,0,0,0,Stand,23.251987,,,,1,0->0:Exact,NONE
1384,23.079024,0.017441,-8970,-132.493,83.30938,0,0,0,0,2.7227101,2.7227101,none,true,0,0,0,Stand,23.269428,,,,1,0->0:Exact,NONE
1385,23.096465,0.015845,-8970,-132.493,83.30938,0,0,0,0,2.7227101,2.7227101,none,true,0,0,0,Stand,23.285273,,,,1,0->0:Exact,NONE
1386,23.112310,0.016893,-8970,-132.493,83.30938,0,0,0,0,2.7227101,2.7227101,none,true,0,0,0,Stand,23.302166,,,,1,0->0:Exact,NONE
1387,23.129203,0.016816,-8970,-132.493,83.30938,0,0,0,0,2.7227101,2.7227101,none,true,0,0,0,Stand,23.318981,,,,1,0->0:Exact,NONE
1388,23.146019,0.016922,-8970,-132.493,83.30938,0,0,0,0,2.7227101,2.7227101,none,true,0,0,0,Stand,23.335903,,,,1,0->0:Exact,NONE
1389,23.162941,0.016272,-8970,-132.493,83.30938,0,0,0,0,2.7227101,2.7227101,none,true,0,0,0,Stand,23.352175,,,,1,0->0:Exact,NONE
1390,23.179213,0.016621,-8970,-132.493,83.30938,0,0,0,0,2.7227101,2.7227101,none,true,0,0,0,Stand,23.368795,,,,1,0->0:Exact,NONE
1391,23.195834,0.017969,-8970,-132.493,83.30938,0,0,0,0,2.7227101,2.7227101,none,true,0,0,0,Stand,23.386765,,,,1,0->0:Exact,NONE
1392,23.213803,0.015184,-8970,-132.493,83.30938,0,0,0,0,2.7227101,2.7227101,none,true,0,0,0,Stand,23.401949,,,,1,0->0:Exact,NONE
1393,23.228986,0.017166,-8970,-132.493,83.30938,0,0,0,0,2.7227101,2.7227101,none,true,0,0,0,Stand,23.419115,,,,1,0->0:Exact,NONE
1394,23.246153,0.016344,-8970,-132.493,83.30938,0,0,0,0,2.7227101,2.7227101,none,true,0,0,0,Stand,23.43546,,,,1,0->0:Exact,NONE
1395,23.262497,0.016974,-8970,-132.493,83.30938,0,0,0,0,2.7227101,2.7227101,none,true,0,0,0,Stand,23.452433,,,,1,0->0:Exact,NONE
1396,23.279470,0.016917,-8970,-132.493,83.30938,0,0,0,0,2.7227101,2.7227101,none,true,0,0,0,Stand,23.469349,,,,1,0->0:Exact,NONE
1397,23.296387,0.016355,-8970,-132.493,83.30938,0,0,0,0,2.7227101,2.7227101,none,true,0,0,0,Stand,23.485704,,,,1,0->0:Exact,NONE
1398,23.312742,0.016636,-8970,-132.493,83.30938,0,0,0,0,2.7227101,2.7227101,none,true,0,0,0,Stand,23.50234,,,,1,0->0:Exact,NONE
1399,23.329378,0.016695,-8970,-132.493,83.30938,0,0,0,0,2.7227101,2.7227101,none,true,0,0,0,Stand,23.519035,,,,1,0->0:Exact,NONE
1400,23.346073,0.016810,-8970,-132.493,83.30938,0,0,0,0,2.7227101,2.7227101,none,true,0,0,0,Stand,23.535845,,,,1,0->0:Exact,NONE
1401,23.362883,0.017033,-8970,-132.493,83.30938,0,0,0,0,2.7227101,2.7227101,none,true,0,0,0,Stand,23.552877,,,,1,0->0:Exact,NONE
1402,23.379916,0.016388,-8970,-132.493,83.30938,0,0,0,0,2.7227101,2.7227101,none,true,0,0,0,Stand,23.569265,,,,1,0->0:Exact,NONE
1403,23.396304,0.017530,-8970,-132.493,83.30938,0,0,0,0,2.7227101,2.7227101,none,true,0,0,0,Stand,23.586796,,,,1,0->0:Exact,NONE
1404,23.413834,0.015497,-8970,-132.493,83.30938,0,0,0,0,2.7227101,2.7227101,none,true,0,0,0,Stand,23.602293,,,,1,0->0:Exact,NONE
1405,23.429331,0.016858,-8970,-132.493,83.30938,0,0,0,0,2.7227101,2.7227101,none,true,0,0,0,Stand,23.619152,,,,1,0->0:Exact,NONE
1406,23.446189,0.016847,-8970,-132.493,83.30938,0,0,0,0,2.7227101,2.7227101,none,true,0,0,0,Stand,23.635998,,,,1,0->0:Exact,NONE
1407,23.463036,0.016503,-8970,-132.493,83.30938,0,0,0,0,2.7227101,2.7227101,none,true,0,0,0,Stand,23.6525,,,,1,0->0:Exact,NONE
1408,23.479539,0.016862,-8970,-132.493,83.30938,0,0,0,0,2.7227101,2.7227101,none,true,0,0,0,Stand,23.669361,,,,1,0->0:Exact,NONE
1409,23.496401,0.016731,-8970,-132.493,83.30938,0,0,0,0,2.7227101,2.7227101,none,true,0,0,0,Stand,23.686092,,,,1,0->0:Exact,NONE
1410,23.513132,0.016410,-8970,-132.493,83.30938,0,0,0,0,2.7227101,2.7227101,none,true,0,0,0,Stand,23.702503,,,,1,0->0:Exact,NONE
1411,23.529543,0.016633,-8970,-132.493,83.30938,0,0,0,0,2.7227101,2.7227101,none,true,0,0,0,Stand,23.719137,,,,1,0->0:Exact,NONE
1412,23.546176,0.016542,-8970,-132.493,83.30938,0,0,0,0,2.7227101,2.7227101,none,true,0,0,0,Stand,23.73568,,,,1,0->0:Exact,NONE
1413,23.562717,0.016906,-8970,-132.493,83.30938,0,0,0,0,2.7227101,2.7227101,none,true,0,0,0,Stand,23.752586,,,,1,0->0:Exact,NONE
1414,23.579624,0.016771,-8970,-132.493,83.30938,0,0,0,0,2.7227101,2.7227101,none,true,0,0,0,Stand,23.769358,,,,1,0->0:Exact,NONE
1415,23.596395,0.016524,-8970,-132.493,83.30938,0,0,0,0,2.7227101,2.7227101,none,true,0,0,0,Stand,23.785881,,,,1,0->0:Exact,NONE
1416,23.612919,0.016745,-8970,-132.493,83.30938,0,0,0,0,2.7227101,2.7227101,none,true,0,0,0,Stand,23.802626,,,,1,0->0:Exact,NONE
1417,23.629664,0.017059,-8970,-132.493,83.30938,0,0,0,0,2.7227101,2.7227101,none,true,0,0,0,Stand,23.819685,,,,1,0->0:Exact,NONE
1418,23.646723,0.016254,-8970,-132.493,83.30938,0,0,0,0,2.7227101,2.7227101,none,true,0,0,0,Stand,23.83594,,,,1,0->0:Exact,NONE
1419,23.662977,0.016617,-8970,-132.493,83.30938,0,0,0,0,2.7227101,2.7227101,none,true,0,0,0,Stand,23.852556,,,,1,0->0:Exact,NONE
1420,23.679594,0.016855,-8970,-132.493,83.30938,0,0,0,0,2.7227101,2.7227101,none,true,0,0,0,Stand,23.869411,,,,1,0->0:Exact,NONE
1421,23.696449,0.017910,-8970,-132.493,83.30938,0,0,0,0,2.7227101,2.7227101,none,true,0,0,0,Stand,23.887321,,,,1,0->0:Exact,NONE
1422,23.714358,0.015140,-8970,-132.493,83.30938,0,0,0,0,2.7227101,2.7227101,none,true,0,0,0,Stand,23.902462,,,,1,0->0:Exact,NONE
1423,23.729499,0.017016,-8970,-132.493,83.30938,0,0,0,0,2.7227101,2.7227101,none,true,0,0,0,Stand,23.919477,,,,1,0->0:Exact,NONE
1424,23.746514,0.016560,-8970,-132.493,83.30938,0,0,0,0,2.7227101,2.7227101,none,true,0,0,0,Stand,23.936037,,,,1,0->0:Exact,NONE
1425,23.763074,0.016717,-8970,-132.493,83.30938,0,0,0,0,2.7227101,2.7227101,none,true,0,0,0,Stand,23.952755,,,,1,0->0:Exact,NONE
1426,23.779792,0.016533,-8970,-132.493,83.30938,0,0,0,0,2.7227101,2.7227101,none,true,0,0,0,Stand,23.969288,,,,1,0->0:Exact,NONE
1427,23.796324,0.016721,-8970,-132.493,83.30938,0,0,0,0,2.7227101,2.7227101,none,true,0,0,0,Stand,23.98601,,,,1,0->0:Exact,NONE
1428,23.813045,0.016584,-8970,-132.493,83.30938,0,0,0,0,2.7227101,2.7227101,none,true,0,0,0,Stand,24.002594,,,,1,0->0:Exact,NONE
1429,23.829630,0.017056,-8970,-132.493,83.30938,0,0,0,0,2.7227101,2.7227101,none,true,0,0,0,Stand,24.01965,,,,1,0->0:Exact,NONE
1430,23.846686,0.016508,-8970,-132.493,83.30938,0,0,0,0,2.7227101,2.7227101,none,true,0,0,0,Stand,24.036158,,,,1,0->0:Exact,NONE
1431,23.863194,0.016520,-8970,-132.493,83.30938,0,0,0,0,2.7227101,2.7227101,none,true,0,0,0,Stand,24.052677,,,,1,0->0:Exact,NONE
1432,23.879714,0.016774,-8970,-132.493,83.30938,0,0,0,0,2.7227101,2.7227101,none,true,0,0,0,Stand,24.069452,,,,1,0->0:Exact,NONE
1433,23.896488,0.017389,-8970,-132.493,83.30938,0,0,0,0,2.7227101,2.7227101,none,true,0,0,0,Stand,24.086842,,,,1,0->0:Exact,NONE
1434,23.913877,0.016082,-8970,-132.493,83.30938,0,0,0,0,2.7227101,2.7227101,none,true,0,0,0,Stand,24.102922,,,,1,0->0:Exact,NONE
1435,23.929959,0.016270,-8970,-132.493,83.30938,0,0,0,0,2.7227101,2.7227101,none,true,0,0,0,Stand,24.119192,,,,1,0->0:Exact,NONE
1436,23.946229,0.016981,-8970,-132.493,83.30938,0,0,0,0,2.7227101,2.7227101,none,true,0,0,0,Stand,24.136173,,,,1,0->0:Exact,NONE
1437,23.963210,0.016607,-8970,-132.493,83.30938,0,0,0,0,2.7227101,2.7227101,none,true,0,0,0,Stand,24.15278,,,,1,0->0:Exact,NONE
1438,23.979817,0.016832,-8970,-132.493,83.30938,0,0,0,0,2.7227101,2.7227101,none,true,0,0,0,Stand,24.169613,,,,1,0->0:Exact,NONE
1439,23.996649,0.016539,-8970,-132.493,83.30938,0,0,0,0,2.7227101,2.7227101,none,true,0,0,0,Stand,24.186152,,,,1,0->0:Exact,NONE
1440,24.013188,0.016885,-8970,-132.493,83.30938,0,0,0,0,2.7227101,2.7227101,none,true,0,0,0,Stand,24.203035,,,,1,0->0:Exact,NONE
1441,24.030073,0.016307,-8970,-132.493,83.30938,0,0,0,0,2.7227101,2.7227101,none,true,0,0,0,Stand,24.219341,,,,1,0->0:Exact,NONE
1442,24.046379,0.016894,-8970,-132.493,83.30938,0,0,0,0,2.7227101,2.7227101,none,true,0,0,0,Stand,24.236235,,,,1,0->0:Exact,NONE
1443,24.063273,0.016349,-8970,-132.493,83.30938,0,0,0,0,2.7227101,2.7227101,none,true,0,0,0,Stand,24.252584,,,,1,0->0:Exact,NONE
1444,24.079622,0.017878,-8970,-132.493,83.30938,0,0,0,0,2.7227101,2.7227101,none,true,0,0,0,Stand,24.270462,,,,1,0->0:Exact,NONE
1445,24.097500,0.015841,-8970,-132.493,83.30938,0,0,0,0,2.7227101,2.7227101,none,true,0,0,0,Stand,24.286303,,,,1,0->0:Exact,NONE
1446,24.113340,0.016993,-8970,-132.493,83.30938,0,0,0,0,2.7227101,2.7227101,none,true,0,0,0,Stand,24.303295,,,,1,0->0:Exact,NONE
1447,24.130334,0.016221,-8970,-132.493,83.30938,0,0,0,0,2.7227101,2.7227101,none,true,0,0,0,Stand,24.319517,,,,1,0->0:Exact,NONE
1448,24.146555,0.016535,-8970,-132.493,83.30938,0,0,0,0,2.7227101,2.7227101,none,true,0,0,0,Stand,24.336052,,,,1,0->0:Exact,NONE
1449,24.163090,0.017104,-8970,-132.493,83.30938,0,0,0,0,2.7227101,2.7227101,none,true,0,0,0,Stand,24.353155,,,,1,0->0:Exact,NONE
1450,24.180193,0.017089,-8970,-132.493,83.30938,0,0,0,0,2.7227101,2.7227101,none,true,0,0,0,Stand,24.370243,,,,1,0->0:Exact,NONE
1451,24.197282,0.017460,-8970,-132.493,83.30938,0,0,0,0,2.7227101,2.7227101,none,true,0,0,0,Stand,24.387703,,,,1,0->0:Exact,NONE
1452,24.214742,0.015286,-8970,-132.493,83.30938,0,0,0,0,2.7227101,2.7227101,none,true,0,0,0,Stand,24.402988,,,,1,0->0:Exact,NONE
1453,24.230027,0.017074,-8970,-132.493,83.30938,0,0,0,0,2.7227101,2.7227101,none,true,0,0,0,Stand,24.420063,,,,1,0->0:Exact,NONE
1454,24.247101,0.017061,-8970,-132.493,83.30938,0,0,0,0,2.7227101,2.7227101,none,true,0,0,0,Stand,24.437124,,,,1,0->0:Exact,NONE
1455,24.264163,0.015756,-8970,-132.493,83.30938,0,0,0,0,2.7227101,2.7227101,none,true,0,0,0,Stand,24.45288,,,,1,0->0:Exact,NONE
1456,24.279919,0.016720,-8970,-132.493,83.30938,0,0,0,0,2.7227101,2.7227101,none,true,0,0,0,Stand,24.4696,,,,1,0->0:Exact,NONE
1457,24.296639,0.017020,-8970,-132.493,83.30938,0,0,0,0,2.7227101,2.7227101,none,true,0,0,0,Stand,24.486622,,,,1,0->0:Exact,NONE
1458,24.313659,0.016303,-8970,-132.493,83.30938,0,0,0,0,2.7227101,2.7227101,none,true,0,0,0,Stand,24.502926,,,,1,0->0:Exact,NONE
1459,24.329963,0.016825,-8970,-132.493,83.30938,0,0,0,0,2.7227101,2.7227101,none,true,0,0,0,Stand,24.51975,,,,1,0->0:Exact,NONE
1460,24.346788,0.016750,-8970,-132.493,83.30938,0,0,0,0,2.7227101,2.7227101,none,true,0,0,0,Stand,24.5365,,,,1,0->0:Exact,NONE
1461,24.363538,0.016501,-8970,-132.493,83.30938,0,0,0,0,2.7227101,2.7227101,none,true,0,0,0,Stand,24.553001,,,,1,0->0:Exact,NONE
1462,24.380039,0.016840,-8970,-132.493,83.30938,0,0,0,0,2.7227101,2.7227101,none,true,0,0,0,Stand,24.569841,,,,1,0->0:Exact,NONE
1463,24.396879,0.017537,-8970,-132.493,83.30938,0,0,0,0,2.7227101,2.7227101,none,true,0,0,0,Stand,24.587378,,,,1,0->0:Exact,NONE
1464,24.414416,0.015597,-8970,-132.493,83.30938,0,0,0,0,2.7227101,2.7227101,none,true,0,0,0,Stand,24.602974,,,,1,0->0:Exact,NONE
1465,24.430013,0.016863,-8970,-132.493,83.30938,0,0,0,0,2.7227101,2.7227101,none,true,0,0,0,Stand,24.619837,,,,1,0->0:Exact,NONE
1466,24.446875,0.016884,-8970,-132.493,83.30938,0,0,0,0,2.7227101,2.7227101,none,true,0,0,0,Stand,24.63672,,,,1,0->0:Exact,NONE
1467,24.463760,0.016451,-8970,-132.493,83.30938,0,0,0,0,2.7227101,2.7227101,none,true,0,0,0,Stand,24.653172,,,,1,0->0:Exact,NONE
1468,24.480210,0.017008,-8970,-132.493,83.30938,0,0,0,0,2.7227101,2.7227101,none,true,0,0,0,Stand,24.67018,,,,1,0->0:Exact,NONE
1469,24.497219,0.016494,-8970,-132.493,83.30938,0,0,0,0,2.7227101,2.7227101,none,true,0,0,0,Stand,24.686674,,,,1,0->0:Exact,NONE
1470,24.513713,0.016749,-8970,-132.493,83.30938,0,0,0,0,2.7227101,2.7227101,none,true,0,0,0,Stand,24.703423,,,,1,0->0:Exact,NONE
1471,24.530462,0.016674,-8970,-132.493,83.30938,0,0,0,0,2.7227101,2.7227101,none,true,0,0,0,Stand,24.720097,,,,1,0->0:Exact,NONE
1472,24.547136,0.016629,-8970,-132.493,83.30938,0,0,0,0,2.7227101,2.7227101,none,true,0,0,0,Stand,24.736725,,,,1,0->0:Exact,NONE
1473,24.563764,0.016602,-8970,-132.493,83.30938,0,0,0,0,2.7227101,2.7227101,none,true,0,0,0,Stand,24.753326,,,,1,0->0:Exact,NONE
1474,24.580367,0.016796,-8970,-132.493,83.30938,0,0,0,0,2.7227101,2.7227101,none,true,0,0,0,Stand,24.770123,,,,1,0->0:Exact,NONE
1475,24.597163,0.016769,-8970,-132.493,83.30938,0,0,0,0,2.7227101,2.7227101,none,true,0,0,0,Stand,24.786892,,,,1,0->0:Exact,NONE
1476,24.613931,0.016483,-8970,-132.493,83.30938,0,0,0,0,2.7227101,2.7227101,none,true,0,0,0,Stand,24.803375,,,,1,0->0:Exact,NONE
1477,24.630414,0.016889,-8970,-132.493,83.30938,0,0,0,0,2.7227101,2.7227101,none,true,0,0,0,Stand,24.820265,,,,1,0->0:Exact,NONE
1478,24.647303,0.016664,-8970,-132.493,83.30938,0,0,0,0,2.7227101,2.7227101,none,true,0,0,0,Stand,24.83693,,,,1,0->0:Exact,NONE
1479,24.663967,0.016517,-8970,-132.493,83.30938,0,0,0,0,2.7227101,2.7227101,none,true,0,0,0,Stand,24.853447,,,,1,0->0:Exact,NONE
1480,24.680484,0.016680,-8970,-132.493,83.30938,0,0,0,0,2.7227101,2.7227101,none,true,0,0,0,Stand,24.870127,,,,1,0->0:Exact,NONE
1481,24.697163,0.018173,-8970,-132.493,83.30938,0,0,0,0,2.7227101,2.7227101,none,true,0,0,0,Stand,24.8883,,,,1,0->0:Exact,NONE
1482,24.715336,0.015344,-8970,-132.493,83.30938,0,0,0,0,2.7227101,2.7227101,none,true,0,0,0,Stand,24.903645,,,,1,0->0:Exact,NONE
1483,24.730681,0.016402,-8970,-132.493,83.30938,0,0,0,0,2.7227101,2.7227101,none,true,0,0,0,Stand,24.920046,,,,1,0->0:Exact,NONE
1484,24.747082,0.016971,-8970,-132.493,83.30938,0,0,0,0,2.7227101,2.7227101,none,true,0,0,0,Stand,24.937017,,,,1,0->0:Exact,NONE
1485,24.764054,0.016496,-8970,-132.493,83.30938,0,0,0,0,2.7227101,2.7227101,none,true,0,0,0,Stand,24.953514,,,,1,0->0:Exact,NONE
1486,24.780550,0.016905,-8970,-132.493,83.30938,0,0,0,0,2.7227101,2.7227101,none,true,0,0,0,Stand,24.970419,,,,1,0->0:Exact,NONE
1487,24.797455,0.016530,-8970,-132.493,83.30938,0,0,0,0,2.7227101,2.7227101,none,true,0,0,0,Stand,24.98695,,,,1,0->0:Exact,NONE
1488,24.813985,0.016441,-8970,-132.493,83.30938,0,0,0,0,2.7227101,2.7227101,none,true,0,0,0,Stand,25.003391,,,,1,0->0:Exact,NONE
1489,24.830426,0.016733,-8970,-132.493,83.30938,0,0,0,0,2.7227101,2.7227101,none,true,0,0,0,Stand,25.020124,,,,1,0->0:Exact,NONE
1490,24.847158,0.016550,-8970,-132.493,83.30938,0,0,0,0,2.7227101,2.7227101,none,true,0,0,0,Stand,25.036674,,,,1,0->0:Exact,NONE
1491,24.863708,0.017016,-8970,-132.493,83.30938,0,0,0,0,2.7227101,2.7227101,none,true,0,0,0,Stand,25.05369,,,,1,0->0:Exact,NONE
1492,24.880724,0.016635,-8970,-132.493,83.30938,0,0,0,0,2.7227101,2.7227101,none,true,0,0,0,Stand,25.070326,,,,1,0->0:Exact,NONE
1493,24.897359,0.017405,-8970,-132.493,83.30938,0,0,0,0,2.7227101,2.7227101,none,true,0,0,0,Stand,25.08773,,,,1,0->0:Exact,NONE
1494,24.914764,0.015790,-8970,-132.493,83.30938,0,0,0,0,2.7227101,2.7227101,none,true,0,0,0,Stand,25.10352,,,,1,0->0:Exact,NONE
1495,24.930553,0.016675,-8970,-132.493,83.30938,0,0,0,0,2.7227101,2.7227101,none,true,0,0,0,Stand,25.120193,,,,1,0->0:Exact,NONE
1496,24.947228,0.016758,-8970,-132.493,83.30938,0,0,0,0,2.7227101,2.7227101,none,true,0,0,0,Stand,25.136951,,,,1,0->0:Exact,NONE
1497,24.963986,0.017150,-8970,-132.493,83.30938,0,0,0,0,2.7227101,2.7227101,none,true,0,0,0,Stand,25.1541,,,,1,0->0:Exact,NONE
1498,24.981136,0.016097,-8970,-132.493,83.30938,0,0,0,0,2.7227101,2.7227101,none,true,0,0,0,Stand,25.170197,,,,1,0->0:Exact,NONE
1499,24.997233,0.016764,-8970,-132.493,83.30938,0,0,0,0,2.7227101,2.7227101,none,true,0,0,0,Stand,25.18696,,,,1,0->0:Exact,NONE
1500,25.013997,0.016678,-8970,-132.493,83.30938,0,0,0,0,2.7227101,2.7227101,none,true,0,0,0,Stand,25.203638,,,,1,0->0:Exact,NONE
1501,25.030675,0.016552,-8970,-132.493,83.30938,0,0,0,0,2.7227101,2.7227101,none,true,0,0,0,Stand,25.22019,,,,1,0->0:Exact,NONE
1502,25.047227,0.017035,-8970,-132.493,83.30938,0,0,0,0,2.7227101,2.7227101,none,true,0,0,0,Stand,25.237225,,,,1,0->0:Exact,NONE
1503,25.064262,0.016723,-8970,-132.493,83.30938,0,0,0,0,2.7227101,2.7227101,none,true,0,0,0,Stand,25.253948,,,,1,0->0:Exact,NONE
1504,25.080985,0.016232,-8970,-132.493,83.30938,0,0,0,0,2.7227101,2.7227101,none,true,0,0,0,Stand,25.27018,,,,1,0->0:Exact,NONE
1505,25.097217,0.017175,-8970,-132.493,83.30938,0,0,0,0,2.7227101,2.7227101,none,true,0,0,0,Stand,25.287355,,,,1,0->0:Exact,NONE
1506,25.114392,0.016984,-8970,-132.493,83.30938,0,0,0,0,2.7227101,2.7227101,none,true,0,0,0,Stand,25.304338,,,,1,0->0:Exact,NONE
1507,25.131376,0.015923,-8970,-132.493,83.30938,0,0,0,0,2.7227101,2.7227101,none,true,0,0,0,Stand,25.320261,,,,1,0->0:Exact,NONE
1508,25.147298,0.017549,-8970,-132.493,83.30938,0,0,0,0,2.7227101,2.7227101,none,true,0,0,0,Stand,25.33781,,,,1,0->0:Exact,NONE
1509,25.164848,0.015994,-8970,-132.493,83.30938,0,0,0,0,2.7227101,2.7227101,none,true,0,0,0,Stand,25.353804,,,,1,0->0:Exact,NONE
1510,25.180841,0.017222,-8970,-132.493,83.30938,0,0,0,0,2.7227101,2.7227101,none,true,0,0,0,Stand,25.371025,,,,1,0->0:Exact,NONE
1511,25.198063,0.017417,-8970,-132.493,83.30938,0,0,0,0,2.7227101,2.7227101,none,true,0,0,0,Stand,25.388441,,,,1,0->0:Exact,NONE
1512,25.215480,0.015456,-8970,-132.493,83.30938,0,0,0,0,2.7227101,2.7227101,none,true,0,0,0,Stand,25.403896,,,,1,0->0:Exact,NONE
1513,25.230936,0.016643,-8970,-132.493,83.30938,0,0,0,0,2.7227101,2.7227101,none,true,0,0,0,Stand,25.42054,,,,1,0->0:Exact,NONE
1514,25.247579,0.017168,-8970,-132.493,83.30938,0,0,0,0,2.7227101,2.7227101,none,true,0,0,0,Stand,25.437708,,,,1,0->0:Exact,NONE
1515,25.264747,0.015985,-8970,-132.493,83.30938,0,0,0,0,2.7227101,2.7227101,none,true,0,0,0,Stand,25.453693,,,,1,0->0:Exact,NONE
1516,25.280731,0.016895,-8970,-132.493,83.30938,0,0,0,0,2.7227101,2.7227101,none,true,0,0,0,Stand,25.470589,,,,1,0->0:Exact,NONE
1517,25.297627,0.016641,-8970,-132.493,83.30938,0,0,0,0,2.7227101,2.7227101,none,true,0,0,0,Stand,25.48723,,,,1,0->0:Exact,NONE
1518,25.314268,0.017425,-8970,-132.493,83.30938,0,0,0,0,2.7227101,2.7227101,none,true,0,0,0,Stand,25.504656,,,,1,0->0:Exact,NONE
1519,25.331693,0.015936,-8970,-132.493,83.30938,0,0,0,0,2.7227101,2.7227101,none,true,0,0,0,Stand,25.520592,,,,1,0->0:Exact,NONE
1520,25.347630,0.017121,-8970,-132.493,83.30938,0,0,0,0,2.7227101,2.7227101,none,true,0,0,0,Stand,25.537714,,,,1,0->0:Exact,NONE
1521,25.364751,0.016338,-8970,-132.493,83.30938,0,0,0,0,2.7227101,2.7227101,none,true,0,0,0,Stand,25.554052,,,,1,0->0:Exact,NONE
1522,25.381089,0.016674,-8970,-132.493,83.30938,0,0,0,0,2.7227101,2.7227101,none,true,0,0,0,Stand,25.570726,,,,1,0->0:Exact,NONE
1523,25.397763,0.017386,-8970,-132.493,83.30938,0,0,0,0,2.7227101,2.7227101,none,true,0,0,0,Stand,25.588112,,,,1,0->0:Exact,NONE
1524,25.415149,0.015797,-8970,-132.493,83.30938,0,0,0,0,2.7227101,2.7227101,none,true,0,0,0,Stand,25.603909,,,,1,0->0:Exact,NONE
1525,25.430946,0.017014,-8970,-132.493,83.30938,0,0,0,0,2.7227101,2.7227101,none,true,0,0,0,Stand,25.620922,,,,1,0->0:Exact,NONE
1526,25.447960,0.016312,-8970,-132.493,83.30938,0,0,0,0,2.7227101,2.7227101,none,true,0,0,0,Stand,25.637234,,,,1,0->0:Exact,NONE
1527,25.464272,0.016886,-8970,-132.493,83.30938,0,0,0,0,2.7227101,2.7227101,none,true,0,0,0,Stand,25.65412,,,,1,0->0:Exact,NONE
1528,25.481158,0.016485,-8970,-132.493,83.30938,0,0,0,0,2.7227101,2.7227101,none,true,0,0,0,Stand,25.670605,,,,1,0->0:Exact,NONE
1529,25.497643,0.016603,-8970,-132.493,83.30938,0,0,0,0,2.7227101,2.7227101,none,true,0,0,0,Stand,25.687208,,,,1,0->0:Exact,NONE
1530,25.514246,0.016681,-8970,-132.493,83.30938,0,0,0,0,2.7227101,2.7227101,none,true,0,0,0,Stand,25.70389,,,,1,0->0:Exact,NONE
1531,25.530928,0.016952,-8970,-132.493,83.30938,0,0,0,0,2.7227101,2.7227101,none,true,0,0,0,Stand,25.720842,,,,1,0->0:Exact,NONE
1532,25.547880,0.016505,-8970,-132.493,83.30938,0,0,0,0,2.7227101,2.7227101,none,true,0,0,0,Stand,25.737347,,,,1,0->0:Exact,NONE
1533,25.564385,0.016821,-8970,-132.493,83.30938,0,0,0,0,2.7227101,2.7227101,none,true,0,0,0,Stand,25.754168,,,,1,0->0:Exact,NONE
1534,25.581206,0.016803,-8970,-132.493,83.30938,0,0,0,0,2.7227101,2.7227101,none,true,0,0,0,Stand,25.770971,,,,1,0->0:Exact,NONE
1535,25.598009,0.016441,-8970,-132.493,83.30938,0,0,0,0,2.7227101,2.7227101,none,true,0,0,0,Stand,25.787413,,,,1,0->0:Exact,NONE
1536,25.614450,0.016654,-8970,-132.493,83.30938,0,0,0,0,2.7227101,2.7227101,none,true,0,0,0,Stand,25.804066,,,,1,0->0:Exact,NONE
1537,25.631104,0.016574,-8970,-132.493,83.30938,0,0,0,0,2.7227101,2.7227101,none,true,0,0,0,Stand,25.82064,,,,1,0->0:Exact,NONE
1538,25.647678,0.016788,-8970,-132.493,83.30938,0,0,0,0,2.7227101,2.7227101,none,true,0,0,0,Stand,25.83743,,,,1,0->0:Exact,NONE
1539,25.664466,0.016730,-8970,-132.493,83.30938,0,0,0,0,2.7227101,2.7227101,none,true,0,0,0,Stand,25.854158,,,,1,0->0:Exact,NONE
1540,25.681196,0.016617,-8970,-132.493,83.30938,0,0,0,0,2.7227101,2.7227101,none,true,0,0,0,Stand,25.870775,,,,1,0->0:Exact,NONE
1541,25.697813,0.018216,-8970,-132.493,83.30938,0,0,0,0,2.7227101,2.7227101,none,true,0,0,0,Stand,25.88899,,,,1,0->0:Exact,NONE
1542,25.716029,0.015251,-8970,-132.493,83.30938,0,0,0,0,2.7227101,2.7227101,none,true,0,0,0,Stand,25.904242,,,,1,0->0:Exact,NONE
1543,25.731279,0.016730,-8970,-132.493,83.30938,0,0,0,0,2.7227101,2.7227101,none,true,0,0,0,Stand,25.92097,,,,1,0->0:Exact,NONE
1544,25.748009,0.016543,-8970,-132.493,83.30938,0,0,0,0,2.7227101,2.7227101,none,true,0,0,0,Stand,25.937513,,,,1,0->0:Exact,NONE
1545,25.764551,0.016516,-8970,-132.493,83.30938,0,0,0,0,2.7227101,2.7227101,none,true,0,0,0,Stand,25.95403,,,,1,0->0:Exact,NONE
1546,25.781068,0.016772,-8970,-132.493,83.30938,0,0,0,0,2.7227101,2.7227101,none,true,0,0,0,Stand,25.9708,,,,1,0->0:Exact,NONE
1547,25.797840,0.016706,-8970,-132.493,83.30938,0,0,0,0,2.7227101,2.7227101,none,true,0,0,0,Stand,25.987507,,,,1,0->0:Exact,NONE
1548,25.814546,0.016987,-8970,-132.493,83.30938,0,0,0,0,2.7227101,2.7227101,none,true,0,0,0,Stand,26.004494,,,,1,0->0:Exact,NONE
1549,25.831533,0.016399,-8970,-132.493,83.30938,0,0,0,0,2.7227101,2.7227101,none,true,0,0,0,Stand,26.020893,,,,1,0->0:Exact,NONE
1550,25.847932,0.017009,-8970,-132.493,83.30938,0,0,0,0,2.7227101,2.7227101,none,true,0,0,0,Stand,26.037903,,,,1,0->0:Exact,NONE
1551,25.864941,0.016378,-8970,-132.493,83.30938,0,0,0,0,2.7227101,2.7227101,none,true,0,0,0,Stand,26.054281,,,,1,0->0:Exact,NONE
1552,25.881319,0.016610,-8970,-132.493,83.30938,0,0,0,0,2.7227101,2.7227101,none,true,0,0,0,Stand,26.07089,,,,1,0->0:Exact,NONE
1553,25.897928,0.017571,-8970,-132.493,83.30938,0,0,0,0,2.7227101,2.7227101,none,true,0,0,0,Stand,26.088463,,,,1,0->0:Exact,NONE
1554,25.915500,0.015918,-8970,-132.493,83.30938,0,0,0,0,2.7227101,2.7227101,none,true,0,0,0,Stand,26.104382,,,,1,0->0:Exact,NONE
1555,25.931418,0.016700,-8970,-132.493,83.30938,0,0,0,0,2.7227101,2.7227101,none,true,0,0,0,Stand,26.121082,,,,1,0->0:Exact,NONE
1556,25.948119,0.016523,-8970,-132.493,83.30938,0,0,0,0,2.7227101,2.7227101,none,true,0,0,0,Stand,26.137606,,,,1,0->0:Exact,NONE
1557,25.964642,0.016769,-8970,-132.493,83.30938,0,0,0,0,2.7227101,2.7227101,none,true,0,0,0,Stand,26.154375,,,,1,0->0:Exact,NONE
1558,25.981410,0.016902,-8970,-132.493,83.30938,0,0,0,0,2.7227101,2.7227101,none,true,0,0,0,Stand,26.171276,,,,1,0->0:Exact,NONE
1559,25.998312,0.016303,-8970,-132.493,83.30938,0,0,0,0,2.7227101,2.7227101,none,true,0,0,0,Stand,26.18758,,,,1,0->0:Exact,NONE
1560,26.014615,0.016880,-8970,-132.493,83.30938,0,0,0,0,2.7227101,2.7227101,none,true,0,0,0,Stand,26.20446,,,,1,0->0:Exact,NONE
1561,26.031495,0.016646,-8970,-132.493,83.30938,0,0,0,0,2.7227101,2.7227101,none,true,0,0,0,Stand,26.221106,,,,1,0->0:Exact,NONE
1562,26.048141,0.016629,-8970,-132.493,83.30938,0,0,0,0,2.7227101,2.7227101,none,true,0,0,0,Stand,26.237736,,,,1,0->0:Exact,NONE
1563,26.064771,0.016645,-8970,-132.493,83.30938,0,0,0,0,2.7227101,2.7227101,none,true,0,0,0,Stand,26.254381,,,,1,0->0:Exact,NONE
1564,26.081416,0.016709,-8970,-132.493,83.30938,0,0,0,0,2.7227101,2.7227101,none,true,0,0,0,Stand,26.27109,,,,1,0->0:Exact,NONE
1565,26.098125,0.017431,-8970,-132.493,83.30938,0,0,0,0,2.7227101,2.7227101,none,true,0,0,0,Stand,26.28852,,,,1,0->0:Exact,NONE
1566,26.115556,0.015915,-8970,-132.493,83.30938,0,0,0,0,2.7227101,2.7227101,none,true,0,0,0,Stand,26.304436,,,,1,0->0:Exact,NONE
1567,26.131471,0.016678,-8970,-132.493,83.30938,0,0,0,0,2.7227101,2.7227101,none,true,0,0,0,Stand,26.321114,,,,1,0->0:Exact,NONE
1568,26.148149,0.016755,-8970,-132.493,83.30938,0,0,0,0,2.7227101,2.7227101,none,true,0,0,0,Stand,26.33787,,,,1,0->0:Exact,NONE
1569,26.164905,0.017321,-8970,-132.493,83.30938,0,0,0,0,2.7227101,2.7227101,none,true,0,0,0,Stand,26.35519,,,,1,0->0:Exact,NONE
1570,26.182226,0.016470,-8970,-132.493,83.30938,0,0,0,0,2.7227101,2.7227101,none,true,0,0,0,Stand,26.37166,,,,1,0->0:Exact,NONE
1571,26.198696,0.017654,-8970,-132.493,83.30938,0,0,0,0,2.7227101,2.7227101,none,true,0,0,0,Stand,26.389315,,,,1,0->0:Exact,NONE
1572,26.216350,0.015534,-8970,-132.493,83.30938,0,0,0,0,2.7227101,2.7227101,none,true,0,0,0,Stand,26.404848,,,,1,0->0:Exact,NONE
1573,26.231884,0.016200,-8970,-132.493,83.30938,0,0,0,0,2.7227101,2.7227101,none,true,0,0,0,Stand,26.42105,,,,1,0->0:Exact,NONE
1574,26.248085,0.017125,-8970,-132.493,83.30938,0,0,0,0,2.7227101,2.7227101,none,true,0,0,0,Stand,26.438175,,,,1,0->0:Exact,NONE
1575,26.265210,0.016702,-8970,-132.493,83.30938,0,0,0,0,2.7227101,2.7227101,none,true,0,0,0,Stand,26.454878,,,,1,0->0:Exact,NONE
1576,26.281911,0.016395,-8970,-132.493,83.30938,0,0,0,0,2.7227101,2.7227101,none,true,0,0,0,Stand,26.471272,,,,1,0->0:Exact,NONE
1577,26.298306,0.016708,-8970,-132.493,83.30938,0,0,0,0,2.7227101,2.7227101,none,true,0,0,0,Stand,26.48798,,,,1,0->0:Exact,NONE
1578,26.315014,0.016692,-8970,-132.493,83.30938,0,0,0,0,2.7227101,2.7227101,none,true,0,0,0,Stand,26.504673,,,,1,0->0:Exact,NONE
1579,26.331706,0.016531,-8970,-132.493,83.30938,0,0,0,0,2.7227101,2.7227101,none,true,0,0,0,Stand,26.521204,,,,1,0->0:Exact,NONE
1580,26.348237,0.016842,-8970,-132.493,83.30938,0,0,0,0,2.7227101,2.7227101,none,true,0,0,0,Stand,26.538046,,,,1,0->0:Exact,NONE
1581,26.365079,0.016636,-8970,-132.493,83.30938,0,0,0,0,2.7227101,2.7227101,none,true,0,0,0,Stand,26.554682,,,,1,0->0:Exact,NONE
1582,26.381715,0.016585,-8970,-132.493,83.30938,0,0,0,0,2.7227101,2.7227101,none,true,0,0,0,Stand,26.571266,,,,1,0->0:Exact,NONE
1583,26.398300,0.017947,-8970,-132.493,83.30938,0,0,0,0,2.7227101,2.7227101,none,true,0,0,0,Stand,26.589212,,,,1,0->0:Exact,NONE
1584,26.416246,0.015455,-8970,-132.493,83.30938,0,0,0,0,2.7227101,2.7227101,none,true,0,0,0,Stand,26.604668,,,,1,0->0:Exact,NONE
1585,26.431702,0.016731,-8970,-132.493,83.30938,0,0,0,0,2.7227101,2.7227101,none,true,0,0,0,Stand,26.621399,,,,1,0->0:Exact,NONE
1586,26.448433,0.016751,-8970,-132.493,83.30938,0,0,0,0,2.7227101,2.7227101,none,true,0,0,0,Stand,26.63815,,,,1,0->0:Exact,NONE
1587,26.465184,0.016595,-8970,-132.493,83.30938,0,0,0,0,2.7227101,2.7227101,none,true,0,0,0,Stand,26.654745,,,,1,0->0:Exact,NONE
1588,26.481779,0.016811,-8970,-132.493,83.30938,0,0,0,0,2.7227101,2.7227101,none,true,0,0,0,Stand,26.671556,,,,1,0->0:Exact,NONE
1589,26.498590,0.016450,-8970,-132.493,83.30938,0,0,0,0,2.7227101,2.7227101,none,true,0,0,0,Stand,26.688005,,,,1,0->0:Exact,NONE
1590,26.515040,0.016814,-8970,-132.493,83.30938,0,0,0,0,2.7227101,2.7227101,none,true,0,0,0,Stand,26.704819,,,,1,0->0:Exact,NONE
1591,26.531854,0.016596,-8970,-132.493,83.30938,0,0,0,0,2.7227101,2.7227101,none,true,0,0,0,Stand,26.721415,,,,1,0->0:Exact,NONE
1592,26.548449,0.016773,-8970,-132.493,83.30938,0,0,0,0,2.7227101,2.7227101,none,true,0,0,0,Stand,26.738188,,,,1,0->0:Exact,NONE
1593,26.565222,0.016758,-8970,-132.493,83.30938,0,0,0,0,2.7227101,2.7227101,none,true,0,0,0,Stand,26.754946,,,,1,0->0:Exact,NONE
1594,26.581980,0.017139,-8970,-132.493,83.30938,0,0,0,0,2.7227101,2.7227101,none,true,0,0,0,Stand,26.772085,,,,1,0->0:Exact,NONE
1595,26.599119,0.016200,-8970,-132.493,83.30938,0,0,0,0,2.7227101,2.7227101,none,true,0,0,0,Stand,26.788284,,,,1,0->0:Exact,NONE
1596,26.615318,0.016816,-8970,-132.493,83.30938,0,0,0,0,2.7227101,2.7227101,none,true,0,0,0,Stand,26.8051,,,,1,0->0:Exact,NONE
1597,26.632134,0.016499,-8970,-132.493,83.30938,0,0,0,0,2.7227101,2.7227101,none,true,0,0,0,Stand,26.821598,,,,1,0->0:Exact,NONE
1598,26.648632,0.016703,-8970,-132.493,83.30938,0,0,0,0,2.7227101,2.7227101,none,true,0,0,0,Stand,26.8383,,,,1,0->0:Exact,NONE
1599,26.665336,0.016569,-8970,-132.493,83.30938,0,0,0,0,2.7227101,2.7227101,none,true,0,0,0,Stand,26.85487,,,,1,0->0:Exact,NONE
1600,26.681905,0.017127,-8970,-132.493,83.30938,0,0,0,0,2.7227101,2.7227101,none,true,0,0,0,Stand,26.871998,,,,1,0->0:Exact,NONE
1601,26.699032,0.017775,-8970,-132.493,83.30938,0,0,0,0,2.7227101,2.7227101,none,true,0,0,0,Stand,26.889772,,,,1,0->0:Exact,NONE
1602,26.716807,0.015241,-8970,-132.493,83.30938,0,0,0,0,2.7227101,2.7227101,none,true,0,0,0,Stand,26.905014,,,,1,0->0:Exact,NONE
1603,26.732048,0.016880,-8970,-132.493,83.30938,0,0,0,0,2.7227101,2.7227101,none,true,0,0,0,Stand,26.921894,,,,1,0->0:Exact,NONE
1604,26.748928,0.016695,-8970,-132.493,83.30938,0,0,0,0,2.7227101,2.7227101,none,true,0,0,0,Stand,26.93859,,,,1,0->0:Exact,NONE
1605,26.765622,0.016362,-8970,-132.493,83.30938,0,0,0,0,2.7227101,2.7227101,none,true,0,0,0,Stand,26.95495,,,,1,0->0:Exact,NONE
1606,26.781984,0.016835,-8970,-132.493,83.30938,0,0,0,0,2.7227101,2.7227101,none,true,0,0,0,Stand,26.971785,,,,1,0->0:Exact,NONE
1607,26.798819,0.016650,-8970,-132.493,83.30938,0,0,0,0,2.7227101,2.7227101,none,true,0,0,0,Stand,26.988434,,,,1,0->0:Exact,NONE
1608,26.815469,0.016627,-8970,-132.493,83.30938,0,0,0,0,2.7227101,2.7227101,none,true,0,0,0,Stand,27.00506,,,,1,0->0:Exact,NONE
1609,26.832096,0.016684,-8970,-132.493,83.30938,0,0,0,0,2.7227101,2.7227101,none,true,0,0,0,Stand,27.021744,,,,1,0->0:Exact,NONE
1610,26.848780,0.016914,-8970,-132.493,83.30938,0,0,0,0,2.7227101,2.7227101,none,true,0,0,0,Stand,27.038658,,,,1,0->0:Exact,NONE
1611,26.865694,0.016688,-8970,-132.493,83.30938,0,0,0,0,2.7227101,2.7227101,none,true,0,0,0,Stand,27.055346,,,,1,0->0:Exact,NONE
1612,26.882382,0.016781,-8970,-132.493,83.30938,0,0,0,0,2.7227101,2.7227101,none,true,0,0,0,Stand,27.072126,,,,1,0->0:Exact,NONE
1613,26.899163,0.017274,-8970,-132.493,83.30938,0,0,0,0,2.7227101,2.7227101,none,true,0,0,0,Stand,27.089401,,,,1,0->0:Exact,NONE
1614,26.916437,0.015925,-8970,-132.493,83.30938,0,0,0,0,2.7227101,2.7227101,none,true,0,0,0,Stand,27.105326,,,,1,0->0:Exact,NONE
1615,26.932362,0.016412,-8970,-132.493,83.30938,0,0,0,0,2.7227101,2.7227101,none,true,0,0,0,Stand,27.121737,,,,1,0->0:Exact,NONE
1616,26.948774,0.016973,-8970,-132.493,83.30938,0,0,0,0,2.7227101,2.7227101,none,true,0,0,0,Stand,27.13871,,,,1,0->0:Exact,NONE
1617,26.965747,0.016423,-8970,-132.493,83.30938,0,0,0,0,2.7227101,2.7227101,none,true,0,0,0,Stand,27.155134,,,,1,0->0:Exact,NONE
1618,26.982170,0.016732,-8970,-132.493,83.30938,0,0,0,0,2.7227101,2.7227101,none,true,0,0,0,Stand,27.171865,,,,1,0->0:Exact,NONE
1619,26.998902,0.016617,-8970,-132.493,83.30938,0,0,0,0,2.7227101,2.7227101,none,true,0,0,0,Stand,27.188482,,,,1,0->0:Exact,NONE
1620,27.015519,0.016667,-8970,-132.493,83.30938,0,0,0,0,2.7227101,2.7227101,none,true,0,0,0,Stand,27.205149,,,,1,0->0:Exact,NONE
1621,27.032186,0.016842,-8970,-132.493,83.30938,0,0,0,0,2.7227101,2.7227101,none,true,0,0,0,Stand,27.22199,,,,1,0->0:Exact,NONE
1622,27.049029,0.016505,-8970,-132.493,83.30938,0,0,0,0,2.7227101,2.7227101,none,true,0,0,0,Stand,27.238495,,,,1,0->0:Exact,NONE
1623,27.065534,0.016920,-8970,-132.493,83.30938,0,0,0,0,2.7227101,2.7227101,none,true,0,0,0,Stand,27.255415,,,,1,0->0:Exact,NONE
1624,27.082454,0.016511,-8970,-132.493,83.30938,0,0,0,0,2.7227101,2.7227101,none,true,0,0,0,Stand,27.271927,,,,1,0->0:Exact,NONE
1625,27.098965,0.016581,-8970,-132.493,83.30938,0,0,0,0,2.7227101,2.7227101,none,true,0,0,0,Stand,27.288507,,,,1,0->0:Exact,NONE
1626,27.115545,0.016684,-8970,-132.493,83.30938,0,0,0,0,2.7227101,2.7227101,none,true,0,0,0,Stand,27.305191,,,,1,0->0:Exact,NONE
1627,27.132229,0.016933,-8970,-132.493,83.30938,0,0,0,0,2.7227101,2.7227101,none,true,0,0,0,Stand,27.322124,,,,1,0->0:Exact,NONE
1628,27.149162,0.016516,-8970,-132.493,83.30938,0,0,0,0,2.7227101,2.7227101,none,true,0,0,0,Stand,27.33864,,,,1,0->0:Exact,NONE
1629,27.165678,0.016885,-8970,-132.493,83.30938,0,0,0,0,2.7227101,2.7227101,none,true,0,0,0,Stand,27.355524,,,,1,0->0:Exact,NONE
1630,27.182562,0.016879,-8970,-132.493,83.30938,0,0,0,0,2.7227101,2.7227101,none,true,0,0,0,Stand,27.372404,,,,1,0->0:Exact,NONE
1631,27.199442,0.017744,-8970,-132.493,83.30938,0,0,0,0,2.7227101,2.7227101,none,true,0,0,0,Stand,27.390148,,,,1,0->0:Exact,NONE
1632,27.217185,0.015129,-8970,-132.493,83.30938,0,0,0,0,2.7227101,2.7227101,none,true,0,0,0,Stand,27.405277,,,,1,0->0:Exact,NONE
1633,27.232314,0.016872,-8970,-132.493,83.30938,0,0,0,0,2.7227101,2.7227101,none,true,0,0,0,Stand,27.42215,,,,1,0->0:Exact,NONE
1634,27.249186,0.016498,-8970,-132.493,83.30938,0,0,0,0,2.7227101,2.7227101,none,true,0,0,0,Stand,27.438648,,,,1,0->0:Exact,NONE
1635,27.265685,0.016979,-8970,-132.493,83.30938,0,0,0,0,2.7227101,2.7227101,none,true,0,0,0,Stand,27.455627,,,,1,0->0:Exact,NONE
1636,27.282664,0.016600,-8970,-132.493,83.30938,0,0,0,0,2.7227101,2.7227101,none,true,0,0,0,Stand,27.472227,,,,1,0->0:Exact,NONE
1637,27.299264,0.016535,-8970,-132.493,83.30938,0,0,0,0,2.7227101,2.7227101,none,true,0,0,0,Stand,27.488762,,,,1,0->0:Exact,NONE
1638,27.315799,0.016864,-8970,-132.493,83.30938,0,0,0,0,2.7227101,2.7227101,none,true,0,0,0,Stand,27.505627,,,,1,0->0:Exact,NONE
1639,27.332663,0.016622,-8970,-132.493,83.30938,0,0,0,0,2.7227101,2.7227101,none,true,0,0,0,Stand,27.522247,,,,1,0->0:Exact,NONE
1640,27.349284,0.016825,-8970,-132.493,83.30938,0,0,0,0,2.7227101,2.7227101,none,true,0,0,0,Stand,27.539072,,,,1,0->0:Exact,NONE
1641,27.366110,0.016718,-8970,-132.493,83.30938,0,0,0,0,2.7227101,2.7227101,none,true,0,0,0,Stand,27.55579,,,,1,0->0:Exact,NONE
1642,27.382828,0.016444,-8970,-132.493,83.30938,0,0,0,0,2.7227101,2.7227101,none,true,0,0,0,Stand,27.572233,,,,1,0->0:Exact,NONE
1643,27.399272,0.017359,-8970,-132.493,83.30938,0,0,0,0,2.7227101,2.7227101,none,true,0,0,0,Stand,27.589592,,,,1,0->0:Exact,NONE
1644,27.416630,0.016122,-8970,-132.493,83.30938,0,0,0,0,2.7227101,2.7227101,none,true,0,0,0,Stand,27.605713,,,,1,0->0:Exact,NONE
1645,27.432752,0.016528,-8970,-132.493,83.30938,0,0,0,0,2.7227101,2.7227101,none,true,0,0,0,Stand,27.62224,,,,1,0->0:Exact,NONE
1646,27.449280,0.016661,-8970,-132.493,83.30938,0,0,0,0,2.7227101,2.7227101,none,true,0,0,0,Stand,27.6389,,,,1,0->0:Exact,NONE
1647,27.465941,0.016597,-8970,-132.493,83.30938,0,0,0,0,2.7227101,2.7227101,none,true,0,0,0,Stand,27.655499,,,,1,0->0:Exact,NONE
1648,27.482538,0.016758,-8970,-132.493,83.30938,0,0,0,0,2.7227101,2.7227101,none,true,0,0,0,Stand,27.672256,,,,1,0->0:Exact,NONE
1649,27.499296,0.016594,-8970,-132.493,83.30938,0,0,0,0,2.7227101,2.7227101,none,true,0,0,0,Stand,27.68885,,,,1,0->0:Exact,NONE
1650,27.515890,0.016726,-8970,-132.493,83.30938,0,0,0,0,2.7227101,2.7227101,none,true,0,0,0,Stand,27.705576,,,,1,0->0:Exact,NONE
1651,27.532616,0.016786,-8970,-132.493,83.30938,0,0,0,0,2.7227101,2.7227101,none,true,0,0,0,Stand,27.722363,,,,1,0->0:Exact,NONE
1652,27.549401,0.016574,-8970,-132.493,83.30938,0,0,0,0,2.7227101,2.7227101,none,true,0,0,0,Stand,27.738935,,,,1,0->0:Exact,NONE
1653,27.565975,0.016659,-8970,-132.493,83.30938,0,0,0,0,2.7227101,2.7227101,none,true,0,0,0,Stand,27.755594,,,,1,0->0:Exact,NONE
1654,27.582634,0.016746,-8970,-132.493,83.30938,0,0,0,0,2.7227101,2.7227101,none,true,0,0,0,Stand,27.77234,,,,1,0->0:Exact,NONE
1655,27.599380,0.016652,-8970,-132.493,83.30938,0,0,0,0,2.7227101,2.7227101,none,true,0,0,0,Stand,27.788992,,,,1,0->0:Exact,NONE
1656,27.616032,0.016690,-8970,-132.493,83.30938,0,0,0,0,2.7227101,2.7227101,none,true,0,0,0,Stand,27.805681,,,,1,0->0:Exact,NONE
1657,27.632722,0.016664,-8970,-132.493,83.30938,0,0,0,0,2.7227101,2.7227101,none,true,0,0,0,Stand,27.822346,,,,1,0->0:Exact,NONE
1658,27.649386,0.016784,-8970,-132.493,83.30938,0,0,0,0,2.7227101,2.7227101,none,true,0,0,0,Stand,27.83913,,,,1,0->0:Exact,NONE
1659,27.666170,0.016679,-8970,-132.493,83.30938,0,0,0,0,2.7227101,2.7227101,none,true,0,0,0,Stand,27.85581,,,,1,0->0:Exact,NONE
1660,27.682849,0.016756,-8970,-132.493,83.30938,0,0,0,0,2.7227101,2.7227101,none,true,0,0,0,Stand,27.872566,,,,1,0->0:Exact,NONE
1661,27.699605,0.017996,-8970,-132.493,83.30938,0,0,0,0,2.7227101,2.7227101,none,true,0,0,0,Stand,27.890562,,,,1,0->0:Exact,NONE
1662,27.717601,0.015313,-8970,-132.493,83.30938,0,0,0,0,2.7227101,2.7227101,none,true,0,0,0,Stand,27.905874,,,,1,0->0:Exact,NONE
1663,27.732914,0.016967,-8970,-132.493,83.30938,0,0,0,0,2.7227101,2.7227101,none,true,0,0,0,Stand,27.922842,,,,1,0->0:Exact,NONE
1664,27.749882,0.016376,-8970,-132.493,83.30938,0,0,0,0,2.7227101,2.7227101,none,true,0,0,0,Stand,27.939219,,,,1,0->0:Exact,NONE
1665,27.766258,0.016834,-8970,-132.493,83.30938,0,0,0,0,2.7227101,2.7227101,none,true,0,0,0,Stand,27.956053,,,,1,0->0:Exact,NONE
1666,27.783092,0.016847,-8970,-132.493,83.30938,0,0,0,0,2.7227101,2.7227101,none,true,0,0,0,Stand,27.9729,,,,1,0->0:Exact,NONE
1667,27.799939,0.016358,-8970,-132.493,83.30938,0,0,0,0,2.7227101,2.7227101,none,true,0,0,0,Stand,27.989258,,,,1,0->0:Exact,NONE
1668,27.816297,0.016738,-8970,-132.493,83.30938,0,0,0,0,2.7227101,2.7227101,none,true,0,0,0,Stand,28.005997,,,,1,0->0:Exact,NONE
1669,27.833035,0.016539,-8970,-132.493,83.30938,0,0,0,0,2.7227101,2.7227101,none,true,0,0,0,Stand,28.022535,,,,1,0->0:Exact,NONE
1670,27.849574,0.016653,-8970,-132.493,83.30938,0,0,0,0,2.7227101,2.7227101,none,true,0,0,0,Stand,28.039188,,,,1,0->0:Exact,NONE
1671,27.866227,0.016694,-8970,-132.493,83.30938,0,0,0,0,2.7227101,2.7227101,none,true,0,0,0,Stand,28.055883,,,,1,0->0:Exact,NONE
1672,27.882921,0.016880,-8970,-132.493,83.30938,0,0,0,0,2.7227101,2.7227101,none,true,0,0,0,Stand,28.072763,,,,1,0->0:Exact,NONE
1673,27.899801,0.017245,-8970,-132.493,83.30938,0,0,0,0,2.7227101,2.7227101,none,true,0,0,0,Stand,28.09001,,,,1,0->0:Exact,NONE
1674,27.917047,0.015957,-8970,-132.493,83.30938,0,0,0,0,2.7227101,2.7227101,none,true,0,0,0,Stand,28.105967,,,,1,0->0:Exact,NONE
1675,27.933004,0.016671,-8970,-132.493,83.30938,0,0,0,0,2.7227101,2.7227101,none,true,0,0,0,Stand,28.122639,,,,1,0->0:Exact,NONE
1676,27.949676,0.016881,-8970,-132.493,83.30938,0,0,0,0,2.7227101,2.7227101,none,true,0,0,0,Stand,28.13952,,,,1,0->0:Exact,NONE
1677,27.966557,0.016440,-8970,-132.493,83.30938,0,0,0,0,2.7227101,2.7227101,none,true,0,0,0,Stand,28.155962,,,,1,0->0:Exact,NONE
1678,27.982997,0.016778,-8970,-132.493,83.30938,0,0,0,0,2.7227101,2.7227101,none,true,0,0,0,Stand,28.172739,,,,1,0->0:Exact,NONE
1679,27.999775,0.016530,-8970,-132.493,83.30938,0,0,0,0,2.7227101,2.7227101,none,true,0,0,0,Stand,28.18927,,,,1,0->0:Exact,NONE
1680,28.016305,0.016700,-8970,-132.493,83.30938,0,0,0,0,2.7227101,2.7227101,none,true,0,0,0,Stand,28.20597,,,,1,0->0:Exact,NONE
1681,28.033006,0.016864,-8970,-132.493,83.30938,0,0,0,0,2.7227101,2.7227101,none,true,0,0,0,Stand,28.222836,,,,1,0->0:Exact,NONE
1682,28.049870,0.017301,-8970,-132.493,83.30938,0,0,0,0,2.7227101,2.7227101,none,true,0,0,0,Stand,28.240137,,,,1,0->0:Exact,NONE
1683,28.067171,0.015975,-8970,-132.493,83.30938,0,0,0,0,2.7227101,2.7227101,none,true,0,0,0,Stand,28.256113,,,,1,0->0:Exact,NONE
1684,28.083146,0.016628,-8970,-132.493,83.30938,0,0,0,0,2.7227101,2.7227101,none,true,0,0,0,Stand,28.272741,,,,1,0->0:Exact,NONE
1685,28.099774,0.016955,-8970,-132.493,83.30938,0,0,0,0,2.7227101,2.7227101,none,true,0,0,0,Stand,28.289696,,,,1,0->0:Exact,NONE
1686,28.116730,0.016753,-8970,-132.493,83.30938,0,0,0,0,2.7227101,2.7227101,none,true,0,0,0,Stand,28.306448,,,,1,0->0:Exact,NONE
1687,28.133482,0.016556,-8970,-132.493,83.30938,0,0,0,0,2.7227101,2.7227101,none,true,0,0,0,Stand,28.323004,,,,1,0->0:Exact,NONE
1688,28.150038,0.016501,-8970,-132.493,83.30938,0,0,0,0,2.7227101,2.7227101,none,true,0,0,0,Stand,28.339504,,,,1,0->0:Exact,NONE
1689,28.166539,0.016734,-8970,-132.493,83.30938,0,0,0,0,2.7227101,2.7227101,none,true,0,0,0,Stand,28.35624,,,,1,0->0:Exact,NONE
1690,28.183273,0.017405,-8970,-132.493,83.30938,0,0,0,0,2.7227101,2.7227101,none,true,0,0,0,Stand,28.373644,,,,1,0->0:Exact,NONE
1691,28.200678,0.019571,-8970,-132.493,83.30938,0,0,0,0,2.7227101,2.7227101,none,true,0,0,0,Stand,28.393215,,,,1,0->0:Exact,NONE
1692,28.220249,0.013185,-8970,-132.493,83.30938,0,0,0,0,2.7227101,2.7227101,none,true,0,0,0,Stand,28.4064,,,,1,0->0:Exact,NONE
1693,28.233434,0.016815,-8970,-132.493,83.30938,0,0,0,0,2.7227101,2.7227101,none,true,0,0,0,Stand,28.423216,,,,1,0->0:Exact,NONE
1694,28.250248,0.016625,-8970,-132.493,83.30938,0,0,0,0,2.7227101,2.7227101,none,true,0,0,0,Stand,28.43984,,,,1,0->0:Exact,NONE
1695,28.266873,0.016395,-8970,-132.493,83.30938,0,0,0,0,2.7227101,2.7227101,none,true,0,0,0,Stand,28.456236,,,,1,0->0:Exact,NONE
1696,28.283269,0.016986,-8970,-132.493,83.30938,0,0,0,0,2.7227101,2.7227101,none,true,0,0,0,Stand,28.473223,,,,1,0->0:Exact,NONE
1697,28.300255,0.016400,-8970,-132.493,83.30938,0,0,0,0,2.7227101,2.7227101,none,true,0,0,0,Stand,28.489622,,,,1,0->0:Exact,NONE
1698,28.316655,0.016944,-8970,-132.493,83.30938,0,0,0,0,2.7227101,2.7227101,none,true,0,0,0,Stand,28.506565,,,,1,0->0:Exact,NONE
1699,28.333599,0.016618,-8970,-132.493,83.30938,0,0,0,0,2.7227101,2.7227101,none,true,0,0,0,Stand,28.523184,,,,1,0->0:Exact,NONE
1700,28.350217,0.016511,-8970,-132.493,83.30938,0,0,0,0,2.7227101,2.7227101,none,true,0,0,0,Stand,28.539696,,,,1,0->0:Exact,NONE
1701,28.366728,0.016616,-8970,-132.493,83.30938,0,0,0,0,2.7227101,2.7227101,none,true,0,0,0,Stand,28.556313,,,,1,0->0:Exact,NONE
1702,28.383344,0.016629,-8970,-132.493,83.30938,0,0,0,0,2.7227101,2.7227101,none,true,0,0,0,Stand,28.572943,,,,1,0->0:Exact,NONE
1703,28.399974,0.017531,-8970,-132.493,83.30938,0,0,0,0,2.7227101,2.7227101,none,true,0,0,0,Stand,28.590473,,,,1,0->0:Exact,NONE
1704,28.417505,0.015927,-8970,-132.493,83.30938,0,0,0,0,2.7227101,2.7227101,none,true,0,0,0,Stand,28.6064,,,,1,0->0:Exact,NONE
1705,28.433431,0.016749,-8970,-132.493,83.30938,0,0,0,0,2.7227101,2.7227101,none,true,0,0,0,Stand,28.623148,,,,1,0->0:Exact,NONE
1706,28.450180,0.016786,-8970,-132.493,83.30938,0,0,0,0,2.7227101,2.7227101,none,true,0,0,0,Stand,28.639935,,,,1,0->0:Exact,NONE
1707,28.466966,0.016437,-8970,-132.493,83.30938,0,0,0,0,2.7227101,2.7227101,none,true,0,0,0,Stand,28.656372,,,,1,0->0:Exact,NONE
1708,28.483403,0.016773,-8970,-132.493,83.30938,0,0,0,0,2.7227101,2.7227101,none,true,0,0,0,Stand,28.673145,,,,1,0->0:Exact,NONE
1709,28.500176,0.016483,-8970,-132.493,83.30938,0,0,0,0,2.7227101,2.7227101,none,true,0,0,0,Stand,28.689629,,,,1,0->0:Exact,NONE
1710,28.516659,0.016806,-8970,-132.493,83.30938,0,0,0,0,2.7227101,2.7227101,none,true,0,0,0,Stand,28.706434,,,,1,0->0:Exact,NONE
1711,28.533465,0.016627,-8970,-132.493,83.30938,0,0,0,0,2.7227101,2.7227101,none,true,0,0,0,Stand,28.72306,,,,1,0->0:Exact,NONE
1712,28.550092,0.016755,-8970,-132.493,83.30938,0,0,0,0,2.7227101,2.7227101,none,true,0,0,0,Stand,28.739817,,,,1,0->0:Exact,NONE
1713,28.566847,0.016584,-8970,-132.493,83.30938,0,0,0,0,2.7227101,2.7227101,none,true,0,0,0,Stand,28.756401,,,,1,0->0:Exact,NONE
1714,28.583431,0.016689,-8970,-132.493,83.30938,0,0,0,0,2.7227101,2.7227101,none,true,0,0,0,Stand,28.77309,,,,1,0->0:Exact,NONE
1715,28.600120,0.016647,-8970,-132.493,83.30938,0,0,0,0,2.7227101,2.7227101,none,true,0,0,0,Stand,28.789738,,,,1,0->0:Exact,NONE
1716,28.616767,0.016557,-8970,-132.493,83.30938,0,0,0,0,2.7227101,2.7227101,none,true,0,0,0,Stand,28.806295,,,,1,0->0:Exact,NONE
1717,28.633324,0.017100,-8970,-132.493,83.30938,0,0,0,0,2.7227101,2.7227101,none,true,0,0,0,Stand,28.823395,,,,1,0->0:Exact,NONE
1718,28.650425,0.016432,-8970,-132.493,83.30938,0,0,0,0,2.7227101,2.7227101,none,true,0,0,0,Stand,28.839827,,,,1,0->0:Exact,NONE
1719,28.666856,0.017036,-8970,-132.493,83.30938,0,0,0,0,2.7227101,2.7227101,none,true,0,0,0,Stand,28.856863,,,,1,0->0:Exact,NONE
1720,28.683893,0.016636,-8970,-132.493,83.30938,0,0,0,0,2.7227101,2.7227101,none,true,0,0,0,Stand,28.873499,,,,1,0->0:Exact,NONE
1721,28.700528,0.017721,-8970,-132.493,83.30938,0,0,0,0,2.7227101,2.7227101,none,true,0,0,0,Stand,28.89122,,,,1,0->0:Exact,NONE
1722,28.718249,0.015243,-8970,-132.493,83.30938,0,0,0,0,2.7227101,2.7227101,none,true,0,0,0,Stand,28.906464,,,,1,0->0:Exact,NONE
1723,28.733492,0.016747,-8970,-132.493,83.30938,0,0,0,0,2.7227101,2.7227101,none,true,0,0,0,Stand,28.92321,,,,1,0->0:Exact,NONE
1724,28.750239,0.016778,-8970,-132.493,83.30938,0,0,0,0,2.7227101,2.7227101,none,true,0,0,0,Stand,28.939987,,,,1,0->0:Exact,NONE
1725,28.767017,0.016571,-8970,-132.493,83.30938,0,0,0,0,2.7227101,2.7227101,none,true,0,0,0,Stand,28.956558,,,,1,0->0:Exact,NONE
1726,28.783588,0.016858,-8970,-132.493,83.30938,0,0,0,0,2.7227101,2.7227101,none,true,0,0,0,Stand,28.973415,,,,1,0->0:Exact,NONE
1727,28.800446,0.016872,-8970,-132.493,83.30938,0,0,0,0,2.7227101,2.7227101,none,true,0,0,0,Stand,28.990288,,,,1,0->0:Exact,NONE
1728,28.817319,0.016431,-8970,-132.493,83.30938,0,0,0,0,2.7227101,2.7227101,none,true,0,0,0,Stand,29.00672,,,,1,0->0:Exact,NONE
1729,28.833750,0.016782,-8970,-132.493,83.30938,0,0,0,0,2.7227101,2.7227101,none,true,0,0,0,Stand,29.023502,,,,1,0->0:Exact,NONE
1730,28.850532,0.016870,-8970,-132.493,83.30938,0,0,0,0,2.7227101,2.7227101,none,true,0,0,0,Stand,29.040373,,,,1,0->0:Exact,NONE
1731,28.867402,0.016688,-8970,-132.493,83.30938,0,0,0,0,2.7227101,2.7227101,none,true,0,0,0,Stand,29.05706,,,,1,0->0:Exact,NONE
1732,28.884090,0.016287,-8970,-132.493,83.30938,0,0,0,0,2.7227101,2.7227101,none,true,0,0,0,Stand,29.073347,,,,1,0->0:Exact,NONE
1733,28.900377,0.017685,-8970,-132.493,83.30938,0,0,0,0,2.7227101,2.7227101,none,true,0,0,0,Stand,29.091032,,,,1,0->0:Exact,NONE
1734,28.918062,0.015758,-8970,-132.493,83.30938,0,0,0,0,2.7227101,2.7227101,none,true,0,0,0,Stand,29.10679,,,,1,0->0:Exact,NONE
1735,28.933820,0.016564,-8970,-132.493,83.30938,0,0,0,0,2.7227101,2.7227101,none,true,0,0,0,Stand,29.123356,,,,1,0->0:Exact,NONE
1736,28.950385,0.016628,-8970,-132.493,83.30938,0,0,0,0,2.7227101,2.7227101,none,true,0,0,0,Stand,29.139984,,,,1,0->0:Exact,NONE
1737,28.967013,0.016893,-8970,-132.493,83.30938,0,0,0,0,2.7227101,2.7227101,none,true,0,0,0,Stand,29.156878,,,,1,0->0:Exact,NONE
1738,28.983906,0.016872,-8970,-132.493,83.30938,0,0,0,0,2.7227101,2.7227101,none,true,0,0,0,Stand,29.17375,,,,1,0->0:Exact,NONE
1739,29.000777,0.016412,-8970,-132.493,83.30938,0,0,0,0,2.7227101,2.7227101,none,true,0,0,0,Stand,29.190163,,,,1,0->0:Exact,NONE
1740,29.017190,0.016626,-8970,-132.493,83.30938,0,0,0,0,2.7227101,2.7227101,none,true,0,0,0,Stand,29.206789,,,,1,0->0:Exact,NONE
1741,29.033816,0.016742,-8970,-132.493,83.30938,0,0,0,0,2.7227101,2.7227101,none,true,0,0,0,Stand,29.22353,,,,1,0->0:Exact,NONE
1742,29.050558,0.016859,-8970,-132.493,83.30938,0,0,0,0,2.7227101,2.7227101,none,true,0,0,0,Stand,29.240389,,,,1,0->0:Exact,NONE
1743,29.067416,0.016537,-8970,-132.493,83.30938,0,0,0,0,2.7227101,2.7227101,none,true,0,0,0,Stand,29.256926,,,,1,0->0:Exact,NONE
1744,29.083954,0.016931,-8970,-132.493,83.30938,0,0,0,0,2.7227101,2.7227101,none,true,0,0,0,Stand,29.273857,,,,1,0->0:Exact,NONE
1745,29.100885,0.016336,-8970,-132.493,83.30938,0,0,0,0,2.7227101,2.7227101,none,true,0,0,0,Stand,29.290194,,,,1,0->0:Exact,NONE
1746,29.117221,0.016870,-8970,-132.493,83.30938,0,0,0,0,2.7227101,2.7227101,none,true,0,0,0,Stand,29.307064,,,,1,0->0:Exact,NONE
1747,29.134090,0.016727,-8970,-132.493,83.30938,0,0,0,0,2.7227101,2.7227101,none,true,0,0,0,Stand,29.323792,,,,1,0->0:Exact,NONE
1748,29.150818,0.016588,-8970,-132.493,83.30938,0,0,0,0,2.7227101,2.7227101,none,true,0,0,0,Stand,29.34038,,,,1,0->0:Exact,NONE
1749,29.167405,0.016769,-8970,-132.493,83.30938,0,0,0,0,2.7227101,2.7227101,none,true,0,0,0,Stand,29.35715,,,,1,0->0:Exact,NONE
1750,29.184174,0.016751,-8970,-132.493,83.30938,0,0,0,0,2.7227101,2.7227101,none,true,0,0,0,Stand,29.3739,,,,1,0->0:Exact,NONE
1751,29.200925,0.018095,-8970,-132.493,83.30938,0,0,0,0,2.7227101,2.7227101,none,true,0,0,0,Stand,29.391994,,,,1,0->0:Exact,NONE
1752,29.219020,0.014952,-8970,-132.493,83.30938,0,0,0,0,2.7227101,2.7227101,none,true,0,0,0,Stand,29.406946,,,,1,0->0:Exact,NONE
1753,29.233972,0.017077,-8970,-132.493,83.30938,0,0,0,0,2.7227101,2.7227101,none,true,0,0,0,Stand,29.424023,,,,1,0->0:Exact,NONE
1754,29.251049,0.016429,-8970,-132.493,83.30938,0,0,0,0,2.7227101,2.7227101,none,true,0,0,0,Stand,29.440453,,,,1,0->0:Exact,NONE
1755,29.267478,0.016651,-8970,-132.493,83.30938,0,0,0,0,2.7227101,2.7227101,none,true,0,0,0,Stand,29.457104,,,,1,0->0:Exact,NONE
1756,29.284129,0.016599,-8970,-132.493,83.30938,0,0,0,0,2.7227101,2.7227101,none,true,0,0,0,Stand,29.473703,,,,1,0->0:Exact,NONE
1757,29.300729,0.016961,-8970,-132.493,83.30938,0,0,0,0,2.7227101,2.7227101,none,true,0,0,0,Stand,29.490664,,,,1,0->0:Exact,NONE
1758,29.317689,0.016423,-8970,-132.493,83.30938,0,0,0,0,2.7227101,2.7227101,none,true,0,0,0,Stand,29.507088,,,,1,0->0:Exact,NONE
1759,29.334113,0.016922,-8970,-132.493,83.30938,0,0,0,0,2.7227101,2.7227101,none,true,0,0,0,Stand,29.52401,,,,1,0->0:Exact,NONE
1760,29.351035,0.016836,-8970,-132.493,83.30938,0,0,0,0,2.7227101,2.7227101,none,true,0,0,0,Stand,29.540846,,,,1,0->0:Exact,NONE
1761,29.367871,0.016527,-8970,-132.493,83.30938,0,0,0,0,2.7227101,2.7227101,none,true,0,0,0,Stand,29.557373,,,,1,0->0:Exact,NONE
1762,29.384398,0.016519,-8970,-132.493,83.30938,0,0,0,0,2.7227101,2.7227101,none,true,0,0,0,Stand,29.573893,,,,1,0->0:Exact,NONE
1763,29.400917,0.017265,-8970,-132.493,83.30938,0,0,0,0,2.7227101,2.7227101,none,true,0,0,0,Stand,29.591158,,,,1,0->0:Exact,NONE
1764,29.418181,0.016314,-8970,-132.493,83.30938,0,0,0,0,2.7227101,2.7227101,none,true,0,0,0,Stand,29.607471,,,,1,0->0:Exact,NONE
1765,29.434495,0.016377,-8970,-132.493,83.30938,0,0,0,0,2.7227101,2.7227101,none,true,0,0,0,Stand,29.623848,,,,1,0->0:Exact,NONE
1766,29.450872,0.016903,-8970,-132.493,83.30938,0,0,0,0,2.7227101,2.7227101,none,true,0,0,0,Stand,29.64075,,,,1,0->0:Exact,NONE
1767,29.467775,0.016491,-8970,-132.493,83.30938,0,0,0,0,2.7227101,2.7227101,none,true,0,0,0,Stand,29.657242,,,,1,0->0:Exact,NONE
1768,29.484266,0.016800,-8970,-132.493,83.30938,0,0,0,0,2.7227101,2.7227101,none,true,0,0,0,Stand,29.674042,,,,1,0->0:Exact,NONE
1769,29.501066,0.016396,-8970,-132.493,83.30938,0,0,0,0,2.7227101,2.7227101,none,true,0,0,0,Stand,29.690437,,,,1,0->0:Exact,NONE
1770,29.517462,0.016865,-8970,-132.493,83.30938,0,0,0,0,2.7227101,2.7227101,none,true,0,0,0,Stand,29.707302,,,,1,0->0:Exact,NONE
1771,29.534327,0.016890,-8970,-132.493,83.30938,0,0,0,0,2.7227101,2.7227101,none,true,0,0,0,Stand,29.724192,,,,1,0->0:Exact,NONE
1772,29.551217,0.016622,-8970,-132.493,83.30938,0,0,0,0,2.7227101,2.7227101,none,true,0,0,0,Stand,29.740814,,,,1,0->0:Exact,NONE
1773,29.567840,0.016441,-8970,-132.493,83.30938,0,0,0,0,2.7227101,2.7227101,none,true,0,0,0,Stand,29.757256,,,,1,0->0:Exact,NONE
1774,29.584281,0.016869,-8970,-132.493,83.30938,0,0,0,0,2.7227101,2.7227101,none,true,0,0,0,Stand,29.774124,,,,1,0->0:Exact,NONE
1775,29.601149,0.016962,-8970,-132.493,83.30938,0,0,0,0,2.7227101,2.7227101,none,true,0,0,0,Stand,29.791086,,,,1,0->0:Exact,NONE
1776,29.618111,0.016509,-8970,-132.493,83.30938,0,0,0,0,2.7227101,2.7227101,none,true,0,0,0,Stand,29.807594,,,,1,0->0:Exact,NONE
1777,29.634620,0.016479,-8970,-132.493,83.30938,0,0,0,0,2.7227101,2.7227101,none,true,0,0,0,Stand,29.824074,,,,1,0->0:Exact,NONE
1778,29.651099,0.016442,-8970,-132.493,83.30938,0,0,0,0,2.7227101,2.7227101,none,true,0,0,0,Stand,29.840515,,,,1,0->0:Exact,NONE
1779,29.667541,0.016841,-8970,-132.493,83.30938,0,0,0,0,2.7227101,2.7227101,none,true,0,0,0,Stand,29.857355,,,,1,0->0:Exact,NONE
1780,29.684381,0.016986,-8970,-132.493,83.30938,0,0,0,0,2.7227101,2.7227101,none,true,0,0,0,Stand,29.874342,,,,1,0->0:Exact,NONE
1781,29.701367,0.017859,-8970,-132.493,83.30938,0,0,0,0,2.7227101,2.7227101,none,true,0,0,0,Stand,29.8922,,,,1,0->0:Exact,NONE
1782,29.719226,0.015337,-8970,-132.493,83.30938,0,0,0,0,2.7227101,2.7227101,none,true,0,0,0,Stand,29.907537,,,,1,0->0:Exact,NONE
1783,29.734563,0.016537,-8970,-132.493,83.30938,0,0,0,0,2.7227101,2.7227101,none,true,0,0,0,Stand,29.924074,,,,1,0->0:Exact,NONE
1784,29.751100,0.016558,-8970,-132.493,83.30938,0,0,0,0,2.7227101,2.7227101,none,true,0,0,0,Stand,29.940632,,,,1,0->0:Exact,NONE
1785,29.767658,0.016749,-8970,-132.493,83.30938,0,0,0,0,2.7227101,2.7227101,none,true,0,0,0,Stand,29.957382,,,,1,0->0:Exact,NONE
1786,29.784407,0.016632,-8970,-132.493,83.30938,0,0,0,0,2.7227101,2.7227101,none,true,0,0,0,Stand,29.974014,,,,1,0->0:Exact,NONE
1787,29.801039,0.016719,-8970,-132.493,83.30938,0,0,0,0,2.7227101,2.7227101,none,true,0,0,0,Stand,29.990734,,,,1,0->0:Exact,NONE
1788,29.817758,0.016641,-8970,-132.493,83.30938,0,0,0,0,2.7227101,2.7227101,none,true,0,0,0,Stand,30.007376,,,,1,0->0:Exact,NONE
1789,29.834399,0.016583,-8970,-132.493,83.30938,0,0,0,0,2.7227101,2.7227101,none,true,0,0,0,Stand,30.023958,,,,1,0->0:Exact,NONE
1790,29.850982,0.016845,-8970,-132.493,83.30938,0,0,0,0,2.7227101,2.7227101,none,true,0,0,0,Stand,30.040804,,,,1,0->0:Exact,NONE
1791,29.867827,0.016913,-8970,-132.493,83.30938,0,0,0,0,2.7227101,2.7227101,none,true,0,0,0,Stand,30.057716,,,,1,0->0:Exact,NONE
1792,29.884741,0.016589,-8970,-132.493,83.30938,0,0,0,0,2.7227101,2.7227101,none,true,0,0,0,Stand,30.074306,,,,1,0->0:Exact,NONE
1793,29.901330,0.017357,-8970,-132.493,83.30938,0,0,0,0,2.7227101,2.7227101,none,true,0,0,0,Stand,30.091663,,,,1,0->0:Exact,NONE
1794,29.918687,0.015786,-8970,-132.493,83.30938,0,0,0,0,2.7227101,2.7227101,none,true,0,0,0,Stand,30.10745,,,,1,0->0:Exact,NONE
1795,29.934474,0.017270,-8970,-132.493,83.30938,0,0,0,0,2.7227101,2.7227101,none,true,0,0,0,Stand,30.124722,,,,1,0->0:Exact,NONE
1796,29.951744,0.016333,-8970,-132.493,83.30938,0,0,0,0,2.7227101,2.7227101,none,true,0,0,0,Stand,30.141054,,,,1,0->0:Exact,NONE
1797,29.968077,0.016495,-8970,-132.493,83.30938,0,0,0,0,2.7227101,2.7227101,none,true,0,0,0,Stand,30.157549,,,,1,0->0:Exact,NONE
1798,29.984572,0.016864,-8970,-132.493,83.30938,0,0,0,0,2.7227101,2.7227101,none,true,0,0,0,Stand,30.174414,,,,1,0->0:Exact,NONE
1799,30.001436,0.016525,-8970,-132.493,83.30938,0,0,0,0,2.7227101,2.7227101,none,true,0,0,0,Stand,30.190939,,,,1,0->0:Exact,NONE
1800,30.017961,0.016727,-8970,-132.493,83.30938,0,0,0,0,2.7227101,2.7227101,none,true,0,0,0,Stand,30.207666,,,,1,0->0:Exact,NONE
1801,30.034688,0.016478,-8970,-132.493,83.30938,0,0,0,0,2.7227101,2.7227101,none,true,0,0,0,Stand,30.224144,,,,1,0->0:Exact,NONE
1802,30.051166,0.016923,-8970,-132.493,83.30938,0,0,0,0,2.7227101,2.7227101,none,true,0,0,0,Stand,30.241068,,,,1,0->0:Exact,NONE
1803,30.068089,0.016575,-8970,-132.493,83.30938,0,0,0,0,2.7227101,2.7227101,none,true,0,0,0,Stand,30.257643,,,,1,0->0:Exact,NONE
1804,30.084665,0.016765,-8970,-132.493,83.30938,0,0,0,0,2.7227101,2.7227101,none,true,0,0,0,Stand,30.274408,,,,1,0->0:Exact,NONE
1805,30.101429,0.016476,-8970,-132.493,83.30938,0,0,0,0,2.7227101,2.7227101,none,true,0,0,0,Stand,30.290884,,,,1,0->0:Exact,NONE
1806,30.117905,0.016656,-8970,-132.493,83.30938,0,0,0,0,2.7227101,2.7227101,none,true,0,0,0,Stand,30.30754,,,,1,0->0:Exact,NONE
1807,30.134561,0.016777,-8970,-132.493,83.30938,0,0,0,0,2.7227101,2.7227101,none,true,0,0,0,Stand,30.324318,,,,1,0->0:Exact,NONE
1808,30.151338,0.017096,-8970,-132.493,83.30938,0,0,0,0,2.7227101,2.7227101,none,true,0,0,0,Stand,30.341413,,,,1,0->0:Exact,NONE
1809,30.168434,0.016137,-8970,-132.493,83.30938,0,0,0,0,2.7227101,2.7227101,none,true,0,0,0,Stand,30.35755,,,,1,0->0:Exact,NONE
1810,30.184571,0.016933,-8970,-132.493,83.30938,0,0,0,0,2.7227101,2.7227101,none,true,0,0,0,Stand,30.374483,,,,1,0->0:Exact,NONE
1811,30.201504,0.018057,-8970,-132.493,83.30938,0,0,0,0,2.7227101,2.7227101,none,true,0,0,0,Stand,30.39254,,,,1,0->0:Exact,NONE
1812,30.219561,0.015241,-8970,-132.493,83.30938,0,0,0,0,2.7227101,2.7227101,none,true,0,0,0,Stand,30.407782,,,,1,0->0:Exact,NONE
1813,30.234802,0.016797,-8970,-132.493,83.30938,0,0,0,0,2.7227101,2.7227101,none,true,0,0,0,Stand,30.42458,,,,1,0->0:Exact,NONE
1814,30.251599,0.016454,-8970,-132.493,83.30938,0,0,0,0,2.7227101,2.7227101,none,true,0,0,0,Stand,30.441034,,,,1,0->0:Exact,NONE
1815,30.268053,0.017043,-8970,-132.493,83.30938,0,0,0,0,2.7227101,2.7227101,none,true,0,0,0,Stand,30.458078,,,,1,0->0:Exact,NONE
1816,30.285097,0.016631,-8970,-132.493,83.30938,0,0,0,0,2.7227101,2.7227101,none,true,0,0,0,Stand,30.474709,,,,1,0->0:Exact,NONE
1817,30.301728,0.016296,-8970,-132.493,83.30938,0,0,0,0,2.7227101,2.7227101,none,true,0,0,0,Stand,30.491005,,,,1,0->0:Exact,NONE
1818,30.318023,0.017104,-8970,-132.493,83.30938,0,0,0,0,2.7227101,2.7227101,none,true,0,0,0,Stand,30.50811,,,,1,0->0:Exact,NONE
1819,30.335128,0.016288,-8970,-132.493,83.30938,0,0,0,0,2.7227101,2.7227101,none,true,0,0,0,Stand,30.524399,,,,1,0->0:Exact,NONE
1820,30.351415,0.016996,-8970,-132.493,83.30938,0,0,0,0,2.7227101,2.7227101,none,true,0,0,0,Stand,30.541395,,,,1,0->0:Exact,NONE
1821,30.368412,0.016869,-8970,-132.493,83.30938,0,0,0,0,2.7227101,2.7227101,none,true,0,0,0,Stand,30.558264,,,,1,0->0:Exact,NONE
1822,30.385281,0.016322,-8970,-132.493,83.30938,0,0,0,0,2.7227101,2.7227101,none,true,0,0,0,Stand,30.574585,,,,1,0->0:Exact,NONE
1823,30.401603,0.017638,-8970,-132.493,83.30938,0,0,0,0,2.7227101,2.7227101,none,true,0,0,0,Stand,30.592222,,,,1,0->0:Exact,NONE
1824,30.419241,0.015495,-8970,-132.493,83.30938,0,0,0,0,2.7227101,2.7227101,none,true,0,0,0,Stand,30.607718,,,,1,0->0:Exact,NONE
1825,30.434736,0.017142,-8970,-132.493,83.30938,0,0,0,0,2.7227101,2.7227101,none,true,0,0,0,Stand,30.624859,,,,1,0->0:Exact,NONE
1826,30.451878,0.016675,-8970,-132.493,83.30938,0,0,0,0,2.7227101,2.7227101,none,true,0,0,0,Stand,30.641533,,,,1,0->0:Exact,NONE
1827,30.468553,0.017163,-8970,-132.493,83.30938,0,0,0,0,2.7227101,2.7227101,none,true,0,0,0,Stand,30.658695,,,,1,0->0:Exact,NONE
1828,30.485716,0.016156,-8970,-132.493,83.30938,0,0,0,0,2.7227101,2.7227101,none,true,0,0,0,Stand,30.67485,,,,1,0->0:Exact,NONE
1829,30.501872,0.016716,-8970,-132.493,83.30938,0,0,0,0,2.7227101,2.7227101,none,true,0,0,0,Stand,30.691566,,,,1,0->0:Exact,NONE
1830,30.518587,0.016566,-8970,-132.493,83.30938,0,0,0,0,2.7227101,2.7227101,none,true,0,0,0,Stand,30.708132,,,,1,0->0:Exact,NONE
1831,30.535153,0.016683,-8970,-132.493,83.30938,0,0,0,0,2.7227101,2.7227101,none,true,0,0,0,Stand,30.724815,,,,1,0->0:Exact,NONE
1832,30.551837,0.016741,-8970,-132.493,83.30938,0,0,0,0,2.7227101,2.7227101,none,true,0,0,0,Stand,30.741556,,,,1,0->0:Exact,NONE
1833,30.568578,0.016442,-8970,-132.493,83.30938,0,0,0,0,2.7227101,2.7227101,none,true,0,0,0,Stand,30.757998,,,,1,0->0:Exact,NONE
1834,30.585019,0.016725,-8970,-132.493,83.30938,0,0,0,0,2.7227101,2.7227101,none,true,0,0,0,Stand,30.774723,,,,1,0->0:Exact,NONE
1835,30.601745,0.016699,-8970,-132.493,83.30938,0,0,0,0,2.7227101,2.7227101,none,true,0,0,0,Stand,30.791422,,,,1,0->0:Exact,NONE
1836,30.618444,0.016662,-8970,-132.493,83.30938,0,0,0,0,2.7227101,2.7227101,none,true,0,0,0,Stand,30.808084,,,,1,0->0:Exact,NONE
1837,30.635106,0.016759,-8970,-132.493,83.30938,0,0,0,0,2.7227101,2.7227101,none,true,0,0,0,Stand,30.824844,,,,1,0->0:Exact,NONE
1838,30.651865,0.016672,-8970,-132.493,83.30938,0,0,0,0,2.7227101,2.7227101,none,true,0,0,0,Stand,30.841516,,,,1,0->0:Exact,NONE
1839,30.668536,0.016651,-8970,-132.493,83.30938,0,0,0,0,2.7227101,2.7227101,none,true,0,0,0,Stand,30.858168,,,,1,0->0:Exact,NONE
1840,30.685187,0.016646,-8970,-132.493,83.30938,0,0,0,0,2.7227101,2.7227101,none,true,0,0,0,Stand,30.874813,,,,1,0->0:Exact,NONE
1841,30.701833,0.018026,-8970,-132.493,83.30938,0,0,0,0,2.7227101,2.7227101,none,true,0,0,0,Stand,30.89284,,,,1,0->0:Exact,NONE
1842,30.719859,0.015334,-8970,-132.493,83.30938,0,0,0,0,2.7227101,2.7227101,none,true,0,0,0,Stand,30.908175,,,,1,0->0:Exact,NONE
1843,30.735194,0.016689,-8970,-132.493,83.30938,0,0,0,0,2.7227101,2.7227101,none,true,0,0,0,Stand,30.924864,,,,1,0->0:Exact,NONE
1844,30.751883,0.016774,-8970,-132.493,83.30938,0,0,0,0,2.7227101,2.7227101,none,true,0,0,0,Stand,30.941637,,,,1,0->0:Exact,NONE
1845,30.768657,0.016952,-8970,-132.493,83.30938,0,0,0,0,2.7227101,2.7227101,none,true,0,0,0,Stand,30.95859,,,,1,0->0:Exact,NONE
1846,30.785610,0.016535,-8970,-132.493,83.30938,0,0,0,0,2.7227101,2.7227101,none,true,0,0,0,Stand,30.975124,,,,1,0->0:Exact,NONE
1847,30.802145,0.016370,-8970,-132.493,83.30938,0,0,0,0,2.7227101,2.7227101,none,true,0,0,0,Stand,30.991495,,,,1,0->0:Exact,NONE
1848,30.818515,0.017129,-8970,-132.493,83.30938,0,0,0,0,2.7227101,2.7227101,none,true,0,0,0,Stand,31.008625,,,,1,0->0:Exact,NONE
1849,30.835645,0.016284,-8970,-132.493,83.30938,0,0,0,0,2.7227101,2.7227101,none,true,0,0,0,Stand,31.02491,,,,1,0->0:Exact,NONE
1850,30.851929,0.016806,-8970,-132.493,83.30938,0,0,0,0,2.7227101,2.7227101,none,true,0,0,0,Stand,31.041716,,,,1,0->0:Exact,NONE
1851,30.868735,0.016392,-8970,-132.493,83.30938,0,0,0,0,2.7227101,2.7227101,none,true,0,0,0,Stand,31.058107,,,,1,0->0:Exact,NONE
1852,30.885126,0.016928,-8970,-132.493,83.30938,0,0,0,0,2.7227101,2.7227101,none,true,0,0,0,Stand,31.075035,,,,1,0->0:Exact,NONE
1853,30.902054,0.017374,-8970,-132.493,83.30938,0,0,0,0,2.7227101,2.7227101,none,true,0,0,0,Stand,31.09241,,,,1,0->0:Exact,NONE
1854,30.919428,0.015830,-8970,-132.493,83.30938,0,0,0,0,2.7227101,2.7227101,none,true,0,0,0,Stand,31.10824,,,,1,0->0:Exact,NONE
1855,30.935259,0.016753,-8970,-132.493,83.30938,0,0,0,0,2.7227101,2.7227101,none,true,0,0,0,Stand,31.124992,,,,1,0->0:Exact,NONE
1856,30.952012,0.016801,-8970,-132.493,83.30938,0,0,0,0,2.7227101,2.7227101,none,true,0,0,0,Stand,31.141792,,,,1,0->0:Exact,NONE
1857,30.968812,0.016877,-8970,-132.493,83.30938,0,0,0,0,2.7227101,2.7227101,none,true,0,0,0,Stand,31.158669,,,,1,0->0:Exact,NONE
1858,30.985689,0.016550,-8970,-132.493,83.30938,0,0,0,0,2.7227101,2.7227101,none,true,0,0,0,Stand,31.175219,,,,1,0->0:Exact,NONE
1859,31.002240,0.016394,-8970,-132.493,83.30938,0,0,0,0,2.7227101,2.7227101,none,true,0,0,0,Stand,31.191612,,,,1,0->0:Exact,NONE
1860,31.018633,0.016657,-8970,-132.493,83.30938,0,0,0,0,2.7227101,2.7227101,none,true,0,0,0,Stand,31.20827,,,,1,0->0:Exact,NONE
1861,31.035291,0.016842,-8970,-132.493,83.30938,0,0,0,0,2.7227101,2.7227101,none,true,0,0,0,Stand,31.225111,,,,1,0->0:Exact,NONE
1862,31.052133,0.016707,-8970,-132.493,83.30938,0,0,0,0,2.7227101,2.7227101,none,true,0,0,0,Stand,31.241817,,,,1,0->0:Exact,NONE
1863,31.068840,0.016679,-8970,-132.493,83.30938,0,0,0,0,2.7227101,2.7227101,none,true,0,0,0,Stand,31.258497,,,,1,0->0:Exact,NONE
1864,31.085519,0.016623,-8970,-132.493,83.30938,0,0,0,0,2.7227101,2.7227101,none,true,0,0,0,Stand,31.27512,,,,1,0->0:Exact,NONE
1865,31.102142,0.016807,-8970,-132.493,83.30938,0,0,0,0,2.7227101,2.7227101,none,true,0,0,0,Stand,31.291927,,,,1,0->0:Exact,NONE
1866,31.118949,0.016641,-8970,-132.493,83.30938,0,0,0,0,2.7227101,2.7227101,none,true,0,0,0,Stand,31.308569,,,,1,0->0:Exact,NONE
1867,31.135590,0.016688,-8970,-132.493,83.30938,0,0,0,0,2.7227101,2.7227101,none,true,0,0,0,Stand,31.325256,,,,1,0->0:Exact,NONE
1868,31.152278,0.016523,-8970,-132.493,83.30938,0,0,0,0,2.7227101,2.7227101,none,true,0,0,0,Stand,31.34178,,,,1,0->0:Exact,NONE
1869,31.168801,0.016824,-8970,-132.493,83.30938,0,0,0,0,2.7227101,2.7227101,none,true,0,0,0,Stand,31.358604,,,,1,0->0:Exact,NONE
1870,31.185625,0.016597,-8970,-132.493,83.30938,0,0,0,0,2.7227101,2.7227101,none,true,0,0,0,Stand,31.375202,,,,1,0->0:Exact,NONE
1871,31.202222,0.018306,-8970,-132.493,83.30938,0,0,0,0,2.7227101,2.7227101,none,true,0,0,0,Stand,31.393509,,,,1,0->0:Exact,NONE
1872,31.220528,0.014975,-8970,-132.493,83.30938,0,0,0,0,2.7227101,2.7227101,none,true,0,0,0,Stand,31.408484,,,,1,0->0:Exact,NONE
1873,31.235504,0.016663,-8970,-132.493,83.30938,0,0,0,0,2.7227101,2.7227101,none,true,0,0,0,Stand,31.425146,,,,1,0->0:Exact,NONE
1874,31.252167,0.016934,-8970,-132.493,83.30938,0,0,0,0,2.7227101,2.7227101,none,true,0,0,0,Stand,31.44208,,,,1,0->0:Exact,NONE
1875,31.269100,0.016480,-8970,-132.493,83.30938,0,0,0,0,2.7227101,2.7227101,none,true,0,0,0,Stand,31.458559,,,,1,0->0:Exact,NONE
1876,31.285580,0.017166,-8970,-132.493,83.30938,0,0,0,0,2.7227101,2.7227101,none,true,0,0,0,Stand,31.475725,,,,1,0->0:Exact,NONE
1877,31.302746,0.016336,-8970,-132.493,83.30938,0,0,0,0,2.7227101,2.7227101,none,true,0,0,0,Stand,31.492062,,,,1,0->0:Exact,NONE
1878,31.319082,0.016724,-8970,-132.493,83.30938,0,0,0,0,2.7227101,2.7227101,none,true,0,0,0,Stand,31.508785,,,,1,0->0:Exact,NONE
1879,31.335806,0.016385,-8970,-132.493,83.30938,0,0,0,0,2.7227101,2.7227101,none,true,0,0,0,Stand,31.52517,,,,1,0->0:Exact,NONE
1880,31.352190,0.017172,-8970,-132.493,83.30938,0,0,0,0,2.7227101,2.7227101,none,true,0,0,0,Stand,31.542341,,,,1,0->0:Exact,NONE
1881,31.369362,0.016478,-8970,-132.493,83.30938,0,0,0,0,2.7227101,2.7227101,none,true,0,0,0,Stand,31.558819,,,,1,0->0:Exact,NONE
1882,31.385840,0.016647,-8970,-132.493,83.30938,0,0,0,0,2.7227101,2.7227101,none,true,0,0,0,Stand,31.575466,,,,1,0->0:Exact,NONE
1883,31.402487,0.017468,-8970,-132.493,83.30938,0,0,0,0,2.7227101,2.7227101,none,true,0,0,0,Stand,31.592934,,,,1,0->0:Exact,NONE
1884,31.419955,0.015926,-8970,-132.493,83.30938,0,0,0,0,2.7227101,2.7227101,none,true,0,0,0,Stand,31.60886,,,,1,0->0:Exact,NONE
1885,31.435881,0.016561,-8970,-132.493,83.30938,0,0,0,0,2.7227101,2.7227101,none,true,0,0,0,Stand,31.625422,,,,1,0->0:Exact,NONE
1886,31.452442,0.017308,-8970,-132.493,83.30938,0,0,0,0,2.7227101,2.7227101,none,true,0,0,0,Stand,31.64273,,,,1,0->0:Exact,NONE
1887,31.469750,0.016277,-8970,-132.493,83.30938,0,0,0,0,2.7227101,2.7227101,none,true,0,0,0,Stand,31.659008,,,,1,0->0:Exact,NONE
1888,31.486028,0.016778,-8970,-132.493,83.30938,0,0,0,0,2.7227101,2.7227101,none,true,0,0,0,Stand,31.675787,,,,1,0->0:Exact,NONE
1889,31.502806,0.016635,-8970,-132.493,83.30938,0,0,0,0,2.7227101,2.7227101,none,true,0,0,0,Stand,31.692423,,,,1,0->0:Exact,NONE
1890,31.519441,0.016333,-8970,-132.493,83.30938,0,0,0,0,2.7227101,2.7227101,none,true,0,0,0,Stand,31.708755,,,,1,0->0:Exact,NONE
1891,31.535774,0.017057,-8970,-132.493,83.30938,0,0,0,0,2.7227101,2.7227101,none,true,0,0,0,Stand,31.725813,,,,1,0->0:Exact,NONE
1892,31.552831,0.016813,-8970,-132.493,83.30938,0,0,0,0,2.7227101,2.7227101,none,true,0,0,0,Stand,31.742626,,,,1,0->0:Exact,NONE
1893,31.569644,0.016341,-8970,-132.493,83.30938,0,0,0,0,2.7227101,2.7227101,none,true,0,0,0,Stand,31.758968,,,,1,0->0:Exact,NONE
1894,31.585986,0.016841,-8970,-132.493,83.30938,0,0,0,0,2.7227101,2.7227101,none,true,0,0,0,Stand,31.775808,,,,1,0->0:Exact,NONE
1895,31.602826,0.016473,-8970,-132.493,83.30938,0,0,0,0,2.7227101,2.7227101,none,true,0,0,0,Stand,31.792282,,,,1,0->0:Exact,NONE
1896,31.619299,0.016765,-8970,-132.493,83.30938,0,0,0,0,2.7227101,2.7227101,none,true,0,0,0,Stand,31.809048,,,,1,0->0:Exact,NONE
1897,31.636065,0.016626,-8970,-132.493,83.30938,0,0,0,0,2.7227101,2.7227101,none,true,0,0,0,Stand,31.825674,,,,1,0->0:Exact,NONE
1898,31.652691,0.016834,-8970,-132.493,83.30938,0,0,0,0,2.7227101,2.7227101,none,true,0,0,0,Stand,31.842508,,,,1,0->0:Exact,NONE
1899,31.669524,0.016494,-8970,-132.493,83.30938,0,0,0,0,2.7227101,2.7227101,none,true,0,0,0,Stand,31.859001,,,,1,0->0:Exact,NONE
1900,31.686018,0.016659,-8970,-132.493,83.30938,0,0,0,0,2.7227101,2.7227101,none,true,0,0,0,Stand,31.87566,,,,1,0->0:Exact,NONE
1901,31.702677,0.018027,-8970,-132.493,83.30938,0,0,0,0,2.7227101,2.7227101,none,true,0,0,0,Stand,31.893686,,,,1,0->0:Exact,NONE
1902,31.720704,0.015306,-8970,-132.493,83.30938,0,0,0,0,2.7227101,2.7227101,none,true,0,0,0,Stand,31.908993,,,,1,0->0:Exact,NONE
1903,31.736010,0.016709,-8970,-132.493,83.30938,0,0,0,0,2.7227101,2.7227101,none,true,0,0,0,Stand,31.925701,,,,1,0->0:Exact,NONE
1904,31.752719,0.016754,-8970,-132.493,83.30938,0,0,0,0,2.7227101,2.7227101,none,true,0,0,0,Stand,31.942455,,,,1,0->0:Exact,NONE
1905,31.769472,0.016530,-8970,-132.493,83.30938,0,0,0,0,2.7227101,2.7227101,none,true,0,0,0,Stand,31.958984,,,,1,0->0:Exact,NONE
1906,31.786002,0.016980,-8970,-132.493,83.30938,0,0,0,0,2.7227101,2.7227101,none,true,0,0,0,Stand,31.975964,,,,1,0->0:Exact,NONE
1907,31.802982,0.016499,-8970,-132.493,83.30938,0,0,0,0,2.7227101,2.7227101,none,true,0,0,0,Stand,31.992462,,,,1,0->0:Exact,NONE
1908,31.819480,0.016621,-8970,-132.493,83.30938,0,0,0,0,2.7227101,2.7227101,none,true,0,0,0,Stand,32.009083,,,,1,0->0:Exact,NONE
1909,31.836101,0.016582,-8970,-132.493,83.30938,0,0,0,0,2.7227101,2.7227101,none,true,0,0,0,Stand,32.025665,,,,1,0->0:Exact,NONE
1910,31.852684,0.016683,-8970,-132.493,83.30938,0,0,0,0,2.7227101,2.7227101,none,true,0,0,0,Stand,32.042347,,,,1,0->0:Exact,NONE
1911,31.869367,0.016769,-8970,-132.493,83.30938,0,0,0,0,2.7227101,2.7227101,none,true,0,0,0,Stand,32.059116,,,,1,0->0:Exact,NONE
1912,31.886137,0.016607,-8970,-132.493,83.30938,0,0,0,0,2.7227101,2.7227101,none,true,0,0,0,Stand,32.07572,,,,1,0->0:Exact,NONE
1913,31.902744,0.017460,-8970,-132.493,83.30938,0,0,0,0,2.7227101,2.7227101,none,true,0,0,0,Stand,32.09318,,,,1,0->0:Exact,NONE
1914,31.920204,0.015909,-8970,-132.493,83.30938,0,0,0,0,2.7227101,2.7227101,none,true,0,0,0,Stand,32.10909,,,,1,0->0:Exact,NONE
1915,31.936113,0.016786,-8970,-132.493,83.30938,0,0,0,0,2.7227101,2.7227101,none,true,0,0,0,Stand,32.125874,,,,1,0->0:Exact,NONE
1916,31.952899,0.016823,-8970,-132.493,83.30938,0,0,0,0,2.7227101,2.7227101,none,true,0,0,0,Stand,32.142696,,,,1,0->0:Exact,NONE
1917,31.969722,0.016432,-8970,-132.493,83.30938,0,0,0,0,2.7227101,2.7227101,none,true,0,0,0,Stand,32.159126,,,,1,0->0:Exact,NONE
1918,31.986153,0.016799,-8970,-132.493,83.30938,0,0,0,0,2.7227101,2.7227101,none,true,0,0,0,Stand,32.175926,,,,1,0->0:Exact,NONE
1919,32.002953,0.016684,-8970,-132.493,83.30938,0,0,0,0,2.7227101,2.7227101,none,true,0,0,0,Stand,32.19261,,,,1,0->0:Exact,NONE
1920,32.019637,0.016804,-8970,-132.493,83.30938,0,0,0,0,2.7227101,2.7227101,none,true,0,0,0,Stand,32.209415,,,,1,0->0:Exact,NONE
1921,32.036441,0.016529,-8970,-132.493,83.30938,0,0,0,0,2.7227101,2.7227101,none,true,0,0,0,Stand,32.225945,,,,1,0->0:Exact,NONE
1922,32.052970,0.016648,-8970,-132.493,83.30938,0,0,0,0,2.7227101,2.7227101,none,true,0,0,0,Stand,32.24259,,,,1,0->0:Exact,NONE
1923,32.069618,0.016626,-8970,-132.493,83.30938,0,0,0,0,2.7227101,2.7227101,none,true,0,0,0,Stand,32.259216,,,,1,0->0:Exact,NONE
1924,32.086245,0.016640,-8970,-132.493,83.30938,0,0,0,0,2.7227101,2.7227101,none,true,0,0,0,Stand,32.275856,,,,1,0->0:Exact,NONE
1925,32.102884,0.016689,-8970,-132.493,83.30938,0,0,0,0,2.7227101,2.7227101,none,true,0,0,0,Stand,32.292545,,,,1,0->0:Exact,NONE
1926,32.119574,0.016938,-8970,-132.493,83.30938,0,0,0,0,2.7227101,2.7227101,none,true,0,0,0,Stand,32.309483,,,,1,0->0:Exact,NONE
1927,32.136512,0.016755,-8970,-132.493,83.30938,0,0,0,0,2.7227101,2.7227101,none,true,0,0,0,Stand,32.326237,,,,1,0->0:Exact,NONE
1928,32.153266,0.016524,-8970,-132.493,83.30938,0,0,0,0,2.7227101,2.7227101,none,true,0,0,0,Stand,32.342762,,,,1,0->0:Exact,NONE
1929,32.169791,0.016736,-8970,-132.493,83.30938,0,0,0,0,2.7227101,2.7227101,none,true,0,0,0,Stand,32.359497,,,,1,0->0:Exact,NONE
1930,32.186527,0.016550,-8970,-132.493,83.30938,0,0,0,0,2.7227101,2.7227101,none,true,0,0,0,Stand,32.37605,,,,1,0->0:Exact,NONE
1931,32.203077,0.018452,-8970,-132.493,83.30938,0,0,0,0,2.7227101,2.7227101,none,true,0,0,0,Stand,32.3945,,,,1,0->0:Exact,NONE
1932,32.221530,0.014803,-8970,-132.493,83.30938,0,0,0,0,2.7227101,2.7227101,none,true,0,0,0,Stand,32.409306,,,,1,0->0:Exact,NONE
1933,32.236333,0.016670,-8970,-132.493,83.30938,0,0,0,0,2.7227101,2.7227101,none,true,0,0,0,Stand,32.425976,,,,1,0->0:Exact,NONE
1934,32.253003,0.016906,-8970,-132.493,83.30938,0,0,0,0,2.7227101,2.7227101,none,true,0,0,0,Stand,32.442883,,,,1,0->0:Exact,NONE
1935,32.269909,0.016501,-8970,-132.493,83.30938,0,0,0,0,2.7227101,2.7227101,none,true,0,0,0,Stand,32.459385,,,,1,0->0:Exact,NONE
1936,32.286409,0.016726,-8970,-132.493,83.30938,0,0,0,0,2.7227101,2.7227101,none,true,0,0,0,Stand,32.476112,,,,1,0->0:Exact,NONE
1937,32.303135,0.016549,-8970,-132.493,83.30938,0,0,0,0,2.7227101,2.7227101,none,true,0,0,0,Stand,32.49266,,,,1,0->0:Exact,NONE
1938,32.319685,0.016859,-8970,-132.493,83.30938,0,0,0,0,2.7227101,2.7227101,none,true,0,0,0,Stand,32.509518,,,,1,0->0:Exact,NONE
1939,32.336543,0.016605,-8970,-132.493,83.30938,0,0,0,0,2.7227101,2.7227101,none,true,0,0,0,Stand,32.526123,,,,1,0->0:Exact,NONE
1940,32.353148,0.016650,-8970,-132.493,83.30938,0,0,0,0,2.7227101,2.7227101,none,true,0,0,0,Stand,32.542774,,,,1,0->0:Exact,NONE
1941,32.369798,0.017108,-8970,-132.493,83.30938,0,0,0,0,2.7227101,2.7227101,none,true,0,0,0,Stand,32.559883,,,,1,0->0:Exact,NONE
1942,32.386906,0.016537,-8970,-132.493,83.30938,0,0,0,0,2.7227101,2.7227101,none,true,0,0,0,Stand,32.57642,,,,1,0->0:Exact,NONE
1943,32.403443,0.017234,-8970,-132.493,83.30938,0,0,0,0,2.7227101,2.7227101,none,true,0,0,0,Stand,32.593655,,,,1,0->0:Exact,NONE
1944,32.420677,0.015919,-8970,-132.493,83.30938,0,0,0,0,2.7227101,2.7227101,none,true,0,0,0,Stand,32.609573,,,,1,0->0:Exact,NONE
1945,32.436596,0.016771,-8970,-132.493,83.30938,0,0,0,0,2.7227101,2.7227101,none,true,0,0,0,Stand,32.626343,,,,1,0->0:Exact,NONE
1946,32.453367,0.016664,-8970,-132.493,83.30938,0,0,0,0,2.7227101,2.7227101,none,true,0,0,0,Stand,32.643005,,,,1,0->0:Exact,NONE
1947,32.470031,0.016511,-8970,-132.493,83.30938,0,0,0,0,2.7227101,2.7227101,none,true,0,0,0,Stand,32.659515,,,,1,0->0:Exact,NONE
1948,32.486542,0.016998,-8970,-132.493,83.30938,0,0,0,0,2.7227101,2.7227101,none,true,0,0,0,Stand,32.676514,,,,1,0->0:Exact,NONE
1949,32.503540,0.016383,-8970,-132.493,83.30938,0,0,0,0,2.7227101,2.7227101,none,true,0,0,0,Stand,32.692898,,,,1,0->0:Exact,NONE
1950,32.519923,0.016774,-8970,-132.493,83.30938,0,0,0,0,2.7227101,2.7227101,none,true,0,0,0,Stand,32.70967,,,,1,0->0:Exact,NONE
1951,32.536697,0.016594,-8970,-132.493,83.30938,0,0,0,0,2.7227101,2.7227101,none,true,0,0,0,Stand,32.726265,,,,1,0->0:Exact,NONE
1952,32.553291,0.016796,-8970,-132.493,83.30938,0,0,0,0,2.7227101,2.7227101,none,true,0,0,0,Stand,32.74306,,,,1,0->0:Exact,NONE
1953,32.570087,0.016451,-8970,-132.493,83.30938,0,0,0,0,2.7227101,2.7227101,none,true,0,0,0,Stand,32.759514,,,,1,0->0:Exact,NONE
1954,32.586538,0.016839,-8970,-132.493,83.30938,0,0,0,0,2.7227101,2.7227101,none,true,0,0,0,Stand,32.776352,,,,1,0->0:Exact,NONE
1955,32.603378,0.016630,-8970,-132.493,83.30938,0,0,0,0,2.7227101,2.7227101,none,true,0,0,0,Stand,32.79298,,,,1,0->0:Exact,NONE
1956,32.620008,0.016774,-8970,-132.493,83.30938,0,0,0,0,2.7227101,2.7227101,none,true,0,0,0,Stand,32.809753,,,,1,0->0:Exact,NONE
1957,32.636781,0.016697,-8970,-132.493,83.30938,0,0,0,0,2.7227101,2.7227101,none,true,0,0,0,Stand,32.82645,,,,1,0->0:Exact,NONE
1958,32.653479,0.016476,-8970,-132.493,83.30938,0,0,0,0,2.7227101,2.7227101,none,true,0,0,0,Stand,32.842926,,,,1,0->0:Exact,NONE
1959,32.669955,0.017069,-8970,-132.493,83.30938,0,0,0,0,2.7227101,2.7227101,none,true,0,0,0,Stand,32.859993,,,,1,0->0:Exact,NONE
1960,32.687024,0.016403,-8970,-132.493,83.30938,0,0,0,0,2.7227101,2.7227101,none,true,0,0,0,Stand,32.876396,,,,1,0->0:Exact,NONE
1961,32.703427,0.017941,-8970,-132.493,83.30938,0,0,0,0,2.7227101,2.7227101,none,true,0,0,0,Stand,32.894337,,,,1,0->0:Exact,NONE
1962,32.721367,0.015545,-8970,-132.493,83.30938,0,0,0,0,2.7227101,2.7227101,none,true,0,0,0,Stand,32.90988,,,,1,0->0:Exact,NONE
1963,32.736913,0.016495,-8970,-132.493,83.30938,0,0,0,0,2.7227101,2.7227101,none,true,0,0,0,Stand,32.926376,,,,1,0->0:Exact,NONE
1964,32.753408,0.016673,-8970,-132.493,83.30938,0,0,0,0,2.7227101,2.7227101,none,true,0,0,0,Stand,32.94305,,,,1,0->0:Exact,NONE
1965,32.770081,0.017146,-8970,-132.493,83.30938,0,0,0,0,2.7227101,2.7227101,none,true,0,0,0,Stand,32.960197,,,,1,0->0:Exact,NONE
1966,32.787227,0.016234,-8970,-132.493,83.30938,0,0,0,0,2.7227101,2.7227101,none,true,0,0,0,Stand,32.976433,,,,1,0->0:Exact,NONE
1967,32.803461,0.016637,-8970,-132.493,83.30938,0,0,0,0,2.7227101,2.7227101,none,true,0,0,0,Stand,32.99307,,,,1,0->0:Exact,NONE
1968,32.820098,0.016698,-8970,-132.493,83.30938,0,0,0,0,2.7227101,2.7227101,none,true,0,0,0,Stand,33.009766,,,,1,0->0:Exact,NONE
1969,32.836796,0.016711,-8970,-132.493,83.30938,0,0,0,0,2.7227101,2.7227101,none,true,0,0,0,Stand,33.026478,,,,1,0->0:Exact,NONE
1970,32.853507,0.016654,-8970,-132.493,83.30938,0,0,0,0,2.7227101,2.7227101,none,true,0,0,0,Stand,33.043133,,,,1,0->0:Exact,NONE
1971,32.870160,0.016797,-8970,-132.493,83.30938,0,0,0,0,2.7227101,2.7227101,none,true,0,0,0,Stand,33.05993,,,,1,0->0:Exact,NONE
1972,32.886957,0.016478,-8970,-132.493,83.30938,0,0,0,0,2.7227101,2.7227101,none,true,0,0,0,Stand,33.07641,,,,1,0->0:Exact,NONE
1973,32.903435,0.017357,-8970,-132.493,83.30938,0,0,0,0,2.7227101,2.7227101,none,true,0,0,0,Stand,33.093765,,,,1,0->0:Exact,NONE
1974,32.920791,0.016212,-8970,-132.493,83.30938,0,0,0,0,2.7227101,2.7227101,none,true,0,0,0,Stand,33.109978,,,,1,0->0:Exact,NONE
1975,32.937003,0.016547,-8970,-132.493,83.30938,0,0,0,0,2.7227101,2.7227101,none,true,0,0,0,Stand,33.126526,,,,1,0->0:Exact,NONE
1976,32.953550,0.016768,-8970,-132.493,83.30938,0,0,0,0,2.7227101,2.7227101,none,true,0,0,0,Stand,33.143295,,,,1,0->0:Exact,NONE
1977,32.970318,0.016574,-8970,-132.493,83.30938,0,0,0,0,2.7227101,2.7227101,none,true,0,0,0,Stand,33.15987,,,,1,0->0:Exact,NONE
1978,32.986892,0.017012,-8970,-132.493,83.30938,0,0,0,0,2.7227101,2.7227101,none,true,0,0,0,Stand,33.176884,,,,1,0->0:Exact,NONE
1979,33.003905,0.016455,-8970,-132.493,83.30938,0,0,0,0,2.7227101,2.7227101,none,true,0,0,0,Stand,33.19334,,,,1,0->0:Exact,NONE
1980,33.020360,0.016594,-8970,-132.493,83.30938,0,0,0,0,2.7227101,2.7227101,none,true,0,0,0,Stand,33.209934,,,,1,0->0:Exact,NONE
1981,33.036953,0.016726,-8970,-132.493,83.30938,0,0,0,0,2.7227101,2.7227101,none,true,0,0,0,Stand,33.22666,,,,1,0->0:Exact,NONE
1982,33.053679,0.016598,-8970,-132.493,83.30938,0,0,0,0,2.7227101,2.7227101,none,true,0,0,0,Stand,33.24326,,,,1,0->0:Exact,NONE
1983,33.070278,0.016877,-8970,-132.493,83.30938,0,0,0,0,2.7227101,2.7227101,none,true,0,0,0,Stand,33.260136,,,,1,0->0:Exact,NONE
1984,33.087155,0.016776,-8970.107,-132.44524,83.32325,0,0,0,7,2.7227101,2.7227101,fwd,true,0,0,5,Run,0.016909806,Stand,33.276913,0.012903929,1.008,5->5:Exact,MSG_MOVE_START_FORWARD
1985,33.103931,0.016484,-8970.213,-132.3983,83.336754,0,0,0,7,2.7227101,2.7227101,fwd,true,0,0,5,Run,0.033525877,Stand,33.293396,0.0483889,1.008,5->5:Exact,NONE
1986,33.120415,0.016844,-8970.32,-132.35034,83.350426,0,0,0,7,2.7227101,2.7227101,fwd,true,0,0,5,Run,0.05050473,Stand,33.31024,0.104399264,1.008,5->5:Exact,NONE
1987,33.137259,0.016758,-8970.428,-132.30263,83.36397,0,0,0,7,2.7227101,2.7227101,fwd,true,0,0,5,Run,0.06739719,Stand,33.327,0.1763264,1.008,5->5:Exact,NONE
1988,33.154017,0.016946,-8970.536,-132.25438,83.37753,0,0,0,7,2.7227101,2.7227101,fwd,true,0,0,5,Run,0.08447845,Stand,33.343945,0.26179445,1.008,5->5:Exact,NONE
1989,33.170963,0.016341,-8970.641,-132.20786,83.3905,0,0,0,7,2.7227101,2.7227101,fwd,true,0,0,5,Run,0.100950286,Stand,33.360287,0.35285908,1.008,5->5:Exact,NONE
1990,33.187304,0.016587,-8970.747,-132.16063,83.4036,0,0,0,7,2.7227101,2.7227101,fwd,true,0,0,5,Run,0.11767039,Stand,33.376873,0.45049137,1.008,5->5:Exact,NONE
1991,33.203892,0.018059,-8970.862,-132.1092,83.4176,0,0,0,7,2.7227101,2.7227101,fwd,true,0,0,5,Run,0.13587417,Stand,33.39493,0.55865455,1.008,5->5:Exact,NONE
1992,33.221951,0.015410,-8970.961,-132.06534,83.42933,0,0,0,7,2.7227101,2.7227101,fwd,true,0,0,5,Run,0.15140785,Stand,33.410343,0.64918745,1.008,5->5:Exact,NONE
1993,33.237361,0.016656,-8971.067,-132.01791,83.44193,0,0,0,7,2.7227101,2.7227101,fwd,true,0,0,5,Run,0.16819741,Stand,33.427,0.7417847,1.008,5->5:Exact,NONE
1994,33.254018,0.016559,-8971.173,-131.97076,83.45442,0,0,0,7,2.7227101,2.7227101,fwd,true,0,0,5,Run,0.18488908,Stand,33.443558,0.8250072,1.008,5->5:Exact,NONE
1995,33.270577,0.016668,-8971.279,-131.92331,83.466995,0,0,0,7,2.7227101,2.7227101,fwd,true,0,0,5,Run,0.20168991,Stand,33.460224,0.8963424,1.008,5->5:Exact,NONE
1996,33.287244,0.016653,-8971.386,-131.8759,83.47953,0,0,0,7,2.7227101,2.7227101,fwd,true,0,0,5,Run,0.21847594,Stand,33.476875,0.95161617,1.008,5->5:Exact,NONE
1997,33.303897,0.016860,-8971.493,-131.8279,83.49216,0,0,0,7,2.7227101,2.7227101,fwd,true,0,0,5,Run,0.23547062,Stand,33.493736,0.9876572,1.008,5->5:Exact,NONE
1998,33.320757,0.016490,-8971.599,-131.78094,83.50453,0,0,0,7,2.7227101,2.7227101,fwd,true,0,0,5,Run,0.25209296,,,,1.008,5->5:Exact,NONE
1999,33.337247,0.016750,-8971.706,-131.73326,83.5171,0,0,0,7,2.7227101,2.7227101,fwd,true,0,0,5,Run,0.26897717,,,,1.008,5->5:Exact,NONE
2000,33.353998,0.016723,-8971.813,-131.68565,83.52963,0,0,0,7,2.7227101,2.7227101,fwd,true,0,0,5,Run,0.28583375,,,,1.008,5->5:Exact,NONE
2001,33.370720,0.016776,-8971.921,-131.6379,83.54216,0,0,0,7,2.7227101,2.7227101,fwd,true,0,0,5,Run,0.30274406,,,,1.008,5->5:Exact,NONE
2002,33.387496,0.016736,-8972.028,-131.59024,83.55464,0,0,0,7,2.7227101,2.7227101,fwd,true,0,0,5,Run,0.31961426,,,,1.008,5->5:Exact,NONE
2003,33.404233,0.017258,-8972.139,-131.5411,83.56745,0,0,0,7,2.7227101,2.7227101,fwd,true,0,0,5,Run,0.33701003,,,,1.008,5->5:Exact,NONE
2004,33.421490,0.015976,-8972.241,-131.49562,83.579315,0,0,0,7,2.7227101,2.7227101,fwd,true,0,0,5,Run,0.35311425,,,,1.008,5->5:Exact,NONE
2005,33.437467,0.016952,-8972.35,-131.44736,83.59185,0,0,0,7,2.7227101,2.7227101,fwd,true,0,0,5,Run,0.37020147,,,,1.008,5->5:Exact,NONE
2006,33.454418,0.016450,-8972.455,-131.40051,83.604004,0,0,0,7,2.7227101,2.7227101,fwd,true,0,0,5,Run,0.38678336,,,,1.008,5->5:Exact,NONE
2007,33.470869,0.016539,-8972.561,-131.35342,83.61615,0,0,0,7,2.7227101,2.7227101,fwd,true,0,0,5,Run,0.40345418,,,,1.008,5->5:Exact,NONE
2008,33.487407,0.016681,-8972.667,-131.30592,83.62839,0,0,0,7,2.7227101,2.7227101,fwd,true,0,0,5,Run,0.42026883,,,,1.008,5->5:Exact,NONE
2009,33.504088,0.016710,-8972.773,-131.25835,83.640594,0,0,0,7,2.7227101,2.7227101,fwd,true,0,0,5,Run,0.4371125,,,,1.008,5->5:Exact,NONE
2010,33.520798,0.016884,-8972.882,-131.21028,83.652985,0,0,0,7,2.7227101,2.7227101,fwd,true,0,0,5,Run,0.45413148,,,,1.008,5->5:Exact,NONE
2011,33.537682,0.016397,-8972.986,-131.16359,83.66492,0,0,0,7,2.7227101,2.7227101,fwd,true,0,0,5,Run,0.47065955,,,,1.008,5->5:Exact,NONE
2012,33.554079,0.016671,-8973.093,-131.11612,83.67704,0,0,0,7,2.7227101,2.7227101,fwd,true,0,0,5,Run,0.4874634,,,,1.008,5->5:Exact,NONE
2013,33.570750,0.016989,-8973.201,-131.06775,83.68937,0,0,0,7,2.7227101,2.7227101,fwd,true,0,0,5,Run,0.504588,,,,1.008,5->5:Exact,NONE
2014,33.587738,0.016581,-8973.308,-131.02054,83.70142,0,0,0,7,2.7227101,2.7227101,fwd,true,0,0,5,Run,0.52130187,,,,1.008,5->5:Exact,MSG_MOVE_HEARTBEAT
2015,33.604320,0.016644,-8973.414,-130.97314,83.71347,0,0,0,7,2.7227101,2.7227101,fwd,true,0,0,5,Run,0.53807884,,,,1.008,5->5:Exact,NONE
2016,33.620963,0.016720,-8973.5205,-130.92554,83.725494,0,0,0,7,2.7227101,2.7227101,fwd,true,0,0,5,Run,0.554933,,,,1.008,5->5:Exact,NONE
2017,33.637684,0.016490,-8973.626,-130.87859,83.73738,0,0,0,7,2.7227101,2.7227101,fwd,true,0,0,5,Run,0.5715546,,,,1.008,5->5:Exact,NONE
2018,33.654174,0.016697,-8973.732,-130.83104,83.749344,0,0,0,7,2.7227101,2.7227101,fwd,true,0,0,5,Run,0.5883854,,,,1.008,5->5:Exact,NONE
2019,33.670871,0.016684,-8973.839,-130.78354,83.7613,0,0,0,7,2.7227101,2.7227101,fwd,true,0,0,5,Run,0.60520285,,,,1.008,5->5:Exact,NONE
2020,33.687555,0.016907,-8973.947,-130.7354,83.77342,0,0,0,7,2.7227101,2.7227101,fwd,true,0,0,5,Run,0.6222453,,,,1.008,5->5:Exact,NONE
2021,33.704462,0.017901,-8974.062,-130.68443,83.78619,0,0,0,7,2.7227101,2.7227101,fwd,true,0,0,5,Run,0.640289,,,,1.008,5->5:Exact,NONE
2022,33.722362,0.015510,-8974.161,-130.64027,83.79728,0,0,0,7,2.7227101,2.7227101,fwd,true,0,0,5,Run,0.6559229,,,,1.008,5->5:Exact,NONE
2023,33.737872,0.016435,-8974.267,-130.59348,83.809,0,0,0,7,2.7227101,2.7227101,fwd,true,0,0,5,Run,0.67248935,,,,1.008,5->5:Exact,NONE
2024,33.754307,0.016751,-8974.374,-130.54578,83.82091,0,0,0,7,2.7227101,2.7227101,fwd,true,0,0,5,Run,0.68937415,,,,1.008,5->5:Exact,NONE
2025,33.771058,0.016660,-8974.48,-130.49834,83.8327,0,0,0,7,2.7227101,2.7227101,fwd,true,0,0,5,Run,0.70616776,,,,1.008,5->5:Exact,NONE
2026,33.787718,0.016792,-8974.588,-130.45053,83.84457,0,0,0,7,2.7227101,2.7227101,fwd,true,0,0,5,Run,0.7230938,,,,1.008,5->5:Exact,NONE
2027,33.804510,0.016403,-8974.692,-130.40382,83.85609,0,0,0,7,2.7227101,2.7227101,fwd,true,0,0,5,Run,0.73962796,,,,1.008,5->5:Exact,NONE
2028,33.820913,0.016765,-8974.8,-130.3561,83.8679,0,0,0,7,2.7227101,2.7227101,fwd,true,0,0,5,Run,0.7565272,,,,1.008,5->5:Exact,NONE
2029,33.837678,0.016705,-8974.906,-130.30853,83.87959,0,0,0,7,2.7227101,2.7227101,fwd,true,0,0,5,Run,0.77336633,,,,1.008,5->5:Exact,NONE
2030,33.854384,0.016819,-8975.014,-130.26065,83.89142,0,0,0,7,2.7227101,2.7227101,fwd,true,0,0,5,Run,0.7903203,,,,1.008,5->5:Exact,NONE
2031,33.871203,0.016745,-8975.121,-130.21297,83.90362,0,0,0,7,2.7227101,2.7227101,fwd,true,0,0,5,Run,0.8071994,,,,1.008,5->5:Exact,NONE
2032,33.887948,0.016348,-8975.226,-130.16643,83.91551,0,0,0,7,2.7227101,2.7227101,fwd,true,0,0,5,Run,0.8236784,,,,1.008,5->5:Exact,NONE
2033,33.904296,0.018246,-8975.342,-130.11447,83.92876,0,0,0,7,2.7227101,2.7227101,fwd,true,0,0,5,Run,0.84207004,,,,1.008,5->5:Exact,NONE
2034,33.922542,0.015399,-8975.44,-130.07063,83.939995,0,0,0,7,2.7227101,2.7227101,fwd,true,0,0,5,Run,0.85759234,,,,1.008,5->5:Exact,NONE
2035,33.937941,0.016521,-8975.546,-130.02359,83.95203,0,0,0,7,2.7227101,2.7227101,fwd,true,0,0,5,Run,0.8742455,,,,1.008,5->5:Exact,NONE
2036,33.954462,0.016771,-8975.653,-129.97585,83.96429,0,0,0,7,2.7227101,2.7227101,fwd,true,0,0,5,Run,0.8911506,,,,1.008,5->5:Exact,NONE
2037,33.971233,0.016682,-8975.76,-129.92834,83.97644,0,0,0,7,2.7227101,2.7227101,fwd,true,0,0,5,Run,0.90796596,,,,1.008,5->5:Exact,NONE
2038,33.987915,0.016585,-8975.866,-129.88112,83.98861,0,0,0,7,2.7227101,2.7227101,fwd,true,0,0,5,Run,0.92468405,,,,1.008,5->5:Exact,NONE
2039,34.004500,0.016702,-8975.973,-129.83357,84.0008,0,0,0,7,2.7227101,2.7227101,fwd,true,0,0,5,Run,0.94151944,,,,1.008,5->5:Exact,NONE
2040,34.021202,0.016686,-8976.079,-129.78606,84.012985,0,0,0,7,2.7227101,2.7227101,fwd,true,0,0,5,Run,0.95833933,,,,1.008,5->5:Exact,NONE
2041,34.037889,0.016715,-8976.186,-129.73846,84.02519,0,0,0,7,2.7227101,2.7227101,fwd,true,0,0,5,Run,0.97518766,,,,1.008,5->5:Exact,NONE
2042,34.054603,0.016716,-8976.292,-129.69087,84.03741,0,0,0,7,2.7227101,2.7227101,fwd,true,0,0,5,Run,0.9920376,,,,1.008,5->5:Exact,NONE
2043,34.071319,0.016711,-8976.398,-129.6433,84.04963,0,0,0,7,2.7227101,2.7227101,fwd,true,0,0,5,Run,1.0088819,,,,1.008,5->5:Exact,NONE
2044,34.088030,0.016731,-8976.506,-129.59566,84.06196,0,0,0,7,2.7227101,2.7227101,fwd,true,0,0,5,Run,1.0257468,,,,1.008,5->5:Exact,MSG_MOVE_HEARTBEAT
2045,34.104761,0.017425,-8976.506,-129.59566,84.06196,0,0,0,0,2.7227101,2.7227101,none,true,0,0,0,Stand,0.0174247,Run,1.0433109,0.005527556,1,0->0:Exact,MSG_MOVE_STOP
2046,34.122186,0.015877,-8976.506,-129.59566,84.06196,0,0,0,0,2.7227101,2.7227101,none,true,0,0,0,Stand,0.033302,Run,1.0593152,0.019640088,1,0->0:Exact,NONE
2047,34.138063,0.016616,-8976.506,-129.59566,84.06196,0,0,0,0,2.7227101,2.7227101,none,true,0,0,0,Stand,0.0499181,Run,1.0760642,0.04283446,1,0->0:Exact,NONE
2048,34.154679,0.016721,-8976.506,-129.59566,84.06196,0,0,0,0,2.7227101,2.7227101,none,true,0,0,0,Stand,0.0666392,Run,1.0929191,0.07401687,1,0->0:Exact,NONE
2049,34.171400,0.016614,-8976.506,-129.59566,84.06196,0,0,0,0,2.7227101,2.7227101,none,true,0,0,0,Stand,0.083252996,Run,1.1096659,0.111925244,1,0->0:Exact,NONE
2050,34.188014,0.016774,-8976.506,-129.59566,84.06196,0,0,0,0,2.7227101,2.7227101,none,true,0,0,0,Stand,0.100027196,Run,1.1265743,0.15632659,1,0->0:Exact,NONE
2051,34.204788,0.016701,-8976.506,-129.59566,84.06196,0,0,0,0,2.7227101,2.7227101,none,true,0,0,0,Stand,0.116728194,Run,1.1434089,0.20577532,1,0->0:Exact,NONE
2052,34.221489,0.016630,-8976.506,-129.59566,84.06196,0,0,0,0,2.7227101,2.7227101,none,true,0,0,0,Stand,0.13335839,Run,1.1601721,0.25934303,1,0->0:Exact,NONE
2053,34.238119,0.016723,-8976.506,-129.59566,84.06196,0,0,0,0,2.7227101,2.7227101,none,true,0,0,0,Stand,0.15008108,Run,1.1770285,0.31669152,1,0->0:Exact,NONE
2054,34.254842,0.016665,-8976.506,-129.59566,84.06196,0,0,0,0,2.7227101,2.7227101,none,true,0,0,0,Stand,0.16674659,Run,1.1938274,0.376449,1,0->0:Exact,NONE
2055,34.271508,0.016670,-8976.506,-129.59566,84.06196,0,0,0,0,2.7227101,2.7227101,none,true,0,0,0,Stand,0.18341629,Run,1.2106304,0.43795383,1,0->0:Exact,NONE
2056,34.288177,0.016764,-8976.506,-129.59566,84.06196,0,0,0,0,2.7227101,2.7227101,none,true,0,0,0,Stand,0.2001804,Run,1.2275286,0.5006767,1,0->0:Exact,NONE
2057,34.304941,0.016489,-8976.506,-129.59566,84.06196,0,0,0,0,2.7227101,2.7227101,none,true,0,0,0,Stand,0.2166695,Run,1.2441496,0.5623661,1,0->0:Exact,NONE
2058,34.321431,0.016874,-8976.506,-129.59566,84.06196,0,0,0,0,2.7227101,2.7227101,none,true,0,0,0,Stand,0.2335434,Run,1.2611585,0.6246085,1,0->0:Exact,NONE
2059,34.338304,0.016663,-8976.506,-129.59566,84.06196,0,0,0,0,2.7227101,2.7227101,none,true,0,0,0,Stand,0.2502067,Run,1.277955,0.6843204,1,0->0:Exact,NONE
2060,34.354968,0.016475,-8976.506,-129.59566,84.06196,0,0,0,0,2.7227101,2.7227101,none,true,0,0,0,Stand,0.2666816,Run,1.2945617,0.74079067,1,0->0:Exact,NONE
2061,34.371443,0.016638,-8976.506,-129.59566,84.06196,0,0,0,0,2.7227101,2.7227101,none,true,0,0,0,Stand,0.28331932,Run,1.3113326,0.7943722,1,0->0:Exact,NONE
2062,34.388080,0.016825,-8976.506,-129.59566,84.06196,0,0,0,0,2.7227101,2.7227101,none,true,0,0,0,Stand,0.30014443,Run,1.3282923,0.8441561,1,0->0:Exact,NONE
2063,34.404905,0.017946,-8976.506,-129.59566,84.06196,0,0,0,0,2.7227101,2.7227101,none,true,0,0,0,Stand,0.31809014,Run,1.3463815,0.89137554,1,0->0:Exact,NONE
2064,34.422851,0.015204,-8976.506,-129.59566,84.06196,0,0,0,0,2.7227101,2.7227101,none,true,0,0,0,Stand,0.33329454,Run,1.3617076,0.92584515,1,0->0:Exact,NONE
2065,34.438056,0.016784,-8976.506,-129.59566,84.06196,0,0,0,0,2.7227101,2.7227101,none,true,0,0,0,Stand,0.35007805,Run,1.3786254,0.9571592,1,0->0:Exact,NONE
2066,34.454839,0.017056,-8976.506,-129.59566,84.06196,0,0,0,0,2.7227101,2.7227101,none,true,0,0,0,Stand,0.36713424,Run,1.395818,0.9808564,1,0->0:Exact,NONE
2067,34.471895,0.016602,-8976.506,-129.59566,84.06196,0,0,0,0,2.7227101,2.7227101,none,true,0,0,0,Stand,0.38373634,Run,1.412553,0.99517494,1,0->0:Exact,NONE
2068,34.488497,0.016626,-8976.506,-129.59566,84.06196,0,0,0,0,2.7227101,2.7227101,none,true,0,0,0,Stand,0.40036196,,,,1,0->0:Exact,NONE
2069,34.505123,0.016478,-8976.506,-129.59566,84.06196,0,0,0,0,2.7227101,2.7227101,none,true,0,0,0,Stand,0.41683996,,,,1,0->0:Exact,NONE
2070,34.521601,0.016680,-8976.506,-129.59566,84.06196,0,0,0,0,2.7227101,2.7227101,none,true,0,0,0,Stand,0.43352035,,,,1,0->0:Exact,NONE
2071,34.538281,0.016715,-8976.506,-129.59566,84.06196,0,0,0,0,2.7227101,2.7227101,none,true,0,0,0,Stand,0.45023534,,,,1,0->0:Exact,NONE
2072,34.554996,0.016899,-8976.506,-129.59566,84.06196,0,0,0,0,2.7227101,2.7227101,none,true,0,0,0,Stand,0.46713445,,,,1,0->0:Exact,NONE
2073,34.571896,0.016259,-8976.506,-129.59566,84.06196,0,0,0,0,2.7227101,2.7227101,none,true,0,0,0,Stand,0.48339364,,,,1,0->0:Exact,NONE
2074,34.588155,0.016835,-8976.506,-129.59566,84.06196,0,0,0,0,2.7227101,2.7227101,none,true,0,0,0,Stand,0.5002288,,,,1,0->0:Exact,NONE
2075,34.604990,0.017934,-8976.506,-129.59566,84.06196,0,0,0,0,2.7227101,2.7227101,none,true,0,0,0,Stand,0.5181626,,,,1,0->0:Exact,NONE
2076,34.622924,0.015636,-8976.506,-129.59566,84.06196,0,0,0,0,2.7227101,2.7227101,none,true,0,0,0,Stand,0.53379834,,,,1,0->0:Exact,NONE
2077,34.638559,0.016546,-8976.506,-129.59566,84.06196,0,0,0,0,2.7227101,2.7227101,none,true,0,0,0,Stand,0.55034465,,,,1,0->0:Exact,NONE
2078,34.655106,0.016510,-8976.506,-129.59566,84.06196,0,0,0,0,2.7227101,2.7227101,none,true,0,0,0,Stand,0.56685466,,,,1,0->0:Exact,NONE
2079,34.671616,0.016750,-8976.506,-129.59566,84.06196,0,0,0,0,2.7227101,2.7227101,none,true,0,0,0,Stand,0.58360475,,,,1,0->0:Exact,NONE
2080,34.688366,0.017011,-8976.506,-129.59566,84.06196,0,0,0,0,2.7227101,2.7227101,none,true,0,0,0,Stand,0.60061616,,,,1,0->0:Exact,NONE
2081,34.705377,0.016484,-8976.506,-129.59566,84.06196,0,0,0,0,2.7227101,2.7227101,none,true,0,0,0,Stand,0.6171002,,,,1,0->0:Exact,NONE
2082,34.721861,0.016492,-8976.506,-129.59566,84.06196,0,0,0,0,2.7227101,2.7227101,none,true,0,0,0,Stand,0.6335922,,,,1,0->0:Exact,NONE
2083,34.738353,0.016912,-8976.506,-129.59566,84.06196,0,0,0,0,2.7227101,2.7227101,none,true,0,0,0,Stand,0.6505041,,,,1,0->0:Exact,NONE
2084,34.755265,0.016728,-8976.506,-129.59566,84.06196,0,0,0,0,2.7227101,2.7227101,none,true,0,0,0,Stand,0.6672324,,,,1,0->0:Exact,NONE
2085,34.771993,0.016461,-8976.506,-129.59566,84.06196,0,0,0,0,2.7227101,2.7227101,none,true,0,0,0,Stand,0.6836936,,,,1,0->0:Exact,NONE
2086,34.788455,0.016729,-8976.506,-129.59566,84.06196,0,0,0,0,2.7227101,2.7227101,none,true,0,0,0,Stand,0.70042217,,,,1,0->0:Exact,NONE
2087,34.805183,0.017392,-8976.506,-129.59566,84.06196,0,0,0,0,2.7227101,2.7227101,none,true,0,0,0,Stand,0.71781445,,,,1,0->0:Exact,NONE
2088,34.822576,0.016098,-8976.506,-129.59566,84.06196,0,0,0,0,2.7227101,2.7227101,none,true,0,0,0,Stand,0.7339125,,,,1,0->0:Exact,NONE
2089,34.838674,0.016399,-8976.506,-129.59566,84.06196,0,0,0,0,2.7227101,2.7227101,none,true,0,0,0,Stand,0.75031155,,,,1,0->0:Exact,NONE
2090,34.855073,0.016957,-8976.506,-129.59566,84.06196,0,0,0,0,2.7227101,2.7227101,none,true,0,0,0,Stand,0.76726854,,,,1,0->0:Exact,NONE
2091,34.872030,0.016833,-8976.506,-129.59566,84.06196,0,0,0,0,2.7227101,2.7227101,none,true,0,0,0,Stand,0.78410167,,,,1,0->0:Exact,NONE
2092,34.888863,0.016458,-8976.506,-129.59566,84.06196,0,0,0,0,2.7227101,2.7227101,none,true,0,0,0,Stand,0.80055964,,,,1,0->0:Exact,NONE
2093,34.905321,0.016728,-8976.506,-129.59566,84.06196,0,0,0,0,2.7227101,2.7227101,none,true,0,0,0,Stand,0.8172876,,,,1,0->0:Exact,NONE
2094,34.922049,0.016459,-8976.506,-129.59566,84.06196,0,0,0,0,2.7227101,2.7227101,none,true,0,0,0,Stand,0.83374685,,,,1,0->0:Exact,NONE
2095,34.938508,0.016896,-8976.506,-129.59566,84.06196,0,0,0,0,2.7227101,2.7227101,none,true,0,0,0,Stand,0.850643,,,,1,0->0:Exact,NONE
2096,34.955404,0.016720,-8976.506,-129.59566,84.06196,0,0,0,0,2.7227101,2.7227101,none,true,0,0,0,Stand,0.86736286,,,,1,0->0:Exact,NONE
2097,34.972124,0.016413,-8976.506,-129.59566,84.06196,0,0,0,0,2.7227101,2.7227101,none,true,0,0,0,Stand,0.88377595,,,,1,0->0:Exact,NONE
2098,34.988537,0.016803,-8976.506,-129.59566,84.06196,0,0,0,0,2.7227101,2.7227101,none,true,0,0,0,Stand,0.90057933,,,,1,0->0:Exact,NONE
2099,35.005340,0.016578,-8976.506,-129.59566,84.06196,0,0,0,0,2.7227101,2.7227101,none,true,0,0,0,Stand,0.91715735,,,,1,0->0:Exact,NONE
2100,35.021918,0.016927,-8976.506,-129.59566,84.06196,0,0,0,0,2.7227101,2.7227101,none,true,0,0,0,Stand,0.93408436,,,,1,0->0:Exact,NONE
2101,35.038845,0.016594,-8976.506,-129.59566,84.06196,0,0,0,0,2.7227101,2.7227101,none,true,0,0,0,Stand,0.9506782,,,,1,0->0:Exact,NONE
2102,35.055439,0.016688,-8976.506,-129.59566,84.06196,0,0,0,0,2.7227101,2.7227101,none,true,0,0,0,Stand,0.9673659,,,,1,0->0:Exact,NONE
2103,35.072127,0.016881,-8976.506,-129.59566,84.06196,0,0,0,0,2.7227101,2.7227101,none,true,0,0,0,Stand,0.9842469,,,,1,0->0:Exact,NONE
2104,35.089008,0.016746,-8976.506,-129.59566,84.06196,0,0,0,0,2.7227101,2.7227101,none,true,0,0,0,Stand,1.0009925,,,,1,0->0:Exact,NONE
2105,35.105754,0.017866,-8976.506,-129.59566,84.06196,0,0,0,0,2.7227101,2.7227101,none,true,0,0,0,Stand,1.0188588,,,,1,0->0:Exact,NONE
2106,35.123620,0.015123,-8976.506,-129.59566,84.06196,0,0,0,0,2.7227101,2.7227101,none,true,0,0,0,Stand,1.0339822,,,,1,0->0:Exact,NONE
2107,35.138743,0.016750,-8976.506,-129.59566,84.06196,0,0,0,0,2.7227101,2.7227101,none,true,0,0,0,Stand,1.0507319,,,,1,0->0:Exact,NONE
2108,35.155493,0.016540,-8976.506,-129.59566,84.06196,0,0,0,0,2.7227101,2.7227101,none,true,0,0,0,Stand,1.0672715,,,,1,0->0:Exact,NONE
2109,35.172033,0.016725,-8976.506,-129.59566,84.06196,0,0,0,0,2.7227101,2.7227101,none,true,0,0,0,Stand,1.083997,,,,1,0->0:Exact,NONE
2110,35.188758,0.016973,-8976.506,-129.59566,84.06196,0,0,0,0,2.7227101,2.7227101,none,true,0,0,0,Stand,1.1009705,,,,1,0->0:Exact,NONE
2111,35.205732,0.016474,-8976.506,-129.59566,84.06196,0,0,0,0,2.7227101,2.7227101,none,true,0,0,0,Stand,1.1174445,,,,1,0->0:Exact,NONE
2112,35.222206,0.016517,-8976.506,-129.59566,84.06196,0,0,0,0,2.7227101,2.7227101,none,true,0,0,0,Stand,1.1339612,,,,1,0->0:Exact,NONE
2113,35.238722,0.017109,-8976.506,-129.59566,84.06196,0,0,0,0,2.7227101,2.7227101,none,true,0,0,0,Stand,1.1510704,,,,1,0->0:Exact,NONE
2114,35.255832,0.016479,-8976.506,-129.59566,84.06196,0,0,0,0,2.7227101,2.7227101,none,true,0,0,0,Stand,1.1675496,,,,1,0->0:Exact,NONE
2115,35.272311,0.016480,-8976.506,-129.59566,84.06196,0,0,0,0,2.7227101,2.7227101,none,true,0,0,0,Stand,1.18403,,,,1,0->0:Exact,NONE
2116,35.288791,0.016765,-8976.506,-129.59566,84.06196,0,0,0,0,2.7227101,2.7227101,none,true,0,0,0,Stand,1.2007954,,,,1,0->0:Exact,NONE
2117,35.305557,0.017899,-8976.506,-129.59566,84.06196,0,0,0,0,2.7227101,2.7227101,none,true,0,0,0,Stand,1.2186946,,,,1,0->0:Exact,NONE
2118,35.323456,0.015423,-8976.506,-129.59566,84.06196,0,0,0,0,2.7227101,2.7227101,none,true,0,0,0,Stand,1.2341179,,,,1,0->0:Exact,NONE
2119,35.338879,0.016637,-8976.506,-129.59566,84.06196,0,0,0,0,2.7227101,2.7227101,none,true,0,0,0,Stand,1.2507551,,,,1,0->0:Exact,NONE
2120,35.355516,0.018227,-8976.506,-129.59566,84.06196,0,0,0,0,2.7227101,2.7227101,none,true,0,0,0,Stand,1.2689818,,,,1,0->0:Exact,NONE
2121,35.373743,0.015623,-8976.506,-129.59566,84.06196,0,0,0,0,2.7227101,2.7227101,none,true,0,0,0,Stand,1.2846051,,,,1,0->0:Exact,NONE
2122,35.389367,0.016315,-8976.506,-129.59566,84.06196,0,0,0,0,2.7227101,2.7227101,none,true,0,0,0,Stand,1.3009201,,,,1,0->0:Exact,NONE
2123,35.405682,0.016578,-8976.506,-129.59566,84.06196,0,0,0,0,2.7227101,2.7227101,none,true,0,0,0,Stand,1.3174977,,,,1,0->0:Exact,NONE
2124,35.422259,0.016865,-8976.506,-129.59566,84.06196,0,0,0,0,2.7227101,2.7227101,none,true,0,0,0,Stand,1.334363,,,,1,0->0:Exact,NONE
2125,35.439124,0.016476,-8976.506,-129.59566,84.06196,0,0,0,0,2.7227101,2.7227101,none,true,0,0,0,Stand,1.3508385,,,,1,0->0:Exact,NONE
2126,35.455600,0.016839,-8976.506,-129.59566,84.06196,0,0,0,0,2.7227101,2.7227101,none,true,0,0,0,Stand,1.3676777,,,,1,0->0:Exact,NONE
2127,35.472439,0.016599,-8976.506,-129.59566,84.06196,0,0,0,0,2.7227101,2.7227101,none,true,0,0,0,Stand,1.3842771,,,,1,0->0:Exact,NONE
2128,35.489039,0.016817,-8976.506,-129.59566,84.06196,0,0,0,0,2.7227101,2.7227101,none,true,0,0,0,Stand,1.4010937,,,,1,0->0:Exact,NONE
2129,35.505855,0.017092,-8976.506,-129.59566,84.06196,0,0,0,0,2.7227101,2.7227101,none,true,0,0,0,Stand,1.418186,,,,1,0->0:Exact,NONE
2130,35.522947,0.016282,-8976.506,-129.59566,84.06196,0,0,0,0,2.7227101,2.7227101,none,true,0,0,0,Stand,1.4344679,,,,1,0->0:Exact,NONE
2131,35.539229,0.016491,-8976.506,-129.59566,84.06196,0,0,0,0,2.7227101,2.7227101,none,true,0,0,0,Stand,1.450959,,,,1,0->0:Exact,NONE
2132,35.555720,0.016755,-8976.506,-129.59566,84.06196,0,0,0,0,2.7227101,2.7227101,none,true,0,0,0,Stand,1.4677136,,,,1,0->0:Exact,NONE
2133,35.572475,0.016681,-8976.506,-129.59566,84.06196,0,0,0,0,2.7227101,2.7227101,none,true,0,0,0,Stand,1.4843951,,,,1,0->0:Exact,NONE
2134,35.589156,0.016762,-8976.506,-129.59566,84.06196,0,0,0,0,2.7227101,2.7227101,none,true,0,0,0,Stand,1.5011569,,,,1,0->0:Exact,NONE
2135,35.605918,0.016698,-8976.506,-129.59566,84.06196,0,0,0,0,2.7227101,2.7227101,none,true,0,0,0,Stand,1.517855,,,,1,0->0:Exact,NONE
2136,35.622616,0.016602,-8976.506,-129.59566,84.06196,0,0,0,0,2.7227101,2.7227101,none,true,0,0,0,Stand,1.5344574,,,,1,0->0:Exact,NONE
2137,35.639219,0.016791,-8976.506,-129.59566,84.06196,0,0,0,0,2.7227101,2.7227101,none,true,0,0,0,Stand,1.5512488,,,,1,0->0:Exact,NONE
2138,35.656010,0.016627,-8976.506,-129.59566,84.06196,0,0,0,0,2.7227101,2.7227101,none,true,0,0,0,Stand,1.5678762,,,,1,0->0:Exact,NONE
2139,35.672637,0.016596,-8976.506,-129.59566,84.06196,0,0,0,0,2.7227101,2.7227101,none,true,0,0,0,Stand,1.5844727,,,,1,0->0:Exact,NONE
2140,35.689234,0.016629,-8976.506,-129.59566,84.06196,0,0,0,0,2.7227101,2.7227101,none,true,0,0,0,Stand,1.6011021,,,,1,0->0:Exact,NONE
2141,35.705863,0.016540,-8976.506,-129.59566,84.06196,0,0,0,0,2.7227101,2.7227101,none,true,0,0,0,Stand,1.6176425,,,,1,0->0:Exact,NONE
2142,35.722404,0.016809,-8976.506,-129.59566,84.06196,0,0,0,0,2.7227101,2.7227101,none,true,0,0,0,Stand,1.634451,,,,1,0->0:Exact,NONE
2143,35.739212,0.016711,-8976.506,-129.59566,84.06196,0,0,0,0,2.7227101,2.7227101,none,true,0,0,0,Stand,1.6511623,,,,1,0->0:Exact,NONE
2144,35.755923,0.016579,-8976.506,-129.59566,84.06196,0,0,0,0,2.7227101,2.7227101,none,true,0,0,0,Stand,1.6677413,,,,1,0->0:Exact,NONE
2145,35.772502,0.016764,-8976.506,-129.59566,84.06196,0,0,0,0,2.7227101,2.7227101,none,true,0,0,0,Stand,1.6845056,,,,1,0->0:Exact,NONE
2146,35.789267,0.016634,-8976.506,-129.59566,84.06196,0,0,0,0,2.7227101,2.7227101,none,true,0,0,0,Stand,1.7011393,,,,1,0->0:Exact,NONE
2147,35.805900,0.018318,-8976.506,-129.59566,84.06196,0,0,0,0,2.7227101,2.7227101,none,true,0,0,0,Stand,1.7194574,,,,1,0->0:Exact,NONE
2148,35.824218,0.015592,-8976.506,-129.59566,84.06196,0,0,0,0,2.7227101,2.7227101,none,true,0,0,0,Stand,1.7350492,,,,1,0->0:Exact,NONE
2149,35.839810,0.050000,-8976.506,-129.59566,84.06196,0,0,0,0,2.7227101,2.7227101,none,true,0,0,0,Stand,1.7850492,,,,1,0->0:Exact,NONE
2150,35.889810,0.006240,-8976.506,-129.59566,84.06196,0,0,0,0,2.7227101,2.7227101,none,true,0,0,0,Stand,1.7912894,,,,1,0->0:Exact,NONE
2151,35.896051,0.002111,-8976.506,-129.59566,84.06196,0,0,0,0,2.7227101,2.7227101,none,true,0,0,0,Stand,1.7934008,,,,1,0->0:Exact,NONE
2152,35.898162,0.003590,-8976.506,-129.59566,84.06196,0,0,0,0,2.7227101,2.7227101,none,true,0,0,0,Stand,1.7969911,,,,1,0->0:Exact,NONE
2153,35.901752,0.016542,-8976.506,-129.59566,84.06196,0,0,0,0,2.7227101,2.7227101,none,true,0,0,0,Stand,1.8135332,,,,1,0->0:Exact,NONE
2154,35.918294,0.016638,-8976.506,-129.59566,84.06196,0,0,0,0,2.7227101,2.7227101,none,true,0,0,0,Stand,1.8301712,,,,1,0->0:Exact,NONE
2155,35.934932,0.016590,-8976.506,-129.59566,84.06196,0,0,0,0,2.7227101,2.7227101,none,true,0,0,0,Stand,1.8467607,,,,1,0->0:Exact,NONE
2156,35.951522,0.017035,-8976.506,-129.59566,84.06196,0,0,0,0,2.7227101,2.7227101,none,true,0,0,0,Stand,1.863796,,,,1,0->0:Exact,NONE
2157,35.968557,0.016321,-8976.506,-129.59566,84.06196,0,0,0,0,2.7227101,2.7227101,none,true,0,0,0,Stand,1.880117,,,,1,0->0:Exact,NONE
2158,35.984878,0.016705,-8976.506,-129.59566,84.06196,0,0,0,0,2.7227101,2.7227101,none,true,0,0,0,Stand,1.8968225,,,,1,0->0:Exact,NONE
2159,36.001584,0.017492,-8976.506,-129.59566,84.06196,0,0,0,0,2.7227101,2.7227101,none,true,0,0,0,Stand,1.9143144,,,,1,0->0:Exact,NONE
2160,36.019075,0.015881,-8976.506,-129.59566,84.06196,0,0,0,0,2.7227101,2.7227101,none,true,0,0,0,Stand,1.930195,,,,1,0->0:Exact,NONE
2161,36.034956,0.016625,-8976.506,-129.59566,84.06196,0,0,0,0,2.7227101,2.7227101,none,true,0,0,0,Stand,1.9468198,,,,1,0->0:Exact,NONE
2162,36.051581,0.016721,-8976.506,-129.59566,84.06196,0,0,0,0,2.7227101,2.7227101,none,true,0,0,0,Stand,1.963541,,,,1,0->0:Exact,NONE
2163,36.068302,0.016899,-8976.506,-129.59566,84.06196,0,0,0,0,2.7227101,2.7227101,none,true,0,0,0,Stand,1.9804404,,,,1,0->0:Exact,NONE
2164,36.085202,0.016402,-8976.506,-129.59566,84.06196,0,0,0,0,2.7227101,2.7227101,none,true,0,0,0,Stand,1.9968426,,,,1,0->0:Exact,NONE
2165,36.101604,0.016865,-8976.506,-129.59566,84.06196,0,0,0,0,2.7227101,2.7227101,none,true,0,0,0,Stand,2.013708,,,,1,0->0:Exact,NONE
2166,36.118469,0.016677,-8976.506,-129.59566,84.06196,0,0,0,0,2.7227101,2.7227101,none,true,0,0,0,Stand,2.030385,,,,1,0->0:Exact,NONE
2167,36.135146,0.016576,-8976.506,-129.59566,84.06196,0,0,0,0,2.7227101,2.7227101,none,true,0,0,0,Stand,2.0469613,,,,1,0->0:Exact,NONE
2168,36.151723,0.016594,-8976.506,-129.59566,84.06196,0,0,0,0,2.7227101,2.7227101,none,true,0,0,0,Stand,2.063555,,,,1,0->0:Exact,NONE
2169,36.168316,0.016846,-8976.506,-129.59566,84.06196,0,0,0,0,2.7227101,2.7227101,none,true,0,0,0,Stand,2.0804007,,,,1,0->0:Exact,NONE
2170,36.185162,0.016887,-8976.506,-129.59566,84.06196,0,0,0,0,2.7227101,2.7227101,none,true,0,0,0,Stand,2.097288,,,,1,0->0:Exact,NONE
2171,36.202049,0.016973,-8976.506,-129.59566,84.06196,0,0,0,0,2.7227101,2.7227101,none,true,0,0,0,Stand,2.1142614,,,,1,0->0:Exact,NONE
2172,36.219023,0.016023,-8976.506,-129.59566,84.06196,0,0,0,0,2.7227101,2.7227101,none,true,0,0,0,Stand,2.1302845,,,,1,0->0:Exact,NONE
2173,36.235046,0.016794,-8976.506,-129.59566,84.06196,0,0,0,0,2.7227101,2.7227101,none,true,0,0,0,Stand,2.1470788,,,,1,0->0:Exact,NONE
2174,36.251840,0.017065,-8976.506,-129.59566,84.06196,0,0,0,0,2.7227101,2.7227101,none,true,0,0,0,Stand,2.1641433,,,,1,0->0:Exact,NONE
2175,36.268904,0.016261,-8976.506,-129.59566,84.06196,0,0,0,0,2.7227101,2.7227101,none,true,0,0,0,Stand,2.1804044,,,,1,0->0:Exact,NONE
2176,36.285166,0.016666,-8976.506,-129.59566,84.06196,0,0,0,0,2.7227101,2.7227101,none,true,0,0,0,Stand,2.1970708,,,,1,0->0:Exact,NONE
2177,36.301832,0.016660,-8976.506,-129.59566,84.06196,0,0,0,0,2.7227101,2.7227101,none,true,0,0,0,Stand,2.213731,,,,1,0->0:Exact,NONE
2178,36.318492,0.016712,-8976.506,-129.59566,84.06196,0,0,0,0,2.7227101,2.7227101,none,true,0,0,0,Stand,2.2304428,,,,1,0->0:Exact,NONE
2179,36.335204,0.016813,-8976.506,-129.59566,84.06196,0,0,0,0,2.7227101,2.7227101,none,true,0,0,0,Stand,2.2472558,,,,1,0->0:Exact,NONE
2180,36.352017,0.016632,-8976.506,-129.59566,84.06196,0,0,0,0,2.7227101,2.7227101,none,true,0,0,0,Stand,2.2638884,,,,1,0->0:Exact,NONE
2181,36.368649,0.016647,-8976.506,-129.59566,84.06196,0,0,0,0,2.7227101,2.7227101,none,true,0,0,0,Stand,2.2805347,,,,1,0->0:Exact,NONE
2182,36.385296,0.016732,-8976.506,-129.59566,84.06196,0,0,0,0,2.7227101,2.7227101,none,true,0,0,0,Stand,2.2972662,,,,1,0->0:Exact,NONE
2183,36.402027,0.016486,-8976.506,-129.59566,84.06196,0,0,0,0,2.7227101,2.7227101,none,true,0,0,0,Stand,2.3137527,,,,1,0->0:Exact,NONE
2184,36.418514,0.016685,-8976.506,-129.59566,84.06196,0,0,0,0,2.7227101,2.7227101,none,true,0,0,0,Stand,2.3304374,,,,1,0->0:Exact,NONE
2185,36.435199,0.016778,-8976.506,-129.59566,84.06196,0,0,0,0,2.7227101,2.7227101,none,true,0,0,0,Stand,2.3472154,,,,1,0->0:Exact,NONE
2186,36.451977,0.016779,-8976.506,-129.59566,84.06196,0,0,0,0,2.7227101,2.7227101,none,true,0,0,0,Stand,2.3639944,,,,1,0->0:Exact,NONE
2187,36.468756,0.016710,-8976.506,-129.59566,84.06196,0,0,0,0,2.7227101,2.7227101,none,true,0,0,0,Stand,2.3807042,,,,1,0->0:Exact,NONE
2188,36.485465,0.016632,-8976.506,-129.59566,84.06196,0,0,0,0,2.7227101,2.7227101,none,true,0,0,0,Stand,2.3973362,,,,1,0->0:Exact,NONE
2189,36.502097,0.017870,-8976.506,-129.59566,84.06196,0,0,0,0,2.7227101,2.7227101,none,true,0,0,0,Stand,2.415206,,,,1,0->0:Exact,NONE
2190,36.519967,0.015405,-8976.506,-129.59566,84.06196,0,0,0,0,2.7227101,2.7227101,none,true,0,0,0,Stand,2.4306107,,,,1,0->0:Exact,NONE
2191,36.535372,0.016785,-8976.506,-129.59566,84.06196,0,0,0,0,2.7227101,2.7227101,none,true,0,0,0,Stand,2.4473958,,,,1,0->0:Exact,NONE
2192,36.552157,0.016532,-8976.506,-129.59566,84.06196,0,0,0,0,2.7227101,2.7227101,none,true,0,0,0,Stand,2.463928,,,,1,0->0:Exact,NONE
2193,36.568689,0.017077,-8976.506,-129.59566,84.06196,0,0,0,0,2.7227101,2.7227101,none,true,0,0,0,Stand,2.4810047,,,,1,0->0:Exact,NONE
2194,36.585766,0.016383,-8976.506,-129.59566,84.06196,0,0,0,0,2.7227101,2.7227101,none,true,0,0,0,Stand,2.4973876,,,,1,0->0:Exact,NONE
2195,36.602149,0.016626,-8976.506,-129.59566,84.06196,0,0,0,0,2.7227101,2.7227101,none,true,0,0,0,Stand,2.514014,,,,1,0->0:Exact,NONE
2196,36.618775,0.016818,-8976.506,-129.59566,84.06196,0,0,0,0,2.7227101,2.7227101,none,true,0,0,0,Stand,2.5308325,,,,1,0->0:Exact,NONE
2197,36.635594,0.016663,-8976.506,-129.59566,84.06196,0,0,0,0,2.7227101,2.7227101,none,true,0,0,0,Stand,2.5474951,,,,1,0->0:Exact,NONE
2198,36.652256,0.016732,-8976.506,-129.59566,84.06196,0,0,0,0,2.7227101,2.7227101,none,true,0,0,0,Stand,2.5642273,,,,1,0->0:Exact,NONE
2199,36.668989,0.016668,-8976.506,-129.59566,84.06196,0,0,0,0,2.7227101,2.7227101,none,true,0,0,0,Stand,2.5808954,,,,1,0->0:Exact,NONE
2200,36.685657,0.016789,-8976.506,-129.59566,84.06196,0,0,0,0,2.7227101,2.7227101,none,true,0,0,0,Stand,2.5976841,,,,1,0->0:Exact,NONE
2201,36.702445,0.017200,-8976.506,-129.59566,84.06196,0,0,0,0,2.7227101,2.7227101,none,true,0,0,0,Stand,2.6148844,,,,1,0->0:Exact,NONE
2202,36.719646,0.015943,-8976.506,-129.59566,84.06196,0,0,0,0,2.7227101,2.7227101,none,true,0,0,0,Stand,2.630827,,,,1,0->0:Exact,NONE
2203,36.735588,0.016928,-8976.506,-129.59566,84.06196,0,0,0,0,2.7227101,2.7227101,none,true,0,0,0,Stand,2.6477547,,,,1,0->0:Exact,NONE
2204,36.752516,0.016449,-8976.506,-129.59566,84.06196,0,0,0,0,2.7227101,2.7227101,none,true,0,0,0,Stand,2.6642041,,,,1,0->0:Exact,NONE
2205,36.768966,0.016744,-8976.506,-129.59566,84.06196,0,0,0,0,2.7227101,2.7227101,none,true,0,0,0,Stand,2.6809483,,,,1,0->0:Exact,NONE
2206,36.785710,0.016754,-8976.506,-129.59566,84.06196,0,0,0,0,2.7227101,2.7227101,none,true,0,0,0,Stand,2.6977026,,,,1,0->0:Exact,NONE
2207,36.802464,0.016521,-8976.506,-129.59566,84.06196,0,0,0,0,2.7227101,2.7227101,none,true,0,0,0,Stand,2.7142234,,,,1,0->0:Exact,NONE
2208,36.818985,0.016734,-8976.506,-129.59566,84.06196,0,0,0,0,2.7227101,2.7227101,none,true,0,0,0,Stand,2.7309573,,,,1,0->0:Exact,NONE
2209,36.835718,0.016619,-8976.506,-129.59566,84.06196,0,0,0,0,2.7227101,2.7227101,none,true,0,0,0,Stand,2.747576,,,,1,0->0:Exact,NONE
2210,36.852337,0.016658,-8976.506,-129.59566,84.06196,0,0,0,0,2.7227101,2.7227101,none,true,0,0,0,Stand,2.7642336,,,,1,0->0:Exact,NONE
2211,36.868995,0.016606,-8976.506,-129.59566,84.06196,0,0,0,0,2.7227101,2.7227101,none,true,0,0,0,Stand,2.78084,,,,1,0->0:Exact,NONE
2212,36.885601,0.016725,-8976.506,-129.59566,84.06196,0,0,0,0,2.7227101,2.7227101,none,true,0,0,0,Stand,2.7975652,,,,1,0->0:Exact,NONE
2213,36.902327,0.016800,-8976.506,-129.59566,84.06196,0,0,0,0,2.7227101,2.7227101,none,true,0,0,0,Stand,2.8143656,,,,1,0->0:Exact,NONE
2214,36.919127,0.016499,-8976.506,-129.59566,84.06196,0,0,0,0,2.7227101,2.7227101,none,true,0,0,0,Stand,2.8308644,,,,1,0->0:Exact,NONE
2215,36.935626,0.016678,-8976.506,-129.59566,84.06196,0,0,0,0,2.7227101,2.7227101,none,true,0,0,0,Stand,2.8475425,,,,1,0->0:Exact,NONE
2216,36.952304,0.016979,-8976.506,-129.59566,84.06196,0,0,0,0,2.7227101,2.7227101,none,true,0,0,0,Stand,2.864522,,,,1,0->0:Exact,NONE
2217,36.969283,0.016407,-8976.506,-129.59566,84.06196,0,0,0,0,2.7227101,2.7227101,none,true,0,0,0,Stand,2.8809285,,,,1,0->0:Exact,NONE
2218,36.985690,0.016936,-8976.506,-129.59566,84.06196,0,0,0,0,2.7227101,2.7227101,none,true,0,0,0,Stand,2.8978643,,,,1,0->0:Exact,NONE
2219,37.002626,0.017891,-8976.506,-129.59566,84.06196,0,0,0,0,2.7227101,2.7227101,none,true,0,0,0,Stand,2.9157555,,,,1,0->0:Exact,NONE
2220,37.020517,0.015308,-8976.506,-129.59566,84.06196,0,0,0,0,2.7227101,2.7227101,none,true,0,0,0,Stand,2.931064,,,,1,0->0:Exact,NONE
2221,37.035825,0.016727,-8976.506,-129.59566,84.06196,0,0,0,0,2.7227101,2.7227101,none,true,0,0,0,Stand,2.947791,,,,1,0->0:Exact,NONE
2222,37.052552,0.016564,-8976.506,-129.59566,84.06196,0,0,0,0,2.7227101,2.7227101,none,true,0,0,0,Stand,2.9643552,,,,1,0->0:Exact,NONE
2223,37.069116,0.016745,-8976.506,-129.59566,84.06196,0,0,0,0,2.7227101,2.7227101,none,true,0,0,0,Stand,2.9811,,,,1,0->0:Exact,NONE
2224,37.085861,0.016594,-8976.506,-129.59566,84.06196,0,0,0,0,2.7227101,2.7227101,none,true,0,0,0,Stand,2.9976943,,,,1,0->0:Exact,NONE
2225,37.102455,0.016793,-8976.506,-129.59566,84.06196,0,0,0,0,2.7227101,2.7227101,none,true,0,0,0,Stand,3.0144873,,,,1,0->0:Exact,NONE
2226,37.119248,0.016836,-8976.506,-129.59566,84.06196,0,0,0,0,2.7227101,2.7227101,none,true,0,0,0,Stand,3.0313234,,,,1,0->0:Exact,NONE
2227,37.136084,0.016508,-8976.506,-129.59566,84.06196,0,0,0,0,2.7227101,2.7227101,none,true,0,0,0,Stand,3.0478315,,,,1,0->0:Exact,NONE
2228,37.152593,0.016697,-8976.506,-129.59566,84.06196,0,0,0,0,2.7227101,2.7227101,none,true,0,0,0,Stand,3.0645285,,,,1,0->0:Exact,NONE
2229,37.169290,0.016631,-8976.506,-129.59566,84.06196,0,0,0,0,2.7227101,2.7227101,none,true,0,0,0,Stand,3.0811598,,,,1,0->0:Exact,NONE
2230,37.185921,0.017010,-8976.506,-129.59566,84.06196,0,0,0,0,2.7227101,2.7227101,none,true,0,0,0,Stand,3.09817,,,,1,0->0:Exact,NONE
2231,37.202931,0.017872,-8976.506,-129.59566,84.06196,0,0,0,0,2.7227101,2.7227101,none,true,0,0,0,Stand,3.1160424,,,,1,0->0:Exact,NONE
2232,37.220803,0.015371,-8976.506,-129.59566,84.06196,0,0,0,0,2.7227101,2.7227101,none,true,0,0,0,Stand,3.131413,,,,1,0->0:Exact,NONE
2233,37.236174,0.016625,-8976.506,-129.59566,84.06196,0,0,0,0,2.7227101,2.7227101,none,true,0,0,0,Stand,3.1480377,,,,1,0->0:Exact,NONE
2234,37.252799,0.016763,-8976.506,-129.59566,84.06196,0,0,0,0,2.7227101,2.7227101,none,true,0,0,0,Stand,3.1648006,,,,1,0->0:Exact,NONE
2235,37.269562,0.016456,-8976.506,-129.59566,84.06196,0,0,0,0,2.7227101,2.7227101,none,true,0,0,0,Stand,3.1812565,,,,1,0->0:Exact,NONE
2236,37.286018,0.016718,-8976.506,-129.59566,84.06196,0,0,0,0,2.7227101,2.7227101,none,true,0,0,0,Stand,3.1979744,,,,1,0->0:Exact,NONE
2237,37.302736,0.016856,-8976.506,-129.59566,84.06196,0,0,0,0,2.7227101,2.7227101,none,true,0,0,0,Stand,3.2148304,,,,1,0->0:Exact,NONE
2238,37.319592,0.016403,-8976.506,-129.59566,84.06196,0,0,0,0,2.7227101,2.7227101,none,true,0,0,0,Stand,3.2312331,,,,1,0->0:Exact,NONE
2239,37.335994,0.016797,-8976.506,-129.59566,84.06196,0,0,0,0,2.7227101,2.7227101,none,true,0,0,0,Stand,3.24803,,,,1,0->0:Exact,NONE
2240,37.352791,0.016657,-8976.506,-129.59566,84.06196,0,0,0,0,2.7227101,2.7227101,none,true,0,0,0,Stand,3.2646866,,,,1,0->0:Exact,NONE
2241,37.369448,0.016674,-8976.506,-129.59566,84.06196,0,0,0,0,2.7227101,2.7227101,none,true,0,0,0,Stand,3.281361,,,,1,0->0:Exact,NONE
2242,37.386122,0.016618,-8976.506,-129.59566,84.06196,0,0,0,0,2.7227101,2.7227101,none,true,0,0,0,Stand,3.2979789,,,,1,0->0:Exact,NONE
2243,37.402740,0.017649,-8976.506,-129.59566,84.06196,0,0,0,0,2.7227101,2.7227101,none,true,0,0,0,Stand,3.3156283,,,,1,0->0:Exact,NONE
2244,37.420389,0.015851,-8976.506,-129.59566,84.06196,0,0,0,0,2.7227101,2.7227101,none,true,0,0,0,Stand,3.331479,,,,1,0->0:Exact,NONE
2245,37.436240,0.016643,-8976.506,-129.59566,84.06196,0,0,0,0,2.7227101,2.7227101,none,true,0,0,0,Stand,3.3481216,,,,1,0->0:Exact,NONE
2246,37.452883,0.017106,-8976.506,-129.59566,84.06196,0,0,0,0,2.7227101,2.7227101,none,true,0,0,0,Stand,3.3652272,,,,1,0->0:Exact,NONE
2247,37.469988,0.017307,-8976.506,-129.59566,84.06196,0,0,0,0,2.7227101,2.7227101,none,true,0,0,0,Stand,3.3825343,,,,1,0->0:Exact,NONE
2248,37.487295,0.015600,-8976.506,-129.59566,84.06196,0,0,0,0,2.7227101,2.7227101,none,true,0,0,0,Stand,3.3981345,,,,1,0->0:Exact,NONE
2249,37.502896,0.016677,-8976.506,-129.59566,84.06196,0,0,0,0,2.7227101,2.7227101,none,true,0,0,0,Stand,3.4148118,,,,1,0->0:Exact,NONE
2250,37.519573,0.016662,-8976.506,-129.59566,84.06196,0,0,0,0,2.7227101,2.7227101,none,true,0,0,0,Stand,3.4314742,,,,1,0->0:Exact,NONE
2251,37.536235,0.017057,-8976.506,-129.59566,84.06196,0,0,0,0,2.7227101,2.7227101,none,true,0,0,0,Stand,3.4485314,,,,1,0->0:Exact,NONE
2252,37.553293,0.016434,-8976.506,-129.59566,84.06196,0,0,0,0,2.7227101,2.7227101,none,true,0,0,0,Stand,3.4649653,,,,1,0->0:Exact,NONE
2253,37.569726,0.016949,-8976.506,-129.59566,84.06196,0,0,0,0,2.7227101,2.7227101,none,true,0,0,0,Stand,3.4819145,,,,1,0->0:Exact,NONE
2254,37.586676,0.016216,-8976.506,-129.59566,84.06196,0,0,0,0,2.7227101,2.7227101,none,true,0,0,0,Stand,3.4981308,,,,1,0->0:Exact,NONE
2255,37.602892,0.016705,-8976.506,-129.59566,84.06196,0,0,0,0,2.7227101,2.7227101,none,true,0,0,0,Stand,3.5148356,,,,1,0->0:Exact,NONE
2256,37.619597,0.017260,-8976.506,-129.59566,84.06196,0,0,0,0,2.7227101,2.7227101,none,true,0,0,0,Stand,3.5320952,,,,1,0->0:Exact,NONE
2257,37.636856,0.016835,-8976.506,-129.59566,84.06196,0,0,0,0,2.7227101,2.7227101,none,true,0,0,0,Stand,3.5489304,,,,1,0->0:Exact,NONE
2258,37.653692,0.016266,-8976.506,-129.59566,84.06196,0,0,0,0,2.7227101,2.7227101,none,true,0,0,0,Stand,3.5651965,,,,1,0->0:Exact,NONE
2259,37.669958,0.016377,-8976.506,-129.59566,84.06196,0,0,0,0,2.7227101,2.7227101,none,true,0,0,0,Stand,3.5815737,,,,1,0->0:Exact,NONE
2260,37.686335,0.016812,-8976.506,-129.59566,84.06196,0,0,0,0,2.7227101,2.7227101,none,true,0,0,0,Stand,3.5983856,,,,1,0->0:Exact,NONE
2261,37.703147,0.018709,-8976.506,-129.59566,84.06196,0,0,0,0,2.7227101,2.7227101,none,true,0,0,0,Stand,3.6170948,,,,1,0->0:Exact,NONE
2262,37.721856,0.014664,-8976.506,-129.59566,84.06196,0,0,0,0,2.7227101,2.7227101,none,true,0,0,0,Stand,3.6317592,,,,1,0->0:Exact,NONE
2263,37.736520,0.016513,-8976.506,-129.59566,84.06196,0,0,0,0,2.7227101,2.7227101,none,true,0,0,0,Stand,3.6482716,,,,1,0->0:Exact,NONE
2264,37.753033,0.017589,-8976.506,-129.59566,84.06196,0,0,0,0,2.7227101,2.7227101,none,true,0,0,0,Stand,3.6658607,,,,1,0->0:Exact,NONE
2265,37.770622,0.016055,-8976.506,-129.59566,84.06196,0,0,0,0,2.7227101,2.7227101,none,true,0,0,0,Stand,3.6819153,,,,1,0->0:Exact,NONE
2266,37.786676,0.016975,-8976.506,-129.59566,84.06196,0,0,0,0,2.7227101,2.7227101,none,true,0,0,0,Stand,3.6988902,,,,1,0->0:Exact,NONE
2267,37.803651,0.016165,-8976.506,-129.59566,84.06196,0,0,0,0,2.7227101,2.7227101,none,true,0,0,0,Stand,3.7150548,,,,1,0->0:Exact,NONE
2268,37.819816,0.016783,-8976.506,-129.59566,84.06196,0,0,0,0,2.7227101,2.7227101,none,true,0,0,0,Stand,3.7318377,,,,1,0->0:Exact,NONE
2269,37.836599,0.017461,-8976.506,-129.59566,84.06196,0,0,0,0,2.7227101,2.7227101,none,true,0,0,0,Stand,3.7492983,,,,1,0->0:Exact,NONE
2270,37.854060,0.016262,-8976.506,-129.59566,84.06196,0,0,0,0,2.7227101,2.7227101,none,true,0,0,0,Stand,3.7655609,,,,1,0->0:Exact,NONE
2271,37.870322,0.016325,-8976.506,-129.59566,84.06196,0,0,0,0,2.7227101,2.7227101,none,true,0,0,0,Stand,3.781886,,,,1,0->0:Exact,NONE
2272,37.886647,0.017285,-8976.506,-129.59566,84.06196,0,0,0,0,2.7227101,2.7227101,none,true,0,0,0,Stand,3.7991707,,,,1,0->0:Exact,NONE
2273,37.903932,0.017323,-8976.506,-129.59566,84.06196,0,0,0,0,2.7227101,2.7227101,none,true,0,0,0,Stand,3.8164937,,,,1,0->0:Exact,NONE
2274,37.921255,0.015501,-8976.506,-129.59566,84.06196,0,0,0,0,2.7227101,2.7227101,none,true,0,0,0,Stand,3.8319943,,,,1,0->0:Exact,NONE
2275,37.936756,0.016572,-8976.506,-129.59566,84.06196,0,0,0,0,2.7227101,2.7227101,none,true,0,0,0,Stand,3.8485668,,,,1,0->0:Exact,NONE
2276,37.953328,0.016688,-8976.506,-129.59566,84.06196,0,0,0,0,2.7227101,2.7227101,none,true,0,0,0,Stand,3.8652554,,,,1,0->0:Exact,NONE
2277,37.970016,0.016688,-8976.506,-129.59566,84.06196,0,0,0,0,2.7227101,2.7227101,none,true,0,0,0,Stand,3.8819435,,,,1,0->0:Exact,NONE
2278,37.986704,0.016879,-8976.506,-129.59566,84.06196,0,0,0,0,2.7227101,2.7227101,none,true,0,0,0,Stand,3.8988228,,,,1,0->0:Exact,NONE
2279,38.003584,0.016301,-8976.506,-129.59566,84.06196,0,0,0,0,2.7227101,2.7227101,none,true,0,0,0,Stand,3.9151242,,,,1,0->0:Exact,NONE
2280,38.019885,0.016861,-8976.506,-129.59566,84.06196,0,0,0,0,2.7227101,2.7227101,none,true,0,0,0,Stand,3.931985,,,,1,0->0:Exact,NONE
2281,38.036746,0.017230,-8976.506,-129.59566,84.06196,0,0,0,0,2.7227101,2.7227101,none,true,0,0,0,Stand,3.9492152,,,,1,0->0:Exact,NONE
2282,38.053976,0.016483,-8976.506,-129.59566,84.06196,0,0,0,0,2.7227101,2.7227101,none,true,0,0,0,Stand,3.9656978,,,,1,0->0:Exact,NONE
2283,38.070459,0.016268,-8976.506,-129.59566,84.06196,0,0,0,0,2.7227101,2.7227101,none,true,0,0,0,Stand,3.9819658,,,,1,0->0:Exact,NONE
2284,38.086727,0.016775,-8976.506,-129.59566,84.06196,0,0,0,0,2.7227101,2.7227101,none,true,0,0,0,Stand,3.9987407,,,,1,0->0:Exact,NONE
2285,38.103502,0.017613,-8976.506,-129.59566,84.06196,0,0,0,0,2.7227101,2.7227101,none,true,0,0,0,Stand,4.016353,,,,1,0->0:Exact,NONE
2286,38.121114,0.016087,-8976.506,-129.59566,84.06196,0,0,0,0,2.7227101,2.7227101,none,true,0,0,0,Stand,4.0324407,,,,1,0->0:Exact,NONE
