frame,t,dt,posX,posY,posZ,velX,velY,velZ,horizSpeed,aimYaw,bodyYaw,inputFlags,grounded,verticalVel,fallTimeMs,clipId,clipName,clipTime,clipB,clipBTime,blendWeight,playbackRate,lastAnimChoice,wireSentThisTick
0,0.000000,0.017063,-8949.95,-132.493,83.529526,0,0,0,0,3.1744294,-3.108756,none,true,0,0,0,Stand,0.0649704,,,,1,0->0:Exact,NONE
1,0.017063,0.009625,-8949.95,-132.493,83.529526,0,0,0,0,3.1744294,-3.108756,none,true,0,0,0,Stand,0.074595496,,,,1,0->0:Exact,NONE
2,0.026688,0.008343,-8949.95,-132.493,83.529526,0,0,0,0,3.1744294,-3.108756,none,true,0,0,0,Stand,0.0829386,,,,1,0->0:Exact,NONE
3,0.035031,0.016743,-8949.95,-132.493,83.529526,0,0,0,0,3.1744294,-3.108756,none,true,0,0,0,Stand,0.0996817,,,,1,0->0:Exact,NONE
4,0.051774,0.022814,-8949.95,-132.493,83.529526,0,0,0,0,3.1744294,-3.108756,none,true,0,0,0,Stand,0.1224956,,,,1,0->0:Exact,NONE
5,0.074588,0.016529,-8949.95,-132.493,83.529526,0,0,0,0,3.1744294,-3.108756,none,true,0,0,0,Stand,0.1390242,,,,1,0->0:Exact,NONE
6,0.091116,0.016884,-8949.95,-132.493,83.529526,0,0,0,0,3.1744294,-3.108756,none,true,0,0,0,Stand,0.155908,,,,1,0->0:Exact,NONE
7,0.108000,0.016605,-8949.95,-132.493,83.529526,0,0,0,0,3.1744294,-3.108756,none,true,0,0,0,Stand,0.17251301,,,,1,0->0:Exact,NONE
8,0.124605,0.016606,-8949.95,-132.493,83.529526,0,0,0,0,3.1744294,-3.108756,none,true,0,0,0,Stand,0.1891191,,,,1,0->0:Exact,NONE
9,0.141211,0.010601,-8949.95,-132.493,83.529526,0,0,0,0,3.1744294,-3.108756,none,true,0,0,0,Stand,0.1997202,,,,1,0->0:Exact,NONE
10,0.151812,0.016808,-8949.95,-132.493,83.529526,0,0,0,0,3.1744294,-3.108756,none,true,0,0,0,Stand,0.216528,,,,1,0->0:Exact,NONE
11,0.168620,0.023696,-8949.95,-132.493,83.529526,0,0,0,0,3.1744294,-3.108756,none,true,0,0,0,Stand,0.2402242,,,,1,0->0:Exact,NONE
12,0.192316,0.015421,-8949.95,-132.493,83.529526,0,0,0,0,3.1744294,-3.108756,none,true,0,0,0,Stand,0.2556456,,,,1,0->0:Exact,NONE
13,0.207738,0.010869,-8949.95,-132.493,83.529526,0,0,0,0,3.1744294,-3.108756,none,true,0,0,0,Stand,0.2665143,,,,1,0->0:Exact,NONE
14,0.218606,0.016611,-8949.95,-132.493,83.529526,0,0,0,0,3.1744294,-3.108756,none,true,0,0,0,Stand,0.2831249,,,,1,0->0:Exact,NONE
15,0.235217,0.022703,-8949.95,-132.493,83.529526,0,0,0,0,3.1744294,-3.108756,none,true,0,0,0,Stand,0.3058275,,,,1,0->0:Exact,NONE
16,0.257920,0.010731,-8949.95,-132.493,83.529526,0,0,0,0,3.1744294,-3.108756,none,true,0,0,0,Stand,0.3165588,,,,1,0->0:Exact,NONE
17,0.268651,0.020965,-8949.95,-132.493,83.529526,0,0,0,0,3.1744294,-3.108756,none,true,0,0,0,Stand,0.3375237,,,,1,0->0:Exact,NONE
18,0.289616,0.016754,-8949.95,-132.493,83.529526,0,0,0,0,3.1744294,-3.108756,none,true,0,0,0,Stand,0.3542774,,,,1,0->0:Exact,NONE
19,0.306369,0.012553,-8949.95,-132.493,83.529526,0,0,0,0,3.1744294,-3.108756,none,true,0,0,0,Stand,0.3668303,,,,1,0->0:Exact,NONE
20,0.318922,0.020895,-8949.95,-132.493,83.529526,0,0,0,0,3.1744294,-3.108756,none,true,0,0,0,Stand,0.38772517,,,,1,0->0:Exact,NONE
21,0.339817,0.016468,-8949.95,-132.493,83.529526,0,0,0,0,3.1744294,-3.108756,none,true,0,0,0,Stand,0.40419346,,,,1,0->0:Exact,NONE
22,0.356286,0.012305,-8949.95,-132.493,83.529526,0,0,0,0,3.1744294,-3.108756,none,true,0,0,0,Stand,0.41649806,,,,1,0->0:Exact,NONE
23,0.368590,0.021115,-8949.95,-132.493,83.529526,0,0,0,0,3.1744294,-3.108756,none,true,0,0,0,Stand,0.43761286,,,,1,0->0:Exact,NONE
24,0.389705,0.012428,-8949.95,-132.493,83.529526,0,0,0,0,3.1744294,-3.108756,none,true,0,0,0,Stand,0.45004067,,,,1,0->0:Exact,NONE
25,0.402133,0.021064,-8949.95,-132.493,83.529526,0,0,0,0,3.1744294,-3.108756,none,true,0,0,0,Stand,0.47110516,,,,1,0->0:Exact,NONE
26,0.423197,0.016815,-8949.95,-132.493,83.529526,0,0,0,0,3.1744294,-3.108756,none,true,0,0,0,Stand,0.48792046,,,,1,0->0:Exact,NONE
27,0.440013,0.016897,-8949.95,-132.493,83.529526,0,0,0,0,3.1744294,-3.108756,none,true,0,0,0,Stand,0.50481725,,,,1,0->0:Exact,NONE
28,0.456909,0.016513,-8949.95,-132.493,83.529526,0,0,0,0,3.1744294,-3.108756,none,true,0,0,0,Stand,0.52133024,,,,1,0->0:Exact,NONE
29,0.473422,0.016281,-8949.95,-132.493,83.529526,0,0,0,0,3.1744294,-3.108756,none,true,0,0,0,Stand,0.53761166,,,,1,0->0:Exact,NONE
30,0.489704,0.016493,-8949.95,-132.493,83.529526,0,0,0,0,3.1744294,-3.108756,none,true,0,0,0,Stand,0.5541047,,,,1,0->0:Exact,NONE
31,0.506197,0.012685,-8949.95,-132.493,83.529526,0,0,0,0,3.1744294,-3.108756,none,true,0,0,0,Stand,0.56679,,,,1,0->0:Exact,NONE
32,0.518882,0.021168,-8949.95,-132.493,83.529526,0,0,0,0,3.1744294,-3.108756,none,true,0,0,0,Stand,0.5879583,,,,1,0->0:Exact,NONE
33,0.540050,0.012238,-8949.95,-132.493,83.529526,0,0,0,0,3.1744294,-3.108756,none,true,0,0,0,Stand,0.6001959,,,,1,0->0:Exact,NONE
34,0.552288,0.022446,-8949.95,-132.493,83.529526,0,0,0,0,3.1744294,-3.108756,none,true,0,0,0,Stand,0.62264216,,,,1,0->0:Exact,NONE
35,0.574734,0.015100,-8949.95,-132.493,83.529526,0,0,0,0,3.1744294,-3.108756,none,true,0,0,0,Stand,0.63774204,,,,1,0->0:Exact,NONE
36,0.589834,0.012443,-8949.95,-132.493,83.529526,0,0,0,0,3.1744294,-3.108756,none,true,0,0,0,Stand,0.6501846,,,,1,0->0:Exact,NONE
37,0.602277,0.020888,-8949.95,-132.493,83.529526,0,0,0,0,3.1744294,-3.108756,none,true,0,0,0,Stand,0.6710725,,,,1,0->0:Exact,NONE
38,0.623165,0.012555,-8949.95,-132.493,83.529526,0,0,0,0,3.1744294,-3.108756,none,true,0,0,0,Stand,0.68362767,,,,1,0->0:Exact,NONE
39,0.635720,0.020743,-8949.95,-132.493,83.529526,0,0,0,0,3.1744294,-3.108756,none,true,0,0,0,Stand,0.70437026,,,,1,0->0:Exact,NONE
40,0.656462,0.016391,-8949.95,-132.493,83.529526,0,0,0,0,3.1744294,-3.108756,none,true,0,0,0,Stand,0.7207615,,,,1,0->0:Exact,NONE
41,0.672854,0.012918,-8949.95,-132.493,83.529526,0,0,0,0,3.1744294,-3.108756,none,true,0,0,0,Stand,0.73367965,,,,1,0->0:Exact,NONE
42,0.685772,0.021007,-8949.95,-132.493,83.529526,0,0,0,0,3.1744294,-3.108756,none,true,0,0,0,Stand,0.7546868,,,,1,0->0:Exact,NONE
43,0.706779,0.012169,-8949.95,-132.493,83.529526,0,0,0,0,3.1744294,-3.108756,none,true,0,0,0,Stand,0.7668556,,,,1,0->0:Exact,NONE
44,0.718948,0.020413,-8949.95,-132.493,83.529526,0,0,0,0,3.1744294,-3.108756,none,true,0,0,0,Stand,0.7872688,,,,1,0->0:Exact,NONE
45,0.739361,0.016845,-8949.95,-132.493,83.529526,0,0,0,0,3.1744294,-3.108756,none,true,0,0,0,Stand,0.80411375,,,,1,0->0:Exact,NONE
46,0.756206,0.012736,-8949.95,-132.493,83.529526,0,0,0,0,3.1744294,-3.108756,none,true,0,0,0,Stand,0.81684965,,,,1,0->0:Exact,NONE
47,0.768942,0.020610,-8949.95,-132.493,83.529526,0,0,0,0,3.1744294,-3.108756,none,true,0,0,0,Stand,0.83746004,,,,1,0->0:Exact,NONE
48,0.789552,0.012687,-8949.95,-132.493,83.529526,0,0,0,0,3.1744294,-3.108756,none,true,0,0,0,Stand,0.85014755,,,,1,0->0:Exact,NONE
49,0.802240,0.020383,-8949.95,-132.493,83.529526,0,0,0,0,3.1744294,-3.108756,none,true,0,0,0,Stand,0.8705301,,,,1,0->0:Exact,NONE
50,0.822622,0.017047,-8949.95,-132.493,83.529526,0,0,0,0,3.1744294,-3.108756,none,true,0,0,0,Stand,0.8875771,,,,1,0->0:Exact,NONE
51,0.839669,0.012867,-8949.95,-132.493,83.529526,0,0,0,0,3.1744294,-3.108756,none,true,0,0,0,Stand,0.90044403,,,,1,0->0:Exact,NONE
52,0.852536,0.020524,-8949.95,-132.493,83.529526,0,0,0,0,3.1744294,-3.108756,none,true,0,0,0,Stand,0.92096764,,,,1,0->0:Exact,NONE
53,0.873060,0.012721,-8949.95,-132.493,83.529526,0,0,0,0,3.1744294,-3.108756,none,true,0,0,0,Stand,0.9336888,,,,1,0->0:Exact,NONE
54,0.885781,0.019573,-8949.95,-132.493,83.529526,0,0,0,0,3.1744294,-3.108756,none,true,0,0,0,Stand,0.9532618,,,,1,0->0:Exact,NONE
55,0.905354,0.016825,-8949.95,-132.493,83.529526,0,0,0,0,3.1744294,-3.108756,none,true,0,0,0,Stand,0.9700872,,,,1,0->0:Exact,NONE
56,0.922179,0.013658,-8949.95,-132.493,83.529526,0,0,0,0,3.1744294,-3.108756,none,true,0,0,0,Stand,0.9837453,,,,1,0->0:Exact,NONE
57,0.935837,0.019713,-8949.95,-132.493,83.529526,0,0,0,0,3.1744294,-3.108756,none,true,0,0,0,Stand,1.0034579,,,,1,0->0:Exact,NONE
58,0.955550,0.013611,-8949.95,-132.493,83.529526,0,0,0,0,3.1744294,-3.108756,none,true,0,0,0,Stand,1.0170692,,,,1,0->0:Exact,NONE
59,0.969161,0.019476,-8949.95,-132.493,83.529526,0,0,0,0,3.1744294,-3.108756,none,true,0,0,0,Stand,1.036545,,,,1,0->0:Exact,NONE
60,0.988637,0.016599,-8949.95,-132.493,83.529526,0,0,0,0,3.1744294,-3.108756,none,true,0,0,0,Stand,1.053144,,,,1,0->0:Exact,NONE
61,1.005236,0.016865,-8949.95,-132.493,83.529526,0,0,0,0,3.1744294,-3.108756,none,true,0,0,0,Stand,1.0700086,,,,1,0->0:Exact,NONE
62,1.022101,0.016738,-8949.95,-132.493,83.529526,0,0,0,0,3.1744294,-3.108756,none,true,0,0,0,Stand,1.0867461,,,,1,0->0:Exact,NONE
63,1.038838,0.016564,-8949.95,-132.493,83.529526,0,0,0,0,3.1744294,-3.108756,none,true,0,0,0,Stand,1.1033103,,,,1,0->0:Exact,NONE
64,1.055402,0.016841,-8949.95,-132.493,83.529526,0,0,0,0,3.1744294,-3.108756,none,true,0,0,0,Stand,1.1201509,,,,1,0->0:Exact,NONE
65,1.072243,0.014553,-8949.95,-132.493,83.529526,0,0,0,0,3.1744294,-3.108756,none,true,0,0,0,Stand,1.1347039,,,,1,0->0:Exact,NONE
66,1.086796,0.018634,-8949.95,-132.493,83.529526,0,0,0,0,3.1744294,-3.108756,none,true,0,0,0,Stand,1.1533384,,,,1,0->0:Exact,NONE
67,1.105430,0.016857,-8949.95,-132.493,83.529526,0,0,0,0,3.1744294,-3.108756,none,true,0,0,0,Stand,1.170195,,,,1,0->0:Exact,NONE
68,1.122287,0.016762,-8949.95,-132.493,83.529526,0,0,0,0,3.1744294,-3.108756,none,true,0,0,0,Stand,1.1869574,,,,1,0->0:Exact,NONE
69,1.139049,0.013597,-8949.95,-132.493,83.529526,0,0,0,0,3.1744294,-3.108756,none,true,0,0,0,Stand,1.2005539,,,,1,0->0:Exact,NONE
70,1.152646,0.016840,-8949.95,-132.493,83.529526,0,0,0,0,3.1744294,-3.108756,none,true,0,0,0,Stand,1.2173939,,,,1,0->0:Exact,NONE
71,1.169486,0.016565,-8949.95,-132.493,83.529526,0,0,0,0,3.1744294,-3.108756,none,true,0,0,0,Stand,1.2339588,,,,1,0->0:Exact,NONE
72,1.186051,0.019303,-8949.95,-132.493,83.529526,0,0,0,0,3.1744294,-3.108756,none,true,0,0,0,Stand,1.2532623,,,,1,0->0:Exact,NONE
73,1.205354,0.016848,-8949.95,-132.493,83.529526,0,0,0,0,3.1744294,-3.108756,none,true,0,0,0,Stand,1.27011,,,,1,0->0:Exact,NONE
74,1.222202,0.016995,-8949.95,-132.493,83.529526,0,0,0,0,3.1744294,-3.108756,none,true,0,0,0,Stand,1.287105,,,,1,0->0:Exact,NONE
75,1.239197,0.016176,-8949.95,-132.493,83.529526,0,0,0,0,3.1744294,-3.108756,none,true,0,0,0,Stand,1.3032811,,,,1,0->0:Exact,NONE
76,1.255373,0.016601,-8949.95,-132.493,83.529526,0,0,0,0,3.1744294,-3.108756,none,true,0,0,0,Stand,1.3198819,,,,1,0->0:Exact,NONE
77,1.271974,0.016639,-8949.95,-132.493,83.529526,0,0,0,0,3.1744294,-3.108756,none,true,0,0,0,Stand,1.3365204,,,,1,0->0:Exact,NONE
78,1.288612,0.017086,-8949.95,-132.493,83.529526,0,0,0,0,3.1744294,-3.108756,none,true,0,0,0,Stand,1.3536066,,,,1,0->0:Exact,NONE
79,1.305699,0.014059,-8949.95,-132.493,83.529526,0,0,0,0,3.1744294,-3.108756,none,true,0,0,0,Stand,1.3676656,,,,1,0->0:Exact,NONE
80,1.319758,0.018845,-8949.95,-132.493,83.529526,0,0,0,0,3.1744294,-3.108756,none,true,0,0,0,Stand,1.3865108,,,,1,0->0:Exact,NONE
81,1.338603,0.016852,-8949.95,-132.493,83.529526,0,0,0,0,3.1744294,-3.108756,none,true,0,0,0,Stand,1.403363,,,,1,0->0:Exact,NONE
82,1.355455,0.016438,-8949.95,-132.493,83.529526,0,0,0,0,3.1744294,-3.108756,none,true,0,0,0,Stand,1.4198008,,,,1,0->0:Exact,NONE
83,1.371893,0.015041,-8949.95,-132.493,83.529526,0,0,0,0,3.1744294,-3.108756,none,true,0,0,0,Stand,1.4348413,,,,1,0->0:Exact,NONE
84,1.386933,0.018372,-8949.95,-132.493,83.529526,0,0,0,0,3.1744294,-3.108756,none,true,0,0,0,Stand,1.4532136,,,,1,0->0:Exact,NONE
85,1.405306,0.016675,-8949.95,-132.493,83.529526,0,0,0,0,3.1744294,-3.108756,none,true,0,0,0,Stand,1.4698886,,,,1,0->0:Exact,NONE
86,1.421981,0.016649,-8949.95,-132.493,83.529526,0,0,0,0,3.1744294,-3.108756,none,true,0,0,0,Stand,1.4865378,,,,1,0->0:Exact,NONE
87,1.438630,0.016572,-8949.95,-132.493,83.529526,0,0,0,0,3.1744294,-3.108756,none,true,0,0,0,Stand,1.5031099,,,,1,0->0:Exact,NONE
88,1.455202,0.016956,-8949.95,-132.493,83.529526,0,0,0,0,3.1744294,-3.108756,none,true,0,0,0,Stand,1.5200663,,,,1,0->0:Exact,NONE
89,1.472158,0.016494,-8949.95,-132.493,83.529526,0,0,0,0,3.1744294,-3.108756,none,true,0,0,0,Stand,1.5365608,,,,1,0->0:Exact,NONE
90,1.488653,0.016944,-8949.95,-132.493,83.529526,0,0,0,0,3.1744294,-3.108756,none,true,0,0,0,Stand,1.5535046,,,,1,0->0:Exact,NONE
91,1.505597,0.016377,-8949.95,-132.493,83.529526,0,0,0,0,3.1744294,-3.108756,none,true,0,0,0,Stand,1.569882,,,,1,0->0:Exact,NONE
92,1.521974,0.016836,-8949.95,-132.493,83.529526,0,0,0,0,3.1744294,-3.108756,none,true,0,0,0,Stand,1.5867178,,,,1,0->0:Exact,NONE
93,1.538810,0.016804,-8949.95,-132.493,83.529526,0,0,0,0,3.1744294,-3.108756,none,true,0,0,0,Stand,1.6035216,,,,1,0->0:Exact,NONE
94,1.555614,0.017329,-8949.95,-132.493,83.529526,0,0,0,0,3.1744294,-3.108756,none,true,0,0,0,Stand,1.6208507,,,,1,0->0:Exact,NONE
95,1.572943,0.016152,-8949.95,-132.493,83.529526,0,0,0,0,3.1744294,-3.108756,none,true,0,0,0,Stand,1.6370026,,,,1,0->0:Exact,NONE
96,1.589095,0.016418,-8949.95,-132.493,83.529526,0,0,0,0,3.1744294,-3.108756,none,true,0,0,0,Stand,1.6534202,,,,1,0->0:Exact,NONE
97,1.605512,0.017003,-8949.95,-132.493,83.529526,0,0,0,0,3.1744294,-3.108756,none,true,0,0,0,Stand,1.670423,,,,1,0->0:Exact,NONE
98,1.622515,0.017454,-8949.95,-132.493,83.529526,0,0,0,0,3.1744294,-3.108756,none,true,0,0,0,Stand,1.687877,,,,1,0->0:Exact,NONE
99,1.639969,0.015872,-8949.95,-132.493,83.529526,0,0,0,0,3.1744294,-3.108756,none,true,0,0,0,Stand,1.7037488,,,,1,0->0:Exact,NONE
100,1.655841,0.016366,-8949.95,-132.493,83.529526,0,0,0,0,3.1744294,-3.108756,none,true,0,0,0,Stand,1.7201151,,,,1,0->0:Exact,NONE
101,1.672207,0.016623,-8949.95,-132.493,83.529526,0,0,0,0,3.1744294,-3.108756,none,true,0,0,0,Stand,1.7367384,,,,1,0->0:Exact,NONE
102,1.688830,0.017838,-8949.95,-132.493,83.529526,0,0,0,0,3.1744294,-3.108756,none,true,0,0,0,Stand,1.754576,,,,1,0->0:Exact,NONE
103,1.706668,0.015750,-8949.95,-132.493,83.529526,0,0,0,0,3.1744294,-3.108756,none,true,0,0,0,Stand,1.7703264,,,,1,0->0:Exact,NONE
104,1.722418,0.014044,-8949.95,-132.493,83.529526,0,0,0,0,3.1744294,-3.108756,none,true,0,0,0,Stand,1.78437,,,,1,0->0:Exact,NONE
105,1.736462,0.019290,-8949.95,-132.493,83.529526,0,0,0,0,3.1744294,-3.108756,none,true,0,0,0,Stand,1.8036598,,,,1,0->0:Exact,NONE
106,1.755752,0.017275,-8949.95,-132.493,83.529526,0,0,0,0,3.1744294,-3.108756,none,true,0,0,0,Stand,1.8209345,,,,1,0->0:Exact,NONE
107,1.773026,0.016292,-8949.95,-132.493,83.529526,0,0,0,0,3.1744294,-3.108756,none,true,0,0,0,Stand,1.8372267,,,,1,0->0:Exact,NONE
108,1.789319,0.013725,-8949.95,-132.493,83.529526,0,0,0,0,3.1744294,-3.108756,none,true,0,0,0,Stand,1.8509518,,,,1,0->0:Exact,NONE
109,1.803044,0.019780,-8949.95,-132.493,83.529526,0,0,0,0,3.1744294,-3.108756,none,true,0,0,0,Stand,1.8707314,,,,1,0->0:Exact,NONE
110,1.822823,0.016439,-8949.95,-132.493,83.529526,0,0,0,0,3.1744294,-3.108756,none,true,0,0,0,Stand,1.8871702,,,,1,0->0:Exact,NONE
111,1.839262,0.014314,-8949.95,-132.493,83.529526,0,0,0,0,3.1744294,-3.108756,none,true,0,0,0,Stand,1.9014844,,,,1,0->0:Exact,NONE
112,1.853576,0.019025,-8949.95,-132.493,83.529526,0,0,0,0,3.1744294,-3.108756,none,true,0,0,0,Stand,1.9205095,,,,1,0->0:Exact,NONE
113,1.872601,0.013926,-8949.95,-132.493,83.529526,0,0,0,0,3.1744294,-3.108756,none,true,0,0,0,Stand,1.9344358,,,,1,0->0:Exact,NONE
114,1.886528,0.019828,-8949.95,-132.493,83.529526,0,0,0,0,3.1744294,-3.108756,none,true,0,0,0,Stand,1.9542642,,,,1,0->0:Exact,NONE
115,1.906356,0.016799,-8949.95,-132.493,83.529526,0,0,0,0,3.1744294,-3.108756,none,true,0,0,0,Stand,1.9710629,,,,1,0->0:Exact,NONE
116,1.923155,0.017899,-8949.95,-132.493,83.529526,0,0,0,0,3.1744294,-3.108756,none,true,0,0,0,Stand,1.9889616,,,,1,0->0:Exact,NONE
117,1.941054,0.014903,-8949.95,-132.493,83.529526,0,0,0,0,3.1744294,-3.108756,none,true,0,0,0,Stand,2.0038643,,,,1,0->0:Exact,NONE
118,1.955956,0.016529,-8949.95,-132.493,83.529526,0,0,0,0,3.1744294,-3.108756,none,true,0,0,0,Stand,2.0203934,,,,1,0->0:Exact,NONE
119,1.972485,0.016891,-8949.95,-132.493,83.529526,0,0,0,0,3.1744294,-3.108756,none,true,0,0,0,Stand,2.0372841,,,,1,0->0:Exact,NONE
120,1.989376,0.016524,-8949.95,-132.493,83.529526,0,0,0,0,3.1744294,-3.108756,none,true,0,0,0,Stand,2.0538087,,,,1,0->0:Exact,NONE
121,2.005901,0.014182,-8949.95,-132.493,83.529526,0,0,0,0,3.1744294,-3.108756,none,true,0,0,0,Stand,2.0679905,,,,1,0->0:Exact,NONE
122,2.020083,0.020361,-8949.95,-132.493,83.529526,0,0,0,0,3.1744294,-3.108756,none,true,0,0,0,Stand,2.0883517,,,,1,0->0:Exact,NONE
123,2.040444,0.016225,-8949.95,-132.493,83.529526,0,0,0,0,3.1744294,-3.108756,none,true,0,0,0,Stand,2.1045768,,,,1,0->0:Exact,NONE
124,2.056669,0.016406,-8949.95,-132.493,83.529526,0,0,0,0,3.1744294,-3.108756,none,true,0,0,0,Stand,2.1209824,,,,1,0->0:Exact,NONE
125,2.073074,0.013724,-8949.95,-132.493,83.529526,0,0,0,0,3.1744294,-3.108756,none,true,0,0,0,Stand,2.1347063,,,,1,0->0:Exact,NONE
126,2.086798,0.019079,-8949.95,-132.493,83.529526,0,0,0,0,3.1744294,-3.108756,none,true,0,0,0,Stand,2.1537848,,,,1,0->0:Exact,NONE
127,2.105877,0.014490,-8949.95,-132.493,83.529526,0,0,0,0,3.1744294,-3.108756,none,true,0,0,0,Stand,2.1682749,,,,1,0->0:Exact,NONE
128,2.120367,0.017847,-8949.95,-132.493,83.529526,0,0,0,0,3.1744294,-3.108756,none,true,0,0,0,Stand,2.1861215,,,,1,0->0:Exact,NONE
129,2.138214,0.018465,-8949.95,-132.493,83.529526,0,0,0,0,3.1744294,-3.108756,none,true,0,0,0,Stand,2.2045867,,,,1,0->0:Exact,NONE
130,2.156679,0.014058,-8949.95,-132.493,83.529526,0,0,0,0,3.1744294,-3.108756,none,true,0,0,0,Stand,2.2186446,,,,1,0->0:Exact,NONE
131,2.170737,0.018830,-8949.95,-132.493,83.529526,0,0,0,0,3.1744294,-3.108756,none,true,0,0,0,Stand,2.237475,,,,1,0->0:Exact,NONE
132,2.189567,0.014054,-8949.95,-132.493,83.529526,0,0,0,0,3.1744294,-3.108756,none,true,0,0,0,Stand,2.2515292,,,,1,0->0:Exact,NONE
133,2.203621,0.019068,-8949.95,-132.493,83.529526,0,0,0,0,3.1744294,-3.108756,none,true,0,0,0,Stand,2.2705972,,,,1,0->0:Exact,NONE
134,2.222689,0.014019,-8949.95,-132.493,83.529526,0,0,0,0,3.1744294,-3.108756,none,true,0,0,0,Stand,2.2846162,,,,1,0->0:Exact,NONE
135,2.236708,0.019247,-8949.95,-132.493,83.529526,0,0,0,0,3.1744294,-3.108756,none,true,0,0,0,Stand,2.3038635,,,,1,0->0:Exact,NONE
136,2.255956,0.014205,-8949.95,-132.493,83.529526,0,0,0,0,3.1744294,-3.108756,none,true,0,0,0,Stand,2.3180685,,,,1,0->0:Exact,NONE
137,2.270160,0.019094,-8949.95,-132.493,83.529526,0,0,0,0,3.1744294,-3.108756,none,true,0,0,0,Stand,2.337163,,,,1,0->0:Exact,NONE
138,2.289255,0.014524,-8949.95,-132.493,83.529526,0,0,0,0,3.1744294,-3.108756,none,true,0,0,0,Stand,2.3516874,,,,1,0->0:Exact,NONE
139,2.303779,0.019273,-8949.95,-132.493,83.529526,0,0,0,0,3.1744294,-3.108756,none,true,0,0,0,Stand,2.3709602,,,,1,0->0:Exact,NONE
140,2.323052,0.016455,-8949.95,-132.493,83.529526,0,0,0,0,3.1744294,-3.108756,none,true,0,0,0,Stand,2.387415,,,,1,0->0:Exact,NONE
141,2.339507,0.016450,-8949.95,-132.493,83.529526,0,0,0,0,3.1744294,-3.108756,none,true,0,0,0,Stand,2.4038646,,,,1,0->0:Exact,NONE
142,2.355956,0.016993,-8949.95,-132.493,83.529526,0,0,0,0,3.1744294,-3.108756,none,true,0,0,0,Stand,2.4208577,,,,1,0->0:Exact,NONE
143,2.372949,0.017104,-8949.95,-132.493,83.529526,0,0,0,0,3.1744294,-3.108756,none,true,0,0,0,Stand,2.4379613,,,,1,0->0:Exact,NONE
144,2.390053,0.016368,-8949.95,-132.493,83.529526,0,0,0,0,3.1744294,-3.108756,none,true,0,0,0,Stand,2.4543297,,,,1,0->0:Exact,NONE
145,2.406421,0.016320,-8949.95,-132.493,83.529526,0,0,0,0,3.1744294,-3.108756,none,true,0,0,0,Stand,2.4706502,,,,1,0->0:Exact,NONE
146,2.422742,0.016797,-8949.95,-132.493,83.529526,0,0,0,0,3.1744294,-3.108756,none,true,0,0,0,Stand,2.4874475,,,,1,0->0:Exact,NONE
147,2.439539,0.016928,-8949.95,-132.493,83.529526,0,0,0,0,3.1744294,-3.108756,none,true,0,0,0,Stand,2.5043755,,,,1,0->0:Exact,NONE
148,2.456467,0.016532,-8949.95,-132.493,83.529526,0,0,0,0,3.1744294,-3.108756,none,true,0,0,0,Stand,2.5209076,,,,1,0->0:Exact,NONE
149,2.472999,0.016684,-8949.95,-132.493,83.529526,0,0,0,0,3.1744294,-3.108756,none,true,0,0,0,Stand,2.5375915,,,,1,0->0:Exact,NONE
150,2.489683,0.016516,-8949.95,-132.493,83.529526,0,0,0,0,3.1744294,-3.108756,none,true,0,0,0,Stand,2.5541074,,,,1,0->0:Exact,NONE
151,2.506199,0.016555,-8949.95,-132.493,83.529526,0,0,0,0,3.1744294,-3.108756,none,true,0,0,0,Stand,2.5706627,,,,1,0->0:Exact,NONE
152,2.522755,0.016838,-8949.95,-132.493,83.529526,0,0,0,0,3.1744294,-3.108756,none,true,0,0,0,Stand,2.587501,,,,1,0->0:Exact,NONE
153,2.539593,0.016896,-8949.95,-132.493,83.529526,0,0,0,0,3.1744294,-3.108756,none,true,0,0,0,Stand,2.604397,,,,1,0->0:Exact,NONE
154,2.556489,0.016621,-8949.95,-132.493,83.529526,0,0,0,0,3.1744294,-3.108756,none,true,0,0,0,Stand,2.6210182,,,,1,0->0:Exact,NONE
155,2.573110,0.016515,-8949.95,-132.493,83.529526,0,0,0,0,3.1744294,-3.108756,none,true,0,0,0,Stand,2.637533,,,,1,0->0:Exact,NONE
156,2.589625,0.016642,-8949.95,-132.493,83.529526,0,0,0,0,3.1744294,-3.108756,none,true,0,0,0,Stand,2.654175,,,,1,0->0:Exact,NONE
157,2.606267,0.017248,-8949.95,-132.493,83.529526,0,0,0,0,3.1744294,-3.108756,none,true,0,0,0,Stand,2.671423,,,,1,0->0:Exact,NONE
158,2.623515,0.017442,-8949.95,-132.493,83.529526,0,0,0,0,3.1744294,-3.108756,none,true,0,0,0,Stand,2.688865,,,,1,0->0:Exact,NONE
159,2.640957,0.013017,-8949.95,-132.493,83.529526,0,0,0,0,3.1744294,-3.108756,none,true,0,0,0,Stand,2.7018816,,,,1,0->0:Exact,NONE
160,2.653973,0.016751,-8949.95,-132.493,83.529526,0,0,0,0,3.1744294,-3.108756,none,true,0,0,0,Stand,2.7186327,,,,1,0->0:Exact,NONE
161,2.670724,0.016595,-8949.95,-132.493,83.529526,0,0,0,0,3.1744294,-3.108756,none,true,0,0,0,Stand,2.7352273,,,,1,0->0:Exact,NONE
162,2.687319,0.016662,-8949.95,-132.493,83.529526,0,0,0,0,3.1744294,-3.108756,none,true,0,0,0,Stand,2.7518892,,,,1,0->0:Exact,NONE
163,2.703981,0.016654,-8949.95,-132.493,83.529526,0,0,0,0,3.1744294,-3.108756,none,true,0,0,0,Stand,2.7685432,,,,1,0->0:Exact,NONE
164,2.720635,0.016698,-8949.95,-132.493,83.529526,0,0,0,0,3.1744294,-3.108756,none,true,0,0,0,Stand,2.785241,,,,1,0->0:Exact,NONE
165,2.737333,0.016770,-8949.95,-132.493,83.529526,0,0,0,0,3.1744294,-3.108756,none,true,0,0,0,Stand,2.8020113,,,,1,0->0:Exact,NONE
166,2.754103,0.016705,-8949.95,-132.493,83.529526,0,0,0,0,3.1744294,-3.108756,none,true,0,0,0,Stand,2.818716,,,,1,0->0:Exact,NONE
167,2.770808,0.019749,-8949.95,-132.493,83.529526,0,0,0,0,3.1744294,-3.108756,none,true,0,0,0,Stand,2.838465,,,,1,0->0:Exact,NONE
168,2.790557,0.013592,-8949.95,-132.493,83.529526,0,0,0,0,3.1744294,-3.108756,none,true,0,0,0,Stand,2.8520567,,,,1,0->0:Exact,NONE
169,2.804148,0.016925,-8949.95,-132.493,83.529526,0,0,0,0,3.1744294,-3.108756,none,true,0,0,0,Stand,2.868982,,,,1,0->0:Exact,NONE
170,2.821074,0.016532,-8949.95,-132.493,83.529526,0,0,0,0,3.1744294,-3.108756,none,true,0,0,0,Stand,2.885514,,,,1,0->0:Exact,NONE
171,2.837606,0.016571,-8949.95,-132.493,83.529526,0,0,0,0,3.1744294,-3.108756,none,true,0,0,0,Stand,2.9020848,,,,1,0->0:Exact,NONE
172,2.854177,0.016547,-8949.95,-132.493,83.529526,0,0,0,0,3.1744294,-3.108756,none,true,0,0,0,Stand,2.9186313,,,,1,0->0:Exact,NONE
173,2.870723,0.018178,-8949.95,-132.493,83.529526,0,0,0,0,3.1744294,-3.108756,none,true,0,0,0,Stand,2.936809,,,,1,0->0:Exact,NONE
174,2.888901,0.015454,-8949.95,-132.493,83.529526,0,0,0,0,3.1744294,-3.108756,none,true,0,0,0,Stand,2.952263,,,,1,0->0:Exact,NONE
175,2.904355,0.016473,-8949.95,-132.493,83.529526,0,0,0,0,3.1744294,-3.108756,none,true,0,0,0,Stand,2.968736,,,,1,0->0:Exact,NONE
176,2.920828,0.016687,-8949.95,-132.493,83.529526,0,0,0,0,3.1744294,-3.108756,none,true,0,0,0,Stand,2.985423,,,,1,0->0:Exact,NONE
177,2.937515,0.016858,-8949.95,-132.493,83.529526,0,0,0,0,3.1744294,-3.108756,none,true,0,0,0,Stand,3.002281,,,,1,0->0:Exact,NONE
178,2.954373,0.016586,-8949.95,-132.493,83.529526,0,0,0,0,3.1744294,-3.108756,none,true,0,0,0,Stand,3.018867,,,,1,0->0:Exact,NONE
179,2.970959,0.016543,-8949.95,-132.493,83.529526,0,0,0,0,3.1744294,-3.108756,none,true,0,0,0,Stand,3.0354097,,,,1,0->0:Exact,NONE
180,2.987502,0.016904,-8949.95,-132.493,83.529526,0,0,0,0,3.1744294,-3.108756,none,true,0,0,0,Stand,3.0523133,,,,1,0->0:Exact,NONE
181,3.004405,0.016438,-8949.95,-132.493,83.529526,0,0,0,0,3.1744294,-3.108756,none,true,0,0,0,Stand,3.0687518,,,,1,0->0:Exact,NONE
182,3.020844,0.016648,-8949.95,-132.493,83.529526,0,0,0,0,3.1744294,-3.108756,none,true,0,0,0,Stand,3.0854,,,,1,0->0:Exact,NONE
183,3.037492,0.017534,-8949.95,-132.493,83.529526,0,0,0,0,3.1744294,-3.108756,none,true,0,0,0,Stand,3.1029346,,,,1,0->0:Exact,NONE
184,3.055026,0.015805,-8949.95,-132.493,83.529526,0,0,0,0,3.1744294,-3.108756,none,true,0,0,0,Stand,3.1187394,,,,1,0->0:Exact,NONE
185,3.070831,0.016823,-8949.95,-132.493,83.529526,0,0,0,0,3.1744294,-3.108756,none,true,0,0,0,Stand,3.1355622,,,,1,0->0:Exact,NONE
186,3.087654,0.016906,-8949.95,-132.493,83.529526,0,0,0,0,3.1744294,-3.108756,none,true,0,0,0,Stand,3.1524684,,,,1,0->0:Exact,NONE
187,3.104560,0.016426,-8949.95,-132.493,83.529526,0,0,0,0,3.1744294,-3.108756,none,true,0,0,0,Stand,3.1688948,,,,1,0->0:Exact,NONE
188,3.120987,0.016586,-8949.95,-132.493,83.529526,0,0,0,0,3.1744294,-3.108756,none,true,0,0,0,Stand,3.1854804,,,,1,0->0:Exact,NONE
189,3.137572,0.016777,-8949.95,-132.493,83.529526,0,0,0,0,3.1744294,-3.108756,none,true,0,0,0,Stand,3.202257,,,,1,0->0:Exact,NONE
190,3.154349,0.016611,-8949.95,-132.493,83.529526,0,0,0,0,3.1744294,-3.108756,none,true,0,0,0,Stand,3.2188678,,,,1,0->0:Exact,NONE
191,3.170959,0.018599,-8949.95,-132.493,83.529526,0,0,0,0,3.1744294,-3.108756,none,true,0,0,0,Stand,3.237467,,,,1,0->0:Exact,NONE
192,3.189559,0.014916,-8949.95,-132.493,83.529526,0,0,0,0,3.1744294,-3.108756,none,true,0,0,0,Stand,3.2523832,,,,1,0->0:Exact,NONE
193,3.204475,0.016489,-8949.95,-132.493,83.529526,0,0,0,0,3.1744294,-3.108756,none,true,0,0,0,Stand,3.2688727,,,,1,0->0:Exact,NONE
194,3.220964,0.016788,-8949.95,-132.493,83.529526,0,0,0,0,3.1744294,-3.108756,none,true,0,0,0,Stand,3.2856607,,,,1,0->0:Exact,NONE
195,3.237752,0.016679,-8949.95,-132.493,83.529526,0,0,0,0,3.1744294,-3.108756,none,true,0,0,0,Stand,3.30234,,,,1,0->0:Exact,NONE
196,3.254432,0.016822,-8949.95,-132.493,83.529526,0,0,0,0,3.1744294,-3.108756,none,true,0,0,0,Stand,3.3191624,,,,1,0->0:Exact,NONE
197,3.271254,0.016573,-8949.95,-132.493,83.529526,0,0,0,0,3.1744294,-3.108756,none,true,0,0,0,Stand,3.3357356,,,,1,0->0:Exact,NONE
198,3.287827,0.016674,-8949.95,-132.493,83.529526,0,0,0,0,3.1744294,-3.108756,none,true,0,0,0,Stand,3.3524096,,,,1,0->0:Exact,NONE
199,3.304501,0.016588,-8949.95,-132.493,83.529526,0,0,0,0,3.1744294,-3.108756,none,true,0,0,0,Stand,3.3689976,,,,1,0->0:Exact,NONE
200,3.321089,0.016850,-8949.95,-132.493,83.529526,0,0,0,0,3.1744294,-3.108756,none,true,0,0,0,Stand,3.3858476,,,,1,0->0:Exact,NONE
201,3.337939,0.016395,-8949.95,-132.493,83.529526,0,0,0,0,3.1744294,-3.108756,none,true,0,0,0,Stand,3.4022424,,,,1,0->0:Exact,NONE
202,3.354334,0.016778,-8949.95,-132.493,83.529526,0,0,0,0,3.1744294,-3.108756,none,true,0,0,0,Stand,3.4190204,,,,1,0->0:Exact,NONE
203,3.371112,0.016562,-8949.95,-132.493,83.529526,0,0,0,0,3.1744294,-3.108756,none,true,0,0,0,Stand,3.435582,,,,1,0->0:Exact,NONE
204,3.387674,0.017215,-8949.95,-132.493,83.529526,0,0,0,0,3.1744294,-3.108756,none,true,0,0,0,Stand,3.4527965,,,,1,0->0:Exact,NONE
205,3.404888,0.016150,-8949.95,-132.493,83.529526,0,0,0,0,3.1744294,-3.108756,none,true,0,0,0,Stand,3.468947,,,,1,0->0:Exact,NONE
206,3.421039,0.016889,-8949.95,-132.493,83.529526,0,0,0,0,3.1744294,-3.108756,none,true,0,0,0,Stand,3.4858358,,,,1,0->0:Exact,NONE
207,3.437928,0.017549,-8949.95,-132.493,83.529526,0,0,0,0,3.1744294,-3.108756,none,true,0,0,0,Stand,3.503385,,,,1,0->0:Exact,NONE
208,3.455477,0.017516,-8949.95,-132.493,83.529526,0,0,0,0,3.1744294,-3.108756,none,true,0,0,0,Stand,3.5209007,,,,1,0->0:Exact,NONE
209,3.472992,0.016962,-8949.95,-132.493,83.529526,0,0,0,0,3.1744294,-3.108756,none,true,0,0,0,Stand,3.5378625,,,,1,0->0:Exact,NONE
210,3.489954,0.014682,-8949.95,-132.493,83.529526,0,0,0,0,3.1744294,-3.108756,none,true,0,0,0,Stand,3.5525448,,,,1,0->0:Exact,NONE
211,3.504637,0.016698,-8949.95,-132.493,83.529526,0,0,0,0,3.1744294,-3.108756,none,true,0,0,0,Stand,3.5692427,,,,1,0->0:Exact,NONE
212,3.521335,0.016777,-8949.95,-132.493,83.529526,0,0,0,0,3.1744294,-3.108756,none,true,0,0,0,Stand,3.58602,,,,1,0->0:Exact,NONE
213,3.538112,0.016590,-8949.95,-132.493,83.529526,0,0,0,0,3.1744294,-3.108756,none,true,0,0,0,Stand,3.6026096,,,,1,0->0:Exact,NONE
214,3.554702,0.016611,-8949.95,-132.493,83.529526,0,0,0,0,3.1744294,-3.108756,none,true,0,0,0,Stand,3.6192205,,,,1,0->0:Exact,NONE
215,3.571312,0.016783,-8949.95,-132.493,83.529526,0,0,0,0,3.1744294,-3.108756,none,true,0,0,0,Stand,3.6360035,,,,1,0->0:Exact,NONE
216,3.588095,0.016767,-8949.95,-132.493,83.529526,0,0,0,0,3.1744294,-3.108756,none,true,0,0,0,Stand,3.6527705,,,,1,0->0:Exact,NONE
217,3.604863,0.016643,-8949.95,-132.493,83.529526,0,0,0,0,3.1744294,-3.108756,none,true,0,0,0,Stand,3.6694138,,,,1,0->0:Exact,NONE
218,3.621506,0.016551,-8949.95,-132.493,83.529526,0,0,0,0,3.1744294,-3.108756,none,true,0,0,0,Stand,3.6859648,,,,1,0->0:Exact,NONE
219,3.638057,0.016480,-8949.95,-132.493,83.529526,0,0,0,0,3.1744294,-3.108756,none,true,0,0,0,Stand,3.7024453,,,,1,0->0:Exact,NONE
220,3.654537,0.016894,-8949.95,-132.493,83.529526,0,0,0,0,3.1744294,-3.108756,none,true,0,0,0,Stand,3.7193396,,,,1,0->0:Exact,NONE
221,3.671432,0.017166,-8949.95,-132.493,83.529526,0,0,0,0,3.1744294,-3.108756,none,true,0,0,0,Stand,3.736506,,,,1,0->0:Exact,NONE
222,3.688598,0.016075,-8949.95,-132.493,83.529526,0,0,0,0,3.1744294,-3.108756,none,true,0,0,0,Stand,3.752581,,,,1,0->0:Exact,NONE
223,3.704673,0.016769,-8949.95,-132.493,83.529526,0,0,0,0,3.1744294,-3.108756,none,true,0,0,0,Stand,3.7693498,,,,1,0->0:Exact,NONE
224,3.721442,0.016642,-8949.95,-132.493,83.529526,0,0,0,0,3.1744294,-3.108756,none,true,0,0,0,Stand,3.7859917,,,,1,0->0:Exact,NONE
225,3.738084,0.016764,-8949.95,-132.493,83.529526,0,0,0,0,3.1744294,-3.108756,none,true,0,0,0,Stand,3.802756,,,,1,0->0:Exact,NONE
226,3.754848,0.016568,-8949.95,-132.493,83.529526,0,0,0,0,3.1744294,-3.108756,none,true,0,0,0,Stand,3.8193243,,,,1,0->0:Exact,NONE
227,3.771416,0.016782,-8949.95,-132.493,83.529526,0,0,0,0,3.1744294,-3.108756,none,true,0,0,0,Stand,3.8361058,,,,1,0->0:Exact,NONE
228,3.788198,0.016563,-8949.95,-132.493,83.529526,0,0,0,0,3.1744294,-3.108756,none,true,0,0,0,Stand,3.8526685,,,,1,0->0:Exact,NONE
229,3.804760,0.016687,-8949.95,-132.493,83.529526,0,0,0,0,3.1744294,-3.108756,none,true,0,0,0,Stand,3.869356,,,,1,0->0:Exact,NONE
230,3.821448,0.016779,-8949.95,-132.493,83.529526,0,0,0,0,3.1744294,-3.108756,none,true,0,0,0,Stand,3.8861349,,,,1,0->0:Exact,NONE
231,3.838227,0.016787,-8949.95,-132.493,83.529526,0,0,0,0,3.1744294,-3.108756,none,true,0,0,0,Stand,3.9029217,,,,1,0->0:Exact,NONE
232,3.855014,0.016424,-8949.95,-132.493,83.529526,0,0,0,0,3.1744294,-3.108756,none,true,0,0,0,Stand,3.9193456,,,,1,0->0:Exact,NONE
233,3.871437,0.016700,-8949.95,-132.493,83.529526,0,0,0,0,3.1744294,-3.108756,none,true,0,0,0,Stand,3.9360454,,,,1,0->0:Exact,NONE
234,3.888137,0.017127,-8949.95,-132.493,83.529526,0,0,0,0,3.1744294,-3.108756,none,true,0,0,0,Stand,3.953172,,,,1,0->0:Exact,NONE
235,3.905264,0.016395,-8949.95,-132.493,83.529526,0,0,0,0,3.1744294,-3.108756,none,true,0,0,0,Stand,3.9695673,,,,1,0->0:Exact,NONE
236,3.921659,0.016696,-8949.95,-132.493,83.529526,0,0,0,0,3.1744294,-3.108756,none,true,0,0,0,Stand,3.9862635,,,,1,0->0:Exact,NONE
237,3.938355,0.016541,-8949.95,-132.493,83.529526,0,0,0,0,3.1744294,-3.108756,none,true,0,0,0,Stand,4.0028048,,,,1,0->0:Exact,NONE
238,3.954896,0.016824,-8949.95,-132.493,83.529526,0,0,0,0,3.1744294,-3.108756,none,true,0,0,0,Stand,4.0196285,,,,1,0->0:Exact,NONE
239,3.971720,0.017433,-8949.95,-132.493,83.529526,0,0,0,0,3.1744294,-3.108756,none,true,0,0,0,Stand,4.0370617,,,,1,0->0:Exact,NONE
240,3.989153,0.016237,-8949.95,-132.493,83.529526,0,0,0,0,3.1744294,-3.108756,none,true,0,0,0,Stand,4.053299,,,,1,0->0:Exact,NONE
241,4.005390,0.016440,-8949.95,-132.493,83.529526,0,0,0,0,3.1744294,-3.108756,none,true,0,0,0,Stand,4.069739,,,,1,0->0:Exact,NONE
242,4.021830,0.016924,-8949.95,-132.493,83.529526,0,0,0,0,3.1744294,-3.108756,none,true,0,0,0,Stand,4.0866623,,,,1,0->0:Exact,NONE
243,4.038754,0.016330,-8949.95,-132.493,83.529526,0,0,0,0,3.1744294,-3.108756,none,true,0,0,0,Stand,4.102992,,,,1,0->0:Exact,NONE
244,4.055084,0.016761,-8949.95,-132.493,83.529526,0,0,0,0,3.1744294,-3.108756,none,true,0,0,0,Stand,4.1197524,,,,1,0->0:Exact,NONE
245,4.071844,0.016567,-8949.95,-132.493,83.529526,0,0,0,0,3.1744294,-3.108756,none,true,0,0,0,Stand,4.136319,,,,1,0->0:Exact,NONE
246,4.088411,0.016591,-8949.95,-132.493,83.529526,0,0,0,0,3.1744294,-3.108756,none,true,0,0,0,Stand,4.15291,,,,1,0->0:Exact,NONE
247,4.105002,0.017140,-8949.95,-132.493,83.529526,0,0,0,0,3.1744294,-3.108756,none,true,0,0,0,Stand,4.17005,,,,1,0->0:Exact,NONE
248,4.122142,0.016161,-8949.95,-132.493,83.529526,0,0,0,0,3.1744294,-3.108756,none,true,0,0,0,Stand,4.1862106,,,,1,0->0:Exact,NONE
249,4.138303,0.016789,-8949.95,-132.493,83.529526,0,0,0,0,3.1744294,-3.108756,none,true,0,0,0,Stand,4.203,,,,1,0->0:Exact,NONE
250,4.155093,0.016866,-8949.95,-132.493,83.529526,0,0,0,0,3.1744294,-3.108756,none,true,0,0,0,Stand,4.2198663,,,,1,0->0:Exact,NONE
251,4.171959,0.017163,-8949.95,-132.493,83.529526,0,0,0,0,3.1744294,-3.108756,none,true,0,0,0,Stand,4.2370296,,,,1,0->0:Exact,NONE
252,4.189122,0.015993,-8949.95,-132.493,83.529526,0,0,0,0,3.1744294,-3.108756,none,true,0,0,0,Stand,4.253022,,,,1,0->0:Exact,NONE
253,4.205115,0.016754,-8949.95,-132.493,83.529526,0,0,0,0,3.1744294,-3.108756,none,true,0,0,0,Stand,4.2697763,,,,1,0->0:Exact,NONE
254,4.221869,0.016683,-8949.95,-132.493,83.529526,0,0,0,0,3.1744294,-3.108756,none,true,0,0,0,Stand,4.2864594,,,,1,0->0:Exact,NONE
255,4.238553,0.016583,-8949.95,-132.493,83.529526,0,0,0,0,3.1744294,-3.108756,none,true,0,0,0,Stand,4.303042,,,,1,0->0:Exact,NONE
256,4.255135,0.016602,-8949.95,-132.493,83.529526,0,0,0,0,3.1744294,-3.108756,none,true,0,0,0,Stand,4.3196445,,,,1,0->0:Exact,NONE
257,4.271738,0.017662,-8949.95,-132.493,83.529526,0,0,0,0,3.1744294,-3.108756,none,true,0,0,0,Stand,4.337307,,,,1,0->0:Exact,NONE
258,4.289400,0.015624,-8949.95,-132.493,83.529526,0,0,0,0,3.1744294,-3.108756,none,true,0,0,0,Stand,4.3529315,,,,1,0->0:Exact,NONE
259,4.305024,0.016815,-8949.95,-132.493,83.529526,0,0,0,0,3.1744294,-3.108756,none,true,0,0,0,Stand,4.3697467,,,,1,0->0:Exact,NONE
260,4.321840,0.016676,-8949.95,-132.493,83.529526,0,0,0,0,3.1744294,-3.108756,none,true,0,0,0,Stand,4.3864226,,,,1,0->0:Exact,NONE
261,4.338516,0.016783,-8949.95,-132.493,83.529526,0,0,0,0,3.1744294,-3.108756,none,true,0,0,0,Stand,4.403206,,,,1,0->0:Exact,NONE
262,4.355299,0.016627,-8949.95,-132.493,83.529526,0,0,0,0,3.1744294,-3.108756,none,true,0,0,0,Stand,4.419833,,,,1,0->0:Exact,NONE
263,4.371926,0.016571,-8949.95,-132.493,83.529526,0,0,0,0,3.1744294,-3.108756,none,true,0,0,0,Stand,4.436404,,,,1,0->0:Exact,NONE
264,4.388497,0.016968,-8949.95,-132.493,83.529526,0,0,0,0,3.1744294,-3.108756,none,true,0,0,0,Stand,4.4533725,,,,1,0->0:Exact,NONE
265,4.405465,0.016489,-8949.95,-132.493,83.529526,0,0,0,0,3.1744294,-3.108756,none,true,0,0,0,Stand,4.4698615,,,,1,0->0:Exact,NONE
266,4.421954,0.016807,-8949.95,-132.493,83.529526,0,0,0,0,3.1744294,-3.108756,none,true,0,0,0,Stand,4.4866686,,,,1,0->0:Exact,NONE
267,4.438761,0.016716,-8949.95,-132.493,83.529526,0,0,0,0,3.1744294,-3.108756,none,true,0,0,0,Stand,4.503384,,,,1,0->0:Exact,NONE
268,4.455477,0.017054,-8949.95,-132.493,83.529526,0,0,0,0,3.1744294,-3.108756,none,true,0,0,0,Stand,4.5204377,,,,1,0->0:Exact,NONE
269,4.472531,0.016393,-8949.95,-132.493,83.529526,0,0,0,0,3.1744294,-3.108756,none,true,0,0,0,Stand,4.5368304,,,,1,0->0:Exact,NONE
270,4.488923,0.016344,-8949.95,-132.493,83.529526,0,0,0,0,3.1744294,-3.108756,none,true,0,0,0,Stand,4.5531745,,,,1,0->0:Exact,NONE
271,4.505267,0.016707,-8949.95,-132.493,83.529526,0,0,0,0,3.1744294,-3.108756,none,true,0,0,0,Stand,4.569881,,,,1,0->0:Exact,NONE
272,4.521974,0.016712,-8949.95,-132.493,83.529526,0,0,0,0,3.1744294,-3.108756,none,true,0,0,0,Stand,4.586593,,,,1,0->0:Exact,NONE
273,4.538686,0.016720,-8949.95,-132.493,83.529526,0,0,0,0,3.1744294,-3.108756,none,true,0,0,0,Stand,4.6033134,,,,1,0->0:Exact,NONE
274,4.555406,0.016928,-8949.95,-132.493,83.529526,0,0,0,0,3.1744294,-3.108756,none,true,0,0,0,Stand,4.620241,,,,1,0->0:Exact,NONE
275,4.572334,0.017267,-8949.95,-132.493,83.529526,0,0,0,0,3.1744294,-3.108756,none,true,0,0,0,Stand,4.6375084,,,,1,0->0:Exact,NONE
276,4.589601,0.015831,-8949.95,-132.493,83.529526,0,0,0,0,3.1744294,-3.108756,none,true,0,0,0,Stand,4.6533394,,,,1,0->0:Exact,NONE
277,4.605432,0.016755,-8949.95,-132.493,83.529526,0,0,0,0,3.1744294,-3.108756,none,true,0,0,0,Stand,4.6700945,,,,1,0->0:Exact,NONE
278,4.622187,0.016505,-8949.95,-132.493,83.529526,0,0,0,0,3.1744294,-3.108756,none,true,0,0,0,Stand,4.6865997,,,,1,0->0:Exact,NONE
279,4.638692,0.017070,-8949.95,-132.493,83.529526,0,0,0,0,3.1744294,-3.108756,none,true,0,0,0,Stand,4.7036695,,,,1,0->0:Exact,NONE
280,4.655762,0.016610,-8949.95,-132.493,83.529526,0,0,0,0,3.1744294,-3.108756,none,true,0,0,0,Stand,4.720279,,,,1,0->0:Exact,NONE
281,4.672372,0.016536,-8949.95,-132.493,83.529526,0,0,0,0,3.1744294,-3.108756,none,true,0,0,0,Stand,4.736815,,,,1,0->0:Exact,NONE
282,4.688908,0.016479,-8949.95,-132.493,83.529526,0,0,0,0,3.1744294,-3.108756,none,true,0,0,0,Stand,4.753294,,,,1,0->0:Exact,NONE
283,4.705387,0.016855,-8949.95,-132.493,83.529526,0,0,0,0,3.1744294,-3.108756,none,true,0,0,0,Stand,4.770149,,,,1,0->0:Exact,NONE
284,4.722242,0.016663,-8949.95,-132.493,83.529526,0,0,0,0,3.1744294,-3.108756,none,true,0,0,0,Stand,4.786812,,,,1,0->0:Exact,NONE
285,4.738905,0.016976,-8949.95,-132.493,83.529526,0,0,0,0,3.1744294,-3.108756,none,true,0,0,0,Stand,4.8037877,,,,1,0->0:Exact,NONE
286,4.755881,0.016829,-8949.95,-132.493,83.529526,0,0,0,0,3.1744294,-3.108756,none,true,0,0,0,Stand,4.820617,,,,1,0->0:Exact,NONE
287,4.772710,0.016358,-8949.95,-132.493,83.529526,0,0,0,0,3.1744294,-3.108756,none,true,0,0,0,Stand,4.8369756,,,,1,0->0:Exact,NONE
288,4.789069,0.016485,-8949.95,-132.493,83.529526,0,0,0,0,3.1744294,-3.108756,none,true,0,0,0,Stand,4.853461,,,,1,0->0:Exact,NONE
289,4.805554,0.016740,-8949.95,-132.493,83.529526,0,0,0,0,3.1744294,-3.108756,none,true,0,0,0,Stand,4.8702006,,,,1,0->0:Exact,NONE
290,4.822293,0.016715,-8949.95,-132.493,83.529526,0,0,0,0,3.1744294,-3.108756,none,true,0,0,0,Stand,4.886916,,,,1,0->0:Exact,NONE
291,4.839009,0.016556,-8949.95,-132.493,83.529526,0,0,0,0,3.1744294,-3.108756,none,true,0,0,0,Stand,4.9034724,,,,1,0->0:Exact,NONE
292,4.855565,0.016756,-8949.95,-132.493,83.529526,0,0,0,0,3.1744294,-3.108756,none,true,0,0,0,Stand,4.920229,,,,1,0->0:Exact,NONE
293,4.872321,0.017888,-8949.95,-132.493,83.529526,0,0,0,0,3.1744294,-3.108756,none,true,0,0,0,Stand,4.938117,,,,1,0->0:Exact,NONE
294,4.890209,0.015564,-8949.95,-132.493,83.529526,0,0,0,0,3.1744294,-3.108756,none,true,0,0,0,Stand,4.9536805,,,,1,0->0:Exact,NONE
295,4.905773,0.016582,-8949.95,-132.493,83.529526,0,0,0,0,3.1744294,-3.108756,none,true,0,0,0,Stand,4.970263,,,,1,0->0:Exact,NONE
296,4.922355,0.016721,-8949.95,-132.493,83.529526,0,0,0,0,3.1744294,-3.108756,none,true,0,0,0,Stand,4.9869843,,,,1,0->0:Exact,NONE
297,4.939077,0.016857,-8949.95,-132.493,83.529526,0,0,0,0,3.1744294,-3.108756,none,true,0,0,0,Stand,5.0038414,,,,1,0->0:Exact,NONE
298,4.955934,0.016491,-8949.95,-132.493,83.529526,0,0,0,0,3.1744294,-3.108756,none,true,0,0,0,Stand,5.0203323,,,,1,0->0:Exact,NONE
299,4.972425,0.016805,-8949.95,-132.493,83.529526,0,0,0,0,3.1744294,-3.108756,none,true,0,0,0,Stand,5.0371375,,,,1,0->0:Exact,NONE
300,4.989230,0.016512,-8949.95,-132.493,83.529526,0,0,0,0,3.1744294,-3.108756,none,true,0,0,0,Stand,5.05365,,,,1,0->0:Exact,NONE
301,5.005742,0.016615,-8949.95,-132.493,83.529526,0,0,0,0,3.1744294,-3.108756,none,true,0,0,0,Stand,5.070265,,,,1,0->0:Exact,NONE
302,5.022357,0.016646,-8949.95,-132.493,83.529526,0,0,0,0,3.1744294,-3.108756,none,true,0,0,0,Stand,5.0869107,,,,1,0->0:Exact,NONE
303,5.039003,0.017141,-8949.95,-132.493,83.529526,0,0,0,0,3.1744294,-3.108756,none,true,0,0,0,Stand,5.104052,,,,1,0->0:Exact,NONE
304,5.056144,0.016393,-8949.95,-132.493,83.529526,0,0,0,0,3.1744294,-3.108756,none,true,0,0,0,Stand,5.120445,,,,1,0->0:Exact,NONE
305,5.072537,0.016639,-8949.95,-132.493,83.529526,0,0,0,0,3.1744294,-3.108756,none,true,0,0,0,Stand,5.137084,,,,1,0->0:Exact,NONE
306,5.089176,0.016621,-8949.95,-132.493,83.529526,0,0,0,0,3.1744294,-3.108756,none,true,0,0,0,Stand,5.153705,,,,1,0->0:Exact,NONE
307,5.105798,0.016655,-8949.95,-132.493,83.529526,0,0,0,0,3.1744294,-3.108756,none,true,0,0,0,Stand,5.1703606,,,,1,0->0:Exact,NONE
308,5.122453,0.016669,-8949.95,-132.493,83.529526,0,0,0,0,3.1744294,-3.108756,none,true,0,0,0,Stand,5.1870294,,,,1,0->0:Exact,NONE
309,5.139122,0.016683,-8949.95,-132.493,83.529526,0,0,0,0,3.1744294,-3.108756,none,true,0,0,0,Stand,5.2037125,,,,1,0->0:Exact,NONE
310,5.155805,0.016887,-8949.95,-132.493,83.529526,0,0,0,0,3.1744294,-3.108756,none,true,0,0,0,Stand,5.220599,,,,1,0->0:Exact,NONE
311,5.172692,0.018100,-8949.95,-132.493,83.529526,0,0,0,0,3.1744294,-3.108756,none,true,0,0,0,Stand,5.2386994,,,,1,0->0:Exact,NONE
312,5.190792,0.015169,-8949.95,-132.493,83.529526,0,0,0,0,3.1744294,-3.108756,none,true,0,0,0,Stand,5.253868,,,,1,0->0:Exact,NONE
313,5.205961,0.016771,-8949.95,-132.493,83.529526,0,0,0,0,3.1744294,-3.108756,none,true,0,0,0,Stand,5.270639,,,,1,0->0:Exact,NONE
314,5.222731,0.016767,-8949.95,-132.493,83.529526,0,0,0,0,3.1744294,-3.108756,none,true,0,0,0,Stand,5.287406,,,,1,0->0:Exact,NONE
315,5.239498,0.016479,-8949.95,-132.493,83.529526,0,0,0,0,3.1744294,-3.108756,none,true,0,0,0,Stand,5.303885,,,,1,0->0:Exact,NONE
316,5.255977,0.016801,-8949.95,-132.493,83.529526,0,0,0,0,3.1744294,-3.108756,none,true,0,0,0,Stand,5.3206863,,,,1,0->0:Exact,NONE
317,5.272778,0.016989,-8949.95,-132.493,83.529526,0,0,0,0,3.1744294,-3.108756,none,true,0,0,0,Stand,5.337675,,,,1,0->0:Exact,NONE
318,5.289767,0.016154,-8949.95,-132.493,83.529526,0,0,0,0,3.1744294,-3.108756,none,true,0,0,0,Stand,5.3538294,,,,1,0->0:Exact,NONE
319,5.305921,0.016798,-8949.95,-132.493,83.529526,0,0,0,0,3.1744294,-3.108756,none,true,0,0,0,Stand,5.3706274,,,,1,0->0:Exact,NONE
320,5.322719,0.016628,-8949.95,-132.493,83.529526,0,0,0,0,3.1744294,-3.108756,none,true,0,0,0,Stand,5.387255,,,,1,0->0:Exact,NONE
321,5.339347,0.016601,-8949.95,-132.493,83.529526,0,0,0,0,3.1744294,-3.108756,none,true,0,0,0,Stand,5.4038563,,,,1,0->0:Exact,NONE
322,5.355948,0.016755,-8949.95,-132.493,83.529526,0,0,0,0,3.1744294,-3.108756,none,true,0,0,0,Stand,5.420611,,,,1,0->0:Exact,NONE
323,5.372703,0.016802,-8949.95,-132.493,83.529526,0,0,0,0,3.1744294,-3.108756,none,true,0,0,0,Stand,5.4374123,,,,1,0->0:Exact,NONE
324,5.389504,0.016534,-8949.95,-132.493,83.529526,0,0,0,0,3.1744294,-3.108756,none,true,0,0,0,Stand,5.4539466,,,,1,0->0:Exact,NONE
325,5.406038,0.016631,-8949.95,-132.493,83.529526,0,0,0,0,3.1744294,-3.108756,none,true,0,0,0,Stand,5.4705777,,,,1,0->0:Exact,NONE
326,5.422669,0.016724,-8949.95,-132.493,83.529526,0,0,0,0,3.1744294,-3.108756,none,true,0,0,0,Stand,5.487302,,,,1,0->0:Exact,NONE
327,5.439393,0.016824,-8949.95,-132.493,83.529526,0,0,0,0,3.1744294,-3.108756,none,true,0,0,0,Stand,5.5041256,,,,1,0->0:Exact,NONE
328,5.456217,0.016682,-8949.95,-132.493,83.529526,0,0,0,0,3.1744294,-3.108756,none,true,0,0,0,Stand,5.5208073,,,,1,0->0:Exact,NONE
329,5.472899,0.018392,-8949.95,-132.493,83.529526,0,0,0,0,3.1744294,-3.108756,none,true,0,0,0,Stand,5.5391994,,,,1,0->0:Exact,NONE
330,5.491291,0.015157,-8949.95,-132.493,83.529526,0,0,0,0,3.1744294,-3.108756,none,true,0,0,0,Stand,5.554356,,,,1,0->0:Exact,NONE
331,5.506448,0.016524,-8949.95,-132.493,83.529526,0,0,0,0,3.1744294,-3.108756,none,true,0,0,0,Stand,5.5708804,,,,1,0->0:Exact,NONE
332,5.522972,0.016784,-8949.95,-132.493,83.529526,0,0,0,0,3.1744294,-3.108756,none,true,0,0,0,Stand,5.587664,,,,1,0->0:Exact,NONE
333,5.539756,0.016613,-8949.95,-132.493,83.529526,0,0,0,0,3.1744294,-3.108756,none,true,0,0,0,Stand,5.604277,,,,1,0->0:Exact,NONE
334,5.556369,0.016694,-8949.95,-132.493,83.529526,0,0,0,0,3.1744294,-3.108756,none,true,0,0,0,Stand,5.6209717,,,,1,0->0:Exact,NONE
335,5.573063,0.016734,-8949.95,-132.493,83.529526,0,0,0,0,3.1744294,-3.108756,none,true,0,0,0,Stand,5.637706,,,,1,0->0:Exact,NONE
336,5.589798,0.016577,-8949.95,-132.493,83.529526,0,0,0,0,3.1744294,-3.108756,none,true,0,0,0,Stand,5.654283,,,,1,0->0:Exact,NONE
337,5.606375,0.016880,-8949.95,-132.493,83.529526,0,0,0,0,3.1744294,-3.108756,none,true,0,0,0,Stand,5.671163,,,,1,0->0:Exact,NONE
338,5.623255,0.016402,-8949.95,-132.493,83.529526,0,0,0,0,3.1744294,-3.108756,none,true,0,0,0,Stand,5.687566,,,,1,0->0:Exact,NONE
339,5.639657,0.016603,-8949.95,-132.493,83.529526,0,0,0,0,3.1744294,-3.108756,none,true,0,0,0,Stand,5.7041683,,,,1,0->0:Exact,NONE
340,5.656260,0.016722,-8949.95,-132.493,83.529526,0,0,0,0,3.1744294,-3.108756,none,true,0,0,0,Stand,5.72089,,,,1,0->0:Exact,NONE
341,5.672982,0.016738,-8949.95,-132.493,83.529526,0,0,0,0,3.1744294,-3.108756,none,true,0,0,0,Stand,5.737628,,,,1,0->0:Exact,NONE
342,5.689720,0.016603,-8949.95,-132.493,83.529526,0,0,0,0,3.1744294,-3.108756,none,true,0,0,0,Stand,5.7542305,,,,1,0->0:Exact,NONE
343,5.706323,0.016564,-8949.95,-132.493,83.529526,0,0,0,0,3.1744294,-3.108756,none,true,0,0,0,Stand,5.7707944,,,,1,0->0:Exact,NONE
344,5.722886,0.016832,-8949.95,-132.493,83.529526,0,0,0,0,3.1744294,-3.108756,none,true,0,0,0,Stand,5.787626,,,,1,0->0:Exact,NONE
345,5.739718,0.016950,-8949.95,-132.493,83.529526,0,0,0,0,3.1744294,-3.108756,none,true,0,0,0,Stand,5.8045764,,,,1,0->0:Exact,NONE
346,5.756668,0.016350,-8949.95,-132.493,83.529526,0,0,0,0,3.1744294,-3.108756,none,true,0,0,0,Stand,5.820926,,,,1,0->0:Exact,NONE
347,5.773018,0.018201,-8949.95,-132.493,83.529526,0,0,0,0,3.1744294,-3.108756,none,true,0,0,0,Stand,5.839127,,,,1,0->0:Exact,NONE
348,5.791219,0.015180,-8949.95,-132.493,83.529526,0,0,0,0,3.1744294,-3.108756,none,true,0,0,0,Stand,5.854307,,,,1,0->0:Exact,NONE
349,5.806399,0.016863,-8949.95,-132.493,83.529526,0,0,0,0,3.1744294,-3.108756,none,true,0,0,0,Stand,5.8711696,,,,1,0->0:Exact,NONE
350,5.823262,0.016875,-8949.95,-132.493,83.529526,0,0,0,0,3.1744294,-3.108756,none,true,0,0,0,Stand,5.8880444,,,,1,0->0:Exact,NONE
351,5.840137,0.016288,-8949.95,-132.493,83.529526,0,0,0,0,3.1744294,-3.108756,none,true,0,0,0,Stand,5.9043326,,,,1,0->0:Exact,NONE
352,5.856425,0.017467,-8949.95,-132.493,83.529526,0,0,0,0,3.1744294,-3.108756,none,true,0,0,0,Stand,5.9217997,,,,1,0->0:Exact,NONE
353,5.873892,0.015896,-8949.95,-132.493,83.529526,0,0,0,0,3.1744294,-3.108756,none,true,0,0,0,Stand,5.9376955,,,,1,0->0:Exact,NONE
354,5.889788,0.017022,-8949.95,-132.493,83.529526,0,0,0,0,3.1744294,-3.108756,none,true,0,0,0,Stand,5.954717,,,,1,0->0:Exact,NONE
355,5.906810,0.016351,-8949.95,-132.493,83.529526,0,0,0,0,3.1744294,-3.108756,none,true,0,0,0,Stand,5.9710684,,,,1,0->0:Exact,NONE
356,5.923161,0.016609,-8949.95,-132.493,83.529526,0,0,0,0,3.1744294,-3.108756,none,true,0,0,0,Stand,5.987677,,,,1,0->0:Exact,NONE
357,5.939770,0.016962,-8949.95,-132.493,83.529526,0,0,0,0,3.1744294,-3.108756,none,true,0,0,0,Stand,6.0046396,,,,1,0->0:Exact,NONE
358,5.956732,0.016614,-8949.95,-132.493,83.529526,0,0,0,0,3.1744294,-3.108756,none,true,0,0,0,Stand,6.0212536,,,,1,0->0:Exact,NONE
359,5.973346,0.016720,-8949.95,-132.493,83.529526,0,0,0,0,3.1744294,-3.108756,none,true,0,0,0,Stand,6.0379734,,,,1,0->0:Exact,NONE
360,5.990066,0.016548,-8949.95,-132.493,83.529526,0,0,0,0,3.1744294,-3.108756,none,true,0,0,0,Stand,6.054521,,,,1,0->0:Exact,NONE
361,6.006614,0.016542,-8949.95,-132.493,83.529526,0,0,0,0,3.1744294,-3.108756,none,true,0,0,0,Stand,6.0710635,,,,1,0->0:Exact,NONE
362,6.023156,0.016896,-8949.95,-132.493,83.529526,0,0,0,0,3.1744294,-3.108756,none,true,0,0,0,Stand,6.0879593,,,,1,0->0:Exact,NONE
363,6.040052,0.016728,-8949.95,-132.493,83.529526,0,0,0,0,3.1744294,-3.108756,none,true,0,0,0,Stand,6.1046877,,,,1,0->0:Exact,NONE
364,6.056780,0.016629,-8949.95,-132.493,83.529526,0,0,0,0,3.1744294,-3.108756,none,true,0,0,0,Stand,6.1213164,,,,1,0->0:Exact,NONE
365,6.073409,0.018284,-8949.95,-132.493,83.529526,0,0,0,0,3.1744294,-3.108756,none,true,0,0,0,Stand,6.1396008,,,,1,0->0:Exact,NONE
366,6.091694,0.014960,-8949.95,-132.493,83.529526,0,0,0,0,3.1744294,-3.108756,none,true,0,0,0,Stand,6.154561,,,,1,0->0:Exact,NONE
367,6.106654,0.016831,-8949.95,-132.493,83.529526,0,0,0,0,3.1744294,-3.108756,none,true,0,0,0,Stand,6.1713924,,,,1,0->0:Exact,NONE
368,6.123485,0.016538,-8949.95,-132.493,83.529526,0,0,0,0,3.1744294,-3.108756,none,true,0,0,0,Stand,6.1879306,,,,1,0->0:Exact,NONE
369,6.140023,0.016755,-8949.95,-132.493,83.529526,0,0,0,0,3.1744294,-3.108756,none,true,0,0,0,Stand,6.204685,,,,1,0->0:Exact,NONE
370,6.156778,0.016681,-8949.95,-132.493,83.529526,0,0,0,0,3.1744294,-3.108756,none,true,0,0,0,Stand,6.2213664,,,,1,0->0:Exact,NONE
371,6.173459,0.016816,-8949.95,-132.493,83.529526,0,0,0,0,3.1744294,-3.108756,none,true,0,0,0,Stand,6.238182,,,,1,0->0:Exact,NONE
372,6.190275,0.016457,-8949.95,-132.493,83.529526,0,0,0,0,3.1744294,-3.108756,none,true,0,0,0,Stand,6.254639,,,,1,0->0:Exact,NONE
373,6.206732,0.016753,-8949.95,-132.493,83.529526,0,0,0,0,3.1744294,-3.108756,none,true,0,0,0,Stand,6.2713923,,,,1,0->0:Exact,NONE
374,6.223485,0.016794,-8949.95,-132.493,83.529526,0,0,0,0,3.1744294,-3.108756,none,true,0,0,0,Stand,6.2881866,,,,1,0->0:Exact,NONE
375,6.240279,0.016505,-8949.95,-132.493,83.529526,0,0,0,0,3.1744294,-3.108756,none,true,0,0,0,Stand,6.3046913,,,,1,0->0:Exact,NONE
376,6.256784,0.016800,-8949.95,-132.493,83.529526,0,0,0,0,3.1744294,-3.108756,none,true,0,0,0,Stand,6.3214912,,,,1,0->0:Exact,NONE
377,6.273583,0.017130,-8949.95,-132.493,83.529526,0,0,0,0,3.1744294,-3.108756,none,true,0,0,0,Stand,6.3386216,,,,1,0->0:Exact,NONE
378,6.290714,0.016042,-8949.95,-132.493,83.529526,0,0,0,0,3.1744294,-3.108756,none,true,0,0,0,Stand,6.3546634,,,,1,0->0:Exact,NONE
379,6.306756,0.016793,-8949.95,-132.493,83.529526,0,0,0,0,3.1744294,-3.108756,none,true,0,0,0,Stand,6.371456,,,,1,0->0:Exact,NONE
380,6.323549,0.016751,-8949.95,-132.493,83.529526,0,0,0,0,3.1744294,-3.108756,none,true,0,0,0,Stand,6.3882074,,,,1,0->0:Exact,NONE
381,6.340300,0.016553,-8949.95,-132.493,83.529526,0,0,0,0,3.1744294,-3.108756,none,true,0,0,0,Stand,6.40476,,,,1,0->0:Exact,NONE
382,6.356852,0.016854,-8949.95,-132.493,83.529526,0,0,0,0,3.1744294,-3.108756,none,true,0,0,0,Stand,6.421614,,,,1,0->0:Exact,NONE
383,6.373707,0.016642,-8949.95,-132.493,83.529526,0,0,0,0,3.1744294,-3.108756,none,true,0,0,0,Stand,6.4382567,,,,1,0->0:Exact,NONE
384,6.390349,0.016571,-8949.95,-132.493,83.529526,0,0,0,0,3.1744294,-3.108756,none,true,0,0,0,Stand,6.4548283,,,,1,0->0:Exact,NONE
385,6.406920,0.016637,-8949.95,-132.493,83.529526,0,0,0,0,3.1744294,-3.108756,none,true,0,0,0,Stand,6.471465,,,,1,0->0:Exact,NONE
386,6.423557,0.016624,-8949.95,-132.493,83.529526,0,0,0,0,3.1744294,-3.108756,none,true,0,0,0,Stand,6.488089,,,,1,0->0:Exact,NONE
387,6.440181,0.017074,-8949.95,-132.493,83.529526,0,0,0,0,3.1744294,-3.108756,none,true,0,0,0,Stand,6.505163,,,,1,0->0:Exact,NONE
388,6.457255,0.016464,-8949.95,-132.493,83.529526,0,0,0,0,3.1744294,-3.108756,none,true,0,0,0,Stand,6.521627,,,,1,0->0:Exact,NONE
389,6.473719,0.016870,-8949.95,-132.493,83.529526,0,0,0,0,3.1744294,-3.108756,none,true,0,0,0,Stand,6.5384965,,,,1,0->0:Exact,NONE
390,6.490589,0.016363,-8949.95,-132.493,83.529526,0,0,0,0,3.1744294,-3.108756,none,true,0,0,0,Stand,6.554859,,,,1,0->0:Exact,NONE
391,6.506951,0.016585,-8949.95,-132.493,83.529526,0,0,0,0,3.1744294,-3.108756,none,true,0,0,0,Stand,6.571444,,,,1,0->0:Exact,NONE
392,6.523536,0.016754,-8949.95,-132.493,83.529526,0,0,0,0,3.1744294,-3.108756,none,true,0,0,0,Stand,6.588198,,,,1,0->0:Exact,NONE
393,6.540291,0.016828,-8949.95,-132.493,83.529526,0,0,0,0,3.1744294,-3.108756,none,true,0,0,0,Stand,6.605026,,,,1,0->0:Exact,NONE
394,6.557118,0.016638,-8949.95,-132.493,83.529526,0,0,0,0,3.1744294,-3.108756,none,true,0,0,0,Stand,6.6216636,,,,1,0->0:Exact,NONE
395,6.573756,0.017293,-8949.95,-132.493,83.529526,0,0,0,0,3.1744294,-3.108756,none,true,0,0,0,Stand,6.6389565,,,,1,0->0:Exact,NONE
396,6.591049,0.016083,-8949.95,-132.493,83.529526,0,0,0,0,3.1744294,-3.108756,none,true,0,0,0,Stand,6.6550403,,,,1,0->0:Exact,NONE
397,6.607133,0.016793,-8949.95,-132.493,83.529526,0,0,0,0,3.1744294,-3.108756,none,true,0,0,0,Stand,6.6718335,,,,1,0->0:Exact,NONE
398,6.623926,0.016611,-8949.95,-132.493,83.529526,0,0,0,0,3.1744294,-3.108756,none,true,0,0,0,Stand,6.688444,,,,1,0->0:Exact,NONE
399,6.640537,0.016768,-8949.95,-132.493,83.529526,0,0,0,0,3.1744294,-3.108756,none,true,0,0,0,Stand,6.705212,,,,1,0->0:Exact,NONE
400,6.657305,0.016759,-8949.95,-132.493,83.529526,0,0,0,0,3.1744294,-3.108756,none,true,0,0,0,Stand,6.721971,,,,1,0->0:Exact,NONE
401,6.674064,0.016649,-8949.95,-132.493,83.529526,0,0,0,0,3.1744294,-3.108756,none,true,0,0,0,Stand,6.73862,,,,1,0->0:Exact,NONE
402,6.690712,0.016362,-8949.95,-132.493,83.529526,0,0,0,0,3.1744294,-3.108756,none,true,0,0,0,Stand,6.754982,,,,1,0->0:Exact,NONE
403,6.707075,0.016897,-8949.95,-132.493,83.529526,0,0,0,0,3.1744294,-3.108756,none,true,0,0,0,Stand,6.7718787,,,,1,0->0:Exact,NONE
404,6.723971,0.016524,-8949.95,-132.493,83.529526,0,0,0,0,3.1744294,-3.108756,none,true,0,0,0,Stand,6.7884026,,,,1,0->0:Exact,NONE
405,6.740495,0.016870,-8949.95,-132.493,83.529526,0,0,0,0,3.1744294,-3.108756,none,true,0,0,0,Stand,6.805272,,,,1,0->0:Exact,NONE
406,6.757365,0.016489,-8949.95,-132.493,83.529526,0,0,0,0,3.1744294,-3.108756,none,true,0,0,0,Stand,6.821761,,,,1,0->0:Exact,NONE
407,6.773854,0.016640,-8949.95,-132.493,83.529526,0,0,0,0,3.1744294,-3.108756,none,true,0,0,0,Stand,6.8384013,,,,1,0->0:Exact,NONE
408,6.790494,0.016708,-8949.95,-132.493,83.529526,0,0,0,0,3.1744294,-3.108756,none,true,0,0,0,Stand,6.8551097,,,,1,0->0:Exact,NONE
409,6.807202,0.016668,-8949.95,-132.493,83.529526,0,0,0,0,3.1744294,-3.108756,none,true,0,0,0,Stand,6.871778,,,,1,0->0:Exact,NONE
410,6.823870,0.016591,-8949.95,-132.493,83.529526,0,0,0,0,3.1744294,-3.108756,none,true,0,0,0,Stand,6.888369,,,,1,0->0:Exact,NONE
411,6.840461,0.016702,-8949.95,-132.493,83.529526,0,0,0,0,3.1744294,-3.108756,none,true,0,0,0,Stand,6.9050713,,,,1,0->0:Exact,NONE
412,6.857163,0.017393,-8949.95,-132.493,83.529526,0,0,0,0,3.1744294,-3.108756,none,true,0,0,0,Stand,6.922464,,,,1,0->0:Exact,NONE
413,6.874556,0.016933,-8949.95,-132.493,83.529526,0,0,0,0,3.1744294,-3.108756,none,true,0,0,0,Stand,6.9393973,,,,1,0->0:Exact,NONE
414,6.891489,0.016628,-8949.95,-132.493,83.529526,0,0,0,0,3.1744294,-3.108756,none,true,0,0,0,Stand,6.9560256,,,,1,0->0:Exact,NONE
415,6.908118,0.016305,-8949.95,-132.493,83.529526,0,0,0,0,3.1744294,-3.108756,none,true,0,0,0,Stand,6.97233,,,,1,0->0:Exact,NONE
416,6.924422,0.016413,-8949.95,-132.493,83.529526,0,0,0,0,3.1744294,-3.108756,none,true,0,0,0,Stand,6.988743,,,,1,0->0:Exact,NONE
417,6.940835,0.016460,-8949.95,-132.493,83.529526,0,0,0,0,3.1744294,-3.108756,none,true,0,0,0,Stand,7.0052023,,,,1,0->0:Exact,NONE
418,6.957295,0.016728,-8949.95,-132.493,83.529526,0,0,0,0,3.1744294,-3.108756,none,true,0,0,0,Stand,7.0219307,,,,1,0->0:Exact,NONE
419,6.974023,0.016990,-8949.95,-132.493,83.529526,0,0,0,0,3.1744294,-3.108756,none,true,0,0,0,Stand,7.038921,,,,1,0->0:Exact,NONE
420,6.991013,0.016504,-8949.95,-132.493,83.529526,0,0,0,0,3.1744294,-3.108756,none,true,0,0,0,Stand,7.0554247,,,,1,0->0:Exact,NONE
421,7.007517,0.016676,-8949.95,-132.493,83.529526,0,0,0,0,3.1744294,-3.108756,none,true,0,0,0,Stand,7.072101,,,,1,0->0:Exact,NONE
422,7.024194,0.016474,-8949.95,-132.493,83.529526,0,0,0,0,3.1744294,-3.108756,none,true,0,0,0,Stand,7.0885754,,,,1,0->0:Exact,NONE
423,7.040668,0.016787,-8949.95,-132.493,83.529526,0,0,0,0,3.1744294,-3.108756,none,true,0,0,0,Stand,7.1053624,,,,1,0->0:Exact,NONE
424,7.057455,0.016783,-8949.95,-132.493,83.529526,0,0,0,0,3.1744294,-3.108756,none,true,0,0,0,Stand,7.1221457,,,,1,0->0:Exact,NONE
425,7.074238,0.017053,-8949.95,-132.493,83.529526,0,0,0,0,3.1744294,-3.108756,none,true,0,0,0,Stand,7.1391983,,,,1,0->0:Exact,NONE
426,7.091291,0.016315,-8949.95,-132.493,83.529526,0,0,0,0,3.1744294,-3.108756,none,true,0,0,0,Stand,7.1555133,,,,1,0->0:Exact,NONE
427,7.107606,0.016665,-8949.95,-132.493,83.529526,0,0,0,0,3.1744294,-3.108756,none,true,0,0,0,Stand,7.1721783,,,,1,0->0:Exact,NONE
428,7.124271,0.016523,-8949.95,-132.493,83.529526,0,0,0,0,3.1744294,-3.108756,none,true,0,0,0,Stand,7.1887016,,,,1,0->0:Exact,NONE
429,7.140794,0.016664,-8949.95,-132.493,83.529526,0,0,0,0,3.1744294,-3.108756,none,true,0,0,0,Stand,7.205366,,,,1,0->0:Exact,NONE
430,7.157459,0.016902,-8949.95,-132.493,83.529526,0,0,0,0,3.1744294,-3.108756,none,true,0,0,0,Stand,7.222268,,,,1,0->0:Exact,NONE
431,7.174361,0.017673,-8949.95,-132.493,83.529526,0,0,0,0,3.1744294,-3.108756,none,true,0,0,0,Stand,7.2399416,,,,1,0->0:Exact,NONE
432,7.192034,0.015518,-8949.95,-132.493,83.529526,0,0,0,0,3.1744294,-3.108756,none,true,0,0,0,Stand,7.25546,,,,1,0->0:Exact,NONE
433,7.207552,0.016729,-8949.95,-132.493,83.529526,0,0,0,0,3.1744294,-3.108756,none,true,0,0,0,Stand,7.2721887,,,,1,0->0:Exact,NONE
434,7.224281,0.016744,-8949.95,-132.493,83.529526,0,0,0,0,3.1744294,-3.108756,none,true,0,0,0,Stand,7.288933,,,,1,0->0:Exact,NONE
435,7.241025,0.016545,-8949.95,-132.493,83.529526,0,0,0,0,3.1744294,-3.108756,none,true,0,0,0,Stand,7.305478,,,,1,0->0:Exact,NONE
436,7.257570,0.016710,-8949.95,-132.493,83.529526,0,0,0,0,3.1744294,-3.108756,none,true,0,0,0,Stand,7.3221884,,,,1,0->0:Exact,NONE
437,7.274280,0.016580,-8949.95,-132.493,83.529526,0,0,0,0,3.1744294,-3.108756,none,true,0,0,0,Stand,7.3387685,,,,1,0->0:Exact,NONE
438,7.290861,0.016929,-8949.95,-132.493,83.529526,0,0,0,0,3.1744294,-3.108756,none,true,0,0,0,Stand,7.3556976,,,,1,0->0:Exact,NONE
439,7.307790,0.016714,-8949.95,-132.493,83.529526,0,0,0,0,3.1744294,-3.108756,none,true,0,0,0,Stand,7.3724113,,,,1,0->0:Exact,NONE
440,7.324503,0.016430,-8949.95,-132.493,83.529526,0,0,0,0,3.1744294,-3.108756,none,true,0,0,0,Stand,7.3888407,,,,1,0->0:Exact,NONE
441,7.340933,0.016828,-8949.95,-132.493,83.529526,0,0,0,0,3.1744294,-3.108756,none,true,0,0,0,Stand,7.405669,,,,1,0->0:Exact,NONE
442,7.357761,0.016723,-8949.95,-132.493,83.529526,0,0,0,0,3.1744294,-3.108756,none,true,0,0,0,Stand,7.4223924,,,,1,0->0:Exact,NONE
443,7.374484,0.016839,-8949.95,-132.493,83.529526,0,0,0,0,3.1744294,-3.108756,none,true,0,0,0,Stand,7.439232,,,,1,0->0:Exact,NONE
444,7.391323,0.016370,-8949.95,-132.493,83.529526,0,0,0,0,3.1744294,-3.108756,none,true,0,0,0,Stand,7.4556017,,,,1,0->0:Exact,NONE
445,7.407693,0.016834,-8949.95,-132.493,83.529526,0,0,0,0,3.1744294,-3.108756,none,true,0,0,0,Stand,7.4724364,,,,1,0->0:Exact,NONE
446,7.424528,0.016618,-8949.95,-132.493,83.529526,0,0,0,0,3.1744294,-3.108756,none,true,0,0,0,Stand,7.489055,,,,1,0->0:Exact,NONE
447,7.441146,0.016720,-8949.95,-132.493,83.529526,0,0,0,0,3.1744294,-3.108756,none,true,0,0,0,Stand,7.505775,,,,1,0->0:Exact,NONE
448,7.457866,0.016812,-8949.95,-132.493,83.529526,0,0,0,0,3.1744294,-3.108756,none,true,0,0,0,Stand,7.5225873,,,,1,0->0:Exact,NONE
449,7.474679,0.017348,-8949.95,-132.493,83.529526,0,0,0,0,3.1744294,-3.108756,none,true,0,0,0,Stand,7.5399356,,,,1,0->0:Exact,NONE
450,7.492027,0.015717,-8949.95,-132.493,83.529526,0,0,0,0,3.1744294,-3.108756,none,true,0,0,0,Stand,7.5556526,,,,1,0->0:Exact,NONE
451,7.507744,0.016881,-8949.95,-132.493,83.529526,0,0,0,0,3.1744294,-3.108756,none,true,0,0,0,Stand,7.572533,,,,1,0->0:Exact,NONE
452,7.524625,0.016641,-8949.95,-132.493,83.529526,0,0,0,0,3.1744294,-3.108756,none,true,0,0,0,Stand,7.589174,,,,1,0->0:Exact,NONE
453,7.541265,0.016644,-8949.95,-132.493,83.529526,0,0,0,0,3.1744294,-3.108756,none,true,0,0,0,Stand,7.6058183,,,,1,0->0:Exact,NONE
454,7.557910,0.016664,-8949.95,-132.493,83.529526,0,0,0,0,3.1744294,-3.108756,none,true,0,0,0,Stand,7.622483,,,,1,0->0:Exact,NONE
455,7.574574,0.016611,-8949.95,-132.493,83.529526,0,0,0,0,3.1744294,-3.108756,none,true,0,0,0,Stand,7.6390944,,,,1,0->0:Exact,NONE
456,7.591185,0.016659,-8949.95,-132.493,83.529526,0,0,0,0,3.1744294,-3.108756,none,true,0,0,0,Stand,7.655753,,,,1,0->0:Exact,NONE
457,7.607844,0.016617,-8949.95,-132.493,83.529526,0,0,0,0,3.1744294,-3.108756,none,true,0,0,0,Stand,7.67237,,,,1,0->0:Exact,NONE
458,7.624461,0.016753,-8949.95,-132.493,83.529526,0,0,0,0,3.1744294,-3.108756,none,true,0,0,0,Stand,7.6891227,,,,1,0->0:Exact,NONE
459,7.641214,0.016767,-8949.95,-132.493,83.529526,0,0,0,0,3.1744294,-3.108756,none,true,0,0,0,Stand,7.70589,,,,1,0->0:Exact,NONE
460,7.657981,0.016661,-8949.95,-132.493,83.529526,0,0,0,0,3.1744294,-3.108756,none,true,0,0,0,Stand,7.722551,,,,1,0->0:Exact,NONE
461,7.674642,0.016818,-8949.95,-132.493,83.529526,0,0,0,0,3.1744294,-3.108756,none,true,0,0,0,Stand,7.739369,,,,1,0->0:Exact,NONE
462,7.691461,0.016493,-8949.95,-132.493,83.529526,0,0,0,0,3.1744294,-3.108756,none,true,0,0,0,Stand,7.7558618,,,,1,0->0:Exact,NONE
463,7.707954,0.016918,-8949.95,-132.493,83.529526,0,0,0,0,3.1744294,-3.108756,none,true,0,0,0,Stand,7.7727795,,,,1,0->0:Exact,NONE
464,7.724871,0.016554,-8949.95,-132.493,83.529526,0,0,0,0,3.1744294,-3.108756,none,true,0,0,0,Stand,7.789334,,,,1,0->0:Exact,NONE
465,7.741426,0.016518,-8949.95,-132.493,83.529526,0,0,0,0,3.1744294,-3.108756,none,true,0,0,0,Stand,7.805852,,,,1,0->0:Exact,NONE
466,7.757944,0.016904,-8949.95,-132.493,83.529526,0,0,0,0,3.1744294,-3.108756,none,true,0,0,0,Stand,7.8227563,,,,1,0->0:Exact,NONE
467,7.774848,0.017849,-8949.95,-132.493,83.529526,0,0,0,0,3.1744294,-3.108756,none,true,0,0,0,Stand,7.8406053,,,,1,0->0:Exact,NONE
468,7.792697,0.015306,-8949.95,-132.493,83.529526,0,0,0,0,3.1744294,-3.108756,none,true,0,0,0,Stand,7.855911,,,,1,0->0:Exact,NONE
469,7.808002,0.016646,-8949.95,-132.493,83.529526,0,0,0,0,3.1744294,-3.108756,none,true,0,0,0,Stand,7.872556,,,,1,0->0:Exact,NONE
470,7.824648,0.016948,-8949.95,-132.493,83.529526,0,0,0,0,3.1744294,-3.108756,none,true,0,0,0,Stand,7.889504,,,,1,0->0:Exact,NONE
471,7.841596,0.016700,-8949.95,-132.493,83.529526,0,0,0,0,3.1744294,-3.108756,none,true,0,0,0,Stand,7.9062037,,,,1,0->0:Exact,NONE
472,7.858295,0.016742,-8949.95,-132.493,83.529526,0,0,0,0,3.1744294,-3.108756,none,true,0,0,0,Stand,7.922946,,,,1,0->0:Exact,NONE
473,7.875037,0.016467,-8949.95,-132.493,83.529526,0,0,0,0,3.1744294,-3.108756,none,true,0,0,0,Stand,7.939413,,,,1,0->0:Exact,NONE
474,7.891505,0.016547,-8949.95,-132.493,83.529526,0,0,0,0,3.1744294,-3.108756,none,true,0,0,0,Stand,7.9559608,,,,1,0->0:Exact,NONE
475,7.908052,0.016904,-8949.95,-132.493,83.529526,0,0,0,0,3.1744294,-3.108756,none,true,0,0,0,Stand,7.972865,,,,1,0->0:Exact,NONE
476,7.924957,0.016582,-8949.95,-132.493,83.529526,0,0,0,0,3.1744294,-3.108756,none,true,0,0,0,Stand,7.9894466,,,,1,0->0:Exact,NONE
477,7.941538,0.016804,-8949.95,-132.493,83.529526,0,0,0,0,3.1744294,-3.108756,none,true,0,0,0,Stand,8.006251,,,,1,0->0:Exact,NONE
478,7.958343,0.016599,-8949.95,-132.493,83.529526,0,0,0,0,3.1744294,-3.108756,none,true,0,0,0,Stand,8.022851,,,,1,0->0:Exact,NONE
479,7.974942,0.016486,-8949.95,-132.493,83.529526,0,0,0,0,3.1744294,-3.108756,none,true,0,0,0,Stand,8.039337,,,,1,0->0:Exact,NONE
480,7.991428,0.016700,-8949.95,-132.493,83.529526,0,0,0,0,3.1744294,-3.108756,none,true,0,0,0,Stand,8.056037,,,,1,0->0:Exact,NONE
481,8.008128,0.016755,-8949.95,-132.493,83.529526,0,0,0,0,3.1744294,-3.108756,none,true,0,0,0,Stand,8.072791,,,,1,0->0:Exact,NONE
482,8.024883,0.016898,-8949.95,-132.493,83.529526,0,0,0,0,3.1744294,-3.108756,none,true,0,0,0,Stand,8.089689,,,,1,0->0:Exact,NONE
483,8.041781,0.017234,-8949.95,-132.493,83.529526,0,0,0,0,3.1744294,-3.108756,none,true,0,0,0,Stand,8.106924,,,,1,0->0:Exact,NONE
484,8.059016,0.015822,-8949.95,-132.493,83.529526,0,0,0,0,3.1744294,-3.108756,none,true,0,0,0,Stand,8.122746,,,,1,0->0:Exact,NONE
485,8.074838,0.017995,-8949.95,-132.493,83.529526,0,0,0,0,3.1744294,-3.108756,none,true,0,0,0,Stand,8.140742,,,,1,0->0:Exact,NONE
486,8.092833,0.015415,-8949.95,-132.493,83.529526,0,0,0,0,3.1744294,-3.108756,none,true,0,0,0,Stand,8.1561575,,,,1,0->0:Exact,NONE
487,8.108248,0.016661,-8949.95,-132.493,83.529526,0,0,0,0,3.1744294,-3.108756,none,true,0,0,0,Stand,8.172818,,,,1,0->0:Exact,NONE
488,8.124909,0.016783,-8949.95,-132.493,83.529526,0,0,0,0,3.1744294,-3.108756,none,true,0,0,0,Stand,8.189601,,,,1,0->0:Exact,NONE
489,8.141692,0.016569,-8949.95,-132.493,83.529526,0,0,0,0,3.1744294,-3.108756,none,true,0,0,0,Stand,8.20617,,,,1,0->0:Exact,NONE
490,8.158261,0.016695,-8949.95,-132.493,83.529526,0,0,0,0,3.1744294,-3.108756,none,true,0,0,0,Stand,8.222865,,,,1,0->0:Exact,NONE
491,8.174956,0.016631,-8949.95,-132.493,83.529526,0,0,0,0,3.1744294,-3.108756,none,true,0,0,0,Stand,8.239496,,,,1,0->0:Exact,NONE
492,8.191587,0.016712,-8949.95,-132.493,83.529526,0,0,0,0,3.1744294,-3.108756,none,true,0,0,0,Stand,8.256207,,,,1,0->0:Exact,NONE
493,8.208299,0.016732,-8949.95,-132.493,83.529526,0,0,0,0,3.1744294,-3.108756,none,true,0,0,0,Stand,8.27294,,,,1,0->0:Exact,NONE
494,8.225031,0.016731,-8949.95,-132.493,83.529526,0,0,0,0,3.1744294,-3.108756,none,true,0,0,0,Stand,8.289671,,,,1,0->0:Exact,NONE
495,8.241762,0.016608,-8949.95,-132.493,83.529526,0,0,0,0,3.1744294,-3.108756,none,true,0,0,0,Stand,8.306278,,,,1,0->0:Exact,NONE
496,8.258370,0.016739,-8949.95,-132.493,83.529526,0,0,0,0,3.1744294,-3.108756,none,true,0,0,0,Stand,8.323017,,,,1,0->0:Exact,NONE
497,8.275109,0.016772,-8949.95,-132.493,83.529526,0,0,0,0,3.1744294,-3.108756,none,true,0,0,0,Stand,8.339789,,,,1,0->0:Exact,NONE
498,8.291880,0.016576,-8949.95,-132.493,83.529526,0,0,0,0,3.1744294,-3.108756,none,true,0,0,0,Stand,8.356365,,,,1,0->0:Exact,NONE
499,8.308456,0.016643,-8949.95,-132.493,83.529526,0,0,0,0,3.1744294,-3.108756,none,true,0,0,0,Stand,8.373008,,,,1,0->0:Exact,NONE
500,8.325099,0.016780,-8949.95,-132.493,83.529526,0,0,0,0,3.1744294,-3.108756,none,true,0,0,0,Stand,8.389788,,,,1,0->0:Exact,NONE
501,8.341879,0.016544,-8949.95,-132.493,83.529526,0,0,0,0,3.1744294,-3.108756,none,true,0,0,0,Stand,8.406331,,,,1,0->0:Exact,NONE
502,8.358423,0.016726,-8949.95,-132.493,83.529526,0,0,0,0,3.1744294,-3.108756,none,true,0,0,0,Stand,8.423057,,,,1,0->0:Exact,NONE
503,8.375148,0.017994,-8949.95,-132.493,83.529526,0,0,0,0,3.1744294,-3.108756,none,true,0,0,0,Stand,8.441051,,,,1,0->0:Exact,NONE
504,8.393142,0.015261,-8949.95,-132.493,83.529526,0,0,0,0,3.1744294,-3.108756,none,true,0,0,0,Stand,8.456312,,,,1,0->0:Exact,NONE
505,8.408403,0.016918,-8949.95,-132.493,83.529526,0,0,0,0,3.1744294,-3.108756,none,true,0,0,0,Stand,8.473229,,,,1,0->0:Exact,NONE
506,8.425321,0.016519,-8949.95,-132.493,83.529526,0,0,0,0,3.1744294,-3.108756,none,true,0,0,0,Stand,8.489748,,,,1,0->0:Exact,NONE
507,8.441840,0.016733,-8949.95,-132.493,83.529526,0,0,0,0,3.1744294,-3.108756,none,true,0,0,0,Stand,8.506481,,,,1,0->0:Exact,NONE
508,8.458573,0.016693,-8949.95,-132.493,83.529526,0,0,0,0,3.1744294,-3.108756,none,true,0,0,0,Stand,8.523174,,,,1,0->0:Exact,NONE
509,8.475266,0.016628,-8949.95,-132.493,83.529526,0,0,0,0,3.1744294,-3.108756,none,true,0,0,0,Stand,8.539802,,,,1,0->0:Exact,NONE
510,8.491894,0.016820,-8949.95,-132.493,83.529526,0,0,0,0,3.1744294,-3.108756,none,true,0,0,0,Stand,8.556622,,,,1,0->0:Exact,NONE
511,8.508714,0.016615,-8949.95,-132.493,83.529526,0,0,0,0,3.1744294,-3.108756,none,true,0,0,0,Stand,8.573236,,,,1,0->0:Exact,NONE
512,8.525329,0.016616,-8949.95,-132.493,83.529526,0,0,0,0,3.1744294,-3.108756,none,true,0,0,0,Stand,8.589852,,,,1,0->0:Exact,NONE
513,8.541945,0.016737,-8949.95,-132.493,83.529526,0,0,0,0,3.1744294,-3.108756,none,true,0,0,0,Stand,8.606589,,,,1,0->0:Exact,NONE
514,8.558681,0.016676,-8949.95,-132.493,83.529526,0,0,0,0,3.1744294,-3.108756,none,true,0,0,0,Stand,8.623265,,,,1,0->0:Exact,NONE
515,8.575358,0.016856,-8949.95,-132.493,83.529526,0,0,0,0,3.1744294,-3.108756,none,true,0,0,0,Stand,8.640121,,,,1,0->0:Exact,NONE
516,8.592213,0.016680,-8949.95,-132.493,83.529526,0,0,0,0,3.1744294,-3.108756,none,true,0,0,0,Stand,8.656801,,,,1,0->0:Exact,NONE
517,8.608893,0.016497,-8949.95,-132.493,83.529526,0,0,0,0,3.1744294,-3.108756,none,true,0,0,0,Stand,8.673298,,,,1,0->0:Exact,NONE
518,8.625390,0.016811,-8949.95,-132.493,83.529526,0,0,0,0,3.1744294,-3.108756,none,true,0,0,0,Stand,8.690108,,,,1,0->0:Exact,NONE
519,8.642201,0.017221,-8949.95,-132.493,83.529526,0,0,0,0,3.1744294,-3.108756,none,true,0,0,0,Stand,8.70733,,,,1,0->0:Exact,NONE
520,8.659422,0.016183,-8949.95,-132.493,83.529526,0,0,0,0,3.1744294,-3.108756,none,true,0,0,0,Stand,8.723513,,,,1,0->0:Exact,NONE
521,8.675605,0.017746,-8949.95,-132.493,83.529526,0,0,0,0,3.1744294,-3.108756,none,true,0,0,0,Stand,8.741259,,,,1,0->0:Exact,NONE
522,8.693350,0.015421,-8949.95,-132.493,83.529526,0,0,0,0,3.1744294,-3.108756,none,true,0,0,0,Stand,8.75668,,,,1,0->0:Exact,NONE
523,8.708771,0.016612,-8949.95,-132.493,83.529526,0,0,0,0,3.1744294,-3.108756,none,true,0,0,0,Stand,8.773292,,,,1,0->0:Exact,NONE
524,8.725383,0.016720,-8949.95,-132.493,83.529526,0,0,0,0,3.1744294,-3.108756,none,true,0,0,0,Stand,8.790011,,,,1,0->0:Exact,NONE
525,8.742103,0.016660,-8949.95,-132.493,83.529526,0,0,0,0,3.1744294,-3.108756,none,true,0,0,0,Stand,8.806671,,,,1,0->0:Exact,NONE
526,8.758763,0.016730,-8949.95,-132.493,83.529526,0,0,0,0,3.1744294,-3.108756,none,true,0,0,0,Stand,8.8234005,,,,1,0->0:Exact,NONE
527,8.775493,0.016802,-8949.95,-132.493,83.529526,0,0,0,0,3.1744294,-3.108756,none,true,0,0,0,Stand,8.840202,,,,1,0->0:Exact,NONE
528,8.792294,0.016576,-8949.95,-132.493,83.529526,0,0,0,0,3.1744294,-3.108756,none,true,0,0,0,Stand,8.856779,,,,1,0->0:Exact,NONE
529,8.808871,0.016523,-8949.95,-132.493,83.529526,0,0,0,0,3.1744294,-3.108756,none,true,0,0,0,Stand,8.8733015,,,,1,0->0:Exact,NONE
530,8.825393,0.016731,-8949.95,-132.493,83.529526,0,0,0,0,3.1744294,-3.108756,none,true,0,0,0,Stand,8.890033,,,,1,0->0:Exact,NONE
531,8.842124,0.016773,-8949.95,-132.493,83.529526,0,0,0,0,3.1744294,-3.108756,none,true,0,0,0,Stand,8.906805,,,,1,0->0:Exact,NONE
532,8.858897,0.016771,-8949.95,-132.493,83.529526,0,0,0,0,3.1744294,-3.108756,none,true,0,0,0,Stand,8.923575,,,,1,0->0:Exact,NONE
533,8.875668,0.016451,-8949.95,-132.493,83.529526,0,0,0,0,3.1744294,-3.108756,none,true,0,0,0,Stand,8.940026,,,,1,0->0:Exact,NONE
534,8.892118,0.016709,-8949.95,-132.493,83.529526,0,0,0,0,3.1744294,-3.108756,none,true,0,0,0,Stand,8.956735,,,,1,0->0:Exact,NONE
535,8.908827,0.016873,-8949.95,-132.493,83.529526,0,0,0,0,3.1744294,-3.108756,none,true,0,0,0,Stand,8.973608,,,,1,0->0:Exact,NONE
536,8.925701,0.016836,-8949.95,-132.493,83.529526,0,0,0,0,3.1744294,-3.108756,none,true,0,0,0,Stand,8.990444,,,,1,0->0:Exact,NONE
537,8.942537,0.016313,-8949.95,-132.493,83.529526,0,0,0,0,3.1744294,-3.108756,none,true,0,0,0,Stand,9.006758,,,,1,0->0:Exact,NONE
538,8.958850,0.016753,-8949.95,-132.493,83.529526,0,0,0,0,3.1744294,-3.108756,none,true,0,0,0,Stand,9.02351,,,,1,0->0:Exact,NONE
539,8.975603,0.018121,-8949.95,-132.493,83.529526,0,0,0,0,3.1744294,-3.108756,none,true,0,0,0,Stand,9.041632,,,,1,0->0:Exact,NONE
540,8.993724,0.015223,-8949.95,-132.493,83.529526,0,0,0,0,3.1744294,-3.108756,none,true,0,0,0,Stand,9.056854,,,,1,0->0:Exact,NONE
541,9.008947,0.016875,-8949.95,-132.493,83.529526,0,0,0,0,3.1744294,-3.108756,none,true,0,0,0,Stand,9.073729,,,,1,0->0:Exact,NONE
542,9.025821,0.016517,-8949.95,-132.493,83.529526,0,0,0,0,3.1744294,-3.108756,none,true,0,0,0,Stand,9.090246,,,,1,0->0:Exact,NONE
543,9.042339,0.016949,-8949.95,-132.493,83.529526,0,0,0,0,3.1744294,-3.108756,none,true,0,0,0,Stand,9.107196,,,,1,0->0:Exact,NONE
544,9.059288,0.016734,-8949.95,-132.493,83.529526,0,0,0,0,3.1744294,-3.108756,none,true,0,0,0,Stand,9.12393,,,,1,0->0:Exact,NONE
545,9.076022,0.016415,-8949.95,-132.493,83.529526,0,0,0,0,3.1744294,-3.108756,none,true,0,0,0,Stand,9.140345,,,,1,0->0:Exact,NONE
546,9.092437,0.016558,-8949.95,-132.493,83.529526,0,0,0,0,3.1744294,-3.108756,none,true,0,0,0,Stand,9.156903,,,,1,0->0:Exact,NONE
547,9.108995,0.016836,-8949.95,-132.493,83.529526,0,0,0,0,3.1744294,-3.108756,none,true,0,0,0,Stand,9.173739,,,,1,0->0:Exact,NONE
548,9.125831,0.016767,-8949.95,-132.493,83.529526,0,0,0,0,3.1744294,-3.108756,none,true,0,0,0,Stand,9.190506,,,,1,0->0:Exact,NONE
549,9.142598,0.016457,-8949.95,-132.493,83.529526,0,0,0,0,3.1744294,-3.108756,none,true,0,0,0,Stand,9.206963,,,,1,0->0:Exact,NONE
550,9.159055,0.016864,-8949.95,-132.493,83.529526,0,0,0,0,3.1744294,-3.108756,none,true,0,0,0,Stand,9.223827,,,,1,0->0:Exact,NONE
551,9.175920,0.017142,-8949.95,-132.493,83.529526,0,0,0,0,3.1744294,-3.108756,none,true,0,0,0,Stand,9.240969,,,,1,0->0:Exact,NONE
552,9.193061,0.016031,-8949.95,-132.493,83.529526,0,0,0,0,3.1744294,-3.108756,none,true,0,0,0,Stand,9.257,,,,1,0->0:Exact,NONE
553,9.209092,0.016628,-8949.95,-132.493,83.529526,0,0,0,0,3.1744294,-3.108756,none,true,0,0,0,Stand,9.273627,,,,1,0->0:Exact,NONE
554,9.225720,0.016850,-8949.95,-132.493,83.529526,0,0,0,0,3.1744294,-3.108756,none,true,0,0,0,Stand,9.290477,,,,1,0->0:Exact,NONE
555,9.242570,0.016533,-8949.95,-132.493,83.529526,0,0,0,0,3.1744294,-3.108756,none,true,0,0,0,Stand,9.307011,,,,1,0->0:Exact,NONE
556,9.259103,0.016667,-8949.95,-132.493,83.529526,0,0,0,0,3.1744294,-3.108756,none,true,0,0,0,Stand,9.323678,,,,1,0->0:Exact,NONE
557,9.275770,0.016840,-8949.95,-132.493,83.529526,0,0,0,0,3.1744294,-3.108756,none,true,0,0,0,Stand,9.340518,,,,1,0->0:Exact,NONE
558,9.292610,0.016607,-8949.95,-132.493,83.529526,0,0,0,0,3.1744294,-3.108756,none,true,0,0,0,Stand,9.357125,,,,1,0->0:Exact,NONE
559,9.309217,0.016596,-8949.95,-132.493,83.529526,0,0,0,0,3.1744294,-3.108756,none,true,0,0,0,Stand,9.373722,,,,1,0->0:Exact,NONE
560,9.325813,0.016708,-8949.95,-132.493,83.529526,0,0,0,0,3.1744294,-3.108756,none,true,0,0,0,Stand,9.39043,,,,1,0->0:Exact,NONE
561,9.342521,0.016965,-8949.95,-132.493,83.529526,0,0,0,0,3.1744294,-3.108756,none,true,0,0,0,Stand,9.407395,,,,1,0->0:Exact,NONE
562,9.359486,0.016402,-8949.95,-132.493,83.529526,0,0,0,0,3.1744294,-3.108756,none,true,0,0,0,Stand,9.423797,,,,1,0->0:Exact,NONE
563,9.375888,0.016792,-8949.95,-132.493,83.529526,0,0,0,0,3.1744294,-3.108756,none,true,0,0,0,Stand,9.440588,,,,1,0->0:Exact,NONE
564,9.392680,0.016751,-8949.95,-132.493,83.529526,0,0,0,0,3.1744294,-3.108756,none,true,0,0,0,Stand,9.457339,,,,1,0->0:Exact,NONE
565,9.409431,0.016571,-8949.95,-132.493,83.529526,0,0,0,0,3.1744294,-3.108756,none,true,0,0,0,Stand,9.47391,,,,1,0->0:Exact,NONE
566,9.426002,0.016629,-8949.95,-132.493,83.529526,0,0,0,0,3.1744294,-3.108756,none,true,0,0,0,Stand,9.49054,,,,1,0->0:Exact,NONE
567,9.442631,0.016674,-8949.95,-132.493,83.529526,0,0,0,0,3.1744294,-3.108756,none,true,0,0,0,Stand,9.507214,,,,1,0->0:Exact,NONE
568,9.459305,0.016862,-8949.95,-132.493,83.529526,0,0,0,0,3.1744294,-3.108756,none,true,0,0,0,Stand,9.5240755,,,,1,0->0:Exact,NONE
569,9.476167,0.017329,-8949.95,-132.493,83.529526,0,0,0,0,3.1744294,-3.108756,none,true,0,0,0,Stand,9.541404,,,,1,0->0:Exact,NONE
570,9.493496,0.015971,-8949.95,-132.493,83.529526,0,0,0,0,3.1744294,-3.108756,none,true,0,0,0,Stand,9.557374,,,,1,0->0:Exact,NONE
571,9.509466,0.016598,-8949.95,-132.493,83.529526,0,0,0,0,3.1744294,-3.108756,none,true,0,0,0,Stand,9.573972,,,,1,0->0:Exact,NONE
572,9.526064,0.016705,-8949.95,-132.493,83.529526,0,0,0,0,3.1744294,-3.108756,none,true,0,0,0,Stand,9.590677,,,,1,0->0:Exact,NONE
573,9.542769,0.016632,-8949.95,-132.493,83.529526,0,0,0,0,3.1744294,-3.108756,none,true,0,0,0,Stand,9.607309,,,,1,0->0:Exact,NONE
574,9.559401,0.016849,-8949.95,-132.493,83.529526,0,0,0,0,3.1744294,-3.108756,none,true,0,0,0,Stand,9.624158,,,,1,0->0:Exact,NONE
575,9.576250,0.016650,-8949.95,-132.493,83.529526,0,0,0,0,3.1744294,-3.108756,none,true,0,0,0,Stand,9.640808,,,,1,0->0:Exact,NONE
576,9.592900,0.016495,-8949.95,-132.493,83.529526,0,0,0,0,3.1744294,-3.108756,none,true,0,0,0,Stand,9.657303,,,,1,0->0:Exact,NONE
577,9.609395,0.016882,-8949.95,-132.493,83.529526,0,0,0,0,3.1744294,-3.108756,none,true,0,0,0,Stand,9.674186,,,,1,0->0:Exact,NONE
578,9.626278,0.016602,-8949.95,-132.493,83.529526,0,0,0,0,3.1744294,-3.108756,none,true,0,0,0,Stand,9.690787,,,,1,0->0:Exact,NONE
579,9.642880,0.016570,-8949.95,-132.493,83.529526,0,0,0,0,3.1744294,-3.108756,none,true,0,0,0,Stand,9.707357,,,,1,0->0:Exact,NONE
580,9.659450,0.016948,-8949.95,-132.493,83.529526,0,0,0,0,3.1744294,-3.108756,none,true,0,0,0,Stand,9.724305,,,,1,0->0:Exact,NONE
581,9.676398,0.016367,-8949.95,-132.493,83.529526,0,0,0,0,3.1744294,-3.108756,none,true,0,0,0,Stand,9.740672,,,,1,0->0:Exact,NONE
582,9.692765,0.016924,-8949.95,-132.493,83.529526,0,0,0,0,3.1744294,-3.108756,none,true,0,0,0,Stand,9.757596,,,,1,0->0:Exact,NONE
583,9.709689,0.016479,-8949.95,-132.493,83.529526,0,0,0,0,3.1744294,-3.108756,none,true,0,0,0,Stand,9.774075,,,,1,0->0:Exact,NONE
584,9.726167,0.016806,-8949.95,-132.493,83.529526,0,0,0,0,3.1744294,-3.108756,none,true,0,0,0,Stand,9.79088,,,,1,0->0:Exact,NONE
585,9.742973,0.016625,-8949.95,-132.493,83.529526,0,0,0,0,3.1744294,-3.108756,none,true,0,0,0,Stand,9.807506,,,,1,0->0:Exact,NONE
586,9.759598,0.016757,-8949.95,-132.493,83.529526,0,0,0,0,3.1744294,-3.108756,none,true,0,0,0,Stand,9.824263,,,,1,0->0:Exact,NONE
587,9.776355,0.017598,-8949.95,-132.493,83.529526,0,0,0,0,3.1744294,-3.108756,none,true,0,0,0,Stand,9.841861,,,,1,0->0:Exact,NONE
588,9.793954,0.015876,-8949.95,-132.493,83.529526,0,0,0,0,3.1744294,-3.108756,none,true,0,0,0,Stand,9.857738,,,,1,0->0:Exact,NONE
589,9.809830,0.016603,-8949.95,-132.493,83.529526,0,0,0,0,3.1744294,-3.108756,none,true,0,0,0,Stand,9.874341,,,,1,0->0:Exact,NONE
590,9.826434,0.016637,-8949.95,-132.493,83.529526,0,0,0,0,3.1744294,-3.108756,none,true,0,0,0,Stand,9.890978,,,,1,0->0:Exact,NONE
591,9.843071,0.016872,-8949.95,-132.493,83.529526,0,0,0,0,3.1744294,-3.108756,none,true,0,0,0,Stand,9.90785,,,,1,0->0:Exact,NONE
592,9.859943,0.016343,-8949.95,-132.493,83.529526,0,0,0,0,3.1744294,-3.108756,none,true,0,0,0,Stand,9.924193,,,,1,0->0:Exact,NONE
593,9.876286,0.016796,-8949.95,-132.493,83.529526,0,0,0,0,3.1744294,-3.108756,none,true,0,0,0,Stand,9.9409895,,,,1,0->0:Exact,NONE
594,9.893083,0.016605,-8949.95,-132.493,83.529526,0,0,0,0,3.1744294,-3.108756,none,true,0,0,0,Stand,9.957595,,,,1,0->0:Exact,NONE
595,9.909688,0.016771,-8949.95,-132.493,83.529526,0,0,0,0,3.1744294,-3.108756,none,true,0,0,0,Stand,9.974366,,,,1,0->0:Exact,NONE
596,9.926459,0.016725,-8949.95,-132.493,83.529526,0,0,0,0,3.1744294,-3.108756,none,true,0,0,0,Stand,9.991091,,,,1,0->0:Exact,NONE
597,9.943184,0.016659,-8949.95,-132.493,83.529526,0,0,0,0,3.1744294,-3.108756,none,true,0,0,0,Stand,10.00775,,,,1,0->0:Exact,NONE
598,9.959843,0.016705,-8949.95,-132.493,83.529526,0,0,0,0,3.1744294,-3.108756,none,true,0,0,0,Stand,10.024455,,,,1,0->0:Exact,NONE
599,9.976548,0.016686,-8949.95,-132.493,83.529526,0,0,0,0,3.1744294,-3.108756,none,true,0,0,0,Stand,10.041141,,,,1,0->0:Exact,NONE
600,9.993234,0.016607,-8949.95,-132.493,83.529526,0,0,0,0,3.1744294,-3.108756,none,true,0,0,0,Stand,10.057748,,,,1,0->0:Exact,NONE
601,10.009842,0.016629,-8949.95,-132.493,83.529526,0,0,0,0,3.1744294,-3.108756,none,true,0,0,0,Stand,10.074377,,,,1,0->0:Exact,NONE
602,10.026471,0.016801,-8949.95,-132.493,83.529526,0,0,0,0,3.1744294,-3.108756,none,true,0,0,0,Stand,10.091178,,,,1,0->0:Exact,NONE
603,10.043272,0.016565,-8949.95,-132.493,83.529526,0,0,0,0,3.1744294,-3.108756,none,true,0,0,0,Stand,10.107743,,,,1,0->0:Exact,NONE
604,10.059837,0.016974,-8949.95,-132.493,83.529526,0,0,0,0,3.1744294,-3.108756,none,true,0,0,0,Stand,10.124717,,,,1,0->0:Exact,NONE
605,10.076811,0.017216,-8949.95,-132.493,83.529526,0,0,0,0,3.1744294,-3.108756,none,true,0,0,0,Stand,10.1419325,,,,1,0->0:Exact,NONE
606,10.094027,0.015816,-8949.95,-132.493,83.529526,0,0,0,0,3.1744294,-3.108756,none,true,0,0,0,Stand,10.157748,,,,1,0->0:Exact,NONE
607,10.109843,0.016704,-8949.95,-132.493,83.529526,0,0,0,0,3.1744294,-3.108756,none,true,0,0,0,Stand,10.174452,,,,1,0->0:Exact,NONE
608,10.126547,0.016636,-8949.95,-132.493,83.529526,0,0,0,0,3.1744294,-3.108756,none,true,0,0,0,Stand,10.191088,,,,1,0->0:Exact,NONE
609,10.143183,0.016786,-8949.95,-132.493,83.529526,0,0,0,0,3.1744294,-3.108756,none,true,0,0,0,Stand,10.207873,,,,1,0->0:Exact,NONE
610,10.159969,0.016692,-8949.95,-132.493,83.529526,0,0,0,0,3.1744294,-3.108756,none,true,0,0,0,Stand,10.2245655,,,,1,0->0:Exact,NONE
611,10.176661,0.016616,-8949.95,-132.493,83.529526,0,0,0,0,3.1744294,-3.108756,none,true,0,0,0,Stand,10.241181,,,,1,0->0:Exact,NONE
612,10.193277,0.016655,-8949.95,-132.493,83.529526,0,0,0,0,3.1744294,-3.108756,none,true,0,0,0,Stand,10.257837,,,,1,0->0:Exact,NONE
613,10.209933,0.016870,-8949.95,-132.493,83.529526,0,0,0,0,3.1744294,-3.108756,none,true,0,0,0,Stand,10.274707,,,,1,0->0:Exact,NONE
614,10.226802,0.016382,-8949.95,-132.493,83.529526,0,0,0,0,3.1744294,-3.108756,none,true,0,0,0,Stand,10.291088,,,,1,0->0:Exact,NONE
615,10.243184,0.016692,-8949.95,-132.493,83.529526,0,0,0,0,3.1744294,-3.108756,none,true,0,0,0,Stand,10.30778,,,,1,0->0:Exact,NONE
616,10.259876,0.016764,-8949.95,-132.493,83.529526,0,0,0,0,3.1744294,-3.108756,none,true,0,0,0,Stand,10.324545,,,,1,0->0:Exact,NONE
617,10.276640,0.016667,-8949.95,-132.493,83.529526,0,0,0,0,3.1744294,-3.108756,none,true,0,0,0,Stand,10.341212,,,,1,0->0:Exact,NONE
618,10.293308,0.017366,-8949.95,-132.493,83.529526,0,0,0,0,3.1744294,-3.108756,none,true,0,0,0,Stand,10.358579,,,,1,0->0:Exact,NONE
619,10.310674,0.016092,-8949.95,-132.493,83.529526,0,0,0,0,3.1744294,-3.108756,none,true,0,0,0,Stand,10.37467,,,,1,0->0:Exact,NONE
620,10.326765,0.016619,-8949.95,-132.493,83.529526,0,0,0,0,3.1744294,-3.108756,none,true,0,0,0,Stand,10.391289,,,,1,0->0:Exact,NONE
621,10.343384,0.016661,-8949.95,-132.493,83.529526,0,0,0,0,3.1744294,-3.108756,none,true,0,0,0,Stand,10.407949,,,,1,0->0:Exact,NONE
622,10.360045,0.016798,-8949.95,-132.493,83.529526,0,0,0,0,3.1744294,-3.108756,none,true,0,0,0,Stand,10.424747,,,,1,0->0:Exact,NONE
623,10.376843,0.017825,-8949.95,-132.493,83.529526,0,0,0,0,3.1744294,-3.108756,none,true,0,0,0,Stand,10.442573,,,,1,0->0:Exact,NONE
624,10.394668,0.015741,-8949.95,-132.493,83.529526,0,0,0,0,3.1744294,-3.108756,none,true,0,0,0,Stand,10.458314,,,,1,0->0:Exact,NONE
625,10.410409,0.016489,-8949.95,-132.493,83.529526,0,0,0,0,3.1744294,-3.108756,none,true,0,0,0,Stand,10.474803,,,,1,0->0:Exact,NONE
626,10.426899,0.016425,-8949.95,-132.493,83.529526,0,0,0,0,3.1744294,-3.108756,none,true,0,0,0,Stand,10.491228,,,,1,0->0:Exact,NONE
627,10.443324,0.016843,-8949.95,-132.493,83.529526,0,0,0,0,3.1744294,-3.108756,none,true,0,0,0,Stand,10.508071,,,,1,0->0:Exact,NONE
628,10.460166,0.016762,-8949.95,-132.493,83.529526,0,0,0,0,3.1744294,-3.108756,none,true,0,0,0,Stand,10.524833,,,,1,0->0:Exact,NONE
629,10.476928,0.016695,-8949.95,-132.493,83.529526,0,0,0,0,3.1744294,-3.108756,none,true,0,0,0,Stand,10.541528,,,,1,0->0:Exact,NONE
630,10.493623,0.017896,-8949.95,-132.493,83.529526,0,0,0,0,3.1744294,-3.108756,none,true,0,0,0,Stand,10.559423,,,,1,0->0:Exact,NONE
631,10.511519,0.015630,-8949.95,-132.493,83.529526,0,0,0,0,3.1744294,-3.108756,none,true,0,0,0,Stand,10.575053,,,,1,0->0:Exact,NONE
632,10.527148,0.016515,-8949.95,-132.493,83.529526,0,0,0,0,3.1744294,-3.108756,none,true,0,0,0,Stand,10.591568,,,,1,0->0:Exact,NONE
633,10.543663,0.016733,-8949.95,-132.493,83.529526,0,0,0,0,3.1744294,-3.108756,none,true,0,0,0,Stand,10.608301,,,,1,0->0:Exact,NONE
634,10.560396,0.016654,-8949.95,-132.493,83.529526,0,0,0,0,3.1744294,-3.108756,none,true,0,0,0,Stand,10.624955,,,,1,0->0:Exact,NONE
635,10.577051,0.016599,-8949.95,-132.493,83.529526,0,0,0,0,3.1744294,-3.108756,none,true,0,0,0,Stand,10.641554,,,,1,0->0:Exact,NONE
636,10.593650,0.016514,-8949.95,-132.493,83.529526,0,0,0,0,3.1744294,-3.108756,none,true,0,0,0,Stand,10.658068,,,,1,0->0:Exact,NONE
637,10.610163,0.016755,-8949.95,-132.493,83.529526,0,0,0,0,3.1744294,-3.108756,none,true,0,0,0,Stand,10.674823,,,,1,0->0:Exact,NONE
638,10.626918,0.016826,-8949.95,-132.493,83.529526,0,0,0,0,3.1744294,-3.108756,none,true,0,0,0,Stand,10.691649,,,,1,0->0:Exact,NONE
639,10.643745,0.016779,-8949.95,-132.493,83.529526,0,0,0,0,3.1744294,-3.108756,none,true,0,0,0,Stand,10.708428,,,,1,0->0:Exact,NONE
640,10.660524,0.016507,-8949.95,-132.493,83.529526,0,0,0,0,3.1744294,-3.108756,none,true,0,0,0,Stand,10.724936,,,,1,0->0:Exact,NONE
641,10.677032,0.018008,-8949.95,-132.493,83.529526,0,0,0,0,3.1744294,-3.108756,none,true,0,0,0,Stand,10.742944,,,,1,0->0:Exact,NONE
642,10.695040,0.015439,-8949.95,-132.493,83.529526,0,0,0,0,3.1744294,-3.108756,none,true,0,0,0,Stand,10.758383,,,,1,0->0:Exact,NONE
643,10.710479,0.016917,-8949.95,-132.493,83.529526,0,0,0,0,3.1744294,-3.108756,none,true,0,0,0,Stand,10.7753,,,,1,0->0:Exact,NONE
644,10.727396,0.016364,-8949.95,-132.493,83.529526,0,0,0,0,3.1744294,-3.108756,none,true,0,0,0,Stand,10.791664,,,,1,0->0:Exact,NONE
645,10.743760,0.016609,-8949.95,-132.493,83.529526,0,0,0,0,3.1744294,-3.108756,none,true,0,0,0,Stand,10.808273,,,,1,0->0:Exact,NONE
646,10.760369,0.016770,-8949.95,-132.493,83.529526,0,0,0,0,3.1744294,-3.108756,none,true,0,0,0,Stand,10.825044,,,,1,0->0:Exact,NONE
647,10.777140,0.016566,-8949.95,-132.493,83.529526,0,0,0,0,3.1744294,-3.108756,none,true,0,0,0,Stand,10.84161,,,,1,0->0:Exact,NONE
648,10.793706,0.016872,-8949.95,-132.493,83.529526,0,0,0,0,3.1744294,-3.108756,none,true,0,0,0,Stand,10.858481,,,,1,0->0:Exact,NONE
649,10.810577,0.016545,-8949.95,-132.493,83.529526,0,0,0,0,3.1744294,-3.108756,none,true,0,0,0,Stand,10.875026,,,,1,0->0:Exact,NONE
650,10.827122,0.016722,-8949.95,-132.493,83.529526,0,0,0,0,3.1744294,-3.108756,none,true,0,0,0,Stand,10.891747,,,,1,0->0:Exact,NONE
651,10.843844,0.016739,-8949.95,-132.493,83.529526,0,0,0,0,3.1744294,-3.108756,none,true,0,0,0,Stand,10.908486,,,,1,0->0:Exact,NONE
652,10.860583,0.016583,-8949.95,-132.493,83.529526,0,0,0,0,3.1744294,-3.108756,none,true,0,0,0,Stand,10.925069,,,,1,0->0:Exact,NONE
653,10.877166,0.016756,-8949.95,-132.493,83.529526,0,0,0,0,3.1744294,-3.108756,none,true,0,0,0,Stand,10.941825,,,,1,0->0:Exact,NONE
654,10.893922,0.016483,-8949.95,-132.493,83.529526,0,0,0,0,3.1744294,-3.108756,none,true,0,0,0,Stand,10.958308,,,,1,0->0:Exact,NONE
655,10.910406,0.016799,-8949.95,-132.493,83.529526,0,0,0,0,3.1744294,-3.108756,none,true,0,0,0,Stand,10.975107,,,,1,0->0:Exact,NONE
656,10.927204,0.016703,-8949.95,-132.493,83.529526,0,0,0,0,3.1744294,-3.108756,none,true,0,0,0,Stand,10.991811,,,,1,0->0:Exact,NONE
657,10.943908,0.016633,-8949.95,-132.493,83.529526,0,0,0,0,3.1744294,-3.108756,none,true,0,0,0,Stand,11.008444,,,,1,0->0:Exact,NONE
658,10.960540,0.016905,-8949.95,-132.493,83.529526,0,0,0,0,3.1744294,-3.108756,none,true,0,0,0,Stand,11.02535,,,,1,0->0:Exact,NONE
659,10.977446,0.018114,-8949.95,-132.493,83.529526,0,0,0,0,3.1744294,-3.108756,none,true,0,0,0,Stand,11.043464,,,,1,0->0:Exact,NONE
660,10.995560,0.015272,-8949.95,-132.493,83.529526,0,0,0,0,3.1744294,-3.108756,none,true,0,0,0,Stand,11.058736,,,,1,0->0:Exact,NONE
661,11.010832,0.016498,-8949.95,-132.493,83.529526,0,0,0,0,3.1744294,-3.108756,none,true,0,0,0,Stand,11.075233,,,,1,0->0:Exact,NONE
662,11.027330,0.016709,-8949.95,-132.493,83.529526,0,0,0,0,3.1744294,-3.108756,none,true,0,0,0,Stand,11.091943,,,,1,0->0:Exact,NONE
663,11.044039,0.016687,-8949.95,-132.493,83.529526,0,0,0,0,3.1744294,-3.108756,none,true,0,0,0,Stand,11.10863,,,,1,0->0:Exact,NONE
664,11.060726,0.016728,-8949.95,-132.493,83.529526,0,0,0,0,3.1744294,-3.108756,none,true,0,0,0,Stand,11.125358,,,,1,0->0:Exact,NONE
665,11.077454,0.016593,-8949.95,-132.493,83.529526,0,0,0,0,3.1744294,-3.108756,none,true,0,0,0,Stand,11.141952,,,,1,0->0:Exact,NONE
666,11.094047,0.016718,-8949.95,-132.493,83.529526,0,0,0,0,3.1744294,-3.108756,none,true,0,0,0,Stand,11.158669,,,,1,0->0:Exact,NONE
667,11.110765,0.016478,-8949.95,-132.493,83.529526,0,0,0,0,3.1744294,-3.108756,none,true,0,0,0,Stand,11.175148,,,,1,0->0:Exact,NONE
668,11.127243,0.016944,-8949.95,-132.493,83.529526,0,0,0,0,3.1744294,-3.108756,none,true,0,0,0,Stand,11.192092,,,,1,0->0:Exact,NONE
669,11.144187,0.016673,-8949.95,-132.493,83.529526,0,0,0,0,3.1744294,-3.108756,none,true,0,0,0,Stand,11.208765,,,,1,0->0:Exact,NONE
670,11.160860,0.016615,-8949.95,-132.493,83.529526,0,0,0,0,3.1744294,-3.108756,none,true,0,0,0,Stand,11.22538,,,,1,0->0:Exact,NONE
671,11.177474,0.016680,-8949.95,-132.493,83.529526,0,0,0,0,3.1744294,-3.108756,none,true,0,0,0,Stand,11.24206,,,,1,0->0:Exact,NONE
672,11.194154,0.016512,-8949.95,-132.493,83.529526,0,0,0,0,3.1744294,-3.108756,none,true,0,0,0,Stand,11.258573,,,,1,0->0:Exact,NONE
673,11.210667,0.017067,-8949.95,-132.493,83.529526,0,0,0,0,3.1744294,-3.108756,none,true,0,0,0,Stand,11.27564,,,,1,0->0:Exact,NONE
674,11.227734,0.016424,-8949.95,-132.493,83.529526,0,0,0,0,3.1744294,-3.108756,none,true,0,0,0,Stand,11.292063,,,,1,0->0:Exact,NONE
675,11.244158,0.016606,-8949.95,-132.493,83.529526,0,0,0,0,3.1744294,-3.108756,none,true,0,0,0,Stand,11.308668,,,,1,0->0:Exact,NONE
676,11.260763,0.016759,-8949.95,-132.493,83.529526,0,0,0,0,3.1744294,-3.108756,none,true,0,0,0,Stand,11.325427,,,,1,0->0:Exact,NONE
677,11.277522,0.018002,-8949.95,-132.493,83.529526,0,0,0,0,3.1744294,-3.108756,none,true,0,0,0,Stand,11.343429,,,,1,0->0:Exact,NONE
678,11.295524,0.015350,-8949.95,-132.493,83.529526,0,0,0,0,3.1744294,-3.108756,none,true,0,0,0,Stand,11.358779,,,,1,0->0:Exact,NONE
679,11.310874,0.016607,-8949.95,-132.493,83.529526,0,0,0,0,3.1744294,-3.108756,none,true,0,0,0,Stand,11.375385,,,,1,0->0:Exact,NONE
680,11.327481,0.016686,-8949.95,-132.493,83.529526,0,0,0,0,3.1744294,-3.108756,none,true,0,0,0,Stand,11.392072,,,,1,0->0:Exact,NONE
681,11.344168,0.016689,-8949.95,-132.493,83.529526,0,0,0,0,3.1744294,-3.108756,none,true,0,0,0,Stand,11.408761,,,,1,0->0:Exact,NONE
682,11.360857,0.016812,-8949.95,-132.493,83.529526,0,0,0,0,3.1744294,-3.108756,none,true,0,0,0,Stand,11.425572,,,,1,0->0:Exact,NONE
683,11.377669,0.017087,-8949.95,-132.493,83.529526,0,0,0,0,3.1744294,-3.108756,none,true,0,0,0,Stand,11.442659,,,,1,0->0:Exact,NONE
684,11.394756,0.016463,-8949.95,-132.493,83.529526,0,0,0,0,3.1744294,-3.108756,none,true,0,0,0,Stand,11.459123,,,,1,0->0:Exact,NONE
685,11.411219,0.016477,-8949.95,-132.493,83.529526,0,0,0,0,3.1744294,-3.108756,none,true,0,0,0,Stand,11.475599,,,,1,0->0:Exact,NONE
686,11.427696,0.016527,-8949.95,-132.493,83.529526,0,0,0,0,3.1744294,-3.108756,none,true,0,0,0,Stand,11.492126,,,,1,0->0:Exact,NONE
687,11.444223,0.016706,-8949.95,-132.493,83.529526,0,0,0,0,3.1744294,-3.108756,none,true,0,0,0,Stand,11.508832,,,,1,0->0:Exact,NONE
688,11.460929,0.016657,-8949.95,-132.493,83.529526,0,0,0,0,3.1744294,-3.108756,none,true,0,0,0,Stand,11.52549,,,,1,0->0:Exact,NONE
689,11.477586,0.016825,-8949.95,-132.493,83.529526,0,0,0,0,3.1744294,-3.108756,none,true,0,0,0,Stand,11.542315,,,,1,0->0:Exact,NONE
690,11.494411,0.016654,-8949.95,-132.493,83.529526,0,0,0,0,3.1744294,-3.108756,none,true,0,0,0,Stand,11.558969,,,,1,0->0:Exact,NONE
691,11.511065,0.016681,-8949.95,-132.493,83.529526,0,0,0,0,3.1744294,-3.108756,none,true,0,0,0,Stand,11.57565,,,,1,0->0:Exact,NONE
692,11.527747,0.016725,-8949.95,-132.493,83.529526,0,0,0,0,3.1744294,-3.108756,none,true,0,0,0,Stand,11.592375,,,,1,0->0:Exact,NONE
693,11.544471,0.016933,-8949.95,-132.493,83.529526,0,0,0,0,3.1744294,-3.108756,none,true,0,0,0,Stand,11.609308,,,,1,0->0:Exact,NONE
694,11.561405,0.016697,-8949.95,-132.493,83.529526,0,0,0,0,3.1744294,-3.108756,none,true,0,0,0,Stand,11.626006,,,,1,0->0:Exact,NONE
695,11.578102,0.018240,-8949.95,-132.493,83.529526,0,0,0,0,3.1744294,-3.108756,none,true,0,0,0,Stand,11.644246,,,,1,0->0:Exact,NONE
696,11.596342,0.014738,-8949.95,-132.493,83.529526,0,0,0,0,3.1744294,-3.108756,none,true,0,0,0,Stand,11.658984,,,,1,0->0:Exact,NONE
697,11.611080,0.016957,-8949.95,-132.493,83.529526,0,0,0,0,3.1744294,-3.108756,none,true,0,0,0,Stand,11.675941,,,,1,0->0:Exact,NONE
698,11.628038,0.016560,-8949.95,-132.493,83.529526,0,0,0,0,3.1744294,-3.108756,none,true,0,0,0,Stand,11.692502,,,,1,0->0:Exact,NONE
699,11.644598,0.016596,-8949.95,-132.493,83.529526,0,0,0,0,3.1744294,-3.108756,none,true,0,0,0,Stand,11.709098,,,,1,0->0:Exact,NONE
700,11.661194,0.016610,-8949.95,-132.493,83.529526,0,0,0,0,3.1744294,-3.108756,none,true,0,0,0,Stand,11.725708,,,,1,0->0:Exact,NONE
701,11.677804,0.016786,-8949.95,-132.493,83.529526,0,0,0,0,3.1744294,-3.108756,none,true,0,0,0,Stand,11.742494,,,,1,0->0:Exact,NONE
702,11.694590,0.016992,-8949.95,-132.493,83.529526,0,0,0,0,3.1744294,-3.108756,none,true,0,0,0,Stand,11.759485,,,,1,0->0:Exact,NONE
703,11.711582,0.016636,-8949.95,-132.493,83.529526,0,0,0,0,3.1744294,-3.108756,none,true,0,0,0,Stand,11.776121,,,,1,0->0:Exact,NONE
704,11.728217,0.016625,-8949.95,-132.493,83.529526,0,0,0,0,3.1744294,-3.108756,none,true,0,0,0,Stand,11.792746,,,,1,0->0:Exact,NONE
705,11.744842,0.016492,-8949.95,-132.493,83.529526,0,0,0,0,3.1744294,-3.108756,none,true,0,0,0,Stand,11.8092375,,,,1,0->0:Exact,NONE
706,11.761334,0.016554,-8949.95,-132.493,83.529526,0,0,0,0,3.1744294,-3.108756,none,true,0,0,0,Stand,11.825791,,,,1,0->0:Exact,NONE
707,11.777888,0.016754,-8949.95,-132.493,83.529526,0,0,0,0,3.1744294,-3.108756,none,true,0,0,0,Stand,11.842545,,,,1,0->0:Exact,NONE
708,11.794642,0.016739,-8949.95,-132.493,83.529526,0,0,0,0,3.1744294,-3.108756,none,true,0,0,0,Stand,11.859283,,,,1,0->0:Exact,NONE
709,11.811381,0.016431,-8949.95,-132.493,83.529526,0,0,0,0,3.1744294,-3.108756,none,true,0,0,0,Stand,11.875714,,,,1,0->0:Exact,NONE
710,11.827811,0.016802,-8949.95,-132.493,83.529526,0,0,0,0,3.1744294,-3.108756,none,true,0,0,0,Stand,11.892517,,,,1,0->0:Exact,NONE
711,11.844614,0.016891,-8949.95,-132.493,83.529526,0,0,0,0,3.1744294,-3.108756,none,true,0,0,0,Stand,11.909408,,,,1,0->0:Exact,NONE
712,11.861505,0.016586,-8949.95,-132.493,83.529526,0,0,0,0,3.1744294,-3.108756,none,true,0,0,0,Stand,11.925993,,,,1,0->0:Exact,NONE
713,11.878090,0.018402,-8949.95,-132.493,83.529526,0,0,0,0,3.1744294,-3.108756,none,true,0,0,0,Stand,11.944395,,,,1,0->0:Exact,NONE
714,11.896492,0.014803,-8949.95,-132.493,83.529526,0,0,0,0,3.1744294,-3.108756,none,true,0,0,0,Stand,11.959198,,,,1,0->0:Exact,NONE
715,11.911295,0.016721,-8949.95,-132.493,83.529526,0,0,0,0,3.1744294,-3.108756,none,true,0,0,0,Stand,11.975919,,,,1,0->0:Exact,NONE
716,11.928016,0.016806,-8949.95,-132.493,83.529526,0,0,0,0,3.1744294,-3.108756,none,true,0,0,0,Stand,11.992725,,,,1,0->0:Exact,NONE
717,11.944822,0.016874,-8949.95,-132.493,83.529526,0,0,0,0,3.1744294,-3.108756,none,true,0,0,0,Stand,12.009599,,,,1,0->0:Exact,NONE
718,11.961696,0.016538,-8949.95,-132.493,83.529526,0,0,0,0,3.1744294,-3.108756,none,true,0,0,0,Stand,12.026137,,,,1,0->0:Exact,NONE
719,11.978234,0.016550,-8949.95,-132.493,83.529526,0,0,0,0,3.1744294,-3.108756,none,true,0,0,0,Stand,12.042687,,,,1,0->0:Exact,NONE
720,11.994784,0.016713,-8949.95,-132.493,83.529526,0,0,0,0,3.1744294,-3.108756,none,true,0,0,0,Stand,12.059401,,,,1,0->0:Exact,NONE
721,12.011497,0.016526,-8949.95,-132.493,83.529526,0,0,0,0,3.1744294,-3.108756,none,true,0,0,0,Stand,12.075927,,,,1,0->0:Exact,NONE
722,12.028023,0.016845,-8949.95,-132.493,83.529526,0,0,0,0,3.1744294,-3.108756,none,true,0,0,0,Stand,12.092772,,,,1,0->0:Exact,NONE
723,12.044868,0.016812,-8949.95,-132.493,83.529526,0,0,0,0,3.1744294,-3.108756,none,true,0,0,0,Stand,12.109584,,,,1,0->0:Exact,NONE
724,12.061680,0.016601,-8949.95,-132.493,83.529526,0,0,0,0,3.1744294,-3.108756,none,true,0,0,0,Stand,12.126184,,,,1,0->0:Exact,NONE
725,12.078281,0.017219,-8949.95,-132.493,83.529526,0,0,0,0,3.1744294,-3.108756,none,true,0,0,0,Stand,12.143403,,,,1,0->0:Exact,NONE
726,12.095500,0.015908,-8949.95,-132.493,83.529526,0,0,0,0,3.1744294,-3.108756,none,true,0,0,0,Stand,12.159311,,,,1,0->0:Exact,NONE
727,12.111408,0.016684,-8949.95,-132.493,83.529526,0,0,0,0,3.1744294,-3.108756,none,true,0,0,0,Stand,12.175995,,,,1,0->0:Exact,NONE
728,12.128091,0.016719,-8949.95,-132.493,83.529526,0,0,0,0,3.1744294,-3.108756,none,true,0,0,0,Stand,12.192714,,,,1,0->0:Exact,NONE
729,12.144810,0.017059,-8949.95,-132.493,83.529526,0,0,0,0,3.1744294,-3.108756,none,true,0,0,0,Stand,12.209773,,,,1,0->0:Exact,NONE
730,12.161869,0.016598,-8949.95,-132.493,83.529526,0,0,0,0,3.1744294,-3.108756,none,true,0,0,0,Stand,12.226371,,,,1,0->0:Exact,NONE
731,12.178467,0.016580,-8949.95,-132.493,83.529526,0,0,0,0,3.1744294,-3.108756,none,true,0,0,0,Stand,12.24295,,,,1,0->0:Exact,NONE
732,12.195047,0.016485,-8949.95,-132.493,83.529526,0,0,0,0,3.1744294,-3.108756,none,true,0,0,0,Stand,12.259435,,,,1,0->0:Exact,NONE
733,12.211532,0.016629,-8949.95,-132.493,83.529526,0,0,0,0,3.1744294,-3.108756,none,true,0,0,0,Stand,12.276064,,,,1,0->0:Exact,NONE
734,12.228161,0.016638,-8949.95,-132.493,83.529526,0,0,0,0,3.1744294,-3.108756,none,true,0,0,0,Stand,12.292702,,,,1,0->0:Exact,NONE
735,12.244799,0.016697,-8949.95,-132.493,83.529526,0,0,0,0,3.1744294,-3.108756,none,true,0,0,0,Stand,12.309399,,,,1,0->0:Exact,NONE
736,12.261496,0.016683,-8949.95,-132.493,83.529526,0,0,0,0,3.1744294,-3.108756,none,true,0,0,0,Stand,12.326081,,,,1,0->0:Exact,NONE
737,12.278179,0.016802,-8949.95,-132.493,83.529526,0,0,0,0,3.1744294,-3.108756,none,true,0,0,0,Stand,12.342883,,,,1,0->0:Exact,NONE
738,12.294980,0.016669,-8949.95,-132.493,83.529526,0,0,0,0,3.1744294,-3.108756,none,true,0,0,0,Stand,12.359552,,,,1,0->0:Exact,NONE
739,12.311650,0.016572,-8949.95,-132.493,83.529526,0,0,0,0,3.1744294,-3.108756,none,true,0,0,0,Stand,12.376124,,,,1,0->0:Exact,NONE
740,12.328221,0.016626,-8949.95,-132.493,83.529526,0,0,0,0,3.1744294,-3.108756,none,true,0,0,0,Stand,12.392751,,,,1,0->0:Exact,NONE
741,12.344848,0.016657,-8949.95,-132.493,83.529526,0,0,0,0,3.1744294,-3.108756,none,true,0,0,0,Stand,12.409408,,,,1,0->0:Exact,NONE
742,12.361505,0.017383,-8949.95,-132.493,83.529526,0,0,0,0,3.1744294,-3.108756,none,true,0,0,0,Stand,12.42679,,,,1,0->0:Exact,NONE
743,12.378888,0.017003,-8949.95,-132.493,83.529526,0,0,0,0,3.1744294,-3.108756,none,true,0,0,0,Stand,12.443792,,,,1,0->0:Exact,NONE
744,12.395890,0.015814,-8949.95,-132.493,83.529526,0,0,0,0,3.1744294,-3.108756,none,true,0,0,0,Stand,12.459607,,,,1,0->0:Exact,NONE
745,12.411705,0.016705,-8949.95,-132.493,83.529526,0,0,0,0,3.1744294,-3.108756,none,true,0,0,0,Stand,12.476312,,,,1,0->0:Exact,NONE
746,12.428409,0.016730,-8949.95,-132.493,83.529526,0,0,0,0,3.1744294,-3.108756,none,true,0,0,0,Stand,12.493042,,,,1,0->0:Exact,NONE
747,12.445139,0.016597,-8949.95,-132.493,83.529526,0,0,0,0,3.1744294,-3.108756,none,true,0,0,0,Stand,12.509639,,,,1,0->0:Exact,NONE
748,12.461736,0.017005,-8949.95,-132.493,83.529526,0,0,0,0,3.1744294,-3.108756,none,true,0,0,0,Stand,12.526644,,,,1,0->0:Exact,NONE
749,12.478741,0.016242,-8949.95,-132.493,83.529526,0,0,0,0,3.1744294,-3.108756,none,true,0,0,0,Stand,12.542885,,,,1,0->0:Exact,NONE
750,12.494982,0.017175,-8949.95,-132.493,83.529526,0,0,0,0,3.1744294,-3.108756,none,true,0,0,0,Stand,12.56006,,,,1,0->0:Exact,NONE
751,12.512157,0.016733,-8949.95,-132.493,83.529526,0,0,0,0,3.1744294,-3.108756,none,true,0,0,0,Stand,12.576793,,,,1,0->0:Exact,NONE
752,12.528890,0.016270,-8949.95,-132.493,83.529526,0,0,0,0,3.1744294,-3.108756,none,true,0,0,0,Stand,12.593062,,,,1,0->0:Exact,NONE
753,12.545160,0.016664,-8949.95,-132.493,83.529526,0,0,0,0,3.1744294,-3.108756,none,true,0,0,0,Stand,12.609727,,,,1,0->0:Exact,NONE
754,12.561824,0.016818,-8949.95,-132.493,83.529526,0,0,0,0,3.1744294,-3.108756,none,true,0,0,0,Stand,12.626545,,,,1,0->0:Exact,NONE
755,12.578642,0.016734,-8949.95,-132.493,83.529526,0,0,0,0,3.1744294,-3.108756,none,true,0,0,0,Stand,12.643279,,,,1,0->0:Exact,NONE
756,12.595376,0.016669,-8949.95,-132.493,83.529526,0,0,0,0,3.1744294,-3.108756,none,true,0,0,0,Stand,12.659948,,,,1,0->0:Exact,NONE
757,12.612045,0.016721,-8949.95,-132.493,83.529526,0,0,0,0,3.1744294,-3.108756,none,true,0,0,0,Stand,12.676669,,,,1,0->0:Exact,NONE
758,12.628766,0.016539,-8949.95,-132.493,83.529526,0,0,0,0,3.1744294,-3.108756,none,true,0,0,0,Stand,12.693208,,,,1,0->0:Exact,NONE
759,12.645305,0.016909,-8949.95,-132.493,83.529526,0,0,0,0,3.1744294,-3.108756,none,true,0,0,0,Stand,12.710116,,,,1,0->0:Exact,NONE
760,12.662213,0.016382,-8949.95,-132.493,83.529526,0,0,0,0,3.1744294,-3.108756,none,true,0,0,0,Stand,12.726499,,,,1,0->0:Exact,NONE
761,12.678596,0.017493,-8949.95,-132.493,83.529526,0,0,0,0,3.1744294,-3.108756,none,true,0,0,0,Stand,12.743992,,,,1,0->0:Exact,NONE
762,12.696089,0.015902,-8949.95,-132.493,83.529526,0,0,0,0,3.1744294,-3.108756,none,true,0,0,0,Stand,12.759893,,,,1,0->0:Exact,NONE
763,12.711991,0.016574,-8949.95,-132.493,83.529526,0,0,0,0,3.1744294,-3.108756,none,true,0,0,0,Stand,12.776467,,,,1,0->0:Exact,NONE
764,12.728564,0.016913,-8949.95,-132.493,83.529526,0,0,0,0,3.1744294,-3.108756,none,true,0,0,0,Stand,12.793381,,,,1,0->0:Exact,NONE
765,12.745478,0.016726,-8949.95,-132.493,83.529526,0,0,0,0,3.1744294,-3.108756,none,true,0,0,0,Stand,12.810107,,,,1,0->0:Exact,NONE
766,12.762204,0.016413,-8949.95,-132.493,83.529526,0,0,0,0,3.1744294,-3.108756,none,true,0,0,0,Stand,12.82652,,,,1,0->0:Exact,NONE
767,12.778617,0.016926,-8949.95,-132.493,83.529526,0,0,0,0,3.1744294,-3.108756,none,true,0,0,0,Stand,12.843446,,,,1,0->0:Exact,NONE
768,12.795543,0.016471,-8949.95,-132.493,83.529526,0,0,0,0,3.1744294,-3.108756,none,true,0,0,0,Stand,12.859917,,,,1,0->0:Exact,NONE
769,12.812014,0.016705,-8949.95,-132.493,83.529526,0,0,0,0,3.1744294,-3.108756,none,true,0,0,0,Stand,12.876621,,,,1,0->0:Exact,NONE
770,12.828718,0.016570,-8949.95,-132.493,83.529526,0,0,0,0,3.1744294,-3.108756,none,true,0,0,0,Stand,12.893191,,,,1,0->0:Exact,NONE
771,12.845289,0.016907,-8949.95,-132.493,83.529526,0,0,0,0,3.1744294,-3.108756,none,true,0,0,0,Stand,12.910099,,,,1,0->0:Exact,NONE
772,12.862196,0.016488,-8949.95,-132.493,83.529526,0,0,0,0,3.1744294,-3.108756,none,true,0,0,0,Stand,12.926587,,,,1,0->0:Exact,NONE
773,12.878684,0.016731,-8949.95,-132.493,83.529526,0,0,0,0,3.1744294,-3.108756,none,true,0,0,0,Stand,12.943318,,,,1,0->0:Exact,NONE
774,12.895415,0.016830,-8949.95,-132.493,83.529526,0,0,0,0,3.1744294,-3.108756,none,true,0,0,0,Stand,12.960148,,,,1,0->0:Exact,NONE
775,12.912245,0.016754,-8949.95,-132.493,83.529526,0,0,0,0,3.1744294,-3.108756,none,true,0,0,0,Stand,12.976902,,,,1,0->0:Exact,NONE
776,12.928999,0.016571,-8949.95,-132.493,83.529526,0,0,0,0,3.1744294,-3.108756,none,true,0,0,0,Stand,12.993473,,,,1,0->0:Exact,NONE
777,12.945570,0.016489,-8949.95,-132.493,83.529526,0,0,0,0,3.1744294,-3.108756,none,true,0,0,0,Stand,13.009962,,,,1,0->0:Exact,NONE
778,12.962060,0.016681,-8949.95,-132.493,83.529526,0,0,0,0,3.1744294,-3.108756,none,true,0,0,0,Stand,13.026643,,,,1,0->0:Exact,NONE
779,12.978741,0.017731,-8949.95,-132.493,83.529526,0,0,0,0,3.1744294,-3.108756,none,true,0,0,0,Stand,13.0443735,,,,1,0->0:Exact,NONE
780,12.996472,0.015761,-8949.95,-132.493,83.529526,0,0,0,0,3.1744294,-3.108756,none,true,0,0,0,Stand,13.060135,,,,1,0->0:Exact,NONE
781,13.012233,0.016665,-8949.95,-132.493,83.529526,0,0,0,0,3.1744294,-3.108756,none,true,0,0,0,Stand,13.0768,,,,1,0->0:Exact,NONE
782,13.028898,0.016711,-8949.95,-132.493,83.529526,0,0,0,0,3.1744294,-3.108756,none,true,0,0,0,Stand,13.093512,,,,1,0->0:Exact,NONE
783,13.045609,0.016565,-8949.95,-132.493,83.529526,0,0,0,0,3.1744294,-3.108756,none,true,0,0,0,Stand,13.110077,,,,1,0->0:Exact,NONE
784,13.062174,0.016968,-8949.95,-132.493,83.529526,0,0,0,0,3.1744294,-3.108756,none,true,0,0,0,Stand,13.127045,,,,1,0->0:Exact,NONE
785,13.079142,0.016450,-8949.95,-132.493,83.529526,0,0,0,0,3.1744294,-3.108756,none,true,0,0,0,Stand,13.143495,,,,1,0->0:Exact,NONE
786,13.095592,0.016895,-8949.95,-132.493,83.529526,0,0,0,0,3.1744294,-3.108756,none,true,0,0,0,Stand,13.16039,,,,1,0->0:Exact,NONE
787,13.112488,0.016801,-8949.95,-132.493,83.529526,0,0,0,0,3.1744294,-3.108756,none,true,0,0,0,Stand,13.177191,,,,1,0->0:Exact,NONE
788,13.129288,0.016430,-8949.95,-132.493,83.529526,0,0,0,0,3.1744294,-3.108756,none,true,0,0,0,Stand,13.193621,,,,1,0->0:Exact,NONE
789,13.145719,0.016685,-8949.95,-132.493,83.529526,0,0,0,0,3.1744294,-3.108756,none,true,0,0,0,Stand,13.210306,,,,1,0->0:Exact,NONE
790,13.162404,0.016689,-8949.95,-132.493,83.529526,0,0,0,0,3.1744294,-3.108756,none,true,0,0,0,Stand,13.226995,,,,1,0->0:Exact,NONE
791,13.179093,0.016582,-8949.95,-132.493,83.529526,0,0,0,0,3.1744294,-3.108756,none,true,0,0,0,Stand,13.243578,,,,1,0->0:Exact,NONE
792,13.195676,0.016871,-8949.95,-132.493,83.529526,0,0,0,0,3.1744294,-3.108756,none,true,0,0,0,Stand,13.260448,,,,1,0->0:Exact,NONE
793,13.212546,0.016571,-8949.95,-132.493,83.529526,0,0,0,0,3.1744294,-3.108756,none,true,0,0,0,Stand,13.2770195,,,,1,0->0:Exact,NONE
794,13.229117,0.016707,-8949.95,-132.493,83.529526,0,0,0,0,3.1744294,-3.108756,none,true,0,0,0,Stand,13.293727,,,,1,0->0:Exact,NONE
795,13.245825,0.016502,-8949.95,-132.493,83.529526,0,0,0,0,3.1744294,-3.108756,none,true,0,0,0,Stand,13.310228,,,,1,0->0:Exact,NONE
796,13.262326,0.017220,-8949.95,-132.493,83.529526,0,0,0,0,3.1744294,-3.108756,none,true,0,0,0,Stand,13.327448,,,,1,0->0:Exact,NONE
797,13.279546,0.017627,-8949.95,-132.493,83.529526,0,0,0,0,3.1744294,-3.108756,none,true,0,0,0,Stand,13.345076,,,,1,0->0:Exact,NONE
798,13.297174,0.015175,-8949.95,-132.493,83.529526,0,0,0,0,3.1744294,-3.108756,none,true,0,0,0,Stand,13.36025,,,,1,0->0:Exact,NONE
799,13.312348,0.016760,-8949.95,-132.493,83.529526,0,0,0,0,3.1744294,-3.108756,none,true,0,0,0,Stand,13.37701,,,,1,0->0:Exact,NONE
800,13.329108,0.016745,-8949.95,-132.493,83.529526,0,0,0,0,3.1744294,-3.108756,none,true,0,0,0,Stand,13.393756,,,,1,0->0:Exact,NONE
801,13.345854,0.016646,-8949.95,-132.493,83.529526,0,0,0,0,3.1744294,-3.108756,none,true,0,0,0,Stand,13.410402,,,,1,0->0:Exact,NONE
802,13.362500,0.016680,-8949.95,-132.493,83.529526,0,0,0,0,3.1744294,-3.108756,none,true,0,0,0,Stand,13.427083,,,,1,0->0:Exact,NONE
803,13.379180,0.016640,-8949.95,-132.493,83.529526,0,0,0,0,3.1744294,-3.108756,none,true,0,0,0,Stand,13.443724,,,,1,0->0:Exact,NONE
804,13.395821,0.016722,-8949.95,-132.493,83.529526,0,0,0,0,3.1744294,-3.108756,none,true,0,0,0,Stand,13.460445,,,,1,0->0:Exact,NONE
805,13.412543,0.016710,-8949.95,-132.493,83.529526,0,0,0,0,3.1744294,-3.108756,none,true,0,0,0,Stand,13.477156,,,,1,0->0:Exact,NONE
806,13.429253,0.016530,-8949.95,-132.493,83.529526,0,0,0,0,3.1744294,-3.108756,none,true,0,0,0,Stand,13.493686,,,,1,0->0:Exact,NONE
807,13.445783,0.017002,-8949.95,-132.493,83.529526,0,0,0,0,3.1744294,-3.108756,none,true,0,0,0,Stand,13.510688,,,,1,0->0:Exact,NONE
808,13.462786,0.016519,-8949.95,-132.493,83.529526,0,0,0,0,3.1744294,-3.108756,none,true,0,0,0,Stand,13.527206,,,,1,0->0:Exact,NONE
809,13.479304,0.016826,-8949.95,-132.493,83.529526,0,0,0,0,3.1744294,-3.108756,none,true,0,0,0,Stand,13.544033,,,,1,0->0:Exact,NONE
810,13.496131,0.016427,-8949.95,-132.493,83.529526,0,0,0,0,3.1744294,-3.108756,none,true,0,0,0,Stand,13.56046,,,,1,0->0:Exact,NONE
811,13.512558,0.016871,-8949.95,-132.493,83.529526,0,0,0,0,3.1744294,-3.108756,none,true,0,0,0,Stand,13.577332,,,,1,0->0:Exact,NONE
812,13.529429,0.016555,-8949.95,-132.493,83.529526,0,0,0,0,3.1744294,-3.108756,none,true,0,0,0,Stand,13.593887,,,,1,0->0:Exact,NONE
813,13.545985,0.016856,-8949.95,-132.493,83.529526,0,0,0,0,3.1744294,-3.108756,none,true,0,0,0,Stand,13.6107435,,,,1,0->0:Exact,NONE
814,13.562841,0.016764,-8949.95,-132.493,83.529526,0,0,0,0,3.1744294,-3.108756,none,true,0,0,0,Stand,13.627507,,,,1,0->0:Exact,NONE
815,13.579604,0.017792,-8949.95,-132.493,83.529526,0,0,0,0,3.1744294,-3.108756,none,true,0,0,0,Stand,13.645299,,,,1,0->0:Exact,NONE
816,13.597396,0.015469,-8949.95,-132.493,83.529526,0,0,0,0,3.1744294,-3.108756,none,true,0,0,0,Stand,13.660768,,,,1,0->0:Exact,NONE
817,13.612864,0.016648,-8949.95,-132.493,83.529526,0,0,0,0,3.1744294,-3.108756,none,true,0,0,0,Stand,13.677416,,,,1,0->0:Exact,NONE
818,13.629512,0.016723,-8949.95,-132.493,83.529526,0,0,0,0,3.1744294,-3.108756,none,true,0,0,0,Stand,13.694139,,,,1,0->0:Exact,NONE
819,13.646235,0.016755,-8949.95,-132.493,83.529526,0,0,0,0,3.1744294,-3.108756,none,true,0,0,0,Stand,13.710894,,,,1,0->0:Exact,NONE
820,13.662990,0.016565,-8949.95,-132.493,83.529526,0,0,0,0,3.1744294,-3.108756,none,true,0,0,0,Stand,13.727459,,,,1,0->0:Exact,NONE
821,13.679555,0.016511,-8949.95,-132.493,83.529526,0,0,0,0,3.1744294,-3.108756,none,true,0,0,0,Stand,13.74397,,,,1,0->0:Exact,NONE
822,13.696066,0.016803,-8949.95,-132.493,83.529526,0,0,0,0,3.1744294,-3.108756,none,true,0,0,0,Stand,13.760773,,,,1,0->0:Exact,NONE
823,13.712868,0.016549,-8949.95,-132.493,83.529526,0,0,0,0,3.1744294,-3.108756,none,true,0,0,0,Stand,13.777322,,,,1,0->0:Exact,NONE
824,13.729417,0.016743,-8949.95,-132.493,83.529526,0,0,0,0,3.1744294,-3.108756,none,true,0,0,0,Stand,13.794065,,,,1,0->0:Exact,NONE
825,13.746161,0.016591,-8949.95,-132.493,83.529526,0,0,0,0,3.1744294,-3.108756,none,true,0,0,0,Stand,13.810657,,,,1,0->0:Exact,NONE
826,13.762751,0.016986,-8949.95,-132.493,83.529526,0,0,0,0,3.1744294,-3.108756,none,true,0,0,0,Stand,13.827643,,,,1,0->0:Exact,NONE
827,13.779738,0.016517,-8949.95,-132.493,83.529526,0,0,0,0,3.1744294,-3.108756,none,true,0,0,0,Stand,13.84416,,,,1,0->0:Exact,NONE
828,13.796255,0.016885,-8949.95,-132.493,83.529526,0,0,0,0,3.1744294,-3.108756,none,true,0,0,0,Stand,13.861045,,,,1,0->0:Exact,NONE
829,13.813140,0.016493,-8949.95,-132.493,83.529526,0,0,0,0,3.1744294,-3.108756,none,true,0,0,0,Stand,13.877538,,,,1,0->0:Exact,NONE
830,13.829632,0.016499,-8949.95,-132.493,83.529526,0,0,0,0,3.1744294,-3.108756,none,true,0,0,0,Stand,13.894036,,,,1,0->0:Exact,NONE
831,13.846131,0.016836,-8949.95,-132.493,83.529526,0,0,0,0,3.1744294,-3.108756,none,true,0,0,0,Stand,13.910872,,,,1,0->0:Exact,NONE
832,13.862967,0.016768,-8949.95,-132.493,83.529526,0,0,0,0,3.1744294,-3.108756,none,true,0,0,0,Stand,13.927641,,,,1,0->0:Exact,NONE
833,13.879735,0.017685,-8949.95,-132.493,83.529526,0,0,0,0,3.1744294,-3.108756,none,true,0,0,0,Stand,13.945326,,,,1,0->0:Exact,NONE
834,13.897420,0.015460,-8949.95,-132.493,83.529526,0,0,0,0,3.1744294,-3.108756,none,true,0,0,0,Stand,13.960786,,,,1,0->0:Exact,NONE
835,13.912881,0.016849,-8949.95,-132.493,83.529526,0,0,0,0,3.1744294,-3.108756,none,true,0,0,0,Stand,13.977634,,,,1,0->0:Exact,NONE
836,13.929729,0.016529,-8949.95,-132.493,83.529526,0,0,0,0,3.1744294,-3.108756,none,true,0,0,0,Stand,13.9941635,,,,1,0->0:Exact,NONE
837,13.946258,0.016522,-8949.95,-132.493,83.529526,0,0,0,0,3.1744294,-3.108756,none,true,0,0,0,Stand,14.010686,,,,1,0->0:Exact,NONE
838,13.962780,0.017121,-8949.95,-132.493,83.529526,0,0,0,0,3.1744294,-3.108756,none,true,0,0,0,Stand,14.027807,,,,1,0->0:Exact,NONE
839,13.979902,0.016511,-8949.95,-132.493,83.529526,0,0,0,0,3.1744294,-3.108756,none,true,0,0,0,Stand,14.044318,,,,1,0->0:Exact,NONE
840,13.996412,0.016495,-8949.95,-132.493,83.529526,0,0,0,0,3.1744294,-3.108756,none,true,0,0,0,Stand,14.060814,,,,1,0->0:Exact,NONE
841,14.012908,0.016722,-8949.95,-132.493,83.529526,0,0,0,0,3.1744294,-3.108756,none,true,0,0,0,Stand,14.077536,,,,1,0->0:Exact,NONE
842,14.029629,0.016637,-8949.95,-132.493,83.529526,0,0,0,0,3.1744294,-3.108756,none,true,0,0,0,Stand,14.0941725,,,,1,0->0:Exact,NONE
843,14.046266,0.016931,-8949.95,-132.493,83.529526,0,0,0,0,3.1744294,-3.108756,none,true,0,0,0,Stand,14.111104,,,,1,0->0:Exact,NONE
844,14.063197,0.016671,-8949.95,-132.493,83.529526,0,0,0,0,3.1744294,-3.108756,none,true,0,0,0,Stand,14.127774,,,,1,0->0:Exact,NONE
845,14.079868,0.016518,-8949.95,-132.493,83.529526,0,0,0,0,3.1744294,-3.108756,none,true,0,0,0,Stand,14.144293,,,,1,0->0:Exact,NONE
846,14.096386,0.016838,-8949.95,-132.493,83.529526,0,0,0,0,3.1744294,-3.108756,none,true,0,0,0,Stand,14.161131,,,,1,0->0:Exact,NONE
847,14.113224,0.016500,-8949.95,-132.493,83.529526,0,0,0,0,3.1744294,-3.108756,none,true,0,0,0,Stand,14.17763,,,,1,0->0:Exact,NONE
848,14.129724,0.016695,-8949.95,-132.493,83.529526,0,0,0,0,3.1744294,-3.108756,none,true,0,0,0,Stand,14.194326,,,,1,0->0:Exact,NONE
849,14.146419,0.016812,-8949.95,-132.493,83.529526,0,0,0,0,3.1744294,-3.108756,none,true,0,0,0,Stand,14.211139,,,,1,0->0:Exact,NONE
850,14.163231,0.016768,-8949.95,-132.493,83.529526,0,0,0,0,3.1744294,-3.108756,none,true,0,0,0,Stand,14.227907,,,,1,0->0:Exact,NONE
851,14.179999,0.018022,-8949.95,-132.493,83.529526,0,0,0,0,3.1744294,-3.108756,none,true,0,0,0,Stand,14.24593,,,,1,0->0:Exact,NONE
852,14.198022,0.015142,-8949.95,-132.493,83.529526,0,0,0,0,3.1744294,-3.108756,none,true,0,0,0,Stand,14.261072,,,,1,0->0:Exact,NONE
853,14.213164,0.016801,-8949.95,-132.493,83.529526,0,0,0,0,3.1744294,-3.108756,none,true,0,0,0,Stand,14.277873,,,,1,0->0:Exact,NONE
854,14.229965,0.016534,-8949.95,-132.493,83.529526,0,0,0,0,3.1744294,-3.108756,none,true,0,0,0,Stand,14.294407,,,,1,0->0:Exact,NONE
855,14.246499,0.016599,-8949.95,-132.493,83.529526,0,0,0,0,3.1744294,-3.108756,none,true,0,0,0,Stand,14.311007,,,,1,0->0:Exact,NONE
856,14.263098,0.016773,-8949.95,-132.493,83.529526,0,0,0,0,3.1744294,-3.108756,none,true,0,0,0,Stand,14.32778,,,,1,0->0:Exact,NONE
857,14.279872,0.016639,-8949.95,-132.493,83.529526,0,0,0,0,3.1744294,-3.108756,none,true,0,0,0,Stand,14.3444195,,,,1,0->0:Exact,NONE
858,14.296511,0.016684,-8949.95,-132.493,83.529526,0,0,0,0,3.1744294,-3.108756,none,true,0,0,0,Stand,14.361103,,,,1,0->0:Exact,NONE
859,14.313195,0.016640,-8949.95,-132.493,83.529526,0,0,0,0,3.1744294,-3.108756,none,true,0,0,0,Stand,14.377744,,,,1,0->0:Exact,NONE
860,14.329835,0.016740,-8949.95,-132.493,83.529526,0,0,0,0,3.1744294,-3.108756,none,true,0,0,0,Stand,14.394484,,,,1,0->0:Exact,NONE
861,14.346576,0.017151,-8949.95,-132.493,83.529526,0,0,0,0,3.1744294,-3.108756,none,true,0,0,0,Stand,14.411634,,,,1,0->0:Exact,NONE
862,14.363726,0.016307,-8949.95,-132.493,83.529526,0,0,0,0,3.1744294,-3.108756,none,true,0,0,0,Stand,14.427941,,,,1,0->0:Exact,NONE
863,14.380033,0.016467,-8949.95,-132.493,83.529526,0,0,0,0,3.1744294,-3.108756,none,true,0,0,0,Stand,14.444408,,,,1,0->0:Exact,NONE
864,14.396500,0.016711,-8949.95,-132.493,83.529526,0,0,0,0,3.1744294,-3.108756,none,true,0,0,0,Stand,14.461119,,,,1,0->0:Exact,NONE
865,14.413211,0.016801,-8949.95,-132.493,83.529526,0,0,0,0,3.1744294,-3.108756,none,true,0,0,0,Stand,14.47792,,,,1,0->0:Exact,NONE
866,14.430012,0.016512,-8949.95,-132.493,83.529526,0,0,0,0,3.1744294,-3.108756,none,true,0,0,0,Stand,14.4944315,,,,1,0->0:Exact,NONE
867,14.446524,0.016862,-8949.95,-132.493,83.529526,0,0,0,0,3.1744294,-3.108756,none,true,0,0,0,Stand,14.511294,,,,1,0->0:Exact,NONE
868,14.463386,0.016590,-8949.95,-132.493,83.529526,0,0,0,0,3.1744294,-3.108756,none,true,0,0,0,Stand,14.5278845,,,,1,0->0:Exact,NONE
869,14.479976,0.018190,-8949.95,-132.493,83.529526,0,0,0,0,3.1744294,-3.108756,none,true,0,0,0,Stand,14.546074,,,,1,0->0:Exact,NONE
870,14.498166,0.015103,-8949.95,-132.493,83.529526,0,0,0,0,3.1744294,-3.108756,none,true,0,0,0,Stand,14.561177,,,,1,0->0:Exact,NONE
871,14.513269,0.016937,-8949.95,-132.493,83.529526,0,0,0,0,3.1744294,-3.108756,none,true,0,0,0,Stand,14.578114,,,,1,0->0:Exact,NONE
872,14.530206,0.016507,-8949.95,-132.493,83.529526,0,0,0,0,3.1744294,-3.108756,none,true,0,0,0,Stand,14.594621,,,,1,0->0:Exact,NONE
873,14.546713,0.017138,-8949.95,-132.493,83.529526,0,0,0,0,3.1744294,-3.108756,none,true,0,0,0,Stand,14.611758,,,,1,0->0:Exact,NONE
874,14.563851,0.016276,-8949.95,-132.493,83.529526,0,0,0,0,3.1744294,-3.108756,none,true,0,0,0,Stand,14.628035,,,,1,0->0:Exact,NONE
875,14.580127,0.016658,-8949.95,-132.493,83.529526,0,0,0,0,3.1744294,-3.108756,none,true,0,0,0,Stand,14.644692,,,,1,0->0:Exact,NONE
876,14.596784,0.016739,-8949.95,-132.493,83.529526,0,0,0,0,3.1744294,-3.108756,none,true,0,0,0,Stand,14.661431,,,,1,0->0:Exact,NONE
877,14.613523,0.017186,-8949.95,-132.493,83.529526,0,0,0,0,3.1744294,-3.108756,none,true,0,0,0,Stand,14.6786175,,,,1,0->0:Exact,NONE
878,14.630709,0.016160,-8949.95,-132.493,83.529526,0,0,0,0,3.1744294,-3.108756,none,true,0,0,0,Stand,14.6947775,,,,1,0->0:Exact,NONE
879,14.646870,0.016637,-8949.95,-132.493,83.529526,0,0,0,0,3.1744294,-3.108756,none,true,0,0,0,Stand,14.711414,,,,1,0->0:Exact,NONE
880,14.663506,0.016667,-8949.95,-132.493,83.529526,0,0,0,0,3.1744294,-3.108756,none,true,0,0,0,Stand,14.728082,,,,1,0->0:Exact,NONE
881,14.680173,0.016751,-8949.95,-132.493,83.529526,0,0,0,0,3.1744294,-3.108756,none,true,0,0,0,Stand,14.744833,,,,1,0->0:Exact,NONE
882,14.696925,0.016652,-8949.95,-132.493,83.529526,0,0,0,0,3.1744294,-3.108756,none,true,0,0,0,Stand,14.761485,,,,1,0->0:Exact,NONE
883,14.713576,0.016711,-8949.95,-132.493,83.529526,0,0,0,0,3.1744294,-3.108756,none,true,0,0,0,Stand,14.778195,,,,1,0->0:Exact,NONE
884,14.730287,0.016778,-8949.95,-132.493,83.529526,0,0,0,0,3.1744294,-3.108756,none,true,0,0,0,Stand,14.794973,,,,1,0->0:Exact,NONE
885,14.747065,0.016599,-8949.95,-132.493,83.529526,0,0,0,0,3.1744294,-3.108756,none,true,0,0,0,Stand,14.811572,,,,1,0->0:Exact,NONE
886,14.763663,0.016858,-8949.95,-132.493,83.529526,0,0,0,0,3.1744294,-3.108756,none,true,0,0,0,Stand,14.82843,,,,1,0->0:Exact,NONE
887,14.780521,0.017953,-8949.95,-132.493,83.529526,0,0,0,0,3.1744294,-3.108756,none,true,0,0,0,Stand,14.846384,,,,1,0->0:Exact,NONE
888,14.798475,0.015140,-8949.95,-132.493,83.529526,0,0,0,0,3.1744294,-3.108756,none,true,0,0,0,Stand,14.861524,,,,1,0->0:Exact,NONE
889,14.813614,0.017059,-8949.95,-132.493,83.529526,0,0,0,0,3.1744294,-3.108756,none,true,0,0,0,Stand,14.878583,,,,1,0->0:Exact,NONE
890,14.830674,0.016259,-8949.95,-132.493,83.529526,0,0,0,0,3.1744294,-3.108756,none,true,0,0,0,Stand,14.894842,,,,1,0->0:Exact,NONE
891,14.846933,0.016678,-8949.95,-132.493,83.529526,0,0,0,0,3.1744294,-3.108756,none,true,0,0,0,Stand,14.91152,,,,1,0->0:Exact,NONE
892,14.863610,0.016963,-8949.95,-132.493,83.529526,0,0,0,0,3.1744294,-3.108756,none,true,0,0,0,Stand,14.928483,,,,1,0->0:Exact,NONE
893,14.880573,0.016974,-8949.95,-132.493,83.529526,0,0,0,0,3.1744294,-3.108756,none,true,0,0,0,Stand,14.945457,,,,1,0->0:Exact,NONE
894,14.897547,0.016162,-8949.95,-132.493,83.529526,0,0,0,0,3.1744294,-3.108756,none,true,0,0,0,Stand,14.961619,,,,1,0->0:Exact,NONE
895,14.913710,0.016620,-8949.95,-132.493,83.529526,0,0,0,0,3.1744294,-3.108756,none,true,0,0,0,Stand,14.97824,,,,1,0->0:Exact,NONE
896,14.930330,0.016700,-8949.95,-132.493,83.529526,0,0,0,0,3.1744294,-3.108756,none,true,0,0,0,Stand,14.99494,,,,1,0->0:Exact,NONE
897,14.947030,0.016750,-8949.95,-132.493,83.529526,0,0,0,0,3.1744294,-3.108756,none,true,0,0,0,Stand,15.01169,,,,1,0->0:Exact,NONE
898,14.963780,0.016704,-8949.95,-132.493,83.529526,0,0,0,0,3.1744294,-3.108756,none,true,0,0,0,Stand,15.028395,,,,1,0->0:Exact,NONE
899,14.980484,0.017119,-8949.95,-132.493,83.529526,0,0,0,0,3.1744294,-3.108756,none,true,0,0,0,Stand,15.045514,,,,1,0->0:Exact,NONE
900,14.997603,0.016322,-8949.95,-132.493,83.529526,0,0,0,0,3.1744294,-3.108756,none,true,0,0,0,Stand,15.061836,,,,1,0->0:Exact,NONE
901,15.013926,0.016772,-8949.95,-132.493,83.529526,0,0,0,0,3.1744294,-3.108756,none,true,0,0,0,Stand,15.0786085,,,,1,0->0:Exact,NONE
902,15.030697,0.016396,-8949.95,-132.493,83.529526,0,0,0,0,3.1744294,-3.108756,none,true,0,0,0,Stand,15.095004,,,,1,0->0:Exact,NONE
903,15.047093,0.016656,-8949.95,-132.493,83.529526,0,0,0,0,3.1744294,-3.108756,none,true,0,0,0,Stand,15.11166,,,,1,0->0:Exact,NONE
904,15.063749,0.016865,-8949.95,-132.493,83.529526,0,0,0,0,3.1744294,-3.108756,none,true,0,0,0,Stand,15.128526,,,,1,0->0:Exact,NONE
905,15.080615,0.016721,-8949.95,-132.493,83.529526,0,0,0,0,3.1744294,-3.108756,none,true,0,0,0,Stand,15.1452465,,,,1,0->0:Exact,NONE
906,15.097336,0.016622,-8949.95,-132.493,83.529526,0,0,0,0,3.1744294,-3.108756,none,true,0,0,0,Stand,15.161868,,,,1,0->0:Exact,NONE
907,15.113958,0.016688,-8949.95,-132.493,83.529526,0,0,0,0,3.1744294,-3.108756,none,true,0,0,0,Stand,15.178556,,,,1,0->0:Exact,NONE
908,15.130646,0.016629,-8949.95,-132.493,83.529526,0,0,0,0,3.1744294,-3.108756,none,true,0,0,0,Stand,15.195185,,,,1,0->0:Exact,NONE
909,15.147274,0.016797,-8949.95,-132.493,83.529526,0,0,0,0,3.1744294,-3.108756,none,true,0,0,0,Stand,15.211982,,,,1,0->0:Exact,NONE
910,15.164071,0.016637,-8949.95,-132.493,83.529526,0,0,0,0,3.1744294,-3.108756,none,true,0,0,0,Stand,15.228619,,,,1,0->0:Exact,NONE
911,15.180708,0.016489,-8949.95,-132.493,83.529526,0,0,0,0,3.1744294,-3.108756,none,true,0,0,0,Stand,15.245108,,,,1,0->0:Exact,NONE
912,15.197197,0.017304,-8949.95,-132.493,83.529526,0,0,0,0,3.1744294,-3.108756,none,true,0,0,0,Stand,15.262412,,,,1,0->0:Exact,NONE
913,15.214501,0.016059,-8949.95,-132.493,83.529526,0,0,0,0,3.1744294,-3.108756,none,true,0,0,0,Stand,15.278471,,,,1,0->0:Exact,NONE
914,15.230560,0.016641,-8949.95,-132.493,83.529526,0,0,0,0,3.1744294,-3.108756,none,true,0,0,0,Stand,15.295112,,,,1,0->0:Exact,NONE
915,15.247201,0.016756,-8949.95,-132.493,83.529526,0,0,0,0,3.1744294,-3.108756,none,true,0,0,0,Stand,15.311868,,,,1,0->0:Exact,NONE
916,15.263957,0.016702,-8949.95,-132.493,83.529526,0,0,0,0,3.1744294,-3.108756,none,true,0,0,0,Stand,15.32857,,,,1,0->0:Exact,NONE
917,15.280659,0.017494,-8949.95,-132.493,83.529526,0,0,0,0,3.1744294,-3.108756,none,true,0,0,0,Stand,15.346065,,,,1,0->0:Exact,NONE
918,15.298153,0.015808,-8949.95,-132.493,83.529526,0,0,0,0,3.1744294,-3.108756,none,true,0,0,0,Stand,15.361873,,,,1,0->0:Exact,NONE
919,15.313961,0.016797,-8949.95,-132.493,83.529526,0,0,0,0,3.1744294,-3.108756,none,true,0,0,0,Stand,15.37867,,,,1,0->0:Exact,NONE
920,15.330758,0.016644,-8949.95,-132.493,83.529526,0,0,0,0,3.1744294,-3.108756,none,true,0,0,0,Stand,15.395313,,,,1,0->0:Exact,NONE
921,15.347402,0.016662,-8949.95,-132.493,83.529526,0,0,0,0,3.1744294,-3.108756,none,true,0,0,0,Stand,15.411975,,,,1,0->0:Exact,NONE
922,15.364064,0.016644,-8949.95,-132.493,83.529526,0,0,0,0,3.1744294,-3.108756,none,true,0,0,0,Stand,15.428619,,,,1,0->0:Exact,NONE
923,15.380708,0.016801,-8949.95,-132.493,83.529526,0,0,0,0,3.1744294,-3.108756,none,true,0,0,0,Stand,15.44542,,,,1,0->0:Exact,NONE
924,15.397509,0.016698,-8949.95,-132.493,83.529526,0,0,0,0,3.1744294,-3.108756,none,true,0,0,0,Stand,15.462118,,,,1,0->0:Exact,NONE
925,15.414207,0.016677,-8949.95,-132.493,83.529526,0,0,0,0,3.1744294,-3.108756,none,true,0,0,0,Stand,15.478795,,,,1,0->0:Exact,NONE
926,15.430884,0.016811,-8949.95,-132.493,83.529526,0,0,0,0,3.1744294,-3.108756,none,true,0,0,0,Stand,15.495606,,,,1,0->0:Exact,NONE
927,15.447696,0.016679,-8949.95,-132.493,83.529526,0,0,0,0,3.1744294,-3.108756,none,true,0,0,0,Stand,15.512285,,,,1,0->0:Exact,NONE
928,15.464375,0.016484,-8949.95,-132.493,83.529526,0,0,0,0,3.1744294,-3.108756,none,true,0,0,0,Stand,15.5287695,,,,1,0->0:Exact,NONE
929,15.480859,0.016764,-8949.95,-132.493,83.529526,0,0,0,0,3.1744294,-3.108756,none,true,0,0,0,Stand,15.545533,,,,1,0->0:Exact,NONE
930,15.497623,0.016602,-8949.95,-132.493,83.529526,0,0,0,0,3.1744294,-3.108756,none,true,0,0,0,Stand,15.562136,,,,1,0->0:Exact,NONE
931,15.514225,0.016950,-8949.95,-132.493,83.529526,0,0,0,0,3.1744294,-3.108756,none,true,0,0,0,Stand,15.579086,,,,1,0->0:Exact,NONE
932,15.531175,0.016404,-8949.95,-132.493,83.529526,0,0,0,0,3.1744294,-3.108756,none,true,0,0,0,Stand,15.59549,,,,1,0->0:Exact,NONE
933,15.547579,0.017166,-8949.95,-132.493,83.529526,0,0,0,0,3.1744294,-3.108756,none,true,0,0,0,Stand,15.612656,,,,1,0->0:Exact,NONE
934,15.564745,0.016230,-8949.95,-132.493,83.529526,0,0,0,0,3.1744294,-3.108756,none,true,0,0,0,Stand,15.628886,,,,1,0->0:Exact,NONE
935,15.580975,0.017590,-8949.95,-132.493,83.529526,0,0,0,0,3.1744294,-3.108756,none,true,0,0,0,Stand,15.646476,,,,1,0->0:Exact,NONE
936,15.598565,0.015647,-8949.95,-132.493,83.529526,0,0,0,0,3.1744294,-3.108756,none,true,0,0,0,Stand,15.662123,,,,1,0->0:Exact,NONE
937,15.614212,0.016703,-8949.95,-132.493,83.529526,0,0,0,0,3.1744294,-3.108756,none,true,0,0,0,Stand,15.678825,,,,1,0->0:Exact,NONE
938,15.630915,0.017114,-8949.95,-132.493,83.529526,0,0,0,0,3.1744294,-3.108756,none,true,0,0,0,Stand,15.695939,,,,1,0->0:Exact,NONE
939,15.648028,0.016229,-8949.95,-132.493,83.529526,0,0,0,0,3.1744294,-3.108756,none,true,0,0,0,Stand,15.712168,,,,1,0->0:Exact,NONE
940,15.664257,0.016764,-8949.95,-132.493,83.529526,0,0,0,0,3.1744294,-3.108756,none,true,0,0,0,Stand,15.728931,,,,1,0->0:Exact,NONE
941,15.681021,0.016666,-8949.95,-132.493,83.529526,0,0,0,0,3.1744294,-3.108756,none,true,0,0,0,Stand,15.745598,,,,1,0->0:Exact,NONE
942,15.697688,0.017000,-8949.95,-132.493,83.529526,0,0,0,0,3.1744294,-3.108756,none,true,0,0,0,Stand,15.762598,,,,1,0->0:Exact,NONE
943,15.714688,0.016431,-8949.95,-132.493,83.529526,0,0,0,0,3.1744294,-3.108756,none,true,0,0,0,Stand,15.779029,,,,1,0->0:Exact,NONE
944,15.731119,0.016771,-8949.95,-132.493,83.529526,0,0,0,0,3.1744294,-3.108756,none,true,0,0,0,Stand,15.7958,,,,1,0->0:Exact,NONE
945,15.747890,0.016730,-8949.95,-132.493,83.529526,0,0,0,0,3.1744294,-3.108756,none,true,0,0,0,Stand,15.8125305,,,,1,0->0:Exact,NONE
946,15.764620,0.016738,-8949.95,-132.493,83.529526,0,0,0,0,3.1744294,-3.108756,none,true,0,0,0,Stand,15.829268,,,,1,0->0:Exact,NONE
947,15.781358,0.016406,-8949.95,-132.493,83.529526,0,0,0,0,3.1744294,-3.108756,none,true,0,0,0,Stand,15.8456745,,,,1,0->0:Exact,NONE
948,15.797764,0.017033,-8949.95,-132.493,83.529526,0,0,0,0,3.1744294,-3.108756,none,true,0,0,0,Stand,15.862708,,,,1,0->0:Exact,NONE
949,15.814798,0.016478,-8949.95,-132.493,83.529526,0,0,0,0,3.1744294,-3.108756,none,true,0,0,0,Stand,15.879186,,,,1,0->0:Exact,NONE
950,15.831276,0.017057,-8949.95,-132.493,83.529526,0,0,0,0,3.1744294,-3.108756,none,true,0,0,0,Stand,15.896243,,,,1,0->0:Exact,NONE
951,15.848333,0.016339,-8949.95,-132.493,83.529526,0,0,0,0,3.1744294,-3.108756,none,true,0,0,0,Stand,15.912582,,,,1,0->0:Exact,NONE
952,15.864672,0.016509,-8949.95,-132.493,83.529526,0,0,0,0,3.1744294,-3.108756,none,true,0,0,0,Stand,15.929091,,,,1,0->0:Exact,NONE
953,15.881181,0.017382,-8949.95,-132.493,83.529526,0,0,0,0,3.1744294,-3.108756,none,true,0,0,0,Stand,15.946473,,,,1,0->0:Exact,NONE
954,15.898563,0.016456,-8949.95,-132.493,83.529526,0,0,0,0,3.1744294,-3.108756,none,true,0,0,0,Stand,15.962929,,,,1,0->0:Exact,NONE
955,15.915019,0.016565,-8949.95,-132.493,83.529526,0,0,0,0,3.1744294,-3.108756,none,true,0,0,0,Stand,15.979493,,,,1,0->0:Exact,NONE
956,15.931584,0.016349,-8949.95,-132.493,83.529526,0,0,0,0,3.1744294,-3.108756,none,true,0,0,0,Stand,15.995842,,,,1,0->0:Exact,NONE
957,15.947932,0.016632,-8949.95,-132.493,83.529526,0,0,0,0,3.1744294,-3.108756,none,true,0,0,0,Stand,16.012474,,,,1,0->0:Exact,NONE
958,15.964565,0.016670,-8949.95,-132.493,83.529526,0,0,0,0,3.1744294,-3.108756,none,true,0,0,0,Stand,16.029144,,,,1,0->0:Exact,NONE
959,15.981234,0.016819,-8949.95,-132.493,83.529526,0,0,0,0,3.1744294,-3.108756,none,true,0,0,0,Stand,16.045963,,,,1,0->0:Exact,NONE
960,15.998053,0.016546,-8949.95,-132.493,83.529526,0,0,0,0,3.1744294,-3.108756,none,true,0,0,0,Stand,16.06251,,,,1,0->0:Exact,NONE
961,16.014599,0.016636,-8949.95,-132.493,83.529526,0,0,0,0,3.1744294,-3.108756,none,true,0,0,0,Stand,16.079145,,,,1,0->0:Exact,NONE
962,16.031235,0.017041,-8949.95,-132.493,83.529526,0,0,0,0,3.1744294,-3.108756,none,true,0,0,0,Stand,16.096186,,,,1,0->0:Exact,NONE
963,16.048276,0.016476,-8949.95,-132.493,83.529526,0,0,0,0,3.1744294,-3.108756,none,true,0,0,0,Stand,16.112661,,,,1,0->0:Exact,NONE
964,16.064752,0.016680,-8949.95,-132.493,83.529526,0,0,0,0,3.1744294,-3.108756,none,true,0,0,0,Stand,16.129341,,,,1,0->0:Exact,NONE
965,16.081432,0.016698,-8949.95,-132.493,83.529526,0,0,0,0,3.1744294,-3.108756,none,true,0,0,0,Stand,16.14604,,,,1,0->0:Exact,NONE
966,16.098131,0.016832,-8949.95,-132.493,83.529526,0,0,0,0,3.1744294,-3.108756,none,true,0,0,0,Stand,16.162872,,,,1,0->0:Exact,NONE
967,16.114963,0.016854,-8949.95,-132.493,83.529526,0,0,0,0,3.1744294,-3.108756,none,true,0,0,0,Stand,16.179728,,,,1,0->0:Exact,NONE
968,16.131817,0.016200,-8949.95,-132.493,83.529526,0,0,0,0,3.1744294,-3.108756,none,true,0,0,0,Stand,16.195929,,,,1,0->0:Exact,NONE
969,16.148017,0.016620,-8949.95,-132.493,83.529526,0,0,0,0,3.1744294,-3.108756,none,true,0,0,0,Stand,16.21255,,,,1,0->0:Exact,NONE
970,16.164637,0.016655,-8949.95,-132.493,83.529526,0,0,0,0,3.1744294,-3.108756,none,true,0,0,0,Stand,16.229204,,,,1,0->0:Exact,NONE
971,16.181292,0.017931,-8949.95,-132.493,83.529526,0,0,0,0,3.1744294,-3.108756,none,true,0,0,0,Stand,16.247135,,,,1,0->0:Exact,NONE
972,16.199223,0.015735,-8949.95,-132.493,83.529526,0,0,0,0,3.1744294,-3.108756,none,true,0,0,0,Stand,16.26287,,,,1,0->0:Exact,NONE
973,16.214958,0.016555,-8949.95,-132.493,83.529526,0,0,0,0,3.1744294,-3.108756,none,true,0,0,0,Stand,16.279427,,,,1,0->0:Exact,NONE
974,16.231513,0.016922,-8949.95,-132.493,83.529526,0,0,0,0,3.1744294,-3.108756,none,true,0,0,0,Stand,16.296349,,,,1,0->0:Exact,NONE
975,16.248435,0.017089,-8949.95,-132.493,83.529526,0,0,0,0,3.1744294,-3.108756,none,true,0,0,0,Stand,16.313437,,,,1,0->0:Exact,NONE
976,16.265523,0.016613,-8949.95,-132.493,83.529526,0,0,0,0,3.1744294,-3.108756,none,true,0,0,0,Stand,16.33005,,,,1,0->0:Exact,NONE
977,16.282137,0.016146,-8949.95,-132.493,83.529526,0,0,0,0,3.1744294,-3.108756,none,true,0,0,0,Stand,16.346195,,,,1,0->0:Exact,NONE
978,16.298283,0.016814,-8949.95,-132.493,83.529526,0,0,0,0,3.1744294,-3.108756,none,true,0,0,0,Stand,16.36301,,,,1,0->0:Exact,NONE
979,16.315097,0.016454,-8949.95,-132.493,83.529526,0,0,0,0,3.1744294,-3.108756,none,true,0,0,0,Stand,16.379463,,,,1,0->0:Exact,NONE
980,16.331551,0.016702,-8949.95,-132.493,83.529526,0,0,0,0,3.1744294,-3.108756,none,true,0,0,0,Stand,16.396166,,,,1,0->0:Exact,NONE
981,16.348253,0.016597,-8949.95,-132.493,83.529526,0,0,0,0,3.1744294,-3.108756,none,true,0,0,0,Stand,16.412764,,,,1,0->0:Exact,NONE
982,16.364851,0.016727,-8949.95,-132.493,83.529526,0,0,0,0,3.1744294,-3.108756,none,true,0,0,0,Stand,16.429491,,,,1,0->0:Exact,NONE
983,16.381578,0.016838,-8949.95,-132.493,83.529526,0,0,0,0,3.1744294,-3.108756,none,true,0,0,0,Stand,16.44633,,,,1,0->0:Exact,NONE
984,16.398415,0.016460,-8949.95,-132.493,83.529526,0,0,0,0,3.1744294,-3.108756,none,true,0,0,0,Stand,16.46279,,,,1,0->0:Exact,NONE
985,16.414876,0.017131,-8949.95,-132.493,83.529526,0,0,0,0,3.1744294,-3.108756,none,true,0,0,0,Stand,16.479921,,,,1,0->0:Exact,NONE
986,16.432007,0.016161,-8949.95,-132.493,83.529526,0,0,0,0,3.1744294,-3.108756,none,true,0,0,0,Stand,16.496082,,,,1,0->0:Exact,NONE
987,16.448168,0.016842,-8949.95,-132.493,83.529526,0,0,0,0,3.1744294,-3.108756,none,true,0,0,0,Stand,16.512924,,,,1,0->0:Exact,NONE
988,16.465010,0.016814,-8949.95,-132.493,83.529526,0,0,0,0,3.1744294,-3.108756,none,true,0,0,0,Stand,16.529737,,,,1,0->0:Exact,NONE
989,16.481824,0.017835,-8949.95,-132.493,83.529526,0,0,0,0,3.1744294,-3.108756,none,true,0,0,0,Stand,16.547571,,,,1,0->0:Exact,NONE
990,16.499659,0.015309,-8949.95,-132.493,83.529526,0,0,0,0,3.1744294,-3.108756,none,true,0,0,0,Stand,16.56288,,,,1,0->0:Exact,NONE
991,16.514968,0.017160,-8949.95,-132.493,83.529526,0,0,0,0,3.1744294,-3.108756,none,true,0,0,0,Stand,16.58004,,,,1,0->0:Exact,NONE
992,16.532127,0.016069,-8949.95,-132.493,83.529526,0,0,0,0,3.1744294,-3.108756,none,true,0,0,0,Stand,16.59611,,,,1,0->0:Exact,NONE
993,16.548197,0.017051,-8949.95,-132.493,83.529526,0,0,0,0,3.1744294,-3.108756,none,true,0,0,0,Stand,16.613161,,,,1,0->0:Exact,NONE
994,16.565248,0.016473,-8949.95,-132.493,83.529526,0,0,0,0,3.1744294,-3.108756,none,true,0,0,0,Stand,16.629635,,,,1,0->0:Exact,NONE
995,16.581722,0.016868,-8949.95,-132.493,83.529526,0,0,0,0,3.1744294,-3.108756,none,true,0,0,0,Stand,16.646503,,,,1,0->0:Exact,NONE
996,16.598590,0.016741,-8949.95,-132.493,83.529526,0,0,0,0,3.1744294,-3.108756,none,true,0,0,0,Stand,16.663244,,,,1,0->0:Exact,NONE
997,16.615331,0.016410,-8949.95,-132.493,83.529526,0,0,0,0,3.1744294,-3.108756,none,true,0,0,0,Stand,16.679655,,,,1,0->0:Exact,NONE
998,16.631741,0.016744,-8949.95,-132.493,83.529526,0,0,0,0,3.1744294,-3.108756,none,true,0,0,0,Stand,16.6964,,,,1,0->0:Exact,NONE
999,16.648485,0.016672,-8949.95,-132.493,83.529526,0,0,0,0,3.1744294,-3.108756,none,true,0,0,0,Stand,16.713072,,,,1,0->0:Exact,NONE
1000,16.665157,0.016917,-8949.95,-132.493,83.529526,0,0,0,0,3.1744294,-3.108756,none,true,0,0,0,Stand,16.729988,,,,1,0->0:Exact,NONE
1001,16.682074,0.016335,-8949.95,-132.493,83.529526,0,0,0,0,3.1744294,-3.108756,none,true,0,0,0,Stand,16.746323,,,,1,0->0:Exact,NONE
1002,16.698409,0.016818,-8949.95,-132.493,83.529526,0,0,0,0,3.1744294,-3.108756,none,true,0,0,0,Stand,16.76314,,,,1,0->0:Exact,NONE
1003,16.715227,0.016572,-8949.95,-132.493,83.529526,0,0,0,0,3.1744294,-3.108756,none,true,0,0,0,Stand,16.779713,,,,1,0->0:Exact,NONE
1004,16.731799,0.021580,-8949.95,-132.493,83.529526,0,0,0,0,3.1744294,-3.108756,none,true,0,0,0,Stand,16.801292,,,,1,0->0:Exact,NONE
1005,16.753379,0.012063,-8949.95,-132.493,83.529526,0,0,0,0,3.1744294,-3.108756,none,true,0,0,0,Stand,16.813354,,,,1,0->0:Exact,NONE
1006,16.765441,0.016711,-8949.95,-132.493,83.529526,0,0,0,0,3.1744294,-3.108756,none,true,0,0,0,Stand,16.830065,,,,1,0->0:Exact,NONE
1007,16.782153,0.018414,-8949.95,-132.493,83.529526,0,0,0,0,3.1744294,-3.108756,none,true,0,0,0,Stand,16.848478,,,,1,0->0:Exact,NONE
1008,16.800566,0.014867,-8949.95,-132.493,83.529526,0,0,0,0,3.1744294,-3.108756,none,true,0,0,0,Stand,16.863346,,,,1,0->0:Exact,NONE
1009,16.815434,0.016507,-8949.95,-132.493,83.529526,0,0,0,0,3.1744294,-3.108756,none,true,0,0,0,Stand,16.879854,,,,1,0->0:Exact,NONE
1010,16.831941,0.016677,-8949.95,-132.493,83.529526,0,0,0,0,3.1744294,-3.108756,none,true,0,0,0,Stand,16.89653,,,,1,0->0:Exact,NONE
1011,16.848617,0.016621,-8949.95,-132.493,83.529526,0,0,0,0,3.1744294,-3.108756,none,true,0,0,0,Stand,16.91315,,,,1,0->0:Exact,NONE
1012,16.865239,0.016758,-8949.95,-132.493,83.529526,0,0,0,0,3.1744294,-3.108756,none,true,0,0,0,Stand,16.929909,,,,1,0->0:Exact,NONE
1013,16.881997,0.016862,-8949.95,-132.493,83.529526,0,0,0,0,3.1744294,-3.108756,none,true,0,0,0,Stand,16.94677,,,,1,0->0:Exact,NONE
1014,16.898858,0.016868,-8949.95,-132.493,83.529526,0,0,0,0,3.1744294,-3.108756,none,true,0,0,0,Stand,16.963638,,,,1,0->0:Exact,NONE
1015,16.915726,0.016284,-8949.95,-132.493,83.529526,0,0,0,0,3.1744294,-3.108756,none,true,0,0,0,Stand,16.979921,,,,1,0->0:Exact,NONE
1016,16.932010,0.016564,-8949.95,-132.493,83.529526,0,0,0,0,3.1744294,-3.108756,none,true,0,0,0,Stand,16.996485,,,,1,0->0:Exact,NONE
1017,16.948574,0.016690,-8949.95,-132.493,83.529526,0,0,0,0,3.1744294,-3.108756,none,true,0,0,0,Stand,17.013174,,,,1,0->0:Exact,NONE
1018,16.965264,0.016938,-8949.95,-132.493,83.529526,0,0,0,0,3.1744294,-3.108756,none,true,0,0,0,Stand,17.030111,,,,1,0->0:Exact,NONE
1019,16.982202,0.016492,-8949.95,-132.493,83.529526,0,0,0,0,3.1744294,-3.108756,none,true,0,0,0,Stand,17.046604,,,,1,0->0:Exact,NONE
1020,16.998694,0.016757,-8949.95,-132.493,83.529526,0,0,0,0,3.1744294,-3.108756,none,true,0,0,0,Stand,17.06336,,,,1,0->0:Exact,NONE
1021,17.015451,0.016692,-8949.95,-132.493,83.529526,0,0,0,0,3.1744294,-3.108756,none,true,0,0,0,Stand,17.080053,,,,1,0->0:Exact,NONE
1022,17.032143,0.016637,-8949.95,-132.493,83.529526,0,0,0,0,3.1744294,-3.108756,none,true,0,0,0,Stand,17.096691,,,,1,0->0:Exact,NONE
1023,17.048780,0.016759,-8949.95,-132.493,83.529526,0,0,0,0,3.1744294,-3.108756,none,true,0,0,0,Stand,17.113451,,,,1,0->0:Exact,NONE
1024,17.065539,0.016609,-8949.95,-132.493,83.529526,0,0,0,0,3.1744294,-3.108756,none,true,0,0,0,Stand,17.13006,,,,1,0->0:Exact,NONE
1025,17.082148,0.018478,-8949.95,-132.493,83.529526,0,0,0,0,3.1744294,-3.108756,none,true,0,0,0,Stand,17.148539,,,,1,0->0:Exact,NONE
1026,17.100626,0.015436,-8949.95,-132.493,83.529526,0,0,0,0,3.1744294,-3.108756,none,true,0,0,0,Stand,17.163975,,,,1,0->0:Exact,NONE
1027,17.116062,0.016380,-8949.95,-132.493,83.529526,0,0,0,0,3.1744294,-3.108756,none,true,0,0,0,Stand,17.180355,,,,1,0->0:Exact,NONE
1028,17.132442,0.016506,-8949.95,-132.493,83.529526,0,0,0,0,3.1744294,-3.108756,none,true,0,0,0,Stand,17.196861,,,,1,0->0:Exact,NONE
1029,17.148948,0.016814,-8949.95,-132.493,83.529526,0,0,0,0,3.1744294,-3.108756,none,true,0,0,0,Stand,17.213675,,,,1,0->0:Exact,NONE
1030,17.165762,0.016746,-8949.95,-132.493,83.529526,0,0,0,0,3.1744294,-3.108756,none,true,0,0,0,Stand,17.230421,,,,1,0->0:Exact,NONE
1031,17.182508,0.016445,-8949.95,-132.493,83.529526,0,0,0,0,3.1744294,-3.108756,none,true,0,0,0,Stand,17.246866,,,,1,0->0:Exact,NONE
1032,17.198953,0.016676,-8949.95,-132.493,83.529526,0,0,0,0,3.1744294,-3.108756,none,true,0,0,0,Stand,17.263542,,,,1,0->0:Exact,NONE
1033,17.215629,0.016609,-8949.95,-132.493,83.529526,0,0,0,0,3.1744294,-3.108756,none,true,0,0,0,Stand,17.280151,,,,1,0->0:Exact,NONE
1034,17.232237,0.016881,-8949.95,-132.493,83.529526,0,0,0,0,3.1744294,-3.108756,none,true,0,0,0,Stand,17.297033,,,,1,0->0:Exact,NONE
1035,17.249119,0.016499,-8949.95,-132.493,83.529526,0,0,0,0,3.1744294,-3.108756,none,true,0,0,0,Stand,17.313532,,,,1,0->0:Exact,NONE
1036,17.265618,0.016950,-8949.95,-132.493,83.529526,0,0,0,0,3.1744294,-3.108756,none,true,0,0,0,Stand,17.330482,,,,1,0->0:Exact,NONE
1037,17.282568,0.016517,-8949.95,-132.493,83.529526,0,0,0,0,3.1744294,-3.108756,none,true,0,0,0,Stand,17.346998,,,,1,0->0:Exact,NONE
1038,17.299085,0.016502,-8949.95,-132.493,83.529526,0,0,0,0,3.1744294,-3.108756,none,true,0,0,0,Stand,17.3635,,,,1,0->0:Exact,NONE
1039,17.315587,0.016724,-8949.95,-132.493,83.529526,0,0,0,0,3.1744294,-3.108756,none,true,0,0,0,Stand,17.380224,,,,1,0->0:Exact,NONE
1040,17.332311,0.017316,-8949.95,-132.493,83.529526,0,0,0,0,3.1744294,-3.108756,none,true,0,0,0,Stand,17.397541,,,,1,0->0:Exact,NONE
1041,17.349627,0.016322,-8949.95,-132.493,83.529526,0,0,0,0,3.1744294,-3.108756,none,true,0,0,0,Stand,17.413862,,,,1,0->0:Exact,NONE
1042,17.365949,0.016622,-8949.95,-132.493,83.529526,0,0,0,0,3.1744294,-3.108756,none,true,0,0,0,Stand,17.430485,,,,1,0->0:Exact,NONE
1043,17.382571,0.018185,-8949.95,-132.493,83.529526,0,0,0,0,3.1744294,-3.108756,none,true,0,0,0,Stand,17.44867,,,,1,0->0:Exact,NONE
1044,17.400756,0.015119,-8949.95,-132.493,83.529526,0,0,0,0,3.1744294,-3.108756,none,true,0,0,0,Stand,17.463789,,,,1,0->0:Exact,NONE
1045,17.415875,0.016715,-8949.95,-132.493,83.529526,0,0,0,0,3.1744294,-3.108756,none,true,0,0,0,Stand,17.480505,,,,1,0->0:Exact,NONE
1046,17.432591,0.016527,-8949.95,-132.493,83.529526,0,0,0,0,3.1744294,-3.108756,none,true,0,0,0,Stand,17.497032,,,,1,0->0:Exact,NONE
1047,17.449118,0.016945,-8949.95,-132.493,83.529526,0,0,0,0,3.1744294,-3.108756,none,true,0,0,0,Stand,17.513977,,,,1,0->0:Exact,NONE
1048,17.466063,0.016776,-8949.95,-132.493,83.529526,0,0,0,0,3.1744294,-3.108756,none,true,0,0,0,Stand,17.530752,,,,1,0->0:Exact,NONE
1049,17.482838,0.016543,-8949.95,-132.493,83.529526,0,0,0,0,3.1744294,-3.108756,none,true,0,0,0,Stand,17.547295,,,,1,0->0:Exact,NONE
1050,17.499381,0.016504,-8949.95,-132.493,83.529526,0,0,0,0,3.1744294,-3.108756,none,true,0,0,0,Stand,17.563799,,,,1,0->0:Exact,NONE
1051,17.515885,0.016762,-8949.95,-132.493,83.529526,0,0,0,0,3.1744294,-3.108756,none,true,0,0,0,Stand,17.58056,,,,1,0->0:Exact,NONE
1052,17.532647,0.016837,-8949.95,-132.493,83.529526,0,0,0,0,3.1744294,-3.108756,none,true,0,0,0,Stand,17.597399,,,,1,0->0:Exact,NONE
1053,17.549484,0.016632,-8949.95,-132.493,83.529526,0,0,0,0,3.1744294,-3.108756,none,true,0,0,0,Stand,17.61403,,,,1,0->0:Exact,NONE
1054,17.566116,0.016469,-8949.95,-132.493,83.529526,0,0,0,0,3.1744294,-3.108756,none,true,0,0,0,Stand,17.6305,,,,1,0->0:Exact,NONE
1055,17.582585,0.017190,-8949.95,-132.493,83.529526,0,0,0,0,3.1744294,-3.108756,none,true,0,0,0,Stand,17.647692,,,,1,0->0:Exact,NONE
1056,17.599776,0.016312,-8949.95,-132.493,83.529526,0,0,0,0,3.1744294,-3.108756,none,true,0,0,0,Stand,17.664003,,,,1,0->0:Exact,NONE
1057,17.616088,0.016586,-8949.95,-132.493,83.529526,0,0,0,0,3.1744294,-3.108756,none,true,0,0,0,Stand,17.68059,,,,1,0->0:Exact,NONE
1058,17.632675,0.016551,-8949.95,-132.493,83.529526,0,0,0,0,3.1744294,-3.108756,none,true,0,0,0,Stand,17.69714,,,,1,0->0:Exact,NONE
1059,17.649226,0.016828,-8949.95,-132.493,83.529526,0,0,0,0,3.1744294,-3.108756,none,true,0,0,0,Stand,17.713968,,,,1,0->0:Exact,NONE
1060,17.666054,0.017012,-8949.95,-132.493,83.529526,0,0,0,0,3.1744294,-3.108756,none,true,0,0,0,Stand,17.73098,,,,1,0->0:Exact,NONE
1061,17.683066,0.016385,-8949.95,-132.493,83.529526,0,0,0,0,3.1744294,-3.108756,none,true,0,0,0,Stand,17.747364,,,,1,0->0:Exact,NONE
1062,17.699451,0.016721,-8949.95,-132.493,83.529526,0,0,0,0,3.1744294,-3.108756,none,true,0,0,0,Stand,17.764086,,,,1,0->0:Exact,NONE
1063,17.716172,0.016490,-8949.95,-132.493,83.529526,0,0,0,0,3.1744294,-3.108756,none,true,0,0,0,Stand,17.780575,,,,1,0->0:Exact,NONE
1064,17.732662,0.016857,-8949.95,-132.493,83.529526,0,0,0,0,3.1744294,-3.108756,none,true,0,0,0,Stand,17.797432,,,,1,0->0:Exact,NONE
1065,17.749518,0.016890,-8949.95,-132.493,83.529526,0,0,0,0,3.1744294,-3.108756,none,true,0,0,0,Stand,17.814322,,,,1,0->0:Exact,NONE
1066,17.766409,0.016511,-8949.95,-132.493,83.529526,0,0,0,0,3.1744294,-3.108756,none,true,0,0,0,Stand,17.830832,,,,1,0->0:Exact,NONE
1067,17.782919,0.016561,-8949.95,-132.493,83.529526,0,0,0,0,3.1744294,-3.108756,none,true,0,0,0,Stand,17.847393,,,,1,0->0:Exact,NONE
1068,17.799481,0.016883,-8949.95,-132.493,83.529526,0,0,0,0,3.1744294,-3.108756,none,true,0,0,0,Stand,17.864277,,,,1,0->0:Exact,NONE
1069,17.816364,0.016634,-8949.95,-132.493,83.529526,0,0,0,0,3.1744294,-3.108756,none,true,0,0,0,Stand,17.88091,,,,1,0->0:Exact,NONE
1070,17.832998,0.016626,-8949.95,-132.493,83.529526,0,0,0,0,3.1744294,-3.108756,none,true,0,0,0,Stand,17.897537,,,,1,0->0:Exact,NONE
1071,17.849624,0.016621,-8949.95,-132.493,83.529526,0,0,0,0,3.1744294,-3.108756,none,true,0,0,0,Stand,17.914158,,,,1,0->0:Exact,NONE
1072,17.866245,0.016876,-8949.95,-132.493,83.529526,0,0,0,0,3.1744294,-3.108756,none,true,0,0,0,Stand,17.931034,,,,1,0->0:Exact,NONE
1073,17.883121,0.017381,-8949.95,-132.493,83.529526,0,0,0,0,3.1744294,-3.108756,none,true,0,0,0,Stand,17.948416,,,,1,0->0:Exact,NONE
1074,17.900503,0.015570,-8949.95,-132.493,83.529526,0,0,0,0,3.1744294,-3.108756,none,true,0,0,0,Stand,17.963985,,,,1,0->0:Exact,NONE
1075,17.916073,0.016954,-8949.95,-132.493,83.529526,0,0,0,0,3.1744294,-3.108756,none,true,0,0,0,Stand,17.98094,,,,1,0->0:Exact,NONE
1076,17.933027,0.016484,-8949.95,-132.493,83.529526,0,0,0,0,3.1744294,-3.108756,none,true,0,0,0,Stand,17.997423,,,,1,0->0:Exact,NONE
1077,17.949510,0.016933,-8949.95,-132.493,83.529526,0,0,0,0,3.1744294,-3.108756,none,true,0,0,0,Stand,18.014357,,,,1,0->0:Exact,NONE
1078,17.966444,0.016606,-8949.95,-132.493,83.529526,0,0,0,0,3.1744294,-3.108756,none,true,0,0,0,Stand,18.030962,,,,1,0->0:Exact,NONE
1079,17.983049,0.016739,-8949.95,-132.493,83.529526,0,0,0,0,3.1744294,-3.108756,none,true,0,0,0,Stand,18.0477,,,,1,0->0:Exact,NONE
1080,17.999788,0.016994,-8949.95,-132.493,83.529526,0,0,0,0,3.1744294,-3.108756,none,true,0,0,0,Stand,18.064695,,,,1,0->0:Exact,NONE
1081,18.016782,0.016531,-8949.95,-132.493,83.529526,0,0,0,0,3.1744294,-3.108756,none,true,0,0,0,Stand,18.081226,,,,1,0->0:Exact,NONE
1082,18.033314,0.016494,-8949.95,-132.493,83.529526,0,0,0,0,3.1744294,-3.108756,none,true,0,0,0,Stand,18.097721,,,,1,0->0:Exact,NONE
1083,18.049807,0.017177,-8949.95,-132.493,83.529526,0,0,0,0,3.1744294,-3.108756,none,true,0,0,0,Stand,18.114899,,,,1,0->0:Exact,NONE
1084,18.066985,0.015881,-8949.95,-132.493,83.529526,0,0,0,0,3.1744294,-3.108756,none,true,0,0,0,Stand,18.13078,,,,1,0->0:Exact,NONE
1085,18.082866,0.017508,-8949.95,-132.493,83.529526,0,0,0,0,3.1744294,-3.108756,none,true,0,0,0,Stand,18.148287,,,,1,0->0:Exact,NONE
1086,18.100374,0.015978,-8949.95,-132.493,83.529526,0,0,0,0,3.1744294,-3.108756,none,true,0,0,0,Stand,18.164265,,,,1,0->0:Exact,NONE
1087,18.116352,0.016599,-8949.95,-132.493,83.529526,0,0,0,0,3.1744294,-3.108756,none,true,0,0,0,Stand,18.180864,,,,1,0->0:Exact,NONE
1088,18.132951,0.016656,-8949.95,-132.493,83.529526,0,0,0,0,3.1744294,-3.108756,none,true,0,0,0,Stand,18.197521,,,,1,0->0:Exact,NONE
1089,18.149608,0.016656,-8949.95,-132.493,83.529526,0,0,0,0,3.1744294,-3.108756,none,true,0,0,0,Stand,18.214178,,,,1,0->0:Exact,NONE
1090,18.166264,0.016839,-8949.95,-132.493,83.529526,0,0,0,0,3.1744294,-3.108756,none,true,0,0,0,Stand,18.231016,,,,1,0->0:Exact,NONE
1091,18.183102,0.017252,-8949.95,-132.493,83.529526,0,0,0,0,3.1744294,-3.108756,none,true,0,0,0,Stand,18.248268,,,,1,0->0:Exact,NONE
1092,18.200354,0.016125,-8949.95,-132.493,83.529526,0,0,0,0,3.1744294,-3.108756,none,true,0,0,0,Stand,18.264393,,,,1,0->0:Exact,NONE
1093,18.216479,0.016616,-8949.95,-132.493,83.529526,0,0,0,0,3.1744294,-3.108756,none,true,0,0,0,Stand,18.28101,,,,1,0->0:Exact,NONE
1094,18.233095,0.016821,-8949.95,-132.493,83.529526,0,0,0,0,3.1744294,-3.108756,none,true,0,0,0,Stand,18.29783,,,,1,0->0:Exact,NONE
1095,18.249916,0.016732,-8949.95,-132.493,83.529526,0,0,0,0,3.1744294,-3.108756,none,true,0,0,0,Stand,18.314562,,,,1,0->0:Exact,NONE
1096,18.266648,0.016533,-8949.95,-132.493,83.529526,0,0,0,0,3.1744294,-3.108756,none,true,0,0,0,Stand,18.331095,,,,1,0->0:Exact,NONE
1097,18.283181,0.016749,-8949.95,-132.493,83.529526,0,0,0,0,3.1744294,-3.108756,none,true,0,0,0,Stand,18.347843,,,,1,0->0:Exact,NONE
1098,18.299930,0.016555,-8949.95,-132.493,83.529526,0,0,0,0,3.1744294,-3.108756,none,true,0,0,0,Stand,18.364397,,,,1,0->0:Exact,NONE
1099,18.316485,0.016594,-8949.95,-132.493,83.529526,0,0,0,0,3.1744294,-3.108756,none,true,0,0,0,Stand,18.380991,,,,1,0->0:Exact,NONE
1100,18.333078,0.016673,-8949.95,-132.493,83.529526,0,0,0,0,3.1744294,-3.108756,none,true,0,0,0,Stand,18.397665,,,,1,0->0:Exact,NONE
1101,18.349752,0.016657,-8949.95,-132.493,83.529526,0,0,0,0,3.1744294,-3.108756,none,true,0,0,0,Stand,18.414322,,,,1,0->0:Exact,NONE
1102,18.366409,0.016826,-8949.95,-132.493,83.529526,0,0,0,0,3.1744294,-3.108756,none,true,0,0,0,Stand,18.431149,,,,1,0->0:Exact,NONE
1103,18.383235,0.016729,-8949.95,-132.493,83.529526,0,0,0,0,3.1744294,-3.108756,none,true,0,0,0,Stand,18.447878,,,,1,0->0:Exact,NONE
1104,18.399964,0.016533,-8949.95,-132.493,83.529526,0,0,0,0,3.1744294,-3.108756,none,true,0,0,0,Stand,18.46441,,,,1,0->0:Exact,NONE
1105,18.416497,0.016588,-8949.95,-132.493,83.529526,0,0,0,0,3.1744294,-3.108756,none,true,0,0,0,Stand,18.480999,,,,1,0->0:Exact,NONE
1106,18.433085,0.016727,-8949.95,-132.493,83.529526,0,0,0,0,3.1744294,-3.108756,none,true,0,0,0,Stand,18.497726,,,,1,0->0:Exact,NONE
1107,18.449812,0.016985,-8949.95,-132.493,83.529526,0,0,0,0,3.1744294,-3.108756,none,true,0,0,0,Stand,18.514711,,,,1,0->0:Exact,NONE
1108,18.466798,0.016784,-8949.95,-132.493,83.529526,0,0,0,0,3.1744294,-3.108756,none,true,0,0,0,Stand,18.531496,,,,1,0->0:Exact,NONE
1109,18.483582,0.017367,-8949.95,-132.493,83.529526,0,0,0,0,3.1744294,-3.108756,none,true,0,0,0,Stand,18.548862,,,,1,0->0:Exact,NONE
1110,18.500949,0.015751,-8949.95,-132.493,83.529526,0,0,0,0,3.1744294,-3.108756,none,true,0,0,0,Stand,18.564613,,,,1,0->0:Exact,NONE
1111,18.516700,0.016587,-8949.95,-132.493,83.529526,0,0,0,0,3.1744294,-3.108756,none,true,0,0,0,Stand,18.5812,,,,1,0->0:Exact,NONE
1112,18.533286,0.016684,-8949.95,-132.493,83.529526,0,0,0,0,3.1744294,-3.108756,none,true,0,0,0,Stand,18.597883,,,,1,0->0:Exact,NONE
1113,18.549971,0.016998,-8949.95,-132.493,83.529526,0,0,0,0,3.1744294,-3.108756,none,true,0,0,0,Stand,18.614882,,,,1,0->0:Exact,NONE
1114,18.566969,0.016534,-8949.95,-132.493,83.529526,0,0,0,0,3.1744294,-3.108756,none,true,0,0,0,Stand,18.631416,,,,1,0->0:Exact,NONE
1115,18.583503,0.016612,-8949.95,-132.493,83.529526,0,0,0,0,3.1744294,-3.108756,none,true,0,0,0,Stand,18.648027,,,,1,0->0:Exact,NONE
1116,18.600115,0.016983,-8949.95,-132.493,83.529526,0,0,0,0,3.1744294,-3.108756,none,true,0,0,0,Stand,18.66501,,,,1,0->0:Exact,NONE
1117,18.617098,0.016680,-8949.95,-132.493,83.529526,0,0,0,0,3.1744294,-3.108756,none,true,0,0,0,Stand,18.68169,,,,1,0->0:Exact,NONE
1118,18.633778,0.016460,-8949.95,-132.493,83.529526,0,0,0,0,3.1744294,-3.108756,none,true,0,0,0,Stand,18.69815,,,,1,0->0:Exact,NONE
1119,18.650238,0.016595,-8949.95,-132.493,83.529526,0,0,0,0,3.1744294,-3.108756,none,true,0,0,0,Stand,18.714746,,,,1,0->0:Exact,NONE
1120,18.666834,0.016757,-8949.95,-132.493,83.529526,0,0,0,0,3.1744294,-3.108756,none,true,0,0,0,Stand,18.731504,,,,1,0->0:Exact,NONE
1121,18.683591,0.016424,-8949.95,-132.493,83.529526,0,0,0,0,3.1744294,-3.108756,none,true,0,0,0,Stand,18.747929,,,,1,0->0:Exact,NONE
1122,18.700015,0.016786,-8949.95,-132.493,83.529526,0,0,0,0,3.1744294,-3.108756,none,true,0,0,0,Stand,18.764715,,,,1,0->0:Exact,NONE
1123,18.716801,0.016909,-8949.95,-132.493,83.529526,0,0,0,0,3.1744294,-3.108756,none,true,0,0,0,Stand,18.781624,,,,1,0->0:Exact,NONE
1124,18.733710,0.016449,-8949.95,-132.493,83.529526,0,0,0,0,3.1744294,-3.108756,none,true,0,0,0,Stand,18.798073,,,,1,0->0:Exact,NONE
1125,18.750159,0.016822,-8949.95,-132.493,83.529526,0,0,0,0,3.1744294,-3.108756,none,true,0,0,0,Stand,18.814896,,,,1,0->0:Exact,NONE
1126,18.766982,0.016447,-8949.95,-132.493,83.529526,0,0,0,0,3.1744294,-3.108756,none,true,0,0,0,Stand,18.831343,,,,1,0->0:Exact,NONE
1127,18.783429,0.017941,-8949.95,-132.493,83.529526,0,0,0,0,3.1744294,-3.108756,none,true,0,0,0,Stand,18.849283,,,,1,0->0:Exact,NONE
1128,18.801370,0.015541,-8949.95,-132.493,83.529526,0,0,0,0,3.1744294,-3.108756,none,true,0,0,0,Stand,18.864824,,,,1,0->0:Exact,NONE
1129,18.816911,0.016656,-8949.95,-132.493,83.529526,0,0,0,0,3.1744294,-3.108756,none,true,0,0,0,Stand,18.881481,,,,1,0->0:Exact,NONE
1130,18.833568,0.016712,-8949.95,-132.493,83.529526,0,0,0,0,3.1744294,-3.108756,none,true,0,0,0,Stand,18.898193,,,,1,0->0:Exact,NONE
1131,18.850280,0.016659,-8949.95,-132.493,83.529526,0,0,0,0,3.1744294,-3.108756,none,true,0,0,0,Stand,18.914852,,,,1,0->0:Exact,NONE
1132,18.866939,0.016603,-8949.95,-132.493,83.529526,0,0,0,0,3.1744294,-3.108756,none,true,0,0,0,Stand,18.931456,,,,1,0->0:Exact,NONE
1133,18.883542,0.016803,-8949.95,-132.493,83.529526,0,0,0,0,3.1744294,-3.108756,none,true,0,0,0,Stand,18.94826,,,,1,0->0:Exact,NONE
1134,18.900345,0.016591,-8949.95,-132.493,83.529526,0,0,0,0,3.1744294,-3.108756,none,true,0,0,0,Stand,18.96485,,,,1,0->0:Exact,NONE
1135,18.916936,0.016611,-8949.95,-132.493,83.529526,0,0,0,0,3.1744294,-3.108756,none,true,0,0,0,Stand,18.98146,,,,1,0->0:Exact,NONE
1136,18.933547,0.016709,-8949.95,-132.493,83.529526,0,0,0,0,3.1744294,-3.108756,none,true,0,0,0,Stand,18.998169,,,,1,0->0:Exact,NONE
1137,18.950256,0.016734,-8949.95,-132.493,83.529526,0,0,0,0,3.1744294,-3.108756,none,true,0,0,0,Stand,19.014902,,,,1,0->0:Exact,NONE
1138,18.966989,0.016714,-8949.95,-132.493,83.529526,0,0,0,0,3.1744294,-3.108756,none,true,0,0,0,Stand,19.031616,,,,1,0->0:Exact,NONE
1139,18.983704,0.016623,-8949.95,-132.493,83.529526,0,0,0,0,3.1744294,-3.108756,none,true,0,0,0,Stand,19.048239,,,,1,0->0:Exact,NONE
1140,19.000327,0.016633,-8949.95,-132.493,83.529526,0,0,0,0,3.1744294,-3.108756,none,true,0,0,0,Stand,19.06487,,,,1,0->0:Exact,NONE
1141,19.016959,0.017164,-8949.95,-132.493,83.529526,0,0,0,0,3.1744294,-3.108756,none,true,0,0,0,Stand,19.082035,,,,1,0->0:Exact,NONE
1142,19.034123,0.016362,-8949.95,-132.493,83.529526,0,0,0,0,3.1744294,-3.108756,none,true,0,0,0,Stand,19.098396,,,,1,0->0:Exact,NONE
1143,19.050485,0.016516,-8949.95,-132.493,83.529526,0,0,0,0,3.1744294,-3.108756,none,true,0,0,0,Stand,19.114912,,,,1,0->0:Exact,NONE
1144,19.067001,0.016653,-8949.95,-132.493,83.529526,0,0,0,0,3.1744294,-3.108756,none,true,0,0,0,Stand,19.131565,,,,1,0->0:Exact,NONE
1145,19.083654,0.017930,-8949.95,-132.493,83.529526,0,0,0,0,3.1744294,-3.108756,none,true,0,0,0,Stand,19.149496,,,,1,0->0:Exact,NONE
1146,19.101585,0.015555,-8949.95,-132.493,83.529526,0,0,0,0,3.1744294,-3.108756,none,true,0,0,0,Stand,19.16505,,,,1,0->0:Exact,NONE
1147,19.117140,0.016862,-8949.95,-132.493,83.529526,0,0,0,0,3.1744294,-3.108756,none,true,0,0,0,Stand,19.181913,,,,1,0->0:Exact,NONE
1148,19.134002,0.016844,-8949.95,-132.493,83.529526,0,0,0,0,3.1744294,-3.108756,none,true,0,0,0,Stand,19.198757,,,,1,0->0:Exact,NONE
1149,19.150847,0.016470,-8949.95,-132.493,83.529526,0,0,0,0,3.1744294,-3.108756,none,true,0,0,0,Stand,19.215227,,,,1,0->0:Exact,NONE
1150,19.167317,0.016946,-8949.95,-132.493,83.529526,0,0,0,0,3.1744294,-3.108756,none,true,0,0,0,Stand,19.232174,,,,1,0->0:Exact,NONE
1151,19.184263,0.016326,-8949.95,-132.493,83.529526,0,0,0,0,3.1744294,-3.108756,none,true,0,0,0,Stand,19.2485,,,,1,0->0:Exact,NONE
1152,19.200589,0.016898,-8949.95,-132.493,83.529526,0,0,0,0,3.1744294,-3.108756,none,true,0,0,0,Stand,19.2654,,,,1,0->0:Exact,NONE
1153,19.217488,0.016462,-8949.95,-132.493,83.529526,0,0,0,0,3.1744294,-3.108756,none,true,0,0,0,Stand,19.281862,,,,1,0->0:Exact,NONE
1154,19.233949,0.016901,-8949.95,-132.493,83.529526,0,0,0,0,3.1744294,-3.108756,none,true,0,0,0,Stand,19.298763,,,,1,0->0:Exact,NONE
1155,19.250851,0.016413,-8949.95,-132.493,83.529526,0,0,0,0,3.1744294,-3.108756,none,true,0,0,0,Stand,19.315176,,,,1,0->0:Exact,NONE
1156,19.267263,0.016663,-8949.95,-132.493,83.529526,0,0,0,0,3.1744294,-3.108756,none,true,0,0,0,Stand,19.331839,,,,1,0->0:Exact,NONE
1157,19.283926,0.016732,-8949.95,-132.493,83.529526,0,0,0,0,3.1744294,-3.108756,none,true,0,0,0,Stand,19.34857,,,,1,0->0:Exact,NONE
1158,19.300658,0.016847,-8949.95,-132.493,83.529526,0,0,0,0,3.1744294,-3.108756,none,true,0,0,0,Stand,19.365416,,,,1,0->0:Exact,NONE
1159,19.317504,0.016471,-8949.95,-132.493,83.529526,0,0,0,0,3.1744294,-3.108756,none,true,0,0,0,Stand,19.381886,,,,1,0->0:Exact,NONE
1160,19.333975,0.016673,-8949.95,-132.493,83.529526,0,0,0,0,3.1744294,-3.108756,none,true,0,0,0,Stand,19.398558,,,,1,0->0:Exact,NONE
1161,19.350648,0.016829,-8949.95,-132.493,83.529526,0,0,0,0,3.1744294,-3.108756,none,true,0,0,0,Stand,19.415386,,,,1,0->0:Exact,NONE
1162,19.367477,0.016960,-8949.95,-132.493,83.529526,0,0,0,0,3.1744294,-3.108756,none,true,0,0,0,Stand,19.432346,,,,1,0->0:Exact,NONE
1163,19.384437,0.017854,-8949.95,-132.493,83.529526,0,0,0,0,3.1744294,-3.108756,none,true,0,0,0,Stand,19.450201,,,,1,0->0:Exact,NONE
1164,19.402291,0.014931,-8949.95,-132.493,83.529526,0,0,0,0,3.1744294,-3.108756,none,true,0,0,0,Stand,19.465132,,,,1,0->0:Exact,NONE
1165,19.417222,0.016689,-8949.95,-132.493,83.529526,0,0,0,0,3.1744294,-3.108756,none,true,0,0,0,Stand,19.481821,,,,1,0->0:Exact,NONE
1166,19.433911,0.016814,-8949.95,-132.493,83.529526,0,0,0,0,3.1744294,-3.108756,none,true,0,0,0,Stand,19.498636,,,,1,0->0:Exact,NONE
1167,19.450725,0.017222,-8949.95,-132.493,83.529526,0,0,0,0,3.1744294,-3.108756,none,true,0,0,0,Stand,19.515858,,,,1,0->0:Exact,NONE
1168,19.467947,0.016180,-8949.95,-132.493,83.529526,0,0,0,0,3.1744294,-3.108756,none,true,0,0,0,Stand,19.532038,,,,1,0->0:Exact,NONE
1169,19.484126,0.016526,-8949.95,-132.493,83.529526,0,0,0,0,3.1744294,-3.108756,none,true,0,0,0,Stand,19.548563,,,,1,0->0:Exact,NONE
1170,19.500652,0.016809,-8949.95,-132.493,83.529526,0,0,0,0,3.1744294,-3.108756,none,true,0,0,0,Stand,19.565372,,,,1,0->0:Exact,NONE
1171,19.517462,0.016938,-8949.95,-132.493,83.529526,0,0,0,0,3.1744294,-3.108756,none,true,0,0,0,Stand,19.582312,,,,1,0->0:Exact,NONE
1172,19.534400,0.016309,-8949.95,-132.493,83.529526,0,0,0,0,3.1744294,-3.108756,none,true,0,0,0,Stand,19.598621,,,,1,0->0:Exact,NONE
1173,19.550709,0.016875,-8949.95,-132.493,83.529526,0,0,0,0,3.1744294,-3.108756,none,true,0,0,0,Stand,19.615498,,,,1,0->0:Exact,NONE
1174,19.567585,0.016807,-8949.95,-132.493,83.529526,0,0,0,0,3.1744294,-3.108756,none,true,0,0,0,Stand,19.632305,,,,1,0->0:Exact,NONE
1175,19.584392,0.016710,-8949.95,-132.493,83.529526,0,0,0,0,3.1744294,-3.108756,none,true,0,0,0,Stand,19.649015,,,,1,0->0:Exact,NONE
1176,19.601101,0.016639,-8949.95,-132.493,83.529526,0,0,0,0,3.1744294,-3.108756,none,true,0,0,0,Stand,19.665655,,,,1,0->0:Exact,NONE
1177,19.617741,0.016728,-8949.95,-132.493,83.529526,0,0,0,0,3.1744294,-3.108756,none,true,0,0,0,Stand,19.682383,,,,1,0->0:Exact,NONE
1178,19.634469,0.016668,-8949.95,-132.493,83.529526,0,0,0,0,3.1744294,-3.108756,none,true,0,0,0,Stand,19.69905,,,,1,0->0:Exact,NONE
1179,19.651137,0.016643,-8949.95,-132.493,83.529526,0,0,0,0,3.1744294,-3.108756,none,true,0,0,0,Stand,19.715694,,,,1,0->0:Exact,NONE
1180,19.667780,0.016474,-8949.95,-132.493,83.529526,0,0,0,0,3.1744294,-3.108756,none,true,0,0,0,Stand,19.732168,,,,1,0->0:Exact,NONE
1181,19.684254,0.018109,-8949.95,-132.493,83.529526,0,0,0,0,3.1744294,-3.108756,none,true,0,0,0,Stand,19.750277,,,,1,0->0:Exact,NONE
1182,19.702363,0.015119,-8949.95,-132.493,83.529526,0,0,0,0,3.1744294,-3.108756,none,true,0,0,0,Stand,19.765396,,,,1,0->0:Exact,NONE
1183,19.717482,0.017057,-8949.95,-132.493,83.529526,0,0,0,0,3.1744294,-3.108756,none,true,0,0,0,Stand,19.782454,,,,1,0->0:Exact,NONE
1184,19.734539,0.016421,-8949.95,-132.493,83.529526,0,0,0,0,3.1744294,-3.108756,none,true,0,0,0,Stand,19.798874,,,,1,0->0:Exact,NONE
1185,19.750960,0.016833,-8949.95,-132.493,83.529526,0,0,0,0,3.1744294,-3.108756,none,true,0,0,0,Stand,19.815708,,,,1,0->0:Exact,NONE
1186,19.767793,0.016427,-8949.95,-132.493,83.529526,0,0,0,0,3.1744294,-3.108756,none,true,0,0,0,Stand,19.832134,,,,1,0->0:Exact,NONE
1187,19.784220,0.017003,-8949.95,-132.493,83.529526,0,0,0,0,3.1744294,-3.108756,none,true,0,0,0,Stand,19.849138,,,,1,0->0:Exact,NONE
1188,19.801223,0.017081,-8949.95,-132.493,83.529526,0,0,0,0,3.1744294,-3.108756,none,true,0,0,0,Stand,19.866219,,,,1,0->0:Exact,NONE
1189,19.818304,0.016057,-8949.95,-132.493,83.529526,0,0,0,0,3.1744294,-3.108756,none,true,0,0,0,Stand,19.882275,,,,1,0->0:Exact,NONE
1190,19.834361,0.016624,-8949.95,-132.493,83.529526,0,0,0,0,3.1744294,-3.108756,none,true,0,0,0,Stand,19.8989,,,,1,0->0:Exact,NONE
1191,19.850986,0.016910,-8949.95,-132.493,83.529526,0,0,0,0,3.1744294,-3.108756,none,true,0,0,0,Stand,19.915808,,,,1,0->0:Exact,NONE
1192,19.867895,0.016870,-8949.95,-132.493,83.529526,0,0,0,0,3.1744294,-3.108756,none,true,0,0,0,Stand,19.932678,,,,1,0->0:Exact,NONE
1193,19.884765,0.016206,-8949.95,-132.493,83.529526,0,0,0,0,3.1744294,-3.108756,none,true,0,0,0,Stand,19.948885,,,,1,0->0:Exact,NONE
1194,19.900971,0.017073,-8949.95,-132.493,83.529526,0,0,0,0,3.1744294,-3.108756,none,true,0,0,0,Stand,19.965958,,,,1,0->0:Exact,NONE
1195,19.918044,0.016430,-8949.95,-132.493,83.529526,0,0,0,0,3.1744294,-3.108756,none,true,0,0,0,Stand,19.982388,,,,1,0->0:Exact,NONE
1196,19.934474,0.016665,-8949.95,-132.493,83.529526,0,0,0,0,3.1744294,-3.108756,none,true,0,0,0,Stand,19.999052,,,,1,0->0:Exact,NONE
1197,19.951139,0.016816,-8949.95,-132.493,83.529526,0,0,0,0,3.1744294,-3.108756,none,true,0,0,0,Stand,20.015867,,,,1,0->0:Exact,NONE
1198,19.967955,0.016725,-8949.95,-132.493,83.529526,0,0,0,0,3.1744294,-3.108756,none,true,0,0,0,Stand,20.032593,,,,1,0->0:Exact,NONE
1199,19.984680,0.017930,-8949.95,-132.493,83.529526,0,0,0,0,3.1744294,-3.108756,none,true,0,0,0,Stand,20.050524,,,,1,0->0:Exact,NONE
1200,20.002611,0.015384,-8949.95,-132.493,83.529526,0,0,0,0,3.1744294,-3.108756,none,true,0,0,0,Stand,20.065907,,,,1,0->0:Exact,NONE
1201,20.017994,0.016636,-8949.95,-132.493,83.529526,0,0,0,0,3.1744294,-3.108756,none,true,0,0,0,Stand,20.082542,,,,1,0->0:Exact,NONE
1202,20.034631,0.016775,-8949.95,-132.493,83.529526,0,0,0,0,3.1744294,-3.108756,none,true,0,0,0,Stand,20.099318,,,,1,0->0:Exact,NONE
1203,20.051406,0.016417,-8949.95,-132.493,83.529526,0,0,0,0,3.1744294,-3.108756,none,true,0,0,0,Stand,20.115734,,,,1,0->0:Exact,NONE
1204,20.067823,0.016791,-8949.95,-132.493,83.529526,0,0,0,0,3.1744294,-3.108756,none,true,0,0,0,Stand,20.132524,,,,1,0->0:Exact,NONE
1205,20.084614,0.016756,-8949.95,-132.493,83.529526,0,0,0,0,3.1744294,-3.108756,none,true,0,0,0,Stand,20.14928,,,,1,0->0:Exact,NONE
1206,20.101370,0.016553,-8949.95,-132.493,83.529526,0,0,0,0,3.1744294,-3.108756,none,true,0,0,0,Stand,20.165834,,,,1,0->0:Exact,NONE
1207,20.117923,0.016833,-8949.95,-132.493,83.529526,0,0,0,0,3.1744294,-3.108756,none,true,0,0,0,Stand,20.182667,,,,1,0->0:Exact,NONE
1208,20.134756,0.016665,-8949.95,-132.493,83.529526,0,0,0,0,3.1744294,-3.108756,none,true,0,0,0,Stand,20.199331,,,,1,0->0:Exact,NONE
1209,20.151421,0.016640,-8949.95,-132.493,83.529526,0,0,0,0,3.1744294,-3.108756,none,true,0,0,0,Stand,20.215971,,,,1,0->0:Exact,NONE
1210,20.168062,0.017117,-8949.95,-132.493,83.529526,0,0,0,0,3.1744294,-3.108756,none,true,0,0,0,Stand,20.233088,,,,1,0->0:Exact,NONE
1211,20.185178,0.016173,-8949.95,-132.493,83.529526,0,0,0,0,3.1744294,-3.108756,none,true,0,0,0,Stand,20.24926,,,,1,0->0:Exact,NONE
1212,20.201351,0.016686,-8949.95,-132.493,83.529526,0,0,0,0,3.1744294,-3.108756,none,true,0,0,0,Stand,20.265945,,,,1,0->0:Exact,NONE
1213,20.218037,0.016553,-8949.95,-132.493,83.529526,0,0,0,0,3.1744294,-3.108756,none,true,0,0,0,Stand,20.282497,,,,1,0->0:Exact,NONE
1214,20.234590,0.016805,-8949.95,-132.493,83.529526,0,0,0,0,3.1744294,-3.108756,none,true,0,0,0,Stand,20.299303,,,,1,0->0:Exact,NONE
1215,20.251395,0.016592,-8949.95,-132.493,83.529526,0,0,0,0,3.1744294,-3.108756,none,true,0,0,0,Stand,20.315895,,,,1,0->0:Exact,NONE
1216,20.267987,0.016758,-8949.95,-132.493,83.529526,0,0,0,0,3.1744294,-3.108756,none,true,0,0,0,Stand,20.332653,,,,1,0->0:Exact,NONE
1217,20.284744,0.018320,-8949.95,-132.493,83.529526,0,0,0,0,3.1744294,-3.108756,none,true,0,0,0,Stand,20.350973,,,,1,0->0:Exact,NONE
1218,20.303065,0.014911,-8949.95,-132.493,83.529526,0,0,0,0,3.1744294,-3.108756,none,true,0,0,0,Stand,20.365885,,,,1,0->0:Exact,NONE
1219,20.317976,0.016667,-8949.95,-132.493,83.529526,0,0,0,0,3.1744294,-3.108756,none,true,0,0,0,Stand,20.382551,,,,1,0->0:Exact,NONE
1220,20.334643,0.016878,-8949.95,-132.493,83.529526,0,0,0,0,3.1744294,-3.108756,none,true,0,0,0,Stand,20.39943,,,,1,0->0:Exact,NONE
1221,20.351521,0.016945,-8949.95,-132.493,83.529526,0,0,0,0,3.1744294,-3.108756,none,true,0,0,0,Stand,20.416374,,,,1,0->0:Exact,NONE
1222,20.368465,0.016275,-8949.95,-132.493,83.529526,0,0,0,0,3.1744294,-3.108756,none,true,0,0,0,Stand,20.43265,,,,1,0->0:Exact,NONE
1223,20.384740,0.016972,-8949.95,-132.493,83.529526,0,0,0,0,3.1744294,-3.108756,none,true,0,0,0,Stand,20.449621,,,,1,0->0:Exact,NONE
1224,20.401712,0.016613,-8949.95,-132.493,83.529526,0,0,0,0,3.1744294,-3.108756,none,true,0,0,0,Stand,20.466234,,,,1,0->0:Exact,NONE
1225,20.418325,0.016498,-8949.95,-132.493,83.529526,0,0,0,0,3.1744294,-3.108756,none,true,0,0,0,Stand,20.48273,,,,1,0->0:Exact,NONE
1226,20.434822,0.016656,-8949.95,-132.493,83.529526,0,0,0,0,3.1744294,-3.108756,none,true,0,0,0,Stand,20.499386,,,,1,0->0:Exact,NONE
1227,20.451478,0.016866,-8949.95,-132.493,83.529526,0,0,0,0,3.1744294,-3.108756,none,true,0,0,0,Stand,20.516253,,,,1,0->0:Exact,NONE
1228,20.468344,0.016995,-8949.95,-132.493,83.529526,0,0,0,0,3.1744294,-3.108756,none,true,0,0,0,Stand,20.533247,,,,1,0->0:Exact,NONE
1229,20.485338,0.017145,-8949.95,-132.493,83.529526,0,0,0,0,3.1744294,-3.108756,none,true,0,0,0,Stand,20.550392,,,,1,0->0:Exact,NONE
1230,20.502483,0.015840,-8949.95,-132.493,83.529526,0,0,0,0,3.1744294,-3.108756,none,true,0,0,0,Stand,20.566233,,,,1,0->0:Exact,NONE
1231,20.518323,0.016645,-8949.95,-132.493,83.529526,0,0,0,0,3.1744294,-3.108756,none,true,0,0,0,Stand,20.582878,,,,1,0->0:Exact,NONE
1232,20.534968,0.016891,-8949.95,-132.493,83.529526,0,0,0,0,3.1744294,-3.108756,none,true,0,0,0,Stand,20.59977,,,,1,0->0:Exact,NONE
1233,20.551859,0.016457,-8949.95,-132.493,83.529526,0,0,0,0,3.1744294,-3.108756,none,true,0,0,0,Stand,20.616226,,,,1,0->0:Exact,NONE
1234,20.568316,0.016881,-8949.95,-132.493,83.529526,0,0,0,0,3.1744294,-3.108756,none,true,0,0,0,Stand,20.633108,,,,1,0->0:Exact,NONE
1235,20.585197,0.016926,-8949.95,-132.493,83.529526,0,0,0,0,3.1744294,-3.108756,none,true,0,0,0,Stand,20.650034,,,,1,0->0:Exact,NONE
1236,20.602124,0.016485,-8949.95,-132.493,83.529526,0,0,0,0,3.1744294,-3.108756,none,true,0,0,0,Stand,20.66652,,,,1,0->0:Exact,NONE
1237,20.618609,0.016712,-8949.95,-132.493,83.529526,0,0,0,0,3.1744294,-3.108756,none,true,0,0,0,Stand,20.683231,,,,1,0->0:Exact,NONE
1238,20.635321,0.016442,-8949.95,-132.493,83.529526,0,0,0,0,3.1744294,-3.108756,none,true,0,0,0,Stand,20.699673,,,,1,0->0:Exact,NONE
1239,20.651763,0.016872,-8949.95,-132.493,83.529526,0,0,0,0,3.1744294,-3.108756,none,true,0,0,0,Stand,20.716545,,,,1,0->0:Exact,NONE
1240,20.668634,0.016399,-8949.95,-132.493,83.529526,0,0,0,0,3.1744294,-3.108756,none,true,0,0,0,Stand,20.732944,,,,1,0->0:Exact,NONE
1241,20.685033,0.016839,-8949.95,-132.493,83.529526,0,0,0,0,3.1744294,-3.108756,none,true,0,0,0,Stand,20.749784,,,,1,0->0:Exact,NONE
1242,20.701872,0.016588,-8949.95,-132.493,83.529526,0,0,0,0,3.1744294,-3.108756,none,true,0,0,0,Stand,20.766373,,,,1,0->0:Exact,NONE
1243,20.718461,0.016745,-8949.95,-132.493,83.529526,0,0,0,0,3.1744294,-3.108756,none,true,0,0,0,Stand,20.783117,,,,1,0->0:Exact,NONE
1244,20.735206,0.016519,-8949.95,-132.493,83.529526,0,0,0,0,3.1744294,-3.108756,none,true,0,0,0,Stand,20.799637,,,,1,0->0:Exact,NONE
1245,20.751725,0.016916,-8949.95,-132.493,83.529526,0,0,0,0,3.1744294,-3.108756,none,true,0,0,0,Stand,20.816553,,,,1,0->0:Exact,NONE
1246,20.768641,0.016665,-8949.95,-132.493,83.529526,0,0,0,0,3.1744294,-3.108756,none,true,0,0,0,Stand,20.833218,,,,1,0->0:Exact,NONE
1247,20.785306,0.017477,-8949.95,-132.493,83.529526,0,0,0,0,3.1744294,-3.108756,none,true,0,0,0,Stand,20.850695,,,,1,0->0:Exact,NONE
1248,20.802784,0.015997,-8949.95,-132.493,83.529526,0,0,0,0,3.1744294,-3.108756,none,true,0,0,0,Stand,20.866692,,,,1,0->0:Exact,NONE
1249,20.818781,0.016273,-8949.95,-132.493,83.529526,0,0,0,0,3.1744294,-3.108756,none,true,0,0,0,Stand,20.882965,,,,1,0->0:Exact,NONE
1250,20.835054,0.016895,-8949.95,-132.493,83.529526,0,0,0,0,3.1744294,-3.108756,none,true,0,0,0,Stand,20.89986,,,,1,0->0:Exact,NONE
1251,20.851949,0.016613,-8949.95,-132.493,83.529526,0,0,0,0,3.1744294,-3.108756,none,true,0,0,0,Stand,20.916473,,,,1,0->0:Exact,NONE
1252,20.868563,0.016629,-8949.95,-132.493,83.529526,0,0,0,0,3.1744294,-3.108756,none,true,0,0,0,Stand,20.933102,,,,1,0->0:Exact,NONE
1253,20.885192,0.016653,-8949.95,-132.493,83.529526,0,0,0,0,3.1744294,-3.108756,none,true,0,0,0,Stand,20.949755,,,,1,0->0:Exact,NONE
1254,20.901845,0.016899,-8949.95,-132.493,83.529526,0,0,0,0,3.1744294,-3.108756,none,true,0,0,0,Stand,20.966654,,,,1,0->0:Exact,NONE
1255,20.918744,0.016558,-8949.95,-132.493,83.529526,0,0,0,0,3.1744294,-3.108756,none,true,0,0,0,Stand,20.983212,,,,1,0->0:Exact,NONE
1256,20.935302,0.016640,-8949.95,-132.493,83.529526,0,0,0,0,3.1744294,-3.108756,none,true,0,0,0,Stand,20.999851,,,,1,0->0:Exact,NONE
1257,20.951942,0.016674,-8949.95,-132.493,83.529526,0,0,0,0,3.1744294,-3.108756,none,true,0,0,0,Stand,21.016525,,,,1,0->0:Exact,NONE
1258,20.968616,0.016866,-8949.95,-132.493,83.529526,0,0,0,0,3.1744294,-3.108756,none,true,0,0,0,Stand,21.03339,,,,1,0->0:Exact,NONE
1259,20.985481,0.016699,-8949.95,-132.493,83.529526,0,0,0,0,3.1744294,-3.108756,none,true,0,0,0,Stand,21.050089,,,,1,0->0:Exact,NONE
1260,21.002181,0.016562,-8949.95,-132.493,83.529526,0,0,0,0,3.1744294,-3.108756,none,true,0,0,0,Stand,21.06665,,,,1,0->0:Exact,NONE
1261,21.018743,0.016677,-8949.95,-132.493,83.529526,0,0,0,0,3.1744294,-3.108756,none,true,0,0,0,Stand,21.083326,,,,1,0->0:Exact,NONE
1262,21.035419,0.016787,-8949.95,-132.493,83.529526,0,0,0,0,3.1744294,-3.108756,none,true,0,0,0,Stand,21.100113,,,,1,0->0:Exact,NONE
1263,21.052207,0.016637,-8949.95,-132.493,83.529526,0,0,0,0,3.1744294,-3.108756,none,true,0,0,0,Stand,21.11675,,,,1,0->0:Exact,NONE
1264,21.068843,0.016641,-8949.95,-132.493,83.529526,0,0,0,0,3.1744294,-3.108756,none,true,0,0,0,Stand,21.133392,,,,1,0->0:Exact,NONE
1265,21.085485,0.017596,-8949.95,-132.493,83.529526,0,0,0,0,3.1744294,-3.108756,none,true,0,0,0,Stand,21.150988,,,,1,0->0:Exact,NONE
1266,21.103080,0.016014,-8949.95,-132.493,83.529526,0,0,0,0,3.1744294,-3.108756,none,true,0,0,0,Stand,21.167002,,,,1,0->0:Exact,NONE
1267,21.119094,0.016545,-8949.95,-132.493,83.529526,0,0,0,0,3.1744294,-3.108756,none,true,0,0,0,Stand,21.183546,,,,1,0->0:Exact,NONE
1268,21.135639,0.016803,-8949.95,-132.493,83.529526,0,0,0,0,3.1744294,-3.108756,none,true,0,0,0,Stand,21.200348,,,,1,0->0:Exact,NONE
1269,21.152442,0.016674,-8949.95,-132.493,83.529526,0,0,0,0,3.1744294,-3.108756,none,true,0,0,0,Stand,21.217022,,,,1,0->0:Exact,NONE
1270,21.169115,0.016492,-8949.95,-132.493,83.529526,0,0,0,0,3.1744294,-3.108756,none,true,0,0,0,Stand,21.233515,,,,1,0->0:Exact,NONE
1271,21.185608,0.016856,-8949.95,-132.493,83.529526,0,0,0,0,3.1744294,-3.108756,none,true,0,0,0,Stand,21.250372,,,,1,0->0:Exact,NONE
1272,21.202464,0.016927,-8949.95,-132.493,83.529526,0,0,0,0,3.1744294,-3.108756,none,true,0,0,0,Stand,21.2673,,,,1,0->0:Exact,NONE
1273,21.219391,0.016310,-8949.95,-132.493,83.529526,0,0,0,0,3.1744294,-3.108756,none,true,0,0,0,Stand,21.28361,,,,1,0->0:Exact,NONE
1274,21.235701,0.016910,-8949.95,-132.493,83.529526,0,0,0,0,3.1744294,-3.108756,none,true,0,0,0,Stand,21.30052,,,,1,0->0:Exact,NONE
1275,21.252611,0.016333,-8949.95,-132.493,83.529526,0,0,0,0,3.1744294,-3.108756,none,true,0,0,0,Stand,21.316853,,,,1,0->0:Exact,NONE
1276,21.268945,0.016742,-8949.95,-132.493,83.529526,0,0,0,0,3.1744294,-3.108756,none,true,0,0,0,Stand,21.333593,,,,1,0->0:Exact,NONE
1277,21.285686,0.016542,-8949.95,-132.493,83.529526,0,0,0,0,3.1744294,-3.108756,none,true,0,0,0,Stand,21.350136,,,,1,0->0:Exact,NONE
1278,21.302228,0.016883,-8949.95,-132.493,83.529526,0,0,0,0,3.1744294,-3.108756,none,true,0,0,0,Stand,21.36702,,,,1,0->0:Exact,NONE
1279,21.319111,0.016577,-8949.95,-132.493,83.529526,0,0,0,0,3.1744294,-3.108756,none,true,0,0,0,Stand,21.383596,,,,1,0->0:Exact,NONE
1280,21.335688,0.016713,-8949.95,-132.493,83.529526,0,0,0,0,3.1744294,-3.108756,none,true,0,0,0,Stand,21.400309,,,,1,0->0:Exact,NONE
1281,21.352401,0.016625,-8949.95,-132.493,83.529526,0,0,0,0,3.1744294,-3.108756,none,true,0,0,0,Stand,21.416933,,,,1,0->0:Exact,NONE
1282,21.369026,0.016602,-8949.95,-132.493,83.529526,0,0,0,0,3.1744294,-3.108756,none,true,0,0,0,Stand,21.433535,,,,1,0->0:Exact,NONE
1283,21.385629,0.017781,-8949.95,-132.493,83.529526,0,0,0,0,3.1744294,-3.108756,none,true,0,0,0,Stand,21.451317,,,,1,0->0:Exact,NONE
1284,21.403410,0.015538,-8949.95,-132.493,83.529526,0,0,0,0,3.1744294,-3.108756,none,true,0,0,0,Stand,21.466856,,,,1,0->0:Exact,NONE
1285,21.418948,0.016636,-8949.95,-132.493,83.529526,0,0,0,0,3.1744294,-3.108756,none,true,0,0,0,Stand,21.483492,,,,1,0->0:Exact,NONE
1286,21.435584,0.016697,-8949.95,-132.493,83.529526,0,0,0,0,3.1744294,-3.108756,none,true,0,0,0,Stand,21.500189,,,,1,0->0:Exact,NONE
1287,21.452281,0.017610,-8949.95,-132.493,83.529526,0,0,0,0,3.1744294,-3.108756,none,true,0,0,0,Stand,21.5178,,,,1,0->0:Exact,NONE
1288,21.469891,0.016364,-8949.95,-132.493,83.529526,0,0,0,0,3.1744294,-3.108756,none,true,0,0,0,Stand,21.534163,,,,1,0->0:Exact,NONE
1289,21.486254,0.016102,-8949.95,-132.493,83.529526,0,0,0,0,3.1744294,-3.108756,none,true,0,0,0,Stand,21.550264,,,,1,0->0:Exact,NONE
1290,21.502356,0.016781,-8949.95,-132.493,83.529526,0,0,0,0,3.1744294,-3.108756,none,true,0,0,0,Stand,21.567045,,,,1,0->0:Exact,NONE
1291,21.519138,0.016589,-8949.95,-132.493,83.529526,0,0,0,0,3.1744294,-3.108756,none,true,0,0,0,Stand,21.583635,,,,1,0->0:Exact,NONE
1292,21.535727,0.016731,-8949.95,-132.493,83.529526,0,0,0,0,3.1744294,-3.108756,none,true,0,0,0,Stand,21.600367,,,,1,0->0:Exact,NONE
1293,21.552458,0.016919,-8949.95,-132.493,83.529526,0,0,0,0,3.1744294,-3.108756,none,true,0,0,0,Stand,21.617285,,,,1,0->0:Exact,NONE
1294,21.569376,0.016437,-8949.95,-132.493,83.529526,0,0,0,0,3.1744294,-3.108756,none,true,0,0,0,Stand,21.633722,,,,1,0->0:Exact,NONE
1295,21.585813,0.016637,-8949.95,-132.493,83.529526,0,0,0,0,3.1744294,-3.108756,none,true,0,0,0,Stand,21.650358,,,,1,0->0:Exact,NONE
1296,21.602450,0.016971,-8949.95,-132.493,83.529526,0,0,0,0,3.1744294,-3.108756,none,true,0,0,0,Stand,21.667328,,,,1,0->0:Exact,NONE
1297,21.619420,0.016241,-8949.95,-132.493,83.529526,0,0,0,0,3.1744294,-3.108756,none,true,0,0,0,Stand,21.683569,,,,1,0->0:Exact,NONE
1298,21.635661,0.016907,-8949.95,-132.493,83.529526,0,0,0,0,3.1744294,-3.108756,none,true,0,0,0,Stand,21.700476,,,,1,0->0:Exact,NONE
1299,21.652569,0.016543,-8949.95,-132.493,83.529526,0,0,0,0,3.1744294,-3.108756,none,true,0,0,0,Stand,21.717018,,,,1,0->0:Exact,NONE
1300,21.669112,0.016865,-8949.95,-132.493,83.529526,0,0,0,0,3.1744294,-3.108756,none,true,0,0,0,Stand,21.733883,,,,1,0->0:Exact,NONE
1301,21.685977,0.017455,-8949.95,-132.493,83.529526,0,0,0,0,3.1744294,-3.108756,none,true,0,0,0,Stand,21.751337,,,,1,0->0:Exact,NONE
1302,21.703432,0.015882,-8949.95,-132.493,83.529526,0,0,0,0,3.1744294,-3.108756,none,true,0,0,0,Stand,21.76722,,,,1,0->0:Exact,NONE
1303,21.719313,0.016503,-8949.95,-132.493,83.529526,0,0,0,0,3.1744294,-3.108756,none,true,0,0,0,Stand,21.783722,,,,1,0->0:Exact,NONE
1304,21.735816,0.016961,-8949.95,-132.493,83.529526,0,0,0,0,3.1744294,-3.108756,none,true,0,0,0,Stand,21.800682,,,,1,0->0:Exact,NONE
1305,21.752777,0.016627,-8949.95,-132.493,83.529526,0,0,0,0,3.1744294,-3.108756,none,true,0,0,0,Stand,21.81731,,,,1,0->0:Exact,NONE
1306,21.769405,0.016689,-8949.95,-132.493,83.529526,0,0,0,0,3.1744294,-3.108756,none,true,0,0,0,Stand,21.834,,,,1,0->0:Exact,NONE
1307,21.786094,0.016983,-8949.95,-132.493,83.529526,0,0,0,0,3.1744294,-3.108756,none,true,0,0,0,Stand,21.850983,,,,1,0->0:Exact,NONE
1308,21.803076,0.016383,-8949.95,-132.493,83.529526,0,0,0,0,3.1744294,-3.108756,none,true,0,0,0,Stand,21.867365,,,,1,0->0:Exact,NONE
1309,21.819459,0.016564,-8949.95,-132.493,83.529526,0,0,0,0,3.1744294,-3.108756,none,true,0,0,0,Stand,21.883928,,,,1,0->0:Exact,NONE
1310,21.836023,0.016737,-8949.95,-132.493,83.529526,0,0,0,0,3.1744294,-3.108756,none,true,0,0,0,Stand,21.900665,,,,1,0->0:Exact,NONE
1311,21.852760,0.016568,-8949.95,-132.493,83.529526,0,0,0,0,3.1744294,-3.108756,none,true,0,0,0,Stand,21.917233,,,,1,0->0:Exact,NONE
1312,21.869328,0.016691,-8949.95,-132.493,83.529526,0,0,0,0,3.1744294,-3.108756,none,true,0,0,0,Stand,21.933924,,,,1,0->0:Exact,NONE
1313,21.886019,0.016714,-8949.95,-132.493,83.529526,0,0,0,0,3.1744294,-3.108756,none,true,0,0,0,Stand,21.950638,,,,1,0->0:Exact,NONE
1314,21.902733,0.016840,-8949.95,-132.493,83.529526,0,0,0,0,3.1744294,-3.108756,none,true,0,0,0,Stand,21.967478,,,,1,0->0:Exact,NONE
1315,21.919573,0.016684,-8949.95,-132.493,83.529526,0,0,0,0,3.1744294,-3.108756,none,true,0,0,0,Stand,21.984161,,,,1,0->0:Exact,NONE
1316,21.936257,0.016499,-8949.95,-132.493,83.529526,0,0,0,0,3.1744294,-3.108756,none,true,0,0,0,Stand,22.00066,,,,1,0->0:Exact,NONE
1317,21.952755,0.016808,-8949.95,-132.493,83.529526,0,0,0,0,3.1744294,-3.108756,none,true,0,0,0,Stand,22.017467,,,,1,0->0:Exact,NONE
1318,21.969563,0.016714,-8949.95,-132.493,83.529526,0,0,0,0,3.1744294,-3.108756,none,true,0,0,0,Stand,22.034182,,,,1,0->0:Exact,NONE
1319,21.986277,0.017325,-8949.95,-132.493,83.529526,0,0,0,0,3.1744294,-3.108756,none,true,0,0,0,Stand,22.051506,,,,1,0->0:Exact,NONE
1320,22.003602,0.016043,-8949.95,-132.493,83.529526,0,0,0,0,3.1744294,-3.108756,none,true,0,0,0,Stand,22.067549,,,,1,0->0:Exact,NONE
1321,22.019645,0.016640,-8949.95,-132.493,83.529526,0,0,0,0,3.1744294,-3.108756,none,true,0,0,0,Stand,22.084188,,,,1,0->0:Exact,NONE
1322,22.036286,0.016562,-8949.95,-132.493,83.529526,0,0,0,0,3.1744294,-3.108756,none,true,0,0,0,Stand,22.10075,,,,1,0->0:Exact,NONE
1323,22.052847,0.016900,-8949.95,-132.493,83.529526,0,0,0,0,3.1744294,-3.108756,none,true,0,0,0,Stand,22.11765,,,,1,0->0:Exact,NONE
1324,22.069747,0.016424,-8949.95,-132.493,83.529526,0,0,0,0,3.1744294,-3.108756,none,true,0,0,0,Stand,22.134073,,,,1,0->0:Exact,NONE
1325,22.086171,0.016703,-8949.95,-132.493,83.529526,0,0,0,0,3.1744294,-3.108756,none,true,0,0,0,Stand,22.150776,,,,1,0->0:Exact,NONE
1326,22.102874,0.017026,-8949.95,-132.493,83.529526,0,0,0,0,3.1744294,-3.108756,none,true,0,0,0,Stand,22.167803,,,,1,0->0:Exact,NONE
1327,22.119900,0.016228,-8949.95,-132.493,83.529526,0,0,0,0,3.1744294,-3.108756,none,true,0,0,0,Stand,22.18403,,,,1,0->0:Exact,NONE
1328,22.136128,0.017669,-8949.95,-132.493,83.529526,0,0,0,0,3.1744294,-3.108756,none,true,0,0,0,Stand,22.2017,,,,1,0->0:Exact,NONE
1329,22.153797,0.019316,-8949.95,-132.493,83.529526,0,0,0,0,3.1744294,-3.108756,none,true,0,0,0,Stand,22.221016,,,,1,0->0:Exact,NONE
1330,22.173113,0.016447,-8949.95,-132.493,83.529526,0,0,0,0,3.1744294,-3.108756,none,true,0,0,0,Stand,22.237463,,,,1,0->0:Exact,NONE
1331,22.189560,0.014949,-8949.95,-132.493,83.529526,0,0,0,0,3.1744294,-3.108756,none,true,0,0,0,Stand,22.252413,,,,1,0->0:Exact,NONE
1332,22.204509,0.015201,-8949.95,-132.493,83.529526,0,0,0,0,3.1744294,-3.108756,none,true,0,0,0,Stand,22.267614,,,,1,0->0:Exact,NONE
1333,22.219710,0.016545,-8949.95,-132.493,83.529526,0,0,0,0,3.1744294,-3.108756,none,true,0,0,0,Stand,22.28416,,,,1,0->0:Exact,NONE
1334,22.236255,0.016714,-8949.95,-132.493,83.529526,0,0,0,0,3.1744294,-3.108756,none,true,0,0,0,Stand,22.300875,,,,1,0->0:Exact,NONE
1335,22.252969,0.016716,-8949.95,-132.493,83.529526,0,0,0,0,3.1744294,-3.108756,none,true,0,0,0,Stand,22.31759,,,,1,0->0:Exact,NONE
1336,22.269686,0.016575,-8949.95,-132.493,83.529526,0,0,0,0,3.1744294,-3.108756,none,true,0,0,0,Stand,22.334166,,,,1,0->0:Exact,NONE
1337,22.286260,0.016817,-8949.95,-132.493,83.529526,0,0,0,0,3.1744294,-3.108756,none,true,0,0,0,Stand,22.350983,,,,1,0->0:Exact,NONE
1338,22.303077,0.016901,-8949.95,-132.493,83.529526,0,0,0,0,3.1744294,-3.108756,none,true,0,0,0,Stand,22.367884,,,,1,0->0:Exact,NONE
1339,22.319978,0.016438,-8949.95,-132.493,83.529526,0,0,0,0,3.1744294,-3.108756,none,true,0,0,0,Stand,22.384323,,,,1,0->0:Exact,NONE
1340,22.336416,0.016584,-8949.95,-132.493,83.529526,0,0,0,0,3.1744294,-3.108756,none,true,0,0,0,Stand,22.400908,,,,1,0->0:Exact,NONE
1341,22.353001,0.016879,-8949.95,-132.493,83.529526,0,0,0,0,3.1744294,-3.108756,none,true,0,0,0,Stand,22.417788,,,,1,0->0:Exact,NONE
1342,22.369880,0.016707,-8949.95,-132.493,83.529526,0,0,0,0,3.1744294,-3.108756,none,true,0,0,0,Stand,22.434494,,,,1,0->0:Exact,NONE
1343,22.386587,0.018042,-8949.95,-132.493,83.529526,0,0,0,0,3.1744294,-3.108756,none,true,0,0,0,Stand,22.452536,,,,1,0->0:Exact,NONE
1344,22.404629,0.015366,-8949.95,-132.493,83.529526,0,0,0,0,3.1744294,-3.108756,none,true,0,0,0,Stand,22.467901,,,,1,0->0:Exact,NONE
1345,22.419995,0.016544,-8949.95,-132.493,83.529526,0,0,0,0,3.1744294,-3.108756,none,true,0,0,0,Stand,22.484446,,,,1,0->0:Exact,NONE
1346,22.436540,0.016476,-8949.95,-132.493,83.529526,0,0,0,0,3.1744294,-3.108756,none,true,0,0,0,Stand,22.500921,,,,1,0->0:Exact,NONE
1347,22.453016,0.017069,-8949.95,-132.493,83.529526,0,0,0,0,3.1744294,-3.108756,none,true,0,0,0,Stand,22.51799,,,,1,0->0:Exact,NONE
1348,22.470084,0.016744,-8949.95,-132.493,83.529526,0,0,0,0,3.1744294,-3.108756,none,true,0,0,0,Stand,22.534735,,,,1,0->0:Exact,NONE
1349,22.486828,0.016610,-8949.95,-132.493,83.529526,0,0,0,0,3.1744294,-3.108756,none,true,0,0,0,Stand,22.551344,,,,1,0->0:Exact,NONE
1350,22.503438,0.016470,-8949.95,-132.493,83.529526,0,0,0,0,3.1744294,-3.108756,none,true,0,0,0,Stand,22.567814,,,,1,0->0:Exact,NONE
1351,22.519908,0.016899,-8949.95,-132.493,83.529526,0,0,0,0,3.1744294,-3.108756,none,true,0,0,0,Stand,22.584713,,,,1,0->0:Exact,NONE
1352,22.536807,0.016488,-8949.95,-132.493,83.529526,0,0,0,0,3.1744294,-3.108756,none,true,0,0,0,Stand,22.6012,,,,1,0->0:Exact,NONE
1353,22.553295,0.016674,-8949.95,-132.493,83.529526,0,0,0,0,3.1744294,-3.108756,none,true,0,0,0,Stand,22.617874,,,,1,0->0:Exact,NONE
1354,22.569969,0.016723,-8949.95,-132.493,83.529526,0,0,0,0,3.1744294,-3.108756,none,true,0,0,0,Stand,22.634596,,,,1,0->0:Exact,NONE
1355,22.586691,0.016561,-8949.95,-132.493,83.529526,0,0,0,0,3.1744294,-3.108756,none,true,0,0,0,Stand,22.651157,,,,1,0->0:Exact,NONE
1356,22.603252,0.016765,-8949.95,-132.493,83.529526,0,0,0,0,3.1744294,-3.108756,none,true,0,0,0,Stand,22.667923,,,,1,0->0:Exact,NONE
1357,22.620017,0.016537,-8949.95,-132.493,83.529526,0,0,0,0,3.1744294,-3.108756,none,true,0,0,0,Stand,22.68446,,,,1,0->0:Exact,NONE
1358,22.636555,0.016854,-8949.95,-132.493,83.529526,0,0,0,0,3.1744294,-3.108756,none,true,0,0,0,Stand,22.701313,,,,1,0->0:Exact,NONE
1359,22.653408,0.016760,-8949.95,-132.493,83.529526,0,0,0,0,3.1744294,-3.108756,none,true,0,0,0,Stand,22.718073,,,,1,0->0:Exact,NONE
1360,22.670168,0.016613,-8949.95,-132.493,83.529526,0,0,0,0,3.1744294,-3.108756,none,true,0,0,0,Stand,22.734686,,,,1,0->0:Exact,NONE
1361,22.686781,0.017939,-8949.95,-132.493,83.529526,0,0,0,0,3.1744294,-3.108756,none,true,0,0,0,Stand,22.752625,,,,1,0->0:Exact,NONE
1362,22.704720,0.015252,-8949.95,-132.493,83.529526,0,0,0,0,3.1744294,-3.108756,none,true,0,0,0,Stand,22.767878,,,,1,0->0:Exact,NONE
1363,22.719972,0.016823,-8949.95,-132.493,83.529526,0,0,0,0,3.1744294,-3.108756,none,true,0,0,0,Stand,22.7847,,,,1,0->0:Exact,NONE
1364,22.736795,0.016718,-8949.95,-132.493,83.529526,0,0,0,0,3.1744294,-3.108756,none,true,0,0,0,Stand,22.801418,,,,1,0->0:Exact,NONE
1365,22.753514,0.016794,-8949.95,-132.493,83.529526,0,0,0,0,3.1744294,-3.108756,none,true,0,0,0,Stand,22.818213,,,,1,0->0:Exact,NONE
1366,22.770308,0.016530,-8949.95,-132.493,83.529526,0,0,0,0,3.1744294,-3.108756,none,true,0,0,0,Stand,22.834742,,,,1,0->0:Exact,NONE
1367,22.786838,0.016652,-8949.95,-132.493,83.529526,0,0,0,0,3.1744294,-3.108756,none,true,0,0,0,Stand,22.851393,,,,1,0->0:Exact,NONE
1368,22.803490,0.017177,-8949.95,-132.493,83.529526,0,0,0,0,3.1744294,-3.108756,none,true,0,0,0,Stand,22.86857,,,,1,0->0:Exact,NONE
1369,22.820667,0.016117,-8949.95,-132.493,83.529526,0,0,0,0,3.1744294,-3.108756,none,true,0,0,0,Stand,22.884687,,,,1,0->0:Exact,NONE
1370,22.836783,0.016723,-8949.95,-132.493,83.529526,0,0,0,0,3.1744294,-3.108756,none,true,0,0,0,Stand,22.901411,,,,1,0->0:Exact,NONE
1371,22.853506,0.016829,-8949.95,-132.493,83.529526,0,0,0,0,3.1744294,-3.108756,none,true,0,0,0,Stand,22.91824,,,,1,0->0:Exact,NONE
1372,22.870335,0.016795,-8949.95,-132.493,83.529526,0,0,0,0,3.1744294,-3.108756,none,true,0,0,0,Stand,22.935034,,,,1,0->0:Exact,NONE
1373,22.887130,0.016417,-8949.95,-132.493,83.529526,0,0,0,0,3.1744294,-3.108756,none,true,0,0,0,Stand,22.95145,,,,1,0->0:Exact,NONE
1374,22.903547,0.016590,-8949.95,-132.493,83.529526,0,0,0,0,3.1744294,-3.108756,none,true,0,0,0,Stand,22.96804,,,,1,0->0:Exact,NONE
1375,22.920137,0.016668,-8949.95,-132.493,83.529526,0,0,0,0,3.1744294,-3.108756,none,true,0,0,0,Stand,22.984709,,,,1,0->0:Exact,NONE
1376,22.936805,0.016818,-8949.95,-132.493,83.529526,0,0,0,0,3.1744294,-3.108756,none,true,0,0,0,Stand,23.001526,,,,1,0->0:Exact,NONE
1377,22.953623,0.016629,-8949.95,-132.493,83.529526,0,0,0,0,3.1744294,-3.108756,none,true,0,0,0,Stand,23.018154,,,,1,0->0:Exact,NONE
1378,22.970252,0.016672,-8949.95,-132.493,83.529526,0,0,0,0,3.1744294,-3.108756,none,true,0,0,0,Stand,23.034826,,,,1,0->0:Exact,NONE
1379,22.986924,0.017972,-8949.95,-132.493,83.529526,0,0,0,0,3.1744294,-3.108756,none,true,0,0,0,Stand,23.052797,,,,1,0->0:Exact,NONE
1380,23.004895,0.015403,-8949.95,-132.493,83.529526,0,0,0,0,3.1744294,-3.108756,none,true,0,0,0,Stand,23.068201,,,,1,0->0:Exact,NONE
1381,23.020298,0.017459,-8949.95,-132.493,83.529526,0,0,0,0,3.1744294,-3.108756,none,true,0,0,0,Stand,23.08566,,,,1,0->0:Exact,NONE
1382,23.037758,0.015799,-8949.95,-132.493,83.529526,0,0,0,0,3.1744294,-3.108756,none,true,0,0,0,Stand,23.10146,,,,1,0->0:Exact,NONE
1383,23.053557,0.016850,-8949.95,-132.493,83.529526,0,0,0,0,3.1744294,-3.108756,none,true,0,0,0,Stand,23.118309,,,,1,0->0:Exact,NONE
1384,23.070407,0.016736,-8949.95,-132.493,83.529526,0,0,0,0,3.1744294,-3.108756,none,true,0,0,0,Stand,23.135046,,,,1,0->0:Exact,NONE
1385,23.087143,0.016669,-8949.95,-132.493,83.529526,0,0,0,0,3.1744294,-3.108756,none,true,0,0,0,Stand,23.151714,,,,1,0->0:Exact,NONE
1386,23.103812,0.016517,-8949.95,-132.493,83.529526,0,0,0,0,3.1744294,-3.108756,none,true,0,0,0,Stand,23.168232,,,,1,0->0:Exact,NONE
1387,23.120329,0.017562,-8949.95,-132.493,83.529526,0,0,0,0,3.1744294,-3.108756,none,true,0,0,0,Stand,23.185795,,,,1,0->0:Exact,NONE
1388,23.137891,0.015893,-8949.95,-132.493,83.529526,0,0,0,0,3.1744294,-3.108756,none,true,0,0,0,Stand,23.201687,,,,1,0->0:Exact,NONE
1389,23.153784,0.016576,-8949.95,-132.493,83.529526,0,0,0,0,3.1744294,-3.108756,none,true,0,0,0,Stand,23.218264,,,,1,0->0:Exact,NONE
1390,23.170360,0.016897,-8949.95,-132.493,83.529526,0,0,0,0,3.1744294,-3.108756,none,true,0,0,0,Stand,23.23516,,,,1,0->0:Exact,NONE
1391,23.187258,0.016580,-8949.95,-132.493,83.529526,0,0,0,0,3.1744294,-3.108756,none,true,0,0,0,Stand,23.251741,,,,1,0->0:Exact,NONE
