entry	name	subname	level_min	level_max	rank	type	display_id	display_scale
1	Waypoint (Only GM can see it)	Visual	63	63	0	8	10045	0
2	Spawn Point (Only GM can see it)		63	63	0	1	262	0
3	Flesh Eater		24	25	0	6	987	0
6	Kobold Vermin		1	2	0	7	10913	0
19	Benny Questgiver	NPC	20	20	0	7	6074	1
29	Dragon Spawn		1	1	0	2	143	1
30	Forest Spider		5	6	0	1	382	0
31	Furbolg		1	2	0	0	145	1
36	Harvest Golem		11	12	0	9	367	0
38	Defias Thug		3	4	0	7	5035	0
40	Kobold Miner		6	7	0	7	373	0
43	Mine Spider		8	9	0	1	368	0
46	Murloc Forager		9	10	0	7	441	0
48	Skeletal Warrior		21	22	0	6	200	0
49	Lesser Succubus		20	20	0	3	159	1
54	Corina Steele	Weaponsmith	10	10	0	7	1287	0
55	Mean Ed the Blacksmith		20	20	0	7	17	1
60	Ruklar the Trapper		8	8	0	7	2153	0
61	Thuros Lightfingers		11	11	4	7	3341	0
62	Gug Fatcandle		4	4	0	7	26	1
65	Peasant Woman		1	2	0	7	13	1
66	Tharynn Bouden	Trade Supplies	10	10	0	7	1298	0
67	[UNUSED] Marlon Darnik	Grocer	5	5	0	7	23	1
68	Stormwind City Guard		55	55	0	7	3167	0
69	Timber Wolf		2	2	0	1	604	0.7
70	[UNUSED] Lower Class Citizen		1	2	0	7	13	1
71	Rankist		5	7	0	0	137	1
72	[UNUSED] Antaris the Trader		1	1	0	7	19	1
73	Veraina the Apothecary	Questgiver	40	40	0	7	15	1
74	Kurran Steele	Cloth & Leather Armor Merchant	10	10	0	7	1289	0
75	[UNUSED] Vashaum Nightwither		12	12	0	7	166	1
78	Janos Hammerknuckle	Weaponsmith	5	5	0	7	3275	0
79	Narg the Taskmaster		10	10	4	7	774	0
80	Kobold Laborer		3	4	0	7	365	0
81	[UNUSED] Luglar the Clogger		5	5	0	7	371	1
82	Crazy Leonetti		7	7	0	7	16	1
87	Forest Troll Berserker		2	4	0	7	167	1
89	Infernal		50	50	0	3	169	0
90	Sea Giant		40	40	0	5	791	1
92	Rock Elemental		39	40	0	4	171	0
93	Centaur		1	2	0	0	172	1
94	Defias Cutpurse		5	6	0	7	2361	0
95	Defias Smuggler		11	12	0	7	4418	0
97	Riverpaw Runt		8	9	0	7	10791	0
98	Riverpaw Taskmaster		17	18	0	7	376	0
99	Morgaine the Sly		10	10	4	7	3320	0
100	Gruff Swiftbite		12	12	4	7	175	0
102	Bronze Dragonspawn		1	2	0	0	177	1
103	Garrick Padfoot		5	5	0	7	2073	0
105	Tall Strider		1	2	0	0	178	1
106	Kodo Beast		1	2	0	1	179	1
107	Raptor		1	2	0	1	180	1
108	Green Dragonspawn		1	2	0	0	181	1
109	White Dragonspawn		1	2	0	0	182	1
111	Priest		3	4	0	7	20	1
112	Priestess		3	4	0	7	14	1
113	Stonetusk Boar		5	6	0	1	503	0
114	Harvest Watcher		14	15	0	9	378	0
115	Harvest Reaper		17	18	0	9	379	0
116	Defias Bandit		8	9	0	7	2357	0
117	Riverpaw Gnoll		11	12	0	7	175	0
118	Prowler		9	10	0	1	11415	0
119	Longsnout		10	11	0	1	381	0
120	Forest Stalker		9	10	0	1	366	1
121	Defias Pathstalker		15	16	0	7	2336	0
122	Defias Highwayman		17	18	0	7	2342	0
123	Riverpaw Mongrel		13	14	0	7	383	0
124	Riverpaw Brute		15	16	0	7	384	0
125	Riverpaw Overseer		19	20	0	7	10790	0
126	Murloc Coastrunner		12	13	0	7	983	0
127	Murloc Tidehunter		18	19	0	7	1995	0
128	Angry Programmer Tweedle Dee	Testing	59	59	0	10	1415	3
129	Angry Programmer Tweedle Dum		50	50	0	10	138	1
130	Programmer Vendor		62	62	0	7	62	1
149	[UNUSED] Small Black Dragon Whelp		6	7	0	2	387	1
150	[UNUSED] Brother Milius	Bowyer	5	5	0	7	190	1
151	Brog Hamfist	General Supplies	10	10	0	7	1292	0
152	Brother Danil	General Supplies	5	5	0	7	3277	0
153	Bethina	iCoke Redemption Vendor	35	35	0	7	14947	1
154	Greater Fleshripper		16	17	0	1	1105	0
157	Goretusk		14	15	0	1	3027	0
161	[UNUSED] Ander the Monk		10	10	0	7	18	1
163	[UNUSED] Destitute Farmer		4	4	0	7	18	1
165	[UNUSED] Small Child		1	1	0	7	390	1
167	Morhan Coppertongue	Metalsmith	13	13	0	7	1844	0
171	Murloc Warrior		15	16	0	7	1305	0
190	Dermot Johns	Cloth & Leather Armor Merchant	5	5	0	7	3276	0
192	Ice Troll		62	62	0	7	195	1
193	Blue Dragonspawn		50	51	1	2	196	0
196	Eagan Peltskinner		3	3	0	7	3251	0
197	Marshal McBride		20	20	0	7	1859	0
198	Khelden Bremen	Mage Trainer	5	5	0	7	5001	0
199	Young Fleshripper		10	11	0	1	410	0
200	Shambling Skeleton UNUSED		20	21	0	6	158	1
201	Brittlebones Skeleton UNUSED		1	1	0	6	732	1
202	Skeletal Horror		23	24	0	6	9786	0
203	Skeletal Mage		22	23	0	6	9783	0
204	[UNUSED] Cackle Flamebone		28	28	0	6	200	1
205	Nightbane Dark Runner		28	29	0	7	736	0
206	Nightbane Vile Fang		29	30	0	7	522	0
207	[UNUSED] Riverpaw Hideflayer		25	26	0	7	376	1
208	[UNUSED] Riverpaw Pack Warder		23	24	0	7	383	1
209	[UNUSED] Riverpaw Bone Chanter		24	25	0	7	413	1
210	Bone Chewer		26	27	0	6	570	0
211	Ogre		29	30	0	7	415	1
212	Splinter Fist Warrior		29	30	0	7	610	0
213	Starving Dire Wolf		19	20	0	1	801	0
215	Defias Night Runner		24	25	0	7	4276	0
217	Venom Web Spider		19	20	0	1	955	0
218	Grave Robber		24	25	0	7	4275	0
219	[UNUSED] Logan Mar	Cloth & Leather Armor Merchant	20	20	0	7	17	1
220	[UNUSED] Khebil Steelsmith	Weaponsmith	17	17	0	7	17	1
221	Dannus	Merchant	17	17	0	7	23	1
222	Nillen Andemar	Macecrafter	19	19	0	7	1845	0
223	Dan Golthas	Journeyman Leatherworker	23	23	0	7	10619	0
224	Zek Marston	Weapon Peddler	15	15	0	7	20	1
225	Gavin Gnarltree	Weaponsmith	30	30	0	7	4331	0
226	Morg Gnarltree	Armorer	30	30	0	7	4332	0
227	Mabel Solaj	General Goods Vendor	26	26	0	7	4340	0
228	Avette Fellwood	Bowyer	24	24	0	7	4334	0
229	Vaious		1	1	0	7	17	1
230	Thornton Fellwood	Woodcrafter	1	1	0	7	4335	1
232	Farmer Ray		23	23	0	7	3614	0
233	Farmer Saldean		20	20	0	7	1943	0
234	Gryan Stoutmantle	The People's Militia	35	35	1	7	1690	0
235	Salma Saldean		20	20	0	7	1691	0
237	Farmer Furlbrow		20	20	0	7	1944	0
238	Verna Furlbrow		20	20	0	7	1692	0
239	Grimbooze Thunderbrew		20	20	0	7	3265	0
240	Marshal Dughan		25	25	0	7	1985	0
241	Remy "Two Times"		5	5	0	7	3254	0
242	Horras Brackwell		10	10	0	7	214	1
243	[UNUSED] Greeby Mudwhisker TEST		5	5	0	7	163	1
244	Ma Stonefield		3	3	0	7	3330	0
246	"Auntie" Bernice Stonefield		6	6	0	7	3329	0
247	Billy Maclure		1	1	0	7	221	0
248	Gramma Stonefield		3	3	0	7	2959	0
250	Pa Maclure		6	6	0	7	3327	0
251	Maybell Maclure		2	2	0	7	3323	0
252	Tommy Joe Stonefield		2	2	0	7	3331	0
253	William Pestle		6	6	0	7	5038	0
255	Gerard Tiller		6	6	0	7	3324	0
257	Kobold Worker		3	3	0	7	10912	0
258	Joshua Maclure	Vintner	5	5	0	7	3328	0
260	[UNUSED] Elwynn Tower Guard		22	22	0	7	164	1
261	Guard Thomas		30	30	0	7	1984	0
262	Half-eaten body		1	1	0	3	433	1
263	Lord Ello Ebonlocke	Mayor of Darkshire	30	30	0	7	4321	0
264	Commander Althea Ebonlocke	Leader of The Night Watch	45	45	0	7	4322	0
265	Madame Eva		25	25	0	7	4323	0
266	Wiley the Black		26	26	0	7	1741	0
267	Clerk Daltry		31	31	0	7	1720	0
268	Sirra Von'Indi	Historian of Darkshire	24	24	0	7	4324	0
269	Role Dreuger	Deputy Mayor of Darkshire	40	40	0	7	4309	0
270	Councilman Millstipe	Council of Darkshire	28	28	0	7	1724	0
271	Ambassador Berrybuck	Council of Darkshire	30	30	0	7	1713	0
272	Chef Grual		30	30	0	7	1715	0
273	Tavernkeep Smitts		22	22	0	7	1731	0
274	Barkeep Hann	Bartender	26	26	0	7	5039	0
275	Whit Wantmal		27	27	0	7	1734	0
276	Viktori Prism'Antras		28	28	0	7	4326	0
277	Roberto Pupellyverbos	Merlot Connoisseur	30	30	0	7	1433	0
278	Sara Timberlain		5	5	0	7	3268	0
279	Morgan Pestle		30	30	0	7	5082	0
280	Placeholder - Jasperlode Mine	Area Trigger	62	62	0	3	68	1
281	Kobold Tank		7	8	0	7	139	1
282	Kobold Spellcaster		7	8	0	7	139	1
283	Kobold Healer		7	8	0	7	139	1
284	Riding Horse (Brown)		1	1	0	1	2404	0
285	Murloc		6	7	0	7	617	0
286	Old Rotten Gill		11	11	0	7	346	1
287	Placeholder - Darkhollow Mine		62	62	0	3	68	1
288	Jitters		25	25	0	7	4325	0
289	Abercrombie	The Hermit	35	35	0	7	4328	0
290	Placeholder - Fargodeep Mine	Area Trigger	62	62	0	3	68	1
291	Placeholder Chest of Drawers	Placeholder!	62	62	0	3	31	1
294	Marshal Haggard		20	20	0	7	1689	0
295	Innkeeper Farley	Innkeeper	30	30	0	7	1291	0
296	[UNUSED] Goodmother Jans		20	21	0	7	232	1
297	Caretaker Folsom		30	30	0	7	1756	0
298	[UNUSED] Aunt Bethda	<Needs Texture>	62	62	0	7	2583	1
299	Young Wolf		1	1	0	1	447	0.7
300	Zzarc' Vul		30	30	0	7	655	0
301	[UNUSED] Brog'Mud		31	31	0	7	33	1
302	Blind Mary		40	40	0	6	915	0
303	Placeholder Interactive Doodad - jk	Use Your Imagination	62	62	0	1	38	1
304	Riding Horse (Felsteed)		1	1	0	3	2346	0
305	Riding Horse (White Stallion)		1	1	0	1	2410	0
306	Riding Horse (Palomino)		1	1	0	1	2408	0
307	Riding Horse (Pinto)		1	1	0	1	2409	0
308	Riding Horse (Black Stallion)		1	1	0	1	2402	0
309	Rolf's corpse		1	1	0	3	433	1
311	Sven Yorgen		20	20	0	7	4327	0
313	Theocritus	Mage of Tower Azora	24	24	0	7	3348	0
314	Eliza	Bride of the Embalmer	31	31	1	6	10487	0
315	Stalvan Mistmantle		32	32	0	6	1562	0
318	[UNUSED] Brother Akil		5	5	0	7	190	1
319	[UNUSED] Brother Benthas		5	5	0	7	190	1
320	[UNUSED] Brother Cryus		5	5	0	7	190	1
321	[UNUSED] Brother Deros		5	5	0	7	190	1
322	[UNUSED] Brother Enoch		5	5	0	7	190	1
323	[UNUSED] Brother Farthing		10	10	0	7	190	1
324	[UNUSED] Brother Greishan		10	10	0	7	190	1
325	Hogan Ference		20	20	0	7	4320	0
326	[UNUSED] Brother Ictharin		10	10	0	7	190	1
327	Goldtooth		8	8	0	7	2299	0
328	Zaldimar Wefhellt	Mage Trainer	13	13	0	7	1294	0
329	Earth Elemental		54	55	0	4	453	1
330	Princess		9	9	0	1	8871	0
331	Maginor Dumas	Master Mage	60	60	0	7	1484	0
332	Master Mathias Shaw	Leader of SI:7	62	62	0	7	1736	0
333	[UNUSED] Edwardo the Jester		44	44	0	7	18	1
334	Gath'Ilzogg	Warlord of the Blackrock Clan	26	26	1	7	6050	0
335	Singe		24	24	1	2	497	0
336	[UNUSED] Rin Tal'Vara		62	62	0	7	18	1
338	Mazen Mac'Nadir	Academy of Arcane Arts and Sciences	44	44	0	7	5080	0
339	[UNUSED] Helgor the Pugilist		30	30	0	7	459	1
340	Kendor Kabonka	Master of Cooking Recipes	50	50	0	7	5728	0
341	Foreman Oslow		20	20	0	7	1748	0
342	Martie Jainrose		20	20	0	7	1743	0
343	Chef Breanna		19	19	0	7	3377	0
344	Magistrate Solomon		36	36	0	7	1753	0
345	Bellygrub		24	24	0	1	703	0
346	Barkeep Daniels		21	21	0	7	3370	0
347	Grizzle Halfmane	Alterac Valley Battlemaster	61	61	1	7	15099	0
348	Zem Leeward		25	25	0	7	3359	0
349	Corporal Keeshan		25	25	1	7	1826	0
351	Peasant		1	2	0	7	87	1
352	Dungar Longdrink	Gryphon Master	55	55	1	7	5128	0
353	Antonia Dart	iCoke Redemption Vendor	35	35	0	7	14944	1
354	[UNUSED] Grall Twomoons	Shaman Trainer	10	10	0	7	244	1
356	Riding Wolf (Black)		1	1	0	1	207	0
358	Riding Wolf (Brown)		1	1	0	1	247	0
359	Riding Wolf (Winter)		1	1	0	1	1166	0
361	Saytr		1	1	0	0	467	1
364	Slime		1	1	0	10	358	1
365	Scott's Flying Mount		1	1	0	10	6852	1
370	Boy		1	2	0	7	221	1
371	Girl		1	1	0	7	257	1
372	Karm Ironquill	Mining Supplies	16	16	0	7	8089	0
373	Murak Winterborn	Shaman Trainer	62	62	0	7	240	1
374	Cog Glitzspinner		30	30	0	7	4287	1.15
375	Priestess Anetta	Priest Trainer	5	5	0	7	3344	0
376	High Priestess Laurena	Priest Trainer	60	60	0	7	1495	0
377	Priestess Josetta	Priest Trainer	13	13	0	7	1295	0
379	Darcy	Waitress	15	15	0	7	3367	0
380	[UNUSED] Waldin Thorbatt		25	25	0	7	86	1
381	Dockmaster Baren		20	20	0	7	3360	0
382	Marshal Marris		35	35	0	7	3454	0
383	Jason Mathers	Fishmonger	7	7	0	7	3273	0
384	Katie Hunter	Horse Breeder	10	10	0	7	3270	0
385	Horse		5	5	0	8	229	0
386	[UNUSED] Ulric the Grim	Wolf Merchant	20	20	0	7	19	1
387	Lord Sammuel	Master Paladin	62	62	0	7	21	1
388	Bromos Murphy	Master Paladin	62	62	0	7	21	1
389	Lord Lantinga	Master Paladin	62	62	0	7	21	1
390	Porcine Entourage		7	7	0	1	377	0
391	Old Murk-Eye		20	20	0	7	5243	0
392	Captain Grayson		30	30	0	6	1279	0
393	Tame Wolf		10	10	0	1	165	1
395	Markus		1	1	0	7	262	0
397	Morganth		27	27	1	7	3383	0
399	Boy - placeholder 05		1	2	0	0	251	1
400	Boy - placeholder 06		1	2	0	0	251	1
401	Boy - placeholder 07		1	2	0	0	251	1
402	Boy - placeholder 08		1	2	0	0	251	1
403	Boy - placeholder 09		1	2	0	0	251	1
404	Girl - placeholder 01		1	2	0	0	252	1
405	Girl - placeholder 02		1	2	0	0	252	1
406	Girl - placeholder 03		1	2	0	0	252	1
407	Girl - placeholder 04		1	2	0	0	252	1
408	Girl - placeholder 05		1	2	0	0	252	1
409	Girl - placeholder 06		1	2	0	0	252	1
410	Girl - placeholder 07		1	2	0	0	252	1
411	Girl - placeholder 08		1	2	0	0	252	1
412	Stitches	Gift from the Embalmer	35	35	1	6	1693	0
415	Verner Osgood		25	25	0	7	3358	0
416	Imp		5	5	0	3	4449	0
417	Felhunter		60	60	0	3	850	0.7
418	Lesser Voidwalker		20	20	0	3	1131	1
421	Murphestos		1	1	0	0	149	1
422	Murloc Flesheater		18	19	0	7	506	0
423	Redridge Mongrel		15	16	0	7	487	0
424	Redridge Poacher		16	17	0	7	551	0
426	Redridge Brute		17	18	0	7	500	0
428	Dire Condor		18	19	0	1	490	0
429	Shadowhide Darkweaver		25	26	0	7	491	0
430	Redridge Mystic		18	19	0	7	10789	0
431	Shadowhide Slayer		25	26	0	7	493	0
432	Shadowhide Brute		23	24	0	7	1887	0
433	Shadowhide Gnoll		22	23	0	7	275	0
434	Rabid Shadowhide Gnoll		21	22	0	7	275	0
435	Blackrock Champion		24	25	0	7	6044	0
436	Blackrock Shadowcaster		22	23	1	7	6039	0
437	Blackrock Renegade		21	22	0	7	6037	0
440	Blackrock Grunt		19	20	0	7	6033	0
441	Black Dragon Whelp		17	18	0	2	387	0
442	Tarantula		15	16	0	1	366	0
444	[UNUSED] Goreripper		1	1	0	1	499	1
445	Redridge Alpha		21	22	0	7	609	0
446	Redridge Basher		19	20	0	7	609	0
448	Hogger		11	11	1	7	384	0
449	Defias Knuckleduster		16	17	0	7	2344	0
450	Defias Renegade Mage		18	19	0	7	4420	0
452	Riverpaw Bandit		16	17	0	7	383	0
453	Riverpaw Mystic		18	19	0	7	502	0
454	Young Goretusk		12	13	0	1	8871	0
456	Murloc Minor Oracle		13	14	0	7	486	0
458	Murloc Hunter		16	17	0	7	757	0
459	Drusilla La Salle	Warlock Trainer	5	5	0	7	3345	0
460	Alamar Grimm	Warlock Trainer	5	5	0	7	1930	1.15
461	Demisette Cloyce	Warlock Trainer	60	60	0	7	1469	0
462	Vultros		26	26	4	1	507	0
464	Guard Parker		30	30	0	7	2150	0
465	Barkeep Dobbins	Bartender	10	10	0	7	3266	0
466	General Marcus Jonathan	High Commander of Stormwind Defense	62	62	1	7	1688	0
467	The Defias Traitor		15	15	0	7	2311	0
468	Town Crier		35	35	0	7	4310	0
469	Lieutenant Doren		60	60	1	7	2593	0
470	[UNUSED] Scribe Colburg		35	35	0	7	218	1
471	Mother Fang		10	10	4	1	2541	0
472	Fedfennel		12	12	4	7	175	0
473	Morgan the Collector		10	10	0	7	2074	0
474	Defias Rogue Wizard		9	10	0	7	2359	0
475	Kobold Tunneler		5	6	0	7	139	0
476	Kobold Geomancer		7	8	0	7	163	0
478	Riverpaw Outrunner		9	10	0	7	512	0
480	Rusty Harvest Golem		9	10	0	9	514	0
481	Defias Footpad		10	11	0	7	2333	0
482	Elling Trias	Master of Cheese	30	30	0	7	3246	0
483	Elaine Trias	Mistress of Cheese	30	30	0	7	5546	0
485	Blackrock Outrunner		20	21	0	7	6034	0
486	Tharil'zun		24	24	1	7	6043	0
487	Protector Bialon	The People's Militia	30	30	0	7	2368	0
488	Protector Weaver	The People's Militia	30	30	0	7	2371	0
489	Protector Dutfield	The People's Militia	30	30	0	7	2364	0
490	Protector Gariel	The People's Militia	30	30	0	7	2367	0
491	Quartermaster Lewis	Quartermaster	20	20	0	7	3342	0
494	Watcher Bukouris	The Night Watch	37	37	0	7	2379	0
495	Watcher Keefer	The Night Watch	40	40	0	7	2391	0
496	[UNUSED] Watcher Kleeman		30	30	0	7	166	1
497	[UNUSED] Watcher Benjamin		30	30	0	7	166	1
498	[UNUSED] Watcher Larsen		20	20	0	7	2393	1
499	Watcher Paige	The Night Watch	29	29	0	7	2396	0
500	Riverpaw Scout		12	13	0	7	374	0
501	Riverpaw Herbalist		14	15	0	7	413	0
502	Benny Blaanco		15	15	0	7	4422	0
503	Lord Malathrom		31	31	4	6	10626	0
504	Defias Trapper		12	13	0	7	2331	0
505	Greater Tarantula		19	20	0	1	520	0
506	Sergeant Brashclaw		18	18	4	7	383	0
507	Fenros		32	32	4	7	11179	0
509	[UNUSED] Long Fang		33	33	0	7	524	1
510	Water Elemental		60	60	0	4	525	0
511	Insane Ghoul		26	26	0	6	828	0
513	Murloc Netter		14	15	0	7	1994	0
514	Smith Argus	Journeyman Blacksmith	24	24	0	7	1288	0
515	Murloc Raider		11	12	0	7	441	0
516	[UNUSED] Riverpaw Hunter		22	23	0	7	528	1
517	Murloc Oracle		17	18	0	7	1079	0
518	Yowler		25	25	0	7	488	0
519	Slark		15	15	4	7	540	0
520	Brack		19	19	4	7	652	0
521	Lupos		23	23	4	1	11412	0
522	Mor'Ladim		35	35	1	6	612	0
523	Thor	Gryphon Master	55	55	1	7	3263	0
524	Rockhide Boar		7	8	0	1	389	0
525	Mangy Wolf		5	6	0	1	903	0
531	Skeletal Fiend		24	25	0	6	7550	0
533	Nightbane Shadow Weaver		27	28	0	7	203	0
534	Nefaru		34	34	4	7	11181	0
535	[UNUSED] Savar		30	30	0	7	226	1
536	[UNUSED] Rhal'Del		32	32	0	7	536	1
538	[UNUSED] Buk'Cha		31	31	0	7	1045	1
539	Pygmy Venom Web Spider		18	19	0	1	958	0
541	Riding Gryphon		29	29	0	1	6852	0
542	Califex of the Deep Wood	Druid Trainer	62	62	0	7	173	1
543	Nalesette Wildbringer	Pet Trainer	40	40	0	7	12749	0
544	Murloc Nightcrawler		21	22	0	7	5243	0
545	Murloc Tidecaller		19	20	0	7	5293	0
547	Great Goretusk		16	17	0	1	3035	0
548	Murloc Minor Tidecaller		17	18	0	7	1079	0
550	Defias Messenger		14	15	0	7	2312	0
564	Kobold Slave		10	11	0	7	163	1
565	Rabid Dire Wolf		20	21	0	1	802	0
566	V'rex		19	19	0	7	501	1
567	Blacknails		15	15	0	7	3196	1
568	Shadowhide Warrior		24	25	0	7	662	0
569	Green Recluse		21	22	0	1	2541	0
570	Brain Eater		28	29	0	6	569	0
572	Leprithus		19	19	4	6	1065	0
573	Foe Reaper 4000		20	20	4	9	548	0
574	Naraxis		27	27	4	1	963	0
575	Fire Elemental		35	36	0	4	1405	0
576	Watcher Ladimore	The Night Watch	28	28	0	7	2375	0
578	Murloc Scout		19	20	0	7	391	0
579	Shadowhide Assassin		23	24	0	7	550	0
580	Redridge Drudger		20	21	0	7	551	0
582	Old Blanchy		2	2	0	8	236	0
583	Defias Ambusher		8	9	0	7	184	0
584	Kazon		27	27	4	7	6041	0
586	[UNUSED] Watcher Kern		30	30	0	7	166	1
587	Bloodscalp Warrior		33	34	0	7	4570	0
588	Bloodscalp Scout		34	35	0	7	4575	0
589	Defias Pillager		14	15	0	7	2338	0
590	Defias Looter		13	14	0	7	2340	0
592	[UNUSED] Defias Arsonist		15	15	0	7	263	1
594	Defias Henchman		15	16	1	7	2323	0
595	Bloodscalp Hunter		34	35	0	7	4574	0
596	Brainwashed Noble		18	18	2	7	3267	0
597	Bloodscalp Berserker		36	37	0	7	4579	0
598	Defias Miner		17	18	0	7	308	0
599	Marisa du'Paige		18	18	2	7	2355	0
601	Capo the Mean		16	16	2	7	2354	1
603	Grimtooth		60	60	0	7	10792	0
604	Plague Spreader		27	28	0	6	519	0
605	[UNUSED] Mr. Whipple		24	24	0	7	19	1
606	[UNUSED] Mrs. Whipple		24	24	0	7	560	1
607	[UNUSED] Johnny Whipple		23	23	0	7	561	1
609	[UNUSED] Grandpa Whipple		26	26	0	7	23	1
610	[UNUSED] Rabid Gina Whipple		31	31	0	7	202	1
611	[UNUSED] Rabid Mr. Whipple		32	32	0	7	524	1
612	[UNUSED] Rabid Mrs. Whipple		32	32	0	7	202	1
613	[UNUSED] Rabid Johnny Whipple		31	31	0	7	563	1
614	[UNUSED] Rabid Grandpa Whipple		36	36	0	7	564	1
615	Blackrock Tracker		23	24	0	7	6040	0
616	Chatter		23	23	4	1	821	0
619	Defias Conjurer		15	16	1	7	2329	0
620	Chicken		1	1	0	8	304	0
622	Goblin Engineer		18	19	1	7	7109	0
623	Skeletal Miner		17	18	1	6	11402	0
624	Undead Excavator		17	18	1	6	10630	0
625	Undead Dynamiter		17	18	1	6	829	0
626	Foreman Thistlenettle		20	20	1	6	10628	0
628	Black Ravager		24	25	0	1	741	0
631	pnagle's test dude		1	2	0	7	251	1
633	Elaine Carevin		18	18	0	7	1571	0
634	Defias Overseer		17	18	1	7	2316	0
636	Defias Blackguard		19	20	1	7	2314	0
638	Goblin Mercenary		15	16	1	7	7107	1
639	Edwin VanCleef	Defias Kingpin	21	21	2	7	2029	0
641	Goblin Woodcarver		18	19	1	7	7111	0
642	Sneed's Shredder	Lumbermaster	20	20	1	9	1269	0
643	Sneed	Lumbermaster	20	20	1	7	7125	0
644	Rhahk'Zor	The Foreman	19	19	1	7	14403	0
645	Cookie	The Ship's Cook	20	20	1	7	1305	0
646	Mr. Smite	The Ship's First Mate	20	20	1	7	2026	1.62
647	Captain Greenskin		20	20	1	7	7113	0
648	Bridge Worker Trent		5	5	0	7	5003	1
649	Bridge Worker Dmitri		10	10	0	7	5004	1
650	Bridge Worker Jess		6	6	0	7	5005	1
651	Bridge Worker Daniel		6	6	0	7	5006	1
652	Bridge Worker Matthew		6	6	0	7	5007	1
653	Bridge Worker Alex		6	6	0	7	5008	1
656	Wilder Thistlenettle		20	20	0	7	2363	0
657	Defias Pirate		19	20	1	7	2347	0
658	Sten Stoutarm		5	5	0	7	1362	0
659	El Pollo Grande	The Black Chicken of Death	50	50	0	1	589	10
660	Bloodscalp Witch Doctor		37	37	0	7	4581	0
661	Jonathan Carevin		25	25	0	7	4338	0
663	Calor		20	20	0	7	2027	0
664	Benjamin Carevin		2	2	0	7	221	0
667	Skullsplitter Warrior		39	40	0	7	4632	0
669	Skullsplitter Hunter		41	42	0	7	4628	0
670	Skullsplitter Witch Doctor		41	42	0	7	4627	0
671	Bloodscalp Headhunter		36	37	0	7	4580	0
672	Skullsplitter Spiritchaser		44	44	0	7	4621	0
674	Venture Co. Strip Miner		40	41	0	7	7202	0
675	Venture Co. Foreman		42	42	0	7	7196	0
676	Venture Co. Surveyor		41	42	0	7	7203	0
677	Venture Co. Tinkerer		40	41	0	7	7204	0
678	Mosh'Ogg Mauler		43	44	1	7	416	0
679	Mosh'Ogg Shaman		43	44	1	7	536	0
680	Mosh'Ogg Lord		45	45	1	7	11569	0
681	Young Stranglethorn Tiger		30	31	0	1	598	0
682	Stranglethorn Tiger		32	33	0	1	320	0
683	Young Panther		30	31	0	1	2437	0
684	Shadowmaw Panther		37	38	0	1	633	0
685	Stranglethorn Raptor		33	34	0	1	788	0
686	Lashtail Raptor		35	36	0	1	788	0
687	Jungle Stalker		40	41	0	1	11317	0
688	Stone Maw Basilisk		31	32	0	1	12344	0
689	Crystal Spine Basilisk		34	35	0	1	601	0
690	Cold Eye Basilisk		39	40	0	1	8797	0
691	Lesser Water Elemental		36	37	0	4	5561	0
693	Secondary Skill Trainer	Trainer	62	62	0	7	173	1
694	Bloodscalp Axe Thrower		33	34	0	7	4572	0
696	Skullsplitter Axe Thrower		39	40	0	7	4622	0
697	Bloodscalp Shaman		33	34	0	7	4573	0
698	Bloodscalp Tiger		34	35	0	1	320	0
699	Bloodscalp Beastmaster		34	35	0	7	4576	0
700	Bloodscalp Panther		25	26	0	1	599	1
701	Bloodscalp Mystic		34	35	0	7	4577	0
702	Bloodscalp Scavenger		33	34	0	7	4571	0
703	Lieutenant Fangore		26	26	0	7	492	0
704	Ragged Timber Wolf		2	2	0	1	11416	0.7
705	Ragged Young Wolf		1	1	0	1	855	0.7
706	Frostmane Troll Whelp		3	4	0	7	5606	0
707	Rockjaw Trogg		1	2	0	7	606	0
708	Small Crag Boar		3	3	0	1	607	0
709	Mosh'Ogg Warmonger		41	42	1	7	655	0
710	Mosh'Ogg Spellcrafter		43	44	1	7	6704	0
711	Ardo Dirtpaw		24	24	0	7	603	0
712	Redridge Thrasher		14	15	0	7	489	0
713	Balir Frosthammer		5	5	0	7	1355	0
714	Talin Keeneye		5	5	0	7	1363	0
715	Hemet Nesingwary		40	40	0	7	1410	0
716	Barnil Stonepot		40	40	0	7	1413	0
717	Ajeck Rouack		40	40	0	7	1658	0
718	Sir S. J. Erlgadin		40	40	0	7	1659	0
721	Rabbit		1	1	0	8	328	0
723	Mosh'Ogg Butcher		44	44	2	7	11568	0
724	Burly Rockjaw Trogg		2	2	0	7	611	0
725	[UNUSED] Skeletal Enforcer		25	26	0	6	612	1
727	Ironforge Mountaineer		30	30	0	7	1598	0
728	Bhag'thera		40	40	1	1	613	0
729	Sin'Dall		37	37	0	1	471	0
730	Tethis		43	43	1	1	8472	0
731	King Bangalash		43	43	1	1	616	0
732	Murloc Lurker		9	10	0	7	983	0
733	Sergeant Yohwa		40	40	0	7	4393	0
734	Corporal Bluth	Camp Trader	40	40	0	7	4398	0
735	Murloc Streamrunner		6	7	0	7	527	0
736	Panther		32	33	0	1	599	0
737	Kebok		35	35	0	7	7163	0
738	Private Thorsen		30	30	0	7	4664	0
739	Brother Nimetz		40	40	0	7	4392	0
740	Adolescent Whelp		34	35	0	2	9582	0
741	Dreaming Whelp		35	36	0	2	621	0
742	Green Wyrmkin		41	42	0	2	7863	0
743	Wyrmkin Dreamwalker		42	43	0	2	7974	0
744	Green Scalebane		42	43	0	2	7903	0
745	Scalebane Captain		43	44	0	2	7976	0
746	Elder Dragonkin		45	45	0	2	625	0
747	Marsh Murloc		41	42	0	7	506	0
749	Marsh Murkdweller		41	42	0	7	1079	1
750	Marsh Inkspewer		42	43	0	7	1995	0
751	Marsh Flesheater		43	44	0	7	391	0
752	Marsh Oracle		44	45	0	7	386	0
753	[UNUSED] Rebel Soldier		30	32	0	7	173	1
754	Rebel Watchman		31	32	0	7	4660	0
755	Lost One Mudlurker		34	35	0	7	628	1
756	Skullsplitter Panther		41	42	0	1	633	0
757	Lost One Fisherman		35	36	0	7	152	0
758	Skullsplitter Tiger		28	28	0	1	614	1
759	Lost One Hunter		36	37	0	7	152	0
760	Lost One Muckdweller		36	37	0	7	628	0
761	Lost One Seer		37	38	0	7	4688	0
762	Lost One Riftseeker		37	38	0	7	4688	0
763	Lost One Chieftain		39	39	4	7	10921	0
764	Swampwalker		38	39	0	4	2024	0
765	Swampwalker Elder		39	40	0	4	9012	0
766	Tangled Horror		40	41	0	4	697	0
767	Swamp Jaguar		36	37	0	1	632	0
768	Shadow Panther		39	40	0	1	633	0
769	Deathstrike Tarantula		40	41	0	1	336	0
770	Corporal Kaleb		40	40	0	7	4396	0
771	Commander Felstrom		32	32	4	6	7848	0
772	Stranglethorn Tigress		37	38	0	1	614	0
773	Krazek		35	35	0	7	7164	0
775	Kurzen's Agent		32	33	0	7	4460	0
777	Amy Davenport	Tradeswoman	20	20	0	7	3366	0
780	Skullsplitter Mystic		39	40	0	7	4616	0
781	Skullsplitter Headhunter		43	44	0	7	4635	0
782	Skullsplitter Scout		41	42	0	7	4625	0
783	Skullsplitter Berserker		43	44	0	7	4623	0
784	Skullsplitter Beastmaster		41	42	0	7	4624	0
785	Skeletal Warder		28	29	0	6	612	0
786	Grelin Whitebeard		5	5	0	7	1354	0
787	Skeletal Healer		26	27	0	6	7555	0
789	Kimberly Hiett	Fletcher	20	20	0	7	3369	0
790	Karen Taylor	Mining and Smithing Supplies	22	22	0	7	3363	0
791	Lindsay Ashlock	General Supplies	20	20	0	7	3368	0
793	Kara Adams	Shield Crafter	25	25	0	7	3356	0
794	Matt		1	1	0	7	338	0
795	Mark		1	1	0	7	338	0
796	Joshua		1	1	0	7	221	0
797	Bo		1	1	0	7	338	0
798	Solomon		1	1	0	7	221	0
799	Kevin		1	1	0	7	338	0
800	Kyle		1	1	0	7	338	0
801	Eric		1	1	0	7	262	0
802	Jay		1	1	0	7	221	0
804	Dana		1	1	0	7	257	0
805	Cameron		1	1	0	7	262	0
806	John		1	1	0	7	338	0
807	Lisa		1	1	0	7	252	0
808	Grik'nir the Cold		5	5	0	7	5609	0
809	[UNUSED] Smith Theo	Weapon Merchant	24	24	0	7	218	1
810	Aaron		1	1	0	7	338	0
811	Jose		1	1	0	7	221	0
812	Alma Jainrose	Herbalism Trainer	20	20	0	7	1745	0
813	Colonel Kurzen		40	40	1	7	637	0
814	Sergeant Malthus		38	38	0	7	4455	0
815	Bookie Herod		35	35	0	7	4451	0
818	Mai'Zoth		47	47	1	7	11546	0
819	Servant of Ilgalar		24	25	0	3	3916	0
820	Scout Riell	The People's Militia	30	30	0	7	2374	0
821	Captain Danuvin	The People's Militia	33	33	0	7	2372	0
822	Young Forest Bear		8	9	0	1	1006	0
823	Deputy Willem		18	18	0	7	2072	0
824	Defias Digger		15	16	0	7	2441	0
826	Watcher Jan	The Night Watch	39	39	0	7	2389	0
827	Watcher Mocarski	The Night Watch	38	38	0	7	2395	0
828	Watcher Petras	The Night Watch	38	38	0	7	2397	0
829	Adlin Pridedrift	General Supplies	5	5	0	7	3388	0
830	Sand Crawler		13	14	0	1	342	0
831	Sea Crawler		15	16	0	1	979	0
832	Dust Devil		18	19	0	4	5327	0
833	Coyote Packleader		11	12	0	1	161	0
834	Coyote		10	11	0	1	643	0
836	Durnan Furcutter	Cloth & Leather Armor Merchant	5	5	0	7	3406	0
837	Branstock Khalder	Priest Trainer	5	5	0	7	3401	0
840	Watcher Backus	The Night Watch	42	42	0	7	2380	0
841	Harl Cutter	Woodcrafting Supplier	1	1	0	7	3261	1
842	Lumberjack		5	5	0	7	308	0
843	Gina MacGregor	Trade Supplies	15	15	0	7	3260	0
844	Antonio Perelli	Traveling Salesman	35	35	0	7	4416	0
846	Ghoul		14	15	0	6	646	1
847	Nathan		5	5	0	7	338	0
848	Madison		5	5	0	7	257	0
849	Rachel		3	3	0	7	252	0
850	Erin		5	5	0	7	257	0
851	Hannah		5	5	0	7	344	0
852	Feral Spirit		1	1	0	10	647	0
853	Coldridge Mountaineer		55	55	0	7	1598	0
854	Young Jungle Stalker		36	37	0	1	615	0
855	Young Stranglethorn Raptor		30	31	0	1	180	0
856	Young Lashtail Raptor		33	34	0	1	2571	0
857	Donal Osgood	Arathi Basin Battlemaster	61	61	1	7	15114	0
858	Sorrow Spinner		36	37	0	1	2543	0
859	Guard Berton		33	33	0	7	3453	0
860	Pet Wolf		10	10	0	7	855	1
861	Stonard Scout		36	37	0	7	4497	0
862	Stonard Explorer		37	38	0	7	4495	0
863	Stonard Hunter		50	51	0	7	4499	0
864	Stonard Orc		50	50	0	7	4501	0
865	Stonard Wayfinder		50	51	0	7	4506	0
866	Stonard Grunt		55	55	0	7	4503	0
867	Stonard Cartographer		52	52	0	7	4508	0
868	Stonard Shaman		53	53	0	7	4551	0
869	Protector Dorana	The People's Militia	30	30	0	7	2366	0
870	Protector Deni	The People's Militia	30	30	0	7	2365	0
871	Saltscale Warrior		35	36	1	7	506	0
873	Saltscale Oracle		36	37	1	7	11293	0
874	Protector Korelor	The People's Militia	30	30	0	7	2369	0
875	Saltscale Tide Lord		37	37	1	7	391	0
876	Protector Leick	The People's Militia	30	30	0	7	2370	0
877	Saltscale Forager		35	36	1	7	4920	0
878	Scout Galiaan	The People's Militia	30	30	0	7	2373	0
879	Saltscale Hunter		35	36	1	7	1079	0
880	Erlan Drudgemoor		8	8	0	7	3322	0
881	Surena Caledon		9	9	0	7	3321	0
882	Bone Caster		57	59	0	6	11397	1
883	Deer		5	5	0	8	347	0
885	Watcher Keller	The Night Watch	39	39	0	7	2392	0
886	Watcher Hartin	The Night Watch	38	38	0	7	2387	0
887	Watcher Jordan	The Night Watch	39	39	0	7	2390	0
888	Watcher Dodds	The Night Watch	29	29	0	7	2384	0
889	Splinter Fist Ogre		25	26	0	7	415	1.3
890	Fawn		1	1	0	8	654	0
891	Splinter Fist Fire Weaver		26	27	0	7	326	0
892	Splinter Fist Taskmaster		27	28	0	7	11567	0
893	Lars		18	18	0	7	4329	0
894	Homer Stonefield	Fruit Seller	5	5	0	7	3332	0
895	Thorgas Grimson	Hunter Trainer	5	5	0	7	3395	0
896	Veldan Lightfoot	Leather Armor Merchant	10	10	0	7	3339	0
897	[UNUSED] Brannon Aybara (TEMP)	Hunter Trainer	62	62	0	7	166	1
898	Nightbane Worgen		26	27	0	7	657	0
900	Bailiff Conacher		30	30	0	7	5009	0
903	Guard Howe		30	30	0	7	3446	0
904	[UNUSED] Regna Khurn	Gunsmith	5	5	0	7	312	1
905	Sharptooth Frenzy		31	32	0	1	705	0
906	Maximillian Crowe	Warlock Trainer	10	10	0	7	3271	0
907	Keras Wolfheart	Arathi Basin Battlemaster	61	61	1	7	15115	0
908	Flora Silverwind	Superior Herbalist	44	44	0	7	4488	0
909	Defias Night Blade		25	26	0	7	4279	0
910	Defias Enchanter		26	27	0	7	4281	0
911	Llane Beshere	Warrior Trainer	5	5	0	7	3343	0
912	Thran Khorman	Warrior Trainer	5	5	0	7	3399	0
913	Lyria Du Lac	Warrior Trainer	12	12	0	7	1300	0
914	Ander Germaine	Warrior Trainer	60	60	0	7	1504	0
915	Jorik Kerridan	Rogue Trainer	5	5	0	7	3351	0
916	Solm Hargrin	Rogue Trainer	5	5	0	7	3407	0
917	Keryn Sylvius	Rogue Trainer	11	11	0	7	1297	0
918	Osborne the Night Man	Rogue Trainer	60	60	0	7	1507	0
919	[UNUSED] [PH] Berail Spiritwhisper	Shaman Trainer *Temp*	5	5	0	7	375	1
920	Nightbane Tainted One		30	31	0	7	1098	0
921	Venture Co. Lumberjack		34	35	0	7	7198	0
922	Silt Crawler		40	41	0	1	9571	0
923	Young Black Ravager		23	24	0	1	246	0
924	[UNUSED] Lesser Arachnid		23	24	0	1	659	1
925	Brother Sammuel	Paladin Trainer	5	5	0	7	3346	0
926	Bromos Grummner	Paladin Trainer	5	5	0	7	3393	0
927	Brother Wilhelm	Paladin Trainer	11	11	0	7	1299	0
928	Lord Grayson Shadowbreaker	Paladin Trainer	60	60	0	7	1499	0
929	Dreadlord Malganis	Overfiend	63	63	3	3	348	1
930	Black Widow Hatchling		24	25	0	1	368	0
931	Ariena Stormfeather	Gryphon Master	55	55	1	7	3364	0
932	Guard Ashlock		35	35	0	7	3384	0
933	Guard Hiett		35	35	0	7	3450	0
934	Guard Clarke		35	35	0	7	3455	0
935	Guard Pearce		35	35	0	7	3447	0
936	Guard Adams		35	35	0	7	3641	0
937	Kurzen Jungle Fighter		32	33	0	7	4443	0
938	Kurzen Commando		34	35	0	7	4439	0
939	Kurzen Elite		36	37	0	7	4446	0
940	Kurzen Medicine Man		32	33	0	7	4436	0
941	Kurzen Headshrinker		34	35	0	7	4444	0
942	Kurzen Witch Doctor		36	37	0	7	4450	0
943	Kurzen Wrangler		34	34	0	7	4438	0
944	Marryk Nurribit	Mage Trainer	5	5	0	7	10216	1.15
945	Rybrad Coldbank	Weaponsmith	5	5	0	7	3391	0
946	Frostmane Novice		3	4	0	7	5605	0
947	Rohh the Silent		26	26	4	7	10792	0
948	Rotted One		25	26	0	6	137	0
949	Carrion Recluse		25	26	0	1	545	0
950	Swamp Talker		50	50	0	7	5243	0
951	Brother Paxton	Librarian	27	27	0	7	3253	0
952	Brother Neals		50	50	0	7	3317	0
953	Spawn Test One	TEST MOB	15	15	0	7	351	1
954	Kat Sampson	Leather Armor Merchant	17	17	0	7	1842	0
955	Sergeant De Vries	Morale Officer	10	10	0	7	3338	0
956	Dorin Songblade	Armorer	22	22	0	7	3353	0
957	Dane Lindgren	Journeyman Blacksmith	30	30	0	7	3354	0
958	Dawn Brightstar	Arcane Goods	35	35	0	7	3347	0
959	Morley Eberlein	Clothier	10	10	0	7	5012	0
960	Gunder Thornbush	Tradesman	30	30	0	7	4336	0
963	Deputy Rainer		10	10	0	7	3279	0
976	Kurzen War Tiger		32	33	0	1	320	0
977	Kurzen War Panther		32	33	0	1	599	0
978	Kurzen Subchief		38	38	0	7	4459	0
979	Kurzen Shadow Hunter		38	38	0	7	4454	0
980	Grimnal	Mail & Plate Merchant	45	45	0	7	4562	0
981	Hartash	Weapon Merchant	45	45	0	7	4561	0
982	Thultash	Food & Drink Vendor	45	45	0	7	4563	0
983	Thultazor	Arcane Goods Vendor	45	45	0	7	4564	0
984	Thralosh	Cloth & Leather Armor Merchant	45	45	0	7	4565	0
985	Malosh	Warrior Trainer	50	50	0	7	4556	0
986	Haromm	Shaman Trainer	50	50	0	7	4552	0
987	Ogromm	Hunter Trainer	50	50	0	7	4560	0
988	Kartosh	Warlock Trainer	50	50	0	7	4567	0
989	Banalash	Trade Goods	50	50	0	7	4559	0
994	Nahr'ek da Howler		5	5	0	7	665	1
995	Nahr'ek's Pack		3	4	0	1	447	1
996	Master Tailor	Cheesy Test Tailor	62	62	0	7	242	1
999	Watcher Royce	The Night Watch	37	37	0	7	2398	0
1000	Watcher Blomberg	The Night Watch	20	20	0	7	2381	0
1001	Watcher Hutchins	The Night Watch	20	20	0	7	2388	0
1007	Mosshide Gnoll		20	21	0	7	3199	0
1008	Mosshide Mongrel		21	22	0	7	355	0
1009	Mosshide Mistweaver		22	23	0	7	3197	0
1010	Mosshide Fenrunner		22	23	0	7	714	0
1011	Mosshide Trapper		23	24	0	7	8598	0
1012	Mosshide Brute		24	25	0	7	3196	0
1013	Mosshide Mystic		25	26	0	7	714	0
1014	Mosshide Alpha		27	27	0	7	543	0
1015	Highland Raptor		23	24	0	1	670	0.61
1016	Highland Lashtail		24	25	0	1	673	0
1017	Highland Scytheclaw		25	26	0	1	649	0
1018	Highland Razormaw		27	28	0	1	180	0
1019	Elder Razormaw		29	29	0	1	788	0
1020	Mottled Raptor		22	23	0	1	960	0.61
1021	Mottled Screecher		24	25	0	1	677	0
1022	Mottled Scytheclaw		25	26	0	1	648	0
1023	Mottled Razormaw		26	27	0	1	949	0
1024	Bluegill Murloc		20	21	0	7	486	0
1025	Bluegill Puddlejumper		21	22	0	7	983	0
1026	Bluegill Forager		22	23	0	7	1305	0
1027	Bluegill Warrior		24	25	0	7	506	0
1028	Bluegill Muckdweller		23	24	0	7	1079	0
1029	Bluegill Oracle		25	26	0	7	486	0
1030	Black Slime		20	21	0	10	360	0
1031	Crimson Ooze		24	25	0	10	11138	0
1032	Black Ooze		23	24	0	10	767	0
1033	Monstrous Ooze		25	26	0	10	11139	0
1034	Dragonmaw Raider		26	27	0	7	4916	0
1035	Dragonmaw Swamprunner		27	28	0	7	4917	0
1036	Dragonmaw Centurion		28	29	0	7	4919	0
1037	Dragonmaw Battlemaster		30	30	4	7	4912	0
1038	Dragonmaw Shadowwarder		28	29	0	7	4924	0
1039	Fen Dweller		20	21	0	4	713	0
1040	Fen Creeper		24	25	0	4	2023	0
1041	Fen Lord		25	26	0	4	2024	0
1042	Red Whelp		23	24	0	2	9583	0
1043	Lost Whelp		24	25	0	2	956	0
1044	Flamesnorting Whelp		26	27	0	2	8712	0
1045	Red Dragonspawn		57	58	1	2	363	0
1046	Red Wyrmkin		58	59	1	2	8312	0
1047	Red Scalebane		59	60	1	2	8313	0
1048	Scalebane Lieutenant		60	61	1	2	716	0
1049	Wyrmkin Firebrand		61	62	1	2	8314	0
1050	Scalebane Royal Guard		61	62	1	2	8315	0
1051	Dark Iron Dwarf		27	28	1	7	825	0
1052	Dark Iron Saboteur		28	29	1	7	3490	0
1053	Dark Iron Tunneler		29	30	1	7	3488	0
1054	Dark Iron Demolitionist		30	31	1	7	3487	0
1055	Dreamhunter		47	47	0	2	6375	1
1056	Emerald Sentinel		45	45	0	2	5145	1
1057	Dragonmaw Bonewarder		27	28	0	7	4918	0
1058	[UNUSED] Truek		40	40	0	7	240	1
1059	Ana'thek the Cruel	Skullsplitter Chief	45	45	0	7	4634	0
1060	Mogh the Undying	Skullsplitter Clan Witchdoctor	44	44	1	7	4633	0
1061	Gan'zulah	Bloodscalp Chief	41	41	0	7	4582	0
1062	Nezzliok the Dire	Bloodscalp Clan Witchdoctor	40	40	0	7	4584	0
1063	Jade		47	47	2	2	7975	0
1064	Grom'gol Grunt		55	55	0	7	4368	0
1065	Riverpaw Shaman		12	13	0	7	204	0
1066	Mottled Riptooth	UNUSED	28	28	0	1	695	1
1067	Riverpaw Scavenger		8	8	0	7	10791	1
1068	Gorn		40	40	0	7	2740	0
1069	Crimson Whelp		25	26	0	2	505	0
1070	Deputy Feldon		33	33	0	7	2151	0
1071	Longbraid the Grim		35	35	0	7	1671	0
1072	Roggo Harlbarrow		30	30	0	7	1673	0
1073	Ashlan Stonesmirk		27	27	0	7	1672	0
1074	Motley Garmason		30	30	0	7	1675	0
1075	Rhag Garmason		25	25	0	7	1676	0
1076	Merrin Rockweaver	Explorers' League	30	30	0	7	1401	0
1077	Prospector Whelgar	Explorers' League	30	30	0	7	1399	0
1078	Ormer Ironbraid		25	25	0	7	1402	0
1081	Mire Lord		42	42	0	4	9010	0
1082	Sawtooth Crocolisk		38	39	0	1	807	0
1083	Murloc Shorestriker		16	17	0	7	1305	0
1084	Young Sawtooth Crocolisk		35	36	0	1	814	0
1085	Elder Stranglethorn Tiger		34	35	0	1	698	0
1087	Sawtooth Snapper		41	42	0	1	815	0
1088	Monstrous Crawler		43	44	0	1	699	0
1089	Mountaineer Cobbleflint		30	30	0	7	1628	0
1090	Mountaineer Wallbang		30	30	0	7	1629	0
1091	Mountaineer Gravelgaw		30	30	0	7	1625	0
1092	Captain Rugelfuss		40	40	0	7	1630	0
1093	Chief Engineer Hinderweir VII		40	40	0	7	1685	0
1094	Venture Co. Miner		34	35	0	7	7201	0
1095	Venture Co. Workboss		36	36	0	7	7205	0
1096	Venture Co. Geologist		35	36	0	7	7197	0
1097	Venture Co. Mechanic		34	35	0	7	7200	0
1098	Watcher Merant	The Night Watch	20	20	0	7	2394	0
1099	Watcher Gelwin	The Night Watch	20	20	0	7	2386	0
1100	Watcher Selkin	The Night Watch	20	20	0	7	2400	0
1101	Watcher Thayer	The Night Watch	20	20	0	7	2401	0
1103	Eldrin	Journeyman Tailor	22	22	0	7	1290	0
1104	Grundel Harkin	Armorer	5	5	0	7	3397	0
1105	Jern Hornhelm	Explorers' League	15	15	0	7	1572	0
1106	Lost One Cook		37	37	4	7	152	0
1108	Mistvale Gorilla		32	33	0	1	843	0.86
1109	Fleshripper		13	14	0	1	2305	0
1110	Skeletal Raider		27	28	0	6	734	0
1111	Leech Stalker		21	22	0	1	711	0
1112	Leech Widow		24	24	4	1	955	1
1114	Jungle Thunderer		37	38	0	1	845	0.88
1115	Rockjaw Skullthumper		8	9	0	7	726	0
1116	Rockjaw Ambusher		9	10	0	7	726	0
1117	Rockjaw Bonesnapper		9	10	0	7	726	0
1118	Rockjaw Backbreaker		11	12	0	7	723	0
1119	Hammerspine		12	12	4	7	830	0
1120	Frostmane Troll		7	8	0	7	5608	0
1121	Frostmane Snowstrider		8	9	0	7	5607	0
1122	Frostmane Hideskinner		9	10	0	7	5612	0
1123	Frostmane Headhunter		8	9	0	7	5626	0
1124	Frostmane Shadowcaster		9	10	0	7	5613	0
1125	Crag Boar		5	6	0	1	607	0
1126	Large Crag Boar		6	7	0	1	381	0
1127	Elder Crag Boar		7	8	0	1	744	0
1128	Young Black Bear		5	6	0	1	8843	0
1129	Black Bear		6	7	0	1	719	0
1130	Bjarn		12	12	4	1	913	0
1131	Winter Wolf		7	8	0	1	785	0
1132	Timber		10	10	4	1	11422	0
1133	Starving Winter Wolf		8	9	0	1	11416	0.74
1134	Young Wendigo		5	6	0	7	929	0
1135	Wendigo		6	7	0	7	950	0
1137	Edan the Howler		9	9	4	7	931	0
1138	Snow Tracker Wolf		6	7	0	1	604	0.72
1139	Magistrate Bluntnose		20	20	0	7	1597	0
1140	Razormaw Matriarch		31	31	4	1	11316	0
1141	Angus Stern	Head Chef	60	60	0	7	5073	0
1142	Mosh'Ogg Brute		36	37	0	7	11567	0
1144	Mosh'Ogg Witch Doctor		36	37	0	7	610	0
1146	Vharr	Superior Weaponsmith	40	40	0	7	4389	0
1147	Hragran	Cloth & Leather Armor Merchant	40	40	0	7	4371	0
1148	Nerrist	Trade Goods	40	40	0	7	4377	0
1149	Uthok	General Supplies	40	40	0	7	4388	0
1150	River Crocolisk		30	31	0	1	1039	0
1151	Saltwater Crocolisk		35	36	0	1	2548	0
1152	Snapjaw Crocolisk		35	36	0	1	833	0
1153	Torren Squarejaw	Explorers' League	15	15	0	7	1656	0
1154	Marek Ironheart		15	15	0	7	1596	0
1155	Kelt Thomasin		15	15	0	7	1618	0
1156	Vyrin Swiftwind		15	15	0	7	1643	0
1157	Cursed Sailor		26	27	0	6	3505	0
1158	Cursed Marine		27	28	0	6	11372	0
1159	First Mate Snellig		29	29	0	6	3512	0
1160	Captain Halyndor		30	30	0	6	3494	0
1161	Stonesplinter Trogg		11	12	0	7	763	0
1162	Stonesplinter Scout		11	12	0	7	764	0
1163	Stonesplinter Skullthumper		13	14	0	7	160	0
1164	Stonesplinter Bonesnapper		15	16	0	7	722	0
1165	Stonesplinter Geomancer		17	18	0	7	160	0
1166	Stonesplinter Seer		13	14	0	7	764	0
1167	Stonesplinter Digger		18	19	0	7	722	0
1169	Dark Iron Insurgent		18	19	0	7	3456	0
1171	Dark Iron Guerrilla		17	18	0	7	825	1
1172	Tunnel Rat Vermin		10	11	0	7	10913	0
1173	Tunnel Rat Scout		10	11	0	7	365	0
1174	Tunnel Rat Geomancer		12	13	0	7	163	0
1175	Tunnel Rat Digger		12	13	0	7	373	0
1176	Tunnel Rat Forager		11	12	0	7	10912	0
1177	Tunnel Rat Surveyor		14	14	0	7	2299	0
1178	Mo'grosh Ogre		18	19	1	7	1122	0
1179	Mo'grosh Enforcer		18	19	1	7	6692	0
1180	Mo'grosh Brute		19	20	1	7	14403	0
1181	Mo'grosh Shaman		18	19	1	7	1045	0
1182	Brother Anton	Scarlet Crusade Emissary	45	45	0	7	2070	0
1183	Mo'grosh Mystic		19	20	1	7	1052	0
1184	Cliff Lurker		13	14	0	1	827	0
1185	Wood Lurker		17	18	0	1	520	0
1186	Elder Black Bear		11	12	0	1	707	0
1187	Daryl the Youngling		15	15	0	7	1356	0
1188	Grizzled Black Bear		13	14	0	1	762	0
1189	Black Bear Patriarch		16	17	0	1	762	0
1190	Mountain Boar		10	11	0	1	704	0
1191	Mangy Mountain Boar		14	15	0	1	3027	0
1192	Elder Mountain Boar		16	17	0	1	1208	0
1193	Loch Frenzy		12	13	0	1	1004	0
1194	Mountain Buzzard		15	16	0	1	410	0
1195	Forest Lurker		10	11	0	1	827	0
1196	Ice Claw Bear		7	8	0	1	8840	0
1197	Stonesplinter Shaman		15	16	0	7	763	0
1198	Rallic Finn	Bowyer	18	18	0	7	5014	0
1199	Juvenile Snow Leopard		5	6	0	1	748	0
1200	Morbent Fel		32	32	1	7	4272	0
1201	Snow Leopard		7	8	0	1	954	0
1202	Tunnel Rat Kobold		11	12	0	7	26	0
1203	Watcher Sarys	The Night Watch	35	35	0	7	2399	0
1204	Watcher Corwin	The Night Watch	38	38	0	7	2382	0
1205	Grawmug		17	17	0	7	1194	0
1206	Gnasher		16	16	0	7	721	0
1207	Brawler		16	16	0	7	721	0
1210	Chok'sul		22	22	1	7	1054	0
1211	Leper Gnome		8	10	0	7	6921	1.15
1212	Bishop Farthing		40	40	0	7	5548	0
1213	Godric Rothgar	Armorer & Shieldcrafter	5	5	0	7	3278	0
1214	Aldren Cordon	Clothier	18	18	0	7	1821	0
1215	Alchemist Mallory	Journeyman Alchemist	26	26	0	7	3237	0
1216	Shore Crawler		17	18	0	1	9570	0
1217	Glorin Steelbrow		25	25	0	7	3460	0
1218	Herbalist Pomeroy	Herbalism Trainer	10	10	0	7	3269	0
1222	Dark Iron Sapper		17	17	0	7	870	0
1224	Young Threshadon		19	20	0	1	867	0
1225	Ol' Sooty		20	20	1	1	706	0
1226	Maxan Anvol	Priest Trainer	10	10	0	7	3429	0
1227	Rygal Rocknell	iCoke Redemption Vendor	35	35	0	7	14949	1
1228	Magis Sparkmantle	Mage Trainer	10	10	0	7	10215	1.15
1229	Granis Swiftaxe	Warrior Trainer	9	12	0	7	3431	0
1230	[UNUSED] Lexin Haze	Warlock Trainer *Temp*	10	10	0	7	278	1
1231	Grif Wildheart	Hunter Trainer	8	12	0	7	3558	0
1232	Azar Stronghammer	Paladin Trainer	12	12	0	7	1622	0
1233	Shaethis Darkoak	Hippogryph Master	55	55	1	7	14310	1
1234	Hogral Bakkan	Rogue Trainer	12	12	0	7	3436	0
1235	[UNUSED] Maryann Grapefoot	Food Merchant	5	5	0	7	312	1
1236	Kobold Digger		12	13	0	7	373	0
1237	Kazan Mogosh	Food & Drink Merchant	8	8	0	7	3418	0
1238	Gamili Frosthide	Cloth & Leather Armor Merchant	9	9	0	7	3420	0
1239	First Mate Fitzsimmons		30	30	0	7	1699	0
1240	Boran Ironclink	Armorer	8	11	0	7	3425	0
1241	Tognus Flintfire	Journeyman Blacksmith	30	30	0	7	3422	0
1242	Karl Boran		30	30	0	7	3461	0
1243	Hegnar Rumbleshot	Gunsmith	8	12	0	7	3412	0
1244	Rethiel the Greenwarden		30	30	0	4	480	0
1245	Kogan Forgestone		8	10	0	7	3513	0
1246	Vosur Brakthel	Journeyman Alchemist	30	30	0	7	10635	0
1247	Innkeeper Belm	Innkeeper	30	30	0	7	3434	0
1249	Quartermaster Hudson	Armorer & Shieldcrafter	10	10	0	7	3337	0
1250	Drake Lindgren	General & Trade Supplies	10	10	0	7	3326	0
1251	Splinter Fist Firemonger		28	29	0	7	3190	0
1252	Senir Whitebeard		8	12	0	7	1376	0
1253	Father Gavin	The Argent Dawn	15	15	0	7	1616	0
1254	Foreman Stonebrow	Miners' League	12	12	0	7	1569	0
1255	Prospector Gehn	Explorers' League	8	12	0	7	1623	0
1256	Quarrymaster Thesten	Miners' League	10	10	0	7	3423	0
1257	Keldric Boucher	Arcane Goods Vendor	30	30	0	7	1431	0
1258	Black Ravager Mastiff		25	26	0	1	9562	0
1259	Gobbler		22	22	0	7	652	0
1260	Great Father Arctikus		11	11	4	7	5625	0
1261	Veron Amberstill	Ram Breeder	10	10	0	7	2790	0
1262	White Ram		30	30	0	8	10003	1
1263	Yarlyn Amberstill		1	1	0	7	1981	1
1265	Rudra Amberstill		10	10	0	7	1651	0
1266	Tundra MacGrann		20	20	0	7	1683	0
1267	Ragnar Thunderbrew		30	30	0	7	1684	0
1268	Ozzie Togglevolt		10	10	0	7	3441	1.15
1269	Razzle Sprysprocket		20	20	0	7	3440	1.15
1270	Fetid Corpse		29	30	0	6	559	0
1271	Old Icebeard		11	11	1	7	1050	0
1273	Grawn Thromwyn	Weaponsmith	10	10	0	7	3417	0
1274	Senator Barin Redstone		50	50	0	7	1655	0
1275	Kyra Boucher	Reagent Vendor	30	30	0	7	1444	0
1276	Mountaineer Brokk		30	30	0	7	1777	0
1277	Mountaineer Ganin		30	30	0	7	1784	0
1278	Mountaineer Stenn		30	30	0	7	1804	0
1279	Mountaineer Flint		30	30	0	7	1783	0
1280	Mountaineer Droken		30	30	0	7	1781	0
1281	Mountaineer Zaren		30	30	0	7	1812	0
1282	Mountaineer Veek		30	30	0	7	1809	0
1283	Mountaineer Kalmir		30	30	0	7	1793	0
1284	Archbishop Benedictus		63	63	3	7	5072	0
1285	Thurman Mullby	General Goods Vendor	30	30	0	7	1434	0
1286	Edna Mullby	Trade Supplier	30	30	0	7	1440	0
1287	Marda Weller	Weapons Merchant	30	30	0	7	1448	0
1288	[UNUSED] Hevram Bristol	Mace & Staff Merchant	60	60	0	7	1430	1
1289	Gunther Weller	Weapons Merchant	30	30	0	7	1429	0
1290	[UNUSED] Winston Bagley	Cloth Armor Merchant	45	45	0	7	1435	1
1291	Carla Granger	Cloth Armor Merchant	30	30	0	7	1439	0
1292	Maris Granger	Skinning Trainer	35	35	0	7	1449	0
1293	[UNUSED] Gerard Granger	Mail Armor Merchant	1	1	0	7	1428	1
1294	Aldric Moore	Mail Armor Merchant	30	30	0	7	1423	0
1295	Lara Moore	Leather Armor Merchant	30	30	0	7	1445	0
1296	Felder Stover	Weaponsmith	54	54	0	7	1426	0
1297	Lina Stover	Bow & Gun Merchant	30	30	0	7	1446	0
1298	Frederick Stover	Bow & Arrow Merchant	30	30	0	7	1427	0
1299	Lisbeth Schneider	Clothier	30	30	0	7	1447	0
1300	Lawrence Schneider	Journeyman Tailor	25	25	0	7	1432	0
1301	Julia Gallina	Wine Vendor	30	30	0	7	1443	0
1302	Bernard Gump	Florist	30	30	0	7	1425	0
1303	Felicia Gump	Herbalism Supplier	30	30	0	7	1441	0
1304	Darian Singh	Fireworks Vendor	30	30	0	7	1487	0
1305	Jarel Moor	Bartender	30	30	0	7	1490	0
1306	[UNUSED] Melechan Damodred	Reagent Vendor	45	45	0	7	1493	1
1307	Charys Yserian	Arcane Trinkets Vendor	50	50	0	7	1480	0
1308	Owen Vaughn	Reagent Vendor	30	30	0	7	1494	0
1309	Wynne Larson	Robe Merchant	30	30	0	7	1483	0
1310	Evan Larson	Hatter	30	30	0	7	1489	0
1311	Joachim Brenlow	Bartender	30	30	0	7	1491	0
1312	Ardwyn Cailen	Wand Merchant	30	30	0	7	1477	0
1313	Maria Lumere	Alchemy Supplies	30	30	0	7	1482	0
1314	Duncan Cullen	Light Armor Merchant	30	30	0	7	1488	0
1315	Allan Hafgan	Staves Merchant	30	30	0	7	1486	0
1316	Adair Gilroy	Librarian	60	60	0	7	1485	0
1317	Lucan Cordell	Expert Enchanter	35	35	0	7	1492	0
1318	Jessara Cordell	Enchanting Supplies	30	30	0	7	1481	0
1319	Bryan Cross	Shield Merchant	30	30	0	7	1510	0
1320	Seoman Griffith	Leather Armor Merchant	30	30	0	7	1517	0
1321	Alyssa Griffith	Bag Vendor	30	30	0	7	1520	0
1322	Maxton Strang	Mail Armor Merchant	40	40	0	7	1514	0
1323	Osric Strang	Heavy Armor Merchant	30	30	0	7	1515	0
1324	Heinrich Stone	Blade Merchant	30	30	0	7	1512	0
1325	Jasper Fel	Shady Dealer	30	30	0	7	1513	0
1326	Sloan McCoy	Poison Supplier	25	25	0	7	1523	0
1327	Reese Langston	Tavernkeeper	30	30	0	7	1516	0
1328	Elly Langston	Barmaid	60	60	0	7	1521	0
1329	Mountaineer Naarh		30	30	0	7	1800	0
1330	Mountaineer Tyraw		30	30	0	7	1807	0
1331	Mountaineer Luxst		30	30	0	7	1796	0
1332	Mountaineer Morran		30	30	0	7	1799	0
1333	Gerik Koen	Two Handed Weapon Merchant	30	30	0	7	1511	0
1334	Mountaineer Hammerfall		30	30	0	7	1789	0
1335	Mountaineer Yuttha		30	30	0	7	1811	0
1336	Mountaineer Zwarn		30	30	0	7	1813	0
1337	Mountaineer Gwarth		30	30	0	7	1786	0
1338	Mountaineer Dalk		30	30	0	7	1779	0
1339	Mayda Thane	Cobbler	30	30	0	7	1522	0
1340	Mountaineer Kadrell		30	30	0	7	1892	0
1341	Wilhelm Strang	Mail Armor Merchant	30	30	0	7	1518	0
1342	Mountaineer Rockgar		30	30	0	7	1893	0
1343	Mountaineer Stormpike		30	30	0	7	1894	0
1344	Prospector Ironband		15	15	0	7	3437	0
1345	Magmar Fellhew		15	15	0	7	3432	0
1346	Georgio Bolero	Artisan Tailor	46	46	0	7	1502	0
1347	Alexandra Bolero	Tailoring Supplies	30	30	0	7	1497	0
1348	Gregory Ardus	Staff & Mace Merchant	30	30	0	7	1503	0
1349	Agustus Moulaine	Mail Armor Merchant	30	30	0	7	1500	0
1350	Theresa Moulaine	Robe Vendor	30	30	0	7	1498	0
1351	Brother Cassius	Reagent Vendor	30	30	0	7	1501	0
1352	Fluffy		1	1	0	8	328	0
1353	Sarltooth		29	29	0	1	755	0
1354	Apprentice Soren		3	3	0	7	1396	0
1355	Cook Ghilm	Cooking Trainer	8	11	0	7	3416	0
1356	Prospector Stormpike		30	30	0	7	3594	0
1358	Miner Grothor		8	10	0	7	3419	0
1360	Miner Grumnal		8	10	0	7	3421	0
1361	[UNUSED] Kern the Enforcer		28	28	2	7	166	1
1362	Gothor Brumn	Armorer	20	20	0	7	1835	0
1364	Balgaras the Foul		34	34	1	7	1398	0
1365	Goli Krumn		10	10	0	7	14092	0
1366	Adam		1	1	0	7	338	0
1367	Billy		1	1	0	7	221	0
1368	Justin		1	1	0	7	221	0
1370	Brandon		1	1	0	7	338	0
1371	Roman		1	1	0	7	262	0
1373	Jarven Thunderbrew		15	15	0	7	3438	0
1374	Rejold Barleybrew		10	10	0	7	3398	0
1375	Marleth Barleybrew		12	12	0	7	3405	0
1376	Beldin Steelgrill		12	12	0	7	3389	0
1377	Pilot Stonegear		20	20	0	7	5106	0
1378	Pilot Bellowfiz		18	18	0	7	5105	0
1379	Miran		15	15	0	7	1417	0
1380	Saean		10	10	0	7	1657	0
1381	Krakk	Superior Armorer	40	40	0	7	4373	0
1382	Mudduk	Superior Cook	40	40	0	7	4376	0
1383	Snarl	Expert Blacksmith	31	31	0	7	4382	0
1384	Z'tark	Superior Miner	40	40	0	7	4390	1
1385	Brawn	Expert Leatherworker	35	35	0	7	4365	0
1386	Rogvar	Master Alchemist	53	53	0	7	4380	0
1387	Thysta	Wind Rider Master	55	55	1	7	1868	0
1388	Vagash		11	11	1	7	1050	0
1392	Xon		24	24	0	1	418	1
1393	Berserk Trogg		19	20	0	7	721	0
1395	Ol' Beasley		10	10	0	7	1508	0
1397	Frostmane Seer		8	9	0	7	5610	0
1398	Boss Galgosh	Stonesplinter Chieftain	22	22	4	7	1194	0
1399	Magosh	Stonesplinter Tribal Shaman	21	21	4	7	160	0
1400	Wetlands Crocolisk		23	24	0	1	1036	0
1401	Test Squirrel		1	1	0	1	134	1
1402	Topper McNabb		1	1	0	7	1438	0
1403	Mogwah	Warrior Trainer	40	40	0	7	4374	1
1404	Kragg	Hunter Trainer	40	40	0	7	4372	0
1405	Morris Lawry		1	1	0	7	1524	0
1406	Ghok	Shaman Trainer	40	40	0	7	4367	1
1407	Sranda	Light Armor & Weapons Merchant	40	40	0	7	4385	0
1408	Thragg	Warlock Trainer	40	40	0	7	4387	1
1409	Moorah Stormhoof	Druid Trainer	40	40	0	7	4375	1
1410	Loranna Dawnfyre UNUSED (Reuse me)	Priest Trainer	1	1	0	7	4718	1
1411	Ian Strom	Rogue Trainer	47	47	0	7	5146	0
1412	Squirrel		1	1	0	8	134	0
1413	Janey Anship		25	25	0	7	1472	0
1414	Lisan Pierce		25	25	0	7	1473	0
1415	Suzanne		25	25	0	7	2038	0
1416	Grimand Elmore		50	50	0	7	4998	0
1417	Young Wetlands Crocolisk		21	22	0	1	1035	0.47
1418	Bluegill Raider		28	29	0	7	391	0
1419	Fizzles		1	1	0	1	328	0
1420	Toad		1	1	0	8	901	0
1421	Private Merle	Rebel Soldier	31	31	0	7	4437	0
1422	Corporal Sethman		40	40	0	7	4395	0
1423	Stormwind Guard		22	25	0	7	3258	0
1424	Master Digger		15	15	4	7	774	0
1425	Grizlak		15	15	4	7	774	0
1426	Riverpaw Miner		14	15	0	7	374	0
1427	Harlan Bagley		12	12	0	7	5551	0
1428	Rema Schneider		35	35	0	7	5552	0
1429	Thurman Schneider		2	2	0	7	221	0
1430	Tomas	Cook	10	10	0	7	1293	0
1431	Suzetta Gallina		30	30	0	7	5545	0
1432	Renato Gallina		45	45	0	7	5074	0
1433	Corbett Schneider		5	5	0	7	5550	0
1434	Menethil Sentry		38	42	0	7	2677	0
1435	Zardeth of the Black Claw		60	60	0	7	1765	0
1436	Watcher Cutford	The Night Watch	37	37	0	7	2383	0
1437	Thomas Booker		20	20	0	7	3484	0
1439	Lord Baurles K. Wishock	House of Nobles	10	10	0	7	1758	0
1440	Milton Sheaf	Librarian	15	15	0	7	5553	0
1441	Brak Durnad	Weaponsmith	25	25	0	7	3473	0
1442	Helgrum the Swift		60	60	0	7	4549	0
1443	Fel'zerul		60	60	0	7	4554	0
1444	Brother Kristoff		40	40	0	7	5549	0
1445	Jesse Halloran		2	2	0	7	338	0
1446	Regina Halloran		2	2	0	7	252	0
1447	Gimlok Rumdnul		2	2	0	7	3640	0
1448	Neal Allen	Engineering & General Goods Supplier	20	20	0	7	3459	0
1449	Witch Doctor Unbagwa		42	42	0	7	4661	1.6
1450	Brahnmar	Armorer	25	25	0	7	3474	0
1451	Camerick Jongleur	Wandering Minstrel	25	25	0	7	3462	0
1452	Gruham Rumdnul	General Supplies	25	25	0	7	3476	0
1453	Dewin Shimmerdawn	Alchemy Supplies	25	25	0	7	1895	0
1454	Jennabink Powerseam	Tailoring Supplies & Specialty Goods	25	25	0	7	5033	1.15
1455	[UNUSED] Grummar Thunk	Fletching Supplier	1	1	0	7	3475	1
1456	Kersok Prond	Tradesman	25	25	0	7	3478	0
1457	Samor Festivus	Shady Dealer	25	25	0	7	3464	0
1458	Telurinon Moonshadow	Herbalism Trainer	25	25	0	7	1898	0
1459	Naela Trance	Bowyer	25	25	0	7	3463	0
1460	Unger Statforth	Horse Breeder	25	25	0	7	3465	0
1461	Murndan Derth	Gunsmith	25	25	0	7	3477	0
1462	Edwina Monzor	Fletcher	25	25	0	7	3466	0
1463	Falkan Armonis	Reagent Vendor	25	25	0	7	3467	0
1464	Innkeeper Helbrek	Innkeeper	30	30	0	7	3479	0
1465	Drac Roughcut	Tradesman	15	15	0	7	1820	0
1466	Gretta Finespindle	Journeyman Leatherworker	24	24	0	7	10620	1.15
1467	[UNUSED] [PH] Brawl Thunderpunch	Weaponsmith <Temp>	15	15	0	7	2584	1
1468	Kargh Steelspine	Armorer	15	15	0	7	2584	1
1469	Vrok Blunderblast	Gunsmith	15	15	0	7	1847	0
1470	Ghak Healtouch	Journeyman Alchemist	25	25	0	7	1834	0
1471	Jannos Ironwill	Superior Macecrafter	46	46	0	7	3963	0
1472	Morgg Stormshot		53	53	0	7	5570	0
1473	Kali Healtouch	Herbalist	14	14	0	7	1841	0
1474	Rann Flamespinner	Tailoring Supplies	15	15	0	7	1846	0
1475	Menethil Guard		47	47	0	7	790	0
1476	Hargin Mundar		20	20	0	7	3491	0
1477	Christoph Faral		30	30	0	7	1509	0
1478	Aedis Brom		30	30	0	7	1519	0
1479	Timothy Clark		20	20	0	7	3506	0
1480	Caitlin Grassman		20	20	0	7	3486	0
1481	Bart Tidewater	Captain of the Maiden's Virtue	20	20	0	7	4429	0
1482	Andrea Halloran		20	20	0	7	3485	0
1483	Murphy West		20	20	0	7	2733	0
1484	Derina Rumdnul		20	20	0	7	3489	0
1485	[UNUSED] Bazaar Merchant TEST	Florist	60	60	0	7	227	1
1487	Splinter Fist Enslaver		30	31	0	7	6170	0
1488	Zanzil Zombie		43	44	0	6	1065	0
1489	Zanzil Hunter		43	44	0	6	828	0
1490	Zanzil Witch Doctor		44	44	0	7	317	0
1491	Zanzil Naga		44	44	0	6	4923	0
1492	Gorlash		47	47	1	5	10039	0
1493	Mok'rash		50	50	1	5	12812	0
1494	Negolash		52	52	1	5	4945	0
1495	Deathguard Linnea		22	22	0	7	2858	0
1496	Deathguard Dillinger		22	22	0	7	2855	0
1497	Gunther Arcanus		53	53	0	7	3518	0
1498	Bethor Iceshard		60	60	0	7	4055	0
1499	Magistrate Sevren		14	14	0	7	3514	0
1500	Coleman Farthing		15	15	0	7	3516	0
1501	Mindless Zombie		1	1	0	6	10973	0
1502	Wretched Zombie		1	2	0	6	10979	0
1504	Young Night Web Spider		2	3	0	1	513	0
1505	Night Web Spider		3	4	0	1	30	0
1506	Scarlet Convert		3	3	0	7	2403	0
1507	Scarlet Initiate		3	4	0	7	2467	0
1508	Young Scavenger		1	1	0	1	447	0.7
1509	Ragged Scavenger		2	3	0	1	604	0.71
1511	Enraged Silverback Gorilla		41	42	0	1	837	0
1512	Duskbat		1	2	0	1	4732	0.4
1513	Mangy Duskbat		3	4	0	1	9535	0.41
1514	Mokk the Savage		44	44	0	1	840	0
1515	Executor Zygand		14	14	0	7	1649	0
1516	Konda		43	43	0	1	839	0
1518	Apothecary Johaan	Royal Apothecary Society	20	20	0	7	1565	0
1519	Deathguard Simmer		23	23	0	7	1648	0
1520	Rattlecage Soldier		6	7	0	6	200	0
1521	Gretchen Dedmar		8	8	0	7	3515	0
1522	Darkeye Bonecaster		7	8	0	6	11398	0
1523	Cracked Skull Soldier		8	9	0	6	535	0
1525	Rotting Dead		5	6	0	6	1200	0
1526	Ravaged Corpse		6	7	0	6	1201	0
1527	Hungering Dead		7	8	0	6	1202	0
1528	Shambling Horror		8	9	0	6	1197	0
1529	Bleeding Horror		9	10	0	6	1198	0
1530	Rotting Ancestor		10	11	0	6	1196	0
1531	Lost Soul		6	7	4	6	985	0
1532	Wandering Spirit		10	11	0	6	3227	0
1533	Tormented Spirit		8	9	4	6	9534	0
1534	Wailing Ancestor		9	10	0	6	10752	0
1535	Scarlet Warrior		6	7	0	7	2471	0
1536	Scarlet Missionary		7	8	0	7	2468	0
1537	Scarlet Zealot		8	9	0	7	2483	0
1538	Scarlet Friar		9	10	0	7	2466	0
1539	Scarlet Neophyte		10	11	0	7	2469	0
1540	Scarlet Vanguard		10	11	0	7	2481	0
1541	Vile Fin Murloc		8	9	0	7	527	1
1543	Vile Fin Puddlejumper		7	8	0	7	441	0
1544	Vile Fin Minor Oracle		8	9	0	7	1005	0
1545	Vile Fin Muckdweller		9	10	0	7	346	0
1546	[UNUSED] Kegnar Thraln	Herbalism Trainer	8	40	0	7	2584	1
1547	Decrepit Darkhound		5	6	0	3	9021	0
1548	Cursed Darkhound		7	8	0	3	9020	0
1549	Ravenous Darkhound		9	10	0	3	3916	0
1550	Thrashtail Basilisk		41	42	0	1	8802	0
1551	Ironjaw Basilisk		43	44	0	1	2174	0
1552	Scale Belly		45	45	4	1	12342	0
1553	Greater Duskbat		6	7	0	1	4734	0.42
1554	Vampiric Duskbat		8	9	0	1	8808	0.44
1555	Vicious Night Web Spider		9	10	0	1	368	0
1557	Elder Mistvale Gorilla		40	41	0	1	838	1.33
1558	Silverback Patriarch		42	43	0	1	844	0
1559	King Mukla		51	51	1	1	792	0
1560	Yvette Farthing		15	15	0	7	3517	0
1561	Bloodsail Raider		40	41	0	7	793	0
1562	Bloodsail Mage		40	41	0	7	2561	0
1563	Bloodsail Swashbuckler		42	43	0	7	796	0
1564	Bloodsail Warlock		42	43	0	7	4461	0
1565	Bloodsail Sea Dog		44	45	0	7	796	0
1567	[UNUSED] Anson Phelps	Miner <Temp>	10	10	0	7	3355	1
1568	Undertaker Mordo		5	5	0	7	1582	0
1569	Shadow Priest Sarvis		5	5	0	7	1584	0
1570	Executor Arren		5	5	0	7	1583	0
1571	Shellei Brondir	Gryphon Master	55	55	1	7	5130	0
1572	Thorgrum Borrelson	Gryphon Master	55	55	1	7	5037	0
1573	Gryth Thurden	Gryphon Master	55	55	1	7	3007	0
1574	Mage 1		1	1	0	7	198	1
1575	Mage 5		5	5	0	7	198	1
1576	Mage 10		10	10	0	7	198	1
1577	Mage 15		15	15	0	7	198	1
1578	Mage 20		20	20	0	7	198	1
1579	Mage 30		30	30	0	7	198	1
1580	Mage 40		40	40	0	7	198	1
1581	Warlock 1		1	1	0	7	263	1
1582	Warlock 5		5	5	0	7	263	1
1583	Warlock 10		10	10	0	7	263	1
1584	Warlock 15		15	15	0	7	263	1
1585	Warlock 20		20	20	0	7	263	1
1586	Warlock 30		30	30	0	7	263	1
1587	Warlock 40		40	40	0	7	263	1
1588	Shaman 1		1	1	0	7	314	1
1589	Shaman 5		5	5	0	7	314	1
1590	Shaman 10		10	10	0	7	314	1
1591	Shaman 15		15	15	0	7	314	1
1592	Shaman 20		20	20	0	7	314	1
1593	Shaman 30		30	30	0	7	314	1
1594	Shaman 40		40	40	0	7	314	1
1595	Rogue 1		1	1	0	7	149	1
1596	Rogue 5		5	5	0	7	149	1
1597	Rogue 10		10	10	0	7	149	1
1598	Rogue 15		15	15	0	7	149	1
1599	Rogue 20		20	20	0	7	149	1
1600	Rogue 30		30	30	0	7	149	1
1601	Rogue 40		40	40	0	7	149	1
1602	Paladin 1		1	1	0	7	3960	1
1603	Paladin 5		5	5	0	7	282	1
1604	Druid 1		1	1	0	3	467	1
1605	Paladin 10		10	10	0	7	282	1
1606	Paladin 15		15	15	0	7	282	1
1607	Druid 5		5	5	0	3	467	1
1608	Druid 10		10	10	0	3	467	1
1609	Druid 15		15	15	0	3	467	1
1613	Paladin 20		20	20	0	7	282	1
1614	Paladin 30		30	30	0	7	282	1
1615	Paladin 40		40	40	0	7	282	1
1616	Druid 20		20	20	0	3	467	1
1617	Druid 30		30	30	0	3	467	1
1618	Hunter 1		1	1	0	7	240	1
1619	Druid 40		40	40	0	3	467	1
1620	Hunter 5		5	5	0	7	240	1
1621	Hunter 10		10	10	0	7	240	1
1622	Priest 1		1	1	0	7	190	1
1623	Hunter 15		15	15	0	7	240	1
1624	Priest 5		5	5	0	7	190	1
1625	Hunter 20		20	20	0	7	240	1
1626	Priest 10		10	10	0	7	190	1
1627	Priest 15		15	15	0	7	190	1
1628	Hunter 30		30	30	0	7	240	1
1629	Priest 20		20	20	0	7	190	1
1631	Hunter 40		40	40	0	7	240	1
1632	Adele Fielder	Journeyman Leatherworker	22	22	0	7	3335	0
1633	Priest 30		30	30	0	7	190	1
1634	Priest 40		40	40	0	7	190	1
1635	Warrior 1		1	1	0	2	143	1
1636	Warrior 5		5	5	0	2	143	1
1637	Warrior 10		10	10	0	2	143	1
1638	Warrior 15		15	15	0	2	143	1
1639	Warrior 20		20	20	0	2	143	1
1640	Warrior 30		30	30	0	2	143	1
1641	Warrior 40		40	40	0	2	143	1
1642	Northshire Guard		55	55	0	7	3167	0
1643	[UNUSED] Elwynn Guard		23	23	0	7	164	1
1644	[UNUSED] Redridge Guard		35	35	0	7	164	1
1645	Quartermaster Hicks	Master Weaponsmith	10	10	0	7	3336	0
1646	Baros Alexston	City Architect	30	30	0	7	1357	0
1649	UNUSED Jordan Croft	Reuse Me	1	1	0	7	3318	1
1650	Terry Palin	Lumberjack	11	11	0	7	5032	0
1651	Lee Brown	Fisherman	8	8	0	7	3272	0
1652	Deathguard Burgess		24	24	0	7	1666	0
1653	Bloodsail Elder Magus		44	45	0	7	2563	1
1654	Gregor Agamand		10	10	0	6	646	0
1655	Nissa Agamand		10	10	0	6	10702	0
1656	Thurman Agamand		10	10	0	6	1196	0
1657	Devlin Agamand		9	9	0	6	11399	0
1658	Captain Dargol		13	13	0	6	733	0
1659	[UNUSED] Coleman Mills	NEEDS MODEL	10	10	0	7	1027	1
1660	Scarlet Bodyguard		8	8	0	7	3144	0
1661	Novice Elreth		3	3	0	7	1593	0
1662	Captain Perrine		9	9	0	7	1738	0
1663	Dextren Ward		26	26	1	7	2149	0
1664	Captain Vachon		11	11	0	7	1737	0
1665	Captain Melrache		12	12	0	7	1739	0
1666	Kam Deepfury		27	27	1	7	825	0
1667	Meven Korgal		5	5	0	7	3531	0
1668	William MacGregor	Bowyer	15	15	0	7	3259	0
1669	Defias Profiteer	Free Wheeling Merchant	20	20	0	7	4423	0
1670	Mike Miller	Bread Merchant	20	20	0	7	3262	0
1671	Lamar Veisilli	Fruit Seller	25	25	0	7	3382	0
1672	Lohgan Eva	Tailoring Supplies	5	5	0	7	221	0
1673	Alyssa Eva	Reagent Vendor	7	7	0	7	257	0
1674	Rot Hide Gnoll		6	7	0	6	10852	0
1675	Rot Hide Mongrel		7	8	0	6	847	0
1676	Finbus Geargrind	Expert Engineer	31	31	0	7	4285	1.15
1677	[UNUSED] Curtis Ashlock	Cook	10	10	0	7	3374	1
1678	Vernon Hale	Bait and Tackle Supplier	10	10	0	7	3361	0
1679	Avarus Kharag		25	25	0	7	3413	0
1680	Matthew Hooper	Fishing Trainer	10	10	0	7	3362	0
1681	Brock Stoneseeker	Mining Trainer	15	15	0	7	1822	0
1682	Yanni Stoutheart	General Supplies	15	15	0	7	1850	0
1683	Warg Deepwater	Fisherman	15	15	0	7	1848	0
1684	Khara Deepwater	Fishing Supplies	15	15	0	7	1843	0
1685	Xandar Goodbeard	General Supplies	15	15	0	7	1849	0
1686	Irene Sureshot	Gunsmith	15	15	0	7	1839	0
1687	Cliff Hadin	Bowyer	15	15	0	7	1823	0
1688	Night Web Matriarch		5	5	0	1	368	0
1689	Scarred Crag Boar		9	10	0	1	193	0
1690	Thrawn Boltar	Blacksmithing Supplies	29	29	0	7	3427	0
1691	Kreg Bilmn	General Supplies	10	10	0	7	3430	0
1692	Golorn Frostbeard	Tradesman	10	10	0	7	3414	0
1693	Loch Crocolisk		14	15	0	1	1034	0.7
1694	Loslor Rudge	Engineering Supplies	10	10	0	7	3392	0
1695	Rendow	Leather Armor Merchant	45	45	0	7	13190	0
1696	Targorr the Dread		24	24	1	7	517	0
1697	Keeg Gibn	Ale and Wine	10	10	0	7	3409	0
1698	Frast Dokner	Apprentice Weaponsmith	10	10	0	7	3426	0
1699	Gremlock Pilsnor	Cooking Trainer	10	10	0	7	3435	0
1700	Paxton Ganter	Fisherman	10	10	0	7	3400	0
1701	Dank Drizzlecut	Mining Trainer	10	10	0	7	3424	0
1702	Bronk Guzzlegear	Journeyman Engineer	24	24	0	7	3394	0
1703	Uthrar Threx	Journeyman Tailor	24	24	0	7	10629	0
1706	Defias Prisoner		23	24	1	7	2148	0
1707	Defias Captive		23	24	1	7	2144	0
1708	Defias Inmate		24	25	1	7	2146	0
1711	Defias Convict		24	25	1	7	2145	0
1713	Elder Shadowmaw Panther		42	43	0	1	11452	0
1714	SAVE Defias Lifer		26	26	0	7	184	1
1715	Defias Insurgent		25	26	1	7	2147	0
1716	Bazil Thredd		29	29	1	7	1621	0
1717	Hamhock		28	28	1	7	3250	0
1718	Rockjaw Raider		3	4	0	7	730	0
1719	Warden Thelwater		30	30	0	7	1865	0
1720	Bruegal Ironknuckle		26	26	2	7	2142	0
1721	Nikova Raskol		5	5	0	7	1815	0
1723	Stormwind Citizen	Placeholder	1	1	0	7	213	1
1724	Stormwind Citizen Masculine	Placeholder	1	1	0	7	22	1
1725	Defias Watchman		16	17	1	7	184	0
1726	Defias Magician		16	17	1	7	2321	0
1727	Defias Worker		16	17	0	7	341	0
1729	Defias Evoker		17	18	1	7	2318	0
1730	Goblin Buzzcutter		16	16	1	7	1303	1
1731	Goblin Craftsman		18	19	1	7	7110	0
1732	Defias Squallshaper		19	20	1	7	2349	0
1733	Zggi	Zardeth's Minion	5	5	0	3	4449	0
1735	Deathguard Abraham		22	22	0	7	2852	0
1736	Deathguard Randolph		55	55	0	7	1590	0
1737	Deathguard Oliver		55	55	0	7	1588	0
1738	Deathguard Terrence		21	21	0	7	2862	0
1739	Deathguard Phillip		55	55	0	7	1589	0
1740	Deathguard Saltain		7	7	0	7	3523	0
1741	Deathguard Bartrand		55	55	0	7	1587	0
1742	Deathguard Bartholomew		22	22	0	7	2853	0
1743	Deathguard Lawrence		22	22	0	7	2857	0
1744	Deathguard Mort		24	24	0	7	2860	0
1745	Deathguard Morris		22	22	0	7	2859	0
1746	Deathguard Cyrus		21	21	0	7	2854	0
1747	Anduin Wrynn	King of Stormwind	5	5	0	7	11655	0
1748	Highlord Bolvar Fordragon		63	63	3	7	5566	0
1749	Lady Katrana Prestor		62	62	0	2	8769	1
1750	Grand Admiral Jes-Tereth		62	62	0	7	5565	0
1751	Mithras Ironhill		62	62	0	7	5077	0
1752	Caledra Dawnbreeze		60	60	0	7	4731	0
1753	Maggot Eye		10	10	0	6	848	0
1754	Lord Gregor Lescovar		31	31	0	7	2051	0
1755	Marzon the Silent Blade		30	30	0	7	2045	0
1756	Stormwind Royal Guard		60	60	0	7	3167	0
1757	Mega Rabbit		1	1	0	1	328	1
1758	Warlock (TEST)		20	20	1	7	278	1
1759	Mage (TEST)		20	20	1	7	198	1
1760	Warrior (TEST)		20	20	1	7	282	1
1761	Priest (TEST)		20	20	1	7	190	1
1762	Rogue (TEST)		20	20	1	7	149	1
1763	Gilnid	The Smelter	20	20	1	7	7124	0
1764	Greater Feral Spirit		1	1	0	10	781	0
1765	Worg		10	11	0	1	11421	0
1766	Mottled Worg		11	12	0	1	246	0
1767	Vile Fin Shredder		12	13	0	7	441	0
1768	Vile Fin Tidehunter		13	14	0	7	346	0
1769	Moonrage Whitescalp		10	11	0	7	11180	0
1770	Moonrage Darkrunner		11	12	0	7	729	0
1772	Rot Hide Gladerunner		11	12	0	6	848	0
1773	Rot Hide Mystic		12	13	0	6	10854	0
1775	Zun'dartha		60	60	0	7	4555	0
1776	Magtoor		42	42	0	7	11650	0
1777	Dakk Blunderblast		15	15	0	7	1851	0
1778	Ferocious Grizzled Bear		11	12	0	1	902	0
1779	Moonrage Glutton		12	13	0	7	1947	0
1780	Moss Stalker		12	13	0	1	827	0
1781	Mist Creeper		13	14	0	1	760	0
1782	Moonrage Darksoul		13	14	0	7	574	0
1783	Skeletal Flayer		50	51	0	6	733	0
1784	Skeletal Sorcerer		51	52	0	6	11403	0
1785	Skeletal Terror		52	54	0	6	11404	0
1787	Skeletal Executioner		54	55	0	6	11401	0
1788	Skeletal Warlord		56	57	1	6	775	0
1789	Skeletal Acolyte		55	56	0	6	9790	0
1791	Slavering Ghoul		50	52	0	6	570	0
1793	Rotting Ghoul		54	55	0	6	137	0
1794	Soulless Ghoul		54	55	0	6	10626	0
1795	Searing Ghoul		55	56	0	6	414	0
1796	Freezing Ghoul		55	56	0	6	10487	0
1797	Giant Grizzled Bear		12	13	0	1	820	0
1798	Tortured Soul		55	56	0	6	4629	1
1800	Cold Wraith		58	58	0	6	4629	0
1801	Blood Wraith		55	55	0	6	4629	0
1802	Hungering Wraith		56	58	0	6	4629	0
1804	Wailing Death		56	57	0	6	10690	0
1805	Flesh Golem		56	57	1	6	1693	0
1806	Vile Slime		54	55	0	10	681	0
1808	Devouring Ooze		55	56	0	10	11139	0
1809	Carrion Vulture		50	52	0	1	1105	0
1810	Rotting Condor		53	55	0	1	10824	1
1811	Plaguewing Vulture		56	58	0	1	388	1
1812	Rotting Behemoth		55	56	0	4	8389	0
1813	Decaying Horror		56	57	0	4	2832	0
1815	Diseased Black Bear		51	52	0	1	1082	0
1816	Diseased Grizzly		55	56	0	1	1083	0
1817	Diseased Wolf		53	54	0	1	4124	0
1819	Foulmaw Hydra		52	54	0	10	62	1
1820	Elder Foulmaw Hydra		55	57	0	10	1993	1
1821	Carrion Lurker		52	53	0	1	1091	0
1822	Venom Mist Lurker		50	51	0	1	1087	0
1824	Plague Lurker		54	55	0	1	1088	0
1826	Scarlet Mage		55	56	0	7	10286	0
1827	Scarlet Sentinel		55	56	1	7	10350	0
1831	Scarlet Hunter		52	53	0	7	10277	0
1832	Scarlet Magus		56	57	1	7	10328	0
1833	Scarlet Knight		54	55	0	7	10291	0
1834	Scarlet Paladin		55	56	1	7	10324	0
1835	Scarlet Invoker		53	54	0	7	10320	0
1836	Scarlet Cavalier		57	58	1	7	10336	0
1837	Scarlet Judge		60	60	4	7	10355	0
1838	Scarlet Interrogator		61	61	2	7	10343	0
1839	Scarlet High Clerist		63	63	2	7	10342	0
1840	Grand Inquisitor Isillien		63	63	1	7	10339	0
1841	Scarlet Executioner		60	60	2	7	10344	0
1842	Highlord Taelan Fordring	Highlord of the Scarlet Crusade	63	63	1	7	10341	1
1843	Foreman Jerris		62	62	2	7	10340	0
1844	Foreman Marcrid		58	58	4	7	10354	0
1845	High Protector Tarsen		59	59	0	7	10345	0
1846	High Protector Lorik		61	61	1	7	10338	0
1847	Foulmane		52	52	4	6	519	0
1848	Lord Maldazzar		56	56	4	7	10356	0
1849	Dreadwhisper		38	38	4	6	4629	1
1850	Putridius		58	58	2	6	10612	0
1851	The Husk		62	62	4	4	9013	0
1852	Araj the Summoner		61	61	1	6	7919	0
1853	Darkmaster Gandling		61	61	1	7	11070	0
1854	High Priest Thel'danis		62	62	0	7	11395	0
1855	Tirion Fordring		61	61	1	7	9477	0
1857	Pissed Vendor	Pissed Vendor	5	5	0	7	214	1
1858	Pissed not a Vendor	Pissed Vendor	5	5	0	7	214	1
1859	[UNUSED] Nyein Longwind	Bowyer *Temp*	4	7	0	7	224	1
1860	Voidwalker		17	17	0	3	1132	0
1861	Greater Voidwalker		26	26	0	3	1130	1
1862	Lesser Netherwalker		34	34	0	3	1126	1
1863	Succubus		20	20	0	3	4162	0
1864	Greater Succubus		36	36	0	3	159	1
1865	Ravenclaw Raider		12	13	0	6	732	0
1866	Ravenclaw Slave		11	12	0	6	829	0
1867	Dalaran Apprentice		13	14	0	7	3767	0
1868	Ravenclaw Servant		13	14	0	6	828	0
1869	Ravenclaw Champion		14	15	0	6	732	0
1870	Hand of Ravenclaw		15	16	0	6	732	0
1871	Eliza's Guard		28	29	0	6	734	0
1872	Tharek Blackstone		12	12	0	7	3415	0
1879	Noma Bluntnose		15	15	0	7	1852	1
1880	Berte		1	1	0	7	338	0
1881	Evalyn		1	1	0	7	257	1
1883	Scarlet Worker		55	57	0	7	10303	0
1884	Scarlet Lumberjack		54	56	0	7	10299	0
1885	Scarlet Smith		59	59	4	7	10346	0
1888	Dalaran Watcher		18	19	0	7	3566	0
1889	Dalaran Wizard		19	20	0	7	3585	1.15
1890	Rattlecage Skeleton		2	3	0	6	11400	0
1891	Pyrewood Watcher		13	14	1	7	2565	0
1892	Moonrage Watcher		13	14	1	7	574	0
1893	Moonrage Sentry		14	15	1	7	564	0
1894	Pyrewood Sentry		14	15	1	7	3551	0
1895	Pyrewood Elder		14	15	1	7	2535	0
1896	Moonrage Elder		14	15	1	7	729	0
1901	Kelstrum Stonebreaker	Warrior Trainer	45	45	0	7	3053	0
1907	Naga Explorer		43	44	0	7	4923	0
1908	Vile Fin Oracle		19	20	0	7	540	0
1909	Vile Fin Lakestalker		18	19	0	7	757	0
1910	Muad		10	10	4	7	2597	0
1911	Deeb		12	12	4	7	1994	0
1912	Dalaran Protector		14	15	0	7	3602	0
1913	Dalaran Warder		16	17	0	7	3592	0
1914	Dalaran Mage		15	16	0	7	3559	1.15
1915	Dalaran Conjuror		17	18	0	7	3581	1.15
1916	Stephen Bhartec		2	3	0	6	11405	0
1917	Daniel Ulfman		2	3	0	6	3668	0
1918	Karrel Grayves		2	3	0	6	569	0
1919	Samuel Fipps		5	5	0	6	10977	0
1920	Dalaran Spellscribe		21	21	4	7	3589	0
1921	Combat Dummy		1	1	0	9	3019	0
1922	Gray Forest Wolf		7	8	0	1	380	0
1923	Bloodsnout Worg		16	17	0	1	741	0
1924	Moonrage Bloodhowler		15	16	0	7	574	0
1925	Heat Miser	Immune to Fire	20	20	0	2	363	1
1926	Snow Miser	Immune to Frost	20	20	0	2	196	1
1927	Good Miser	Immune to Holy	20	20	0	2	182	1
1928	Bad Miser	Immune to Shadow	20	20	0	2	177	1
1929	Earth Miser	Immune to Nature	20	20	0	2	332	1
1930	Steel Miser	Immune to Physical	20	20	0	2	171	1
1931	Captured Scarlet Zealot		9	9	0	7	11428	0
1932	Black Sheep		1	1	0	8	857	1
1933	Sheep		3	3	0	8	856	0
1934	Tirisfal Farmer		6	7	0	7	3532	0
1935	Tirisfal Farmhand		5	6	0	7	3534	0
1936	Farmer Solliden		8	8	4	7	3535	0
1937	Apothecary Renferrel	Royal Apothecary Society	14	14	0	7	1661	0
1938	Dalar Dawnweaver		21	21	0	7	1278	0
1939	Rot Hide Brute		16	17	0	6	10851	0
1940	Rot Hide Plague Weaver		17	18	0	6	10855	0
1941	Rot Hide Graverobber		6	7	0	6	10853	0
1942	Rot Hide Savage		18	19	0	6	858	0
1943	Raging Rot Hide		18	19	0	6	10856	0
1944	Rot Hide Bruiser		22	22	4	6	10850	0
1945	Tree Form 0.33		30	32	0	4	860	1
1946	Lillith Nefara		12	12	0	6	10772	1
1947	Thule Ravenclaw		24	24	1	7	4430	0
1948	Snarlmane		23	23	4	6	965	0
1949	Servant of Azora		8	9	0	7	5015	1.15
1950	Rane Yorick	Deathstalker	15	15	0	7	3540	0
1951	Quinn Yorick	Deathstalker	14	14	0	7	3541	0
1952	High Executor Hadrec		30	30	0	7	3545	0
1953	Lake Skulker		15	16	0	4	863	0
1954	Elder Lake Skulker		16	17	0	4	9009	0
1955	Lake Creeper		17	18	0	4	2567	0
1956	Elder Lake Creeper		18	19	0	4	631	0
1957	Vile Fin Shorecreeper		16	17	0	7	1994	0
1958	Vile Fin Tidecaller		17	18	0	7	2597	0
1959	Mountaineer Barleybrew		20	20	0	7	1891	0
1960	Pilot Hammerfoot		17	17	0	7	5131	0
1961	Mangeclaw		11	11	0	1	913	0
1963	Vidra Hearthstove		10	10	0	7	1404	0
1964	Treant		60	60	0	4	864	0
1965	Mountaineer Thalos		15	15	0	7	1567	0
1971	Ivar the Foul		13	13	0	6	1065	0
1972	Grimson the Pale		15	15	0	7	564	0
1973	Ravenclaw Guardian		20	21	0	6	370	0
1974	Ravenclaw Drudger		19	20	0	6	828	0
1975	Eastvale Lumberjack		7	8	0	7	5034	0
1976	Stormwind City Patroller		55	55	0	7	3167	0
1977	Senator Mehr Stonehallow		50	50	0	7	1570	0
1978	Deathstalker Erland		11	11	0	7	2684	0
1979	TEST WOLF (ALPHA FIRST)		2	2	0	1	868	1
1980	TEST WOLF (ALPHA SECOND)		2	2	0	1	869	1
1981	Dark Iron Ambusher		10	10	0	7	3452	0
1983	Nightlash		14	14	0	6	915	0
1984	Young Thistle Boar		1	2	0	1	8869	0
1985	Thistle Boar		2	3	0	1	6807	0
1986	Webwood Spider		3	4	0	1	709	0
1987	Webwood Creeper UNUSED		3	4	0	1	759	1
1988	Grell		2	3	0	3	6806	0
1989	Grellkin		3	4	0	3	3023	0
1990	Gremlin		3	4	0	7	10818	1
1991	Jaxil Rye		5	5	0	7	568	1
1992	Tarindrella		7	7	0	7	10034	0
1993	Greenpaw		10	10	0	7	6819	0
1994	Githyiss the Vile		5	5	0	1	759	0
1995	Strigid Owl		5	6	0	1	10832	0
1996	Strigid Screecher		7	8	0	1	4877	0
1997	Strigid Hunter		8	9	0	1	10830	0
1998	Webwood Lurker		5	6	0	1	760	0
1999	Webwood Venomfang		7	8	0	1	759	0
2000	Webwood Silkspinner		8	9	0	1	1989	0
2001	Giant Webwood Spider		10	11	0	1	6808	0
2002	Rascal Sprite		5	6	0	3	3023	0
2003	Shadow Sprite		5	6	0	3	6809	0
2004	Dark Sprite		6	7	0	3	568	0
2005	Vicious Grell		7	7	0	3	6811	0
2006	Gnarlpine Ursa		5	6	0	7	6798	0
2007	Gnarlpine Gardener		5	6	0	7	6799	0
2008	Gnarlpine Warrior		6	7	0	7	6800	0
2009	Gnarlpine Shaman		7	8	0	7	897	0
2010	Gnarlpine Defender		7	8	0	7	6801	0
2011	Gnarlpine Augur		8	9	0	7	3024	0
2012	Gnarlpine Pathfinder		9	10	0	7	6802	0
2013	Gnarlpine Avenger		9	10	0	7	6803	0
2014	Gnarlpine Totemic		10	11	0	7	936	0
2015	Bloodfeather Harpy		8	9	0	7	3021	0
2017	Bloodfeather Rogue		8	9	0	7	6812	0
2018	Bloodfeather Sorceress		9	9	0	7	2296	0
2019	Bloodfeather Fury		9	10	0	7	3022	0
2020	Bloodfeather Wind Witch		9	10	0	7	10869	0
2021	Bloodfeather Matriarch		11	11	0	7	6813	0
2022	Timberling		5	6	0	4	3033	0
2025	Timberling Bark Ripper		7	8	0	4	6817	0
2027	Timberling Trampler		8	9	0	4	3034	0
2029	Timberling Mire Beast		9	10	0	4	863	0
2030	Elder Timberling		10	11	0	4	3032	0
2031	Young Nightsaber		1	1	0	1	11454	0
2032	Mangy Nightsaber		2	2	0	1	11448	0
2033	Elder Nightsaber		8	9	0	1	3030	1.33
2034	Feral Nightsaber		10	11	0	1	3030	0
2038	Lord Melenas		8	8	0	3	1013	0
2039	Ursal the Mauler		12	12	0	7	6818	0
2040	Haggatha the Crone		12	12	0	7	2163	1
2041	Ancient Protector		60	60	0	5	2429	0
2042	Nightsaber		5	6	0	1	6805	0
2043	Nightsaber Stalker		7	8	0	1	14318	0
2044	Forlorn Spirit		25	26	0	6	915	0
2045	Gunther's Minion		7	8	0	6	7846	1
2046	Andrew Krighton	Armorer & Shieldcrafter	8	8	0	7	3340	0
2050	Raleigh Andrean	Ex-Chef	14	14	0	7	4011	0
2051	Twain The Tester FOO	Model and Texture	56	56	0	7	907	1
2052	Nag		1	1	0	1	908	1
2053	Haggard Refugee		18	19	0	7	3553	0
2054	Sickly Refugee		19	20	0	7	3554	0
2055	Master Apothecary Faranell	Royal Apothecary Society	50	50	0	7	1680	0
2056	Ravenclaw Apparition		24	24	0	6	146	0
2057	Huldar		15	15	0	7	1416	0
2058	Deathstalker Faerleia		18	18	0	7	1679	0
2060	Councilman Smithers	Pyrewood Council	12	12	1	7	3557	0
2061	Councilman Thatcher	Pyrewood Council	13	13	1	7	3563	0
2062	Councilman Hendricks	Pyrewood Council	13	13	1	7	3565	0
2063	Councilman Wilhelm	Pyrewood Council	13	13	1	7	3577	0
2064	Councilman Hartin	Pyrewood Council	13	13	1	7	3570	0
2065	Councilman Cooper	Pyrewood Council	13	13	1	7	3578	0
2066	Councilman Higarth	Pyrewood Council	13	13	1	7	3574	0
2067	Councilman Brunswick	Pyrewood Council	13	13	1	7	3576	0
2068	Lord Mayor Morrison	Pyrewood Council Leader	15	15	1	7	3575	0
2069	Moonstalker		14	15	0	1	321	0
2070	Moonstalker Runt		10	11	0	1	11449	0
2071	Moonstalker Matriarch		19	20	0	1	3031	0
2077	Melithar Staghelm		5	5	0	7	4237	0
2078	Athridas Bearmantle		11	11	0	7	1896	0
2079	Conservator Ilthalaine		4	4	0	7	1285	0
2080	Denalan		11	11	0	7	2484	0
2081	Sentinel Kyra Starsong		12	12	0	7	1682	0
2082	Gilshalan Windwalker		9	9	0	7	2458	0
2083	Syral Bladeleaf		12	12	0	7	2459	0
2084	Natheril Raincaller	General Goods	57	57	0	7	4243	0
2086	Valstag Ironjaw		25	25	0	7	3480	0
2087	[UNUSED] Ambermill Citizen		1	1	0	7	309	1
2089	Giant Wetlands Crocolisk		25	26	0	1	925	0
2090	Ma'ruk Wyrmscale	Dragonmaw Warlord	23	23	4	7	4914	0
2091	Chieftain Nek'rosh		32	32	1	7	4915	0
2092	Pilot Longbeard	Ironforge Siege Brigade	23	23	0	7	3600	0
2093	Einar Stonegrip		20	20	0	7	1409	0
2094	James Halloran		25	25	0	7	1408	0
2095	Billy the Street Urchin	Don't trust me! I'm named Billy!	1	1	0	7	221	1
2096	Tarrel Rockweaver		25	25	0	7	1677	0
2097	Harlo Barnaby		25	25	0	7	1674	0
2098	Ram		5	5	0	8	10000	0
2099	Maiden's Virtue Crewman		20	20	0	7	793	0
2102	Dragonmaw Grunt		20	21	0	7	4927	0
2103	Dragonmaw Scout		19	20	0	7	4925	0
2104	Captain Stoutfist		35	35	0	7	5409	0
2105	Mountaineer Dokkin		30	30	0	7	1780	0
2106	Apothecary Berard		16	16	1	7	574	0
2107	Gaerolas Talvethren		7	7	0	7	1854	0
2108	Garneg Charskull		29	29	4	7	4913	0
2109	Steam Tank		32	32	0	9	953	1
2110	Black Rat		1	1	0	8	1141	0
2111	Sida		20	20	0	7	1407	0
2112	Farrin Daris		18	19	0	7	4319	0
2113	Archibald Kava	Cloth & Leather Armor Merchant	5	5	0	7	1574	0
2114	Faruza	Apprentice Herbalist	5	5	0	7	3520	0
2115	Joshua Kien	General Supplies	5	5	0	7	1577	0
2116	Blacksmith Rand	Apprentice Armorer	5	5	0	7	1575	0
2117	Harold Raims	Apprentice Weaponsmith	5	5	0	7	1576	0
2118	Abigail Shiel	Trade Supplies	9	9	0	7	1632	0
2119	Dannal Stern	Warrior Trainer	5	5	0	7	1578	0
2120	Archmage Ataeric		22	22	0	7	3601	0
2121	Shadow Priest Allister		20	20	0	7	1948	0
2122	David Trias	Rogue Trainer	5	5	0	7	1580	0
2123	Dark Cleric Duesten	Priest Trainer	5	5	0	7	1579	0
2124	Isabella	Mage Trainer	5	5	0	7	1592	0
2126	Maximillion	Warlock Trainer	5	5	0	7	1581	0
2127	Rupert Boch	Warlock Trainer	15	15	0	7	1604	0
2128	Cain Firesong	Mage Trainer	14	14	0	7	1600	0
2129	Dark Cleric Beryl	Priest Trainer	17	17	0	7	1602	0
2130	Marion Call	Rogue Trainer	13	13	0	7	1603	0
2131	Austil de Mon	Warrior Trainer	16	16	0	7	1599	0
2132	Carolai Anise	Journeyman Alchemist	25	25	0	7	1601	0
2133	[UNUSED] Theo Reshan	Apprentice Herbalist	11	11	0	7	1605	1
2134	Mrs. Winters	General Supplies	10	10	0	7	1637	0
2135	Abe Winters	Apprentice Armorer	14	14	0	7	1631	0
2136	Oliver Dwor	Apprentice Weaponsmith	13	13	0	7	1638	0
2137	Eliza Callen	Leather Armor Merchant	12	12	0	7	1634	0
2138	Warrior 25		25	25	0	2	143	1
2140	Edwin Harly	General Supplies	18	20	0	7	3542	0
2142	Watcher Callahan	The Night Watch	32	32	0	7	2377	0
2149	Dark Iron Raider		14	14	0	7	3451	0
2150	Zenn Foulhoof		7	7	0	7	10035	0
2151	Moon Priestess Amara		25	25	0	7	1681	0
2152	Gnarlpine Ambusher		6	7	0	7	3024	0
2153	Terl Arakor		25	25	0	7	3492	0
2154	Jesse The Tester	Model and Texture	56	56	0	7	907	1
2155	Sentinel Shayla Nightbreeze		8	8	0	7	2866	0
2156	Cracked Golem		18	19	0	4	10799	0
2157	Stone Behemoth		19	20	0	4	473	0
2158	Gravelflint Scout		18	19	0	7	6529	0
2159	Gravelflint Bonesnapper		19	20	0	7	6528	0
2160	Gravelflint Geomancer		20	21	0	7	976	0
2162	Agal		8	8	0	7	936	0
2163	Thistle Bear		11	12	0	1	1006	0
2164	Rabid Thistle Bear		13	14	0	1	8840	0
2165	Grizzled Thistle Bear		16	17	0	1	14316	0
2166	Oakenscowl		9	9	1	4	2567	0
2167	Blackwood Pathfinder		12	13	0	7	1010	0
2168	Blackwood Warrior		16	17	0	7	1011	0
2169	Blackwood Totemic		17	18	0	7	6821	0
2170	Blackwood Ursa		18	19	0	7	5773	0
2171	Blackwood Shaman		19	20	0	7	6822	0
2172	Strider Clutchmother		20	20	4	1	38	0
2173	Reef Frenzy		14	15	0	1	245	0
2174	Coastal Frenzy		14	16	0	1	245	0
2175	Shadowclaw		13	13	4	1	3030	0
2176	Cursed Highborne		10	11	0	6	985	0
2177	Writhing Highborne		11	12	0	6	5430	0
2178	Wailing Highborne		12	13	0	6	10690	0
2179	Stormscale Wave Rider		15	16	0	7	4036	0
2180	Stormscale Siren		16	17	0	7	4980	0
2181	Stormscale Myrmidon		18	19	0	7	4036	0
2182	Stormscale Sorceress		19	20	0	7	4973	0
2183	Stormscale Warrior		20	21	0	7	11269	0
2184	Lady Moongazer		17	17	4	6	5774	0
2185	Darkshore Thresher		12	14	0	1	992	0
2186	Carnivous the Breaker		16	16	4	7	5773	0
2187	Elder Darkshore Thresher		16	18	0	1	994	0
2188	Deep Sea Threshadon		23	25	0	1	995	0
2189	Vile Sprite		10	11	0	7	2452	0
2190	Wild Grell		11	12	0	7	1015	0
2191	Licillin		14	14	4	3	10819	0
2192	Firecaller Radison		19	19	4	7	5772	0
2197	[UNUSED] Crier Kirton		3	3	0	7	227	1
2198	Crier Goodman		3	3	0	7	1525	0
2199	[UNUSED] Crier Backus		3	3	0	7	227	1
2200	[UNUSED] Crier Pierce		3	3	0	7	227	1
2201	Greymist Raider		11	12	0	7	346	0
2202	Greymist Coastrunner		12	13	0	7	3619	0
2203	Greymist Seer		13	14	0	7	3940	0
2204	Greymist Netter		14	15	0	7	2597	0
2205	Greymist Warrior		15	16	0	7	540	0
2206	Greymist Hunter		16	17	0	7	652	0
2207	Greymist Oracle		18	19	0	7	4920	0
2208	Greymist Tidehunter		19	20	0	7	478	0
2209	Deathguard Gavin		24	24	0	7	2856	0
2210	Deathguard Royann		24	24	0	7	2861	0
2211	Captured Mountaineer		9	9	0	7	11424	0
2212	Deth'ryll Satyr		12	13	0	7	1013	0
2213	Deth'ryll Shadowstalker		13	14	0	7	1014	1
2214	Deathstalker Lesh		25	25	0	7	2863	0
2215	High Executor Darthalia		60	60	1	7	1645	0
2216	Apothecary Lydon	Royal Apothecary Society	35	35	0	7	1660	0
2217	Undead Druid Trainer	Druid Trainer	1	1	0	6	569	1
2218	Undead Hunter Trainer	Hunter Trainer	1	1	0	6	569	1
2219	Undead Shaman Trainer	Shaman Trainer	1	1	0	6	569	1
2220	[UNUSED] Undead Blacksmith Trainer	Blacksmith Trainer	1	1	0	6	569	1
2221	Undead Tailor Trainer	Tailor Trainer	1	1	0	6	569	1
2222	Undead Mining Trainer	Mining Trainer	1	1	0	6	569	1
2223	[UNUSED] Undead Cooking Trainer	Cooking Trainer	1	1	0	7	569	1
2224	Wind Rider		29	29	0	1	6851	0
2225	Zora Guthrek	Trade Goods	55	55	0	7	14781	0
2226	Karos Razok	Bat Handler	55	55	1	7	3832	0
2227	Sharlindra		25	25	0	6	10731	0
2228	Lieutenant Farren Orinelle		25	25	0	7	1769	0
2229	Krusk		25	25	0	7	3685	0
2230	Umpi		1	1	0	1	901	0
2231	Pygmy Tide Crawler		9	10	0	1	1000	0
2232	Tide Crawler		12	14	0	1	979	0
2233	Encrusted Tide Crawler		18	20	0	1	9566	0
2234	Young Reef Crawler		10	11	0	1	999	0
2235	Reef Crawler		15	17	0	1	981	0
2236	Raging Reef Crawler		20	21	0	1	1001	0
2237	Moonstalker Sire		17	18	0	1	11450	0
2238	Tog'thar		25	25	0	7	3686	0
2239	Drull		25	25	0	7	3687	0
2240	Syndicate Footpad		32	33	0	7	3706	0
2241	Syndicate Thief		33	34	0	7	3709	0
2242	Syndicate Spy		35	36	0	7	3716	0
2243	Syndicate Sentry		36	37	0	7	3721	0
2244	Syndicate Shadow Mage		21	22	0	7	3621	0
2245	Syndicate Saboteur		37	38	0	7	3725	0
2246	Syndicate Assassin		38	39	0	7	3727	0
2247	Syndicate Enforcer		39	40	0	7	3729	0
2248	Cave Yeti		30	31	0	7	3206	0
2249	Ferocious Yeti		31	32	0	7	3207	0
2250	Mountain Yeti		32	33	0	7	1050	0
2251	Giant Yeti		33	34	0	7	6767	0
2252	Crushridge Ogre		34	35	0	7	11567	0
2253	Crushridge Brute		35	36	0	7	610	0
2254	Crushridge Mauler		36	37	1	7	655	0
2255	Crushridge Mage		37	38	1	7	6705	1.3
2256	Crushridge Enforcer		38	39	1	7	416	0
2257	Mug'thol		43	43	1	7	11568	0
2258	Stone Fury		37	37	4	4	1162	0
2260	Syndicate Rogue		21	22	0	7	3616	0
2261	Syndicate Watchman		20	21	0	7	3623	0
2263	Marshal Redpath		41	41	0	7	1861	0
2264	Hillsbrad Tailor		24	25	0	7	3610	0
2265	Hillsbrad Apprentice Blacksmith		24	25	0	7	3613	0
2266	Hillsbrad Farmer		23	24	0	7	3612	0
2267	Hillsbrad Peasant		24	25	0	7	11035	0
2268	Hillsbrad Footman		25	26	0	7	4125	0
2269	Hillsbrad Miner		26	27	0	7	3629	0
2270	Hillsbrad Sentry		27	28	0	7	3632	0
2271	Dalaran Shield Guard		31	32	0	7	3711	0
2272	Dalaran Theurgist		32	33	0	7	3714	0
2274	Stanley		24	24	0	1	855	0
2275	Enraged Stanley		24	24	0	1	11411	1
2276	Magistrate Henry Maleb		60	60	1	7	3665	0
2277	Loremaster Dibbs		30	30	0	7	3702	0
2278	Melisara		25	25	0	6	10994	0
2279	Alliance Battleguard		62	62	0	7	164	1
2280	Horde Battleguard		62	62	0	7	496	1
2281	Baelish Frostbane	Spirit Healer	62	62	0	7	2582	1
2282	[PH] Orgrun Iceflow	Spirit Healer	62	62	0	7	240	1
2283	Ravenclaw Regent		22	22	4	6	1019	0
2284	Captured Farmer		4	4	0	7	3683	0
2285	Count Remington Ridgewell	House of Nobles	40	40	0	7	5075	0
2286	Bow Guy		1	1	0	7	824	1
2287	Crushridge Warmonger		39	40	1	7	536	0
2288	Skracher Mudmuzzle		30	30	0	6	965	1
2289	Connor McCoy	Spirit Healer	62	62	0	7	3325	1
2290	Bertran Keldrake	Spirit Healer	62	62	0	7	3334	1
2291	Corbin Halman	Spirit Healer	62	62	0	7	3387	1
2292	Reginald Berry	Spirit Healer	62	62	0	7	3256	1
2293	[UNUSED] Sherra Vayne	Spirit Healer	45	45	0	7	3319	1
2294	Jaynice Sillestan	Spirit Healer	62	62	0	7	3350	1
2295	[UNUSED] Bartok Steelgrip	Spirit Healer	62	62	0	7	3390	1
2296	[UNUSED] Fulgar Iceforge	Spirit Healer	62	62	0	7	3571	1
2297	[UNUSED] Kerrik Firebeard	Spirit Healer	62	62	0	7	3573	1
2298	Dolthar Stonefoot	Spirit Healer	62	62	0	7	3572	1
2299	Borgus Stoutarm	Gryphon Master	55	55	1	7	1626	0
2300	[UNUSED] Seoman Verilas	Spirit Healer	40	40	0	7	1027	1
2301	[UNUSED] Nerrik Shoyul	Spirit Healer	62	62	0	7	1586	1
2302	Aethalas	Warsong Gulch Battlemaster	61	61	1	7	14873	0
2303	Lyranne Feathersong	Food & Drink	56	56	0	7	10749	0
2304	Captain Ironhill		32	32	1	7	3769	0
2305	Foreman Bonds		30	30	0	7	3635	0
2306	Baron Vardus		40	40	0	7	1827	0
2307	Caretaker Caice		5	5	0	7	3522	0
2308	Andrew Brownell		40	40	0	7	1585	0
2309	Thomas Arlento		5	5	0	7	3533	0
2310	Jamie Nore		5	5	0	7	3528	0
2311	Doreen Beltis		5	5	0	7	3529	0
2312	[UNUSED] Thesule Klaven	<Needs Model>	5	5	0	7	1027	1
2313	[UNUSED] Kir'Nazz		5	5	0	7	3530	1
2314	Sahvan Bloodshadow		5	5	0	7	3521	0
2315	Maquell Ebonwood		5	5	0	7	1594	0
2316	Gol'dir		25	25	0	7	3684	0
2317	Elysa		25	25	0	7	1361	0
2318	Argus Shadow Mage		35	36	0	7	3723	0
2319	Syndicate Wizard		34	35	0	7	3712	0
2320	Nagaz		40	40	0	7	1836	0
2321	Foreststrider Fledgling		11	13	0	1	1042	0
2322	Foreststrider		14	16	0	1	178	0
2323	Giant Foreststrider		17	19	0	1	1283	0
2324	Blackwood Windtalker		13	14	0	7	6820	0
2325	Undead First Aid Trainer	First Aid Trainer	1	1	0	6	569	1
2326	Thamner Pol	Physician	8	12	0	7	3433	0
2327	Shaina Fuller	First Aid Trainer	35	35	0	7	1496	0
2329	Michelle Belle	Physician	11	11	0	7	1296	0
2330	Karlee Chaddis		25	25	0	7	1471	0
2331	Paige Chaddis		1	1	0	7	252	0
2332	Valdred Moray		21	21	0	7	3555	0
2333	Henchman Valik		30	30	0	7	3636	0
2334	Event Generator 001		5	5	0	10	11686	1
2335	Magistrate Burnside		30	30	0	7	3637	0
2336	Dark Strand Fanatic		16	17	0	7	4217	0
2337	Dark Strand Voidcaller		28	29	0	7	4230	0
2338	Twilight Disciple		16	17	0	7	2873	0
2339	Twilight Thug		17	18	0	7	2869	1.15
2344	Dun Garok Mountaineer		28	29	1	7	3763	0
2345	Dun Garok Rifleman		29	30	1	7	3761	0
2346	Dun Garok Priest		29	30	1	7	3765	0
2347	Wild Gryphon		40	40	0	1	1149	0
2348	Elder Moss Creeper		26	27	0	1	8014	1.33
2349	Giant Moss Creeper		24	25	0	1	6808	0
2350	Forest Moss Creeper		20	21	0	1	1989	0
2351	Gray Bear		21	22	0	1	806	0
2352	Innkeeper Anderson	Innkeeper	30	30	0	7	3688	0
2354	Vicious Gray Bear		22	23	0	1	1007	0
2356	Elder Gray Bear		25	26	0	1	3201	0
2357	Merideth Carlson	Horse Breeder	32	32	0	7	3689	0
2358	Dalaran Summoner		34	35	0	7	3718	0
2359	Elemental Slave		33	34	0	4	1068	0
2360	Hillsbrad Farmhand		22	23	0	7	3703	0
2361	Tamara Armstrong		15	15	0	7	3647	0
2362	Hemmit Armstrong		15	15	0	7	3648	0
2363	Apprentice Honeywell		29	29	0	7	3646	0
2364	Neema	Waitress	33	33	0	7	3658	0
2365	Bront Coldcleave	Butcher	39	39	0	7	3690	0
2366	Barkeep Kelly	Bartender	40	40	0	7	3691	0
2367	Donald Rabonne	Fisherman	31	31	0	7	3693	0
2368	Daggerspine Shorestalker		28	29	0	7	4763	0
2369	Daggerspine Shorehunter		30	31	0	7	11255	0
2370	Daggerspine Screamer		29	30	0	7	4976	0
2371	Daggerspine Siren		31	32	0	7	4982	0
2372	Mudsnout Gnoll		26	27	0	7	10643	0
2373	Mudsnout Shaman		27	28	0	7	662	0
2374	Torn Fin Muckdweller		28	29	0	7	1305	0
2375	Torn Fin Coastrunner		29	30	0	7	3617	0
2376	Torn Fin Oracle		30	31	0	7	4920	0
2377	Torn Fin Tidehunter		31	32	0	7	1079	0
2378	Kundric Zanden	Town Historian	34	34	0	7	3660	0
2379	Caretaker Smithers		35	35	0	7	3704	0
2380	Nandar Branson	Alchemy Supplies	34	34	0	7	3649	0
2381	Micha Yance	Trade Goods	40	40	0	7	3692	0
2382	Darren Malvew	Stablehand	30	30	0	7	3695	0
2383	Lindea Rabonne	Tackle and Bait	29	29	0	7	3694	0
2384	Starving Mountain Lion		23	24	0	1	1059	0
2385	Feral Mountain Lion		27	28	0	1	1056	0
2386	Southshore Guard		55	55	0	7	3705	0
2387	Hillsbrad Councilman		25	26	0	7	3628	0
2388	Innkeeper Shay	Innkeeper	30	30	0	7	3675	0
2389	Zarise	Bat Handler	55	55	1	7	2037	0
2390	Aranae Venomblood	Herbalist	29	29	0	7	3677	0
2391	Serge Hinott	Expert Alchemist	32	32	0	7	3678	0
2392	Delia Verana		32	32	0	7	3651	0
2393	Christoph Jeffcoat	Tradesman	32	32	0	7	3672	0
2394	Mallen Swain	Tailoring Supplies	32	32	0	7	3679	0
2395	Vinna Wayne		32	32	0	7	3650	0
2396	Hans Zandin		32	32	0	7	3653	0
2397	Derak Nightfall	Cook	32	32	0	7	3652	0
2398	Tara Coldgaze		32	32	0	7	3654	0
2399	Daryl Stack	Master Tailor	56	56	0	7	3655	0
2400	Craig Hewitt		32	32	0	7	3656	0
2401	Kayren Soothallow	General Goods	30	30	0	7	3659	0
2402	Shara Blazen		32	32	0	7	3657	0
2403	Farmer Getz		24	24	0	7	3620	0
2404	Blacksmith Verringtan		26	26	0	7	3631	0
2405	Tarren Mill Deathguard		55	55	0	7	3662	0
2406	Mountain Lion		32	33	0	1	1058	0
2407	Hulking Mountain Lion		33	34	0	1	2300	0
2408	Snapjaw		30	31	0	1	1244	0
2409	Felicia Maline	Gryphon Master	55	55	1	7	5129	0
2410	Magus Wordeen Voidglare		42	42	0	7	3682	0
2411	Ricter		33	33	0	7	1838	0
2412	Alina		33	33	0	7	1828	0
2413	Dermot		34	34	0	7	1829	0
2414	Kegan Darkmar		35	35	0	7	1831	0
2415	Warden Belamoore		36	36	0	7	1840	0
2416	Crushridge Plunderer		36	37	1	7	415	0
2417	Grel'borg the Miser		39	39	1	7	11563	0
2418	Deathguard Samsa		32	32	0	7	1646	0
2419	Deathguard Humbert		32	32	0	7	1647	0
2420	Targ		41	41	1	7	536	0
2421	Muckrake		40	40	1	7	416	0
2422	Glommus		39	39	1	7	11552	0
2423	Lord Aliden Perenolde		41	41	0	7	1833	0
2424	Test Banker		62	62	0	7	280	1
2425	Varimathras		62	62	3	3	11658	1.2
2427	Jailor Eston		24	24	0	7	3625	0
2428	Jailor Marlgen		24	24	0	7	3626	0
2429	Novice Thaivand		30	30	0	7	3674	0
2430	Chef Jessen		35	35	0	7	1664	0
2431	Jailor Borhuin		37	37	0	7	1830	0
2432	Darla Harris	Gryphon Master	55	55	1	7	4349	0
2433	Helcular's Remains		44	44	1	6	1669	0
2434	Shadowy Assassin		37	38	0	7	3627	0
2435	Southshore Crier		32	32	0	7	3664	0
2436	Farmer Kent		25	25	0	7	3667	0
2437	Keeper Bel'varil		34	34	0	7	3681	0
2438	Bartolo Ginsetti		32	32	0	7	1662	0
2439	Major Samuelson	Stormwind City Guard	50	50	0	7	5567	0
2440	Drunken Footpad		32	33	0	7	3732	0
2441	[UNUSED] Southshore Citizen		25	25	0	7	428	1
2442	Cow		5	5	0	8	1060	0
2447	Narillasanz		44	44	2	2	6371	0
2448	Clerk Horrace Whitesteed		26	26	0	7	3644	0
2449	Citizen Wilkes		25	25	0	7	3642	0
2450	Miner Hackett		29	29	0	7	3645	0
2451	Farmer Kalaba		25	25	0	7	3630	0
2452	Skhowl		36	36	4	7	1078	0
2453	Lo'Grosh		39	39	4	7	11566	0
2454	Skeletal Fiend (Enraged Form)		1	1	0	6	9784	1
2455	Olivia Burnside	Banker	45	45	0	7	1450	0
2456	Newton Burnside	Banker	45	45	0	7	1436	0
2457	John Burnside	Banker	45	45	0	7	1437	0
2458	Randolph Montague	Banker	45	45	0	7	2645	0
2459	Mortimer Montague	Banker	45	45	0	7	2641	0
2460	Barnum Stonemantle	Banker	45	45	0	7	3037	0
2461	Bailey Stonemantle	Banker	45	45	0	7	3038	0
2462	Flesh Eating Worm		25	25	0	10	10996	0
2464	Commander Aggro'gosh		60	60	1	7	1735	0
2465	Far Seer Mok'thardin		45	45	0	7	4366	0
2466	Mountaineer Grugelm		30	30	0	7	1785	0
2468	Mountaineer Thar		30	30	0	7	1806	0
2469	Mountaineer Rharen		30	30	0	7	1802	0
2470	Watcher Fraizer	The Night Watch	37	37	0	7	9232	0
2472	Flamescale Drake		39	39	1	2	6376	1
2473	Granistad		40	40	0	1	935	0
2474	Kurdros		40	40	0	1	935	0
2475	Sloth		31	31	0	6	1081	1
2476	Large Loch Crocolisk		22	22	4	1	831	1.5
2477	Gradok	Horde Runner	19	21	1	7	3443	0
2478	Haren Swifthoof	Horde Runner	19	21	1	7	3442	1.35
2479	Sludge		31	31	0	6	1081	1
2480	Bro'kin	Alchemy Supplies	49	49	0	7	7031	0
2481	Bliztik	Alchemy Supplies	36	36	0	7	7130	0
2482	Zarena Cromwind	Superior Weaponsmith	43	43	0	7	4490	0
2483	Jaquilina Dramet	Superior Axecrafter	39	39	0	7	4394	0
2485	Larimaine Purdue	Portal Trainer	50	50	0	7	1470	0
2486	Fin Fizracket	Blackwater Raiders	42	42	0	7	7162	0
2487	Fleet Master Seahorn	Blackwater Raiders	60	60	0	7	1667	1.35
2488	Deeg	Blackwater Raiders	34	34	0	7	1282	0
2489	Milstaff Stormeye	Portal Trainer	45	45	0	7	10548	1.15
2490	First Mate Crazz	Blackwater Raiders	44	44	0	7	7165	0
2491	Whiskey Slim	Blackwater Raiders	38	38	0	7	4717	1.15
2492	Lexington Mortaim	Portal Trainer	35	35	0	7	2810	0
2493	Dizzy One-Eye	Blackwater Raiders	41	41	0	7	1403	0
2494	Privateer Bloads		40	40	0	7	1928	0
2495	Drizzlik		45	45	0	7	7166	0
2496	Baron Revilgaz		60	60	0	7	7167	0
2497	Nimboya		41	41	0	7	4569	0
2498	Crank Fizzlebub		34	34	0	7	7168	0
2499	Markel Smythe		38	38	0	7	7429	0
2500	Captain Hecklebury Smotts		37	37	0	7	797	0
2501	"Sea Wolf" MacKinley		44	44	0	7	1925	0
2502	"Shaky" Phillipe		44	44	0	7	1929	0
2503	Hillsbrad Foreman		27	28	0	7	3633	0
2504	Donyal Tovald	Librarian	15	15	0	7	1573	0
2505	Saltwater Snapjaw		49	50	0	1	5027	0
2506	Mountaineer Harn		30	30	0	7	1790	0
2507	Mountaineer Uthan		30	30	0	7	1808	0
2508	Mountaineer Wuar		30	30	0	7	1810	0
2509	Mountaineer Cragg		30	30	0	7	1778	0
2510	Mountaineer Ozmok		30	30	0	7	1801	0
2511	Mountaineer Bludd		30	30	0	7	1776	0
2512	Mountaineer Roghan		30	30	0	7	1803	0
2513	Mountaineer Janha		30	30	0	7	1791	0
2514	Mountaineer Modax		30	30	0	7	1797	0
2515	Mountaineer Fazgard		30	30	0	7	1782	0
2516	Mountaineer Kamdar		30	30	0	7	1794	0
2517	Mountaineer Langarr		30	30	0	7	1795	0
2518	Mountaineer Swarth		30	30	0	7	1805	0
2519	Kin'weelay		39	39	0	7	4475	0
2520	Remote-Controlled Golem		18	18	1	9	1159	0
2521	Skymane Gorilla		50	50	0	1	809	0
2522	Jaguero Stalker		50	50	0	1	613	0
2523	Searing Totem		19	19	0	11	4589	0
2524	Mountaineer Haggis		30	30	0	7	1788	0
2525	Mountaineer Barn		30	30	0	7	1775	0
2526	Mountaineer Morlic		30	30	0	7	1798	0
2527	Mountaineer Angst		30	30	0	7	1774	0
2528	Mountaineer Haggil		30	30	0	7	1787	0
2529	Son of Arugal		24	25	1	7	1098	0
2530	Yenniku	Darkspear Hostage	41	41	0	7	4663	0
2531	Minion of Morganth		30	30	0	6	1693	0
2532	Donna		1	1	0	7	252	0
2533	William		1	1	0	7	262	0
2534	Zanzil the Outcast		46	46	0	7	314	0
2535	Maury "Club Foot" Wilkins		43	44	0	6	987	0
2536	Jon-Jon the Crow		43	44	0	6	987	0
2537	Chucky "Ten Thumbs"		43	44	0	6	987	0
2540	Dalaran Serpent		14	15	0	10	5966	0
2541	Lord Sakrasis		45	45	4	7	4910	0
2542	Catelyn the Blade	Blackwater Raiders	50	50	0	7	1546	0
2543	Archmage Ansirem Runeweaver	Kirin Tor	40	40	0	7	1595	0
2544	Southern Sand Crawler		40	41	0	1	9573	0
2545	"Pretty Boy" Duncan		39	39	0	7	4641	0
2546	Fleet Master Firallon		48	48	0	7	797	0
2547	Ironpatch		43	43	0	7	4657	0
2548	Captain Keelhaul		46	47	0	7	7208	0
2549	Garr Salthoof		41	43	0	7	4648	1.35
2550	Captain Stillwater		45	46	0	7	4873	0
2551	Brutus		43	43	0	4	1102	0
2552	Witherbark Troll		30	31	0	7	3986	0
2553	Witherbark Shadowcaster		31	32	0	7	3993	0
2554	Witherbark Axe Thrower		32	33	0	7	3991	0
2555	Witherbark Witch Doctor		33	34	0	7	3995	0
2556	Witherbark Headhunter		34	35	0	7	3997	0
2557	Witherbark Shadow Hunter		35	36	0	7	3999	0
2558	Witherbark Berserker		36	37	1	7	4001	0
2559	Highland Strider		30	31	0	1	11316	0
2560	Highland Thrasher		33	34	0	1	180	0.66
2561	Highland Fleshstalker		36	37	0	1	961	0
2562	Boulderfist Ogre		32	33	0	7	1052	0
2563	Plains Creeper		32	33	0	1	1103	0
2564	Boulderfist Enforcer		33	34	0	7	1054	0
2565	Giant Plains Creeper		35	36	0	1	1104	0
2566	Boulderfist Brute		35	36	0	7	3193	0
2567	Boulderfist Magus		36	37	0	7	6170	0
2569	Boulderfist Mauler		37	38	1	7	1051	0
2570	Boulderfist Shaman		38	39	1	7	416	0
2571	Boulderfist Lord		39	40	1	7	448	0
2572	Drywhisker Kobold		35	36	0	7	2153	0
2573	Drywhisker Surveyor		37	38	0	7	371	0
2574	Drywhisker Digger		36	37	0	7	511	0
2575	Dark Iron Supplier		31	32	0	7	3969	0
2577	Dark Iron Shadowcaster		31	32	0	7	3970	0
2578	Young Mesa Buzzard		31	32	0	1	10824	0
2579	Mesa Buzzard		34	35	0	1	1105	0
2580	Elder Mesa Buzzard		37	38	0	1	388	0
2581	Dabyrie Militia		31	32	0	7	3960	0
2582	Dabyrie Laborer		30	31	0	7	3958	0
2583	Stromgarde Troll Hunter		37	38	1	7	4139	0
2584	Stromgarde Defender		38	39	1	7	4137	0
2585	Stromgarde Vindicator		39	40	1	7	4143	0
2586	Syndicate Highwayman		30	31	0	7	3984	0
2587	Syndicate Pathstalker		32	33	0	7	3982	0
2588	Syndicate Prowler		36	37	1	7	4016	0
2589	Syndicate Mercenary		31	32	0	7	3987	0
2590	Syndicate Conjuror		35	36	1	7	4014	0
2591	Syndicate Magus		37	38	1	7	4018	0
2592	Rumbling Exile		38	39	0	4	9587	0
2593	Rough Stone Elemental		37	38	0	4	4766	1
2594	Sprogger		37	37	0	7	7212	0
2595	Daggerspine Raider		38	39	0	7	11254	0
2596	Daggerspine Sorceress		39	40	0	7	5765	0
2597	Lord Falconcrest	Syndicate Leader	40	40	1	7	3985	0
2598	Darbel Montrose	Shadow Council Warlock	39	39	2	7	4027	0
2599	Otto	Bodyguard	38	38	1	7	3971	0
2600	Singer		34	34	4	7	4026	0
2601	Foulbelly		42	42	2	7	11551	0
2602	Ruul Onestone		39	39	2	7	11572	0
2603	Kovork		36	36	4	7	610	0
2604	Molok the Crusher		39	39	4	7	536	0
2605	Zalas Witherbark	Warband Leader	40	40	4	7	4003	0
2606	Nimar the Slayer	Warband Leader	37	37	4	7	4033	0
2607	Prince Galen Trollbane		44	44	1	7	1364	0
2608	Commander Amaren		44	44	0	7	4146	0
2609	Geomancer Flintdagger		40	40	4	7	10911	0
2610	Shakes O'Breen	Blackwater Raiders	40	40	0	7	11358	0
2611	Fozruk		42	42	1	5	1918	0
2612	Lieutenant Valorcall		38	38	1	7	4141	0
2614	[UNUSED] Stromgarde Horseman		1	1	0	7	1545	1
2615	[UNUSED] Stromgarde Roughrider		1	1	0	7	10952	1
2616	Privateer Groy		42	42	0	7	1926	0
2617	[UNUSED] Archmage Detrae		41	41	0	7	263	1
2618	Hammerfall Peon		33	34	0	7	4030	0
2619	Hammerfall Grunt		34	35	0	7	4032	0
2620	Prairie Dog		1	1	0	8	1072	0
2621	Hammerfall Guardian		50	50	0	7	4034	0
2622	Sly Garrett	Shady Goods	46	46	0	7	4489	0
2623	Spirit of Old		32	33	0	6	146	0
2624	Gazban		40	40	0	7	7210	0
2625	Viznik Goldgrubber	Banker	55	55	0	7	7160	0
2626	Old Man Heming	Fisherman	43	43	0	7	4491	0
2627	Grarnik Goodstitch	Expert Tailor	34	34	0	7	7176	0
2628	Dalaran Worker		33	34	0	7	3720	0
2630	Earthbind Totem		13	13	0	11	4588	0
2634	Princess Poobah		42	42	0	7	2178	1.25
2635	Elder Saltwater Crocolisk		38	38	1	1	1038	1.33
2636	Blackwater Deckhand		38	39	0	7	11357	0
2637	Syndicate Bomb		37	37	0	10	277	1
2638	Syndicate Spectre		35	35	0	6	4869	1
2639	Vilebranch Axe Thrower		45	46	0	7	6491	0
2640	Vilebranch Witch Doctor		46	47	0	7	6542	0
2641	Vilebranch Headhunter		46	47	1	7	6497	0
2642	Vilebranch Shadowcaster		47	48	1	7	6514	0
2643	Vilebranch Berserker		47	48	1	7	6493	0
2644	Vilebranch Hideskinner		48	49	1	7	6510	0
2645	Vilebranch Shadow Hunter		48	49	1	7	6538	0
2646	Vilebranch Blood Drinker		49	50	1	7	6495	0
2647	Vilebranch Soul Eater		49	50	1	7	6540	0
2648	Vilebranch Aman'zasi Guard		50	51	1	7	6997	0
2649	Witherbark Scalper		40	41	0	7	6479	0
2650	Witherbark Zealot		41	42	0	7	6480	0
2651	Witherbark Hideskinner		42	43	0	7	6483	0
2652	Witherbark Venomblood		43	43	0	7	6485	0
2653	Witherbark Sadist		44	45	0	7	6489	0
2654	Witherbark Caller		45	46	0	7	6487	0
2655	Green Sludge		46	47	0	10	1145	0
2656	Jade Ooze		47	48	0	10	11137	0
2657	Trained Razorbeak		40	42	0	1	1149	0
2658	Razorbeak Gryphon		43	45	0	1	935	0
2659	Razorbeak Skylord		46	48	0	1	1148	0
2662	Port Master Szik	Boat Vendor	1	1	0	7	7189	1
2663	Narkk	Pirate Supplies	42	42	0	7	7190	0
2664	Kelsey Yance	Cook	43	43	0	7	4482	0
2665	Proximity Bomb		1	1	0	10	277	1
2667	Ward of Laze		36	37	0	9	2420	0
2668	Danielle Zipstitch	Tailoring Supplies	27	27	0	7	4273	0
2669	Sheri Zipstitch	Tailoring Supplies	31	31	0	7	4274	0
2670	Xizk Goodstitch	Tailoring Supplies	43	43	0	7	7177	0
2671	Mechanical Squirrel		15	15	0	1	7937	0
2672	Cowardly Crosby	Tailoring Supplies	40	40	0	7	4397	0
2673	Target Dummy		20	20	0	9	1555	0
2674	Advanced Target Dummy		40	40	0	9	1555	0
2675	Explosive Sheep		30	30	0	7	3886	0
2676	Compact Harvest Reaper		40	41	0	9	1159	0
2678	Mechanical Dragonling		47	47	0	9	4465	0
2679	Wenna Silkbeard	Special Goods Dealer	28	30	0	7	1620	0
2680	Vilebranch Wolf Pup		46	47	0	1	781	0
2681	Vilebranch Raiding Wolf		50	51	1	1	782	0
2682	Fradd Swiftgear	Engineering Supplies	24	24	0	7	3482	1.15
2683	Namdo Bizzfizzle	Engineering Supplies	24	24	0	7	4953	1.15
2684	Rizz Loosebolt	Engineering Supplies	31	31	0	7	3733	0
2685	Mazk Snipeshot	Engineering Supplies	36	36	0	7	7179	0
2686	Witherbark Broodguard		44	45	0	1	1157	0
2687	Gnaz Blunderflame	Engineering Supplies	42	42	0	7	4493	1.15
2688	Ruppo Zipcoil	Engineering Supplies	52	52	0	7	6545	1.15
2689	Hill Giant		47	48	0	5	10040	1
2690	Hill Giant Warden		48	49	0	5	6910	1
2691	Highvale Outrunner		43	44	0	7	6547	0
2692	Highvale Scout		44	45	0	7	6549	0
2693	Highvale Marksman		45	46	0	7	6546	0
2694	Highvale Ranger		46	47	0	7	6548	0
2695	Sara Balloo		15	15	0	7	1670	0
2696	Foggy MacKreel		30	30	0	7	1668	0
2697	Clyde Ranthal	Leatherworking Supplies	31	31	0	7	3357	0
2698	George Candarte	Leatherworking Supplies	31	31	0	7	3680	0
2699	Rikqiz	Leatherworking Supplies	43	43	0	7	7170	0
2700	Captain Nials		41	41	0	7	4147	0
2701	Dustbelcher Ogre		38	39	0	7	10704	0
2702	Felhunter Trainer	UNUSED	10	10	0	7	312	1
2703	Zengu		40	40	0	7	4013	0
2704	Hanashi	Weapon Master	50	50	0	7	12989	0
2705	Brewmeister Bilger		33	33	0	7	1663	0
2706	Tor'gan		40	40	0	7	4047	0
2707	Shadra	The Venom Queen	55	55	1	1	7536	0
2708	Archmage Malin		40	40	0	7	2968	0
2709	Imp Trainer	UNUSED	10	10	0	7	1176	1
2710	Voidwalker Trainer	UNUSED	10	10	0	7	312	1
2711	Phin Odelic		36	36	0	7	3666	0
2712	Quae		38	38	0	7	1853	0
2713	Kinelory		38	38	0	7	1716	0
2714	Forsaken Courier		35	35	0	7	4041	0
2715	Dustbelcher Brute		39	40	0	7	10714	0
2716	Dustbelcher Wyrmhunter		40	41	0	7	11548	0
2717	Dustbelcher Mauler		41	42	0	7	1120	0
2718	Dustbelcher Shaman		42	43	0	7	11545	0
2719	Dustbelcher Lord		44	45	0	7	1120	0
2720	Dustbelcher Ogre Mage		43	44	0	7	11546	0
2721	Forsaken Bodyguard		35	35	0	7	4037	0
2723	Stone Golem		38	39	0	4	10804	0
2725	Scalding Whelp		41	43	0	2	715	0
2726	Scorched Guardian		43	45	1	2	9586	0
2727	Crag Coyote		35	36	0	1	161	0
2728	Feral Crag Coyote		37	38	0	1	557	0
2729	Elder Crag Coyote		39	40	0	1	1164	0
2730	Rabid Crag Coyote		42	43	0	1	161	0
2731	Ridge Stalker		36	37	0	1	632	0
2732	Ridge Huntress		38	39	0	1	1055	0
2733	Apothecary Jorell		36	36	0	7	4040	0
2734	Ridge Stalker Patriarch		40	41	0	1	917	0
2735	Lesser Rock Elemental		37	39	0	4	1161	0
2736	Greater Rock Elemental		42	44	0	4	14328	0
2737	Durtham Greldon		40	40	0	7	9817	0
2738	Stromgarde Cavalryman		36	37	1	7	4145	0
2739	Shadowforge Tunneler		35	36	0	7	4932	0
2740	Shadowforge Darkweaver		36	37	0	7	4933	0
2741	Shadowforge Excavator		37	38	0	7	4934	1
2742	Shadowforge Chanter		38	39	0	7	4935	0
2743	Shadowforge Warrior		38	39	0	7	4936	0
2744	Shadowforge Commander		40	40	4	7	4937	0
2745	Ambassador Infernus		42	42	1	4	5488	0
2746	Stonevault Warden		39	39	1	5	5753	1
2748	Archaedas	Ancient Stone Watcher	47	47	1	5	5988	0
2749	Siege Golem		40	40	2	4	13869	0
2751	War Golem		36	36	4	4	5747	0
2752	Rumbler		45	45	4	4	8550	0
2753	Barnabus		38	38	0	1	9372	0
2754	Anathemus		45	45	2	5	10040	0
2755	Myzrael		44	44	1	4	1165	0
2756	UNUSED Grund Drokda	Reuse Me	1	1	0	7	3428	1
2757	Blacklash		50	50	1	2	6369	0
2759	Hematus		50	50	1	2	6377	0
2760	Burning Exile		38	39	0	4	2172	0
2761	Cresting Exile		38	39	0	4	5561	0
2762	Thundering Exile		38	39	0	4	5490	0
2763	Thenan		42	42	1	5	10040	0
2764	Sleeby		40	40	0	7	2299	0
2765	Znort		39	39	0	7	373	0
2766	Lolo the Lookout	Blackwater Raiders	39	39	0	7	610	0
2767	First Mate Nilzlix	Blackwater Raiders	39	39	0	7	7032	0
2768	Professor Phizzlethorpe	Blackwater Raiders	38	38	0	7	4049	0
2769	Captain Steelgut	Blackwater Raiders	39	39	0	7	1280	0
2770	Tallow		27	27	0	7	3671	0
2771	Drum Fel		30	30	0	7	4045	0
2772	Korin Fel		35	35	0	7	4046	0
2773	Or'Kalar		40	40	1	7	11568	0
2774	Doctor Draxlegauge	Blackwater Raiders	38	38	0	7	4051	0
2775	Daggerspine Marauder		40	41	0	7	11253	0
2776	Vengeful Surge		40	40	0	4	5562	0
2778	Deckhand Moishe	Blackwater Raiders	37	37	0	7	8069	0
2779	Prince Nazjak		41	41	4	7	6763	0
2780	Caretaker Nevlin		41	41	1	7	2435	0
2781	Caretaker Weston		41	41	1	7	2436	0
2782	Caretaker Alaric		41	41	1	7	2434	0
2783	Marez Cowl		40	40	1	7	4031	0
2784	King Magni Bronzebeard	Lord of Ironforge	63	63	3	7	3597	0
2785	Theldurin the Lost		30	30	0	7	4903	0
2786	Gerrig Bonegrip		30	30	0	7	3599	0
2787	Zaruk		60	60	0	7	4463	0
2788	Apprentice Kryten		30	30	0	7	4043	0
2789	Skuerto		36	36	0	7	4042	0
2790	Grand Mason Marblesten	Royal Stonecutters Union	44	44	0	7	5410	0
2791	Enraged Rock Elemental		42	43	0	4	8550	0
2792	Gor'mul		40	40	0	7	4048	0
2793	Kor'gresh Coldrage		39	39	0	7	6168	0
2794	Summoned Guardian		38	38	1	4	4606	0
2795	Lenny "Fingers" McCoy		35	35	0	7	1505	0
2796	Faelyssa		35	35	0	7	2232	0
2797	Hovrak Gutrender	iCoke Redemption Vendor	35	35	0	7	14948	1
2798	Pand Stonebinder	First Aid Trainer	35	35	0	7	2131	1.35
2799	Lucian Fenner		35	35	0	7	2610	0
2801	Tresa MacGregor	iCoke Redemption Vendor	35	35	0	7	14946	0
2802	Susan Tillinghast		55	55	0	7	10563	0
2803	Malygen	General Goods	55	55	0	7	2241	0
2804	Kurden Bloodclaw	Warsong Gulch Battlemaster	61	61	1	7	1871	0
2805	Deneb Walker	Scrolls & Potions	45	45	0	7	1506	0
2806	Bale	General Goods	55	55	0	7	2128	1.35
2807	Daggerspine Wavecaller		28	28	0	7	4910	1
2808	Vikki Lonsav	General Goods	36	36	0	7	3966	0
2809	Boar		1	1	0	1	1167	1
2810	Hammon Karwn	Superior Tradesman	35	35	0	7	3967	0
2812	Drovnar Strongbrew	Alchemy Supplies	38	40	0	7	3964	0
2813	[UNUSED] Thurgas	Spirit Healer	62	62	0	7	3968	1
2814	Narj Deepslice	Butcher	39	39	0	7	3962	0
2815	[UNUSED] Teresa Shore	Spirit Healer	60	60	0	7	3949	1
2816	Androd Fadran	Leatherworking Supplies	37	37	0	7	3965	0
2817	Rigglefuzz		37	37	0	7	7033	0
2818	Slagg	Superior Butcher	38	38	0	7	3950	0
2819	Tunkk	Leatherworking Supplies	34	34	0	7	3951	0
2820	Graud	General Goods	31	31	0	7	3952	0
2821	Keena	Trade Goods	33	33	0	7	3953	0
2829	Starving Buzzard		35	37	0	1	10824	0
2830	Buzzard		37	39	0	1	1105	0
2831	Giant Buzzard		39	41	0	1	1106	0
2832	Nixxrax Fillamug	Food and Drink	38	38	0	7	7180	0
2833	DEBUG - Gossip Gryphon Master	Gryphon Master	55	55	1	7	2582	1
2834	Myizz Luckycatch	Superior Fisherman	43	43	0	7	7172	0
2835	Cedrik Prose	Gryphon Master	55	55	1	7	4044	0
2836	Brikk Keencraft	Master Blacksmith	54	54	0	7	7161	0
2837	Jaxin Chong	Expert Alchemist	46	46	0	7	7174	0
2838	Crazk Sparks	Fireworks Merchant	46	46	0	7	7181	0
2839	Haren Kanmae	Superior Bowyer	41	41	0	7	4478	0
2840	Kizz Bluntstrike	Macecrafter	42	42	0	7	7183	0
2842	Wigcik	Superior Fisherman	43	43	0	7	7184	0
2843	Jutak	Blade Trader	43	43	0	7	4481	0
2844	Hurklor	Blacksmithing Supplies	46	46	0	7	4477	0
2845	Fargon Mortalak	Superior Armorer	42	42	0	7	4476	0
2846	Blixrez Goodstitch	Leatherworking Supplies	43	43	0	7	7186	0
2847	Jansen Underwood	Blacksmithing Supplies	49	49	0	7	4479	0
2848	Glyx Brewright	Alchemy Supplies	45	45	0	8	7178	0
2849	Qixdi Goodstitch	Cloth Armor and Accessories	44	44	0	7	7187	0
2850	Broken Tooth		37	37	4	1	6082	0
2851	Urda	Wind Rider Master	55	55	1	7	3972	0
2852	Enslaved Druid of the Talon		10	10	0	7	4246	0
2853	Freed Druid of the Talon		10	10	0	7	1192	0
2855	Snang	Journeyman Tailor	24	24	0	7	4384	0
2856	Angrun	Superior Herbalist	40	40	0	7	4364	0
2857	Thund	Journeyman Engineer	23	23	0	7	4386	0
2858	Gringer	Wind Rider Master	55	55	1	7	12938	0
2859	Gyll	Gryphon Master	55	55	1	7	12945	0
2860	Sigrun Ironhew		40	40	0	7	1568	0
2861	Gorrik	Wind Rider Master	55	55	1	7	4148	0
2862	Warrior 21		21	21	0	2	143	1
2863	Warrior 22		22	22	0	2	143	1
2864	Warrior 23		23	23	0	2	143	1
2865	Warrior 24		24	24	0	2	143	1
2866	Warrior 26		26	26	0	2	143	1
2867	Warrior 27		27	27	0	2	143	1
2868	Warrior 28		28	28	0	2	143	1
2869	Warrior 29		29	29	0	2	143	1
2870	[UNUSED] Henria Derth	Wolf Trainer	21	21	0	7	2585	0
2871	[PH] Tallstrider Trainer		50	50	0	7	428	1
2872	[UNUSED] Whaldak Darbenk	Spider Trainer	50	50	0	7	5044	1
2873	[PH] Raptor Trainer		50	50	0	7	428	1
2874	[PH] Horse Trainer		50	50	0	7	428	1
2875	[PH] Gorilla Trainer		50	50	0	7	428	1
2876	Grunenstur Balindom	Crocilisk Trainer	50	50	0	7	5090	0
2877	[PH] Crawler Trainer		50	50	0	7	428	1
2878	Peria Lamenur	Pet Trainer	40	40	0	7	5040	0
2879	Karrina Mekenda	Pet Trainer	40	40	0	7	5043	0
2880	[UNUSED] Hurom Juggendolf	Boar Trainer	50	50	0	7	5041	0
2881	[UNUSED] Durdek Karrin	Bear Trainer	50	50	0	7	5227	0
2883	[UNUSED] [PH] Monster Slayer Trainer	Monster Slayer Trainer	8	12	0	7	832	1
2885	[UNUSED] [PH] Magic Skills Trainer	Magic Skills Trainer	8	12	0	7	832	1
2886	Ranged Skills Trainer	Ranged Skills Trainer	8	12	0	7	832	1
2887	Prismatic Exile		42	43	0	4	9588	0
2888	Garek		50	50	0	7	9752	0
2889	Stonevault Trogg		35	36	1	7	721	1
2890	Stonevault Scout		36	37	1	7	722	1
2891	Stonevault Skullthumper		37	38	0	7	721	1
2892	Stonevault Seer		39	40	1	7	722	0
2893	Stonevault Bonesnapper		39	40	0	7	1194	0
2894	Stonevault Shaman		40	41	0	7	721	0
2896	[PH] Alliance Magic Skills Trainer	Magic Skill Trainer *Temp*	45	45	0	7	754	1
2899	[PH] Alliance Toughness/Resist Trainer	Toughness/Resist Trainer *Temp*	45	45	0	7	2584	1
2906	Dustbelcher Warrior		35	37	0	7	5782	0
2907	Dustbelcher Mystic		36	37	0	7	1122	0
2908	Grawl	General Goods	44	44	0	7	4902	0
2909	Hammertoe Grez		40	40	0	7	4899	0
2910	Prospector Ryedol	Explorers' League	35	35	0	7	4900	0
2911	Archaeologist Flagongut	Explorers' League	44	44	0	7	1650	0
2912	Chief Archaeologist Greywhisker	Explorers' League	40	40	0	7	1665	0
2913	Archaeologist Hollee	Explorers' League	12	12	0	7	1286	0
2914	Snake		1	1	0	8	1206	0
2915	Hammertoe's Spirit		40	40	0	7	4901	0
2916	Historian Karnik		20	20	0	7	3595	0
2917	Prospector Remtravel	Explorers' League	16	16	0	7	1277	0
2918	Advisor Belgrum		40	40	0	7	3598	0
2919	Fam'retor Guardian		45	45	0	4	1162	0
2920	Lucien Tosselwrench		31	31	0	7	4895	1.15
2921	Lotwil Veriatus		36	36	0	7	4896	1.15
2922	Servo		5	5	0	9	1150	0
2923	Mangy Silvermane		41	42	0	1	11413	0
2924	Silvermane Wolf		43	44	0	1	11419	0
2925	Silvermane Howler		45	46	0	1	11417	0
2926	Silvermane Stalker		47	48	0	1	11418	0
2927	Vicious Owlbeast		42	43	0	7	12238	0
2928	Primitive Owlbeast		44	45	0	7	12238	0
2929	Savage Owlbeast		46	47	0	7	12238	0
2930	Sentinel Glynda Nal'Shea		45	45	0	7	2865	0
2931	Zaricotl		55	55	2	1	1210	0
2932	Magregan Deepshadow		38	38	1	7	4938	0
2934	Keeper Bel'dugur		42	42	0	7	5751	0
2935	[PH] Demon Master	Demon Trainer	50	50	0	3	433	1
2937	Dagun the Ravenous		43	43	1	7	10043	0
2938	Aldric Hunter	Bear Trainer	50	50	0	7	5088	1
2939	Jackson Bayne	Boar Trainer	1	1	0	7	5089	1
2940	[UNUSED] Frank Ward	Bird Trainer	50	50	0	7	7914	1
2941	Lanie Reed	Gryphon Master	55	55	1	7	5091	0
2942	Dylan Bissel	Wolf Trainer	50	50	0	7	5010	1
2943	Ransin Donner		35	35	0	7	7916	0
2944	Boss Tho'grun		41	42	0	7	10170	0
2945	Murdaloc		42	42	0	7	1194	0
2946	Puppet of Helcular		42	42	0	6	200	0
2947	Harken Windtotem		21	21	0	7	3821	1.35
2948	Mull Thunderhorn		25	25	0	7	3826	1.35
2949	Palemane Tanner		5	6	0	7	550	0
2950	Palemane Skinner		6	7	0	7	1216	0
2951	Palemane Poacher		7	8	0	7	1217	0
2952	Bristleback Quilboar		3	4	0	7	1967	0
2953	Bristleback Shaman		3	4	0	7	6090	0
2954	Bristleback Battleboar		4	5	0	1	6807	0
2955	Plainstrider		1	2	0	1	1219	0
2956	Adult Plainstrider		6	7	0	1	1220	0
2957	Elder Plainstrider		8	9	0	1	1221	0
2958	Prairie Wolf		5	6	0	1	1100	0
2959	Prairie Stalker		7	8	0	1	643	0
2960	Prairie Wolf Alpha		9	10	0	1	161	0
2961	Mountain Cougar		3	3	0	1	11451	0
2962	Windfury Harpy		7	8	0	7	10877	0
2963	Windfury Wind Witch		8	9	0	7	1351	0
2964	Windfury Sorceress		9	10	0	7	1255	0
2965	Windfury Matriarch		10	11	0	7	10869	0
2966	Battleboar		3	4	0	1	8869	0
2967	Galak Centaur		8	9	0	7	9410	0
2968	Galak Outrunner		9	10	0	7	9409	0
2969	Wiry Swoop		5	7	0	1	1228	0
2970	Swoop		7	9	0	1	1229	0
2971	Taloned Swoop		8	10	0	1	10824	0
2972	Kodo Calf		7	8	0	1	1451	0
2973	Kodo Bull		10	11	0	1	1230	0
2974	Kodo Matriarch		11	12	0	1	10918	0
2975	Venture Co. Hireling		5	6	0	7	7243	0
2976	Venture Co. Laborer		6	7	0	7	7244	0
2977	Venture Co. Taskmaster		7	8	0	7	7246	0
2978	Venture Co. Worker		8	9	0	7	7247	0
2979	Venture Co. Supervisor		9	10	0	7	7245	0
2980	Grull Hawkwind		4	4	0	7	3808	1.35
2981	Chief Hawkwind		36	36	0	7	3809	1.35
2982	Seer Graytongue		8	8	0	7	3813	1.35
2983	The Plains Vision		7	7	0	1	1236	0
2984	Seer Wiserunner		11	11	0	7	3815	1.35
2985	Ruul Eagletalon		9	9	0	7	3822	1.35
2986	Dorn Plainstalker		29	29	0	7	10969	1.35
2987	Eyahn Eagletalon		12	12	0	7	4516	1.35
2988	Morin Cloudstalker		10	10	0	7	1624	1.35
2989	Bael'dun Digger		7	8	0	7	3785	0
2990	Bael'dun Appraiser		8	9	0	7	3787	0
2991	Greatmother Hawkwind		9	9	0	7	3841	1.25
2992	Healing Ward V		28	38	0	10	2030	1
2993	Baine Bloodhoof		10	10	0	7	3792	1.35
2994	Ancestral Spirit		9	9	0	7	3824	1.35
2995	Tal	Wind Rider Master	55	55	1	7	2098	1.35
2996	Torn	Banker	45	45	0	7	2104	1.35
2997	Jyn Stonehoof	Weapons Merchant	30	30	0	7	2110	1.25
2998	Karn Stonehoof	Expert Blacksmith	35	35	0	7	2090	1.35
2999	Taur Stonehoof	Blacksmithing Supplies	30	30	0	7	2100	1.35
3000	Gibbert	Weapon Merchant	45	45	0	7	7218	0
3001	Brek Stonehoof	Mining Trainer	35	35	0	7	2083	1.35
3002	Kurm Stonehoof	Mining Supplier	40	40	0	7	2092	1.35
3003	Fyr Mistrunner	Bread Vendor	30	30	0	7	2109	1.25
3004	Tepa	Expert Tailor	35	35	0	7	2126	1.25
3005	Mahu	Leatherworking & Tailoring Supplies	30	30	0	7	2093	1.35
3007	Una	Artisan Leatherworker	46	46	0	7	2127	1.25
3008	Mak	Journeyman Leatherworker	24	24	0	7	2094	1.35
3009	Bena Winterhoof	Expert Alchemist	35	35	0	7	2108	1.25
3010	Mani Winterhoof	Alchemy Supplies	30	30	0	7	2116	1.25
3011	Teg Dawnstrider	Expert Enchanter	35	35	0	7	2101	1.35
3012	Nata Dawnstrider	Enchanting Supplies	30	30	0	7	2118	1.25
3013	Komin Winterhoof	Herbalism Trainer	35	35	0	7	2091	1.35
3014	Nida Winterhoof	Herbalism Supplier	30	30	0	7	2119	1.25
3015	Kuna Thunderhorn	Bowyer & Fletching Goods	30	30	0	7	2114	1.25
3016	Tand	Basket Weaver	30	30	0	7	2099	1.35
3017	Nan Mistrunner	Fruit Vendor	30	30	0	7	2117	1.25
3018	Hogor Thunderhoof	Guns Merchant	30	30	0	7	2086	1.35
3019	Delgo Ragetotem	Axe Merchant	30	30	0	7	2084	1.35
3020	Etu Ragetotem	Mace & Staff Merchant	30	30	0	7	2085	1.35
3021	Kard Ragetotem	Sword and Dagger Merchant	30	30	0	7	2089	1.35
3022	Sunn Ragetotem	Staff Merchant	30	30	0	7	2124	1.25
3023	Sura Wildmane	War Harness Vendor	30	30	0	7	2125	1.25
3024	Tah Winterhoof		30	30	0	7	2097	1.35
3025	Kaga Mistrunner	Meat Vendor	30	30	0	7	2111	1.25
3026	Aska Mistrunner	Cooking Trainer	45	45	0	7	2107	1.25
3027	Naal Mistrunner	Cooking Supplier	40	40	0	7	2095	1.35
3028	Kah Mistrunner	Fishing Trainer	45	45	0	7	2088	1.35
3029	Sewa Mistrunner	Fishing Supplier	40	40	0	7	2120	1.25
3030	Siln Skychaser	Shaman Trainer	50	50	0	7	2123	1.25
3031	Tigor Skychaser	Shaman Trainer	40	40	0	7	2102	1.35
3032	Beram Skychaser	Shaman Trainer	60	60	0	7	2082	1.35
3033	Turak Runetotem	Druid Trainer	50	50	0	7	2106	1.35
3034	Sheal Runetotem	Druid Trainer	60	60	0	7	2121	1.25
3035	Flatland Cougar		7	8	0	1	1059	0
3036	Kym Wildmane	Druid Trainer	40	40	0	7	2115	1.25
3037	Sheza Wildmane		30	30	0	7	2122	1.25
3038	Kary Thunderhorn	Hunter Trainer	50	50	0	7	2112	1.25
3039	Holt Thunderhorn	Hunter Trainer	60	60	0	7	2087	1.35
3040	Urek Thunderhorn	Hunter Trainer	40	40	0	7	2105	1.35
3041	Torm Ragetotem	Warrior Trainer	50	50	0	7	2103	1.35
3042	Sark Ragetotem	Warrior Trainer	60	60	0	7	2096	1.35
3043	Ker Ragetotem	Warrior Trainer	40	40	0	7	2113	1.25
3044	Miles Welsh	Priest Trainer	40	40	0	7	2139	0
3045	Malakai Cross	Priest Trainer	50	50	0	7	2138	0
3046	Father Cobb	Priest Trainer	60	60	0	7	2137	0
3047	Archmage Shymm	Mage Trainer	60	60	0	7	2134	0
3048	Ursyn Ghull	Mage Trainer	40	40	0	7	6058	0
3049	Thurston Xane	Mage Trainer	50	50	0	7	2135	0
3050	Veren Tallstrider		21	21	0	7	4517	1.35
3051	Supervisor Fizsprocket		12	12	0	7	7134	0
3052	Skorn Whitecloud		21	21	0	7	3823	1.35
3053	Synge	Gun Merchant	30	30	0	7	7219	0
3054	Zarlman Two-Moons		7	7	0	7	3814	1.35
3055	Maur Raincaller		10	10	0	7	1678	1.35
3056	Ghost Howl		12	12	4	1	720	0
3057	Cairne Bloodhoof	High Chieftain	63	63	3	7	4307	1.62
3058	Arra'chea		11	11	0	1	10916	0
3059	Harutt Thunderhorn	Warrior Trainer	10	10	0	7	3793	1.35
3060	Gart Mistrunner	Druid Trainer	9	9	0	7	3819	1.35
3061	Lanka Farshot	Hunter Trainer	11	11	0	7	3810	1.35
3062	Meela Dawnstrider	Shaman Trainer	10	10	0	7	10180	1.25
3063	Krang Stonehoof	Warrior Trainer	14	14	0	7	3794	1.35
3064	Gennia Runetotem	Druid Trainer	12	12	0	7	3820	1.25
3065	Yaw Sharpmane	Hunter Trainer	11	11	0	7	3811	1.35
3066	Narm Skychaser	Shaman Trainer	13	13	0	7	3816	1.35
3067	Pyall Silentstride	Cook	12	12	0	7	3795	1.35
3068	Mazzranache		9	9	4	1	1961	0
3069	Chaw Stronghide	Journeyman Leatherworker	23	23	0	7	3796	1.35
3070	[UNUSED] [PH] Mulgore Alchemy Trainer	Alchemist <Needs Model>	11	11	0	7	2578	1
3071	[UNUSED] [PH] Mulgore Herbalism Trainer	Herbalist <Needs Model>	10	10	0	7	2578	1
3072	Kawnie Softbreeze	General Goods	8	8	0	7	3797	1.25
3073	Marjak Keenblade	Weaponsmith	9	9	0	7	3799	1.35
3074	Varia Hardhide	Leather Armor Merchant	7	7	0	7	3798	1.25
3075	Bronk Steelrage	Armorer and Shieldcrafter	10	10	0	7	3801	1.35
3076	Moorat Longstride	General Goods	12	12	0	7	3800	1.35
3077	Mahnott Roughwound	Weaponsmith	11	11	0	7	3802	1.35
3078	Kennah Hawkseye	Gunsmith	10	10	0	7	3803	1.35
3079	Varg Windwhisper	Leather Armor Merchant	14	14	0	7	10182	1.35
3080	Harant Ironbrace	Armorer and Shieldcrafter	13	13	0	7	3804	1.35
3081	Wunna Darkmane	Trade Goods	10	10	0	7	3806	1.25
3082	[UNUSED] Narache Guard		25	30	0	7	3772	1
3083	Honor Guard		60	60	0	7	2140	1.35
3084	Bluffwatcher		55	55	0	7	2141	1.35
3085	Gloria Femmel	Cooking Supplies	20	20	0	7	3375	0
3086	Gretchen Vogel	Waitress	20	20	0	7	3378	0
3087	Crystal Boughman	Cooking Trainer	22	22	0	7	3379	0
3088	Henry Chapal	Gunsmith	25	25	0	7	3380	0
3089	Sherman Femmel	Butcher	21	21	0	7	3373	0
3090	Gerald Crawley	Poison Supplier	25	25	0	7	3381	0
3091	Franklin Hamar	Tailoring Supplies	26	26	0	7	3376	0
3092	Tagain	Cloth Armor Merchant	30	30	0	7	2133	1.25
3093	Grod	Leather Armor Merchant	30	30	0	7	2129	1.35
3094	Unseen		49	51	0	6	146	0
3095	Fela	Heavy Armor Merchant	30	30	0	7	2132	1.25
3096	Captured Servant of Azora	Specialist Tailoring Supplies	22	22	0	7	5015	1.15
3097	Bernard Brubaker	Leather Armor Merchant	20	20	0	7	5013	0
3098	Mottled Boar		1	2	0	1	503	0
3099	Dire Mottled Boar		6	7	0	1	381	0
3100	Elder Mottled Boar		8	9	0	1	193	0
3101	Vile Familiar		3	4	0	7	1185	0
3102	Felstalker		3	4	0	3	850	0.7
3103	Makrura Clacker		6	7	0	7	1940	0
3104	Makrura Shellhide		6	7	0	7	1246	0
3105	Makrura Snapclaw		8	9	0	7	1248	0
3106	Pygmy Surf Crawler		5	6	0	1	1307	0
3107	Surf Crawler		7	8	0	1	1938	0
3108	Encrusted Surf Crawler		9	10	0	1	999	0
3110	Dreadmaw Crocolisk		9	11	0	1	1250	0
3111	Razormane Quilboar		6	7	0	7	1218	0
3112	Razormane Scout		7	8	0	7	1252	0
3113	Razormane Dustrunner		8	9	0	7	6088	0
3114	Razormane Battleguard		9	10	0	7	1964	0
3115	Dustwind Harpy		7	8	0	7	3012	0
3116	Dustwind Pillager		7	8	0	7	6814	0
3117	Dustwind Savage		9	10	0	7	2166	0
3118	Dustwind Storm Witch		10	11	0	7	6815	0
3119	Kolkar Drudge		6	7	0	7	9442	0
3120	Kolkar Outrunner		7	8	0	7	9443	0
3121	Durotar Tiger		7	8	0	1	598	0
3122	Bloodtalon Taillasher		6	8	0	1	1960	0
3123	Bloodtalon Scythemaw		8	10	0	1	1959	0
3124	Scorpid Worker		3	3	0	1	2485	0
3125	Clattering Scorpid		5	6	0	1	2486	0
3126	Armored Scorpid		7	8	0	1	2487	0
3127	Venomtail Scorpid		9	10	0	1	2732	0
3128	Kul Tiras Sailor		5	6	0	7	3734	0
3129	Kul Tiras Marine		6	7	0	7	1860	0
3130	Thunder Lizard		9	10	0	1	2179	0
3131	Lightning Hide		10	11	0	1	1532	0
3133	Herble Baubbletump	Engineering and Mining Supplies	30	30	0	7	4286	1.15
3134	Kzixx	Rare Goods	25	25	0	7	7131	0
3135	Malissa	Poison Supplier	24	24	0	7	4337	0
3136	Clarise Gnarltree	Expert Blacksmith	31	31	0	7	4330	0
3137	Matt Johnson	Mining Trainer	20	20	0	7	4333	0
3138	Scott Carevin	Mushroom Seller	25	25	0	7	4339	0
3139	Gar'Thok		10	10	0	7	3736	0
3140	Lar Prowltusk		7	7	0	7	4070	0
3141	Makrura Elder		8	9	0	7	1818	0
3142	Orgnil Soulscar		18	18	0	7	1877	0
3143	Gornek		5	5	0	7	1653	0
3144	Eitrigg		20	20	0	7	1619	0
3145	Zureetha Fargaze		12	12	0	7	1875	0
3146	Gurek	Spirit Healer	45	45	0	7	1867	1
3147	Furl Scornbrow		6	6	0	7	1275	0
3148	[UNUSED] Torc the Orc	Zeppelin Operator	60	60	1	7	2576	1
3149	Nez'raz	Zeppelin Master	45	45	0	7	9352	0
3150	Hin Denburg	Zeppelin Master	45	45	0	7	11911	0
3151	Captain Obvious	Boat Operator	60	60	0	7	1233	1
3152	Cap'n Copyright	Boat Operator	40	40	0	7	1233	1
3153	Frang	Warrior Trainer	11	11	0	7	1880	0
3154	Jen'shan	Hunter Trainer	8	8	0	7	1882	0
3155	Rwag	Rogue Trainer	8	8	0	7	1886	0
3156	Nartok	Warlock Trainer	9	9	0	7	1884	0
3157	Shikrik	Shaman Trainer	10	10	0	7	1878	0
3158	Duokna	General Goods	10	10	0	7	1879	0
3159	Kzan Thornslash	Weaponsmith	34	34	0	7	1883	0
3160	Huklah	Cloth & Leather Armor Merchant	11	11	0	7	1881	0
3161	Rarc	Armorer & Shieldcrafter	10	10	0	7	1885	0
3162	Burdrak Harglhelm	Leather Armor Merchant	12	12	0	7	3408	0
3163	Uhgar	Weaponsmith	15	15	0	7	3738	0
3164	Jark	General Goods	14	14	0	7	3737	0
3165	Ghrawt	Bowyer	13	13	0	7	3739	0
3166	Cutac	Cloth & Leather Armor Merchant	14	14	0	7	3740	0
3167	Wuark	Armorer & Shieldcrafter	16	16	0	7	3742	0
3168	Flakk	Trade Supplies	15	15	0	7	3741	0
3169	Tarshaw Jaggedscar	Warrior Trainer	43	43	0	7	3743	0
3170	Kaplak	Rogue Trainer	14	14	0	7	3749	0
3171	Thotar	Hunter Trainer	16	16	0	7	3744	0
3172	Dhugru Gorelust	Warlock Trainer	37	37	0	7	3745	0
3173	Swart	Shaman Trainer	15	15	0	7	3746	0
3174	Dwukk	Journeyman Blacksmith	27	27	0	7	3747	0
3175	Krunn	Miner	16	16	0	7	3748	0
3176	[UNUSED] [PH] Durotar Engineering Trainer	Miner	16	16	0	7	1139	1
3177	Turuk Amberstill	Dwarven Weaponsmith	10	10	0	7	3411	0
3178	Stuart Fleming	Fisherman	25	25	0	7	3468	0
3179	Harold Riggs	Fishing Trainer	25	25	0	7	3470	0
3180	Dark Iron Entrepreneur	Speciality Goods	30	31	0	7	3471	0
3181	Fremal Doohickey	First Aid Trainer	30	30	0	7	3469	1.15
3182	Junder Brokk		20	20	0	7	3481	0
3183	Yarrog Baneshadow		5	5	0	7	1876	0
3184	Miao'zan	Journeyman Alchemist	25	25	0	7	4071	0
3185	Mishiki	Herbalist	14	14	0	7	4085	0
3186	K'waii	General Goods	11	11	0	7	4089	0
3187	Tai'tasi	Trade Supplies	12	12	0	7	4087	0
3188	Master Gadrin		12	12	0	7	4072	0
3189	Kor'ghan		7	7	0	7	4073	0
3190	Rhinag		8	8	0	7	4075	0
3191	Cook Torka		6	6	0	7	3751	0
3192	Lieutenant Benedict		8	8	0	7	1276	0
3193	Misha Tor'kren		5	5	0	7	3750	0
3194	Vel'rin Fang		7	7	0	7	4074	0
3195	Burning Blade Thug		8	9	0	7	4188	0
3196	Burning Blade Neophyte		9	10	0	7	4186	0
3197	Burning Blade Fanatic		9	10	0	7	4192	0
3198	Burning Blade Apprentice		10	11	0	7	4190	0
3199	Burning Blade Cultist		10	11	0	7	4194	0
3200	Eric's AAA Special Vendor		1	1	0	7	1233	1
3201	SM Test Mob		62	62	0	7	2582	1
3202	[UNUSED] Josh Test	NPCTEST	35	35	0	7	1261	1
3203	Fizzle Darkstorm		12	12	0	7	7128	0
3204	Gazz'uz		14	14	0	7	240	0
3205	Zalazane		10	10	0	7	4078	0
3206	Voodoo Troll		8	9	0	7	4076	0
3207	Hexed Troll		8	9	0	7	4079	0
3208	Margoz		18	18	0	7	3752	0
3209	Brave Windfeather		13	13	0	7	3770	1.25
3210	Brave Proudsnout		55	55	0	7	3771	1.35
3211	Brave Lightninghorn		55	55	0	7	3774	1.35
3212	Brave Ironhorn		14	14	0	7	3775	1.35
3213	Brave Running Wolf		55	55	0	7	3776	1.35
3214	Brave Greathoof		55	55	0	7	3778	1.35
3215	Brave Strongbash		14	14	0	7	3777	1.35
3216	Neeru Fireblade		37	37	0	7	3754	0
3217	Brave Dawneagle		14	14	0	7	3780	1.25
3218	Brave Swiftwind		14	14	0	7	3779	1.25
3219	Brave Leaping Deer		14	14	0	7	3781	1.25
3220	Brave Darksky		14	14	0	7	3782	1.35
3221	Brave Rockhorn		14	14	0	7	3783	1.35
3222	Brave Wildrunner		14	14	0	7	4265	1.35
3223	Brave Rainchaser		14	14	0	7	3784	1.25
3224	Brave Cloudmane		14	14	0	7	10181	1.35
3225	Corrupted Mottled Boar		10	11	0	1	744	0
3226	Corrupted Scorpid		10	11	0	1	2488	0
3227	Corrupted Bloodtalon Scythemaw		10	11	0	1	787	0
3228	Corrupted Surf Crawler		10	11	0	1	1000	0
3229	"Squealer" Thornmantle		5	5	0	7	1254	0
3230	Nazgrel	Advisor to Thrall	62	62	0	7	1872	0
3231	Corrupted Dreadmaw Crocolisk		11	12	0	1	1034	0
3232	Bristleback Interloper		9	10	0	7	1274	0
3233	Lorekeeper Raintotem		8	8	0	7	3817	1.35
3234	Lost Barrens Kodo		14	15	0	1	10918	0
3235	Greater Barrens Kodo		24	25	0	1	1232	0
3236	Barrens Kodo		19	20	0	1	1453	0
3237	Wooly Kodo		25	26	0	1	10914	0
3238	Stormhide		22	23	0	1	1539	0
3239	Thunderhead		20	21	0	1	1538	0
3240	Stormsnout		18	19	0	1	1537	0
3241	Savannah Patriarch		15	16	0	1	1977	0
3242	Zhevra Runner		13	14	0	1	6087	0
3243	Savannah Highmane		12	13	0	1	1973	0
3244	Greater Plainstrider		11	12	0	1	178	0
3245	Ornery Plainstrider		16	17	0	1	6076	0
3246	Fleeting Plainstrider		12	13	0	1	1284	0
3247	Thunderhawk Hatchling		18	20	0	1	1742	0
3248	Barrens Giraffe		15	16	0	1	4473	0
3249	Greater Thunderhawk		23	24	0	1	1974	0
3250	Silithid Creeper		20	21	0	1	2730	0
3251	Silithid Grub		20	20	0	1	7572	0
3252	Silithid Swarmer		21	22	0	1	2731	0
3253	Silithid Harvester		24	24	4	10	11096	1
3254	Sunscale Lashtail		11	13	0	1	1744	0
3255	Sunscale Screecher		13	15	0	1	1747	0
3256	Sunscale Scytheclaw		16	18	0	1	4442	0
3257	Ishamuhale		19	19	0	1	2571	0
3258	Bristleback Hunter		17	18	0	7	4745	0
3259	Bristleback Defender		20	21	0	7	1342	1
3260	Bristleback Water Seeker		16	17	0	7	1274	0
3261	Bristleback Thornweaver		18	19	0	7	6077	0
3262	Bristleback Mystic		21	22	0	7	6092	1
3263	Bristleback Geomancer		19	20	0	7	6091	0
3265	Razormane Hunter		11	12	0	7	6094	0
3266	Razormane Defender		12	13	0	7	1253	0
3267	Razormane Water Seeker		10	11	0	7	1964	0
3268	Razormane Thornweaver		10	11	0	7	6096	0
3269	Razormane Geomancer		12	13	0	7	6093	0
3270	Elder Mystic Razorsnout		15	15	2	7	6095	0
3271	Razormane Mystic		13	14	0	7	4643	0
3272	Kolkar Wrangler		12	13	0	7	9442	0
3273	Kolkar Stormer		13	14	0	7	9443	0
3274	Kolkar Pack Runner		14	15	0	7	9445	0
3275	Kolkar Marauder		15	16	0	7	4874	0
3276	Witchwing Harpy		14	15	0	7	3218	0
3277	Witchwing Roguefeather		15	16	0	7	2162	0
3278	Witchwing Slayer		16	17	0	7	2163	0
3279	Witchwing Ambusher		17	18	0	7	2143	0
3280	Witchwing Windcaller		17	18	0	7	1350	0
3281	Sarkoth		4	4	0	1	2864	0
3282	Venture Co. Mercenary		15	16	0	7	7237	0
3283	Venture Co. Enforcer		16	17	0	7	7234	0
3284	Venture Co. Drudger		14	15	0	7	3918	0
3285	Venture Co. Peon		13	14	0	7	7241	0
3286	Venture Co. Overseer		17	18	0	7	7238	0
3287	Hana'zua		2	2	0	7	2025	0
3289	Spirit of Minshina		11	11	0	7	4081	0
3290	Deek Fizzlebizz	Journeyman Engineer	27	27	0	7	1832	1.15
3291	Greishan Ironstove	Traveling Merchant	24	24	0	7	1837	0
3292	Brewmaster Drohn		9	9	0	7	3851	0
3293	Rezlak	Tinkers' Union	5	5	0	7	7129	0
3294	Ophek		10	10	0	7	1654	0
3295	Sludge Beast		19	19	4	10	360	0
3296	Orgrimmar Grunt		55	55	0	7	4259	0
3297	Sen'jin Watcher		25	30	0	7	4083	0
3298	Gabrielle Chase	Food & Drink	53	53	0	7	1442	0
3299	[UNUSED] Antione LeMarca	Trade Supplier	20	20	0	7	1424	1
3300	Adder		1	1	0	8	1986	0
3301	Morgan Ladimore		35	35	0	6	3231	0
3302	[UNUSED] Korl	Spirit Healer	35	35	0	7	3889	1
3303	[UNUSED] Marna	Spirit Healer	35	35	0	7	3893	1
3304	Master Vornal		11	11	0	7	4086	0
3305	Grisha	Wind Rider Master	55	55	1	7	1874	0
3306	Keldas	Pet Trainer	40	40	0	7	12729	0
3307	[UNUSED] Orgrun Blacktusk	Spirit Healer	35	35	0	7	3888	1
3309	Karus	Banker	45	45	0	7	1310	0
3310	Doras	Wind Rider Master	55	55	1	7	1311	0
3312	Olvia	Meat Vendor	50	50	0	7	1312	0
3313	Trak'gen	General Goods Merchant	30	30	0	7	1313	0
3314	Urtharo	Weapon Merchant	30	30	0	7	1314	0
3315	Tor'phan	Cloth & Leather Armor Merchant	30	30	0	7	1315	0
3316	Handor	Cloth & Leather Armor Merchant	30	30	0	7	1316	0
3317	Ollanus	Light Armor Merchant	30	30	0	7	1317	0
3318	Koma	Banker	45	45	0	7	1318	0
3319	Sana	Mail Armor Merchant	30	30	0	7	1319	0
3320	Soran	Banker	45	45	0	7	1320	0
3321	Morgum	Leather Armor Merchant	30	30	0	7	1321	0
3322	Kaja	Guns and Ammo Merchant	30	30	0	7	1322	1.5
3323	Horthus	Reagents Vendor	30	30	0	7	1323	0
3324	Grol'dar	Warlock Trainer	50	50	0	7	1324	0
3325	Mirket	Warlock Trainer	50	50	0	7	1325	0
3326	Zevrost	Warlock Trainer	50	50	0	7	1326	0
3327	Gest	Rogue Trainer	40	40	0	7	1327	0
3328	Ormok	Rogue Trainer	50	50	0	7	1328	0
3329	Kor'jus	Mushroom Vendor	30	30	0	7	1329	0
3330	Muragus	Staff Merchant	30	30	0	7	1330	0
3331	Kareth	Blade Merchant	30	30	0	7	1331	0
3332	Lumak	Fishing Trainer	35	35	0	7	1332	0
3333	Shankys	Fishing Supplies	30	30	0	7	1333	0
3334	Rekkul	Poison Vendor	30	30	0	7	1334	0
3335	Hagrus	Reagents Vendor	30	30	0	7	1335	0
3336	Takrin Pathseeker		30	30	0	7	3884	0
3337	Kargal Battlescar		15	15	0	7	3852	0
3338	Sergra Darkthorn		60	60	1	7	3850	0
3339	Captain Thalo'thas Brightsun		25	25	0	7	4245	0
3341	Gann Stonespire		18	18	0	7	3844	1.35
3342	Shan'ti	Fruit Vendor	35	35	0	7	1358	0
3343	Grelkor	Blacksmithing Supplies	55	55	0	7	1359	0
3344	Kardris Dreamseeker	Shaman Trainer	60	60	0	7	1360	0
3345	Godan	Expert Enchanter	35	35	0	7	1366	0
3346	Kithas	Enchanting Supplies	35	35	0	7	1367	0
3347	Yelmak	Expert Alchemist	35	35	0	7	1368	0
3348	Kor'geld	Alchemy Supplies	30	30	0	7	1369	0
3349	Ukra'nor	Staff Merchant	30	30	0	7	1370	0
3350	Asoran	General Goods Vendor	30	30	0	7	1371	0
3351	Magenius	Reagents Vendor	30	30	0	7	1372	0
3352	Ormak Grimshot	Hunter Trainer	60	60	0	7	1373	0
3353	Grezz Ragefist	Warrior Trainer	60	60	0	7	1374	0
3354	Sorek	Warrior Trainer	50	50	0	7	1375	0
3355	Saru Steelfury	Artisan Blacksmith	45	45	0	7	1377	0
3356	Sumi	Blacksmithing Supplier	30	30	0	7	1378	0
3357	Makaru	Mining Trainer	35	35	0	7	1379	0
3358	Gorina	Mining Supplier	30	30	0	7	1380	0
3359	Kiro	War Harness Maker	30	30	0	7	1381	0
3360	Koru	Mace & Staves Vendor	30	30	0	7	1382	0
3361	Shoma	Weapon Vendor	30	30	0	7	1383	0
3362	Ogunaro Wolfrunner	Kennel Master	45	45	0	7	1384	0
3363	Magar	Expert Tailor	35	35	0	7	1385	0
3364	Borya	Tailoring Supplies	30	30	0	7	1386	0
3365	Karolek	Expert Leatherworker	35	35	0	7	1387	0
3366	Tamar	Leatherworking Supplies	30	30	0	7	1388	0
3367	Felika	General Trade Goods Merchant	30	30	0	7	1389	0
3368	Borstan	Meat Vendor	30	30	0	7	1390	0
3369	Gotri	Bag Vendor	30	30	0	7	1391	0
3370	Urtrun Clanbringer	Guild Master	45	45	0	7	1392	0
3371	Tamaro		30	30	0	7	1393	0
3372	Sarlek		30	30	0	7	1394	0
3373	Arnok	First Aid Trainer	35	35	0	7	1395	0
3374	Bael'dun Excavator		21	22	0	7	1968	0
3375	Bael'dun Foreman		22	23	0	7	1970	0
3376	Bael'dun Soldier		23	24	0	7	3839	0
3377	Bael'dun Rifleman		24	25	0	7	3837	0
3378	Bael'dun Officer		26	26	0	7	3870	0
3379	Burning Blade Bruiser		10	11	0	7	4198	0
3380	Burning Blade Acolyte		11	12	0	7	4196	0
3381	Southsea Brigand		12	13	0	7	3829	0
3382	Southsea Cannoneer		13	14	0	7	3827	0
3383	Southsea Cutthroat		14	15	0	7	3835	0
3384	Southsea Privateer		14	15	0	7	3833	0
3385	Theramore Marine		15	16	0	7	1858	0
3386	Theramore Preserver		16	17	0	7	1856	0
3387	Jorn Skyseer		32	32	0	7	3845	1.35
3388	Mahren Skyseer		32	32	0	7	3848	1.25
3389	Regthar Deathgate		28	28	0	7	3847	0
3390	Apothecary Helbrim		22	22	0	7	1965	0
3391	Gazlowe		60	60	0	7	7052	0
3392	Prospector Khazgorm	Explorers' League	24	24	0	7	1400	0
3393	Captain Fairmount		20	20	0	7	1855	0
3394	Barak Kodobane		16	16	0	7	4874	0
3395	Verog the Dervish		18	18	0	7	9446	0
3396	Hezrul Bloodmark		19	19	0	7	9448	0
3397	Kolkar Bloodcharger		14	15	0	7	9447	0
3398	Gesharahan		20	20	2	10	1397	1.4
3399	Zamja	Cooking Trainer	35	35	0	7	2734	0
3400	Xen'to	Cooking Supplier	30	30	0	7	2735	0
3401	Shenthul	Rogue Trainer	60	60	0	7	4360	0
3402	Zando'zan		35	35	0	7	4361	0
3403	Sian'tsu	Shaman Trainer	40	40	0	7	4231	0
3404	Jandi	Herbalism Trainer	35	35	0	7	4358	0
3405	Zeal'aya	Herbalism Supplier	30	30	0	7	4362	0
3406	Xor'juul	Hunter Trainer	50	50	0	7	4239	0
3407	Sian'dur	Hunter Trainer	40	40	0	7	4241	0
3408	Zel'mak	Warrior Trainer	40	40	0	7	4242	0
3409	Zendo'jian	Weapon Vendor	30	30	0	7	4363	0
3410	Jin'sora	Bow Merchant	30	30	0	7	4359	0
3411	Denni'ka	Butcher	25	25	0	7	4357	0
3412	Nogg	Expert Engineer	35	35	0	7	7135	0
3413	Sovik	Engineering Supplies	30	30	0	7	7136	0
3414	General Twinbraid		30	30	0	7	1411	0
3415	Savannah Huntress		11	12	0	1	1056	0
3416	Savannah Matriarch		17	18	0	1	1058	0
3417	Living Flame		16	17	0	4	1405	0
3418	Kirge Sternhorn		22	22	0	7	3818	1.35
3419	Apothecary Zamah	Royal Apothecary Society	22	22	0	7	1814	0
3420	[UNUSED] Ancestral Watcher		15	15	0	7	4318	1
3421	Feegly the Exiled		23	23	0	7	1406	0
3424	Thunderhawk Cloudscraper		20	22	0	1	1975	0
3425	Savannah Prowler		14	15	0	1	1973	0
3426	Zhevra Charger		17	18	0	1	2187	0
3427	[UNUSED] Kendur		35	35	0	7	2130	1
3428	Korran		12	12	0	7	4092	0
3429	Thork		42	42	0	7	3856	0
3430	Mangletooth		17	17	0	7	1346	0
3431	Grenthar		10	10	0	7	4093	0
3432	Mankrik		15	15	0	7	3855	0
3433	Tatternack Steelforge		14	14	0	7	3858	0
3434	Nak		23	23	0	7	6105	0
3435	Lok Orcbane		25	25	0	7	6104	0
3436	Kuz		21	21	0	7	6093	0
3437	Crekori Mudwater		15	15	0	7	1218	1
3438	Kreenig Snarlsnout		15	15	0	7	6115	0
3439	Wizzlecrank's Shredder		18	18	0	7	11912	0
3440	[UNUSED] Ancestral Sage		18	18	0	7	2578	1
3441	Melor Stonehoof		62	62	0	7	4520	1.35
3442	Sputtervalve	Tinkers' Union	15	15	0	7	7054	0
3443	Grub		13	13	0	7	3857	0
3444	Dig Rat		1	1	0	8	1418	0
3445	Supervisor Lugwizzle		18	18	0	7	7035	0
3446	Mebok Mizzyrix		17	17	0	7	7034	0
3447	Pawe Mistrunner		24	24	0	7	4383	1.25
3448	Tonga Runetotem		22	22	0	7	3914	1.35
3449	Darsok Swiftdagger		14	14	0	7	3849	0
3450	Defias Companion		14	15	0	1	5207	0
3451	Pilot Wizzlecrank		15	15	0	7	7050	0
3452	Serena Bloodfeather		20	20	0	7	2295	0
3453	Wharfmaster Dizzywig		15	15	0	7	7053	0
3454	Cannoneer Smythe		19	19	0	7	1863	0
3455	Cannoneer Whessan		19	19	0	7	1864	0
3456	Razormane Pathfinder		20	21	0	7	1964	0
3457	Razormane Stalker		22	23	0	7	1253	0
3458	Razormane Seer		23	24	0	7	6095	0
3459	Razormane Warfrenzy		24	25	0	7	4751	0
3460	Mud Crawler		15	16	0	1	979	1
3461	Oasis Snapjaw		15	16	0	1	6368	0.57
3462	Elder Barrens Giraffe		22	23	0	1	4270	1
3463	Wandering Barrens Giraffe		18	19	0	1	2193	0
3464	Gazrog		25	25	0	7	3846	0
3465	Gilthares Firebough		17	17	0	7	4244	0
3466	Zhevra Courser		20	21	0	1	6086	0
3467	Baron Longshore	Southsea Freebooters	16	16	0	7	797	0
3468	Ancient of Lore		62	62	0	7	1460	0
3469	Ancient of War		62	62	0	7	1461	0
3470	Rathorian		15	15	4	3	5047	0
3471	Tinkerer Sniggles		16	16	0	7	7048	0
3472	Washte Pawne		25	25	0	1	2699	0
3473	Owatanka		24	24	0	1	10934	0
3474	Lakota'mani		22	22	0	1	1241	0
3475	Echeyakee		16	16	0	1	1934	0
3476	Isha Awak		27	27	0	1	846	0
3477	Hraq	Blacksmithing Supplier	18	18	0	7	3866	0
3478	Traugh	Expert Blacksmith	31	31	0	7	3865	0
3479	Nargal Deatheye	Weaponsmith	35	35	0	7	3869	0
3480	Moorane Hearthgrain	Baker	18	18	0	7	3867	1.25
3481	Barg	General Supplies	14	14	0	7	3868	0
3482	Tari'qa	Trade Supplies	14	14	0	7	4095	0
3483	Jahan Hawkwing	Leather & Mail Armor Merchant	21	21	0	7	3872	1.35
3484	Kil'hala	Journeyman Tailor	25	25	0	7	4094	0
3485	Wrahk	Tailoring Supplies	18	18	0	7	3873	0
3486	Halija Whitestrider	Clothier	19	19	0	7	3875	1.25
3487	Kalyimah Stormcloud	Bags & Sacks	23	23	0	7	4097	0
3488	Uthrok	Bowyer & Gunsmith	16	16	0	7	1866	0
3489	Zargh	Butcher	16	16	0	7	3877	0
3490	Hula'mahi	Reagents and Herbs	30	30	0	7	4096	0
3491	Ironzar	Weaponsmith	23	23	0	7	7093	0
3492	Vexspindle	Cloth & Leather Armor Merchant	24	24	0	7	7094	0
3493	Grazlix	Armorer & Shieldcrafter	25	25	0	7	7095	0
3494	Tinkerwiz	Journeyman Engineer	25	25	0	7	7073	0
3495	Gagsprocket	Engineering Goods	20	20	0	7	7096	0
3496	Fuzruckle	Banker	45	45	0	7	7058	0
3497	Kilxx	Fisherman	24	24	0	7	7097	0
3498	Jazzik	General Supplies	22	22	0	7	7098	0
3499	Ranik	Trade Supplies	22	22	0	7	7099	0
3500	Tarhus	Reagent Vendor	52	52	0	7	3898	1.35
3501	Horde Guard		40	40	0	7	4261	0
3502	Ratchet Bruiser		57	57	0	7	7059	0
3503	Silithid Protector		18	19	0	1	1307	0.9
3504	Gil		1	1	0	7	338	0
3505	Pat		1	1	0	7	257	0
3507	Andi		1	1	0	7	252	0
3508	Mikey		1	1	0	7	251	0
3509	Geoff		1	1	0	7	338	0
3510	Twain		1	1	0	7	221	0
3511	Steven		1	1	0	7	262	0
3512	Jimmy		1	1	0	7	251	0
3513	Miss Danna	School Mistress	25	25	0	7	1526	0
3514	Tenaron Stormgrip		10	10	0	7	1527	0
3515	Corithras Moonrage		10	10	0	7	1528	0
3516	Arch Druid Fandral Staghelm		63	63	3	7	1542	0
3517	Rellian Greenspyre		17	17	0	7	5071	0
3518	Thomas Miller	Baker	15	15	0	7	1541	0
3519	Sentinel Arynia Cloudsbreak		10	10	0	7	1543	0
3520	Ol' Emma		2	2	0	7	1544	0
3521	Ak'Zeloth		22	22	0	7	3887	0
3522	Constance Brisboise	Apprentice Clothier	11	11	0	7	1633	0
3523	Bowen Brisboise	Journeyman Tailor	24	24	0	7	1606	0
3524	Spirit Wolf		1	1	0	1	1236	1
3525	[UNUSED] Turtle Trainer	Turtle Trainer	50	50	0	7	428	1
3527	Healing Stream Totem		21	21	0	11	4587	0
3528	Pyrewood Armorer		14	15	1	7	3349	0
3529	Moonrage Armorer		14	15	1	7	729	0
3530	Pyrewood Tailor		14	15	1	7	3352	0
3531	Moonrage Tailor		14	15	1	7	729	0
3532	Pyrewood Leatherworker		14	15	1	7	3365	0
3533	Moonrage Leatherworker		14	15	1	7	729	0
3534	Wallace the Blind	Weaponsmith	19	19	0	7	3552	0
3535	Blackmoss the Fetid		13	13	4	4	1549	0
3536	Kris Legace	Freewheeling Tradeswoman	32	32	0	7	3643	0
3537	Zixil	Merchant Supreme	32	32	0	7	7133	0
3538	Overwatch Mark I	Protector	32	32	0	9	5299	0
3539	Ott	Weaponsmith	32	32	0	7	3673	0
3540	Hal McAllister	Fish Merchant	40	40	0	7	3697	0
3541	Sarah Raycroft	General Goods	40	40	0	7	3696	0
3542	Jaysin Lanyda	Poisons & Reagents	40	40	0	7	3699	0
3543	Robert Aebischer	Superior Armorsmith	40	40	0	7	3698	0
3544	Jason Lemieux	Mushroom Seller	40	40	0	7	3676	0
3545	Claude Erksine	Pet Trainer	40	40	0	7	7915	0
3546	Bernie Heisten	Food & Drink	45	45	0	7	3701	0
3547	Hamlin Atkins	Mushroom Farmer	10	10	0	7	1635	0
3548	Selina Weston	Alchemy & Herbalism Supplies	12	12	0	7	1639	0
3549	Shelene Rhobart	Journeyman Leatherworker	25	25	0	7	1607	0
3550	Martine Tramblay	Fishing Supplies	15	15	0	7	1636	0
3551	Patrice Dwyer	Poison Supplies	20	20	0	7	3543	0
3552	Alexandre Lefevre	Leather Armor Merchant	18	18	0	7	3544	0
3553	Sebastian Meloche	Armorer	18	18	0	7	3536	0
3554	Andrea Boynton	Clothier	18	20	0	7	3547	0
3555	Johan Focht	Miner	19	19	0	7	3537	0
3556	Andrew Hilbert	Trade Goods	18	20	0	7	3548	0
3557	Guillaume Sorouy	Journeyman Blacksmith	28	28	0	7	3549	0
3558	[UNUSED] Temp Poisoning Vendor Undead	Poison Vendor	20	20	0	6	1196	1
3559	Temp Poisoning Vendor Dwarf	Poison Vendor	20	20	0	7	115	1
3560	Healing Ward		37	37	0	10	2030	0
3561	Kyrai	Poison Vendor	30	30	0	7	2233	0
3562	Alaindia	Reagent Vendor	30	30	0	7	2203	0
3564	Temp Reagent Vendor Dwarf	Reagent Vendor	20	20	0	7	115	1
3565	[UNUSED] Temp Reagent Vendor Undead	Reagent Vendor	20	20	0	6	1196	1
3566	Flatland Prowler		9	9	0	1	1056	0
3567	Tallonkai Swiftroot		11	11	0	7	2686	0
3568	Mist		10	10	0	1	599	0
3569	Bogling		5	5	0	4	1081	0
3570	Cleansed Timberling		7	7	0	4	862	0
3571	Teldrassil Sentinel		55	55	0	7	4849	0
3572	Zizzek	Fisherman	22	22	0	7	7074	0
3573	Mana Spring Totem		26	26	0	11	4587	0
3574	Riding Bat		29	29	0	1	1566	0
3575	Praenus Raxxeus	Bat Handler	0	0	1	7	10813	1
3577	Dalaran Brewmaster		15	16	0	7	3538	0
3578	Dalaran Miner		15	16	0	7	3539	0
3579	Stoneclaw Totem		8	8	0	11	4588	0
3580	Invisibility Totem		1	1	0	11	4590	1
3581	Sewer Beast		50	50	4	1	2850	0
3582	Aman		50	50	0	5	1698	0
3583	Barithras Moonshade		14	14	0	7	4414	0
3584	Therylune		17	17	0	7	2723	0
3585	Therysil		17	17	0	7	876	0
3586	Miner Johnson		19	19	2	7	556	0
3587	Lyrai	General Supplies	9	9	0	7	1730	0
3588	Khardan Proudblade	Weaponsmith	8	8	0	7	1729	0
3589	Keina	Bowyer	10	10	0	7	1728	0
3590	Janna Brightmoon	Clothier	9	9	0	7	1727	0
3591	Freja Nightwing	Leather Armor Merchant	9	9	0	7	1726	0
3592	Andiss	Armorer & Shieldcrafter	10	10	0	7	1722	0
3593	Alyissia	Warrior Trainer	11	11	0	7	1721	0
3594	Frahun Shadewhisper	Rogue Trainer	11	11	0	7	1725	0
3595	Shanda	Priest Trainer	10	10	0	7	1733	0
3596	Ayanna Everstride	Hunter Trainer	10	10	0	7	1723	0
3597	Mardant Strongoak	Druid Trainer	11	11	0	7	1732	0
3598	Kyra Windblade	Warrior Trainer	19	19	0	7	1707	0
3599	Jannok Breezesong	Rogue Trainer	20	20	0	7	1704	0
3600	Laurna Morninglight	Priest Trainer	21	21	0	7	1708	0
3601	Dazalar	Hunter Trainer	20	20	0	7	1703	0
3602	Kal	Druid Trainer	22	22	0	7	1706	0
3603	Cyndra Kindwhisper	Journeyman Alchemist	28	28	0	7	1702	0
3604	Malorne Bladeleaf	Herbalist	17	17	0	7	1709	0
3605	Nadyia Maneweaver	Journeyman Leatherworker	30	30	0	7	1719	0
3606	Alanna Raveneye	Journeyman Enchanter	29	29	0	7	1717	0
3607	Androl Oakhand	Fisherman	37	37	0	7	1718	0
3608	Aldia	General Supplies	17	17	0	7	1700	0
3609	Shalomon	Weaponsmith	18	18	0	7	1712	0
3610	Jeena Featherbow	Bowyer	19	19	0	7	1705	0
3611	Brannol Eaglemoon	Clothier	16	16	0	7	1701	0
3612	Sinda	Leather Armor Merchant	20	20	0	7	1714	0
3613	Meri Ironweave	Armorer & Shieldcrafter	19	19	0	7	1710	0
3614	Narret Shadowgrove	Trade Supplies	16	16	0	7	1711	0
3615	Devrak	Wind Rider Master	55	55	1	7	1652	0
3616	Onu	Ancient of Lore	55	55	0	10	1455	0
3617	Lordaeron Citizen		15	15	0	6	146	0
3619	Ghost Saber		19	20	0	1	4472	0
3620	Harruk	Pet Trainer	40	40	0	7	4296	0
3621	Kurll	Food & Drink	50	50	0	7	4293	0
3622	Grokor	Pet Trainer	40	40	0	7	4295	0
3623	[UNUSED] Tursk	Crawler Trainer	10	10	0	7	4297	1
3624	Zudd	Pet Trainer	40	40	0	7	4292	0
3625	Rarck	General Goods	55	55	0	7	4294	0
3626	Jenn Langston		5	5	0	7	1697	0
3627	Erich Lohan		5	5	0	7	1694	0
3628	Steven Lohan		5	5	0	7	1695	0
3629	David Langston		5	5	0	7	1696	0
3630	Deviate Coiler		15	16	1	1	1742	0
3631	Deviate Stinglash		16	17	1	1	4091	0
3632	Deviate Creeper		15	16	1	1	1744	0
3633	Deviate Slayer		16	17	1	1	949	0
3634	Deviate Stalker		15	17	1	1	1746	0
3636	Deviate Ravager		18	19	1	1	1747	0
3637	Deviate Guardian		18	19	1	1	755	0
3638	Devouring Ectoplasm		16	17	1	10	4266	0
3639	Sentinel Tysha Moonblade		10	10	0	7	1750	0
3640	Evolving Ectoplasm		17	18	1	10	1751	0
3641	Deviate Lurker		16	17	1	1	1752	0
3642	Deviate Horror		18	19	1	1	1754	1
3644	Cerellean Whiteclaw		15	15	0	7	1757	0
3649	Thundris Windweaver		15	15	0	7	1770	0
3650	Asterion		15	15	0	7	1771	0
3651	[UNUSED] Kolkar Observer		16	16	2	7	1226	1
3652	Trigore the Lasher		19	19	2	10	1092	0
3653	Kresh		20	20	1	1	5126	1.5
3654	Mutanus the Devourer		22	22	1	7	4088	0
3655	Mad Magglish		18	18	1	7	7221	0
3657	Sentinel Elissa Starbreeze		20	20	0	7	2529	0
3658	Lizzarik	Weapon Dealer	19	19	0	7	7057	0
3659	Jorb	Lizzarik's Bodyguard	37	37	0	7	10704	0
3660	Athrikus Narassin	Cult of the Dark Strand	31	31	0	7	4413	0
3661	Balthule Shadowstrike		15	15	0	7	2530	0
3662	Delmanis the Hated		17	17	0	3	467	0
3663	Delgren the Purifier		19	19	0	7	2531	0
3664	Ilkrud Magthrull		24	24	0	7	2532	0
3665	Crane Operator Bigglefuzz		18	18	0	7	7051	0
3666	Wizbang Cranktoggle		15	15	0	7	4474	1.15
3667	Anaya Dawnrunner		16	16	0	6	1937	0
3668	Tortured Highborne Soul		20	20	0	7	4471	1
3669	Lord Cobrahn	Fanglord	20	20	1	7	4213	0
3670	Lord Pythas	Fanglord	21	21	1	7	4214	0
3671	Lady Anacondra	Fanglord	20	20	1	7	4313	0
3672	Boahn	Druid of the Fang	20	20	2	7	4212	0
3673	Lord Serpentis	Fanglord	21	21	1	7	4215	0
3674	Skum		21	21	1	1	4203	0
3678	Disciple of Naralex		20	20	1	7	1941	1.62
3679	Naralex		25	25	0	7	4216	0
3680	Serpentbloom Snake		1	1	0	1	4268	0
3681	Wisp		1	1	0	8	10045	0
3682	Vrang Wildgore	Weaponsmith & Armorcrafter	48	48	0	7	3878	0
3683	Kiknikle	Stylish Clothier	32	32	0	7	7100	0
3684	Pizznukle	Leather Armor Merchant	33	33	0	7	7101	0
3685	Harb Clawhoof	Kodo Mounts	45	45	0	7	4300	1.35
3688	Reban Freerunner	Pet Trainer	40	40	0	7	4299	1.35
3689	Laer Stepperunner	Food & Drink	42	42	0	7	4301	1.35
3690	Kar Stormsinger	Riding Trainer	44	44	0	7	4298	1.35
3691	Raene Wolfrunner		60	60	1	7	1980	0
3692	Volcor		19	19	0	7	1899	1.15
3693	Terenthis		15	15	0	7	1956	0
3694	Sentinel Selarin		20	20	0	7	1982	0
3695	Grimclaw		13	13	0	1	913	0
3696	Ran Bloodtooth		30	30	0	7	1012	0
3697	Kyln Longclaw	Boar Trainer	1	1	0	7	4303	1
3698	Bolyun	Pet Trainer	40	40	0	7	4304	0
3699	Nerra	Cat Trainer	12	12	0	7	4302	1
3700	Jadenvis Seawatcher	Reagent Vendor	51	51	0	7	4484	0
3701	Tharnariun Treetender		18	18	0	7	4485	0
3702	Alanndarian Nightsong		18	22	0	7	4487	0
3703	Krulmoo Fullmoon	Expert Leatherworker	42	42	0	7	3895	1.35
3704	Mahani	Expert Tailor	31	31	0	7	3896	1.25
3705	Gahroot	Butcher	25	25	0	7	3843	1.35
3706	Tai'jin	Priest Trainer	18	18	0	7	1897	0
3707	Ken'jai	Priest Trainer	10	10	0	7	4068	0
3708	Gruna	Food & Drink	52	52	0	7	13970	0
3711	Wrathtail Myrmidon		20	21	0	7	6747	0
3712	Wrathtail Razortail		19	20	0	7	11264	0
3713	Wrathtail Wave Rider		18	19	0	7	4765	0
3715	Wrathtail Sea Witch		19	20	0	7	4981	0
3717	Wrathtail Sorceress		18	19	0	7	4972	0
3718	[UNUSED] Wrathtail Tide Princess		20	21	4	7	4973	1
3721	Mystlash Hydra		19	20	0	10	10898	0
3722	Mystlash Flayer		20	21	0	10	6735	0
3725	Dark Strand Cultist		18	19	0	7	4255	0
3727	Dark Strand Enforcer		20	21	0	7	1643	0
3728	Dark Strand Adept		18	19	0	7	4220	0
3730	Dark Strand Excavator		19	20	0	7	9751	0
3732	Forsaken Seeker		18	19	0	7	4127	0
3733	Forsaken Herbalist		18	19	0	7	4129	0
3734	Forsaken Thug		20	20	0	7	4131	0
3735	Apothecary Falthis		22	22	4	7	4156	0
3736	Darkslayer Mordenthal		23	23	0	7	4155	0
3737	Saltspittle Puddlejumper		19	20	0	7	3617	0
3739	Saltspittle Warrior		19	20	0	7	540	0
3740	Saltspittle Muckdweller		20	21	0	7	652	0
3742	Saltspittle Oracle		20	21	0	7	4920	0
3743	Foulweald Warrior		23	24	0	7	6824	0
3745	Foulweald Pathfinder		23	24	0	7	937	0
3746	Foulweald Den Watcher		24	25	0	7	6819	0
3748	Foulweald Shaman		24	25	0	7	6822	0
3749	Foulweald Ursa		24	25	0	7	1996	0
3750	Foulweald Totemic		23	24	0	7	6821	0
3752	Xavian Rogue		29	30	0	3	2878	0
3754	Xavian Betrayer		28	29	0	3	11344	1.4
3755	Xavian Felsworn		28	29	0	3	11346	1.4
3757	Xavian Hellcaller		29	30	0	3	11345	0
3758	Felmusk Satyr		25	26	0	3	2010	0
3759	Felmusk Rogue		26	27	0	3	2875	0
3762	Felmusk Felsworn		25	26	0	3	2011	0
3763	Felmusk Shadowstalker		26	27	0	3	6741	0
3765	Bleakheart Satyr		26	27	0	3	2007	1.3
3767	Bleakheart Trickster		27	28	0	3	2018	0
3770	Bleakheart Shadowstalker		27	28	0	3	2017	1.4
3771	Bleakheart Hellcaller		26	27	0	3	2013	1.3
3772	Lesser Felguard		23	24	0	3	5049	0
3773	Akkrilus		26	26	4	3	1912	0
3774	Felslayer		22	23	0	3	10950	0
3777	Aelyssa	Spirit Healer	35	35	0	7	1914	1
3778	Myielea Starwhisper	Spirit Healer	35	35	0	7	1915	1
3779	Syurana	Trade Goods Supplies	55	55	0	7	1916	0
3780	Shadethicket Moss Eater		21	23	0	4	168	0
3781	Shadethicket Wood Shaper		23	24	0	4	2022	0
3782	Shadethicket Stone Mover		25	26	0	4	9011	0
3783	Shadethicket Raincaller		22	23	0	4	2023	0
3784	Shadethicket Bark Ripper		26	27	0	4	2024	0
3789	Terrowulf Fleshripper		28	29	0	7	203	0
3791	Terrowulf Shadow Weaver		29	30	0	7	736	0
3792	Terrowulf Packlord		32	32	4	7	522	0
3793	Initiate Druid		1	1	0	7	2572	1
3794	Druid of the Talon		60	60	0	7	2572	1
3795	Druid of the Claw		60	60	0	7	2572	1
3796	Druid of the Wild		1	1	0	7	2572	1
3797	Cenarion Protector		25	26	0	7	4253	0
3799	Severed Druid		28	29	0	6	4161	0
3801	Severed Sleeper		28	29	0	6	4159	0
3802	Severed Dreamer		29	30	0	6	4160	0
3803	Severed Keeper		29	30	0	6	4164	0
3804	Forsaken Intruder		28	29	0	7	4133	0
3806	Forsaken Infiltrator		29	30	0	7	4151	0
3807	Forsaken Assassin		29	30	0	7	4153	0
3808	Forsaken Dark Stalker		28	29	0	7	4135	0
3809	Ashenvale Bear		21	22	0	1	820	0
3810	Elder Ashenvale Bear		25	26	0	1	982	0
3811	Giant Ashenvale Bear		29	30	0	1	14315	0
3812	Clattering Crawler		19	20	0	1	9566	0
3814	Spined Crawler		20	21	0	1	1001	0
3815	Blink Dragon		26	27	0	2	1267	0
3816	Wild Buck		18	19	0	1	1917	0
3817	Shadowhorn Stag		22	23	0	1	1991	0
3818	Elder Shadowhorn Stag		26	27	0	1	1992	0
3819	Wildthorn Stalker		20	21	0	1	1103	0
3820	Wildthorn Venomspitter		24	25	0	1	336	0
3821	Wildthorn Lurker		28	29	0	1	1104	0
3823	Ghostpaw Runner		19	20	0	1	802	0
3824	Ghostpaw Howler		23	24	0	1	1207	0
3825	Ghostpaw Alpha		27	28	0	1	776	0
3826	Rabid Ghostpaw		1	1	0	1	802	1
3831	[UNUSED] Ancient Guardian	NEED MODEL	1	1	4	5	1921	1
3832	Cenarion Steward		1	1	0	7	2572	1
3833	Cenarion Vindicator		26	27	0	7	150	0
3834	Crazed Ancient		27	28	0	4	2077	0
3835	Biletoad		1	1	0	8	1924	0
3836	Mountaineer Pebblebitty		44	44	0	7	1927	0
3837	Riding Hippogryph		29	29	0	1	1936	0
3838	Vesprystus	Hippogryph Master	55	55	1	7	1931	0
3839	Voidlasher		19	20	1	4	1131	1
3840	Druid of the Fang		19	20	1	7	4211	0
3841	Caylais Moonfeather	Hippogryph Master	55	55	1	7	1932	0
3842	Brombar Higgleby	The Keymaster	40	40	0	7	1935	0
3843	Anaya		14	14	0	7	1937	0
3844	Healing Ward IV		23	24	0	10	2030	0
3845	Shindrell Swiftfire		25	25	0	7	4126	0
3846	Talen		17	17	0	7	4173	0
3847	Orendil Broadleaf		27	27	0	7	4180	0
3848	Kayneth Stillwind		31	31	0	7	4170	0
3849	Deathstalker Adamant		18	18	1	7	2006	0
3850	Sorcerer Ashcrombe		18	18	1	7	2005	0
3851	Shadowfang Whitescalp		18	19	1	7	729	0
3852	Shadowfang Bloodhowler		19	19	1	7	202	1
3853	Shadowfang Moonwalker		19	20	1	7	729	0
3854	Shadowfang Wolfguard		20	21	1	7	203	0
3855	Shadowfang Darksoul		20	21	1	7	657	0
3857	Shadowfang Glutton		21	22	1	7	202	0
3859	Shadowfang Ragetooth		23	24	1	7	736	0
3860	Shadowfang Tainted One		20	20	1	7	574	1
3861	Bleak Worg		18	19	1	1	801	0
3862	Slavering Worg		18	19	1	1	11421	0
3863	Lupine Horror		24	25	1	6	2446	0
3864	Fel Steed		19	20	1	1	1951	0
3865	Shadow Charger		20	21	1	1	1952	0
3866	Vile Bat		22	23	1	1	8808	0.51
3868	Blood Seeker		23	24	1	1	1955	0.51
3869	Lesser Gargoyle		60	60	1	6	7533	1
3870	Stone Sleeper		60	60	1	6	7534	1
3872	Deathsworn Captain		25	25	2	6	3224	0
3873	Tormented Officer		23	24	1	6	3225	0
3875	Haunted Servitor		20	21	1	6	3229	0
3876	Traumatized Spirit		20	20	1	6	3227	1
3877	Wailing Guardsman		21	22	1	6	3226	0
3878	Magthrull's Doomguard		20	20	0	3	68	1
3879	Dark Strand Assassin		21	21	0	7	4227	0
3880	Sentinel Melyria Frostshadow		25	25	0	7	1957	0
3881	Grimtak	Butcher	14	14	0	7	3755	0
3882	Zlagk	Butcher	9	9	0	7	3753	0
3883	Moodan Sungrain	Baker	11	11	0	7	3812	1.35
3884	Jhawna Oatwind	Baker	13	13	0	7	3807	1.25
3885	Sentinel Velene Starstrike		25	25	0	7	2867	0
3886	Razorclaw the Butcher		22	22	1	7	524	0
3887	Baron Silverlaine		24	24	1	6	3222	0
3888	Korra		20	20	0	1	11446	0
3890	Brakgul Deathbringer	Warsong Gulch Battlemaster	61	61	1	7	15032	0
3891	Teronis' Corpse		20	20	0	7	1983	0
3892	Relara Whitemoon		1	1	0	7	4168	0
3893	Forsaken Scout		23	23	0	7	4157	0
3894	Pelturas Whitemoon		21	21	0	7	4169	0
3895	Captain Noteo	Boat Operator	60	60	0	7	9552	1
3896	Captain Hart	Boat Operator	40	40	0	7	1466	1
3897	Krolg		9	9	0	7	1010	0
3898	Aligar the Tormentor		24	24	0	3	467	0
3899	Balizar the Umbrage		24	24	0	3	2007	0
3900	Caedakar the Vicious		24	24	0	3	9781	0
3901	Illiyana		26	26	0	7	2721	0
3902	Searing Totem II		20	20	0	11	4589	0
3903	Searing Totem III		37	37	0	11	4589	0
3904	Searing Totem IV		45	45	0	11	4589	0
3906	Healing Stream Totem II		35	35	0	11	4587	0
3907	Healing Stream Totem III		45	45	0	11	4587	0
3908	Healing Stream Totem IV		50	50	0	11	4587	0
3909	Healing Stream Totem V		60	60	0	11	4587	0
3911	Stoneclaw Totem II		29	29	0	11	4588	0
3912	Stoneclaw Totem III		40	40	0	11	4588	0
3913	Stoneclaw Totem IV		38	38	0	11	4588	0
3914	Rethilgore	The Cell Keeper	20	20	1	7	524	0
3915	Dagri	Raene's Pet	23	23	0	1	643	0
3916	Shael'dryn		24	24	0	7	2721	0
3917	Befouled Water Elemental		23	25	0	4	525	0
3919	Withered Ancient		26	27	0	4	9593	0
3920	Anilia		25	25	0	7	12064	0
3921	Thistlefur Ursa		23	24	0	7	1999	0
3922	Thistlefur Totemic		23	24	0	7	6803	0
3923	Thistlefur Den Watcher		23	24	0	7	936	0
3924	Thistlefur Shaman		23	24	0	7	6801	0
3925	Thistlefur Avenger		23	24	0	7	6823	0
3926	Thistlefur Pathfinder		23	24	0	7	897	0
3927	Wolf Master Nandos		25	25	1	7	11179	0
3928	Rotting Slime		20	22	0	10	2028	0
3931	Shadethicket Oracle		30	30	0	4	1549	0
3932	Bloodtooth Guard		27	28	0	7	1996	0
3933	Hai'zan	Butcher	14	14	0	7	4082	0
3934	Innkeeper Boorand Plainswind	Innkeeper	30	30	0	7	3881	1.35
3935	Toddrick	Butcher	10	10	0	7	3236	0
3936	Shandris Feathermoon	General of the Sentinel Army	62	62	0	7	2035	0
3937	Kira Songshine	Traveling Baker	12	12	0	7	3234	0
3938	Roth Bluntblade	Kira's Guard	15	15	0	7	2032	1
3939	Razormane Wolf		7	8	0	1	643	0
3940	Taneel Darkwood		32	32	0	6	4166	0
3941	Uthil Mooncall		32	32	0	6	4165	0
3942	Mavoris Cloudsbreak		32	32	0	6	4163	0
3943	Ruuzel		22	22	0	7	5029	0
3944	Wrathtail Priestess		20	21	0	7	6749	0
3945	Caravaneer Ruzzgot		30	39	0	7	11353	0
3946	Velinde Starsong		40	40	0	7	2034	0
3947	Goblin Shipbuilder		19	20	1	7	7112	0
3948	Honni Goldenoat	Baker	10	10	0	7	2036	0
3950	Minor Water Guardian		1	1	0	4	4606	1
3951	Bhaldaran Ravenshade	Bowyer	34	34	0	7	2065	0
3952	Aeolynn	Clothier	22	22	0	7	2054	0
3953	Tandaan Lightmane	Leather Armor Merchant	23	23	0	7	2064	0
3954	Dalria	Trade Goods	24	24	0	7	2055	0
3955	Shandrina	Trade Goods	24	24	0	7	2068	0
3956	Harklan Moongrove	Alchemy Supplies	24	24	0	7	4183	0
3957	Jainay Featherbreeze	Cooking Supplies	28	28	0	7	2056	1
3958	Lardan	Leatherworking Supplies	25	25	0	7	2062	0
3959	Nantar	Baker	21	21	0	7	2063	0
3960	Ulthaan	Butcher	26	26	0	7	2067	0
3961	Maliynn	Food & Drink Vendor	19	19	0	7	2058	0
3962	Haljan Oakheart	General Goods	26	26	0	7	2060	0
3963	Danlaar Nightstride	Hunter Trainer	35	35	0	7	2066	0
3964	Kylanna	Expert Alchemist	31	31	0	7	4181	0
3965	Cylania Rootstalker	Herbalist	24	24	0	7	4182	0
3966	Kaleem	Cook	24	24	0	7	2061	1
3967	Aayndia Floralwind	Expert Leatherworker	37	37	0	7	2053	0
3968	Sentry Totem		40	40	0	11	4590	0
3969	Fahran Silentblade	Tools & Supplies	28	28	0	7	2059	0
3970	Llana	Reagent Supplies	25	25	0	7	2057	0
3971	Agro 5		60	60	0	10	1926	1
3972	Agro 7		60	60	0	10	1491	1
3973	Agro 10		60	60	0	10	1507	1
3974	Houndmaster Loksey		34	34	1	7	2040	0
3975	Herod	The Scarlet Champion	40	40	1	7	2041	0
3976	Scarlet Commander Mograine		42	42	1	7	2042	0
3977	High Inquisitor Whitemane		42	42	1	7	2043	0
3978	Sage Truthseeker		30	30	0	7	4518	1.35
3979	Librarian Mae Paledust	Explorers' League	30	30	0	7	2049	0
3980	Raleigh the Devout		30	30	0	7	2048	0
3981	Vorrel Sengutz		8	8	0	7	2046	0
3982	Monika Sengutz		7	7	0	7	2050	0
3983	Interrogator Vishas		32	32	1	7	2044	0
3984	Nancy Vishas		33	33	1	7	2047	0
3985	Grandpa Vishas		34	34	1	7	2052	0
3986	Sarilus Foulborne		25	25	0	7	3842	0
3987	Dal Bloodclaw		25	25	0	7	2002	0
3988	Venture Co. Operator		19	20	0	7	7230	0
3989	Venture Co. Logger		18	19	0	7	7228	0
3990	Venture Co. Cutter		16	17	0	7	7225	1
3991	Venture Co. Deforester		19	20	0	7	7226	0
3992	Venture Co. Engineer		20	21	0	7	7227	0
3993	Venture Co. Machine Smith		21	22	0	7	7229	0
3994	Keeper Albagorm		30	30	0	7	150	0
3995	Witch Doctor Jin'Zil		25	25	0	7	4104	0
3996	Faldreas Goeth'Shael		19	19	0	7	4172	0
3997	Venture Co. Overboss		21	22	0	7	7231	1
3998	Windshear Vermin		20	21	0	7	26	0
3999	Windshear Digger		21	22	0	7	2153	0
4001	Windshear Tunnel Rat		19	20	0	7	373	0
4002	Windshear Stonecutter		22	23	0	7	2299	0
4003	Windshear Geomancer		20	21	0	7	163	0
4004	Windshear Overlord		21	22	0	7	511	0
4005	Deepmoss Creeper		16	17	0	1	760	0
4006	Deepmoss Webspinner		19	20	0	1	1989	0
4007	Deepmoss Venomspitter		17	18	0	1	759	0
4008	Cliff Stormer		15	17	0	1	1537	0
4009	Raging Cliff Stormer		18	19	0	1	1538	0
4011	Young Pridewing		19	20	0	1	2154	0
4012	Pridewing Wyvern		21	22	0	1	295	0
4013	Pridewing Skyhunter		23	24	0	1	2298	0
4014	Pridewing Consort		22	23	0	1	2297	0
4015	Pridewing Patriarch		25	25	4	1	4585	0
4016	Fey Dragon		24	25	0	2	1267	0
4017	Wily Fey Dragon		26	27	0	2	2158	0
4018	Antlered Courser		22	23	0	1	1917	0
4019	Great Courser		24	25	0	1	2161	0
4020	Sap Beast		22	23	0	10	358	0
4021	Corrosive Sap Beast		24	25	0	10	1145	0
4022	Bloodfury Harpy		23	24	0	7	3022	0
4023	Bloodfury Roguefeather		25	26	0	7	6813	0
4024	Bloodfury Slayer		25	26	0	7	10870	0
4025	Bloodfury Ambusher		23	24	0	7	10869	0
4026	Bloodfury Windcaller		24	25	0	7	10282	0
4027	Bloodfury Storm Witch		26	27	0	7	10871	0
4028	Charred Ancient		25	26	0	4	2079	0
4029	Blackened Ancient		27	28	0	4	2168	0
4030	Vengeful Ancient		30	30	4	4	9591	0
4031	Fledgling Chimaera		25	27	0	1	8015	0
4032	Young Chimaera		23	25	0	1	6884	0
4033	Charred Stone Spirit		22	23	0	4	2169	1
4034	Enraged Stone Spirit		24	25	0	4	2170	0
4035	Furious Stone Spirit		26	27	0	4	2075	0
4036	Rogue Flame Spirit		23	24	0	4	4607	0
4037	Burning Ravager		24	25	0	4	2172	0
4038	Burning Destroyer		26	27	0	4	1070	0
4039	Dinnis	Spirit Healer	35	35	0	7	2071	1
4040	Cave Stalker		21	22	0	1	959	0.7
4041	Scorched Basilisk		27	28	0	1	2175	0
4042	Singed Basilisk		25	26	0	1	12343	0
4043	Galthuk	Two-Handed Weapons Merchant	8	8	0	7	4612	0
4044	Blackened Basilisk		23	24	0	1	2173	0
4045	[UNUSED] JEFF CHOW TEST	No Clothes NPC	1	1	0	7	2080	1
4046	Magatha Grimtotem	Elder Crone	62	62	0	7	4510	0
4047	Zor Lonetree	Elder Far Seer	62	62	0	7	4514	0
4048	Falfindel Waywarder		28	28	0	7	4201	0
4049	Seereth Stonebreak		26	26	0	7	3897	0
4050	Cenarion Caretaker		25	26	1	7	4252	0
4051	Cenarion Botanist		23	24	0	7	4247	0
4052	Cenarion Druid		26	27	1	7	4249	0
4053	Daughter of Cenarius		23	25	0	7	2722	0
4054	Laughing Sister		24	25	0	7	2723	0
4055	Mirkfallon Glade Strider		1	1	0	7	150	1
4056	Mirkfallon Keeper		26	27	1	7	150	0
4057	Son of Cenarius		24	25	0	7	2432	0
4059	Forest Spirit		1	1	0	10	1825	0
4061	Mirkfallon Dryad		25	26	1	7	2723	0
4062	Dark Iron Bombardier		30	31	0	7	3954	0
4063	Feeboz		39	39	0	7	373	0
4064	Blackrock Scout		20	21	1	7	6038	0
4065	Blackrock Sentry		21	22	1	7	6029	0
4066	Nal'taszar		30	30	2	2	8471	0
4067	Twilight Runner		23	24	0	1	11453	0
4068	Serpent Messenger		10	10	0	1	1742	0
4069	Venture Co. Planner		18	19	0	7	7232	1
4070	Venture Co. Builder		20	21	0	7	7224	0
4071	Venture Co. Grinder		17	18	0	7	7223	1
4072	Prisoner of Jin'Zil		20	20	0	7	3894	0
4073	XT:4		23	23	0	9	1269	0
4074	XT:9		23	23	0	9	1269	0
4075	Rat		1	1	0	8	1141	0
4076	Roach		1	1	0	8	2177	0
4077	Gaxim Rustfizzle		30	30	0	7	2180	1.15
4078	Collin Mauren		32	32	0	7	2181	0
4079	Sentinel Thenysil		23	23	0	7	2182	0
4080	Kaela Shadowspear		23	23	0	7	2183	0
4081	Lomac Gearstrip		29	29	0	7	2184	1.15
4082	Grawnal	General Goods	32	32	0	7	3890	0
4083	Jeeda	Apprentice Witch Doctor	24	24	0	7	3892	0
4084	Chylina	General Supplies	24	24	0	7	4106	0
4085	Nizzik	Venture Armor Salesman	24	24	0	7	7158	0
4086	Veenix	Venture Co. Merchant	24	24	0	7	7159	0
4087	Arias'ta Bladesinger	Warrior Trainer	60	60	0	7	2196	0
4088	Elanaria		62	62	0	7	2197	0
4089	Sildanair	Warrior Trainer	40	40	0	7	2198	0
4090	Astarii Starseeker	Priest Trainer	60	60	0	7	2200	0
4091	Jandria	Priest Trainer	50	50	0	7	2201	0
4092	Lariia	Priest Trainer	40	40	0	7	2202	0
4093	Galak Wrangler		25	26	0	7	9414	0
4094	Galak Scout		24	25	0	7	9411	0
4095	Galak Mauler		27	28	0	7	9417	0
4096	Galak Windchaser		24	25	0	7	9412	0
4097	Galak Stormer		26	27	0	7	9416	0
4098	Galak Pack Runner		25	26	0	7	9413	1
4099	Galak Marauder		26	27	0	7	9415	0
4100	Screeching Harpy		28	29	0	7	1352	0
4101	Screeching Roguefeather		29	30	0	7	1350	0
4104	Screeching Windcaller		30	30	0	7	10876	0
4107	Highperch Wyvern		28	29	0	1	2298	0
4109	Highperch Consort		28	29	0	1	2297	0
4110	Highperch Patriarch		30	31	0	1	4585	0
4111	Gravelsnout Kobold		26	27	0	7	2153	0
4112	Gravelsnout Vermin		25	26	0	7	373	0
4113	Gravelsnout Digger		28	29	0	7	511	0
4114	Gravelsnout Forager		27	28	0	7	2299	0
4115	[UNUSED] Gravelsnout Ambusher	<Needs Scale>	1	1	0	7	26	1
4116	Gravelsnout Surveyor		29	30	0	7	774	0
4117	Cloud Serpent		25	26	0	1	2705	0
4118	Venomous Cloud Serpent		26	28	0	1	10991	0
4119	Elder Cloud Serpent		27	29	0	1	2703	1.33
4120	Thundering Boulderkin		28	29	0	4	9587	0
4121	Wandering Boulderkin		26	27	0	4	1161	1
4124	Needles Cougar		27	28	0	1	1056	0
4126	Crag Stalker		25	26	0	1	1043	0
4127	Hecklefang Hyena		15	16	0	1	2710	0
4128	Hecklefang Stalker		22	23	0	1	2712	0
4129	Hecklefang Snarler		18	19	0	1	2711	0
4130	Silithid Searcher		32	33	0	10	11144	0
4131	Silithid Invader		34	35	0	10	11143	0
4132	Silithid Ravager		36	36	4	10	11099	0
4133	Silithid Hive Drone		33	34	0	10	11097	0
4138	Jeen'ra Nightrunner	Hunter Trainer	60	60	0	7	2205	0
4139	Scorpid Terror		33	34	0	1	2491	0
4140	Scorpid Reaver		31	32	0	1	3247	0
4142	Sparkleshell Tortoise		30	31	0	1	5052	0
4143	Sparkleshell Snapper		34	35	0	1	2308	0
4144	Sparkleshell Borer		32	33	0	1	2307	0
4146	Jocaste	Hunter Trainer	40	40	0	7	2206	0
4147	Saltstone Basilisk		30	31	0	1	12340	0
4149	Kesteryth	Foraging Trainer	35	35	0	7	2207	1
4150	Saltstone Gazer		34	35	0	1	8392	0
4151	Saltstone Crystalhide		32	33	0	1	12341	0
4153	Kysandia	Cat Trainer	35	35	0	7	2209	1
4154	Salt Flats Scavenger		30	32	0	1	2305	0
4155	Idriana	Banker	45	45	0	7	2210	0
4156	Astaia	Fishing Trainer	35	35	0	7	2211	0
4157	Kitari Farseeker	Cartography Trainer	35	35	0	7	2212	1
4158	Salt Flats Vulture		32	34	0	1	10825	0
4159	Me'lynn	Expert Tailor	35	35	0	7	2213	0
4160	Ainethil	Artisan Alchemist	46	46	0	7	10624	0
4161	Lysheana	Guild Master	60	60	0	7	2216	0
4163	Syurna	Rogue Trainer	40	40	0	7	2231	0
4164	Cylania	Night Elf Armorer	30	30	0	7	2199	0
4165	Elissa Dumas	Portal Trainer	35	35	0	7	7669	0
4166	Gazelle		3	3	0	8	1547	0
4167	Dendrythis	Food & Drink Vendor	30	30	0	7	2208	0
4168	Elynna	Tailoring Supplies	30	30	0	7	2214	0
4169	Jaeana	Meat Vendor	30	30	0	7	2217	0
4170	Ellandrieth	General Goods Vendor	30	30	0	7	2218	0
4171	Merelyssa	Blade Merchant	30	30	0	7	2219	0
4172	Anadyia	Robe Vendor	30	30	0	7	2220	0
4173	Landria	Bow Merchant	30	30	0	7	2222	0
4174	Siannai	Arrow Merchant	1	1	0	7	2223	1
4175	Vinasia	Cloth Armor Merchant	30	30	0	7	2224	0
4176	Ki'rasia	Cloth Armor Merchant	30	30	0	7	2225	1
4177	Melea	Mail Armor Merchant	30	30	0	7	2226	0
4178	Shaia	Mail Armor Merchant	30	30	0	7	2227	1
4179	Freillania	Shield Merchant	30	30	0	7	2228	1
4180	Ealyshia Dewwhisper	Two Handed Weapon Merchant	50	50	0	7	2229	0
4181	Fyrenna	Food & Drink Vendor	30	30	0	7	2230	0
4182	Dalmond	General Goods	17	17	0	7	4404	0
4183	Naram Longclaw	Weaponsmith	20	20	0	7	4408	0
4184	Geenia Sunshadow	Speciality Dress Maker	51	51	0	7	11907	0
4185	Shaldyn	Clothier	15	15	0	7	4402	0
4186	Mavralyn	Leather Armor & Leatherworking Supplies	18	18	0	7	4406	0
4187	Harlon Thornguard	Armorer & Shieldsmith	25	25	0	7	4407	0
4188	Illyanie	Cloth Armor Merchant	25	25	0	7	13189	0
4189	Valdaron	Tailoring Supplies	14	14	0	7	4401	0
4190	Kyndri	Baker	13	13	0	7	4399	0
4191	Allyndia	Food & Drink Vendor	15	15	0	7	4403	0
4192	Taldan	Drink Vendor	16	16	0	7	4405	0
4193	Grondal Moonbreeze	Journeyman Tailor	29	29	0	7	4400	0
4194	Ullanna	Trade Supplies	15	15	0	7	4409	0
4195	Tiyani	Food & Drink Vendor	15	15	0	7	4410	0
4196	Silithid Swarm		21	22	0	10	7511	0.1
4197	Ken'zigla		20	20	0	7	4105	0
4198	Braelyn Firehand		30	30	0	7	2240	0
4200	Laird	Fish Vendor	14	14	0	7	9549	0
4201	Ziz Fizziks		20	20	0	7	7156	0
4202	Gerenzo Wrenchwhistle		27	27	0	7	3885	1.15
4203	Ariyell Skyshadow	Weapon Merchant	30	30	0	7	2221	0
4204	Firodren Mooncaller	Herbalism Trainer	35	35	0	7	2253	0
4205	Dorion	Hunter Trainer	50	50	0	7	2251	0
4206	Talar	Bear Trainer	35	35	0	7	2268	1
4207	Valyen Wolfsong	Wolf Trainer	35	35	0	7	2275	1
4208	Lairn	Banker	45	45	0	7	2259	0
4209	Garryeth	Banker	45	45	0	7	2256	0
4210	Alegorn	Cooking Trainer	35	35	0	7	2242	0
4211	Dannelor	First Aid Trainer	35	35	0	7	2248	0
4212	Telonis	Artisan Leatherworker	46	46	0	7	2270	0
4213	Taladan	Expert Enchanter	35	35	0	7	2266	0
4214	Erion Shadewhisper	Rogue Trainer	60	60	0	7	2252	0
4215	Anishar	Rogue Trainer	50	50	0	7	2243	0
4216	Chardryn	Herbalism Supplier	30	30	0	7	2245	0
4217	Mathrengyl Bearwalker	Druid Trainer	60	60	0	7	2261	0
4218	Denatharion	Druid Trainer	50	50	0	7	2250	0
4219	Fylerian Nightwing	Druid Trainer	40	40	0	7	2255	0
4220	Cyroen	Reagent Vendor	30	30	0	7	2247	0
4221	Talaelar	Fish Vendor	30	30	0	7	2267	0
4222	Voloren	Fishing Supplier	30	30	0	7	2276	0
4223	Fyldan	Cooking Supplier	30	30	0	7	2254	0
4224	Talegon	Cartography Supplier	1	1	0	7	2269	1
4225	Saenorion	Leatherworking Supplies	30	30	0	7	2265	0
4226	Ulthir	Alchemy Supplies	30	30	0	7	2272	0
4228	Vaean	Enchanting Supplies	30	30	0	7	2274	0
4229	Mythrin'dir	General Trade Supplier	30	30	0	7	2264	0
4230	Yldan	Bag Merchant	30	30	0	7	2277	0
4231	Kieran	Weapon Merchant	30	30	0	7	2258	0
4232	Glorandiir	Axe Merchant	30	30	0	7	2257	0
4233	Mythidan	Mace & Staff Merchant	30	30	0	7	2263	0
4234	Andrus	Staff Merchant	30	30	0	7	2249	0
4235	Turian	Thrown Weapons Merchant	30	30	0	7	2271	0
4236	Cyridan	Leather Armor Merchant	30	30	0	7	2246	0
4237	Urthoniir	Leather Armor Merchant	30	30	0	7	2273	1
4239	Lewin Starfeather	Leather Armor Merchant	30	30	0	7	2260	1
4240	Caynrus	Shield Merchant	30	30	0	7	2244	0
4241	Mydrannul	General Goods Vendor	30	30	0	7	2262	0
4242	Frostsaber Companion		50	50	0	1	9956	0
4243	Nightshade	Jeen'ra's Pet	50	50	0	1	613	0
4244	Shadow	Dorion's Pet	30	30	0	1	780	0
4245	Mistrunner	Valyen's Pet	25	25	0	1	165	1
4246	Moonprowler	Kysandia's Pet	25	25	0	1	599	1
4247	Stonepaw	Talar's Pet	25	25	0	1	2378	1
4248	Pesterhide Hyena		26	27	0	1	2713	0
4249	Pesterhide Snarler		28	29	0	1	10903	0
4250	Galak Packhound		24	24	0	1	2726	1
4251	Goblin Racer		32	32	0	9	10318	0
4252	Gnome Racer		32	32	0	9	2490	0
4253	Bear Form (Night Elf Druid)		1	1	0	1	2281	1
4254	Geofram Bouldertoe	Mining Trainer	35	35	0	7	3092	0
4255	Brogus Thunderbrew	Food and Drink	55	55	0	7	2284	0
4256	Golnir Bouldertoe	Mining Supplier	30	30	0	7	3093	0
4257	Lana Thunderbrew	Blacksmithing Supplies	55	55	0	7	2286	0
4258	Bengus Deepforge	Artisan Blacksmith	45	45	0	7	3097	0
4259	Thurgrum Deepforge	Blacksmithing Supplies	30	30	0	7	3098	0
4260	Venture Co. Shredder		37	37	0	9	1269	0
4261	Bear Form (Tauren Druid)		1	1	0	1	2289	1
4262	Darnassus Sentinel		55	55	0	7	2306	0
4263	Deepmoss Hatchling		14	14	0	1	957	0.44
4264	Deepmoss Matriarch		22	22	0	1	336	0
4265	Nyoma	Cooking Supplies	20	20	0	7	4236	0
4266	Danlyia	Food & Drink Vendor	17	17	0	7	4235	0
4267	Daelyshia	Hippogryph Master	55	55	1	7	2313	0
4268	Riding Wolf (Gray)		1	1	0	1	2320	0
4269	Riding Horse (Chestnut)		1	1	0	1	2405	0
4270	Riding Wolf (Red)		1	1	0	1	2326	0
4271	Riding Wolf (DarkGray)		1	1	0	1	2327	0
4272	Riding Wolf (DarkBrown)		1	1	0	1	2328	0
4273	Keeper Ordanus		29	29	0	7	2725	0
4274	Fenrus the Devourer		25	25	1	1	2352	0
4275	Archmage Arugal		26	26	1	7	2353	0
4276	Piznik	Venture Co.	20	20	0	7	7157	0
4277	Eye of Kilrogg		22	22	0	3	2421	0
4278	Commander Springvale		24	24	1	6	3223	0
4279	Odo the Blindwatcher		24	24	1	7	522	0
4280	Scarlet Preserver		29	30	1	7	2475	0
4281	Scarlet Scout		29	30	1	7	2516	0
4282	Scarlet Magician		29	30	1	7	2512	0
4283	Scarlet Sentry		30	31	1	7	2520	0
4284	Scarlet Augur		30	31	1	7	2495	0
4285	Scarlet Disciple		30	31	1	7	2505	0
4286	Scarlet Soldier		35	36	1	7	2522	0
4287	Scarlet Gallant		33	34	1	7	2463	0
4288	Scarlet Beastmaster		34	35	1	7	2497	0
4289	Scarlet Evoker		36	37	1	7	2509	0
4290	Scarlet Guardsman		36	37	1	7	2511	0
4291	Scarlet Diviner		34	35	1	7	2507	0
4292	Scarlet Protector		36	37	1	7	2476	0
4293	Scarlet Scryer		30	31	1	7	2518	0
4294	Scarlet Sorcerer		37	38	1	7	2524	0
4295	Scarlet Myrmidon		37	38	1	7	2514	0
4296	Scarlet Adept		33	34	1	7	5726	0
4297	Scarlet Conjuror		35	36	1	7	2503	0
4298	Scarlet Defender		37	38	1	7	2462	0
4299	Scarlet Chaplain		34	36	1	7	2501	0
4300	Scarlet Wizard		38	39	1	7	2525	0
4301	Scarlet Centurion		38	39	1	7	2499	0
4302	Scarlet Champion		39	40	1	7	2460	0
4303	Scarlet Abbot		39	40	1	7	2492	0
4304	Scarlet Tracking Hound		33	34	1	1	2709	0
4305	Kriggon Talsone	Fisherman	25	25	0	7	4417	0
4306	Scarlet Torturer		30	31	1	7	2607	0
4307	Heldan Galesong	Fisherman	25	25	0	7	4415	0
4308	Unfettered Spirit		31	32	0	6	5430	0
4309	Gorm Grimtotem		62	62	0	7	4511	1.35
4310	Cor Grimtotem		62	62	0	7	4512	1.35
4311	Holgar Stormaxe		30	30	0	7	4515	0
4312	Tharm	Wind Rider Master	55	55	1	7	2411	1.35
4313	[UNUSED] [PH] Ambassador Saylaton Gravehoof		27	27	0	7	1905	1
4314	Gorkas	Wind Rider Master	55	55	1	7	4311	0
4315	[UNUSED] Guthrin Gravehoof		26	26	0	7	3556	1
4316	Kolkar Packhound		13	13	0	1	1535	0
4317	Nyse	Wind Rider Master	55	55	1	7	2412	1.25
4318	[UNUSED] Delyka	Spirit Healer	45	45	0	7	2413	1
4319	Thyssiana	Hippogryph Master	55	55	1	7	2415	0
4320	Caelyb	Pet Trainer	40	40	0	7	2416	0
4321	Baldruc	Gryphon Master	55	55	1	7	2417	0
4322	Corthryn	Spirit Healer	35	35	0	7	4483	1
4323	Searing Hatchling		41	42	0	2	715	0
4324	Searing Whelp		42	43	0	2	397	0
4328	Firemane Scalebane		43	44	0	2	8310	0
4329	Firemane Scout		41	42	0	2	143	0
4331	Firemane Ash Tail		42	43	0	2	8249	0
4333	Firemane Devourer		38	39	0	2	8311	1
4334	Firemane Flamecaller		43	44	0	2	8309	0
4339	Brimgore		45	45	2	2	6374	0
4340	Mirallia	Spirit Healer	35	35	0	7	2422	1
4341	Drywallow Crocolisk		35	36	0	1	1080	0
4342	Drywallow Vicejaw		36	37	0	1	925	0
4343	Drywallow Snapper		37	38	0	1	814	0
4344	Mottled Drywallow Crocolisk		38	39	0	1	2548	0
4345	Drywallow Daggermaw		40	41	0	1	807	0
4346	Noxious Flayer		35	36	0	1	2700	0
4347	Noxious Reaver		37	38	0	1	2707	0
4348	Noxious Shredder		38	39	0	1	2708	0
4351	Bloodfen Raptor		35	36	0	1	2571	0
4352	Bloodfen Screecher		36	37	0	1	1962	0
4355	Bloodfen Scytheclaw		37	38	0	1	2574	0
4356	Bloodfen Razormaw		39	40	0	1	11315	1.5
4357	Bloodfen Lashtail		40	41	0	1	2573	1.75
4358	Mirefin Puddlejumper		35	36	0	7	4920	0
4359	Mirefin Murloc		35	36	0	7	652	0
4360	Mirefin Warrior		37	38	0	7	5243	0
4361	Mirefin Muckdweller		36	37	0	7	478	0
4362	Mirefin Coastrunner		36	37	0	7	11293	0
4363	Mirefin Oracle		37	38	0	7	5286	0
4364	Strashaz Warrior		59	60	1	7	9135	0
4366	Strashaz Serpent Guard		59	61	1	7	9134	0
4368	Strashaz Myrmidon		60	61	1	7	11258	0
4370	Strashaz Sorceress		60	61	1	7	11266	0
4371	Strashaz Siren		59	60	1	7	6750	0
4374	Strashaz Hydra		59	61	1	10	2423	0
4376	Darkmist Spider		35	36	0	1	545	0
4377	Darkmist Lurker		37	38	0	1	2539	0.5
4378	Darkmist Recluse		36	37	0	1	2538	0
4379	Darkmist Silkspinner		38	39	0	1	2541	0
4380	Darkmist Widow		40	40	4	1	2537	0
4382	Withervine Creeper		35	36	0	4	2024	0
4385	Withervine Rager		38	39	0	4	697	0
4386	Withervine Bark Ripper		36	37	0	4	631	0
4387	Withervine Mire Beast		37	38	0	4	1549	0
4388	Young Murk Thresher		39	41	0	1	2602	1.15
4389	Murk Thresher		41	43	0	1	2601	0
4390	Elder Murk Thresher		43	45	0	1	6431	0
4391	Swamp Ooze		37	39	0	10	1145	0
4392	Corrosive Swamp Ooze		38	40	0	10	2569	0
4393	Acidic Swamp Ooze		39	41	0	10	11137	0
4394	Bubbling Swamp Ooze		39	40	1	10	2569	0
4395	Blistering Swamp Ooze		41	43	0	10	2028	1
4396	Mudrock Tortoise		36	37	0	1	4829	0
4397	Mudrock Spikeshell		37	38	0	1	7836	0
4398	Mudrock Burrower		39	40	0	1	7837	0
4399	Mudrock Borer		42	43	0	1	7840	0
4400	Mudrock Snapjaw		41	42	0	1	7839	0
4401	Muckshell Clacker		39	40	0	7	2426	0
4402	Muckshell Snapclaw		40	41	0	7	2598	0
4403	Muckshell Pincer		41	42	0	7	2599	0
4404	Muckshell Scrabbler		42	43	0	7	2600	0
4405	Muckshell Razorclaw		43	44	0	7	1817	0
4407	Teloren	Hippogryph Master	55	55	1	7	2427	0
4408	Aquatic Form (Night Elf Druid)		1	1	0	1	2428	1
4409	Gatekeeper Kordurus		25	25	1	7	2432	0
4410	Aquatic Form (Tauren Druid)		1	1	0	1	2428	1
4411	Darkfang Lurker		36	37	0	1	2424	0
4412	Darkfang Creeper		38	39	0	1	2546	0
4413	Darkfang Spider		35	36	0	1	2543	0
4414	Darkfang Venomspitter		37	38	0	1	2542	0
4415	Giant Darkfang Spider		40	41	0	1	11348	0
4416	Defias Strip Miner		18	19	0	7	2438	0
4417	Defias Taskmaster		18	19	1	7	2440	0
4418	Defias Wizard		18	19	1	7	2447	0
4419	Race Master Kronkrider		35	35	0	7	5445	0
4420	Overlord Ramtusk		32	32	1	7	4652	0
4421	Charlga Razorflank	The Crone	33	33	1	7	4642	0
4422	Agathelos the Raging		33	33	1	1	2450	0
4423	Darnassian Protector		55	55	0	4	2451	0
4424	Aggem Thorncurse	Death's Head Prophet	30	30	1	7	6097	0
4425	Blind Hunter		32	32	2	1	4735	0.7
4427	Ward Guardian		31	31	1	7	6104	0
4428	Death Speaker Jargba	Death's Head Captain	30	30	1	7	4644	0
4429	Goblin Pit Crewman		30	30	0	7	7192	0
4430	Gnome Pit Crewman		30	30	0	7	5435	1.2
4435	Razorfen Warrior		24	25	1	7	6109	0
4436	Razorfen Quilguard		25	26	1	7	6108	0
4437	Razorfen Warden		25	26	1	7	4758	0
4438	Razorfen Spearhide		29	30	2	7	6078	0
4439	[UNUSED] Charlga's Bodyguard		1	1	1	7	1963	1
4440	Razorfen Totemic		29	29	1	7	6112	0
4442	Razorfen Defender		27	28	1	7	6103	0
4443	Wazza	Totem Merchent	1	1	0	7	2589	1
4444	Deathstalker Vincent		21	21	0	7	2689	0
4445	Griznak	Race Vendor	35	35	0	7	7214	1
4446	Mazzer Stripscrew	Race Vendor	35	35	0	7	10982	1
4449	Crazzle Sprysprocket	Gnome Ticket Redeemer	35	35	0	7	5433	1
4450	Rugfizzle	Goblin Ticket Redeemer	35	35	0	7	7209	1
4451	Auld Stonespire		28	28	0	7	4568	1.35
4452	Kravel Koalbeard		29	29	0	7	5426	0
4453	Wizzle Brassbolts		31	31	0	7	5428	1.15
4454	Fizzle Brassbolts		30	30	0	7	5427	1.15
4455	Red Jack Flint		22	22	0	7	796	0
4456	Fiora Longears		26	26	0	7	4691	0
4457	Murkgill Forager		35	36	0	7	652	0
4458	Murkgill Hunter		35	36	0	7	478	0
4459	Murkgill Oracle		36	37	0	7	5286	0
4460	Murkgill Lord		37	37	0	7	5243	0
4461	Murkgill Warrior		35	36	0	7	5243	0
4462	Blackrock Hunter		23	24	1	7	6031	0
4463	Blackrock Summoner		22	23	0	7	6030	0
4464	Blackrock Gladiator		24	25	1	7	6042	0
4465	Vilebranch Warrior		45	46	1	7	6508	0
4466	Vilebranch Scalper		46	47	0	7	6512	0
4467	Vilebranch Soothsayer		46	47	0	7	6535	0
4468	Jade Sludge		47	48	1	10	11141	0
4469	Emerald Ooze		46	47	1	10	358	0
4472	Haunting Vision		57	58	0	6	146	0
4474	Rotting Cadaver		53	54	0	6	4631	0
4475	Blighted Zombie		52	53	0	6	10970	0
4476	Screaming Haunt		54	55	0	6	915	1
4479	Fardel Dabyrie		33	33	0	7	4021	0
4480	Kenata Dabyrie		35	35	0	7	4025	0
4481	Marcel Dabyrie		34	34	0	7	4024	0
4482	Vilebranch Wolf		46	47	1	1	780	1
4483	Moktar Krin		35	35	0	7	4207	0
4484	Feero Ironhand		20	20	0	7	2594	0
4485	Belgrom Rockmaul		35	35	0	7	5535	0
4486	Genavie Callow		32	32	0	7	4012	0
4487	Kodiak		30	30	0	7	4952	1
4488	Parqual Fintallas		35	35	0	7	10197	0
4489	Braug Dimspirit		35	35	0	7	3907	1.35
4490	Grenka Bloodscreech		31	31	0	7	974	0
4491	Woof		1	1	0	1	372	1
4493	Scarlet Avenger		56	57	0	7	10295	0
4494	Scarlet Spellbinder		57	58	0	7	10307	0
4495	Gnome Pit Boss		35	35	0	7	5438	1.2
4496	Goblin Pit Boss		30	30	0	7	7191	0
4497	Captain Quirk	Boat Operator	60	60	0	7	1740	1
4498	Maurin Bonesplitter		35	35	0	7	4171	0
4499	Rok'Alim the Pounder		30	30	1	4	4766	0
4500	Overlord Mok'Morokk		45	45	1	7	11571	0
4501	Draz'Zilb		40	40	0	7	11539	0
4502	Tharg		44	44	0	7	3193	0
4503	Mudcrush Durtfeet		42	42	0	7	655	0
4504	Frostmaw		37	37	0	7	10579	0
4505	Bloodsail Deckhand		43	44	0	7	2557	0
4506	Bloodsail Swabby		43	44	0	7	1902	0
4507	Daisy	Race Starter Girl	15	15	0	7	2591	0
4508	Willix the Importer		27	27	1	7	7155	0
4509	Sargath		20	20	0	7	2595	0
4510	Heralath Fallowbrook		25	25	0	7	2596	0
4511	Agam'ar		24	25	1	1	4713	0
4512	Rotting Agam'ar		28	28	1	1	4714	0
4514	Raging Agam'ar		25	26	1	1	2453	0
4515	Death's Head Acolyte		28	29	1	7	6093	0
4516	Death's Head Adept		27	28	1	7	6098	0
4517	Death's Head Priest		26	27	1	7	6096	0
4518	Death's Head Sage		29	30	1	7	6099	0
4519	Death's Head Seer		28	29	1	7	6100	0
4520	Razorfen Geomancer		25	26	1	7	4647	0
4521	Treshala Fallowbrook		20	20	0	7	9055	0
4522	Razorfen Dustweaver		28	29	1	7	6110	0
4523	Razorfen Groundshaker		27	28	1	7	6111	0
4525	Razorfen Earthbreaker		30	31	1	7	4647	0
4526	Wind Howler		25	26	1	4	5494	1
4528	Stone Rumbler		21	28	1	4	9589	1
4530	Razorfen Handler		25	26	1	7	1963	0
4531	Razorfen Beast Trainer		28	29	1	7	4453	0
4532	Razorfen Beastmaster		30	31	1	7	6105	0
4534	Tamed Hyena		27	28	1	1	1535	1
4535	Tamed Battleboar		25	26	1	1	704	0
4538	Kraul Bat		30	31	1	1	1955	0
4539	Greater Kraul Bat		32	32	1	1	1954	1
4540	Scarlet Monk		35	36	1	7	2603	0
4541	Blood of Agamaggan		27	27	1	10	4754	0
4542	High Inquisitor Fairbanks		40	40	1	6	2605	0
4543	Bloodmage Thalnos		34	34	1	6	11396	0
4544	Krueg Skullsplitter		37	37	0	7	4204	0
4545	Nag'zehn		35	35	0	7	4206	0
4546	Bor'zehn		35	35	0	7	4208	0
4547	Tarkreu Shadowstalker		35	35	0	7	4205	0
4548	Steelsnap		30	30	0	1	2609	0
4549	William Montague	Banker	45	45	0	7	2655	0
4550	Ophelia Montague	Banker	45	45	0	6	3942	0
4551	Michael Garrett	Bat Handler	55	55	1	7	2638	0
4552	Eunice Burch	Cooking Trainer	35	35	0	7	2662	0
4553	Ronald Burch	Cooking Supplier	30	30	0	7	2647	0
4554	Tawny Grisette	Mushroom Vendor	30	30	0	7	2674	0
4555	Eleanor Rusk	General Goods Vendor	30	30	0	7	2660	0
4556	Gordon Wendham	Weapons Merchant	30	30	0	7	2629	0
4557	Louis Warren	Weapons Merchant	30	30	0	7	2636	0
4558	Lauren Newcomb	Light Armor Merchant	30	30	0	7	2666	0
4559	Timothy Weldon	Heavy Armor Merchant	30	30	0	7	2653	0
4560	Walter Ellingson	Heavy Armor Merchant	30	30	0	7	2654	0
4561	Daniel Bartlett	General Trade Supplier	30	30	0	7	2622	0
4562	Thomas Mordan	Reagent Vendor	30	30	0	7	2652	0
4563	Kaal Soulreaper	Warlock Trainer	60	60	0	7	2675	0
4564	Luther Pickman	Warlock Trainer	50	50	0	7	2637	0
4565	Richard Kerwin	Warlock Trainer	40	40	0	7	2646	0
4566	Kaelystia Hatebringer	Mage Trainer	60	60	0	6	10733	0
4567	Pierce Shackleton	Mage Trainer	50	50	0	7	2644	0
4568	Anastasia Hartwell	Mage Trainer	40	40	0	7	2657	0
4569	Charles Seaton	Blade Merchant	30	30	0	7	2619	0
4570	Sydney Upton	Staff Merchant	30	30	0	7	2673	0
4571	Morley Bates	Fungus Vendor	30	30	0	7	2640	0
4572	Silas Zimmer		30	30	0	7	2650	0
4573	Armand Cromwell	Fishing Trainer	35	35	0	7	2612	0
4574	Lizbeth Cromwell	Fishing Supplier	30	30	0	7	2667	0
4575	Hannah Akeley	Reagent Supplier	30	30	0	7	2663	0
4576	Josef Gregorian	Artisan Tailor	45	45	0	7	2634	0
4577	Millie Gregorian	Tailoring Supplies	30	30	0	7	2671	0
4578	Josephine Lister	Master Shadoweave Tailor	45	45	0	7	2664	0
4579	[UNUSED] Alexander Lister	Cartography Trainer	35	35	0	7	2611	1
4580	Lucille Castleton	Robe Vendor	30	30	0	7	2668	0
4581	Salazar Bloch	Book Dealer	30	30	0	7	2648	0
4582	Carolyn Ward	Rogue Trainer	40	40	0	7	2659	0
4583	Miles Dexter	Rogue Trainer	50	50	0	7	2639	0
4584	Gregory Charles	Rogue Trainer	60	60	0	7	2631	0
4585	Ezekiel Graves	Poison Vendor	30	30	0	7	2625	0
4586	Graham Van Talen	Journeyman Engineer	26	26	0	7	2630	0
4587	Elizabeth Van Talen	Engineering Supplier	30	30	0	7	2661	0
4588	Arthur Moore	Expert Leatherworker	35	35	0	7	2613	0
4589	Joseph Moore	Leatherworking Supplies	30	30	0	7	2635	0
4590	Jonathan Chambers	Bag Vendor	30	30	0	7	2633	0
4591	Mary Edras	First Aid Trainer	35	35	0	7	2670	0
4592	Nathaniel Steenwick	Thrown Weapons Merchant	30	30	0	7	2642	0
4593	Christoph Walker	Warrior Trainer	60	60	0	7	2620	0
4594	Angela Curthas	Warrior Trainer	50	50	0	7	2658	0
4595	Baltus Fowler	Warrior Trainer	40	40	0	7	2614	0
4596	James Van Brunt	Expert Blacksmith	35	35	0	7	2632	0
4597	Samuel Van Brunt	Blacksmithing Supplier	30	30	0	7	2649	0
4598	Brom Killian	Mining Trainer	35	35	0	7	2617	0
4599	Sarah Killian	Mining Supplier	30	30	0	7	2672	0
4600	Geoffrey Hartwell	Weapon Merchant	30	30	0	7	2628	0
4601	Francis Eliot	Weapon Merchant	30	30	0	7	2627	0
4602	Benijah Fenner	Weapon Merchant	30	30	0	7	2616	0
4603	Nicholas Atwood	Gun Merchant	30	30	0	7	2643	0
4604	Abigail Sawyer	Bow Merchant	30	30	0	7	2656	0
4605	Basil Frye	Journeyman Blacksmith	26	26	0	7	2615	0
4606	Aelthalyste	Priest Trainer	60	60	0	6	10723	0
4607	Father Lankester	Priest Trainer	40	40	0	7	2626	0
4608	Father Lazarus	Priest Trainer	50	50	0	7	2618	0
4609	Doctor Marsh	Expert Alchemist	35	35	0	7	2624	0
4610	Algernon	Alchemy Supplies	30	30	0	6	2676	0
4611	Doctor Herbert Halsey	Artisan Alchemist	50	50	0	7	2623	0
4612	Boyle		30	30	0	6	1201	0
4613	Christopher Drakul	Guild Master	50	50	0	7	2621	0
4614	Martha Alliestar	Herbalism Trainer	35	35	0	7	2669	0
4615	Katrina Alliestar	Herbalism Supplier	30	30	0	7	2665	0
4616	Lavinia Crowe	Expert Enchanter	35	35	0	7	12955	0
4617	Thaddeus Webb	Enchanting Supplies	30	30	0	7	2651	0
4618	Martek the Exiled		42	42	0	7	4898	0
4619	Geltharis		32	32	0	3	2021	1.5
4620	Fobeed	Race Announcer	35	35	0	7	11573	0
4621	Rebald Yorglun	Raptor Trainer	50	50	0	7	115	1
4623	Quilguard Champion		30	31	1	7	6103	0
4624	Booty Bay Bruiser		57	57	0	7	7102	0
4625	Death's Head Ward Keeper		15	15	0	7	6101	1
4626	CHOW Guard		62	62	0	7	2688	1
4627	Arugal's Voidwalker		24	25	0	3	1131	1
4629	Trackmaster Zherin		30	30	0	7	2704	1.35
4630	Pozzik		30	30	0	7	7199	0
4631	Wharfmaster Lozgil		35	35	0	7	7106	0
4632	Kolkar Centaur		30	31	0	7	9447	0
4633	Kolkar Scout		30	31	0	7	9445	0
4634	Kolkar Mauler		31	32	0	7	4874	0
4635	Kolkar Windchaser		31	32	0	7	4871	0
4636	Kolkar Battle Lord		32	33	0	7	9448	0
4637	Kolkar Destroyer		32	33	0	7	9446	0
4638	Magram Scout		32	33	0	7	2292	0
4639	Magram Outrunner		32	33	0	7	9428	0
4640	Magram Wrangler		33	34	0	7	2293	0
4641	Magram Windchaser		33	34	0	7	9429	0
4642	Magram Stormer		34	35	0	7	9431	0
4643	Magram Pack Runner		34	35	0	7	9430	0
4644	Magram Marauder		35	36	0	7	9432	0
4645	Magram Mauler		35	36	0	7	4583	0
4646	Gelkis Outrunner		32	33	0	7	9420	0
4647	Gelkis Scout		32	33	0	7	9421	0
4648	Gelkis Stamper		33	34	0	7	9422	0
4649	Gelkis Windchaser		33	34	0	7	9423	0
4651	Gelkis Earthcaller		34	35	0	7	9424	0
4652	Gelkis Mauler		35	36	0	7	9426	0
4653	Gelkis Marauder		35	36	0	7	9425	0
4654	Maraudine Scout		37	38	0	7	9434	0
4655	Maraudine Wrangler		37	38	0	7	9435	0
4656	Maraudine Mauler		38	39	0	7	9436	0
4657	Maraudine Windchaser		38	39	0	7	9438	0
4658	Maraudine Stormer		39	40	0	7	9440	0
4659	Maraudine Marauder		39	40	0	7	9439	0
4660	Maraudine Bonepaw		37	38	0	1	2710	0
4661	Gelkis Rumbler		29	30	0	4	1068	0
4662	Magram Bonepaw		37	38	0	1	2716	0
4663	Burning Blade Augur		30	31	0	7	4699	0
4664	Burning Blade Reaver		30	31	0	7	4703	0
4665	Burning Blade Adept		31	32	0	7	4697	0
4666	Burning Blade Felsworn		31	32	0	7	4701	0
4667	Burning Blade Shadowmage		32	33	0	7	4705	0
4668	Burning Blade Summoner		38	39	0	7	4709	0
4669	Burning Blade Conjuror		36	36	0	7	1139	1
4670	Hatefury Rogue		31	32	0	3	6741	0
4671	Hatefury Trickster		31	32	0	3	2021	0
4672	Hatefury Felsworn		31	32	0	3	2014	0
4673	Hatefury Betrayer		32	33	0	3	11331	0
4674	Hatefury Shadowstalker		32	33	0	3	11332	0
4675	Hatefury Hellcaller		32	33	0	3	2014	0
4676	Lesser Infernal		36	37	0	3	10906	0
4677	Doomwarder		37	38	0	3	5049	0
4678	Mana Eater		37	38	0	3	1913	0
4679	Nether Maiden		37	38	0	3	159	0
4680	Doomwarder Captain		38	39	0	3	9015	0
4681	Mage Hunter		38	39	0	3	6172	0
4682	Nether Sister		38	39	0	3	2834	0
4683	Doomwarder Lord		39	40	0	3	9016	1
4684	Nether Sorceress		39	40	0	3	2737	0
4685	Ley Hunter		39	40	0	3	6173	0
4686	Deepstrider Giant		38	39	1	5	10043	0
4687	Deepstrider Searcher		39	40	1	5	10039	0
4688	Bonepaw Hyena		33	35	0	1	10902	0
4689	Starving Bonepaw		30	32	0	1	2726	0
4690	Rabid Bonepaw		36	38	0	1	10271	0
4691	Murderous Bonepaw		32	33	0	1	10271	1
4692	Dread Swoop		32	33	0	1	1192	0
4693	Dread Flyer		36	37	0	1	10273	0
4694	Dread Ripper		39	40	0	1	14319	0
4695	Carrion Horror		35	37	0	1	10825	0
4696	Scorpashi Snapper		30	31	0	1	2729	0
4697	Scorpashi Lasher		34	35	0	1	2765	0
4699	Scorpashi Venomlash		38	39	0	1	2766	0
4700	Aged Kodo		34	35	0	1	1308	0
4701	Dying Kodo		35	36	0	1	1453	0
4702	Ancient Kodo		36	37	0	1	2767	0
4703	Raging Kodo		37	39	0	1	1232	1
4704	Maraudine Pack Runner		34	34	0	7	9437	1
4705	Burning Blade Invoker		39	40	0	7	4707	0
4706	Razzeric		30	30	0	7	7206	0
4707	Zuzubee	Race Announcer	35	35	0	7	11573	0
4708	Shreev		39	39	0	7	7182	0
4709	Zamek		30	30	0	7	7211	0
4710	Riding Ram (Gray)		1	1	0	1	2736	0
4711	Slitherblade Naga		32	33	0	7	11264	0
4712	Slitherblade Sorceress		32	33	0	7	11266	0
4713	Slitherblade Warrior		33	34	0	7	6747	0
4714	Slitherblade Myrmidon		34	35	0	7	6748	0
4715	Slitherblade Razortail		35	36	0	7	11265	0
4716	Slitherblade Tidehunter		36	37	0	7	11267	0
4717	Slitherblade Tide Priestess		33	34	0	7	6749	1
4718	Slitherblade Oracle		34	35	0	7	6750	0
4719	Slitherblade Sea Witch		35	36	0	7	6749	0
4720	Rizzle Brassbolts		30	30	0	7	5443	1.2
4721	Zangen Stonehoof		25	25	0	7	2738	1.35
4722	Rau Cliffrunner		30	30	0	7	2739	1.35
4723	Foreman Cozzle		38	38	0	7	7207	0
4724	Sandstrider		30	31	0	1	6076	1
4725	Crazed Sandstrider		37	39	0	1	2741	1
4726	Raging Thunder Lizard		33	34	0	1	2742	0
4727	Elder Thunder Lizard		37	38	0	1	2764	0
4728	Gritjaw Basilisk		31	32	0	1	1074	0
4729	Hulking Gritjaw Basilisk		35	36	0	1	7345	0
4730	Lelanai	Saber Handler	35	35	0	7	2788	0
4731	Zachariah Post	Undead Horse Merchant	30	30	0	7	2789	0
4732	Randal Hunter	Riding Trainer	10	10	0	7	3274	0
4752	Kildar	Riding Trainer	50	50	0	7	4464	0
4753	Jartsam	Riding Trainer	45	45	0	7	5070	0
4772	Ultham Ironhorn	Riding Trainer	10	10	0	7	3410	0
4773	Velma Warnam	Riding Trainer	30	30	0	7	3945	0
4775	Felicia Doan	General Trade Goods Vendor	30	30	0	7	2811	0
4777	Riding Ram (White)		1	1	0	1	2786	0
4778	Riding Ram (Blue)		1	1	0	1	2787	0
4779	Riding Ram (Brown)		1	2	0	1	2785	0
4780	Riding Ram (Black)		1	1	0	1	2784	0
4781	Snufflenose Gopher		1	1	0	1	2838	0
4782	Truk Wildbeard	Bartender	50	50	0	7	7009	0
4783	Dawnwatcher Selgorm	The Argent Dawn	25	25	0	7	5226	0
4784	Argent Guard Manados	The Argent Dawn	23	23	0	7	5084	0
4785	Illusionary Nightmare		29	30	0	10	2830	1
4786	Dawnwatcher Shaedlass	The Argent Dawn	22	22	0	7	5225	0
4787	Argent Guard Thaelrid	The Argent Dawn	20	20	0	7	4946	0
4788	Fallenroot Satyr		20	21	1	3	2012	0
4789	Fallenroot Rogue		21	22	1	3	2011	0
4791	Nazeer Bloodpike		48	48	0	7	4685	0
4792	"Swamp Eye" Jarl		42	42	0	7	4686	0
4794	Morgan Stern		36	36	0	7	4826	0
4795	Force of Nature		16	17	0	10	1923	0
4798	Fallenroot Shadowstalker		23	24	1	3	2014	0
4799	Fallenroot Hellcaller		24	25	1	3	2021	0
4802	Blackfathom Tide Priestess		20	21	1	7	4983	0
4803	Blackfathom Oracle		21	22	1	7	4976	0
4805	Blackfathom Sea Witch		23	24	1	7	4982	0
4807	Blackfathom Myrmidon		22	23	1	7	4762	0
4809	Twilight Acolyte		24	25	1	7	2882	0
4810	Twilight Reaver		25	26	1	7	2898	1.25
4811	Twilight Aquamancer		25	26	1	7	2886	0
4812	Twilight Loreseeker		24	25	1	7	2894	1.15
4813	Twilight Shadowmage		26	27	1	7	2876	0
4814	Twilight Elementalist		26	27	1	7	2890	1.35
4815	Murkshallow Snapclaw		22	23	1	7	2835	0
4816	Murkshallow Shellhide		23	24	1	7	3900	1
4818	Blindlight Murloc		22	23	1	7	4920	0
4819	Blindlight Muckdweller		25	25	1	7	11293	0
4820	Blindlight Oracle		25	25	1	7	3617	0
4821	Skittering Crustacean		22	23	1	1	981	0
4822	Snapping Crustacean		23	24	1	1	1001	0
4823	Barbed Crustacean		25	26	1	1	9565	0
4824	Aku'mai Fisher		23	24	1	1	1244	0
4825	Aku'mai Snapjaw		26	27	1	1	5026	0
4827	Deep Pool Threshfin		24	25	1	1	2836	0
4829	Aku'mai		28	28	1	10	2837	0
4830	Old Serra'kis		26	26	1	1	1816	0
4831	Lady Sarevess		25	25	1	7	4979	0
4832	Twilight Lord Kelris		27	27	1	7	4939	0
4834	Theramore Infiltrator		35	36	0	7	4675	0
4841	Deadmire		45	45	0	1	2850	0
4842	Earthcaller Halmgar		32	32	2	7	6102	0
4844	Shadowforge Surveyor		35	36	1	7	6051	0
4845	Shadowforge Ruffian		36	37	1	7	6053	0
4846	Shadowforge Digger		35	36	1	7	6052	0
4847	Shadowforge Relic Hunter		39	40	1	7	6054	0
4848	Shadowforge Darkcaster		43	44	1	7	6055	0
4849	Shadowforge Archaeologist		43	44	1	7	6067	0
4850	Stonevault Cave Lurker		38	39	1	7	722	0
4851	Stonevault Rockchewer		36	37	1	7	721	0
4852	Stonevault Oracle		37	38	1	7	160	0
4853	Stonevault Geomancer		43	44	1	7	1194	0
4854	Grimlok	Stonevault Chieftain	45	45	1	7	11165	0
4855	Stonevault Brawler		43	44	1	7	11166	0
4856	Stonevault Cave Hunter		36	37	1	7	722	0
4857	Stone Keeper		46	46	1	4	10805	0
4860	Stone Steward		44	44	1	4	2234	0
4861	Shrike Bat		38	39	1	1	1954	0
4862	Rabid Shrike Bat		38	39	1	1	1954	1
4863	Jadespine Basilisk		39	40	1	1	4486	0
4872	Obsidian Golem		38	38	1	9	2695	0
4875	Turhaw	Butcher	40	40	0	7	4202	0
4876	Jawn Highmesa	General Goods	35	35	0	7	4306	1.35
4877	Jandia	Trade Supplies	37	37	0	7	4529	1.25
4878	Montarr	Lorekeeper	36	36	0	7	4308	1.35
4879	Ogg'marr	Butcher	40	40	0	7	10704	0
4880	"Stinky" Ignatz		35	35	0	7	4684	0
4881	Varng	Turtle Trainer	39	39	0	7	1120	1
4882	[UNUSED] Om'kan	Spider Trainer	41	41	0	7	10704	1
4883	Krak	Armorer	43	43	0	7	10704	0
4884	Zulrg	Weaponsmith	43	43	0	7	10704	0
4885	Gregor MacVince	Horse Breeder	35	35	0	7	4825	0
4886	Hans Weston	Armorer & Shieldsmith	37	37	0	7	11038	0
4887	Ghamoo-ra		25	25	1	1	5027	0
4888	Marie Holdston	Weaponsmith	37	37	0	7	4859	0
4889	Torq Ironblast	Gunsmith	40	40	0	7	4828	0
4890	Piter Verance	Weaponsmith & Armorer	41	41	0	7	4833	0
4891	Dwane Wertle	Chef	28	28	0	7	4853	0
4892	Jensen Farran	Bowyer	37	37	0	7	4827	0
4893	Bartender Lillian	Bartender	45	45	0	7	4858	0
4894	Craig Nollward	Cook	32	32	0	7	4831	0
4895	Smiling Jim		35	35	0	7	2903	0
4896	Charity Mipsy	General Goods	35	35	0	7	4854	0
4897	Helenia Olden	Trade Supplies	34	34	0	7	4855	0
4898	Brant Jasperbloom	Herbalist	37	37	0	7	4830	0
4899	Uma Bartulm	Herbalism & Alchemy Supplies	37	37	0	7	4857	0
4900	Alchemist Narett	Expert Alchemist	37	37	0	7	4832	0
4901	Sara Pierce		2	2	0	7	13169	0
4902	Mikal Pierce		38	38	0	7	4834	0
4921	Guard Byron		40	40	0	7	2910	0
4922	Guard Edward		50	50	0	7	3138	0
4923	Guard Jarad		50	50	0	7	3139	0
4924	Combat Master Criton		55	55	0	7	3136	0
4926	Krog		40	40	0	7	2972	0
4941	Caz Twosprocket		35	35	0	7	2950	1.15
4942	Test Petition Giver	Test	12	12	0	7	1634	1
4943	Mosarn		30	30	0	7	2951	1.35
4944	Captain Garran Vimes		50	50	0	7	2952	0
4945	Goblin Drag Car		32	32	0	9	10318	0
4946	Gnome Drag Car		32	32	0	9	2490	0
4947	Theramore Lieutenant		52	52	0	7	4839	0
4948	Adjutant Tesoran		35	35	0	7	2953	0
4949	Thrall	Warchief	63	63	3	7	4527	0
4950	Spot		35	35	0	1	1100	0.87
4951	Theramore Practicing Guard		48	51	0	7	4836	0
4952	Theramore Combat Dummy		1	1	0	9	3019	0
4953	Moccasin		1	1	0	8	1986	0
4954	Uttnar	Butcher	36	36	0	7	3957	0
4955	Theramore Archery Target 1		1	1	0	9	3020	1
4957	Theramore Combat Dummy 4		1	1	0	9	3019	1
4958	Haunting Spirit		21	22	0	6	985	1
4959	Jorgen		15	15	0	7	4469	0
4960	Bishop DeLavey		32	32	0	7	2961	0
4961	Dashel Stonefist		26	26	0	7	3238	0
4962	Tapoke "Slim" Jahn		34	34	0	7	2963	0
4963	Mikhail	Bartender	30	30	0	7	2964	0
4964	Commander Samaul		40	40	0	7	2965	0
4965	Pained		45	45	0	7	2966	0
4966	Private Hendel		35	35	0	7	2967	0
4967	Archmage Tervosh		38	38	0	7	2969	0
4968	Lady Jaina Proudmoore	Ruler of Theramore	63	63	3	7	2970	0
4969	Old Town Thug		25	26	0	7	4470	0
4970	Defias Agent		24	25	0	7	4283	1
4971	Slim's Friend		34	34	0	7	3509	0
4972	Kagoro		40	40	0	7	2971	0
4973	Guard Lasiter		50	50	0	7	4835	0
4974	Aldwin Laughlin	Guild Master	50	50	0	7	2974	0
4975	Theramore Archery Target 2		1	1	0	9	3020	1
4976	Elise Laughlin	Guild Tabard Designer	25	25	0	7	2973	1
4977	Murkshallow Softshell		25	25	0	7	1819	0
4978	Aku'mai Servant		26	26	1	4	110	0
4979	Theramore Guard		53	57	0	7	2978	0
4980	Paval Reethe		35	35	0	7	2976	0
4981	Ben Trias	Apprentice of Cheese	25	25	0	7	5547	0
4982	Thomas	Altar Boy	1	1	0	7	262	0
4983	Ogron		35	35	0	7	10704	0
4984	Argos Nightwhisper		20	20	0	7	5078	0
4985	World Druid Trainer	Druid Trainer	10	10	0	7	2575	1
4986	World Hunter Trainer	Hunter Trainer	10	10	0	7	2575	1
4987	World Mage Trainer	Mage Trainer	10	10	0	7	2575	1
4988	World Paladin Trainer	Paladin Trainer	10	10	0	7	2575	1
4989	World Priest Trainer	Priest Trainer	10	10	0	7	2575	1
4990	World Rogue Trainer	Rogue Trainer	10	10	0	7	2575	1
4991	World Shaman Trainer	Shaman Trainer	10	10	0	7	2575	1
4992	World Warrior Trainer	Warrior Trainer	10	10	0	7	2575	1
4993	World Warlock Trainer	Warlock Trainer	10	10	0	7	2575	1
4994	World Wolf Trainer	Wolf Pet Trainer	10	10	0	7	2575	1
4995	Stockade Guard		45	45	0	7	2989	0
4996	Injured Stockade Guard		45	45	0	7	2985	0
4997	World Fishing Trainer	Fishing Trainer	10	10	0	7	2575	1
4998	World Herbalism Trainer	Herbalism Trainer	10	10	0	7	2575	1
4999	World Mining Trainer	Mining Trainer	10	10	0	7	2575	1
5000	World Hunter Beast Trainer	Hunter Beast Trainer	10	10	0	7	2575	1
5001	World Bird Trainer	Bird Pet Trainer	10	10	0	7	2575	1
5002	World Boar Trainer	Boar Pet Trainer	1	1	0	7	2575	1
5003	World Cat Trainer	Cat Pet Trainer	10	10	0	7	2575	1
5004	World Crawler Trainer	Crawler Pet Trainer	10	10	0	7	2575	1
5005	World Crocodile Trainer	Crocodile Pet Trainer	10	10	0	7	2575	1
5006	World Demon Trainer	Demon Trainer	10	10	0	7	2575	1
5007	World Felhunter Trainer	UNUSED	10	10	0	7	2575	1
5008	World Gorilla Trainer	Gorilla Pet Trainer	10	10	0	7	2575	1
5009	World Horse Trainer	Horse Pet Trainer	10	10	0	7	2575	1
5010	World Imp Trainer	UNUSED	10	10	0	7	2575	1
5011	World Raptor Trainer	Raptor Pet Trainer	10	10	0	7	2575	1
5012	World Scorpid Trainer	Scorpid Pet Trainer	10	10	0	7	2575	1
5013	World Spider Trainer	Spider Pet Trainer	10	10	0	7	2575	1
5014	World Succubus Trainer	UNUSED	10	10	0	7	2575	1
5015	World Tallstrider Trainer	Tallstrider Pet Trainer	10	10	0	7	2575	1
5016	World Voidwalker Trainer	UNUSED	10	10	0	7	2575	1
5017	World Turtle Trainer	Turtle Pet Trainer	10	10	0	7	2575	1
5018	World Portal: Darnassus Trainer	Portal: Darnassus Trainer	10	10	0	7	2575	1
5019	World Portal: Ironforge Trainer	Portal: Ironforge Trainer	10	10	0	7	2575	1
5020	World Portal: Orgrimmar Trainer	Portal: Orgrimmar Trainer	10	10	0	7	2575	1
5021	World Portal: Stormwind Trainer	Portal: Stormwind Trainer	10	10	0	7	2575	1
5022	World Portal: Thunder Bluff Trainer	Portal: Thunder Bluff Trainer	10	10	0	7	2575	1
5023	World Portal: Undercity Trainer	Portal: Undercity Trainer	10	10	0	7	2575	1
5024	World First Aid Trainer	First Aid Trainer	10	10	0	7	2575	1
5026	World Horse Riding Trainer	Horse Riding Trainer	10	10	0	7	2575	1
5027	World Lockpicking Trainer	Lockpicking Trainer	1	1	0	7	2575	1
5028	World Ram Riding Trainer	Ram Riding Trainer	10	10	0	7	2575	1
5029	World Survival Trainer	Survival Trainer	1	1	0	7	2575	1
5030	World Tiger Riding Trainer	Tiger Riding Trainer	10	10	0	7	2575	1
5031	World Wolf Riding Trainer	Wolf Riding Trainer	10	10	0	7	2575	1
5032	World Alchemy Trainer	Alchemy Trainer	10	10	0	7	2575	1
5033	World Blacksmith Trainer	Blacksmith Trainer	10	10	0	7	2575	1
5034	World Brewing Trainer	Brewing Trainer	1	1	0	7	2575	1
5035	World Cartography Trainer	Cartography Trainer	10	10	0	7	2575	1
5036	World Cooking Trainer	Cooking Trainer	10	10	0	7	2575	1
5037	World Engineering Trainer	Engineering Trainer	10	10	0	7	2575	1
5038	World Enchanting Trainer	Enchanting Trainer	10	10	0	7	2575	1
5039	World Tracking Trainer	Tracking Trainer	10	10	0	7	2575	1
5040	World Leatherworking Trainer	Leatherworking Trainer	10	10	0	7	2575	1
5041	World Tailoring Trainer	Tailoring Trainer	10	10	0	7	2575	1
5042	Nurse Lillian		30	30	0	7	2993	0
5043	Defias Rioter		20	20	0	7	2148	0
5044	Theramore Skirmisher		36	36	0	7	4671	0
5045	Private Hallan		36	36	0	7	3003	0
5046	Lieutenant Caldwell		37	37	0	7	2994	0
5047	Ellaercia	Tabard Designer	30	30	0	7	3001	0
5048	Deviate Adder		18	19	1	1	4317	0
5049	Lyesa Steelbrow	Guild Tabard Vendor	25	25	0	7	2999	0
5050	[UNUSED] Rallus	Guild Tabard Designer	35	35	0	7	2997	1
5051	[UNUSED] Frewa	Guild Tabard Designer	25	25	0	7	3000	1
5052	Edward Remington	Guild Tabard Designer	25	25	0	7	2998	0
5053	Deviate Crocolisk		18	19	0	1	2996	0
5054	Krumn	Guild Master	50	50	0	7	3002	1.35
5055	Deviate Lasher		19	20	0	10	8172	0
5056	Deviate Dreadfang		20	21	1	1	3006	0
5057	Theramore Deserter		37	37	0	7	3016	0
5058	Wolfguard Worg		20	21	0	1	246	0
5059	Galthogran the Callous		40	40	0	7	1348	1
5060	World Banker	Banker	45	45	0	7	2575	1
5061	World Guild Tabbard Vendor	Guild Tabard Vendor	10	10	0	7	2575	1
5062	World Reagent Vendor	Reagents/Totems Vendor	10	10	0	7	2575	1
5063	Pat's Test Kobold		60	60	0	7	365	1
5064	World Trade Supplies	Trade Supplies	10	10	0	7	2575	1
5081	Connor Rivers	Apprentice Chef	25	25	0	7	3010	0
5082	Vincent Hyal		30	30	0	7	3011	0
5083	Clerk Lendry		20	20	0	7	3014	0
5084	Ironforge Zinn		42	42	0	7	6449	1
5085	Sentry Point Guard		32	33	0	7	2978	0
5086	Sentry Point Captain		34	35	0	7	4667	0
5087	Do'gol		30	30	0	7	655	0
5088	Falgran Hastil		38	38	0	7	3015	0
5089	Balos Jacken		38	38	0	7	3017	0
5090	Combat Master Szigeti		55	55	0	7	3137	0
5091	Guard Kahil		50	50	0	7	3138	0
5092	Guard Lana		50	50	0	7	3140	0
5093	Guard Narrisha		50	50	0	7	3141	0
5094	Guard Tark		50	50	0	7	3139	0
5095	Captain Andrews	Red Team Captain	53	53	0	7	3142	0
5096	Captain Thomas	Blue Team Captain	53	53	0	7	3134	0
5097	Lupine Delusion		24	25	0	6	3123	1
5098	[UNUSED] Guffren Boulderbeard	Spirit Healer	45	45	0	7	3036	1
5099	Soleil Stonemantle	Banker	45	45	0	7	3039	0
5100	Fillius Fizzlespinner	Trade Supplier	30	30	0	7	3040	1.15
5101	Bryllia Ironbrand	General Goods Vendor	30	30	0	7	3041	0
5102	Dolman Steelfury	Weapon Merchant	30	30	0	7	3042	0
5103	Grenil Steelfury	Weapon Merchant	30	30	0	7	3043	0
5104	Laene Thundershot	Gun Trainer	40	40	0	7	3048	1
5105	Gilbin	Light Armor Merchant	30	30	0	7	3052	1
5106	Bromiir Ormsen	Heavy Armor Merchant	30	30	0	7	3044	0
5107	Mangorn Flinthammer	Heavy Armor Merchant	30	30	0	7	3045	0
5108	Raena Flinthammer	Light Armor Merchant	30	30	0	7	3049	0
5109	Myra Tyrngaarde	Bread Vendor	30	30	0	7	3050	0
5110	Barim Jurgenstaad	Reagent Vendor	30	30	0	7	3046	0
5111	Innkeeper Firebrew	Innkeeper	30	30	0	7	3047	0
5112	Gwenna Firebrew	Barmaid	30	30	0	7	3051	0
5113	Kelv Sternhammer	Warrior Trainer	45	45	0	7	3054	0
5114	Bilban Tosslespanner	Warrior Trainer	45	45	0	7	3055	1.15
5115	Daera Brightspear	Hunter Trainer	60	60	0	7	3056	0
5116	Olmin Burningbeard	Hunter Trainer	50	50	0	7	3072	0
5117	Regnus Thundergranite	Hunter Trainer	40	40	0	7	3073	0
5118	Brogun Stoneshield	Alterac Valley Battlemaster	61	61	1	7	3074	0
5119	Hegnar Swiftaxe	Axe Merchant	30	30	0	7	3075	0
5120	Brenwyn Wintersteel	Blade Merchant	30	30	0	7	3057	0
5121	Kelomir Ironhand	Maces & Staves	30	30	0	7	3076	0
5122	Skolmin Goldfury	Bow Merchant	30	30	0	7	3077	0
5123	Bretta Goldfury	Gun Merchant	30	30	0	7	5408	0
5124	Sognar Cliffbeard	Meat Vendor	30	30	0	7	3078	0
5125	Dolkin Craghelm	Mail Armor Merchant	30	30	0	7	3079	0
5126	Olthran Craghelm	Heavy Armor Merchant	30	30	0	7	3080	0
5127	Fimble Finespindle	Expert Leatherworker	35	35	0	7	3104	1.15
5128	Bombus Finespindle	Leatherworking Supplies	30	30	0	7	3105	1.15
5129	Lissyphus Finespindle	Light Armor Merchant	30	30	0	7	3106	1.15
5130	Jondor Steelbrow	Guild Master	60	60	0	7	3081	0
5131	[UNUSED] Kiren Tyrngaarde	Bread Vendor	30	30	0	7	3060	1
5132	Pithwick	Bag Vendor	30	30	0	7	3107	1.15
5133	Harick Boulderdrum	Wands Merchant	30	30	0	7	3082	0
5134	Jonivera Farmountain	General Goods	55	55	0	7	3061	0
5135	Svalbrad Farmountain	Trade Goods	55	55	0	7	3083	0
5137	Reyna Stonebranch	Herbalism Trainer	35	35	0	7	3063	0
5138	Gwina Stonebranch	Herbalism Supplier	30	30	0	7	3064	0
5139	Kurdrum Barleybeard	Reagents & Poisons	55	55	0	7	3084	0
5140	Edris Barleybeard	Barmaid	30	30	0	7	3065	0
5141	Theodrus Frostbeard	Priest Trainer	60	60	0	7	3086	0
5142	Braenna Flintcrag	Priest Trainer	50	50	0	7	3066	0
5143	Toldren Deepiron	Priest Trainer	40	40	0	7	3085	0
5144	Bink	Mage Trainer	40	40	0	7	3108	1.15
5145	Juli Stormkettle	Mage Trainer	50	50	0	7	10214	1.15
5146	Nittlebur Sparkfizzle	Mage Trainer	60	60	0	7	3109	1.15
5147	Valgar Highforge	Paladin Trainer	60	60	0	7	3089	0
5148	Beldruk Doombrow	Paladin Trainer	50	50	0	7	3088	0
5149	Brandur Ironhammer	Paladin Trainer	50	50	0	7	3087	0
5150	Nissa Firestone	First Aid Trainer	35	35	0	7	3068	0
5151	Ginny Longberry	Reagent Vendor	30	30	0	7	3119	1.15
5152	Bingus	Weapon Merchant	30	30	0	7	3110	1.15
5153	Jormund Stonebrow	Expert Tailor	35	35	0	7	3091	0
5154	Poranna Snowbraid	Tailoring Supplies	30	30	0	7	3069	0
5155	Ingrys Stonebrow	Cloth Armor Merchant	30	30	0	7	3070	0
5156	Maeva Snowbraid	Robe Merchant	30	30	0	7	3071	0
5157	Gimble Thistlefuzz	Expert Enchanter	35	35	0	7	3111	1.15
5158	Tilli Thistlefuzz	Enchanting Supplies	30	30	0	7	3120	1.15
5159	Daryl Riknussun	Cooking Trainer	35	35	0	7	3094	0
5160	Emrul Riknussun	Cooking Supplier	30	30	0	7	3095	0
5161	Grimnur Stonebrand	Fishing Trainer	35	35	0	7	3096	0
5162	Tansy Puddlefizz	Fishing Supplier	30	30	0	7	3121	1.15
5163	Burbik Gearspanner	Trade Supplier	30	30	0	7	3112	1.15
5164	Grumnus Steelshaper	Armor Crafter	60	60	0	7	3099	0
5165	Hulfdan Blackbeard	Rogue Trainer	60	60	0	7	3101	0
5166	Ormyr Flinteye	Rogue Trainer	50	50	0	7	3100	0
5167	Fenthwick	Rogue Trainer	40	40	0	7	3113	1.15
5169	Tynnus Venomsprout	Shady Dealer	30	30	0	7	3114	1.15
5170	Hjoldir Stoneblade	Blade Merchant	30	30	0	7	3103	0
5171	Thistleheart	Warlock Trainer	40	40	0	7	3115	1.15
5172	Briarthorn	Warlock Trainer	50	50	0	7	3116	1.15
5173	Alexander Calder	Warlock Trainer	60	60	0	7	3122	0
5174	Springspindle Fizzlegear	Artisan Engineer	45	45	0	7	3117	1.15
5175	Gearcutter Cogspinner	Engineering Supplies	30	30	0	7	3118	1.15
5177	Tally Berryfizz	Expert Alchemist	35	35	0	7	3124	1.15
5178	Soolie Berryfizz	Alchemy Supplies	30	30	0	7	3125	1.15
5184	Theramore Sentry		35	36	0	7	4677	0
5185	Hammerhead Shark		31	32	1	1	2851	0
5186	Basking Shark		41	42	1	1	1557	0
5187	Southsea Cannon		13	14	0	9	3146	1
5188	Garyl	Tabard Vendor	30	30	0	7	3128	0
5189	Thrumn	Tabard Vendor	25	25	0	7	3129	1.35
5190	Merill Pleasance	Tabard Vendor	25	25	0	7	3130	0
5191	Shalumon	Tabard Vendor	25	25	0	7	3131	0
5192	[UNUSED] Nils Stonebrow	Tabard Vendor	25	25	0	7	3132	1
5193	Rebecca Laughlin	Tabard Vendor	25	25	0	7	3133	0
5194	Black Riding Wolf		10	10	0	1	207	0
5195	Brown Riding Wolf		10	10	0	1	2328	0
5196	Gray Riding Wolf		10	10	0	1	2320	0
5197	Red Riding Wolf		10	10	0	1	2326	0
5198	Arctic Riding Wolf		10	10	0	1	1166	0
5199	Medic Tamberlyn		51	51	0	7	3135	0
5200	Medic Helaina		51	51	0	7	3143	0
5201	Pat's Test Human		1	2	0	7	1485	1
5202	Archery Target		1	1	0	9	3020	0
5204	Apothecary Zinge	Royal Apothecary Society	29	29	0	7	4056	0
5224	Murk Slitherer		45	46	1	1	4767	0
5225	Murk Spitter		46	47	1	1	4768	0
5226	Murk Worm		47	48	1	1	7549	1.2
5228	Saturated Ooze		47	48	1	10	682	0
5229	Gordunni Ogre		40	41	0	7	597	0
5231	Gordunni Enforcer		41	42	0	7	11555	1
5232	Gordunni Brute		42	43	0	7	11554	0
5234	Gordunni Mauler		43	44	0	7	11557	0
5235	Fungal Ooze		45	46	1	10	682	0
5236	Gordunni Shaman		44	45	0	7	11559	0
5237	Gordunni Ogre Mage		41	42	0	7	11558	0
5238	Gordunni Battlemaster		45	46	0	7	11533	0
5239	Gordunni Mage-Lord		45	46	0	7	11556	0
5240	Gordunni Warlock		43	44	0	7	11560	0
5241	Gordunni Warlord		46	47	0	7	11561	0
5243	Cursed Atal'ai		45	46	1	7	4779	0
5244	Zukk'ash Stinger		45	46	0	10	3194	0
5245	Zukk'ash Wasp		44	45	0	10	482	0
5246	Zukk'ash Worker		44	45	0	10	157	0
5247	Zukk'ash Tunneler		45	46	0	10	2592	0
5249	Woodpaw Mongrel		40	41	0	7	8598	0
5251	Woodpaw Trapper		41	42	0	7	10796	0
5253	Woodpaw Brute		41	42	0	7	543	0
5254	Woodpaw Mystic		42	43	0	7	10794	0
5255	Woodpaw Reaver		42	43	0	7	10795	0
5256	Atal'ai Warrior		48	49	1	7	7709	0
5258	Woodpaw Alpha		43	44	0	7	10793	0
5259	Atal'ai Witch Doctor		49	50	1	7	6670	0
5260	Groddoc Ape		42	43	0	1	3186	0
5261	Enthralled Atal'ai		45	46	1	7	6672	0
5262	Groddoc Thunderer		49	50	0	1	3188	0
5263	Mummified Atal'ai		46	47	1	6	4769	0
5264	Groddoc Chestpounder		45	46	0	1	3187	1
5267	Unliving Atal'ai		48	49	1	6	4771	0
5268	Ironfur Bear		41	42	0	1	3201	0
5269	Atal'ai Priest		46	47	1	7	4776	0
5270	Atal'ai Corpse Eater		49	50	1	6	4778	0
5271	Atal'ai Deathwalker		50	51	1	6	4773	0
5272	Grizzled Ironfur Bear		44	45	0	1	8838	0
5273	Atal'ai High Priest		50	51	1	7	6675	0
5274	Ironfur Patriarch		48	49	0	1	3200	0
5276	Sprite Dragon		47	50	0	2	8471	0
5277	Nightmare Scalebane		50	51	1	2	7903	0
5278	Sprite Darter		43	45	0	2	2158	0
5280	Nightmare Wyrmkin		50	51	1	2	7863	0
5283	Nightmare Wanderer		49	50	1	2	181	0
5286	Longtooth Runner		40	41	0	1	165	0
5287	Longtooth Howler		43	44	0	1	3202	0
5288	Rabid Longtooth		47	48	0	1	3203	0
5291	Hakkari Frostwing		49	50	1	1	7569	0
5292	Feral Scar Yeti		43	44	0	7	3207	0
5293	Hulking Feral Scar		45	46	0	7	10944	0
5295	Enraged Feral Scar		44	45	0	7	10943	0
5296	Rage Scar Yeti		46	47	0	7	3220	0
5297	Elder Rage Scar		48	49	0	7	3209	0
5299	Ferocious Rage Scar		47	48	0	7	3208	0
5300	Frayfeather Hippogryph		43	44	0	1	3210	0
5304	Frayfeather Stagwing		44	45	0	1	10890	0
5305	Frayfeather Skystormer		45	46	0	1	3211	0
5306	Frayfeather Patriarch		46	47	0	1	6756	0
5307	Vale Screecher		41	43	0	1	2699	0
5308	Rogue Vale Screecher		44	46	0	1	3204	0
5312	Lethlas		62	62	1	2	7553	0
5314	Phantim		62	62	1	2	7553	2
5315	Jademir Dragonspawn		60	60	1	2	181	1
5317	Jademir Oracle		61	61	1	2	7974	0
5319	Jademir Tree Warder		60	60	1	2	625	0
5320	Jademir Boughguard		62	62	1	2	12509	0
5326	Coast Crawl Clacker		1	1	0	7	3214	1
5327	Coast Crawl Snapclaw		44	45	0	7	3215	0
5328	Coast Crawl Deepseer		43	44	0	7	3900	0
5331	Hatecrest Warrior		42	43	0	7	9135	0
5332	Hatecrest Wave Rider		41	42	0	7	4922	0
5333	Hatecrest Serpent Guard		44	45	0	7	11258	0
5334	Hatecrest Myrmidon		43	44	0	7	9134	0
5335	Hatecrest Screamer		41	42	0	7	5029	0
5336	Hatecrest Sorceress		43	44	0	7	11260	0
5337	Hatecrest Siren		42	43	0	7	11259	0
5343	Lady Szallah		46	46	4	7	11262	0
5345	Diamond Head		45	45	4	7	1817	1.8
5346	Bloodroar the Stalker		48	48	4	7	7336	0
5347	Antilus the Soarer		48	48	4	1	10889	0
5348	Dreamwatcher Forktongue		55	55	4	2	625	1
5349	Arash-ethis		49	49	4	1	7569	0
5350	Qirot		47	47	4	10	11142	0
5352	Old Grizzlegut		43	43	4	1	706	1.45
5353	Itharius		45	45	0	7	4494	0
5354	Gnarl Leafbrother		44	44	4	4	2168	0
5355	Blink (Reuse)		1	1	0	2	8471	1
5356	Snarler		42	42	4	1	780	0
5357	Land Walker		48	49	1	5	10037	0
5358	Cliff Giant		49	50	1	5	12813	0
5359	Shore Strider		48	49	1	5	4945	0
5360	Deep Strider		47	49	1	5	12812	0
5361	Wave Strider		47	48	1	5	10039	0
5362	Northspring Harpy		48	49	0	7	10872	0
5363	Northspring Roguefeather		48	49	0	7	10873	0
5364	Northspring Slayer		49	50	0	7	10874	0
5366	Northspring Windcaller		49	50	0	7	1352	0
5367	Scillia Daggerquil		35	35	2	7	10875	1
5384	Brohann Caskbelly	Explorers' League	40	40	0	7	5079	0
5385	Watcher Mahar Ba		45	45	0	7	6778	0
5386	Acolyte Dellis		15	15	0	7	5081	0
5387	High Explorer Magellas	Explorers' League	60	60	0	7	3596	0
5388	Ingo Woolybush	Explorers' League	39	39	0	7	4838	0
5389	Prospector Gunstan	Explorers' League	45	45	0	7	5575	0
5390	Sage Palerunner		49	49	0	7	4715	1.35
5391	Galen Goodward		37	37	0	7	4553	0
5392	Yarr Hammerstone	Mining Trainer	10	10	0	7	3396	0
5393	Quartermaster Lungertz		54	54	0	7	6776	0
5394	Neeka Bloodscar		45	45	0	7	4897	0
5395	Felgur Twocuts		44	44	0	7	4694	0
5396	Captain Pentigast		42	42	0	7	4693	0
5397	Uthek the Wise		44	44	0	7	4875	0
5398	Warug		44	44	0	7	1258	0
5399	Veyzhak the Cannibal		48	48	2	7	6695	0
5400	Zekkis		48	48	2	6	6693	0
5401	Kazkaz the Unholy		48	48	1	7	6694	0
5402	Khan Hratha		42	42	1	7	9441	0
5403	White Stallion		1	2	0	1	2410	0
5404	Black Stallion		1	2	0	1	2402	0
5405	Pinto		1	2	0	1	2409	0
5406	Palomino		1	2	0	1	2408	0
5407	Nightmare		1	1	0	3	2346	1
5409	Harvester Swarm		24	24	0	1	7470	1
5411	Krinkle Goodsteel	Blacksmithing Supplies	40	40	0	7	7217	0
5412	Gurda Wildmane		35	35	0	7	4695	1.25
5413	Furen Longbeard		40	40	0	7	4997	0
5414	Apothecary Faustin	Royal Apothecary Society	40	40	0	7	4341	0
5415	Centaur Outrunner		38	38	0	7	1349	1
5416	Infiltrator Marksen		40	40	0	7	4557	0
5418	Deathstalker Zraedus		40	40	0	7	4342	0
5419	Glasshide Basilisk		42	43	0	1	141	0
5420	Glasshide Gazer		45	46	0	1	7344	0
5421	Glasshide Petrifier		48	49	0	1	12339	0
5422	Scorpid Hunter		40	41	0	1	2414	0
5423	Scorpid Tail Lasher		43	44	0	1	10987	0
5424	Scorpid Dunestalker		46	47	0	1	10986	0
5425	Starving Blisterpaw		41	42	0	1	1535	0
5426	Blisterpaw Hyena		44	45	0	1	1536	0
5427	Rabid Blisterpaw		47	48	0	1	2609	0
5428	Roc		41	43	0	1	3248	0
5429	Fire Roc		43	45	0	1	7348	0
5430	Searing Roc		47	49	0	1	10827	0
5431	Surf Glider		48	50	0	1	7114	0
5432	Giant Surf Glider		48	50	1	1	5127	0
5433	Tamed Bear		50	50	0	1	982	1
5434	Coral Shark		46	47	1	1	12192	0
5435	Sand Shark		12	13	1	1	12193	0
5436	Tamed Bird		50	50	0	1	2305	1
5437	Tamed Boar		50	50	0	1	704	1
5438	Tamed Cat		50	50	0	1	1973	1
5439	Tamed Crawler		50	50	0	1	979	1
5440	Tamed Crocolisk		50	50	0	1	1036	1
5441	Hazzali Wasp		47	48	0	10	482	0
5442	Tamed Gorilla		50	50	0	1	839	1
5443	Tamed Zhevra		50	50	0	1	1531	1
5444	Tamed Raptor		50	50	0	1	788	1
5445	Tamed Scorpid		50	50	0	1	2730	1
5446	Tamed Spider		50	50	0	1	910	1
5447	Tamed Tallstrider		50	50	0	1	178	1
5448	Tamed Turtle		50	50	0	1	1244	1
5449	Tamed Wolf		50	50	0	1	161	1
5450	Hazzali Stinger		49	50	0	10	3194	0
5451	Hazzali Swarmer		49	50	0	10	11093	0
5452	Hazzali Worker		47	48	0	10	11095	0
5453	Hazzali Tunneler		48	49	0	10	11094	0
5454	Hazzali Sandreaver		49	50	0	10	3195	0
5455	Centipaar Wasp		47	48	0	10	92	0
5456	Centipaar Stinger		48	49	0	10	5297	0
5457	Centipaar Swarmer		49	50	0	10	11107	0
5458	Centipaar Worker		48	49	0	10	157	0
5459	Centipaar Tunneler		47	48	0	10	11108	0
5460	Centipaar Sandreaver		49	50	0	10	11079	0
5461	Sea Elemental		48	49	0	4	5450	0
5462	Sea Spray		47	48	0	4	5562	0
5464	Watchmaster Sorigal		29	29	0	7	3249	0
5465	Land Rager		45	47	0	4	8550	0
5466	Coast Strider		48	49	1	5	10039	0
5467	Deep Dweller		47	47	1	5	12812	0
5468	Wandering Dune Smasher		47	48	1	5	10040	1
5469	Dune Smasher		48	49	1	5	6910	0
5470	Raging Dune Smasher		49	50	1	5	12816	0
5471	Dunemaul Ogre		45	46	0	7	11545	0
5472	Dunemaul Enforcer		46	47	0	7	11544	0
5473	Dunemaul Ogre Mage		46	47	0	7	12003	0
5474	Dunemaul Brute		47	48	0	7	11545	0
5475	Dunemaul Warlock		47	48	0	7	11542	0
5476	Watcher Biggs		33	33	0	7	3252	0
5477	Noboru the Cudgel		39	39	0	7	10920	0
5479	Wu Shen	Warrior Trainer	50	50	0	7	3280	0
5480	Ilsa Corbin	Warrior Trainer	40	40	0	7	3287	0
5481	Thistleshrub Dew Collector		47	48	0	4	3386	0
5482	Stephen Ryback	Cooking Trainer	35	35	0	7	3281	0
5483	Erika Tate	Cooking Supplier	30	30	0	7	3288	0
5484	Brother Benjamin	Priest Trainer	40	40	0	7	3282	0
5485	Thistleshrub Rootshaper		49	50	0	4	9014	0
5489	Brother Joshua	Priest Trainer	50	50	0	7	3283	0
5490	Gnarled Thistleshrub		48	49	0	4	1086	0
5491	Arthur the Faithful	Paladin Trainer	40	40	0	7	3284	0
5492	Katherine the Pure	Paladin Trainer	50	50	0	7	3289	0
5493	Arnold Leland	Fishing Trainer	35	35	0	7	3285	0
5494	Catherine Leland	Fishing Supplier	30	30	0	7	3290	0
5495	Ursula Deline	Warlock Trainer	40	40	0	7	3291	0
5496	Sandahl	Warlock Trainer	50	50	0	7	3286	0
5497	Jennea Cannon	Mage Trainer	40	40	0	7	3292	0
5498	Elsharin	Mage Trainer	50	50	0	7	3293	0
5499	Lilyssia Nightbreeze	Expert Alchemist	35	35	0	7	3295	0
5500	Tel'Athir	Journeyman Alchemist	31	31	0	7	3298	0
5501	Kaerbrus	Hunter Trainer	57	57	0	7	3299	0
5502	Shylamiir	Herbalism Trainer	35	35	0	7	3296	0
5503	Eldraeith	Herbalism Supplier	30	30	0	7	3297	0
5504	Sheldras Moontree	Druid Trainer	60	60	0	7	3300	0
5505	Theridran	Druid Trainer	50	50	0	7	3301	0
5506	Maldryn	Druid Trainer	40	40	0	7	3302	0
5507	Celmoridan	Tallstrider Trainer	35	35	0	7	3303	1
5508	Strumner Flintheel	Armor Crafter	40	40	0	7	3304	0
5509	Kathrum Axehand	Axe Merchant	30	30	0	7	3305	0
5510	Thulman Flintcrag	Guns Vendor	30	30	0	7	3306	0
5511	Therum Deepforge	Expert Blacksmith	33	33	0	7	3307	0
5512	Kaita Deepforge	Blacksmithing Supplies	30	30	0	7	3311	0
5513	Gelman Stonehand	Mining Trainer	35	35	0	7	3308	0
5514	Brooke Stonebraid	Mining Supplier	30	30	0	7	3313	0
5515	Einris Brightspear	Hunter Trainer	60	60	0	7	3312	0
5516	Ulfir Ironbeard	Hunter Trainer	50	50	0	7	3309	0
5517	Thorfin Stoneshield	Hunter Trainer	40	40	0	7	3310	0
5518	Lilliam Sparkspindle	Expert Engineer	35	35	0	7	3314	1.15
5519	Billibub Cogspinner	Engineering Supplier	30	30	0	7	3315	1.15
5520	Spackle Thornberry	Demon Trainer	40	40	0	7	3316	1.15
5521	Glenrunner	Celmoridan's Pet	10	10	0	1	1281	1
5522	Ironclaw	Strumner's Pet	10	10	0	1	670	1
5523	War Party Kodo		29	30	0	1	6269	0
5524	Caravan Watcher		35	40	0	7	5165	1
5525	Caravan Packhorse		30	30	0	1	14550	1
5526	Caravan Merchant		41	41	0	7	4530	1
5542	Stormwind Traveling Merchant		41	41	0	7	4531	1
5543	Clarice Foster		17	17	0	7	3371	0
5544	[UNUSED] Yuriv Adhem		20	20	0	7	3372	1
5546	Grunt Zuul		55	55	0	7	4550	0
5547	Grunt Tharlak		55	55	0	7	4548	0
5548	[PH] Mine Boss		21	21	0	7	2074	1
5549	[PH] Mine Guard		18	18	0	7	3926	1
5550	[PH] PVP Peasent		15	17	0	7	87	1
5551	[PH] Caravan Guard		50	50	0	7	1045	1
5552	[PH] PVP Peon		15	17	0	7	87	1
5553	[PH] Caravan Scout		50	50	0	7	1045	1
5554	[PH] PVP Wildlife		14	17	0	1	704	1
5555	[PH] Ogre Caravan Packhorse		50	50	0	1	229	1
5556	[PH] Alliance Commander		21	21	0	7	1985	1
5557	[PH] Horde Commander		21	21	0	7	2740	1
5558	[PH] Alliance Guard		15	18	0	7	2688	1
5559	[PH] Horde Guard		15	18	0	7	1906	1
5560	[PH] Alliance Raider		15	18	0	7	2688	1
5561	[PH] Horde Raider		15	18	0	7	1906	1
5562	[PH] Alliance Archer		15	18	0	7	2688	1
5563	[PH] Horde Archer		15	18	0	7	1906	1
5564	Simon Tanner	Expert Leatherworker	35	35	0	7	3449	0
5565	Jillian Tanner	Leatherworking Supplies	30	30	0	7	3448	0
5566	Tannysa	Herbalism Trainer	35	35	0	7	3445	0
5567	Sellandus	Expert Tailor	31	31	0	7	3444	0
5568	Captured Leper Gnome		8	8	0	7	6926	1.15
5569	Fizzlebang Booms	Fireworks Vendor	40	40	0	7	3457	1.15
5570	Bruuk Barleybeard	Bartender	50	50	0	7	3458	0
5587	[PH] Alliance Mine Boss		21	21	0	7	3167	1
5588	[PH] Alliance Mine Guard		18	18	0	7	2989	1
5589	[PH] Horde Mine Boss		21	21	0	7	1870	1
5590	[PH] Horde Mine Guard		18	18	0	7	1393	1
5591	Dar		40	40	0	7	3508	0
5592	Tok'Kar		43	43	0	7	3511	0
5593	Katar		45	45	0	7	3519	0
5594	Alchemist Pestlezugg	Alchemy Supplies	45	45	0	7	7215	0
5595	Ironforge Guard		55	55	0	7	3524	0
5596	Twain Test Prop		7	8	0	1	6288	1
5597	Grunt Komak		38	38	0	7	3546	0
5598	Atal'ai Exile		45	45	0	7	6590	0
5599	Kon Yelloweyes		25	25	0	7	3550	1.35
5600	Khan Dez'hepah		35	35	0	7	4860	0
5601	Khan Jehn		37	37	0	7	9433	0
5602	Khan Shaka		37	37	0	7	9427	0
5603	Grunt Mojka		38	38	0	7	3564	0
5604	[UNUSED] [PH] Orcish Barfly		1	1	0	7	2576	1
5605	Tisa Martine		30	30	0	7	3591	0
5606	Goma		12	12	0	7	3604	0
5607	Roger		1	1	0	7	338	0
5608	Jamin		1	1	0	7	221	0
5609	Zazo		14	14	0	7	3605	0
5610	Kozish		12	12	0	7	7137	0
5611	Barkeep Morag		13	13	0	7	3606	0
5612	Gimrizz Shadowcog	Warlock Trainer	15	15	0	7	3607	1.15
5613	Doyo'da		11	11	0	7	3608	0
5614	Sarok		25	25	0	7	3609	0
5615	Wastewander Rogue		43	44	0	7	5571	0
5616	Wastewander Thief		40	41	0	7	5532	0
5617	Wastewander Shadow Mage		42	43	0	7	5530	0
5618	Wastewander Bandit		41	42	0	7	5568	0
5620	Bartender Wental	Food and Drinks	21	21	0	7	3638	0
5621	Timmy		1	1	0	6	3639	1
5622	Ongeku		37	37	0	7	4688	0
5623	Wastewander Assassin		44	45	0	7	5573	0
5624	Undercity Guardian		55	55	0	6	10699	0
5625	Theramore Transport		50	50	0	9	953	1
5626	Joey		1	1	0	6	3670	1
5627	Johnny		1	1	0	6	3669	1
5628	Lieutenant Beech		22	22	1	7	3939	1
5629	Theramore Commando		15	15	0	7	3946	1
5630	Theramore Mage		21	21	0	7	3947	1
5631	Theramore Medic		20	20	0	7	3943	1
5632	Theramore Incursion Master Control Program		1	1	0	10	130	1
5633	Lieutenant Baxter		22	22	1	7	3941	1
5634	Rhapsody Shindigger		44	44	0	7	3874	0
5635	Falstad Wildhammer	High Thane	50	50	0	7	7005	0
5636	Gryphon Master Talonaxe		44	44	0	7	7007	0
5637	Roetten Stonehammer	Reclaimers Inc.	40	40	0	7	3756	0
5638	Kreldig Ungor	Reclaimers Inc.	35	35	0	7	3757	0
5639	Craven Drok		35	35	0	7	3758	0
5640	Keldran		38	38	0	7	3759	0
5641	Takata Steelblade		40	40	0	7	3760	0
5642	Vahlarriel Demonslayer		37	37	0	7	3789	0
5643	Tyranis Malem		36	36	0	7	3790	0
5644	Dalinda Malem		35	35	0	7	3791	0
5645	Sandfury Hideskinner		42	43	1	7	6413	0
5646	Sandfury Axe Thrower		42	44	1	7	6411	0
5647	Sandfury Firecaller		43	44	1	7	6415	0
5648	Sandfury Shadowcaster		43	44	1	7	6419	0
5649	Sandfury Blood Drinker		44	45	1	7	6423	0
5650	Sandfury Witch Doctor		44	45	1	7	6421	0
5651	Patrick Garrett		15	15	0	7	6228	0
5652	Practice Dummy		25	25	0	9	3019	0
5653	Tyler		20	20	0	7	3853	0
5654	Edward		20	20	0	7	3854	0
5655	Robert Gossom		20	20	0	7	3864	0
5656	Richard Van Brunt		20	20	0	7	3862	0
5657	Marla Fowler		20	20	0	7	3861	0
5658	Chloe Curthas		20	20	0	7	3860	0
5659	Andrew Hartwell		20	20	0	7	3859	0
5660	Riley Walker		20	20	0	7	3863	0
5661	Brother Malach		20	20	0	7	3876	0
5662	Sergeant Houser	Sergeant	40	40	0	7	3879	0
5663	Travist Bosk		20	20	0	7	3882	0
5664	Eldin Partridge		20	20	0	7	3880	0
5665	Alyssa Blaye		20	20	0	7	3883	0
5666	Gunther's Visage		53	53	0	7	3899	0
5667	Venya Marthand		10	10	0	7	3944	0
5668	Mattie Alred		20	20	0	7	4004	0
5669	Helena Atwood		20	20	0	7	4010	0
5670	Edrick Killian		20	20	0	7	4005	0
5671	[UNUSED] Lawrence Sawyer		20	20	0	7	4006	1
5672	[UNUSED] Charles Brewton		35	35	0	7	4008	1
5674	Practice Target		25	25	0	9	3020	0
5675	Carendin Halgar		50	50	0	7	3948	0
5676	Summoned Voidwalker		10	10	0	3	1132	0
5677	Summoned Succubus		20	20	0	3	10923	0
5678	[UNUSED] Deathstalker Vincent DEBUG		5	5	0	7	2689	1
5679	Lysta Bancroft		30	30	0	7	4009	0
5680	Male Human Captive		5	5	0	7	3976	0
5681	Female Human Captive		7	7	0	7	3980	0
5682	Dalin Forgewright		20	20	0	7	3981	0
5683	Comar Villard		22	22	0	7	3989	0
5685	Captive Ghoul		10	10	0	6	829	0
5686	Captive Zombie		8	8	0	6	2676	0
5687	Captive Abomination		20	20	0	6	1693	0
5688	Innkeeper Renee	Innkeeper	30	30	0	7	8190	0
5689	Steed		5	5	0	8	235	1
5690	Clyde Kellen	Fisherman	16	16	0	7	4007	0
5691	Dalin Forgewright Projection		20	20	0	7	4028	0
5692	Comar Villard Projection		20	20	0	7	4029	0
5693	Godrick Farsan		15	15	0	7	4020	0
5694	High Sorcerer Andromath		62	62	0	7	5076	0
5695	Vance Undergloom	Journeyman Enchanter	31	31	0	7	4039	0
5696	Gerard Abernathy		40	40	0	7	4050	0
5697	Theresa	Gerard's Mindslave	5	5	0	7	4054	0
5698	Joanna Whitehall		40	40	0	7	4052	0
5699	Leona Tharpe		40	40	0	7	4053	0
5700	Samantha Shackleton		20	20	0	7	4057	0
5701	Selina Pickman		20	20	0	7	4058	0
5702	Jezelle Pruitt		40	40	0	7	4059	0
5703	Winifred Kerwin		20	20	0	7	4060	0
5704	Adrian Bartlett		20	20	0	7	4061	0
5705	Victor Bartholomew		20	20	0	7	4062	0
5706	Davitt Hickson		20	20	0	7	4063	0
5707	Reginald Grimsford		20	20	0	7	4064	0
5708	Spawn of Hakkar		51	51	1	1	4065	0
5709	Shade of Eranikus		55	55	1	2	7806	0
5710	Jammal'an the Prophet		54	54	1	7	6708	0
5711	Ogom the Wretched		53	53	1	6	6709	0
5712	Zolo		51	51	1	6	6699	0
5713	Gasher		51	51	1	6	6698	0
5714	Loro		51	51	1	6	6700	0
5715	Hukku		52	52	1	6	6702	0
5716	Zul'Lor		52	52	1	6	6701	0
5717	Mijan		52	52	1	6	6707	0
5718	Rothos		62	62	1	2	7553	0
5719	Morphaz		52	52	1	2	7975	0
5720	Weaver		51	51	1	2	6375	0
5721	Dreamscythe		53	53	1	2	7553	0
5722	Hazzas		53	53	1	2	9584	0
5723	Warug's Target Dummy		26	26	0	9	1555	0
5724	Ageron Kargal		15	15	0	7	4107	0
5725	Deathguard Lundmark		15	15	0	7	10192	0
5726	Jezelle's Felhunter		30	30	0	3	850	0.7
5727	Jezelle's Felsteed		40	40	0	3	2346	0
5728	Jezelle's Succubus		40	40	0	3	10923	0
5729	Jezelle's Voidwalker		40	40	0	3	1130	0
5730	Jezelle's Imp		40	40	0	3	4449	0.7
5731	Apothecary Vallia	Royal Apothecary Society	20	20	0	7	4108	0
5732	Apothecary Katrina	Royal Apothecary Society	20	20	0	7	4109	0
5733	Apothecary Lycanus	Royal Apothecary Society	20	20	0	7	4110	0
5734	Apothecary Keever	Royal Apothecary Society	20	20	0	7	4111	0
5735	Caged Human Female		5	5	0	7	3980	0
5736	Caged Human Male		5	5	0	7	3976	0
5737	Caged Dwarf Female		5	5	0	7	4112	1
5738	Caged Dwarf Male		5	5	0	7	4116	0
5739	Caged Squirrel		5	5	0	8	134	0
5740	Caged Chicken		5	5	0	8	304	1
5741	Caged Rabbit		5	5	0	8	328	0
5742	Caged Toad		5	5	0	8	901	0
5743	Caged Sheep		5	5	0	8	856	0
5744	Cedric Stumpel		20	20	0	7	4120	0
5745	Lazlow Ashby		20	20	0	7	4121	1
5746	Appolonia Kimble		20	20	0	7	4122	1
5747	Hepzibah Sedgewick		20	20	0	7	4123	0
5748	Killian Sanatha	Fisherman	18	20	0	7	7689	0
5749	Kayla Smithe	Demon Trainer	10	10	0	7	4175	0
5750	Gina Lang	Demon Trainer	10	10	0	7	4176	0
5752	Corporal Melkins		39	39	0	7	4692	0
5753	Martha Strain	Demon Trainer	20	20	0	7	4149	0
5754	Zane Bradford	Wand Vendor	10	10	0	7	4150	0
5755	Deviate Viper		19	20	1	1	4312	0
5756	Deviate Venomwing		20	21	1	1	2706	0
5757	Lilly	Enchanting Supplies	19	19	0	7	4177	0
5758	Leo Sarn	Enchanting Supplies	18	18	0	7	4178	0
5759	Nurse Neela	First Aid Trainer	10	10	0	7	4179	0
5760	Lord Azrethoc		40	40	1	3	4426	2
5761	Deviate Shambler		19	20	1	4	1084	0
5762	Deviate Moccasin		20	21	1	1	4305	0
5763	Nightmare Ectoplasm		20	21	0	10	470	0
5764	Guardian of Blizzard		63	63	0	4	7029	0
5765	Ruzan		10	10	0	7	4209	0
5766	Savannah Cub		4	5	0	1	2278	0.75
5767	Nalpak	Disciple of Naralex	14	14	0	7	4289	1.35
5768	Ebru	Disciple of Naralex	14	14	0	7	4290	0
5769	Arch Druid Hamuul Runetotem		62	62	0	7	4519	1.62
5770	Nara Wildmane		55	55	0	7	4513	1.25
5771	Jugkar Grim'rod		40	40	0	7	4696	0
5772	Lord Azrethoc's Image		40	40	0	3	4427	0
5773	Jugkar Grim'rod's Image		40	40	0	7	4428	0
5774	Riding Wolf		1	2	0	1	207	0
5775	Verdan the Everliving		21	21	1	4	4256	0
5776	Evolving Ectoplasm (Red)		17	18	1	10	4267	0
5777	Evolving Ectoplasm (Green)		17	18	1	10	2568	0
5778	Evolving Ectoplasm (Black)		17	18	1	10	4535	0
5779	Summoned Viper		20	20	1	7	4440	1
5780	Cloned Ectoplasm		16	17	1	10	4266	0
5781	Silithid Creeper Egg		21	21	0	10	10056	0
5782	Crildor		55	55	1	7	4271	0
5783	Kalldan Felmoon	Specialist Leatherworking Supplies	27	27	0	7	4291	0
5784	Waldor	Journeyman Leatherworker	28	28	0	7	4288	1.35
5785	Sister Hatelash		11	11	2	7	2163	0
5786	Snagglespear		9	9	4	7	275	0
5787	Enforcer Emilgund		11	11	4	7	6692	0
5788	Gelgann Direforge	Ironforge Surveyor	10	10	1	7	4315	1
5789	Serra Mountainhome	Ironforge Surveyor	10	10	2	7	4314	1
5790	Lizzle Sprysprocket	Ironforge Surveyor	9	9	2	7	4316	1
5791	Cobrahn Snake Form	Druid of the Fang	1	1	1	7	4435	0
5792	Drag Master Miglen		35	35	0	7	10989	1.03
5793	Captain Armistice	Alliance Peacekeeper	10	10	2	7	4433	1
5794	Thurmonde the Devout	Alliance Peacekeeper	10	10	2	7	4431	1
5795	Grash Thunderbrew	Alliance Peacekeeper	9	9	2	7	4432	1
5796	Ben	Grash Thunderbrew's Pet	8	8	2	1	1006	1
5797	Aean Swiftriver	Alliance Outrunner	25	25	2	7	4345	0
5798	Thora Feathermoon	Alliance Outrunner	25	25	2	7	4346	0
5799	Hannah Bladeleaf	Alliance Outrunner	24	24	2	7	4348	0
5800	Marcus Bel	Alliance Outrunner	24	24	2	7	4347	0
5801	[PH] Party Bot		15	15	0	7	2591	1
5806	Treant Ally		22	23	0	4	9590	0
5807	The Rake		10	10	4	1	1973	0
5808	Warlord Kolkanis		9	9	4	7	9444	0
5809	Watch Commander Zalaphil		9	9	4	7	4592	0
5810	Uzzek		20	20	0	7	4391	0
5811	Kamari	Journeyman Leatherworker	26	26	0	7	4350	0
5812	Tumi	Heavy Armor Merchant	30	30	0	7	4351	0
5813	[UNUSED] Shikar	Light Armor Merchant	30	30	0	7	4352	1
5814	Innkeeper Thulbek	Innkeeper	30	30	0	7	4353	0
5815	Kurgul	Demon Trainer	45	45	0	7	4354	0
5816	Katis	Wand Merchant	30	30	0	7	4355	0
5817	Shimra	General Trade Goods Merchant	30	30	0	7	4356	0
5818	[UNUSED] Tren'Shan	Spirit Healer	35	35	0	7	4370	1
5819	Mirelle Tremayne	Heavy Armor Merchant	30	30	0	7	4378	0
5820	Gillian Moore	Leather Armor Merchant	30	30	0	7	4379	0
5821	Sheldon Von Croy	Cloth Armor Merchant	30	30	0	7	4381	0
5822	Felweaver Scornn		11	11	2	7	4594	0
5823	Death Flayer		11	11	4	1	2491	0
5824	Captain Flat Tusk	Captain of the Battleguard	11	11	2	7	1346	0
5825	Corrupt Tyranis Malem		35	35	0	7	2020	1
5826	Geolord Mottle		9	9	4	7	6113	0
5827	Brontus		27	27	2	1	1308	0
5828	Humar the Pridelord		23	23	2	1	4424	0
5829	Snort the Heckler		17	17	4	1	2713	0
5830	Sister Rathtalon		19	19	2	7	10876	0
5831	Swiftmane		21	21	2	1	6084	0
5832	Thunderstomp		24	24	4	1	6085	0
5833	Margol the Rager		48	48	1	1	10933	0
5834	Azzere the Skyblade		25	25	4	1	2702	0
5835	Foreman Grills		19	19	4	7	4593	0
5836	Engineer Whirleygig		19	19	4	7	7049	0
5837	Stonearm		15	15	4	7	4874	0
5838	Brokespear		17	17	4	7	9448	0
5839	Dark Iron Geologist		43	44	0	7	7793	0
5840	Dark Iron Steamsmith		46	47	0	7	7796	0
5841	Rocklance		17	17	2	7	9533	0
5842	Takk the Leaper		19	19	2	1	1337	0
5843	Slave Worker		45	47	0	7	487	0
5844	Dark Iron Slaver		45	46	0	7	7789	0
5846	Dark Iron Taskmaster		47	48	0	7	7798	0
5847	Heggin Stonewhisker	Bael'dun Chief Engineer	24	24	4	7	4595	0
5848	Malgin Barleybrew	Bael'dun Morale Officer	25	25	4	7	4597	0
5849	Digger Flameforge	Excavation Specialist	24	24	4	7	4596	0
5850	Blazing Elemental		45	47	0	4	1070	0
5851	Captain Gerogg Hammertoe	Bael'dun Captain of the Guard	27	27	2	7	4598	0
5852	Inferno Elemental		47	49	0	4	5488	0
5853	Tempered War Golem		45	47	0	4	5747	0
5854	Heavy War Golem		47	49	0	4	10801	0
5855	Magma Elemental		46	48	0	4	2075	0
5856	Glassweb Spider		43	45	0	1	4456	0
5857	Searing Lava Spider		45	47	0	1	4457	0
5858	Greater Lava Spider		47	49	0	1	7510	0
5859	Hagg Taurenbane	Razormane Champion	26	26	2	7	6114	0
5860	Twilight Dark Shaman		47	48	1	7	7821	1.35
5861	Twilight Fire Guard		48	49	1	7	7825	0
5862	Twilight Geomancer		49	50	1	7	7830	1.15
5863	Geopriest Gukk'rok		19	19	4	7	6116	0
5864	Swinegart Spearhide		22	22	2	7	6117	0
5865	Dishu		13	13	4	1	1043	0
5866	Equipment Squirrel		1	1	0	8	4468	1
5867	Maximum Squirrel		1	1	0	8	4466	1
5868	Evil Squirrel		1	1	0	8	4467	1
5870	Krond	Butcher	27	27	0	7	4727	0
5871	Larhka	Beverage Merchant	18	18	0	7	4525	0
5872	Serpent Form		1	1	1	1	4480	0
5873	Stoneskin Totem		9	9	0	11	4588	0
5874	Strength of Earth Totem		14	14	0	11	4588	0
5875	Gan'rul Bloodeye		40	40	0	7	4492	0
5876	[UNUSED] Grumol	Far Watch Sparrer	10	10	0	7	2576	1
5877	[UNUSED] Yar'luk	Far Watch Sparrer	10	10	0	7	1139	1
5878	Thun'grim Firegaze		29	29	0	7	4521	0
5879	Fire Nova Totem		14	14	0	11	4683	0
5880	Un'Thuwa	Mage Trainer	14	14	0	7	10171	0
5881	Cursed Sycamore		45	45	0	4	1988	0
5882	Pephredo	Mage Trainer	60	60	0	7	4524	0
5883	Enyo	Mage Trainer	50	50	0	7	4522	0
5884	Mai'ah	Mage Trainer	10	10	0	7	4526	0
5885	Deino	Mage Trainer	40	40	0	7	4523	0
5886	Gwyn Farrow	Mushroom Merchant	16	16	0	7	4528	0
5887	Canaga Earthcaller		8	8	0	7	4532	0
5888	Seer Ravenfeather		10	10	0	7	4533	1.25
5889	Mesa Earth Spirit		5	6	0	4	1128	1
5890	Redrock Earth Spirit		1	1	0	4	1128	0.5
5891	Minor Manifestation of Earth		15	15	0	4	12110	0
5892	Searn Firewarder		15	15	0	7	4534	0
5893	Minor Manifestation of Fire		12	12	0	4	2172	0
5894	Corrupt Minor Manifestation of Water		22	22	0	4	5493	0
5895	Minor Manifestation of Water		22	22	0	4	525	0
5896	Fire Spirit		9	10	0	4	4607	0
5897	Corrupt Water Spirit		19	20	0	4	5492	0.85
5898	Air Spirit		29	30	0	4	8714	0
5899	Brine		23	23	0	7	4536	0
5900	Telf Joolam		35	35	0	7	4537	0
5901	Islen Waterseer		37	37	0	7	4538	1.25
5902	Minor Manifestation of Air		1	1	0	4	5187	0
5903	Nyx Bloodrage	iCoke Redemption Vendor	35	35	0	7	14945	1
5904	[UNUSED] Hurll Kans		37	37	0	7	4540	1
5905	Prate Cloudseer		37	37	0	7	4541	1.25
5906	Xanis Flameweaver		15	15	0	7	4542	1.35
5907	Kranal Fiss		15	15	0	7	4543	0
5908	Grunt Dogran		20	20	0	7	4544	0
5909	Cazul		40	40	0	7	4545	0
5910	Zankaja		15	15	0	7	4546	0
5911	Grunt Logmar		20	20	0	7	4547	0
5912	Deviate Faerie Dragon		20	20	2	2	1267	0
5913	Tremor Totem		53	53	0	11	4588	0
5914	Deviate Nightmare		19	21	0	10	3006	1
5915	Brother Ravenoak		29	29	2	7	4599	0
5916	Sentinel Amarassan		27	27	2	7	11356	0
5917	Clara Charles		1	2	0	7	4558	0
5918	Owl Form		1	1	0	1	4566	0
5919	Stoneskin Totem II		14	14	0	11	4588	0
5920	Stoneskin Totem III		25	25	0	11	4588	0
5921	Strength of Earth Totem II		24	24	0	11	4588	0
5922	Strength of Earth Totem III		38	38	0	11	4588	0
5923	Poison Cleansing Totem		38	38	0	11	4587	0
5924	Disease Cleansing Totem		38	38	0	11	4587	0
5925	Grounding Totem		38	38	0	11	4590	0
5926	Frost Resistance Totem		24	24	0	11	4589	0
5927	Fire Resistance Totem		35	35	0	11	4587	0
5928	Sorrow Wing		27	27	2	1	11012	0
5929	Magma Totem		31	31	0	11	4589	0
5930	Sister Riven		28	28	2	7	10875	0
5931	Foreman Rigger		24	24	2	7	4600	0
5932	Taskmaster Whipfang		22	22	2	7	487	0
5933	Achellios the Banished		31	31	4	7	9418	0
5934	Heartrazor		32	32	2	1	11011	0
5935	Ironeye the Invincible		37	37	2	1	2076	0
5936	Orca		61	61	0	1	4591	1
5937	Vile Sting		35	35	2	1	10988	0
5938	Uthan Stillwater	Fisherman	14	14	0	7	4604	1.35
5939	Vira Younghoof	First Aid Trainer	13	13	0	7	4605	1.25
5940	Harn Longcast	Fishing Supplies	9	9	0	7	4608	1.35
5941	Lau'Tiki	Fisherman	14	14	0	7	4609	0
5942	Zansoa	Fishing Supplies	14	14	0	7	4610	0
5943	Rawrk	First Aid Trainer	15	15	0	7	4611	0
5944	Yonada	Tailoring & Leatherworking Supplies	25	25	0	7	4614	1.25
5945	Owl Companion		5	5	1	1	4615	1
5946	Male Dark Assassin		1	1	0	7	4617	1
5947	Female Dark Assassin		1	1	0	7	4618	1
5948	Female Pirate		1	1	0	7	4619	1
5949	Male Pirate		1	1	0	7	4620	1
5950	Flametongue Totem		28	28	0	11	4589	0
5951	Hare		1	1	0	8	1560	0
5952	Den Grunt		55	55	0	7	9794	0
5953	Razor Hill Grunt		28	32	0	7	9798	0
5954	Shade		1	1	0	6	4629	1
5955	Tooga		45	45	0	1	2902	0
5956	Graznab		35	35	0	7	7126	1
5957	Birgitte Cranston	Portal Trainer	45	45	0	7	4665	0
5958	Thuul	Portal Trainer	45	45	0	7	12849	0
5959	World Dwarf Male Warrior Trainer	Warrior Trainer	10	10	0	7	1894	1
5960	World Human Male Rogue Trainer	Rogue Trainer	10	10	0	7	4617	1
5961	World Gnome Male Mage Trainer	Mage Trainer	10	10	0	7	2891	1
5962	World Orc Male Warlock Trainer	Warlock Trainer	10	10	0	7	1394	1
5963	World Tauren Male Druid Trainer	Druid Trainer	10	10	0	7	1678	1
5964	World Undead Male Priest Trainer	Priest Trainer	10	10	0	7	1278	1
5965	World Troll Male Shaman Trainer	Shaman Trainer	10	10	0	7	4609	1
5966	World Night Elf Male Warrior Trainer	Warrior Trainer	10	10	0	7	4408	1
5967	World Dwarf Female Warrior Trainer	Warrior Trainer	10	10	0	7	3069	1
5968	World Human Female Rogue Trainer	Rogue Trainer	10	10	0	7	4618	1
5969	World Gnome Female Mage Trainer	Mage Trainer	10	10	0	7	3562	1
5970	World Orc Female Warlock Trainer	Warlock Trainer	10	10	0	7	4196	1
5971	World Troll Female Shaman Trainer	Shaman Trainer	10	10	0	7	1882	1
5972	World Tauren Female Druid Trainer	Druid Trainer	10	10	0	7	3797	1
5973	World Undead Female Priest Trainer	Priest Trainer	10	10	0	7	2670	1
5974	Dreadmaul Ogre		45	46	0	7	14402	0
5975	Dreadmaul Ogre Mage		46	47	0	7	11542	0
5976	Dreadmaul Brute		46	47	0	7	11584	0
5977	Dreadmaul Mauler		53	54	0	7	14401	0
5978	Dreadmaul Warlock		54	55	0	7	11543	0
5979	Wretched Lost One		45	47	0	7	152	0
5980	Broken One		48	50	0	7	4688	1
5981	Portal Seeker		51	53	0	7	10921	0
5982	Black Slayer		46	48	0	1	10824	1.5
5983	Bonepicker		49	50	0	1	1105	0
5984	Starving Snickerfang		45	46	0	1	8050	0
5985	Snickerfang Hyena		49	50	0	1	2714	0
5986	Rabid Snickerfang		53	54	0	1	2715	1
5987	Scorpok Snapper		46	47	0	1	6069	1
5988	Scorpok Stinger		50	51	0	1	6068	0
5989	Scorpok Lasher		52	53	0	1	6070	1
5990	Redstone Basilisk		47	48	0	1	2743	0
5991	Redstone Crystalhide		51	52	0	1	798	0
5992	Ashmane Boar		48	49	0	1	3026	0
5993	Helboar		52	53	0	3	11410	0
5994	Zayus	High Priest	60	60	0	7	4690	0
5995	Nethergarde Worker		46	47	0	7	6715	1
5996	Nethergarde Miner		47	48	0	7	6719	0
5997	Nethergarde Engineer		47	48	0	7	6711	1.15
5998	Nethergarde Foreman		46	48	0	7	6723	0
5999	Nethergarde Soldier		49	50	0	7	6727	0
6000	Nethergarde Cleric		49	51	0	7	6731	0
6001	Nethergarde Analyst		49	51	0	7	6713	1.15
6002	Nethergarde Riftwatcher		49	51	0	7	6738	0
6003	Nethergarde Officer		50	51	0	7	6752	0
6004	Shadowsworn Cultist		51	52	0	7	7838	0
6005	Shadowsworn Thug		52	53	0	7	6793	0
6006	Shadowsworn Adept		52	53	0	7	6770	0
6007	Shadowsworn Enforcer		53	54	0	7	6787	0
6008	Shadowsworn Warlock		53	54	0	7	6789	0
6009	Shadowsworn Dreadweaver		54	55	0	7	6784	0
6010	Felhound		54	55	0	3	1913	0
6011	Felguard Sentry		54	55	0	3	9017	0
6012	Flametongue Totem II		46	46	0	11	4589	0
6013	Wayward Buzzard		35	37	0	1	1105	0
6014	X'yera	Priest Trainer	50	50	0	7	10473	0
6015	Torta		45	45	0	1	1244	0
6016	Elemental Protection Totem		54	54	0	11	2419	1
6017	Lava Spout Totem		37	37	0	11	1421	0
6018	Ur'kyo	Priest Trainer	40	40	0	7	4711	0
6019	Hornizz Brimbuzzle		30	30	0	7	7127	0
6020	Slimeshell Makrura		18	19	0	7	2835	0
6021	Boar Spirit		19	20	1	1	4716	0
6022	Captain Drakoar		31	31	0	7	4721	1
6023	Kernon Shadowclaw		33	33	0	7	4720	1
6026	Breyk	Wind Rider Master	55	55	1	7	4725	0
6027	Kitha	Demon Trainer	17	17	0	7	4728	0
6028	Burkrum	Heavy Armor Merchant	30	30	0	7	4726	1.35
6030	Thorvald Deepforge		21	21	0	7	4949	0
6031	Tormus Deepforge		30	30	0	7	4950	0
6032	[UNUSED] Sharn	Spirit Healer	45	45	0	7	4311	1
6033	Lake Frenzy		15	16	0	10	7449	0
6034	Lotherias		35	35	0	7	5186	0
6035	Razorfen Stalker		28	29	1	7	6106	0
6036	Guardian of Backus		62	62	0	6	1245	1
6046	[UNUSED] Gozwin Vilesprocket		10	10	0	7	4775	1
6047	Aqua Guardian		22	23	0	4	525	0
6066	Earthgrab Totem		50	50	0	11	2420	0
6067	[UNUSED] Meritt Herrion		10	10	0	7	4785	1
6068	Warug's Bodyguard		35	36	0	7	172	0
6069	Maraudine Khan Guard		39	40	0	7	9436	0
6070	Maraudine Khan Advisor		38	39	0	7	9438	0
6071	Legion Hound		29	30	0	3	7949	0
6072	Diathorus the Seeker		34	34	0	3	348	0
6073	Searing Infernal		29	30	0	3	10905	0
6074	Riding Tiger (White Striped)		1	1	0	1	6080	0
6075	Riding Raptor (Emerald)		1	1	0	1	4806	0
6076	Riding Tallstrider (Ivory)		1	1	0	1	4807	0
6086	Auberdine Sentinel		40	40	0	7	4845	0
6087	Astranaar Sentinel		40	40	0	7	4841	0
6089	Harry Burlguard		50	50	0	7	4996	0
6090	Bartleby	Drunk	10	10	0	7	5000	0
6091	Dellylah	Food & Drink Vendor	9	9	0	7	4861	0
6092	Minor Phantasm		14	14	0	6	4868	1
6093	Dead-Tooth Jack		11	11	0	7	4947	0
6094	Byancie	First Aid Trainer	22	22	0	7	4862	0
6106	Lesser Phantasm		22	22	0	6	4869	1
6107	Phantasm		60	60	0	6	4870	1
6108	Greater Phantasm		38	38	0	6	4629	1
6109	Azuregos		63	63	3	2	11460	0
6110	Fire Nova Totem II		24	24	0	11	4683	0
6111	Fire Nova Totem III		37	37	0	11	4683	0
6112	Windfury Totem		35	35	0	11	4590	0
6113	Vejrek		11	11	0	7	5611	0
6114	Muren Stormpike		50	50	0	7	4995	0
6115	Felguard		29	30	0	3	5048	0
6116	Highborne Apparition		45	46	0	6	10702	0
6117	Highborne Lichling		46	47	0	6	10700	0
6118	Varo'then's Ghost		48	48	4	6	10771	0
6119	Tog Rustsprocket		10	10	0	7	4864	1.15
6120	Lago Blackwrench		30	30	0	7	4865	1.15
6121	Remen Marcot		10	10	0	7	4866	0
6122	Gakin the Darkbinder		50	50	0	7	4867	0
6123	Dark Iron Spy		9	10	0	7	4956	0
6124	Captain Beld	Dark Iron Captain	11	11	0	7	4957	0
6125	Haldarr Satyr		45	46	0	3	11331	0
6126	Haldarr Trickster		45	47	0	3	11332	0
6127	Haldarr Felsworn		46	47	0	3	2020	0
6128	Vorlus Vilehoof		10	10	0	3	2015	0
6129	Draconic Magelord		53	54	1	2	6762	0
6130	Blue Scalebane		52	53	1	2	6760	0
6131	Draconic Mageweaver		51	52	1	2	6761	0
6132	Razorfen Servitor		23	24	1	7	1343	0
6133	Shade of Elura		11	11	0	6	4958	0
6134	Lord Arkkoroc		60	60	1	5	170	0
6135	Arkkoran Clacker		53	54	0	7	2599	0
6136	Arkkoran Muckdweller		53	54	0	7	5025	0
6137	Arkkoran Pincer		54	55	0	7	1817	0
6138	Arkkoran Oracle		54	55	0	7	11293	0
6139	Highperch Soarer		28	29	0	1	2297	0
6140	Hetaera		55	55	1	10	4872	0
6141	Pridewing Soarer		21	22	0	1	2155	0
6142	Mathiel		33	33	0	7	5083	0
6143	Servant of Arkkoroc		53	54	1	5	12812	0
6144	Son of Arkkoroc		54	55	1	5	4945	0
6145	School of Fish		1	1	0	8	4878	0
6146	Cliff Breaker		54	55	1	5	1918	0
6147	Cliff Thunderer		53	54	1	5	12814	0
6148	Cliff Walker		52	53	1	5	12813	0
6166	Yorus Barleybrew		24	24	0	7	4944	0
6167	Chimaera Matriarch		28	28	0	1	12682	0
6168	Roogug		28	28	1	7	6110	0
6169	Klockmort Spannerspan		43	45	0	7	4999	1.15
6170	Gutspill		32	32	0	7	203	0
6171	Duthorian Rall		60	60	0	7	4885	0
6172	Henze Faulk		10	10	0	7	4886	0
6173	Gazin Tenorm		9	9	0	7	4887	0
6174	Stephanie Turner		5	5	0	7	4888	0
6175	John Turner		8	8	0	7	4889	0
6176	Bath'rah the Windwatcher		35	35	0	7	4954	0
6177	Narm Faulk		8	8	0	7	4890	0
6178	Muiredon Battleforge		10	10	0	7	4891	0
6179	Tiza Battleforge		60	60	0	7	4892	0
6180	Defias Raider		17	18	0	7	4908	0
6181	Jordan Stilwell		30	30	0	7	4893	0
6182	Daphne Stilwell		20	20	0	7	4894	0
6183	[UNUSED] Briton Kilras		30	30	0	7	5167	1
6184	Timbermaw Pathfinder		46	47	0	7	936	0
6185	Timbermaw Warrior		47	48	0	7	6825	0
6186	Timbermaw Totemic		48	49	0	7	1999	0
6187	Timbermaw Den Watcher		49	50	0	7	6826	0
6188	Timbermaw Shaman		50	51	0	7	2000	0
6189	Timbermaw Ursa		51	52	0	7	6746	0
6190	Spitelash Warrior		46	47	0	7	6747	0
6193	Spitelash Screamer		47	48	0	7	6749	0
6194	Spitelash Serpent Guard		48	49	0	7	6748	0
6195	Spitelash Siren		51	52	0	7	11266	0
6196	Spitelash Myrmidon		50	51	0	7	11265	0
6197	Spitelash Sorceress		49	50	0	7	6750	1
6198	Blood Elf Surveyor		51	52	0	7	7922	0
6199	Blood Elf Reclaimer		52	53	0	7	7923	0
6200	Legashi Satyr		51	52	0	3	2878	0
6201	Legashi Rogue		51	53	0	3	6743	0
6202	Legashi Hellcaller		52	53	0	3	11338	0
6206	Caverndeep Burrower		25	27	1	7	830	0
6207	Caverndeep Ambusher		25	27	0	7	764	0
6208	Caverndeep Invader		25	26	1	7	4905	0
6209	Caverndeep Looter		26	26	1	7	830	0
6210	Caverndeep Pillager		24	25	1	7	726	0
6211	Caverndeep Reaver		27	28	1	7	10285	0
6212	Dark Iron Agent		32	33	1	7	3456	0
6213	Irradiated Invader		24	26	1	7	990	0
6214	Irradiated Burrower		27	27	1	7	6528	1
6215	Chomper		30	30	1	1	4906	1
6218	Irradiated Slime		27	28	1	10	358	0
6219	Corrosive Lurker		28	29	1	10	11137	0
6220	Irradiated Horror		28	29	1	4	4907	0
6221	Addled Leper		24	25	0	7	6920	1.15
6222	Leprous Technician		29	30	0	7	6932	1.15
6223	Leprous Defender		28	29	1	7	6982	1.26
6224	Leprous Machinesmith		29	30	0	7	6936	1.15
6225	Mechano-Tank		29	30	1	9	5926	0
6226	Mechano-Flamewalker		30	31	1	9	6890	0
6227	Mechano-Frostwalker		31	32	1	9	6891	0
6228	Dark Iron Ambassador		33	33	2	7	6669	0
6229	Crowd Pummeler 9-60		32	32	1	9	6774	2
6230	Peacekeeper Security Suit		30	31	1	9	8369	0
6231	Techbot		26	26	1	9	7288	0
6232	Arcane Nullifier X-21		32	33	1	9	6889	0
6233	Mechanized Sentry		28	29	1	9	6978	0
6234	Mechanized Guardian		31	32	1	9	6979	0
6235	Electrocutioner 6000		32	32	1	9	6915	0
6236	Klannoc Macleod	The Islander	60	60	0	7	4955	0
6237	Stockade Archer		45	45	0	7	2989	0
6238	Big Will		33	33	0	7	4961	0
6239	Cyclonian		40	40	1	4	5187	0
6240	Affray Challenger		26	27	0	7	4968	0
6241	Bailor Stonehand		20	20	0	7	4911	0
6242	World Skinning Trainer	Skinning Trainer	10	10	0	7	2575	1
6243	Gelihast		26	26	1	7	1773	0
6244	Takar the Seer		45	45	0	7	4928	0
6245	Anathera		19	19	0	7	4929	0
6246	Latherion		19	19	0	7	4930	0
6247	Doan Karhan		40	40	0	7	4931	0
6248	Twiggy Flathead	The Announcer	35	35	0	7	7242	0
6249	Affray Spectator		22	43	0	7	4962	0
6250	Crawler		11	12	0	1	641	0
6251	Strahad Farsan		60	60	0	7	4940	0
6252	Acolyte Magaz		20	20	0	7	4941	0
6253	Acolyte Fenrick		20	20	0	7	4942	0
6254	Acolyte Wytula		20	20	0	7	4943	0
6266	Menara Voidrender		50	50	0	7	4948	0
6267	Acolyte Porena		20	20	0	7	4951	0
6268	Summoned Felhunter		30	30	0	3	1913	1
6269	Azgalaril		10	10	0	3	1132	1
6270	Asjorah		20	20	0	3	10923	1
6271	Mouse		1	1	0	8	4959	0
6272	Innkeeper Janene	Innkeeper	30	30	0	7	5429	0
6286	Zarrin	Cook	13	13	0	7	4989	0
6287	Radnaal Maneweaver	Skinner	19	19	0	7	4990	0
6288	Jayla	Skinner	23	23	0	7	4991	0
6289	Rand Rhobart	Skinner	13	13	0	7	4993	0
6290	Yonn Deepcut	Skinner	8	8	0	7	4992	1.35
6291	Balthus Stoneflayer	Skinning Trainer	35	35	0	7	4986	0
6292	Eladriel	Skinning Trainer	35	35	0	7	4985	0
6293	Jorah Annison		20	20	0	7	4987	0
6294	Krom Stoutarm		20	20	0	7	4988	0
6295	Wilma Ranthal	Skinning Trainer	29	29	0	7	4994	0
6296	Flame Elemental		17	18	0	4	1070	1
6297	Kurdram Stonehammer	Mining Trainer	35	35	0	7	5019	0
6298	Thelgrum Stonehammer	Mining Supplier	30	30	0	7	5020	0
6299	Delfrum Flintbeard	Journeyman Blacksmith	25	25	0	7	5021	0
6300	Elisa Steelhand	Blacksmithing Supplies	30	30	0	7	5022	0
6301	Gorbold Steelhand	General Trade Supplier	30	30	0	7	5023	0
6306	Helene Peltskinner	Skinner	12	12	0	7	5365	0
6326	Horde Wargryphoner	Wargryphon Master	45	45	0	7	240	1
6327	Alliance Wargryphoner	Wargryphon Master	45	45	0	7	3011	1
6328	Dannie Fizzwizzle	Demon Trainer	14	14	0	7	5042	1.15
6329	Irradiated Pillager		25	26	1	7	976	0
6346	Skeletal Horse		1	1	0	6	5050	1
6347	Young Wavethrasher		51	52	0	10	10900	0
6348	Wavethrasher		52	53	0	10	10899	0
6349	Great Wavethrasher		53	54	0	10	10897	0
6350	Makrinni Razorclaw		54	55	0	7	1247	0
6351	Storm Bay Oracle		54	55	0	7	386	0
6352	Coralshell Lurker		53	54	0	1	10947	0
6366	Kurzen Mindslave		44	44	0	7	5065	0
6367	Donni Anthania	Crazy Cat Lady	5	5	0	7	5086	0
6368	Cat		1	1	0	8	5585	0
6369	Coralshell Tortoise		50	52	0	1	2308	0
6370	Makrinni Scrabbler		52	53	0	7	10922	0
6371	Storm Bay Warrior		51	52	0	7	506	0
6372	Makrinni Snapclaw		50	51	0	7	2600	0
6373	Dane Winslow	Demon Trainer	8	8	0	7	5087	0
6374	Cylina Darkheart	Demon Trainer	11	11	0	7	5092	0
6375	Thunderhead Hippogryph		46	48	0	1	6757	0
6376	Wren Darkspring	Demon Trainer	5	5	0	7	5093	1.15
6377	Thunderhead Stagwing		48	50	0	1	10894	0
6378	Thunderhead Skystormer		50	52	0	1	10893	0
6379	Thunderhead Patriarch		52	54	0	1	10892	0
6380	Thunderhead Consort		52	54	0	1	10891	0
6382	Jubahl Corpseseeker	Demon Trainer	60	60	0	7	5085	0
6386	Ward of Zanzil		46	46	0	9	2418	0
6387	Dranh	Skinner	15	15	0	7	5108	1.35
6388	Zanzil Skeleton		45	45	0	6	200	0
6389	Deathguard Podrig		25	25	0	7	5345	0
6390	Ulag the Cleaver		11	11	0	7	5447	0
6391	Holdout Warrior		29	30	1	7	6610	1.15
6392	Holdout Medic		29	30	1	7	6608	1.15
6393	Henen Ragetotem		62	62	0	7	5371	1.25
6394	Ruga Ragetotem		30	30	0	7	5373	1.35
6395	Sergeant Rutger	Sergeant	62	62	0	7	5576	0
6407	Holdout Technician		29	30	1	7	6628	1.15
6408	Ula'elek		35	35	0	7	5370	0
6410	Orm Stonehoof		45	45	0	7	5372	1.35
6411	Velora Nitely		45	45	0	7	5235	0
6412	Skeleton		24	25	0	6	158	0
6426	Anguished Dead		31	33	1	6	10255	0
6427	Haunting Phantasm		32	33	1	6	4629	0
6446	Therzok		20	20	0	7	5190	0
6466	Gamon		12	12	0	7	5205	1.35
6467	Mennet Carkad		30	30	0	7	5206	0
6486	Riding Skeletal Horse (Black)		1	1	0	6	5228	0
6487	Arcanist Doan		37	37	1	7	5266	0
6488	Fallen Champion		33	33	2	6	5230	0
6489	Ironspine		33	33	2	6	5231	0
6490	Azshir the Sleepless		33	33	2	6	5534	0
6491	Spirit Healer		60	60	0	7	5233	0
6492	Rift Spawn		16	17	0	4	14273	0
6493	Illusionary Phantasm		32	33	1	6	146	0
6494	Tazan		13	13	0	7	5236	0
6495	Riznek	Drink Vendor	35	35	0	7	7195	0
6496	Brivelthwerp	Ice Cream Vendor	35	35	0	7	5451	1.15
6497	Astor Hadren		13	13	0	7	5237	0
6498	Devilsaur		54	55	1	1	5239	0
6499	Ironhide Devilsaur		54	56	1	1	5238	0
6500	Tyrant Devilsaur		54	55	1	1	5240	0
6501	Stegodon		52	53	1	1	5241	0
6502	Plated Stegodon		52	54	1	1	5287	0
6503	Spiked Stegodon		53	54	1	1	5288	0
6504	Thunderstomp Stegodon		54	55	1	1	5289	0
6505	Ravasaur		48	49	0	1	5242	0
6506	Ravasaur Runner		49	50	0	1	5290	0
6507	Ravasaur Hunter		49	50	0	1	5292	0
6508	Venomhide Ravasaur		50	51	0	1	5291	0
6509	Bloodpetal Lasher		48	49	0	10	11634	0
6510	Bloodpetal Flayer		51	52	0	10	11635	0
6511	Bloodpetal Thresher		49	50	0	10	11633	0
6512	Bloodpetal Trapper		52	53	0	10	11636	0
6513	Un'Goro Stomper		51	52	0	1	5294	0
6514	Un'Goro Gorilla		50	51	0	1	844	0
6516	Un'Goro Thunderer		52	53	0	1	5244	0
6517	Tar Beast		50	51	0	4	1549	0
6518	Tar Lurker		52	54	0	4	9010	0
6519	Tar Lord		53	54	0	4	480	0
6520	Scorching Elemental		53	54	0	4	1070	0
6521	Living Blaze		54	55	0	4	5488	0
6522	Andron Gant		15	15	0	7	5346	0
6523	Dark Iron Rifleman		27	28	1	7	825	0
6526	GOSSIP TEST DUDE		0	0	0	7	1600	1
6527	Tar Creeper		51	52	0	4	3018	0
6546	Tabetha		62	62	0	7	5375	0
6547	Suffering Victim		25	25	0	7	1027	0
6548	Magus Tirth		51	51	0	7	5374	0
6549	Demon of the Orb		40	40	1	3	5048	0
6550	Mana Surge		40	40	0	4	14252	0
6551	Gorishi Wasp		51	52	0	10	11090	0
6552	Gorishi Worker		51	52	0	10	11091	0
6553	Gorishi Reaver		51	53	0	10	11087	0
6554	Gorishi Stinger		52	53	0	10	11088	0
6555	Gorishi Tunneler		52	53	0	10	11089	0
6556	Muculent Ooze		48	50	0	10	11140	0
6557	Primal Ooze		50	52	0	10	4754	0
6559	Glutinous Ooze		52	54	0	10	1146	0
6560	Stone Guardian		60	61	1	4	8395	0
6561	Stone Warden		60	61	1	4	7617	1
6566	Estelle Gendry		25	25	0	7	10732	0
6567	Ghok'kah	Tailoring Supplies	43	43	0	7	5368	0
6568	Vizzklick	Tailoring Supplies	50	50	0	7	7216	0
6569	Gnoarn		20	20	0	7	5377	1.15
6570	Fenwick Thatros		16	16	0	7	10834	0
6571	Cat Form (Night Elf Druid)		1	1	0	1	892	1
6572	Cat Form (Tauren Druid)		1	1	0	1	1058	1
6573	Travel Form (Druid)		1	1	0	1	918	0
6574	Jun'ha	Tailoring Supplies	31	31	0	7	5367	0
6575	Scarlet Trainee		30	30	0	7	2467	0
6576	Brienna Starglow	Tailoring Supplies	40	40	0	7	5366	0
6577	Bingles Blastenheimer		16	16	0	7	5376	1.15
6578	Peasant (Wood)		1	2	0	7	89	1
6579	Shoni the Shilent		17	17	0	7	5378	1.15
6581	Ravasaur Matriarch		50	50	4	1	11319	0
6582	Clutchmother Zavas		54	54	4	10	11084	0
6583	Gruff		57	57	2	1	10932	0
6584	King Mosh		60	60	2	1	5305	0
6585	Uhk'loc		52	53	4	1	8129	0
6586	Rokar Bladeshadow		35	35	0	7	5307	0
6606	Overseer Glibby		16	16	0	7	7047	0
6607	Harroc		5	5	0	7	9213	0
6626	"Plucky" Johnson		1	1	0	7	5369	0
6646	Monnos the Elder		54	54	2	5	10042	0
6647	Magister Hawkhelm		51	52	4	7	2240	0
6648	Antilos		50	50	4	1	3212	0
6649	Lady Sesspira		51	51	4	7	11261	0
6650	General Fangferror		51	51	4	7	11257	0
6651	Gatekeeper Rageroar		49	50	4	7	1012	0
6652	Master Feardred		51	52	4	3	2687	0
6653	Huge Toad		1	1	0	8	5379	0
6666	"Plucky" Johnson's Human Form		1	1	0	7	6194	1
6667	Gelkak Gyromast		18	18	0	7	5485	1.15
6668	Lord Cyrik Blackforge		23	23	0	7	5385	0
6669	The Threshwackonator 4100	The First Mate	20	20	1	9	5386	0
6670	Westfall Woodworker		5	5	0	7	3264	0
6687	Druid 40 (faster)!		40	40	0	7	467	1
6688	Druid 40 (fastest!)		40	40	0	7	467	1
6706	Baritanas Skyriver	Hippogryph Master	55	55	1	7	11479	0
6707	Fahrad	Grand Master Rogue	60	60	0	7	5528	0
6726	Thalon	Wind Rider Master	55	55	1	7	5406	1.3
6727	Innkeeper Brianna	Innkeeper	30	30	0	7	5407	0
6728	Narnie		1	1	0	1	5448	0
6729	Morridune		27	27	0	7	5465	0
6730	Jinky Twizzlefixxit	Engineering Supplies	30	30	0	7	5425	1.15
6731	Harlown Darkweave	Leatherworking Supplies	27	27	0	7	10980	0
6732	Amie Pierce		30	30	0	7	8632	0
6733	Stonevault Basher		39	40	1	7	721	0
6734	Innkeeper Hearthstove	Innkeeper	30	30	0	7	5434	0
6735	Innkeeper Saelienne	Innkeeper	30	30	0	7	5439	0
6736	Innkeeper Keldamyr	Innkeeper	30	30	0	7	5440	0
6737	Innkeeper Shaussiy	Innkeeper	30	30	0	7	5441	0
6738	Innkeeper Kimlya	Innkeeper	30	30	0	7	5442	0
6739	Innkeeper Bates	Innkeeper	30	30	0	7	7633	0
6740	Innkeeper Allison	Innkeeper	30	30	0	7	5444	0
6741	Innkeeper Norman	Innkeeper	30	30	0	7	5449	0
6746	Innkeeper Pala	Innkeeper	30	30	0	7	5487	1.25
6747	Innkeeper Kauth	Innkeeper	30	30	0	7	5486	1.35
6748	Water Spirit		19	19	0	4	525	0
6749	Erma	Stable Master	30	30	0	7	9257	0
6766	Ravenholdt Guard	Assassin's League	50	50	0	7	6573	0
6767	Garona	Grand Master of the Assassin's League	60	60	1	7	6999	1
6768	Lord Jorach Ravenholdt	Lord of the Assassin's League	60	60	0	7	6572	0
6769	[UNUSED] Ravenholdt Falconer	Assassin's League	50	50	0	7	2582	1
6770	[UNUSED] Ravenholdt Houndmaster	Assassin's League	50	50	0	7	2582	1
6771	Ravenholdt Assassin	Assassin's League	50	50	0	7	5907	0
6772	Attack Hound		45	45	0	1	784	1
6773	Shadowhawk		45	45	0	1	5505	1
6774	Falkhaan Isenstrider		10	10	0	7	5526	0
6775	Antur Fallow		3	3	0	7	5506	1.25
6776	Magrin Rivermane		6	6	0	7	5507	1.35
6777	Zan Shivsproket	Speciality Engineer	60	60	0	7	7004	0
6778	Melika Isenstrider	Assistant Innkeeper	11	11	0	7	5527	0
6779	Smudge Thunderwood	Poison Vendor	45	45	0	7	5529	0
6780	Porthannius		7	7	0	7	5748	0
6781	Melarith		10	10	0	7	5749	0
6782	Hands Springsprocket		10	10	0	7	9211	1.15
6783	[UNUSED] Lorek Belm		10	10	0	7	2584	1
6784	Calvin Montague		5	5	0	7	5509	0
6785	Ratslin Maime		7	7	0	7	5508	0
6786	Ukor		4	4	0	7	5729	0
6787	Yelnagi Blackarm		16	16	0	7	5730	0
6788	Den Mother		18	19	0	1	1007	0
6789	Thistle Cub		9	10	0	1	5510	0
6790	Innkeeper Trelayne	Innkeeper	30	30	0	7	8191	0
6791	Innkeeper Wiley	Innkeeper	35	35	0	7	7153	0
6806	Tannok Frosthammer	Innkeeper Assistant	10	10	0	7	5525	0
6807	Innkeeper Skindle	Innkeeper	46	46	0	7	7105	0
6826	Talvash del Kissel		50	50	0	7	5647	1.09
6827	Crab		1	1	0	8	5557	1
6846	Defias Dockmaster		10	10	0	7	7849	0
6866	Defias Bodyguard		10	10	0	7	2340	0
6867	Tracking Hound		30	30	0	1	2709	0
6868	Jarkal Mossmeld		35	35	0	7	5646	0
6886	Onin MacHammar		12	12	0	7	5648	0
6887	Yalda		50	55	0	7	5745	0
6906	Baelog		41	41	1	7	5710	0
6907	Eric "The Swift"		40	40	1	7	5708	0
6908	Olaf		40	40	1	7	5709	0
6909	Sethir the Ancient		12	12	0	7	11339	0
6910	Revelosh		40	40	1	7	5945	0
6911	Minion of Sethir		8	10	0	7	2013	0
6912	Remains of a Paladin		35	35	0	7	5711	0
6913	Lost One Rift Traveler		25	25	0	7	5685	0
6926	Test Satyr		13	13	0	7	2687	1
6927	Defias Dockworker		8	9	0	7	2357	0
6928	Innkeeper Grosk	Innkeeper	30	30	0	7	5705	0
6929	Innkeeper Gryshka	Innkeeper	30	30	0	7	5706	0
6930	Innkeeper Karakul	Innkeeper	30	30	0	7	5707	0
6931	Respawn Test Mob	Free Bug 001	1	1	0	7	1693	1
6932	Swamp Spirit		40	40	0	4	5712	1
6946	Renzik "The Shiv"	SI:7 Operative	40	40	0	7	7613	0
6966	Lucius		20	20	0	7	5752	0
6986	Dran Droffers	Droffers and Son Salvage	45	45	0	7	5769	0
6987	Malton Droffers	Droffers and Son Salvage	40	40	0	7	5770	0
7006	Blackrock Assassin		18	18	0	7	6032	1
7007	Tiev Mordune		22	22	0	7	5767	0
7008	Blackrock Reaver		20	20	0	7	6036	1
7009	Arantir	The Hand of Chaos	45	45	1	7	5768	0
7010	Zilzibin Drumlore		35	35	0	7	6839	0
7011	Earthen Rocksmasher		42	43	0	7	6010	0
7012	Earthen Sculptor		42	43	0	7	6009	0
7013	Blackrock Rampager		17	18	0	7	6035	1
7014	Commander Kartak Dwarfdefiler		30	30	0	7	553	1
7015	Flagglemurk the Cruel		16	16	4	7	1305	0
7016	Lady Vespira		22	22	4	7	4982	0
7017	Lord Sinslayer		15	16	4	7	4762	0
7022	Venomlash Scorpid		39	40	1	1	2488	0
7023	Obsidian Sentinel		42	42	1	9	5285	0
7024	Agent Kearnen		22	22	0	7	5783	0
7025	Blackrock Soldier		55	56	0	7	6045	0
7026	Blackrock Sorcerer		55	56	0	7	6046	0
7027	Blackrock Slayer		56	57	0	7	6047	0
7028	Blackrock Warlock		56	57	0	7	6048	0
7029	Blackrock Battlemaster		57	58	0	7	6049	0
7030	Shadowforge Geologist		40	41	1	7	6056	0
7031	Obsidian Elemental		51	53	0	4	2075	0
7032	Greater Obsidian Elemental		55	57	0	4	5781	0
7033	Firegut Ogre		50	51	0	7	11549	0
7034	Firegut Ogre Mage		51	52	0	7	11550	0
7035	Firegut Brute		52	53	0	7	10707	0
7036	Thaurissan Spy		53	54	0	7	6649	0
7037	Thaurissan Firewalker		53	55	0	7	8170	0
7038	Thaurissan Agent		54	55	0	7	6668	0
7039	War Reaver		53	55	0	4	10806	0
7040	Black Dragonspawn		52	53	1	2	143	0
7041	Black Wyrmkin		53	54	1	2	8249	0
7042	Flamescale Dragonspawn		56	57	1	2	2554	0
7043	Flamescale Wyrmkin		57	58	1	2	8309	0
7044	Black Drake		50	52	1	2	6374	0
7045	Scalding Drake		53	55	1	2	9585	0
7046	Searscale Drake		56	58	1	2	6377	0
7047	Black Broodling		51	52	0	2	397	0
7048	Scalding Broodling		53	54	0	2	400	0
7049	Flamescale Broodling		55	56	0	2	457	0
7050	Defias Drone		22	22	0	6	5812	0
7051	Malformed Defias Drone		23	23	0	7	5813	0
7052	Defias Tower Patroller		23	23	0	7	5811	0
7053	Klaven Mortwake		23	23	1	7	5805	0
7055	Blackrock Worg		54	55	0	1	741	0
7056	Defias Tower Sentry		24	24	0	7	5806	0
7057	Digmaster Shovelphlange		38	38	2	7	7220	0
7067	Venture Co. Drone		22	22	0	6	5832	0
7068	Condemned Acolyte		57	58	1	6	5828	0
7069	Condemned Monk		58	59	1	6	5822	0
7070	Condemned Cleric		59	60	1	6	5824	0
7071	Cursed Paladin		57	58	1	6	5816	0
7072	Cursed Justicar		59	60	1	6	5820	0
7073	Arados the Damned		35	35	0	6	5831	1
7074	Judge Thelgram		34	34	0	6	5830	1
7075	Writhing Mage		58	59	1	6	5814	0
7076	Earthen Guardian		44	45	0	7	6026	0
7077	Earthen Hallshaper		44	45	0	7	6025	0
7078	Cleft Scorpid		35	36	0	1	5985	0.87
7079	Viscous Fallout		30	30	1	4	5497	3
7086	Cursed Ooze		49	50	0	10	11137	0
7087	Killian Hagey	Skinning Trainer	35	35	0	7	5845	0
7088	Thuwd	Skinning Trainer	35	35	0	7	5846	0
7089	Mooranta	Skinning Trainer	35	35	0	7	5847	1.25
7091	Shadowforge Ambusher		43	44	0	7	5991	0
7092	Tainted Ooze		51	52	0	10	11141	0
7093	Vile Ooze		53	53	0	10	1306	0
7094	Crazed Stag		1	1	0	1	2161	1
7095	Maddened Stag		1	1	0	1	2161	1
7096	Corrupt Courser		1	1	0	1	2161	1
7097	Ironbeak Owl		48	49	0	1	4877	0
7098	Ironbeak Screecher		52	53	0	1	10831	0
7099	Ironbeak Hunter		50	51	0	1	10829	0
7100	Warpwood Moss Flayer		52	53	0	4	8389	0
7101	Warpwood Shredder		53	54	0	4	2832	0
7104	Dessecus		56	56	2	4	9013	0
7105	Jadefire Satyr		49	50	0	3	2019	0
7106	Jadefire Rogue		50	51	0	3	8575	0
7107	Jadefire Trickster		52	53	0	3	11337	0
7108	Jadefire Betrayer		52	53	0	3	11333	0
7109	Jadefire Felsworn		50	51	0	3	11334	0
7110	Jadefire Shadowstalker		51	52	0	3	11336	0
7111	Jadefire Hellcaller		53	54	0	3	11335	0
7112	Jaedenar Cultist		51	52	0	7	6389	0
7113	Jaedenar Guardian		50	51	0	7	6399	0
7114	Jaedenar Enforcer		52	53	0	7	6397	0
7115	Jaedenar Adept		51	52	0	7	6390	0
7116	Jaedenar Dreadweaver		1	1	0	7	6395	1
7117	Jaedenar Instigator		1	1	0	7	6403	1
7118	Jaedenar Darkweaver		53	54	0	7	6393	0
7119	Jaedenar Summoner		1	1	0	7	6401	1
7120	Jaedenar Warlock		53	54	0	7	6405	0
7121	Jaedenar Arch Warlock		1	1	0	7	11278	1
7122	Shadow Council Champion		1	1	0	7	6407	1
7123	Shadow Council Master		1	1	0	7	6410	1
7124	Shadow Council Highlord		1	1	0	7	6409	1
7125	Jaedenar Hound		50	51	0	3	6172	0
7126	Jaedenar Hunter		52	53	0	3	6173	0
7127	Jaedenar Stalker		1	1	0	3	1913	1
7128	Jaedenar Mana Leech		1	1	0	3	1913	1
7129	Enslaved Voidwalker		1	1	0	3	1130	1
7130	Voidwalker Servant		1	1	0	3	1130	1
7131	Voidwalker Guardian		1	1	0	3	1130	1
7132	Toxic Horror		53	54	0	4	5498	0
7133	Noxious Horror		1	1	0	4	5498	1
7134	Poison Flayer		1	1	0	4	5987	1
7135	Infernal Bodyguard		53	54	1	3	12817	0
7136	Infernal Sentry		52	53	1	3	4200	0
7137	Immolatus		56	56	2	3	7029	0
7138	Irontree Wanderer		52	53	0	4	2078	0
7139	Irontree Stomper		52	53	0	4	6351	0
7143	Decaying Treant		51	52	0	4	5849	1
7144	Withered Treant		53	54	0	4	10621	1
7146	Treant Protector		55	56	0	4	2077	1
7149	Withered Protector		55	56	0	4	12929	0
7150	Withered Guardian		1	1	0	4	5850	1
7151	Withered Watcher		1	1	0	4	5850	1
7152	Withered Forest Walker		1	1	0	4	5850	1
7153	Deadwood Warrior		48	49	0	7	2000	0
7154	Deadwood Gardener		48	49	0	7	3028	0
7155	Deadwood Pathfinder		49	50	0	7	2000	0
7156	Deadwood Den Watcher		53	54	0	7	6825	0
7157	Deadwood Avenger		54	55	0	7	2003	0
7158	Deadwood Shaman		53	54	0	7	6746	0
7161	Wrenix the Wretched		20	20	0	7	7154	0
7166	Wrenix's Gizmotronic Apparatus		20	20	0	9	1097	0
7167	Polly		50	50	0	1	5865	1
7168	 Polly		18	18	0	1	5866	0.5
7170	Thragomm	Horde Runner	19	21	1	7	3443	0
7172	Lore Keeper of Norgannon		60	60	0	5	6589	0
7173	World Weaponsmithing Trainer	Weaponsmith Trainer	10	10	0	7	2575	1
7174	World Armorsmithing Trainer	Armorsmithing Trainer	10	10	0	7	2575	1
7175	Stonevault Ambusher		35	35	0	7	763	0
7186	A		1	1	0	8	169	1
7206	Ancient Stone Keeper		44	44	1	4	10798	0
7207	Doc Mixilpixil		45	45	0	7	6446	1.15
7208	Noarm		25	25	0	8	134	0
7209	Obsidian Shard		35	35	0	9	3731	0
7226	Sand Storm		44	44	0	4	11686	0
7227	Cobaltine Dragonspawn		48	49	1	2	196	1
7228	Ironaya		40	40	1	5	6089	0
7229	Arantir's Shadow		55	55	1	7	6301	1
7230	Shayis Steelfury	Armor Crafter	60	60	0	7	6005	0
7231	Kelgruk Bloodaxe	Weapon Crafter	60	60	0	7	6006	0
7232	Borgus Steelhand	Weapon Crafter	60	60	0	7	6007	0
7233	Taskmaster Fizzule		30	30	1	7	5986	0
7234	Ferocitas the Dream Eater		8	8	0	7	1996	0
7235	Gnarlpine Mystic		6	7	0	7	6804	0
7236	Test Anubisath	I am a test, don't bug me	62	62	0	10	5965	1
7246	Sandfury Shadowhunter		45	46	1	7	6425	0
7247	Sandfury Soul Eater		45	46	1	7	6427	1
7266	Ember		30	30	0	4	6537	1
7267	Chief Ukorz Sandscalp		48	48	1	7	6439	0
7268	Sandfury Guardian		45	46	1	1	4305	0
7269	Scarab		44	46	0	1	7470	0
7270	Sandfury Zombie		44	45	1	6	6429	1
7271	Witch Doctor Zum'rah		46	46	1	7	6434	0
7272	Theka the Martyr		45	46	1	6	6696	0
7273	Gahz'rilla		46	46	1	10	7271	3
7274	Sandfury Executioner		46	46	1	7	6440	0
7275	Shadowpriest Sezz'ziz		47	47	1	7	6441	0
7276	Zul'Farrak Dead Hero		45	46	0	6	6436	0
7286	Zul'Farrak Zombie		43	44	1	6	6417	0
7287	Foreman Silixiz		22	22	0	7	7056	0
7288	Grand Foreman Puzik Gallywix		23	23	1	7	7055	0
7290	Shadowforge Sharpshooter		43	44	1	7	6057	0
7291	Galgann Firehammer		45	45	1	7	6059	0
7292	Dinita Stonemantle	Vault Administrator	55	55	0	7	6588	0
7293	[UNUSED] Drayl		35	35	0	7	6066	1.35
7294	Shim'la		35	35	0	7	6064	0
7295	Shailiea		35	35	0	7	6061	0
7296	Corand		35	35	0	7	6063	0
7297	Gothard Winslow		35	35	0	7	6065	0
7298	Demnul Farmountain		45	45	0	7	6062	0
7307	Venture Co. Lookout		23	23	0	7	7235	0
7308	Venture Co. Patroller		22	22	0	7	7239	0
7309	Earthen Custodian		44	45	0	7	6025	0
7310	Mutated Venture Co. Drone		25	25	0	6	5832	0
7311	Uthel'nay	Mage Trainer	40	40	0	7	6060	0
7312	Dink	Mage Trainer	40	40	0	7	6072	1.15
7313	Priestess A'moora		20	20	0	7	6348	0
7314	Test BattleMaster	Battle Master	30	30	0	7	1438	1
7315	Darnath Bladesinger	Warrior Trainer	55	55	0	7	6071	0
7316	Sister Aquinne	Novice Priestess	15	15	0	7	6349	0
7317	Oben Rageclaw		40	40	0	7	6230	0
7318	Rageclaw		10	10	0	7	6231	0
7319	Lady Sathrah		12	12	0	1	6214	0
7320	Stonevault Mauler		44	45	1	7	11166	0
7321	Stonevault Flameweaver		44	45	1	7	160	0
7322	Riding Tiger (Black)		1	1	0	1	9991	0
7323	Winstone Wolfe	The Wolf	52	52	0	7	7011	0
7324	Simone Cantrell	Landscape Architect	45	45	0	7	6797	0
7325	Master Kang		62	62	0	7	6575	0
7327	Withered Warrior		34	35	1	6	11386	0
7328	Withered Reaver		35	36	1	6	11384	0
7329	Withered Quilguard		35	36	1	6	11383	0
7332	Withered Spearhide		34	35	1	6	11385	0
7333	Withered Battle Boar		34	34	0	6	6121	0
7334	Battle Boar Horror		37	37	0	6	6122	0
7335	Death's Head Geomancer		35	36	1	7	6100	0
7337	Death's Head Necromancer		36	37	1	7	11381	0
7340	Skeletal Shadowcaster		36	36	0	6	9786	0
7341	Skeletal Frostweaver		37	38	1	6	9783	0
7342	Skeletal Summoner		39	40	1	6	1245	0
7343	Splinterbone Skeleton		35	35	0	6	7550	0
7344	Splinterbone Warrior		37	38	0	6	5231	0
7345	Splinterbone Captain		39	40	1	6	7847	0
7346	Splinterbone Centurion		38	39	0	6	7848	0
7347	Boneflayer Ghoul		38	39	1	6	1065	0
7348	Thorn Eater Ghoul		37	38	1	6	1065	0
7349	Tomb Fiend		35	35	0	6	6842	0
7351	Tomb Reaver		37	37	1	6	3004	0
7352	Frozen Soul		37	38	1	6	146	0
7353	Freezing Spirit		39	40	1	6	146	0
7354	Ragglesnout		40	40	1	7	11382	0
7355	Tuten'kash		40	40	1	6	7845	0
7356	Plaguemaw the Rotting		40	40	1	7	6124	0
7357	Mordresh Fire Eye		39	39	1	6	8055	0
7358	Amnennar the Coldbringer		41	41	1	6	7971	0
7360	Dun Garok Soldier		28	29	0	7	6127	0
7361	Grubbis		32	32	1	7	6533	0
7363	Kum'isha the Collector		60	60	0	7	11653	0
7364	Flawless Draenethyst Sphere		60	60	0	4	6148	0
7365	Flawless Draenethyst Fragment		40	40	0	4	1825	0
7366	Stoneskin Totem IV		38	38	0	11	4588	0
7367	Stoneskin Totem V		45	45	0	11	4588	0
7368	Stoneskin Totem VI		54	54	0	11	4588	0
7369	Deadwind Brute		55	56	0	7	11533	0
7370	Restless Shade		58	60	0	6	4870	0
7371	Deadwind Mauler		56	57	0	7	11536	0
7372	Deadwind Warlock		57	58	0	7	11538	0
7373	Deadwind Enforcer		59	60	0	7	11534	1
7374	Vengeful Wraith		60	60	0	6	7857	1
7375	Spirit of Wrath		60	60	0	6	7857	1
7376	Sky Shadow		55	56	0	1	10826	0
7377	Doomhound Ravager		57	58	0	1	6195	1
7378	Doomhound Mastiff		59	60	0	1	6196	1
7379	Deadwind Ogre Mage		55	57	0	7	11537	0
7380	Siamese		1	1	0	1	5585	0
7381	Silver Tabby		1	1	0	1	5555	0
7382	Orange Tabby		1	1	0	1	5554	0
7383	Black Tabby		1	1	0	1	5448	0
7384	Cornish Rex		1	1	0	1	5586	0
7385	Bombay		1	1	0	1	5556	0
7386	White Kitten		1	1	0	1	9989	0
7387	Green Wing Macaw		1	1	0	1	5207	0
7388	Cockatoo		1	1	0	1	6189	1
7389	Senegal		1	1	0	1	6190	0
7390	Cockatiel		1	1	0	1	6191	0
7391	Hyacinth Macaw		1	1	0	1	6192	0
7392	Prairie Chicken		1	1	0	1	304	0
7393	White Plymouth Rock		1	1	0	1	304	1
7394	Ancona Chicken		1	1	0	1	5369	0
7395	Cockroach		1	1	0	1	2177	0
7396	Earthen Stonebreaker		44	45	0	7	6010	0
7397	Earthen Stonecarver		44	45	0	7	6009	0
7398	Stoneclaw Totem V		53	53	0	11	4588	0
7399	Stoneclaw Totem VI		58	58	0	11	4588	0
7400	Searing Totem V		50	50	0	11	4589	0
7401	Draenei Refugee		45	45	0	7	11650	0
7402	Searing Totem VI		60	60	0	11	4589	0
7403	Strength of Earth Totem IV		53	53	0	11	4588	0
7404	Galak Flame Guard		30	30	0	7	2290	0
7405	Deadly Cleft Scorpid		42	43	0	1	5985	0.9
7406	Oglethorpe Obnoticus	Master Gnome Engineer	50	50	0	7	6710	1.15
7407	Chief Engineer Bilgewhizzle	Gadgetzan Water Co.	50	50	0	7	7169	0
7408	Spigot Operator Luglunket	Gadgetzan Water Co.	40	40	0	7	7171	0
7409	Faltering Draenethyst Sphere		1	1	0	4	6148	0
7410	Thelman Slatefist	Alterac Valley Battlemaster	61	61	1	7	6198	0
7411	Spirit of Sathrah		12	12	0	1	6213	0
7412	Frost Resistance Totem II		52	52	0	11	4589	0
7413	Frost Resistance Totem III		57	57	0	11	4589	0
7414	Mana Spring Totem II		45	45	0	11	4587	0
7415	Mana Spring Totem III		52	52	0	11	4587	0
7416	Mana Spring Totem IV		56	56	0	11	4587	0
7423	Flametongue Totem III		46	46	0	11	4589	0
7424	Fire Resistance Totem II		55	55	0	11	4587	0
7425	Fire Resistance Totem III		58	58	0	11	4587	0
7427	Taim Ragetotem	Alterac Valley Battlemaster	61	61	1	7	6208	1.35
7428	Frostmaul Giant		59	60	1	5	6209	0
7429	Frostmaul Preserver		59	60	1	5	12815	0
7430	Frostsaber Cub		55	56	0	1	9958	0
7431	Frostsaber		56	57	0	1	9953	0
7432	Frostsaber Stalker		59	60	0	1	11445	0
7433	Frostsaber Huntress		58	59	0	1	11444	0
7434	Frostsaber Pride Watcher		59	60	0	1	9954	0
7435	Cobalt Wyrmkin		55	56	1	2	6761	0
7436	Cobalt Scalebane		56	57	1	2	6760	0
7437	Cobalt Mageweaver		57	58	1	2	8316	0
7438	Winterfall Ursa		57	58	0	7	6829	0
7439	Winterfall Shaman		56	57	0	7	6830	0
7440	Winterfall Den Watcher		55	56	0	7	6828	1.75
7441	Winterfall Totemic		54	55	0	7	6818	1.62
7442	Winterfall Pathfinder		53	54	0	7	6211	0
7443	Shardtooth Mauler		55	56	0	1	8842	0
7444	Shardtooth Bear		53	54	0	1	865	0
7445	Elder Shardtooth		57	58	0	1	8837	0
7446	Rabid Shardtooth		59	60	0	1	3200	0
7447	Fledgling Chillwind		53	55	0	1	10807	0
7448	Chillwind Chimaera		55	57	0	1	10810	0
7449	Chillwind Ravager		57	59	0	1	10809	0
7450	Ragged Owlbeast		53	55	0	7	12235	0
7451	Raging Owlbeast		54	56	0	7	12235	0
7452	Crazed Owlbeast		56	57	0	7	12237	0
7453	Moontouched Owlbeast		57	58	0	7	12237	0
7454	Berserk Owlbeast		58	59	0	7	12236	0
7455	Winterspring Owl		54	56	0	1	6212	0
7456	Winterspring Screecher		57	59	0	1	10833	0
7457	Rogue Ice Thistle		53	55	0	7	6767	0
7458	Ice Thistle Yeti		55	56	0	7	10579	0
7459	Ice Thistle Matriarch		56	57	0	7	10945	0
7460	Ice Thistle Patriarch		57	58	0	7	10946	0
7461	Hederine Initiate		59	60	1	3	10924	0
7462	Hederine Manastalker		59	60	1	3	6172	0
7463	Hederine Slayer		59	60	1	3	9018	0
7464	Magma Totem II		38	38	0	11	4589	0
7465	Magma Totem III		51	51	0	11	4589	0
7466	Magma Totem IV		56	56	0	11	4589	0
7467	Nature Resistance Totem		34	34	0	11	4590	0
7468	Nature Resistance Totem II		57	57	0	11	4590	0
7469	Nature Resistance Totem III		60	60	0	11	4590	0
7483	Windfury Totem II		48	48	0	11	4590	0
7484	Windfury Totem III		60	60	0	11	4590	0
7485	Nargatt	Food & Drink	40	40	0	7	6308	0
7486	Grace of Air Totem		43	43	0	11	4590	0
7487	Grace of Air Totem II		60	60	0	11	4590	0
7488	Haka'wani	Mage Trainer	40	40	0	7	6229	1
7489	Silverpine Deathguard		40	40	0	7	10797	0
7503	Curse of the Eye (Male)		1	1	0	6	6233	1
7504	Curse of the Eye (Female)		1	1	0	6	6234	1
7505	Bloodmage Drazial		50	50	0	7	6630	0
7506	Bloodmage Lynnore		53	53	0	7	6631	0
7523	Suffering Highborne		54	55	0	6	10701	0
7524	Anguished Highborne		55	56	0	6	10702	0
7525	World Leatherworking Dragonscale Trainer	Dragonscale Leatherworking Trainer	10	10	0	7	2575	1
7526	World Leatherworking Elemental Trainer	Elemental Leatherworking Trainer	10	10	0	7	2575	1
7527	Goblin Land Mine		43	43	0	9	6271	0
7528	World Leatherworking Tribal Trainer	Tribal Leatherworking Trainer	10	10	0	7	2575	1
7543	Dark Whelpling		1	1	0	1	6288	0
7544	Crimson Whelpling		1	1	0	1	6290	0
7545	Emerald Whelpling		1	1	0	1	6291	0
7546	Bronze Whelpling		1	1	0	2	6292	1
7547	Azure Whelpling		1	1	0	1	6293	1
7548	Faeling		1	1	0	1	6294	1
7549	Tree Frog		1	1	0	1	6295	0
7550	Wood Frog		1	1	0	1	901	0
7551	Dart Frog		1	1	0	1	6296	1
7552	Island Frog		1	1	0	1	6297	1
7553	Great Horned Owl		1	1	0	1	4615	0
7554	Snowy Owl		1	1	0	1	6298	1
7555	Hawk Owl		1	1	0	1	6299	0
7556	Eagle Owl		1	1	0	1	6300	1
7558	Cottontail Rabbit		1	1	0	1	4626	1
7559	Spotted Rabbit		1	1	0	1	6302	1
7560	Snowshoe Rabbit		1	1	0	1	328	0
7561	Albino Snake		1	1	0	1	2955	1
7562	Brown Snake		1	1	0	1	2957	0
7563	Blue Racer		1	1	0	1	2956	1
7564	Marin Noggenfogger		40	40	0	7	7185	0
7565	Black Kingsnake		1	1	0	1	1206	0
7566	Scarlet Snake		1	1	0	1	2954	0
7567	Crimson Snake		1	1	0	1	6303	0
7568	Ribbon Snake		1	1	0	1	2954	0
7569	Green Water Snake		1	1	0	1	1986	0
7570	Elven Wisp		1	1	0	1	1824	1
7572	Fallen Hero of the Horde		60	60	0	7	6775	0
7583	Sprinkle		30	30	0	7	7175	0
7584	Wandering Forest Walker		44	46	0	4	9592	0
7603	Leprous Assistant		28	29	0	7	6967	1.15
7604	Sergeant Bly		45	45	1	7	6433	0
7605	Raven		44	44	1	7	6435	0
7606	Oro Eyegouge		44	44	1	7	6432	0
7607	Weegli Blastfuse		43	43	1	7	7222	0
7608	Murta Grimgut		44	44	1	7	6438	0
7623	Dispatch Commander Ruag		60	60	0	7	6571	0
7624	Test Death Knight		60	60	0	6	6380	1
7643	Bengor		45	45	0	7	6570	0
7663	Ashenvale Warrior		40	40	0	7	4841	1
7664	Razelikh the Defiler		60	60	1	3	10543	0
7665	Grol the Destroyer		58	58	1	3	10169	0
7666	Archmage Allistarj		58	58	1	3	6769	0
7667	Lady Sevine		59	59	1	3	6768	0
7668	Servant of Razelikh		57	57	0	7	6847	1.35
7669	Servant of Grol		53	54	0	7	6874	1.35
7670	Servant of Allistarj		54	55	0	7	6855	1.35
7671	Servant of Sevine		55	56	0	7	6869	1.35
7683	Alessandro Luca	Blue Moon Odds and Ends	35	35	0	7	6837	0
7684	Riding Tiger (Yellow)		1	1	0	1	4805	0
7686	Riding Tiger (Red)		1	1	0	1	6443	0
7687	Riding Tiger (White Spotted)		1	1	0	1	6444	0
7689	Riding Tiger (BlackSpotted)		1	1	0	1	6447	1
7690	Riding Tiger (BlackStriped)		1	1	0	1	6448	0
7703	Riding Raptor (Obsidian)		1	1	0	1	6468	0
7704	Riding Raptor (Crimson)		1	1	0	1	6469	0
7706	Riding Raptor (Ivory)		1	1	0	1	6471	0
7707	Riding Raptor (Turquoise)		1	1	0	1	6472	0
7708	Riding Raptor (Violet)		1	1	0	1	6473	0
7709	Riding Tallstrider (Brown)		1	1	0	1	6474	0
7710	Riding Tallstrider (Gray)		1	1	0	1	6475	0
7711	Riding Tallstrider (Pink)		1	1	0	1	6476	0
7712	Riding Tallstrider (Purple)		1	1	0	1	6477	0
7713	Riding Tallstrider (Turquoise)		1	1	0	1	6478	0
7714	Innkeeper Byula	Innkeeper	30	30	0	7	6550	1.35
7724	Senior Surveyor Fizzledowser	Gadgetzan Water Co.	44	44	0	7	7173	0
7725	Grimtotem Raider		42	43	0	7	6835	1.35
7726	Grimtotem Naturalist		41	42	0	7	6831	1.35
7727	Grimtotem Shaman		43	44	0	7	6833	1.35
7728	Kirith the Damned		55	55	1	3	6688	0
7729	Spirit of Kirith		55	55	0	7	6878	0
7730	Stonetalon Grunt		40	40	0	7	9802	0
7731	Innkeeper Jayka	Innkeeper	30	30	0	7	6551	0
7732	Dupe Bug		1	1	0	10	3233	0
7733	Innkeeper Fizzgrimble	Innkeeper	30	30	0	7	7346	0
7734	Ilifar	Keeper of Souls	60	60	1	3	6380	0
7735	Felcular	Champion of Razelikh	60	60	1	3	5047	0
7736	Innkeeper Shyria	Innkeeper	30	30	0	7	6553	0
7737	Innkeeper Greul	Innkeeper	30	30	0	7	6554	1.25
7738	Burning Servant		30	30	0	4	2172	1
7739	Riding MechaStrider (Red)		1	1	0	9	9473	0
7740	Gracina Spiritmight		55	55	0	7	6840	0
7743	World Undead Horse Riding Trainer	Undead Horse Riding Trainer	10	10	0	7	2575	1
7744	Innkeeper Thulfram	Innkeeper	30	30	0	7	6568	0
7745	World Raptor Riding Trainer	Raptor Riding Trainer	10	10	0	7	2575	1
7746	World Mechastrider Riding Trainer	Mechastrider Riding Trainer	10	10	0	7	2575	1
7747	World Mount Vendor	Mount Vendor	10	10	0	7	2575	1
7748	World Horse Vendor	Horse Vendor	10	10	0	7	2575	1
7749	Riding MechaStrider (Blue)		1	1	0	9	6569	0
7750	Corporal Thund Splithoof		55	55	0	7	6777	1.35
7763	Curgle Cranklehop		48	48	0	7	6881	1.15
7764	Troyas Moonbreeze		50	50	0	7	6989	0
7765	Rockbiter		45	45	0	5	1918	0
7766	Tyrion		37	37	0	7	6632	1.15
7767	Witherbark Felhunter		45	46	0	3	850	0.7
7768	Witherbark Bloodling		25	25	0	10	513	0
7769	Hazzali Parasite		45	45	0	10	9469	0
7770	Winkey		40	40	0	7	7000	0
7771	Marvon Rivetseeker		40	40	0	7	7188	0
7772	Kalin Windflight		60	60	0	7	6991	0
7773	Marli Wishrunner		60	60	0	7	6992	0
7774	Shay Leafrunner		50	50	0	7	6985	0
7775	Gregan Brewspewer		45	45	0	7	6995	0
7776	Talo Thornhoof		50	50	0	7	6996	1.35
7777	Rok Orhan		40	40	0	7	6993	0
7778	Doran Steelwing		45	45	0	7	6845	0
7779	Priestess Tyriona		25	25	0	7	6703	0
7780	Rin'ji	Witherbark Troll	46	46	0	7	6485	0
7783	Loramus Thalipedes		60	60	0	7	6879	0
7784	Homing Robot OOX-17/TN		42	42	0	9	6909	0
7785	Ward of Zum'rah		46	46	0	10	2418	0
7786	Skeleton of Zum'rah		35	35	0	6	200	0
7787	Sandfury Slave		43	44	0	7	6678	0
7788	Sandfury Drudge		44	45	0	7	6680	0
7789	Sandfury Cretin		43	45	1	7	6682	0
7790	Orokk Omosh		45	45	0	7	6873	0
7791	Theka the Martyr Shapeshift		1	1	1	6	6697	1
7792	Aturk the Anvil		50	50	0	7	6843	0
7793	Ox	The Mithril Order	53	53	0	7	6854	1.35
7794	McGavan	The Mithril Order	55	55	0	7	6853	0
7795	Hydromancer Velratha		46	46	1	7	6685	0
7796	Nekrum Gutchewer		45	46	1	6	6690	0
7797	Ruuzlu		46	46	1	7	6687	0
7798	Hank the Hammer	The Mithril Order	50	50	0	7	6844	0
7799	Gimblethorn	Banker	45	45	0	7	6882	0
7800	Mekgineer Thermaplugg		34	34	1	9	6980	0
7801	Gilveradin Sunchaser		45	45	0	7	6994	0
7802	Galvan the Ancient	Artisan Blacksmith of the Mithril Order	60	60	0	7	6846	0
7803	Scorpid Duneburrower		46	47	0	1	2414	0
7804	Trenton Lighthammer	The Mithril Order	55	55	0	7	6868	0
7805	Wastewander Scofflaw		45	45	0	7	5573	0
7806	Homing Robot OOX-09/HL		42	42	0	9	6909	0
7807	Homing Robot OOX-22/FE		42	42	0	9	6909	0
7808	Marauding Owlbeast		46	46	0	7	12238	0
7809	Vilebranch Ambusher		47	47	0	7	6512	0
7823	Bera Stonehammer	Gryphon Master	55	55	1	7	6880	0
7824	Bulkrek Ragefist	Wind Rider Master	55	55	1	7	6883	0
7825	Oran Snakewrithe		50	50	0	7	7002	0
7826	Ambassador Ardalan		55	55	0	7	7010	0
7843	Gnomeregan Evacuee		24	25	0	7	6973	1.15
7844	Fire Nova Totem IV		47	47	0	11	4683	0
7845	Fire Nova Totem V		52	52	0	11	4683	0
7846	Teremus the Devourer		60	60	3	2	6378	0
7847	Caliph Scorpidsting		46	46	0	7	9169	1.2
7848	Lurking Feral Scar		46	46	0	7	3207	0
7849	Mobile Alert System		25	25	0	9	6888	0
7850	Kernobee		28	28	0	7	7132	0
7851	Nethergarde Elite		55	55	1	7	7910	0
7852	Pratt McGrubben	Leatherworking Supplies	55	55	0	7	6892	0
7853	Scooty	Chief Engineer	30	30	0	7	7036	0
7854	Jangdor Swiftstrider	Leatherworking Supplies	49	49	0	7	6893	1.35
7855	Southsea Pirate		44	45	0	7	6944	0
7856	Southsea Freebooter		44	45	0	7	6948	0
7857	Southsea Dock Worker		44	45	0	7	6938	0
7858	Southsea Swashbuckler		44	45	0	7	6950	0
7863	Dream Vision		1	1	0	10	6908	0
7864	Lingering Highborne		48	50	0	6	146	0
7865	Wildhammer Sentry		55	55	0	7	7859	0
7866	Peter Galen	Master Dragonscale Leatherworker	50	50	0	7	6917	0
7867	Thorkaf Dragoneye	Master Dragonscale Leatherworker	50	50	0	7	6916	0
7868	Sarah Tanner	Master Elemental Leatherworker	50	50	0	7	7030	0
7869	Brumn Winterhoof	Master Elemental Leatherworker	50	50	0	7	6918	1.35
7870	Caryssia Moonhunter	Tribal Leatherworking Trainer	50	50	0	7	6919	0
7871	Se'Jib	Master Tribal Leatherworker	50	50	0	7	7042	0
7872	Death's Head Cultist		33	34	1	7	6098	0
7873	Razorfen Battleguard		33	34	1	7	6108	0
7874	Razorfen Thornweaver		33	34	1	7	1963	1.2
7875	Hadoken Swiftstrider		57	57	1	7	6983	1.35
7876	Tran'rek		45	45	0	7	11379	0
7877	Latronicus Moonspear		57	57	0	7	6988	0
7878	Vestia Moonspear		55	55	0	7	6986	0
7879	Quintis Jonespyre		55	55	0	7	6984	0
7880	Ginro Hearthkindle		55	55	0	7	6990	0
7881	Stoley		30	30	0	7	7027	0
7882	Security Chief Bilgewhizzle	Water Co. Security	51	51	0	7	11387	0
7883	Andre Firebeard		45	45	0	7	9073	0
7884	Fraggar Thundermantle		60	60	0	7	7001	0
7885	Spitelash Battlemaster		53	54	0	7	11267	0
7886	Spitelash Enchantress		54	55	0	7	11268	0
7895	Ambassador Bloodrage		36	36	2	6	7043	0
7896	Southsea Buccaneer		44	45	0	7	6955	1
7897	Alarm-a-bomb 2600		20	20	0	9	6888	0
7898	Pirate treasure trigger mob		1	1	0	8	328	1
7899	Treasure Hunting Pirate		44	45	0	7	6959	0
7900	Angelas Moonbreeze		50	50	0	7	6987	0
7901	Treasure Hunting Swashbuckler		44	45	0	7	6963	0
7902	Treasure Hunting Buccaneer		44	45	0	7	6957	0
7903	Jewel	Troyas' Pet	10	10	0	1	6943	0
7904	Jacob	Angelas' Pet	10	10	0	1	6942	0
7906	Goldshire Guard		22	22	0	7	3258	1
7907	Daryn Lightwind	Cenarion Lore Keeper	30	30	0	7	7025	0
7915	Walking Bomb		30	30	0	9	6977	0
7916	Erelas Ambersky		30	30	0	7	7026	0
7917	Brother Sarno		55	55	0	7	7008	0
7918	Stone Watcher of Norgannon		60	60	0	5	6589	0
7919	Gnomeregan - Matrix Punchograph 3005-A		43	45	0	7	5327	1
7935	Irradiated Ozzie		10	10	0	7	3188	1
7936	Lyon Mountainheart		40	40	0	7	7003	0
7937	High Tinker Mekkatorque	King of Gnomes	63	63	3	7	7006	1.38
7938	Test Auctioneer		50	50	0	7	4327	1
7939	Feathermoon Sentinel		55	55	0	7	7012	0
7940	Darnall	Tailoring Supplies	53	53	0	7	7016	0
7941	Mardrack Greenwell	Food & Drink	54	54	0	7	7022	0
7942	Faralorn	General Supplies	53	53	0	7	7024	0
7943	Harklane	Fish Vendor	49	49	0	7	7019	0
7944	Tinkmaster Overspark	Master Gnome Engineer	57	57	0	7	7028	1.15
7945	Savanne	Fishing Supplies	49	49	0	7	7023	0
7946	Brannock	Fisherman	52	52	0	7	7021	0
7947	Vivianna	Trade Supplies	52	52	0	7	7017	0
7948	Kylanna Windwhisper	Master Alchemist	52	52	0	7	7018	0
7949	Xylinnia Starshine	Expert Enchanter	51	51	0	7	7020	0
7950	Master Mechanic Castpipe		57	57	0	7	7041	1.15
7951	Zas'Tysh		35	35	0	7	15352	0
7952	Zjolnir	Raptor Handler	45	45	0	7	7037	0
7953	Xar'Ti	Riding Trainer	50	50	0	7	7040	0
7954	Binjy Featherwhistle	Mechanostrider Pilot	50	50	0	7	7038	1.15
7955	Milli Featherwhistle	Mechanostrider Merchant	50	50	0	7	7039	1.15
7956	Kindal Moonweaver		42	42	0	7	7044	0
7957	Jer'kai Moonweaver		36	36	0	7	7045	0
7975	Mulgore Protector		55	55	0	7	7115	1.25
7976	Thalgus Thunderfist	Weapon Merchant	30	30	0	7	7120	0
7977	Gammerita		48	48	1	1	7114	0
7978	Bimble Longberry	Fruit Vendor	30	30	0	7	7119	1.15
7980	Deathguard Elite		55	55	0	7	7117	0
7995	Vile Priestess Hexx		51	51	1	7	7121	0
7996	Qiaga the Keeper		50	50	1	7	7122	0
7997	Captured Sprite Darter		42	43	0	2	9345	0
7998	Blastmaster Emi Shortfuse		27	27	1	7	7138	0
7999	Tyrande Whisperwind	High Priestess of Elune	63	63	3	7	7274	0
8015	Ashenvale Sentinel		40	40	0	7	4841	0
8016	Barrens Guard		40	40	0	7	4261	1.35
8017	Sen'jin Guardian		55	55	0	7	4083	0
8018	Guthrum Thunderfist	Gryphon Master	55	55	1	7	7250	0
8019	Fyldren Moonfeather	Hippogryph Master	55	55	1	7	7249	0
8020	Shyn	Wind Rider Master	55	55	1	7	7248	1.25
8021	Orwin Gizzmick		50	50	0	7	7272	0
8022	Thadius Grimshade		50	50	0	7	7273	0
8023	Sharpbeak		5	5	0	1	7268	0.6
8024	Sharpbeak's Father		55	55	0	1	7269	0
8025	Sharpbeak's Mother		55	55	0	1	7270	0
8026	Thyn'tel Bladeweaver		60	60	0	7	7275	0
8035	Dark Iron Land Mine		32	33	0	9	6271	0
8055	Thelsamar Mountaineer		40	40	0	7	1598	0
8075	Edana Hatetalon		50	50	1	7	974	0
8095	Sul'lithuz Sandcrawler		45	47	1	1	7345	0
8096	Protector of the People	The People's Militia	40	40	0	7	7308	0
8115	Witch Doctor Uzer'i		50	50	0	7	7328	0
8116	Ziggle Sparks	Holiday Fireworks Vendor	46	46	0	7	7329	0
8117	Wizbang Booms	Holiday Fireworks Vendor	38	38	0	7	7331	0
8118	Lillian Singh	Holiday Fireworks Vendor	28	30	0	7	7330	0
8119	Zikkel	Banker	45	45	0	7	7332	0
8120	Sul'lithuz Abomination		47	47	1	10	7345	0
8121	Jaxxil Sparks	Holiday Fireworks Vendor	24	24	0	7	7333	0
8122	Kizzak Sparks	Holiday Fireworks Vendor	24	24	0	7	7334	0
8123	Rickle Goldgrubber	Banker	55	55	0	7	7337	0
8124	Qizzik	Banker	45	45	0	7	7335	0
8125	Dirge Quikcleave	Butcher	43	43	0	7	7338	0
8126	Nixx Sprocketspring	Master Goblin Engineer	55	55	0	7	7340	0
8127	Antu'sul	Overseer of Sul	48	48	1	7	7353	0
8128	Pikkle	Miner	40	40	0	7	7341	0
8129	Wrinkle Goodsteel	Superior Armor Crafter	40	40	0	7	7343	0
8130	Sul'lithuz Hatchling		30	35	1	10	1073	0
8131	Blizrik Buckshot	Gunsmith	45	45	0	7	7342	0
8136	Lord Shalzaru		47	47	0	7	11257	0
8137	Gikkix	Fisherman	40	40	0	7	7354	0
8138	Sul'lithuz Broodling		39	39	0	10	1075	0
8139	Jabbey	General Goods	40	40	0	7	7355	0
8140	Brother Karman	Paladin Trainer	45	45	0	7	7356	0
8141	Captain Evencane	Warrior Trainer	45	45	0	7	11037	0
8142	Jannos Lighthoof	Druid Trainer	50	50	0	7	7357	1.35
8143	Loorana	Food & Drink	49	49	0	7	7358	1.25
8144	Kulleg Stonehorn	Skinning Trainer	51	51	0	7	7360	1.35
8145	Sheendra Tallgrass	Trade Supplies	50	50	0	7	7359	1.25
8146	Ruw	Herbalism Trainer	50	50	0	7	7361	1.35
8147	Camp Mojache Brave		55	55	0	7	7363	1.25
8148	Waurg	Food & Drink	42	42	0	7	7362	1
8149	Sul'lithuz Warder		48	48	1	10	7345	0
8150	Janet Hommers	Food & Drink	40	40	0	7	7371	0
8151	Nijel's Point Guard		45	45	0	7	7368	0
8152	Harnor	Food & Drink	40	40	0	7	7372	1.35
8153	Narv Hidecrafter	Expert Leathercrafter	42	42	0	7	7370	1.35
8154	Ghost Walker Brave		50	50	0	7	7374	1.25
8155	Kargath Grunt		55	55	0	7	7373	0
8156	Servant of Antu'sul		48	48	1	10	601	0
8157	Logannas	Alchemy Supplies	52	52	0	7	7379	0
8158	Bronk	Alchemy Supplies	49	49	0	7	7380	1.35
8159	Worb Strongstitch	Light Armor Merchant	50	50	0	7	7381	1.35
8160	Nioma	Leatherworking Supplies	50	50	0	7	7382	0
8161	Harggan	Blacksmithing Supplies	49	49	0	7	7383	0
8176	Gharash	Blacksmithing Supplies	45	45	0	7	7384	0
8177	Rartar	Alchemy Supplies	45	45	0	7	7389	0
8178	Nina Lightbrew	Alchemy Supplies	49	49	0	7	7390	0
8179	Greater Healing Ward		45	45	0	10	2030	0
8196	Occulus		50	50	1	2	8317	0
8197	Chronalis		61	61	1	2	6370	0
8198	Tick		52	52	1	2	8318	0
8199	Warleader Krazzilak		45	45	2	7	9023	0
8200	Jin'Zallah the Sandbringer		46	46	2	7	9024	0
8201	Omgorn the Lost		50	50	4	7	11570	0
8202	Cyclok the Mad		48	48	4	7	11532	0
8203	Kregg Keelhaul		47	47	4	7	7509	0
8204	Soriid the Devourer		50	50	4	10	11106	1.8
8205	Haarka the Ravenous		50	50	4	10	11092	0
8206	Soul of Tanaris		51	51	2	4	2533	1
8207	Greater Firebird		46	46	4	1	7349	0
8208	Murderous Blisterpaw		43	43	4	1	1534	1.25
8210	Razortalon		44	44	4	7	5927	0
8211	Old Cliff Jumper		42	42	4	1	11414	0
8212	The Reak		49	49	4	10	1306	0
8213	Ironback		51	51	4	1	7840	0
8214	Jalinde Summerdrake		49	49	4	7	4731	0
8215	Grimungous		50	50	2	5	12816	0
8216	Retherokk the Berserker		48	48	4	7	6512	0
8217	Mith'rethis the Enchanter		52	52	2	7	6512	0
8218	Witherheart the Stalker		45	45	4	7	6479	0
8219	Zul'arek Hatefowler		43	43	4	7	6479	0
8236	Muck Frenzy		14	15	0	1	7449	0
8256	Curator Thorius		45	45	0	7	7769	0
8257	Oozeling		40	40	0	10	7763	0
8276	Soaring Razorbeak		40	42	0	1	1149	0
8277	Rekk'tilac		48	48	4	1	4458	0
8278	Smoldar		50	50	4	4	5781	0
8279	Faulty War Golem		46	46	4	4	10800	0
8280	Shleipnarr		47	47	4	3	2346	0
8281	Scald		49	49	4	4	1204	0
8282	Highlord Mastrogonde		51	51	2	7	7835	0
8283	Slave Master Blackheart		50	50	4	7	7819	0
8284	Dorius Stonetender		45	45	0	7	7760	0
8296	Mojo the Twisted		48	48	4	7	11562	0
8297	Magronos the Unyielding		56	56	4	7	11564	0
8298	Akubar the Seer		54	54	4	7	10920	0
8299	Spiteflayer		52	52	4	1	388	1.6
8300	Ravage		51	51	4	1	10904	1.45
8301	Clack the Reaver		53	53	4	1	10983	0
8302	Deatheye		49	49	4	1	2174	0
8303	Grunter		50	50	4	1	8870	0
8304	Dreadscorn		57	57	4	7	7844	0
8305	Kixxle	Potions & Herbs	25	25	0	7	7529	0
8306	Duhng	Cook	18	18	0	7	7530	0
8307	Tarban Hearthgrain	Baker	22	22	0	7	7531	1.35
8308	Alenndaar Lapidaar	Hunter Trainer	27	27	0	7	7538	0
8309	Carlo Aurelius	Assassin	50	50	0	7	7535	0
8310	Watcher Wollpert	The Night Watch	37	37	0	7	7537	0
8311	Slime Maggot		45	46	0	1	7571	0
8316	Paladin 10 Alternate		10	10	0	7	282	1
8317	Atal'ai Deathwalker's Spirit		50	51	1	6	146	0
8318	Atal'ai Slave		46	47	0	3	7554	0
8319	Nightmare Whelp		49	50	0	2	621	0
8320	Sprok	Away Team	28	28	0	7	7750	0
8321	Paladin 20 Alternate		20	20	0	7	282	1
8322	Paladin 30 Alternate		30	30	0	7	282	1
8323	Paladin 40 Alternate		40	40	0	7	282	1
8324	Atal'ai Skeleton		46	47	0	6	7555	0
8336	Hakkari Sapper		49	50	1	1	1336	0
8337	Dark Iron Steelshifter		42	45	0	7	7761	0
8338	Dark Iron Marksman		55	55	0	7	7765	0
8356	Chesmu	Banker	45	45	0	7	7621	1.25
8357	Atepa	Banker	45	45	0	7	7620	1.35
8358	Hewa	Cloth Armor Merchant	30	30	0	7	7622	1.35
8359	Ahanu	Leather Armor Merchant	30	30	0	7	7623	1.35
8360	Elki	Mail Armor Merchant	30	30	0	7	7624	1.35
8361	Chepi	Reagent Vendor	30	30	0	7	7625	1.25
8362	Kuruk	General Goods Vendor	30	30	0	7	7626	1.35
8363	Shadi Mistrunner	Trade Goods Supplier	30	30	0	7	7628	1.25
8364	Pakwa	Bag Vendor	30	30	0	7	7627	1.25
8376	Mechanical Chicken		1	1	0	1	7920	0
8377	Ahdi of Shadow Hall		47	47	0	7	7589	1
8378	Alexandra Blazen		45	45	0	7	7590	0
8379	Archmage Xylem		60	60	0	7	7591	0
8380	Captain Vanessa Beltis		50	50	0	7	7592	0
8381	Lindros		47	47	0	7	7593	0
8382	Patrick Mills		46	46	0	7	7594	0
8383	Master Wood		60	60	1	7	7673	0
8384	Deep Lurker		47	49	1	4	631	0
8385	Mura Runetotem		22	22	0	7	7615	1.25
8386	Horizon Scout Crewman		42	42	0	7	7595	0
8387	Horizon Scout First Mate		43	43	0	7	7605	0
8388	Horizon Scout Cook		42	42	0	7	7606	0
8389	Horizon Scout Engineer		42	42	0	7	7609	0
8390	Chemist Cuely		30	30	0	7	7597	0
8391	Lathoric the Black		52	52	1	7	7764	0
8392	Pilot Xiggs Fuselighter		45	45	0	7	7598	0
8393	Thersa Windsong		45	45	0	7	7599	1.25
8394	Roland Geardabbler		43	43	0	7	7600	0
8395	Sanath Lim-yo		50	50	0	7	7604	0
8396	Sentinel Dalia Sunblade		44	44	0	7	7602	0
8397	Sentinel Keldara Sunblade		44	44	0	7	7603	0
8398	Ohanko	Two Handed Weapon Merchant	30	30	0	7	10689	1.35
8399	Nyrill	Xylem's Apprentice	39	39	0	7	7614	0
8400	Obsidion		52	52	1	4	13929	0
8401	Halpa	Prairie Dog Vendor	30	30	0	7	7629	1.35
8402	Enslaved Archaeologist		46	47	0	7	7751	0
8403	Jeremiah Payson	Cockroach Vendor	30	30	0	7	7632	0
8404	Xan'tish	Snake Vendor	30	30	0	7	7631	0
8405	Ogtinc		45	45	0	7	1012	0
8406	Or'lin Oakenfist		50	50	0	7	7618	1
8407	Makron the Corrupt		53	53	0	3	2020	1
8408	Warlord Krellian		55	55	0	7	11271	0
8409	Caravan Master Tset		53	53	0	7	4765	0
8416	Felix Whindlebolt		2	2	0	7	7852	1.09
8417	Dying Archaeologist		46	47	0	7	7758	0
8418	Falla Sagewind		25	25	0	7	7870	1.25
8419	Twilight Idolater		49	51	1	7	7729	0
8420	Kim'jael		46	46	0	7	7670	0
8421	Dorius		50	50	0	7	7759	0
8436	Zamael Lunthistle		50	50	0	7	7749	0
8437	Hakkari Minion		45	46	0	10	4768	0
8438	Hakkari Bloodkeeper		49	50	1	10	7829	0
8439	Nilith Lokrav		48	48	0	7	7834	0
8440	Shade of Hakkar		49	50	1	10	7690	0
8441	Raze	Nilith's Guardian	48	48	0	4	10905	0
8442	Shadowsilk Poacher	The Undermarket	47	50	0	7	7810	0
8443	Avatar of Hakkar		50	50	1	10	8053	0
8444	Trade Master Kovic	The Undermarket	50	50	0	7	7795	1.15
8446	Xiggs Fuselighter's Flyingmachine		45	45	0	7	8011	0
8447	Clunk	The Undermarket	48	48	1	9	6569	0
8477	Skeletal Servant		57	58	0	6	7846	0
8478	Second Mate Shandril		43	43	0	7	7802	0
8479	Kalaran Windblade		55	55	1	2	7820	0
8480	Kalaran the Deceiver		55	55	1	2	6378	0
8496	Liv Rizzlefix	Workshop Assistant	17	17	0	7	7909	0
8497	Nightmare Suppressor		49	50	1	2	7974	0
8498	TEST Uber Night Elf		1	1	0	7	4216	1
8499	TEST Uber Succubus		1	1	0	3	159	1
8500	TEST Uber Abomination		1	1	1	6	1693	1
8501	TEST Uber Crypt Fiend		1	1	0	6	3004	1
8502	TEST Uber Human		1	1	1	7	2041	1
8503	Gibblewilt		11	11	4	7	7807	1.15
8504	Dark Iron Sentry		48	48	1	7	7814	0
8505	Hex of Jammal'an		1	1	0	7	7803	1
8506	Eranikus the Chained		1	1	0	2	7804	0
8507	Tymor		35	35	0	7	7805	0
8508	Gretta Ganter	Fisherman Supplies	10	10	0	7	7808	0
8509	Squire Maltrake		52	52	0	7	7842	0
8510	Atal'ai Totem		51	51	0	11	2420	1
8516	Belnistrasz		36	36	0	7	7851	0
8517	Xiggs Fuselighter		45	45	0	7	7598	0
8518	Rynthariel the Keymaster		29	29	1	7	12043	0
8519	Blighted Surge		54	55	0	4	5497	0
8520	Plague Ravager		55	56	0	4	5563	0
8521	Blighted Horror		56	57	0	4	11171	0
8522	Plague Monstrosity		57	58	0	4	11172	0
8523	Scourge Soldier		53	54	0	6	5231	0
8524	Cursed Mage		54	55	0	6	11397	0
8525	Scourge Warder		55	56	0	6	612	0
8526	Dark Caster		56	57	0	6	9788	0
8527	Scourge Guard		57	58	0	6	370	0
8528	Dread Weaver		58	59	0	6	11396	0
8529	Scourge Champion		59	60	0	6	7847	0
8530	Cannibal Ghoul		54	55	0	6	10626	0
8531	Gibbering Ghoul		56	57	0	6	10487	0
8532	Diseased Flayer		58	59	0	6	571	0
8534	Putrid Gargoyle		54	56	0	6	7854	0
8535	Putrid Shrieker		56	58	0	6	7855	0
8536	Putrid Slayer		58	60	0	6	7856	1
8537	Interloper		42	43	0	6	4870	1
8538	Unseen Servant		55	56	0	6	4629	0
8539	Eyeless Watcher		57	58	0	6	7857	0
8540	Torn Screamer		53	55	0	6	984	0
8541	Hate Shrieker		55	57	0	6	10751	0
8542	Death Singer		57	59	0	6	8783	0
8543	Stitched Horror		57	58	0	6	1693	0
8544	Gangled Golem		58	59	0	6	10613	0
8545	Abomination		59	60	0	6	7858	0
8546	Dark Adept	Cult of the Damned	58	59	0	7	10408	0
8547	Death Cultist	Cult of the Damned	53	54	0	7	10391	0
8548	Vile Tutor	Cult of the Damned	56	57	0	7	10953	0
8549	[UNUSED] Acolyte	Cult of the Damned	57	58	0	7	2582	1
8550	Shadowmage	Cult of the Damned	59	60	0	7	10421	0
8551	Dark Summoner	Cult of the Damned	55	56	0	7	10417	0
8552	Necrolyte	Cult of the Damned	54	55	0	6	10383	1
8553	Necromancer	Cult of the Damned	54	55	0	7	10427	0
8554	Chief Sharptusk Thornmantle		5	5	0	7	1346	0
8555	Crypt Fiend		53	54	0	6	3004	0
8556	Crypt Walker		55	56	0	6	11178	0
8557	Crypt Horror		57	58	0	6	6841	0
8558	Crypt Slayer		58	59	0	6	9758	0
8559	Undead Nerubian		60	61	0	6	3004	1
8560	Mossflayer Scout		57	58	0	7	10442	0
8561	Mossflayer Shadowhunter		58	59	0	7	10438	0
8562	Mossflayer Cannibal		57	59	0	7	10434	0
8563	Woodsman		58	59	0	7	10382	0
8564	Ranger		59	60	0	7	10379	0
8565	Pathstrider		57	58	0	7	10381	0
8566	Dark Iron Lookout		47	48	0	7	7865	0
8567	Glutton		40	40	1	6	7864	0
8576	Ag'tor Bloodfist		45	45	0	7	7871	0
8578	Magus Rimtori		55	55	0	7	7872	0
8579	Yeh'kinya		41	41	0	7	7902	0
8580	Atal'alarion	Guardian of the Idol	50	50	1	7	7873	0
8581	Blood Elf Defender		51	51	0	7	7874	0
8582	Kadrak		31	31	0	7	7889	0
8583	Dirania Silvershine		8	8	0	7	7895	0
8584	Iverron		5	5	0	7	7901	0
8585	Frost Spectre		41	41	0	6	146	0
8586	Haggrum Bloodfist		45	45	0	7	7875	0
8587	Jediga		49	49	0	7	7876	0
8588	Umbranse the Spiritspeaker		50	50	0	7	9757	0
8596	Plaguehound Runt		53	54	0	3	7890	0
8597	Plaguehound		55	56	0	3	7891	0
8598	Frenzied Plaguehound		57	58	0	3	9022	0
8599	Plaguehound Mastiff		43	44	0	3	7893	1
8600	Plaguebat		53	55	0	1	7894	0.66
8601	Noxious Plaguebat		54	56	0	1	7896	0
8602	Monstrous Plaguebat		56	58	0	1	7897	0
8603	Carrion Grub		54	55	0	1	7898	0
8605	Carrion Devourer		56	57	0	1	7900	0
8606	Living Decay		55	56	0	10	681	0
8607	Rotting Sludge		54	55	0	10	11141	0
8608	Angered Infernal		52	53	0	3	10905	0
8609	Alexandra Constantine	Gryphon Master	55	55	1	7	7905	0
8610	Kroum	Wind Rider Master	55	55	1	7	7904	0
8611	Idol Room Spawner		1	1	0	10	7804	1
8612	Screecher Spirit		50	50	0	1	7906	0
8613	Ozzie		26	26	0	7	7907	1
8615	Mithril Dragonling		60	60	0	9	7908	0
8616	Infernal Servant		55	55	0	3	12817	0
8617	Zalashji		45	45	0	7	11253	0
8636	Morta'gya the Keeper		50	50	1	7	7918	0
8637	Dark Iron Watchman		44	45	0	7	7929	0
8656	Hukku's Voidwalker		52	52	0	3	1132	0
8657	Hukku's Succubus		52	52	0	3	4162	0
8658	Hukku's Imp		52	52	0	3	4449	0
8659	Jes'rimon		50	50	0	7	7921	0
8660	The Evalcharr		48	48	4	1	10807	0
8661	Auctioneer Beardo		50	50	0	7	7993	0
8662	Idol Oven Fire Target		1	1	0	2	7804	0.1
8663	Splinterbone Elite		43	44	1	6	5231	1
8664	Saern Priderunner		50	50	0	7	7936	1.25
8665	Shylenai	Owl Trainer	30	30	0	7	7934	0
8666	Lil Timmy	Boy with kittens	5	5	0	7	7935	0
8667	Gusting Vortex		43	45	0	4	8715	0
8668	Felhound Tracker		1	1	0	3	6172	0
8669	Auctioneer Tolon		50	50	0	7	7997	0
8670	Auctioneer Chilton		50	50	0	7	7991	0
8671	Auctioneer Buckler		50	50	0	7	7990	0
8672	Auctioneer Leeka		50	50	0	7	7995	0
8673	Auctioneer Thathung		50	50	0	7	8001	0
8674	Auctioneer Stampi		50	50	0	7	7999	1.35
8675	Felbeast		50	51	0	3	7949	0
8676	World Gnome Engineering Trainer	Gnome Engineering Trainer	10	10	0	7	2590	1
8677	World Goblin Engineering Trainer	Goblin Engineering Trainer	10	10	0	7	1233	1
8678	Jubie Gadgetspring	Engineering Supplier	55	55	0	7	7969	0
8679	Knaz Blunderflame	Engineering Supplies	42	42	0	7	7952	1.15
8680	Massive Infernal		63	63	3	3	7950	0
8681	Outfitter Eric	Speciality Tailoring Supplies	35	35	0	7	7951	1.15
8696	Henry Stern		36	36	0	7	8029	0
8716	Dreadlord		62	62	1	3	10543	0
8717	Felguard Elite		61	61	1	3	7970	0
8718	Manahound		60	60	1	3	6173	0
8719	Auctioneer Fitch		50	50	0	7	7992	0
8720	Auctioneer Redmuse		50	50	0	7	7989	0
8721	Auctioneer Epitwee		50	50	0	7	7994	0
8722	Auctioneer Gullem		50	50	0	7	7998	1.35
8723	Auctioneer Golothas		50	50	0	7	7996	0
8724	Auctioneer Wabang		50	50	0	7	8000	0
8736	Buzzek Bracketswing	Master Engineer	53	53	0	7	8010	0
8737	Linken		40	40	0	7	8012	1.15
8738	Vazario Linkgrease	Master Goblin Engineer	40	40	0	7	8009	0
8756	Raytaf	Loramus's Guardian	50	50	1	3	1913	0
8757	Shahiar	Loramus's Guardian	50	50	1	3	1913	0
8758	Zaman	Loramus's Guardian	50	50	1	3	1913	0
8759	Mosshoof Runner		45	47	0	1	8013	0
8760	Mosshoof Stag		49	50	0	1	2161	0
8761	Mosshoof Courser		52	53	0	1	10957	0
8762	Timberweb Recluse		47	48	0	1	8014	0
8763	Mistwing Rogue		49	50	0	1	12682	0
8764	Mistwing Ravager		52	53	0	1	4269	0
8765	Forest Creeper		50	51	0	10	11140	1
8766	Forest Ooze		52	53	0	10	1306	0
8767	Sah'rhee		30	30	0	7	11573	0
8776	Emerald Dragon Whelp		55	55	0	2	694	0
8777	Seinrick Coulthane	Skinning Trainer	35	35	0	7	8054	1
8796	Swimming Murloc Test		1	1	0	7	441	1
8816	Deathly Usher		50	50	0	7	146	0
8836	Battle Chicken		1	1	0	9	6909	3
8837	Muck Splash		47	49	0	4	5561	0
8856	Tyrion's Spybot		25	25	0	9	1159	0
8876	Sandfury Acolyte		42	44	0	7	6411	0
8877	Sandfury Zealot		44	45	0	7	6423	0
8878	Muuran	Superior Macecrafter	40	40	0	7	8169	1.35
8879	Royal Historian Archesonus		50	50	0	7	8171	0
8880	Mechastrider		1	2	0	9	6569	1
8881	Riding Ram		1	2	0	8	2736	0
8882	Riding Tiger		1	2	0	1	6448	0
8883	Riding Horse		1	2	0	1	2402	0
8884	Skeletal Mount		1	2	0	6	5228	0
8885	Riding Raptor		1	2	0	1	6469	0
8886	Deviate Python		18	19	0	1	8173	0
8887	A tormented voice		50	50	0	7	8175	0
8888	Franclorn Forgewright		60	60	0	7	8698	0
8889	Anvilrage Overseer		48	49	1	7	8754	0
8890	Anvilrage Warden		49	50	1	7	8758	0
8891	Anvilrage Guardsman		50	51	1	7	8750	0
8892	Anvilrage Footman		51	52	1	7	8718	0
8893	Anvilrage Soldier		52	53	1	7	8757	0
8894	Anvilrage Medic		52	53	1	7	8752	0
8895	Anvilrage Officer		53	54	1	7	8753	0
8896	Shadowforge Peasant		52	54	0	7	8793	0
8897	Doomforge Craftsman		52	54	0	7	8803	0
8898	Anvilrage Marshal		54	55	1	7	8751	0
8899	Doomforge Dragoon		54	55	1	7	8820	0
8900	Doomforge Arcanasmith		54	55	0	7	8812	0
8901	Anvilrage Reservist		54	55	0	7	8755	1
8902	Shadowforge Citizen		54	56	0	7	8798	0
8903	Anvilrage Captain		55	56	1	7	8749	0
8904	Shadowforge Senator		55	56	0	7	8825	0
8905	Warbringer Construct		53	54	1	4	8289	0
8906	Ragereaver Golem		54	55	1	4	8177	0
8907	Wrath Hammer Construct		55	56	1	4	8178	0
8908	Molten War Golem		55	56	1	4	8179	0
8909	Fireguard		50	52	1	4	2172	1
8910	Blazing Fireguard		52	54	1	4	1070	0
8911	Fireguard Destroyer		54	56	1	4	5488	0
8912	Twilight's Hammer Torturer		50	51	1	7	8790	0
8913	Twilight Emissary		52	53	1	7	8772	0
8914	Twilight Bodyguard		53	54	1	7	9346	0
8915	Twilight's Hammer Ambassador		54	55	0	7	8778	0
8916	Arena Spectator		52	54	0	7	9069	0
8917	Quarry Slave		46	48	0	7	8891	0
8920	Weapon Technician		54	56	0	7	8894	0
8921	Bloodhound		49	50	0	3	8180	0
8922	Bloodhound Mastiff		54	55	0	3	8181	0
8923	Panzor the Invincible		57	57	2	4	8270	0
8924	The Behemoth		50	50	2	7	8390	0
8925	Dredge Worm		50	52	0	1	8182	0
8926	Deep Stinger		50	52	0	1	7347	0
8927	Dark Screecher		50	52	0	1	1955	1
8928	Burrowing Thundersnout		50	52	0	1	8184	1
8929	Princess Moira Bronzebeard	Princess of Ironforge	58	58	1	7	8705	0
8931	Innkeeper Heather	Innkeeper	30	30	0	7	8185	0
8932	Borer Beetle		50	52	0	1	7470	1
8933	Cave Creeper		50	52	0	1	8014	0
8934	Christopher Hewen	General Trade Goods Vendor	30	30	0	7	8186	0
8935	Paladin 20 AlternateHighDamage		20	20	0	7	282	1
8937	Pet Bomb		1	1	0	7	8189	0.2
8956	Angerclaw Bear		47	48	0	1	9276	0
8957	Angerclaw Grizzly		51	52	0	1	9277	0
8958	Angerclaw Mauler		49	50	0	1	1083	0
8959	Felpaw Wolf		47	48	0	1	4124	0
8960	Felpaw Scavenger		49	50	0	1	9278	0
8961	Felpaw Ravager		51	52	0	1	9280	0
8962	Hilary		1	1	0	7	257	0
8963	Effsee		1	1	0	8	5556	0
8964	Blackrock Drake		50	52	1	2	6374	0
8965	Shawn		1	1	0	7	221	0
8976	Hematos		60	60	2	2	6369	0
8977	Krom'Grul		54	54	0	7	11543	0
8978	Thauris Balgarr		57	57	4	7	11511	0
8979	Gruklash		59	59	4	7	11510	0
8980	Firegut Captain		53	53	0	7	10708	0
8981	Malfunctioning Reaver		56	56	4	4	10802	0
8982	Ironhand Guardian		56	56	1	4	9189	0
8983	Golem Lord Argelmach		57	57	1	7	8759	0
8996	Voidwalker Minion		47	47	0	3	1132	0
8997	Gershala Nightwhisper		20	20	0	7	8229	0
9016	Bael'Gar		54	54	1	5	12162	0
9017	Lord Incendius		55	55	1	4	1204	0
9018	High Interrogator Gerstahn	Twilight's Hammer Interrogator	52	52	1	7	8761	0
9019	Emperor Dagran Thaurissan		59	59	1	7	8807	0
9020	Commander Gor'shak	Kargath Expeditionary Force	54	54	1	7	8703	0
9021	Kharan Mighthammer		52	52	1	7	8708	0
9022	Dughal Stormwing		52	52	1	7	8709	0
9023	Marshal Windsor		52	52	1	7	8707	0
9024	Pyromancer Loregrain		52	52	2	7	8762	1.35
9025	Lord Roccor		51	51	2	4	5781	0
9026	Overmaster Pyron		52	52	1	4	1070	0
9027	Gorosh the Dervish		56	56	1	7	8760	0
9028	Grizzle		54	54	1	7	7873	0
9029	Eviscerator		54	54	1	7	523	0
9030	Ok'thor the Breaker		53	53	1	7	11538	0
9031	Anub'shiah		54	54	1	6	3004	0
9032	Hedrum the Creeper		53	53	1	1	8271	0
9033	General Angerforge		57	57	1	7	8756	0
9034	Hate'rel		55	55	1	6	8690	0
9035	Anger'rel		55	55	1	6	8686	0
9036	Vile'rel		56	56	1	6	8692	0
9037	Gloom'rel		56	56	1	6	8689	0
9038	Seeth'rel		56	56	1	6	8691	0
9039	Doom'rel		57	57	1	6	8687	0
9040	Dope'rel		56	56	1	6	8688	0
9041	Warder Stilgiss		56	56	2	7	9089	0
9042	Verek		55	55	2	3	9019	0
9043	Scarshield Grunt	Scarshield Legion	53	54	1	7	8899	0
9044	Scarshield Sentry	Scarshield Legion	53	54	1	7	8901	0
9045	Scarshield Acolyte	Scarshield Legion	54	55	1	7	8898	0
9046	Scarshield Quartermaster	Scarshield Legion	55	55	2	7	8900	0
9047	Jenal	Ditch Digger	5	5	0	7	8354	0
9056	Fineous Darkvire	Chief Architect	54	54	1	7	8704	0
9076	Ghede		25	25	0	7	8355	1.35
9077	Warlord Goretooth	Kargath Expeditionary Force	60	60	0	7	8331	0
9078	Shadowmage Vivian Lagrave	Kargath Expeditionary Force	58	58	0	7	8330	0
9079	Hierophant Theodora Mulvadania	Kargath Expeditionary Force	58	58	0	7	8332	0
9080	Lexlort	Kargath Expeditionary Force	58	58	0	7	8333	0
9081	Galamav the Marksman	Kargath Expeditionary Force	58	58	0	7	8334	1.35
9082	Thal'trak Proudtusk	Kargath Expeditionary Force	55	55	0	7	8335	0
9083	Razal'blade	Kargath Expeditionary Force	52	52	0	7	8349	0
9084	Thunderheart	Kargath Expeditionary Force	52	52	0	7	8350	1.35
9085	Initiate Amakkar	Kargath Expeditionary Force	52	52	0	7	8351	0
9086	Grunt Gargal	Kargath Expeditionary Force	52	52	0	7	8352	0
9087	Bashana Runetotem		35	35	0	7	8356	1.25
9096	Rage Talon Dragonspawn		58	59	1	2	2554	0
9097	Scarshield Legionnaire	Scarshield Legion	54	55	1	7	9629	0
9098	Scarshield Spellbinder	Scarshield Legion	54	55	1	7	9618	0
9099	Sraaz	Pie Vendor	30	30	0	7	8353	1.15
9116	Eridan Bluewind	Emerald Circle	57	57	0	7	9136	0
9117	J.D. Collie		60	60	0	7	8478	1.15
9118	Larion		51	51	0	7	8413	0
9119	Muigin		51	51	0	7	8430	0
9136	Sha'ni Proudtusk		56	56	0	7	8429	0
9156	Ambassador Flamelash		57	57	1	7	8329	0
9157	Bloodpetal Pest		40	40	0	10	8391	0
9158	Riding Horse (Warhorse)		1	1	0	1	8469	0
9162	Young Diemetradon		49	50	0	1	8510	0
9163	Diemetradon		51	52	0	1	8511	0
9164	Elder Diemetradon		54	55	0	1	8512	0
9165	Fledgling Pterrordax		48	50	0	1	8410	0
9166	Pterrordax		50	52	0	1	8411	1.5
9167	Frenzied Pterrordax		52	54	0	1	8412	0
9176	Gor'tesh		54	54	0	7	11553	0
9177	Oralius		55	55	0	7	8872	0
9178	Burning Spirit		30	30	0	4	4607	0
9179	Jazzrik	Blacksmithing Supplies	38	38	0	7	13050	0
9180	World Event Generator		5	5	0	10	11686	1
9196	Highlord Omokk		59	59	1	7	11565	0
9197	Spirestone Battle Mage		57	58	1	7	11543	0
9198	Spirestone Mystic		55	56	1	7	11579	0
9199	Spirestone Enforcer		54	55	1	7	11577	0
9200	Spirestone Reaver		55	56	1	7	11581	0
9201	Spirestone Ogre Magus		54	55	1	7	11562	0
9216	Spirestone Warlord		57	58	1	7	11582	0
9217	Spirestone Lord Magus		58	58	2	7	11578	0
9218	Spirestone Battle Lord		58	58	2	7	11576	0
9219	Spirestone Butcher		57	57	2	7	11574	0
9236	Shadow Hunter Vosh'gajin		58	58	1	7	9732	0
9237	War Master Voone		59	59	1	7	9733	0
9238	Quentin		40	40	0	7	8449	0
9239	Smolderthorn Mystic		55	56	1	7	9709	0
9240	Smolderthorn Shadow Priest		55	56	1	7	9728	0
9241	Smolderthorn Headhunter		56	57	1	7	9682	0
9256	Farm Chicken		1	1	0	1	304	1
9257	Scarshield Warlock	Scarshield Legion	54	55	1	7	9609	0
9258	Scarshield Raider	Scarshield Legion	55	56	1	7	9637	0
9259	Firebrand Grunt	Firebrand Legion	56	57	1	7	9664	0
9260	Firebrand Legionnaire	Firebrand Legion	57	58	1	7	9660	0
9261	Firebrand Darkweaver	Firebrand Legion	56	57	1	7	9644	0
9262	Firebrand Invoker	Firebrand Legion	56	57	1	7	9648	0
9263	Firebrand Dreadweaver	Firebrand Legion	57	58	1	7	9652	0
9264	Firebrand Pyromancer	Firebrand Legion	57	58	1	7	9656	0
9265	Smolderthorn Shadow Hunter		56	57	1	7	9724	0
9266	Smolderthorn Witch Doctor		56	57	1	7	9719	0
9267	Smolderthorn Axe Thrower		55	56	1	7	9674	0
9268	Smolderthorn Berserker		57	58	1	7	7803	0
9269	Smolderthorn Seer		56	57	1	7	9715	0
9270	Williden Marshal		48	48	0	7	8474	0
9271	Hol'anyee Marshal		45	45	0	7	8476	0
9272	Spark Nilminer		45	45	0	7	8477	0
9273	Petra Grossen		46	46	0	7	8479	0
9274	Dadanga		45	45	0	1	9342	0
9275	Launcher		1	1	0	7	1140	1
9276	Launcher2		1	1	0	7	1140	1
9296	Milly Osworth		2	2	0	7	8489	0
9297	Enraged Wyvern		55	55	0	1	2157	0
9298	Donova Snowden		50	50	0	7	8949	0
9299	Gaeriyan		60	60	0	7	8717	0
9316	Wenikee Boltbucket		19	19	0	7	8630	0
9317	Rilli Greasygob		22	22	0	7	8631	0
9318	Incendosaur		47	49	0	1	8509	0
9319	Houndmaster Grebmar		52	52	1	7	9212	0
9336	Boss Copperplug		19	19	0	7	8569	0
9356	Innkeeper Shul'kar	Innkeeper	30	30	0	7	8633	0
9376	Blazerunner		56	56	1	4	1204	2.5
9377	Swirling Vortex		33	34	0	4	8549	0
9396	Ground Pounder		41	43	0	4	1161	0
9397	Living Storm		47	49	0	4	8716	0
9398	Twilight's Hammer Executioner		55	56	1	7	8706	0
9416	Scarshield Worg	Scarshield Legion	53	54	0	1	11420	0
9417	Sleeping Dragon		60	60	2	2	8574	1
9436	Spawn of Bael'Gar		49	50	0	10	8573	0
9437	Dark Keeper Vorfalk		55	55	1	7	8591	0
9438	Dark Keeper Bethek		55	55	1	7	8592	0
9439	Dark Keeper Uggel		55	55	1	7	8593	0
9441	Dark Keeper Zimrel		55	55	1	7	8594	0
9442	Dark Keeper Ofgut		55	55	1	7	8595	0
9443	Dark Keeper Pelver		55	55	1	7	8596	0
9445	Dark Guard		53	54	1	7	8597	0
9447	Scarlet Warder		53	54	1	7	10376	0
9448	Scarlet Praetorian		56	57	1	7	10395	0
9449	Scarlet Cleric		54	55	1	7	10387	0
9450	Scarlet Curate		55	56	1	7	10398	0
9451	Scarlet Archmage		55	57	1	7	10413	0
9452	Scarlet Enchanter		53	55	1	7	10403	0
9453	Aquementas		54	54	0	4	5564	0
9454	Xavathras		54	54	0	3	2880	0
9456	Warlord Krom'zar		20	20	1	7	4874	0
9457	Horde Defender		15	18	0	7	8649	0
9458	Horde Axe Thrower		15	18	0	7	9578	0
9459	Cyrus Therepentous		55	55	1	2	2552	0
9460	Gadgetzan Bruiser		57	57	0	7	11375	0
9461	Frenzied Black Drake	Cyrus's Minion	54	54	1	2	6374	0
9462	Chieftain Bloodmaw		56	56	0	7	8589	0
9464	Overlord Ror		51	51	0	7	8589	0
9465	Golhine the Hooded	Druid Trainer	60	60	0	7	10738	0
9467	Miblon Snarltooth		50	50	0	7	10642	0
9476	Watchman Doomgrip		55	55	1	7	8655	0
9477	Cloned Ooze		50	52	0	10	4754	0
9496	Gorishi Egg		50	51	0	10	10056	0
9498	Gorishi Grub		48	48	0	10	7572	1
9499	Plugger Spazzring		55	55	1	7	8652	0
9500	Mistress Nagmara		54	54	1	3	2834	0
9501	Innkeeper Adegwa	Innkeeper	30	30	0	7	8634	1.35
9502	Phalanx		55	55	1	4	8177	0
9503	Private Rocknot		52	54	0	7	8654	0
9516	Lord Banehollow		59	59	1	3	8611	0
9517	Shadow Lord Fel'dan		57	57	0	7	10198	0
9518	Rakaiah		56	56	0	3	10191	0
9520	Grark Lorkrub		56	56	1	7	8697	0
9521	Enraged Felbat		55	55	1	1	9074	0
9522	Blackrock Ambusher		54	55	1	7	8699	0
9523	Kolkar Stormseer		15	16	0	7	4871	0
9524	Kolkar Invader		16	17	0	7	1349	0
9525	Freewind Brave		45	45	0	7	7115	1.35
9526	Enraged Gryphon		55	55	1	1	1149	0
9527	Enraged Hippogryph		55	55	0	1	479	0
9528	Arathandris Silversky	Emerald Circle	60	60	0	7	8657	0
9529	Maybess Riverbreeze	Emerald Circle	60	60	0	7	8660	1.25
9536	Maxwort Uberglint		42	42	0	7	8656	0
9537	Hurley Blackbreath		55	55	1	7	8658	0
9538	High Executioner Nuzrak	Kargath Expeditionary Force	60	60	0	7	8664	0
9539	Shadow of Lexlort	Kargath Expeditionary Force	58	58	0	7	8629	0
9540	Enohar Thunderbrew		50	50	0	7	8659	0
9541	Blackbreath Crony		53	53	1	7	8661	0
9542	Franclorn's Spirit		60	60	0	7	8710	1
9543	Ribbly Screwspigot		53	53	1	7	8667	0
9544	Yuka Screwspigot		53	53	0	7	8665	0
9545	Grim Patron		48	52	0	7	8673	0
9546	Raschal the Courier		42	42	0	7	9026	0
9547	Guzzling Patron		48	52	0	7	8678	0
9548	Cawind Trueaim	Gunsmith & Bowyer	52	52	0	7	8666	1.35
9549	Borand	Bowyer	30	30	0	7	8668	0
9550	Furmund		41	41	0	7	8669	1.35
9551	Starn	Gunsmith & Bowyer	37	37	0	7	8670	1.35
9552	Zanara	Bowyer	43	43	0	7	8671	0
9553	Nadia Vernon	Bowyer	20	20	0	7	8672	0
9554	Hammered Patron		48	52	1	7	8681	0
9555	Mu'uta	Bowyer	35	35	0	7	8677	0
9556	Felhound Minion		54	55	0	3	7949	1
9557	[UNUSED] dun garok test		50	50	0	7	3875	1
9558	Grimble	Shipmaster	45	45	0	7	8846	0
9559	Grizzlowe	Shipmaster	45	45	0	7	8847	0
9560	Marshal Maxwell		55	55	0	7	8685	0
9561	Jalinda Sprig		57	57	0	7	8693	1.15
9562	Helendis Riverhorn		55	55	0	7	8694	0
9563	Ragged John		57	57	0	7	8696	0
9564	Frezza	Zeppelin Master	45	45	0	7	8848	0
9565	Mayara Brightwing		57	57	0	7	8695	0
9566	Zapetta	Zeppelin Master	45	45	0	7	8849	0
9567	Test Stable Master		50	50	0	7	4617	1
9568	Overlord Wyrmthalak		60	60	1	2	8711	0
9576	Stormwind Talent Master	Talent Master	50	50	0	7	8764	1
9577	[UNUSED] Gorilla Test		25	25	0	1	842	1
9578	Ironforge Talent Master	Talent Master	50	50	0	7	8763	1
9579	Darnassus Talent Master	Talent Master	50	50	0	7	8765	1
9580	Orgrimmar Talent Master	Talent Master	50	50	0	7	8766	1
9581	Thunder Bluff Talent Master	Talent Master	50	50	0	7	8767	1
9582	Undercity Talent Master	Talent Master	50	50	0	7	8768	1
9583	Bloodaxe Veteran	Bloodaxe Legion	58	59	1	7	9633	0
9584	Jalane Ayrole	Master Shadoweave Tailor	45	45	0	7	8809	0
9596	Bannok Grimaxe	Firebrand Legion Champion	59	59	2	7	9668	0
9598	Arei		56	56	0	4	11362	0
9599	Arei Transformed		1	1	0	4	1461	1
9600	Parrot		1	1	0	8	8816	0
9601	Treant Spirit		52	53	0	4	8824	0
9602	Hahk'Zor		54	54	4	7	11564	0
9604	Gorgon'och		54	54	4	7	11562	0
9605	Blackrock Raider		59	59	0	7	6049	0
9616	Laris Geardawdle		50	50	0	7	8829	1.15
9617	[UNUSED] Eyan Mulcom		50	50	0	7	8830	1
9618	Karna Remtravel		49	49	0	7	8831	0
9619	Torwa Pathfinder		51	51	0	7	8832	1.35
9620	Dreka'Sur		50	50	0	7	8890	0
9621	Gargantuan Ooze		50	51	0	10	9595	0
9622	U'cha		55	55	0	1	8844	0
9623	A-Me 01		48	48	0	9	8841	0
9636	Kireena	Trade Goods	41	41	0	7	10692	1.25
9637	Scorching Totem		52	52	0	11	4589	0
9656	Tiny Walking Bomb		1	1	0	1	8909	0
9657	Lil' Smoky		1	1	0	1	8910	0
9658	Distract Test		1	1	0	8	304	1
9659	Unkillable Test Dummy		60	60	0	7	2467	1
9660	Agnar Beastamer		47	47	0	7	8929	0
9662	Sprite Darter Hatchling		1	1	0	1	6294	0
9676	Tink Sprocketwhistle	Engineering Supplies	24	24	0	7	9027	1.15
9677	Ograbisi		55	55	1	7	11553	1
9678	Shill Dinger		56	56	1	7	9051	0
9679	Tobias Seecher		52	52	1	7	9054	0
9680	Crest Killer		54	54	1	7	9053	0
9681	Jaz		53	53	1	7	9049	1
9682	Marshal Reginald Windsor		52	52	1	7	9052	0
9683	Lar'korwi Mate		49	50	0	1	5242	0
9684	Lar'korwi		56	56	0	1	11318	0
9686	[PH] TESTTAUREN		1	1	0	7	4300	1
9687	Windwall Totem		45	45	0	11	4590	0
9688	Windwall Totem II		45	45	0	11	4590	0
9689	Windwall Totem III		59	59	0	11	4590	0
9690	Ember Worg		51	52	0	1	9371	0
9691	Venomtip Scorpid		52	53	0	1	8970	0
9692	Bloodaxe Raider	Bloodaxe Legion	57	58	1	7	9602	0
9693	Bloodaxe Evoker	Bloodaxe Legion	58	59	1	7	9625	0
9694	Slavering Ember Worg		53	54	0	1	11420	0
9695	Deathlash Scorpid		54	55	0	1	10984	0
9696	Bloodaxe Worg	Scarshield Legion	56	57	0	1	9562	0
9697	Giant Ember Worg		55	56	0	1	9370	0
9698	Firetail Scorpid		56	57	0	1	10985	0
9699	Fire Beetle		1	1	0	8	8971	0
9700	Lava Crab		1	1	0	8	5560	0.3
9701	Spire Scorpid		58	58	0	1	2864	0
9702	Grurk		18	18	0	7	6032	1
9703	Il'thurk		17	17	0	7	6032	1
9704	Lumurk		17	17	0	7	6032	1
9705	Illusionary Dreamwatcher		1	1	0	2	8972	1
9706	Yorba Screwspigot		53	53	0	7	11388	0
9707	Scarshield Portal		54	55	0	10	9510	0
9708	Burning Imp		54	55	0	3	4449	1
9716	Bloodaxe Warmonger	Bloodaxe Legion	57	58	1	7	9617	0
9717	Bloodaxe Summoner	Bloodaxe Legion	57	58	1	7	9613	0
9718	Ghok Bashguud	Bloodaxe Champion	59	59	2	7	11809	0
9736	Quartermaster Zigris	Bloodaxe Legion	59	59	2	7	9738	0
9776	Flamekin Spitter		51	53	0	3	10815	0
9777	Flamekin Sprite		51	53	0	3	10816	0
9778	Flamekin Torcher		54	56	0	3	10817	0
9779	Flamekin Rager		54	56	0	3	10814	0
9796	Galgar		8	8	0	7	9151	0
9816	Pyroguard Emberseer		60	60	3	4	2172	1
9817	Blackhand Dreadweaver	Blackhand Legion	59	60	1	7	9670	0
9818	Blackhand Summoner	Blackhand Legion	59	60	1	7	9849	0
9819	Blackhand Veteran	Blackhand Legion	59	60	1	7	9686	0
9820	[UNUSED] [PH] Cheese Servant Floh		45	45	0	7	2589	1
9836	Mathredis Firestar		60	60	0	7	9149	0
9837	Lithilia		59	59	0	7	9150	1
9856	Auctioneer Grimful		50	50	0	7	9133	0
9857	Auctioneer Grizzlin		50	50	0	7	9132	0
9858	Auctioneer Kresky		50	50	0	7	10754	0
9859	Auctioneer Lympkin		50	50	0	7	9131	1.15
9860	Salia		54	54	0	3	10927	0
9861	Moora		52	52	0	3	10926	0
9862	Jaedenar Legionnaire		55	55	0	3	9129	0
9876	Locheed		48	48	0	7	9130	0
9877	Prince Xavalis		55	55	0	3	11335	0
9878	Entropic Beast		51	52	0	4	9449	0
9879	Entropic Horror		53	54	0	4	9449	0
9896	World Stable Master	Stable Master	10	10	0	7	2575	1
9916	Jarquia		46	46	0	7	478	0
9936	Corrupted Kitten		1	1	0	1	9209	1
9937	Common Kitten		5	5	0	1	9990	1
9938	Magmus		57	57	1	5	12162	0
9956	Shadowforge Flame Keeper		54	55	0	7	9309	0
9976	Tharlidun	Stable Master	30	30	0	7	9250	0
9977	Sylista	Stable Master	30	30	0	7	9249	0
9978	Wesley	Stable Master	30	30	0	7	9252	0
9979	Sarah Goode	Stable Master	30	30	0	7	9251	0
9980	Shelby Stoneflint	Stable Master	30	30	0	7	9253	0
9981	Sikwa	Stable Master	30	30	0	7	9254	1.25
9982	Penny	Stable Master	30	30	0	7	9255	0
9983	Kelsuwa	Stable Master	30	30	0	7	9256	1.35
9984	Ulbrek Firehand	Stable Master	30	30	0	7	9258	0
9985	Laziphus	Stable Master	30	30	0	7	9259	0
9986	Shyrka Wolfrunner	Stable Master	30	30	0	7	9260	0
9987	Shoja'my	Stable Master	30	30	0	7	9262	0
9988	Xon'cha	Stable Master	30	30	0	7	9261	0
9989	Lina Hearthstove	Stable Master	30	30	0	7	9263	0
9990	Lanti'gah		4	4	0	7	9574	0
9996	Winna Hazzard		57	57	0	7	9343	0
9997	Spraggle Frock		37	37	0	7	11389	0
9998	Shizzle		40	40	0	7	9341	0
9999	Ringo		54	54	0	7	9340	0
10000	Arugal		26	26	1	7	2353	0
10016	Tainted Rat		1	1	0	8	1141	0
10017	Tainted Cockroach		1	1	0	8	2177	0
10036	Brackenwall Enforcer		55	55	0	7	10704	0
10037	Lakeshire Guard		55	55	0	7	3447	0
10038	Night Watch Guard	The Night Watch	55	55	0	7	2381	0
10040	Gorishi Hive Guard		54	54	0	10	11085	0
10041	Gorishi Hive Queen		56	56	0	10	11086	0
10042	Corrupted Saber		5	5	0	1	9230	0
10043	Ribbly's Crony		48	52	1	7	9233	1.35
10044	[PH] Alex's Raid Testing Peon		60	60	0	7	3727	1
10045	Kirk Maxwell	Stable Master	30	30	0	7	9265	0
10046	Bethaine Flinthammer	Stable Master	30	30	0	7	9264	0
10047	Michael	Stable Master	30	30	0	7	9266	0
10048	Gereck	Stable Master	30	30	0	7	9267	0
10049	Hekkru	Stable Master	30	30	0	7	9268	0
10050	Seikwa	Stable Master	30	30	0	7	9269	1.25
10051	Seriadne	Stable Master	30	30	0	7	9270	0
10052	Maluressian	Stable Master	30	30	0	7	9271	0
10053	Anya Maulray	Stable Master	30	30	0	7	9273	0
10054	Bulrug	Stable Master	30	30	0	7	9272	1.48
10055	Morganus	Stable Master	30	30	0	7	9274	0
10056	Alassin	Stable Master	30	30	0	7	9275	0
10057	Theodore Mont Claire	Stable Master	30	30	0	7	9279	0
10058	Greth	Stable Master	30	30	0	7	9281	0
10059	Antarius	Stable Master	30	30	0	7	9282	0
10060	Grimestack	Stable Master	46	46	0	7	9284	0
10061	Killium Bouldertoe	Stable Master	30	30	0	7	9283	0
10062	Steven Black	Stable Master	30	30	0	7	9285	0
10063	Reggifuz	Stable Master	35	35	0	7	9286	0
10076	High Priestess of Thaurissan		58	58	1	7	9295	0
10077	Deathmaw		53	53	4	1	9562	0
10078	Terrorspark		55	55	4	3	1018	0
10079	Brave Moonhorn		30	30	0	7	9898	1.35
10080	Sandarr Dunereaver		45	45	2	7	9291	0
10081	Dustwraith		45	45	2	7	9292	0
10082	Zerillis		45	45	2	7	9293	0
10083	Rage Talon Flamescale		58	59	1	2	8249	0
10084	Rage Talon Whelp		57	57	0	2	457	1
10085	Jaelysia	Stable Master	30	30	0	7	9294	0
10086	Hesuwa Thunderhorn	Pet Trainer	40	40	0	7	9337	1.35
10088	Xao'tsu	Pet Trainer	40	40	0	7	9336	0
10089	Silvaria	Pet Trainer	40	40	0	7	9339	0
10090	Belia Thundergranite	Pet Trainer	40	40	0	7	9338	0
10096	High Justice Grimstone		52	52	1	7	9329	0
10116	Slave		1	1	0	7	9330	0
10117	Tortured Slave		1	1	0	6	7550	0
10118	Nessa Shadowsong	Fishing Supplies	25	25	0	7	9344	0
10119	Volchan		60	60	2	5	12232	0
10120	Vault Warder		45	45	1	4	5989	0
10136	Chemist Fuely		30	30	0	7	9353	0
10156	Scott's Test Dummy	TEST, Don't BUG	58	58	3	7	1045	1
10157	Moonkin Oracle		13	14	0	7	12236	0
10158	Moonkin		12	13	0	7	5927	0
10159	Young Moonkin		11	12	0	7	9390	0
10160	Raging Moonkin		12	14	0	7	12237	0
10161	Rookery Whelp		56	57	0	2	397	0
10162	Lord Victor Nefarius	Lord of Blackrock	63	63	3	2	9472	0
10176	Kaltunk		20	20	0	7	9470	0
10177	Spire Scarab		58	58	0	1	9469	1
10178	Riding MechaStrider (Flourescent Green)		1	1	0	9	9475	0
10179	Riding MechaStrider (Black)		1	1	0	9	9474	0
10180	Riding MechaStrider (Steel)		1	1	0	9	9476	0
10181	Lady Sylvanas Windrunner	Banshee Queen	63	63	3	7	11657	0
10182	Rexxar	Champion of the Horde	62	62	1	7	11660	0
10183	Moonflare Totem		54	55	0	11	4590	0
10184	Onyxia		63	63	3	2	8570	2
10196	General Colbatann		56	57	2	2	9489	0
10197	Mezzir the Howler		55	55	4	7	3208	0
10198	Kashoch the Reaver		60	60	2	5	10317	0
10199	Grizzle Snowpaw		59	59	4	7	9491	0
10200	Rak'shiri		57	57	4	1	10054	0
10201	Lady Hederine		61	61	2	3	10925	0
10202	Azurous		59	59	2	2	6373	0
10203	Berylgos		62	62	2	2	1687	1
10204	Misha		62	62	1	1	9492	0
10216	Gubber Blump		15	15	0	7	9550	0
10217	Flame Buffet Totem		56	57	0	11	4589	0
10218	Superior Healing Ward		56	56	0	10	2030	1
10219	Gwennyth Bly'Leggonde		21	21	0	7	9551	0
10220	Halycon		59	59	1	1	9567	0
10221	Bloodaxe Worg Pup		52	53	0	1	9563	1
10236	Wep		33	33	4	7	9529	1
10237	Yor		35	35	4	7	9530	1
10238	Staggon		35	35	4	7	9531	1
10239	Tepolar		38	38	2	7	9532	1
10256	[UNUSED] World Weapon Master Trainer	Weapon Master	50	50	0	7	11801	1
10257	Bijou		58	58	1	7	9553	0
10258	Rookery Guardian		58	59	1	2	2554	0
10259	Worg Pup		1	1	0	1	9563	0
10260	Kibler		56	56	0	7	9561	0
10261	Burning Felhound		54	55	0	3	1913	0
10262	Opus		40	40	0	1	9556	0
10263	Burning Felguard		56	57	2	3	5047	1.5
10264	Solakar Flamewreath		60	60	1	2	9581	0
10265	UNUSED [PH] Flamewreath Guard		58	59	1	2	8310	1
10266	Ug'thok	Journeyman Blacksmith	25	25	0	7	9739	0
10267	Tinkee Steamboil		53	53	0	7	9791	0
10268	Gizrul the Slavener		60	60	1	1	9564	0
10276	Rotgath Stonebeard	Expert Blacksmith	31	31	0	7	9741	0
10277	Groum Stonebeard	Journeyman Blacksmith	25	25	0	7	9740	0
10278	Thrag Stonehoof	Journeyman Blacksmith	24	24	0	7	9742	1.35
10290	Captured Felwood Ooze		30	30	0	10	2236	1
10291	Krysteea	Warrior Trainer	50	50	0	7	2198	1
10292	Rombulus Frostmoon	Dagger Trainer	40	40	0	7	9820	1
10293	Dulciea Frostmoon	Cloth Armor Merchant	51	51	0	7	9822	0
10294	Malakar Frostmoon	Fist Weapons Trainer	40	40	0	7	9824	1
10295	Jennail Mooncaller	Staves Trainer	40	40	0	7	9823	1
10296	Vaelan		54	54	1	2	9643	0
10297	Gerratys Nightrunner	Bow Trainer	40	40	0	7	9825	1
10298	Traelion Shadewhisper	Thrown Weapons Trainer	40	40	0	7	9826	1
10299	Scarshield Infiltrator	Scarshield Legion	54	55	1	7	9642	0
10300	Ranshalla		58	58	0	7	9775	0
10301	Jaron Stoneshaper	Explorers' League	55	55	0	7	9773	0
10302	Krakle		60	60	0	7	9777	0
10303	Storm Shadowhoof		60	60	0	7	9776	1.35
10304	Aurora Skycaller		62	62	0	7	9754	0
10305	Umi Rumplesnicker		57	57	0	7	9780	0
10306	Trull Failbane		55	55	0	7	9779	0
10307	Witch Doctor Mau'ari		55	55	0	7	9774	0
10316	Blackhand Incarcerator	Blackhand Legion	59	60	0	7	9690	0
10317	Blackhand Elite	Blackhand Legion	60	61	1	7	9734	0
10318	Blackhand Assassin	Blackhand Legion	60	61	1	7	9691	0
10319	Blackhand Iron Guard	Blackhand Legion	60	61	1	7	9696	0
10321	Emberstrife		61	61	1	2	6374	0
10322	Riding Tiger (White)		1	1	0	1	9695	0
10323	Murkdeep		19	19	0	7	1079	0
10336	Riding Tiger (Leopard)		1	1	0	1	4805	0
10337	Riding Tiger (Orange)		1	1	0	1	6442	0
10338	Riding Tiger (Gold)		1	1	0	1	9714	0
10339	Gyth	Rend Blackhand's Mount	62	62	1	2	9806	0
10340	Vaelastrasz the Red		62	62	1	2	9912	0
10356	Bayne		10	10	4	3	7892	0
10357	Ressan the Needler		11	11	4	1	9750	0.45
10358	Fellicent's Shade		12	12	4	6	5430	1
10359	Sri'skulk		13	13	4	1	418	0
10360	Kergul Bloodaxe	Warsong Gulch Battlemaster	61	61	1	7	9762	0
10361	Gruul Darkblade	Weaponsmith	52	52	0	7	9761	0
10362	[UNUSED] Gethuxxuz	Thrown Weapon Trainer	40	40	0	7	9766	1
10363	General Drakkisath		62	62	3	2	10115	0
10364	Yaelika Farclaw	Reagents & Poisons	55	55	0	7	9763	0
10365	[UNUSED] Yillixa	Weapon Master	40	40	0	7	9767	1
10366	Rage Talon Dragon Guard		60	61	1	2	9753	0
10367	Shrye Ragefist	Food and Drink	55	55	0	7	9765	0
10368	[UNUSED] Dat'xus	Staves Trainer	40	40	0	7	9764	1
10369	Trayexir	Weapon Merchant	12	12	0	7	9768	0
10370	[UNUSED] Xur'gyl		40	40	0	7	9769	0
10371	Rage Talon Captain		62	62	1	2	8310	0
10372	Rage Talon Fire Tongue		60	61	1	2	8309	0
10373	Xabraxxis		19	19	0	3	2007	0
10374	Spire Spider		57	58	1	1	9755	0
10375	Spire Spiderling		55	56	0	1	9756	0
10376	Crystal Fang		60	60	2	1	9755	0
10377	Elu	Wind Rider Apprentice	28	28	0	7	9901	1.35
10378	Omusa Thunderhorn	Wind Rider Master	55	55	1	7	9771	1.35
10379	Altsoba Ragetotem	Weapon Merchant	55	55	0	7	9770	1.35
10380	Sanuye Runetotem	Leather Armor Merchant	15	15	0	7	9772	1.35
10381	Ravaged Cadaver		56	57	1	6	10974	0
10382	Mangled Cadaver		55	56	1	6	10972	0
10383	Broken Cadaver		55	56	0	6	10970	0
10384	Spectral Citizen		55	56	1	6	10483	0
10385	Ghostly Citizen		56	57	1	6	10478	0
10387	Vengeful Phantom		56	57	0	6	146	0
10388	Spiteful Phantom		58	59	0	6	10700	0
10389	Wrath Phantom		60	61	0	6	10701	0
10390	Skeletal Guardian		55	56	0	6	9789	0
10391	Skeletal Berserker		56	57	0	6	9784	0
10393	Skul		58	58	2	6	2606	0
10394	Black Guard Sentry		58	59	1	6	775	0
10395	Black Guard Warrior		59	60	1	6	775	1
10397	Black Guard Executioner		61	62	1	6	775	1
10398	Thuzadin Shadowcaster		58	59	1	7	10631	0
10399	Thuzadin Acolyte		59	60	0	7	10535	0
10400	Thuzadin Necromancer		60	61	1	7	10539	0
10401	[UNUSED] Thuzadin Shadow Lord		61	62	1	7	2582	1
10402	[UNUSED] Cannibal Wight		57	58	1	6	2582	1
10403	[UNUSED] Devouring Wight		58	59	1	6	2582	1
10404	[UNUSED] Fetid Wight		1	1	1	6	2582	1
10405	Plague Ghoul		57	58	1	6	559	0
10406	Ghoul Ravener		58	59	1	6	10626	0
10407	Fleshflayer Ghoul		59	60	1	6	414	0
10408	Rockwing Gargoyle		57	58	1	6	7533	0
10409	Rockwing Screecher		58	59	1	6	11071	0
10411	Eye of Naxxramas		55	57	0	6	4629	0
10412	Crypt Crawler		58	59	1	6	6841	0
10413	Crypt Beast		59	60	1	6	9758	0
10414	Patchwork Horror		57	58	1	6	1693	0
10415	Ash'ari Crystal		60	60	1	10	9832	0
10416	Bile Spewer		59	60	1	6	9760	0
10417	Venom Belcher		60	61	1	6	12819	0
10418	Crimson Guardsman		57	58	1	7	10492	0
10419	Crimson Conjuror		57	58	1	7	10488	0
10420	Crimson Initiate		57	58	1	7	10496	0
10421	Crimson Defender		58	59	1	7	10500	0
10422	Crimson Sorcerer		58	59	1	7	10504	0
10423	Crimson Priest		58	59	1	7	10508	0
10424	Crimson Gallant		59	60	1	7	10512	0
10425	Crimson Battle Mage		59	60	1	7	10529	0
10426	Crimson Inquisitor		59	60	1	7	10516	0
10427	Pao'ka Swiftmountain		30	30	0	7	9900	1.21
10428	Motega Firemane		28	28	0	7	9902	1.35
10429	Warchief Rend Blackhand		62	62	3	7	9778	0
10430	The Beast		62	62	3	1	10193	0
10431	Gregor Greystone	The Argent Dawn	55	55	0	7	9792	0
10432	Vectus		60	60	1	6	2606	0
10433	Marduk Blackpool		58	58	1	6	10248	0
10435	Magistrate Barthilas		58	58	1	6	10433	0
10436	Baroness Anastari		59	59	1	6	10698	0
10437	Nerub'enkan		60	60	1	6	9793	0
10438	Maleki the Pallid		61	61	1	7	10546	0
10439	Ramstein the Gorger		61	61	1	6	12818	0
10440	Baron Rivendare		62	62	1	6	10729	0
10441	Plagued Rat		55	55	0	8	1141	0
10442	Chromatic Whelp		57	58	0	2	10095	0
10443	[UNUSED] Gustav Montague	Sword Trainer	40	40	0	7	9807	1
10444	[UNUSED] Mallory Welsh	Polearm Trainer	40	40	0	7	9808	1
10445	Selina Dourman	Darkmoon Faire Information	30	30	0	7	9810	0
10446	[UNUSED] Elliott Jacks	Crossbow Trainer	40	40	0	7	9809	1
10447	Chromatic Dragonspawn		59	60	1	2	10094	0
10448	[UNUSED] Rachael Vaccar	Sword Trainer	40	40	0	7	9811	1
10449	Emily Vaccar	Polearm Trainer	40	40	0	7	9813	1
10450	[UNUSED] Paul Burges	Crossbow Trainer	40	40	0	7	9815	1
10451	Sarah Arello	Staves Trainer	40	40	0	7	9812	1
10452	Farbrahm Steelfist	Mace Trainer	40	40	0	7	9816	1
10453	Grimbur Flintaxe	Axe Trainer	40	40	0	7	9814	1
10454	Filliwick Featherfizz	Crossbow Trainer	40	40	0	7	9819	1
10455	Binny Springblade		40	40	0	7	9818	1.15
10456	Prynne		40	40	0	7	9821	1.15
10459	Rend on Drake Visual		1	1	0	2	9723	1
10460	Prospector Ironboot		48	48	0	7	10195	0
10461	Plagued Insect		55	55	0	8	7511	0.2
10463	Shrieking Banshee		57	58	1	6	10728	0
10464	Wailing Banshee		58	59	1	6	8782	0
10466	Styleen Silvercart	Exotic Item Vendor	40	40	0	7	10665	1
10467	Mana Tide Totem		42	42	0	11	4587	0
10468	Felnok Steelspring		54	54	0	7	10655	0
10469	Scholomance Adept		58	59	1	7	11161	0
10470	Scholomance Neophyte		57	58	1	7	11164	0
10471	Scholomance Acolyte		57	58	1	7	11157	0
10472	Scholomance Occultist		58	59	1	7	11157	0
10473	Scholomance Shadowcaster		40	40	0	7	11163	1
10475	Scholomance Student		58	59	1	7	11161	0
10476	Scholomance Necrolyte		57	58	1	7	11161	0
10477	Scholomance Necromancer		58	59	1	7	11163	0
10478	Splintered Skeleton		59	60	1	6	11401	0
10479	Skulking Corpse		59	59	0	6	5432	0
10480	Unstable Corpse		58	59	0	6	10978	0
10481	Reanimated Corpse		58	59	0	6	10975	0
10482	Risen Lackey		1	1	0	6	9786	0
10483	Risen Flayer		40	41	0	6	9786	1
10484	Risen Terror		40	41	0	6	9786	1
10485	Risen Aberration		57	58	0	6	9786	0
10486	Risen Warrior		59	61	1	6	7847	0
10487	Risen Protector		58	60	1	6	11489	0
10488	Risen Construct		58	61	1	6	12074	0
10489	Risen Guard		57	59	1	6	7848	0
10491	Risen Bonewarder		58	59	1	6	11397	0
10492	Risen Shadowmage		41	41	1	6	11397	1
10493	Risen Sorcerer		41	41	0	6	11397	1
10494	Decrepit Ghoul		40	41	0	6	1065	1
10495	Diseased Ghoul		58	59	1	6	519	0
10497	Ragged Ghoul		58	58	1	6	414	0
10498	Spectral Tutor		58	60	1	6	3942	0
10499	Spectral Researcher		58	60	1	6	3942	0
10500	Spectral Teacher		58	61	1	6	3942	0
10502	Lady Illucia Barov		60	60	1	6	11835	0
10503	Jandice Barov		61	61	1	6	11073	0
10504	Lord Alexei Barov		60	60	1	6	11072	0
10505	Instructor Malicia		60	60	1	7	11069	0
10506	Kirtonos the Herald		60	60	1	6	7534	0
10507	The Ravenian		60	60	1	6	10433	0
10508	Ras Frostwhisper		62	62	1	6	7919	0
10509	Jed Runewatcher	Blackhand Legion	59	59	2	7	9686	0
10510	Plagued Slime		44	44	0	8	7763	1
10516	The Unforgiven		57	57	1	6	10771	0
10536	Plagued Maggot		55	55	0	8	9903	0.2
10537	Cliffwatcher Longhorn		55	55	0	7	9899	1.35
10538	Vaelastrasz		60	60	1	2	9909	0
10539	Hagar Lightninghoof		30	30	0	7	10132	1.35
10540	Vol'jin		60	60	3	7	10357	0
10541	Krakle's Thermometer		1	1	0	8	7804	0
10556	Lazy Peon		4	4	0	7	10038	0
10557	Flametongue Totem IV		46	46	0	11	4589	0
10558	Hearthsinger Forresten		57	57	2	6	10482	0
10559	Lady Vespia		22	22	4	7	4979	0
10577	Crypt Scarab		58	58	0	1	10005	0
10578	Bom'bay	Witch Doctor in Training	8	8	0	7	9911	0
10579	Kirtonos the Herald (Spell Visual)		60	60	1	6	9943	1.35
10580	Fetid Zombie		54	56	0	6	4631	0
10581	Young Arikara		20	20	1	1	9913	0.75
10582	Dog	Sire	10	10	0	8	10209	0
10583	Gryfe	Flight Master	55	55	1	7	1233	0
10584	Urok Doomhowl		60	60	2	7	11583	0
10596	Mother Smolderweb		59	59	1	1	9929	0
10598	Smolderweb Hatchling		1	1	0	1	9997	0
10599	Hulfnar Stonetotem		10	10	0	7	9936	1.35
10600	Thontek Rumblehoof		11	11	0	7	9935	1.35
10601	Urok Enforcer		54	55	1	7	11584	0
10602	Urok Ogre Magus		54	55	1	7	11585	0
10603	Hallucination		1	1	0	7	9939	0
10604	Huntress Nhemai		20	20	0	7	9937	0
10605	Scarlet Medic		52	54	0	7	10311	0
10606	Huntress Yaeliura		20	20	0	7	9938	0
10607	[UNUSED] Siralnaya		60	60	1	10	9944	1
10608	Scarlet Priest		55	57	1	7	10332	0
10610	Angus	Dwarven Mortar Team	11	11	0	7	9946	0
10611	Shorty	Dwarven Mortar Team	10	10	0	7	9947	0
10612	Guard Wachabe		45	45	0	7	10958	1.35
10616	Supervisor Raelen		15	15	0	7	10995	0
10617	Galak Messenger		26	26	0	7	9532	0
10618	Rivern Frostwind	Wintersaber Trainers	62	62	0	7	10190	0
10619	Glacier	Rivern's Guardian	50	50	0	1	9954	0
10620	TEST NPC - DBUCKLER		50	50	0	7	7990	1
10636	Pack Kodo		30	30	0	1	7933	0
10637	Malyfous Darkhammer	The Thorium Brotherhood	59	59	0	7	9969	0
10638	Kanati Greycloud		30	30	0	7	10057	1.35
10639	Rorgish Jowl		25	25	4	7	6800	0
10640	Oakpaw		27	27	4	7	5773	0
10641	Branch Snapper		25	25	4	4	8389	0
10642	Eck'alom		27	27	4	4	5561	0
10643	Mugglefin		23	23	4	7	11293	0
10644	Mist Howler		22	22	4	1	165	0
10645	Thalia Amberhide		30	30	0	7	10093	1.25
10646	Lakota Windsong		30	30	0	7	10092	1.25
10647	Prince Raze		32	32	4	3	11331	0
10648	Xavaric		55	55	0	3	2879	0
10656	Guardian Felhunter		30	30	0	3	850	0.7
10657	Corrupted Cat		1	1	0	1	9993	1
10658	Winna's Kitten		1	1	0	1	9990	0
10659	Cobalt Whelp		54	55	0	2	10585	0
10660	Cobalt Broodling		55	56	0	2	10584	0
10661	Spell Eater		54	56	0	2	10583	0
10662	Spellmaw		56	56	1	2	9995	0
10663	Manaclaw		58	58	1	2	9996	0
10664	Scryer		60	60	1	2	6373	0
10665	Junior Apothecary Holland	Royal Apothecary Society	20	20	0	7	9999	0
10666	Gordo		30	30	0	6	10006	0
10667	Chromie		63	63	0	2	10008	1.15
10668	Beaten Corpse		16	16	0	7	10004	0
10676	Raider Jhash		35	35	0	7	10009	0
10678	Plagued Hatchling		57	59	0	2	10007	0
10680	Summoned Blackhand Dreadweaver	Blackhand Legion	59	60	1	7	9670	0
10681	Summoned Blackhand Veteran	Blackhand Legion	59	60	1	7	9686	0
10682	Raider Kerr		35	35	0	7	10010	0
10683	Rookery Hatcher		58	59	1	2	8309	0
10684	Remorseful Highborne		56	56	0	6	11423	0
10685	Swine		3	3	0	8	10015	0
10696	Refuge Pointe Defender		41	45	0	7	4137	0
10697	Bile Slime		59	60	0	10	10029	1
10698	Summoned Zombie		53	54	0	6	10030	1
10699	Carrion Scarab		57	58	0	6	10031	0.4
10716	Belfry Bat		1	1	0	8	10033	0.4
10717	Temporal Parasite		55	57	0	1	10046	0
10718	Shahram		1	1	0	10	10036	0
10719	Herald of Thrall		50	50	0	7	10071	0
10720	Galak Assassin		27	28	0	7	9435	0
10721	Novice Warrior		5	5	0	7	10049	1.35
10736	Unkillable Test Dummy 60 Mage		60	60	0	7	2467	1
10737	Shy-Rotam		60	60	1	1	10113	0
10738	High Chief Winterfall		59	59	1	7	9491	0
10739	Mulgris Deepriver		55	55	0	7	10069	1.62
10740	Awbee		57	57	1	2	6293	1
10741	Sian-Rotam		60	60	1	1	10114	0
10742	Blackhand Dragon Handler	Blackhand Legion	59	60	1	7	10176	0
10756	Scalding Elemental		28	29	0	4	5562	0
10757	Boiling Elemental		27	28	0	4	5561	0
10758	Grimtotem Bandit		25	26	0	7	10223	1.35
10759	Grimtotem Stomper		26	27	0	7	10238	1.35
10760	Grimtotem Geomancer		25	27	0	7	10227	1.35
10761	Grimtotem Reaver		28	28	0	7	10233	1.35
10762	Blackhand Thug		60	60	1	7	10172	0
10776	Finkle Einhorn		60	60	1	7	10089	0
10778	Janice Felstone		5	5	0	6	10129	0
10779	Infected Squirrel		1	1	0	8	10090	0
10780	Infected Deer		5	5	0	8	10091	0
10781	Royal Overseer Bauhaus	Undercity Census	40	40	0	7	10130	0
10782	Royal Factor Bathrilor	Stormwind Census	40	40	0	7	10131	0
10783	Orb of Deception (Orc, Male)		1	1	0	7	1877	1
10784	Orb of Deception (Orc, Female)		1	1	0	7	9886	1
10785	Orb of Deception (Tauren, Male)		1	1	0	7	7626	1
10786	Orb of Deception (Tauren, Female)		1	1	0	7	10052	1
10787	Orb of Deception (Troll, Male)		1	1	0	7	9715	1
10788	Orb of Deception (Troll, Female)		1	1	0	7	9718	1
10789	Orb of Deception (Undead, Male)		1	1	0	7	2860	1
10790	Orb of Deception (Undead, Female)		1	1	0	7	6058	1
10791	Orb of Deception (Dwarf, Male)		1	1	0	7	1891	1
10792	Orb of Deception (Dwarf, Female)		1	1	0	7	10134	1
10793	Orb of Deception (Gnome, Male)		1	1	0	7	4493	1
10794	Orb of Deception (Gnome, Female)		1	1	0	7	7138	1
10795	Orb of Deception (Human, Male)		1	1	0	7	2517	1
10796	Orb of Deception (Human, Female)		1	1	0	7	3143	1
10797	Orb of Deception (NightElf, Male)		1	1	0	7	4180	1
10798	Orb of Deception (Nightelf, Female)		1	1	0	7	2227	1
10799	Warosh	The Cursed	60	60	0	7	763	1
10800	Warosh the Redeemed		60	60	0	7	6704	0
10801	Jabbering Ghoul		54	54	0	6	10487	0
10802	Hitah'ya the Keeper		51	51	1	7	10659	0
10803	Rifleman Wheeler		8	9	0	7	10111	0
10804	Rifleman Middlecamp		8	9	0	7	10110	0
10805	Spotter Klemmy		6	6	0	7	10109	0
10806	Ursius		56	56	1	1	10618	0
10807	Brumeran		58	58	1	1	12683	0
10808	Timmy the Cruel		58	58	2	6	571	0
10809	Stonespine		60	60	2	6	7856	0
10810	[UNUSED] Deathcaller Majestis		59	59	2	6	9014	1
10811	Archivist Galford		60	60	1	7	10544	0
10812	Grand Crusader Dathrohan		62	62	1	7	10545	0
10813	Balnazzar		62	62	1	3	10691	0
10814	Chromatic Elite Guard		59	60	1	2	10116	0
10816	Wandering Skeleton		55	55	0	6	7550	0
10817	Duggan Wildhammer		55	55	4	7	10374	0
10818	Death Knight Soulbearer		43	43	4	6	6380	1
10819	Baron Bloodbane		59	59	4	6	6380	1
10820	Duke Ragereaver		45	45	4	6	6380	1
10821	Hed'mush the Rotting		57	57	4	6	10709	0
10822	Warlord Thresh'jin		58	58	4	7	10452	0
10823	Zul'Brin Warpbranch		59	59	4	7	10443	0
10824	Ranger Lord Hawkspear		60	60	4	7	10375	0
10825	Gish the Unmoving		56	56	4	6	7856	0
10826	Lord Darkscythe		57	57	4	6	7847	0
10827	Deathspeaker Selendre	Cult of the Damned	56	56	4	7	10432	0
10828	High General Abbendis		59	59	2	7	10431	0
10836	Farmer Dalson		56	56	0	6	10627	0
10837	High Executor Derrington		61	61	0	7	10150	0
10838	Commander Ashlam Valorfist		61	61	0	7	10151	0
10839	Argent Officer Garush	The Argent Dawn	60	60	0	7	10210	0
10840	Argent Officer Pureheart	The Argent Dawn	60	60	0	7	10211	0
10856	Argent Quartermaster Hasana	The Argent Dawn	58	58	0	7	10212	0
10857	Argent Quartermaster Lightspark	The Argent Dawn	58	58	0	7	10213	1.15
10876	Undead Scarab		57	57	0	6	10031	0.3
10877	Courier Hammerfall		3	3	0	7	10184	0
10878	Herald Moonstalker		3	3	0	7	10185	0
10879	Harbinger Balthazad		3	3	0	7	10187	0
10880	Warcaller Gorlach		3	3	0	7	10186	0
10881	Bluff Runner Windstrider		3	3	0	7	10188	1.35
10882	Arikara	Vengeance	28	28	1	1	10183	0
10896	Arnak Grimtotem		29	29	0	7	10243	1.35
10897	Sindrayl	Hippogryph Master	55	55	1	7	10196	0
10898	Blackhand Armorsmith	Blackhand Legion	59	59	1	7	10218	1
10899	Goraluk Anvilcrack	Blackhand Legion Armorsmith	61	61	1	7	10222	0
10901	Lorekeeper Polkelt		60	60	1	6	11492	0
10902	Andorhal Tower One		1	1	0	10	7804	0.1
10903	Andorhal Tower Two		1	1	0	10	7804	0.1
10904	Andorhal Tower Three		1	1	0	10	7804	0.1
10905	Andorhal Tower Four		1	1	0	10	7804	0.1
10916	Winterfall Runner		57	57	0	7	6829	0
10917	Aurius		60	60	0	7	10217	0
10918	Lorax		61	61	0	7	11513	0
10919	Shatterspear Troll		52	58	0	7	10249	0
10920	Kelek Skykeeper	Emerald Circle	57	57	0	7	10649	0
10921	Taronn Redfeather	Emerald Circle	50	50	0	7	10254	1.35
10922	Greta Mosshoof	Emerald Circle	59	59	0	7	10253	1.25
10923	Tenell Leafrunner	Emerald Circle	62	62	0	7	10647	0
10924	Ivy Leafrunner	Emerald Circle	63	63	0	7	10646	0
10925	Rotting Worm		50	50	0	10	11009	0
10926	Pamela Redpath		1	1	0	6	10445	0
10927	Marlene Redpath		10	10	0	6	10232	0
10928	Succubus Minion		40	40	0	3	4162	0
10929	Haleh		62	62	1	2	10199	0
10930	Dargh Trueaim	Hunter Trainer	25	25	0	7	10245	0
10936	Joseph Redpath		60	60	0	6	10229	0
10937	Captain Redpath		60	60	1	6	10237	0
10938	Redpath the Corrupted		60	60	1	6	10242	0
10939	Marduk the Black		58	58	1	6	11892	0
10940	Ghost of the Past		55	55	0	6	10453	0
10941	Wizlo Bearingshiner		31	31	0	7	10981	0
10942	Nessy		62	62	3	1	10244	0
10943	Decrepit Guardian		55	56	0	6	11731	0
10944	Davil Lightfire		60	60	1	6	10247	0
10945	Davil Crokford		60	60	0	6	10246	0
10946	Horgus the Ravager		60	60	1	6	11730	0
10947	Darrowshire Betrayer		57	58	0	6	10362	0
10948	Darrowshire Defender		57	58	0	6	10366	0
10949	Silver Hand Disciple		57	58	1	6	10370	0
10950	Redpath Militia		56	56	0	6	10358	0
10951	Marauding Corpse		56	57	0	6	11471	0
10952	Marauding Skeleton		56	57	0	6	3507	0
10953	Servant of Horgus		57	58	1	6	11731	0
10954	Bloodletter		57	58	1	6	10448	0
10955	Summoned Water Elemental		55	56	0	4	4606	1
10956	Naga Siren		55	57	0	7	11263	0
10976	Jeziba		58	58	0	7	11394	0
10977	Quixxil		53	53	0	7	10650	0
10978	Legacki		57	57	0	7	10651	0
10979	Scarlet Hound		52	53	0	1	2709	0
10980	Umi's Mechanical Yeti		1	1	0	7	10269	0
10981	Frostwolf		50	51	0	1	10278	0
10982	Whitewhisker Vermin		52	53	0	7	371	0
10983	Winterax Troll		57	58	1	7	14013	0
10984	Winterax Berserker		61	62	1	7	11632	0
10985	Ice Giant		50	51	1	5	10041	0
10986	Snowblind Harpy		52	53	0	7	10282	0
10987	Irondeep Trogg		52	53	0	7	10285	0
10988	Kodo Spirit		60	60	0	1	10283	0
10989	Blizzard Elemental		50	51	1	4	8716	0
10990	Alterac Ram		50	51	0	1	13340	0
10991	Wildpaw Gnoll		52	53	0	7	494	0
10992	Enraged Panther		30	30	1	1	1095	0
10993	Twizwick Sprocketgrind	Journeyman Engineer	25	25	0	7	10454	0
10996	Fallen Hero		58	60	1	6	10459	0
10997	Cannon Master Willey		60	60	1	7	10674	0
11016	Captured Arko'narin		48	48	0	7	10407	0
11017	Roxxik	Artisan Engineer	46	46	0	7	10472	0
11018	Arko'narin		48	48	0	7	10402	0
11019	Jessir Moonbow		50	50	0	7	10412	0
11020	Remains of Trey Lightforge		50	50	0	7	10425	0
11021	Riding Tiger (Winterspring)		1	1	0	1	10426	0
11022	Alexi Barov	House of Barov	60	60	1	7	10456	0
11023	Weldon Barov	House of Barov	60	60	1	7	10457	0
11024	Della	Jessir's Pet	49	49	0	1	1030	0
11025	Mukdrak	Journeyman Engineer	26	26	0	7	10570	0
11026	Sprite Jumpsprocket	Journeyman Engineer	24	24	0	7	10569	1.15
11027	Illusory Wraith		51	51	0	6	3123	1
11028	Jemma Quikswitch	Journeyman Engineer	24	24	0	7	10571	1.15
11029	Trixie Quikswitch	Expert Engineer	31	31	0	7	10722	1.15
11030	Mindless Undead		56	57	0	6	9784	0
11031	Franklin Lloyd	Expert Engineer	33	33	0	7	10572	0
11032	Malor the Zealous		60	60	1	7	10458	0
11033	Smokey LaRue		55	55	0	7	10471	0
11034	Lord Maxwell Tyrosus	The Argent Dawn	62	62	0	7	10469	0
11035	Betina Bigglezink	The Argent Dawn	57	57	0	7	10465	1.15
11036	Leonid Barthalomew the Revered	The Argent Dawn	60	60	0	7	10474	0
11037	Jenna Lemkenilli	Journeyman Engineer	26	26	0	7	10575	1.15
11038	Caretaker Alen	The Argent Dawn	52	52	0	7	10560	0
11039	Duke Nicholas Zverenhoff	The Argent Dawn	60	60	0	7	10468	0
11040	Watcher Brownell	The Night Watch	30	30	0	7	10455	0
11041	Milla Fairancora	Journeyman Alchemist	24	24	0	7	10573	0
11042	Sylvanna Forestmoon	Expert Alchemist	32	32	0	7	10574	0
11043	Crimson Monk		58	60	1	7	10463	0
11044	Doctor Martin Felben	Journeyman Alchemist Trainer	25	25	0	7	10576	0
11045	Burns		45	45	0	7	10466	1
11046	Whuut	Journeyman Alchemist	23	23	0	7	10578	0
11047	Kray	Journeyman Alchemist	25	25	0	7	10577	1.35
11048	Victor Ward	Journeyman Tailor	24	24	0	7	10580	0
11049	Rhiannon Davis	Expert Tailor	32	32	0	7	10581	0
11050	Trianna	Journeyman Tailor	25	25	0	7	10582	0
11051	Vhan	Journeyman Tailor	26	26	0	7	10586	1.35
11052	Timothy Worthington	Master Tailor	51	51	0	7	10587	0
11053	High Priestess MacDonnell		60	60	0	7	10549	0
11054	Crimson Rifleman		60	60	0	7	10820	0
11055	Shadow Priestess Vandis		60	60	0	7	10550	0
11056	Alchemist Arbington		58	58	0	7	10551	0
11057	Apothecary Dithers		58	58	0	7	10552	0
11058	Fras Siabi		61	61	1	6	10475	0
11063	Carlin Redpath	The Argent Dawn	58	58	0	7	10476	0
11064	Darrowshire Spirit		56	57	0	6	10907	0
11065	Thonys Pillarstone	Journeyman Enchanter	25	25	0	7	10588	0
11066	Jhag	Journeyman Enchanter	26	26	0	7	10589	0
11067	Malcomb Wynn	Journeyman Enchanter	23	23	0	7	10590	0
11068	Betty Quin	Journeyman Enchanter	25	25	0	7	10591	0
11069	Jenova Stoneshield	Stable Master	30	30	0	7	10477	0
11070	Lalina Summermoon	Journeyman Enchanter	27	27	0	7	10592	0
11071	Mot Dawnstrider	Journeyman Enchanter	21	21	0	7	10614	1.35
11072	Kitta Firewind	Artisan Enchanter	44	44	0	7	10610	0
11073	Annora	Master Enchanter	54	54	0	7	10609	0
11074	Hgarth	Artisan Enchanter	46	46	0	7	10611	0
11075	Cauldron Lord Bilemaw		53	53	0	6	569	0
11076	Cauldron Lord Razarch		56	56	0	6	2606	0
11077	Cauldron Lord Malvinious		55	55	0	6	7848	0
11078	Cauldron Lord Soulwrath		58	58	0	6	11649	0
11079	Wynd Nightchaser		62	62	0	7	10645	0
11080	[PH[ Combat Tester		60	60	0	7	2572	1
11081	Faldron	Expert Leatherworker	32	32	0	7	10616	0
11082	Stratholme Courier		57	57	1	6	10547	0
11083	Darianna	Journeyman Leatherworker	24	24	0	7	10615	0
11084	Tarn	Expert Leatherworker	36	36	0	7	10617	1.35
11096	Randal Worth	Journeyman Leatherworker	24	24	0	7	10625	0
11097	Drakk Stonehand	Master Leatherworking Trainer	55	55	0	7	10622	0
11098	Hahrana Ironhide	Master Leatherworker	55	55	0	7	10623	1.25
11099	Argent Guard	The Argent Dawn	55	55	0	7	10554	0
11100	Mana Tide Totem II		52	52	0	11	4587	0
11101	Mana Tide Totem III		60	60	0	11	4587	0
11102	Argent Rider	The Argent Dawn	60	60	1	7	10561	0
11103	Innkeeper Lyshaerya	Innkeeper	30	30	0	7	10565	0
11104	Shelgrayn	Stable Master	30	30	0	7	10567	0
11105	Aboda	Stable Master	30	30	0	7	10566	1.35
11106	Innkeeper Sikewa	Innkeeper	30	30	0	7	10564	1.35
11116	Innkeeper Abeqwa	Innkeeper	30	30	0	7	10653	1.35
11117	Awenasa	Stable Master	30	30	0	7	10652	1.25
11118	Innkeeper Vizzie	Innkeeper	30	30	0	7	10654	0
11119	Azzleby	Stable Master	30	30	0	7	10656	0
11120	Crimson Hammersmith		60	60	1	7	10637	0
11121	Black Guard Swordsmith		61	62	1	6	775	0
11122	Restless Soul		1	1	0	10	1825	0
11136	Freed Soul		1	1	0	10	1825	0
11137	Xai'ander	Weaponsmith	35	35	0	7	10636	0
11138	Maethrya	Hippogryph Master	55	55	1	7	10657	0
11139	Yugrek	Wind Rider Master	55	55	1	7	10658	0
11140	Egan		59	59	0	7	10644	0
11141	Spirit of Trey Lightforge		53	53	1	6	10641	0
11142	Undead Postman		57	58	1	6	10668	0
11143	Postmaster Malown		60	60	1	6	10669	0
11144	Oracle Sphere		1	1	0	10	10648	1
11145	Myolor Sunderfury		53	53	0	7	10693	0
11146	Ironus Coldsteel	Special Weapon Crafter	54	54	0	7	10694	0
11147	Riding MechaStrider (Green/Gray)		1	1	0	9	10661	0
11148	Riding MechaStrider (Purple)		1	1	0	9	10662	0
11149	Riding MechaStrider (Red/Blue)		1	1	0	9	10664	0
11150	Riding MechaStrider (Icy Blue)		1	1	0	9	10666	0
11151	Riding MechaStrider (Yellow/Green)		1	1	0	9	10666	1
11152	The Scourge Cauldron		1	1	0	10	7804	0.1
11153	Riding Skeletal Horse (Red)		1	1	0	6	10670	0
11154	Riding Skeletal Horse (Blue)		1	1	0	6	10671	0
11155	Riding Skeletal Horse (Brown)		1	1	0	6	10672	0
11156	Green Skeletal Warhorse		1	2	0	6	10720	0
11176	Krathok Moltenfist		53	53	0	7	10695	0
11177	Okothos Ironrager	Armorsmith	52	52	0	7	10696	0
11178	Borgosh Corebender	Weaponsmith	51	51	0	7	10697	0
11179	Crystal Trigger		1	1	0	6	1141	1
11180	Bloodvenom Post Brave		55	55	0	7	10734	1.25
11181	Shi'alune	Kaerbrus' Pet	56	56	0	1	11452	0
11182	Nixxrak	Heavy Armor Merchant	54	54	0	7	10739	0
11183	Blixxrak	Light Armor Merchant	55	55	0	7	10740	0
11184	Wixxrak	Weaponsmith & Gunsmith	53	53	0	7	10741	0
11185	Xizzer Fizzbolt	Engineering Supplies	57	57	0	7	10742	0
11186	Lunnix Sprocketslip	Mining Supplies	54	54	0	7	10744	0
11187	Himmik	Food & Drink	60	60	0	7	10743	0
11188	Evie Whirlbrew	Alchemy Supplies	58	58	0	7	10745	0
11189	Qia	Trade Goods Supplies	51	51	0	7	10746	0
11190	Everlook Bruiser		57	57	0	7	10747	0
11191	Lilith the Lithe		55	55	0	7	10725	0
11192	Kilram		58	58	0	7	10726	0
11193	Seril Scourgebane		57	57	0	7	10724	0
11194	Argent Defender	The Argent Dawn	55	55	0	7	11406	0
11195	Skeletal Black Warhorse		40	40	0	6	10718	0
11196	Shatterspear Drummer		52	58	0	7	11442	0
11197	Mindless Skeleton		60	60	0	6	9784	0
11198	Draenei Exile		42	42	0	7	11650	0
11199	Crimson Cannon		61	61	0	9	10753	0
11200	Summoned Skeleton		60	60	0	6	158	0
11216	Eva Sarkhoff		54	54	0	6	10895	0
11217	Lucien Sarkhoff		55	55	0	6	10896	0
11218	Kerlonian Evershade	Druid of the Claw	20	20	0	7	10858	0
11219	Liladris Moonriver		42	42	0	7	10878	0
11236	Blood Parrot		1	1	0	1	9554	0
11256	Manifestation of Water		60	60	1	4	13444	0
11257	Scholomance Handler		59	60	1	7	11161	0
11258	Frail Skeleton		1	1	0	6	7550	0
11259	Nataka Longhorn		40	40	0	7	11469	1.35
11260	Northshire Peasant		1	1	0	7	11354	0
11261	Doctor Theolen Krastinov	The Butcher	60	60	1	7	10901	0
11262	Onyxian Whelp		56	57	0	2	397	0
11263	Spectral Projection		58	60	0	6	3942	0
11276	Azshara Sentinel		44	44	0	7	2306	0
11277	Caer Darrow Citizen		12	60	0	6	11013	0
11278	Magnus Frostwake		50	50	0	6	11027	0
11279	Caer Darrow Guardsman		51	55	0	6	11021	0
11280	Caer Darrow Cannoneer		50	54	0	6	11017	0
11281	Caer Darrow Horseman		52	56	0	6	11025	0
11282	Melia		1	1	0	6	10929	0
11283	Sammy		1	1	0	6	10928	0
11284	Dark Shade		58	59	1	6	4629	0
11285	Rory		35	35	0	6	10930	0
11286	Magistrate Marduke		57	57	0	6	10931	0
11287	Baker Masterson		37	37	0	6	11028	0
11288	Spectral Betrayer		57	58	0	6	10935	0
11289	Spectral Defender		57	58	0	6	10939	0
11290	Mossflayer Zombie		53	54	0	6	4778	0
11291	Unliving Mossflayer		54	55	0	6	4769	0
11292	Mossflayer Berserker		55	55	0	6	10275	1
11296	Darrowshire Poltergeist		1	1	0	6	11117	0
11316	Joseph Dirte	Waste Management	31	31	0	6	11033	0
11317	Jinar'Zillen		40	40	0	7	11468	0
11318	Ragefire Trogg		13	15	1	7	11609	0
11319	Ragefire Shaman		13	15	1	7	11610	0
11320	Earthborer		13	14	1	1	11010	0
11321	Molten Elemental		13	15	1	4	2075	0
11322	Searing Blade Cultist		13	15	1	7	11434	0
11323	Searing Blade Enforcer		13	15	1	7	11430	0
11324	Searing Blade Warlock		13	15	1	7	11438	0
11325	Panda Cub		1	1	0	1	10990	0
11326	Mini Diablo	Lord of Terror	1	1	0	10	10992	0
11327	Zergling		1	1	0	1	10993	0
11328	Eastvale Peasant		6	7	0	7	310	0
11337	[UNUSED] Hakkar Axe Thrower		60	60	1	7	11182	1
11338	Hakkari Shadowcaster		61	61	1	7	11229	0
11339	Hakkari Shadow Hunter		61	61	1	7	11225	0
11340	Hakkari Blood Priest		61	61	1	7	11221	0
11341	[UNUSED] Hakkar Berserker		60	60	1	7	7709	1
11342	[UNUSED] Hakkar Warrior		60	60	1	7	11237	1
11343	[UNUSED] Hakkar Warlord		60	60	1	7	11233	1
11344	[UNUSED] Hakkar Blood Drinker		60	60	1	7	11193	1
11345	[UNUSED] Hakkar Headhunter		60	60	1	7	11201	1
11346	Hakkari Oracle		55	56	1	7	11158	0
11347	Zealot Lor'Khan		62	62	1	7	11219	0
11348	Zealot Zath		62	62	1	7	11189	0
11349	[UNUSED] Gurubashi Hideskinner		60	60	1	7	11113	1
11350	Gurubashi Axe Thrower		60	60	1	7	11074	0
11351	Gurubashi Headhunter		60	60	1	7	11109	0
11352	Gurubashi Berserker		62	62	1	7	14832	0
11353	Gurubashi Blood Drinker		60	60	1	7	11080	0
11354	[UNUSED] Gurubashi Warlord		60	60	1	7	11245	1
11355	Gurubashi Warrior		54	55	1	7	11167	0
11356	Gurubashi Champion		61	61	1	7	11100	0
11357	Son of Hakkar		60	60	1	1	15275	1
11358	[UNUSED] Daughter of Hakkar		60	60	1	1	2702	1
11359	Soulflayer		61	61	1	1	7829	0
11360	Zulian Cub		60	60	0	1	15151	1
11361	Zulian Tiger		60	60	1	1	11031	0
11364	[UNUSED] Zulian Tigress		60	60	1	1	471	1
11365	Zulian Panther		60	60	1	1	633	0
11366	[UNUSED] Zulian Matriarch		60	60	1	1	11029	1
11367	[UNUSED] Zulian Patriarch		60	60	1	1	11455	1
11368	Bloodseeker Bat		60	60	0	1	14562	1
11369	[UNUSED] Hidden Bloodseeker		60	60	1	1	11032	1
11370	Razzashi Broodwidow		61	61	1	1	963	0
11371	Razzashi Serpent		60	60	1	1	15182	1
11372	Razzashi Adder		60	60	1	1	15150	0
11373	Razzashi Cobra		60	60	1	1	14559	0
11374	Hooktooth Frenzy		60	60	1	1	15101	0
11375	[UNUSED] Zath		60	60	1	1	11034	1
11376	[UNUSED] Lor'khan		60	60	1	1	11447	1
11377	[UNUSED] Hak'tharr the Mindhunter		60	60	1	1	2702	1
11378	Foreman Thazz'ril		4	4	0	7	12089	0
11379	[UNUSED] Nik'reesh		60	60	1	1	14780	1
11380	Jin'do the Hexxer		63	63	3	7	11311	0
11381	Jin		60	60	1	7	11298	1
11382	Bloodlord Mandokir		63	63	3	7	11288	0
11383	High Priestess Hai'watna		57	57	1	7	11295	0
11384	[UNUSED] Elder T'kashra		60	60	1	7	11294	1
11385	[UNUSED] Mogwhi the Ruthless		60	60	1	1	2702	1
11386	[UNUSED] Janook the Bladefury		60	60	1	1	2702	1
11387	Sandfury Speaker	Sandfury Troll Ambassador	61	61	0	7	11314	0
11388	Witherbark Speaker	Witherbark Troll Ambassador	57	61	0	7	11327	0
11389	Bloodscalp Speaker	Bloodscalp Troll Ambassador	61	61	0	7	11312	0
11390	Skullsplitter Speaker	Skullsplitter Troll Ambassador	61	61	0	7	11313	0
11391	Vilebranch Speaker	Vilebranch Troll Ambassador	61	61	0	7	11320	0
11392	Audrey Vergara		30	30	0	7	11039	1
11393	Josh Miller		35	35	0	7	11349	1
11394	Lauren Preston		40	40	0	7	11041	1
11395	Kevin Faulder		45	45	0	7	11350	1
11396	Joelle McCarthy		60	60	0	7	11043	1
11397	Nara Meideros	Priest Trainer	30	30	0	7	11044	0
11398	Charisse Moonrunner		35	35	0	7	11045	1
11399	Ashlyn Vor'lair		30	30	0	7	11046	1
11400	Ann'rimor Falchi		45	45	0	7	11047	1
11401	Priestess Alathea	Priest Trainer	60	60	0	7	11048	0
11402	Jarvis Greenhammer		30	30	0	7	11049	1
11403	Russle Hochstein		35	35	0	7	11051	1
11404	Dillon Gregor		40	40	0	7	11052	1
11405	Diana Battleheart		45	45	0	7	11050	1
11406	High Priest Rohan	Priest Trainer	60	60	0	7	11053	0
11407	Var'jun		30	30	0	7	11054	0
11408	Watna		35	35	0	7	11055	1
11409	Jo'bu		40	40	0	7	11056	1
11410	Shal'vol		45	45	0	7	11057	1
11411	Priestess Kara'van		60	60	0	7	11058	1
11412	Danielle Koppen		30	30	0	6	11059	1
11413	Vincent Wilfork		35	35	0	7	11060	1
11414	Nicole Tarlow		40	40	0	6	11061	1
11415	Amber Provost		60	60	0	6	11062	1
11416	Thomas Brady		45	45	0	7	11063	1
11437	Minor Infernal		29	30	0	3	10906	1
11438	Bibbly F'utzbuckle		45	45	0	7	11461	0
11439	Illusion of Jandice Barov		61	61	1	6	11073	0
11440	Gordok Enforcer		53	54	1	7	12471	0
11441	Gordok Brute		57	58	1	7	12473	0
11442	Gordok Mauler		53	54	1	7	12473	0
11443	Gordok Ogre-Mage		52	53	1	7	12472	0
11444	Gordok Mage-Lord		57	58	1	7	11537	0
11445	Gordok Captain		59	60	1	7	11564	0
11446	Gordok Spirit		60	60	1	6	13093	0
11447	Mushgog		60	60	2	4	14382	0
11448	Gordok Warlock		59	60	1	7	14423	0
11449	[UNUSED] Gordok Battle Mage		60	60	1	7	11573	1
11450	Gordok Reaver		58	59	1	7	10709	0
11451	Wildspawn Satyr		55	56	1	3	11345	0
11452	Wildspawn Rogue		56	57	1	3	2021	0
11453	Wildspawn Trickster		56	57	1	3	2020	0
11454	Wildspawn Betrayer		55	56	1	3	10032	0
11455	Wildspawn Felsworn		55	56	1	3	7649	0
11456	Wildspawn Shadowstalker		56	56	1	3	2014	0
11457	Wildspawn Hellcaller		56	57	1	3	11340	0
11458	Petrified Treant		57	59	1	4	2078	0
11459	Ironbark Protector		57	59	1	4	13489	1.5
11460	Alzzin's Minion		56	56	0	3	911	0
11461	Warpwood Guardian		57	58	1	4	13173	0
11462	Warpwood Treant		54	55	1	4	10621	0
11463	[UNUSED] Warpwood Scrabbler		60	60	1	4	10621	1
11464	Warpwood Tangler		55	56	1	4	9592	0
11465	Warpwood Stomper		57	58	1	4	6350	0
11466	Highborne Summoner		55	55	1	6	11207	0
11467	Tsu'zee		59	59	1	6	11250	0
11468	[UNUSED] Eldreth Lichling		59	60	1	6	11241	1
11469	Eldreth Seether		58	59	1	6	11213	0
11470	Eldreth Sorcerer		58	59	1	6	11205	0
11471	Eldreth Apparition		57	58	1	6	14365	0
11472	Eldreth Spirit		57	58	1	6	10751	0
11473	Eldreth Spectre		58	59	1	6	14366	0
11474	Eldreth Wraith		42	43	1	6	7857	1
11475	Eldreth Phantasm		58	59	1	6	14368	0
11476	Skeletal Highborne		57	58	0	6	11078	0
11477	Rotting Highborne		58	59	0	6	14391	0
11478	[UNUSED] Mana Beast		60	60	1	4	14252	1
11479	Arcane Horror		58	59	1	4	14252	1
11480	Arcane Aberration		59	60	1	4	14253	0
11481	[UNUSED] Arcane Terror		60	60	1	4	1070	1
11483	Mana Remnant		57	59	1	4	14272	0
11484	Residual Monstrosity		59	60	1	4	14254	0
11486	Prince Tortheldrin		60	61	1	7	11256	0
11487	Magister Kalendris		59	60	1	6	14384	0
11488	Illyanna Ravenoak		60	60	1	6	11270	0
11489	Tendris Warpwood		59	60	1	4	14383	0
11490	Zevrim Thornhoof		56	57	1	3	11335	0
11491	Old Ironbark		58	58	1	4	13170	0
11492	Alzzin the Wildshaper		58	58	1	3	14416	0
11493	[UNUSED] Sentius		60	60	1	4	5561	1
11494	Alzinn Trigger		1	1	1	10	11686	1
11495	[UNUSED] Avidus		60	60	1	4	5234	1
11496	Immol'thar		61	61	1	3	14173	0
11497	The Razza		60	60	2	1	12683	0
11498	Skarr the Unbreakable		58	58	2	7	10169	0
11499	[UNUSED] Commander Gormaul		59	59	1	7	11565	1
11500	[UNUSED] Majordomo Bagrosh		1	1	1	7	13129	1
11501	King Gordok		61	62	1	7	11583	0
11502	Ragnaros		63	63	3	4	11121	0
11516	Timbermaw Warder		53	54	0	7	6825	0
11517	Oggleflint	Ragefire Chieftain	16	16	1	7	11611	0
11518	Jergosh the Invoker		16	16	1	7	11429	0
11519	Bazzalan		16	16	1	7	2007	0
11520	Taragaman the Hungerer		16	16	1	7	7970	0
11521	Kodo Apparition		37	38	0	1	10283	0
11536	Quartermaster Miranda Breechlock	The Argent Dawn	58	58	0	7	11352	0
11537	TEST GEAR PALADIN		1	1	0	7	11321	1
11538	TEST GEAR WARRIOR		1	1	0	7	11322	1
11539	TEST GEAR HUNTER		1	1	0	7	11323	1
11540	TEST GEAR MAGE		1	1	0	7	11324	1
11541	TEST GEAR WARLOCK		1	1	0	7	11325	1
11542	TEST GEAR DRUID		1	1	0	7	11326	1
11543	TEST GEAR SHAMAN		1	1	0	7	11328	1
11544	TEST GEAR PRIEST		1	1	0	7	11329	1
11545	TEST GEAR ROGUE		1	1	0	7	11330	1
11546	Jack Sterling		50	50	0	7	11351	0
11547	Skeletal Scholomance Student		1	1	0	6	9785	1
11548	Loh'atu		45	45	0	7	11359	1.35
11549	Austin Burwell		40	40	0	7	11360	1
11550	Taylor Burwell		40	40	0	7	11361	1
11551	Necrofiend		58	60	1	6	11178	1
11552	Timbermaw Mystic		52	54	0	7	2003	0
11553	Timbermaw Woodbender		52	53	0	7	1999	0
11554	Grazle		55	55	0	7	5851	0
11555	Gorn One Eye		55	55	0	7	1012	0
11556	Salfa		55	55	0	7	6829	0
11557	Meilosh		55	55	0	7	11363	0
11558	Kernda		55	55	0	7	1997	0
11559	Outcast Necromancer		39	40	0	7	9531	0
11560	Magrami Spectre		38	39	0	6	11370	0
11561	Undead Ravager		37	38	0	6	11369	0
11562	Drysnap Crawler		33	34	0	7	11371	0
11563	Drysnap Pincer		34	35	0	7	3214	0
11564	Gizelton Caravan Kodo		35	35	0	1	7933	0
11576	Whirlwind Ripper		32	34	0	4	8714	0
11577	Whirlwind Stormwalker		35	37	0	4	11373	0
11578	Whirlwind Shredder		32	34	0	4	11374	0
11579	Tempest		41	41	0	4	5490	1
11580	Kelemis the Lifeless		41	41	4	6	10701	1
11581	Scarlet Assassin		54	56	1	7	11390	1
11582	Scholomance Dark Summoner		58	59	1	7	11163	0
11583	Nefarian		63	63	3	2	11380	0
11596	Smeed Scrabblescrew		45	45	0	7	11470	0
11597	Cheveyo		40	40	0	1	10914	1
11598	Risen Guardian		59	61	0	6	775	0
11599	Irondeep Geomancer UNUSED		53	54	1	7	10285	1
11600	Irondeep Shaman		53	54	0	7	10285	0
11601	Irondeep Cave Lurker UNUSED		52	53	1	7	10285	1
11602	Irondeep Skullthumper		54	55	0	7	10285	0
11603	Whitewhisker Digger		52	53	0	7	371	0
11604	Whitewhisker Geomancer		53	54	0	7	371	0
11605	Whitewhisker Overseer		54	55	0	7	371	0
11606	Whitewhisker Tunnel Rat		63	63	0	7	371	1
11608	Bardu Sharpeye		50	50	0	7	11456	1.35
11609	Alexia Ironknife		51	51	0	7	11457	0
11610	Kirsta Deepshadow		53	53	0	7	11458	0
11611	Cavalier Durgen		57	57	0	7	11459	0
11613	Huntsman Radley		56	56	0	7	11462	0
11614	Bloodshot		54	54	0	1	3203	0
11615	Mickey Levine		55	55	0	7	12469	0
11616	Nathaniel Dumah		55	55	0	7	14953	0
11617	Digger "The Wrench" Veriatus		55	55	0	7	11465	1
11618	Archmage Antonio		57	57	0	7	11466	1
11619	Merchant Bolden		57	57	0	7	11467	1
11620	Spectral Marauder		57	58	0	6	12329	0
11621	Spectral Corpse		57	58	0	6	11475	0
11622	Rattlegore		61	61	1	6	12073	0
11623	Scourge Summoning Crystal		60	60	0	10	11659	0
11624	Taiga Wisemane		60	60	0	7	11792	1.35
11625	Cork Gizelton		38	38	0	7	11629	0
11626	Rigger Gizelton		36	36	0	7	11630	0
11627	Tamed Kodo		34	37	0	1	10918	0
11628	Decaying Corpse		1	1	0	6	10256	1
11629	Jessica Redpath		50	50	0	7	11512	0
11636	Servant of Weldon Barov		60	60	0	7	11591	0
11637	Servant of Alexi Barov		60	60	0	7	11589	0
11656	Horde Peon		26	27	0	7	11857	0
11657	Morloch		58	58	0	7	5945	0
11658	Molten Giant		62	62	1	5	8269	0
11659	Molten Destroyer		63	63	1	5	12162	0
11660	[UNUSED] Molten Colossus		63	63	1	5	12233	1
11661	Flamewaker		62	62	1	7	12030	2.5
11662	Flamewaker Priest		62	62	1	7	12030	0
11663	Flamewaker Healer		60	60	1	7	13029	0
11664	Flamewaker Elite		62	62	1	7	12002	0
11665	Lava Annihilator		61	62	1	4	12164	0
11666	Firewalker		61	62	1	4	1070	0
11667	Flameguard		61	62	1	4	5488	0
11668	Firelord		61	62	1	4	12231	0
11669	Flame Imp		61	62	1	4	12190	0
11670	[UNUSED] Flame Shrieker		62	62	0	4	12190	1
11671	Core Hound		61	61	1	1	12168	0
11672	Core Rager		62	62	1	1	11997	0
11673	Ancient Core Hound		62	62	1	1	12189	0
11675	Snowblind Windcaller		53	54	0	7	10282	0
11676	Fjordune the Greater		62	62	1	5	12815	1
11677	Taskmaster Snivvle		58	58	0	7	371	0
11678	Snowblind Ambusher		52	53	0	7	10282	0
11679	Winterax Witch Doctor		59	60	1	7	14034	0
11680	Horde Scout		26	28	0	7	11869	0
11681	Horde Deforester		27	28	0	7	11853	0
11682	Horde Grunt		29	30	0	7	11861	0
11683	Horde Shaman		28	29	0	7	11865	0
11684	Warsong Shredder		27	28	0	9	1303	0
11685	Maraudine Priest		40	42	0	7	9440	0
11686	Ghostly Raider		40	41	0	6	11638	0
11687	Ghostly Marauder		41	42	0	6	11639	0
11688	Cursed Centaur		43	43	4	7	11640	0
11689	Riding Kodo (Brown)		1	1	0	1	11641	1
11690	Gnarlpine Instigator		8	8	0	7	3024	0
11696	Chal Fairwind	Wintersaber Trainers	53	53	0	7	11662	0
11697	Mannoroc Lasher		29	30	0	3	2834	0
11698	Hive'Ashi Stinger		57	58	1	10	12149	0
11699	Varian Wrynn	King of Stormwind	60	60	0	7	11656	0
11700	Sarin Starlight		55	55	0	7	11664	0
11701	Mor'vek	Ravasaur Trainers	60	60	0	7	11667	0
11702	Arin'sor	Ravasaur Trainers	60	60	0	7	11665	0
11703	Graw Cornerstone	Mail Armor Merchant	58	58	0	7	11666	0
11704	Kriss Goldenlight		60	60	0	7	11668	0
11705	Rayan Dawnrisen		55	55	0	7	11669	0
11706	Adon		60	60	0	7	11671	0
11707	Joy Ar'nareth		59	59	0	7	11672	0
11708	Coral Moongale		50	50	0	7	11670	0
11709	Jareth Wildwoods		16	16	0	7	11680	0
11710	Mirador		50	50	0	1	2325	0
11711	Sentinel Aynasha		20	20	0	7	11663	0
11712	Lilyn Darkriver		41	41	0	7	11682	0
11713	Blackwood Tracker		14	15	0	7	1010	0
11714	Marosh the Devious		16	16	0	7	11661	0
11715	Talendria		45	45	0	7	11683	0
11716	Celes Earthborne		60	60	0	7	11684	0
11717	Bethan Bluewater		43	43	0	7	11692	0
11718	Sar Browneye		53	53	0	7	11673	1.25
11719	Navi Quickdraw		35	35	0	7	11681	1
11720	Loruk Foreststrider		44	44	0	7	11685	1.35
11721	Hive'Ashi Worker		57	58	1	10	12151	0
11722	Hive'Ashi Defender		58	59	1	10	12153	0
11723	Hive'Ashi Sandstalker		58	59	1	10	12150	0
11724	Hive'Ashi Swarmer		57	58	1	10	12152	0
11725	Hive'Zora Waywatcher		58	59	1	10	12158	0
11726	Hive'Zora Tunneler		58	59	1	10	12159	0
11727	Hive'Zora Wasp		58	59	0	10	11088	0
11728	Hive'Zora Reaver		59	60	1	10	11085	0
11729	Hive'Zora Hive Sister		59	60	1	10	12160	0
11730	Hive'Regal Ambusher		59	60	1	10	11106	0
11731	Hive'Regal Burrower		59	60	1	10	12156	0
11732	Hive'Regal Spitfire		59	60	1	10	9229	0
11733	Hive'Regal Slavemaker		59	60	1	10	12154	0
11734	Hive'Regal Hive Lord		59	61	1	10	12155	2.3
11735	Stonelash Scorpid		54	55	0	1	15383	0
11736	Stonelash Pincer		56	56	0	1	15384	0
11737	Stonelash Flayer		57	58	0	1	15385	0
11738	Sand Skitterer		55	56	0	1	8014	0
11739	Rock Stalker		57	58	0	1	711	1
11740	Dredge Striker		55	56	0	1	15386	0
11741	Dredge Crusher		57	58	0	1	14524	0
11742	Silt Grub		54	55	0	1	9906	1
11743	Silt Devourer		54	55	0	1	9906	1
11744	Dust Stormer		55	57	0	4	8715	0
11745	Cyclone Warrior		57	59	0	4	8716	0
11746	Desert Rumbler		56	58	0	4	8550	0
11747	Desert Rager		58	59	0	4	1162	0
11748	Samantha Swifthoof		40	40	0	7	11687	1.25
11749	Feran Strongwind		57	57	0	7	11688	1.35
11750	Ganoosh		8	8	0	7	11694	1.15
11751	Rilan Howard		20	20	0	7	11674	0
11752	Blaise Montgomery		47	47	0	7	11693	0
11753	Gogo		58	58	0	7	11675	0
11754	Meggi Peppinrocker		60	60	0	7	11676	0
11755	Harlo Wigglesworth		54	54	0	7	11679	0
11756	Quinn		35	35	0	7	11689	0
11757	Umaron Stragarelm		42	42	0	7	11690	0
11758	Andi Lynn		48	48	0	7	11691	1.15
11776	Salome		1	1	0	8	11709	1
11777	Shadowshard Rumbler		40	41	1	4	11710	0
11778	Shadowshard Smasher		41	42	1	4	11710	0
11779	Shadowshard Thunderer		38	38	1	4	11710	1
11780	Ambershard Rager		36	36	1	4	11711	1
11781	Ambershard Crusher		40	41	1	4	11711	0
11782	Ambershard Destroyer		42	43	1	4	11711	0
11783	Theradrim Shardling		46	46	0	4	12310	0
11784	Theradrim Guardian		47	48	1	4	11712	0
11785	Ambereye Basilisk		40	41	1	1	11713	0
11786	Ambereye Reaver		41	42	1	1	12338	0
11787	Rock Borer		40	41	1	1	12335	0
11788	Rock Worm		41	42	1	1	13009	0
11789	Deep Borer		46	48	0	1	12333	0
11790	Putridus Satyr		43	44	1	3	11345	0
11791	Putridus Trickster		44	45	1	3	11338	0
11792	Putridus Shadowstalker		42	44	1	3	2021	0
11793	Celebrian Dryad		45	46	1	7	11714	0
11794	Sister of Celebrian		46	47	1	7	12337	0
11795	Mylentha Riverbend		60	60	0	7	11770	1.25
11796	Bessany Plainswind		60	60	0	7	11771	1.25
11797	Moren Riverbend		60	60	0	7	11772	1.35
11798	Bunthen Plainswind	Thunder Bluff Flight Master	60	60	0	7	11773	1.35
11799	Tajarri		60	60	0	7	11766	0
11800	Silva Fil'naveth	Darnassus Flight Master	60	60	0	7	11767	0
11801	Rabine Saturna		60	60	0	7	11768	0
11802	Dendrite Starblaze		60	60	0	7	11769	0
11803	Twilight Keeper Exeter	Twilight's Hammer	60	60	0	7	11793	0
11804	Twilight Keeper Havunth	Twilight's Hammer	60	60	0	7	11798	0
11805	Jarund Stoutstrider	The Cenarion Circle	55	55	0	7	11799	1.35
11806	Sentinel Onaeya		20	20	0	7	11729	0
11807	Tristane Shadowstone		15	15	0	7	11752	0
11808	Grum Redbeard		55	55	0	7	11733	0
11809	Danni Palewing		26	26	0	7	11735	1
11810	Howin Kindfeather		45	45	0	7	11740	0
11811	Narain Soothfancy		45	45	0	7	11757	1.15
11812	Claira Kindfeather		43	43	0	7	11739	0
11813	Kerr Ironsight		41	41	0	7	11741	0
11814	Kali Remik		12	12	0	7	11734	0
11815	Voriya		56	56	0	7	11737	0
11816	Una Ji'ro		12	12	0	7	11748	0
11817	Krah'ranik		60	60	0	7	11749	0
11818	Orik'ando		42	42	0	7	11745	0
11819	Jory Zaga		58	58	0	7	11750	0
11820	Locke Okarr		28	28	0	7	11736	0
11821	Darn Talongrip		30	30	0	7	11751	0
11822	Moonglade Warden		55	55	0	7	11774	1.35
11823	Vark Battlescar		10	10	0	7	11738	1.35
11824	Erik Felixe		45	45	0	7	11743	0
11825	Paige Felixe		46	46	0	7	11742	0
11826	Kristy Grant		45	45	0	7	11744	0
11827	Kimberly Grant		35	35	0	7	11747	0
11828	Kelly Grant		40	40	0	7	11746	0
11829	Fahrak		42	42	0	7	11753	0
11830	Hakkari Priest		60	60	1	7	11758	0
11831	Hakkari Witch Doctor		60	60	1	7	11762	0
11832	Keeper Remulos		62	62	1	7	11906	0
11833	Rahauro	Magatha's Servant	20	20	0	7	11754	1.35
11834	Maur Grimtotem		14	14	0	7	11755	1.35
11835	Theodore Griffs		50	50	0	7	11756	0
11836	Captured Rabid Thistle Bear		13	14	0	1	8840	0
11837	Wildpaw Shaman		53	54	0	7	494	0
11838	Wildpaw Mystic		56	57	0	7	494	0
11839	Wildpaw Brute		56	57	0	7	494	0
11840	Wildpaw Alpha		58	59	0	7	10792	0
11856	Kaya Flathoof		15	15	0	7	11789	1.25
11857	Makaba Flathoof		25	25	0	7	11790	1.35
11858	Grundig Darkcloud		18	18	0	7	11791	1.35
11859	Doomguard		60	60	0	3	1912	0
11860	Maggran Earthbinder		30	30	0	7	11797	1.62
11861	Mor'rogal		25	25	0	7	11795	1.35
11862	Tsunaman		25	25	0	4	5562	0
11863	Azore Aldamort	The Argent Dawn	60	60	0	7	11794	0
11864	Tammra Windfield		25	25	0	7	11796	1.25
11865	Buliwyf Stonehand	Weapon Master	50	50	1	7	11806	0
11866	Ilyenia Moonfire	Weapon Master	50	50	1	7	11802	0
11867	Woo Ping	Weapon Master	50	50	1	7	11804	0
11868	Sayoc	Weapon Master	50	50	1	7	11801	0
11869	Ansekhwa	Weapon Master	50	50	1	7	11803	1.35
11870	Archibald	Weapon Master	50	50	1	7	11805	0
11871	Grinning Dog		48	48	1	1	782	0
11872	Myranda the Hag		58	58	0	7	11800	1.15
11873	Spectral Attendant		60	60	0	6	146	0
11874	Masat T'andr	Superior Leatherworker	44	44	0	7	11650	0
11875	Mortar Team Target Dummy		14	14	0	9	1555	0
11876	Demon Spirit		37	37	0	3	4427	0
11877	Roon Wildmane		45	45	0	7	11852	1.35
11878	Nathanos Blightcaller	Champion of the Banshee Queen	62	62	1	7	11814	0
11880	Twilight Avenger	Twilight's Hammer	58	59	0	7	11811	0
11881	Twilight Geolord	Twilight's Hammer	59	60	0	7	11819	0
11882	Twilight Stonecaller	Twilight's Hammer	59	60	0	7	11815	0
11883	Twilight Master	Twilight's Hammer	60	60	0	7	11824	0
11884	Obi		1	2	0	1	6468	0
11885	Blighthound		58	59	1	1	2715	0
11886	Mercutio Filthgorger		57	57	0	7	11830	0
11887	Crypt Robber		54	55	0	7	11831	0
11896	Borelgore		61	61	1	1	11828	0
11897	Duskwing		60	60	1	1	11829	0
11898	Crusader Lord Valdelmar		60	60	1	7	11836	0
11899	Shardi	Wind Rider Master	55	55	1	7	11850	0
11900	Brakkar	Wind Rider Master	55	55	1	7	11849	0
11901	Andruk	Wind Rider Master	55	55	1	7	11851	0
11902	Aiden		1	1	0	7	262	1
11903	Alexander		1	1	0	7	221	1
11904	Noah		1	1	0	7	338	1
11905	Jordan		1	1	0	7	338	1
11906	Sophia		1	1	0	7	11873	1
11907	Alanna		1	1	0	7	344	1
11908	Mirah		1	1	0	7	11873	1
11909	Penelope		1	1	0	7	257	1
11910	Grimtotem Ruffian		14	15	0	7	11878	1.35
11911	Grimtotem Mercenary		14	15	0	7	11882	1.35
11912	Grimtotem Brute		15	16	0	7	11874	1.35
11913	Grimtotem Sorcerer		15	16	0	7	11886	1.35
11914	Gorehoof the Black		17	17	0	7	10225	1.35
11915	Gogger Rock Keeper		16	17	0	7	26	0
11916	Imelda		25	25	0	7	1471	0
11917	Gogger Geomancer		16	17	0	7	26	0
11918	Gogger Stonepounder		17	18	0	7	26	0
11919	Claudia		25	25	0	7	1471	1
11920	Goggeroc		20	20	1	7	6025	0
11921	Besseleth		21	21	1	1	11348	0
11926	[PH] Northshire Gift Dispenser		5	5	0	7	2392	1
11936	Artist Renfray		12	12	0	6	11890	0
11937	Demon Portal Guardian		38	38	0	3	9017	0
11938	Young Tirion		50	50	0	7	11949	1
11939	Umber		55	55	0	7	11893	0
11940	Merissa Stilwell		5	5	0	7	11898	0
11941	Yori Crackhelm		5	5	0	7	11899	0
11942	Orenthil Whisperwind		5	5	0	7	11900	0
11943	Magga		5	5	0	7	11901	0
11944	Vorn Skyseer		5	5	0	7	11902	1.35
11945	Claire Willower		5	5	0	7	11904	0
11946	Drek'Thar	Frostwolf General	62	62	1	7	11894	0
11947	Captain Galvangar	Frostwolf Captain	61	61	1	7	11895	0
11948	Vanndar Stormpike	Stormpike General	62	62	1	7	11896	0
11949	Captain Balinda Stonehearth	Stormpike Captain	61	61	1	7	12823	0
11956	Great Bear Spirit		60	60	0	1	11909	0
11957	Great Cat Spirit		60	60	0	1	11910	0
11958	Gracchus Spiritlight	Argent Dawn	60	60	1	7	11913	1
11959	[UNUSED] Obsidian Watcher		61	61	1	4	15346	1
11978	[NOT USED] Neltharion		60	60	3	2	12869	1
11979	Kim Bridenbecker		25	25	0	7	11929	0
11980	[NOT USED] Zuluhed the Whacked	Dragonmaw Chieftain	62	62	3	7	11996	1
11981	Flamegor		63	63	3	2	6377	0
11982	Magmadar		63	63	3	1	10193	0
11983	Firemaw		63	63	3	2	6377	0
11988	Golemagg the Incinerator		63	63	3	5	11986	0
11994	Rob Bridenbecker		25	25	0	7	11930	0
11996	Ashley Bridenbecker		1	1	0	7	257	0
11997	Stormpike Herald		60	60	0	7	12075	0
11998	Frostwolf Herald		60	60	0	7	12080	0
12017	Broodlord Lashlayer		63	63	3	2	14308	0
12018	Majordomo Executus		63	63	3	7	12029	0
12019	Dargon	Food & Drink Merchant	51	51	0	7	12044	0
12020	Moonglade Alchemy Trainer	Artisan Alchemist	51	51	0	7	12032	1
12021	Daeolyn Summerleaf	General Goods	51	51	0	7	12045	0
12022	Lorelae Wintersong	Trade Supplies	51	51	0	7	12033	0
12023	Kharedon	Light Armor Merchant	51	51	0	7	12034	0
12024	Meliri	Weaponsmith	51	51	0	7	12031	0
12025	Malvor	Herbalist	51	51	0	7	12047	0
12026	My'lanna	Food & Drink Merchant	51	51	0	7	12050	0
12027	Tukk	General Goods Vendor	30	30	0	7	12039	0
12028	Lah'Mawhani	Trade Supplies	30	30	0	7	12042	0
12029	Narianna	Bowyer	51	51	0	7	12040	0
12030	Malux	Skinning Trainer	30	30	0	7	12041	0
12031	Mai'Lahii	Fishing Supplies	30	30	0	7	12037	0
12032	Lui'Mala	Fisherman	30	30	0	7	12038	0
12033	Wulan	Cooking Supplies	30	30	0	7	12036	0
12034	Koiter		60	60	0	7	5233	0
12035	Aerie Peak Mining Trainer	Miner	55	55	0	7	12057	1
12036	Aerie Peak General Goods	General Goods	55	55	0	7	12054	1
12037	Ursol'lok		31	31	4	1	706	0
12038	[UNUSED] Aerie Peak Cooking Supplies	Cooking Supplies	55	55	0	7	12052	1
12039	Aerie Peak Meat Vendor	Butcher	55	55	0	7	12056	1
12040	Aerie Peak Mail Armor Vendor	Armorsmith	55	55	0	7	12055	1
12042	Loganaar	Druid Trainer	51	51	0	7	12053	0
12043	Kulwia	Trade Supplies	32	32	0	7	12059	1.25
12044	Sun Rock Blacksmithing Supplies	Blacksmithing & Mining Supplies	32	32	0	7	12058	1
12045	Hae'Wilani	Axecrafter	30	30	0	7	12049	0
12046	Gor'marok the Ravager		49	49	0	7	10709	0
12047	Stormpike Mountaineer		55	55	0	7	12065	1.15
12048	Alliance Sentinel		55	55	0	7	12069	0
12050	Stormpike Defender		58	58	0	7	13274	0
12051	Frostwolf Legionnaire		57	57	0	7	12949	0
12052	Frostwolf Warrior		55	55	0	7	12081	0
12053	Frostwolf Guardian		58	58	0	7	12165	0
12054	Dawnchaser		60	60	0	1	239	1
12056	Baron Geddon		63	63	3	4	12129	0
12057	Garr		63	63	3	4	12110	0
12076	Lava Elemental		61	62	1	4	5781	0
12096	Stormpike Quartermaster		55	55	0	7	13384	0
12097	Frostwolf Quartermaster		55	55	0	7	13385	0
12098	Sulfuron Harbinger		63	63	3	7	13030	0
12099	Firesworn		60	60	1	4	5781	1.5
12100	Lava Reaver		62	63	1	4	12163	0
12101	Lava Surger		61	62	1	4	12239	0
12116	Priestess of Elune		60	60	2	7	12169	0
12118	Lucifron		63	63	3	7	13031	0
12119	Flamewaker Protector		62	62	1	7	12030	2.5
12120	Plagueland Termite		1	1	0	8	12191	0
12121	Draka		60	60	1	1	10278	0
12122	Duros		60	60	1	1	10278	0
12123	Reef Shark		21	22	1	1	12193	0
12124	Great Shark		52	52	1	1	12203	0
12125	Mammoth Shark		54	54	1	1	12207	0
12126	Lord Tirion Fordring	Order of the Silver Hand	63	63	1	7	9477	0
12127	Stormpike Guardsman		57	57	0	7	13253	0
12128	Crimson Elite		60	60	1	7	10512	0
12129	Onyxian Warder		60	63	1	2	8711	0
12136	Snurk Bucksquick	Zeppelin Master	45	45	0	7	12229	0
12137	Squibby Overspeck	Zeppelin Master	45	45	0	7	12230	0
12138	Lunaclaw		12	12	0	7	9389	0
12140	Guardian of Elune		60	60	0	7	12234	0
12141	Ice Totem		53	54	0	11	4590	0
12142	Flamewaker Guardian		62	62	1	7	12161	1
12143	Son of Flame		60	60	1	4	5488	0
12144	Lunaclaw Spirit		13	13	0	7	12243	0
12145	Riding Kodo (Black)		1	1	0	1	12244	1
12146	Riding Kodo (Olive)		1	1	0	1	12247	1
12147	Riding Kodo (White)		1	1	0	1	12241	1
12148	Riding Kodo (Teal)		12	12	0	1	12242	0
12149	Riding Kodo (Gray)		1	1	0	1	12246	1
12150	Riding Kodo (Purple)		1	2	0	1	12240	0
12151	Riding Kodo (Green)		12	12	0	1	12245	0
12152	Voice of Elune		1	1	0	8	12271	1
12156	Winterax Axe Thrower		60	60	1	7	14017	0
12157	Winterax Shadow Hunter		59	60	1	7	14060	0
12158	Winterax Hunter		59	59	1	7	14021	0
12159	Korrak the Bloodrager		62	62	1	7	7873	0
12160	Shadowglen Sentinel		55	55	0	7	4841	0
12176	Tame Kodo		40	40	0	1	12246	1
12177	Kyle Blackthorne		36	37	1	7	12272	1
12178	Tortured Druid		55	56	0	6	12269	0
12179	Tortured Sentinel		56	57	0	6	12270	0
12180	Anubisath		59	59	1	10	5965	1
12196	Innkeeper Kaylisk	Innkeeper	30	30	0	7	12392	0
12197	Glordrum Steelbeard	Alterac Valley Battlemaster	61	61	1	7	12289	0
12198	Martin Lindsey	Arathi Basin Battlemaster	61	61	1	7	12290	0
12199	Shade of Ambermoon		58	58	0	6	12291	0
12200	Cobaltine Wyrmkin		49	50	1	2	6761	1
12201	Princess Theradras		51	51	1	4	12292	0
12202	Human Skull		1	1	0	1	7804	1
12203	Landslide		50	50	1	5	12293	0
12204	Spitelash Raider		48	49	0	7	6748	0
12205	Spitelash Witch		49	50	0	7	6750	0
12206	Primordial Behemoth		48	49	1	5	12309	0
12207	Thessala Hydra		46	47	1	10	6737	0
12208	Conquered Soul of the Blightcaller		58	58	0	6	11405	1
12216	Poison Sprite		42	43	0	3	2452	0
12217	Corruptor		42	43	0	3	12345	0
12218	Vile Larva		45	47	0	1	12346	0
12219	Barbed Lasher		44	45	1	10	12347	0
12220	Constrictor Vine		45	46	1	10	12348	0
12221	Noxious Slime		46	47	1	10	1145	0
12222	Creeping Sludge		45	46	1	10	14350	0
12223	Cavern Lurker		45	46	1	4	3386	0
12224	Cavern Shambler		46	47	1	4	9014	0
12225	Celebras the Cursed		49	49	1	7	12350	0
12236	Lord Vyletongue		47	47	1	3	12334	0
12237	Meshlok the Harvester		48	48	2	4	9014	0
12238	Zaetar's Spirit		60	60	1	6	12369	0
12239	Spirit of Gelk	The Second Kahn	42	42	1	6	12372	0
12240	Spirit of Kolk	The First Kahn	43	43	1	6	12371	0
12241	Spirit of Magra	The Third Kahn	43	43	1	6	12374	0
12242	Spirit of Maraudos	The Fourth Kahn	46	46	1	6	12370	0
12243	Spirit of Veng	The Fifth Kahn	47	47	1	6	12373	0
12244	Mark of Detonation (NW)		1	1	0	10	7804	1
12245	Vendor-Tron 1000		38	38	0	7	1159	0
12246	Super-Seller 680		36	36	0	7	1159	1
12247	Scourge Structure		1	1	0	10	12271	0.1
12248	Infiltrator Hameya		60	60	0	6	12390	0
12249	Mark of Detonation (SW)		1	1	0	10	7804	1
12250	Zaeldarr the Outcast		55	55	0	6	10275	0
12251	Mark of Detonation (CLS)		1	1	0	10	7804	0.1
12252	Mark of Detonation (CRS)		1	1	0	10	7804	0.1
12253	Mark of Detonation (CSH)		1	1	0	10	7804	1
12254	Mark of Detonation (NESH)		1	1	0	10	7804	0.1
12255	Mark of Detonation (NE)		1	1	0	10	7804	0.1
12256	Mark of Detonation (SE)		1	1	0	10	7804	1
12257	Mechanical Yeti		58	58	0	1	10269	0
12258	Razorlash		48	48	1	10	12389	0
12259	Gehennas		63	63	3	7	13030	0
12260	Onyxian Drake		1	1	1	2	6369	1
12261	Infected Mossflayer		57	58	0	6	4769	0
12262	Ziggurat Protector		58	58	1	6	10627	0
12263	Slaughterhouse Protector		58	58	1	6	7864	0
12264	Shazzrah		63	63	3	7	13032	0
12265	Lava Spawn		60	60	1	4	2172	0
12276	Hive'Zora Egg		20	20	0	10	10056	0
12277	Melizza Brimbuzzle		39	39	0	7	12409	0
12296	Sickly Gazelle		3	3	0	8	14951	0
12297	Cured Gazelle		3	3	0	8	1547	0
12298	Sickly Deer		5	5	0	8	10091	0
12299	Cured Deer		5	5	0	8	347	0
12317	Unkillable Test Dummy 60 Low AC		60	60	0	7	2467	1
12319	Burning Blade Toxicologist		14	14	0	7	4196	0
12320	Burning Blade Crusher		13	13	0	7	4198	0
12321	Stormscale Toxicologist		15	15	0	7	4980	1
12322	Quel'Lithien Protector		60	60	0	7	10375	0
12336	Brother Crowley	Scarlet Crusade Emissary	44	44	0	7	13049	0
12337	Crimson Courier		60	60	1	7	10502	0
12338	Shadowprey Guardian		55	55	0	7	12829	0
12339	Demetria	The Scarlet Oracle	61	61	1	7	10507	0
12340	Drulzegar Skraghook		35	35	0	7	12934	0
12341	Blue Skeletal Horse		1	2	0	6	10671	0
12342	Brown Skeletal Horse		1	2	0	6	10672	0
12343	Red Skeletal Horse		1	2	0	6	10670	0
12344	Swift Green Skeletal Horse		1	1	0	6	10720	0
12345	Mottled Red Raptor		1	1	0	1	6469	1
12346	Emerald Raptor		1	2	0	1	4806	0
12347	Enraged Reef Crawler		30	32	0	1	1001	0
12348	Ivory Raptor		1	1	0	1	6471	0
12349	Turquoise Raptor		1	2	0	1	6472	0
12350	Violet Raptor		1	2	0	1	6473	0
12351	Dire Riding Wolf		10	10	0	1	2327	0
12352	Scarlet Trooper		58	59	0	7	10500	0
12353	Timber Riding Wolf		10	10	0	1	247	0
12354	Brown Riding Kodo		11	12	0	1	11641	0
12355	Gray Riding Kodo		11	12	0	1	12246	0
12356	Green Riding Kodo		12	12	0	1	12245	1
12357	Teal Riding Kodo		12	12	0	1	12242	1
12358	Riding Striped Frostsaber		1	2	0	1	6080	0
12359	Riding Spotted Frostsaber		1	2	0	1	6444	0
12360	Riding Striped Nightsaber		1	2	0	1	6448	0
12361	Riding Nightsaber		1	1	0	1	9991	0
12362	Riding Frostsaber		1	1	0	1	9695	1
12363	Blue Mechanostrider		1	2	0	9	6569	0
12364	Icy Blue Mechanostrider Mod A		1	1	0	9	10666	0
12365	Red Mechanostrider		1	2	0	9	9473	0
12366	Unpainted Mechanostrider		1	2	0	9	9476	0
12367	Green Mechanostrider		1	2	0	9	10661	0
12368	White Mechanostrider Mod A		1	1	0	9	9474	1
12369	Lord Kragaru		38	38	0	7	11257	0
12370	Black Ram		1	1	0	1	2784	1
12371	Frost Ram		1	1	0	1	2787	1
12372	Brown Ram		1	2	0	1	2785	0
12373	Gray Ram		1	2	0	1	2736	0
12374	White Riding Ram		1	2	0	1	2786	0
12375	Chestnut Mare		1	2	0	1	2405	0
12376	Brown Horse		1	2	0	1	2404	0
12377	Wailing Spectre		58	60	0	6	11649	0
12378	Damned Soul		59	60	0	6	146	0
12379	Unliving Caretaker		59	60	0	6	13951	0
12380	Unliving Resident		59	60	0	6	12430	0
12381	Ley Sprite		57	58	0	10	12432	0
12382	Mana Sprite		56	57	0	10	1825	0
12383	Nibbles	Prairie Dog	1	1	0	8	1072	0
12384	Augustus the Touched		55	55	0	7	12470	0
12385	Mortar Team Advanced Target Dummy		1	1	0	9	12434	0
12386	Magus Kyara		55	55	0	7	12435	1
12387	Large Vile Slime		56	57	0	10	4754	0
12396	Doomguard Commander		61	61	1	3	4426	0
12397	Lord Kazzak		63	63	3	3	12449	2.2
12416	Blackwing Legionnaire		60	60	1	7	12024	0
12417	[NOT USED] Death Talon Whelp		60	60	0	2	457	1
12418	Gordok Hyena		52	54	0	1	2712	0
12419	Lifelike Toad		1	1	0	1	901	0
12420	Blackwing Mage		60	60	1	7	11979	0
12421	[NOT USED] Blackwing Assassin		60	60	1	7	11994	1
12422	Death Talon Dragonspawn		60	60	1	2	2554	0
12423	Guard Roberts		7	7	0	7	3258	0
12425	Flint Shadowmore	SI:7	60	60	1	7	5908	0
12426	Masterwork Target Dummy		55	55	0	9	1555	0
12427	Mountaineer Dolf		7	7	0	7	12474	0
12428	Deathguard Kel		7	7	0	7	12475	0
12429	Sentinel Shaya		7	7	0	7	12476	0
12430	Grunt Kor'ja		7	7	0	7	12477	0
12431	Gorefang		13	13	4	1	11413	0
12432	Old Vicejaw		14	14	4	1	982	0
12433	Krethis Shadowspinner		15	15	4	1	368	0
12434	Monster Generator (Blackwing)		1	1	0	10	11686	1
12435	Razorgore the Untamed		63	63	3	2	10115	0
12457	Blackwing Spellbinder		62	62	1	2	7923	0
12458	Blackwing Taskmaster		62	62	1	7	11967	0
12459	Blackwing Warlock		61	61	1	7	14292	0
12460	Death Talon Wyrmguard		63	63	1	2	14308	0
12461	Death Talon Overseer		62	62	1	7	14355	0
12462	[NOT USED] Blackwing Warlord		62	62	1	7	11984	1
12463	Death Talon Flamescale		62	62	1	2	8310	0
12464	Death Talon Seether		62	62	1	2	12893	0
12465	Death Talon Wyrmkin		61	61	1	2	12894	0
12466	[NOT USED] Death Talon Scalebane		60	60	1	2	8711	1
12467	Death Talon Captain		62	62	1	2	14544	0
12468	Death Talon Hatcher		61	61	1	2	12892	0
12469	[NOT USED] Death Talon Earthshaker		62	62	1	2	12889	1
12470	[NOT USED] Death Talon Firetongue		62	62	1	7	11994	1
12473	Arcanite Dragonling		60	60	0	9	12489	0
12474	Emeraldon Boughguard		62	62	1	2	12509	0
12475	Emeraldon Tree Warder		60	60	1	2	625	2
12476	Emeraldon Oracle		61	61	1	2	7974	2
12477	Verdantine Boughguard		62	62	1	2	12509	0
12478	Verdantine Oracle		61	61	1	2	7974	0
12479	Verdantine Tree Warder		60	60	1	2	625	0
12480	Melris Malagan	Captain of the Guard	58	58	0	7	5567	0
12481	Justine Demalier	Stormwind Recruiter	57	57	0	7	5446	0
12496	Dreamtracker		62	62	1	2	7553	0
12497	Dreamroarer		62	62	1	2	7553	0
12498	Dreamstalker		62	62	1	2	7553	2
12516	TEST Resist Gear		1	1	0	7	11326	1
12517	TEST Potions and Enchantments		1	1	0	7	11326	1
12536	Illusion: Black Dragonkin		60	60	0	2	12529	1
12557	Grethok the Controller		62	62	1	7	14296	0
12576	Grish Longrunner		25	25	0	7	12943	1.35
12577	Jarrodenus	Hippogryph Master	55	55	1	7	12926	0
12578	Mishellena	Hippogryph Master	55	55	1	7	12927	0
12579	Bloodfury Ripper		26	26	1	7	2295	0
12580	Reginald Windsor		63	63	1	7	9052	0
12581	Mercutio		2	2	0	1	2410	0
12596	Bibilfaz Featherwhistle	Gryphon Master	55	55	1	7	12911	1.15
12616	Vhulgra	Wind Rider Master	55	55	1	7	12974	0
12617	Khaelyn Steelwing	Gryphon Master	55	55	1	7	12549	0
12636	Georgia	Bat Handler	55	55	1	7	12569	0
12656	Thamarian		15	15	0	7	14954	0
12657	Don Pompa		20	20	0	7	12610	0
12658	Adam Lind		20	20	0	7	12609	0
12676	Sharptalon		31	31	0	1	12589	0
12677	Shadumbra		28	28	0	1	11452	0
12678	Ursangous		25	25	0	1	2281	0
12696	Senani Thunderheart		30	30	0	7	12970	1.25
12716	Decedra Willham		45	45	0	7	7330	0
12717	Muglash		25	25	0	7	12961	0
12718	Gurda Ragescar		30	30	0	7	12946	0
12719	Marukai		35	35	0	7	12958	0
12720	Framnali		32	32	0	7	12936	0
12721	Mitsuwa		31	31	0	7	12960	0
12722	Vera Nightshade		29	29	0	7	12973	0
12723	Har'alen		28	28	0	7	12948	1.25
12724	Pixel		34	34	0	7	12968	0
12736	Je'neu Sancrea	The Earthen Ring	25	25	0	7	12953	0
12737	Mastok Wrilehiss		30	30	1	7	12959	0
12738	Nori Pridedrift		5	5	0	7	12967	0
12739	Onyxia's Elite Guard		60	60	1	2	2554	0
12740	Faustron	Wind Rider Master	55	55	1	7	12629	0
12741	Warrior 40 (More Leash)		40	40	0	2	143	1
12756	Lady Onyxia		62	62	3	2	17251	0.5
12757	Karang Amakkar		35	35	0	7	8352	0
12758	Onyxia Trigger		1	1	0	10	11686	1
12759	Tideress		27	27	0	4	7853	0
12776	Hraug	Demon Trainer	9	9	0	7	14371	0
12777	Captain Dirgehammer	Armor Quartermaster	55	55	0	7	12917	1
12778	Lieutenant Rachel Vaccar		55	55	0	7	9811	0
12779	Archmage Gaiman		55	55	0	7	12910	0
12780	Sergeant Major Skyshadow		55	55	0	7	12924	0
12781	Master Sergeant Biggins	Officer Accessories Quartermaster	55	55	0	7	12669	0
12782	Captain O'Neal	Weapons Quartermaster	55	55	0	7	12918	0
12783	Lieutenant Karter	Mount Vendor	55	55	0	7	12922	0
12784	Lieutenant Jackspring	Reagent Vendor	55	55	0	7	12921	0
12785	Sergeant Major Clate	Food and Drink	55	55	0	7	12925	0
12786	Guard Quine		62	62	0	7	12920	0
12787	Guard Hammon		62	62	0	7	12919	0
12788	Legionnaire Teena		62	62	0	7	12670	0
12789	Blood Guard Hini'wana		62	62	0	7	12671	0
12790	Advisor Willington		62	62	0	7	12672	0
12791	Chieftain Earthbind		62	62	0	7	12673	1.35
12792	Lady Palanseer	Armor Quartermaster	55	55	0	7	12674	1
12793	Brave Stonehide	Officer Accessories Quartermaster	55	55	0	7	12675	1.25
12794	Stone Guard Zarg	Food and Drink	55	55	0	7	12676	0
12795	First Sergeant Hola'mahi	Reagent Vendor	55	55	0	7	12677	0
12796	Raider Bork	Mount Quartermaster	55	55	0	7	12678	0
12797	Grunt Korf		62	62	0	7	12679	0
12798	Grunt Bek'rah		62	62	0	7	12680	0
12799	Sergeant Ba'sha	Accessories Quartermaster	55	55	0	7	12681	0
12800	Chimaerok		60	61	1	1	4269	0
12801	Arcane Chimaerok		60	62	1	1	10810	0
12802	Chimaerok Devourer		61	62	1	1	9560	0
12803	Lord Lakmaeran		62	62	1	1	12683	0
12804	[PH] TEST Fire God		63	63	3	4	11121	1
12805	Officer Areyn	Accessories Quartermaster	55	55	0	7	12923	0
12806	Magmakin		60	60	1	4	4759	1
12807	Greshka	Demon Master	50	50	0	7	12689	0
12816	Xen'Zilla		25	25	0	7	12709	0
12818	Ruul Snowhoof		26	26	0	7	12969	1.35
12819	Ruul Snowhoof Bear Form		1	1	0	7	8842	1
12836	Wandering Protector		35	35	1	5	12750	0
12837	Yama Snowhoof		26	26	0	7	12976	1.25
12856	Ashenvale Outrunner		23	24	0	7	12912	0
12857	Elogit		60	60	0	7	11679	1
12858	Torek		24	24	0	7	12809	0
12859	Splintertree Raider		21	22	0	7	12810	0
12860	Duriel Moonfire		24	24	0	7	12931	0
12861	Wisp (Ghost Visual Only)		1	1	0	8	1825	1
12862	Warsong Scout		28	28	0	7	11869	0
12863	Warsong Runner		29	29	0	7	11872	0
12864	Warsong Outrider		30	30	0	7	11871	0
12865	Ambassador Malcin		36	36	1	6	12909	0
12866	Myriam Moonsinger		35	35	0	7	12964	0
12867	Kuray'bin		35	35	0	7	12956	0
12876	Baron Aquanis		28	28	1	4	110	0
12877	Ertog Ragetusk		35	35	0	7	12790	0
12896	Silverwing Sentinel		22	23	0	7	4841	0
12897	Silverwing Warrior		21	22	0	7	4841	0
12898	Phantim Illusion		62	62	0	2	12820	2
12899	Axtroz		62	62	1	2	12821	0
12900	Somnus		62	62	1	2	7553	0
12902	Lorgus Jett		26	26	1	7	12822	0
12903	Splintertree Guard		40	40	0	7	4264	0
12904	Spirit Of Redemption		60	60	0	7	16031	0
12916	Unkillable Test Dummy 60 Low Magic Resistances		60	60	0	7	2467	1
12917	Unkillable Test Dummy 60 High Magic Resistances		60	60	0	7	2467	1
12918	Chief Murgut		26	26	0	7	6825	0
12919	Nat Pagle		45	45	0	7	13099	0
12920	Doctor Gregory Victor	Trauma Surgeon	48	48	0	7	12928	0
12921	Enraged Foulweald		23	24	0	7	6824	0
12922	Imp Minion		46	46	0	3	4449	0
12923	Injured Soldier		43	46	0	7	6570	0
12924	Badly Injured Soldier		44	48	0	7	2588	0
12925	Critically Injured Soldier		46	50	0	7	1027	0
12936	Badly Injured Alliance Soldier		44	48	0	7	2986	0
12937	Critically Injured Alliance Soldier		46	50	0	7	2985	0
12938	Injured Alliance Soldier		43	46	0	7	2987	0
12939	Doctor Gustaf VanHowzen	Trauma Surgeon	48	48	0	7	12930	0
12940	Vorsha the Lasher		22	22	0	10	1772	0
12941	Jase Farlane	Trade Supplies	56	56	0	7	12954	0
12942	Leonard Porter	Leatherworking Supplies	55	55	0	7	12957	0
12943	Werg Thickblade	Leatherworking Supplies	55	55	0	7	12975	0
12944	Lokhtos Darkbargainer	The Thorium Brotherhood	60	60	0	7	14666	0
12956	Zannok Hidepiercer	Leatherworking Supplies	59	59	0	7	12977	0
12957	Blimo Gadgetspring	Trade Supplier	55	55	0	7	12915	0
12958	Gigget Zipcoil	Trade Supplies	52	52	0	7	12935	1.15
12959	Nergal	General Goods Vendor	52	52	0	7	13729	0
12960	Christi Galvanis	General Goods	40	40	0	7	12916	0
12961	Kil'Hiwana	Fisherman	30	30	0	7	12038	0
12962	Wik'Tar	Fish Merchant & Supplies	30	30	0	7	4094	0
12976	Kolkar Waylayer		33	34	0	7	4871	0
12977	Kolkar Ambusher		34	35	0	7	9448	0
12996	Mounted Ironforge Mountaineer		30	30	0	7	1598	0
12997	Monty	Rat Extermination Specialist	12	12	0	7	5485	1.15
12998	Dwarven Farmer		15	15	0	7	12932	0
12999	Blackwing Trigger		60	60	0	10	11686	0
13000	Gnome Engineer		15	15	0	7	12940	1.15
13016	Deeprun Rat		1	1	0	8	1141	0
13017	Enthralled Deeprun Rat		1	1	0	8	1141	0
13018	Nipsy		12	12	0	7	12965	1.15
13019	Burning Blade Seer		33	33	0	7	4707	0
13020	Vaelastrasz the Corrupt		63	63	3	2	13992	0
13021	Warpwood Crusher		56	56	1	4	12929	3.5
13022	Whip Lasher		54	54	0	4	12962	1
13036	Gordok Mastiff		57	59	0	1	12966	0
13056	test spirit healer (DND)		60	60	0	7	7593	1
13076	Dun Morogh Mountaineer		30	30	0	7	1598	0
13078	Umi Thorson		58	58	0	7	13299	0
13079	Keetar		58	58	0	7	13300	0
13080	Irondeep Guard		54	55	0	7	13311	0
13081	Irondeep Raider		54	55	0	7	13434	0
13082	Milton Beats	Giver of the Beatings	33	33	1	7	4016	0
13083	Echo of Archimonde		60	60	0	3	12990	1
13084	Bixi Wobblebonk	Weapon Master	50	50	1	7	12992	1.15
13085	Myrokos Silentform		57	57	1	7	13150	0
13086	Aggi Rumblestomp		58	58	0	7	13298	0
13087	Coldmine Invader		54	55	0	7	13326	0
13088	Masha Swiftcut		58	58	0	7	13305	0
13089	Coldmine Guard		54	55	0	7	13322	0
13096	Coldmine Explorer		54	55	0	7	13895	1.15
13097	Coldmine Surveyor		54	55	0	7	13330	0
13098	Irondeep Surveyor		54	55	0	7	13315	0
13099	Irondeep Explorer		54	55	0	7	13430	0
13116	Alliance Spirit Guide		60	60	1	7	13336	0
13117	Horde Spirit Guide		60	60	1	7	13338	1.35
13118	Crimson Bodyguard		57	58	1	7	10492	0
13136	Hive'Ashi Drone		57	58	0	10	2303	1
13137	Lieutenant Rugba		59	59	1	7	13467	0
13138	Lieutenant Spencer		59	59	1	7	13460	0
13139	Commander Randolph		61	61	1	7	13455	0
13140	Commander Dardosh		61	61	1	7	13462	0
13141	Deeprot Stomper		43	44	1	4	2079	0
13142	Deeprot Tangler		44	45	1	4	13098	0
13143	Lieutenant Stronghoof		59	59	1	7	13468	1.35
13144	Lieutenant Vol'talar		59	59	1	7	13469	0
13145	Lieutenant Grummus		59	59	1	6	7864	2
13146	Lieutenant Murp		59	59	1	6	1693	2
13147	Lieutenant Lewis		59	59	1	7	13466	0
13148	Flame of Ragnaros		60	60	0	10	13069	1
13149	Syndicate Brigand		53	53	1	7	13440	0
13150	Syndicate Agent		57	57	1	7	13449	0
13151	Syndicate Master Ryson		60	60	1	7	13454	0
13152	Commander Malgor		61	61	1	7	13463	0
13153	Commander Mulfort		61	61	1	7	13464	1.35
13154	Commander Louis Philips		61	61	1	7	13465	0
13155	Deathstalker Agent		61	61	1	7	2863	0
13156	Carrosh		12	12	0	7	11339	1
13157	Makasgar		12	12	0	7	13089	0
13158	Lieutenant Sanders		12	12	0	7	13090	0
13159	James Clark		12	12	0	7	13091	0
13160	Carrion Swarmer		57	58	0	1	13096	0.5
13161	Aerie Gryphon		60	60	1	1	1149	0
13176	Smith Regzar		60	60	1	7	13152	0
13177	Vahgruk	Wind Rider Master	55	55	1	7	1652	0
13178	War Rider		60	60	1	1	11012	0
13179	Wing Commander Guse		59	59	1	7	13473	0
13180	Wing Commander Jeztor		58	58	1	7	13474	0
13181	Wing Commander Mulverick		60	60	1	7	13475	0
13196	Phase Lasher		54	55	1	4	13109	0
13197	Fel Lash		56	56	1	4	13110	0
13216	Gaelden Hammersmith	Stormpike Supply Officer	58	58	1	7	13476	0
13217	Thanthaldis Snowgleam	Stormpike Supply Officer	58	58	1	7	13319	0
13218	Grunnda Wolfheart	Frostwolf Supply Officer	58	58	1	7	13477	0
13219	Jekyll Flandring	Frostwolf Supply Officer	58	58	1	7	13438	0
13220	Layo Starstrike	The Cenarion Circle	55	55	0	7	13149	0
13221	Ryson's Eye in the Sky		58	58	1	1	10833	0
13236	Primalist Thurloga		60	60	1	7	13478	1.25
13256	Lokholar the Ice Lord		61	61	3	4	13174	0
13257	Murgot Deepforge		60	60	1	7	13151	0
13276	Wildspawn Imp		56	56	0	3	911	0
13277	Dahne Pierce		5	5	0	7	251	0
13278	Duke Hydraxis		60	60	1	4	10849	0
13279	Discordant Surge		54	57	0	4	5564	0
13280	Hydrospawn		57	57	1	4	5489	0
13281	Furis		60	60	0	3	2346	1
13282	Noxxion		48	48	1	4	11172	0
13283	Lord Tony Romano	Rogue Trainer	60	60	0	7	13171	0
13284	Frostwolf Shaman		58	58	1	7	13410	0
13285	Death Lash		57	58	1	4	13172	0
13296	Lieutenant Largent		59	59	1	7	13457	0
13297	Lieutenant Stouthandle		59	59	1	7	13461	0
13298	Lieutenant Greywand		59	59	1	7	13456	0
13299	Lieutenant Lonadin		59	59	1	7	13458	0
13300	Lieutenant Mancuso		59	59	1	7	13459	0
13301	Hive'Ashi Ambusher		56	57	0	10	2303	1
13316	Coldmine Peon		52	53	0	7	13334	0
13317	Coldmine Miner		52	53	0	7	556	0
13318	Commander Mortimer		61	61	1	7	13446	0
13319	Commander Duffy		61	61	1	7	13445	0
13320	Commander Karl Philips		61	61	1	7	13450	0
13321	Frog		1	1	0	8	6297	0
13322	Hydraxian Honor Guard		57	58	1	4	5564	0
13323	Subterranean Diemetradon		46	48	1	1	13209	0
13324	Seasoned Guardsman		58	58	0	7	13249	0
13325	Seasoned Mountaineer		56	56	0	7	13266	0
13326	Seasoned Defender		59	59	0	7	13262	0
13327	Seasoned Sentinel		56	56	0	7	13229	0
13328	Seasoned Guardian		59	59	0	7	13278	0
13329	Seasoned Legionnaire		58	58	0	7	13286	0
13330	Seasoned Warrior		56	56	0	7	13301	0
13331	Veteran Defender		60	60	0	7	13258	0
13332	Veteran Guardian		60	60	0	7	13282	0
13333	Veteran Guardsman		59	59	0	7	13254	0
13334	Veteran Legionnaire		59	59	0	7	13294	0
13335	Veteran Mountaineer		57	57	0	7	13270	0
13336	Veteran Sentinel		57	57	0	7	13290	0
13337	Veteran Warrior		57	57	0	7	13306	0
13338	Core Rat		1	1	0	8	1141	0
13339	Warrior 60		60	60	0	2	143	1
13356	Stormpike Mine Layer		61	61	1	7	13386	0
13357	Frostwolf Mine Layer		61	61	1	7	13394	0
13358	Stormpike Bowman		59	60	0	7	13390	0
13359	Frostwolf Bowman		59	60	0	7	13398	0
13377	Master Engineer Zinfizzlex		60	60	1	7	13439	0
13378	Frostwolf Shredder Unit		60	60	1	9	13310	0
13396	Irondeep Miner		52	53	0	7	556	0
13397	Irondeep Peon		52	53	0	7	13335	0
13416	Stormpike Shredder Unit		60	60	1	9	13310	0
13417	Sagorne Creststrider	Shaman Trainer	50	50	0	7	13341	1.35
13418	Kaymard Copperpinch	Smokywood Pastures	30	30	0	7	13342	0
13419	Ivus the Forest Lord		61	61	3	7	14884	0
13420	Penney Copperpinch	Smokywood Pastures	30	30	0	7	13344	0
13421	Champion Guardian		61	61	0	7	13361	0
13422	Champion Defender		61	61	0	7	13351	0
13424	Champion Guardsman		60	60	0	7	13371	0
13425	Champion Legionnaire		60	60	0	7	13375	0
13426	Champion Mountaineer		58	58	0	7	13379	0
13427	Champion Sentinel		58	58	0	7	13357	0
13428	Champion Warrior		58	58	0	7	13365	0
13429	Nardstrum Copperpinch	Smokywood Pastures	30	30	0	7	13346	0
13430	Jaycrue Copperpinch	Smokywood Pastures	30	30	0	7	13345	0
13431	Whulwert Copperpinch	Smokywood Pastures	30	30	0	7	13348	0
13432	Seersa Copperpinch	Smokywood Pastures	30	30	0	7	13347	0
13433	Wulmort Jinglepocket	Smokywood Pastures	30	30	0	7	13349	0
13434	Macey Jinglepocket	Smokywood Pastures	30	30	0	7	13350	0
13435	Khole Jinglepocket	Smokywood Pastures	30	30	0	7	13356	0
13436	Guchie Jinglepocket	Smokywood Pastures	30	30	0	7	13355	0
13437	Wing Commander Ichman		60	60	1	7	13470	0
13438	Wing Commander Slidore		58	58	1	7	13471	0
13439	Wing Commander Vipore		59	59	1	7	13472	0
13440	Frostwolf Wolf Rider		58	58	1	7	13411	0
13441	Frostwolf Wolf Rider Commander		60	60	1	7	13415	0
13442	Arch Druid Renferal		60	60	1	7	13403	0
13443	Druid of the Grove		60	60	1	7	13409	0
13444	Greatfather Winter		30	30	0	7	13369	0
13445	Great-father Winter		30	30	0	7	13370	0
13446	Field Marshal Teravaine		61	61	1	7	13662	0
13447	Corporal Noreg Stormpike		58	59	1	7	13383	0
13448	Sergeant Yazra Bloodsnarl		56	57	0	7	13402	0
13449	Warmaster Garrick		61	61	1	7	13842	0
13456	Noxxion's Spawn		46	46	0	4	5492	0
13476	Balai Lok'Wein	Potions, Scrolls and Reagents	43	43	0	7	13529	0
13477	Noxxion Trigger		1	1	0	10	11686	1
13496	Risen Ancient		61	61	1	10	8811	1
13516	Frostwolf Outrunner		56	56	1	7	13817	1
13517	Seasoned Outrunner		57	57	1	7	13821	1
13518	Veteran Outrunner		58	58	1	7	13828	1
13519	Champion Outrunner		60	60	1	7	13833	1
13520	Stormpike Ranger		56	56	1	7	13674	1
13521	Seasoned Ranger		57	57	1	7	13678	1
13522	Veteran Ranger		59	59	1	7	13682	1
13523	Champion Ranger		60	60	1	7	13686	1
13524	Stormpike Commando		56	56	1	7	13645	0
13525	Seasoned Commando		59	59	1	7	13654	0
13526	Veteran Commando		60	60	1	7	13658	0
13527	Champion Commando		61	61	1	7	13650	0
13528	Frostwolf Reaver		59	59	1	7	13809	0
13529	Seasoned Reaver		59	59	1	7	13813	0
13530	Veteran Reaver		60	60	1	7	13825	0
13531	Champion Reaver		61	61	1	7	13837	0
13533	Spewed Larva		45	47	1	1	13609	0
13534	Seasoned Coldmine Guard		56	57	0	7	13567	0
13535	Veteran Coldmine Guard		58	59	0	7	13571	0
13536	Champion Coldmine Guard		60	60	0	7	13563	0
13537	Seasoned Coldmine Surveyor		56	57	0	7	13544	0
13538	Veteran Coldmine Surveyor		58	59	0	7	13554	0
13539	Champion Coldmine Surveyor		60	60	0	7	13558	0
13540	Seasoned Irondeep Explorer		56	57	0	7	13769	0
13541	Veteran Irondeep Explorer		58	59	0	7	13773	0
13542	Champion Irondeep Explorer		60	60	0	7	13777	0
13543	Seasoned Irondeep Raider		56	57	0	7	13590	0
13544	Veteran Irondeep Raider		58	59	0	7	13594	0
13545	Champion Irondeep Raider		60	60	0	7	13598	0
13546	Seasoned Coldmine Explorer		56	57	0	7	13891	1.15
13547	Veteran Coldmine Explorer		58	59	0	7	13893	0
13548	Champion Coldmine Explorer		60	60	0	7	13889	0
13549	Seasoned Coldmine Invader		56	57	0	7	13636	0
13550	Veteran Coldmine Invader		58	59	0	7	13640	0
13551	Champion Coldmine Invader		60	60	0	7	13632	0
13552	Seasoned Irondeep Guard		56	57	0	7	13781	0
13553	Veteran Irondeep Guard		58	59	0	7	13785	0
13554	Champion Irondeep Guard		60	60	0	7	13789	0
13555	Seasoned Irondeep Surveyor		56	57	0	7	13795	0
13556	Veteran Irondeep Surveyor		58	59	0	7	13799	0
13557	Champion Irondeep Surveyor		60	60	0	7	13803	0
13576	Stormpike Ram Rider		58	58	1	7	13709	0
13577	Stormpike Ram Rider Commander		60	60	1	7	13714	0
13596	Rotgrip		50	50	1	1	13589	0
13597	Frostwolf Explosives Expert		59	59	1	7	13793	0
13598	Stormpike Explosives Expert		60	60	1	7	13671	0
13599	Stolid Snapjaw		46	47	0	1	6368	0.72
13601	Tinkerer Gizlock		50	50	1	7	7125	0
13602	The Abominable Greench		36	36	1	1	13644	0
13616	Frostwolf Stable Master	Stable Master	60	60	1	7	13670	0
13617	Stormpike Stable Master	Stable Master	60	60	1	7	13669	0
13618	Stabled Frostwolf		50	50	0	1	10278	0
13619	Gizlock's Dummy		1	1	0	9	1555	1
13620	Gizlock		1	1	0	7	1126	1
13636	Strange Snowman		35	35	0	10	13730	1.8
13656	Willow	Twilight's Hammer	45	45	0	7	13909	0
13676	Stabled Alterac Ram		50	51	0	1	13340	1
13696	Noxxious Scion		45	46	0	4	13749	1
13697	Cavindra		45	45	1	7	14425	0
13698	Keeper Marandis		43	43	0	7	150	0
13699	Selendra		40	40	0	7	13672	0
13716	Celebras the Redeemed		49	49	1	7	13715	0
13717	Centaur Pariah		42	42	0	7	9419	0
13718	The Nameless Prophet		41	41	1	7	9426	0
13736	Noxxious Essence		45	46	0	4	13732	1
13737	Marandis' Sister		36	36	0	7	2722	0
13738	Veng	The Fifth Kahn	47	47	1	6	9418	0
13739	Maraudos	The Fourth Kahn	46	46	1	6	9441	0
13740	Magra	The Third Kahn	43	43	1	6	9433	0
13741	Gelk	The Second Kahn	42	42	1	6	9427	0
13742	Kolk	The First Kahn	43	43	1	6	4860	0
13743	Corrupt Force of Nature		44	44	0	4	9593	0
13756	PvP Graveyard Credit Marker		60	60	0	10	1141	0
13776	Corporal Teeka Bloodsnarl		56	57	1	7	13851	0
13777	Sergeant Durgen Stormpike		58	59	1	7	13383	0
13778	PvP Tower Credit Marker		60	60	0	10	1141	0
13796	PvP Mine Credit Marker		60	60	0	10	1141	0
13797	Mountaineer Boombellow		60	61	1	7	13849	0
13798	Jotek		60	61	1	7	13808	0
13816	Prospector Stonehewer		61	61	0	7	13794	0
13817	Voggah Deathgrip		61	61	0	7	13852	0
13836	Burning Blade Nightmare		40	40	0	3	2346	0
13837	Captured Stallion		40	40	0	1	236	0
13838	Testing Totem		10	10	0	11	4589	1
13839	Royal Dreadguard		60	60	1	7	13807	0
13840	Warmaster Laggrond		61	61	1	7	13853	0
13841	Lieutenant Haggerdin		61	61	1	7	13841	0
13842	Frostwolf Ambassador Rokhstrom		60	60	0	7	13843	0
13843	Lieutenant Rotimer	Stormpike Guard Recruitment Officer	60	60	0	7	13850	0
13856	Alliance Res Fixer	Click me to clear res effects	60	60	0	7	3939	1
13857	Horde Res Fixer	Click me to clear res effects	60	60	0	7	1872	1
13876	Mekgineer Trigger		1	1	0	10	11686	1
13896	Scalebeard		52	52	2	1	7046	0
13916	Dire Maul Crystal Totem		1	1	0	11	11686	0
13917	Izzy Coppergrab	Banker	55	55	0	7	13969	0
13936	Ravenholdt		1	1	0	10	7804	1
13956	Winterax Mystic		58	58	1	7	14026	0
13957	Winterax Warrior		60	60	1	7	14052	0
13958	Winterax Seer		59	59	1	7	14030	0
13959	Alterac Yeti		61	61	1	7	10946	0
13976	Tortured Drake		40	40	1	2	14012	0
13977	Gash'nak the Cannibal		61	61	2	7	12249	1
13996	Blackwing Technician		60	60	1	7	13991	0
14016	Ushalac the Gloomdweller		61	61	2	7	14064	1
14017	Withered Troll		60	60	1	7	14056	1
14018	Rezrelek	Winterax Hero	61	61	2	7	14072	1
14019	Tatterhide		61	61	2	7	13990	1
14020	Chromaggus		63	63	3	2	14367	0
14021	Winterax Sentry		1	1	1	10	7804	0
14022	Corrupted Red Whelp		60	60	0	2	956	0
14023	Corrupted Green Whelp		60	60	0	2	694	0
14024	Corrupted Blue Whelp		60	60	0	2	9994	0
14025	Corrupted Bronze Whelp		60	60	0	2	14720	0
14026	Trigger Guse		60	60	1	10	7804	1
14027	Trigger Mulverick		60	60	1	10	7804	1
14028	Trigger Jeztor		60	60	1	10	7804	1
14029	Trigger Ichman		60	60	1	10	7804	1
14030	Trigger Slidore		60	60	1	10	7804	1
14031	Trigger Vipore		60	60	1	10	7804	1
14041	Haggle		20	20	0	7	14093	1.15
14042	Rytama	Binder of the Moro'gai	61	61	0	7	14193	1
14061	Phase Lasher (Fire)		53	55	1	4	13110	0
14062	Phase Lasher (Nature)		53	55	1	4	14214	0
14063	Phase Lasher (Arcane)		53	55	1	4	14213	0
14081	Demon Portal		61	61	0	10	9510	0
14101	Enraged Felguard		60	60	1	3	14152	0
14121	Deeprun Diver		20	20	0	7	14172	1.72
14122	Massive Geyser		60	60	0	10	13069	0.85
14123	Steeljaw Snapper		42	43	0	1	7114	0
14141	Stormpike Reclaimer		58	58	1	7	13274	1
14142	Frostwolf Reclaimer		58	58	1	7	12165	1
14143	Ar'lia	The Moro'gai	61	61	0	7	14192	1
14144	Taroen	The Moro'gai	61	61	0	7	14317	1
14145	Ja'ker	The Moro'gai	61	61	0	7	14317	1
14146	Urrul	The Moro'gai	61	61	0	7	14317	1
14147	Lorael	The Moro'gai	61	61	0	7	14192	1
14148	Fre'an	The Moro'gai	61	61	0	7	14192	1
14161	Karana	The Moro'gai	61	61	0	7	14314	1
14162	RaidMage	100FR Arcane	60	60	0	7	10504	1
14181	[PH] Graveyard Herald		1	1	0	7	14212	1
14182	Bounty Hunter Kolark		60	60	0	7	14216	1.35
14183	Artilleryman Sheldonore		60	60	0	7	14235	0
14184	Phase Lasher (Frost)		53	55	1	4	14112	0
14185	Najak Hexxen	Bounty Hunter	59	59	0	7	14232	0
14186	Ravak Grimtotem	Bounty Hunter	60	60	0	7	14233	1.35
14187	Athramanis	Bounty Hunter	60	60	0	7	14215	0
14188	Dirk Swindle	Bounty Hunter	59	59	0	7	14234	0
14201	[UNUSED] Sid Stuco		20	20	0	7	14236	1
14221	Gravis Slipknot		36	36	4	7	2582	0
14222	Araga		35	35	4	1	1933	0
14223	Cranky Benj		32	32	4	1	5026	0
14224	7:XT	Long Distance Recovery Unit	41	41	4	9	6889	1
14225	Prince Kellen		33	33	4	3	6743	0
14226	Kaskk		40	40	4	3	14255	0
14227	Hissperak		37	37	4	1	2076	0
14228	Giggler		34	34	4	1	2714	1.35
14229	Accursed Slitherblade		38	38	4	7	9135	0
14230	Burgle Eye		38	38	4	7	391	0
14231	Drogoth the Roamer		37	37	4	4	631	0
14232	Dart		38	38	4	1	788	0
14233	Ripscale		39	39	4	1	2549	0
14234	Hayoc		41	41	4	1	2703	1.4
14235	The Rot		43	43	4	10	11140	0
14236	Lord Angler		44	44	4	7	14257	0
14237	Oozeworm		42	42	4	1	12336	0
14241	Ironbark the Redeemed		58	58	1	4	1461	0
14242	[UNUSED] Sulhasa	Wind Rider Master	55	55	1	7	14306	1.25
14261	Blue Drakonid		60	60	1	7	14886	0
14262	Green Drakonid		60	60	1	7	14888	0
14263	Bronze Drakonid		60	60	1	7	14887	0
14264	Red Drakonid		60	60	1	7	14889	0
14265	Black Drakonid		60	60	1	7	14885	0
14266	Shanda the Spinner		19	19	4	1	1103	1
14267	Emogg the Crusher		19	19	2	7	3189	0
14268	Lord Condar		16	16	4	1	14313	1.5
14269	Seeker Aqualon		21	21	4	4	525	1
14270	Squiddic		19	19	4	7	5243	0
14271	Ribchaser		17	17	4	7	500	0
14272	Snarlflare		18	18	4	2	497	0
14273	Boulderheart		25	25	4	5	5229	0
14274	Winterax Tracker		1	1	0	1	2714	1
14275	Tamra Stormpike		28	28	2	7	3763	0
14276	Scargil		30	30	4	7	540	0
14277	Lady Zephris		33	33	4	7	4978	0
14278	Ro'Bark		28	28	4	7	491	0
14279	Creepthess		24	24	4	1	1091	0
14280	Big Samras		27	27	4	1	706	0
14281	Jimmy the Bleeder		23	23	4	7	3616	0
14282	Frostwolf Bloodhound		53	54	0	1	782	0
14283	Stormpike Owl		53	54	0	1	10828	0
14284	Stormpike Battleguard		61	61	1	7	14322	0
14285	Frostwolf Battleguard		61	61	1	7	14320	0
14301	Brinna Valanaar	Bowyer	45	45	0	7	14353	0
14302	Chromatic Drakonid		60	60	1	7	14352	0
14303	Petrified Guardian		57	59	1	4	5848	0
14304	Kor'kron Elite		60	60	0	7	14360	0
14305	Human Orphan		4	4	0	7	338	0
14306	Eskhandar		60	60	0	1	9956	1
14307	Black Drakonid Spawner		1	1	0	10	11686	1
14308	Ferra		60	60	1	1	1083	0
14309	Red Drakonid Spawner		1	1	0	10	11686	1
14310	Green Drakonid Spawner		1	1	0	10	11686	1
14311	Bronze Drakonid Spawner		1	1	0	10	11686	1
14312	Blue Drakonid Spawner		1	1	0	10	11686	1
14321	Guard Fengus		59	59	1	7	11561	0
14322	Stomper Kreeg	The Drunk	59	59	1	7	11545	0
14323	Guard Slip'kik		59	59	1	7	11561	0
14324	Cho'Rush the Observer		60	60	1	7	11537	0
14325	Captain Kromcrush		61	61	1	7	11564	0
14326	Guard Mol'dar		58	59	1	7	11561	0
14327	Lethtendris		57	57	1	7	14378	0
14329	Black War Wolf		1	1	0	1	14334	0
14330	Black War Raptor		1	1	0	1	14388	0
14331	Red Skeletal Warhorse		1	1	0	6	10719	0
14332	Black War Steed		1	1	0	1	14337	0
14333	Black War Kodo		1	1	0	1	14348	1
14334	Black Battlestrider		1	1	0	9	14372	0
14335	Black War Ram		1	1	0	1	14577	0
14336	Black War Saber		1	1	0	1	14330	0
14337	Field Repair Bot 74A		50	50	0	9	14379	0
14338	Knot Thimblejack		50	50	0	7	14381	0
14339	Death Howl		49	49	4	1	11412	0
14340	Alshirr Banebreath		54	54	4	3	2879	0
14341	Felendor the Accuser		53	54	4	7	4943	1
14342	Ragepaw		51	51	4	7	1012	0
14343	Olm the Wise		52	52	4	1	6212	0
14344	Mongress		50	50	4	1	14315	0
14345	The Ongar		51	51	4	10	682	0
14346	Captain Greshkil		52	53	1	3	4426	1
14347	Highlord Demitrian		62	62	1	7	14395	0
14348	Earthcaller Franzahl		62	62	1	7	14394	0
14349	Pimgib		56	56	1	7	14380	0
14350	Hydroling		57	57	0	4	5561	0
14351	Gordok Bushwacker		58	59	1	7	10709	0
14352	Duke Landressar	Agent of Therazane	63	63	3	4	14385	1
14353	Mizzle the Crafty		60	60	1	7	14406	1.4
14354	Pusillin		57	57	1	3	7552	1
14355	Azj'Tordin		60	60	0	7	14386	0
14356	Sawfin Frenzy		38	40	0	1	14389	0
14357	Lake Thresher		25	25	1	1	14390	0
14358	Shen'dralar Ancient		60	60	1	6	14393	0
14361	Shen'dralar Wisp		1	1	0	8	10045	0
14362	Thornling		60	60	0	4	14392	0
14363	Thief Catcher Shadowdelve		60	60	1	7	14396	0
14364	Shen'dralar Spirit		56	58	1	6	14397	0
14365	Thief Catcher Farmountain		60	60	1	7	14404	0
14366	Warpwood Spores		60	60	0	10	11686	0
14367	Thief Catcher Thunderbrew		60	60	1	7	14405	0
14368	Lorekeeper Lydros		60	60	1	7	14407	0
14369	Shen'dralar Zealot		59	59	1	7	14408	0
14370	Cadaverous Worm		58	60	0	10	10996	0.25
14371	Shen'dralar Provisioner		52	52	1	7	14412	0
14372	Winterfall Ambusher		56	57	0	7	6829	0
14373	Sage Korolusk		59	59	0	7	14427	1.35
14374	Scholar Runethorn		59	59	0	7	14426	0
14375	Scout Stronghand		60	60	1	7	14413	0
14376	Scout Manslayer		60	60	1	7	14414	0
14377	Scout Tharr		60	60	1	7	14415	0
14378	Huntress Skymane		60	60	1	7	14417	0
14379	Huntress Ravenoak		60	60	1	7	14418	0
14380	Huntress Leafrunner		60	60	1	7	14419	0
14381	Lorekeeper Javon		60	60	1	7	14422	0
14382	Lorekeeper Mykos		60	60	1	7	14421	0
14383	Lorekeeper Kildrath		58	58	1	7	14420	0
14385	Doomguard Minion		59	60	0	3	1912	0
14386	Wandering Eye of Kilrogg		60	60	0	3	14430	1.7
14387	Lothos Riftwaker		60	60	1	7	7010	0
14388	Rogue Black Drake		50	52	1	2	6374	0
14389	Netherwalker		60	60	1	3	14428	0
14390	Expeditionary Mountaineer		36	40	1	7	3761	0
14391	Dire Maul Reaver Post		1	1	0	10	11686	1
14392	Overlord Runthak		60	60	1	7	14429	0
14393	Expeditionary Priest		37	42	1	7	3765	0
14394	Major Mattingly		60	60	1	7	14431	0
14395	Griniblix the Spectator		57	58	0	7	7107	0
14396	Eye of Immol'thar		59	59	0	10	14430	0
14397	Mana Burst		59	60	0	4	14273	1
14398	Eldreth Darter		58	59	1	2	8471	0
14399	Arcane Torrent		59	60	1	4	10315	0
14400	Arcane Feedback		59	60	0	4	5490	0
14401	Master Elemental Shaper Krixix		60	60	1	7	14498	0
14402	Seeker Cromwell		60	60	1	7	14452	0
14403	Seeker Nahr		60	60	1	7	14453	0
14404	Seeker Thompson		60	60	1	7	14454	0
14406	Roving Kodo		36	37	0	1	2767	1
14421	Brown Prairie Dog		1	1	0	1	1072	0
14422	BRD Trigger		1	1	0	10	11686	1
14423	Officer Jaxon		60	60	1	7	14472	0
14424	Mirelow		25	25	4	4	631	0
14425	Gnawbone		24	24	4	7	543	0
14426	Harb Foulmountain		27	27	4	7	3898	1.35
14427	Gibblesnik		28	28	4	7	511	0
14428	Uruson		7	7	4	7	6818	0
14429	Grimmaw		11	11	4	7	1011	0
14430	Duskstalker		9	9	4	1	11453	0
14431	Fury Shelda		8	8	4	7	2296	0
14432	Threggil		6	6	4	3	904	0
14433	Sludginn		30	30	4	10	8834	0
14434	Alarm-o-Bot		1	1	0	10	14473	0.2
14435	Prince Thunderaan	The Wind Seeker	63	63	3	4	14992	0
14436	Mor'zul Bloodbringer		61	61	0	7	14565	0
14437	Gorzeeki Wildeyes		55	55	0	7	14566	0
14438	Officer Pomeroy		60	60	1	7	14492	0
14439	Officer Brady		60	60	1	7	14493	0
14440	Hunter Sagewind		60	60	1	7	14494	1.35
14441	Hunter Ragetotem		60	60	1	7	14495	1.35
14442	Hunter Thunderhorn		60	60	1	7	14496	1.35
14443	Doomguard Tap Trigger		1	1	0	10	11686	1
14444	Orcish Orphan		4	4	0	7	14589	0
14445	Lord Captain Wyrmak		45	45	2	2	7976	0
14446	Fingat		43	43	4	7	441	0
14447	Gilmorian		43	43	4	7	4920	0
14448	Molt Thorn		42	42	4	4	14497	0
14449	Blackwing Orb Trigger		1	1	0	10	11686	0
14450	Orphan Matron Nightingale		10	10	0	7	14500	0
14451	Orphan Matron Battlewail		10	10	0	7	14499	0
14452	Enslaved Doomguard Commander		61	61	1	3	4426	0
14453	Orb of Domination		1	1	0	10	14501	1
14454	The Windreaver		60	60	1	4	14515	3
14455	Whirling Invader		57	58	0	4	14525	0
14456	Blackwing Guardsman		61	61	1	7	12024	0
14457	Princess Tempestria		60	60	1	4	14514	2.5
14458	Watery Invader		56	58	0	4	5489	0
14459	Nefarian's Troops		1	1	0	10	11686	0
14460	Blazing Invader		54	56	0	4	14527	0
14461	Baron Charr		58	58	1	4	14517	0
14462	Thundering Invader		55	57	0	4	14505	0
14463	Daio the Decrepit		60	60	0	7	14531	0
14464	Avalanchion		58	58	1	4	14512	3
14465	Alliance Battle Standard		1	1	0	10	14541	1
14466	Horde Battle Standard		1	1	0	10	14542	1
14467	Kroshius		55	55	1	3	14520	0
14469	Niby the Almighty		56	56	0	7	14532	1.15
14470	Impsy	Niby's Minion	56	56	0	3	4449	0
14471	Setis		61	61	2	7	5965	0
14472	Gretheer		57	57	4	1	1104	1.8
14473	Lapress		60	60	2	10	14521	0
14474	Zora		59	59	2	10	14522	0
14475	Rex Ashil		57	57	2	10	12153	0
14476	Krellack		56	56	4	1	6068	2.85
14477	Grubthor		58	58	4	1	14523	2
14478	Huricanian		58	58	4	4	14525	2
14479	Twilight Lord Everun	Twilight's Hammer	60	60	4	7	14526	0
14480	Alowicious Czervik	Sweet Treats	10	10	0	7	14530	0
14481	Emmithue Smails	Sweet Treats	10	10	0	7	14529	1.15
14482	Xorothian Imp		59	60	0	3	14380	0
14483	Dread Guard		60	60	1	3	14152	0
14484	Injured Peasant		51	52	0	6	14533	0
14485	Plagued Peasant		52	53	0	6	14537	0
14486	Scourge Footsoldier	Kel'Thuzad's Minion	57	59	0	6	9786	0
14487	Gluggle		37	37	4	7	5286	0
14488	Roloch		38	38	4	7	5782	0
14489	Scourge Archer		60	60	0	6	9790	0
14490	Rippa		44	44	4	1	14528	0
14491	Kurmokk		42	42	4	1	3186	1.4
14492	Verifonix	The Surveyor	42	42	4	7	7232	0
14493	Priest Epic Event Caller		1	1	0	7	14537	1
14494	Eris Havenfire		60	60	1	6	14545	0
14495	Invisible Trigger One		60	60	0	10	13069	1
14496	Stormwind Orphan		1	3	0	7	252	0
14497	Shellene	Orphanage Matron	20	20	0	7	8632	0
14498	Tosamina		34	34	0	7	3850	0
14499	Horde Orphan		1	3	0	7	14589	0
14500	J'eevee		58	58	0	3	10812	1
14501	Warlock Mount Ritual Mob Type 3, Infernal (DND)		1	1	0	3	10905	1
14502	Xorothian Dreadsteed		62	62	1	3	14552	0
14503	The Cleaner		63	63	1	3	14555	0
14504	Dreadsteed Spirit		60	60	0	3	14553	0
14505	Riding Horse (Dreadsteed)		1	1	0	3	14554	0
14506	Lord Hel'nurath		62	62	1	3	14556	0
14507	High Priest Venoxis		63	63	3	7	15217	0
14508	Short John Mithril		47	47	0	7	14561	0
14509	High Priest Thekal		63	63	3	7	15216	0
14510	High Priestess Mar'li		63	63	3	7	15220	0
14511	Shadowed Spirit		60	60	1	6	14594	0
14512	Corrupted Spirit		59	60	1	6	14592	0
14513	Malicious Spirit		59	60	1	6	14593	0
14514	Banal Spirit		60	60	0	6	146	0
14515	High Priestess Arlokk		63	63	3	7	15218	0
14516	Death Knight Darkreaver		62	62	1	6	14591	0
14517	High Priestess Jeklik		63	63	3	7	15219	0
14518	Aspect of Banality		60	60	1	6	14560	0
14519	Aspect of Corruption		60	60	1	6	10703	0
14520	Aspect of Malice		60	60	1	6	14368	0
14521	Aspect of Shadow		60	60	1	6	11649	0
14522	Ur'dan		54	54	0	7	14564	0
14523	Ulathek		57	57	0	7	14563	0
14524	Vartrus the Ancient		63	63	1	10	14567	0
14525	Stoma the Ancient		63	63	1	10	14567	0
14526	Hastat the Ancient		63	63	1	10	14567	0
14527	Simone the Inconspicuous		60	60	1	3	14588	0
14528	Precious	Simone's Pet	60	60	1	3	855	0
14529	Franklin the Friendly		60	60	1	3	14586	0
14530	Solenor the Slayer		60	60	1	3	8610	0
14531	Artorius the Amiable		60	60	1	3	14580	1.35
14532	Razzashi Venombrood		60	60	1	1	14950	0
14533	Simone the Seductress		60	60	1	3	10925	0
14534	Klinfran the Crazed		60	60	1	3	9018	0
14535	Artorius the Doombringer		60	60	1	3	2727	0
14536	Nelson the Nice		60	60	1	3	14587	0
14538	Precious the Devourer	Simone's Pet	60	60	1	3	6688	0
14539	Swift Timber Wolf		10	10	0	1	14575	0
14540	Swift Brown Wolf		10	10	0	1	14573	0
14541	Swift Gray Wolf		10	10	0	1	14574	0
14542	Great White Kodo		1	2	0	1	14349	0
14543	Swift Olive Raptor		1	2	0	1	14344	0
14544	Swift Orange Raptor		1	2	0	1	14342	0
14545	Swift Blue Raptor		1	2	0	1	14339	0
14546	Swift Brown Ram		1	2	0	1	14347	0
14547	Swift White Ram		1	2	0	1	14346	0
14548	Swift Gray Ram		1	2	0	1	14576	0
14549	Great Brown Kodo		1	2	0	1	14578	0
14550	Great Gray Kodo		1	2	0	1	14579	0
14551	Swift Yellow Mechanostrider		1	2	0	9	14377	0
14552	Swift White Mechanostrider		1	2	0	9	14376	0
14553	Swift Green Mechanostrider		1	2	0	9	14374	0
14554	Swift Stripped Mechanostrider		1	1	0	9	14581	1
14555	Swift Mistsaber		1	2	0	1	14332	0
14556	Swift Frostsaber		1	2	0	1	14331	0
14557	Swift Dawnsaber		1	1	0	1	14329	0
14558	Purple Skeletal Warhorse		1	2	0	6	10721	0
14559	Swift Palamino		1	2	0	1	14582	0
14560	Swift White Steed		1	2	0	1	14338	0
14561	Swift Brown Steed		1	2	0	1	14583	0
14562	Swift Blue Mechanostrider		1	1	0	9	14373	1
14563	Swift Red Mechanostrider		1	1	0	9	14375	1
14564	Terrordale Spirit		59	60	0	6	10700	0
14565	Riding Horse (Charger)		1	1	0	1	14584	0
14566	Ancient Equine Spirit		60	60	0	1	14585	0
14567	Derotain Mudsipper	The Thorium Brotherhood	52	52	0	7	14668	0
14568	Darkreaver's Fallen Charger		60	60	0	1	14590	0
14581	Sergeant Thunderhorn	Weapons Quartermaster	55	55	0	7	14612	1.35
14601	Ebonroc		63	63	3	2	6377	0
14602	Swift Stormsaber		1	2	0	1	14632	0
14603	Zapped Shore Strider		48	49	0	5	14673	1
14604	Zapped Land Walker		48	49	0	5	14675	1
14605	Bone Construct		60	60	1	6	12073	0
14606	Drakonid Corpse Trigger		1	1	0	10	11686	1
14621	Overseer Maltorius		50	50	1	7	14665	0
14622	Thorium Brotherhood Lookout	The Thorium Brotherhood	50	52	0	7	14669	0
14623	Warsong Gulch Battlemaster		1	1	0	7	10186	1
14624	Master Smith Burninate	The Thorium Brotherhood	52	52	0	7	14652	0
14625	Overseer Oilfist	The Thorium Brotherhood	60	60	0	7	14653	0
14626	Taskmaster Scrange	The Thorium Brotherhood	54	54	0	7	14654	0
14627	Hansel Heavyhands	The Thorium Brotherhood	53	53	0	7	14655	0
14628	Evonice Sootsmoker	The Thorium Brotherhood	51	51	0	7	14656	0
14629	Loggerhead Snapjaw		1	1	0	1	14657	1
14630	Leatherback Snapjaw		1	1	0	1	14658	1
14631	Olive Snapjaw		1	1	0	1	14659	1
14632	Hawksbill Snapjaw		1	1	0	1	14660	1
14633	Albino Snapjaw		1	1	0	1	14661	1
14634	Lookout Captain Lolo Longstriker	The Thorium Brotherhood	59	59	0	7	14662	0
14635	Sleepy Dark Iron Worker		1	1	0	7	7929	1
14636	Chambermaid Pillaclencher		1	1	1	7	14663	1
14637	Zorbin Fandazzle		40	40	0	7	14664	0
14638	Zapped Wave Strider		47	48	0	5	14673	1
14639	Zapped Deep Strider		47	49	0	5	14673	1
14640	Zapped Cliff Giant		49	50	0	5	14674	1
14641	[PH] Horde spell thrower		1	1	0	10	169	1
14642	[PH] Alliance Spell thrower		1	1	0	10	169	1
14643	[PH] Alliance Herald		60	60	0	7	12075	1
14644	[PH] Horde Herald		60	60	0	7	12080	1
14645	Warsong Gulch Herald		1	1	0	10	8590	0
14646	Stratholme Trigger		60	60	0	10	11686	1
14661	Stinglasher		47	47	0	10	12149	0
14662	Corrupted Fire Nova Totem V		52	52	0	11	4683	0
14663	Corrupted Stoneskin Totem VI		54	54	0	11	4588	0
14664	Corrupted Healing Stream Totem V		60	60	0	11	4587	0
14666	Corrupted Windfury Totem III		60	60	0	11	4590	0
14667	Corrupted Totem		1	1	0	11	11686	0
14668	Corrupted Infernal		60	60	0	3	169	0
14681	Transporter Malfunction		1	1	0	8	26	1
14682	Sever		25	25	1	6	1061	0
14683	Baron Titus Rivendare		62	62	1	6	10729	1
14684	Balzaphon		60	60	1	6	7919	0
14685	Morbus		61	61	1	6	14693	1
14686	Lady Falther'ess		40	40	1	6	10698	0
14687	Soulless		61	61	1	6	10553	1
14688	Master Sandoval		60	60	1	6	14694	1
14689	Mana Elemental		59	60	1	4	14253	1
14690	Revanchion		60	60	1	6	14695	0
14691	Basalt		61	61	1	6	14696	1
14692	Wollstonecraft		61	61	1	6	14697	1
14693	Scorn		34	34	1	6	16197	0
14694	Necrosis		61	61	1	6	14698	1
14695	Lord Blackwood		60	60	1	6	14699	0
14696	Stitched Behemoth		60	60	0	6	14700	1
14697	Lumbering Horror		61	61	4	6	12819	0
14698	Silent Stalker		57	59	0	6	14703	1
14699	Spectral Soldier UNUSED		54	55	1	6	14365	1
14700	Unclean Spirit		57	59	0	6	14366	1
14701	Doom Wraith		54	55	1	6	14703	1
14702	Wailing Widow		57	59	0	6	984	1
14703	Death Siren		56	57	1	6	10751	1
14704	Skittering Dread		54	55	1	6	14705	1
14705	Nerubian Webspinner		57	59	0	6	11174	1
14706	Skeletal Shocktrooper UNUSED		54	55	1	6	14706	1
14707	Bone Warder		57	59	0	6	12074	1
14708	Decaying Warrior		57	59	0	6	10974	1
14709	Blighted Dead		54	55	1	6	10974	1
14710	Dread Sorcerer		55	56	1	6	11396	1
14711	Plagued Eater UNUSED		57	59	0	6	10487	1
14712	Midden Ghoul		55	56	1	6	14708	1
14713	Putrid Flyer		57	59	0	6	14709	1
14714	Winged Horror		56	57	1	6	14710	1
14715	Silverwing Elite		55	55	1	7	14712	0
14717	Horde Elite		55	55	1	7	14716	0
14718	Horde Laborer		26	27	0	7	11857	0
14719	[PH] Alliance Tower Lieutenant		60	60	1	7	1891	1
14720	High Overlord Saurfang		62	62	1	7	14732	0
14721	Field Marshal Afrasiabi		62	62	1	7	14733	0
14722	Clavicus Knavingham	Alliance Cloth Quartermaster	35	35	0	7	14753	0
14723	Mistina Steelshield	Alliance Cloth Quartermaster	35	35	0	7	14754	0
14724	Bubulo Acerbus	Alliance Cloth Quartermaster	35	35	0	7	14752	0
14725	Raedon Duskstriker	Alliance Cloth Quartermaster	35	35	0	7	14755	0
14726	Rashona Straglash	Horde Cloth Quartermaster	35	35	0	7	14757	0
14727	Vehena	Horde Cloth Quartermaster	35	35	0	7	14759	0
14728	Rumstag Proudstrider	Horde Cloth Quartermaster	35	35	0	7	14758	1.35
14729	Ralston Farnsley	Horde Cloth Quartermaster	35	35	0	7	14756	0
14730	Revantusk Watcher		55	55	0	7	14760	0
14731	Lard	Innkeeper	48	48	0	7	10714	0
14732	PvP CTF Credit Marker		60	60	0	10	1141	0
14733	Sentinel Farsong		55	55	1	7	14813	0
14734	Revantusk Drummer		50	50	0	7	14764	0
14735	ggoodman's flag tester		63	63	0	7	251	1
14736	Primal Torntusk		60	60	0	7	14768	0
14737	Smith Slagtree	Blacksmithing Supplies	47	47	0	7	14769	0
14738	Otho Moji'ko	Cooking Supplier	48	48	0	7	14770	1.35
14739	Mystic Yayo'jin	Reagent Vendor	48	48	0	7	14771	0
14740	Katoom the Angler	Fishing Trainer & Supplies	42	42	0	7	14772	0
14741	Huntsman Markhor	Stable Master	45	45	0	7	14773	0
14742	Zap Farflinger	Unbalanced Engineer	56	56	0	7	14775	0
14743	Jhordy Lapforge	Engineer	50	50	0	7	14774	0
14744	Frostwolf Riding Wolf		1	1	0	1	14776	0
14745	Stormpike Riding Ram		1	1	0	1	14777	0
14746	[PH] Horde Tower Lieutenant		60	60	1	7	12949	1
14748	Vilebranch Kidnapper		49	49	0	7	6512	0
14750	Gurubashi Bat Rider		61	61	1	7	15303	0
14751	Frostwolf Battle Standard		1	1	0	10	14782	1
14752	Stormpike Battle Standard		1	1	0	10	14783	1
14753	Illiyana Moonblaze	Silverwing Supply Officer	55	55	1	7	14784	0
14754	Kelm Hargunth	Warsong Supply Officer	55	55	1	7	14785	0
14755	Tiny Green Dragon		1	1	0	1	14778	0
14756	Tiny Red Dragon		1	1	0	1	14779	0
14757	Elder Torntusk		48	48	0	7	14786	1.33
14758	Zul'Gurub Trigger		60	60	0	10	11686	1
14761	Creeping Doom		60	60	0	10	7511	0
14762	Dun Baldar North Marshal		60	60	1	7	14793	0
14763	Dun Baldar South Marshal		60	60	1	7	14793	0
14764	Icewing Marshal		60	60	1	7	14793	0
14765	Stonehearth Marshal		60	60	1	7	14793	0
14766	Iceblood Marshal		60	60	1	7	14793	0
14767	Tower Point Marshal		60	60	1	7	14793	0
14768	East Frostwolf Marshal		60	60	1	7	14793	0
14769	West Frostwolf Marshal		60	60	1	7	14793	0
14770	Dun Baldar North Warmaster		60	60	1	7	14797	0
14771	Dun Baldar South Warmaster		60	60	1	7	14797	0
14772	East Frostwolf Warmaster		60	60	1	7	14797	0
14773	Iceblood Warmaster		60	60	1	7	14797	0
14774	Icewing Warmaster		60	60	1	7	14797	0
14775	Stonehearth Warmaster		60	60	1	7	14797	0
14776	Tower Point Warmaster		60	60	1	7	14797	0
14777	West Frostwolf Warmaster		60	60	1	7	14797	0
14781	Captain Shatterskull		55	55	1	7	14812	0
14801	Wild Polymorph Target		3	3	0	8	7899	1
14821	Razzashi Raptor		60	60	1	1	2571	0
14822	Sayge		55	55	0	7	491	0
14823	Silas Darkmoon		61	61	1	7	14855	0
14824	GGOODMAN		1	1	0	7	16081	1
14825	Withered Mistress		60	60	1	6	14981	0
14826	Sacrificed Troll		60	60	0	6	14391	0
14827	Burth		60	60	0	7	536	0
14828	Gelvas Grimegate	Darkmoon Faire Ticket Redemption	25	25	0	7	14854	0
14829	Yebb Neblegear		55	55	0	7	14856	0
14830	Unkillable Test Dummy 60 Warrior		60	60	0	7	2467	1
14831	Unkillable Test Dummy 63 Warrior		63	63	3	7	2467	1
14832	Kerri Hicks	The Strongest Woman Alive!	55	55	0	7	14876	0
14833	Chronos	He Who Never Forgets!	55	55	0	7	14875	0
14834	Hakkar		63	63	3	10	15295	0
14841	Rinling		55	55	0	7	14877	0
14842	Melnan Darkstone	Darkmoon Faire Barker	30	30	0	7	14878	0
14843	Kruban Darkblade	Darkmoon Faire Barker	30	30	0	7	14879	0
14844	Sylannia	Darkmoon Faire Drink Vendor	35	35	0	7	14880	0
14845	Stamp Thunderhorn	Darkmoon Faire Food Vendor	35	35	0	7	14881	1.35
14846	Lhara	Darkmoon Faire Exotic Goods	35	35	0	7	14882	0
14847	Professor Thaddeus Paleo	Darkmoon Faire Cards & Exotic Goods	35	35	0	7	14883	0
14848	Herald		60	60	0	10	13069	1
14849	Darkmoon Faire Carnie		25	25	0	7	14890	0
14850	Gruk		1	1	0	7	14589	0
14851	Bog		1	1	0	7	14589	1
14852	Throk		1	1	0	7	14589	1
14853	Torg		1	1	0	7	14589	1
14854	Kall		1	1	0	7	14589	1
14855	Dagg		1	1	0	7	14589	1
14856	Mott		1	1	0	7	14589	1
14857	Erk		2	2	0	7	14589	0
14858	Progk		1	1	0	7	14589	1
14859	Guard Taruc		40	40	0	7	14894	0
14860	Flik		4	4	0	7	14589	0
14861	Blood Steward of Kirtonos		61	61	1	3	10925	0
14862	Emissary Roman'khan		63	63	3	10	15359	2
14864	Khaz Modan Ram		5	5	0	1	14939	0
14865	Felinni		10	10	1	1	14935	0
14866	Flik's Frog		5	5	0	1	14936	0
14867	Jubjub		5	5	0	1	14938	0
14868	Hornsley		8	8	0	1	14937	0
14869	Pygmy Cockatrice		1	1	0	1	14940	0
14870	Stoneclaw Totem TEST		60	60	0	11	4588	1
14871	Morja		12	12	0	7	14943	0
14872	Trok		2	2	0	7	14589	0
14873	Okla		1	1	0	7	14616	0
14874	Karu		1	1	0	7	14616	0
14875	Molthor	Hand of Rastakhan	60	60	1	7	14993	0
14876	Zandalar Headshrinker		60	60	1	7	14998	0
14877	High Priest Venoxis Transform Visual		1	1	1	7	15102	1
14878	Jubling		5	5	0	1	14938	0
14879	Arathi Basin Battlemaster		1	1	0	7	10186	1
14880	Razzashi Skitterer		56	58	1	1	15072	0.5
14881	Spider		1	1	0	8	2536	0.2
14882	Atal'ai Mistress		60	60	1	7	14977	0
14883	Voodoo Slave		60	60	1	7	14973	0
14884	Parasitic Serpent		1	1	0	1	15133	0.4
14885	[PH] Jon LeCraft	Designer Extraordinaire	60	60	0	7	15093	1
14886	The Good Rabbit		5	5	0	8	328	1
14887	Ysondre		63	63	3	2	15364	2
14888	Lethon		63	63	3	2	15365	2
14889	Emeriss		63	63	3	2	15366	2
14890	Taerar		63	63	3	2	15363	2
14892	Fang		1	1	0	8	10209	0
14893	Guard Kurall		40	40	0	7	14972	0
14894	Swarm of bees		1	1	0	10	14985	0
14901	Peon		4	4	0	7	10038	1
14902	Jin'rokh the Breaker		60	60	1	7	14994	1.5
14903	Al'tabim the All-Seeing		60	60	1	7	14995	0
14904	Maywiki of Zuldazar		60	60	1	7	14996	0
14905	Falthir the Sightless		60	60	1	7	14997	0
14906	Test Guy		1	1	1	7	149	1
14908	Mogg		1	1	0	7	14589	0
14909	Pooka		15	15	0	7	15002	0
14910	Exzhal	Servitor of Rastakhan	60	60	1	7	15003	0
14911	Zandalar Enforcer		60	60	1	7	15004	0
14912	Captured Hakkari Zealot		60	60	1	7	11221	0
14913	TEST DUDE		0	0	0	7	1600	1
14921	Rin'wosho the Trader	Zandalar Supplies and Repair	56	56	1	7	15012	0
14941	High Priestess Jeklik Transform Visual		1	1	1	7	15191	1
14942	Kartra Bloodsnarl	Alterac Valley Battlemaster	61	61	1	7	15033	0
14943	Guse's War Rider		60	60	1	1	11012	0
14944	Jeztor's War Rider		60	60	1	1	11012	0
14945	Mulverick's War Rider		60	60	1	1	11012	0
14946	Slidore's Gryphon		60	60	1	1	1148	0
14947	Ichman's Gryphon		60	60	1	1	1148	0
14948	Vipore's Gryphon		60	60	1	1	1148	0
14961	Mirvyna Jinglepocket	Smokywood Pastures	30	30	0	7	15094	0
14962	Dillord Copperpinch	Smokywood Pastures	30	30	0	7	15095	0
14963	Gapp Jinglepocket	Smokywood Pastures	30	30	0	7	15096	0
14964	Hecht Copperpinch	Smokywood Pastures	30	30	0	7	15097	0
14965	Frenzied Bloodseeker Bat		60	60	0	1	14562	1
14966	High Priest Thekal Transform Visual		1	1	1	7	14792	0
14967	High Priestess Mar'li Transform Visual		1	1	1	7	15226	1
14968	High Priestess Arlokk Transform Visual		1	1	1	7	15013	1
14981	Elfarran	Warsong Gulch Battlemaster	61	61	1	7	15098	0
14982	Lylandris	Warsong Gulch Battlemaster	61	61	1	7	15100	0
14983	Field Marshal Oslight		62	62	0	7	15142	0
14984	Sergeant Maclear		62	62	0	7	15143	0
14986	Shade of Jin'do		57	60	0	6	15233	0
14987	Powerful Healing Ward		60	60	0	10	15292	0
14988	Ohgan		60	60	3	1	15271	0
14989	Poisonous Cloud		60	60	0	10	11686	0
14990	Defilers Emissary		40	40	0	7	15239	0
14991	League of Arathor Emissary		40	40	0	7	15251	0
14994	Zandalarian Event Generator		1	1	0	10	13069	1
15001	PvP A-Mid Credit Marker		1	1	0	10	1141	0
15002	PvP Mid Credit Marker		1	1	0	10	1141	0
15003	PvP H-Mid Credit Marker		1	1	0	10	1141	0
15004	PvP ALT-S Credit Marker		1	1	0	10	1141	0
15005	PvP ALT-N Credit Marker		1	1	0	10	1141	0
15006	Deze Snowbane	Arathi Basin Battlemaster	61	61	1	7	15112	0
15007	Sir Malory Wheeler	Arathi Basin Battlemaster	61	61	1	7	15113	0
15008	Lady Hoteshem	Arathi Basin Battlemaster	61	61	1	7	15116	1
15009	Voodoo Spirit		60	60	1	7	14368	0
15010	Jungle Toad		1	1	0	8	14932	0
15011	Wagner Hammerstrike		55	55	0	7	15134	0
15012	Javnir Nashak		55	55	0	7	15139	0
15021	Deathmaster Dwire		62	62	0	7	15140	0
15022	Deathstalker Mortis		62	62	0	7	15141	0
15041	Spawn of Mar'li		59	60	0	1	15136	1
15042	Zanza the Restless		60	60	1	7	15144	0
15043	Zulian Crocolisk		60	60	1	1	833	1
15045	Arathi Farmer		5	5	0	10	15146	0
15046	Forsaken Farmer		5	5	0	10	15152	0
15047	Gurubashi		63	63	1	10	13069	1
15061	Spirit of Jin'do		1	1	0	7	2708	0
15062	Arathi Lumberjack		5	5	0	10	308	0
15063	Arathi Blacksmith		5	5	0	10	15172	0
15064	Forsaken Blacksmith		5	5	0	10	15176	0
15065	Lady		5	5	0	8	15204	0
15066	Cleo		5	5	0	8	9990	0
15067	Zulian Stalker		61	61	1	1	14572	0
15068	Zulian Guardian		57	60	1	1	11029	0
15069	Heart of Hakkar		63	63	0	10	15294	0
15070	Vinchaxa	Servitor of Zanza	60	60	1	7	15205	0
15071	Underfoot		5	5	0	8	5556	0
15072	Spike		5	5	0	8	15181	0
15073	Pat's Hellfire Guy		1	1	0	10	14501	0
15074	Arathi Miner		5	5	0	10	15183	0
15075	Forsaken Miner		5	5	0	10	15187	0
15076	Zandalarian Emissary		55	55	1	7	15210	0
15077	Riggle Bassbait	Fishmaster	50	50	0	7	15235	0
15078	Jang	Fishmaster Apprentice	50	50	0	7	15236	0
15079	Fishbot 5000		50	50	0	9	15200	0
15080	Servant of the Hand	Hand of Rastakhan	60	60	1	7	15210	0
15081	Gri'lek		45	46	1	6	6690	1
15082	Gri'lek		63	63	3	6	8390	2.4
15083	Hazza'rah		63	63	3	6	15267	0
15084	Renataki		63	63	3	6	15268	0
15085	Wushoolay		63	63	3	6	15269	0
15086	Arathi Stablehand		5	5	0	10	15192	0
15087	Forsaken Stablehand		5	5	0	10	15196	0
15088	Booty Bay Elite		61	61	1	7	15201	0
15089	Forsaken Lumberjack		5	5	0	10	15206	0
15090	Swift Razzashi Raptor		1	1	0	1	15289	0
15091	Zul'Gurub Panther Trigger		60	60	0	10	11686	1
15101	Zulian Prowler		60	60	0	1	613	0
15102	Silverwing Emissary		22	23	0	7	15255	0
15103	Stormpike Emissary		55	55	0	7	15259	0
15104	Swift Zulian Tiger		1	1	0	1	15290	0
15105	Warsong Emissary		30	30	0	7	15247	0
15106	Frostwolf Emissary		55	55	0	7	15243	0
15107	Arathi Horse		5	5	0	10	229	0
15108	Forsaken Horse		1	2	0	10	10671	0
15109	Primal Blessing Visual		1	1	0	1	15214	1
15110	Gurubashi Prisoner		60	60	0	7	15263	1
15111	Mad Servant		61	61	1	3	6811	0
15112	Brain Wash Totem		60	60	0	11	15291	0
15113	Honored Hero		60	60	0	10	15222	0
15114	Gahz'ranka		63	63	3	10	15288	0
15115	Honored Ancestor		60	60	0	10	15228	0
15116	Grinkle	Fishing Promoter	50	50	0	7	15237	0
15117	Chained Spirit		60	60	0	6	14560	0
15118	Master Angler Form		38	40	0	1	15234	1
15119	Barrus	Fishing Promoter	50	50	0	7	15238	0
15121	Skeletal Magelord		51	51	0	6	11397	1
15122	Gahz'ranka Dead		1	1	1	10	15288	0
15123	[PH] Kris Zierhut	Designer Extraordinaire	60	60	0	7	15093	1
15124	Targot Jinglepocket	Smokywood Pastures	30	30	0	7	15278	0
15125	Kosco Copperpinch	Smokywood Pastures	30	30	0	7	15279	0
15126	Rutherford Twing	Defilers Supply Officer	55	55	1	7	15276	0
15127	Samuel Hawke	League of Arathor Supply Officer	55	55	1	7	15277	0
15128	Defiler Elite		55	55	1	7	15284	0
15130	League of Arathor Elite		55	55	1	7	15280	0
15131	Qeeju	Stable Master	45	45	0	7	14773	0
15133	Killable Test Dummy 60 Warrior		60	60	0	7	2467	1
15134	Outlands Test Dummy Warrior 70		70	70	0	7	2467	1
15135	Chromatic Drake Mount		1	2	0	2	15293	1
15136	Hammerfall Elite		55	55	0	7	4034	0
15137	Menethil Elite		55	55	0	7	790	0
15138	Silverpine Elite		55	55	0	7	4342	0
15139	Gahz'ranka Herald		1	1	0	10	11686	1
15140	Pat's Splash Guy		60	60	0	10	15294	0
15141	Portal of Madness		1	1	0	10	9510	0
15142	Outlands Test Dummy Warrior 60		60	60	0	7	2467	1
15143	Outlands Test Dummy Warrior 63		63	63	0	7	2467	1
15144	Outlands Test Dummy Warrior 65		65	65	0	7	2467	1
15145	Outlands Test Dummy Warrior 67		67	67	0	7	2467	1
15146	Mad Voidwalker		59	60	1	3	14428	0
15151	Outlands Test Dummy Warrior 55		55	55	0	7	2467	1
15152	Outlands Test Dummy Warrior 56		56	56	0	7	2467	1
15153	Outlands Test Dummy Warrior 57		57	57	0	7	2467	1
15154	Outlands Test Dummy Warrior 58		58	58	0	7	2467	1
15155	Outlands Test Dummy Warrior 59		59	59	0	7	2467	1
15156	Outlands Test Dummy Warrior 61		61	61	0	7	2467	1
15157	Outlands Test Dummy Warrior 62		62	62	0	7	2467	1
15158	Outlands Test Dummy Warrior 64		64	64	0	7	2467	1
15159	Outlands Test Dummy Warrior 66		66	66	0	7	2467	1
15160	Outlands Test Dummy Warrior 68		68	68	0	7	2467	1
15161	Outlands Test Dummy Warrior 69		69	69	0	7	2467	1
15162	Scarlet Inquisitor		61	61	1	7	10343	0
15163	Nightmare Illusion		60	60	0	6	15301	3.5
15164	Mulgore Trigger		60	60	0	10	11686	1
15165	Haughty Modiste	Fashion Designer	51	51	0	7	15300	0
15166	[PH] Luis Barriga		60	60	0	7	3974	1
15167	[PH] Luis Test NPC		45	45	0	7	4279	1
15168	Vile Scarab		55	55	0	10	13096	0.5
15169	Ralo'shan the Eternal Watcher		60	60	0	7	15308	0
15170	Rutgar Glyphshaper		60	60	0	7	15309	0
15171	Frankal Stonebridge		60	60	0	7	15310	0
15172	Glibb	Brann Bronzebeard's Pet Monkey	62	62	0	1	15302	0
15173	Outlands Test Dummy Warrior 54		54	54	0	7	2467	1
15174	Calandrath	Innkeeper	54	54	0	7	15312	0
15175	Khur Hornstriker	Reagent Vendor	57	57	0	7	15319	1.35
15176	Vargus	Blacksmith	57	57	0	7	15318	1.35
15177	Cloud Skydancer	Hippogryph Master	55	55	1	7	15313	0
15178	Runk Windtamer	Wind Rider Master	55	55	1	7	15314	1.35
15179	Mishta	General Trade Goods Vendor	58	58	0	7	15317	0
15180	Baristolth of the Shifting Sands		60	60	0	7	15311	0
15181	Commander Mar'alith		62	62	1	7	15315	0
15182	Vish Kozus	Captain of the Guard	61	61	1	7	15320	0
15183	Geologist Larksbane		60	60	0	7	15316	0
15184	Cenarion Hold Infantry		60	60	1	7	15304	0
15185	Brood of Nozdormu		62	62	1	2	6370	0
15186	Murky		1	1	0	1	15369	0.8
15187	Cenarion Emissary Jademoon		55	55	0	7	15321	0
15188	Cenarion Emissary Blackhoof		55	55	0	7	15322	1.35
15189	Beetix Ficklespragg		56	57	0	7	15323	0
15190	Noggle Ficklespragg		55	56	0	7	15324	0
15191	Windcaller Proudhorn		55	57	0	7	15353	1.2
15192	Anachronos		63	63	3	2	2719	1.2
15193	The Banshee Queen		63	63	3	7	15325	0
15194	Hermit Ortell		56	58	0	7	15326	0
15195	Wickerman Guardian		60	60	1	6	10699	0
15196	Deathclasp		59	59	1	1	15327	0
15197	Darkcaller Yanka		60	60	1	7	15349	0
15198	Blackwing		63	63	0	10	11686	1
15199	Sergeant Hartman		60	60	1	7	15350	0
15200	Twilight Keeper Mayna	Twilight's Hammer	60	60	0	7	15328	0
15201	Twilight Flamereaver		60	60	0	7	2896	0
15202	Vyral the Vile	Twilight's Hammer	61	61	0	7	15411	0
15203	Prince Skaldrenox	Abyssal High Council	63	63	3	7	12002	3
15204	High Marshal Whirlaxis	Abyssal High Council	63	63	3	1	7691	3
15205	Baron Kazum	Abyssal High Council	63	63	3	5	12814	2
15206	The Duke of Cynders	Abyssal Council	62	62	1	7	12030	0
15207	The Duke of Fathoms	Abyssal Council	62	62	1	10	62	0
15208	The Duke of Shards	Abyssal Council	62	62	1	5	3216	0
15209	Crimson Templar	Abyssal Council	60	60	1	4	1204	0
15210	Vulculon UNUSED	Abyssal Council	62	62	1	7	1204	1
15211	Azure Templar	Abyssal Council	60	60	1	4	110	1
15212	Hoary Templar	Abyssal Council	60	60	1	4	8716	0
15213	Twilight Overlord	Twilight's Hammer	60	61	0	7	15407	0
15214	Invisible Stalker		1	1	0	10	1126	0
15215	Mistress Natalia Mar'alith	High Priestess of C'Thun	61	62	1	7	15330	0
15216	Male Ghost		1	1	0	7	15331	1
15217	Female Ghost		1	1	0	7	15332	1
15218	Faire Cannon Trigger		60	60	0	10	11686	0
15219	Trick - Critter		1	1	0	8	6296	1
15220	The Duke of Zephyrs	Abyssal Council	62	62	1	1	7569	0
15221	Frankal Invisible Trigger		1	1	0	10	13069	1
15222	Rutgar Invisible Trigger		1	1	0	10	13069	1
15223	[PH] [UNUSED] Lord Inquisitor Opalezzix	Abyssal Council	63	63	1	7	12002	1
15224	Dream Fog		63	63	3	10	11686	0
15226	[UNUSED] Vekniss Builder		60	61	1	10	12153	1
15227	[UNUSED] Vekniss Hiveshaper		61	61	1	10	15333	1
15228	[UNUSED] Vekniss Wellborer		61	61	1	10	15333	1
15229	Vekniss Soldier		61	61	1	10	15434	0
15230	Vekniss Warrior		61	61	1	10	15334	0
15231	[UNUSED] Vekniss Patroller		61	61	1	10	15334	1
15232	[UNUSED] Vekniss Eradicator		61	61	1	10	15334	1
15233	Vekniss Guardian		61	61	1	10	14521	0
15234	[UNUSED] Vekniss Swarmer		61	61	1	10	14522	1
15235	Vekniss Stinger		62	62	1	10	15338	0
15236	Vekniss Wasp		60	60	1	10	15335	0
15237	[UNUSED] Vekniss Wrathstinger		61	61	1	10	15335	1
15238	[UNUSED] Vekniss Hive Reaver		61	61	1	10	15336	1
15239	[UNUSED] Vekniss Hive Lurker		61	61	1	10	15336	1
15240	Vekniss Hive Crawler		62	62	1	10	15533	0
15241	[UNUSED] Vekniss Crusher		1	1	1	10	15337	1
15242	[UNUSED] Vekniss Demolisher		1	1	1	10	15337	1
15243	[UNUSED] Vekniss Wasprider		61	61	1	10	15338	1
15244	[UNUSED] Vekniss Hive Raider		61	61	1	10	15338	1
15245	[UNUSED] Vekniss Waspguard		61	61	1	10	15338	1
15246	Qiraji Mindslayer		61	61	1	10	15740	0
15247	Qiraji Brainwasher		61	61	1	10	15360	0
15248	[UNUSED] Qiraji Soulbender		61	61	1	10	1064	1
15249	Qiraji Lasher		61	61	1	10	15465	0
15250	Qiraji Slayer		61	61	1	10	15354	0
15251	[UNUSED] Qiraji Slaymaster		61	61	1	10	1063	1
15252	Qiraji Champion		63	63	1	10	15340	0
15253	[UNUSED] Qiraji Champion		61	61	1	10	1063	1
15254	[UNUSED] Qiraji Captain		61	61	1	10	15339	1
15255	[UNUSED] Qiraji Officer		61	61	1	10	15339	1
15256	[UNUSED] Qiraji Commander		61	61	1	10	15339	1
15257	[UNUSED] Qiraji Honor Guard		61	61	1	10	15340	1
15258	[UNUSED] Qiraji Praetor		61	61	1	10	15340	1
15259	[UNUSED] Qiraji Imperator		61	61	1	10	15340	1
15260	Demented Druid Spirit		60	60	0	10	11242	0
15261	Spirit Shade		60	60	0	10	1825	0
15262	Obsidian Eradicator		60	60	1	10	15346	0
15263	The Prophet Skeram		63	63	3	10	15345	0
15264	Anubisath Sentinel		61	61	1	10	15347	0
15270	Huum Wildmane		60	60	0	7	15371	1.35
15275	Emperor Vek'nilash		63	63	3	10	15761	0
15276	Emperor Vek'lor		63	63	3	10	15778	0
15277	Anubisath Defender		62	62	1	10	15351	0
15282	Aurel Goldleaf		60	60	0	7	15372	0
15286	Xil'xix	Hive'Regal Overlord	62	62	1	10	15355	0
15288	Aluntir	Hive'Ashi Overlord	62	62	1	10	15356	0
15290	Arakis	Hive'Zora Overlord	62	62	1	10	15357	0
15293	Aendel Windspear		60	60	0	7	15358	0
15299	Viscidus		63	63	3	10	15686	0
15300	Vekniss Drone		60	60	0	10	15362	0
15302	Shade of Taerar		63	63	3	2	15367	1.3
15303	Maxima Blastenheimer	Darkmoon Faire Cannoneer	35	35	0	7	15368	0
15304	Ancient Mana Spring Totem		52	52	0	11	4587	0
15305	Lord Skwol	Abyssal High Council	63	63	3	10	800	3
15306	Bor Wildmane		56	58	0	7	15370	1.35
15307	Earthen Templar	Abyssal Council	60	60	1	4	14511	0
15308	Twilight Prophet	Twilight's Hammer	60	60	1	7	15373	0
15309	Spoops		1	1	0	7	14616	0
15310	Jesper		1	1	0	7	338	0
15311	Anubisath Warder		63	63	1	10	15351	0
15312	Obsidian Nullifier		61	61	1	10	15346	0
15313	Moonkin (Druid - Night Elf)		1	1	0	7	15374	1
15314	Moonkin (Druid - Tauren)		1	1	0	7	15375	1
15315	Mylini Frostmoon	Weapon Merchant	55	55	0	7	15377	0
15316	Qiraji Scarab		60	60	0	10	9354	0
15317	Qiraji Scorpion		60	60	0	10	9749	0
15318	Hive'Zara Drone		60	60	1	10	12153	0
15319	Hive'Zara Collector		60	60	1	10	15483	0
15320	Hive'Zara Soldier		61	61	1	10	15439	0
15322	[UNUSED] Hive'Zara Ambusher		61	61	1	10	11099	1
15323	Hive'Zara Sandstalker		61	61	1	10	11084	0
15324	Qiraji Gladiator		61	61	1	10	15741	0
15325	Hive'Zara Wasp		61	61	1	10	11142	0
15326	[UNUSED] Hive'Zara Swarmer		61	61	1	10	12152	1
15327	Hive'Zara Stinger		61	61	1	10	9229	0
15328	Steam Tonk		1	1	0	9	15381	1
15329	[UNUSED] Hive'Zara Scout		61	61	1	10	12152	1
15330	[UNUSED] Sand Borer		61	61	1	10	15379	1
15331	[UNUSED] Dune Tunneler		61	61	1	10	15379	1
15332	[UNUSED] Crystal Feeder		61	61	1	1	13509	1
15333	Silicate Feeder		55	55	0	1	13509	0
15334	Giant Eye Tentacle		60	60	1	10	15948	5
15335	Flesh Hunter		62	62	1	10	15463	0
15336	Hive'Zara Tail Lasher		61	61	1	10	15336	0
15337	[UNUSED] Sand Mold		61	61	1	10	15380	1
15338	Obsidian Destroyer		61	61	1	4	15343	0
15339	Ossirian the Unscarred		63	63	3	10	15432	0
15340	Moam		63	63	3	10	15392	0
15341	General Rajaxx		63	63	3	10	15376	0
15342	[UNUSED] Sphinx		61	61	1	4	11914	1
15343	Qiraji Swarmguard		61	61	1	10	15465	0
15344	Swarmguard Needler		61	61	1	10	15354	0
15345	[UNUSED] Daughter of Hecate		61	61	1	10	15354	1
15346	[UNUSED] Qiraji Wasprider		61	61	1	10	15338	1
15347	[UNUSED] Qiraji Wasplord		61	61	1	10	15338	1
15348	Kurinnaxx		63	63	3	10	15742	0
15349	RC Blimp <PH>		1	1	0	9	15382	1
15350	Horde Warbringer		60	60	0	7	15387	0
15351	Alliance Brigadier General		60	60	0	7	15389	0
15352	Corrupted Water Elemental		60	60	0	4	525	1
15353	Katrina Shimmerstar	Hallow's End Treats	30	30	0	7	15390	0
15354	Rachelle Gothena	Hallow's End Treats	30	30	0	7	15391	0
15355	Anubisath Guardian		62	62	1	10	15347	0
15356	Blue Baby Murloc		1	1	0	7	15393	1
15357	Purple Baby Murloc		1	1	0	7	15397	1
15358	White Baby Murloc		1	1	0	7	15398	1
15359	Pink Baby Murloc		1	1	0	7	15396	1
15360	Green Baby Murloc		1	1	0	7	15394	1
15361	Murki		1	1	0	1	15395	0
15362	Malfurion Stormrage		63	63	3	7	15399	0
15363	Spirit Totem		35	35	0	11	4587	0
15364	RC Mortar Tank <PH>		1	1	0	9	15382	1
15368	Tonk Mine		60	60	0	9	15402	0
15369	Ayamiss the Hunter		63	63	3	10	15431	0
15370	Buru the Gorger		63	63	3	10	15654	0
15373	Halloween Pirate Captain		1	1	0	7	3494	1
15374	Halloween Undead Pirate		1	1	0	6	3494	1
15375	Halloween Pirate Female		1	1	0	7	6948	1
15376	Halloween Male Ghost		1	1	1	6	10478	1
15377	Halloween Female Ghost		1	1	1	6	10481	1
15378	Merithra of the Dream		63	63	3	2	15420	0
15379	Caelestrasz		63	63	3	2	15419	0
15380	Arygos		63	63	3	2	15418	0
15381	Anachronos the Ancient		63	63	3	2	15415	0
15382	Fandral Staghelm		63	63	3	7	15421	0
15383	Sergeant Stonebrow	Copper Bar Collector	56	56	1	7	15441	0
15384	World Trigger		60	60	0	10	11686	0
15385	Colonel Zerran		63	63	1	10	15738	0
15386	Major Yeggeth		63	63	1	10	15738	0
15387	Qiraji Warrior		61	61	1	10	15437	0
15388	Major Pakkon		63	63	1	10	15738	0
15389	Captain Drenn		63	63	1	10	15738	0
15390	Captain Xurrem		63	63	1	10	15738	0
15391	Captain Qeez		63	63	1	10	15738	0
15392	Captain Tuubid		63	63	1	10	15738	0
15393	[UNUSED] Ruins Qiraji Gladiator Named 7		61	61	1	10	15340	1
15394	Hero of the Horde		1	1	0	7	15416	1
15395	Nafien		55	55	0	7	5851	0
15410	Anachronos Dragon Form		1	1	3	2	15500	0
15411	Arygos Dragon Form		1	1	3	2	15413	0
15412	Caelestrasz Dragon Form		1	1	3	2	15414	0
15413	Merithra Dragon Form		1	1	3	2	15412	0
15414	Qiraji Wasp		60	60	1	10	15495	0
15415	Southshore Stink Bomb Counter		1	1	0	10	7804	1
15419	Kania	Enchanting Supplier	54	54	0	7	15425	0
15421	Qiraji Drone		60	60	1	10	15487	0
15422	Qiraji Tank		60	60	1	10	15491	0
15423	Kaldorei Infantry		58	60	0	7	15427	0
15424	Anubisath Conqueror		61	61	1	10	15499	0
15425	Debug Point		1	1	0	10	169	1
15426	Ahn'Qiraj Trigger		60	60	0	10	15294	1
15427	Merithra's Wake		1	1	3	10	11686	0
15428	Sand Vortex		60	60	0	4	14501	0
15429	Disgusting Oozeling		5	5	0	1	15436	0
15431	Corporal Carnes	Iron Bar Collector	58	58	1	7	15442	0
15432	Dame Twinbraid	Thorium Bar Collector	60	60	1	7	15443	0
15434	Private Draxlegauge	Stranglekelp Collector	56	56	1	7	15445	0
15435	Ironforge Brigade Mortarman		60	60	0	7	15444	1
15436	Mortar Sergeant Stouthammer		1	1	0	7	15446	1
15437	Master Nightsong	Purple Lotus Collector	58	58	1	7	15447	0
15440	Captain Blackanvil	Ironforge Brigade Captain	60	60	1	7	15448	0
15441	Ironforge Brigade Rifleman		60	60	0	7	15566	0
15442	Ironforge Brigade Footman		60	60	1	7	15565	0
15443	Janela Stouthammer		60	60	1	7	15564	0
15444	Arcanist Nozzlespring		60	60	1	7	5377	0
15445	Sergeant Major Germaine	Arthas' Tears Collector	60	60	1	7	15449	0
15446	Bonnie Stoneflayer	Light Leather Collector	56	56	1	7	15450	0
15448	Private Porter	Medium Leather Collector	58	58	1	7	15451	0
15449	Hive'Zora Abomination		60	60	1	10	15452	0
15450	Marta Finespindle	Thick Leather Collector	60	60	1	7	15453	0
15451	Sentinel Silversky	Linen Bandage Collector	56	56	1	7	15454	0
15452	Nurse Stonefield	Silk Bandage Collector	58	58	1	7	15455	0
15453	Keeper Moonshade	Runecloth Bandage Collector	60	60	1	7	15456	0
15454	Anachronos Quest Trigger Invisible		1	1	0	10	13069	0
15455	Slicky Gastronome	Rainbow Fin Albacore Collector	56	56	1	7	15457	0
15456	Sarah Sadwhistle	Roast Raptor Collector	58	58	1	7	15458	0
15457	Huntress Swiftriver	Spotted Yellowtail Collector	60	60	1	7	15459	0
15458	Commander Stronghammer	Alliance Ambassador	60	60	1	7	15460	0
15459	Miner Cromwell	Copper Bar Collector	56	56	1	7	15461	0
15460	Grunt Maug	Tin Bar Collector	58	58	1	7	15462	0
15461	Shrieker Scarab		60	60	1	10	12151	0
15462	Spitting Scarab		60	60	1	10	15464	0
15463	Grace of Air Totem III		60	60	0	11	4590	0
15464	Strength of Earth Totem V		60	60	0	11	4588	0
15466	Minion of Omen		59	60	0	3	15878	0
15467	Omen		63	63	3	3	15879	0
15469	Senior Sergeant T'kelah	Mithril Bar Collector	60	60	1	7	15466	0
15471	Lieutenant General Andorov		61	61	1	7	15688	0
15472	[UNUSED] Deep Ooze		62	62	1	10	9595	1
15473	Kaldorei Elite		60	60	1	7	15689	0
15475	Beetle		1	1	0	8	7511	0
15476	Scorpion		1	1	0	8	15469	0
15477	Herbalist Proudfeather	Peacebloom Collector	56	56	1	7	15472	1.25
15481	Spirit of Azuregos		63	63	3	2	15473	0
15491	Eranikus, Tyrant of the Dream		63	63	3	2	15474	0
15495	Nighthaven Defender		60	61	1	7	11774	1.35
15498	Windcaller Yessendra		55	57	0	7	15477	0
15499	Warden Haro		56	58	0	7	15478	1.35
15500	Keyl Swiftclaw		60	60	1	7	15479	0
15502	Andorgos	Brood of Malygos	60	60	1	7	15480	0
15503	Kandrostrasz	Brood of Alexstrasza	60	60	1	7	15481	0
15504	Vethsera	Brood of Ysera	60	60	1	7	15482	0
15505	Canal Frenzy		60	60	1	1	14528	0
15506	Stewvul		60	60	0	7	6981	1
15507	Buru the Gorger Transform Visual		1	1	0	10	15655	0
15508	Batrider Pele'keiki	Firebloom Collector	58	58	1	7	15502	0
15509	Princess Huhuran		63	63	3	10	15739	0
15510	Fankriss the Unyielding		63	63	3	10	15743	0
15511	Lord Kri		63	63	3	10	15656	0
15512	Apothecary Jezel	Purple Lotus Collector	60	60	1	7	15503	0
15514	Buru Egg		55	55	0	10	15512	0
15515	Skinner Jamani	Heavy Leather Collector	56	56	1	7	15508	0
15516	Battleguard Sartura		63	63	3	10	15583	0
15517	Ouro		63	63	3	10	15509	0
15518	Auctioneer Grum		0	0	0	7	7990	1
15519	Auctioneer Bertram		0	0	0	7	15779	1
15520	O'Reily		5	5	0	1	15534	0
15521	Hive'Zara Hatchling		59	60	1	10	11095	0
15522	Sergeant Umala	Thick Leather Collector	56	58	1	7	15535	0
15524	Temporary Reindeer		1	1	0	1	1991	0
15525	Doctor Serratus	Rugged Leather Collector	60	60	1	7	15536	0
15526	Meridith the Mermaiden		60	60	0	7	11268	0
15527	Mana Fiend		57	60	1	4	15547	0
15528	Healer Longrunner	Wool Bandage Collector	56	56	1	7	15537	1.35
15529	Lady Callow	Mageweave Bandage Collector	56	58	1	7	15539	0
15530	Twilight Master Xarvos	Twilight's Hammer	56	56	0	7	15540	1
15532	Stoneguard Clayhoof	Runecloth Bandage Collector	60	60	1	7	15541	1.25
15533	Bloodguard Rawtar	Lean Wolf Steak Collector	56	56	1	7	15542	0
15534	Fisherman Lin'do	Spotted Yellowtail Collector	58	58	1	7	15543	0
15535	Chief Sharpclaw	Baked Salmon Collector	60	60	1	7	15544	1.35
15536	Noxxie Razzlebrack		56	57	0	7	15549	1
15537	Anubisath Warrior		62	62	1	10	15545	0
15538	Anubisath Swarmguard		62	62	1	10	15546	0
15539	General Zog	Horde Ambassador	60	60	1	7	15548	0
15540	Windcaller Kaldon		60	60	1	7	15550	0
15541	Twilight Marauder Morna	Twilight's Hammer	60	60	1	7	15551	0
15542	Twilight Marauder	Twilight's Hammer	58	59	0	7	15552	0
15543	Princess Yauj		63	63	3	10	15657	0
15544	Vem		63	63	3	10	15658	0
15545	Cenarion Outrider		60	60	0	7	15304	0
15546	Hive'Zara Swarmer		60	60	0	10	482	0
15549	Elder Morndeep		60	60	0	7	15622	0
15552	Doctor Weavil		63	63	1	7	15557	0
15553	Doctor Weavil's Flying Machine		60	60	0	10	8011	0
15554	Number Two		61	61	1	1	10133	5
15555	Hive'Zara Larva		59	60	0	10	15554	0
15556	Elder Splitrock		60	60	0	7	15637	0
15557	Elder Rumblerock		60	60	0	7	15630	0
15558	Elder Silvervein		60	60	0	7	15632	0
15559	Elder Highpeak		60	60	0	7	15616	0
15560	Elder Stonefort		60	60	0	7	15641	0
15561	Elder Obsidian		60	60	0	7	15625	0
15562	Elder Hammershout		60	60	0	7	15614	0
15563	Elder Bellowrage		60	60	0	7	15600	0
15564	Elder Darkcore		60	60	0	7	15606	0
15565	Elder Stormbrow		60	60	0	7	15643	0
15566	Elder Snowcrown		60	60	0	7	15636	0
15567	Elder Ironband		60	60	0	7	15617	0
15568	Elder Graveborn		60	60	0	7	15612	0
15569	Elder Goldwell		60	60	0	7	15611	0
15570	Elder Primestone		60	60	0	7	15626	0
15571	Maws		63	63	3	1	15555	8
15572	Elder Runetotem		60	60	0	7	15631	1.25
15573	Elder Ragetotem		60	60	0	7	15628	1.25
15574	Elder Stonespire		60	60	0	7	15642	1.35
15575	Elder Bloodhoof		60	60	0	7	15604	1.35
15576	Elder Winterhoof		60	60	0	7	15648	1.35
15577	Elder Skychaser		60	60	0	7	15633	1.25
15578	Elder Wildmane		60	60	0	7	15645	1.25
15579	Elder Darkhorn		60	60	0	7	15607	1.25
15580	Elder Proudhorn		60	60	0	7	15627	1.35
15581	Elder Grimtotem		60	60	0	7	15613	1.35
15582	Elder Windtotem		60	60	0	7	15647	1.25
15583	Elder Thunderhorn		60	60	0	7	15644	1.35
15584	Elder Skyseer		60	60	0	7	15635	1.35
15585	Elder Dawnstrider		60	60	0	7	15608	1.25
15586	Elder Dreamseer		60	60	0	7	15609	1.35
15587	Elder Mistwalker		60	60	0	7	15619	1.25
15588	Elder High Mountain		60	60	0	7	15615	1.35
15589	Eye of C'Thun		63	63	3	10	15556	0
15590	Ossirian Crystal Trigger		60	60	0	10	14501	1
15591	Minion of Weavil		60	61	1	7	15560	0
15592	Elder Windrun		60	60	0	7	15646	0
15593	Elder Starsong		60	60	0	7	15639	0
15594	Elder Moonstrike		60	60	0	7	15620	0
15595	Elder Bladeleaf		60	60	0	7	15601	0
15596	Elder Starglade		60	60	0	7	15638	0
15597	Elder Moonwarden		60	60	0	7	15621	0
15598	Elder Bladeswift		60	60	0	7	15603	0
15599	Elder Bladesing		60	60	0	7	15602	0
15600	Elder Skygleam		60	60	0	7	15634	0
15601	Elder Starweave		60	60	0	7	15640	0
15602	Elder Meadowrun		60	60	0	7	15618	0
15603	Elder Nightwind		60	60	0	7	15624	0
15604	Elder Morningdew		60	60	0	7	15623	0
15605	Elder Riversong		60	60	0	7	15629	0
15606	Elder Brightspear		60	60	0	7	15605	0
15607	Elder Farwhisper		60	60	0	7	15610	0
15608	Medivh		63	63	3	10	13	1
15609	Cenarion Scout Landion		60	60	1	7	15563	0
15610	Cenarion Scout Azenel		60	60	1	7	15561	0
15611	Cenarion Scout Jalia		60	60	1	7	15562	0
15612	Krug Skullsplit	Orgrimmar Legion Captain	60	60	1	7	15567	0
15613	Merok Longstride		60	60	1	7	15568	1.35
15614	J.D. Shadesong		61	61	1	7	15569	0
15615	Shadow Priestess Shai		60	60	1	7	15570	0
15616	Orgrimmar Legion Grunt		60	60	1	7	15571	0
15617	Orgrimmar Legion Axe Thrower		60	60	1	7	15574	0
15618	Orgrimmar Legion Hexxer		60	60	1	7	15571	1
15619	silithus test mob		60	60	1	7	15575	1
15620	Hive'Regal Hunter-Killer		60	60	1	10	15576	0
15621	Yauj Brood		60	60	1	10	11105	0
15622	Vekniss Borer		60	60	1	10	6633	0
15623	Xandivious		62	62	1	3	11341	0
15624	Forest Wisp		6	8	0	10	12432	0
15625	Twilight Corrupter		63	63	3	3	14416	0
15626	Celestine Omencaller		60	60	0	7	15580	1
15627	Jarod Shadowsong		63	63	1	7	15581	1
15628	Eranikus the Redeemed		63	63	3	2	15474	0
15629	Nightmare Phantasm		62	62	1	10	10553	0
15630	Spawn of Fankriss		63	63	1	10	15582	0
15631	Spotlight		60	60	0	10	11686	0
15632	Test dude for 1.8		1	1	0	7	7858	1
15633	Tyrande	High Priestess of Elune	63	63	3	7	7274	0
15634	Priestess of the Moon		60	60	1	7	15585	0
15659	Auctioneer Jaxon		50	50	0	7	15594	0
15660	Eranikus Transformed		1	1	0	7	6984	0
15661	Baby Shark		1	1	0	1	15595	0
15663	War Effort Volunteer		30	30	0	7	15596	0
15664	Metzen the Reindeer		5	5	0	1	15903	0
15665	Mounted Reindeer		1	1	0	6	15902	0
15666	Black Qiraji Battle Tank		1	1	0	10	15677	0
15667	Glob of Viscidus		60	60	0	10	12349	0
15675	Auctioneer Stockton		50	50	0	7	15782	0
15676	Auctioneer Yarly		50	50	0	7	15784	0
15677	Auctioneer Graves		50	50	0	7	7993	0
15678	Auctioneer Silva'las		50	50	0	7	7997	0
15679	Auctioneer Cazarez		50	50	0	7	7996	0
15680	Auctioneer Bernal		50	50	0	7	7995	1
15681	Auctioneer O'reely		50	50	0	7	7993	0
15682	Auctioneer Cain		50	50	0	7	15780	0
15683	Auctioneer Naxxremis		50	50	0	7	7995	0
15684	Auctioneer Tricket		50	50	0	7	15783	0
15685	Southsea Kidnapper		45	45	0	7	6950	0
15686	Auctioneer Rhyker		50	50	0	7	15781	0
15692	Dark Iron Kidnapper		45	45	0	7	7789	0
15693	Jonathan the Revelator		61	61	1	7	15867	0
15694	Stormwind Reveler		1	60	0	7	15766	0
15695	Vek Twins Trigger		60	60	0	10	11686	1
15696	War Effort Recruit		30	30	0	7	15650	0
15698	Father Winter's Helper		1	1	0	1	15660	1
15699	Tranquil Mechanical Yeti		1	1	0	1	10269	0
15700	Warlord Gorchuk	War Effort Commander	60	60	1	7	15661	0
15701	Field Marshal Snowfall	War Effort Commander	60	60	1	7	15662	0
15702	Senior Sergeant Taiga	War Effort Recruiter	60	60	1	7	15664	1.2
15703	Senior Sergeant Grimsford	War Effort Recruiter	60	60	1	7	15665	0
15704	Senior Sergeant Kai'jin	War Effort Recruiter	60	60	1	7	15666	0
15705	Winter's Little Helper		1	1	0	10	15663	1
15706	Winter Reindeer		1	1	0	1	15904	1
15707	Master Sergeant Fizzlebolt	War Effort Recruiter	60	60	1	7	15668	0
15708	Master Sergeant Maclure	War Effort Recruiter	60	60	1	7	15669	0
15709	Master Sergeant Moonshadow	War Effort Recruiter	60	60	1	7	15670	0
15710	Tiny Snowman		1	1	0	1	15671	1
15712	Dirt Mound		60	60	0	10	15294	0
15713	Blue Qiraji Battle Tank		1	1	0	10	15678	0
15714	Yellow Qiraji Battle Tank		1	1	0	10	15680	0
15715	Green Qiraji Battle Tank		1	1	0	10	15679	0
15716	Red Qiraji Battle Tank		1	1	0	10	15681	0
15717	Ouro Trigger		1	1	0	10	11686	1
15718	Ouro Scarab		60	60	1	10	11108	0
15719	Thunder Bluff Reveler		1	60	0	7	15770	1.35
15720	Timbermaw Ancestor		60	60	0	6	15683	0
15721	Mechanical Greench		58	58	0	1	15684	0
15722	Squire Leoren Mal'derath	Stable Master	60	60	0	7	15685	0
15723	Booty Bay Reveler		1	60	0	7	15762	0
15724	Drunken Bruiser		57	57	0	7	7102	0
15725	Claw Tentacle		60	60	0	10	15789	2
15726	Eye Tentacle		60	60	0	10	15788	1
15727	C'Thun		63	63	3	10	15787	0
15728	Giant Claw Tentacle		60	60	1	10	15790	5
15729	Father Winter's Helper (BIG) gm		1	1	0	10	15687	1
15730	Pat's Snowcloud Guy		60	60	0	10	15294	0
15731	Darnassus Commendation Officer		55	55	0	7	15707	0
15732	Wonderform Operator	Smokywood Pastures	30	30	0	7	13349	0
15733	Gnomeregan Commendation Officer		55	55	0	7	15711	0
15734	Ironforge Commendation Officer		55	55	0	7	15714	0
15735	Stormwind Commendation Officer		55	55	0	7	15718	0
15736	Orgrimmar Commendation Officer		55	55	0	7	15716	0
15737	Darkspear Commendation Officer		55	55	0	7	15701	0
15738	Undercity Commendation Officer		55	55	0	7	15722	0
15739	Thunder Bluff Commendation Officer		55	55	0	7	15720	1.35
15740	Colossus of Zora		63	63	3	10	15693	0
15741	Colossus of Regal		63	63	3	10	15694	0
15742	Colossus of Ashi		63	63	3	10	15695	0
15743	Colossal Anubisath Warbringer		61	62	1	10	15696	4.5
15744	Imperial Qiraji Destroyer		62	62	1	10	15697	2.5
15745	Greatfather Winter's Helper		30	30	0	7	15698	1
15746	Great-father Winter's Helper		30	30	0	7	15698	1
15747	Qiraji Captain		35	35	1	10	15699	0
15748	Lesser Anubisath Warbringer		33	35	1	10	15700	0
15749	Lesser Silithid Flayer		29	31	1	10	11096	0
15750	Qiraji Major		45	48	1	10	15703	0
15751	Anubisath Warbringer		43	45	1	10	15704	0
15752	Silithid Flayer		40	44	1	10	11096	0
15753	Qiraji Brigadier General		60	60	1	10	15705	0
15754	Greater Anubisath Warbringer		58	59	1	10	15706	0
15756	Greater Silithid Flayer		54	57	1	10	11096	1.1
15757	Qiraji Lieutenant General		63	63	3	10	15709	2
15758	Supreme Anubisath Warbringer		62	62	1	10	15710	2
15759	Supreme Silithid Flayer		60	61	1	10	11096	1.4
15760	Winter Reveler		30	40	0	7	15713	0
15761	Officer Vu'Shalay	Darkspear Commendations	55	55	0	7	15731	0
15762	Officer Lunalight	Darnassus Commendations	55	55	0	7	15727	0
15763	Officer Porterhouse	Gnomeregan Commendations	55	55	0	7	15729	0
15764	Officer Ironbeard	Ironforge Commendations	55	55	0	7	15726	0
15765	Officer Redblade	Orgrimmar Commendations	55	55	0	7	15724	0
15766	Officer Maloof	Stormwind Commendations	55	55	0	7	15728	0
15767	Officer Thunderstrider	Thunder Bluff Commendations	55	55	0	7	15730	1.25
15768	Officer Gothena	Undercity Commendations	55	55	0	7	15725	0
15769	Resonating Crystal		35	35	1	10	13069	1
15770	Greater Resonating Crystal		45	45	1	10	13069	0
15771	Major Resonating Crystal		63	63	1	10	13069	0
15772	Christmas Darkmaster Gandling		1	1	1	7	15732	1
15773	Christmas Cannon Master Willey		1	1	1	7	15733	1
15774	Christmas Prince Tortheldrin		1	1	1	7	15734	1
15775	Christmas Emperor Dagran Thaurissan		56	56	1	7	15735	1
15776	Christmas Warchief Rend Blackhand		1	1	3	7	15736	1
15777	Christmas War Master Voone		1	1	1	7	15737	1
15778	Mouth Tentacle Mount Visual		1	1	0	10	15791	1
15780	Human Male Winter Reveler		1	1	0	7	15744	1
15781	Human Female Winter Reveler		1	1	0	7	15745	1
15782	Dwarf Male Winter Reveler		1	1	0	7	15746	1
15783	Dwarf Female Winter Reveler		1	1	0	7	15747	1
15784	Night Elf Female Winter Reveler		1	1	0	7	15748	1
15785	Troll Female Winter Reveler		1	1	0	7	15749	1
15786	Orc Female Winter Reveler		1	1	0	7	15751	1
15787	Goblin Female Winter Reveler		1	1	0	7	15752	1
15788	Undead Female Winter Reveler		1	1	0	7	15753	1
15789	Tauren Female Winter Reveler		1	1	0	7	15754	1.25
15790	Undead Male Winter Reveler		1	1	0	7	15755	1
15791	Orc Male Winter Reveler		1	1	0	7	15756	1
15792	Troll Male Winter Reveler		1	1	0	7	15757	1
15793	Tauren Male Winter Reveler		1	1	0	7	15759	1.35
15794	Night Elf Male Winter Reveler		1	1	0	7	15758	1
15795	Goblin Male Winter Reveler		1	1	0	7	15750	1
15796	Christmas Goraluk Anvilcrack	Blackhand Legion Armorsmith	1	1	1	7	15760	1
15797	Colossus Researcher Sophia		60	60	0	7	15777	0
15798	Colossus Researcher Nestor		60	60	0	7	15775	0
15799	Colossus Researcher Eazel		60	60	0	7	15776	0
15800	Exit Trigger		60	60	0	10	11686	1
15801	GONG BOY DND DNR	HOLDER OF THE GONG	1	11	0	10	13069	0
15802	Flesh Tentacle		60	60	0	10	15793	0
15803	Tranquil Air Totem		60	60	0	11	4590	1
15804	Lesser Resonating Crystal		25	25	1	10	13069	0
15805	Minor Resonating Crystal		15	15	1	10	13069	1
15806	Qiraji Lieutenant		28	28	1	10	15785	2
15807	Minor Anubisath Warbringer		25	25	1	10	15700	0
15808	Minor Silithid Flayer		21	23	1	10	11096	0.5
15809	C'Thun Transformation Visual		1	1	0	10	15786	1
15810	Eroded Anubisath Warbringer		16	18	1	10	15700	0
15811	Faltering Silithid Flayer		11	14	1	10	11096	0.5
15812	Qiraji Officer		18	20	1	10	15785	2
15813	Qiraji Officer Zod		20	20	1	10	15738	2.5
15814	Qiraji Lieutenant Jo-rel		28	28	1	10	15697	2.5
15815	Qiraji Captain Ka'ark		40	40	1	10	15697	2.5
15816	Qiraji Major He'al-ie		50	50	1	10	15738	2.5
15817	Qiraji Brigadier General Pax-lish		60	60	1	10	15376	2.5
15818	Lieutenant General Nokhor		63	63	3	10	15794	3
15832	Father Winter's Helper (BIG) rm		1	1	0	10	15806	1
15835	Father Winter's Helper (BIG) rf		1	1	0	10	15799	0
15838	Father Winter's Helper (BIG) gf		1	1	0	10	15795	1
15839	Might of Kalimdor Grunt		13	15	0	7	15838	0
15840	Might of Kalimdor Sergeant		15	15	0	7	15811	0
15841	Might of Kalimdor Lieutenant		45	46	0	7	15812	0
15842	Might of Kalimdor Mage		36	36	0	7	15813	0
15843	Might of Kalimdor Priest		55	56	0	7	15814	0
15844	Might of Kalimdor Restorer		1	1	0	7	15846	0
15845	Might of Kalimdor Captain		1	1	0	7	15810	0
15846	Might of Kalimdor Archer		45	46	0	7	15816	0
15847	Might of Kalimdor Shaman		25	25	0	7	15817	1.35
15848	Might of Kalimdor Infantry		56	59	0	7	15818	0
15849	Might of Kalimdor Druid		35	35	0	7	15815	1.25
15850	Might of Kalimdor Skirmisher		35	36	0	7	15819	0
15851	Might of Kalimdor Marshal		59	59	0	7	15820	0
15852	Orgrimmar Elite Shieldguard		60	61	1	7	15821	0
15853	Orgrimmar Elite Infantryman		59	60	1	7	15823	0
15854	Orgrimmar Elite Cavalryman		61	61	1	7	15825	0
15855	Tauren Rifleman		60	60	1	7	15827	1.35
15856	Tauren Primalist		60	60	1	7	15829	1.35
15857	Stormwind Cavalryman		61	61	1	7	15860	0
15858	Stormwind Infantryman		59	60	1	7	15831	0
15859	Stormwind Archmage		62	62	1	7	15833	0
15860	Kaldorei Marksman		60	60	1	7	15689	0
15861	Ironforge Infantryman		59	60	1	7	15835	0
15862	Ironforge Cavalryman		61	61	1	7	15837	0
15863	Darkspear Shaman		60	60	1	7	15840	1
15864	Valadar Starsong	Coin of Ancestry Collector	55	55	0	7	15862	0
15865	Might of Kalimdor Major		55	56	0	7	15811	0
15866	High Commander Lynore Windstryke		63	63	1	7	15842	0
15867	Might of Kalimdor Archmage		60	60	0	7	15813	0
15868	Highlord Leoric Von Zeldig		63	63	1	7	15843	0
15869	Malagav the Tactician		60	60	1	7	15844	1.35
15870	Duke August Foehammer		63	63	1	7	15845	0
15871	Elder Bronzebeard		60	60	0	7	15625	0
15872	Pat's Firework Cluster Guy (BLUE)		1	1	0	10	11686	1
15873	Pat's Firework Cluster Guy (RED)		1	1	0	10	11686	1
15874	Pat's Firework Cluster Guy (GREEN)		1	1	0	10	11686	1
15875	Pat's Firework Cluster Guy (PURPLE)		1	1	0	10	11686	1
15876	Pat's Firework Cluster Guy (WHITE)		1	1	0	10	11686	1
15877	Pat's Firework Cluster Guy (YELLOW)		1	1	0	10	11686	1
15878	Warcaller Finster		1	1	0	10	11686	1
15879	Pat's Firework Guy - BLUE		1	1	0	10	11686	1
15880	Pat's Firework Guy - GREEN		1	1	0	10	11686	1
15881	Pat's Firework Guy - PURPLE		1	1	0	10	11686	1
15882	Pat's Firework Guy - RED		60	60	0	10	11686	1
15883	Pat's Firework Guy - YELLOW		60	60	0	10	11686	1
15884	Pat's Firework Guy - WHITE		1	1	0	10	11686	1
15885	Pat's Firework Guy - BLUE BIG		1	1	0	10	11686	1
15886	Pat's Firework Guy - GREEN BIG		1	1	0	10	11686	1
15887	Pat's Firework Guy - PURPLE BIG		1	1	0	10	11686	1
15888	Pat's Firework Guy - RED BIG		1	1	0	10	11686	1
15889	Pat's Firework Guy - WHITE BIG		1	1	0	10	11686	1
15890	Pat's Firework Guy - YELLOW BIG		1	1	0	10	11686	1
15891	Lunar Festival Herald		55	55	0	7	15863	1.35
15892	Lunar Festival Emissary		55	55	0	7	15864	0
15893	Lunar Firework Credit Marker		60	60	0	10	15294	1
15894	Lunar Cluster Credit Marker		60	60	0	10	15294	1
15895	Lunar Festival Harbinger		55	55	0	7	15865	1.25
15896	C'Thun Portal		63	63	0	10	15866	0
15897	Large Spotlight		60	60	0	10	15294	0
15898	Lunar Festival Vendor		55	55	0	7	15869	1.35
15899	Lunar Festival Vendor		55	55	0	7	15870	1
15900	Lunar Festival Harbinger		55	55	0	7	15871	1
15901	Vanquished Tentacle		60	60	0	10	15881	1
15902	Giant Spotlight		1	1	0	10	14501	0
15903	Sergeant Carnes		59	60	1	7	15442	0
15904	Tentacle Portal		63	63	0	10	15882	0
15905	Darnassus Reveler		1	60	0	7	15883	0
15906	Ironforge Reveler		1	60	0	7	15887	0
15907	Undercity Reveler		1	60	0	7	15895	0
15908	Orgrimmar Reveler		1	60	0	7	15891	0
15909	Fariel Starsong	Coin of Ancestry Collector	60	60	0	7	15899	0
15910	Giant Tentacle Portal		63	63	0	10	15900	0
15911	Pat's Firework Cluster Guy (BLUE BIG)		1	1	0	10	11686	1
15912	Pat's Firework Cluster Guy (GREEN BIG)		1	1	0	10	11686	1
15913	Pat's Firework Cluster Guy (PURPLE BIG)		1	1	0	10	11686	1
15914	Pat's Firework Cluster Guy (RED BIG)		1	1	0	10	11686	1
15915	Pat's Firework Cluster Guy (WHITE BIG)		1	1	0	10	11686	1
15916	Pat's Firework Cluster Guy (YELLOW BIG)		1	1	0	10	11686	1
15917	Lunar Festival Reveler		55	55	0	7	15875	1.35
15918	Pat's Firework Cluster Guy (ELUNE)		60	60	0	10	11686	1
15922	Viscidus Trigger		63	63	0	10	11686	1
15925	Toxic Slime		60	60	0	10	11686	1
15928	Thaddius		63	63	3	6	16137	0
15929	Stalagg		63	63	3	6	15297	0
15930	Feugen		63	63	3	6	15297	0
15931	Grobbulus		63	63	3	6	16035	1.8
15932	Gluth		63	63	3	6	16064	0
15933	Poison Cloud		60	60	0	10	11686	1
15934	Hive'Zara Hornet		61	61	1	10	14522	0
15936	Heigan the Unclean		63	63	3	6	16309	0
15952	Maexxna		63	63	3	1	15928	0
15953	Grand Widow Faerlina		63	63	3	7	15940	0
15954	Noth the Plaguebringer		63	63	3	6	16590	0
15956	Anub'Rekhan		63	63	3	6	15931	0
15957	Ouro Spawner		60	60	0	10	15294	1
15961	Lunar Festival Sentinel		60	60	1	7	15304	0
15962	Vekniss Hatchling		60	60	0	10	15362	0
15963	The Master's Eye		63	63	3	10	15932	0
15964	Buru Egg Trigger		60	60	0	10	11686	0
15972	Alterac Valley Battlemaster		1	1	0	7	10186	1
15973	Naxxramas Template		1	1	1	10	7919	1
15974	Dread Creeper		61	61	1	1	15937	0
15975	Carrion Spinner		61	61	1	1	15938	0
15976	Venom Stalker		61	61	1	1	15939	0
15977	Infectious Skitterer		61	61	1	1	959	0
15978	Crypt Reaver		61	61	1	6	15941	0
15979	Tomb Horror		61	61	1	6	15942	0
15980	Naxxramas Cultist		61	61	1	7	16594	0
15981	Naxxramas Acolyte		61	61	1	7	16598	0
15982	[PH] Valentine Reveler, Male		1	60	0	7	15762	1
15983	[PH] Valentine Reveler, Female		1	60	0	7	15764	1
15984	Sartura's Royal Guard		61	61	1	10	15465	0
15985	[PH] Eric Maloof Test Guy		1	1	0	7	6769	1
15989	Sapphiron		63	63	3	6	16033	2.5
15990	Kel'Thuzad		63	63	3	6	15945	0
15991	Lady Dena Kennedy		60	60	1	7	15947	1
15992	Sam's Test Dummy 1		1	1	0	7	2467	1
15993	Sam's Test Dummy 2		1	1	0	7	2467	1
15996	Sam's Test Dummy 1 (1)		1	1	0	7	2467	1
15997	Sam's Test Dummy 2 (1)		1	1	0	7	2467	1
15998	Sam's Test Dummy 1 (2)		1	1	0	7	2467	1
15999	Sam's Test Dummy 2 (2)		1	1	0	7	2467	1
16001	Aldris Fourclouds		5	5	0	7	15949	0
16002	Colara Dean		5	5	0	7	15950	0
16003	Deathguard Tor		5	5	0	7	15951	0
16004	Elenia Haydon		5	5	0	7	15952	0
16005	Lieutenant Jocryn Heldric		5	5	0	7	15953	0
16006	InCombat Trigger		60	60	0	10	15294	1
16007	Orok Deathbane		5	5	0	7	15954	0
16008	Temma of the Wells		5	5	0	7	15955	1.35
16009	Tormek Stoneriver		5	5	0	7	15956	0
16011	Loatheb		63	63	3	6	16110	0
16012	Mokvar		60	60	0	7	15966	0
16013	Deliana		60	60	0	7	15965	0
16014	Mux Manascrambler		60	60	0	7	15998	0
16015	Vi'el	Exotic Reagent Merchant	60	60	0	7	10815	0
16016	Anthion Harmon		60	60	0	7	15968	0
16017	Patchwork Golem		61	61	1	6	9760	2
16018	Bile Retcher		61	61	1	6	15958	0
16019	Boorana Thunderhoof	Panda Cub Caretaker	35	35	0	7	15957	1
16020	Mad Scientist		61	61	1	6	16063	0
16021	Living Monstrosity		62	62	1	6	16175	0
16022	Surgical Assistant		60	60	1	6	836	0
16023	Allenya Moonshadow	Panda Cub Caretaker	35	35	0	7	15959	1
16024	Embalming Slime		60	60	1	6	12349	1.5
16025	Stitched Spewer		63	63	1	6	15961	0
16026	Flesh Giant B [PH]		62	62	1	6	15960	1
16027	Living Poison		61	61	1	6	12349	1
16028	Patchwerk		63	63	3	6	16174	0
16029	Sludge Belcher		62	62	1	6	15962	2.5
16030	Maggot		1	1	0	8	9904	0.2
16031	Ysida Harmon		60	60	0	7	15967	0
16032	Falrin Treeshaper		60	60	0	7	15996	0
16033	Bodley		60	60	0	7	15994	0
16034	Plague Beast		61	61	1	4	9013	0
16035	Bog Beast B [PH]		61	61	1	4	9013	1
16036	Frenzied Bat		60	60	1	1	7896	0
16037	Plagued Bat		60	60	1	1	1954	0
16038	Deathhound		60	60	1	1	15964	1
16039	Pack Trainer [PH]		61	61	1	6	15971	1
16040	Pack Handler [PH]		61	61	1	6	15970	1
16041	Shadowhound		60	60	1	1	15969	1
16042	Lord Valthalak		63	63	3	7	14308	0
16043	Magma Lord Bokk		60	60	0	4	16021	0
16044	Mor Grayhoof Trigger		60	60	0	10	11686	1
16045	Isalien Trigger		60	60	0	10	11686	1
16046	Jarien and Sothos Trigger		60	60	0	10	11686	1
16047	Kormok Trigger		60	60	0	10	11686	1
16048	Lord Valthalak Trigger		60	60	0	10	11686	1
16049	Lefty		60	60	1	7	15972	0
16050	Rotfang		60	60	1	7	16017	0
16051	Snokh Blackspine		60	60	1	7	15974	0
16052	Malgen Longspear		60	60	1	7	15975	0
16053	Korv		60	60	1	7	15976	0
16054	Rezznik		60	60	1	7	15977	0
16055	Va'jashni		60	60	1	7	15979	0
16056	Diseased Maggot		60	60	1	1	15978	0
16057	Rotting Maggot		60	60	1	1	15554	0
16058	Volida		60	60	1	7	15980	0
16059	Theldren		60	60	1	7	15981	0
16060	Gothik the Harvester		63	63	3	6	16279	0
16061	Instructor Razuvious		63	63	3	6	16582	0
16062	Highlord Mograine	The Ashbringer	63	63	3	6	16139	0
16063	Sir Zeliek		63	63	3	6	16154	0
16064	Thane Korth'azz		63	63	3	6	16155	0
16065	Lady Blaumeux		63	63	3	6	16153	0
16066	Spectral Assassin		60	60	0	6	15982	0
16067	Skeletal Steed		61	61	1	6	16937	0
16068	Larva		1	1	0	8	9906	0.2
16069	Gurky		1	1	0	1	15984	0
16070	Garel Redrock		35	35	0	7	15986	0
16072	Tidelord Rrurgaz		62	62	1	7	15985	0
16073	Spirit of Lord Valthalak		63	63	1	7	15987	0
16075	Kwee Q. Peddlefeet		1	1	0	7	15990	0
16076	Tharl Stonebleeder		35	35	0	7	15988	0
16077	[PH] Alex's Test DPS Mob		63	63	3	3	68	1
16078	Unkillable Fixed Damage Test Dummy		60	60	0	7	2467	1
16079	Theldren Trigger		60	60	0	10	11686	1
16080	Mor Grayhoof		58	60	1	7	15997	1.35
16081	Spectral Gryphon		60	60	0	1	6852	1
16082	Naxxramas Trigger		60	60	0	10	11686	1
16083	Mor Grayhoof Transformation Visual		1	1	1	7	15991	0
16084	picnic blanket		60	60	0	10	11686	1
16085	Peddlefeet		1	1	0	10	15992	0
16086	Flower Shower		1	1	0	10	11686	1
16089	Omar the Test Kobold		60	60	0	7	163	1
16090	Rousch		48	48	0	7	15993	0
16091	Dirk Thunderwood		60	60	1	7	15995	0
16092	Silithis Teleporter		1	1	0	10	11686	1
16093	Spectral Stalker		60	60	0	6	15982	0
16094	Durik	Stable Master	30	30	0	7	3519	0
16095	Gnashjaw	Malgen Longspear's Pet	60	60	0	1	12966	0
16096	Steamwheedle Bruiser		55	55	1	7	10747	0
16097	Isalien		59	60	1	7	16000	0
16098	Empyrean		60	60	1	1	12589	0
16099	[PH] Naxxramas Test Boss	Minion of Alex	63	63	0	6	10976	1
16100	Ysida's Trigger		60	60	0	10	11686	0
16101	Jarien		59	60	1	6	16018	0
16102	Sothos		60	60	1	6	16003	0
16103	Spirit of Jarien		60	60	0	6	16019	0
16104	Spirit of Sothos		60	60	0	6	16004	0
16105	Aristan Mottar		5	5	0	7	16005	0
16106	Evert Sorisam		5	5	0	7	16006	0
16107	Apothecary Staffron Lerent	Royal Apothecary Society	5	5	0	7	16007	0
16108	Fenstad Argyle		5	5	0	7	16008	0
16109	Mara Rennick		5	5	0	7	16009	0
16110	Annalise Lerent		5	5	0	7	16010	1
16111	Love Fool		1	1	0	9	16011	1
16112	Korfax, Champion of the Light	Brotherhood of the Light	60	60	1	7	16012	0
16113	Father Inigo Montoy	Brotherhood of the Light	60	60	1	7	16013	0
16114	Scarlet Commander Marjhan	The Scarlet Crusade	60	60	1	7	16014	0
16115	Commander Eligor Dawnbringer	Brotherhood of the Light	60	60	1	7	16015	0
16116	Archmage Angela Dosantos	Brotherhood of the Light	60	60	1	7	16016	0
16117	Plagued Swine		60	60	0	1	6121	0
16118	Kormok		58	60	1	7	16020	0
16119	Bone Minion		60	60	0	6	158	0
16120	Bone Mage		60	60	1	6	11397	0
16121	Mortar		1	1	0	9	15435	1
16123	Gremnik Rizzlesprang		60	60	0	7	16023	1
16124	Unrelenting Trainee		60	60	0	7	16608	0
16125	Unrelenting Deathknight		61	61	1	6	16612	0
16126	Unrelenting Rider		62	62	1	6	10729	0
16127	Spectral Trainee		61	61	1	6	3942	1
16128	Rhonin		63	63	3	7	16024	1
16129	Shadow Fissure		63	63	0	10	15294	2
16131	Rohan the Assassin	The Scarlet Crusade	60	60	1	7	16026	0
16132	Huntsman Leopold	The Scarlet Crusade	60	60	1	7	16027	0
16133	Mataus the Wrathcaster	The Scarlet Crusade	60	60	1	7	16028	0
16134	Rimblat Earthshatter	The Earthen Ring	60	60	1	7	16029	1.35
16135	Rayne	Cenarion Circle	60	60	1	7	16030	0
16136	Necrotic Shard		60	60	0	10	16135	0
16137	Naxxramas Military Sub-Boss Trigger		60	60	0	10	11686	1
16138	[UNUSED] Scourge Invasion Guardian		1	1	0	6	987	1
16139	Cenarion Hold Reservist		60	60	1	7	15304	0
16140	[UNUSED] Necropolis Crystal, Buttress		60	60	0	10	16034	1
16141	Ghoul Berserker		59	60	0	6	10627	0
16142	Bile Sludge		62	62	0	10	12349	0
16143	Shadow of Doom		60	60	1	6	16168	0
16145	Deathknight Captain		61	61	1	6	16513	2
16146	Deathknight		61	61	1	6	16508	2
16148	Spectral Deathknight		62	62	1	6	16611	0
16149	Spectral Horse		63	63	1	6	10719	0
16150	Spectral Rider		63	63	1	6	16614	0
16154	Risen Deathknight		61	61	1	6	16927	0
16156	Dark Touched Warrior	Stable Master	61	61	1	6	16534	0
16157	Doom Touched Warrior		61	61	1	7	16528	1.6
16158	Death Touched Warrior		61	61	1	7	16533	0
16163	Deathknight Cavalier		61	61	1	6	10729	2
16164	Shade of Naxxramas		61	61	1	6	14703	2
16165	Necro Knight		61	61	1	6	11396	1.5
16166	Theldren Kill Credit		60	60	0	10	11686	1
16167	Bony Construct		61	61	1	6	14706	0
16168	Stoneskin Gargoyle		61	61	1	6	14710	0
16172	Damaged Necrotic Shard		60	60	0	10	16136	0
16182	Crystal Zapper		60	60	0	10	11686	1
16184	Nerubian Overseer		60	60	1	6	14698	0
16188	[UNUSED] Buttress Channeler		60	60	0	10	169	1
16193	Skeletal Smith		61	61	1	7	11404	0
16194	Unholy Axe		61	61	1	6	15294	0
16211	Naxxramas Combat Dummy		1	1	0	9	16074	1.5
16212	Dispatch Commander Metz	The Argent Dawn	60	60	0	7	16066	0
16214	Necropolis Controller		1	1	0	10	11686	1
16215	Unholy Staff		61	61	1	6	15294	0
16216	Unholy Swords		61	61	1	6	15294	0
16218	Tesla Coil		60	60	0	10	13069	1
16225	Pack Mule		1	2	0	1	14546	0
16226	Guard Didier	Brotherhood of the Light	60	60	1	7	16082	0
16227	Bragok	Flight Master	55	55	1	7	1233	0
16228	Argent Dawn Infantry	The Argent Dawn	59	60	0	7	16093	0
16229	Injured Argent Dawn Infantry	The Argent Dawn	59	60	0	7	16077	0
16230	Cultist Engineer		60	60	0	10	16151	0
16232	Caravan Mule		50	50	0	1	14546	0
16233	Plaguewing Slug		61	61	1	10	8183	1
16234	Flesh Ripper		61	61	1	10	15789	1
16235	Plague Flesh Tentacle		61	61	1	10	15793	1
16236	Eye Stalk		61	61	1	10	15788	0
16241	Argent Recruiter	The Argent Dawn	55	55	0	7	16131	0
16243	Plague Slime		61	61	1	10	11140	2
16244	Infectious Ghoul		61	61	1	6	10627	0
16254	Field Marshal Chambers	The Argent Dawn	60	60	1	7	16102	0
16255	Argent Scout	The Argent Dawn	55	55	0	7	10727	0
16256	Jessica Chambers	Innkeeper	52	52	0	7	16104	0
16281	Keeper of the Rolls	The Argent Dawn	55	55	0	7	16105	1
16283	Packmaster Stonebruiser	Brotherhood of the Light	59	59	0	7	16106	0
16284	Argent Medic	The Argent Dawn	57	58	0	7	16108	0
16285	Argent Emissary	The Argent Dawn	55	55	0	7	16130	0
16286	Spore		60	60	0	10	16111	0
16290	Fallout Slime		60	60	1	6	12349	1.5
16297	Mutated Grub		61	61	1	10	7898	0
16298	Spectral Soldier		59	60	0	6	16169	0
16299	Skeletal Shocktrooper		59	60	0	6	12074	0
16306	Scourge Invasion Minion, spawner, Ghost/Ghoul		1	1	0	6	11686	1
16336	Scourge Invasion Minion, spawner, Ghost/Skeleton		1	1	0	6	11686	1
16338	Scourge Invasion Minion, spawner, Ghoul/Skeleton		1	1	0	6	11686	1
16356	Scourge Invasion Minion, finder		1	1	0	10	11686	1
16359	Argent Messenger	The Argent Dawn	55	55	0	7	10727	0
16360	Zombie Chow		60	60	1	6	10976	0
16361	Commander Thomas Helleran	The Argent Dawn	55	55	0	7	16132	0
16363	Grobbulus Cloud		63	63	0	10	11686	0
16365	Master Craftsman Omarion	Brotherhood of the Light	60	60	1	7	16129	0
16368	Necropolis Acolyte		62	62	1	7	16160	2
16369	Polymorphed Chicken		1	1	0	8	16138	1
16371	Polymorphed Pig		3	3	0	1	16358	1
16372	Polymorphed Sheep		3	3	0	8	856	0
16373	Polymorphed Rat		1	1	0	8	16143	1
16374	Polymorphed Cockroach		1	1	0	1	5990	1
16375	Sewage Slime		60	60	1	6	12349	1.2
16376	Craftsman Wilhelm	Brotherhood of the Light	57	57	0	7	16144	0
16377	Polymorphed Turtle		3	3	0	1	16361	1
16378	Argent Sentry	The Argent Dawn	60	60	1	7	16147	0
16379	Spirit of the Damned		61	61	4	6	16170	0
16380	Bone Witch		61	61	4	6	16167	0
16381	Archmage Tarsis Kir-Moldir		60	60	1	7	16158	1.2
16382	Patchwork Terror		60	60	1	6	14701	0
16383	Flameshocker		53	55	1	6	7555	0
16384	Argent Dawn Initiate	The Argent Dawn	55	55	0	7	16235	0
16385	Lightning Totem		62	62	0	11	4590	0
16386	Necropolis Relay		1	1	0	10	16925	1
16387	Atiesh	Hand of Sargeras	63	63	3	3	16164	0
16390	Deathchill Servant		61	61	0	6	732	1.2
16392	Captain Armando Ossex		60	60	1	7	16163	0
16394	Pallid Horror		60	60	1	6	14697	0
16395	Argent Dawn Paladin	The Argent Dawn	55	55	0	7	16229	0
16396	Stormwind Elite Guard		60	60	1	7	3167	0
16398	Necropolis Proxy		1	1	0	10	16925	1
16399	Bloodsail Traitor		43	44	0	7	2557	0
16400	Toxic Tunnel		60	60	0	10	11686	1
16401	Necropolis		1	1	0	10	11686	1
16416	Bronn Fitzwrench		55	56	0	7	16172	0
16417	Rumsen Fizzlebrack		44	44	0	7	15324	0
16418	Mupsi Shacklefridd		20	20	0	7	16171	0
16419	Ghost of Naxxramas		61	61	1	7	14368	1
16420	Portal of Shadows		1	1	0	10	9510	1
16421	Necropolis health		1	1	0	10	11686	1
16422	Skeletal Soldier		6	7	0	6	12074	1
16423	Spectral Apparition		6	7	0	6	16169	1
16427	Soldier of the Frozen Wastes		60	60	1	6	7869	0
16428	Unstoppable Abomination		60	60	1	6	12818	0
16429	Soul Weaver		60	60	1	6	16178	0
16430	Ashbringer Trigger		1	1	0	10	13069	1
16431	Cracked Necrotic Crystal		60	60	0	10	16136	0
16432	Undercity Elite Guardian		60	60	1	6	10699	0
16433	Argent Dawn Crusader	The Argent Dawn	55	55	0	7	16233	0
16434	Argent Dawn Champion	The Argent Dawn	55	55	0	7	16234	0
16435	Argent Dawn Cleric	The Argent Dawn	55	55	0	7	16236	0
16436	Argent Dawn Priest	The Argent Dawn	55	55	0	7	16237	0
16437	Spectral Spirit		9	10	0	6	16169	1
16438	Skeletal Trooper		9	10	0	6	12074	1
16439	Fairbanks Transformed		1	1	1	6	16179	1
16440	Highlord Mograine Transform	The Ashbringer	1	1	3	6	16180	1
16441	Guardian of Icecrown		60	60	1	6	16586	0.7
16445	Terky		1	1	0	1	15398	0.8
16446	Plagued Gargoyle		61	61	1	6	14710	1.2
16447	Plagued Ghoul		61	61	1	6	10627	0
16448	Plagued Deathhound		61	61	1	1	15964	2.5
16449	Spirit of Naxxramas		61	61	1	6	10553	2
16450	She number one	CocaCola Ambassador	60	60	0	7	16185	1
16451	Deathknight Vindicator		62	62	1	6	10729	2.2
16452	Necro Knight Guardian		62	62	1	6	2606	2
16453	Necro Stalker		61	61	1	1	15939	2.5
16454	She number two	CocaCola Ambassador	60	60	0	7	16186	1
16455	She number three	CocaCola Ambassador	60	60	0	7	16187	1
16456	Poley		1	1	0	1	16189	1
16458	Innkeeper Faralia	Innkeeper	30	30	0	7	10582	0
16474	Blizzard		63	63	0	10	11686	0
16478	Lieutenant Orrin	The Argent Dawn	10	10	0	7	16204	0
16479	Polymorph Clone		10	10	0	8	16205	0
16484	Lieutenant Nevell	The Argent Dawn	10	10	0	7	16212	0
16486	Web Wrap		60	60	0	10	16213	0
16490	Lieutenant Lisande	The Argent Dawn	10	10	0	7	16218	0
16493	Lieutenant Dagel	The Argent Dawn	10	10	0	7	16219	0
16494	Lieutenant Rukag	The Argent Dawn	10	10	0	7	16220	0
16495	Lieutenant Beitha	The Argent Dawn	10	10	0	7	16221	0
16505	Naxxramas Follower		61	61	1	7	16605	0
16506	Naxxramas Worshipper		61	61	1	7	16603	0
16508	Argent Horse		1	1	0	1	2408	1
16509	Argent Warhorse		60	60	0	1	8469	1
16510	Argent Charger		1	1	0	1	14584	1
16511	Argent Mount		1	1	0	10	10671	0
16512	Argent Deathsteed		1	1	0	3	2346	1
16513	Argent Deathcharger		1	1	0	3	14554	1
16531	Faint Necrotic Crystal		60	60	0	10	16136	0
16536	test: saved world state		1	1	0	10	10613	1
16543	Garon Hutchins		60	60	0	7	16252	0
16547	Speedy		1	1	0	1	16259	0
16548	Mr. Wiggles		1	1	0	1	16257	0
16549	Whiskers the Rat		1	1	0	1	2176	0
16573	Crypt Guard		61	61	1	6	14698	0
16592	Midsummer Bonfire		1	1	0	10	11686	0
16604	Blackwing Spell Marker		1	1	0	10	14501	1
16606	Midsummer Bonfire Despawner		1	1	0	10	11686	1
16609	Giant Claw Tentacle Test		60	60	1	10	15790	1
16697	Void Zone		63	63	0	10	15882	0
16698	Corpse Scarab		60	60	0	10	10005	1.2
16701	Spirit of Summer		1	1	0	1	16587	1
16775	Spirit of Mograine	The Ashbringer	63	63	3	6	16326	0
16776	Spirit of Blaumeux		63	63	3	6	16327	0
16777	Spirit of Zeliek		63	63	3	6	16328	0
16778	Spirit of Korth'azz		63	63	3	6	16329	0
16779	Polymorphed Cow		3	3	0	8	1060	0
16781	Midsummer Celebrant		1	60	0	7	16412	0
16783	Plague Slime (Blue)		61	61	1	10	11139	2
16784	Plague Slime (Red)		61	61	1	10	681	2
16785	Plague Slime (Green)		61	61	1	10	11137	2
16786	Argent Quartermaster	The Argent Dawn	55	55	0	7	16336	0
16787	Argent Outfitter	The Argent Dawn	55	55	0	7	16337	0
16788	Festival Flamekeeper		60	60	1	7	16334	1
16803	Deathknight Understudy		60	60	1	7	16539	0
16817	Festival Loremaster		60	60	1	7	16354	0
16818	Festival Talespinner		60	60	1	7	16355	0
16861	Death Lord		61	61	1	6	10729	1.8
16889	Stormwind Celebrant		1	60	0	7	16412	1
16890	Ironforge Celebrant		1	60	0	7	16434	1
16891	Yuree	Dawn Whisperer	60	60	0	7	12953	1
16892	Darnassus Celebrant		1	60	0	7	16414	1
16893	Orgrimmar Celebrant		1	60	0	7	16436	1
16894	Thunder Bluff Celebrant		1	60	0	7	16442	1
16895	Undercity Celebrant		1	60	0	7	16443	1
16979	Midsummer Merchant	Festival Supplies	1	1	0	7	16541	1
16980	The Lich King		60	60	0	10	11686	1
16981	Plagued Guardian		61	61	1	6	2606	0
16982	Plagued Construct		61	61	1	6	12074	0
16983	Plagued Champion		61	61	1	6	7847	0
16984	Plagued Warrior		61	61	1	6	16916	0
16985	Midsummer Merchant Horde Costume	Festival Supplies	1	1	0	7	16585	1
16986	Midsummer Merchant Alliance Costume	Festival Supplies	1	1	0	7	16541	1
16987	Festival Flamekeeper Costume: Tauren		1	1	0	7	16334	1.25
16988	Festival Flamekeeper Costume: Human		1	1	0	7	16338	1
16989	Festival Flamekeeper Costume: Troll		1	1	0	7	16340	1
16990	Festival Flamekeeper Costume: Dwarf		1	1	0	7	16339	1
16995	Mouth of Kel'Thuzad		60	60	0	10	15435	1
16998	Mr. Bigglesworth		5	5	0	8	16622	1
16999	Johnny McWeaksauce	Public Test Realm Bot	60	60	0	7	796	1
17003	Cinder Elemental		1	1	0	4	8409	0
17025	Sapphiron's Wing buffet		63	63	0	10	15880	2.5
17031	Varel Redrock		35	35	0	7	15986	1
17032	Varl Stonebleeder		35	35	0	7	15988	1
17038	Stormwind Firebreather		1	60	0	7	16412	1
17041	Orgrimmar Fireeater		1	60	0	7	16436	0
17048	Ironforge Firebreather		1	60	0	7	16434	0
17049	Darnassus Firebreather		1	60	0	7	16414	0
17050	Thunder Bluff Fireeater		1	60	0	7	16445	0
17051	Undercity Fireeater		1	60	0	7	16443	0
17055	Maexxna Spiderling		60	60	0	1	13111	0
17066	Ribbon Pole Debug Target		1	1	0	10	13069	0
17068	Chief Expeditionary Requisitioner Enkles		55	55	0	7	16786	0
17069	Emmisary Whitebeard		55	55	0	7	16793	0
17070	Apothecary Quinard		55	55	0	7	16794	0
17072	Emmisary Gormok		55	55	0	7	16806	0
17074	Cenarion Scout		1	1	0	10	11686	0
17075	Sandworm		63	63	2	10	17445	1
17078	Jimmy McWeaksauce	Cool Guy	10	10	0	7	794	1
17079	General Kirika		60	60	0	7	16834	0
17080	Marshal Bluewall		60	60	0	7	16835	0
17081	Scout Bloodfist		55	55	0	7	16836	0
17082	Rifleman Torrig		55	55	0	7	16837	0
17090	Silithus Dust Turnin Quest Doodad		1	1	0	10	11686	0
17163	Worm Target (DND)		1	1	0	10	16191	1
17209	William Kielar	Spectral Gryphon Master	60	60	1	7	16908	0
17231	Garden Gas		60	60	0	10	169	0
17239	[PH] Plaguelands Herald		1	1	0	10	11686	1
17249	Landro		60	60	0	7	16941	1
17254	White Tiger Cub		1	1	0	1	16942	1
17255	Hippogryph Hatchling		1	1	0	1	16943	0.25
17258	Purple Ogre Costume		60	60	1	7	17273	1
17266	Riding Turtle		1	1	0	1	17158	0
17284	Lottery Commissioner [DND]		1	1	0	10	13348	1
17286	Invisible Man		1	1	0	10	15435	1
17293	Plague Wave		60	60	0	10	15435	1
17313	Unkillable Test Dummy Spammer		60	60	0	7	2467	1
17415	Lordaeron Mage		60	60	0	6	17008	1
17466	Lordaeron Spirit		60	60	0	6	17008	1
17598	Renn'az	Ammunition Vendor	46	46	0	7	12956	0
17635	Lordaeron Commander		60	60	0	7	17144	0
17647	Lordaeron Soldier		60	60	0	7	17146	0
17660	Skeletal Gryphon		60	60	0	6	17328	1
17685	Unkillable Test Dummy 60 No Armor		60	60	0	7	2467	1
17688	Crown Guard Horde Capture Quest Doodad		1	1	0	10	10817	1
17689	<TXT>Crown Guard Capture Quest Doodad		1	1	0	10	11686	0
17690	<TXT>Eastwall Capture Quest Doodad		1	1	0	10	11686	0
17691	Eastwall Horde Capture Quest Doodad		1	1	0	10	11686	1
17696	<TXT>Northpass Capture Quest Doodad		1	1	0	10	11686	0
17697	Northpass Horde Capture Quest Doodad		1	1	0	10	11686	1
17698	<TXT>Plaguewood Capture Quest Doodad		1	1	0	10	11686	0
17699	Plaguewood Horde Capture Quest Doodad		1	1	0	10	11686	1
17719	Ironforge Gryphon Rider		60	60	0	7	17202	1
17720	Orgrimmar Wyvern Rider		60	60	0	7	17203	1
17765	Alliance Silithyst Sentinel		60	60	1	7	1598	0
17766	Horde Silithyst Sentinel		60	60	1	7	7117	0
17794	Alliance Tower Buffer		1	1	0	10	5187	0
17795	Horde Tower Buffer		1	1	0	10	5187	0
17804	Squire Rowe		52	52	0	7	17250	0
17869	Silithus Spice Sandworm Mortar Target		1	1	0	10	1126	1
17995	Lordaeron Veteran		60	60	0	7	17404	0
17996	Lordaeron Fighter		60	60	0	7	17405	0
18039	Spirit of Victory		60	60	0	10	17548	0
18078	The Evil Rabbit		5	5	0	8	4626	1
18153	Spirit Healer (DND)		60	60	0	7	5233	1
18199	Silithus Dust Turnin Quest Doodad Horde		1	1	0	10	11686	1
