rowKey,key,axis,displayId,extraId,batchIndex,geosetId,region,textureType,resolvedTexture,effectiveTexture,supplier,customContent,demandedTexture,demandedSupplier,missingDemandedTexture,predicted7C2Texture,protocolRow,modelPath,modelSupplier,race,sex,skin,face,hairStyle,hairColor,facialHair,equipment,geosetsChosen,bakeTexture,bakeSupplier,helmDisplayId,helmSuffix,helmModel,helmSupplier,shoulderDisplayId,shoulderModels,shoulderSuppliers,attachmentStatus,capeTexture,charSectionsDupKey,charSectionsWinnerRow,outcome,subjectPx,meanLuma,elapsedMs,note
player:human-male:base,player:human-male:base,players,0,0,-1,-1,base,NONE,Character\Human\Male\HumanMaleSkin00_00.blp,Character\Human\Male\HumanMaleSkin00_00.blp,texture.MPQ,false,NONE,NONE,false,NONE,,Character\Human\Male\HumanMale.m2,patch.MPQ,1,0,0,0,0,0,0,,0:0;0:1;1:1;2:1;3:1;4:1;5:1;7:2;13:1;15:1,NONE,NONE,0,NONE,NONE,NONE,0,NONE,NONE,none-authored,NONE,1,skin=id1@row0/flags0x0|face=id11@row12/flags0x0|hair=id3262@row222/flags0x0|hair-substitute=id4841@row232/flags0x0|facial=id131@row132/flags0x0,Ready,19869,140.0007,224.6331,hair style 0/0 -> geoset variant 1 (DBC match)
player:human-male:skin:1,player:human-male:skin:1,players,0,0,-1,-1,skin,NONE,Character\Human\Male\HumanMaleSkin00_01.blp,Character\Human\Male\HumanMaleSkin00_01.blp,texture.MPQ,false,NONE,NONE,false,NONE,,Character\Human\Male\HumanMale.m2,patch.MPQ,1,0,1,0,0,0,0,,0:0;0:1;1:1;2:1;3:1;4:1;5:1;7:2;13:1;15:1,NONE,NONE,0,NONE,NONE,NONE,0,NONE,NONE,none-authored,NONE,1,skin=id2@row1/flags0x0|face=id12@row13/flags0x0|hair=id3262@row222/flags0x0|hair-substitute=id4841@row232/flags0x0|facial=id131@row132/flags0x0,Ready,19869,132.9456,171.8979,hair style 0/0 -> geoset variant 1 (DBC match)
player:human-male:skin:2,player:human-male:skin:2,players,0,0,-1,-1,skin,NONE,Character\Human\Male\HumanMaleSkin00_02.blp,Character\Human\Male\HumanMaleSkin00_02.blp,texture.MPQ,false,NONE,NONE,false,NONE,,Character\Human\Male\HumanMale.m2,patch.MPQ,1,0,2,0,0,0,0,,0:0;0:1;1:1;2:1;3:1;4:1;5:1;7:2;13:1;15:1,NONE,NONE,0,NONE,NONE,NONE,0,NONE,NONE,none-authored,NONE,0,skin=id3@row2/flags0x0|face=id13@row14/flags0x0|hair=id3262@row222/flags0x0|hair-substitute=id4841@row232/flags0x0|facial=id131@row132/flags0x0,Ready,19869,122.3167,154.7963,hair style 0/0 -> geoset variant 1 (DBC match)
player:human-male:skin:3,player:human-male:skin:3,players,0,0,-1,-1,skin,NONE,Character\Human\Male\HumanMaleSkin00_03.blp,Character\Human\Male\HumanMaleSkin00_03.blp,texture.MPQ,false,NONE,NONE,false,NONE,,Character\Human\Male\HumanMale.m2,patch.MPQ,1,0,3,0,0,0,0,,0:0;0:1;1:1;2:1;3:1;4:1;5:1;7:2;13:1;15:1,NONE,NONE,0,NONE,NONE,NONE,0,NONE,NONE,none-authored,NONE,0,skin=id4@row3/flags0x0|face=id14@row15/flags0x0|hair=id3262@row222/flags0x0|hair-substitute=id4841@row232/flags0x0|facial=id131@row132/flags0x0,Ready,19869,113.3526,160.4236,hair style 0/0 -> geoset variant 1 (DBC match)
player:human-male:skin:4,player:human-male:skin:4,players,0,0,-1,-1,skin,NONE,Character\Human\Male\HumanMaleSkin00_04.blp,Character\Human\Male\HumanMaleSkin00_04.blp,texture.MPQ,false,NONE,NONE,false,NONE,,Character\Human\Male\HumanMale.m2,patch.MPQ,1,0,4,0,0,0,0,,0:0;0:1;1:1;2:1;3:1;4:1;5:1;7:2;13:1;15:1,NONE,NONE,0,NONE,NONE,NONE,0,NONE,NONE,none-authored,NONE,0,skin=id5@row4/flags0x0|face=id15@row16/flags0x0|hair=id3262@row222/flags0x0|hair-substitute=id4841@row232/flags0x0|facial=id131@row132/flags0x0,Ready,19869,103.9717,155.9333,hair style 0/0 -> geoset variant 1 (DBC match)
player:human-male:skin:5,player:human-male:skin:5,players,0,0,-1,-1,skin,NONE,Character\Human\Male\HumanMaleSkin00_05.blp,Character\Human\Male\HumanMaleSkin00_05.blp,texture.MPQ,false,NONE,NONE,false,NONE,,Character\Human\Male\HumanMale.m2,patch.MPQ,1,0,5,0,0,0,0,,0:0;0:1;1:1;2:1;3:1;4:1;5:1;7:2;13:1;15:1,NONE,NONE,0,NONE,NONE,NONE,0,NONE,NONE,none-authored,NONE,0,skin=id6@row5/flags0x0|face=id16@row17/flags0x0|hair=id3262@row222/flags0x0|hair-substitute=id4841@row232/flags0x0|facial=id131@row132/flags0x0,Ready,19869,93.3524,152.9146,hair style 0/0 -> geoset variant 1 (DBC match)
player:human-male:skin:6,player:human-male:skin:6,players,0,0,-1,-1,skin,NONE,Character\Human\Male\HumanMaleSkin00_06.blp,Character\Human\Male\HumanMaleSkin00_06.blp,texture.MPQ,false,NONE,NONE,false,NONE,,Character\Human\Male\HumanMale.m2,patch.MPQ,1,0,6,0,0,0,0,,0:0;0:1;1:1;2:1;3:1;4:1;5:1;7:2;13:1;15:1,NONE,NONE,0,NONE,NONE,NONE,0,NONE,NONE,none-authored,NONE,0,skin=id7@row6/flags0x0|face=id17@row18/flags0x0|hair=id3262@row222/flags0x0|hair-substitute=id4841@row232/flags0x0|facial=id131@row132/flags0x0,Ready,19869,80.6877,154.0686,hair style 0/0 -> geoset variant 1 (DBC match)
player:human-male:skin:7,player:human-male:skin:7,players,0,0,-1,-1,skin,NONE,Character\Human\Male\HumanMaleSkin00_07.blp,Character\Human\Male\HumanMaleSkin00_07.blp,texture.MPQ,false,NONE,NONE,false,NONE,,Character\Human\Male\HumanMale.m2,patch.MPQ,1,0,7,0,0,0,0,,0:0;0:1;1:1;2:1;3:1;4:1;5:1;7:2;13:1;15:1,NONE,NONE,0,NONE,NONE,NONE,0,NONE,NONE,none-authored,NONE,0,skin=id8@row7/flags0x0|face=id18@row19/flags0x0|hair=id3262@row222/flags0x0|hair-substitute=id4841@row232/flags0x0|facial=id131@row132/flags0x0,Ready,19869,72.8185,155.6973,hair style 0/0 -> geoset variant 1 (DBC match)
player:human-male:skin:8,player:human-male:skin:8,players,0,0,-1,-1,skin,NONE,Character\Human\Male\HumanMaleSkin00_08.blp,Character\Human\Male\HumanMaleSkin00_08.blp,texture.MPQ,false,NONE,NONE,false,NONE,,Character\Human\Male\HumanMale.m2,patch.MPQ,1,0,8,0,0,0,0,,0:0;0:1;1:1;2:1;3:1;4:1;5:1;7:2;13:1;15:1,NONE,NONE,0,NONE,NONE,NONE,0,NONE,NONE,none-authored,NONE,0,skin=id9@row8/flags0x0|face=id19@row20/flags0x0|hair=id3262@row222/flags0x0|hair-substitute=id4841@row232/flags0x0|facial=id131@row132/flags0x0,Ready,19869,63.9155,154.2141,hair style 0/0 -> geoset variant 1 (DBC match)
player:human-male:skin:9,player:human-male:skin:9,players,0,0,-1,-1,skin,NONE,Character\Human\Male\HumanMaleSkin00_09.blp,Character\Human\Male\HumanMaleSkin00_09.blp,texture.MPQ,false,NONE,NONE,false,NONE,,Character\Human\Male\HumanMale.m2,patch.MPQ,1,0,9,0,0,0,0,,0:0;0:1;1:1;2:1;3:1;4:1;5:1;7:2;13:1;15:1,NONE,NONE,0,NONE,NONE,NONE,0,NONE,NONE,none-authored,NONE,0,skin=id10@row9/flags0x0|face=id20@row21/flags0x0|hair=id3262@row222/flags0x0|hair-substitute=id4841@row232/flags0x0|facial=id131@row132/flags0x0,Ready,19869,57.1715,159.6743,hair style 0/0 -> geoset variant 1 (DBC match)
player:human-male:face:1,player:human-male:face:1,players,0,0,-1,-1,face,NONE,Character\Human\Male\HumanMaleSkin00_00.blp,Character\Human\Male\HumanMaleSkin00_00.blp,texture.MPQ,false,NONE,NONE,false,NONE,,Character\Human\Male\HumanMale.m2,patch.MPQ,1,0,0,1,0,0,0,,0:0;0:1;1:1;2:1;3:1;4:1;5:1;7:2;13:1;15:1,NONE,NONE,0,NONE,NONE,NONE,0,NONE,NONE,none-authored,NONE,1,skin=id1@row0/flags0x0|face=id21@row22/flags0x0|hair=id3262@row222/flags0x0|hair-substitute=id4841@row232/flags0x0|facial=id131@row132/flags0x0,Ready,19869,140.1684,153.7152,hair style 0/0 -> geoset variant 1 (DBC match)
player:human-male:face:2,player:human-male:face:2,players,0,0,-1,-1,face,NONE,Character\Human\Male\HumanMaleSkin00_00.blp,Character\Human\Male\HumanMaleSkin00_00.blp,texture.MPQ,false,NONE,NONE,false,NONE,,Character\Human\Male\HumanMale.m2,patch.MPQ,1,0,0,2,0,0,0,,0:0;0:1;1:1;2:1;3:1;4:1;5:1;7:2;13:1;15:1,NONE,NONE,0,NONE,NONE,NONE,0,NONE,NONE,none-authored,NONE,1,skin=id1@row0/flags0x0|face=id31@row32/flags0x0|hair=id3262@row222/flags0x0|hair-substitute=id4841@row232/flags0x0|facial=id131@row132/flags0x0,Ready,19869,140.0662,153.4568,hair style 0/0 -> geoset variant 1 (DBC match)
player:human-male:face:3,player:human-male:face:3,players,0,0,-1,-1,face,NONE,Character\Human\Male\HumanMaleSkin00_00.blp,Character\Human\Male\HumanMaleSkin00_00.blp,texture.MPQ,false,NONE,NONE,false,NONE,,Character\Human\Male\HumanMale.m2,patch.MPQ,1,0,0,3,0,0,0,,0:0;0:1;1:1;2:1;3:1;4:1;5:1;7:2;13:1;15:1,NONE,NONE,0,NONE,NONE,NONE,0,NONE,NONE,none-authored,NONE,1,skin=id1@row0/flags0x0|face=id41@row42/flags0x0|hair=id3262@row222/flags0x0|hair-substitute=id4841@row232/flags0x0|facial=id131@row132/flags0x0,Ready,19869,140.0631,152.9184,hair style 0/0 -> geoset variant 1 (DBC match)
player:human-male:face:4,player:human-male:face:4,players,0,0,-1,-1,face,NONE,Character\Human\Male\HumanMaleSkin00_00.blp,Character\Human\Male\HumanMaleSkin00_00.blp,texture.MPQ,false,NONE,NONE,false,NONE,,Character\Human\Male\HumanMale.m2,patch.MPQ,1,0,0,4,0,0,0,,0:0;0:1;1:1;2:1;3:1;4:1;5:1;7:2;13:1;15:1,NONE,NONE,0,NONE,NONE,NONE,0,NONE,NONE,none-authored,NONE,1,skin=id1@row0/flags0x0|face=id51@row52/flags0x0|hair=id3262@row222/flags0x0|hair-substitute=id4841@row232/flags0x0|facial=id131@row132/flags0x0,Ready,19869,140.1625,152.4039,hair style 0/0 -> geoset variant 1 (DBC match)
player:human-male:face:5,player:human-male:face:5,players,0,0,-1,-1,face,NONE,Character\Human\Male\HumanMaleSkin00_00.blp,Character\Human\Male\HumanMaleSkin00_00.blp,texture.MPQ,false,NONE,NONE,false,NONE,,Character\Human\Male\HumanMale.m2,patch.MPQ,1,0,0,5,0,0,0,,0:0;0:1;1:1;2:1;3:1;4:1;5:1;7:2;13:1;15:1,NONE,NONE,0,NONE,NONE,NONE,0,NONE,NONE,none-authored,NONE,1,skin=id1@row0/flags0x0|face=id61@row62/flags0x0|hair=id3262@row222/flags0x0|hair-substitute=id4841@row232/flags0x0|facial=id131@row132/flags0x0,Ready,19869,140.1943,151.8046,hair style 0/0 -> geoset variant 1 (DBC match)
player:human-male:face:6,player:human-male:face:6,players,0,0,-1,-1,face,NONE,Character\Human\Male\HumanMaleSkin00_00.blp,Character\Human\Male\HumanMaleSkin00_00.blp,texture.MPQ,false,NONE,NONE,false,NONE,,Character\Human\Male\HumanMale.m2,patch.MPQ,1,0,0,6,0,0,0,,0:0;0:1;1:1;2:1;3:1;4:1;5:1;7:2;13:1;15:1,NONE,NONE,0,NONE,NONE,NONE,0,NONE,NONE,none-authored,NONE,1,skin=id1@row0/flags0x0|face=id71@row72/flags0x0|hair=id3262@row222/flags0x0|hair-substitute=id4841@row232/flags0x0|facial=id131@row132/flags0x0,Ready,19869,140.1876,162.0888,hair style 0/0 -> geoset variant 1 (DBC match)
player:human-male:face:7,player:human-male:face:7,players,0,0,-1,-1,face,NONE,Character\Human\Male\HumanMaleSkin00_00.blp,Character\Human\Male\HumanMaleSkin00_00.blp,texture.MPQ,false,NONE,NONE,false,NONE,,Character\Human\Male\HumanMale.m2,patch.MPQ,1,0,0,7,0,0,0,,0:0;0:1;1:1;2:1;3:1;4:1;5:1;7:2;13:1;15:1,NONE,NONE,0,NONE,NONE,NONE,0,NONE,NONE,none-authored,NONE,1,skin=id1@row0/flags0x0|face=id81@row82/flags0x0|hair=id3262@row222/flags0x0|hair-substitute=id4841@row232/flags0x0|facial=id131@row132/flags0x0,Ready,19869,140.1819,158.5632,hair style 0/0 -> geoset variant 1 (DBC match)
player:human-male:face:8,player:human-male:face:8,players,0,0,-1,-1,face,NONE,Character\Human\Male\HumanMaleSkin00_00.blp,Character\Human\Male\HumanMaleSkin00_00.blp,texture.MPQ,false,NONE,NONE,false,NONE,,Character\Human\Male\HumanMale.m2,patch.MPQ,1,0,0,8,0,0,0,,0:0;0:1;1:1;2:1;3:1;4:1;5:1;7:2;13:1;15:1,NONE,NONE,0,NONE,NONE,NONE,0,NONE,NONE,none-authored,NONE,1,skin=id1@row0/flags0x0|face=id91@row92/flags0x0|hair=id3262@row222/flags0x0|hair-substitute=id4841@row232/flags0x0|facial=id131@row132/flags0x0,Ready,19869,140.1043,152.6934,hair style 0/0 -> geoset variant 1 (DBC match)
player:human-male:face:9,player:human-male:face:9,players,0,0,-1,-1,face,NONE,Character\Human\Male\HumanMaleSkin00_00.blp,Character\Human\Male\HumanMaleSkin00_00.blp,texture.MPQ,false,NONE,NONE,false,NONE,,Character\Human\Male\HumanMale.m2,patch.MPQ,1,0,0,9,0,0,0,,0:0;0:1;1:1;2:1;3:1;4:1;5:1;7:2;13:1;15:1,NONE,NONE,0,NONE,NONE,NONE,0,NONE,NONE,none-authored,NONE,1,skin=id1@row0/flags0x0|face=id101@row102/flags0x0|hair=id3262@row222/flags0x0|hair-substitute=id4841@row232/flags0x0|facial=id131@row132/flags0x0,Ready,19869,140.1426,152.9659,hair style 0/0 -> geoset variant 1 (DBC match)
player:human-male:face:10,player:human-male:face:10,players,0,0,-1,-1,face,NONE,Character\Human\Male\HumanMaleSkin00_00.blp,Character\Human\Male\HumanMaleSkin00_00.blp,texture.MPQ,false,NONE,NONE,false,NONE,,Character\Human\Male\HumanMale.m2,patch.MPQ,1,0,0,10,0,0,0,,0:0;0:1;1:1;2:1;3:1;4:1;5:1;7:2;13:1;15:1,NONE,NONE,0,NONE,NONE,NONE,0,NONE,NONE,none-authored,NONE,1,skin=id1@row0/flags0x0|face=id111@row112/flags0x0|hair=id3262@row222/flags0x0|hair-substitute=id4841@row232/flags0x0|facial=id131@row132/flags0x0,Ready,19869,140.0518,160.4972,hair style 0/0 -> geoset variant 1 (DBC match)
player:human-male:face:11,player:human-male:face:11,players,0,0,-1,-1,face,NONE,Character\Human\Male\HumanMaleSkin00_00.blp,Character\Human\Male\HumanMaleSkin00_00.blp,texture.MPQ,false,NONE,NONE,false,NONE,,Character\Human\Male\HumanMale.m2,patch.MPQ,1,0,0,11,0,0,0,,0:0;0:1;1:1;2:1;3:1;4:1;5:1;7:2;13:1;15:1,NONE,NONE,0,NONE,NONE,NONE,0,NONE,NONE,none-authored,NONE,1,skin=id1@row0/flags0x0|face=id121@row122/flags0x0|hair=id3262@row222/flags0x0|hair-substitute=id4841@row232/flags0x0|facial=id131@row132/flags0x0,Ready,19869,140.1059,153.0818,hair style 0/0 -> geoset variant 1 (DBC match)
player:human-male:hair-style:1,player:human-male:hair-style:1,players,0,0,-1,-1,hair-style,NONE,Character\Human\Male\HumanMaleSkin00_00.blp,Character\Human\Male\HumanMaleSkin00_00.blp,texture.MPQ,false,NONE,NONE,false,NONE,,Character\Human\Male\HumanMale.m2,patch.MPQ,1,0,0,0,1,0,0,,0:0;0:2;1:1;2:1;3:1;4:1;5:1;7:2;13:1;15:1,NONE,NONE,0,NONE,NONE,NONE,0,NONE,NONE,none-authored,NONE,1,skin=id1@row0/flags0x0|face=id11@row12/flags0x0|hair=id4841@row232/flags0x0|facial=id131@row132/flags0x0,Ready,19930,138.1904,153.5939,hair style 1/0 -> geoset variant 2 (DBC match)
player:human-male:hair-style:2,player:human-male:hair-style:2,players,0,0,-1,-1,hair-style,NONE,Character\Human\Male\HumanMaleSkin00_00.blp,Character\Human\Male\HumanMaleSkin00_00.blp,texture.MPQ,false,NONE,NONE,false,NONE,,Character\Human\Male\HumanMale.m2,patch.MPQ,1,0,0,0,2,0,0,,0:0;0:3;1:1;2:1;3:1;4:1;5:1;7:2;13:1;15:1,NONE,NONE,0,NONE,NONE,NONE,0,NONE,NONE,none-authored,NONE,1,skin=id1@row0/flags0x0|face=id11@row12/flags0x0|hair=id231@row242/flags0x0|facial=id131@row132/flags0x0,Ready,19925,137.907,159.7274,hair style 2/0 -> geoset variant 3 (DBC match)
player:human-male:hair-style:3,player:human-male:hair-style:3,players,0,0,-1,-1,hair-style,NONE,Character\Human\Male\HumanMaleSkin00_00.blp,Character\Human\Male\HumanMaleSkin00_00.blp,texture.MPQ,false,NONE,NONE,false,NONE,,Character\Human\Male\HumanMale.m2,patch.MPQ,1,0,0,0,3,0,0,,0:0;0:4;1:1;2:1;3:1;4:1;5:1;7:2;13:1;15:1,NONE,NONE,0,NONE,NONE,NONE,0,NONE,NONE,none-authored,NONE,1,skin=id1@row0/flags0x0|face=id11@row12/flags0x0|hair=id241@row252/flags0x0|facial=id131@row132/flags0x0,Ready,19959,139.1964,155.5114,hair style 3/0 -> geoset variant 4 (DBC match)
player:human-male:hair-style:4,player:human-male:hair-style:4,players,0,0,-1,-1,hair-style,NONE,Character\Human\Male\HumanMaleSkin00_00.blp,Character\Human\Male\HumanMaleSkin00_00.blp,texture.MPQ,false,NONE,NONE,false,NONE,,Character\Human\Male\HumanMale.m2,patch.MPQ,1,0,0,0,4,0,0,,0:0;0:5;1:1;2:1;3:1;4:1;5:1;7:2;13:1;15:1,NONE,NONE,0,NONE,NONE,NONE,0,NONE,NONE,none-authored,NONE,1,skin=id1@row0/flags0x0|face=id11@row12/flags0x0|hair=id251@row262/flags0x0|facial=id131@row132/flags0x0,Ready,20208,133.2904,153.6117,hair style 4/0 -> geoset variant 5 (DBC match)
player:human-male:hair-style:5,player:human-male:hair-style:5,players,0,0,-1,-1,hair-style,NONE,Character\Human\Male\HumanMaleSkin00_00.blp,Character\Human\Male\HumanMaleSkin00_00.blp,texture.MPQ,false,NONE,NONE,false,NONE,,Character\Human\Male\HumanMale.m2,patch.MPQ,1,0,0,0,5,0,0,,0:0;0:6;1:1;2:1;3:1;4:1;5:1;7:2;13:1;15:1,NONE,NONE,0,NONE,NONE,NONE,0,NONE,NONE,none-authored,NONE,1,skin=id1@row0/flags0x0|face=id11@row12/flags0x0|hair=id261@row272/flags0x0|facial=id131@row132/flags0x0,Ready,20181,136.8108,153.0193,hair style 5/0 -> geoset variant 6 (DBC match)
player:human-male:hair-style:6,player:human-male:hair-style:6,players,0,0,-1,-1,hair-style,NONE,Character\Human\Male\HumanMaleSkin00_00.blp,Character\Human\Male\HumanMaleSkin00_00.blp,texture.MPQ,false,NONE,NONE,false,NONE,,Character\Human\Male\HumanMale.m2,patch.MPQ,1,0,0,0,6,0,0,,0:0;0:7;1:1;2:1;3:1;4:1;5:1;7:2;13:1;15:1,NONE,NONE,0,NONE,NONE,NONE,0,NONE,NONE,none-authored,NONE,1,skin=id1@row0/flags0x0|face=id11@row12/flags0x0|hair=id271@row282/flags0x0|facial=id131@row132/flags0x0,Ready,20200,136.7379,154.9006,hair style 6/0 -> geoset variant 7 (DBC match)
player:human-male:hair-style:7,player:human-male:hair-style:7,players,0,0,-1,-1,hair-style,NONE,Character\Human\Male\HumanMaleSkin00_00.blp,Character\Human\Male\HumanMaleSkin00_00.blp,texture.MPQ,false,NONE,NONE,false,NONE,,Character\Human\Male\HumanMale.m2,patch.MPQ,1,0,0,0,7,0,0,,0:0;0:8;1:1;2:1;3:1;4:1;5:1;7:2;13:1;15:1,NONE,NONE,0,NONE,NONE,NONE,0,NONE,NONE,none-authored,NONE,1,skin=id1@row0/flags0x0|face=id11@row12/flags0x0|hair=id281@row292/flags0x0|facial=id131@row132/flags0x0,Ready,20201,136.2625,154.2809,hair style 7/0 -> geoset variant 8 (DBC match)
player:human-male:hair-style:8,player:human-male:hair-style:8,players,0,0,-1,-1,hair-style,NONE,Character\Human\Male\HumanMaleSkin00_00.blp,Character\Human\Male\HumanMaleSkin00_00.blp,texture.MPQ,false,NONE,NONE,false,NONE,,Character\Human\Male\HumanMale.m2,patch.MPQ,1,0,0,0,8,0,0,,0:0;0:9;1:1;2:1;3:1;4:1;5:1;7:2;13:1;15:1,NONE,NONE,0,NONE,NONE,NONE,0,NONE,NONE,none-authored,NONE,1,skin=id1@row0/flags0x0|face=id11@row12/flags0x0|hair=id291@row302/flags0x0|facial=id131@row132/flags0x0,Ready,20165,137.0064,161.9021,hair style 8/0 -> geoset variant 9 (DBC match)
player:human-male:hair-style:9,player:human-male:hair-style:9,players,0,0,-1,-1,hair-style,NONE,Character\Human\Male\HumanMaleSkin00_00.blp,Character\Human\Male\HumanMaleSkin00_00.blp,texture.MPQ,false,NONE,NONE,false,NONE,,Character\Human\Male\HumanMale.m2,patch.MPQ,1,0,0,0,9,0,0,,0:0;0:10;1:1;2:1;3:1;4:1;5:1;7:2;13:1;15:1,NONE,NONE,0,NONE,NONE,NONE,0,NONE,NONE,none-authored,NONE,1,skin=id1@row0/flags0x0|face=id11@row12/flags0x0|hair=id301@row312/flags0x0|facial=id131@row132/flags0x0,Ready,19940,138.0282,156.174,hair style 9/0 -> geoset variant 10 (DBC match)
player:human-male:hair-style:10,player:human-male:hair-style:10,players,0,0,-1,-1,hair-style,NONE,Character\Human\Male\HumanMaleSkin00_00.blp,Character\Human\Male\HumanMaleSkin00_00.blp,texture.MPQ,false,NONE,NONE,false,NONE,,Character\Human\Male\HumanMale.m2,patch.MPQ,1,0,0,0,10,0,0,,0:0;0:11;1:1;2:1;3:1;4:1;5:1;7:2;13:1;15:1,NONE,NONE,0,NONE,NONE,NONE,0,NONE,NONE,none-authored,NONE,1,skin=id1@row0/flags0x0|face=id11@row12/flags0x0|hair=id311@row322/flags0x0|facial=id131@row132/flags0x0,Ready,20291,134.7949,154.2998,hair style 10/0 -> geoset variant 11 (DBC match)
player:human-male:hair-style:11,player:human-male:hair-style:11,players,0,0,-1,-1,hair-style,NONE,Character\Human\Male\HumanMaleSkin00_00.blp,Character\Human\Male\HumanMaleSkin00_00.blp,texture.MPQ,false,NONE,NONE,false,NONE,,Character\Human\Male\HumanMale.m2,patch.MPQ,1,0,0,0,11,0,0,,0:0;0:12;1:1;2:1;3:1;4:1;5:1;7:2;13:1;15:1,NONE,NONE,0,NONE,NONE,NONE,0,NONE,NONE,none-authored,NONE,1,skin=id1@row0/flags0x0|face=id11@row12/flags0x0|hair=id321@row332/flags0x0|facial=id131@row132/flags0x0,Ready,20145,136.3337,154.0871,hair style 11/0 -> geoset variant 12 (DBC match)
player:human-male:hair-color:1,player:human-male:hair-color:1,players,0,0,-1,-1,hair-color,NONE,Character\Human\Male\HumanMaleSkin00_00.blp,Character\Human\Male\HumanMaleSkin00_00.blp,texture.MPQ,false,NONE,NONE,false,NONE,,Character\Human\Male\HumanMale.m2,patch.MPQ,1,0,0,0,0,1,0,,0:0;0:1;1:1;2:1;3:1;4:1;5:1;7:2;13:1;15:1,NONE,NONE,0,NONE,NONE,NONE,0,NONE,NONE,none-authored,NONE,1,skin=id1@row0/flags0x0|face=id11@row12/flags0x0|hair=id3263@row223/flags0x0|hair-substitute=id4842@row233/flags0x0|facial=id132@row133/flags0x0,Ready,19869,139.9615,154.6291,hair style 0/1 -> geoset variant 1 (DBC match)
player:human-male:hair-color:2,player:human-male:hair-color:2,players,0,0,-1,-1,hair-color,NONE,Character\Human\Male\HumanMaleSkin00_00.blp,Character\Human\Male\HumanMaleSkin00_00.blp,texture.MPQ,false,NONE,NONE,false,NONE,,Character\Human\Male\HumanMale.m2,patch.MPQ,1,0,0,0,0,2,0,,0:0;0:1;1:1;2:1;3:1;4:1;5:1;7:2;13:1;15:1,NONE,NONE,0,NONE,NONE,NONE,0,NONE,NONE,none-authored,NONE,1,skin=id1@row0/flags0x0|face=id11@row12/flags0x0|hair=id3264@row224/flags0x0|hair-substitute=id4843@row234/flags0x0|facial=id133@row134/flags0x0,Ready,19869,140.1104,153.0297,hair style 0/2 -> geoset variant 1 (DBC match)
player:human-male:hair-color:3,player:human-male:hair-color:3,players,0,0,-1,-1,hair-color,NONE,Character\Human\Male\HumanMaleSkin00_00.blp,Character\Human\Male\HumanMaleSkin00_00.blp,texture.MPQ,false,NONE,NONE,false,NONE,,Character\Human\Male\HumanMale.m2,patch.MPQ,1,0,0,0,0,3,0,,0:0;0:1;1:1;2:1;3:1;4:1;5:1;7:2;13:1;15:1,NONE,NONE,0,NONE,NONE,NONE,0,NONE,NONE,none-authored,NONE,1,skin=id1@row0/flags0x0|face=id11@row12/flags0x0|hair=id3265@row225/flags0x0|hair-substitute=id4844@row235/flags0x0|facial=id134@row135/flags0x0,Ready,19869,140.0849,150.6615,hair style 0/3 -> geoset variant 1 (DBC match)
player:human-male:hair-color:4,player:human-male:hair-color:4,players,0,0,-1,-1,hair-color,NONE,Character\Human\Male\HumanMaleSkin00_00.blp,Character\Human\Male\HumanMaleSkin00_00.blp,texture.MPQ,false,NONE,NONE,false,NONE,,Character\Human\Male\HumanMale.m2,patch.MPQ,1,0,0,0,0,4,0,,0:0;0:1;1:1;2:1;3:1;4:1;5:1;7:2;13:1;15:1,NONE,NONE,0,NONE,NONE,NONE,0,NONE,NONE,none-authored,NONE,1,skin=id1@row0/flags0x0|face=id11@row12/flags0x0|hair=id3266@row226/flags0x0|hair-substitute=id4845@row236/flags0x0|facial=id135@row136/flags0x0,Ready,19869,140.1454,164.6729,hair style 0/4 -> geoset variant 1 (DBC match)
player:human-male:hair-color:5,player:human-male:hair-color:5,players,0,0,-1,-1,hair-color,NONE,Character\Human\Male\HumanMaleSkin00_00.blp,Character\Human\Male\HumanMaleSkin00_00.blp,texture.MPQ,false,NONE,NONE,false,NONE,,Character\Human\Male\HumanMale.m2,patch.MPQ,1,0,0,0,0,5,0,,0:0;0:1;1:1;2:1;3:1;4:1;5:1;7:2;13:1;15:1,NONE,NONE,0,NONE,NONE,NONE,0,NONE,NONE,none-authored,NONE,1,skin=id1@row0/flags0x0|face=id11@row12/flags0x0|hair=id3267@row227/flags0x0|hair-substitute=id4846@row237/flags0x0|facial=id136@row137/flags0x0,Ready,19869,140.2866,151.0377,hair style 0/5 -> geoset variant 1 (DBC match)
player:human-male:hair-color:6,player:human-male:hair-color:6,players,0,0,-1,-1,hair-color,NONE,Character\Human\Male\HumanMaleSkin00_00.blp,Character\Human\Male\HumanMaleSkin00_00.blp,texture.MPQ,false,NONE,NONE,false,NONE,,Character\Human\Male\HumanMale.m2,patch.MPQ,1,0,0,0,0,6,0,,0:0;0:1;1:1;2:1;3:1;4:1;5:1;7:2;13:1;15:1,NONE,NONE,0,NONE,NONE,NONE,0,NONE,NONE,none-authored,NONE,1,skin=id1@row0/flags0x0|face=id11@row12/flags0x0|hair=id3268@row228/flags0x0|hair-substitute=id4847@row238/flags0x0|facial=id137@row138/flags0x0,Ready,19869,140.2917,150.9549,hair style 0/6 -> geoset variant 1 (DBC match)
player:human-male:hair-color:7,player:human-male:hair-color:7,players,0,0,-1,-1,hair-color,NONE,Character\Human\Male\HumanMaleSkin00_00.blp,Character\Human\Male\HumanMaleSkin00_00.blp,texture.MPQ,false,NONE,NONE,false,NONE,,Character\Human\Male\HumanMale.m2,patch.MPQ,1,0,0,0,0,7,0,,0:0;0:1;1:1;2:1;3:1;4:1;5:1;7:2;13:1;15:1,NONE,NONE,0,NONE,NONE,NONE,0,NONE,NONE,none-authored,NONE,1,skin=id1@row0/flags0x0|face=id11@row12/flags0x0|hair=id3269@row229/flags0x0|hair-substitute=id4848@row239/flags0x0|facial=id138@row139/flags0x0,Ready,19869,140.322,152.7931,hair style 0/7 -> geoset variant 1 (DBC match)
player:human-male:hair-color:8,player:human-male:hair-color:8,players,0,0,-1,-1,hair-color,NONE,Character\Human\Male\HumanMaleSkin00_00.blp,Character\Human\Male\HumanMaleSkin00_00.blp,texture.MPQ,false,NONE,NONE,false,NONE,,Character\Human\Male\HumanMale.m2,patch.MPQ,1,0,0,0,0,8,0,,0:0;0:1;1:1;2:1;3:1;4:1;5:1;7:2;13:1;15:1,NONE,NONE,0,NONE,NONE,NONE,0,NONE,NONE,none-authored,NONE,1,skin=id1@row0/flags0x0|face=id11@row12/flags0x0|hair=id3270@row230/flags0x0|hair-substitute=id4849@row240/flags0x0|facial=id139@row140/flags0x0,Ready,19869,140.1652,151.5549,hair style 0/8 -> geoset variant 1 (DBC match)
player:human-male:hair-color:9,player:human-male:hair-color:9,players,0,0,-1,-1,hair-color,NONE,Character\Human\Male\HumanMaleSkin00_00.blp,Character\Human\Male\HumanMaleSkin00_00.blp,texture.MPQ,false,NONE,NONE,false,NONE,,Character\Human\Male\HumanMale.m2,patch.MPQ,1,0,0,0,0,9,0,,0:0;0:1;1:1;2:1;3:1;4:1;5:1;7:2;13:1;15:1,NONE,NONE,0,NONE,NONE,NONE,0,NONE,NONE,none-authored,NONE,1,skin=id1@row0/flags0x0|face=id11@row12/flags0x0|hair=id3271@row231/flags0x0|hair-substitute=id4850@row241/flags0x0|facial=id140@row141/flags0x0,Ready,19869,140.4075,154.0242,hair style 0/9 -> geoset variant 1 (DBC match)
player:human-male:facial-hair:1,player:human-male:facial-hair:1,players,0,0,-1,-1,facial-hair,NONE,Character\Human\Male\HumanMaleSkin00_00.blp,Character\Human\Male\HumanMaleSkin00_00.blp,texture.MPQ,false,NONE,NONE,false,NONE,,Character\Human\Male\HumanMale.m2,patch.MPQ,1,0,0,0,0,0,1,,0:0;0:1;1:1;2:1;3:1;4:1;5:1;7:2;13:1;15:1,NONE,NONE,0,NONE,NONE,NONE,0,NONE,NONE,none-authored,NONE,1,skin=id1@row0/flags0x0|face=id11@row12/flags0x0|hair=id3262@row222/flags0x0|hair-substitute=id4841@row232/flags0x0|facial=id141@row142/flags0x0,Ready,19869,140.1566,183.4632,hair style 0/0 -> geoset variant 1 (DBC match)
player:human-male:facial-hair:2,player:human-male:facial-hair:2,players,0,0,-1,-1,facial-hair,NONE,Character\Human\Male\HumanMaleSkin00_00.blp,Character\Human\Male\HumanMaleSkin00_00.blp,texture.MPQ,false,NONE,NONE,false,NONE,,Character\Human\Male\HumanMale.m2,patch.MPQ,1,0,0,0,0,0,2,,0:0;0:1;1:1;2:1;3:1;4:1;5:1;7:2;13:1;15:1,NONE,NONE,0,NONE,NONE,NONE,0,NONE,NONE,none-authored,NONE,1,skin=id1@row0/flags0x0|face=id11@row12/flags0x0|hair=id3262@row222/flags0x0|hair-substitute=id4841@row232/flags0x0|facial=id151@row152/flags0x0,Ready,19869,140.1376,153.7979,hair style 0/0 -> geoset variant 1 (DBC match)
player:human-male:facial-hair:3,player:human-male:facial-hair:3,players,0,0,-1,-1,facial-hair,NONE,Character\Human\Male\HumanMaleSkin00_00.blp,Character\Human\Male\HumanMaleSkin00_00.blp,texture.MPQ,false,NONE,NONE,false,NONE,,Character\Human\Male\HumanMale.m2,patch.MPQ,1,0,0,0,0,0,3,,0:0;0:1;1:1;2:1;3:1;4:1;5:1;7:2;13:1;15:1,NONE,NONE,0,NONE,NONE,NONE,0,NONE,NONE,none-authored,NONE,1,skin=id1@row0/flags0x0|face=id11@row12/flags0x0|hair=id3262@row222/flags0x0|hair-substitute=id4841@row232/flags0x0|facial=id161@row162/flags0x0,Ready,19869,140.3906,152.8294,hair style 0/0 -> geoset variant 1 (DBC match)
player:human-male:facial-hair:4,player:human-male:facial-hair:4,players,0,0,-1,-1,facial-hair,NONE,Character\Human\Male\HumanMaleSkin00_00.blp,Character\Human\Male\HumanMaleSkin00_00.blp,texture.MPQ,false,NONE,NONE,false,NONE,,Character\Human\Male\HumanMale.m2,patch.MPQ,1,0,0,0,0,0,4,,0:0;0:1;1:1;2:1;3:1;4:1;5:1;7:2;13:1;15:1,NONE,NONE,0,NONE,NONE,NONE,0,NONE,NONE,none-authored,NONE,1,skin=id1@row0/flags0x0|face=id11@row12/flags0x0|hair=id3262@row222/flags0x0|hair-substitute=id4841@row232/flags0x0|facial=id171@row172/flags0x0,Ready,19869,139.9249,152.0679,hair style 0/0 -> geoset variant 1 (DBC match)
player:human-male:facial-hair:5,player:human-male:facial-hair:5,players,0,0,-1,-1,facial-hair,NONE,Character\Human\Male\HumanMaleSkin00_00.blp,Character\Human\Male\HumanMaleSkin00_00.blp,texture.MPQ,false,NONE,NONE,false,NONE,,Character\Human\Male\HumanMale.m2,patch.MPQ,1,0,0,0,0,0,5,,0:0;0:1;1:1;2:1;3:1;4:1;5:1;7:2;13:1;15:1,NONE,NONE,0,NONE,NONE,NONE,0,NONE,NONE,none-authored,NONE,1,skin=id1@row0/flags0x0|face=id11@row12/flags0x0|hair=id3262@row222/flags0x0|hair-substitute=id4841@row232/flags0x0|facial=id181@row182/flags0x0,Ready,19869,140.0967,151.4334,hair style 0/0 -> geoset variant 1 (DBC match)
player:human-male:facial-hair:6,player:human-male:facial-hair:6,players,0,0,-1,-1,facial-hair,NONE,Character\Human\Male\HumanMaleSkin00_00.blp,Character\Human\Male\HumanMaleSkin00_00.blp,texture.MPQ,false,NONE,NONE,false,NONE,,Character\Human\Male\HumanMale.m2,patch.MPQ,1,0,0,0,0,0,6,,0:0;0:1;1:1;2:1;3:1;4:1;5:1;7:2;13:1;15:1,NONE,NONE,0,NONE,NONE,NONE,0,NONE,NONE,none-authored,NONE,1,skin=id1@row0/flags0x0|face=id11@row12/flags0x0|hair=id3262@row222/flags0x0|hair-substitute=id4841@row232/flags0x0|facial=id191@row192/flags0x0,Ready,19869,139.9704,152.0755,hair style 0/0 -> geoset variant 1 (DBC match)
player:human-male:facial-hair:7,player:human-male:facial-hair:7,players,0,0,-1,-1,facial-hair,NONE,Character\Human\Male\HumanMaleSkin00_00.blp,Character\Human\Male\HumanMaleSkin00_00.blp,texture.MPQ,false,NONE,NONE,false,NONE,,Character\Human\Male\HumanMale.m2,patch.MPQ,1,0,0,0,0,0,7,,0:0;0:1;1:1;2:1;3:1;4:1;5:1;7:2;13:1;15:1,NONE,NONE,0,NONE,NONE,NONE,0,NONE,NONE,none-authored,NONE,1,skin=id1@row0/flags0x0|face=id11@row12/flags0x0|hair=id3262@row222/flags0x0|hair-substitute=id4841@row232/flags0x0|facial=id201@row202/flags0x0,Ready,19869,140.1533,152.5041,hair style 0/0 -> geoset variant 1 (DBC match)
player:human-male:facial-hair:8,player:human-male:facial-hair:8,players,0,0,-1,-1,facial-hair,NONE,Character\Human\Male\HumanMaleSkin00_00.blp,Character\Human\Male\HumanMaleSkin00_00.blp,texture.MPQ,false,NONE,NONE,false,NONE,,Character\Human\Male\HumanMale.m2,patch.MPQ,1,0,0,0,0,0,8,,0:0;0:1;1:1;2:1;3:1;4:1;5:1;7:2;13:1;15:1,NONE,NONE,0,NONE,NONE,NONE,0,NONE,NONE,none-authored,NONE,1,skin=id1@row0/flags0x0|face=id11@row12/flags0x0|hair=id3262@row222/flags0x0|hair-substitute=id4841@row232/flags0x0|facial=id211@row212/flags0x0,Ready,19869,140.47,158.713,hair style 0/0 -> geoset variant 1 (DBC match)
player:human-female:base,player:human-female:base,players,0,0,-1,-1,base,NONE,Character\Human\Female\HumanFemaleSkin00_00.blp,Character\Human\Female\HumanFemaleSkin00_00.blp,texture.MPQ,false,NONE,NONE,false,NONE,,Character\Human\Female\HumanFemale.m2,patch.MPQ,1,1,0,0,0,0,0,,0:2;0:0;4:1;5:1;7:2;13:1;15:1,NONE,NONE,0,NONE,NONE,NONE,0,NONE,NONE,none-authored,NONE,1,skin=id341@row352/flags0x0|face=id351@row364/flags0x0|hair=id501@row514/flags0x0|facial=NONE,Ready,11873,157.0483,170.8367,hair style 0/0 -> geoset variant 2 (DBC match)
player:human-female:skin:1,player:human-female:skin:1,players,0,0,-1,-1,skin,NONE,Character\Human\Female\HumanFemaleSkin00_01.blp,Character\Human\Female\HumanFemaleSkin00_01.blp,texture.MPQ,false,NONE,NONE,false,NONE,,Character\Human\Female\HumanFemale.m2,patch.MPQ,1,1,1,0,0,0,0,,0:2;0:0;4:1;5:1;7:2;13:1;15:1,NONE,NONE,0,NONE,NONE,NONE,0,NONE,NONE,none-authored,NONE,1,skin=id342@row353/flags0x0|face=id352@row365/flags0x0|hair=id501@row514/flags0x0|facial=NONE,Ready,11873,149.1563,152.3301,hair style 0/0 -> geoset variant 2 (DBC match)
player:human-female:skin:2,player:human-female:skin:2,players,0,0,-1,-1,skin,NONE,Character\Human\Female\HumanFemaleSkin00_02.blp,Character\Human\Female\HumanFemaleSkin00_02.blp,texture.MPQ,false,NONE,NONE,false,NONE,,Character\Human\Female\HumanFemale.m2,patch.MPQ,1,1,2,0,0,0,0,,0:2;0:0;4:1;5:1;7:2;13:1;15:1,NONE,NONE,0,NONE,NONE,NONE,0,NONE,NONE,none-authored,NONE,0,skin=id343@row354/flags0x0|face=id353@row366/flags0x0|hair=id501@row514/flags0x0|facial=NONE,Ready,11873,144.3916,151.7499,hair style 0/0 -> geoset variant 2 (DBC match)
player:human-female:skin:3,player:human-female:skin:3,players,0,0,-1,-1,skin,NONE,Character\Human\Female\HumanFemaleSkin00_03.blp,Character\Human\Female\HumanFemaleSkin00_03.blp,texture.MPQ,false,NONE,NONE,false,NONE,,Character\Human\Female\HumanFemale.m2,patch.MPQ,1,1,3,0,0,0,0,,0:2;0:0;4:1;5:1;7:2;13:1;15:1,NONE,NONE,0,NONE,NONE,NONE,0,NONE,NONE,none-authored,NONE,0,skin=id344@row355/flags0x0|face=id354@row367/flags0x0|hair=id501@row514/flags0x0|facial=NONE,Ready,11873,134.9035,151.0542,hair style 0/0 -> geoset variant 2 (DBC match)
player:human-female:skin:4,player:human-female:skin:4,players,0,0,-1,-1,skin,NONE,Character\Human\Female\HumanFemaleSkin00_04.blp,Character\Human\Female\HumanFemaleSkin00_04.blp,texture.MPQ,false,NONE,NONE,false,NONE,,Character\Human\Female\HumanFemale.m2,patch.MPQ,1,1,4,0,0,0,0,,0:2;0:0;4:1;5:1;7:2;13:1;15:1,NONE,NONE,0,NONE,NONE,NONE,0,NONE,NONE,none-authored,NONE,0,skin=id345@row356/flags0x0|face=id355@row368/flags0x0|hair=id501@row514/flags0x0|facial=NONE,Ready,11873,125.0328,152.2215,hair style 0/0 -> geoset variant 2 (DBC match)
player:human-female:skin:5,player:human-female:skin:5,players,0,0,-1,-1,skin,NONE,Character\Human\Female\HumanFemaleSkin00_05.blp,Character\Human\Female\HumanFemaleSkin00_05.blp,texture.MPQ,false,NONE,NONE,false,NONE,,Character\Human\Female\HumanFemale.m2,patch.MPQ,1,1,5,0,0,0,0,,0:2;0:0;4:1;5:1;7:2;13:1;15:1,NONE,NONE,0,NONE,NONE,NONE,0,NONE,NONE,none-authored,NONE,0,skin=id346@row357/flags0x0|face=id356@row369/flags0x0|hair=id501@row514/flags0x0|facial=NONE,Ready,11873,113.38,156.2127,hair style 0/0 -> geoset variant 2 (DBC match)
player:human-female:skin:6,player:human-female:skin:6,players,0,0,-1,-1,skin,NONE,Character\Human\Female\HumanFemaleSkin00_06.blp,Character\Human\Female\HumanFemaleSkin00_06.blp,texture.MPQ,false,NONE,NONE,false,NONE,,Character\Human\Female\HumanFemale.m2,patch.MPQ,1,1,6,0,0,0,0,,0:2;0:0;4:1;5:1;7:2;13:1;15:1,NONE,NONE,0,NONE,NONE,NONE,0,NONE,NONE,none-authored,NONE,0,skin=id347@row358/flags0x0|face=id357@row370/flags0x0|hair=id501@row514/flags0x0|facial=NONE,Ready,11873,105.0536,150.7524,hair style 0/0 -> geoset variant 2 (DBC match)
player:human-female:skin:7,player:human-female:skin:7,players,0,0,-1,-1,skin,NONE,Character\Human\Female\HumanFemaleSkin00_07.blp,Character\Human\Female\HumanFemaleSkin00_07.blp,texture.MPQ,false,NONE,NONE,false,NONE,,Character\Human\Female\HumanFemale.m2,patch.MPQ,1,1,7,0,0,0,0,,0:2;0:0;4:1;5:1;7:2;13:1;15:1,NONE,NONE,0,NONE,NONE,NONE,0,NONE,NONE,none-authored,NONE,0,skin=id348@row359/flags0x0|face=id358@row371/flags0x0|hair=id501@row514/flags0x0|facial=NONE,Ready,11873,93.9478,151.632,hair style 0/0 -> geoset variant 2 (DBC match)
player:human-female:skin:8,player:human-female:skin:8,players,0,0,-1,-1,skin,NONE,Character\Human\Female\HumanFemaleSkin00_08.blp,Character\Human\Female\HumanFemaleSkin00_08.blp,texture.MPQ,false,NONE,NONE,false,NONE,,Character\Human\Female\HumanFemale.m2,patch.MPQ,1,1,8,0,0,0,0,,0:2;0:0;4:1;5:1;7:2;13:1;15:1,NONE,NONE,0,NONE,NONE,NONE,0,NONE,NONE,none-authored,NONE,0,skin=id349@row360/flags0x0|face=id359@row372/flags0x0|hair=id501@row514/flags0x0|facial=NONE,Ready,11873,74.0702,152.324,hair style 0/0 -> geoset variant 2 (DBC match)
player:human-female:skin:9,player:human-female:skin:9,players,0,0,-1,-1,skin,NONE,Character\Human\Female\HumanFemaleSkin00_09.blp,Character\Human\Female\HumanFemaleSkin00_09.blp,texture.MPQ,false,NONE,NONE,false,NONE,,Character\Human\Female\HumanFemale.m2,patch.MPQ,1,1,9,0,0,0,0,,0:2;0:0;4:1;5:1;7:2;13:1;15:1,NONE,NONE,0,NONE,NONE,NONE,0,NONE,NONE,none-authored,NONE,0,skin=id350@row361/flags0x0|face=id360@row373/flags0x0|hair=id501@row514/flags0x0|facial=NONE,Ready,11873,67.6987,153.3445,hair style 0/0 -> geoset variant 2 (DBC match)
player:human-female:face:1,player:human-female:face:1,players,0,0,-1,-1,face,NONE,Character\Human\Female\HumanFemaleSkin00_00.blp,Character\Human\Female\HumanFemaleSkin00_00.blp,texture.MPQ,false,NONE,NONE,false,NONE,,Character\Human\Female\HumanFemale.m2,patch.MPQ,1,1,0,1,0,0,0,,0:2;0:0;4:1;5:1;7:2;13:1;15:1,NONE,NONE,0,NONE,NONE,NONE,0,NONE,NONE,none-authored,NONE,1,skin=id341@row352/flags0x0|face=id361@row374/flags0x0|hair=id501@row514/flags0x0|facial=NONE,Ready,11873,157.1079,151.675,hair style 0/0 -> geoset variant 2 (DBC match)
player:human-female:face:2,player:human-female:face:2,players,0,0,-1,-1,face,NONE,Character\Human\Female\HumanFemaleSkin00_00.blp,Character\Human\Female\HumanFemaleSkin00_00.blp,texture.MPQ,false,NONE,NONE,false,NONE,,Character\Human\Female\HumanFemale.m2,patch.MPQ,1,1,0,2,0,0,0,,0:2;0:0;4:1;5:1;7:2;13:1;15:1,NONE,NONE,0,NONE,NONE,NONE,0,NONE,NONE,none-authored,NONE,1,skin=id341@row352/flags0x0|face=id371@row384/flags0x0|hair=id501@row514/flags0x0|facial=NONE,Ready,11873,157.0522,157.5954,hair style 0/0 -> geoset variant 2 (DBC match)
player:human-female:face:3,player:human-female:face:3,players,0,0,-1,-1,face,NONE,Character\Human\Female\HumanFemaleSkin00_00.blp,Character\Human\Female\HumanFemaleSkin00_00.blp,texture.MPQ,false,NONE,NONE,false,NONE,,Character\Human\Female\HumanFemale.m2,patch.MPQ,1,1,0,3,0,0,0,,0:2;0:0;4:1;5:1;7:2;13:1;15:1,NONE,NONE,0,NONE,NONE,NONE,0,NONE,NONE,none-authored,NONE,1,skin=id341@row352/flags0x0|face=id381@row394/flags0x0|hair=id501@row514/flags0x0|facial=NONE,Ready,11873,157.0977,151.985,hair style 0/0 -> geoset variant 2 (DBC match)
player:human-female:face:4,player:human-female:face:4,players,0,0,-1,-1,face,NONE,Character\Human\Female\HumanFemaleSkin00_00.blp,Character\Human\Female\HumanFemaleSkin00_00.blp,texture.MPQ,false,NONE,NONE,false,NONE,,Character\Human\Female\HumanFemale.m2,patch.MPQ,1,1,0,4,0,0,0,,0:2;0:0;4:1;5:1;7:2;13:1;15:1,NONE,NONE,0,NONE,NONE,NONE,0,NONE,NONE,none-authored,NONE,1,skin=id341@row352/flags0x0|face=id391@row404/flags0x0|hair=id501@row514/flags0x0|facial=NONE,Ready,11873,157.0358,154.1391,hair style 0/0 -> geoset variant 2 (DBC match)
player:human-female:face:5,player:human-female:face:5,players,0,0,-1,-1,face,NONE,Character\Human\Female\HumanFemaleSkin00_00.blp,Character\Human\Female\HumanFemaleSkin00_00.blp,texture.MPQ,false,NONE,NONE,false,NONE,,Character\Human\Female\HumanFemale.m2,patch.MPQ,1,1,0,5,0,0,0,,0:2;0:0;4:1;5:1;7:2;13:1;15:1,NONE,NONE,0,NONE,NONE,NONE,0,NONE,NONE,none-authored,NONE,1,skin=id341@row352/flags0x0|face=id401@row414/flags0x0|hair=id501@row514/flags0x0|facial=NONE,Ready,11873,157.0146,3131.2923,hair style 0/0 -> geoset variant 2 (DBC match)
player:human-female:face:6,player:human-female:face:6,players,0,0,-1,-1,face,NONE,Character\Human\Female\HumanFemaleSkin00_00.blp,Character\Human\Female\HumanFemaleSkin00_00.blp,texture.MPQ,false,NONE,NONE,false,NONE,,Character\Human\Female\HumanFemale.m2,patch.MPQ,1,1,0,6,0,0,0,,0:2;0:0;4:1;5:1;7:2;13:1;15:1,NONE,NONE,0,NONE,NONE,NONE,0,NONE,NONE,none-authored,NONE,1,skin=id341@row352/flags0x0|face=id411@row424/flags0x0|hair=id501@row514/flags0x0|facial=NONE,Ready,11873,157.0854,151.6638,hair style 0/0 -> geoset variant 2 (DBC match)
player:human-female:face:7,player:human-female:face:7,players,0,0,-1,-1,face,NONE,Character\Human\Female\HumanFemaleSkin00_00.blp,Character\Human\Female\HumanFemaleSkin00_00.blp,texture.MPQ,false,NONE,NONE,false,NONE,,Character\Human\Female\HumanFemale.m2,patch.MPQ,1,1,0,7,0,0,0,,0:2;0:0;4:1;5:1;7:2;13:1;15:1,NONE,NONE,0,NONE,NONE,NONE,0,NONE,NONE,none-authored,NONE,1,skin=id341@row352/flags0x0|face=id421@row434/flags0x0|hair=id501@row514/flags0x0|facial=NONE,Ready,11873,157.0176,152.2533,hair style 0/0 -> geoset variant 2 (DBC match)
player:human-female:face:8,player:human-female:face:8,players,0,0,-1,-1,face,NONE,Character\Human\Female\HumanFemaleSkin00_00.blp,Character\Human\Female\HumanFemaleSkin00_00.blp,texture.MPQ,false,NONE,NONE,false,NONE,,Character\Human\Female\HumanFemale.m2,patch.MPQ,1,1,0,8,0,0,0,,0:2;0:0;4:1;5:1;7:2;13:1;15:1,NONE,NONE,0,NONE,NONE,NONE,0,NONE,NONE,none-authored,NONE,1,skin=id341@row352/flags0x0|face=id431@row444/flags0x0|hair=id501@row514/flags0x0|facial=NONE,Ready,11873,156.9671,152.2932,hair style 0/0 -> geoset variant 2 (DBC match)
player:human-female:face:9,player:human-female:face:9,players,0,0,-1,-1,face,NONE,Character\Human\Female\HumanFemaleSkin00_00.blp,Character\Human\Female\HumanFemaleSkin00_00.blp,texture.MPQ,false,NONE,NONE,false,NONE,,Character\Human\Female\HumanFemale.m2,patch.MPQ,1,1,0,9,0,0,0,,0:2;0:0;4:1;5:1;7:2;13:1;15:1,NONE,NONE,0,NONE,NONE,NONE,0,NONE,NONE,none-authored,NONE,1,skin=id341@row352/flags0x0|face=id441@row454/flags0x0|hair=id501@row514/flags0x0|facial=NONE,Ready,11873,157.0223,148.5146,hair style 0/0 -> geoset variant 2 (DBC match)
player:human-female:face:10,player:human-female:face:10,players,0,0,-1,-1,face,NONE,Character\Human\Female\HumanFemaleSkin00_00.blp,Character\Human\Female\HumanFemaleSkin00_00.blp,texture.MPQ,false,NONE,NONE,false,NONE,,Character\Human\Female\HumanFemale.m2,patch.MPQ,1,1,0,10,0,0,0,,0:2;0:0;4:1;5:1;7:2;13:1;15:1,NONE,NONE,0,NONE,NONE,NONE,0,NONE,NONE,none-authored,NONE,1,skin=id341@row352/flags0x0|face=id451@row464/flags0x0|hair=id501@row514/flags0x0|facial=NONE,Ready,11873,157.0273,159.2498,hair style 0/0 -> geoset variant 2 (DBC match)
player:human-female:face:11,player:human-female:face:11,players,0,0,-1,-1,face,NONE,Character\Human\Female\HumanFemaleSkin00_00.blp,Character\Human\Female\HumanFemaleSkin00_00.blp,texture.MPQ,false,NONE,NONE,false,NONE,,Character\Human\Female\HumanFemale.m2,patch.MPQ,1,1,0,11,0,0,0,,0:2;0:0;4:1;5:1;7:2;13:1;15:1,NONE,NONE,0,NONE,NONE,NONE,0,NONE,NONE,none-authored,NONE,1,skin=id341@row352/flags0x0|face=id461@row474/flags0x0|hair=id501@row514/flags0x0|facial=NONE,Ready,11873,157.0766,151.3353,hair style 0/0 -> geoset variant 2 (DBC match)
player:human-female:face:12,player:human-female:face:12,players,0,0,-1,-1,face,NONE,Character\Human\Female\HumanFemaleSkin00_00.blp,Character\Human\Female\HumanFemaleSkin00_00.blp,texture.MPQ,false,NONE,NONE,false,NONE,,Character\Human\Female\HumanFemale.m2,patch.MPQ,1,1,0,12,0,0,0,,0:2;0:0;4:1;5:1;7:2;13:1;15:1,NONE,NONE,0,NONE,NONE,NONE,0,NONE,NONE,none-authored,NONE,1,skin=id341@row352/flags0x0|face=id471@row484/flags0x0|hair=id501@row514/flags0x0|facial=NONE,Ready,11873,156.9322,152.2674,hair style 0/0 -> geoset variant 2 (DBC match)
player:human-female:face:13,player:human-female:face:13,players,0,0,-1,-1,face,NONE,Character\Human\Female\HumanFemaleSkin00_00.blp,Character\Human\Female\HumanFemaleSkin00_00.blp,texture.MPQ,false,NONE,NONE,false,NONE,,Character\Human\Female\HumanFemale.m2,patch.MPQ,1,1,0,13,0,0,0,,0:2;0:0;4:1;5:1;7:2;13:1;15:1,NONE,NONE,0,NONE,NONE,NONE,0,NONE,NONE,none-authored,NONE,1,skin=id341@row352/flags0x0|face=id481@row494/flags0x0|hair=id501@row514/flags0x0|facial=NONE,Ready,11873,156.9232,151.93,hair style 0/0 -> geoset variant 2 (DBC match)
player:human-female:face:14,player:human-female:face:14,players,0,0,-1,-1,face,NONE,Character\Human\Female\HumanFemaleSkin00_00.blp,Character\Human\Female\HumanFemaleSkin00_00.blp,texture.MPQ,false,NONE,NONE,false,NONE,,Character\Human\Female\HumanFemale.m2,patch.MPQ,1,1,0,14,0,0,0,,0:2;0:0;4:1;5:1;7:2;13:1;15:1,NONE,NONE,0,NONE,NONE,NONE,0,NONE,NONE,none-authored,NONE,1,skin=id341@row352/flags0x0|face=id491@row504/flags0x0|hair=id501@row514/flags0x0|facial=NONE,Ready,11873,156.9166,152.1354,hair style 0/0 -> geoset variant 2 (DBC match)
player:human-female:hair-style:1,player:human-female:hair-style:1,players,0,0,-1,-1,hair-style,NONE,Character\Human\Female\HumanFemaleSkin00_00.blp,Character\Human\Female\HumanFemaleSkin00_00.blp,texture.MPQ,false,NONE,NONE,false,NONE,,Character\Human\Female\HumanFemale.m2,patch.MPQ,1,1,0,0,1,0,0,,0:3;0:0;4:1;5:1;7:2;13:1;15:1,NONE,NONE,0,NONE,NONE,NONE,0,NONE,NONE,none-authored,NONE,1,skin=id341@row352/flags0x0|face=id351@row364/flags0x0|hair=id511@row524/flags0x0|facial=NONE,Ready,11913,155.8103,151.1578,hair style 1/0 -> geoset variant 3 (DBC match)
player:human-female:hair-style:2,player:human-female:hair-style:2,players,0,0,-1,-1,hair-style,NONE,Character\Human\Female\HumanFemaleSkin00_00.blp,Character\Human\Female\HumanFemaleSkin00_00.blp,texture.MPQ,false,NONE,NONE,false,NONE,,Character\Human\Female\HumanFemale.m2,patch.MPQ,1,1,0,0,2,0,0,,0:4;0:0;4:1;5:1;7:2;13:1;15:1,NONE,NONE,0,NONE,NONE,NONE,0,NONE,NONE,none-authored,NONE,1,skin=id341@row352/flags0x0|face=id351@row364/flags0x0|hair=id521@row534/flags0x0|facial=NONE,Ready,11805,158.3023,151.6216,hair style 2/0 -> geoset variant 4 (DBC match)
player:human-female:hair-style:3,player:human-female:hair-style:3,players,0,0,-1,-1,hair-style,NONE,Character\Human\Female\HumanFemaleSkin00_00.blp,Character\Human\Female\HumanFemaleSkin00_00.blp,texture.MPQ,false,NONE,NONE,false,NONE,,Character\Human\Female\HumanFemale.m2,patch.MPQ,1,1,0,0,3,0,0,,0:5;0:0;4:1;5:1;7:2;13:1;15:1,NONE,NONE,0,NONE,NONE,NONE,0,NONE,NONE,none-authored,NONE,1,skin=id341@row352/flags0x0|face=id351@row364/flags0x0|hair=id531@row544/flags0x0|facial=NONE,Ready,11946,155.7848,159.0461,hair style 3/0 -> geoset variant 5 (DBC match)
player:human-female:hair-style:4,player:human-female:hair-style:4,players,0,0,-1,-1,hair-style,NONE,Character\Human\Female\HumanFemaleSkin00_00.blp,Character\Human\Female\HumanFemaleSkin00_00.blp,texture.MPQ,false,NONE,NONE,false,NONE,,Character\Human\Female\HumanFemale.m2,patch.MPQ,1,1,0,0,4,0,0,,0:6;0:0;4:1;5:1;7:2;13:1;15:1,NONE,NONE,0,NONE,NONE,NONE,0,NONE,NONE,none-authored,NONE,1,skin=id341@row352/flags0x0|face=id351@row364/flags0x0|hair=id541@row554/flags0x0|facial=NONE,Ready,11846,156.9715,169.8155,hair style 4/0 -> geoset variant 6 (DBC match)
player:human-female:hair-style:5,player:human-female:hair-style:5,players,0,0,-1,-1,hair-style,NONE,Character\Human\Female\HumanFemaleSkin00_00.blp,Character\Human\Female\HumanFemaleSkin00_00.blp,texture.MPQ,false,NONE,NONE,false,NONE,,Character\Human\Female\HumanFemale.m2,patch.MPQ,1,1,0,0,5,0,0,,0:7;0:0;4:1;5:1;7:2;13:1;15:1,NONE,NONE,0,NONE,NONE,NONE,0,NONE,NONE,none-authored,NONE,1,skin=id341@row352/flags0x0|face=id351@row364/flags0x0|hair=id551@row564/flags0x0|facial=NONE,Ready,11871,159.411,153.9753,hair style 5/0 -> geoset variant 7 (DBC match)
player:human-female:hair-style:6,player:human-female:hair-style:6,players,0,0,-1,-1,hair-style,NONE,Character\Human\Female\HumanFemaleSkin00_00.blp,Character\Human\Female\HumanFemaleSkin00_00.blp,texture.MPQ,false,NONE,NONE,false,NONE,,Character\Human\Female\HumanFemale.m2,patch.MPQ,1,1,0,0,6,0,0,,0:8;0:0;4:1;5:1;7:2;13:1;15:1,NONE,NONE,0,NONE,NONE,NONE,0,NONE,NONE,none-authored,NONE,1,skin=id341@row352/flags0x0|face=id351@row364/flags0x0|hair=id561@row574/flags0x0|facial=NONE,Ready,11599,163.0635,153.5258,hair style 6/0 -> geoset variant 8 (DBC match)
player:human-female:hair-style:7,player:human-female:hair-style:7,players,0,0,-1,-1,hair-style,NONE,Character\Human\Female\HumanFemaleSkin00_00.blp,Character\Human\Female\HumanFemaleSkin00_00.blp,texture.MPQ,false,NONE,NONE,false,NONE,,Character\Human\Female\HumanFemale.m2,patch.MPQ,1,1,0,0,7,0,0,,0:9;0:0;4:1;5:1;7:2;13:1;15:1,NONE,NONE,0,NONE,NONE,NONE,0,NONE,NONE,none-authored,NONE,1,skin=id341@row352/flags0x0|face=id351@row364/flags0x0|hair=id571@row584/flags0x0|facial=NONE,Ready,11612,162.7192,151.1299,hair style 7/0 -> geoset variant 9 (DBC match)
player:human-female:hair-style:8,player:human-female:hair-style:8,players,0,0,-1,-1,hair-style,NONE,Character\Human\Female\HumanFemaleSkin00_00.blp,Character\Human\Female\HumanFemaleSkin00_00.blp,texture.MPQ,false,NONE,NONE,false,NONE,,Character\Human\Female\HumanFemale.m2,patch.MPQ,1,1,0,0,8,0,0,,0:10;0:0;4:1;5:1;7:2;13:1;15:1,NONE,NONE,0,NONE,NONE,NONE,0,NONE,NONE,none-authored,NONE,1,skin=id341@row352/flags0x0|face=id351@row364/flags0x0|hair=id581@row594/flags0x0|facial=NONE,Ready,11597,163.0081,158.4957,hair style 8/0 -> geoset variant 10 (DBC match)
player:human-female:hair-style:9,player:human-female:hair-style:9,players,0,0,-1,-1,hair-style,NONE,Character\Human\Female\HumanFemaleSkin00_00.blp,Character\Human\Female\HumanFemaleSkin00_00.blp,texture.MPQ,false,NONE,NONE,false,NONE,,Character\Human\Female\HumanFemale.m2,patch.MPQ,1,1,0,0,9,0,0,,0:11;0:0;4:1;5:1;7:2;13:1;15:1,NONE,NONE,0,NONE,NONE,NONE,0,NONE,NONE,none-authored,NONE,1,skin=id341@row352/flags0x0|face=id351@row364/flags0x0|hair=id591@row604/flags0x0|facial=NONE,Ready,11811,159.9655,158.2219,hair style 9/0 -> geoset variant 11 (DBC match)
player:human-female:hair-style:10,player:human-female:hair-style:10,players,0,0,-1,-1,hair-style,NONE,Character\Human\Female\HumanFemaleSkin00_00.blp,Character\Human\Female\HumanFemaleSkin00_00.blp,texture.MPQ,false,NONE,NONE,false,NONE,,Character\Human\Female\HumanFemale.m2,patch.MPQ,1,1,0,0,10,0,0,,0:12;0:0;4:1;5:1;7:2;13:1;15:1,NONE,NONE,0,NONE,NONE,NONE,0,NONE,NONE,none-authored,NONE,1,skin=id341@row352/flags0x0|face=id351@row364/flags0x0|hair=id601@row614/flags0x0|facial=NONE,Ready,11941,157.6762,150.685,hair style 10/0 -> geoset variant 12 (DBC match)
player:human-female:hair-style:11,player:human-female:hair-style:11,players,0,0,-1,-1,hair-style,NONE,Character\Human\Female\HumanFemaleSkin00_00.blp,Character\Human\Female\HumanFemaleSkin00_00.blp,texture.MPQ,false,NONE,NONE,false,NONE,,Character\Human\Female\HumanFemale.m2,patch.MPQ,1,1,0,0,11,0,0,,0:13;0:0;4:1;5:1;7:2;13:1;15:1,NONE,NONE,0,NONE,NONE,NONE,0,NONE,NONE,none-authored,NONE,1,skin=id341@row352/flags0x0|face=id351@row364/flags0x0|hair=id611@row624/flags0x0|facial=NONE,Ready,11625,162.4742,150.9552,hair style 11/0 -> geoset variant 13 (DBC match)
player:human-female:hair-style:12,player:human-female:hair-style:12,players,0,0,-1,-1,hair-style,NONE,Character\Human\Female\HumanFemaleSkin00_00.blp,Character\Human\Female\HumanFemaleSkin00_00.blp,texture.MPQ,false,NONE,NONE,false,NONE,,Character\Human\Female\HumanFemale.m2,patch.MPQ,1,1,0,0,12,0,0,,0:14;0:0;4:1;5:1;7:2;13:1;15:1,NONE,NONE,0,NONE,NONE,NONE,0,NONE,NONE,none-authored,NONE,1,skin=id341@row352/flags0x0|face=id351@row364/flags0x0|hair=id621@row634/flags0x0|facial=NONE,Ready,11781,160.1773,153.9315,hair style 12/0 -> geoset variant 14 (DBC match)
player:human-female:hair-style:13,player:human-female:hair-style:13,players,0,0,-1,-1,hair-style,NONE,Character\Human\Female\HumanFemaleSkin00_00.blp,Character\Human\Female\HumanFemaleSkin00_00.blp,texture.MPQ,false,NONE,NONE,false,NONE,,Character\Human\Female\HumanFemale.m2,patch.MPQ,1,1,0,0,13,0,0,,0:15;0:0;4:1;5:1;7:2;13:1;15:1,NONE,NONE,0,NONE,NONE,NONE,0,NONE,NONE,none-authored,NONE,1,skin=id341@row352/flags0x0|face=id351@row364/flags0x0|hair=id631@row644/flags0x0|facial=NONE,Ready,11931,155.5582,152.9049,hair style 13/0 -> geoset variant 15 (DBC match)
player:human-female:hair-style:14,player:human-female:hair-style:14,players,0,0,-1,-1,hair-style,NONE,Character\Human\Female\HumanFemaleSkin00_00.blp,Character\Human\Female\HumanFemaleSkin00_00.blp,texture.MPQ,false,NONE,NONE,false,NONE,,Character\Human\Female\HumanFemale.m2,patch.MPQ,1,1,0,0,14,0,0,,0:16;0:0;4:1;5:1;7:2;13:1;15:1,NONE,NONE,0,NONE,NONE,NONE,0,NONE,NONE,none-authored,NONE,1,skin=id341@row352/flags0x0|face=id351@row364/flags0x0|hair=id641@row654/flags0x0|facial=NONE,Ready,11704,161.7976,150.3591,hair style 14/0 -> geoset variant 16 (DBC match)
player:human-female:hair-style:15,player:human-female:hair-style:15,players,0,0,-1,-1,hair-style,NONE,Character\Human\Female\HumanFemaleSkin00_00.blp,Character\Human\Female\HumanFemaleSkin00_00.blp,texture.MPQ,false,NONE,NONE,false,NONE,,Character\Human\Female\HumanFemale.m2,patch.MPQ,1,1,0,0,15,0,0,,0:17;0:0;4:1;5:1;7:2;13:1;15:1,NONE,NONE,0,NONE,NONE,NONE,0,NONE,NONE,none-authored,NONE,1,skin=id341@row352/flags0x0|face=id351@row364/flags0x0|hair=id651@row664/flags0x0|facial=NONE,Ready,11816,160.2295,153.7147,hair style 15/0 -> geoset variant 17 (DBC match)
player:human-female:hair-style:16,player:human-female:hair-style:16,players,0,0,-1,-1,hair-style,NONE,Character\Human\Female\HumanFemaleSkin00_00.blp,Character\Human\Female\HumanFemaleSkin00_00.blp,texture.MPQ,false,NONE,NONE,false,NONE,,Character\Human\Female\HumanFemale.m2,patch.MPQ,1,1,0,0,16,0,0,,0:18;0:0;4:1;5:1;7:2;13:1;15:1,NONE,NONE,0,NONE,NONE,NONE,0,NONE,NONE,none-authored,NONE,1,skin=id341@row352/flags0x0|face=id351@row364/flags0x0|hair=id661@row674/flags0x0|facial=NONE,Ready,11744,160.5729,160.0405,hair style 16/0 -> geoset variant 18 (DBC match)
player:human-female:hair-style:17,player:human-female:hair-style:17,players,0,0,-1,-1,hair-style,NONE,Character\Human\Female\HumanFemaleSkin00_00.blp,Character\Human\Female\HumanFemaleSkin00_00.blp,texture.MPQ,false,NONE,NONE,false,NONE,,Character\Human\Female\HumanFemale.m2,patch.MPQ,1,1,0,0,17,0,0,,0:19;0:0;4:1;5:1;7:2;13:1;15:1,NONE,NONE,0,NONE,NONE,NONE,0,NONE,NONE,none-authored,NONE,1,skin=id341@row352/flags0x0|face=id351@row364/flags0x0|hair=id671@row684/flags0x0|facial=NONE,Ready,11622,162.4984,152.9855,hair style 17/0 -> geoset variant 19 (DBC match)
player:human-female:hair-style:18,player:human-female:hair-style:18,players,0,0,-1,-1,hair-style,NONE,Character\Human\Female\HumanFemaleSkin00_00.blp,Character\Human\Female\HumanFemaleSkin00_00.blp,texture.MPQ,false,NONE,NONE,false,NONE,,Character\Human\Female\HumanFemale.m2,patch.MPQ,1,1,0,0,18,0,0,,0:20;0:0;4:1;5:1;7:2;13:1;15:1,NONE,NONE,0,NONE,NONE,NONE,0,NONE,NONE,none-authored,NONE,1,skin=id341@row352/flags0x0|face=id351@row364/flags0x0|hair=id681@row694/flags0x0|facial=NONE,Ready,11740,159.8811,152.7624,hair style 18/0 -> geoset variant 20 (DBC match)
player:human-female:hair-color:1,player:human-female:hair-color:1,players,0,0,-1,-1,hair-color,NONE,Character\Human\Female\HumanFemaleSkin00_00.blp,Character\Human\Female\HumanFemaleSkin00_00.blp,texture.MPQ,false,NONE,NONE,false,NONE,,Character\Human\Female\HumanFemale.m2,patch.MPQ,1,1,0,0,0,1,0,,0:2;0:0;4:1;5:1;7:2;13:1;15:1,NONE,NONE,0,NONE,NONE,NONE,0,NONE,NONE,none-authored,NONE,1,skin=id341@row352/flags0x0|face=id351@row364/flags0x0|hair=id502@row515/flags0x0|facial=NONE,Ready,11873,157.4209,151.7641,hair style 0/1 -> geoset variant 2 (DBC match)
player:human-female:hair-color:2,player:human-female:hair-color:2,players,0,0,-1,-1,hair-color,NONE,Character\Human\Female\HumanFemaleSkin00_00.blp,Character\Human\Female\HumanFemaleSkin00_00.blp,texture.MPQ,false,NONE,NONE,false,NONE,,Character\Human\Female\HumanFemale.m2,patch.MPQ,1,1,0,0,0,2,0,,0:2;0:0;4:1;5:1;7:2;13:1;15:1,NONE,NONE,0,NONE,NONE,NONE,0,NONE,NONE,none-authored,NONE,1,skin=id341@row352/flags0x0|face=id351@row364/flags0x0|hair=id503@row516/flags0x0|facial=NONE,Ready,11873,158.5626,151.0673,hair style 0/2 -> geoset variant 2 (DBC match)
player:human-female:hair-color:3,player:human-female:hair-color:3,players,0,0,-1,-1,hair-color,NONE,Character\Human\Female\HumanFemaleSkin00_00.blp,Character\Human\Female\HumanFemaleSkin00_00.blp,texture.MPQ,false,NONE,NONE,false,NONE,,Character\Human\Female\HumanFemale.m2,patch.MPQ,1,1,0,0,0,3,0,,0:2;0:0;4:1;5:1;7:2;13:1;15:1,NONE,NONE,0,NONE,NONE,NONE,0,NONE,NONE,none-authored,NONE,1,skin=id341@row352/flags0x0|face=id351@row364/flags0x0|hair=id504@row517/flags0x0|facial=NONE,Ready,11873,158.4386,150.7251,hair style 0/3 -> geoset variant 2 (DBC match)
player:human-female:hair-color:4,player:human-female:hair-color:4,players,0,0,-1,-1,hair-color,NONE,Character\Human\Female\HumanFemaleSkin00_00.blp,Character\Human\Female\HumanFemaleSkin00_00.blp,texture.MPQ,false,NONE,NONE,false,NONE,,Character\Human\Female\HumanFemale.m2,patch.MPQ,1,1,0,0,0,4,0,,0:2;0:0;4:1;5:1;7:2;13:1;15:1,NONE,NONE,0,NONE,NONE,NONE,0,NONE,NONE,none-authored,NONE,1,skin=id341@row352/flags0x0|face=id351@row364/flags0x0|hair=id505@row518/flags0x0|facial=NONE,Ready,11873,158.5378,158.9256,hair style 0/4 -> geoset variant 2 (DBC match)
player:human-female:hair-color:5,player:human-female:hair-color:5,players,0,0,-1,-1,hair-color,NONE,Character\Human\Female\HumanFemaleSkin00_00.blp,Character\Human\Female\HumanFemaleSkin00_00.blp,texture.MPQ,false,NONE,NONE,false,NONE,,Character\Human\Female\HumanFemale.m2,patch.MPQ,1,1,0,0,0,5,0,,0:2;0:0;4:1;5:1;7:2;13:1;15:1,NONE,NONE,0,NONE,NONE,NONE,0,NONE,NONE,none-authored,NONE,1,skin=id341@row352/flags0x0|face=id351@row364/flags0x0|hair=id506@row519/flags0x0|facial=NONE,Ready,11873,160.6854,159.0679,hair style 0/5 -> geoset variant 2 (DBC match)
player:human-female:hair-color:6,player:human-female:hair-color:6,players,0,0,-1,-1,hair-color,NONE,Character\Human\Female\HumanFemaleSkin00_00.blp,Character\Human\Female\HumanFemaleSkin00_00.blp,texture.MPQ,false,NONE,NONE,false,NONE,,Character\Human\Female\HumanFemale.m2,patch.MPQ,1,1,0,0,0,6,0,,0:2;0:0;4:1;5:1;7:2;13:1;15:1,NONE,NONE,0,NONE,NONE,NONE,0,NONE,NONE,none-authored,NONE,1,skin=id341@row352/flags0x0|face=id351@row364/flags0x0|hair=id507@row520/flags0x0|facial=NONE,Ready,11873,160.8854,156.2998,hair style 0/6 -> geoset variant 2 (DBC match)
player:human-female:hair-color:7,player:human-female:hair-color:7,players,0,0,-1,-1,hair-color,NONE,Character\Human\Female\HumanFemaleSkin00_00.blp,Character\Human\Female\HumanFemaleSkin00_00.blp,texture.MPQ,false,NONE,NONE,false,NONE,,Character\Human\Female\HumanFemale.m2,patch.MPQ,1,1,0,0,0,7,0,,0:2;0:0;4:1;5:1;7:2;13:1;15:1,NONE,NONE,0,NONE,NONE,NONE,0,NONE,NONE,none-authored,NONE,1,skin=id341@row352/flags0x0|face=id351@row364/flags0x0|hair=id508@row521/flags0x0|facial=NONE,Ready,11873,160.7046,152.263,hair style 0/7 -> geoset variant 2 (DBC match)
player:human-female:hair-color:8,player:human-female:hair-color:8,players,0,0,-1,-1,hair-color,NONE,Character\Human\Female\HumanFemaleSkin00_00.blp,Character\Human\Female\HumanFemaleSkin00_00.blp,texture.MPQ,false,NONE,NONE,false,NONE,,Character\Human\Female\HumanFemale.m2,patch.MPQ,1,1,0,0,0,8,0,,0:2;0:0;4:1;5:1;7:2;13:1;15:1,NONE,NONE,0,NONE,NONE,NONE,0,NONE,NONE,none-authored,NONE,1,skin=id341@row352/flags0x0|face=id351@row364/flags0x0|hair=id509@row522/flags0x0|facial=NONE,Ready,11873,159.3179,151.9192,hair style 0/8 -> geoset variant 2 (DBC match)
player:human-female:hair-color:9,player:human-female:hair-color:9,players,0,0,-1,-1,hair-color,NONE,Character\Human\Female\HumanFemaleSkin00_00.blp,Character\Human\Female\HumanFemaleSkin00_00.blp,texture.MPQ,false,NONE,NONE,false,NONE,,Character\Human\Female\HumanFemale.m2,patch.MPQ,1,1,0,0,0,9,0,,0:2;0:0;4:1;5:1;7:2;13:1;15:1,NONE,NONE,0,NONE,NONE,NONE,0,NONE,NONE,none-authored,NONE,1,skin=id341@row352/flags0x0|face=id351@row364/flags0x0|hair=id510@row523/flags0x0|facial=NONE,Ready,11873,161.9499,151.1108,hair style 0/9 -> geoset variant 2 (DBC match)
player:human-female:facial-hair:1,player:human-female:facial-hair:1,players,0,0,-1,-1,facial-hair,NONE,Character\Human\Female\HumanFemaleSkin00_00.blp,Character\Human\Female\HumanFemaleSkin00_00.blp,texture.MPQ,false,NONE,NONE,false,NONE,,Character\Human\Female\HumanFemale.m2,patch.MPQ,1,1,0,0,0,0,1,,0:2;0:0;4:1;5:1;7:2;13:1;15:1,NONE,NONE,0,NONE,NONE,NONE,0,NONE,NONE,none-authored,NONE,1,skin=id341@row352/flags0x0|face=id351@row364/flags0x0|hair=id501@row514/flags0x0|facial=NONE,Ready,11873,157.0483,155.357,hair style 0/0 -> geoset variant 2 (DBC match)
player:human-female:facial-hair:2,player:human-female:facial-hair:2,players,0,0,-1,-1,facial-hair,NONE,Character\Human\Female\HumanFemaleSkin00_00.blp,Character\Human\Female\HumanFemaleSkin00_00.blp,texture.MPQ,false,NONE,NONE,false,NONE,,Character\Human\Female\HumanFemale.m2,patch.MPQ,1,1,0,0,0,0,2,,0:2;0:0;4:1;5:1;7:2;13:1;15:1,NONE,NONE,0,NONE,NONE,NONE,0,NONE,NONE,none-authored,NONE,1,skin=id341@row352/flags0x0|face=id351@row364/flags0x0|hair=id501@row514/flags0x0|facial=NONE,Ready,11873,157.0483,163.0184,hair style 0/0 -> geoset variant 2 (DBC match)
player:human-female:facial-hair:3,player:human-female:facial-hair:3,players,0,0,-1,-1,facial-hair,NONE,Character\Human\Female\HumanFemaleSkin00_00.blp,Character\Human\Female\HumanFemaleSkin00_00.blp,texture.MPQ,false,NONE,NONE,false,NONE,,Character\Human\Female\HumanFemale.m2,patch.MPQ,1,1,0,0,0,0,3,,0:2;0:0;4:1;5:1;7:2;13:1;15:1,NONE,NONE,0,NONE,NONE,NONE,0,NONE,NONE,none-authored,NONE,1,skin=id341@row352/flags0x0|face=id351@row364/flags0x0|hair=id501@row514/flags0x0|facial=NONE,Ready,11873,157.0483,152.3004,hair style 0/0 -> geoset variant 2 (DBC match)
player:human-female:facial-hair:4,player:human-female:facial-hair:4,players,0,0,-1,-1,facial-hair,NONE,Character\Human\Female\HumanFemaleSkin00_00.blp,Character\Human\Female\HumanFemaleSkin00_00.blp,texture.MPQ,false,NONE,NONE,false,NONE,,Character\Human\Female\HumanFemale.m2,patch.MPQ,1,1,0,0,0,0,4,,0:2;0:0;4:1;5:1;7:2;13:1;15:1,NONE,NONE,0,NONE,NONE,NONE,0,NONE,NONE,none-authored,NONE,1,skin=id341@row352/flags0x0|face=id351@row364/flags0x0|hair=id501@row514/flags0x0|facial=NONE,Ready,11873,157.0483,152.4713,hair style 0/0 -> geoset variant 2 (DBC match)
player:human-female:facial-hair:5,player:human-female:facial-hair:5,players,0,0,-1,-1,facial-hair,NONE,Character\Human\Female\HumanFemaleSkin00_00.blp,Character\Human\Female\HumanFemaleSkin00_00.blp,texture.MPQ,false,NONE,NONE,false,NONE,,Character\Human\Female\HumanFemale.m2,patch.MPQ,1,1,0,0,0,0,5,,0:2;0:0;4:1;5:1;7:2;13:1;15:1,NONE,NONE,0,NONE,NONE,NONE,0,NONE,NONE,none-authored,NONE,1,skin=id341@row352/flags0x0|face=id351@row364/flags0x0|hair=id501@row514/flags0x0|facial=NONE,Ready,11873,157.0483,150.9324,hair style 0/0 -> geoset variant 2 (DBC match)
player:human-female:facial-hair:6,player:human-female:facial-hair:6,players,0,0,-1,-1,facial-hair,NONE,Character\Human\Female\HumanFemaleSkin00_00.blp,Character\Human\Female\HumanFemaleSkin00_00.blp,texture.MPQ,false,NONE,NONE,false,NONE,,Character\Human\Female\HumanFemale.m2,patch.MPQ,1,1,0,0,0,0,6,,0:2;0:0;4:1;5:1;7:2;13:1;15:1,NONE,NONE,0,NONE,NONE,NONE,0,NONE,NONE,none-authored,NONE,1,skin=id341@row352/flags0x0|face=id351@row364/flags0x0|hair=id501@row514/flags0x0|facial=NONE,Ready,11873,157.0483,151.5239,hair style 0/0 -> geoset variant 2 (DBC match)
player:orc-male:base,player:orc-male:base,players,0,0,-1,-1,base,NONE,Character\Orc\Male\OrcMaleSkin00_00.blp,Character\Orc\Male\OrcMaleSkin00_00.blp,texture.MPQ,false,NONE,NONE,false,NONE,,Character\Orc\Male\OrcMale.m2,patch.MPQ,2,0,0,0,0,0,0,,0:0;0:2;4:1;5:1;7:2;13:1;15:1,NONE,NONE,0,NONE,NONE,NONE,0,NONE,NONE,none-authored,NONE,1,skin=id701@row714/flags0x0|face=id710@row728/flags0x0|hair=id4161@row897/flags0x0|hair-substitute=id4169@row905/flags0x0|facial=id3829@row809/flags0x0,Ready,38753,83.9951,179.7127,hair style 0/0 -> geoset variant 2 (fallback - may not cover the scalp)
player:orc-male:skin:1,player:orc-male:skin:1,players,0,0,-1,-1,skin,NONE,Character\Orc\Male\OrcMaleSkin00_01.blp,Character\Orc\Male\OrcMaleSkin00_01.blp,texture.MPQ,false,NONE,NONE,false,NONE,,Character\Orc\Male\OrcMale.m2,patch.MPQ,2,0,1,0,0,0,0,,0:0;0:2;4:1;5:1;7:2;13:1;15:1,NONE,NONE,0,NONE,NONE,NONE,0,NONE,NONE,none-authored,NONE,1,skin=id702@row715/flags0x0|face=id711@row729/flags0x0|hair=id4161@row897/flags0x0|hair-substitute=id4169@row905/flags0x0|facial=id3829@row809/flags0x0,Ready,38753,95.781,152.1621,hair style 0/0 -> geoset variant 2 (fallback - may not cover the scalp)
player:orc-male:skin:2,player:orc-male:skin:2,players,0,0,-1,-1,skin,NONE,Character\Orc\Male\OrcMaleSkin00_02.blp,Character\Orc\Male\OrcMaleSkin00_02.blp,texture.MPQ,false,NONE,NONE,false,NONE,,Character\Orc\Male\OrcMale.m2,patch.MPQ,2,0,2,0,0,0,0,,0:0;0:2;4:1;5:1;7:2;13:1;15:1,NONE,NONE,0,NONE,NONE,NONE,0,NONE,NONE,none-authored,NONE,1,skin=id703@row716/flags0x0|face=id712@row730/flags0x0|hair=id4161@row897/flags0x0|hair-substitute=id4169@row905/flags0x0|facial=id3829@row809/flags0x0,Ready,38753,107.3122,154.6862,hair style 0/0 -> geoset variant 2 (fallback - may not cover the scalp)
player:orc-male:skin:3,player:orc-male:skin:3,players,0,0,-1,-1,skin,NONE,Character\Orc\Male\OrcMaleSkin00_03.blp,Character\Orc\Male\OrcMaleSkin00_03.blp,texture.MPQ,false,NONE,NONE,false,NONE,,Character\Orc\Male\OrcMale.m2,patch.MPQ,2,0,3,0,0,0,0,,0:0;0:2;4:1;5:1;7:2;13:1;15:1,NONE,NONE,0,NONE,NONE,NONE,0,NONE,NONE,none-authored,NONE,1,skin=id704@row717/flags0x0|face=id713@row731/flags0x0|hair=id4161@row897/flags0x0|hair-substitute=id4169@row905/flags0x0|facial=id3829@row809/flags0x0,Ready,38753,84.0358,159.1297,hair style 0/0 -> geoset variant 2 (fallback - may not cover the scalp)
player:orc-male:skin:4,player:orc-male:skin:4,players,0,0,-1,-1,skin,NONE,Character\Orc\Male\OrcMaleSkin00_04.blp,Character\Orc\Male\OrcMaleSkin00_04.blp,texture.MPQ,false,NONE,NONE,false,NONE,,Character\Orc\Male\OrcMale.m2,patch.MPQ,2,0,4,0,0,0,0,,0:0;0:2;4:1;5:1;7:2;13:1;15:1,NONE,NONE,0,NONE,NONE,NONE,0,NONE,NONE,none-authored,NONE,1,skin=id705@row718/flags0x0|face=id714@row732/flags0x0|hair=id4161@row897/flags0x0|hair-substitute=id4169@row905/flags0x0|facial=id3829@row809/flags0x0,Ready,38753,97.2222,156.1815,hair style 0/0 -> geoset variant 2 (fallback - may not cover the scalp)
player:orc-male:skin:5,player:orc-male:skin:5,players,0,0,-1,-1,skin,NONE,Character\Orc\Male\OrcMaleSkin00_05.blp,Character\Orc\Male\OrcMaleSkin00_05.blp,texture.MPQ,false,NONE,NONE,false,NONE,,Character\Orc\Male\OrcMale.m2,patch.MPQ,2,0,5,0,0,0,0,,0:0;0:2;4:1;5:1;7:2;13:1;15:1,NONE,NONE,0,NONE,NONE,NONE,0,NONE,NONE,none-authored,NONE,0,skin=id706@row719/flags0x0|face=id715@row733/flags0x0|hair=id4161@row897/flags0x0|hair-substitute=id4169@row905/flags0x0|facial=id3829@row809/flags0x0,Ready,38753,109.2063,155.2228,hair style 0/0 -> geoset variant 2 (fallback - may not cover the scalp)
player:orc-male:skin:6,player:orc-male:skin:6,players,0,0,-1,-1,skin,NONE,Character\Orc\Male\OrcMaleSkin00_06.blp,Character\Orc\Male\OrcMaleSkin00_06.blp,texture.MPQ,false,NONE,NONE,false,NONE,,Character\Orc\Male\OrcMale.m2,patch.MPQ,2,0,6,0,0,0,0,,0:0;0:2;4:1;5:1;7:2;13:1;15:1,NONE,NONE,0,NONE,NONE,NONE,0,NONE,NONE,none-authored,NONE,0,skin=id707@row720/flags0x0|face=id716@row734/flags0x0|hair=id4161@row897/flags0x0|hair-substitute=id4169@row905/flags0x0|facial=id3829@row809/flags0x0,Ready,38753,86.5391,155.2801,hair style 0/0 -> geoset variant 2 (fallback - may not cover the scalp)
player:orc-male:skin:7,player:orc-male:skin:7,players,0,0,-1,-1,skin,NONE,Character\Orc\Male\OrcMaleSkin00_07.blp,Character\Orc\Male\OrcMaleSkin00_07.blp,texture.MPQ,false,NONE,NONE,false,NONE,,Character\Orc\Male\OrcMale.m2,patch.MPQ,2,0,7,0,0,0,0,,0:0;0:2;4:1;5:1;7:2;13:1;15:1,NONE,NONE,0,NONE,NONE,NONE,0,NONE,NONE,none-authored,NONE,0,skin=id708@row721/flags0x0|face=id717@row735/flags0x0|hair=id4161@row897/flags0x0|hair-substitute=id4169@row905/flags0x0|facial=id3829@row809/flags0x0,Ready,38753,88.5174,153.5495,hair style 0/0 -> geoset variant 2 (fallback - may not cover the scalp)
player:orc-male:skin:8,player:orc-male:skin:8,players,0,0,-1,-1,skin,NONE,Character\Orc\Male\OrcMaleSkin00_08.blp,Character\Orc\Male\OrcMaleSkin00_08.blp,texture.MPQ,false,NONE,NONE,false,NONE,,Character\Orc\Male\OrcMale.m2,patch.MPQ,2,0,8,0,0,0,0,,0:0;0:2;4:1;5:1;7:2;13:1;15:1,NONE,NONE,0,NONE,NONE,NONE,0,NONE,NONE,none-authored,NONE,0,skin=id709@row722/flags0x0|face=id718@row736/flags0x0|hair=id4161@row897/flags0x0|hair-substitute=id4169@row905/flags0x0|facial=id3829@row809/flags0x0,Ready,38753,97.3166,155.3065,hair style 0/0 -> geoset variant 2 (fallback - may not cover the scalp)
player:orc-male:face:1,player:orc-male:face:1,players,0,0,-1,-1,face,NONE,Character\Orc\Male\OrcMaleSkin00_00.blp,Character\Orc\Male\OrcMaleSkin00_00.blp,texture.MPQ,false,NONE,NONE,false,NONE,,Character\Orc\Male\OrcMale.m2,patch.MPQ,2,0,0,1,0,0,0,,0:0;0:2;4:1;5:1;7:2;13:1;15:1,NONE,NONE,0,NONE,NONE,NONE,0,NONE,NONE,none-authored,NONE,1,skin=id701@row714/flags0x0|face=id719@row737/flags0x0|hair=id4161@row897/flags0x0|hair-substitute=id4169@row905/flags0x0|facial=id3829@row809/flags0x0,Ready,38753,83.8787,162.1255,hair style 0/0 -> geoset variant 2 (fallback - may not cover the scalp)
player:orc-male:face:2,player:orc-male:face:2,players,0,0,-1,-1,face,NONE,Character\Orc\Male\OrcMaleSkin00_00.blp,Character\Orc\Male\OrcMaleSkin00_00.blp,texture.MPQ,false,NONE,NONE,false,NONE,,Character\Orc\Male\OrcMale.m2,patch.MPQ,2,0,0,2,0,0,0,,0:0;0:2;4:1;5:1;7:2;13:1;15:1,NONE,NONE,0,NONE,NONE,NONE,0,NONE,NONE,none-authored,NONE,1,skin=id701@row714/flags0x0|face=id728@row746/flags0x0|hair=id4161@row897/flags0x0|hair-substitute=id4169@row905/flags0x0|facial=id3829@row809/flags0x0,Ready,38753,83.8409,156.6052,hair style 0/0 -> geoset variant 2 (fallback - may not cover the scalp)
player:orc-male:face:3,player:orc-male:face:3,players,0,0,-1,-1,face,NONE,Character\Orc\Male\OrcMaleSkin00_00.blp,Character\Orc\Male\OrcMaleSkin00_00.blp,texture.MPQ,false,NONE,NONE,false,NONE,,Character\Orc\Male\OrcMale.m2,patch.MPQ,2,0,0,3,0,0,0,,0:0;0:2;4:1;5:1;7:2;13:1;15:1,NONE,NONE,0,NONE,NONE,NONE,0,NONE,NONE,none-authored,NONE,1,skin=id701@row714/flags0x0|face=id737@row755/flags0x0|hair=id4161@row897/flags0x0|hair-substitute=id4169@row905/flags0x0|facial=id3829@row809/flags0x0,Ready,38753,83.3279,154.0345,hair style 0/0 -> geoset variant 2 (fallback - may not cover the scalp)
player:orc-male:face:4,player:orc-male:face:4,players,0,0,-1,-1,face,NONE,Character\Orc\Male\OrcMaleSkin00_00.blp,Character\Orc\Male\OrcMaleSkin00_00.blp,texture.MPQ,false,NONE,NONE,false,NONE,,Character\Orc\Male\OrcMale.m2,patch.MPQ,2,0,0,4,0,0,0,,0:0;0:2;4:1;5:1;7:2;13:1;15:1,NONE,NONE,0,NONE,NONE,NONE,0,NONE,NONE,none-authored,NONE,1,skin=id701@row714/flags0x0|face=id746@row764/flags0x0|hair=id4161@row897/flags0x0|hair-substitute=id4169@row905/flags0x0|facial=id3829@row809/flags0x0,Ready,38753,83.8596,153.6184,hair style 0/0 -> geoset variant 2 (fallback - may not cover the scalp)
player:orc-male:face:5,player:orc-male:face:5,players,0,0,-1,-1,face,NONE,Character\Orc\Male\OrcMaleSkin00_00.blp,Character\Orc\Male\OrcMaleSkin00_00.blp,texture.MPQ,false,NONE,NONE,false,NONE,,Character\Orc\Male\OrcMale.m2,patch.MPQ,2,0,0,5,0,0,0,,0:0;0:2;4:1;5:1;7:2;13:1;15:1,NONE,NONE,0,NONE,NONE,NONE,0,NONE,NONE,none-authored,NONE,1,skin=id701@row714/flags0x0|face=id755@row773/flags0x0|hair=id4161@row897/flags0x0|hair-substitute=id4169@row905/flags0x0|facial=id3829@row809/flags0x0,Ready,38753,84.4648,156.6022,hair style 0/0 -> geoset variant 2 (fallback - may not cover the scalp)
player:orc-male:face:6,player:orc-male:face:6,players,0,0,-1,-1,face,NONE,Character\Orc\Male\OrcMaleSkin00_00.blp,Character\Orc\Male\OrcMaleSkin00_00.blp,texture.MPQ,false,NONE,NONE,false,NONE,,Character\Orc\Male\OrcMale.m2,patch.MPQ,2,0,0,6,0,0,0,,0:0;0:2;4:1;5:1;7:2;13:1;15:1,NONE,NONE,0,NONE,NONE,NONE,0,NONE,NONE,none-authored,NONE,1,skin=id701@row714/flags0x0|face=id764@row782/flags0x0|hair=id4161@row897/flags0x0|hair-substitute=id4169@row905/flags0x0|facial=id3829@row809/flags0x0,Ready,38753,83.9811,153.5802,hair style 0/0 -> geoset variant 2 (fallback - may not cover the scalp)
player:orc-male:face:7,player:orc-male:face:7,players,0,0,-1,-1,face,NONE,Character\Orc\Male\OrcMaleSkin00_00.blp,Character\Orc\Male\OrcMaleSkin00_00.blp,texture.MPQ,false,NONE,NONE,false,NONE,,Character\Orc\Male\OrcMale.m2,patch.MPQ,2,0,0,7,0,0,0,,0:0;0:2;4:1;5:1;7:2;13:1;15:1,NONE,NONE,0,NONE,NONE,NONE,0,NONE,NONE,none-authored,NONE,1,skin=id701@row714/flags0x0|face=id773@row791/flags0x0|hair=id4161@row897/flags0x0|hair-substitute=id4169@row905/flags0x0|facial=id3829@row809/flags0x0,Ready,38753,83.8575,170.8233,hair style 0/0 -> geoset variant 2 (fallback - may not cover the scalp)
player:orc-male:face:8,player:orc-male:face:8,players,0,0,-1,-1,face,NONE,Character\Orc\Male\OrcMaleSkin00_00.blp,Character\Orc\Male\OrcMaleSkin00_00.blp,texture.MPQ,false,NONE,NONE,false,NONE,,Character\Orc\Male\OrcMale.m2,patch.MPQ,2,0,0,8,0,0,0,,0:0;0:2;4:1;5:1;7:2;13:1;15:1,NONE,NONE,0,NONE,NONE,NONE,0,NONE,NONE,none-authored,NONE,1,skin=id701@row714/flags0x0|face=id782@row800/flags0x0|hair=id4161@row897/flags0x0|hair-substitute=id4169@row905/flags0x0|facial=id3829@row809/flags0x0,Ready,38753,83.817,153.3261,hair style 0/0 -> geoset variant 2 (fallback - may not cover the scalp)
player:orc-male:hair-style:1,player:orc-male:hair-style:1,players,0,0,-1,-1,hair-style,NONE,Character\Orc\Male\OrcMaleSkin00_00.blp,Character\Orc\Male\OrcMaleSkin00_00.blp,texture.MPQ,false,NONE,NONE,false,NONE,,Character\Orc\Male\OrcMale.m2,patch.MPQ,2,0,0,0,1,0,0,,0:0;0:2;4:1;5:1;7:2;13:1;15:1,NONE,NONE,0,NONE,NONE,NONE,0,NONE,NONE,none-authored,NONE,1,skin=id701@row714/flags0x0|face=id710@row728/flags0x0|hair=id4169@row905/flags0x0|facial=id3829@row809/flags0x0,Ready,38753,83.9962,155.8112,hair style 1/0 -> geoset variant 2 (DBC match)
player:orc-male:hair-style:2,player:orc-male:hair-style:2,players,0,0,-1,-1,hair-style,NONE,Character\Orc\Male\OrcMaleSkin00_00.blp,Character\Orc\Male\OrcMaleSkin00_00.blp,texture.MPQ,false,NONE,NONE,false,NONE,,Character\Orc\Male\OrcMale.m2,patch.MPQ,2,0,0,0,2,0,0,,0:0;0:3;4:1;5:1;7:2;13:1;15:1,NONE,NONE,0,NONE,NONE,NONE,0,NONE,NONE,none-authored,NONE,1,skin=id701@row714/flags0x0|face=id710@row728/flags0x0|hair=id4177@row913/flags0x0|facial=id3829@row809/flags0x0,Ready,38424,84.5397,156.104,hair style 2/0 -> geoset variant 3 (DBC match)
player:orc-male:hair-style:3,player:orc-male:hair-style:3,players,0,0,-1,-1,hair-style,NONE,Character\Orc\Male\OrcMaleSkin00_00.blp,Character\Orc\Male\OrcMaleSkin00_00.blp,texture.MPQ,false,NONE,NONE,false,NONE,,Character\Orc\Male\OrcMale.m2,patch.MPQ,2,0,0,0,3,0,0,,0:0;0:4;4:1;5:1;7:2;13:1;15:1,NONE,NONE,0,NONE,NONE,NONE,0,NONE,NONE,none-authored,NONE,1,skin=id701@row714/flags0x0|face=id710@row728/flags0x0|hair=id4185@row921/flags0x0|facial=id3829@row809/flags0x0,Ready,38608,83.3855,156.2066,hair style 3/0 -> geoset variant 4 (DBC match)
player:orc-male:hair-style:4,player:orc-male:hair-style:4,players,0,0,-1,-1,hair-style,NONE,Character\Orc\Male\OrcMaleSkin00_00.blp,Character\Orc\Male\OrcMaleSkin00_00.blp,texture.MPQ,false,NONE,NONE,false,NONE,,Character\Orc\Male\OrcMale.m2,patch.MPQ,2,0,0,0,4,0,0,,0:0;0:5;4:1;5:1;7:2;13:1;15:1,NONE,NONE,0,NONE,NONE,NONE,0,NONE,NONE,none-authored,NONE,1,skin=id701@row714/flags0x0|face=id710@row728/flags0x0|hair=id4193@row929/flags0x0|facial=id3829@row809/flags0x0,Ready,38639,83.0425,154.753,hair style 4/0 -> geoset variant 5 (DBC match)
player:orc-male:hair-style:5,player:orc-male:hair-style:5,players,0,0,-1,-1,hair-style,NONE,Character\Orc\Male\OrcMaleSkin00_00.blp,Character\Orc\Male\OrcMaleSkin00_00.blp,texture.MPQ,false,NONE,NONE,false,NONE,,Character\Orc\Male\OrcMale.m2,patch.MPQ,2,0,0,0,5,0,0,,0:0;0:6;4:1;5:1;7:2;13:1;15:1,NONE,NONE,0,NONE,NONE,NONE,0,NONE,NONE,none-authored,NONE,1,skin=id701@row714/flags0x0|face=id710@row728/flags0x0|hair=id4201@row937/flags0x0|facial=id3829@row809/flags0x0,Ready,38584,82.0737,3166.9568,hair style 5/0 -> geoset variant 6 (DBC match)
player:orc-male:hair-style:6,player:orc-male:hair-style:6,players,0,0,-1,-1,hair-style,NONE,Character\Orc\Male\OrcMaleSkin00_00.blp,Character\Orc\Male\OrcMaleSkin00_00.blp,texture.MPQ,false,NONE,NONE,false,NONE,,Character\Orc\Male\OrcMale.m2,patch.MPQ,2,0,0,0,6,0,0,,0:0;0:7;4:1;5:1;7:2;13:1;15:1,NONE,NONE,0,NONE,NONE,NONE,0,NONE,NONE,none-authored,NONE,1,skin=id701@row714/flags0x0|face=id710@row728/flags0x0|hair=id4209@row945/flags0x0|facial=id3829@row809/flags0x0,Ready,38152,84.9175,157.7874,hair style 6/0 -> geoset variant 7 (DBC match)
player:orc-male:hair-color:1,player:orc-male:hair-color:1,players,0,0,-1,-1,hair-color,NONE,Character\Orc\Male\OrcMaleSkin00_00.blp,Character\Orc\Male\OrcMaleSkin00_00.blp,texture.MPQ,false,NONE,NONE,false,NONE,,Character\Orc\Male\OrcMale.m2,patch.MPQ,2,0,0,0,0,1,0,,0:0;0:2;4:1;5:1;7:2;13:1;15:1,NONE,NONE,0,NONE,NONE,NONE,0,NONE,NONE,none-authored,NONE,1,skin=id701@row714/flags0x0|face=id710@row728/flags0x0|hair=id4162@row898/flags0x0|hair-substitute=id4170@row906/flags0x0|facial=id3830@row810/flags0x0,Ready,38753,83.9843,165.4217,hair style 0/1 -> geoset variant 2 (fallback - may not cover the scalp)
player:orc-male:hair-color:2,player:orc-male:hair-color:2,players,0,0,-1,-1,hair-color,NONE,Character\Orc\Male\OrcMaleSkin00_00.blp,Character\Orc\Male\OrcMaleSkin00_00.blp,texture.MPQ,false,NONE,NONE,false,NONE,,Character\Orc\Male\OrcMale.m2,patch.MPQ,2,0,0,0,0,2,0,,0:0;0:2;4:1;5:1;7:2;13:1;15:1,NONE,NONE,0,NONE,NONE,NONE,0,NONE,NONE,none-authored,NONE,1,skin=id701@row714/flags0x0|face=id710@row728/flags0x0|hair=id4163@row899/flags0x0|hair-substitute=id4171@row907/flags0x0|facial=id3831@row811/flags0x0,Ready,38753,83.9981,153.9769,hair style 0/2 -> geoset variant 2 (fallback - may not cover the scalp)
player:orc-male:hair-color:3,player:orc-male:hair-color:3,players,0,0,-1,-1,hair-color,NONE,Character\Orc\Male\OrcMaleSkin00_00.blp,Character\Orc\Male\OrcMaleSkin00_00.blp,texture.MPQ,false,NONE,NONE,false,NONE,,Character\Orc\Male\OrcMale.m2,patch.MPQ,2,0,0,0,0,3,0,,0:0;0:2;4:1;5:1;7:2;13:1;15:1,NONE,NONE,0,NONE,NONE,NONE,0,NONE,NONE,none-authored,NONE,1,skin=id701@row714/flags0x0|face=id710@row728/flags0x0|hair=id4164@row900/flags0x0|hair-substitute=id4172@row908/flags0x0|facial=id3832@row812/flags0x0,Ready,38753,84.0701,153.0891,hair style 0/3 -> geoset variant 2 (fallback - may not cover the scalp)
player:orc-male:hair-color:4,player:orc-male:hair-color:4,players,0,0,-1,-1,hair-color,NONE,Character\Orc\Male\OrcMaleSkin00_00.blp,Character\Orc\Male\OrcMaleSkin00_00.blp,texture.MPQ,false,NONE,NONE,false,NONE,,Character\Orc\Male\OrcMale.m2,patch.MPQ,2,0,0,0,0,4,0,,0:0;0:2;4:1;5:1;7:2;13:1;15:1,NONE,NONE,0,NONE,NONE,NONE,0,NONE,NONE,none-authored,NONE,1,skin=id701@row714/flags0x0|face=id710@row728/flags0x0|hair=id4165@row901/flags0x0|hair-substitute=id4173@row909/flags0x0|facial=id3833@row813/flags0x0,Ready,38753,84.0382,152.9933,hair style 0/4 -> geoset variant 2 (fallback - may not cover the scalp)
player:orc-male:hair-color:5,player:orc-male:hair-color:5,players,0,0,-1,-1,hair-color,NONE,Character\Orc\Male\OrcMaleSkin00_00.blp,Character\Orc\Male\OrcMaleSkin00_00.blp,texture.MPQ,false,NONE,NONE,false,NONE,,Character\Orc\Male\OrcMale.m2,patch.MPQ,2,0,0,0,0,5,0,,0:0;0:2;4:1;5:1;7:2;13:1;15:1,NONE,NONE,0,NONE,NONE,NONE,0,NONE,NONE,none-authored,NONE,1,skin=id701@row714/flags0x0|face=id710@row728/flags0x0|hair=id4166@row902/flags0x0|hair-substitute=id4174@row910/flags0x0|facial=id3834@row814/flags0x0,Ready,38753,84.028,154.4874,hair style 0/5 -> geoset variant 2 (fallback - may not cover the scalp)
player:orc-male:hair-color:6,player:orc-male:hair-color:6,players,0,0,-1,-1,hair-color,NONE,Character\Orc\Male\OrcMaleSkin00_00.blp,Character\Orc\Male\OrcMaleSkin00_00.blp,texture.MPQ,false,NONE,NONE,false,NONE,,Character\Orc\Male\OrcMale.m2,patch.MPQ,2,0,0,0,0,6,0,,0:0;0:2;4:1;5:1;7:2;13:1;15:1,NONE,NONE,0,NONE,NONE,NONE,0,NONE,NONE,none-authored,NONE,1,skin=id701@row714/flags0x0|face=id710@row728/flags0x0|hair=id4167@row903/flags0x0|hair-substitute=id4175@row911/flags0x0|facial=id3835@row815/flags0x0,Ready,38753,84.6052,154.8064,hair style 0/6 -> geoset variant 2 (fallback - may not cover the scalp)
player:orc-male:hair-color:7,player:orc-male:hair-color:7,players,0,0,-1,-1,hair-color,NONE,Character\Orc\Male\OrcMaleSkin00_00.blp,Character\Orc\Male\OrcMaleSkin00_00.blp,texture.MPQ,false,NONE,NONE,false,NONE,,Character\Orc\Male\OrcMale.m2,patch.MPQ,2,0,0,0,0,7,0,,0:0;0:2;4:1;5:1;7:2;13:1;15:1,NONE,NONE,0,NONE,NONE,NONE,0,NONE,NONE,none-authored,NONE,1,skin=id701@row714/flags0x0|face=id710@row728/flags0x0|hair=id4168@row904/flags0x0|hair-substitute=id4176@row912/flags0x0|facial=id3836@row816/flags0x0,Ready,38753,85.3984,154.4466,hair style 0/7 -> geoset variant 2 (fallback - may not cover the scalp)
player:orc-male:facial-hair:1,player:orc-male:facial-hair:1,players,0,0,-1,-1,facial-hair,NONE,Character\Orc\Male\OrcMaleSkin00_00.blp,Character\Orc\Male\OrcMaleSkin00_00.blp,texture.MPQ,false,NONE,NONE,false,NONE,,Character\Orc\Male\OrcMale.m2,patch.MPQ,2,0,0,0,0,0,1,,0:0;0:2;4:1;5:1;7:2;13:1;15:1,NONE,NONE,0,NONE,NONE,NONE,0,NONE,NONE,none-authored,NONE,1,skin=id701@row714/flags0x0|face=id710@row728/flags0x0|hair=id4161@row897/flags0x0|hair-substitute=id4169@row905/flags0x0|facial=id791@row817/flags0x0,Ready,38753,83.7704,160.5314,hair style 0/0 -> geoset variant 2 (fallback - may not cover the scalp)
player:orc-male:facial-hair:2,player:orc-male:facial-hair:2,players,0,0,-1,-1,facial-hair,NONE,Character\Orc\Male\OrcMaleSkin00_00.blp,Character\Orc\Male\OrcMaleSkin00_00.blp,texture.MPQ,false,NONE,NONE,false,NONE,,Character\Orc\Male\OrcMale.m2,patch.MPQ,2,0,0,0,0,0,2,,0:0;0:2;4:1;5:1;7:2;13:1;15:1,NONE,NONE,0,NONE,NONE,NONE,0,NONE,NONE,none-authored,NONE,1,skin=id701@row714/flags0x0|face=id710@row728/flags0x0|hair=id4161@row897/flags0x0|hair-substitute=id4169@row905/flags0x0|facial=id799@row825/flags0x0,Ready,38753,83.6187,155.2959,hair style 0/0 -> geoset variant 2 (fallback - may not cover the scalp)
player:orc-male:facial-hair:3,player:orc-male:facial-hair:3,players,0,0,-1,-1,facial-hair,NONE,Character\Orc\Male\OrcMaleSkin00_00.blp,Character\Orc\Male\OrcMaleSkin00_00.blp,texture.MPQ,false,NONE,NONE,false,NONE,,Character\Orc\Male\OrcMale.m2,patch.MPQ,2,0,0,0,0,0,3,,0:0;0:2;4:1;5:1;7:2;13:1;15:1,NONE,NONE,0,NONE,NONE,NONE,0,NONE,NONE,none-authored,NONE,1,skin=id701@row714/flags0x0|face=id710@row728/flags0x0|hair=id4161@row897/flags0x0|hair-substitute=id4169@row905/flags0x0|facial=id807@row833/flags0x0,Ready,38753,83.5742,155.853,hair style 0/0 -> geoset variant 2 (fallback - may not cover the scalp)
player:orc-male:facial-hair:4,player:orc-male:facial-hair:4,players,0,0,-1,-1,facial-hair,NONE,Character\Orc\Male\OrcMaleSkin00_00.blp,Character\Orc\Male\OrcMaleSkin00_00.blp,texture.MPQ,false,NONE,NONE,false,NONE,,Character\Orc\Male\OrcMale.m2,patch.MPQ,2,0,0,0,0,0,4,,0:0;0:2;4:1;5:1;7:2;13:1;15:1,NONE,NONE,0,NONE,NONE,NONE,0,NONE,NONE,none-authored,NONE,1,skin=id701@row714/flags0x0|face=id710@row728/flags0x0|hair=id4161@row897/flags0x0|hair-substitute=id4169@row905/flags0x0|facial=id815@row841/flags0x0,Ready,38753,83.5742,154.9278,hair style 0/0 -> geoset variant 2 (fallback - may not cover the scalp)
player:orc-male:facial-hair:5,player:orc-male:facial-hair:5,players,0,0,-1,-1,facial-hair,NONE,Character\Orc\Male\OrcMaleSkin00_00.blp,Character\Orc\Male\OrcMaleSkin00_00.blp,texture.MPQ,false,NONE,NONE,false,NONE,,Character\Orc\Male\OrcMale.m2,patch.MPQ,2,0,0,0,0,0,5,,0:0;0:2;4:1;5:1;7:2;13:1;15:1,NONE,NONE,0,NONE,NONE,NONE,0,NONE,NONE,none-authored,NONE,1,skin=id701@row714/flags0x0|face=id710@row728/flags0x0|hair=id4161@row897/flags0x0|hair-substitute=id4169@row905/flags0x0|facial=id823@row849/flags0x0,Ready,38753,83.7675,156.3801,hair style 0/0 -> geoset variant 2 (fallback - may not cover the scalp)
player:orc-male:facial-hair:6,player:orc-male:facial-hair:6,players,0,0,-1,-1,facial-hair,NONE,Character\Orc\Male\OrcMaleSkin00_00.blp,Character\Orc\Male\OrcMaleSkin00_00.blp,texture.MPQ,false,NONE,NONE,false,NONE,,Character\Orc\Male\OrcMale.m2,patch.MPQ,2,0,0,0,0,0,6,,0:0;0:2;4:1;5:1;7:2;13:1;15:1,NONE,NONE,0,NONE,NONE,NONE,0,NONE,NONE,none-authored,NONE,1,skin=id701@row714/flags0x0|face=id710@row728/flags0x0|hair=id4161@row897/flags0x0|hair-substitute=id4169@row905/flags0x0|facial=id831@row857/flags0x0,Ready,38753,83.7675,155.1828,hair style 0/0 -> geoset variant 2 (fallback - may not cover the scalp)
player:orc-male:facial-hair:7,player:orc-male:facial-hair:7,players,0,0,-1,-1,facial-hair,NONE,Character\Orc\Male\OrcMaleSkin00_00.blp,Character\Orc\Male\OrcMaleSkin00_00.blp,texture.MPQ,false,NONE,NONE,false,NONE,,Character\Orc\Male\OrcMale.m2,patch.MPQ,2,0,0,0,0,0,7,,0:0;0:2;4:1;5:1;7:2;13:1;15:1,NONE,NONE,0,NONE,NONE,NONE,0,NONE,NONE,none-authored,NONE,1,skin=id701@row714/flags0x0|face=id710@row728/flags0x0|hair=id4161@row897/flags0x0|hair-substitute=id4169@row905/flags0x0|facial=id839@row865/flags0x0,Ready,38753,83.8089,160.7371,hair style 0/0 -> geoset variant 2 (fallback - may not cover the scalp)
player:orc-male:facial-hair:8,player:orc-male:facial-hair:8,players,0,0,-1,-1,facial-hair,NONE,Character\Orc\Male\OrcMaleSkin00_00.blp,Character\Orc\Male\OrcMaleSkin00_00.blp,texture.MPQ,false,NONE,NONE,false,NONE,,Character\Orc\Male\OrcMale.m2,patch.MPQ,2,0,0,0,0,0,8,,0:0;0:2;4:1;5:1;7:2;13:1;15:1,NONE,NONE,0,NONE,NONE,NONE,0,NONE,NONE,none-authored,NONE,1,skin=id701@row714/flags0x0|face=id710@row728/flags0x0|hair=id4161@row897/flags0x0|hair-substitute=id4169@row905/flags0x0|facial=id847@row873/flags0x0,Ready,38753,83.7675,154.8244,hair style 0/0 -> geoset variant 2 (fallback - may not cover the scalp)
player:orc-male:facial-hair:9,player:orc-male:facial-hair:9,players,0,0,-1,-1,facial-hair,NONE,Character\Orc\Male\OrcMaleSkin00_00.blp,Character\Orc\Male\OrcMaleSkin00_00.blp,texture.MPQ,false,NONE,NONE,false,NONE,,Character\Orc\Male\OrcMale.m2,patch.MPQ,2,0,0,0,0,0,9,,0:0;0:2;4:1;5:1;7:2;13:1;15:1,NONE,NONE,0,NONE,NONE,NONE,0,NONE,NONE,none-authored,NONE,1,skin=id701@row714/flags0x0|face=id710@row728/flags0x0|hair=id4161@row897/flags0x0|hair-substitute=id4169@row905/flags0x0|facial=id855@row881/flags0x0,Ready,38753,83.6629,155.2878,hair style 0/0 -> geoset variant 2 (fallback - may not cover the scalp)
player:orc-male:facial-hair:10,player:orc-male:facial-hair:10,players,0,0,-1,-1,facial-hair,NONE,Character\Orc\Male\OrcMaleSkin00_00.blp,Character\Orc\Male\OrcMaleSkin00_00.blp,texture.MPQ,false,NONE,NONE,false,NONE,,Character\Orc\Male\OrcMale.m2,patch.MPQ,2,0,0,0,0,0,10,,0:0;0:2;4:1;5:1;7:2;13:1;15:1,NONE,NONE,0,NONE,NONE,NONE,0,NONE,NONE,none-authored,NONE,1,skin=id701@row714/flags0x0|face=id710@row728/flags0x0|hair=id4161@row897/flags0x0|hair-substitute=id4169@row905/flags0x0|facial=id863@row889/flags0x0,Ready,38753,83.8089,156.5445,hair style 0/0 -> geoset variant 2 (fallback - may not cover the scalp)
player:orc-female:base,player:orc-female:base,players,0,0,-1,-1,base,NONE,Character\Orc\Female\OrcFemaleSkin00_00.blp,Character\Orc\Female\OrcFemaleSkin00_00.blp,texture.MPQ,false,NONE,NONE,false,NONE,,Character\Orc\Female\OrcFemale.m2,patch.MPQ,2,1,0,0,0,0,0,,0:0;0:2;4:1;5:1;7:2;13:1;15:1,NONE,NONE,0,NONE,NONE,NONE,0,NONE,NONE,none-authored,NONE,1,skin=id936@row962/flags0x0|face=id945@row972/flags0x0|hair=id1026@row1053/flags0x0|facial=NONE,Ready,16655,92.815,178.0904,hair style 0/0 -> geoset variant 2 (DBC match)
player:orc-female:skin:1,player:orc-female:skin:1,players,0,0,-1,-1,skin,NONE,Character\Orc\Female\OrcFemaleSkin00_01.blp,Character\Orc\Female\OrcFemaleSkin00_01.blp,texture.MPQ,false,NONE,NONE,false,NONE,,Character\Orc\Female\OrcFemale.m2,patch.MPQ,2,1,1,0,0,0,0,,0:0;0:2;4:1;5:1;7:2;13:1;15:1,NONE,NONE,0,NONE,NONE,NONE,0,NONE,NONE,none-authored,NONE,0,skin=id937@row963/flags0x0|face=id946@row973/flags0x0|hair=id1026@row1053/flags0x0|facial=NONE,Ready,16655,108.4626,150.4319,hair style 0/0 -> geoset variant 2 (DBC match)
player:orc-female:skin:2,player:orc-female:skin:2,players,0,0,-1,-1,skin,NONE,Character\Orc\Female\OrcFemaleSkin00_02.blp,Character\Orc\Female\OrcFemaleSkin00_02.blp,texture.MPQ,false,NONE,NONE,false,NONE,,Character\Orc\Female\OrcFemale.m2,patch.MPQ,2,1,2,0,0,0,0,,0:0;0:2;4:1;5:1;7:2;13:1;15:1,NONE,NONE,0,NONE,NONE,NONE,0,NONE,NONE,none-authored,NONE,0,skin=id938@row964/flags0x0|face=id947@row974/flags0x0|hair=id1026@row1053/flags0x0|facial=NONE,Ready,16655,118.2784,154.1331,hair style 0/0 -> geoset variant 2 (DBC match)
player:orc-female:skin:3,player:orc-female:skin:3,players,0,0,-1,-1,skin,NONE,Character\Orc\Female\OrcFemaleSkin00_03.blp,Character\Orc\Female\OrcFemaleSkin00_03.blp,texture.MPQ,false,NONE,NONE,false,NONE,,Character\Orc\Female\OrcFemale.m2,patch.MPQ,2,1,3,0,0,0,0,,0:0;0:2;4:1;5:1;7:2;13:1;15:1,NONE,NONE,0,NONE,NONE,NONE,0,NONE,NONE,none-authored,NONE,0,skin=id939@row965/flags0x0|face=id948@row975/flags0x0|hair=id1026@row1053/flags0x0|facial=NONE,Ready,16655,93.1106,158.9775,hair style 0/0 -> geoset variant 2 (DBC match)
player:orc-female:skin:4,player:orc-female:skin:4,players,0,0,-1,-1,skin,NONE,Character\Orc\Female\OrcFemaleSkin00_04.blp,Character\Orc\Female\OrcFemaleSkin00_04.blp,texture.MPQ,false,NONE,NONE,false,NONE,,Character\Orc\Female\OrcFemale.m2,patch.MPQ,2,1,4,0,0,0,0,,0:0;0:2;4:1;5:1;7:2;13:1;15:1,NONE,NONE,0,NONE,NONE,NONE,0,NONE,NONE,none-authored,NONE,0,skin=id940@row966/flags0x0|face=id949@row976/flags0x0|hair=id1026@row1053/flags0x0|facial=NONE,Ready,16655,101.0394,151.3017,hair style 0/0 -> geoset variant 2 (DBC match)
player:orc-female:skin:5,player:orc-female:skin:5,players,0,0,-1,-1,skin,NONE,Character\Orc\Female\OrcFemaleSkin00_05.blp,Character\Orc\Female\OrcFemaleSkin00_05.blp,texture.MPQ,false,NONE,NONE,false,NONE,,Character\Orc\Female\OrcFemale.m2,patch.MPQ,2,1,5,0,0,0,0,,0:0;0:2;4:1;5:1;7:2;13:1;15:1,NONE,NONE,0,NONE,NONE,NONE,0,NONE,NONE,none-authored,NONE,0,skin=id941@row967/flags0x0|face=id950@row977/flags0x0|hair=id1026@row1053/flags0x0|facial=NONE,Ready,16655,117.9628,230.6298,hair style 0/0 -> geoset variant 2 (DBC match)
player:orc-female:skin:6,player:orc-female:skin:6,players,0,0,-1,-1,skin,NONE,Character\Orc\Female\OrcFemaleSkin00_06.blp,Character\Orc\Female\OrcFemaleSkin00_06.blp,texture.MPQ,false,NONE,NONE,false,NONE,,Character\Orc\Female\OrcFemale.m2,patch.MPQ,2,1,6,0,0,0,0,,0:0;0:2;4:1;5:1;7:2;13:1;15:1,NONE,NONE,0,NONE,NONE,NONE,0,NONE,NONE,none-authored,NONE,0,skin=id942@row968/flags0x0|face=id951@row978/flags0x0|hair=id1026@row1053/flags0x0|facial=NONE,Ready,16655,97.6963,151.9981,hair style 0/0 -> geoset variant 2 (DBC match)
player:orc-female:skin:7,player:orc-female:skin:7,players,0,0,-1,-1,skin,NONE,Character\Orc\Female\OrcFemaleSkin00_07.blp,Character\Orc\Female\OrcFemaleSkin00_07.blp,texture.MPQ,false,NONE,NONE,false,NONE,,Character\Orc\Female\OrcFemale.m2,patch.MPQ,2,1,7,0,0,0,0,,0:0;0:2;4:1;5:1;7:2;13:1;15:1,NONE,NONE,0,NONE,NONE,NONE,0,NONE,NONE,none-authored,NONE,0,skin=id943@row969/flags0x0|face=id952@row979/flags0x0|hair=id1026@row1053/flags0x0|facial=NONE,Ready,16655,96.5925,152.8671,hair style 0/0 -> geoset variant 2 (DBC match)
player:orc-female:skin:8,player:orc-female:skin:8,players,0,0,-1,-1,skin,NONE,Character\Orc\Female\OrcFemaleSkin00_08.blp,Character\Orc\Female\OrcFemaleSkin00_08.blp,texture.MPQ,false,NONE,NONE,false,NONE,,Character\Orc\Female\OrcFemale.m2,patch.MPQ,2,1,8,0,0,0,0,,0:0;0:2;4:1;5:1;7:2;13:1;15:1,NONE,NONE,0,NONE,NONE,NONE,0,NONE,NONE,none-authored,NONE,0,skin=id944@row970/flags0x0|face=id953@row980/flags0x0|hair=id1026@row1053/flags0x0|facial=NONE,Ready,16655,112.7038,153.415,hair style 0/0 -> geoset variant 2 (DBC match)
player:orc-female:face:1,player:orc-female:face:1,players,0,0,-1,-1,face,NONE,Character\Orc\Female\OrcFemaleSkin00_00.blp,Character\Orc\Female\OrcFemaleSkin00_00.blp,texture.MPQ,false,NONE,NONE,false,NONE,,Character\Orc\Female\OrcFemale.m2,patch.MPQ,2,1,0,1,0,0,0,,0:0;0:2;4:1;5:1;7:2;13:1;15:1,NONE,NONE,0,NONE,NONE,NONE,0,NONE,NONE,none-authored,NONE,1,skin=id936@row962/flags0x0|face=id954@row981/flags0x0|hair=id1026@row1053/flags0x0|facial=NONE,Ready,16655,92.6144,159.1319,hair style 0/0 -> geoset variant 2 (DBC match)
player:orc-female:face:2,player:orc-female:face:2,players,0,0,-1,-1,face,NONE,Character\Orc\Female\OrcFemaleSkin00_00.blp,Character\Orc\Female\OrcFemaleSkin00_00.blp,texture.MPQ,false,NONE,NONE,false,NONE,,Character\Orc\Female\OrcFemale.m2,patch.MPQ,2,1,0,2,0,0,0,,0:0;0:2;4:1;5:1;7:2;13:1;15:1,NONE,NONE,0,NONE,NONE,NONE,0,NONE,NONE,none-authored,NONE,1,skin=id936@row962/flags0x0|face=id963@row990/flags0x0|hair=id1026@row1053/flags0x0|facial=NONE,Ready,16655,92.7079,151.321,hair style 0/0 -> geoset variant 2 (DBC match)
player:orc-female:face:3,player:orc-female:face:3,players,0,0,-1,-1,face,NONE,Character\Orc\Female\OrcFemaleSkin00_00.blp,Character\Orc\Female\OrcFemaleSkin00_00.blp,texture.MPQ,false,NONE,NONE,false,NONE,,Character\Orc\Female\OrcFemale.m2,patch.MPQ,2,1,0,3,0,0,0,,0:0;0:2;4:1;5:1;7:2;13:1;15:1,NONE,NONE,0,NONE,NONE,NONE,0,NONE,NONE,none-authored,NONE,1,skin=id936@row962/flags0x0|face=id972@row999/flags0x0|hair=id1026@row1053/flags0x0|facial=NONE,Ready,16655,92.5645,152.978,hair style 0/0 -> geoset variant 2 (DBC match)
player:orc-female:face:4,player:orc-female:face:4,players,0,0,-1,-1,face,NONE,Character\Orc\Female\OrcFemaleSkin00_00.blp,Character\Orc\Female\OrcFemaleSkin00_00.blp,texture.MPQ,false,NONE,NONE,false,NONE,,Character\Orc\Female\OrcFemale.m2,patch.MPQ,2,1,0,4,0,0,0,,0:0;0:2;4:1;5:1;7:2;13:1;15:1,NONE,NONE,0,NONE,NONE,NONE,0,NONE,NONE,none-authored,NONE,1,skin=id936@row962/flags0x0|face=id981@row1008/flags0x0|hair=id1026@row1053/flags0x0|facial=NONE,Ready,16655,92.783,152.0899,hair style 0/0 -> geoset variant 2 (DBC match)
player:orc-female:face:5,player:orc-female:face:5,players,0,0,-1,-1,face,NONE,Character\Orc\Female\OrcFemaleSkin00_00.blp,Character\Orc\Female\OrcFemaleSkin00_00.blp,texture.MPQ,false,NONE,NONE,false,NONE,,Character\Orc\Female\OrcFemale.m2,patch.MPQ,2,1,0,5,0,0,0,,0:0;0:2;4:1;5:1;7:2;13:1;15:1,NONE,NONE,0,NONE,NONE,NONE,0,NONE,NONE,none-authored,NONE,1,skin=id936@row962/flags0x0|face=id990@row1017/flags0x0|hair=id1026@row1053/flags0x0|facial=NONE,Ready,16655,92.7068,152.288,hair style 0/0 -> geoset variant 2 (DBC match)
player:orc-female:face:6,player:orc-female:face:6,players,0,0,-1,-1,face,NONE,Character\Orc\Female\OrcFemaleSkin00_00.blp,Character\Orc\Female\OrcFemaleSkin00_00.blp,texture.MPQ,false,NONE,NONE,false,NONE,,Character\Orc\Female\OrcFemale.m2,patch.MPQ,2,1,0,6,0,0,0,,0:0;0:2;4:1;5:1;7:2;13:1;15:1,NONE,NONE,0,NONE,NONE,NONE,0,NONE,NONE,none-authored,NONE,1,skin=id936@row962/flags0x0|face=id999@row1026/flags0x0|hair=id1026@row1053/flags0x0|facial=NONE,Ready,16655,92.6992,152.2074,hair style 0/0 -> geoset variant 2 (DBC match)
player:orc-female:face:7,player:orc-female:face:7,players,0,0,-1,-1,face,NONE,Character\Orc\Female\OrcFemaleSkin00_00.blp,Character\Orc\Female\OrcFemaleSkin00_00.blp,texture.MPQ,false,NONE,NONE,false,NONE,,Character\Orc\Female\OrcFemale.m2,patch.MPQ,2,1,0,7,0,0,0,,0:0;0:2;4:1;5:1;7:2;13:1;15:1,NONE,NONE,0,NONE,NONE,NONE,0,NONE,NONE,none-authored,NONE,1,skin=id936@row962/flags0x0|face=id1008@row1035/flags0x0|hair=id1026@row1053/flags0x0|facial=NONE,Ready,16655,92.7299,159.4298,hair style 0/0 -> geoset variant 2 (DBC match)
player:orc-female:face:8,player:orc-female:face:8,players,0,0,-1,-1,face,NONE,Character\Orc\Female\OrcFemaleSkin00_00.blp,Character\Orc\Female\OrcFemaleSkin00_00.blp,texture.MPQ,false,NONE,NONE,false,NONE,,Character\Orc\Female\OrcFemale.m2,patch.MPQ,2,1,0,8,0,0,0,,0:0;0:2;4:1;5:1;7:2;13:1;15:1,NONE,NONE,0,NONE,NONE,NONE,0,NONE,NONE,none-authored,NONE,1,skin=id936@row962/flags0x0|face=id1017@row1044/flags0x0|hair=id1026@row1053/flags0x0|facial=NONE,Ready,16655,92.9571,152.0224,hair style 0/0 -> geoset variant 2 (DBC match)
player:orc-female:hair-style:1,player:orc-female:hair-style:1,players,0,0,-1,-1,hair-style,NONE,Character\Orc\Female\OrcFemaleSkin00_00.blp,Character\Orc\Female\OrcFemaleSkin00_00.blp,texture.MPQ,false,NONE,NONE,false,NONE,,Character\Orc\Female\OrcFemale.m2,patch.MPQ,2,1,0,0,1,0,0,,0:0;0:3;4:1;5:1;7:2;13:1;15:1,NONE,NONE,0,NONE,NONE,NONE,0,NONE,NONE,none-authored,NONE,1,skin=id936@row962/flags0x0|face=id945@row972/flags0x0|hair=id1034@row1061/flags0x0|facial=NONE,Ready,16588,93.1025,152.8487,hair style 1/0 -> geoset variant 3 (DBC match)
player:orc-female:hair-style:2,player:orc-female:hair-style:2,players,0,0,-1,-1,hair-style,NONE,Character\Orc\Female\OrcFemaleSkin00_00.blp,Character\Orc\Female\OrcFemaleSkin00_00.blp,texture.MPQ,false,NONE,NONE,false,NONE,,Character\Orc\Female\OrcFemale.m2,patch.MPQ,2,1,0,0,2,0,0,,0:0;0:4;4:1;5:1;7:2;13:1;15:1,NONE,NONE,0,NONE,NONE,NONE,0,NONE,NONE,none-authored,NONE,1,skin=id936@row962/flags0x0|face=id945@row972/flags0x0|hair=id1042@row1069/flags0x0|facial=NONE,Ready,16749,91.2587,151.574,hair style 2/0 -> geoset variant 4 (DBC match)
player:orc-female:hair-style:3,player:orc-female:hair-style:3,players,0,0,-1,-1,hair-style,NONE,Character\Orc\Female\OrcFemaleSkin00_00.blp,Character\Orc\Female\OrcFemaleSkin00_00.blp,texture.MPQ,false,NONE,NONE,false,NONE,,Character\Orc\Female\OrcFemale.m2,patch.MPQ,2,1,0,0,3,0,0,,0:0;0:5;4:1;5:1;7:2;13:1;15:1,NONE,NONE,0,NONE,NONE,NONE,0,NONE,NONE,none-authored,NONE,1,skin=id936@row962/flags0x0|face=id945@row972/flags0x0|hair=id1050@row1077/flags0x0|facial=NONE,Ready,16645,92.5144,152.1427,hair style 3/0 -> geoset variant 5 (DBC match)
player:orc-female:hair-style:4,player:orc-female:hair-style:4,players,0,0,-1,-1,hair-style,NONE,Character\Orc\Female\OrcFemaleSkin00_00.blp,Character\Orc\Female\OrcFemaleSkin00_00.blp,texture.MPQ,false,NONE,NONE,false,NONE,,Character\Orc\Female\OrcFemale.m2,patch.MPQ,2,1,0,0,4,0,0,,0:0;0:6;4:1;5:1;7:2;13:1;15:1,NONE,NONE,0,NONE,NONE,NONE,0,NONE,NONE,none-authored,NONE,1,skin=id936@row962/flags0x0|face=id945@row972/flags0x0|hair=id1058@row1085/flags0x0|facial=NONE,Ready,17162,90.675,151.4305,hair style 4/0 -> geoset variant 6 (DBC match)
player:orc-female:hair-style:5,player:orc-female:hair-style:5,players,0,0,-1,-1,hair-style,NONE,Character\Orc\Female\OrcFemaleSkin00_00.blp,Character\Orc\Female\OrcFemaleSkin00_00.blp,texture.MPQ,false,NONE,NONE,false,NONE,,Character\Orc\Female\OrcFemale.m2,patch.MPQ,2,1,0,0,5,0,0,,0:0;0:7;4:1;5:1;7:2;13:1;15:1,NONE,NONE,0,NONE,NONE,NONE,0,NONE,NONE,none-authored,NONE,1,skin=id936@row962/flags0x0|face=id945@row972/flags0x0|hair=id1066@row1093/flags0x0|facial=NONE,Ready,16904,92.536,152.4289,hair style 5/0 -> geoset variant 7 (DBC match)
player:orc-female:hair-style:6,player:orc-female:hair-style:6,players,0,0,-1,-1,hair-style,NONE,Character\Orc\Female\OrcFemaleSkin00_00.blp,Character\Orc\Female\OrcFemaleSkin00_00.blp,texture.MPQ,false,NONE,NONE,false,NONE,,Character\Orc\Female\OrcFemale.m2,patch.MPQ,2,1,0,0,6,0,0,,0:0;0:8;4:1;5:1;7:2;13:1;15:1,NONE,NONE,0,NONE,NONE,NONE,0,NONE,NONE,none-authored,NONE,1,skin=id936@row962/flags0x0|face=id945@row972/flags0x0|hair=id1074@row1101/flags0x0|facial=NONE,Ready,16780,84.9899,158.1217,hair style 6/0 -> geoset variant 8 (DBC match)
player:orc-female:hair-color:1,player:orc-female:hair-color:1,players,0,0,-1,-1,hair-color,NONE,Character\Orc\Female\OrcFemaleSkin00_00.blp,Character\Orc\Female\OrcFemaleSkin00_00.blp,texture.MPQ,false,NONE,NONE,false,NONE,,Character\Orc\Female\OrcFemale.m2,patch.MPQ,2,1,0,0,0,1,0,,0:0;0:2;4:1;5:1;7:2;13:1;15:1,NONE,NONE,0,NONE,NONE,NONE,0,NONE,NONE,none-authored,NONE,1,skin=id936@row962/flags0x0|face=id945@row972/flags0x0|hair=id1027@row1054/flags0x0|facial=NONE,Ready,16655,92.8051,153.5095,hair style 0/1 -> geoset variant 2 (DBC match)
player:orc-female:hair-color:2,player:orc-female:hair-color:2,players,0,0,-1,-1,hair-color,NONE,Character\Orc\Female\OrcFemaleSkin00_00.blp,Character\Orc\Female\OrcFemaleSkin00_00.blp,texture.MPQ,false,NONE,NONE,false,NONE,,Character\Orc\Female\OrcFemale.m2,patch.MPQ,2,1,0,0,0,2,0,,0:0;0:2;4:1;5:1;7:2;13:1;15:1,NONE,NONE,0,NONE,NONE,NONE,0,NONE,NONE,none-authored,NONE,1,skin=id936@row962/flags0x0|face=id945@row972/flags0x0|hair=id1028@row1055/flags0x0|facial=NONE,Ready,16655,92.8187,153.9501,hair style 0/2 -> geoset variant 2 (DBC match)
player:orc-female:hair-color:3,player:orc-female:hair-color:3,players,0,0,-1,-1,hair-color,NONE,Character\Orc\Female\OrcFemaleSkin00_00.blp,Character\Orc\Female\OrcFemaleSkin00_00.blp,texture.MPQ,false,NONE,NONE,false,NONE,,Character\Orc\Female\OrcFemale.m2,patch.MPQ,2,1,0,0,0,3,0,,0:0;0:2;4:1;5:1;7:2;13:1;15:1,NONE,NONE,0,NONE,NONE,NONE,0,NONE,NONE,none-authored,NONE,1,skin=id936@row962/flags0x0|face=id945@row972/flags0x0|hair=id1029@row1056/flags0x0|facial=NONE,Ready,16655,92.9159,152.1184,hair style 0/3 -> geoset variant 2 (DBC match)
player:orc-female:hair-color:4,player:orc-female:hair-color:4,players,0,0,-1,-1,hair-color,NONE,Character\Orc\Female\OrcFemaleSkin00_00.blp,Character\Orc\Female\OrcFemaleSkin00_00.blp,texture.MPQ,false,NONE,NONE,false,NONE,,Character\Orc\Female\OrcFemale.m2,patch.MPQ,2,1,0,0,0,4,0,,0:0;0:2;4:1;5:1;7:2;13:1;15:1,NONE,NONE,0,NONE,NONE,NONE,0,NONE,NONE,none-authored,NONE,1,skin=id936@row962/flags0x0|face=id945@row972/flags0x0|hair=id1030@row1057/flags0x0|facial=NONE,Ready,16655,92.8723,154.4558,hair style 0/4 -> geoset variant 2 (DBC match)
player:orc-female:hair-color:5,player:orc-female:hair-color:5,players,0,0,-1,-1,hair-color,NONE,Character\Orc\Female\OrcFemaleSkin00_00.blp,Character\Orc\Female\OrcFemaleSkin00_00.blp,texture.MPQ,false,NONE,NONE,false,NONE,,Character\Orc\Female\OrcFemale.m2,patch.MPQ,2,1,0,0,0,5,0,,0:0;0:2;4:1;5:1;7:2;13:1;15:1,NONE,NONE,0,NONE,NONE,NONE,0,NONE,NONE,none-authored,NONE,1,skin=id936@row962/flags0x0|face=id945@row972/flags0x0|hair=id1031@row1058/flags0x0|facial=NONE,Ready,16655,92.8604,153.124,hair style 0/5 -> geoset variant 2 (DBC match)
player:orc-female:hair-color:6,player:orc-female:hair-color:6,players,0,0,-1,-1,hair-color,NONE,Character\Orc\Female\OrcFemaleSkin00_00.blp,Character\Orc\Female\OrcFemaleSkin00_00.blp,texture.MPQ,false,NONE,NONE,false,NONE,,Character\Orc\Female\OrcFemale.m2,patch.MPQ,2,1,0,0,0,6,0,,0:0;0:2;4:1;5:1;7:2;13:1;15:1,NONE,NONE,0,NONE,NONE,NONE,0,NONE,NONE,none-authored,NONE,1,skin=id936@row962/flags0x0|face=id945@row972/flags0x0|hair=id1032@row1059/flags0x0|facial=NONE,Ready,16655,93.606,156.8871,hair style 0/6 -> geoset variant 2 (DBC match)
player:orc-female:hair-color:7,player:orc-female:hair-color:7,players,0,0,-1,-1,hair-color,NONE,Character\Orc\Female\OrcFemaleSkin00_00.blp,Character\Orc\Female\OrcFemaleSkin00_00.blp,texture.MPQ,false,NONE,NONE,false,NONE,,Character\Orc\Female\OrcFemale.m2,patch.MPQ,2,1,0,0,0,7,0,,0:0;0:2;4:1;5:1;7:2;13:1;15:1,NONE,NONE,0,NONE,NONE,NONE,0,NONE,NONE,none-authored,NONE,1,skin=id936@row962/flags0x0|face=id945@row972/flags0x0|hair=id1033@row1060/flags0x0|facial=NONE,Ready,16655,94.6313,151.737,hair style 0/7 -> geoset variant 2 (DBC match)
player:orc-female:facial-hair:1,player:orc-female:facial-hair:1,players,0,0,-1,-1,facial-hair,NONE,Character\Orc\Female\OrcFemaleSkin00_00.blp,Character\Orc\Female\OrcFemaleSkin00_00.blp,texture.MPQ,false,NONE,NONE,false,NONE,,Character\Orc\Female\OrcFemale.m2,patch.MPQ,2,1,0,0,0,0,1,,0:0;0:2;4:1;5:1;7:2;13:1;15:1,NONE,NONE,0,NONE,NONE,NONE,0,NONE,NONE,none-authored,NONE,1,skin=id936@row962/flags0x0|face=id945@row972/flags0x0|hair=id1026@row1053/flags0x0|facial=NONE,Ready,16655,92.815,153.5042,hair style 0/0 -> geoset variant 2 (DBC match)
player:orc-female:facial-hair:2,player:orc-female:facial-hair:2,players,0,0,-1,-1,facial-hair,NONE,Character\Orc\Female\OrcFemaleSkin00_00.blp,Character\Orc\Female\OrcFemaleSkin00_00.blp,texture.MPQ,false,NONE,NONE,false,NONE,,Character\Orc\Female\OrcFemale.m2,patch.MPQ,2,1,0,0,0,0,2,,0:0;0:2;4:1;5:1;7:2;13:1;15:1,NONE,NONE,0,NONE,NONE,NONE,0,NONE,NONE,none-authored,NONE,1,skin=id936@row962/flags0x0|face=id945@row972/flags0x0|hair=id1026@row1053/flags0x0|facial=NONE,Ready,16655,92.815,153.2815,hair style 0/0 -> geoset variant 2 (DBC match)
player:orc-female:facial-hair:3,player:orc-female:facial-hair:3,players,0,0,-1,-1,facial-hair,NONE,Character\Orc\Female\OrcFemaleSkin00_00.blp,Character\Orc\Female\OrcFemaleSkin00_00.blp,texture.MPQ,false,NONE,NONE,false,NONE,,Character\Orc\Female\OrcFemale.m2,patch.MPQ,2,1,0,0,0,0,3,,0:0;0:2;4:1;5:1;7:2;13:1;15:1,NONE,NONE,0,NONE,NONE,NONE,0,NONE,NONE,none-authored,NONE,1,skin=id936@row962/flags0x0|face=id945@row972/flags0x0|hair=id1026@row1053/flags0x0|facial=NONE,Ready,16655,92.815,151.7999,hair style 0/0 -> geoset variant 2 (DBC match)
player:orc-female:facial-hair:4,player:orc-female:facial-hair:4,players,0,0,-1,-1,facial-hair,NONE,Character\Orc\Female\OrcFemaleSkin00_00.blp,Character\Orc\Female\OrcFemaleSkin00_00.blp,texture.MPQ,false,NONE,NONE,false,NONE,,Character\Orc\Female\OrcFemale.m2,patch.MPQ,2,1,0,0,0,0,4,,0:0;0:2;4:1;5:1;7:2;13:1;15:1,NONE,NONE,0,NONE,NONE,NONE,0,NONE,NONE,none-authored,NONE,1,skin=id936@row962/flags0x0|face=id945@row972/flags0x0|hair=id1026@row1053/flags0x0|facial=NONE,Ready,16655,92.815,152.6937,hair style 0/0 -> geoset variant 2 (DBC match)
player:orc-female:facial-hair:5,player:orc-female:facial-hair:5,players,0,0,-1,-1,facial-hair,NONE,Character\Orc\Female\OrcFemaleSkin00_00.blp,Character\Orc\Female\OrcFemaleSkin00_00.blp,texture.MPQ,false,NONE,NONE,false,NONE,,Character\Orc\Female\OrcFemale.m2,patch.MPQ,2,1,0,0,0,0,5,,0:0;0:2;4:1;5:1;7:2;13:1;15:1,NONE,NONE,0,NONE,NONE,NONE,0,NONE,NONE,none-authored,NONE,1,skin=id936@row962/flags0x0|face=id945@row972/flags0x0|hair=id1026@row1053/flags0x0|facial=NONE,Ready,16655,92.815,161.6433,hair style 0/0 -> geoset variant 2 (DBC match)
player:orc-female:facial-hair:6,player:orc-female:facial-hair:6,players,0,0,-1,-1,facial-hair,NONE,Character\Orc\Female\OrcFemaleSkin00_00.blp,Character\Orc\Female\OrcFemaleSkin00_00.blp,texture.MPQ,false,NONE,NONE,false,NONE,,Character\Orc\Female\OrcFemale.m2,patch.MPQ,2,1,0,0,0,0,6,,0:0;0:2;4:1;5:1;7:2;13:1;15:1,NONE,NONE,0,NONE,NONE,NONE,0,NONE,NONE,none-authored,NONE,1,skin=id936@row962/flags0x0|face=id945@row972/flags0x0|hair=id1026@row1053/flags0x0|facial=NONE,Ready,16655,92.815,154.1858,hair style 0/0 -> geoset variant 2 (DBC match)
player:dwarf-male:base,player:dwarf-male:base,players,0,0,-1,-1,base,NONE,Character\Dwarf\Male\DwarfMaleSkin00_00.blp,Character\Dwarf\Male\DwarfMaleSkin00_00.blp,texture.MPQ,false,NONE,NONE,false,NONE,,Character\Dwarf\Male\DwarfMale.m2,patch.MPQ,3,0,0,0,0,0,0,,0:0;0:2;4:1;5:1;13:1;15:1,NONE,NONE,0,NONE,NONE,NONE,0,NONE,NONE,none-authored,NONE,1,skin=id1099@row1126/flags0x0|face=id1109@row1145/flags0x0|hair=id1401@row1345/flags0x0|facial=id1202@row1235/flags0x0,Ready,19976,107.482,162.9866,hair style 0/0 -> geoset variant 2 (fallback - may not cover the scalp)
player:dwarf-male:skin:1,player:dwarf-male:skin:1,players,0,0,-1,-1,skin,NONE,Character\Dwarf\Male\DwarfMaleSkin00_01.blp,Character\Dwarf\Male\DwarfMaleSkin00_01.blp,texture.MPQ,false,NONE,NONE,false,NONE,,Character\Dwarf\Male\DwarfMale.m2,patch.MPQ,3,0,1,0,0,0,0,,0:0;0:2;4:1;5:1;13:1;15:1,NONE,NONE,0,NONE,NONE,NONE,0,NONE,NONE,none-authored,NONE,1,skin=id1100@row1127/flags0x0|face=id1110@row1146/flags0x0|hair=id1401@row1345/flags0x0|facial=id1202@row1235/flags0x0,Ready,19976,120.5733,151.6972,hair style 0/0 -> geoset variant 2 (fallback - may not cover the scalp)
player:dwarf-male:skin:2,player:dwarf-male:skin:2,players,0,0,-1,-1,skin,NONE,Character\Dwarf\Male\DwarfMaleSkin00_02.blp,Character\Dwarf\Male\DwarfMaleSkin00_02.blp,texture.MPQ,false,NONE,NONE,false,NONE,,Character\Dwarf\Male\DwarfMale.m2,patch.MPQ,3,0,2,0,0,0,0,,0:0;0:2;4:1;5:1;13:1;15:1,NONE,NONE,0,NONE,NONE,NONE,0,NONE,NONE,none-authored,NONE,1,skin=id1101@row1128/flags0x0|face=id1111@row1147/flags0x0|hair=id1401@row1345/flags0x0|facial=id1202@row1235/flags0x0,Ready,19976,137.9401,153.4283,hair style 0/0 -> geoset variant 2 (fallback - may not cover the scalp)
player:dwarf-male:skin:3,player:dwarf-male:skin:3,players,0,0,-1,-1,skin,NONE,Character\Dwarf\Male\DwarfMaleSkin00_03.blp,Character\Dwarf\Male\DwarfMaleSkin00_03.blp,texture.MPQ,false,NONE,NONE,false,NONE,,Character\Dwarf\Male\DwarfMale.m2,patch.MPQ,3,0,3,0,0,0,0,,0:0;0:2;4:1;5:1;13:1;15:1,NONE,NONE,0,NONE,NONE,NONE,0,NONE,NONE,none-authored,NONE,1,skin=id1102@row1129/flags0x0|face=id1112@row1148/flags0x0|hair=id1401@row1345/flags0x0|facial=id1202@row1235/flags0x0,Ready,19976,84.713,155.6832,hair style 0/0 -> geoset variant 2 (fallback - may not cover the scalp)
player:dwarf-male:skin:4,player:dwarf-male:skin:4,players,0,0,-1,-1,skin,NONE,Character\Dwarf\Male\DwarfMaleSkin00_04.blp,Character\Dwarf\Male\DwarfMaleSkin00_04.blp,texture.MPQ,false,NONE,NONE,false,NONE,,Character\Dwarf\Male\DwarfMale.m2,patch.MPQ,3,0,4,0,0,0,0,,0:0;0:2;4:1;5:1;13:1;15:1,NONE,NONE,0,NONE,NONE,NONE,0,NONE,NONE,none-authored,NONE,1,skin=id1103@row1130/flags0x0|face=id1113@row1149/flags0x0|hair=id1401@row1345/flags0x0|facial=id1202@row1235/flags0x0,Ready,19976,81.8148,155.2681,hair style 0/0 -> geoset variant 2 (fallback - may not cover the scalp)
player:dwarf-male:skin:5,player:dwarf-male:skin:5,players,0,0,-1,-1,skin,NONE,Character\Dwarf\Male\DwarfMaleSkin00_05.blp,Character\Dwarf\Male\DwarfMaleSkin00_05.blp,texture.MPQ,false,NONE,NONE,false,NONE,,Character\Dwarf\Male\DwarfMale.m2,patch.MPQ,3,0,5,0,0,0,0,,0:0;0:2;4:1;5:1;13:1;15:1,NONE,NONE,0,NONE,NONE,NONE,0,NONE,NONE,none-authored,NONE,1,skin=id1104@row1131/flags0x0|face=id1114@row1150/flags0x0|hair=id1401@row1345/flags0x0|facial=id1202@row1235/flags0x0,Ready,19976,70.693,151.3499,hair style 0/0 -> geoset variant 2 (fallback - may not cover the scalp)
player:dwarf-male:skin:6,player:dwarf-male:skin:6,players,0,0,-1,-1,skin,NONE,Character\Dwarf\Male\DwarfMaleSkin00_06.blp,Character\Dwarf\Male\DwarfMaleSkin00_06.blp,texture.MPQ,false,NONE,NONE,false,NONE,,Character\Dwarf\Male\DwarfMale.m2,patch.MPQ,3,0,6,0,0,0,0,,0:0;0:2;4:1;5:1;13:1;15:1,NONE,NONE,0,NONE,NONE,NONE,0,NONE,NONE,none-authored,NONE,1,skin=id1105@row1132/flags0x0|face=id1115@row1151/flags0x0|hair=id1401@row1345/flags0x0|facial=id1202@row1235/flags0x0,Ready,19976,125.3335,156.9993,hair style 0/0 -> geoset variant 2 (fallback - may not cover the scalp)
player:dwarf-male:skin:7,player:dwarf-male:skin:7,players,0,0,-1,-1,skin,NONE,Character\Dwarf\Male\DwarfMaleSkin00_07.blp,Character\Dwarf\Male\DwarfMaleSkin00_07.blp,texture.MPQ,false,NONE,NONE,false,NONE,,Character\Dwarf\Male\DwarfMale.m2,patch.MPQ,3,0,7,0,0,0,0,,0:0;0:2;4:1;5:1;13:1;15:1,NONE,NONE,0,NONE,NONE,NONE,0,NONE,NONE,none-authored,NONE,1,skin=id1106@row1133/flags0x0|face=id1116@row1152/flags0x0|hair=id1401@row1345/flags0x0|facial=id1202@row1235/flags0x0,Ready,19976,113.0353,155.2014,hair style 0/0 -> geoset variant 2 (fallback - may not cover the scalp)
player:dwarf-male:skin:8,player:dwarf-male:skin:8,players,0,0,-1,-1,skin,NONE,Character\Dwarf\Male\DwarfMaleSkin00_08.blp,Character\Dwarf\Male\DwarfMaleSkin00_08.blp,texture.MPQ,false,NONE,NONE,false,NONE,,Character\Dwarf\Male\DwarfMale.m2,patch.MPQ,3,0,8,0,0,0,0,,0:0;0:2;4:1;5:1;13:1;15:1,NONE,NONE,0,NONE,NONE,NONE,0,NONE,NONE,none-authored,NONE,1,skin=id1107@row1134/flags0x0|face=id1117@row1153/flags0x0|hair=id1401@row1345/flags0x0|facial=id1202@row1235/flags0x0,Ready,19976,100.3765,157.2727,hair style 0/0 -> geoset variant 2 (fallback - may not cover the scalp)
player:dwarf-male:skin:9,player:dwarf-male:skin:9,players,0,0,-1,-1,skin,NONE,Character\Dwarf\Male\DwarfMaleSkin00_109.blp,Character\Dwarf\Male\DwarfMaleSkin00_109.blp,texture.MPQ,false,NONE,NONE,false,NONE,,Character\Dwarf\Male\DwarfMale.m2,patch.MPQ,3,0,9,0,0,0,0,,0:0;0:2;4:1;5:1;13:1;15:1,NONE,NONE,0,NONE,NONE,NONE,0,NONE,NONE,none-authored,NONE,0,skin=id4803@row1144/flags0x1|face=NONE|hair=id1401@row1345/flags0x0|facial=id1202@row1235/flags0x0,Ready,19976,90.0214,3165.2221,hair style 0/0 -> geoset variant 2 (fallback - may not cover the scalp)
player:dwarf-male:face:1,player:dwarf-male:face:1,players,0,0,-1,-1,face,NONE,Character\Dwarf\Male\DwarfMaleSkin00_00.blp,Character\Dwarf\Male\DwarfMaleSkin00_00.blp,texture.MPQ,false,NONE,NONE,false,NONE,,Character\Dwarf\Male\DwarfMale.m2,patch.MPQ,3,0,0,1,0,0,0,,0:0;0:2;4:1;5:1;13:1;15:1,NONE,NONE,0,NONE,NONE,NONE,0,NONE,NONE,none-authored,NONE,1,skin=id1099@row1126/flags0x0|face=id1118@row1154/flags0x0|hair=id1401@row1345/flags0x0|facial=id1202@row1235/flags0x0,Ready,19976,107.2955,154.6614,hair style 0/0 -> geoset variant 2 (fallback - may not cover the scalp)
player:dwarf-male:face:2,player:dwarf-male:face:2,players,0,0,-1,-1,face,NONE,Character\Dwarf\Male\DwarfMaleSkin00_00.blp,Character\Dwarf\Male\DwarfMaleSkin00_00.blp,texture.MPQ,false,NONE,NONE,false,NONE,,Character\Dwarf\Male\DwarfMale.m2,patch.MPQ,3,0,0,2,0,0,0,,0:0;0:2;4:1;5:1;13:1;15:1,NONE,NONE,0,NONE,NONE,NONE,0,NONE,NONE,none-authored,NONE,1,skin=id1099@row1126/flags0x0|face=id1127@row1163/flags0x0|hair=id1401@row1345/flags0x0|facial=id1202@row1235/flags0x0,Ready,19976,107.5345,152.9827,hair style 0/0 -> geoset variant 2 (fallback - may not cover the scalp)
player:dwarf-male:face:3,player:dwarf-male:face:3,players,0,0,-1,-1,face,NONE,Character\Dwarf\Male\DwarfMaleSkin00_00.blp,Character\Dwarf\Male\DwarfMaleSkin00_00.blp,texture.MPQ,false,NONE,NONE,false,NONE,,Character\Dwarf\Male\DwarfMale.m2,patch.MPQ,3,0,0,3,0,0,0,,0:0;0:2;4:1;5:1;13:1;15:1,NONE,NONE,0,NONE,NONE,NONE,0,NONE,NONE,none-authored,NONE,1,skin=id1099@row1126/flags0x0|face=id1136@row1172/flags0x0|hair=id1401@row1345/flags0x0|facial=id1202@row1235/flags0x0,Ready,19976,107.3361,151.8496,hair style 0/0 -> geoset variant 2 (fallback - may not cover the scalp)
player:dwarf-male:face:4,player:dwarf-male:face:4,players,0,0,-1,-1,face,NONE,Character\Dwarf\Male\DwarfMaleSkin00_00.blp,Character\Dwarf\Male\DwarfMaleSkin00_00.blp,texture.MPQ,false,NONE,NONE,false,NONE,,Character\Dwarf\Male\DwarfMale.m2,patch.MPQ,3,0,0,4,0,0,0,,0:0;0:2;4:1;5:1;13:1;15:1,NONE,NONE,0,NONE,NONE,NONE,0,NONE,NONE,none-authored,NONE,1,skin=id1099@row1126/flags0x0|face=id1145@row1181/flags0x0|hair=id1401@row1345/flags0x0|facial=id1202@row1235/flags0x0,Ready,19976,107.3561,153.0006,hair style 0/0 -> geoset variant 2 (fallback - may not cover the scalp)
player:dwarf-male:face:5,player:dwarf-male:face:5,players,0,0,-1,-1,face,NONE,Character\Dwarf\Male\DwarfMaleSkin00_00.blp,Character\Dwarf\Male\DwarfMaleSkin00_00.blp,texture.MPQ,false,NONE,NONE,false,NONE,,Character\Dwarf\Male\DwarfMale.m2,patch.MPQ,3,0,0,5,0,0,0,,0:0;0:2;4:1;5:1;13:1;15:1,NONE,NONE,0,NONE,NONE,NONE,0,NONE,NONE,none-authored,NONE,1,skin=id1099@row1126/flags0x0|face=id1154@row1190/flags0x0|hair=id1401@row1345/flags0x0|facial=id1202@row1235/flags0x0,Ready,19976,107.6056,159.3306,hair style 0/0 -> geoset variant 2 (fallback - may not cover the scalp)
player:dwarf-male:face:6,player:dwarf-male:face:6,players,0,0,-1,-1,face,NONE,Character\Dwarf\Male\DwarfMaleSkin00_00.blp,Character\Dwarf\Male\DwarfMaleSkin00_00.blp,texture.MPQ,false,NONE,NONE,false,NONE,,Character\Dwarf\Male\DwarfMale.m2,patch.MPQ,3,0,0,6,0,0,0,,0:0;0:2;4:1;5:1;13:1;15:1,NONE,NONE,0,NONE,NONE,NONE,0,NONE,NONE,none-authored,NONE,1,skin=id1099@row1126/flags0x0|face=id1163@row1199/flags0x0|hair=id1401@row1345/flags0x0|facial=id1202@row1235/flags0x0,Ready,19976,107.4981,152.617,hair style 0/0 -> geoset variant 2 (fallback - may not cover the scalp)
player:dwarf-male:face:7,player:dwarf-male:face:7,players,0,0,-1,-1,face,NONE,Character\Dwarf\Male\DwarfMaleSkin00_00.blp,Character\Dwarf\Male\DwarfMaleSkin00_00.blp,texture.MPQ,false,NONE,NONE,false,NONE,,Character\Dwarf\Male\DwarfMale.m2,patch.MPQ,3,0,0,7,0,0,0,,0:0;0:2;4:1;5:1;13:1;15:1,NONE,NONE,0,NONE,NONE,NONE,0,NONE,NONE,none-authored,NONE,1,skin=id1099@row1126/flags0x0|face=id1172@row1208/flags0x0|hair=id1401@row1345/flags0x0|facial=id1202@row1235/flags0x0,Ready,19976,107.5326,157.3811,hair style 0/0 -> geoset variant 2 (fallback - may not cover the scalp)
player:dwarf-male:face:8,player:dwarf-male:face:8,players,0,0,-1,-1,face,NONE,Character\Dwarf\Male\DwarfMaleSkin00_00.blp,Character\Dwarf\Male\DwarfMaleSkin00_00.blp,texture.MPQ,false,NONE,NONE,false,NONE,,Character\Dwarf\Male\DwarfMale.m2,patch.MPQ,3,0,0,8,0,0,0,,0:0;0:2;4:1;5:1;13:1;15:1,NONE,NONE,0,NONE,NONE,NONE,0,NONE,NONE,none-authored,NONE,1,skin=id1099@row1126/flags0x0|face=id1181@row1217/flags0x0|hair=id1401@row1345/flags0x0|facial=id1202@row1235/flags0x0,Ready,19976,107.4083,152.7079,hair style 0/0 -> geoset variant 2 (fallback - may not cover the scalp)
player:dwarf-male:face:9,player:dwarf-male:face:9,players,0,0,-1,-1,face,NONE,Character\Dwarf\Male\DwarfMaleSkin00_00.blp,Character\Dwarf\Male\DwarfMaleSkin00_00.blp,texture.MPQ,false,NONE,NONE,false,NONE,,Character\Dwarf\Male\DwarfMale.m2,patch.MPQ,3,0,0,9,0,0,0,,0:0;0:2;4:1;5:1;13:1;15:1,NONE,NONE,0,NONE,NONE,NONE,0,NONE,NONE,none-authored,NONE,1,skin=id1099@row1126/flags0x0|face=id1190@row1226/flags0x0|hair=id1401@row1345/flags0x0|facial=id1202@row1235/flags0x0,Ready,19976,107.3142,152.8885,hair style 0/0 -> geoset variant 2 (fallback - may not cover the scalp)
player:dwarf-male:hair-style:1,player:dwarf-male:hair-style:1,players,0,0,-1,-1,hair-style,NONE,Character\Dwarf\Male\DwarfMaleSkin00_00.blp,Character\Dwarf\Male\DwarfMaleSkin00_00.blp,texture.MPQ,false,NONE,NONE,false,NONE,,Character\Dwarf\Male\DwarfMale.m2,patch.MPQ,3,0,0,0,1,0,0,,0:0;0:2;4:1;5:1;13:1;15:1,NONE,NONE,0,NONE,NONE,NONE,0,NONE,NONE,none-authored,NONE,1,skin=id1099@row1126/flags0x0|face=id1109@row1145/flags0x0|hair=id1312@row1355/flags0x0|facial=id1202@row1235/flags0x0,Ready,19976,107.2871,152.9719,hair style 1/0 -> geoset variant 2 (DBC match)
player:dwarf-male:hair-style:2,player:dwarf-male:hair-style:2,players,0,0,-1,-1,hair-style,NONE,Character\Dwarf\Male\DwarfMaleSkin00_00.blp,Character\Dwarf\Male\DwarfMaleSkin00_00.blp,texture.MPQ,false,NONE,NONE,false,NONE,,Character\Dwarf\Male\DwarfMale.m2,patch.MPQ,3,0,0,0,2,0,0,,0:0;0:3;4:1;5:1;13:1;15:1,NONE,NONE,0,NONE,NONE,NONE,0,NONE,NONE,none-authored,NONE,1,skin=id1099@row1126/flags0x0|face=id1109@row1145/flags0x0|hair=id1411@row1365/flags0x0|facial=id1202@row1235/flags0x0,Ready,19393,109.9055,166.5611,hair style 2/0 -> geoset variant 3 (DBC match)
player:dwarf-male:hair-style:3,player:dwarf-male:hair-style:3,players,0,0,-1,-1,hair-style,NONE,Character\Dwarf\Male\DwarfMaleSkin00_00.blp,Character\Dwarf\Male\DwarfMaleSkin00_00.blp,texture.MPQ,false,NONE,NONE,false,NONE,,Character\Dwarf\Male\DwarfMale.m2,patch.MPQ,3,0,0,0,3,0,0,,0:0;0:4;4:1;5:1;13:1;15:1,NONE,NONE,0,NONE,NONE,NONE,0,NONE,NONE,none-authored,NONE,1,skin=id1099@row1126/flags0x0|face=id1109@row1145/flags0x0|hair=id1322@row1375/flags0x0|facial=id1202@row1235/flags0x0,Ready,19716,108.5907,152.7805,hair style 3/0 -> geoset variant 4 (DBC match)
player:dwarf-male:hair-style:4,player:dwarf-male:hair-style:4,players,0,0,-1,-1,hair-style,NONE,Character\Dwarf\Male\DwarfMaleSkin00_00.blp,Character\Dwarf\Male\DwarfMaleSkin00_00.blp,texture.MPQ,false,NONE,NONE,false,NONE,,Character\Dwarf\Male\DwarfMale.m2,patch.MPQ,3,0,0,0,4,0,0,,0:0;0:5;4:1;5:1;13:1;15:1,NONE,NONE,0,NONE,NONE,NONE,0,NONE,NONE,none-authored,NONE,1,skin=id1099@row1126/flags0x0|face=id1109@row1145/flags0x0|hair=id1332@row1385/flags0x0|facial=id1202@row1235/flags0x0,Ready,19761,108.8076,150.8769,hair style 4/0 -> geoset variant 5 (DBC match)
player:dwarf-male:hair-style:5,player:dwarf-male:hair-style:5,players,0,0,-1,-1,hair-style,NONE,Character\Dwarf\Male\DwarfMaleSkin00_00.blp,Character\Dwarf\Male\DwarfMaleSkin00_00.blp,texture.MPQ,false,NONE,NONE,false,NONE,,Character\Dwarf\Male\DwarfMale.m2,patch.MPQ,3,0,0,0,5,0,0,,0:0;0:6;4:1;5:1;13:1;15:1,NONE,NONE,0,NONE,NONE,NONE,0,NONE,NONE,none-authored,NONE,1,skin=id1099@row1126/flags0x0|face=id1109@row1145/flags0x0|hair=id1342@row1395/flags0x0|facial=id1202@row1235/flags0x0,Ready,19704,107.6502,152.9436,hair style 5/0 -> geoset variant 6 (DBC match)
player:dwarf-male:hair-style:6,player:dwarf-male:hair-style:6,players,0,0,-1,-1,hair-style,NONE,Character\Dwarf\Male\DwarfMaleSkin00_00.blp,Character\Dwarf\Male\DwarfMaleSkin00_00.blp,texture.MPQ,false,NONE,NONE,false,NONE,,Character\Dwarf\Male\DwarfMale.m2,patch.MPQ,3,0,0,0,6,0,0,,0:0;0:7;4:1;5:1;13:1;15:1,NONE,NONE,0,NONE,NONE,NONE,0,NONE,NONE,none-authored,NONE,1,skin=id1099@row1126/flags0x0|face=id1109@row1145/flags0x0|hair=id1352@row1405/flags0x0|facial=id1202@row1235/flags0x0,Ready,19897,107.907,156.2101,hair style 6/0 -> geoset variant 7 (DBC match)
player:dwarf-male:hair-style:7,player:dwarf-male:hair-style:7,players,0,0,-1,-1,hair-style,NONE,Character\Dwarf\Male\DwarfMaleSkin00_00.blp,Character\Dwarf\Male\DwarfMaleSkin00_00.blp,texture.MPQ,false,NONE,NONE,false,NONE,,Character\Dwarf\Male\DwarfMale.m2,patch.MPQ,3,0,0,0,7,0,0,,0:0;0:8;4:1;5:1;13:1;15:1,NONE,NONE,0,NONE,NONE,NONE,0,NONE,NONE,none-authored,NONE,1,skin=id1099@row1126/flags0x0|face=id1109@row1145/flags0x0|hair=id1362@row1415/flags0x0|facial=id1202@row1235/flags0x0,Ready,19795,108.6564,152.0493,hair style 7/0 -> geoset variant 8 (DBC match)
player:dwarf-male:hair-style:8,player:dwarf-male:hair-style:8,players,0,0,-1,-1,hair-style,NONE,Character\Dwarf\Male\DwarfMaleSkin00_00.blp,Character\Dwarf\Male\DwarfMaleSkin00_00.blp,texture.MPQ,false,NONE,NONE,false,NONE,,Character\Dwarf\Male\DwarfMale.m2,patch.MPQ,3,0,0,0,8,0,0,,0:0;0:9;4:1;5:1;13:1;15:1,NONE,NONE,0,NONE,NONE,NONE,0,NONE,NONE,none-authored,NONE,1,skin=id1099@row1126/flags0x0|face=id1109@row1145/flags0x0|hair=id1372@row1425/flags0x0|facial=id1202@row1235/flags0x0,Ready,19467,110.0077,159.0706,hair style 8/0 -> geoset variant 9 (DBC match)
player:dwarf-male:hair-style:9,player:dwarf-male:hair-style:9,players,0,0,-1,-1,hair-style,NONE,Character\Dwarf\Male\DwarfMaleSkin00_00.blp,Character\Dwarf\Male\DwarfMaleSkin00_00.blp,texture.MPQ,false,NONE,NONE,false,NONE,,Character\Dwarf\Male\DwarfMale.m2,patch.MPQ,3,0,0,0,9,0,0,,0:0;0:10;4:1;5:1;13:1;15:1,NONE,NONE,0,NONE,NONE,NONE,0,NONE,NONE,none-authored,NONE,1,skin=id1099@row1126/flags0x0|face=id1109@row1145/flags0x0|hair=id1421@row1435/flags0x0|facial=id1202@row1235/flags0x0,Ready,19371,110.0071,155.3885,hair style 9/0 -> geoset variant 10 (DBC match)
player:dwarf-male:hair-style:10,player:dwarf-male:hair-style:10,players,0,0,-1,-1,hair-style,NONE,Character\Dwarf\Male\DwarfMaleSkin00_00.blp,Character\Dwarf\Male\DwarfMaleSkin00_00.blp,texture.MPQ,false,NONE,NONE,false,NONE,,Character\Dwarf\Male\DwarfMale.m2,patch.MPQ,3,0,0,0,10,0,0,,0:0;0:11;4:1;5:1;13:1;15:1,NONE,NONE,0,NONE,NONE,NONE,0,NONE,NONE,none-authored,NONE,1,skin=id1099@row1126/flags0x0|face=id1109@row1145/flags0x0|hair=id1382@row1445/flags0x0|facial=id1202@row1235/flags0x0,Ready,19582,109.0628,156.1117,hair style 10/0 -> geoset variant 11 (DBC match)
player:dwarf-male:hair-color:1,player:dwarf-male:hair-color:1,players,0,0,-1,-1,hair-color,NONE,Character\Dwarf\Male\DwarfMaleSkin00_00.blp,Character\Dwarf\Male\DwarfMaleSkin00_00.blp,texture.MPQ,false,NONE,NONE,false,NONE,,Character\Dwarf\Male\DwarfMale.m2,patch.MPQ,3,0,0,0,0,1,0,,0:0;0:2;4:1;5:1;13:1;15:1,NONE,NONE,0,NONE,NONE,NONE,0,NONE,NONE,none-authored,NONE,1,skin=id1099@row1126/flags0x0|face=id1109@row1145/flags0x0|hair=id1402@row1346/flags0x0|facial=id1203@row1236/flags0x0,Ready,19976,108.0164,158.4728,hair style 0/1 -> geoset variant 2 (fallback - may not cover the scalp)
player:dwarf-male:hair-color:2,player:dwarf-male:hair-color:2,players,0,0,-1,-1,hair-color,NONE,Character\Dwarf\Male\DwarfMaleSkin00_00.blp,Character\Dwarf\Male\DwarfMaleSkin00_00.blp,texture.MPQ,false,NONE,NONE,false,NONE,,Character\Dwarf\Male\DwarfMale.m2,patch.MPQ,3,0,0,0,0,2,0,,0:0;0:2;4:1;5:1;13:1;15:1,NONE,NONE,0,NONE,NONE,NONE,0,NONE,NONE,none-authored,NONE,1,skin=id1099@row1126/flags0x0|face=id1109@row1145/flags0x0|hair=id1403@row1347/flags0x0|facial=id1204@row1237/flags0x0,Ready,19976,106.3944,156.1217,hair style 0/2 -> geoset variant 2 (fallback - may not cover the scalp)
player:dwarf-male:hair-color:3,player:dwarf-male:hair-color:3,players,0,0,-1,-1,hair-color,NONE,Character\Dwarf\Male\DwarfMaleSkin00_00.blp,Character\Dwarf\Male\DwarfMaleSkin00_00.blp,texture.MPQ,false,NONE,NONE,false,NONE,,Character\Dwarf\Male\DwarfMale.m2,patch.MPQ,3,0,0,0,0,3,0,,0:0;0:2;4:1;5:1;13:1;15:1,NONE,NONE,0,NONE,NONE,NONE,0,NONE,NONE,none-authored,NONE,1,skin=id1099@row1126/flags0x0|face=id1109@row1145/flags0x0|hair=id1404@row1348/flags0x0|facial=id1205@row1238/flags0x0,Ready,19976,109.4223,154.0002,hair style 0/3 -> geoset variant 2 (fallback - may not cover the scalp)
player:dwarf-male:hair-color:4,player:dwarf-male:hair-color:4,players,0,0,-1,-1,hair-color,NONE,Character\Dwarf\Male\DwarfMaleSkin00_00.blp,Character\Dwarf\Male\DwarfMaleSkin00_00.blp,texture.MPQ,false,NONE,NONE,false,NONE,,Character\Dwarf\Male\DwarfMale.m2,patch.MPQ,3,0,0,0,0,4,0,,0:0;0:2;4:1;5:1;13:1;15:1,NONE,NONE,0,NONE,NONE,NONE,0,NONE,NONE,none-authored,NONE,1,skin=id1099@row1126/flags0x0|face=id1109@row1145/flags0x0|hair=id1405@row1349/flags0x0|facial=id1206@row1239/flags0x0,Ready,19976,105.0214,152.4521,hair style 0/4 -> geoset variant 2 (fallback - may not cover the scalp)
player:dwarf-male:hair-color:5,player:dwarf-male:hair-color:5,players,0,0,-1,-1,hair-color,NONE,Character\Dwarf\Male\DwarfMaleSkin00_00.blp,Character\Dwarf\Male\DwarfMaleSkin00_00.blp,texture.MPQ,false,NONE,NONE,false,NONE,,Character\Dwarf\Male\DwarfMale.m2,patch.MPQ,3,0,0,0,0,5,0,,0:0;0:2;4:1;5:1;13:1;15:1,NONE,NONE,0,NONE,NONE,NONE,0,NONE,NONE,none-authored,NONE,1,skin=id1099@row1126/flags0x0|face=id1109@row1145/flags0x0|hair=id1406@row1350/flags0x0|facial=id1207@row1240/flags0x0,Ready,19976,104.1214,158.2294,hair style 0/5 -> geoset variant 2 (fallback - may not cover the scalp)
player:dwarf-male:hair-color:6,player:dwarf-male:hair-color:6,players,0,0,-1,-1,hair-color,NONE,Character\Dwarf\Male\DwarfMaleSkin00_00.blp,Character\Dwarf\Male\DwarfMaleSkin00_00.blp,texture.MPQ,false,NONE,NONE,false,NONE,,Character\Dwarf\Male\DwarfMale.m2,patch.MPQ,3,0,0,0,0,6,0,,0:0;0:2;4:1;5:1;13:1;15:1,NONE,NONE,0,NONE,NONE,NONE,0,NONE,NONE,none-authored,NONE,1,skin=id1099@row1126/flags0x0|face=id1109@row1145/flags0x0|hair=id1407@row1351/flags0x0|facial=id1208@row1241/flags0x0,Ready,19976,107.0688,163.887,hair style 0/6 -> geoset variant 2 (fallback - may not cover the scalp)
player:dwarf-male:hair-color:7,player:dwarf-male:hair-color:7,players,0,0,-1,-1,hair-color,NONE,Character\Dwarf\Male\DwarfMaleSkin00_00.blp,Character\Dwarf\Male\DwarfMaleSkin00_00.blp,texture.MPQ,false,NONE,NONE,false,NONE,,Character\Dwarf\Male\DwarfMale.m2,patch.MPQ,3,0,0,0,0,7,0,,0:0;0:2;4:1;5:1;13:1;15:1,NONE,NONE,0,NONE,NONE,NONE,0,NONE,NONE,none-authored,NONE,1,skin=id1099@row1126/flags0x0|face=id1109@row1145/flags0x0|hair=id1408@row1352/flags0x0|facial=id1209@row1242/flags0x0,Ready,19976,109.1574,150.7674,hair style 0/7 -> geoset variant 2 (fallback - may not cover the scalp)
player:dwarf-male:hair-color:8,player:dwarf-male:hair-color:8,players,0,0,-1,-1,hair-color,NONE,Character\Dwarf\Male\DwarfMaleSkin00_00.blp,Character\Dwarf\Male\DwarfMaleSkin00_00.blp,texture.MPQ,false,NONE,NONE,false,NONE,,Character\Dwarf\Male\DwarfMale.m2,patch.MPQ,3,0,0,0,0,8,0,,0:0;0:2;4:1;5:1;13:1;15:1,NONE,NONE,0,NONE,NONE,NONE,0,NONE,NONE,none-authored,NONE,1,skin=id1099@row1126/flags0x0|face=id1109@row1145/flags0x0|hair=id1409@row1353/flags0x0|facial=id1210@row1243/flags0x0,Ready,19976,106.2536,155.0673,hair style 0/8 -> geoset variant 2 (fallback - may not cover the scalp)
player:dwarf-male:hair-color:9,player:dwarf-male:hair-color:9,players,0,0,-1,-1,hair-color,NONE,Character\Dwarf\Male\DwarfMaleSkin00_00.blp,Character\Dwarf\Male\DwarfMaleSkin00_00.blp,texture.MPQ,false,NONE,NONE,false,NONE,,Character\Dwarf\Male\DwarfMale.m2,patch.MPQ,3,0,0,0,0,9,0,,0:0;0:2;4:1;5:1;13:1;15:1,NONE,NONE,0,NONE,NONE,NONE,0,NONE,NONE,none-authored,NONE,1,skin=id1099@row1126/flags0x0|face=id1109@row1145/flags0x0|hair=id1410@row1354/flags0x0|facial=id1211@row1244/flags0x0,Ready,19976,104.1323,152.5513,hair style 0/9 -> geoset variant 2 (fallback - may not cover the scalp)
player:dwarf-male:facial-hair:1,player:dwarf-male:facial-hair:1,players,0,0,-1,-1,facial-hair,NONE,Character\Dwarf\Male\DwarfMaleSkin00_00.blp,Character\Dwarf\Male\DwarfMaleSkin00_00.blp,texture.MPQ,false,NONE,NONE,false,NONE,,Character\Dwarf\Male\DwarfMale.m2,patch.MPQ,3,0,0,0,0,0,1,,0:0;0:2;4:1;5:1;13:1;15:1,NONE,NONE,0,NONE,NONE,NONE,0,NONE,NONE,none-authored,NONE,1,skin=id1099@row1126/flags0x0|face=id1109@row1145/flags0x0|hair=id1401@row1345/flags0x0|facial=id1212@row1245/flags0x0,Ready,19976,107.482,151.5519,hair style 0/0 -> geoset variant 2 (fallback - may not cover the scalp)
player:dwarf-male:facial-hair:2,player:dwarf-male:facial-hair:2,players,0,0,-1,-1,facial-hair,NONE,Character\Dwarf\Male\DwarfMaleSkin00_00.blp,Character\Dwarf\Male\DwarfMaleSkin00_00.blp,texture.MPQ,false,NONE,NONE,false,NONE,,Character\Dwarf\Male\DwarfMale.m2,patch.MPQ,3,0,0,0,0,0,2,,0:0;0:2;4:1;5:1;13:1;15:1,NONE,NONE,0,NONE,NONE,NONE,0,NONE,NONE,none-authored,NONE,1,skin=id1099@row1126/flags0x0|face=id1109@row1145/flags0x0|hair=id1401@row1345/flags0x0|facial=id1222@row1255/flags0x0,Ready,19976,107.482,166.9871,hair style 0/0 -> geoset variant 2 (fallback - may not cover the scalp)
player:dwarf-male:facial-hair:3,player:dwarf-male:facial-hair:3,players,0,0,-1,-1,facial-hair,NONE,Character\Dwarf\Male\DwarfMaleSkin00_00.blp,Character\Dwarf\Male\DwarfMaleSkin00_00.blp,texture.MPQ,false,NONE,NONE,false,NONE,,Character\Dwarf\Male\DwarfMale.m2,patch.MPQ,3,0,0,0,0,0,3,,0:0;0:2;4:1;5:1;13:1;15:1,NONE,NONE,0,NONE,NONE,NONE,0,NONE,NONE,none-authored,NONE,1,skin=id1099@row1126/flags0x0|face=id1109@row1145/flags0x0|hair=id1401@row1345/flags0x0|facial=id1232@row1265/flags0x0,Ready,19976,107.482,152.8659,hair style 0/0 -> geoset variant 2 (fallback - may not cover the scalp)
player:dwarf-male:facial-hair:4,player:dwarf-male:facial-hair:4,players,0,0,-1,-1,facial-hair,NONE,Character\Dwarf\Male\DwarfMaleSkin00_00.blp,Character\Dwarf\Male\DwarfMaleSkin00_00.blp,texture.MPQ,false,NONE,NONE,false,NONE,,Character\Dwarf\Male\DwarfMale.m2,patch.MPQ,3,0,0,0,0,0,4,,0:0;0:2;4:1;5:1;13:1;15:1,NONE,NONE,0,NONE,NONE,NONE,0,NONE,NONE,none-authored,NONE,1,skin=id1099@row1126/flags0x0|face=id1109@row1145/flags0x0|hair=id1401@row1345/flags0x0|facial=id1242@row1275/flags0x0,Ready,19976,107.482,152.9135,hair style 0/0 -> geoset variant 2 (fallback - may not cover the scalp)
player:dwarf-male:facial-hair:5,player:dwarf-male:facial-hair:5,players,0,0,-1,-1,facial-hair,NONE,Character\Dwarf\Male\DwarfMaleSkin00_00.blp,Character\Dwarf\Male\DwarfMaleSkin00_00.blp,texture.MPQ,false,NONE,NONE,false,NONE,,Character\Dwarf\Male\DwarfMale.m2,patch.MPQ,3,0,0,0,0,0,5,,0:0;0:2;4:1;5:1;13:1;15:1,NONE,NONE,0,NONE,NONE,NONE,0,NONE,NONE,none-authored,NONE,1,skin=id1099@row1126/flags0x0|face=id1109@row1145/flags0x0|hair=id1401@row1345/flags0x0|facial=id1252@row1285/flags0x0,Ready,19976,107.482,151.0337,hair style 0/0 -> geoset variant 2 (fallback - may not cover the scalp)
player:dwarf-male:facial-hair:6,player:dwarf-male:facial-hair:6,players,0,0,-1,-1,facial-hair,NONE,Character\Dwarf\Male\DwarfMaleSkin00_00.blp,Character\Dwarf\Male\DwarfMaleSkin00_00.blp,texture.MPQ,false,NONE,NONE,false,NONE,,Character\Dwarf\Male\DwarfMale.m2,patch.MPQ,3,0,0,0,0,0,6,,0:0;0:2;4:1;5:1;13:1;15:1,NONE,NONE,0,NONE,NONE,NONE,0,NONE,NONE,none-authored,NONE,1,skin=id1099@row1126/flags0x0|face=id1109@row1145/flags0x0|hair=id1401@row1345/flags0x0|facial=id1262@row1295/flags0x0,Ready,19976,107.482,152.2107,hair style 0/0 -> geoset variant 2 (fallback - may not cover the scalp)
player:dwarf-male:facial-hair:7,player:dwarf-male:facial-hair:7,players,0,0,-1,-1,facial-hair,NONE,Character\Dwarf\Male\DwarfMaleSkin00_00.blp,Character\Dwarf\Male\DwarfMaleSkin00_00.blp,texture.MPQ,false,NONE,NONE,false,NONE,,Character\Dwarf\Male\DwarfMale.m2,patch.MPQ,3,0,0,0,0,0,7,,0:0;0:2;4:1;5:1;13:1;15:1,NONE,NONE,0,NONE,NONE,NONE,0,NONE,NONE,none-authored,NONE,1,skin=id1099@row1126/flags0x0|face=id1109@row1145/flags0x0|hair=id1401@row1345/flags0x0|facial=id1272@row1305/flags0x0,Ready,19976,107.482,151.5106,hair style 0/0 -> geoset variant 2 (fallback - may not cover the scalp)
player:dwarf-male:facial-hair:8,player:dwarf-male:facial-hair:8,players,0,0,-1,-1,facial-hair,NONE,Character\Dwarf\Male\DwarfMaleSkin00_00.blp,Character\Dwarf\Male\DwarfMaleSkin00_00.blp,texture.MPQ,false,NONE,NONE,false,NONE,,Character\Dwarf\Male\DwarfMale.m2,patch.MPQ,3,0,0,0,0,0,8,,0:0;0:2;4:1;5:1;13:1;15:1,NONE,NONE,0,NONE,NONE,NONE,0,NONE,NONE,none-authored,NONE,1,skin=id1099@row1126/flags0x0|face=id1109@row1145/flags0x0|hair=id1401@row1345/flags0x0|facial=id1282@row1315/flags0x0,Ready,19976,107.482,152.5576,hair style 0/0 -> geoset variant 2 (fallback - may not cover the scalp)
player:dwarf-male:facial-hair:9,player:dwarf-male:facial-hair:9,players,0,0,-1,-1,facial-hair,NONE,Character\Dwarf\Male\DwarfMaleSkin00_00.blp,Character\Dwarf\Male\DwarfMaleSkin00_00.blp,texture.MPQ,false,NONE,NONE,false,NONE,,Character\Dwarf\Male\DwarfMale.m2,patch.MPQ,3,0,0,0,0,0,9,,0:0;0:2;4:1;5:1;13:1;15:1,NONE,NONE,0,NONE,NONE,NONE,0,NONE,NONE,none-authored,NONE,1,skin=id1099@row1126/flags0x0|face=id1109@row1145/flags0x0|hair=id1401@row1345/flags0x0|facial=id1292@row1325/flags0x0,Ready,19976,107.482,158.7317,hair style 0/0 -> geoset variant 2 (fallback - may not cover the scalp)
player:dwarf-male:facial-hair:10,player:dwarf-male:facial-hair:10,players,0,0,-1,-1,facial-hair,NONE,Character\Dwarf\Male\DwarfMaleSkin00_00.blp,Character\Dwarf\Male\DwarfMaleSkin00_00.blp,texture.MPQ,false,NONE,NONE,false,NONE,,Character\Dwarf\Male\DwarfMale.m2,patch.MPQ,3,0,0,0,0,0,10,,0:0;0:2;4:1;5:1;13:1;15:1,NONE,NONE,0,NONE,NONE,NONE,0,NONE,NONE,none-authored,NONE,1,skin=id1099@row1126/flags0x0|face=id1109@row1145/flags0x0|hair=id1401@row1345/flags0x0|facial=id1302@row1335/flags0x0,Ready,19976,107.482,153.6332,hair style 0/0 -> geoset variant 2 (fallback - may not cover the scalp)
player:dwarf-female:base,player:dwarf-female:base,players,0,0,-1,-1,base,NONE,Character\Dwarf\Female\DwarfFemaleSkin00_00.blp,Character\Dwarf\Female\DwarfFemaleSkin00_00.blp,texture.MPQ,false,NONE,NONE,false,NONE,,Character\Dwarf\Female\DwarfFemale.m2,patch.MPQ,3,1,0,0,0,0,0,,0:0;0:2;4:1;13:1;15:1,NONE,NONE,0,NONE,NONE,NONE,0,NONE,NONE,none-authored,NONE,1,skin=id1431@row1464/flags0x0|face=id1440@row1475/flags0x0|hair=id1533@row1565/flags0x0|facial=NONE,Ready,13070,134.7942,170.7116,hair style 0/0 -> geoset variant 2 (DBC match)
player:dwarf-female:skin:1,player:dwarf-female:skin:1,players,0,0,-1,-1,skin,NONE,Character\Dwarf\Female\DwarfFemaleSkin00_01.blp,Character\Dwarf\Female\DwarfFemaleSkin00_01.blp,texture.MPQ,false,NONE,NONE,false,NONE,,Character\Dwarf\Female\DwarfFemale.m2,patch.MPQ,3,1,1,0,0,0,0,,0:0;0:2;4:1;13:1;15:1,NONE,NONE,0,NONE,NONE,NONE,0,NONE,NONE,none-authored,NONE,1,skin=id1432@row1465/flags0x0|face=id1441@row1476/flags0x0|hair=id1533@row1565/flags0x0|facial=NONE,Ready,13070,146.0155,151.9754,hair style 0/0 -> geoset variant 2 (DBC match)
player:dwarf-female:skin:2,player:dwarf-female:skin:2,players,0,0,-1,-1,skin,NONE,Character\Dwarf\Female\DwarfFemaleSkin00_02.blp,Character\Dwarf\Female\DwarfFemaleSkin00_02.blp,texture.MPQ,false,NONE,NONE,false,NONE,,Character\Dwarf\Female\DwarfFemale.m2,patch.MPQ,3,1,2,0,0,0,0,,0:0;0:2;4:1;13:1;15:1,NONE,NONE,0,NONE,NONE,NONE,0,NONE,NONE,none-authored,NONE,0,skin=id1433@row1466/flags0x0|face=id1442@row1477/flags0x0|hair=id1533@row1565/flags0x0|facial=NONE,Ready,13070,161.1513,151.1386,hair style 0/0 -> geoset variant 2 (DBC match)
player:dwarf-female:skin:3,player:dwarf-female:skin:3,players,0,0,-1,-1,skin,NONE,Character\Dwarf\Female\DwarfFemaleSkin00_03.blp,Character\Dwarf\Female\DwarfFemaleSkin00_03.blp,texture.MPQ,false,NONE,NONE,false,NONE,,Character\Dwarf\Female\DwarfFemale.m2,patch.MPQ,3,1,3,0,0,0,0,,0:0;0:2;4:1;13:1;15:1,NONE,NONE,0,NONE,NONE,NONE,0,NONE,NONE,none-authored,NONE,0,skin=id1434@row1467/flags0x0|face=id1443@row1478/flags0x0|hair=id1533@row1565/flags0x0|facial=NONE,Ready,13070,120.6944,153.1302,hair style 0/0 -> geoset variant 2 (DBC match)
player:dwarf-female:skin:4,player:dwarf-female:skin:4,players,0,0,-1,-1,skin,NONE,Character\Dwarf\Female\DwarfFemaleSkin00_04.blp,Character\Dwarf\Female\DwarfFemaleSkin00_04.blp,texture.MPQ,false,NONE,NONE,false,NONE,,Character\Dwarf\Female\DwarfFemale.m2,patch.MPQ,3,1,4,0,0,0,0,,0:0;0:2;4:1;13:1;15:1,NONE,NONE,0,NONE,NONE,NONE,0,NONE,NONE,none-authored,NONE,0,skin=id1435@row1468/flags0x0|face=id1444@row1479/flags0x0|hair=id1533@row1565/flags0x0|facial=NONE,Ready,13070,103.2668,152.0086,hair style 0/0 -> geoset variant 2 (DBC match)
player:dwarf-female:skin:5,player:dwarf-female:skin:5,players,0,0,-1,-1,skin,NONE,Character\Dwarf\Female\DwarfFemaleSkin00_05.blp,Character\Dwarf\Female\DwarfFemaleSkin00_05.blp,texture.MPQ,false,NONE,NONE,false,NONE,,Character\Dwarf\Female\DwarfFemale.m2,patch.MPQ,3,1,5,0,0,0,0,,0:0;0:2;4:1;13:1;15:1,NONE,NONE,0,NONE,NONE,NONE,0,NONE,NONE,none-authored,NONE,0,skin=id1436@row1469/flags0x0|face=id1445@row1480/flags0x0|hair=id1533@row1565/flags0x0|facial=NONE,Ready,13070,78.5917,159.1232,hair style 0/0 -> geoset variant 2 (DBC match)
player:dwarf-female:skin:6,player:dwarf-female:skin:6,players,0,0,-1,-1,skin,NONE,Character\Dwarf\Female\DwarfFemaleSkin00_06.blp,Character\Dwarf\Female\DwarfFemaleSkin00_06.blp,texture.MPQ,false,NONE,NONE,false,NONE,,Character\Dwarf\Female\DwarfFemale.m2,patch.MPQ,3,1,6,0,0,0,0,,0:0;0:2;4:1;13:1;15:1,NONE,NONE,0,NONE,NONE,NONE,0,NONE,NONE,none-authored,NONE,0,skin=id1437@row1470/flags0x0|face=id1446@row1481/flags0x0|hair=id1533@row1565/flags0x0|facial=NONE,Ready,13070,149.4331,152.3916,hair style 0/0 -> geoset variant 2 (DBC match)
player:dwarf-female:skin:7,player:dwarf-female:skin:7,players,0,0,-1,-1,skin,NONE,Character\Dwarf\Female\DwarfFemaleSkin00_07.blp,Character\Dwarf\Female\DwarfFemaleSkin00_07.blp,texture.MPQ,false,NONE,NONE,false,NONE,,Character\Dwarf\Female\DwarfFemale.m2,patch.MPQ,3,1,7,0,0,0,0,,0:0;0:2;4:1;13:1;15:1,NONE,NONE,0,NONE,NONE,NONE,0,NONE,NONE,none-authored,NONE,0,skin=id1438@row1471/flags0x0|face=id1447@row1482/flags0x0|hair=id1533@row1565/flags0x0|facial=NONE,Ready,13070,135.9423,153.5727,hair style 0/0 -> geoset variant 2 (DBC match)
player:dwarf-female:skin:8,player:dwarf-female:skin:8,players,0,0,-1,-1,skin,NONE,Character\Dwarf\Female\DwarfFemaleSkin00_08.blp,Character\Dwarf\Female\DwarfFemaleSkin00_08.blp,texture.MPQ,false,NONE,NONE,false,NONE,,Character\Dwarf\Female\DwarfFemale.m2,patch.MPQ,3,1,8,0,0,0,0,,0:0;0:2;4:1;13:1;15:1,NONE,NONE,0,NONE,NONE,NONE,0,NONE,NONE,none-authored,NONE,0,skin=id1439@row1472/flags0x0|face=id1448@row1483/flags0x0|hair=id1533@row1565/flags0x0|facial=NONE,Ready,13070,117.8205,169.5835,hair style 0/0 -> geoset variant 2 (DBC match)
player:dwarf-female:face:1,player:dwarf-female:face:1,players,0,0,-1,-1,face,NONE,Character\Dwarf\Female\DwarfFemaleSkin00_00.blp,Character\Dwarf\Female\DwarfFemaleSkin00_00.blp,texture.MPQ,false,NONE,NONE,false,NONE,,Character\Dwarf\Female\DwarfFemale.m2,patch.MPQ,3,1,0,1,0,0,0,,0:0;0:2;4:1;13:1;15:1,NONE,NONE,0,NONE,NONE,NONE,0,NONE,NONE,none-authored,NONE,1,skin=id1431@row1464/flags0x0|face=id1449@row1484/flags0x0|hair=id1533@row1565/flags0x0|facial=NONE,Ready,13070,134.9238,151.0949,hair style 0/0 -> geoset variant 2 (DBC match)
player:dwarf-female:face:2,player:dwarf-female:face:2,players,0,0,-1,-1,face,NONE,Character\Dwarf\Female\DwarfFemaleSkin00_00.blp,Character\Dwarf\Female\DwarfFemaleSkin00_00.blp,texture.MPQ,false,NONE,NONE,false,NONE,,Character\Dwarf\Female\DwarfFemale.m2,patch.MPQ,3,1,0,2,0,0,0,,0:0;0:2;4:1;13:1;15:1,NONE,NONE,0,NONE,NONE,NONE,0,NONE,NONE,none-authored,NONE,1,skin=id1431@row1464/flags0x0|face=id1458@row1493/flags0x0|hair=id1533@row1565/flags0x0|facial=NONE,Ready,13070,134.4933,149.6969,hair style 0/0 -> geoset variant 2 (DBC match)
player:dwarf-female:face:3,player:dwarf-female:face:3,players,0,0,-1,-1,face,NONE,Character\Dwarf\Female\DwarfFemaleSkin00_00.blp,Character\Dwarf\Female\DwarfFemaleSkin00_00.blp,texture.MPQ,false,NONE,NONE,false,NONE,,Character\Dwarf\Female\DwarfFemale.m2,patch.MPQ,3,1,0,3,0,0,0,,0:0;0:2;4:1;13:1;15:1,NONE,NONE,0,NONE,NONE,NONE,0,NONE,NONE,none-authored,NONE,1,skin=id1431@row1464/flags0x0|face=id1467@row1502/flags0x0|hair=id1533@row1565/flags0x0|facial=NONE,Ready,13070,134.5212,158.0516,hair style 0/0 -> geoset variant 2 (DBC match)
player:dwarf-female:face:4,player:dwarf-female:face:4,players,0,0,-1,-1,face,NONE,Character\Dwarf\Female\DwarfFemaleSkin00_00.blp,Character\Dwarf\Female\DwarfFemaleSkin00_00.blp,texture.MPQ,false,NONE,NONE,false,NONE,,Character\Dwarf\Female\DwarfFemale.m2,patch.MPQ,3,1,0,4,0,0,0,,0:0;0:2;4:1;13:1;15:1,NONE,NONE,0,NONE,NONE,NONE,0,NONE,NONE,none-authored,NONE,1,skin=id1431@row1464/flags0x0|face=id1476@row1511/flags0x0|hair=id1533@row1565/flags0x0|facial=NONE,Ready,13070,134.9104,150.5994,hair style 0/0 -> geoset variant 2 (DBC match)
player:dwarf-female:face:5,player:dwarf-female:face:5,players,0,0,-1,-1,face,NONE,Character\Dwarf\Female\DwarfFemaleSkin00_00.blp,Character\Dwarf\Female\DwarfFemaleSkin00_00.blp,texture.MPQ,false,NONE,NONE,false,NONE,,Character\Dwarf\Female\DwarfFemale.m2,patch.MPQ,3,1,0,5,0,0,0,,0:0;0:2;4:1;13:1;15:1,NONE,NONE,0,NONE,NONE,NONE,0,NONE,NONE,none-authored,NONE,1,skin=id1431@row1464/flags0x0|face=id1485@row1520/flags0x0|hair=id1533@row1565/flags0x0|facial=NONE,Ready,13070,134.5211,150.3824,hair style 0/0 -> geoset variant 2 (DBC match)
player:dwarf-female:face:6,player:dwarf-female:face:6,players,0,0,-1,-1,face,NONE,Character\Dwarf\Female\DwarfFemaleSkin00_00.blp,Character\Dwarf\Female\DwarfFemaleSkin00_00.blp,texture.MPQ,false,NONE,NONE,false,NONE,,Character\Dwarf\Female\DwarfFemale.m2,patch.MPQ,3,1,0,6,0,0,0,,0:0;0:2;4:1;13:1;15:1,NONE,NONE,0,NONE,NONE,NONE,0,NONE,NONE,none-authored,NONE,1,skin=id1431@row1464/flags0x0|face=id1494@row1529/flags0x0|hair=id1533@row1565/flags0x0|facial=NONE,Ready,13070,134.7861,151.2998,hair style 0/0 -> geoset variant 2 (DBC match)
player:dwarf-female:face:7,player:dwarf-female:face:7,players,0,0,-1,-1,face,NONE,Character\Dwarf\Female\DwarfFemaleSkin00_00.blp,Character\Dwarf\Female\DwarfFemaleSkin00_00.blp,texture.MPQ,false,NONE,NONE,false,NONE,,Character\Dwarf\Female\DwarfFemale.m2,patch.MPQ,3,1,0,7,0,0,0,,0:0;0:2;4:1;13:1;15:1,NONE,NONE,0,NONE,NONE,NONE,0,NONE,NONE,none-authored,NONE,1,skin=id1431@row1464/flags0x0|face=id1503@row1538/flags0x0|hair=id1533@row1565/flags0x0|facial=NONE,Ready,13070,135.0331,148.6142,hair style 0/0 -> geoset variant 2 (DBC match)
player:dwarf-female:face:8,player:dwarf-female:face:8,players,0,0,-1,-1,face,NONE,Character\Dwarf\Female\DwarfFemaleSkin00_00.blp,Character\Dwarf\Female\DwarfFemaleSkin00_00.blp,texture.MPQ,false,NONE,NONE,false,NONE,,Character\Dwarf\Female\DwarfFemale.m2,patch.MPQ,3,1,0,8,0,0,0,,0:0;0:2;4:1;13:1;15:1,NONE,NONE,0,NONE,NONE,NONE,0,NONE,NONE,none-authored,NONE,1,skin=id1431@row1464/flags0x0|face=id1512@row1547/flags0x0|hair=id1533@row1565/flags0x0|facial=NONE,Ready,13070,134.8151,148.8949,hair style 0/0 -> geoset variant 2 (DBC match)
player:dwarf-female:face:9,player:dwarf-female:face:9,players,0,0,-1,-1,face,NONE,Character\Dwarf\Female\DwarfFemaleSkin00_00.blp,Character\Dwarf\Female\DwarfFemaleSkin00_00.blp,texture.MPQ,false,NONE,NONE,false,NONE,,Character\Dwarf\Female\DwarfFemale.m2,patch.MPQ,3,1,0,9,0,0,0,,0:0;0:2;4:1;13:1;15:1,NONE,NONE,0,NONE,NONE,NONE,0,NONE,NONE,none-authored,NONE,1,skin=id1431@row1464/flags0x0|face=id1521@row1556/flags0x0|hair=id1533@row1565/flags0x0|facial=NONE,Ready,13070,134.7171,162.3408,hair style 0/0 -> geoset variant 2 (DBC match)
player:dwarf-female:hair-style:1,player:dwarf-female:hair-style:1,players,0,0,-1,-1,hair-style,NONE,Character\Dwarf\Female\DwarfFemaleSkin00_00.blp,Character\Dwarf\Female\DwarfFemaleSkin00_00.blp,texture.MPQ,false,NONE,NONE,false,NONE,,Character\Dwarf\Female\DwarfFemale.m2,patch.MPQ,3,1,0,0,1,0,0,,0:0;0:3;4:1;13:1;15:1,NONE,NONE,0,NONE,NONE,NONE,0,NONE,NONE,none-authored,NONE,1,skin=id1431@row1464/flags0x0|face=id1440@row1475/flags0x0|hair=id1543@row1575/flags0x0|facial=NONE,Ready,12919,136.0728,151.8275,hair style 1/0 -> geoset variant 3 (DBC match)
player:dwarf-female:hair-style:2,player:dwarf-female:hair-style:2,players,0,0,-1,-1,hair-style,NONE,Character\Dwarf\Female\DwarfFemaleSkin00_00.blp,Character\Dwarf\Female\DwarfFemaleSkin00_00.blp,texture.MPQ,false,NONE,NONE,false,NONE,,Character\Dwarf\Female\DwarfFemale.m2,patch.MPQ,3,1,0,0,2,0,0,,0:0;0:4;4:1;13:1;15:1,NONE,NONE,0,NONE,NONE,NONE,0,NONE,NONE,none-authored,NONE,1,skin=id1431@row1464/flags0x0|face=id1440@row1475/flags0x0|hair=id1553@row1585/flags0x0|facial=NONE,Ready,12746,136.346,152.8994,hair style 2/0 -> geoset variant 4 (DBC match)
player:dwarf-female:hair-style:3,player:dwarf-female:hair-style:3,players,0,0,-1,-1,hair-style,NONE,Character\Dwarf\Female\DwarfFemaleSkin00_00.blp,Character\Dwarf\Female\DwarfFemaleSkin00_00.blp,texture.MPQ,false,NONE,NONE,false,NONE,,Character\Dwarf\Female\DwarfFemale.m2,patch.MPQ,3,1,0,0,3,0,0,,0:0;0:5;4:1;13:1;15:1,NONE,NONE,0,NONE,NONE,NONE,0,NONE,NONE,none-authored,NONE,1,skin=id1431@row1464/flags0x0|face=id1440@row1475/flags0x0|hair=id1563@row1595/flags0x0|facial=NONE,Ready,13160,135.0408,153.4513,hair style 3/0 -> geoset variant 5 (DBC match)
player:dwarf-female:hair-style:4,player:dwarf-female:hair-style:4,players,0,0,-1,-1,hair-style,NONE,Character\Dwarf\Female\DwarfFemaleSkin00_00.blp,Character\Dwarf\Female\DwarfFemaleSkin00_00.blp,texture.MPQ,false,NONE,NONE,false,NONE,,Character\Dwarf\Female\DwarfFemale.m2,patch.MPQ,3,1,0,0,4,0,0,,0:0;0:6;4:1;13:1;15:1,NONE,NONE,0,NONE,NONE,NONE,0,NONE,NONE,none-authored,NONE,1,skin=id1431@row1464/flags0x0|face=id1440@row1475/flags0x0|hair=id1573@row1605/flags0x0|facial=NONE,Ready,12721,136.763,153.6488,hair style 4/0 -> geoset variant 6 (DBC match)
player:dwarf-female:hair-style:5,player:dwarf-female:hair-style:5,players,0,0,-1,-1,hair-style,NONE,Character\Dwarf\Female\DwarfFemaleSkin00_00.blp,Character\Dwarf\Female\DwarfFemaleSkin00_00.blp,texture.MPQ,false,NONE,NONE,false,NONE,,Character\Dwarf\Female\DwarfFemale.m2,patch.MPQ,3,1,0,0,5,0,0,,0:0;0:7;4:1;13:1;15:1,NONE,NONE,0,NONE,NONE,NONE,0,NONE,NONE,none-authored,NONE,1,skin=id1431@row1464/flags0x0|face=id1440@row1475/flags0x0|hair=id1583@row1615/flags0x0|facial=NONE,Ready,12920,135.6589,152.7984,hair style 5/0 -> geoset variant 7 (DBC match)
player:dwarf-female:hair-style:6,player:dwarf-female:hair-style:6,players,0,0,-1,-1,hair-style,NONE,Character\Dwarf\Female\DwarfFemaleSkin00_00.blp,Character\Dwarf\Female\DwarfFemaleSkin00_00.blp,texture.MPQ,false,NONE,NONE,false,NONE,,Character\Dwarf\Female\DwarfFemale.m2,patch.MPQ,3,1,0,0,6,0,0,,0:0;0:8;4:1;13:1;15:1,NONE,NONE,0,NONE,NONE,NONE,0,NONE,NONE,none-authored,NONE,1,skin=id1431@row1464/flags0x0|face=id1440@row1475/flags0x0|hair=id1593@row1625/flags0x0|facial=NONE,Ready,12696,137.1947,154.431,hair style 6/0 -> geoset variant 8 (DBC match)
player:dwarf-female:hair-style:7,player:dwarf-female:hair-style:7,players,0,0,-1,-1,hair-style,NONE,Character\Dwarf\Female\DwarfFemaleSkin00_00.blp,Character\Dwarf\Female\DwarfFemaleSkin00_00.blp,texture.MPQ,false,NONE,NONE,false,NONE,,Character\Dwarf\Female\DwarfFemale.m2,patch.MPQ,3,1,0,0,7,0,0,,0:0;0:9;4:1;13:1;15:1,NONE,NONE,0,NONE,NONE,NONE,0,NONE,NONE,none-authored,NONE,1,skin=id1431@row1464/flags0x0|face=id1440@row1475/flags0x0|hair=id1603@row1635/flags0x0|facial=NONE,Ready,12875,135.5232,156.4552,hair style 7/0 -> geoset variant 9 (DBC match)
player:dwarf-female:hair-style:8,player:dwarf-female:hair-style:8,players,0,0,-1,-1,hair-style,NONE,Character\Dwarf\Female\DwarfFemaleSkin00_00.blp,Character\Dwarf\Female\DwarfFemaleSkin00_00.blp,texture.MPQ,false,NONE,NONE,false,NONE,,Character\Dwarf\Female\DwarfFemale.m2,patch.MPQ,3,1,0,0,8,0,0,,0:0;0:10;4:1;13:1;15:1,NONE,NONE,0,NONE,NONE,NONE,0,NONE,NONE,none-authored,NONE,1,skin=id1431@row1464/flags0x0|face=id1440@row1475/flags0x0|hair=id1613@row1645/flags0x0|facial=NONE,Ready,12841,136.076,3194.6913,hair style 8/0 -> geoset variant 10 (DBC match)
player:dwarf-female:hair-style:9,player:dwarf-female:hair-style:9,players,0,0,-1,-1,hair-style,NONE,Character\Dwarf\Female\DwarfFemaleSkin00_00.blp,Character\Dwarf\Female\DwarfFemaleSkin00_00.blp,texture.MPQ,false,NONE,NONE,false,NONE,,Character\Dwarf\Female\DwarfFemale.m2,patch.MPQ,3,1,0,0,9,0,0,,0:0;0:11;4:1;13:1;15:1,NONE,NONE,0,NONE,NONE,NONE,0,NONE,NONE,none-authored,NONE,1,skin=id1431@row1464/flags0x0|face=id1440@row1475/flags0x0|hair=id1623@row1655/flags0x0|facial=NONE,Ready,12984,134.5141,150.9119,hair style 9/0 -> geoset variant 11 (DBC match)
player:dwarf-female:hair-style:10,player:dwarf-female:hair-style:10,players,0,0,-1,-1,hair-style,NONE,Character\Dwarf\Female\DwarfFemaleSkin00_00.blp,Character\Dwarf\Female\DwarfFemaleSkin00_00.blp,texture.MPQ,false,NONE,NONE,false,NONE,,Character\Dwarf\Female\DwarfFemale.m2,patch.MPQ,3,1,0,0,10,0,0,,0:0;0:12;4:1;13:1;15:1,NONE,NONE,0,NONE,NONE,NONE,0,NONE,NONE,none-authored,NONE,1,skin=id1431@row1464/flags0x0|face=id1440@row1475/flags0x0|hair=id1633@row1665/flags0x0|facial=NONE,Ready,12788,136.491,150.8889,hair style 10/0 -> geoset variant 12 (DBC match)
player:dwarf-female:hair-style:11,player:dwarf-female:hair-style:11,players,0,0,-1,-1,hair-style,NONE,Character\Dwarf\Female\DwarfFemaleSkin00_00.blp,Character\Dwarf\Female\DwarfFemaleSkin00_00.blp,texture.MPQ,false,NONE,NONE,false,NONE,,Character\Dwarf\Female\DwarfFemale.m2,patch.MPQ,3,1,0,0,11,0,0,,0:0;0:13;4:1;13:1;15:1,NONE,NONE,0,NONE,NONE,NONE,0,NONE,NONE,none-authored,NONE,1,skin=id1431@row1464/flags0x0|face=id1440@row1475/flags0x0|hair=id1643@row1675/flags0x0|facial=NONE,Ready,12678,136.7359,151.6484,hair style 11/0 -> geoset variant 13 (DBC match)
player:dwarf-female:hair-style:12,player:dwarf-female:hair-style:12,players,0,0,-1,-1,hair-style,NONE,Character\Dwarf\Female\DwarfFemaleSkin00_00.blp,Character\Dwarf\Female\DwarfFemaleSkin00_00.blp,texture.MPQ,false,NONE,NONE,false,NONE,,Character\Dwarf\Female\DwarfFemale.m2,patch.MPQ,3,1,0,0,12,0,0,,0:0;0:14;4:1;13:1;15:1,NONE,NONE,0,NONE,NONE,NONE,0,NONE,NONE,none-authored,NONE,1,skin=id1431@row1464/flags0x0|face=id1440@row1475/flags0x0|hair=id1653@row1685/flags0x0|facial=NONE,Ready,12770,136.2662,151.4378,hair style 12/0 -> geoset variant 14 (DBC match)
player:dwarf-female:hair-style:13,player:dwarf-female:hair-style:13,players,0,0,-1,-1,hair-style,NONE,Character\Dwarf\Female\DwarfFemaleSkin00_00.blp,Character\Dwarf\Female\DwarfFemaleSkin00_00.blp,texture.MPQ,false,NONE,NONE,false,NONE,,Character\Dwarf\Female\DwarfFemale.m2,patch.MPQ,3,1,0,0,13,0,0,,0:0;0:15;4:1;13:1;15:1,NONE,NONE,0,NONE,NONE,NONE,0,NONE,NONE,none-authored,NONE,1,skin=id1431@row1464/flags0x0|face=id1440@row1475/flags0x0|hair=id1663@row1695/flags0x0|facial=NONE,Ready,13123,134.3573,152.1221,hair style 13/0 -> geoset variant 15 (DBC match)
player:dwarf-female:hair-color:1,player:dwarf-female:hair-color:1,players,0,0,-1,-1,hair-color,NONE,Character\Dwarf\Female\DwarfFemaleSkin00_00.blp,Character\Dwarf\Female\DwarfFemaleSkin00_00.blp,texture.MPQ,false,NONE,NONE,false,NONE,,Character\Dwarf\Female\DwarfFemale.m2,patch.MPQ,3,1,0,0,0,1,0,,0:0;0:2;4:1;13:1;15:1,NONE,NONE,0,NONE,NONE,NONE,0,NONE,NONE,none-authored,NONE,1,skin=id1431@row1464/flags0x0|face=id1440@row1475/flags0x0|hair=id1534@row1566/flags0x0|facial=NONE,Ready,13070,135.1479,160.083,hair style 0/1 -> geoset variant 2 (DBC match)
player:dwarf-female:hair-color:2,player:dwarf-female:hair-color:2,players,0,0,-1,-1,hair-color,NONE,Character\Dwarf\Female\DwarfFemaleSkin00_00.blp,Character\Dwarf\Female\DwarfFemaleSkin00_00.blp,texture.MPQ,false,NONE,NONE,false,NONE,,Character\Dwarf\Female\DwarfFemale.m2,patch.MPQ,3,1,0,0,0,2,0,,0:0;0:2;4:1;13:1;15:1,NONE,NONE,0,NONE,NONE,NONE,0,NONE,NONE,none-authored,NONE,1,skin=id1431@row1464/flags0x0|face=id1440@row1475/flags0x0|hair=id1535@row1567/flags0x0|facial=NONE,Ready,13070,133.9629,151.5831,hair style 0/2 -> geoset variant 2 (DBC match)
player:dwarf-female:hair-color:3,player:dwarf-female:hair-color:3,players,0,0,-1,-1,hair-color,NONE,Character\Dwarf\Female\DwarfFemaleSkin00_00.blp,Character\Dwarf\Female\DwarfFemaleSkin00_00.blp,texture.MPQ,false,NONE,NONE,false,NONE,,Character\Dwarf\Female\DwarfFemale.m2,patch.MPQ,3,1,0,0,0,3,0,,0:0;0:2;4:1;13:1;15:1,NONE,NONE,0,NONE,NONE,NONE,0,NONE,NONE,none-authored,NONE,1,skin=id1431@row1464/flags0x0|face=id1440@row1475/flags0x0|hair=id1536@row1568/flags0x0|facial=NONE,Ready,13070,136.3202,153.3576,hair style 0/3 -> geoset variant 2 (DBC match)
player:dwarf-female:hair-color:4,player:dwarf-female:hair-color:4,players,0,0,-1,-1,hair-color,NONE,Character\Dwarf\Female\DwarfFemaleSkin00_00.blp,Character\Dwarf\Female\DwarfFemaleSkin00_00.blp,texture.MPQ,false,NONE,NONE,false,NONE,,Character\Dwarf\Female\DwarfFemale.m2,patch.MPQ,3,1,0,0,0,4,0,,0:0;0:2;4:1;13:1;15:1,NONE,NONE,0,NONE,NONE,NONE,0,NONE,NONE,none-authored,NONE,1,skin=id1431@row1464/flags0x0|face=id1440@row1475/flags0x0|hair=id1537@row1569/flags0x0|facial=NONE,Ready,13070,133.0816,152.7465,hair style 0/4 -> geoset variant 2 (DBC match)
player:dwarf-female:hair-color:5,player:dwarf-female:hair-color:5,players,0,0,-1,-1,hair-color,NONE,Character\Dwarf\Female\DwarfFemaleSkin00_00.blp,Character\Dwarf\Female\DwarfFemaleSkin00_00.blp,texture.MPQ,false,NONE,NONE,false,NONE,,Character\Dwarf\Female\DwarfFemale.m2,patch.MPQ,3,1,0,0,0,5,0,,0:0;0:2;4:1;13:1;15:1,NONE,NONE,0,NONE,NONE,NONE,0,NONE,NONE,none-authored,NONE,1,skin=id1431@row1464/flags0x0|face=id1440@row1475/flags0x0|hair=id1538@row1570/flags0x0|facial=NONE,Ready,13070,132.2488,154.3276,hair style 0/5 -> geoset variant 2 (DBC match)
player:dwarf-female:hair-color:6,player:dwarf-female:hair-color:6,players,0,0,-1,-1,hair-color,NONE,Character\Dwarf\Female\DwarfFemaleSkin00_00.blp,Character\Dwarf\Female\DwarfFemaleSkin00_00.blp,texture.MPQ,false,NONE,NONE,false,NONE,,Character\Dwarf\Female\DwarfFemale.m2,patch.MPQ,3,1,0,0,0,6,0,,0:0;0:2;4:1;13:1;15:1,NONE,NONE,0,NONE,NONE,NONE,0,NONE,NONE,none-authored,NONE,1,skin=id1431@row1464/flags0x0|face=id1440@row1475/flags0x0|hair=id1539@row1571/flags0x0|facial=NONE,Ready,13070,134.6062,150.9187,hair style 0/6 -> geoset variant 2 (DBC match)
player:dwarf-female:hair-color:7,player:dwarf-female:hair-color:7,players,0,0,-1,-1,hair-color,NONE,Character\Dwarf\Female\DwarfFemaleSkin00_00.blp,Character\Dwarf\Female\DwarfFemaleSkin00_00.blp,texture.MPQ,false,NONE,NONE,false,NONE,,Character\Dwarf\Female\DwarfFemale.m2,patch.MPQ,3,1,0,0,0,7,0,,0:0;0:2;4:1;13:1;15:1,NONE,NONE,0,NONE,NONE,NONE,0,NONE,NONE,none-authored,NONE,1,skin=id1431@row1464/flags0x0|face=id1440@row1475/flags0x0|hair=id1540@row1572/flags0x0|facial=NONE,Ready,13070,136.162,152.2358,hair style 0/7 -> geoset variant 2 (DBC match)
player:dwarf-female:hair-color:8,player:dwarf-female:hair-color:8,players,0,0,-1,-1,hair-color,NONE,Character\Dwarf\Female\DwarfFemaleSkin00_00.blp,Character\Dwarf\Female\DwarfFemaleSkin00_00.blp,texture.MPQ,false,NONE,NONE,false,NONE,,Character\Dwarf\Female\DwarfFemale.m2,patch.MPQ,3,1,0,0,0,8,0,,0:0;0:2;4:1;13:1;15:1,NONE,NONE,0,NONE,NONE,NONE,0,NONE,NONE,none-authored,NONE,1,skin=id1431@row1464/flags0x0|face=id1440@row1475/flags0x0|hair=id1541@row1573/flags0x0|facial=NONE,Ready,13070,134.0872,159.2471,hair style 0/8 -> geoset variant 2 (DBC match)
player:dwarf-female:hair-color:9,player:dwarf-female:hair-color:9,players,0,0,-1,-1,hair-color,NONE,Character\Dwarf\Female\DwarfFemaleSkin00_00.blp,Character\Dwarf\Female\DwarfFemaleSkin00_00.blp,texture.MPQ,false,NONE,NONE,false,NONE,,Character\Dwarf\Female\DwarfFemale.m2,patch.MPQ,3,1,0,0,0,9,0,,0:0;0:2;4:1;13:1;15:1,NONE,NONE,0,NONE,NONE,NONE,0,NONE,NONE,none-authored,NONE,1,skin=id1431@row1464/flags0x0|face=id1440@row1475/flags0x0|hair=id1542@row1574/flags0x0|facial=NONE,Ready,13070,132.2701,156.5605,hair style 0/9 -> geoset variant 2 (DBC match)
player:dwarf-female:facial-hair:1,player:dwarf-female:facial-hair:1,players,0,0,-1,-1,facial-hair,NONE,Character\Dwarf\Female\DwarfFemaleSkin00_00.blp,Character\Dwarf\Female\DwarfFemaleSkin00_00.blp,texture.MPQ,false,NONE,NONE,false,NONE,,Character\Dwarf\Female\DwarfFemale.m2,patch.MPQ,3,1,0,0,0,0,1,,0:0;0:2;4:1;13:1;15:1,NONE,NONE,0,NONE,NONE,NONE,0,NONE,NONE,none-authored,NONE,1,skin=id1431@row1464/flags0x0|face=id1440@row1475/flags0x0|hair=id1533@row1565/flags0x0|facial=NONE,Ready,13070,134.7942,150.6183,hair style 0/0 -> geoset variant 2 (DBC match)
player:dwarf-female:facial-hair:2,player:dwarf-female:facial-hair:2,players,0,0,-1,-1,facial-hair,NONE,Character\Dwarf\Female\DwarfFemaleSkin00_00.blp,Character\Dwarf\Female\DwarfFemaleSkin00_00.blp,texture.MPQ,false,NONE,NONE,false,NONE,,Character\Dwarf\Female\DwarfFemale.m2,patch.MPQ,3,1,0,0,0,0,2,,0:0;0:2;4:1;13:1;15:1,NONE,NONE,0,NONE,NONE,NONE,0,NONE,NONE,none-authored,NONE,1,skin=id1431@row1464/flags0x0|face=id1440@row1475/flags0x0|hair=id1533@row1565/flags0x0|facial=NONE,Ready,13070,134.7942,149.958,hair style 0/0 -> geoset variant 2 (DBC match)
player:dwarf-female:facial-hair:3,player:dwarf-female:facial-hair:3,players,0,0,-1,-1,facial-hair,NONE,Character\Dwarf\Female\DwarfFemaleSkin00_00.blp,Character\Dwarf\Female\DwarfFemaleSkin00_00.blp,texture.MPQ,false,NONE,NONE,false,NONE,,Character\Dwarf\Female\DwarfFemale.m2,patch.MPQ,3,1,0,0,0,0,3,,0:0;0:2;4:1;13:1;15:1,NONE,NONE,0,NONE,NONE,NONE,0,NONE,NONE,none-authored,NONE,1,skin=id1431@row1464/flags0x0|face=id1440@row1475/flags0x0|hair=id1533@row1565/flags0x0|facial=NONE,Ready,13070,134.7942,150.8174,hair style 0/0 -> geoset variant 2 (DBC match)
player:dwarf-female:facial-hair:4,player:dwarf-female:facial-hair:4,players,0,0,-1,-1,facial-hair,NONE,Character\Dwarf\Female\DwarfFemaleSkin00_00.blp,Character\Dwarf\Female\DwarfFemaleSkin00_00.blp,texture.MPQ,false,NONE,NONE,false,NONE,,Character\Dwarf\Female\DwarfFemale.m2,patch.MPQ,3,1,0,0,0,0,4,,0:0;0:2;4:1;13:1;15:1,NONE,NONE,0,NONE,NONE,NONE,0,NONE,NONE,none-authored,NONE,1,skin=id1431@row1464/flags0x0|face=id1440@row1475/flags0x0|hair=id1533@row1565/flags0x0|facial=NONE,Ready,13070,134.7942,152.6589,hair style 0/0 -> geoset variant 2 (DBC match)
player:dwarf-female:facial-hair:5,player:dwarf-female:facial-hair:5,players,0,0,-1,-1,facial-hair,NONE,Character\Dwarf\Female\DwarfFemaleSkin00_00.blp,Character\Dwarf\Female\DwarfFemaleSkin00_00.blp,texture.MPQ,false,NONE,NONE,false,NONE,,Character\Dwarf\Female\DwarfFemale.m2,patch.MPQ,3,1,0,0,0,0,5,,0:0;0:2;4:1;13:1;15:1,NONE,NONE,0,NONE,NONE,NONE,0,NONE,NONE,none-authored,NONE,1,skin=id1431@row1464/flags0x0|face=id1440@row1475/flags0x0|hair=id1533@row1565/flags0x0|facial=NONE,Ready,13070,134.7942,178.4555,hair style 0/0 -> geoset variant 2 (DBC match)
player:nightelf-male:base,player:nightelf-male:base,players,0,0,-1,-1,base,NONE,Character\NightElf\Male\NightElfMaleSkin00_00.blp,Character\NightElf\Male\NightElfMaleSkin00_00.blp,texture.MPQ,false,NONE,NONE,false,NONE,,Character\NightElf\Male\NightElfMale.m2,patch.MPQ,4,0,0,0,0,0,0,,0:2;0:0;4:1;5:1;7:2;13:1;15:1,NONE,NONE,0,NONE,NONE,NONE,0,NONE,NONE,none-authored,NONE,0,skin=id1682@row1714/flags0x0|face=id1691@row1723/flags0x0|hair=id1822@row1864/flags0x0|facial=id4260@row1804/flags0x0,Ready,26081,104.7199,164.1142,hair style 0/0 -> geoset variant 2 (DBC match)
player:nightelf-male:skin:1,player:nightelf-male:skin:1,players,0,0,-1,-1,skin,NONE,Character\NightElf\Male\NightElfMaleSkin00_01.blp,Character\NightElf\Male\NightElfMaleSkin00_01.blp,texture.MPQ,false,NONE,NONE,false,NONE,,Character\NightElf\Male\NightElfMale.m2,patch.MPQ,4,0,1,0,0,0,0,,0:2;0:0;4:1;5:1;7:2;13:1;15:1,NONE,NONE,0,NONE,NONE,NONE,0,NONE,NONE,none-authored,NONE,0,skin=id1683@row1715/flags0x0|face=id1692@row1724/flags0x0|hair=id1822@row1864/flags0x0|facial=id4260@row1804/flags0x0,Ready,26081,87.1648,151.2424,hair style 0/0 -> geoset variant 2 (DBC match)
player:nightelf-male:skin:2,player:nightelf-male:skin:2,players,0,0,-1,-1,skin,NONE,Character\NightElf\Male\NightElfMaleSkin00_02.blp,Character\NightElf\Male\NightElfMaleSkin00_02.blp,texture.MPQ,false,NONE,NONE,false,NONE,,Character\NightElf\Male\NightElfMale.m2,patch.MPQ,4,0,2,0,0,0,0,,0:2;0:0;4:1;5:1;7:2;13:1;15:1,NONE,NONE,0,NONE,NONE,NONE,0,NONE,NONE,none-authored,NONE,0,skin=id1684@row1716/flags0x0|face=id1693@row1725/flags0x0|hair=id1822@row1864/flags0x0|facial=id4260@row1804/flags0x0,Ready,26081,71.4703,152.4244,hair style 0/0 -> geoset variant 2 (DBC match)
player:nightelf-male:skin:3,player:nightelf-male:skin:3,players,0,0,-1,-1,skin,NONE,Character\NightElf\Male\NightElfMaleSkin00_03.blp,Character\NightElf\Male\NightElfMaleSkin00_03.blp,texture.MPQ,false,NONE,NONE,false,NONE,,Character\NightElf\Male\NightElfMale.m2,patch.MPQ,4,0,3,0,0,0,0,,0:2;0:0;4:1;5:1;7:2;13:1;15:1,NONE,NONE,0,NONE,NONE,NONE,0,NONE,NONE,none-authored,NONE,0,skin=id1685@row1717/flags0x0|face=id1694@row1726/flags0x0|hair=id1822@row1864/flags0x0|facial=id4260@row1804/flags0x0,Ready,26081,101.1366,148.2782,hair style 0/0 -> geoset variant 2 (DBC match)
player:nightelf-male:skin:4,player:nightelf-male:skin:4,players,0,0,-1,-1,skin,NONE,Character\NightElf\Male\NightElfMaleSkin00_04.blp,Character\NightElf\Male\NightElfMaleSkin00_04.blp,texture.MPQ,false,NONE,NONE,false,NONE,,Character\NightElf\Male\NightElfMale.m2,patch.MPQ,4,0,4,0,0,0,0,,0:2;0:0;4:1;5:1;7:2;13:1;15:1,NONE,NONE,0,NONE,NONE,NONE,0,NONE,NONE,none-authored,NONE,0,skin=id1686@row1718/flags0x0|face=id1695@row1727/flags0x0|hair=id1822@row1864/flags0x0|facial=id4260@row1804/flags0x0,Ready,26081,94.5516,155.3034,hair style 0/0 -> geoset variant 2 (DBC match)
player:nightelf-male:skin:5,player:nightelf-male:skin:5,players,0,0,-1,-1,skin,NONE,Character\NightElf\Male\NightElfMaleSkin00_05.blp,Character\NightElf\Male\NightElfMaleSkin00_05.blp,texture.MPQ,false,NONE,NONE,false,NONE,,Character\NightElf\Male\NightElfMale.m2,patch.MPQ,4,0,5,0,0,0,0,,0:2;0:0;4:1;5:1;7:2;13:1;15:1,NONE,NONE,0,NONE,NONE,NONE,0,NONE,NONE,none-authored,NONE,0,skin=id1687@row1719/flags0x0|face=id1696@row1728/flags0x0|hair=id1822@row1864/flags0x0|facial=id4260@row1804/flags0x0,Ready,26081,87.7374,154.8966,hair style 0/0 -> geoset variant 2 (DBC match)
player:nightelf-male:skin:6,player:nightelf-male:skin:6,players,0,0,-1,-1,skin,NONE,Character\NightElf\Male\NightElfMaleSkin00_06.blp,Character\NightElf\Male\NightElfMaleSkin00_06.blp,texture.MPQ,false,NONE,NONE,false,NONE,,Character\NightElf\Male\NightElfMale.m2,patch.MPQ,4,0,6,0,0,0,0,,0:2;0:0;4:1;5:1;7:2;13:1;15:1,NONE,NONE,0,NONE,NONE,NONE,0,NONE,NONE,none-authored,NONE,0,skin=id1688@row1720/flags0x0|face=id1697@row1729/flags0x0|hair=id1822@row1864/flags0x0|facial=id4260@row1804/flags0x0,Ready,26081,87.4049,160.7047,hair style 0/0 -> geoset variant 2 (DBC match)
player:nightelf-male:skin:7,player:nightelf-male:skin:7,players,0,0,-1,-1,skin,NONE,Character\NightElf\Male\NightElfMaleSkin00_07.blp,Character\NightElf\Male\NightElfMaleSkin00_07.blp,texture.MPQ,false,NONE,NONE,false,NONE,,Character\NightElf\Male\NightElfMale.m2,patch.MPQ,4,0,7,0,0,0,0,,0:2;0:0;4:1;5:1;7:2;13:1;15:1,NONE,NONE,0,NONE,NONE,NONE,0,NONE,NONE,none-authored,NONE,0,skin=id1689@row1721/flags0x0|face=id1698@row1730/flags0x0|hair=id1822@row1864/flags0x0|facial=id4260@row1804/flags0x0,Ready,26081,84.1324,151.502,hair style 0/0 -> geoset variant 2 (DBC match)
player:nightelf-male:skin:8,player:nightelf-male:skin:8,players,0,0,-1,-1,skin,NONE,Character\NightElf\Male\NightElfMaleSkin00_08.blp,Character\NightElf\Male\NightElfMaleSkin00_08.blp,texture.MPQ,false,NONE,NONE,false,NONE,,Character\NightElf\Male\NightElfMale.m2,patch.MPQ,4,0,8,0,0,0,0,,0:2;0:0;4:1;5:1;7:2;13:1;15:1,NONE,NONE,0,NONE,NONE,NONE,0,NONE,NONE,none-authored,NONE,0,skin=id1690@row1722/flags0x0|face=id1699@row1731/flags0x0|hair=id1822@row1864/flags0x0|facial=id4260@row1804/flags0x0,Ready,26081,88.5651,151.6281,hair style 0/0 -> geoset variant 2 (DBC match)
player:nightelf-male:face:1,player:nightelf-male:face:1,players,0,0,-1,-1,face,NONE,Character\NightElf\Male\NightElfMaleSkin00_00.blp,Character\NightElf\Male\NightElfMaleSkin00_00.blp,texture.MPQ,false,NONE,NONE,false,NONE,,Character\NightElf\Male\NightElfMale.m2,patch.MPQ,4,0,0,1,0,0,0,,0:2;0:0;4:1;5:1;7:2;13:1;15:1,NONE,NONE,0,NONE,NONE,NONE,0,NONE,NONE,none-authored,NONE,0,skin=id1682@row1714/flags0x0|face=id1700@row1732/flags0x0|hair=id1822@row1864/flags0x0|facial=id4260@row1804/flags0x0,Ready,26081,104.8828,152.7696,hair style 0/0 -> geoset variant 2 (DBC match)
player:nightelf-male:face:2,player:nightelf-male:face:2,players,0,0,-1,-1,face,NONE,Character\NightElf\Male\NightElfMaleSkin00_00.blp,Character\NightElf\Male\NightElfMaleSkin00_00.blp,texture.MPQ,false,NONE,NONE,false,NONE,,Character\NightElf\Male\NightElfMale.m2,patch.MPQ,4,0,0,2,0,0,0,,0:2;0:0;4:1;5:1;7:2;13:1;15:1,NONE,NONE,0,NONE,NONE,NONE,0,NONE,NONE,none-authored,NONE,0,skin=id1682@row1714/flags0x0|face=id1709@row1741/flags0x0|hair=id1822@row1864/flags0x0|facial=id4260@row1804/flags0x0,Ready,26081,104.7575,154.8008,hair style 0/0 -> geoset variant 2 (DBC match)
player:nightelf-male:face:3,player:nightelf-male:face:3,players,0,0,-1,-1,face,NONE,Character\NightElf\Male\NightElfMaleSkin00_00.blp,Character\NightElf\Male\NightElfMaleSkin00_00.blp,texture.MPQ,false,NONE,NONE,false,NONE,,Character\NightElf\Male\NightElfMale.m2,patch.MPQ,4,0,0,3,0,0,0,,0:2;0:0;4:1;5:1;7:2;13:1;15:1,NONE,NONE,0,NONE,NONE,NONE,0,NONE,NONE,none-authored,NONE,0,skin=id1682@row1714/flags0x0|face=id1718@row1750/flags0x0|hair=id1822@row1864/flags0x0|facial=id4260@row1804/flags0x0,Ready,26081,104.689,153.7937,hair style 0/0 -> geoset variant 2 (DBC match)
player:nightelf-male:face:4,player:nightelf-male:face:4,players,0,0,-1,-1,face,NONE,Character\NightElf\Male\NightElfMaleSkin00_00.blp,Character\NightElf\Male\NightElfMaleSkin00_00.blp,texture.MPQ,false,NONE,NONE,false,NONE,,Character\NightElf\Male\NightElfMale.m2,patch.MPQ,4,0,0,4,0,0,0,,0:2;0:0;4:1;5:1;7:2;13:1;15:1,NONE,NONE,0,NONE,NONE,NONE,0,NONE,NONE,none-authored,NONE,0,skin=id1682@row1714/flags0x0|face=id1727@row1759/flags0x0|hair=id1822@row1864/flags0x0|facial=id4260@row1804/flags0x0,Ready,26081,104.793,158.9283,hair style 0/0 -> geoset variant 2 (DBC match)
player:nightelf-male:face:5,player:nightelf-male:face:5,players,0,0,-1,-1,face,NONE,Character\NightElf\Male\NightElfMaleSkin00_00.blp,Character\NightElf\Male\NightElfMaleSkin00_00.blp,texture.MPQ,false,NONE,NONE,false,NONE,,Character\NightElf\Male\NightElfMale.m2,patch.MPQ,4,0,0,5,0,0,0,,0:2;0:0;4:1;5:1;7:2;13:1;15:1,NONE,NONE,0,NONE,NONE,NONE,0,NONE,NONE,none-authored,NONE,0,skin=id1682@row1714/flags0x0|face=id1736@row1768/flags0x0|hair=id1822@row1864/flags0x0|facial=id4260@row1804/flags0x0,Ready,26081,104.5503,173.5263,hair style 0/0 -> geoset variant 2 (DBC match)
player:nightelf-male:face:6,player:nightelf-male:face:6,players,0,0,-1,-1,face,NONE,Character\NightElf\Male\NightElfMaleSkin00_00.blp,Character\NightElf\Male\NightElfMaleSkin00_00.blp,texture.MPQ,false,NONE,NONE,false,NONE,,Character\NightElf\Male\NightElfMale.m2,patch.MPQ,4,0,0,6,0,0,0,,0:2;0:0;4:1;5:1;7:2;13:1;15:1,NONE,NONE,0,NONE,NONE,NONE,0,NONE,NONE,none-authored,NONE,0,skin=id1682@row1714/flags0x0|face=id1745@row1777/flags0x0|hair=id1822@row1864/flags0x0|facial=id4260@row1804/flags0x0,Ready,26081,104.8569,152.7217,hair style 0/0 -> geoset variant 2 (DBC match)
player:nightelf-male:face:7,player:nightelf-male:face:7,players,0,0,-1,-1,face,NONE,Character\NightElf\Male\NightElfMaleSkin00_00.blp,Character\NightElf\Male\NightElfMaleSkin00_00.blp,texture.MPQ,false,NONE,NONE,false,NONE,,Character\NightElf\Male\NightElfMale.m2,patch.MPQ,4,0,0,7,0,0,0,,0:2;0:0;4:1;5:1;7:2;13:1;15:1,NONE,NONE,0,NONE,NONE,NONE,0,NONE,NONE,none-authored,NONE,0,skin=id1682@row1714/flags0x0|face=id1754@row1786/flags0x0|hair=id1822@row1864/flags0x0|facial=id4260@row1804/flags0x0,Ready,26081,104.7159,151.0583,hair style 0/0 -> geoset variant 2 (DBC match)
player:nightelf-male:face:8,player:nightelf-male:face:8,players,0,0,-1,-1,face,NONE,Character\NightElf\Male\NightElfMaleSkin00_00.blp,Character\NightElf\Male\NightElfMaleSkin00_00.blp,texture.MPQ,false,NONE,NONE,false,NONE,,Character\NightElf\Male\NightElfMale.m2,patch.MPQ,4,0,0,8,0,0,0,,0:2;0:0;4:1;5:1;7:2;13:1;15:1,NONE,NONE,0,NONE,NONE,NONE,0,NONE,NONE,none-authored,NONE,0,skin=id1682@row1714/flags0x0|face=id1763@row1795/flags0x0|hair=id1822@row1864/flags0x0|facial=id4260@row1804/flags0x0,Ready,26081,104.9164,151.0293,hair style 0/0 -> geoset variant 2 (DBC match)
player:nightelf-male:hair-style:1,player:nightelf-male:hair-style:1,players,0,0,-1,-1,hair-style,NONE,Character\NightElf\Male\NightElfMaleSkin00_00.blp,Character\NightElf\Male\NightElfMaleSkin00_00.blp,texture.MPQ,false,NONE,NONE,false,NONE,,Character\NightElf\Male\NightElfMale.m2,patch.MPQ,4,0,0,0,1,0,0,,0:3;0:0;4:1;5:1;7:2;13:1;15:1,NONE,NONE,0,NONE,NONE,NONE,0,NONE,NONE,none-authored,NONE,0,skin=id1682@row1714/flags0x0|face=id1691@row1723/flags0x0|hair=id1830@row1872/flags0x0|facial=id4260@row1804/flags0x0,Ready,25973,103.8959,155.2534,hair style 1/0 -> geoset variant 3 (DBC match)
player:nightelf-male:hair-style:2,player:nightelf-male:hair-style:2,players,0,0,-1,-1,hair-style,NONE,Character\NightElf\Male\NightElfMaleSkin00_00.blp,Character\NightElf\Male\NightElfMaleSkin00_00.blp,texture.MPQ,false,NONE,NONE,false,NONE,,Character\NightElf\Male\NightElfMale.m2,patch.MPQ,4,0,0,0,2,0,0,,0:4;0:0;4:1;5:1;7:2;13:1;15:1,NONE,NONE,0,NONE,NONE,NONE,0,NONE,NONE,none-authored,NONE,0,skin=id1682@row1714/flags0x0|face=id1691@row1723/flags0x0|hair=id1838@row1880/flags0x0|facial=id4260@row1804/flags0x0,Ready,25894,103.7348,159.2004,hair style 2/0 -> geoset variant 4 (DBC match)
player:nightelf-male:hair-style:3,player:nightelf-male:hair-style:3,players,0,0,-1,-1,hair-style,NONE,Character\NightElf\Male\NightElfMaleSkin00_00.blp,Character\NightElf\Male\NightElfMaleSkin00_00.blp,texture.MPQ,false,NONE,NONE,false,NONE,,Character\NightElf\Male\NightElfMale.m2,patch.MPQ,4,0,0,0,3,0,0,,0:5;0:0;4:1;5:1;7:2;13:1;15:1,NONE,NONE,0,NONE,NONE,NONE,0,NONE,NONE,none-authored,NONE,0,skin=id1682@row1714/flags0x0|face=id1691@row1723/flags0x0|hair=id1846@row1888/flags0x0|facial=id4260@row1804/flags0x0,Ready,25570,110.0511,152.3402,hair style 3/0 -> geoset variant 5 (DBC match)
player:nightelf-male:hair-style:4,player:nightelf-male:hair-style:4,players,0,0,-1,-1,hair-style,NONE,Character\NightElf\Male\NightElfMaleSkin00_00.blp,Character\NightElf\Male\NightElfMaleSkin00_00.blp,texture.MPQ,false,NONE,NONE,false,NONE,,Character\NightElf\Male\NightElfMale.m2,patch.MPQ,4,0,0,0,4,0,0,,0:6;0:0;4:1;5:1;7:2;13:1;15:1,NONE,NONE,0,NONE,NONE,NONE,0,NONE,NONE,none-authored,NONE,0,skin=id1682@row1714/flags0x0|face=id1691@row1723/flags0x0|hair=id1854@row1896/flags0x0|facial=id4260@row1804/flags0x0,Ready,26051,108.7701,153.349,hair style 4/0 -> geoset variant 6 (DBC match)
player:nightelf-male:hair-style:5,player:nightelf-male:hair-style:5,players,0,0,-1,-1,hair-style,NONE,Character\NightElf\Male\NightElfMaleSkin00_00.blp,Character\NightElf\Male\NightElfMaleSkin00_00.blp,texture.MPQ,false,NONE,NONE,false,NONE,,Character\NightElf\Male\NightElfMale.m2,patch.MPQ,4,0,0,0,5,0,0,,0:7;0:0;4:1;5:1;7:2;13:1;15:1,NONE,NONE,0,NONE,NONE,NONE,0,NONE,NONE,none-authored,NONE,0,skin=id1682@row1714/flags0x0|face=id1691@row1723/flags0x0|hair=id1862@row1904/flags0x0|facial=id4260@row1804/flags0x0,Ready,25703,109.0866,153.3817,hair style 5/0 -> geoset variant 7 (DBC match)
player:nightelf-male:hair-style:6,player:nightelf-male:hair-style:6,players,0,0,-1,-1,hair-style,NONE,Character\NightElf\Male\NightElfMaleSkin00_00.blp,Character\NightElf\Male\NightElfMaleSkin00_00.blp,texture.MPQ,false,NONE,NONE,false,NONE,,Character\NightElf\Male\NightElfMale.m2,patch.MPQ,4,0,0,0,6,0,0,,0:8;0:0;4:1;5:1;7:2;13:1;15:1,NONE,NONE,0,NONE,NONE,NONE,0,NONE,NONE,none-authored,NONE,0,skin=id1682@row1714/flags0x0|face=id1691@row1723/flags0x0|hair=id1870@row1912/flags0x0|facial=id4260@row1804/flags0x0,Ready,26218,106.6724,151.3481,hair style 6/0 -> geoset variant 8 (DBC match)
player:nightelf-male:hair-color:1,player:nightelf-male:hair-color:1,players,0,0,-1,-1,hair-color,NONE,Character\NightElf\Male\NightElfMaleSkin00_00.blp,Character\NightElf\Male\NightElfMaleSkin00_00.blp,texture.MPQ,false,NONE,NONE,false,NONE,,Character\NightElf\Male\NightElfMale.m2,patch.MPQ,4,0,0,0,0,1,0,,0:2;0:0;4:1;5:1;7:2;13:1;15:1,NONE,NONE,0,NONE,NONE,NONE,0,NONE,NONE,none-authored,NONE,0,skin=id1682@row1714/flags0x0|face=id1691@row1723/flags0x0|hair=id1823@row1865/flags0x0|facial=id4261@row1805/flags0x0,Ready,26081,104.5981,152.032,hair style 0/1 -> geoset variant 2 (DBC match)
player:nightelf-male:hair-color:2,player:nightelf-male:hair-color:2,players,0,0,-1,-1,hair-color,NONE,Character\NightElf\Male\NightElfMaleSkin00_00.blp,Character\NightElf\Male\NightElfMaleSkin00_00.blp,texture.MPQ,false,NONE,NONE,false,NONE,,Character\NightElf\Male\NightElfMale.m2,patch.MPQ,4,0,0,0,0,2,0,,0:2;0:0;4:1;5:1;7:2;13:1;15:1,NONE,NONE,0,NONE,NONE,NONE,0,NONE,NONE,none-authored,NONE,0,skin=id1682@row1714/flags0x0|face=id1691@row1723/flags0x0|hair=id1824@row1866/flags0x0|facial=id4262@row1806/flags0x0,Ready,26081,103.9166,159.5456,hair style 0/2 -> geoset variant 2 (DBC match)
player:nightelf-male:hair-color:3,player:nightelf-male:hair-color:3,players,0,0,-1,-1,hair-color,NONE,Character\NightElf\Male\NightElfMaleSkin00_00.blp,Character\NightElf\Male\NightElfMaleSkin00_00.blp,texture.MPQ,false,NONE,NONE,false,NONE,,Character\NightElf\Male\NightElfMale.m2,patch.MPQ,4,0,0,0,0,3,0,,0:2;0:0;4:1;5:1;7:2;13:1;15:1,NONE,NONE,0,NONE,NONE,NONE,0,NONE,NONE,none-authored,NONE,0,skin=id1682@row1714/flags0x0|face=id1691@row1723/flags0x0|hair=id1825@row1867/flags0x0|facial=id4263@row1807/flags0x0,Ready,26081,106.4473,155.2749,hair style 0/3 -> geoset variant 2 (DBC match)
player:nightelf-male:hair-color:4,player:nightelf-male:hair-color:4,players,0,0,-1,-1,hair-color,NONE,Character\NightElf\Male\NightElfMaleSkin00_00.blp,Character\NightElf\Male\NightElfMaleSkin00_00.blp,texture.MPQ,false,NONE,NONE,false,NONE,,Character\NightElf\Male\NightElfMale.m2,patch.MPQ,4,0,0,0,0,4,0,,0:2;0:0;4:1;5:1;7:2;13:1;15:1,NONE,NONE,0,NONE,NONE,NONE,0,NONE,NONE,none-authored,NONE,0,skin=id1682@row1714/flags0x0|face=id1691@row1723/flags0x0|hair=id1826@row1868/flags0x0|facial=id4264@row1808/flags0x0,Ready,26081,110.2691,153.7414,hair style 0/4 -> geoset variant 2 (DBC match)
player:nightelf-male:hair-color:5,player:nightelf-male:hair-color:5,players,0,0,-1,-1,hair-color,NONE,Character\NightElf\Male\NightElfMaleSkin00_00.blp,Character\NightElf\Male\NightElfMaleSkin00_00.blp,texture.MPQ,false,NONE,NONE,false,NONE,,Character\NightElf\Male\NightElfMale.m2,patch.MPQ,4,0,0,0,0,5,0,,0:2;0:0;4:1;5:1;7:2;13:1;15:1,NONE,NONE,0,NONE,NONE,NONE,0,NONE,NONE,none-authored,NONE,0,skin=id1682@row1714/flags0x0|face=id1691@row1723/flags0x0|hair=id1827@row1869/flags0x0|facial=id4265@row1809/flags0x0,Ready,26081,105.8784,152.9111,hair style 0/5 -> geoset variant 2 (DBC match)
player:nightelf-male:hair-color:6,player:nightelf-male:hair-color:6,players,0,0,-1,-1,hair-color,NONE,Character\NightElf\Male\NightElfMaleSkin00_00.blp,Character\NightElf\Male\NightElfMaleSkin00_00.blp,texture.MPQ,false,NONE,NONE,false,NONE,,Character\NightElf\Male\NightElfMale.m2,patch.MPQ,4,0,0,0,0,6,0,,0:2;0:0;4:1;5:1;7:2;13:1;15:1,NONE,NONE,0,NONE,NONE,NONE,0,NONE,NONE,none-authored,NONE,0,skin=id1682@row1714/flags0x0|face=id1691@row1723/flags0x0|hair=id1828@row1870/flags0x0|facial=id4266@row1810/flags0x0,Ready,26081,104.35,151.9173,hair style 0/6 -> geoset variant 2 (DBC match)
player:nightelf-male:hair-color:7,player:nightelf-male:hair-color:7,players,0,0,-1,-1,hair-color,NONE,Character\NightElf\Male\NightElfMaleSkin00_00.blp,Character\NightElf\Male\NightElfMaleSkin00_00.blp,texture.MPQ,false,NONE,NONE,false,NONE,,Character\NightElf\Male\NightElfMale.m2,patch.MPQ,4,0,0,0,0,7,0,,0:2;0:0;4:1;5:1;7:2;13:1;15:1,NONE,NONE,0,NONE,NONE,NONE,0,NONE,NONE,none-authored,NONE,0,skin=id1682@row1714/flags0x0|face=id1691@row1723/flags0x0|hair=id1829@row1871/flags0x0|facial=id4267@row1811/flags0x0,Ready,26081,105.5895,151.9903,hair style 0/7 -> geoset variant 2 (DBC match)
player:nightelf-male:facial-hair:1,player:nightelf-male:facial-hair:1,players,0,0,-1,-1,facial-hair,NONE,Character\NightElf\Male\NightElfMaleSkin00_00.blp,Character\NightElf\Male\NightElfMaleSkin00_00.blp,texture.MPQ,false,NONE,NONE,false,NONE,,Character\NightElf\Male\NightElfMale.m2,patch.MPQ,4,0,0,0,0,0,1,,0:2;0:0;4:1;5:1;7:2;13:1;15:1,NONE,NONE,0,NONE,NONE,NONE,0,NONE,NONE,none-authored,NONE,0,skin=id1682@row1714/flags0x0|face=id1691@row1723/flags0x0|hair=id1822@row1864/flags0x0|facial=id1772@row1814/flags0x0,Ready,26081,104.5815,154.3356,hair style 0/0 -> geoset variant 2 (DBC match)
player:nightelf-male:facial-hair:2,player:nightelf-male:facial-hair:2,players,0,0,-1,-1,facial-hair,NONE,Character\NightElf\Male\NightElfMaleSkin00_00.blp,Character\NightElf\Male\NightElfMaleSkin00_00.blp,texture.MPQ,false,NONE,NONE,false,NONE,,Character\NightElf\Male\NightElfMale.m2,patch.MPQ,4,0,0,0,0,0,2,,0:2;0:0;4:1;5:1;7:2;13:1;15:1,NONE,NONE,0,NONE,NONE,NONE,0,NONE,NONE,none-authored,NONE,0,skin=id1682@row1714/flags0x0|face=id1691@row1723/flags0x0|hair=id1822@row1864/flags0x0|facial=id1782@row1824/flags0x0,Ready,26081,104.6301,159.7227,hair style 0/0 -> geoset variant 2 (DBC match)
player:nightelf-male:facial-hair:3,player:nightelf-male:facial-hair:3,players,0,0,-1,-1,facial-hair,NONE,Character\NightElf\Male\NightElfMaleSkin00_00.blp,Character\NightElf\Male\NightElfMaleSkin00_00.blp,texture.MPQ,false,NONE,NONE,false,NONE,,Character\NightElf\Male\NightElfMale.m2,patch.MPQ,4,0,0,0,0,0,3,,0:2;0:0;4:1;5:1;7:2;13:1;15:1,NONE,NONE,0,NONE,NONE,NONE,0,NONE,NONE,none-authored,NONE,0,skin=id1682@row1714/flags0x0|face=id1691@row1723/flags0x0|hair=id1822@row1864/flags0x0|facial=id1792@row1834/flags0x0,Ready,26081,104.6758,155.8699,hair style 0/0 -> geoset variant 2 (DBC match)
player:nightelf-male:facial-hair:4,player:nightelf-male:facial-hair:4,players,0,0,-1,-1,facial-hair,NONE,Character\NightElf\Male\NightElfMaleSkin00_00.blp,Character\NightElf\Male\NightElfMaleSkin00_00.blp,texture.MPQ,false,NONE,NONE,false,NONE,,Character\NightElf\Male\NightElfMale.m2,patch.MPQ,4,0,0,0,0,0,4,,0:2;0:0;4:1;5:1;7:2;13:1;15:1,NONE,NONE,0,NONE,NONE,NONE,0,NONE,NONE,none-authored,NONE,0,skin=id1682@row1714/flags0x0|face=id1691@row1723/flags0x0|hair=id1822@row1864/flags0x0|facial=id1802@row1844/flags0x0,Ready,26081,104.673,153.402,hair style 0/0 -> geoset variant 2 (DBC match)
player:nightelf-male:facial-hair:5,player:nightelf-male:facial-hair:5,players,0,0,-1,-1,facial-hair,NONE,Character\NightElf\Male\NightElfMaleSkin00_00.blp,Character\NightElf\Male\NightElfMaleSkin00_00.blp,texture.MPQ,false,NONE,NONE,false,NONE,,Character\NightElf\Male\NightElfMale.m2,patch.MPQ,4,0,0,0,0,0,5,,0:2;0:0;4:1;5:1;7:2;13:1;15:1,NONE,NONE,0,NONE,NONE,NONE,0,NONE,NONE,none-authored,NONE,0,skin=id1682@row1714/flags0x0|face=id1691@row1723/flags0x0|hair=id1822@row1864/flags0x0|facial=id1812@row1854/flags0x0,Ready,26081,104.6301,153.2744,hair style 0/0 -> geoset variant 2 (DBC match)
player:nightelf-female:base,player:nightelf-female:base,players,0,0,-1,-1,base,NONE,Character\NightElf\Female\NightElfFemaleSkin00_00.blp,Character\NightElf\Female\NightElfFemaleSkin00_00.blp,texture.MPQ,false,NONE,NONE,false,NONE,,Character\NightElf\Female\NightElfFemale.m2,patch.MPQ,4,1,0,0,0,0,0,,0:0;0:2;4:1;5:1;7:2;13:1;15:1,NONE,NONE,0,NONE,NONE,NONE,0,NONE,NONE,none-authored,NONE,0,skin=id1887@row1929/flags0x0|face=id1896@row1938/flags0x0|hair=id2067@row2119/flags0x0|facial=id1977@row2019/flags0x0,Ready,17102,119.3553,184.7637,hair style 0/0 -> geoset variant 2 (DBC match)
player:nightelf-female:skin:1,player:nightelf-female:skin:1,players,0,0,-1,-1,skin,NONE,Character\NightElf\Female\NightElfFemaleSkin00_01.blp,Character\NightElf\Female\NightElfFemaleSkin00_01.blp,texture.MPQ,false,NONE,NONE,false,NONE,,Character\NightElf\Female\NightElfFemale.m2,patch.MPQ,4,1,1,0,0,0,0,,0:0;0:2;4:1;5:1;7:2;13:1;15:1,NONE,NONE,0,NONE,NONE,NONE,0,NONE,NONE,none-authored,NONE,0,skin=id1888@row1930/flags0x0|face=id1897@row1939/flags0x0|hair=id2067@row2119/flags0x0|facial=id1977@row2019/flags0x0,Ready,17102,108.516,149.9655,hair style 0/0 -> geoset variant 2 (DBC match)
player:nightelf-female:skin:2,player:nightelf-female:skin:2,players,0,0,-1,-1,skin,NONE,Character\NightElf\Female\NightElfFemaleSkin00_02.blp,Character\NightElf\Female\NightElfFemaleSkin00_02.blp,texture.MPQ,false,NONE,NONE,false,NONE,,Character\NightElf\Female\NightElfFemale.m2,patch.MPQ,4,1,2,0,0,0,0,,0:0;0:2;4:1;5:1;7:2;13:1;15:1,NONE,NONE,0,NONE,NONE,NONE,0,NONE,NONE,none-authored,NONE,0,skin=id1889@row1931/flags0x0|face=id1898@row1940/flags0x0|hair=id2067@row2119/flags0x0|facial=id1977@row2019/flags0x0,Ready,17102,98.5549,155.2846,hair style 0/0 -> geoset variant 2 (DBC match)
player:nightelf-female:skin:3,player:nightelf-female:skin:3,players,0,0,-1,-1,skin,NONE,Character\NightElf\Female\NightElfFemaleSkin00_03.blp,Character\NightElf\Female\NightElfFemaleSkin00_03.blp,texture.MPQ,false,NONE,NONE,false,NONE,,Character\NightElf\Female\NightElfFemale.m2,patch.MPQ,4,1,3,0,0,0,0,,0:0;0:2;4:1;5:1;7:2;13:1;15:1,NONE,NONE,0,NONE,NONE,NONE,0,NONE,NONE,none-authored,NONE,0,skin=id1890@row1932/flags0x0|face=id1899@row1941/flags0x0|hair=id2067@row2119/flags0x0|facial=id1977@row2019/flags0x0,Ready,17102,109.356,156.1791,hair style 0/0 -> geoset variant 2 (DBC match)
player:nightelf-female:skin:4,player:nightelf-female:skin:4,players,0,0,-1,-1,skin,NONE,Character\NightElf\Female\NightElfFemaleSkin00_04.blp,Character\NightElf\Female\NightElfFemaleSkin00_04.blp,texture.MPQ,false,NONE,NONE,false,NONE,,Character\NightElf\Female\NightElfFemale.m2,patch.MPQ,4,1,4,0,0,0,0,,0:0;0:2;4:1;5:1;7:2;13:1;15:1,NONE,NONE,0,NONE,NONE,NONE,0,NONE,NONE,none-authored,NONE,0,skin=id1891@row1933/flags0x0|face=id1900@row1942/flags0x0|hair=id2067@row2119/flags0x0|facial=id1977@row2019/flags0x0,Ready,17102,107.2036,160.6083,hair style 0/0 -> geoset variant 2 (DBC match)
player:nightelf-female:skin:5,player:nightelf-female:skin:5,players,0,0,-1,-1,skin,NONE,Character\NightElf\Female\NightElfFemaleSkin00_05.blp,Character\NightElf\Female\NightElfFemaleSkin00_05.blp,texture.MPQ,false,NONE,NONE,false,NONE,,Character\NightElf\Female\NightElfFemale.m2,patch.MPQ,4,1,5,0,0,0,0,,0:0;0:2;4:1;5:1;7:2;13:1;15:1,NONE,NONE,0,NONE,NONE,NONE,0,NONE,NONE,none-authored,NONE,0,skin=id1892@row1934/flags0x0|face=id1901@row1943/flags0x0|hair=id2067@row2119/flags0x0|facial=id1977@row2019/flags0x0,Ready,17102,107.208,153.0282,hair style 0/0 -> geoset variant 2 (DBC match)
player:nightelf-female:skin:6,player:nightelf-female:skin:6,players,0,0,-1,-1,skin,NONE,Character\NightElf\Female\NightElfFemaleSkin00_06.blp,Character\NightElf\Female\NightElfFemaleSkin00_06.blp,texture.MPQ,false,NONE,NONE,false,NONE,,Character\NightElf\Female\NightElfFemale.m2,patch.MPQ,4,1,6,0,0,0,0,,0:0;0:2;4:1;5:1;7:2;13:1;15:1,NONE,NONE,0,NONE,NONE,NONE,0,NONE,NONE,none-authored,NONE,0,skin=id1893@row1935/flags0x0|face=id1902@row1944/flags0x0|hair=id2067@row2119/flags0x0|facial=id1977@row2019/flags0x0,Ready,17102,112.3466,150.7513,hair style 0/0 -> geoset variant 2 (DBC match)
player:nightelf-female:skin:7,player:nightelf-female:skin:7,players,0,0,-1,-1,skin,NONE,Character\NightElf\Female\NightElfFemaleSkin00_07.blp,Character\NightElf\Female\NightElfFemaleSkin00_07.blp,texture.MPQ,false,NONE,NONE,false,NONE,,Character\NightElf\Female\NightElfFemale.m2,patch.MPQ,4,1,7,0,0,0,0,,0:0;0:2;4:1;5:1;7:2;13:1;15:1,NONE,NONE,0,NONE,NONE,NONE,0,NONE,NONE,none-authored,NONE,0,skin=id1894@row1936/flags0x0|face=id1903@row1945/flags0x0|hair=id2067@row2119/flags0x0|facial=id1977@row2019/flags0x0,Ready,17102,103.2518,150.8516,hair style 0/0 -> geoset variant 2 (DBC match)
player:nightelf-female:skin:8,player:nightelf-female:skin:8,players,0,0,-1,-1,skin,NONE,Character\NightElf\Female\NightElfFemaleSkin00_08.blp,Character\NightElf\Female\NightElfFemaleSkin00_08.blp,texture.MPQ,false,NONE,NONE,false,NONE,,Character\NightElf\Female\NightElfFemale.m2,patch.MPQ,4,1,8,0,0,0,0,,0:0;0:2;4:1;5:1;7:2;13:1;15:1,NONE,NONE,0,NONE,NONE,NONE,0,NONE,NONE,none-authored,NONE,0,skin=id1895@row1937/flags0x0|face=id1904@row1946/flags0x0|hair=id2067@row2119/flags0x0|facial=id1977@row2019/flags0x0,Ready,17102,100.8031,151.7087,hair style 0/0 -> geoset variant 2 (DBC match)
player:nightelf-female:face:1,player:nightelf-female:face:1,players,0,0,-1,-1,face,NONE,Character\NightElf\Female\NightElfFemaleSkin00_00.blp,Character\NightElf\Female\NightElfFemaleSkin00_00.blp,texture.MPQ,false,NONE,NONE,false,NONE,,Character\NightElf\Female\NightElfFemale.m2,patch.MPQ,4,1,0,1,0,0,0,,0:0;0:2;4:1;5:1;7:2;13:1;15:1,NONE,NONE,0,NONE,NONE,NONE,0,NONE,NONE,none-authored,NONE,0,skin=id1887@row1929/flags0x0|face=id1905@row1947/flags0x0|hair=id2067@row2119/flags0x0|facial=id1977@row2019/flags0x0,Ready,17102,119.3698,3124.69,hair style 0/0 -> geoset variant 2 (DBC match)
player:nightelf-female:face:2,player:nightelf-female:face:2,players,0,0,-1,-1,face,NONE,Character\NightElf\Female\NightElfFemaleSkin00_00.blp,Character\NightElf\Female\NightElfFemaleSkin00_00.blp,texture.MPQ,false,NONE,NONE,false,NONE,,Character\NightElf\Female\NightElfFemale.m2,patch.MPQ,4,1,0,2,0,0,0,,0:0;0:2;4:1;5:1;7:2;13:1;15:1,NONE,NONE,0,NONE,NONE,NONE,0,NONE,NONE,none-authored,NONE,0,skin=id1887@row1929/flags0x0|face=id1914@row1956/flags0x0|hair=id2067@row2119/flags0x0|facial=id1977@row2019/flags0x0,Ready,17102,119.4899,151.5395,hair style 0/0 -> geoset variant 2 (DBC match)
player:nightelf-female:face:3,player:nightelf-female:face:3,players,0,0,-1,-1,face,NONE,Character\NightElf\Female\NightElfFemaleSkin00_00.blp,Character\NightElf\Female\NightElfFemaleSkin00_00.blp,texture.MPQ,false,NONE,NONE,false,NONE,,Character\NightElf\Female\NightElfFemale.m2,patch.MPQ,4,1,0,3,0,0,0,,0:0;0:2;4:1;5:1;7:2;13:1;15:1,NONE,NONE,0,NONE,NONE,NONE,0,NONE,NONE,none-authored,NONE,0,skin=id1887@row1929/flags0x0|face=id1923@row1965/flags0x0|hair=id2067@row2119/flags0x0|facial=id1977@row2019/flags0x0,Ready,17102,119.5096,157.8584,hair style 0/0 -> geoset variant 2 (DBC match)
player:nightelf-female:face:4,player:nightelf-female:face:4,players,0,0,-1,-1,face,NONE,Character\NightElf\Female\NightElfFemaleSkin00_00.blp,Character\NightElf\Female\NightElfFemaleSkin00_00.blp,texture.MPQ,false,NONE,NONE,false,NONE,,Character\NightElf\Female\NightElfFemale.m2,patch.MPQ,4,1,0,4,0,0,0,,0:0;0:2;4:1;5:1;7:2;13:1;15:1,NONE,NONE,0,NONE,NONE,NONE,0,NONE,NONE,none-authored,NONE,0,skin=id1887@row1929/flags0x0|face=id1932@row1974/flags0x0|hair=id2067@row2119/flags0x0|facial=id1977@row2019/flags0x0,Ready,17102,119.5027,161.76,hair style 0/0 -> geoset variant 2 (DBC match)
player:nightelf-female:face:5,player:nightelf-female:face:5,players,0,0,-1,-1,face,NONE,Character\NightElf\Female\NightElfFemaleSkin00_00.blp,Character\NightElf\Female\NightElfFemaleSkin00_00.blp,texture.MPQ,false,NONE,NONE,false,NONE,,Character\NightElf\Female\NightElfFemale.m2,patch.MPQ,4,1,0,5,0,0,0,,0:0;0:2;4:1;5:1;7:2;13:1;15:1,NONE,NONE,0,NONE,NONE,NONE,0,NONE,NONE,none-authored,NONE,0,skin=id1887@row1929/flags0x0|face=id1941@row1983/flags0x0|hair=id2067@row2119/flags0x0|facial=id1977@row2019/flags0x0,Ready,17102,119.4218,151.8075,hair style 0/0 -> geoset variant 2 (DBC match)
player:nightelf-female:face:6,player:nightelf-female:face:6,players,0,0,-1,-1,face,NONE,Character\NightElf\Female\NightElfFemaleSkin00_00.blp,Character\NightElf\Female\NightElfFemaleSkin00_00.blp,texture.MPQ,false,NONE,NONE,false,NONE,,Character\NightElf\Female\NightElfFemale.m2,patch.MPQ,4,1,0,6,0,0,0,,0:0;0:2;4:1;5:1;7:2;13:1;15:1,NONE,NONE,0,NONE,NONE,NONE,0,NONE,NONE,none-authored,NONE,0,skin=id1887@row1929/flags0x0|face=id1950@row1992/flags0x0|hair=id2067@row2119/flags0x0|facial=id1977@row2019/flags0x0,Ready,17102,119.4088,153.7483,hair style 0/0 -> geoset variant 2 (DBC match)
player:nightelf-female:face:7,player:nightelf-female:face:7,players,0,0,-1,-1,face,NONE,Character\NightElf\Female\NightElfFemaleSkin00_00.blp,Character\NightElf\Female\NightElfFemaleSkin00_00.blp,texture.MPQ,false,NONE,NONE,false,NONE,,Character\NightElf\Female\NightElfFemale.m2,patch.MPQ,4,1,0,7,0,0,0,,0:0;0:2;4:1;5:1;7:2;13:1;15:1,NONE,NONE,0,NONE,NONE,NONE,0,NONE,NONE,none-authored,NONE,0,skin=id1887@row1929/flags0x0|face=id1959@row2001/flags0x0|hair=id2067@row2119/flags0x0|facial=id1977@row2019/flags0x0,Ready,17102,119.4698,152.184,hair style 0/0 -> geoset variant 2 (DBC match)
player:nightelf-female:face:8,player:nightelf-female:face:8,players,0,0,-1,-1,face,NONE,Character\NightElf\Female\NightElfFemaleSkin00_00.blp,Character\NightElf\Female\NightElfFemaleSkin00_00.blp,texture.MPQ,false,NONE,NONE,false,NONE,,Character\NightElf\Female\NightElfFemale.m2,patch.MPQ,4,1,0,8,0,0,0,,0:0;0:2;4:1;5:1;7:2;13:1;15:1,NONE,NONE,0,NONE,NONE,NONE,0,NONE,NONE,none-authored,NONE,0,skin=id1887@row1929/flags0x0|face=id1968@row2010/flags0x0|hair=id2067@row2119/flags0x0|facial=id1977@row2019/flags0x0,Ready,17102,119.5478,153.4649,hair style 0/0 -> geoset variant 2 (DBC match)
player:nightelf-female:hair-style:1,player:nightelf-female:hair-style:1,players,0,0,-1,-1,hair-style,NONE,Character\NightElf\Female\NightElfFemaleSkin00_00.blp,Character\NightElf\Female\NightElfFemaleSkin00_00.blp,texture.MPQ,false,NONE,NONE,false,NONE,,Character\NightElf\Female\NightElfFemale.m2,patch.MPQ,4,1,0,0,1,0,0,,0:0;0:3;4:1;5:1;7:2;13:1;15:1,NONE,NONE,0,NONE,NONE,NONE,0,NONE,NONE,none-authored,NONE,0,skin=id1887@row1929/flags0x0|face=id1896@row1938/flags0x0|hair=id2075@row2127/flags0x0|facial=id1977@row2019/flags0x0,Ready,16768,126.364,159.5579,hair style 1/0 -> geoset variant 3 (DBC match)
player:nightelf-female:hair-style:2,player:nightelf-female:hair-style:2,players,0,0,-1,-1,hair-style,NONE,Character\NightElf\Female\NightElfFemaleSkin00_00.blp,Character\NightElf\Female\NightElfFemaleSkin00_00.blp,texture.MPQ,false,NONE,NONE,false,NONE,,Character\NightElf\Female\NightElfFemale.m2,patch.MPQ,4,1,0,0,2,0,0,,0:0;0:4;4:1;5:1;7:2;13:1;15:1,NONE,NONE,0,NONE,NONE,NONE,0,NONE,NONE,none-authored,NONE,0,skin=id1887@row1929/flags0x0|face=id1896@row1938/flags0x0|hair=id2083@row2135/flags0x0|facial=id1977@row2019/flags0x0,Ready,16986,124.6499,151.4383,hair style 2/0 -> geoset variant 4 (DBC match)
player:nightelf-female:hair-style:3,player:nightelf-female:hair-style:3,players,0,0,-1,-1,hair-style,NONE,Character\NightElf\Female\NightElfFemaleSkin00_00.blp,Character\NightElf\Female\NightElfFemaleSkin00_00.blp,texture.MPQ,false,NONE,NONE,false,NONE,,Character\NightElf\Female\NightElfFemale.m2,patch.MPQ,4,1,0,0,3,0,0,,0:0;0:5;4:1;5:1;7:2;13:1;15:1,NONE,NONE,0,NONE,NONE,NONE,0,NONE,NONE,none-authored,NONE,0,skin=id1887@row1929/flags0x0|face=id1896@row1938/flags0x0|hair=id2091@row2143/flags0x0|facial=id1977@row2019/flags0x0,Ready,16742,126.4358,152.9706,hair style 3/0 -> geoset variant 5 (DBC match)
player:nightelf-female:hair-style:4,player:nightelf-female:hair-style:4,players,0,0,-1,-1,hair-style,NONE,Character\NightElf\Female\NightElfFemaleSkin00_00.blp,Character\NightElf\Female\NightElfFemaleSkin00_00.blp,texture.MPQ,false,NONE,NONE,false,NONE,,Character\NightElf\Female\NightElfFemale.m2,patch.MPQ,4,1,0,0,4,0,0,,0:0;0:6;4:1;5:1;7:2;13:1;15:1,NONE,NONE,0,NONE,NONE,NONE,0,NONE,NONE,none-authored,NONE,0,skin=id1887@row1929/flags0x0|face=id1896@row1938/flags0x0|hair=id2099@row2151/flags0x0|facial=id1977@row2019/flags0x0,Ready,16844,123.3661,153.873,hair style 4/0 -> geoset variant 6 (DBC match)
player:nightelf-female:hair-style:5,player:nightelf-female:hair-style:5,players,0,0,-1,-1,hair-style,NONE,Character\NightElf\Female\NightElfFemaleSkin00_00.blp,Character\NightElf\Female\NightElfFemaleSkin00_00.blp,texture.MPQ,false,NONE,NONE,false,NONE,,Character\NightElf\Female\NightElfFemale.m2,patch.MPQ,4,1,0,0,5,0,0,,0:0;0:7;4:1;5:1;7:2;13:1;15:1,NONE,NONE,0,NONE,NONE,NONE,0,NONE,NONE,none-authored,NONE,0,skin=id1887@row1929/flags0x0|face=id1896@row1938/flags0x0|hair=id2107@row2159/flags0x0|facial=id1977@row2019/flags0x0,Ready,17054,122.5185,153.1421,hair style 5/0 -> geoset variant 7 (DBC match)
player:nightelf-female:hair-style:6,player:nightelf-female:hair-style:6,players,0,0,-1,-1,hair-style,NONE,Character\NightElf\Female\NightElfFemaleSkin00_00.blp,Character\NightElf\Female\NightElfFemaleSkin00_00.blp,texture.MPQ,false,NONE,NONE,false,NONE,,Character\NightElf\Female\NightElfFemale.m2,patch.MPQ,4,1,0,0,6,0,0,,0:0;0:8;4:1;5:1;7:2;13:1;15:1,NONE,NONE,0,NONE,NONE,NONE,0,NONE,NONE,none-authored,NONE,0,skin=id1887@row1929/flags0x0|face=id1896@row1938/flags0x0|hair=id2115@row2167/flags0x0|facial=id1977@row2019/flags0x0,Ready,16702,124.8458,151.7986,hair style 6/0 -> geoset variant 8 (DBC match)
player:nightelf-female:hair-color:1,player:nightelf-female:hair-color:1,players,0,0,-1,-1,hair-color,NONE,Character\NightElf\Female\NightElfFemaleSkin00_00.blp,Character\NightElf\Female\NightElfFemaleSkin00_00.blp,texture.MPQ,false,NONE,NONE,false,NONE,,Character\NightElf\Female\NightElfFemale.m2,patch.MPQ,4,1,0,0,0,1,0,,0:0;0:2;4:1;5:1;7:2;13:1;15:1,NONE,NONE,0,NONE,NONE,NONE,0,NONE,NONE,none-authored,NONE,0,skin=id1887@row1929/flags0x0|face=id1896@row1938/flags0x0|hair=id2068@row2120/flags0x0|facial=id1978@row2020/flags0x0,Ready,17102,119.9643,159.1531,hair style 0/1 -> geoset variant 2 (DBC match)
player:nightelf-female:hair-color:2,player:nightelf-female:hair-color:2,players,0,0,-1,-1,hair-color,NONE,Character\NightElf\Female\NightElfFemaleSkin00_00.blp,Character\NightElf\Female\NightElfFemaleSkin00_00.blp,texture.MPQ,false,NONE,NONE,false,NONE,,Character\NightElf\Female\NightElfFemale.m2,patch.MPQ,4,1,0,0,0,2,0,,0:0;0:2;4:1;5:1;7:2;13:1;15:1,NONE,NONE,0,NONE,NONE,NONE,0,NONE,NONE,none-authored,NONE,0,skin=id1887@row1929/flags0x0|face=id1896@row1938/flags0x0|hair=id2069@row2121/flags0x0|facial=id1979@row2021/flags0x0,Ready,17102,118.8285,152.0069,hair style 0/2 -> geoset variant 2 (DBC match)
player:nightelf-female:hair-color:3,player:nightelf-female:hair-color:3,players,0,0,-1,-1,hair-color,NONE,Character\NightElf\Female\NightElfFemaleSkin00_00.blp,Character\NightElf\Female\NightElfFemaleSkin00_00.blp,texture.MPQ,false,NONE,NONE,false,NONE,,Character\NightElf\Female\NightElfFemale.m2,patch.MPQ,4,1,0,0,0,3,0,,0:0;0:2;4:1;5:1;7:2;13:1;15:1,NONE,NONE,0,NONE,NONE,NONE,0,NONE,NONE,none-authored,NONE,0,skin=id1887@row1929/flags0x0|face=id1896@row1938/flags0x0|hair=id2070@row2122/flags0x0|facial=id1980@row2022/flags0x0,Ready,17102,121.5382,153.4489,hair style 0/3 -> geoset variant 2 (DBC match)
player:nightelf-female:hair-color:4,player:nightelf-female:hair-color:4,players,0,0,-1,-1,hair-color,NONE,Character\NightElf\Female\NightElfFemaleSkin00_00.blp,Character\NightElf\Female\NightElfFemaleSkin00_00.blp,texture.MPQ,false,NONE,NONE,false,NONE,,Character\NightElf\Female\NightElfFemale.m2,patch.MPQ,4,1,0,0,0,4,0,,0:0;0:2;4:1;5:1;7:2;13:1;15:1,NONE,NONE,0,NONE,NONE,NONE,0,NONE,NONE,none-authored,NONE,0,skin=id1887@row1929/flags0x0|face=id1896@row1938/flags0x0|hair=id2071@row2123/flags0x0|facial=id1981@row2023/flags0x0,Ready,17102,127.4647,151.5843,hair style 0/4 -> geoset variant 2 (DBC match)
player:nightelf-female:hair-color:5,player:nightelf-female:hair-color:5,players,0,0,-1,-1,hair-color,NONE,Character\NightElf\Female\NightElfFemaleSkin00_00.blp,Character\NightElf\Female\NightElfFemaleSkin00_00.blp,texture.MPQ,false,NONE,NONE,false,NONE,,Character\NightElf\Female\NightElfFemale.m2,patch.MPQ,4,1,0,0,0,5,0,,0:0;0:2;4:1;5:1;7:2;13:1;15:1,NONE,NONE,0,NONE,NONE,NONE,0,NONE,NONE,none-authored,NONE,0,skin=id1887@row1929/flags0x0|face=id1896@row1938/flags0x0|hair=id2072@row2124/flags0x0|facial=id1982@row2024/flags0x0,Ready,17102,121.0196,163.8727,hair style 0/5 -> geoset variant 2 (DBC match)
player:nightelf-female:hair-color:6,player:nightelf-female:hair-color:6,players,0,0,-1,-1,hair-color,NONE,Character\NightElf\Female\NightElfFemaleSkin00_00.blp,Character\NightElf\Female\NightElfFemaleSkin00_00.blp,texture.MPQ,false,NONE,NONE,false,NONE,,Character\NightElf\Female\NightElfFemale.m2,patch.MPQ,4,1,0,0,0,6,0,,0:0;0:2;4:1;5:1;7:2;13:1;15:1,NONE,NONE,0,NONE,NONE,NONE,0,NONE,NONE,none-authored,NONE,0,skin=id1887@row1929/flags0x0|face=id1896@row1938/flags0x0|hair=id2073@row2125/flags0x0|facial=id1983@row2025/flags0x0,Ready,17102,119.4231,150.6703,hair style 0/6 -> geoset variant 2 (DBC match)
player:nightelf-female:hair-color:7,player:nightelf-female:hair-color:7,players,0,0,-1,-1,hair-color,NONE,Character\NightElf\Female\NightElfFemaleSkin00_00.blp,Character\NightElf\Female\NightElfFemaleSkin00_00.blp,texture.MPQ,false,NONE,NONE,false,NONE,,Character\NightElf\Female\NightElfFemale.m2,patch.MPQ,4,1,0,0,0,7,0,,0:0;0:2;4:1;5:1;7:2;13:1;15:1,NONE,NONE,0,NONE,NONE,NONE,0,NONE,NONE,none-authored,NONE,0,skin=id1887@row1929/flags0x0|face=id1896@row1938/flags0x0|hair=id2074@row2126/flags0x0|facial=id1984@row2026/flags0x0,Ready,17102,120.5253,156.7025,hair style 0/7 -> geoset variant 2 (DBC match)
player:nightelf-female:facial-hair:1,player:nightelf-female:facial-hair:1,players,0,0,-1,-1,facial-hair,NONE,Character\NightElf\Female\NightElfFemaleSkin00_00.blp,Character\NightElf\Female\NightElfFemaleSkin00_00.blp,texture.MPQ,false,NONE,NONE,false,NONE,,Character\NightElf\Female\NightElfFemale.m2,patch.MPQ,4,1,0,0,0,0,1,,0:0;0:2;4:1;5:1;7:2;13:1;15:1,NONE,NONE,0,NONE,NONE,NONE,0,NONE,NONE,none-authored,NONE,0,skin=id1887@row1929/flags0x0|face=id1896@row1938/flags0x0|hair=id2067@row2119/flags0x0|facial=id1987@row2029/flags0x0,Ready,17102,119.5601,151.8668,hair style 0/0 -> geoset variant 2 (DBC match)
player:nightelf-female:facial-hair:2,player:nightelf-female:facial-hair:2,players,0,0,-1,-1,facial-hair,NONE,Character\NightElf\Female\NightElfFemaleSkin00_00.blp,Character\NightElf\Female\NightElfFemaleSkin00_00.blp,texture.MPQ,false,NONE,NONE,false,NONE,,Character\NightElf\Female\NightElfFemale.m2,patch.MPQ,4,1,0,0,0,0,2,,0:0;0:2;4:1;5:1;7:2;13:1;15:1,NONE,NONE,0,NONE,NONE,NONE,0,NONE,NONE,none-authored,NONE,0,skin=id1887@row1929/flags0x0|face=id1896@row1938/flags0x0|hair=id2067@row2119/flags0x0|facial=id1997@row2039/flags0x0,Ready,17102,119.5415,151.7007,hair style 0/0 -> geoset variant 2 (DBC match)
player:nightelf-female:facial-hair:3,player:nightelf-female:facial-hair:3,players,0,0,-1,-1,facial-hair,NONE,Character\NightElf\Female\NightElfFemaleSkin00_00.blp,Character\NightElf\Female\NightElfFemaleSkin00_00.blp,texture.MPQ,false,NONE,NONE,false,NONE,,Character\NightElf\Female\NightElfFemale.m2,patch.MPQ,4,1,0,0,0,0,3,,0:0;0:2;4:1;5:1;7:2;13:1;15:1,NONE,NONE,0,NONE,NONE,NONE,0,NONE,NONE,none-authored,NONE,0,skin=id1887@row1929/flags0x0|face=id1896@row1938/flags0x0|hair=id2067@row2119/flags0x0|facial=id2007@row2049/flags0x0,Ready,17102,119.5292,160.0085,hair style 0/0 -> geoset variant 2 (DBC match)
player:nightelf-female:facial-hair:4,player:nightelf-female:facial-hair:4,players,0,0,-1,-1,facial-hair,NONE,Character\NightElf\Female\NightElfFemaleSkin00_00.blp,Character\NightElf\Female\NightElfFemaleSkin00_00.blp,texture.MPQ,false,NONE,NONE,false,NONE,,Character\NightElf\Female\NightElfFemale.m2,patch.MPQ,4,1,0,0,0,0,4,,0:0;0:2;4:1;5:1;7:2;13:1;15:1,NONE,NONE,0,NONE,NONE,NONE,0,NONE,NONE,none-authored,NONE,0,skin=id1887@row1929/flags0x0|face=id1896@row1938/flags0x0|hair=id2067@row2119/flags0x0|facial=id2017@row2059/flags0x0,Ready,17102,119.5089,152.2934,hair style 0/0 -> geoset variant 2 (DBC match)
player:nightelf-female:facial-hair:5,player:nightelf-female:facial-hair:5,players,0,0,-1,-1,facial-hair,NONE,Character\NightElf\Female\NightElfFemaleSkin00_00.blp,Character\NightElf\Female\NightElfFemaleSkin00_00.blp,texture.MPQ,false,NONE,NONE,false,NONE,,Character\NightElf\Female\NightElfFemale.m2,patch.MPQ,4,1,0,0,0,0,5,,0:0;0:2;4:1;5:1;7:2;13:1;15:1,NONE,NONE,0,NONE,NONE,NONE,0,NONE,NONE,none-authored,NONE,0,skin=id1887@row1929/flags0x0|face=id1896@row1938/flags0x0|hair=id2067@row2119/flags0x0|facial=id2027@row2069/flags0x0,Ready,17102,119.3984,150.8594,hair style 0/0 -> geoset variant 2 (DBC match)
player:nightelf-female:facial-hair:6,player:nightelf-female:facial-hair:6,players,0,0,-1,-1,facial-hair,NONE,Character\NightElf\Female\NightElfFemaleSkin00_00.blp,Character\NightElf\Female\NightElfFemaleSkin00_00.blp,texture.MPQ,false,NONE,NONE,false,NONE,,Character\NightElf\Female\NightElfFemale.m2,patch.MPQ,4,1,0,0,0,0,6,,0:0;0:2;4:1;5:1;7:2;13:1;15:1,NONE,NONE,0,NONE,NONE,NONE,0,NONE,NONE,none-authored,NONE,0,skin=id1887@row1929/flags0x0|face=id1896@row1938/flags0x0|hair=id2067@row2119/flags0x0|facial=id2037@row2079/flags0x0,Ready,17102,119.6294,159.2655,hair style 0/0 -> geoset variant 2 (DBC match)
player:nightelf-female:facial-hair:7,player:nightelf-female:facial-hair:7,players,0,0,-1,-1,facial-hair,NONE,Character\NightElf\Female\NightElfFemaleSkin00_00.blp,Character\NightElf\Female\NightElfFemaleSkin00_00.blp,texture.MPQ,false,NONE,NONE,false,NONE,,Character\NightElf\Female\NightElfFemale.m2,patch.MPQ,4,1,0,0,0,0,7,,0:0;0:2;4:1;5:1;7:2;13:1;15:1,NONE,NONE,0,NONE,NONE,NONE,0,NONE,NONE,none-authored,NONE,0,skin=id1887@row1929/flags0x0|face=id1896@row1938/flags0x0|hair=id2067@row2119/flags0x0|facial=id2047@row2089/flags0x0,Ready,17102,119.4642,152.8093,hair style 0/0 -> geoset variant 2 (DBC match)
player:nightelf-female:facial-hair:8,player:nightelf-female:facial-hair:8,players,0,0,-1,-1,facial-hair,NONE,Character\NightElf\Female\NightElfFemaleSkin00_00.blp,Character\NightElf\Female\NightElfFemaleSkin00_00.blp,texture.MPQ,false,NONE,NONE,false,NONE,,Character\NightElf\Female\NightElfFemale.m2,patch.MPQ,4,1,0,0,0,0,8,,0:0;0:2;4:1;5:1;7:2;13:1;15:1,NONE,NONE,0,NONE,NONE,NONE,0,NONE,NONE,none-authored,NONE,0,skin=id1887@row1929/flags0x0|face=id1896@row1938/flags0x0|hair=id2067@row2119/flags0x0|facial=id2057@row2099/flags0x0,Ready,17102,119.5003,152.7884,hair style 0/0 -> geoset variant 2 (DBC match)
player:nightelf-female:facial-hair:9,player:nightelf-female:facial-hair:9,players,0,0,-1,-1,facial-hair,NONE,Character\NightElf\Female\NightElfFemaleSkin00_00.blp,Character\NightElf\Female\NightElfFemaleSkin00_00.blp,texture.MPQ,false,NONE,NONE,false,NONE,,Character\NightElf\Female\NightElfFemale.m2,patch.MPQ,4,1,0,0,0,0,9,,0:0;0:2;4:1;5:1;7:2;13:1;15:1,NONE,NONE,0,NONE,NONE,NONE,0,NONE,NONE,none-authored,NONE,0,skin=id1887@row1929/flags0x0|face=id1896@row1938/flags0x0|hair=id2067@row2119/flags0x0|facial=id3773@row2109/flags0x0,Ready,17102,119.7745,151.891,hair style 0/0 -> geoset variant 2 (DBC match)
player:scourge-male:base,player:scourge-male:base,players,0,0,-1,-1,base,NONE,Character\Scourge\Male\ScourgeMaleSkin00_00.blp,Character\Scourge\Male\ScourgeMaleSkin00_00.blp,texture.MPQ,false,NONE,NONE,false,NONE,,Character\Scourge\Male\ScourgeMale.m2,patch.MPQ,5,0,0,0,0,0,0,,0:2;0:0;4:1;5:1;7:2;13:1;15:1,NONE,NONE,0,NONE,NONE,NONE,0,NONE,NONE,none-authored,NONE,0,skin=id2132@row2184/flags0x0|face=id2138@row2190/flags0x0|hair=id3391@row2420/flags0x0|hair-substitute=id2270@row2430/flags0x0|facial=id3910@row2250/flags0x0,Ready,13722,135.5104,171.7893,hair style 0/0 -> geoset variant 2 (fallback - may not cover the scalp)
player:scourge-male:skin:1,player:scourge-male:skin:1,players,0,0,-1,-1,skin,NONE,Character\Scourge\Male\ScourgeMaleSkin00_01.blp,Character\Scourge\Male\ScourgeMaleSkin00_01.blp,texture.MPQ,false,NONE,NONE,false,NONE,,Character\Scourge\Male\ScourgeMale.m2,patch.MPQ,5,0,1,0,0,0,0,,0:2;0:0;4:1;5:1;7:2;13:1;15:1,NONE,NONE,0,NONE,NONE,NONE,0,NONE,NONE,none-authored,NONE,0,skin=id2133@row2185/flags0x0|face=id2139@row2191/flags0x0|hair=id3391@row2420/flags0x0|hair-substitute=id2270@row2430/flags0x0|facial=id3910@row2250/flags0x0,Ready,13722,137.1935,149.1268,hair style 0/0 -> geoset variant 2 (fallback - may not cover the scalp)
player:scourge-male:skin:2,player:scourge-male:skin:2,players,0,0,-1,-1,skin,NONE,Character\Scourge\Male\ScourgeMaleSkin00_02.blp,Character\Scourge\Male\ScourgeMaleSkin00_02.blp,texture.MPQ,false,NONE,NONE,false,NONE,,Character\Scourge\Male\ScourgeMale.m2,patch.MPQ,5,0,2,0,0,0,0,,0:2;0:0;4:1;5:1;7:2;13:1;15:1,NONE,NONE,0,NONE,NONE,NONE,0,NONE,NONE,none-authored,NONE,0,skin=id2134@row2186/flags0x0|face=id2140@row2192/flags0x0|hair=id3391@row2420/flags0x0|hair-substitute=id2270@row2430/flags0x0|facial=id3910@row2250/flags0x0,Ready,13722,136.1663,158.1609,hair style 0/0 -> geoset variant 2 (fallback - may not cover the scalp)
player:scourge-male:skin:3,player:scourge-male:skin:3,players,0,0,-1,-1,skin,NONE,Character\Scourge\Male\ScourgeMaleSkin00_03.blp,Character\Scourge\Male\ScourgeMaleSkin00_03.blp,texture.MPQ,false,NONE,NONE,false,NONE,,Character\Scourge\Male\ScourgeMale.m2,patch.MPQ,5,0,3,0,0,0,0,,0:2;0:0;4:1;5:1;7:2;13:1;15:1,NONE,NONE,0,NONE,NONE,NONE,0,NONE,NONE,none-authored,NONE,0,skin=id2135@row2187/flags0x0|face=id2141@row2193/flags0x0|hair=id3391@row2420/flags0x0|hair-substitute=id2270@row2430/flags0x0|facial=id3910@row2250/flags0x0,Ready,13722,135.4725,152.6836,hair style 0/0 -> geoset variant 2 (fallback - may not cover the scalp)
player:scourge-male:skin:4,player:scourge-male:skin:4,players,0,0,-1,-1,skin,NONE,Character\Scourge\Male\ScourgeMaleSkin00_04.blp,Character\Scourge\Male\ScourgeMaleSkin00_04.blp,texture.MPQ,false,NONE,NONE,false,NONE,,Character\Scourge\Male\ScourgeMale.m2,patch.MPQ,5,0,4,0,0,0,0,,0:2;0:0;4:1;5:1;7:2;13:1;15:1,NONE,NONE,0,NONE,NONE,NONE,0,NONE,NONE,none-authored,NONE,0,skin=id2136@row2188/flags0x0|face=id2142@row2194/flags0x0|hair=id3391@row2420/flags0x0|hair-substitute=id2270@row2430/flags0x0|facial=id3910@row2250/flags0x0,Ready,13722,135.5172,155.0854,hair style 0/0 -> geoset variant 2 (fallback - may not cover the scalp)
player:scourge-male:skin:5,player:scourge-male:skin:5,players,0,0,-1,-1,skin,NONE,Character\Scourge\Male\ScourgeMaleSkin00_05.blp,Character\Scourge\Male\ScourgeMaleSkin00_05.blp,texture.MPQ,false,NONE,NONE,false,NONE,,Character\Scourge\Male\ScourgeMale.m2,patch.MPQ,5,0,5,0,0,0,0,,0:2;0:0;4:1;5:1;7:2;13:1;15:1,NONE,NONE,0,NONE,NONE,NONE,0,NONE,NONE,none-authored,NONE,0,skin=id2137@row2189/flags0x0|face=id2143@row2195/flags0x0|hair=id3391@row2420/flags0x0|hair-substitute=id2270@row2430/flags0x0|facial=id3910@row2250/flags0x0,Ready,13722,137.0162,157.1848,hair style 0/0 -> geoset variant 2 (fallback - may not cover the scalp)
player:scourge-male:face:1,player:scourge-male:face:1,players,0,0,-1,-1,face,NONE,Character\Scourge\Male\ScourgeMaleSkin00_00.blp,Character\Scourge\Male\ScourgeMaleSkin00_00.blp,texture.MPQ,false,NONE,NONE,false,NONE,,Character\Scourge\Male\ScourgeMale.m2,patch.MPQ,5,0,0,1,0,0,0,,0:2;0:0;4:1;5:1;7:2;13:1;15:1,NONE,NONE,0,NONE,NONE,NONE,0,NONE,NONE,none-authored,NONE,0,skin=id2132@row2184/flags0x0|face=id2144@row2196/flags0x0|hair=id3391@row2420/flags0x0|hair-substitute=id2270@row2430/flags0x0|facial=id3910@row2250/flags0x0,Ready,13722,135.7119,149.7508,hair style 0/0 -> geoset variant 2 (fallback - may not cover the scalp)
player:scourge-male:face:2,player:scourge-male:face:2,players,0,0,-1,-1,face,NONE,Character\Scourge\Male\ScourgeMaleSkin00_00.blp,Character\Scourge\Male\ScourgeMaleSkin00_00.blp,texture.MPQ,false,NONE,NONE,false,NONE,,Character\Scourge\Male\ScourgeMale.m2,patch.MPQ,5,0,0,2,0,0,0,,0:2;0:0;4:1;5:1;7:2;13:1;15:1,NONE,NONE,0,NONE,NONE,NONE,0,NONE,NONE,none-authored,NONE,0,skin=id2132@row2184/flags0x0|face=id2150@row2202/flags0x0|hair=id3391@row2420/flags0x0|hair-substitute=id2270@row2430/flags0x0|facial=id3910@row2250/flags0x0,Ready,13722,135.3192,150.0082,hair style 0/0 -> geoset variant 2 (fallback - may not cover the scalp)
player:scourge-male:face:3,player:scourge-male:face:3,players,0,0,-1,-1,face,NONE,Character\Scourge\Male\ScourgeMaleSkin00_00.blp,Character\Scourge\Male\ScourgeMaleSkin00_00.blp,texture.MPQ,false,NONE,NONE,false,NONE,,Character\Scourge\Male\ScourgeMale.m2,patch.MPQ,5,0,0,3,0,0,0,,0:2;0:0;4:1;5:1;7:2;13:1;15:1,NONE,NONE,0,NONE,NONE,NONE,0,NONE,NONE,none-authored,NONE,0,skin=id2132@row2184/flags0x0|face=id2156@row2208/flags0x0|hair=id3391@row2420/flags0x0|hair-substitute=id2270@row2430/flags0x0|facial=id3910@row2250/flags0x0,Ready,13722,135.3416,150.5636,hair style 0/0 -> geoset variant 2 (fallback - may not cover the scalp)
player:scourge-male:face:4,player:scourge-male:face:4,players,0,0,-1,-1,face,NONE,Character\Scourge\Male\ScourgeMaleSkin00_00.blp,Character\Scourge\Male\ScourgeMaleSkin00_00.blp,texture.MPQ,false,NONE,NONE,false,NONE,,Character\Scourge\Male\ScourgeMale.m2,patch.MPQ,5,0,0,4,0,0,0,,0:2;0:0;4:1;5:1;7:2;13:1;15:1,NONE,NONE,0,NONE,NONE,NONE,0,NONE,NONE,none-authored,NONE,0,skin=id2132@row2184/flags0x0|face=id2162@row2214/flags0x0|hair=id3391@row2420/flags0x0|hair-substitute=id2270@row2430/flags0x0|facial=id3910@row2250/flags0x0,Ready,13722,135.4138,156.5321,hair style 0/0 -> geoset variant 2 (fallback - may not cover the scalp)
player:scourge-male:face:5,player:scourge-male:face:5,players,0,0,-1,-1,face,NONE,Character\Scourge\Male\ScourgeMaleSkin00_00.blp,Character\Scourge\Male\ScourgeMaleSkin00_00.blp,texture.MPQ,false,NONE,NONE,false,NONE,,Character\Scourge\Male\ScourgeMale.m2,patch.MPQ,5,0,0,5,0,0,0,,0:2;0:0;4:1;5:1;7:2;13:1;15:1,NONE,NONE,0,NONE,NONE,NONE,0,NONE,NONE,none-authored,NONE,0,skin=id2132@row2184/flags0x0|face=id2168@row2220/flags0x0|hair=id3391@row2420/flags0x0|hair-substitute=id2270@row2430/flags0x0|facial=id3910@row2250/flags0x0,Ready,13722,135.3939,149.9329,hair style 0/0 -> geoset variant 2 (fallback - may not cover the scalp)
player:scourge-male:face:6,player:scourge-male:face:6,players,0,0,-1,-1,face,NONE,Character\Scourge\Male\ScourgeMaleSkin00_00.blp,Character\Scourge\Male\ScourgeMaleSkin00_00.blp,texture.MPQ,false,NONE,NONE,false,NONE,,Character\Scourge\Male\ScourgeMale.m2,patch.MPQ,5,0,0,6,0,0,0,,0:2;0:0;4:1;5:1;7:2;13:1;15:1,NONE,NONE,0,NONE,NONE,NONE,0,NONE,NONE,none-authored,NONE,0,skin=id2132@row2184/flags0x0|face=id2174@row2226/flags0x0|hair=id3391@row2420/flags0x0|hair-substitute=id2270@row2430/flags0x0|facial=id3910@row2250/flags0x0,Ready,13722,135.3095,150.4713,hair style 0/0 -> geoset variant 2 (fallback - may not cover the scalp)
player:scourge-male:face:7,player:scourge-male:face:7,players,0,0,-1,-1,face,NONE,Character\Scourge\Male\ScourgeMaleSkin00_00.blp,Character\Scourge\Male\ScourgeMaleSkin00_00.blp,texture.MPQ,false,NONE,NONE,false,NONE,,Character\Scourge\Male\ScourgeMale.m2,patch.MPQ,5,0,0,7,0,0,0,,0:2;0:0;4:1;5:1;7:2;13:1;15:1,NONE,NONE,0,NONE,NONE,NONE,0,NONE,NONE,none-authored,NONE,0,skin=id2132@row2184/flags0x0|face=id2180@row2232/flags0x0|hair=id3391@row2420/flags0x0|hair-substitute=id2270@row2430/flags0x0|facial=id3910@row2250/flags0x0,Ready,13722,135.319,154.0833,hair style 0/0 -> geoset variant 2 (fallback - may not cover the scalp)
player:scourge-male:face:8,player:scourge-male:face:8,players,0,0,-1,-1,face,NONE,Character\Scourge\Male\ScourgeMaleSkin00_00.blp,Character\Scourge\Male\ScourgeMaleSkin00_00.blp,texture.MPQ,false,NONE,NONE,false,NONE,,Character\Scourge\Male\ScourgeMale.m2,patch.MPQ,5,0,0,8,0,0,0,,0:2;0:0;4:1;5:1;7:2;13:1;15:1,NONE,NONE,0,NONE,NONE,NONE,0,NONE,NONE,none-authored,NONE,0,skin=id2132@row2184/flags0x0|face=id2186@row2238/flags0x0|hair=id3391@row2420/flags0x0|hair-substitute=id2270@row2430/flags0x0|facial=id3910@row2250/flags0x0,Ready,13722,135.231,153.6926,hair style 0/0 -> geoset variant 2 (fallback - may not cover the scalp)
player:scourge-male:face:9,player:scourge-male:face:9,players,0,0,-1,-1,face,NONE,Character\Scourge\Male\ScourgeMaleSkin00_00.blp,Character\Scourge\Male\ScourgeMaleSkin00_00.blp,texture.MPQ,false,NONE,NONE,false,NONE,,Character\Scourge\Male\ScourgeMale.m2,patch.MPQ,5,0,0,9,0,0,0,,0:2;0:0;4:1;5:1;7:2;13:1;15:1,NONE,NONE,0,NONE,NONE,NONE,0,NONE,NONE,none-authored,NONE,0,skin=id2132@row2184/flags0x0|face=id2192@row2244/flags0x0|hair=id3391@row2420/flags0x0|hair-substitute=id2270@row2430/flags0x0|facial=id3910@row2250/flags0x0,Ready,13722,135.1145,151.2535,hair style 0/0 -> geoset variant 2 (fallback - may not cover the scalp)
player:scourge-male:hair-style:1,player:scourge-male:hair-style:1,players,0,0,-1,-1,hair-style,NONE,Character\Scourge\Male\ScourgeMaleSkin00_00.blp,Character\Scourge\Male\ScourgeMaleSkin00_00.blp,texture.MPQ,false,NONE,NONE,false,NONE,,Character\Scourge\Male\ScourgeMale.m2,patch.MPQ,5,0,0,0,1,0,0,,0:2;0:0;4:1;5:1;7:2;13:1;15:1,NONE,NONE,0,NONE,NONE,NONE,0,NONE,NONE,none-authored,NONE,0,skin=id2132@row2184/flags0x0|face=id2138@row2190/flags0x0|hair=id2270@row2430/flags0x0|facial=id3910@row2250/flags0x0,Ready,13722,135.5104,158.3672,hair style 1/0 -> geoset variant 2 (DBC match)
player:scourge-male:hair-style:2,player:scourge-male:hair-style:2,players,0,0,-1,-1,hair-style,NONE,Character\Scourge\Male\ScourgeMaleSkin00_00.blp,Character\Scourge\Male\ScourgeMaleSkin00_00.blp,texture.MPQ,false,NONE,NONE,false,NONE,,Character\Scourge\Male\ScourgeMale.m2,patch.MPQ,5,0,0,0,2,0,0,,0:3;0:0;4:1;5:1;7:2;13:1;15:1,NONE,NONE,0,NONE,NONE,NONE,0,NONE,NONE,none-authored,NONE,0,skin=id2132@row2184/flags0x0|face=id2138@row2190/flags0x0|hair=id2214@row2440/flags0x0|facial=id3910@row2250/flags0x0,Ready,13643,132.2098,153.3237,hair style 2/0 -> geoset variant 3 (DBC match)
player:scourge-male:hair-style:3,player:scourge-male:hair-style:3,players,0,0,-1,-1,hair-style,NONE,Character\Scourge\Male\ScourgeMaleSkin00_00.blp,Character\Scourge\Male\ScourgeMaleSkin00_00.blp,texture.MPQ,false,NONE,NONE,false,NONE,,Character\Scourge\Male\ScourgeMale.m2,patch.MPQ,5,0,0,0,3,0,0,,0:4;0:0;4:1;5:1;7:2;13:1;15:1,NONE,NONE,0,NONE,NONE,NONE,0,NONE,NONE,none-authored,NONE,0,skin=id2132@row2184/flags0x0|face=id2138@row2190/flags0x0|hair=id2280@row2450/flags0x0|facial=id3910@row2250/flags0x0,Ready,13856,133.2659,152.6316,hair style 3/0 -> geoset variant 4 (DBC match)
player:scourge-male:hair-style:4,player:scourge-male:hair-style:4,players,0,0,-1,-1,hair-style,NONE,Character\Scourge\Male\ScourgeMaleSkin00_00.blp,Character\Scourge\Male\ScourgeMaleSkin00_00.blp,texture.MPQ,false,NONE,NONE,false,NONE,,Character\Scourge\Male\ScourgeMale.m2,patch.MPQ,5,0,0,0,4,0,0,,0:5;0:0;4:1;5:1;7:2;13:1;15:1,NONE,NONE,0,NONE,NONE,NONE,0,NONE,NONE,none-authored,NONE,0,skin=id2132@row2184/flags0x0|face=id2138@row2190/flags0x0|hair=id2290@row2460/flags0x0|facial=id3910@row2250/flags0x0,Ready,13853,134.033,149.9513,hair style 4/0 -> geoset variant 5 (DBC match)
player:scourge-male:hair-style:5,player:scourge-male:hair-style:5,players,0,0,-1,-1,hair-style,NONE,Character\Scourge\Male\ScourgeMaleSkin00_00.blp,Character\Scourge\Male\ScourgeMaleSkin00_00.blp,texture.MPQ,false,NONE,NONE,false,NONE,,Character\Scourge\Male\ScourgeMale.m2,patch.MPQ,5,0,0,0,5,0,0,,0:6;0:0;4:1;5:1;7:2;13:1;15:1,NONE,NONE,0,NONE,NONE,NONE,0,NONE,NONE,none-authored,NONE,0,skin=id2132@row2184/flags0x0|face=id2138@row2190/flags0x0|hair=id2224@row2470/flags0x0|facial=id3910@row2250/flags0x0,Ready,14313,131.9185,150.4295,hair style 5/0 -> geoset variant 6 (DBC match)
player:scourge-male:hair-style:6,player:scourge-male:hair-style:6,players,0,0,-1,-1,hair-style,NONE,Character\Scourge\Male\ScourgeMaleSkin00_00.blp,Character\Scourge\Male\ScourgeMaleSkin00_00.blp,texture.MPQ,false,NONE,NONE,false,NONE,,Character\Scourge\Male\ScourgeMale.m2,patch.MPQ,5,0,0,0,6,0,0,,0:7;0:0;4:1;5:1;7:2;13:1;15:1,NONE,NONE,0,NONE,NONE,NONE,0,NONE,NONE,none-authored,NONE,0,skin=id2132@row2184/flags0x0|face=id2138@row2190/flags0x0|hair=id2234@row2480/flags0x0|facial=id3910@row2250/flags0x0,Ready,13501,134.3317,152.1606,hair style 6/0 -> geoset variant 7 (DBC match)
player:scourge-male:hair-style:7,player:scourge-male:hair-style:7,players,0,0,-1,-1,hair-style,NONE,Character\Scourge\Male\ScourgeMaleSkin00_00.blp,Character\Scourge\Male\ScourgeMaleSkin00_00.blp,texture.MPQ,false,NONE,NONE,false,NONE,,Character\Scourge\Male\ScourgeMale.m2,patch.MPQ,5,0,0,0,7,0,0,,0:8;0:0;4:1;5:1;7:2;13:1;15:1,NONE,NONE,0,NONE,NONE,NONE,0,NONE,NONE,none-authored,NONE,0,skin=id2132@row2184/flags0x0|face=id2138@row2190/flags0x0|hair=id2244@row2490/flags0x0|facial=id3910@row2250/flags0x0,Ready,13590,132.9525,151.2582,hair style 7/0 -> geoset variant 8 (DBC match)
player:scourge-male:hair-style:8,player:scourge-male:hair-style:8,players,0,0,-1,-1,hair-style,NONE,Character\Scourge\Male\ScourgeMaleSkin00_00.blp,Character\Scourge\Male\ScourgeMaleSkin00_00.blp,texture.MPQ,false,NONE,NONE,false,NONE,,Character\Scourge\Male\ScourgeMale.m2,patch.MPQ,5,0,0,0,8,0,0,,0:9;0:0;4:1;5:1;7:2;13:1;15:1,NONE,NONE,0,NONE,NONE,NONE,0,NONE,NONE,none-authored,NONE,0,skin=id2132@row2184/flags0x0|face=id2138@row2190/flags0x0|hair=id2300@row2500/flags0x0|facial=id3910@row2250/flags0x0,Ready,13639,136.1852,156.8529,hair style 8/0 -> geoset variant 9 (DBC match)
player:scourge-male:hair-style:9,player:scourge-male:hair-style:9,players,0,0,-1,-1,hair-style,NONE,Character\Scourge\Male\ScourgeMaleSkin00_00.blp,Character\Scourge\Male\ScourgeMaleSkin00_00.blp,texture.MPQ,false,NONE,NONE,false,NONE,,Character\Scourge\Male\ScourgeMale.m2,patch.MPQ,5,0,0,0,9,0,0,,0:10;0:0;4:1;5:1;7:2;13:1;15:1,NONE,NONE,0,NONE,NONE,NONE,0,NONE,NONE,none-authored,NONE,0,skin=id2132@row2184/flags0x0|face=id2138@row2190/flags0x0|hair=id2254@row2510/flags0x0|facial=id3910@row2250/flags0x0,Ready,13713,131.9123,152.9052,hair style 9/0 -> geoset variant 10 (DBC match)
player:scourge-male:hair-color:1,player:scourge-male:hair-color:1,players,0,0,-1,-1,hair-color,NONE,Character\Scourge\Male\ScourgeMaleSkin00_00.blp,Character\Scourge\Male\ScourgeMaleSkin00_00.blp,texture.MPQ,false,NONE,NONE,false,NONE,,Character\Scourge\Male\ScourgeMale.m2,patch.MPQ,5,0,0,0,0,1,0,,0:2;0:0;4:1;5:1;7:2;13:1;15:1,NONE,NONE,0,NONE,NONE,NONE,0,NONE,NONE,none-authored,NONE,0,skin=id2132@row2184/flags0x0|face=id2138@row2190/flags0x0|hair=id3392@row2421/flags0x0|hair-substitute=id2271@row2431/flags0x0|facial=id3911@row2251/flags0x0,Ready,13722,135.3503,150.9279,hair style 0/1 -> geoset variant 2 (fallback - may not cover the scalp)
player:scourge-male:hair-color:2,player:scourge-male:hair-color:2,players,0,0,-1,-1,hair-color,NONE,Character\Scourge\Male\ScourgeMaleSkin00_00.blp,Character\Scourge\Male\ScourgeMaleSkin00_00.blp,texture.MPQ,false,NONE,NONE,false,NONE,,Character\Scourge\Male\ScourgeMale.m2,patch.MPQ,5,0,0,0,0,2,0,,0:2;0:0;4:1;5:1;7:2;13:1;15:1,NONE,NONE,0,NONE,NONE,NONE,0,NONE,NONE,none-authored,NONE,0,skin=id2132@row2184/flags0x0|face=id2138@row2190/flags0x0|hair=id3393@row2422/flags0x0|hair-substitute=id2272@row2432/flags0x0|facial=id3912@row2252/flags0x0,Ready,13722,135.539,150.9537,hair style 0/2 -> geoset variant 2 (fallback - may not cover the scalp)
player:scourge-male:hair-color:3,player:scourge-male:hair-color:3,players,0,0,-1,-1,hair-color,NONE,Character\Scourge\Male\ScourgeMaleSkin00_00.blp,Character\Scourge\Male\ScourgeMaleSkin00_00.blp,texture.MPQ,false,NONE,NONE,false,NONE,,Character\Scourge\Male\ScourgeMale.m2,patch.MPQ,5,0,0,0,0,3,0,,0:2;0:0;4:1;5:1;7:2;13:1;15:1,NONE,NONE,0,NONE,NONE,NONE,0,NONE,NONE,none-authored,NONE,0,skin=id2132@row2184/flags0x0|face=id2138@row2190/flags0x0|hair=id3394@row2423/flags0x0|hair-substitute=id2273@row2433/flags0x0|facial=id3913@row2253/flags0x0,Ready,13722,135.7686,150.0861,hair style 0/3 -> geoset variant 2 (fallback - may not cover the scalp)
player:scourge-male:hair-color:4,player:scourge-male:hair-color:4,players,0,0,-1,-1,hair-color,NONE,Character\Scourge\Male\ScourgeMaleSkin00_00.blp,Character\Scourge\Male\ScourgeMaleSkin00_00.blp,texture.MPQ,false,NONE,NONE,false,NONE,,Character\Scourge\Male\ScourgeMale.m2,patch.MPQ,5,0,0,0,0,4,0,,0:2;0:0;4:1;5:1;7:2;13:1;15:1,NONE,NONE,0,NONE,NONE,NONE,0,NONE,NONE,none-authored,NONE,0,skin=id2132@row2184/flags0x0|face=id2138@row2190/flags0x0|hair=id3395@row2424/flags0x0|hair-substitute=id2274@row2434/flags0x0|facial=id3914@row2254/flags0x0,Ready,13722,136.7492,153.2698,hair style 0/4 -> geoset variant 2 (fallback - may not cover the scalp)
player:scourge-male:hair-color:5,player:scourge-male:hair-color:5,players,0,0,-1,-1,hair-color,NONE,Character\Scourge\Male\ScourgeMaleSkin00_00.blp,Character\Scourge\Male\ScourgeMaleSkin00_00.blp,texture.MPQ,false,NONE,NONE,false,NONE,,Character\Scourge\Male\ScourgeMale.m2,patch.MPQ,5,0,0,0,0,5,0,,0:2;0:0;4:1;5:1;7:2;13:1;15:1,NONE,NONE,0,NONE,NONE,NONE,0,NONE,NONE,none-authored,NONE,0,skin=id2132@row2184/flags0x0|face=id2138@row2190/flags0x0|hair=id3396@row2425/flags0x0|hair-substitute=id2275@row2435/flags0x0|facial=id3915@row2255/flags0x0,Ready,13722,135.5577,152.4422,hair style 0/5 -> geoset variant 2 (fallback - may not cover the scalp)
player:scourge-male:hair-color:6,player:scourge-male:hair-color:6,players,0,0,-1,-1,hair-color,NONE,Character\Scourge\Male\ScourgeMaleSkin00_00.blp,Character\Scourge\Male\ScourgeMaleSkin00_00.blp,texture.MPQ,false,NONE,NONE,false,NONE,,Character\Scourge\Male\ScourgeMale.m2,patch.MPQ,5,0,0,0,0,6,0,,0:2;0:0;4:1;5:1;7:2;13:1;15:1,NONE,NONE,0,NONE,NONE,NONE,0,NONE,NONE,none-authored,NONE,0,skin=id2132@row2184/flags0x0|face=id2138@row2190/flags0x0|hair=id3397@row2426/flags0x0|hair-substitute=id2276@row2436/flags0x0|facial=id3916@row2256/flags0x0,Ready,13722,135.6551,155.7877,hair style 0/6 -> geoset variant 2 (fallback - may not cover the scalp)
player:scourge-male:hair-color:7,player:scourge-male:hair-color:7,players,0,0,-1,-1,hair-color,NONE,Character\Scourge\Male\ScourgeMaleSkin00_00.blp,Character\Scourge\Male\ScourgeMaleSkin00_00.blp,texture.MPQ,false,NONE,NONE,false,NONE,,Character\Scourge\Male\ScourgeMale.m2,patch.MPQ,5,0,0,0,0,7,0,,0:2;0:0;4:1;5:1;7:2;13:1;15:1,NONE,NONE,0,NONE,NONE,NONE,0,NONE,NONE,none-authored,NONE,0,skin=id2132@row2184/flags0x0|face=id2138@row2190/flags0x0|hair=id3398@row2427/flags0x0|hair-substitute=id2277@row2437/flags0x0|facial=id3917@row2257/flags0x0,Ready,13722,135.8559,150.7793,hair style 0/7 -> geoset variant 2 (fallback - may not cover the scalp)
player:scourge-male:hair-color:8,player:scourge-male:hair-color:8,players,0,0,-1,-1,hair-color,NONE,Character\Scourge\Male\ScourgeMaleSkin00_00.blp,Character\Scourge\Male\ScourgeMaleSkin00_00.blp,texture.MPQ,false,NONE,NONE,false,NONE,,Character\Scourge\Male\ScourgeMale.m2,patch.MPQ,5,0,0,0,0,8,0,,0:2;0:0;4:1;5:1;7:2;13:1;15:1,NONE,NONE,0,NONE,NONE,NONE,0,NONE,NONE,none-authored,NONE,0,skin=id2132@row2184/flags0x0|face=id2138@row2190/flags0x0|hair=id3399@row2428/flags0x0|hair-substitute=id2278@row2438/flags0x0|facial=id3918@row2258/flags0x0,Ready,13722,135.1,151.4156,hair style 0/8 -> geoset variant 2 (fallback - may not cover the scalp)
player:scourge-male:hair-color:9,player:scourge-male:hair-color:9,players,0,0,-1,-1,hair-color,NONE,Character\Scourge\Male\ScourgeMaleSkin00_00.blp,Character\Scourge\Male\ScourgeMaleSkin00_00.blp,texture.MPQ,false,NONE,NONE,false,NONE,,Character\Scourge\Male\ScourgeMale.m2,patch.MPQ,5,0,0,0,0,9,0,,0:2;0:0;4:1;5:1;7:2;13:1;15:1,NONE,NONE,0,NONE,NONE,NONE,0,NONE,NONE,none-authored,NONE,0,skin=id2132@row2184/flags0x0|face=id2138@row2190/flags0x0|hair=id3400@row2429/flags0x0|hair-substitute=id2279@row2439/flags0x0|facial=id3919@row2259/flags0x0,Ready,13722,134.9983,148.071,hair style 0/9 -> geoset variant 2 (fallback - may not cover the scalp)
player:scourge-male:facial-hair:1,player:scourge-male:facial-hair:1,players,0,0,-1,-1,facial-hair,NONE,Character\Scourge\Male\ScourgeMaleSkin00_00.blp,Character\Scourge\Male\ScourgeMaleSkin00_00.blp,texture.MPQ,false,NONE,NONE,false,NONE,,Character\Scourge\Male\ScourgeMale.m2,patch.MPQ,5,0,0,0,0,0,1,,0:2;0:0;4:1;5:1;7:2;13:1;15:1,NONE,NONE,0,NONE,NONE,NONE,0,NONE,NONE,none-authored,NONE,0,skin=id2132@row2184/flags0x0|face=id2138@row2190/flags0x0|hair=id3391@row2420/flags0x0|hair-substitute=id2270@row2430/flags0x0|facial=id3920@row2260/flags0x0,Ready,13722,135.1883,151.5492,hair style 0/0 -> geoset variant 2 (fallback - may not cover the scalp)
player:scourge-male:facial-hair:2,player:scourge-male:facial-hair:2,players,0,0,-1,-1,facial-hair,NONE,Character\Scourge\Male\ScourgeMaleSkin00_00.blp,Character\Scourge\Male\ScourgeMaleSkin00_00.blp,texture.MPQ,false,NONE,NONE,false,NONE,,Character\Scourge\Male\ScourgeMale.m2,patch.MPQ,5,0,0,0,0,0,2,,0:2;0:0;4:1;5:1;7:2;13:1;15:1,NONE,NONE,0,NONE,NONE,NONE,0,NONE,NONE,none-authored,NONE,0,skin=id2132@row2184/flags0x0|face=id2138@row2190/flags0x0|hair=id3391@row2420/flags0x0|hair-substitute=id2270@row2430/flags0x0|facial=id3930@row2270/flags0x0,Ready,13722,134.1587,3108.2543,hair style 0/0 -> geoset variant 2 (fallback - may not cover the scalp)
player:scourge-male:facial-hair:3,player:scourge-male:facial-hair:3,players,0,0,-1,-1,facial-hair,NONE,Character\Scourge\Male\ScourgeMaleSkin00_00.blp,Character\Scourge\Male\ScourgeMaleSkin00_00.blp,texture.MPQ,false,NONE,NONE,false,NONE,,Character\Scourge\Male\ScourgeMale.m2,patch.MPQ,5,0,0,0,0,0,3,,0:2;0:0;4:1;5:1;7:2;13:1;15:1,NONE,NONE,0,NONE,NONE,NONE,0,NONE,NONE,none-authored,NONE,0,skin=id2132@row2184/flags0x0|face=id2138@row2190/flags0x0|hair=id3391@row2420/flags0x0|hair-substitute=id2270@row2430/flags0x0|facial=id3940@row2280/flags0x0,Ready,13722,134.1587,151.006,hair style 0/0 -> geoset variant 2 (fallback - may not cover the scalp)
player:scourge-male:facial-hair:4,player:scourge-male:facial-hair:4,players,0,0,-1,-1,facial-hair,NONE,Character\Scourge\Male\ScourgeMaleSkin00_00.blp,Character\Scourge\Male\ScourgeMaleSkin00_00.blp,texture.MPQ,false,NONE,NONE,false,NONE,,Character\Scourge\Male\ScourgeMale.m2,patch.MPQ,5,0,0,0,0,0,4,,0:2;0:0;4:1;5:1;7:2;13:1;15:1,NONE,NONE,0,NONE,NONE,NONE,0,NONE,NONE,none-authored,NONE,0,skin=id2132@row2184/flags0x0|face=id2138@row2190/flags0x0|hair=id3391@row2420/flags0x0|hair-substitute=id2270@row2430/flags0x0|facial=id3950@row2290/flags0x0,Ready,13722,134.1587,151.6917,hair style 0/0 -> geoset variant 2 (fallback - may not cover the scalp)
player:scourge-male:facial-hair:5,player:scourge-male:facial-hair:5,players,0,0,-1,-1,facial-hair,NONE,Character\Scourge\Male\ScourgeMaleSkin00_00.blp,Character\Scourge\Male\ScourgeMaleSkin00_00.blp,texture.MPQ,false,NONE,NONE,false,NONE,,Character\Scourge\Male\ScourgeMale.m2,patch.MPQ,5,0,0,0,0,0,5,,0:2;0:0;4:1;5:1;7:2;13:1;15:1,NONE,NONE,0,NONE,NONE,NONE,0,NONE,NONE,none-authored,NONE,0,skin=id2132@row2184/flags0x0|face=id2138@row2190/flags0x0|hair=id3391@row2420/flags0x0|hair-substitute=id2270@row2430/flags0x0|facial=id3960@row2300/flags0x0,Ready,13722,135.3816,158.8049,hair style 0/0 -> geoset variant 2 (fallback - may not cover the scalp)
player:scourge-male:facial-hair:6,player:scourge-male:facial-hair:6,players,0,0,-1,-1,facial-hair,NONE,Character\Scourge\Male\ScourgeMaleSkin00_00.blp,Character\Scourge\Male\ScourgeMaleSkin00_00.blp,texture.MPQ,false,NONE,NONE,false,NONE,,Character\Scourge\Male\ScourgeMale.m2,patch.MPQ,5,0,0,0,0,0,6,,0:2;0:0;4:1;5:1;7:2;13:1;15:1,NONE,NONE,0,NONE,NONE,NONE,0,NONE,NONE,none-authored,NONE,0,skin=id2132@row2184/flags0x0|face=id2138@row2190/flags0x0|hair=id3391@row2420/flags0x0|hair-substitute=id2270@row2430/flags0x0|facial=id3970@row2310/flags0x0,Ready,13722,135.3816,151.6785,hair style 0/0 -> geoset variant 2 (fallback - may not cover the scalp)
player:scourge-male:facial-hair:7,player:scourge-male:facial-hair:7,players,0,0,-1,-1,facial-hair,NONE,Character\Scourge\Male\ScourgeMaleSkin00_00.blp,Character\Scourge\Male\ScourgeMaleSkin00_00.blp,texture.MPQ,false,NONE,NONE,false,NONE,,Character\Scourge\Male\ScourgeMale.m2,patch.MPQ,5,0,0,0,0,0,7,,0:2;0:0;4:1;5:1;7:2;13:1;15:1,NONE,NONE,0,NONE,NONE,NONE,0,NONE,NONE,none-authored,NONE,0,skin=id2132@row2184/flags0x0|face=id2138@row2190/flags0x0|hair=id3391@row2420/flags0x0|hair-substitute=id2270@row2430/flags0x0|facial=id3980@row2320/flags0x0,Ready,13722,135.3816,150.8085,hair style 0/0 -> geoset variant 2 (fallback - may not cover the scalp)
player:scourge-male:facial-hair:8,player:scourge-male:facial-hair:8,players,0,0,-1,-1,facial-hair,NONE,Character\Scourge\Male\ScourgeMaleSkin00_00.blp,Character\Scourge\Male\ScourgeMaleSkin00_00.blp,texture.MPQ,false,NONE,NONE,false,NONE,,Character\Scourge\Male\ScourgeMale.m2,patch.MPQ,5,0,0,0,0,0,8,,0:2;0:0;4:1;5:1;7:2;13:1;15:1,NONE,NONE,0,NONE,NONE,NONE,0,NONE,NONE,none-authored,NONE,0,skin=id2132@row2184/flags0x0|face=id2138@row2190/flags0x0|hair=id3391@row2420/flags0x0|hair-substitute=id2270@row2430/flags0x0|facial=id3990@row2330/flags0x0,Ready,13722,135.4847,150.9803,hair style 0/0 -> geoset variant 2 (fallback - may not cover the scalp)
player:scourge-male:facial-hair:9,player:scourge-male:facial-hair:9,players,0,0,-1,-1,facial-hair,NONE,Character\Scourge\Male\ScourgeMaleSkin00_00.blp,Character\Scourge\Male\ScourgeMaleSkin00_00.blp,texture.MPQ,false,NONE,NONE,false,NONE,,Character\Scourge\Male\ScourgeMale.m2,patch.MPQ,5,0,0,0,0,0,9,,0:2;0:0;4:1;5:1;7:2;13:1;15:1,NONE,NONE,0,NONE,NONE,NONE,0,NONE,NONE,none-authored,NONE,0,skin=id2132@row2184/flags0x0|face=id2138@row2190/flags0x0|hair=id3391@row2420/flags0x0|hair-substitute=id2270@row2430/flags0x0|facial=id4000@row2340/flags0x0,Ready,13722,135.4847,161.5137,hair style 0/0 -> geoset variant 2 (fallback - may not cover the scalp)
player:scourge-male:facial-hair:10,player:scourge-male:facial-hair:10,players,0,0,-1,-1,facial-hair,NONE,Character\Scourge\Male\ScourgeMaleSkin00_00.blp,Character\Scourge\Male\ScourgeMaleSkin00_00.blp,texture.MPQ,false,NONE,NONE,false,NONE,,Character\Scourge\Male\ScourgeMale.m2,patch.MPQ,5,0,0,0,0,0,10,,0:2;0:0;4:1;5:1;7:2;13:1;15:1,NONE,NONE,0,NONE,NONE,NONE,0,NONE,NONE,none-authored,NONE,0,skin=id2132@row2184/flags0x0|face=id2138@row2190/flags0x0|hair=id3391@row2420/flags0x0|hair-substitute=id2270@row2430/flags0x0|facial=id4010@row2350/flags0x0,Ready,13722,135.3978,150.5597,hair style 0/0 -> geoset variant 2 (fallback - may not cover the scalp)
player:scourge-male:facial-hair:11,player:scourge-male:facial-hair:11,players,0,0,-1,-1,facial-hair,NONE,Character\Scourge\Male\ScourgeMaleSkin00_00.blp,Character\Scourge\Male\ScourgeMaleSkin00_00.blp,texture.MPQ,false,NONE,NONE,false,NONE,,Character\Scourge\Male\ScourgeMale.m2,patch.MPQ,5,0,0,0,0,0,11,,0:2;0:0;4:1;5:1;7:2;13:1;15:1,NONE,NONE,0,NONE,NONE,NONE,0,NONE,NONE,none-authored,NONE,0,skin=id2132@row2184/flags0x0|face=id2138@row2190/flags0x0|hair=id3391@row2420/flags0x0|hair-substitute=id2270@row2430/flags0x0|facial=id4020@row2360/flags0x0,Ready,13722,135.3978,157.7991,hair style 0/0 -> geoset variant 2 (fallback - may not cover the scalp)
player:scourge-male:facial-hair:12,player:scourge-male:facial-hair:12,players,0,0,-1,-1,facial-hair,NONE,Character\Scourge\Male\ScourgeMaleSkin00_00.blp,Character\Scourge\Male\ScourgeMaleSkin00_00.blp,texture.MPQ,false,NONE,NONE,false,NONE,,Character\Scourge\Male\ScourgeMale.m2,patch.MPQ,5,0,0,0,0,0,12,,0:2;0:0;4:1;5:1;7:2;13:1;15:1,NONE,NONE,0,NONE,NONE,NONE,0,NONE,NONE,none-authored,NONE,0,skin=id2132@row2184/flags0x0|face=id2138@row2190/flags0x0|hair=id3391@row2420/flags0x0|hair-substitute=id2270@row2430/flags0x0|facial=id4030@row2370/flags0x0,Ready,13722,135.426,152.9396,hair style 0/0 -> geoset variant 2 (fallback - may not cover the scalp)
player:scourge-male:facial-hair:13,player:scourge-male:facial-hair:13,players,0,0,-1,-1,facial-hair,NONE,Character\Scourge\Male\ScourgeMaleSkin00_00.blp,Character\Scourge\Male\ScourgeMaleSkin00_00.blp,texture.MPQ,false,NONE,NONE,false,NONE,,Character\Scourge\Male\ScourgeMale.m2,patch.MPQ,5,0,0,0,0,0,13,,0:2;0:0;4:1;5:1;7:2;13:1;15:1,NONE,NONE,0,NONE,NONE,NONE,0,NONE,NONE,none-authored,NONE,0,skin=id2132@row2184/flags0x0|face=id2138@row2190/flags0x0|hair=id3391@row2420/flags0x0|hair-substitute=id2270@row2430/flags0x0|facial=id4040@row2380/flags0x0,Ready,13722,135.426,158.4084,hair style 0/0 -> geoset variant 2 (fallback - may not cover the scalp)
player:scourge-male:facial-hair:14,player:scourge-male:facial-hair:14,players,0,0,-1,-1,facial-hair,NONE,Character\Scourge\Male\ScourgeMaleSkin00_00.blp,Character\Scourge\Male\ScourgeMaleSkin00_00.blp,texture.MPQ,false,NONE,NONE,false,NONE,,Character\Scourge\Male\ScourgeMale.m2,patch.MPQ,5,0,0,0,0,0,14,,0:2;0:0;4:1;5:1;7:2;13:1;15:1,NONE,NONE,0,NONE,NONE,NONE,0,NONE,NONE,none-authored,NONE,0,skin=id2132@row2184/flags0x0|face=id2138@row2190/flags0x0|hair=id3391@row2420/flags0x0|hair-substitute=id2270@row2430/flags0x0|facial=id4050@row2390/flags0x0,Ready,13722,135.3392,151.7095,hair style 0/0 -> geoset variant 2 (fallback - may not cover the scalp)
player:scourge-male:facial-hair:15,player:scourge-male:facial-hair:15,players,0,0,-1,-1,facial-hair,NONE,Character\Scourge\Male\ScourgeMaleSkin00_00.blp,Character\Scourge\Male\ScourgeMaleSkin00_00.blp,texture.MPQ,false,NONE,NONE,false,NONE,,Character\Scourge\Male\ScourgeMale.m2,patch.MPQ,5,0,0,0,0,0,15,,0:2;0:0;4:1;5:1;7:2;13:1;15:1,NONE,NONE,0,NONE,NONE,NONE,0,NONE,NONE,none-authored,NONE,0,skin=id2132@row2184/flags0x0|face=id2138@row2190/flags0x0|hair=id3391@row2420/flags0x0|hair-substitute=id2270@row2430/flags0x0|facial=id4060@row2400/flags0x0,Ready,13722,135.3392,151.0667,hair style 0/0 -> geoset variant 2 (fallback - may not cover the scalp)
player:scourge-male:facial-hair:16,player:scourge-male:facial-hair:16,players,0,0,-1,-1,facial-hair,NONE,Character\Scourge\Male\ScourgeMaleSkin00_00.blp,Character\Scourge\Male\ScourgeMaleSkin00_00.blp,texture.MPQ,false,NONE,NONE,false,NONE,,Character\Scourge\Male\ScourgeMale.m2,patch.MPQ,5,0,0,0,0,0,16,,0:2;0:0;4:1;5:1;7:2;13:1;15:1,NONE,NONE,0,NONE,NONE,NONE,0,NONE,NONE,none-authored,NONE,0,skin=id2132@row2184/flags0x0|face=id2138@row2190/flags0x0|hair=id3391@row2420/flags0x0|hair-substitute=id2270@row2430/flags0x0|facial=id4070@row2410/flags0x0,Ready,13722,135.3392,151.1803,hair style 0/0 -> geoset variant 2 (fallback - may not cover the scalp)
player:scourge-female:base,player:scourge-female:base,players,0,0,-1,-1,base,NONE,Character\Scourge\Female\ScourgeFemaleSkin00_00.blp,Character\Scourge\Female\ScourgeFemaleSkin00_00.blp,texture.MPQ,false,NONE,NONE,false,NONE,,Character\Scourge\Female\ScourgeFemale.m2,patch.MPQ,5,1,0,0,0,0,0,,0:2;0:0;4:1;5:1;7:2;13:1;15:1,NONE,NONE,0,NONE,NONE,NONE,0,NONE,NONE,none-authored,NONE,0,skin=id2310@row2526/flags0x0|face=id2316@row2532/flags0x0|hair=id2383@row2672/flags0x0|facial=id4080@row2592/flags0x0,Ready,11347,139.4175,171.2029,hair style 0/0 -> geoset variant 2 (DBC match)
player:scourge-female:skin:1,player:scourge-female:skin:1,players,0,0,-1,-1,skin,NONE,Character\Scourge\Female\ScourgeFemaleSkin00_01.blp,Character\Scourge\Female\ScourgeFemaleSkin00_01.blp,texture.MPQ,false,NONE,NONE,false,NONE,,Character\Scourge\Female\ScourgeFemale.m2,patch.MPQ,5,1,1,0,0,0,0,,0:2;0:0;4:1;5:1;7:2;13:1;15:1,NONE,NONE,0,NONE,NONE,NONE,0,NONE,NONE,none-authored,NONE,0,skin=id2311@row2527/flags0x0|face=id2317@row2533/flags0x0|hair=id2383@row2672/flags0x0|facial=id4080@row2592/flags0x0,Ready,11347,142.5765,149.2109,hair style 0/0 -> geoset variant 2 (DBC match)
player:scourge-female:skin:2,player:scourge-female:skin:2,players,0,0,-1,-1,skin,NONE,Character\Scourge\Female\ScourgeFemaleSkin00_02.blp,Character\Scourge\Female\ScourgeFemaleSkin00_02.blp,texture.MPQ,false,NONE,NONE,false,NONE,,Character\Scourge\Female\ScourgeFemale.m2,patch.MPQ,5,1,2,0,0,0,0,,0:2;0:0;4:1;5:1;7:2;13:1;15:1,NONE,NONE,0,NONE,NONE,NONE,0,NONE,NONE,none-authored,NONE,0,skin=id2312@row2528/flags0x0|face=id2318@row2534/flags0x0|hair=id2383@row2672/flags0x0|facial=id4080@row2592/flags0x0,Ready,11347,141.7719,150.1589,hair style 0/0 -> geoset variant 2 (DBC match)
player:scourge-female:skin:3,player:scourge-female:skin:3,players,0,0,-1,-1,skin,NONE,Character\Scourge\Female\ScourgeFemaleSkin00_03.blp,Character\Scourge\Female\ScourgeFemaleSkin00_03.blp,texture.MPQ,false,NONE,NONE,false,NONE,,Character\Scourge\Female\ScourgeFemale.m2,patch.MPQ,5,1,3,0,0,0,0,,0:2;0:0;4:1;5:1;7:2;13:1;15:1,NONE,NONE,0,NONE,NONE,NONE,0,NONE,NONE,none-authored,NONE,0,skin=id2313@row2529/flags0x0|face=id2319@row2535/flags0x0|hair=id2383@row2672/flags0x0|facial=id4080@row2592/flags0x0,Ready,11347,132.1442,153.5461,hair style 0/0 -> geoset variant 2 (DBC match)
player:scourge-female:skin:4,player:scourge-female:skin:4,players,0,0,-1,-1,skin,NONE,Character\Scourge\Female\ScourgeFemaleSkin00_04.blp,Character\Scourge\Female\ScourgeFemaleSkin00_04.blp,texture.MPQ,false,NONE,NONE,false,NONE,,Character\Scourge\Female\ScourgeFemale.m2,patch.MPQ,5,1,4,0,0,0,0,,0:2;0:0;4:1;5:1;7:2;13:1;15:1,NONE,NONE,0,NONE,NONE,NONE,0,NONE,NONE,none-authored,NONE,0,skin=id2314@row2530/flags0x0|face=id2320@row2536/flags0x0|hair=id2383@row2672/flags0x0|facial=id4080@row2592/flags0x0,Ready,11347,118.7124,150.8307,hair style 0/0 -> geoset variant 2 (DBC match)
player:scourge-female:skin:5,player:scourge-female:skin:5,players,0,0,-1,-1,skin,NONE,Character\Scourge\Female\ScourgeFemaleSkin00_05.blp,Character\Scourge\Female\ScourgeFemaleSkin00_05.blp,texture.MPQ,false,NONE,NONE,false,NONE,,Character\Scourge\Female\ScourgeFemale.m2,patch.MPQ,5,1,5,0,0,0,0,,0:2;0:0;4:1;5:1;7:2;13:1;15:1,NONE,NONE,0,NONE,NONE,NONE,0,NONE,NONE,none-authored,NONE,0,skin=id2315@row2531/flags0x0|face=id2321@row2537/flags0x0|hair=id2383@row2672/flags0x0|facial=id4080@row2592/flags0x0,Ready,11347,123.2378,150.5391,hair style 0/0 -> geoset variant 2 (DBC match)
player:scourge-female:face:1,player:scourge-female:face:1,players,0,0,-1,-1,face,NONE,Character\Scourge\Female\ScourgeFemaleSkin00_00.blp,Character\Scourge\Female\ScourgeFemaleSkin00_00.blp,texture.MPQ,false,NONE,NONE,false,NONE,,Character\Scourge\Female\ScourgeFemale.m2,patch.MPQ,5,1,0,1,0,0,0,,0:2;0:0;4:1;5:1;7:2;13:1;15:1,NONE,NONE,0,NONE,NONE,NONE,0,NONE,NONE,none-authored,NONE,0,skin=id2310@row2526/flags0x0|face=id2322@row2538/flags0x0|hair=id2383@row2672/flags0x0|facial=id4080@row2592/flags0x0,Ready,11347,138.7136,150.9951,hair style 0/0 -> geoset variant 2 (DBC match)
player:scourge-female:face:2,player:scourge-female:face:2,players,0,0,-1,-1,face,NONE,Character\Scourge\Female\ScourgeFemaleSkin00_00.blp,Character\Scourge\Female\ScourgeFemaleSkin00_00.blp,texture.MPQ,false,NONE,NONE,false,NONE,,Character\Scourge\Female\ScourgeFemale.m2,patch.MPQ,5,1,0,2,0,0,0,,0:2;0:0;4:1;5:1;7:2;13:1;15:1,NONE,NONE,0,NONE,NONE,NONE,0,NONE,NONE,none-authored,NONE,0,skin=id2310@row2526/flags0x0|face=id2328@row2544/flags0x0|hair=id2383@row2672/flags0x0|facial=id4080@row2592/flags0x0,Ready,11347,138.7448,150.8468,hair style 0/0 -> geoset variant 2 (DBC match)
player:scourge-female:face:3,player:scourge-female:face:3,players,0,0,-1,-1,face,NONE,Character\Scourge\Female\ScourgeFemaleSkin00_00.blp,Character\Scourge\Female\ScourgeFemaleSkin00_00.blp,texture.MPQ,false,NONE,NONE,false,NONE,,Character\Scourge\Female\ScourgeFemale.m2,patch.MPQ,5,1,0,3,0,0,0,,0:2;0:0;4:1;5:1;7:2;13:1;15:1,NONE,NONE,0,NONE,NONE,NONE,0,NONE,NONE,none-authored,NONE,0,skin=id2310@row2526/flags0x0|face=id2334@row2550/flags0x0|hair=id2383@row2672/flags0x0|facial=id4080@row2592/flags0x0,Ready,11347,139.0374,163.6608,hair style 0/0 -> geoset variant 2 (DBC match)
player:scourge-female:face:4,player:scourge-female:face:4,players,0,0,-1,-1,face,NONE,Character\Scourge\Female\ScourgeFemaleSkin00_00.blp,Character\Scourge\Female\ScourgeFemaleSkin00_00.blp,texture.MPQ,false,NONE,NONE,false,NONE,,Character\Scourge\Female\ScourgeFemale.m2,patch.MPQ,5,1,0,4,0,0,0,,0:2;0:0;4:1;5:1;7:2;13:1;15:1,NONE,NONE,0,NONE,NONE,NONE,0,NONE,NONE,none-authored,NONE,0,skin=id2310@row2526/flags0x0|face=id2340@row2556/flags0x0|hair=id2383@row2672/flags0x0|facial=id4080@row2592/flags0x0,Ready,11347,138.9232,151.4278,hair style 0/0 -> geoset variant 2 (DBC match)
player:scourge-female:face:5,player:scourge-female:face:5,players,0,0,-1,-1,face,NONE,Character\Scourge\Female\ScourgeFemaleSkin00_00.blp,Character\Scourge\Female\ScourgeFemaleSkin00_00.blp,texture.MPQ,false,NONE,NONE,false,NONE,,Character\Scourge\Female\ScourgeFemale.m2,patch.MPQ,5,1,0,5,0,0,0,,0:2;0:0;4:1;5:1;7:2;13:1;15:1,NONE,NONE,0,NONE,NONE,NONE,0,NONE,NONE,none-authored,NONE,0,skin=id2310@row2526/flags0x0|face=id2346@row2562/flags0x0|hair=id2383@row2672/flags0x0|facial=id4080@row2592/flags0x0,Ready,11347,138.9327,151.2316,hair style 0/0 -> geoset variant 2 (DBC match)
player:scourge-female:face:6,player:scourge-female:face:6,players,0,0,-1,-1,face,NONE,Character\Scourge\Female\ScourgeFemaleSkin00_00.blp,Character\Scourge\Female\ScourgeFemaleSkin00_00.blp,texture.MPQ,false,NONE,NONE,false,NONE,,Character\Scourge\Female\ScourgeFemale.m2,patch.MPQ,5,1,0,6,0,0,0,,0:2;0:0;4:1;5:1;7:2;13:1;15:1,NONE,NONE,0,NONE,NONE,NONE,0,NONE,NONE,none-authored,NONE,0,skin=id2310@row2526/flags0x0|face=id2352@row2568/flags0x0|hair=id2383@row2672/flags0x0|facial=id4080@row2592/flags0x0,Ready,11347,138.9749,152.6879,hair style 0/0 -> geoset variant 2 (DBC match)
player:scourge-female:face:7,player:scourge-female:face:7,players,0,0,-1,-1,face,NONE,Character\Scourge\Female\ScourgeFemaleSkin00_00.blp,Character\Scourge\Female\ScourgeFemaleSkin00_00.blp,texture.MPQ,false,NONE,NONE,false,NONE,,Character\Scourge\Female\ScourgeFemale.m2,patch.MPQ,5,1,0,7,0,0,0,,0:2;0:0;4:1;5:1;7:2;13:1;15:1,NONE,NONE,0,NONE,NONE,NONE,0,NONE,NONE,none-authored,NONE,0,skin=id2310@row2526/flags0x0|face=id2358@row2574/flags0x0|hair=id2383@row2672/flags0x0|facial=id4080@row2592/flags0x0,Ready,11347,139.1338,151.5184,hair style 0/0 -> geoset variant 2 (DBC match)
player:scourge-female:face:8,player:scourge-female:face:8,players,0,0,-1,-1,face,NONE,Character\Scourge\Female\ScourgeFemaleSkin00_00.blp,Character\Scourge\Female\ScourgeFemaleSkin00_00.blp,texture.MPQ,false,NONE,NONE,false,NONE,,Character\Scourge\Female\ScourgeFemale.m2,patch.MPQ,5,1,0,8,0,0,0,,0:2;0:0;4:1;5:1;7:2;13:1;15:1,NONE,NONE,0,NONE,NONE,NONE,0,NONE,NONE,none-authored,NONE,0,skin=id2310@row2526/flags0x0|face=id2364@row2580/flags0x0|hair=id2383@row2672/flags0x0|facial=id4080@row2592/flags0x0,Ready,11347,139.2307,151.1072,hair style 0/0 -> geoset variant 2 (DBC match)
player:scourge-female:face:9,player:scourge-female:face:9,players,0,0,-1,-1,face,NONE,Character\Scourge\Female\ScourgeFemaleSkin00_00.blp,Character\Scourge\Female\ScourgeFemaleSkin00_00.blp,texture.MPQ,false,NONE,NONE,false,NONE,,Character\Scourge\Female\ScourgeFemale.m2,patch.MPQ,5,1,0,9,0,0,0,,0:2;0:0;4:1;5:1;7:2;13:1;15:1,NONE,NONE,0,NONE,NONE,NONE,0,NONE,NONE,none-authored,NONE,0,skin=id2310@row2526/flags0x0|face=id2370@row2586/flags0x0|hair=id2383@row2672/flags0x0|facial=id4080@row2592/flags0x0,Ready,11347,138.6923,156.5845,hair style 0/0 -> geoset variant 2 (DBC match)
player:scourge-female:hair-style:1,player:scourge-female:hair-style:1,players,0,0,-1,-1,hair-style,NONE,Character\Scourge\Female\ScourgeFemaleSkin00_00.blp,Character\Scourge\Female\ScourgeFemaleSkin00_00.blp,texture.MPQ,false,NONE,NONE,false,NONE,,Character\Scourge\Female\ScourgeFemale.m2,patch.MPQ,5,1,0,0,1,0,0,,0:3;0:0;4:1;5:1;7:2;13:1;15:1,NONE,NONE,0,NONE,NONE,NONE,0,NONE,NONE,none-authored,NONE,0,skin=id2310@row2526/flags0x0|face=id2316@row2532/flags0x0|hair=id2393@row2682/flags0x0|facial=id4080@row2592/flags0x0,Ready,11144,140.7312,150.5546,hair style 1/0 -> geoset variant 3 (DBC match)
player:scourge-female:hair-style:2,player:scourge-female:hair-style:2,players,0,0,-1,-1,hair-style,NONE,Character\Scourge\Female\ScourgeFemaleSkin00_00.blp,Character\Scourge\Female\ScourgeFemaleSkin00_00.blp,texture.MPQ,false,NONE,NONE,false,NONE,,Character\Scourge\Female\ScourgeFemale.m2,patch.MPQ,5,1,0,0,2,0,0,,0:4;0:0;4:1;5:1;7:2;13:1;15:1,NONE,NONE,0,NONE,NONE,NONE,0,NONE,NONE,none-authored,NONE,0,skin=id2310@row2526/flags0x0|face=id2316@row2532/flags0x0|hair=id2403@row2692/flags0x0|facial=id4080@row2592/flags0x0,Ready,11323,137.8641,152.1311,hair style 2/0 -> geoset variant 4 (DBC match)
player:scourge-female:hair-style:3,player:scourge-female:hair-style:3,players,0,0,-1,-1,hair-style,NONE,Character\Scourge\Female\ScourgeFemaleSkin00_00.blp,Character\Scourge\Female\ScourgeFemaleSkin00_00.blp,texture.MPQ,false,NONE,NONE,false,NONE,,Character\Scourge\Female\ScourgeFemale.m2,patch.MPQ,5,1,0,0,3,0,0,,0:5;0:0;4:1;5:1;7:2;13:1;15:1,NONE,NONE,0,NONE,NONE,NONE,0,NONE,NONE,none-authored,NONE,0,skin=id2310@row2526/flags0x0|face=id2316@row2532/flags0x0|hair=id2413@row2702/flags0x0|facial=id4080@row2592/flags0x0,Ready,11663,137.7915,151.0365,hair style 3/0 -> geoset variant 5 (DBC match)
player:scourge-female:hair-style:4,player:scourge-female:hair-style:4,players,0,0,-1,-1,hair-style,NONE,Character\Scourge\Female\ScourgeFemaleSkin00_00.blp,Character\Scourge\Female\ScourgeFemaleSkin00_00.blp,texture.MPQ,false,NONE,NONE,false,NONE,,Character\Scourge\Female\ScourgeFemale.m2,patch.MPQ,5,1,0,0,4,0,0,,0:6;0:0;4:1;5:1;7:2;13:1;15:1,NONE,NONE,0,NONE,NONE,NONE,0,NONE,NONE,none-authored,NONE,0,skin=id2310@row2526/flags0x0|face=id2316@row2532/flags0x0|hair=id2423@row2712/flags0x0|facial=id4080@row2592/flags0x0,Ready,11086,138.0292,153.1863,hair style 4/0 -> geoset variant 6 (DBC match)
player:scourge-female:hair-style:5,player:scourge-female:hair-style:5,players,0,0,-1,-1,hair-style,NONE,Character\Scourge\Female\ScourgeFemaleSkin00_00.blp,Character\Scourge\Female\ScourgeFemaleSkin00_00.blp,texture.MPQ,false,NONE,NONE,false,NONE,,Character\Scourge\Female\ScourgeFemale.m2,patch.MPQ,5,1,0,0,5,0,0,,0:7;0:0;4:1;5:1;7:2;13:1;15:1,NONE,NONE,0,NONE,NONE,NONE,0,NONE,NONE,none-authored,NONE,0,skin=id2310@row2526/flags0x0|face=id2316@row2532/flags0x0|hair=id2433@row2722/flags0x0|facial=id4080@row2592/flags0x0,Ready,11780,136.1577,151.8894,hair style 5/0 -> geoset variant 7 (DBC match)
player:scourge-female:hair-style:6,player:scourge-female:hair-style:6,players,0,0,-1,-1,hair-style,NONE,Character\Scourge\Female\ScourgeFemaleSkin00_00.blp,Character\Scourge\Female\ScourgeFemaleSkin00_00.blp,texture.MPQ,false,NONE,NONE,false,NONE,,Character\Scourge\Female\ScourgeFemale.m2,patch.MPQ,5,1,0,0,6,0,0,,0:8;0:0;4:1;5:1;7:2;13:1;15:1,NONE,NONE,0,NONE,NONE,NONE,0,NONE,NONE,none-authored,NONE,0,skin=id2310@row2526/flags0x0|face=id2316@row2532/flags0x0|hair=id2443@row2732/flags0x0|facial=id4080@row2592/flags0x0,Ready,10867,143.5941,152.3462,hair style 6/0 -> geoset variant 8 (DBC match)
player:scourge-female:hair-style:7,player:scourge-female:hair-style:7,players,0,0,-1,-1,hair-style,NONE,Character\Scourge\Female\ScourgeFemaleSkin00_00.blp,Character\Scourge\Female\ScourgeFemaleSkin00_00.blp,texture.MPQ,false,NONE,NONE,false,NONE,,Character\Scourge\Female\ScourgeFemale.m2,patch.MPQ,5,1,0,0,7,0,0,,0:9;0:0;4:1;5:1;7:2;13:1;15:1,NONE,NONE,0,NONE,NONE,NONE,0,NONE,NONE,none-authored,NONE,0,skin=id2310@row2526/flags0x0|face=id2316@row2532/flags0x0|hair=id2453@row2742/flags0x0|facial=id4080@row2592/flags0x0,Ready,11018,142.843,157.5786,hair style 7/0 -> geoset variant 9 (DBC match)
player:scourge-female:hair-style:8,player:scourge-female:hair-style:8,players,0,0,-1,-1,hair-style,NONE,Character\Scourge\Female\ScourgeFemaleSkin00_00.blp,Character\Scourge\Female\ScourgeFemaleSkin00_00.blp,texture.MPQ,false,NONE,NONE,false,NONE,,Character\Scourge\Female\ScourgeFemale.m2,patch.MPQ,5,1,0,0,8,0,0,,0:10;0:0;4:1;5:1;7:2;13:1;15:1,NONE,NONE,0,NONE,NONE,NONE,0,NONE,NONE,none-authored,NONE,0,skin=id2310@row2526/flags0x0|face=id2316@row2532/flags0x0|hair=id2463@row2752/flags0x0|facial=id4080@row2592/flags0x0,Ready,11030,142.16,162.3961,hair style 8/0 -> geoset variant 10 (DBC match)
player:scourge-female:hair-style:9,player:scourge-female:hair-style:9,players,0,0,-1,-1,hair-style,NONE,Character\Scourge\Female\ScourgeFemaleSkin00_00.blp,Character\Scourge\Female\ScourgeFemaleSkin00_00.blp,texture.MPQ,false,NONE,NONE,false,NONE,,Character\Scourge\Female\ScourgeFemale.m2,patch.MPQ,5,1,0,0,9,0,0,,0:11;0:0;4:1;5:1;7:2;13:1;15:1,NONE,NONE,0,NONE,NONE,NONE,0,NONE,NONE,none-authored,NONE,0,skin=id2310@row2526/flags0x0|face=id2316@row2532/flags0x0|hair=id2473@row2762/flags0x0|facial=id4080@row2592/flags0x0,Ready,10987,141.4061,152.7976,hair style 9/0 -> geoset variant 11 (DBC match)
player:scourge-female:hair-color:1,player:scourge-female:hair-color:1,players,0,0,-1,-1,hair-color,NONE,Character\Scourge\Female\ScourgeFemaleSkin00_00.blp,Character\Scourge\Female\ScourgeFemaleSkin00_00.blp,texture.MPQ,false,NONE,NONE,false,NONE,,Character\Scourge\Female\ScourgeFemale.m2,patch.MPQ,5,1,0,0,0,1,0,,0:2;0:0;4:1;5:1;7:2;13:1;15:1,NONE,NONE,0,NONE,NONE,NONE,0,NONE,NONE,none-authored,NONE,0,skin=id2310@row2526/flags0x0|face=id2316@row2532/flags0x0|hair=id2384@row2673/flags0x0|facial=id4081@row2593/flags0x0,Ready,11347,139.248,151.86,hair style 0/1 -> geoset variant 2 (DBC match)
player:scourge-female:hair-color:2,player:scourge-female:hair-color:2,players,0,0,-1,-1,hair-color,NONE,Character\Scourge\Female\ScourgeFemaleSkin00_00.blp,Character\Scourge\Female\ScourgeFemaleSkin00_00.blp,texture.MPQ,false,NONE,NONE,false,NONE,,Character\Scourge\Female\ScourgeFemale.m2,patch.MPQ,5,1,0,0,0,2,0,,0:2;0:0;4:1;5:1;7:2;13:1;15:1,NONE,NONE,0,NONE,NONE,NONE,0,NONE,NONE,none-authored,NONE,0,skin=id2310@row2526/flags0x0|face=id2316@row2532/flags0x0|hair=id2385@row2674/flags0x0|facial=id4082@row2594/flags0x0,Ready,11347,139.4407,151.7442,hair style 0/2 -> geoset variant 2 (DBC match)
player:scourge-female:hair-color:3,player:scourge-female:hair-color:3,players,0,0,-1,-1,hair-color,NONE,Character\Scourge\Female\ScourgeFemaleSkin00_00.blp,Character\Scourge\Female\ScourgeFemaleSkin00_00.blp,texture.MPQ,false,NONE,NONE,false,NONE,,Character\Scourge\Female\ScourgeFemale.m2,patch.MPQ,5,1,0,0,0,3,0,,0:2;0:0;4:1;5:1;7:2;13:1;15:1,NONE,NONE,0,NONE,NONE,NONE,0,NONE,NONE,none-authored,NONE,0,skin=id2310@row2526/flags0x0|face=id2316@row2532/flags0x0|hair=id2386@row2675/flags0x0|facial=id4083@row2595/flags0x0,Ready,11347,139.908,152.2614,hair style 0/3 -> geoset variant 2 (DBC match)
player:scourge-female:hair-color:4,player:scourge-female:hair-color:4,players,0,0,-1,-1,hair-color,NONE,Character\Scourge\Female\ScourgeFemaleSkin00_00.blp,Character\Scourge\Female\ScourgeFemaleSkin00_00.blp,texture.MPQ,false,NONE,NONE,false,NONE,,Character\Scourge\Female\ScourgeFemale.m2,patch.MPQ,5,1,0,0,0,4,0,,0:2;0:0;4:1;5:1;7:2;13:1;15:1,NONE,NONE,0,NONE,NONE,NONE,0,NONE,NONE,none-authored,NONE,0,skin=id2310@row2526/flags0x0|face=id2316@row2532/flags0x0|hair=id2387@row2676/flags0x0|facial=id4084@row2596/flags0x0,Ready,11347,141.2613,157.62,hair style 0/4 -> geoset variant 2 (DBC match)
player:scourge-female:hair-color:5,player:scourge-female:hair-color:5,players,0,0,-1,-1,hair-color,NONE,Character\Scourge\Female\ScourgeFemaleSkin00_00.blp,Character\Scourge\Female\ScourgeFemaleSkin00_00.blp,texture.MPQ,false,NONE,NONE,false,NONE,,Character\Scourge\Female\ScourgeFemale.m2,patch.MPQ,5,1,0,0,0,5,0,,0:2;0:0;4:1;5:1;7:2;13:1;15:1,NONE,NONE,0,NONE,NONE,NONE,0,NONE,NONE,none-authored,NONE,0,skin=id2310@row2526/flags0x0|face=id2316@row2532/flags0x0|hair=id2388@row2677/flags0x0|facial=id4085@row2597/flags0x0,Ready,11347,139.4799,150.1286,hair style 0/5 -> geoset variant 2 (DBC match)
player:scourge-female:hair-color:6,player:scourge-female:hair-color:6,players,0,0,-1,-1,hair-color,NONE,Character\Scourge\Female\ScourgeFemaleSkin00_00.blp,Character\Scourge\Female\ScourgeFemaleSkin00_00.blp,texture.MPQ,false,NONE,NONE,false,NONE,,Character\Scourge\Female\ScourgeFemale.m2,patch.MPQ,5,1,0,0,0,6,0,,0:2;0:0;4:1;5:1;7:2;13:1;15:1,NONE,NONE,0,NONE,NONE,NONE,0,NONE,NONE,none-authored,NONE,0,skin=id2310@row2526/flags0x0|face=id2316@row2532/flags0x0|hair=id2389@row2678/flags0x0|facial=id4086@row2598/flags0x0,Ready,11347,139.6904,167.1106,hair style 0/6 -> geoset variant 2 (DBC match)
player:scourge-female:hair-color:7,player:scourge-female:hair-color:7,players,0,0,-1,-1,hair-color,NONE,Character\Scourge\Female\ScourgeFemaleSkin00_00.blp,Character\Scourge\Female\ScourgeFemaleSkin00_00.blp,texture.MPQ,false,NONE,NONE,false,NONE,,Character\Scourge\Female\ScourgeFemale.m2,patch.MPQ,5,1,0,0,0,7,0,,0:2;0:0;4:1;5:1;7:2;13:1;15:1,NONE,NONE,0,NONE,NONE,NONE,0,NONE,NONE,none-authored,NONE,0,skin=id2310@row2526/flags0x0|face=id2316@row2532/flags0x0|hair=id2390@row2679/flags0x0|facial=id4087@row2599/flags0x0,Ready,11347,139.8987,150.1508,hair style 0/7 -> geoset variant 2 (DBC match)
player:scourge-female:hair-color:8,player:scourge-female:hair-color:8,players,0,0,-1,-1,hair-color,NONE,Character\Scourge\Female\ScourgeFemaleSkin00_00.blp,Character\Scourge\Female\ScourgeFemaleSkin00_00.blp,texture.MPQ,false,NONE,NONE,false,NONE,,Character\Scourge\Female\ScourgeFemale.m2,patch.MPQ,5,1,0,0,0,8,0,,0:2;0:0;4:1;5:1;7:2;13:1;15:1,NONE,NONE,0,NONE,NONE,NONE,0,NONE,NONE,none-authored,NONE,0,skin=id2310@row2526/flags0x0|face=id2316@row2532/flags0x0|hair=id2391@row2680/flags0x0|facial=id4088@row2600/flags0x0,Ready,11347,138.6176,151.6648,hair style 0/8 -> geoset variant 2 (DBC match)
player:scourge-female:hair-color:9,player:scourge-female:hair-color:9,players,0,0,-1,-1,hair-color,NONE,Character\Scourge\Female\ScourgeFemaleSkin00_00.blp,Character\Scourge\Female\ScourgeFemaleSkin00_00.blp,texture.MPQ,false,NONE,NONE,false,NONE,,Character\Scourge\Female\ScourgeFemale.m2,patch.MPQ,5,1,0,0,0,9,0,,0:2;0:0;4:1;5:1;7:2;13:1;15:1,NONE,NONE,0,NONE,NONE,NONE,0,NONE,NONE,none-authored,NONE,0,skin=id2310@row2526/flags0x0|face=id2316@row2532/flags0x0|hair=id2392@row2681/flags0x0|facial=id4089@row2601/flags0x0,Ready,11347,138.493,151.2674,hair style 0/9 -> geoset variant 2 (DBC match)
player:scourge-female:facial-hair:1,player:scourge-female:facial-hair:1,players,0,0,-1,-1,facial-hair,NONE,Character\Scourge\Female\ScourgeFemaleSkin00_00.blp,Character\Scourge\Female\ScourgeFemaleSkin00_00.blp,texture.MPQ,false,NONE,NONE,false,NONE,,Character\Scourge\Female\ScourgeFemale.m2,patch.MPQ,5,1,0,0,0,0,1,,0:2;0:0;4:1;5:1;7:2;13:1;15:1,NONE,NONE,0,NONE,NONE,NONE,0,NONE,NONE,none-authored,NONE,0,skin=id2310@row2526/flags0x0|face=id2316@row2532/flags0x0|hair=id2383@row2672/flags0x0|facial=id4090@row2602/flags0x0,Ready,11347,138.6959,151.2156,hair style 0/0 -> geoset variant 2 (DBC match)
player:scourge-female:facial-hair:2,player:scourge-female:facial-hair:2,players,0,0,-1,-1,facial-hair,NONE,Character\Scourge\Female\ScourgeFemaleSkin00_00.blp,Character\Scourge\Female\ScourgeFemaleSkin00_00.blp,texture.MPQ,false,NONE,NONE,false,NONE,,Character\Scourge\Female\ScourgeFemale.m2,patch.MPQ,5,1,0,0,0,0,2,,0:2;0:0;4:1;5:1;7:2;13:1;15:1,NONE,NONE,0,NONE,NONE,NONE,0,NONE,NONE,none-authored,NONE,0,skin=id2310@row2526/flags0x0|face=id2316@row2532/flags0x0|hair=id2383@row2672/flags0x0|facial=id4100@row2612/flags0x0,Ready,11347,138.3899,157.4869,hair style 0/0 -> geoset variant 2 (DBC match)
player:scourge-female:facial-hair:3,player:scourge-female:facial-hair:3,players,0,0,-1,-1,facial-hair,NONE,Character\Scourge\Female\ScourgeFemaleSkin00_00.blp,Character\Scourge\Female\ScourgeFemaleSkin00_00.blp,texture.MPQ,false,NONE,NONE,false,NONE,,Character\Scourge\Female\ScourgeFemale.m2,patch.MPQ,5,1,0,0,0,0,3,,0:2;0:0;4:1;5:1;7:2;13:1;15:1,NONE,NONE,0,NONE,NONE,NONE,0,NONE,NONE,none-authored,NONE,0,skin=id2310@row2526/flags0x0|face=id2316@row2532/flags0x0|hair=id2383@row2672/flags0x0|facial=id4110@row2622/flags0x0,Ready,11347,139.2222,148.4887,hair style 0/0 -> geoset variant 2 (DBC match)
player:scourge-female:facial-hair:4,player:scourge-female:facial-hair:4,players,0,0,-1,-1,facial-hair,NONE,Character\Scourge\Female\ScourgeFemaleSkin00_00.blp,Character\Scourge\Female\ScourgeFemaleSkin00_00.blp,texture.MPQ,false,NONE,NONE,false,NONE,,Character\Scourge\Female\ScourgeFemale.m2,patch.MPQ,5,1,0,0,0,0,4,,0:2;0:0;4:1;5:1;7:2;13:1;15:1,NONE,NONE,0,NONE,NONE,NONE,0,NONE,NONE,none-authored,NONE,0,skin=id2310@row2526/flags0x0|face=id2316@row2532/flags0x0|hair=id2383@row2672/flags0x0|facial=id4120@row2632/flags0x0,Ready,11347,139.2208,151.1098,hair style 0/0 -> geoset variant 2 (DBC match)
player:scourge-female:facial-hair:5,player:scourge-female:facial-hair:5,players,0,0,-1,-1,facial-hair,NONE,Character\Scourge\Female\ScourgeFemaleSkin00_00.blp,Character\Scourge\Female\ScourgeFemaleSkin00_00.blp,texture.MPQ,false,NONE,NONE,false,NONE,,Character\Scourge\Female\ScourgeFemale.m2,patch.MPQ,5,1,0,0,0,0,5,,0:2;0:0;4:1;5:1;7:2;13:1;15:1,NONE,NONE,0,NONE,NONE,NONE,0,NONE,NONE,none-authored,NONE,0,skin=id2310@row2526/flags0x0|face=id2316@row2532/flags0x0|hair=id2383@row2672/flags0x0|facial=id4130@row2642/flags0x0,Ready,11347,139.166,151.0587,hair style 0/0 -> geoset variant 2 (DBC match)
player:scourge-female:facial-hair:6,player:scourge-female:facial-hair:6,players,0,0,-1,-1,facial-hair,NONE,Character\Scourge\Female\ScourgeFemaleSkin00_00.blp,Character\Scourge\Female\ScourgeFemaleSkin00_00.blp,texture.MPQ,false,NONE,NONE,false,NONE,,Character\Scourge\Female\ScourgeFemale.m2,patch.MPQ,5,1,0,0,0,0,6,,0:2;0:0;4:1;5:1;7:2;13:1;15:1,NONE,NONE,0,NONE,NONE,NONE,0,NONE,NONE,none-authored,NONE,0,skin=id2310@row2526/flags0x0|face=id2316@row2532/flags0x0|hair=id2383@row2672/flags0x0|facial=id4140@row2652/flags0x0,Ready,11347,139.2995,152.5527,hair style 0/0 -> geoset variant 2 (DBC match)
player:scourge-female:facial-hair:7,player:scourge-female:facial-hair:7,players,0,0,-1,-1,facial-hair,NONE,Character\Scourge\Female\ScourgeFemaleSkin00_00.blp,Character\Scourge\Female\ScourgeFemaleSkin00_00.blp,texture.MPQ,false,NONE,NONE,false,NONE,,Character\Scourge\Female\ScourgeFemale.m2,patch.MPQ,5,1,0,0,0,0,7,,0:2;0:0;4:1;5:1;7:2;13:1;15:1,NONE,NONE,0,NONE,NONE,NONE,0,NONE,NONE,none-authored,NONE,0,skin=id2310@row2526/flags0x0|face=id2316@row2532/flags0x0|hair=id2383@row2672/flags0x0|facial=id4150@row2662/flags0x0,Ready,11347,139.1652,153.9406,hair style 0/0 -> geoset variant 2 (DBC match)
player:tauren-male:base,player:tauren-male:base,players,0,0,-1,-1,base,NONE,Character\Tauren\Male\TaurenMaleSkin00_00.blp,Character\Tauren\Male\TaurenMaleSkin00_00.blp,texture.MPQ,false,NONE,NONE,false,NONE,,Character\Tauren\Male\TaurenMale.m2,patch.MPQ,6,0,0,0,0,0,0,,0:0;0:2;4:1;7:2;13:1;15:1,NONE,NONE,0,NONE,NONE,NONE,0,NONE,NONE,none-authored,NONE,0,skin=id2489@row2778/flags0x0|face=id2508@row2797/flags0x0|hair=id2603@row2892/flags0x0|facial=NONE,Ready,42014,43.4271,177.4673,hair style 0/0 -> geoset variant 2 (DBC match)
player:tauren-male:skin:1,player:tauren-male:skin:1,players,0,0,-1,-1,skin,NONE,Character\Tauren\Male\TaurenMaleSkin00_01.blp,Character\Tauren\Male\TaurenMaleSkin00_01.blp,texture.MPQ,false,NONE,NONE,false,NONE,,Character\Tauren\Male\TaurenMale.m2,patch.MPQ,6,0,1,0,0,0,0,,0:0;0:2;4:1;7:2;13:1;15:1,NONE,NONE,0,NONE,NONE,NONE,0,NONE,NONE,none-authored,NONE,0,skin=id2490@row2779/flags0x0|face=id2509@row2798/flags0x0|hair=id2603@row2892/flags0x0|facial=NONE,Ready,42014,67.7942,154.8336,hair style 0/0 -> geoset variant 2 (DBC match)
player:tauren-male:skin:2,player:tauren-male:skin:2,players,0,0,-1,-1,skin,NONE,Character\Tauren\Male\TaurenMaleSkin00_02.blp,Character\Tauren\Male\TaurenMaleSkin00_02.blp,texture.MPQ,false,NONE,NONE,false,NONE,,Character\Tauren\Male\TaurenMale.m2,patch.MPQ,6,0,2,0,0,0,0,,0:0;0:2;4:1;7:2;13:1;15:1,NONE,NONE,0,NONE,NONE,NONE,0,NONE,NONE,none-authored,NONE,0,skin=id2491@row2780/flags0x0|face=id2510@row2799/flags0x0|hair=id2603@row2892/flags0x0|facial=NONE,Ready,42014,91.9985,154.2952,hair style 0/0 -> geoset variant 2 (DBC match)
player:tauren-male:skin:3,player:tauren-male:skin:3,players,0,0,-1,-1,skin,NONE,Character\Tauren\Male\TaurenMaleSkin00_03.blp,Character\Tauren\Male\TaurenMaleSkin00_03.blp,texture.MPQ,false,NONE,NONE,false,NONE,,Character\Tauren\Male\TaurenMale.m2,patch.MPQ,6,0,3,0,0,0,0,,0:0;0:2;4:1;7:2;13:1;15:1,NONE,NONE,0,NONE,NONE,NONE,0,NONE,NONE,none-authored,NONE,0,skin=id2492@row2781/flags0x0|face=id2511@row2800/flags0x0|hair=id2603@row2892/flags0x0|facial=NONE,Ready,42014,58.9674,155.2681,hair style 0/0 -> geoset variant 2 (DBC match)
player:tauren-male:skin:4,player:tauren-male:skin:4,players,0,0,-1,-1,skin,NONE,Character\Tauren\Male\TaurenMaleSkin00_04.blp,Character\Tauren\Male\TaurenMaleSkin00_04.blp,texture.MPQ,false,NONE,NONE,false,NONE,,Character\Tauren\Male\TaurenMale.m2,patch.MPQ,6,0,4,0,0,0,0,,0:0;0:2;4:1;7:2;13:1;15:1,NONE,NONE,0,NONE,NONE,NONE,0,NONE,NONE,none-authored,NONE,0,skin=id2493@row2782/flags0x0|face=id2512@row2801/flags0x0|hair=id2603@row2892/flags0x0|facial=NONE,Ready,42014,82.3118,153.497,hair style 0/0 -> geoset variant 2 (DBC match)
player:tauren-male:skin:5,player:tauren-male:skin:5,players,0,0,-1,-1,skin,NONE,Character\Tauren\Male\TaurenMaleSkin00_05.blp,Character\Tauren\Male\TaurenMaleSkin00_05.blp,texture.MPQ,false,NONE,NONE,false,NONE,,Character\Tauren\Male\TaurenMale.m2,patch.MPQ,6,0,5,0,0,0,0,,0:0;0:2;4:1;7:2;13:1;15:1,NONE,NONE,0,NONE,NONE,NONE,0,NONE,NONE,none-authored,NONE,0,skin=id2494@row2783/flags0x0|face=id2513@row2802/flags0x0|hair=id2603@row2892/flags0x0|facial=NONE,Ready,42014,107.157,153.447,hair style 0/0 -> geoset variant 2 (DBC match)
player:tauren-male:skin:6,player:tauren-male:skin:6,players,0,0,-1,-1,skin,NONE,Character\Tauren\Male\TaurenMaleSkin00_06.blp,Character\Tauren\Male\TaurenMaleSkin00_06.blp,texture.MPQ,false,NONE,NONE,false,NONE,,Character\Tauren\Male\TaurenMale.m2,patch.MPQ,6,0,6,0,0,0,0,,0:0;0:2;4:1;7:2;13:1;15:1,NONE,NONE,0,NONE,NONE,NONE,0,NONE,NONE,none-authored,NONE,0,skin=id2495@row2784/flags0x0|face=id2514@row2803/flags0x0|hair=id2603@row2892/flags0x0|facial=NONE,Ready,42014,47.8306,160.6496,hair style 0/0 -> geoset variant 2 (DBC match)
player:tauren-male:skin:7,player:tauren-male:skin:7,players,0,0,-1,-1,skin,NONE,Character\Tauren\Male\TaurenMaleSkin00_07.blp,Character\Tauren\Male\TaurenMaleSkin00_07.blp,texture.MPQ,false,NONE,NONE,false,NONE,,Character\Tauren\Male\TaurenMale.m2,patch.MPQ,6,0,7,0,0,0,0,,0:0;0:2;4:1;7:2;13:1;15:1,NONE,NONE,0,NONE,NONE,NONE,0,NONE,NONE,none-authored,NONE,0,skin=id2496@row2785/flags0x0|face=id2515@row2804/flags0x0|hair=id2603@row2892/flags0x0|facial=NONE,Ready,42014,71.1983,154.5253,hair style 0/0 -> geoset variant 2 (DBC match)
player:tauren-male:skin:8,player:tauren-male:skin:8,players,0,0,-1,-1,skin,NONE,Character\Tauren\Male\TaurenMaleSkin00_08.blp,Character\Tauren\Male\TaurenMaleSkin00_08.blp,texture.MPQ,false,NONE,NONE,false,NONE,,Character\Tauren\Male\TaurenMale.m2,patch.MPQ,6,0,8,0,0,0,0,,0:0;0:2;4:1;7:2;13:1;15:1,NONE,NONE,0,NONE,NONE,NONE,0,NONE,NONE,none-authored,NONE,0,skin=id2497@row2786/flags0x0|face=id2516@row2805/flags0x0|hair=id2603@row2892/flags0x0|facial=NONE,Ready,42014,92.6718,155.1056,hair style 0/0 -> geoset variant 2 (DBC match)
player:tauren-male:skin:9,player:tauren-male:skin:9,players,0,0,-1,-1,skin,NONE,Character\Tauren\Male\TaurenMaleSkin00_09.blp,Character\Tauren\Male\TaurenMaleSkin00_09.blp,texture.MPQ,false,NONE,NONE,false,NONE,,Character\Tauren\Male\TaurenMale.m2,patch.MPQ,6,0,9,0,0,0,0,,0:0;0:2;4:1;7:2;13:1;15:1,NONE,NONE,0,NONE,NONE,NONE,0,NONE,NONE,none-authored,NONE,0,skin=id2498@row2787/flags0x0|face=id2517@row2806/flags0x0|hair=id2603@row2892/flags0x0|facial=NONE,Ready,42014,64.5686,3129.8469,hair style 0/0 -> geoset variant 2 (DBC match)
player:tauren-male:skin:10,player:tauren-male:skin:10,players,0,0,-1,-1,skin,NONE,Character\Tauren\Male\TaurenMaleSkin00_10.blp,Character\Tauren\Male\TaurenMaleSkin00_10.blp,texture.MPQ,false,NONE,NONE,false,NONE,,Character\Tauren\Male\TaurenMale.m2,patch.MPQ,6,0,10,0,0,0,0,,0:0;0:2;4:1;7:2;13:1;15:1,NONE,NONE,0,NONE,NONE,NONE,0,NONE,NONE,none-authored,NONE,0,skin=id2499@row2788/flags0x0|face=id2518@row2807/flags0x0|hair=id2603@row2892/flags0x0|facial=NONE,Ready,42014,80.7096,154.6998,hair style 0/0 -> geoset variant 2 (DBC match)
player:tauren-male:skin:11,player:tauren-male:skin:11,players,0,0,-1,-1,skin,NONE,Character\Tauren\Male\TaurenMaleSkin00_11.blp,Character\Tauren\Male\TaurenMaleSkin00_11.blp,texture.MPQ,false,NONE,NONE,false,NONE,,Character\Tauren\Male\TaurenMale.m2,patch.MPQ,6,0,11,0,0,0,0,,0:0;0:2;4:1;7:2;13:1;15:1,NONE,NONE,0,NONE,NONE,NONE,0,NONE,NONE,none-authored,NONE,0,skin=id2500@row2789/flags0x0|face=id2519@row2808/flags0x0|hair=id2603@row2892/flags0x0|facial=NONE,Ready,42014,95.3919,153.7674,hair style 0/0 -> geoset variant 2 (DBC match)
player:tauren-male:skin:12,player:tauren-male:skin:12,players,0,0,-1,-1,skin,NONE,Character\Tauren\Male\TaurenMaleSkin00_12.blp,Character\Tauren\Male\TaurenMaleSkin00_12.blp,texture.MPQ,false,NONE,NONE,false,NONE,,Character\Tauren\Male\TaurenMale.m2,patch.MPQ,6,0,12,0,0,0,0,,0:0;0:2;4:1;7:2;13:1;15:1,NONE,NONE,0,NONE,NONE,NONE,0,NONE,NONE,none-authored,NONE,0,skin=id2501@row2790/flags0x0|face=id2520@row2809/flags0x0|hair=id2603@row2892/flags0x0|facial=NONE,Ready,42014,87.5808,153.3934,hair style 0/0 -> geoset variant 2 (DBC match)
player:tauren-male:skin:13,player:tauren-male:skin:13,players,0,0,-1,-1,skin,NONE,Character\Tauren\Male\TaurenMaleSkin00_13.blp,Character\Tauren\Male\TaurenMaleSkin00_13.blp,texture.MPQ,false,NONE,NONE,false,NONE,,Character\Tauren\Male\TaurenMale.m2,patch.MPQ,6,0,13,0,0,0,0,,0:0;0:2;4:1;7:2;13:1;15:1,NONE,NONE,0,NONE,NONE,NONE,0,NONE,NONE,none-authored,NONE,0,skin=id2502@row2791/flags0x0|face=id2521@row2810/flags0x0|hair=id2603@row2892/flags0x0|facial=NONE,Ready,42014,94.4439,159.3131,hair style 0/0 -> geoset variant 2 (DBC match)
player:tauren-male:skin:14,player:tauren-male:skin:14,players,0,0,-1,-1,skin,NONE,Character\Tauren\Male\TaurenMaleSkin00_14.blp,Character\Tauren\Male\TaurenMaleSkin00_14.blp,texture.MPQ,false,NONE,NONE,false,NONE,,Character\Tauren\Male\TaurenMale.m2,patch.MPQ,6,0,14,0,0,0,0,,0:0;0:2;4:1;7:2;13:1;15:1,NONE,NONE,0,NONE,NONE,NONE,0,NONE,NONE,none-authored,NONE,0,skin=id2503@row2792/flags0x0|face=id2522@row2811/flags0x0|hair=id2603@row2892/flags0x0|facial=NONE,Ready,42014,106.0162,153.9054,hair style 0/0 -> geoset variant 2 (DBC match)
player:tauren-male:skin:15,player:tauren-male:skin:15,players,0,0,-1,-1,skin,NONE,Character\Tauren\Male\TaurenMaleSkin00_15.blp,Character\Tauren\Male\TaurenMaleSkin00_15.blp,texture.MPQ,false,NONE,NONE,false,NONE,,Character\Tauren\Male\TaurenMale.m2,patch.MPQ,6,0,15,0,0,0,0,,0:0;0:2;4:1;7:2;13:1;15:1,NONE,NONE,0,NONE,NONE,NONE,0,NONE,NONE,none-authored,NONE,0,skin=id2504@row2793/flags0x0|face=id2523@row2812/flags0x0|hair=id2603@row2892/flags0x0|facial=NONE,Ready,42014,84.5351,152.2759,hair style 0/0 -> geoset variant 2 (DBC match)
player:tauren-male:skin:16,player:tauren-male:skin:16,players,0,0,-1,-1,skin,NONE,Character\Tauren\Male\TaurenMaleSkin00_16.blp,Character\Tauren\Male\TaurenMaleSkin00_16.blp,texture.MPQ,false,NONE,NONE,false,NONE,,Character\Tauren\Male\TaurenMale.m2,patch.MPQ,6,0,16,0,0,0,0,,0:0;0:2;4:1;7:2;13:1;15:1,NONE,NONE,0,NONE,NONE,NONE,0,NONE,NONE,none-authored,NONE,0,skin=id2505@row2794/flags0x0|face=id2524@row2813/flags0x0|hair=id2603@row2892/flags0x0|facial=NONE,Ready,42014,92.4379,154.9998,hair style 0/0 -> geoset variant 2 (DBC match)
player:tauren-male:skin:17,player:tauren-male:skin:17,players,0,0,-1,-1,skin,NONE,Character\Tauren\Male\TaurenMaleSkin00_17.blp,Character\Tauren\Male\TaurenMaleSkin00_17.blp,texture.MPQ,false,NONE,NONE,false,NONE,,Character\Tauren\Male\TaurenMale.m2,patch.MPQ,6,0,17,0,0,0,0,,0:0;0:2;4:1;7:2;13:1;15:1,NONE,NONE,0,NONE,NONE,NONE,0,NONE,NONE,none-authored,NONE,0,skin=id2506@row2795/flags0x0|face=id2525@row2814/flags0x0|hair=id2603@row2892/flags0x0|facial=NONE,Ready,42014,100.1915,153.8568,hair style 0/0 -> geoset variant 2 (DBC match)
player:tauren-male:skin:18,player:tauren-male:skin:18,players,0,0,-1,-1,skin,NONE,Character\Tauren\Male\TaurenMaleSkin00_18.blp,Character\Tauren\Male\TaurenMaleSkin00_18.blp,texture.MPQ,false,NONE,NONE,false,NONE,,Character\Tauren\Male\TaurenMale.m2,patch.MPQ,6,0,18,0,0,0,0,,0:0;0:2;4:1;7:2;13:1;15:1,NONE,NONE,0,NONE,NONE,NONE,0,NONE,NONE,none-authored,NONE,0,skin=id2507@row2796/flags0x0|face=id2526@row2815/flags0x0|hair=id2603@row2892/flags0x0|facial=NONE,Ready,42014,126.1881,154.3782,hair style 0/0 -> geoset variant 2 (DBC match)
player:tauren-male:face:1,player:tauren-male:face:1,players,0,0,-1,-1,face,NONE,Character\Tauren\Male\TaurenMaleSkin00_00.blp,Character\Tauren\Male\TaurenMaleSkin00_00.blp,texture.MPQ,false,NONE,NONE,false,NONE,,Character\Tauren\Male\TaurenMale.m2,patch.MPQ,6,0,0,1,0,0,0,,0:0;0:2;4:1;7:2;13:1;15:1,NONE,NONE,0,NONE,NONE,NONE,0,NONE,NONE,none-authored,NONE,0,skin=id2489@row2778/flags0x0|face=id2527@row2816/flags0x0|hair=id2603@row2892/flags0x0|facial=NONE,Ready,42014,43.347,155.451,hair style 0/0 -> geoset variant 2 (DBC match)
player:tauren-male:face:2,player:tauren-male:face:2,players,0,0,-1,-1,face,NONE,Character\Tauren\Male\TaurenMaleSkin00_00.blp,Character\Tauren\Male\TaurenMaleSkin00_00.blp,texture.MPQ,false,NONE,NONE,false,NONE,,Character\Tauren\Male\TaurenMale.m2,patch.MPQ,6,0,0,2,0,0,0,,0:0;0:2;4:1;7:2;13:1;15:1,NONE,NONE,0,NONE,NONE,NONE,0,NONE,NONE,none-authored,NONE,0,skin=id2489@row2778/flags0x0|face=id2546@row2835/flags0x0|hair=id2603@row2892/flags0x0|facial=NONE,Ready,42014,44.054,160.768,hair style 0/0 -> geoset variant 2 (DBC match)
player:tauren-male:face:3,player:tauren-male:face:3,players,0,0,-1,-1,face,NONE,Character\Tauren\Male\TaurenMaleSkin00_00.blp,Character\Tauren\Male\TaurenMaleSkin00_00.blp,texture.MPQ,false,NONE,NONE,false,NONE,,Character\Tauren\Male\TaurenMale.m2,patch.MPQ,6,0,0,3,0,0,0,,0:0;0:2;4:1;7:2;13:1;15:1,NONE,NONE,0,NONE,NONE,NONE,0,NONE,NONE,none-authored,NONE,0,skin=id2489@row2778/flags0x0|face=id2565@row2854/flags0x0|hair=id2603@row2892/flags0x0|facial=NONE,Ready,42014,43.9437,151.2769,hair style 0/0 -> geoset variant 2 (DBC match)
player:tauren-male:face:4,player:tauren-male:face:4,players,0,0,-1,-1,face,NONE,Character\Tauren\Male\TaurenMaleSkin00_00.blp,Character\Tauren\Male\TaurenMaleSkin00_00.blp,texture.MPQ,false,NONE,NONE,false,NONE,,Character\Tauren\Male\TaurenMale.m2,patch.MPQ,6,0,0,4,0,0,0,,0:0;0:2;4:1;7:2;13:1;15:1,NONE,NONE,0,NONE,NONE,NONE,0,NONE,NONE,none-authored,NONE,0,skin=id2489@row2778/flags0x0|face=id2584@row2873/flags0x0|hair=id2603@row2892/flags0x0|facial=NONE,Ready,42014,44.4563,151.9385,hair style 0/0 -> geoset variant 2 (DBC match)
player:tauren-male:hair-style:1,player:tauren-male:hair-style:1,players,0,0,-1,-1,hair-style,NONE,Character\Tauren\Male\TaurenMaleSkin00_00.blp,Character\Tauren\Male\TaurenMaleSkin00_00.blp,texture.MPQ,false,NONE,NONE,false,NONE,,Character\Tauren\Male\TaurenMale.m2,patch.MPQ,6,0,0,0,1,0,0,,0:0;0:3;4:1;7:2;13:1;15:1,NONE,NONE,0,NONE,NONE,NONE,0,NONE,NONE,none-authored,NONE,0,skin=id2489@row2778/flags0x0|face=id2508@row2797/flags0x0|hair=id2606@row2895/flags0x0|facial=NONE,Ready,41408,43.5247,161.2689,hair style 1/0 -> geoset variant 3 (DBC match)
player:tauren-male:hair-style:2,player:tauren-male:hair-style:2,players,0,0,-1,-1,hair-style,NONE,Character\Tauren\Male\TaurenMaleSkin00_00.blp,Character\Tauren\Male\TaurenMaleSkin00_00.blp,texture.MPQ,false,NONE,NONE,false,NONE,,Character\Tauren\Male\TaurenMale.m2,patch.MPQ,6,0,0,0,2,0,0,,0:0;0:4;4:1;7:2;13:1;15:1,NONE,NONE,0,NONE,NONE,NONE,0,NONE,NONE,none-authored,NONE,0,skin=id2489@row2778/flags0x0|face=id2508@row2797/flags0x0|hair=id2609@row2898/flags0x0|facial=NONE,Ready,41364,43.4861,154.3224,hair style 2/0 -> geoset variant 4 (DBC match)
player:tauren-male:hair-style:3,player:tauren-male:hair-style:3,players,0,0,-1,-1,hair-style,NONE,Character\Tauren\Male\TaurenMaleSkin00_00.blp,Character\Tauren\Male\TaurenMaleSkin00_00.blp,texture.MPQ,false,NONE,NONE,false,NONE,,Character\Tauren\Male\TaurenMale.m2,patch.MPQ,6,0,0,0,3,0,0,,0:0;0:5;4:1;7:2;13:1;15:1,NONE,NONE,0,NONE,NONE,NONE,0,NONE,NONE,none-authored,NONE,0,skin=id2489@row2778/flags0x0|face=id2508@row2797/flags0x0|hair=id2612@row2901/flags0x0|facial=NONE,Ready,41364,43.5891,153.3849,hair style 3/0 -> geoset variant 5 (DBC match)
player:tauren-male:hair-style:4,player:tauren-male:hair-style:4,players,0,0,-1,-1,hair-style,NONE,Character\Tauren\Male\TaurenMaleSkin00_00.blp,Character\Tauren\Male\TaurenMaleSkin00_00.blp,texture.MPQ,false,NONE,NONE,false,NONE,,Character\Tauren\Male\TaurenMale.m2,patch.MPQ,6,0,0,0,4,0,0,,0:0;0:6;4:1;7:2;13:1;15:1,NONE,NONE,0,NONE,NONE,NONE,0,NONE,NONE,none-authored,NONE,0,skin=id2489@row2778/flags0x0|face=id2508@row2797/flags0x0|hair=id2615@row2904/flags0x0|facial=NONE,Ready,41699,43.6284,156.808,hair style 4/0 -> geoset variant 6 (DBC match)
player:tauren-male:hair-style:5,player:tauren-male:hair-style:5,players,0,0,-1,-1,hair-style,NONE,Character\Tauren\Male\TaurenMaleSkin00_00.blp,Character\Tauren\Male\TaurenMaleSkin00_00.blp,texture.MPQ,false,NONE,NONE,false,NONE,,Character\Tauren\Male\TaurenMale.m2,patch.MPQ,6,0,0,0,5,0,0,,0:0;0:7;4:1;7:2;13:1;15:1,NONE,NONE,0,NONE,NONE,NONE,0,NONE,NONE,none-authored,NONE,0,skin=id2489@row2778/flags0x0|face=id2508@row2797/flags0x0|hair=id2618@row2907/flags0x0|facial=NONE,Ready,41429,43.6831,171.754,hair style 5/0 -> geoset variant 7 (DBC match)
player:tauren-male:hair-style:6,player:tauren-male:hair-style:6,players,0,0,-1,-1,hair-style,NONE,Character\Tauren\Male\TaurenMaleSkin00_00.blp,Character\Tauren\Male\TaurenMaleSkin00_00.blp,texture.MPQ,false,NONE,NONE,false,NONE,,Character\Tauren\Male\TaurenMale.m2,patch.MPQ,6,0,0,0,6,0,0,,0:0;0:8;4:1;7:2;13:1;15:1,NONE,NONE,0,NONE,NONE,NONE,0,NONE,NONE,none-authored,NONE,0,skin=id2489@row2778/flags0x0|face=id2508@row2797/flags0x0|hair=id2621@row2910/flags0x0|facial=NONE,Ready,41364,43.6267,154.8331,hair style 6/0 -> geoset variant 8 (DBC match)
player:tauren-male:hair-style:7,player:tauren-male:hair-style:7,players,0,0,-1,-1,hair-style,NONE,Character\Tauren\Male\TaurenMaleSkin00_00.blp,Character\Tauren\Male\TaurenMaleSkin00_00.blp,texture.MPQ,false,NONE,NONE,false,NONE,,Character\Tauren\Male\TaurenMale.m2,patch.MPQ,6,0,0,0,7,0,0,,0:0;0:9;4:1;7:2;13:1;15:1,NONE,NONE,0,NONE,NONE,NONE,0,NONE,NONE,none-authored,NONE,0,skin=id2489@row2778/flags0x0|face=id2508@row2797/flags0x0|hair=id2624@row2913/flags0x0|facial=NONE,Ready,41364,44.0184,156.9895,hair style 7/0 -> geoset variant 9 (DBC match)
player:tauren-male:hair-color:1,player:tauren-male:hair-color:1,players,0,0,-1,-1,hair-color,NONE,Character\Tauren\Male\TaurenMaleSkin00_00.blp,Character\Tauren\Male\TaurenMaleSkin00_00.blp,texture.MPQ,false,NONE,NONE,false,NONE,,Character\Tauren\Male\TaurenMale.m2,patch.MPQ,6,0,0,0,0,1,0,,0:0;0:2;4:1;7:2;13:1;15:1,NONE,NONE,0,NONE,NONE,NONE,0,NONE,NONE,none-authored,NONE,0,skin=id2489@row2778/flags0x0|face=id2508@row2797/flags0x0|hair=id2604@row2893/flags0x0|facial=NONE,Ready,42014,45.78,155.304,hair style 0/1 -> geoset variant 2 (DBC match)
player:tauren-male:hair-color:2,player:tauren-male:hair-color:2,players,0,0,-1,-1,hair-color,NONE,Character\Tauren\Male\TaurenMaleSkin00_00.blp,Character\Tauren\Male\TaurenMaleSkin00_00.blp,texture.MPQ,false,NONE,NONE,false,NONE,,Character\Tauren\Male\TaurenMale.m2,patch.MPQ,6,0,0,0,0,2,0,,0:0;0:2;4:1;7:2;13:1;15:1,NONE,NONE,0,NONE,NONE,NONE,0,NONE,NONE,none-authored,NONE,0,skin=id2489@row2778/flags0x0|face=id2508@row2797/flags0x0|hair=id2605@row2894/flags0x0|facial=NONE,Ready,42014,47.9206,154.5937,hair style 0/2 -> geoset variant 2 (DBC match)
player:tauren-male:facial-hair:1,player:tauren-male:facial-hair:1,players,0,0,-1,-1,facial-hair,NONE,Character\Tauren\Male\TaurenMaleSkin00_00.blp,Character\Tauren\Male\TaurenMaleSkin00_00.blp,texture.MPQ,false,NONE,NONE,false,NONE,,Character\Tauren\Male\TaurenMale.m2,patch.MPQ,6,0,0,0,0,0,1,,0:0;0:2;4:1;7:2;13:1;15:1,NONE,NONE,0,NONE,NONE,NONE,0,NONE,NONE,none-authored,NONE,0,skin=id2489@row2778/flags0x0|face=id2508@row2797/flags0x0|hair=id2603@row2892/flags0x0|facial=NONE,Ready,42014,43.4271,155.3958,hair style 0/0 -> geoset variant 2 (DBC match)
player:tauren-male:facial-hair:2,player:tauren-male:facial-hair:2,players,0,0,-1,-1,facial-hair,NONE,Character\Tauren\Male\TaurenMaleSkin00_00.blp,Character\Tauren\Male\TaurenMaleSkin00_00.blp,texture.MPQ,false,NONE,NONE,false,NONE,,Character\Tauren\Male\TaurenMale.m2,patch.MPQ,6,0,0,0,0,0,2,,0:0;0:2;4:1;7:2;13:1;15:1,NONE,NONE,0,NONE,NONE,NONE,0,NONE,NONE,none-authored,NONE,0,skin=id2489@row2778/flags0x0|face=id2508@row2797/flags0x0|hair=id2603@row2892/flags0x0|facial=NONE,Ready,42014,43.4271,159.6151,hair style 0/0 -> geoset variant 2 (DBC match)
player:tauren-male:facial-hair:3,player:tauren-male:facial-hair:3,players,0,0,-1,-1,facial-hair,NONE,Character\Tauren\Male\TaurenMaleSkin00_00.blp,Character\Tauren\Male\TaurenMaleSkin00_00.blp,texture.MPQ,false,NONE,NONE,false,NONE,,Character\Tauren\Male\TaurenMale.m2,patch.MPQ,6,0,0,0,0,0,3,,0:0;0:2;4:1;7:2;13:1;15:1,NONE,NONE,0,NONE,NONE,NONE,0,NONE,NONE,none-authored,NONE,0,skin=id2489@row2778/flags0x0|face=id2508@row2797/flags0x0|hair=id2603@row2892/flags0x0|facial=NONE,Ready,42014,43.4271,153.9618,hair style 0/0 -> geoset variant 2 (DBC match)
player:tauren-male:facial-hair:4,player:tauren-male:facial-hair:4,players,0,0,-1,-1,facial-hair,NONE,Character\Tauren\Male\TaurenMaleSkin00_00.blp,Character\Tauren\Male\TaurenMaleSkin00_00.blp,texture.MPQ,false,NONE,NONE,false,NONE,,Character\Tauren\Male\TaurenMale.m2,patch.MPQ,6,0,0,0,0,0,4,,0:0;0:2;4:1;7:2;13:1;15:1,NONE,NONE,0,NONE,NONE,NONE,0,NONE,NONE,none-authored,NONE,0,skin=id2489@row2778/flags0x0|face=id2508@row2797/flags0x0|hair=id2603@row2892/flags0x0|facial=NONE,Ready,42014,43.4271,155.4948,hair style 0/0 -> geoset variant 2 (DBC match)
player:tauren-male:facial-hair:5,player:tauren-male:facial-hair:5,players,0,0,-1,-1,facial-hair,NONE,Character\Tauren\Male\TaurenMaleSkin00_00.blp,Character\Tauren\Male\TaurenMaleSkin00_00.blp,texture.MPQ,false,NONE,NONE,false,NONE,,Character\Tauren\Male\TaurenMale.m2,patch.MPQ,6,0,0,0,0,0,5,,0:0;0:2;4:1;7:2;13:1;15:1,NONE,NONE,0,NONE,NONE,NONE,0,NONE,NONE,none-authored,NONE,0,skin=id2489@row2778/flags0x0|face=id2508@row2797/flags0x0|hair=id2603@row2892/flags0x0|facial=NONE,Ready,42014,43.4271,156.1844,hair style 0/0 -> geoset variant 2 (DBC match)
player:tauren-male:facial-hair:6,player:tauren-male:facial-hair:6,players,0,0,-1,-1,facial-hair,NONE,Character\Tauren\Male\TaurenMaleSkin00_00.blp,Character\Tauren\Male\TaurenMaleSkin00_00.blp,texture.MPQ,false,NONE,NONE,false,NONE,,Character\Tauren\Male\TaurenMale.m2,patch.MPQ,6,0,0,0,0,0,6,,0:0;0:2;4:1;7:2;13:1;15:1,NONE,NONE,0,NONE,NONE,NONE,0,NONE,NONE,none-authored,NONE,0,skin=id2489@row2778/flags0x0|face=id2508@row2797/flags0x0|hair=id2603@row2892/flags0x0|facial=NONE,Ready,42014,43.4271,155.0679,hair style 0/0 -> geoset variant 2 (DBC match)
player:tauren-female:base,player:tauren-female:base,players,0,0,-1,-1,base,NONE,Character\Tauren\Female\TaurenFemaleSkin00_00.blp,Character\Tauren\Female\TaurenFemaleSkin00_00.blp,texture.MPQ,false,NONE,NONE,false,NONE,,Character\Tauren\Female\TaurenFemale.m2,patch.MPQ,6,1,0,0,0,0,0,,0:0;0:2;4:1;7:2;13:1;15:1,NONE,NONE,0,NONE,NONE,NONE,0,NONE,NONE,none-authored,NONE,0,skin=id2646@row2935/flags0x0|face=id2657@row2946/flags0x0|hair=id4401@row2995/flags0x0|facial=id4422@row2990/flags0x0,Ready,26929,46.8006,176.354,hair style 0/0 -> geoset variant 2 (DBC match)
player:tauren-female:skin:1,player:tauren-female:skin:1,players,0,0,-1,-1,skin,NONE,Character\Tauren\Female\TaurenFemaleSkin00_01.blp,Character\Tauren\Female\TaurenFemaleSkin00_01.blp,texture.MPQ,false,NONE,NONE,false,NONE,,Character\Tauren\Female\TaurenFemale.m2,patch.MPQ,6,1,1,0,0,0,0,,0:0;0:2;4:1;7:2;13:1;15:1,NONE,NONE,0,NONE,NONE,NONE,0,NONE,NONE,none-authored,NONE,0,skin=id2647@row2936/flags0x0|face=id2658@row2947/flags0x0|hair=id4401@row2995/flags0x0|facial=id4422@row2990/flags0x0,Ready,26929,115.565,155.5302,hair style 0/0 -> geoset variant 2 (DBC match)
player:tauren-female:skin:2,player:tauren-female:skin:2,players,0,0,-1,-1,skin,NONE,Character\Tauren\Female\TaurenFemaleSkin00_02.blp,Character\Tauren\Female\TaurenFemaleSkin00_02.blp,texture.MPQ,false,NONE,NONE,false,NONE,,Character\Tauren\Female\TaurenFemale.m2,patch.MPQ,6,1,2,0,0,0,0,,0:0;0:2;4:1;7:2;13:1;15:1,NONE,NONE,0,NONE,NONE,NONE,0,NONE,NONE,none-authored,NONE,0,skin=id2648@row2937/flags0x0|face=id2659@row2948/flags0x0|hair=id4401@row2995/flags0x0|facial=id4422@row2990/flags0x0,Ready,26929,66.3232,148.8956,hair style 0/0 -> geoset variant 2 (DBC match)
player:tauren-female:skin:3,player:tauren-female:skin:3,players,0,0,-1,-1,skin,NONE,Character\Tauren\Female\TaurenFemaleSkin00_03.blp,Character\Tauren\Female\TaurenFemaleSkin00_03.blp,texture.MPQ,false,NONE,NONE,false,NONE,,Character\Tauren\Female\TaurenFemale.m2,patch.MPQ,6,1,3,0,0,0,0,,0:0;0:2;4:1;7:2;13:1;15:1,NONE,NONE,0,NONE,NONE,NONE,0,NONE,NONE,none-authored,NONE,0,skin=id2649@row2938/flags0x0|face=id2660@row2949/flags0x0|hair=id4401@row2995/flags0x0|facial=id4422@row2990/flags0x0,Ready,26929,121.7714,170.523,hair style 0/0 -> geoset variant 2 (DBC match)
player:tauren-female:skin:4,player:tauren-female:skin:4,players,0,0,-1,-1,skin,NONE,Character\Tauren\Female\TaurenFemaleSkin00_04.blp,Character\Tauren\Female\TaurenFemaleSkin00_04.blp,texture.MPQ,false,NONE,NONE,false,NONE,,Character\Tauren\Female\TaurenFemale.m2,patch.MPQ,6,1,4,0,0,0,0,,0:0;0:2;4:1;7:2;13:1;15:1,NONE,NONE,0,NONE,NONE,NONE,0,NONE,NONE,none-authored,NONE,0,skin=id2650@row2939/flags0x0|face=id2661@row2950/flags0x0|hair=id4401@row2995/flags0x0|facial=id4422@row2990/flags0x0,Ready,26929,71.771,154.2643,hair style 0/0 -> geoset variant 2 (DBC match)
player:tauren-female:skin:5,player:tauren-female:skin:5,players,0,0,-1,-1,skin,NONE,Character\Tauren\Female\TaurenFemaleSkin00_05.blp,Character\Tauren\Female\TaurenFemaleSkin00_05.blp,texture.MPQ,false,NONE,NONE,false,NONE,,Character\Tauren\Female\TaurenFemale.m2,patch.MPQ,6,1,5,0,0,0,0,,0:0;0:2;4:1;7:2;13:1;15:1,NONE,NONE,0,NONE,NONE,NONE,0,NONE,NONE,none-authored,NONE,0,skin=id2651@row2940/flags0x0|face=id2662@row2951/flags0x0|hair=id4401@row2995/flags0x0|facial=id4422@row2990/flags0x0,Ready,26929,122.4314,152.6988,hair style 0/0 -> geoset variant 2 (DBC match)
player:tauren-female:skin:6,player:tauren-female:skin:6,players,0,0,-1,-1,skin,NONE,Character\Tauren\Female\TaurenFemaleSkin00_06.blp,Character\Tauren\Female\TaurenFemaleSkin00_06.blp,texture.MPQ,false,NONE,NONE,false,NONE,,Character\Tauren\Female\TaurenFemale.m2,patch.MPQ,6,1,6,0,0,0,0,,0:0;0:2;4:1;7:2;13:1;15:1,NONE,NONE,0,NONE,NONE,NONE,0,NONE,NONE,none-authored,NONE,0,skin=id2652@row2941/flags0x0|face=id2663@row2952/flags0x0|hair=id4401@row2995/flags0x0|facial=id4422@row2990/flags0x0,Ready,26929,110.9563,153.1387,hair style 0/0 -> geoset variant 2 (DBC match)
player:tauren-female:skin:7,player:tauren-female:skin:7,players,0,0,-1,-1,skin,NONE,Character\Tauren\Female\TaurenFemaleSkin00_07.blp,Character\Tauren\Female\TaurenFemaleSkin00_07.blp,texture.MPQ,false,NONE,NONE,false,NONE,,Character\Tauren\Female\TaurenFemale.m2,patch.MPQ,6,1,7,0,0,0,0,,0:0;0:2;4:1;7:2;13:1;15:1,NONE,NONE,0,NONE,NONE,NONE,0,NONE,NONE,none-authored,NONE,0,skin=id2653@row2942/flags0x0|face=id2664@row2953/flags0x0|hair=id4401@row2995/flags0x0|facial=id4422@row2990/flags0x0,Ready,26929,134.5742,160.1467,hair style 0/0 -> geoset variant 2 (DBC match)
player:tauren-female:skin:8,player:tauren-female:skin:8,players,0,0,-1,-1,skin,NONE,Character\Tauren\Female\TaurenFemaleSkin00_08.blp,Character\Tauren\Female\TaurenFemaleSkin00_08.blp,texture.MPQ,false,NONE,NONE,false,NONE,,Character\Tauren\Female\TaurenFemale.m2,patch.MPQ,6,1,8,0,0,0,0,,0:0;0:2;4:1;7:2;13:1;15:1,NONE,NONE,0,NONE,NONE,NONE,0,NONE,NONE,none-authored,NONE,0,skin=id2654@row2943/flags0x0|face=id2665@row2954/flags0x0|hair=id4401@row2995/flags0x0|facial=id4422@row2990/flags0x0,Ready,26929,127.8587,150.7298,hair style 0/0 -> geoset variant 2 (DBC match)
player:tauren-female:skin:9,player:tauren-female:skin:9,players,0,0,-1,-1,skin,NONE,Character\Tauren\Female\TaurenFemaleSkin00_09.blp,Character\Tauren\Female\TaurenFemaleSkin00_09.blp,texture.MPQ,false,NONE,NONE,false,NONE,,Character\Tauren\Female\TaurenFemale.m2,patch.MPQ,6,1,9,0,0,0,0,,0:0;0:2;4:1;7:2;13:1;15:1,NONE,NONE,0,NONE,NONE,NONE,0,NONE,NONE,none-authored,NONE,0,skin=id2655@row2944/flags0x0|face=id2666@row2955/flags0x0|hair=id4401@row2995/flags0x0|facial=id4422@row2990/flags0x0,Ready,26929,140.7465,149.7194,hair style 0/0 -> geoset variant 2 (DBC match)
player:tauren-female:skin:10,player:tauren-female:skin:10,players,0,0,-1,-1,skin,NONE,Character\Tauren\Female\TaurenFemaleSkin00_10.blp,Character\Tauren\Female\TaurenFemaleSkin00_10.blp,texture.MPQ,false,NONE,NONE,false,NONE,,Character\Tauren\Female\TaurenFemale.m2,patch.MPQ,6,1,10,0,0,0,0,,0:0;0:2;4:1;7:2;13:1;15:1,NONE,NONE,0,NONE,NONE,NONE,0,NONE,NONE,none-authored,NONE,0,skin=id2656@row2945/flags0x0|face=id2667@row2956/flags0x0|hair=id4401@row2995/flags0x0|facial=id4422@row2990/flags0x0,Ready,26929,150.2386,153.517,hair style 0/0 -> geoset variant 2 (DBC match)
player:tauren-female:face:1,player:tauren-female:face:1,players,0,0,-1,-1,face,NONE,Character\Tauren\Female\TaurenFemaleSkin00_00.blp,Character\Tauren\Female\TaurenFemaleSkin00_00.blp,texture.MPQ,false,NONE,NONE,false,NONE,,Character\Tauren\Female\TaurenFemale.m2,patch.MPQ,6,1,0,1,0,0,0,,0:0;0:2;4:1;7:2;13:1;15:1,NONE,NONE,0,NONE,NONE,NONE,0,NONE,NONE,none-authored,NONE,0,skin=id2646@row2935/flags0x0|face=id2668@row2957/flags0x0|hair=id4401@row2995/flags0x0|facial=id4422@row2990/flags0x0,Ready,26929,46.9255,153.0533,hair style 0/0 -> geoset variant 2 (DBC match)
player:tauren-female:face:2,player:tauren-female:face:2,players,0,0,-1,-1,face,NONE,Character\Tauren\Female\TaurenFemaleSkin00_00.blp,Character\Tauren\Female\TaurenFemaleSkin00_00.blp,texture.MPQ,false,NONE,NONE,false,NONE,,Character\Tauren\Female\TaurenFemale.m2,patch.MPQ,6,1,0,2,0,0,0,,0:0;0:2;4:1;7:2;13:1;15:1,NONE,NONE,0,NONE,NONE,NONE,0,NONE,NONE,none-authored,NONE,0,skin=id2646@row2935/flags0x0|face=id2679@row2968/flags0x0|hair=id4401@row2995/flags0x0|facial=id4422@row2990/flags0x0,Ready,26929,46.9832,155.378,hair style 0/0 -> geoset variant 2 (DBC match)
player:tauren-female:face:3,player:tauren-female:face:3,players,0,0,-1,-1,face,NONE,Character\Tauren\Female\TaurenFemaleSkin00_00.blp,Character\Tauren\Female\TaurenFemaleSkin00_00.blp,texture.MPQ,false,NONE,NONE,false,NONE,,Character\Tauren\Female\TaurenFemale.m2,patch.MPQ,6,1,0,3,0,0,0,,0:0;0:2;4:1;7:2;13:1;15:1,NONE,NONE,0,NONE,NONE,NONE,0,NONE,NONE,none-authored,NONE,0,skin=id2646@row2935/flags0x0|face=id2690@row2979/flags0x0|hair=id4401@row2995/flags0x0|facial=id4422@row2990/flags0x0,Ready,26929,46.9956,155.8561,hair style 0/0 -> geoset variant 2 (DBC match)
player:tauren-female:hair-style:1,player:tauren-female:hair-style:1,players,0,0,-1,-1,hair-style,NONE,Character\Tauren\Female\TaurenFemaleSkin00_00.blp,Character\Tauren\Female\TaurenFemaleSkin00_00.blp,texture.MPQ,false,NONE,NONE,false,NONE,,Character\Tauren\Female\TaurenFemale.m2,patch.MPQ,6,1,0,0,1,0,0,,0:0;0:3;4:1;7:2;13:1;15:1,NONE,NONE,0,NONE,NONE,NONE,0,NONE,NONE,none-authored,NONE,0,skin=id2646@row2935/flags0x0|face=id2657@row2946/flags0x0|hair=id4404@row2998/flags0x0|facial=id4422@row2990/flags0x0,Ready,26827,46.8634,158.5509,hair style 1/0 -> geoset variant 3 (DBC match)
player:tauren-female:hair-style:2,player:tauren-female:hair-style:2,players,0,0,-1,-1,hair-style,NONE,Character\Tauren\Female\TaurenFemaleSkin00_00.blp,Character\Tauren\Female\TaurenFemaleSkin00_00.blp,texture.MPQ,false,NONE,NONE,false,NONE,,Character\Tauren\Female\TaurenFemale.m2,patch.MPQ,6,1,0,0,2,0,0,,0:0;0:4;4:1;7:2;13:1;15:1,NONE,NONE,0,NONE,NONE,NONE,0,NONE,NONE,none-authored,NONE,0,skin=id2646@row2935/flags0x0|face=id2657@row2946/flags0x0|hair=id4407@row3001/flags0x0|facial=id4422@row2990/flags0x0,Ready,26999,46.7209,153.8853,hair style 2/0 -> geoset variant 4 (DBC match)
player:tauren-female:hair-style:3,player:tauren-female:hair-style:3,players,0,0,-1,-1,hair-style,NONE,Character\Tauren\Female\TaurenFemaleSkin00_00.blp,Character\Tauren\Female\TaurenFemaleSkin00_00.blp,texture.MPQ,false,NONE,NONE,false,NONE,,Character\Tauren\Female\TaurenFemale.m2,patch.MPQ,6,1,0,0,3,0,0,,0:0;0:5;4:1;7:2;13:1;15:1,NONE,NONE,0,NONE,NONE,NONE,0,NONE,NONE,none-authored,NONE,0,skin=id2646@row2935/flags0x0|face=id2657@row2946/flags0x0|hair=id4410@row3004/flags0x0|facial=id4422@row2990/flags0x0,Ready,26945,46.7619,153.2848,hair style 3/0 -> geoset variant 5 (DBC match)
player:tauren-female:hair-style:4,player:tauren-female:hair-style:4,players,0,0,-1,-1,hair-style,NONE,Character\Tauren\Female\TaurenFemaleSkin00_00.blp,Character\Tauren\Female\TaurenFemaleSkin00_00.blp,texture.MPQ,false,NONE,NONE,false,NONE,,Character\Tauren\Female\TaurenFemale.m2,patch.MPQ,6,1,0,0,4,0,0,,0:0;0:6;4:1;7:2;13:1;15:1,NONE,NONE,0,NONE,NONE,NONE,0,NONE,NONE,none-authored,NONE,0,skin=id2646@row2935/flags0x0|face=id2657@row2946/flags0x0|hair=id4413@row3007/flags0x0|facial=id4422@row2990/flags0x0,Ready,26741,46.8782,151.3218,hair style 4/0 -> geoset variant 6 (DBC match)
player:tauren-female:hair-style:5,player:tauren-female:hair-style:5,players,0,0,-1,-1,hair-style,NONE,Character\Tauren\Female\TaurenFemaleSkin00_00.blp,Character\Tauren\Female\TaurenFemaleSkin00_00.blp,texture.MPQ,false,NONE,NONE,false,NONE,,Character\Tauren\Female\TaurenFemale.m2,patch.MPQ,6,1,0,0,5,0,0,,0:0;0:7;4:1;7:2;13:1;15:1,NONE,NONE,0,NONE,NONE,NONE,0,NONE,NONE,none-authored,NONE,0,skin=id2646@row2935/flags0x0|face=id2657@row2946/flags0x0|hair=id4416@row3010/flags0x0|facial=id4422@row2990/flags0x0,Ready,27053,46.744,153.4215,hair style 5/0 -> geoset variant 7 (DBC match)
player:tauren-female:hair-style:6,player:tauren-female:hair-style:6,players,0,0,-1,-1,hair-style,NONE,Character\Tauren\Female\TaurenFemaleSkin00_00.blp,Character\Tauren\Female\TaurenFemaleSkin00_00.blp,texture.MPQ,false,NONE,NONE,false,NONE,,Character\Tauren\Female\TaurenFemale.m2,patch.MPQ,6,1,0,0,6,0,0,,0:0;0:8;4:1;7:2;13:1;15:1,NONE,NONE,0,NONE,NONE,NONE,0,NONE,NONE,none-authored,NONE,0,skin=id2646@row2935/flags0x0|face=id2657@row2946/flags0x0|hair=id4419@row3013/flags0x0|facial=id4422@row2990/flags0x0,Ready,26979,46.7321,154.2412,hair style 6/0 -> geoset variant 8 (DBC match)
player:tauren-female:hair-color:1,player:tauren-female:hair-color:1,players,0,0,-1,-1,hair-color,NONE,Character\Tauren\Female\TaurenFemaleSkin00_00.blp,Character\Tauren\Female\TaurenFemaleSkin00_00.blp,texture.MPQ,false,NONE,NONE,false,NONE,,Character\Tauren\Female\TaurenFemale.m2,patch.MPQ,6,1,0,0,0,1,0,,0:0;0:2;4:1;7:2;13:1;15:1,NONE,NONE,0,NONE,NONE,NONE,0,NONE,NONE,none-authored,NONE,0,skin=id2646@row2935/flags0x0|face=id2657@row2946/flags0x0|hair=id4402@row2996/flags0x0|facial=NONE,Ready,26929,47.5075,160.8336,hair style 0/1 -> geoset variant 2 (DBC match)
player:tauren-female:hair-color:2,player:tauren-female:hair-color:2,players,0,0,-1,-1,hair-color,NONE,Character\Tauren\Female\TaurenFemaleSkin00_00.blp,Character\Tauren\Female\TaurenFemaleSkin00_00.blp,texture.MPQ,false,NONE,NONE,false,NONE,,Character\Tauren\Female\TaurenFemale.m2,patch.MPQ,6,1,0,0,0,2,0,,0:0;0:2;4:1;7:2;13:1;15:1,NONE,NONE,0,NONE,NONE,NONE,0,NONE,NONE,none-authored,NONE,0,skin=id2646@row2935/flags0x0|face=id2657@row2946/flags0x0|hair=id4403@row2997/flags0x0|facial=NONE,Ready,26929,48.0785,152.9126,hair style 0/2 -> geoset variant 2 (DBC match)
player:tauren-female:facial-hair:1,player:tauren-female:facial-hair:1,players,0,0,-1,-1,facial-hair,NONE,Character\Tauren\Female\TaurenFemaleSkin00_00.blp,Character\Tauren\Female\TaurenFemaleSkin00_00.blp,texture.MPQ,false,NONE,NONE,false,NONE,,Character\Tauren\Female\TaurenFemale.m2,patch.MPQ,6,1,0,0,0,0,1,,0:0;0:2;4:1;7:2;13:1;15:1,NONE,NONE,0,NONE,NONE,NONE,0,NONE,NONE,none-authored,NONE,0,skin=id2646@row2935/flags0x0|face=id2657@row2946/flags0x0|hair=id4401@row2995/flags0x0|facial=id4423@row2991/flags0x0,Ready,26929,46.8006,149.3808,hair style 0/0 -> geoset variant 2 (DBC match)
player:tauren-female:facial-hair:2,player:tauren-female:facial-hair:2,players,0,0,-1,-1,facial-hair,NONE,Character\Tauren\Female\TaurenFemaleSkin00_00.blp,Character\Tauren\Female\TaurenFemaleSkin00_00.blp,texture.MPQ,false,NONE,NONE,false,NONE,,Character\Tauren\Female\TaurenFemale.m2,patch.MPQ,6,1,0,0,0,0,2,,0:0;0:2;4:1;7:2;13:1;15:1,NONE,NONE,0,NONE,NONE,NONE,0,NONE,NONE,none-authored,NONE,0,skin=id2646@row2935/flags0x0|face=id2657@row2946/flags0x0|hair=id4401@row2995/flags0x0|facial=id4424@row2992/flags0x0,Ready,26929,46.8006,153.9773,hair style 0/0 -> geoset variant 2 (DBC match)
player:tauren-female:facial-hair:3,player:tauren-female:facial-hair:3,players,0,0,-1,-1,facial-hair,NONE,Character\Tauren\Female\TaurenFemaleSkin00_00.blp,Character\Tauren\Female\TaurenFemaleSkin00_00.blp,texture.MPQ,false,NONE,NONE,false,NONE,,Character\Tauren\Female\TaurenFemale.m2,patch.MPQ,6,1,0,0,0,0,3,,0:0;0:2;4:1;7:2;13:1;15:1,NONE,NONE,0,NONE,NONE,NONE,0,NONE,NONE,none-authored,NONE,0,skin=id2646@row2935/flags0x0|face=id2657@row2946/flags0x0|hair=id4401@row2995/flags0x0|facial=id4425@row2993/flags0x0,Ready,26929,46.8006,154.6107,hair style 0/0 -> geoset variant 2 (DBC match)
player:tauren-female:facial-hair:4,player:tauren-female:facial-hair:4,players,0,0,-1,-1,facial-hair,NONE,Character\Tauren\Female\TaurenFemaleSkin00_00.blp,Character\Tauren\Female\TaurenFemaleSkin00_00.blp,texture.MPQ,false,NONE,NONE,false,NONE,,Character\Tauren\Female\TaurenFemale.m2,patch.MPQ,6,1,0,0,0,0,4,,0:0;0:2;4:1;7:2;13:1;15:1,NONE,NONE,0,NONE,NONE,NONE,0,NONE,NONE,none-authored,NONE,0,skin=id2646@row2935/flags0x0|face=id2657@row2946/flags0x0|hair=id4401@row2995/flags0x0|facial=id4426@row2994/flags0x0,Ready,26929,46.8006,153.6789,hair style 0/0 -> geoset variant 2 (DBC match)
player:gnome-male:base,player:gnome-male:base,players,0,0,-1,-1,base,NONE,Character\Gnome\Male\GnomeMaleSkin00_00.blp,Character\Gnome\Male\GnomeMaleSkin00_00.blp,texture.MPQ,false,NONE,NONE,false,NONE,,Character\Gnome\Male\GnomeMale.m2,patch.MPQ,7,0,0,0,0,0,0,,0:0;0:1;4:1;7:2;13:1;15:1,NONE,NONE,0,NONE,NONE,NONE,0,NONE,NONE,none-authored,NONE,1,skin=id2754@row3027/flags0x0|face=id2759@row3034/flags0x0|hair=id2794@row3141/flags0x0|hair-substitute=id2803@row3150/flags0x0|facial=id3701@row3069/flags0x0,Ready,7210,163.6579,168.6768,hair style 0/0 -> geoset variant 1 (DBC match)
player:gnome-male:skin:1,player:gnome-male:skin:1,players,0,0,-1,-1,skin,NONE,Character\Gnome\Male\GnomeMaleSkin00_01.blp,Character\Gnome\Male\GnomeMaleSkin00_01.blp,texture.MPQ,false,NONE,NONE,false,NONE,,Character\Gnome\Male\GnomeMale.m2,patch.MPQ,7,0,1,0,0,0,0,,0:0;0:1;4:1;7:2;13:1;15:1,NONE,NONE,0,NONE,NONE,NONE,0,NONE,NONE,none-authored,NONE,1,skin=id2755@row3028/flags0x0|face=id2760@row3035/flags0x0|hair=id2794@row3141/flags0x0|hair-substitute=id2803@row3150/flags0x0|facial=id3701@row3069/flags0x0,Ready,7210,149.33,149.5311,hair style 0/0 -> geoset variant 1 (DBC match)
player:gnome-male:skin:2,player:gnome-male:skin:2,players,0,0,-1,-1,skin,NONE,Character\Gnome\Male\GnomeMaleSkin00_02.blp,Character\Gnome\Male\GnomeMaleSkin00_02.blp,texture.MPQ,false,NONE,NONE,false,NONE,,Character\Gnome\Male\GnomeMale.m2,patch.MPQ,7,0,2,0,0,0,0,,0:0;0:1;4:1;7:2;13:1;15:1,NONE,NONE,0,NONE,NONE,NONE,0,NONE,NONE,none-authored,NONE,0,skin=id2756@row3029/flags0x0|face=id2761@row3036/flags0x0|hair=id2794@row3141/flags0x0|hair-substitute=id2803@row3150/flags0x0|facial=id3701@row3069/flags0x0,Ready,7210,136.5663,156.4443,hair style 0/0 -> geoset variant 1 (DBC match)
player:gnome-male:skin:3,player:gnome-male:skin:3,players,0,0,-1,-1,skin,NONE,Character\Gnome\Male\GnomeMaleSkin00_03.blp,Character\Gnome\Male\GnomeMaleSkin00_03.blp,texture.MPQ,false,NONE,NONE,false,NONE,,Character\Gnome\Male\GnomeMale.m2,patch.MPQ,7,0,3,0,0,0,0,,0:0;0:1;4:1;7:2;13:1;15:1,NONE,NONE,0,NONE,NONE,NONE,0,NONE,NONE,none-authored,NONE,0,skin=id2757@row3030/flags0x0|face=id2762@row3037/flags0x0|hair=id2794@row3141/flags0x0|hair-substitute=id2803@row3150/flags0x0|facial=id3701@row3069/flags0x0,Ready,7210,125.73,151.334,hair style 0/0 -> geoset variant 1 (DBC match)
player:gnome-male:skin:4,player:gnome-male:skin:4,players,0,0,-1,-1,skin,NONE,Character\Gnome\Male\GnomeMaleSkin00_04.blp,Character\Gnome\Male\GnomeMaleSkin00_04.blp,texture.MPQ,false,NONE,NONE,false,NONE,,Character\Gnome\Male\GnomeMale.m2,patch.MPQ,7,0,4,0,0,0,0,,0:0;0:1;4:1;7:2;13:1;15:1,NONE,NONE,0,NONE,NONE,NONE,0,NONE,NONE,none-authored,NONE,0,skin=id2758@row3031/flags0x0|face=id2763@row3038/flags0x0|hair=id2794@row3141/flags0x0|hair-substitute=id2803@row3150/flags0x0|facial=id3701@row3069/flags0x0,Ready,7210,102.9962,153.7238,hair style 0/0 -> geoset variant 1 (DBC match)
player:gnome-male:face:1,player:gnome-male:face:1,players,0,0,-1,-1,face,NONE,Character\Gnome\Male\GnomeMaleSkin00_00.blp,Character\Gnome\Male\GnomeMaleSkin00_00.blp,texture.MPQ,false,NONE,NONE,false,NONE,,Character\Gnome\Male\GnomeMale.m2,patch.MPQ,7,0,0,1,0,0,0,,0:0;0:1;4:1;7:2;13:1;15:1,NONE,NONE,0,NONE,NONE,NONE,0,NONE,NONE,none-authored,NONE,1,skin=id2754@row3027/flags0x0|face=id2764@row3039/flags0x0|hair=id2794@row3141/flags0x0|hair-substitute=id2803@row3150/flags0x0|facial=id3701@row3069/flags0x0,Ready,7210,163.2612,150.8257,hair style 0/0 -> geoset variant 1 (DBC match)
player:gnome-male:face:2,player:gnome-male:face:2,players,0,0,-1,-1,face,NONE,Character\Gnome\Male\GnomeMaleSkin00_00.blp,Character\Gnome\Male\GnomeMaleSkin00_00.blp,texture.MPQ,false,NONE,NONE,false,NONE,,Character\Gnome\Male\GnomeMale.m2,patch.MPQ,7,0,0,2,0,0,0,,0:0;0:1;4:1;7:2;13:1;15:1,NONE,NONE,0,NONE,NONE,NONE,0,NONE,NONE,none-authored,NONE,1,skin=id2754@row3027/flags0x0|face=id2769@row3044/flags0x0|hair=id2794@row3141/flags0x0|hair-substitute=id2803@row3150/flags0x0|facial=id3701@row3069/flags0x0,Ready,7210,163.0412,150.6971,hair style 0/0 -> geoset variant 1 (DBC match)
player:gnome-male:face:3,player:gnome-male:face:3,players,0,0,-1,-1,face,NONE,Character\Gnome\Male\GnomeMaleSkin00_00.blp,Character\Gnome\Male\GnomeMaleSkin00_00.blp,texture.MPQ,false,NONE,NONE,false,NONE,,Character\Gnome\Male\GnomeMale.m2,patch.MPQ,7,0,0,3,0,0,0,,0:0;0:1;4:1;7:2;13:1;15:1,NONE,NONE,0,NONE,NONE,NONE,0,NONE,NONE,none-authored,NONE,1,skin=id2754@row3027/flags0x0|face=id2774@row3049/flags0x0|hair=id2794@row3141/flags0x0|hair-substitute=id2803@row3150/flags0x0|facial=id3701@row3069/flags0x0,Ready,7210,163.3726,150.6151,hair style 0/0 -> geoset variant 1 (DBC match)
player:gnome-male:face:4,player:gnome-male:face:4,players,0,0,-1,-1,face,NONE,Character\Gnome\Male\GnomeMaleSkin00_00.blp,Character\Gnome\Male\GnomeMaleSkin00_00.blp,texture.MPQ,false,NONE,NONE,false,NONE,,Character\Gnome\Male\GnomeMale.m2,patch.MPQ,7,0,0,4,0,0,0,,0:0;0:1;4:1;7:2;13:1;15:1,NONE,NONE,0,NONE,NONE,NONE,0,NONE,NONE,none-authored,NONE,1,skin=id2754@row3027/flags0x0|face=id2779@row3054/flags0x0|hair=id2794@row3141/flags0x0|hair-substitute=id2803@row3150/flags0x0|facial=id3701@row3069/flags0x0,Ready,7210,162.4782,151.4817,hair style 0/0 -> geoset variant 1 (DBC match)
player:gnome-male:face:5,player:gnome-male:face:5,players,0,0,-1,-1,face,NONE,Character\Gnome\Male\GnomeMaleSkin00_00.blp,Character\Gnome\Male\GnomeMaleSkin00_00.blp,texture.MPQ,false,NONE,NONE,false,NONE,,Character\Gnome\Male\GnomeMale.m2,patch.MPQ,7,0,0,5,0,0,0,,0:0;0:1;4:1;7:2;13:1;15:1,NONE,NONE,0,NONE,NONE,NONE,0,NONE,NONE,none-authored,NONE,1,skin=id2754@row3027/flags0x0|face=id2784@row3059/flags0x0|hair=id2794@row3141/flags0x0|hair-substitute=id2803@row3150/flags0x0|facial=id3701@row3069/flags0x0,Ready,7210,162.8235,3207.3499,hair style 0/0 -> geoset variant 1 (DBC match)
player:gnome-male:face:6,player:gnome-male:face:6,players,0,0,-1,-1,face,NONE,Character\Gnome\Male\GnomeMaleSkin00_00.blp,Character\Gnome\Male\GnomeMaleSkin00_00.blp,texture.MPQ,false,NONE,NONE,false,NONE,,Character\Gnome\Male\GnomeMale.m2,patch.MPQ,7,0,0,6,0,0,0,,0:0;0:1;4:1;7:2;13:1;15:1,NONE,NONE,0,NONE,NONE,NONE,0,NONE,NONE,none-authored,NONE,1,skin=id2754@row3027/flags0x0|face=id2789@row3064/flags0x0|hair=id2794@row3141/flags0x0|hair-substitute=id2803@row3150/flags0x0|facial=id3701@row3069/flags0x0,Ready,7210,163.7502,156.1898,hair style 0/0 -> geoset variant 1 (DBC match)
player:gnome-male:hair-style:1,player:gnome-male:hair-style:1,players,0,0,-1,-1,hair-style,NONE,Character\Gnome\Male\GnomeMaleSkin00_00.blp,Character\Gnome\Male\GnomeMaleSkin00_00.blp,texture.MPQ,false,NONE,NONE,false,NONE,,Character\Gnome\Male\GnomeMale.m2,patch.MPQ,7,0,0,0,1,0,0,,0:0;0:2;4:1;7:2;13:1;15:1,NONE,NONE,0,NONE,NONE,NONE,0,NONE,NONE,none-authored,NONE,1,skin=id2754@row3027/flags0x0|face=id2759@row3034/flags0x0|hair=id2803@row3150/flags0x0|facial=id3701@row3069/flags0x0,Ready,7449,158.3909,156.5455,hair style 1/0 -> geoset variant 2 (DBC match)
player:gnome-male:hair-style:2,player:gnome-male:hair-style:2,players,0,0,-1,-1,hair-style,NONE,Character\Gnome\Male\GnomeMaleSkin00_00.blp,Character\Gnome\Male\GnomeMaleSkin00_00.blp,texture.MPQ,false,NONE,NONE,false,NONE,,Character\Gnome\Male\GnomeMale.m2,patch.MPQ,7,0,0,0,2,0,0,,0:0;0:3;4:1;7:2;13:1;15:1,NONE,NONE,0,NONE,NONE,NONE,0,NONE,NONE,none-authored,NONE,1,skin=id2754@row3027/flags0x0|face=id2759@row3034/flags0x0|hair=id3326@row3159/flags0x0|facial=id3701@row3069/flags0x0,Ready,7339,155.4556,150.0423,hair style 2/0 -> geoset variant 3 (DBC match)
player:gnome-male:hair-style:3,player:gnome-male:hair-style:3,players,0,0,-1,-1,hair-style,NONE,Character\Gnome\Male\GnomeMaleSkin00_00.blp,Character\Gnome\Male\GnomeMaleSkin00_00.blp,texture.MPQ,false,NONE,NONE,false,NONE,,Character\Gnome\Male\GnomeMale.m2,patch.MPQ,7,0,0,0,3,0,0,,0:0;0:4;4:1;7:2;13:1;15:1,NONE,NONE,0,NONE,NONE,NONE,0,NONE,NONE,none-authored,NONE,1,skin=id2754@row3027/flags0x0|face=id2759@row3034/flags0x0|hair=id2821@row3168/flags0x0|facial=id3701@row3069/flags0x0,Ready,7348,155.1036,151.1198,hair style 3/0 -> geoset variant 4 (DBC match)
player:gnome-male:hair-style:4,player:gnome-male:hair-style:4,players,0,0,-1,-1,hair-style,NONE,Character\Gnome\Male\GnomeMaleSkin00_00.blp,Character\Gnome\Male\GnomeMaleSkin00_00.blp,texture.MPQ,false,NONE,NONE,false,NONE,,Character\Gnome\Male\GnomeMale.m2,patch.MPQ,7,0,0,0,4,0,0,,0:0;0:5;4:1;7:2;13:1;15:1,NONE,NONE,0,NONE,NONE,NONE,0,NONE,NONE,none-authored,NONE,1,skin=id2754@row3027/flags0x0|face=id2759@row3034/flags0x0|hair=id2830@row3177/flags0x0|facial=id3701@row3069/flags0x0,Ready,7610,152.8822,149.6822,hair style 4/0 -> geoset variant 5 (DBC match)
player:gnome-male:hair-style:5,player:gnome-male:hair-style:5,players,0,0,-1,-1,hair-style,NONE,Character\Gnome\Male\GnomeMaleSkin00_00.blp,Character\Gnome\Male\GnomeMaleSkin00_00.blp,texture.MPQ,false,NONE,NONE,false,NONE,,Character\Gnome\Male\GnomeMale.m2,patch.MPQ,7,0,0,0,5,0,0,,0:0;0:6;4:1;7:2;13:1;15:1,NONE,NONE,0,NONE,NONE,NONE,0,NONE,NONE,none-authored,NONE,1,skin=id2754@row3027/flags0x0|face=id2759@row3034/flags0x0|hair=id2839@row3186/flags0x0|facial=id3701@row3069/flags0x0,Ready,7217,163.4922,150.5976,hair style 5/0 -> geoset variant 6 (DBC match)
player:gnome-male:hair-style:6,player:gnome-male:hair-style:6,players,0,0,-1,-1,hair-style,NONE,Character\Gnome\Male\GnomeMaleSkin00_00.blp,Character\Gnome\Male\GnomeMaleSkin00_00.blp,texture.MPQ,false,NONE,NONE,false,NONE,,Character\Gnome\Male\GnomeMale.m2,patch.MPQ,7,0,0,0,6,0,0,,0:0;0:7;4:1;7:2;13:1;15:1,NONE,NONE,0,NONE,NONE,NONE,0,NONE,NONE,none-authored,NONE,1,skin=id2754@row3027/flags0x0|face=id2759@row3034/flags0x0|hair=id2848@row3195/flags0x0|facial=id3701@row3069/flags0x0,Ready,7260,162.1789,158.3061,hair style 6/0 -> geoset variant 7 (DBC match)
player:gnome-male:hair-color:1,player:gnome-male:hair-color:1,players,0,0,-1,-1,hair-color,NONE,Character\Gnome\Male\GnomeMaleSkin00_00.blp,Character\Gnome\Male\GnomeMaleSkin00_00.blp,texture.MPQ,false,NONE,NONE,false,NONE,,Character\Gnome\Male\GnomeMale.m2,patch.MPQ,7,0,0,0,0,1,0,,0:0;0:1;4:1;7:2;13:1;15:1,NONE,NONE,0,NONE,NONE,NONE,0,NONE,NONE,none-authored,NONE,1,skin=id2754@row3027/flags0x0|face=id2759@row3034/flags0x0|hair=id2795@row3142/flags0x0|hair-substitute=id2804@row3151/flags0x0|facial=id3702@row3070/flags0x0,Ready,7210,163.6579,150.9117,hair style 0/1 -> geoset variant 1 (DBC match)
player:gnome-male:hair-color:2,player:gnome-male:hair-color:2,players,0,0,-1,-1,hair-color,NONE,Character\Gnome\Male\GnomeMaleSkin00_00.blp,Character\Gnome\Male\GnomeMaleSkin00_00.blp,texture.MPQ,false,NONE,NONE,false,NONE,,Character\Gnome\Male\GnomeMale.m2,patch.MPQ,7,0,0,0,0,2,0,,0:0;0:1;4:1;7:2;13:1;15:1,NONE,NONE,0,NONE,NONE,NONE,0,NONE,NONE,none-authored,NONE,1,skin=id2754@row3027/flags0x0|face=id2759@row3034/flags0x0|hair=id2796@row3143/flags0x0|hair-substitute=id2805@row3152/flags0x0|facial=id3703@row3071/flags0x0,Ready,7210,163.6579,152.9268,hair style 0/2 -> geoset variant 1 (DBC match)
player:gnome-male:hair-color:3,player:gnome-male:hair-color:3,players,0,0,-1,-1,hair-color,NONE,Character\Gnome\Male\GnomeMaleSkin00_00.blp,Character\Gnome\Male\GnomeMaleSkin00_00.blp,texture.MPQ,false,NONE,NONE,false,NONE,,Character\Gnome\Male\GnomeMale.m2,patch.MPQ,7,0,0,0,0,3,0,,0:0;0:1;4:1;7:2;13:1;15:1,NONE,NONE,0,NONE,NONE,NONE,0,NONE,NONE,none-authored,NONE,1,skin=id2754@row3027/flags0x0|face=id2759@row3034/flags0x0|hair=id2797@row3144/flags0x0|hair-substitute=id2806@row3153/flags0x0|facial=id3704@row3072/flags0x0,Ready,7210,163.6579,157.5014,hair style 0/3 -> geoset variant 1 (DBC match)
player:gnome-male:hair-color:4,player:gnome-male:hair-color:4,players,0,0,-1,-1,hair-color,NONE,Character\Gnome\Male\GnomeMaleSkin00_00.blp,Character\Gnome\Male\GnomeMaleSkin00_00.blp,texture.MPQ,false,NONE,NONE,false,NONE,,Character\Gnome\Male\GnomeMale.m2,patch.MPQ,7,0,0,0,0,4,0,,0:0;0:1;4:1;7:2;13:1;15:1,NONE,NONE,0,NONE,NONE,NONE,0,NONE,NONE,none-authored,NONE,1,skin=id2754@row3027/flags0x0|face=id2759@row3034/flags0x0|hair=id2798@row3145/flags0x0|hair-substitute=id2807@row3154/flags0x0|facial=id3705@row3073/flags0x0,Ready,7210,163.6579,161.0148,hair style 0/4 -> geoset variant 1 (DBC match)
player:gnome-male:hair-color:5,player:gnome-male:hair-color:5,players,0,0,-1,-1,hair-color,NONE,Character\Gnome\Male\GnomeMaleSkin00_00.blp,Character\Gnome\Male\GnomeMaleSkin00_00.blp,texture.MPQ,false,NONE,NONE,false,NONE,,Character\Gnome\Male\GnomeMale.m2,patch.MPQ,7,0,0,0,0,5,0,,0:0;0:1;4:1;7:2;13:1;15:1,NONE,NONE,0,NONE,NONE,NONE,0,NONE,NONE,none-authored,NONE,1,skin=id2754@row3027/flags0x0|face=id2759@row3034/flags0x0|hair=id2799@row3146/flags0x0|hair-substitute=id2808@row3155/flags0x0|facial=id3706@row3074/flags0x0,Ready,7210,163.6579,151.3877,hair style 0/5 -> geoset variant 1 (DBC match)
player:gnome-male:hair-color:6,player:gnome-male:hair-color:6,players,0,0,-1,-1,hair-color,NONE,Character\Gnome\Male\GnomeMaleSkin00_00.blp,Character\Gnome\Male\GnomeMaleSkin00_00.blp,texture.MPQ,false,NONE,NONE,false,NONE,,Character\Gnome\Male\GnomeMale.m2,patch.MPQ,7,0,0,0,0,6,0,,0:0;0:1;4:1;7:2;13:1;15:1,NONE,NONE,0,NONE,NONE,NONE,0,NONE,NONE,none-authored,NONE,1,skin=id2754@row3027/flags0x0|face=id2759@row3034/flags0x0|hair=id2800@row3147/flags0x0|hair-substitute=id2809@row3156/flags0x0|facial=id3707@row3075/flags0x0,Ready,7210,163.6579,157.3291,hair style 0/6 -> geoset variant 1 (DBC match)
player:gnome-male:hair-color:7,player:gnome-male:hair-color:7,players,0,0,-1,-1,hair-color,NONE,Character\Gnome\Male\GnomeMaleSkin00_00.blp,Character\Gnome\Male\GnomeMaleSkin00_00.blp,texture.MPQ,false,NONE,NONE,false,NONE,,Character\Gnome\Male\GnomeMale.m2,patch.MPQ,7,0,0,0,0,7,0,,0:0;0:1;4:1;7:2;13:1;15:1,NONE,NONE,0,NONE,NONE,NONE,0,NONE,NONE,none-authored,NONE,1,skin=id2754@row3027/flags0x0|face=id2759@row3034/flags0x0|hair=id2801@row3148/flags0x0|hair-substitute=id2810@row3157/flags0x0|facial=id3708@row3076/flags0x0,Ready,7210,163.6579,151.4401,hair style 0/7 -> geoset variant 1 (DBC match)
player:gnome-male:hair-color:8,player:gnome-male:hair-color:8,players,0,0,-1,-1,hair-color,NONE,Character\Gnome\Male\GnomeMaleSkin00_00.blp,Character\Gnome\Male\GnomeMaleSkin00_00.blp,texture.MPQ,false,NONE,NONE,false,NONE,,Character\Gnome\Male\GnomeMale.m2,patch.MPQ,7,0,0,0,0,8,0,,0:0;0:1;4:1;7:2;13:1;15:1,NONE,NONE,0,NONE,NONE,NONE,0,NONE,NONE,none-authored,NONE,1,skin=id2754@row3027/flags0x0|face=id2759@row3034/flags0x0|hair=id2802@row3149/flags0x0|hair-substitute=id2811@row3158/flags0x0|facial=id3709@row3077/flags0x0,Ready,7210,163.6579,157.9179,hair style 0/8 -> geoset variant 1 (DBC match)
player:gnome-male:facial-hair:1,player:gnome-male:facial-hair:1,players,0,0,-1,-1,facial-hair,NONE,Character\Gnome\Male\GnomeMaleSkin00_00.blp,Character\Gnome\Male\GnomeMaleSkin00_00.blp,texture.MPQ,false,NONE,NONE,false,NONE,,Character\Gnome\Male\GnomeMale.m2,patch.MPQ,7,0,0,0,0,0,1,,0:0;0:1;4:1;7:2;13:1;15:1,NONE,NONE,0,NONE,NONE,NONE,0,NONE,NONE,none-authored,NONE,1,skin=id2754@row3027/flags0x0|face=id2759@row3034/flags0x0|hair=id2794@row3141/flags0x0|hair-substitute=id2803@row3150/flags0x0|facial=id3710@row3078/flags0x0,Ready,7210,161.7337,151.6202,hair style 0/0 -> geoset variant 1 (DBC match)
player:gnome-male:facial-hair:2,player:gnome-male:facial-hair:2,players,0,0,-1,-1,facial-hair,NONE,Character\Gnome\Male\GnomeMaleSkin00_00.blp,Character\Gnome\Male\GnomeMaleSkin00_00.blp,texture.MPQ,false,NONE,NONE,false,NONE,,Character\Gnome\Male\GnomeMale.m2,patch.MPQ,7,0,0,0,0,0,2,,0:0;0:1;4:1;7:2;13:1;15:1,NONE,NONE,0,NONE,NONE,NONE,0,NONE,NONE,none-authored,NONE,1,skin=id2754@row3027/flags0x0|face=id2759@row3034/flags0x0|hair=id2794@row3141/flags0x0|hair-substitute=id2803@row3150/flags0x0|facial=id3719@row3087/flags0x0,Ready,7210,161.5293,151.955,hair style 0/0 -> geoset variant 1 (DBC match)
player:gnome-male:facial-hair:3,player:gnome-male:facial-hair:3,players,0,0,-1,-1,facial-hair,NONE,Character\Gnome\Male\GnomeMaleSkin00_00.blp,Character\Gnome\Male\GnomeMaleSkin00_00.blp,texture.MPQ,false,NONE,NONE,false,NONE,,Character\Gnome\Male\GnomeMale.m2,patch.MPQ,7,0,0,0,0,0,3,,0:0;0:1;4:1;7:2;13:1;15:1,NONE,NONE,0,NONE,NONE,NONE,0,NONE,NONE,none-authored,NONE,1,skin=id2754@row3027/flags0x0|face=id2759@row3034/flags0x0|hair=id2794@row3141/flags0x0|hair-substitute=id2803@row3150/flags0x0|facial=id3728@row3096/flags0x0,Ready,7210,162.4048,151.8144,hair style 0/0 -> geoset variant 1 (DBC match)
player:gnome-male:facial-hair:4,player:gnome-male:facial-hair:4,players,0,0,-1,-1,facial-hair,NONE,Character\Gnome\Male\GnomeMaleSkin00_00.blp,Character\Gnome\Male\GnomeMaleSkin00_00.blp,texture.MPQ,false,NONE,NONE,false,NONE,,Character\Gnome\Male\GnomeMale.m2,patch.MPQ,7,0,0,0,0,0,4,,0:0;0:1;4:1;7:2;13:1;15:1,NONE,NONE,0,NONE,NONE,NONE,0,NONE,NONE,none-authored,NONE,1,skin=id2754@row3027/flags0x0|face=id2759@row3034/flags0x0|hair=id2794@row3141/flags0x0|hair-substitute=id2803@row3150/flags0x0|facial=id3737@row3105/flags0x0,Ready,7210,161.6229,149.9792,hair style 0/0 -> geoset variant 1 (DBC match)
player:gnome-male:facial-hair:5,player:gnome-male:facial-hair:5,players,0,0,-1,-1,facial-hair,NONE,Character\Gnome\Male\GnomeMaleSkin00_00.blp,Character\Gnome\Male\GnomeMaleSkin00_00.blp,texture.MPQ,false,NONE,NONE,false,NONE,,Character\Gnome\Male\GnomeMale.m2,patch.MPQ,7,0,0,0,0,0,5,,0:0;0:1;4:1;7:2;13:1;15:1,NONE,NONE,0,NONE,NONE,NONE,0,NONE,NONE,none-authored,NONE,1,skin=id2754@row3027/flags0x0|face=id2759@row3034/flags0x0|hair=id2794@row3141/flags0x0|hair-substitute=id2803@row3150/flags0x0|facial=id3746@row3114/flags0x0,Ready,7210,162.7474,158.7089,hair style 0/0 -> geoset variant 1 (DBC match)
player:gnome-male:facial-hair:6,player:gnome-male:facial-hair:6,players,0,0,-1,-1,facial-hair,NONE,Character\Gnome\Male\GnomeMaleSkin00_00.blp,Character\Gnome\Male\GnomeMaleSkin00_00.blp,texture.MPQ,false,NONE,NONE,false,NONE,,Character\Gnome\Male\GnomeMale.m2,patch.MPQ,7,0,0,0,0,0,6,,0:0;0:1;4:1;7:2;13:1;15:1,NONE,NONE,0,NONE,NONE,NONE,0,NONE,NONE,none-authored,NONE,1,skin=id2754@row3027/flags0x0|face=id2759@row3034/flags0x0|hair=id2794@row3141/flags0x0|hair-substitute=id2803@row3150/flags0x0|facial=id3755@row3123/flags0x0,Ready,7210,162.4056,150.9532,hair style 0/0 -> geoset variant 1 (DBC match)
player:gnome-male:facial-hair:7,player:gnome-male:facial-hair:7,players,0,0,-1,-1,facial-hair,NONE,Character\Gnome\Male\GnomeMaleSkin00_00.blp,Character\Gnome\Male\GnomeMaleSkin00_00.blp,texture.MPQ,false,NONE,NONE,false,NONE,,Character\Gnome\Male\GnomeMale.m2,patch.MPQ,7,0,0,0,0,0,7,,0:0;0:1;4:1;7:2;13:1;15:1,NONE,NONE,0,NONE,NONE,NONE,0,NONE,NONE,none-authored,NONE,1,skin=id2754@row3027/flags0x0|face=id2759@row3034/flags0x0|hair=id2794@row3141/flags0x0|hair-substitute=id2803@row3150/flags0x0|facial=id4441@row3132/flags0x0,Ready,7210,162.8801,151.0967,hair style 0/0 -> geoset variant 1 (DBC match)
player:gnome-female:base,player:gnome-female:base,players,0,0,-1,-1,base,NONE,Character\Gnome\Female\GnomeFemaleSkin00_00.blp,Character\Gnome\Female\GnomeFemaleSkin00_00.blp,texture.MPQ,false,NONE,NONE,false,NONE,,Character\Gnome\Female\GnomeFemale.m2,patch.MPQ,7,1,0,0,0,0,0,,0:0;0:2;4:1;7:2;13:1;15:1,NONE,NONE,0,NONE,NONE,NONE,0,NONE,NONE,none-authored,NONE,1,skin=id2871@row3209/flags0x0|face=id2876@row3216/flags0x0|hair=id2911@row3251/flags0x0|facial=NONE,Ready,5776,142.0149,186.0637,hair style 0/0 -> geoset variant 2 (DBC match)
player:gnome-female:skin:1,player:gnome-female:skin:1,players,0,0,-1,-1,skin,NONE,Character\Gnome\Female\GnomeFemaleSkin00_01.blp,Character\Gnome\Female\GnomeFemaleSkin00_01.blp,texture.MPQ,false,NONE,NONE,false,NONE,,Character\Gnome\Female\GnomeFemale.m2,patch.MPQ,7,1,1,0,0,0,0,,0:0;0:2;4:1;7:2;13:1;15:1,NONE,NONE,0,NONE,NONE,NONE,0,NONE,NONE,none-authored,NONE,1,skin=id2872@row3210/flags0x0|face=id2877@row3217/flags0x0|hair=id2911@row3251/flags0x0|facial=NONE,Ready,5776,135.8357,147.4544,hair style 0/0 -> geoset variant 2 (DBC match)
player:gnome-female:skin:2,player:gnome-female:skin:2,players,0,0,-1,-1,skin,NONE,Character\Gnome\Female\GnomeFemaleSkin00_02.blp,Character\Gnome\Female\GnomeFemaleSkin00_02.blp,texture.MPQ,false,NONE,NONE,false,NONE,,Character\Gnome\Female\GnomeFemale.m2,patch.MPQ,7,1,2,0,0,0,0,,0:0;0:2;4:1;7:2;13:1;15:1,NONE,NONE,0,NONE,NONE,NONE,0,NONE,NONE,none-authored,NONE,0,skin=id2873@row3211/flags0x0|face=id2878@row3218/flags0x0|hair=id2911@row3251/flags0x0|facial=NONE,Ready,5776,130.4361,150.1686,hair style 0/0 -> geoset variant 2 (DBC match)
player:gnome-female:skin:3,player:gnome-female:skin:3,players,0,0,-1,-1,skin,NONE,Character\Gnome\Female\GnomeFemaleSkin00_03.blp,Character\Gnome\Female\GnomeFemaleSkin00_03.blp,texture.MPQ,false,NONE,NONE,false,NONE,,Character\Gnome\Female\GnomeFemale.m2,patch.MPQ,7,1,3,0,0,0,0,,0:0;0:2;4:1;7:2;13:1;15:1,NONE,NONE,0,NONE,NONE,NONE,0,NONE,NONE,none-authored,NONE,0,skin=id2874@row3212/flags0x0|face=id2879@row3219/flags0x0|hair=id2911@row3251/flags0x0|facial=NONE,Ready,5776,122.4768,150.6959,hair style 0/0 -> geoset variant 2 (DBC match)
player:gnome-female:skin:4,player:gnome-female:skin:4,players,0,0,-1,-1,skin,NONE,Character\Gnome\Female\GnomeFemaleSkin00_04.blp,Character\Gnome\Female\GnomeFemaleSkin00_04.blp,texture.MPQ,false,NONE,NONE,false,NONE,,Character\Gnome\Female\GnomeFemale.m2,patch.MPQ,7,1,4,0,0,0,0,,0:0;0:2;4:1;7:2;13:1;15:1,NONE,NONE,0,NONE,NONE,NONE,0,NONE,NONE,none-authored,NONE,0,skin=id2875@row3213/flags0x0|face=id2880@row3220/flags0x0|hair=id2911@row3251/flags0x0|facial=NONE,Ready,5776,108.3519,157.3659,hair style 0/0 -> geoset variant 2 (DBC match)
player:gnome-female:face:1,player:gnome-female:face:1,players,0,0,-1,-1,face,NONE,Character\Gnome\Female\GnomeFemaleSkin00_00.blp,Character\Gnome\Female\GnomeFemaleSkin00_00.blp,texture.MPQ,false,NONE,NONE,false,NONE,,Character\Gnome\Female\GnomeFemale.m2,patch.MPQ,7,1,0,1,0,0,0,,0:0;0:2;4:1;7:2;13:1;15:1,NONE,NONE,0,NONE,NONE,NONE,0,NONE,NONE,none-authored,NONE,1,skin=id2871@row3209/flags0x0|face=id2881@row3221/flags0x0|hair=id2911@row3251/flags0x0|facial=NONE,Ready,5776,142.8331,151.0442,hair style 0/0 -> geoset variant 2 (DBC match)
player:gnome-female:face:2,player:gnome-female:face:2,players,0,0,-1,-1,face,NONE,Character\Gnome\Female\GnomeFemaleSkin00_00.blp,Character\Gnome\Female\GnomeFemaleSkin00_00.blp,texture.MPQ,false,NONE,NONE,false,NONE,,Character\Gnome\Female\GnomeFemale.m2,patch.MPQ,7,1,0,2,0,0,0,,0:0;0:2;4:1;7:2;13:1;15:1,NONE,NONE,0,NONE,NONE,NONE,0,NONE,NONE,none-authored,NONE,1,skin=id2871@row3209/flags0x0|face=id2886@row3226/flags0x0|hair=id2911@row3251/flags0x0|facial=NONE,Ready,5776,142.3614,156.9028,hair style 0/0 -> geoset variant 2 (DBC match)
player:gnome-female:face:3,player:gnome-female:face:3,players,0,0,-1,-1,face,NONE,Character\Gnome\Female\GnomeFemaleSkin00_00.blp,Character\Gnome\Female\GnomeFemaleSkin00_00.blp,texture.MPQ,false,NONE,NONE,false,NONE,,Character\Gnome\Female\GnomeFemale.m2,patch.MPQ,7,1,0,3,0,0,0,,0:0;0:2;4:1;7:2;13:1;15:1,NONE,NONE,0,NONE,NONE,NONE,0,NONE,NONE,none-authored,NONE,1,skin=id2871@row3209/flags0x0|face=id2891@row3231/flags0x0|hair=id2911@row3251/flags0x0|facial=NONE,Ready,5776,142.4527,150.7178,hair style 0/0 -> geoset variant 2 (DBC match)
player:gnome-female:face:4,player:gnome-female:face:4,players,0,0,-1,-1,face,NONE,Character\Gnome\Female\GnomeFemaleSkin00_00.blp,Character\Gnome\Female\GnomeFemaleSkin00_00.blp,texture.MPQ,false,NONE,NONE,false,NONE,,Character\Gnome\Female\GnomeFemale.m2,patch.MPQ,7,1,0,4,0,0,0,,0:0;0:2;4:1;7:2;13:1;15:1,NONE,NONE,0,NONE,NONE,NONE,0,NONE,NONE,none-authored,NONE,1,skin=id2871@row3209/flags0x0|face=id2896@row3236/flags0x0|hair=id2911@row3251/flags0x0|facial=NONE,Ready,5776,142.5795,149.5278,hair style 0/0 -> geoset variant 2 (DBC match)
player:gnome-female:face:5,player:gnome-female:face:5,players,0,0,-1,-1,face,NONE,Character\Gnome\Female\GnomeFemaleSkin00_00.blp,Character\Gnome\Female\GnomeFemaleSkin00_00.blp,texture.MPQ,false,NONE,NONE,false,NONE,,Character\Gnome\Female\GnomeFemale.m2,patch.MPQ,7,1,0,5,0,0,0,,0:0;0:2;4:1;7:2;13:1;15:1,NONE,NONE,0,NONE,NONE,NONE,0,NONE,NONE,none-authored,NONE,1,skin=id2871@row3209/flags0x0|face=id2901@row3241/flags0x0|hair=id2911@row3251/flags0x0|facial=NONE,Ready,5776,142.5379,148.7322,hair style 0/0 -> geoset variant 2 (DBC match)
player:gnome-female:face:6,player:gnome-female:face:6,players,0,0,-1,-1,face,NONE,Character\Gnome\Female\GnomeFemaleSkin00_00.blp,Character\Gnome\Female\GnomeFemaleSkin00_00.blp,texture.MPQ,false,NONE,NONE,false,NONE,,Character\Gnome\Female\GnomeFemale.m2,patch.MPQ,7,1,0,6,0,0,0,,0:0;0:2;4:1;7:2;13:1;15:1,NONE,NONE,0,NONE,NONE,NONE,0,NONE,NONE,none-authored,NONE,1,skin=id2871@row3209/flags0x0|face=id2906@row3246/flags0x0|hair=id2911@row3251/flags0x0|facial=NONE,Ready,5776,142.111,158.6327,hair style 0/0 -> geoset variant 2 (DBC match)
player:gnome-female:hair-style:1,player:gnome-female:hair-style:1,players,0,0,-1,-1,hair-style,NONE,Character\Gnome\Female\GnomeFemaleSkin00_00.blp,Character\Gnome\Female\GnomeFemaleSkin00_00.blp,texture.MPQ,false,NONE,NONE,false,NONE,,Character\Gnome\Female\GnomeFemale.m2,patch.MPQ,7,1,0,0,1,0,0,,0:0;0:3;4:1;7:2;13:1;15:1,NONE,NONE,0,NONE,NONE,NONE,0,NONE,NONE,none-authored,NONE,1,skin=id2871@row3209/flags0x0|face=id2876@row3216/flags0x0|hair=id2920@row3260/flags0x0|facial=NONE,Ready,5859,137.8008,150.3433,hair style 1/0 -> geoset variant 3 (DBC match)
player:gnome-female:hair-style:2,player:gnome-female:hair-style:2,players,0,0,-1,-1,hair-style,NONE,Character\Gnome\Female\GnomeFemaleSkin00_00.blp,Character\Gnome\Female\GnomeFemaleSkin00_00.blp,texture.MPQ,false,NONE,NONE,false,NONE,,Character\Gnome\Female\GnomeFemale.m2,patch.MPQ,7,1,0,0,2,0,0,,0:0;0:4;4:1;7:2;13:1;15:1,NONE,NONE,0,NONE,NONE,NONE,0,NONE,NONE,none-authored,NONE,1,skin=id2871@row3209/flags0x0|face=id2876@row3216/flags0x0|hair=id2929@row3269/flags0x0|facial=NONE,Ready,6875,125.7144,150.5898,hair style 2/0 -> geoset variant 4 (DBC match)
player:gnome-female:hair-style:3,player:gnome-female:hair-style:3,players,0,0,-1,-1,hair-style,NONE,Character\Gnome\Female\GnomeFemaleSkin00_00.blp,Character\Gnome\Female\GnomeFemaleSkin00_00.blp,texture.MPQ,false,NONE,NONE,false,NONE,,Character\Gnome\Female\GnomeFemale.m2,patch.MPQ,7,1,0,0,3,0,0,,0:0;0:5;4:1;7:2;13:1;15:1,NONE,NONE,0,NONE,NONE,NONE,0,NONE,NONE,none-authored,NONE,1,skin=id2871@row3209/flags0x0|face=id2876@row3216/flags0x0|hair=id2938@row3278/flags0x0|facial=NONE,Ready,5406,146.6077,150.1976,hair style 3/0 -> geoset variant 5 (DBC match)
player:gnome-female:hair-style:4,player:gnome-female:hair-style:4,players,0,0,-1,-1,hair-style,NONE,Character\Gnome\Female\GnomeFemaleSkin00_00.blp,Character\Gnome\Female\GnomeFemaleSkin00_00.blp,texture.MPQ,false,NONE,NONE,false,NONE,,Character\Gnome\Female\GnomeFemale.m2,patch.MPQ,7,1,0,0,4,0,0,,0:0;0:6;4:1;7:2;13:1;15:1,NONE,NONE,0,NONE,NONE,NONE,0,NONE,NONE,none-authored,NONE,1,skin=id2871@row3209/flags0x0|face=id2876@row3216/flags0x0|hair=id2947@row3287/flags0x0|facial=NONE,Ready,5577,143.4568,149.6828,hair style 4/0 -> geoset variant 6 (DBC match)
player:gnome-female:hair-style:5,player:gnome-female:hair-style:5,players,0,0,-1,-1,hair-style,NONE,Character\Gnome\Female\GnomeFemaleSkin00_00.blp,Character\Gnome\Female\GnomeFemaleSkin00_00.blp,texture.MPQ,false,NONE,NONE,false,NONE,,Character\Gnome\Female\GnomeFemale.m2,patch.MPQ,7,1,0,0,5,0,0,,0:0;0:7;4:1;7:2;13:1;15:1,NONE,NONE,0,NONE,NONE,NONE,0,NONE,NONE,none-authored,NONE,1,skin=id2871@row3209/flags0x0|face=id2876@row3216/flags0x0|hair=id2956@row3296/flags0x0|facial=NONE,Ready,5579,144.8914,149.5348,hair style 5/0 -> geoset variant 7 (DBC match)
player:gnome-female:hair-style:6,player:gnome-female:hair-style:6,players,0,0,-1,-1,hair-style,NONE,Character\Gnome\Female\GnomeFemaleSkin00_00.blp,Character\Gnome\Female\GnomeFemaleSkin00_00.blp,texture.MPQ,false,NONE,NONE,false,NONE,,Character\Gnome\Female\GnomeFemale.m2,patch.MPQ,7,1,0,0,6,0,0,,0:0;0:8;4:1;7:2;13:1;15:1,NONE,NONE,0,NONE,NONE,NONE,0,NONE,NONE,none-authored,NONE,1,skin=id2871@row3209/flags0x0|face=id2876@row3216/flags0x0|hair=id2965@row3305/flags0x0|facial=NONE,Ready,5413,146.9065,151.4901,hair style 6/0 -> geoset variant 8 (DBC match)
player:gnome-female:hair-color:1,player:gnome-female:hair-color:1,players,0,0,-1,-1,hair-color,NONE,Character\Gnome\Female\GnomeFemaleSkin00_00.blp,Character\Gnome\Female\GnomeFemaleSkin00_00.blp,texture.MPQ,false,NONE,NONE,false,NONE,,Character\Gnome\Female\GnomeFemale.m2,patch.MPQ,7,1,0,0,0,1,0,,0:0;0:2;4:1;7:2;13:1;15:1,NONE,NONE,0,NONE,NONE,NONE,0,NONE,NONE,none-authored,NONE,1,skin=id2871@row3209/flags0x0|face=id2876@row3216/flags0x0|hair=id2912@row3252/flags0x0|facial=NONE,Ready,5776,139.4936,173.2664,hair style 0/1 -> geoset variant 2 (DBC match)
player:gnome-female:hair-color:2,player:gnome-female:hair-color:2,players,0,0,-1,-1,hair-color,NONE,Character\Gnome\Female\GnomeFemaleSkin00_00.blp,Character\Gnome\Female\GnomeFemaleSkin00_00.blp,texture.MPQ,false,NONE,NONE,false,NONE,,Character\Gnome\Female\GnomeFemale.m2,patch.MPQ,7,1,0,0,0,2,0,,0:0;0:2;4:1;7:2;13:1;15:1,NONE,NONE,0,NONE,NONE,NONE,0,NONE,NONE,none-authored,NONE,1,skin=id2871@row3209/flags0x0|face=id2876@row3216/flags0x0|hair=id2913@row3253/flags0x0|facial=NONE,Ready,5776,156.1964,150.2633,hair style 0/2 -> geoset variant 2 (DBC match)
player:gnome-female:hair-color:3,player:gnome-female:hair-color:3,players,0,0,-1,-1,hair-color,NONE,Character\Gnome\Female\GnomeFemaleSkin00_00.blp,Character\Gnome\Female\GnomeFemaleSkin00_00.blp,texture.MPQ,false,NONE,NONE,false,NONE,,Character\Gnome\Female\GnomeFemale.m2,patch.MPQ,7,1,0,0,0,3,0,,0:0;0:2;4:1;7:2;13:1;15:1,NONE,NONE,0,NONE,NONE,NONE,0,NONE,NONE,none-authored,NONE,1,skin=id2871@row3209/flags0x0|face=id2876@row3216/flags0x0|hair=id2914@row3254/flags0x0|facial=NONE,Ready,5776,157.2837,149.322,hair style 0/3 -> geoset variant 2 (DBC match)
player:gnome-female:hair-color:4,player:gnome-female:hair-color:4,players,0,0,-1,-1,hair-color,NONE,Character\Gnome\Female\GnomeFemaleSkin00_00.blp,Character\Gnome\Female\GnomeFemaleSkin00_00.blp,texture.MPQ,false,NONE,NONE,false,NONE,,Character\Gnome\Female\GnomeFemale.m2,patch.MPQ,7,1,0,0,0,4,0,,0:0;0:2;4:1;7:2;13:1;15:1,NONE,NONE,0,NONE,NONE,NONE,0,NONE,NONE,none-authored,NONE,1,skin=id2871@row3209/flags0x0|face=id2876@row3216/flags0x0|hair=id2915@row3255/flags0x0|facial=NONE,Ready,5776,154.1122,150.5241,hair style 0/4 -> geoset variant 2 (DBC match)
player:gnome-female:hair-color:5,player:gnome-female:hair-color:5,players,0,0,-1,-1,hair-color,NONE,Character\Gnome\Female\GnomeFemaleSkin00_00.blp,Character\Gnome\Female\GnomeFemaleSkin00_00.blp,texture.MPQ,false,NONE,NONE,false,NONE,,Character\Gnome\Female\GnomeFemale.m2,patch.MPQ,7,1,0,0,0,5,0,,0:0;0:2;4:1;7:2;13:1;15:1,NONE,NONE,0,NONE,NONE,NONE,0,NONE,NONE,none-authored,NONE,1,skin=id2871@row3209/flags0x0|face=id2876@row3216/flags0x0|hair=id2916@row3256/flags0x0|facial=NONE,Ready,5776,147.8375,148.6289,hair style 0/5 -> geoset variant 2 (DBC match)
player:gnome-female:hair-color:6,player:gnome-female:hair-color:6,players,0,0,-1,-1,hair-color,NONE,Character\Gnome\Female\GnomeFemaleSkin00_00.blp,Character\Gnome\Female\GnomeFemaleSkin00_00.blp,texture.MPQ,false,NONE,NONE,false,NONE,,Character\Gnome\Female\GnomeFemale.m2,patch.MPQ,7,1,0,0,0,6,0,,0:0;0:2;4:1;7:2;13:1;15:1,NONE,NONE,0,NONE,NONE,NONE,0,NONE,NONE,none-authored,NONE,1,skin=id2871@row3209/flags0x0|face=id2876@row3216/flags0x0|hair=id2917@row3257/flags0x0|facial=NONE,Ready,5776,155.927,151.3529,hair style 0/6 -> geoset variant 2 (DBC match)
player:gnome-female:hair-color:7,player:gnome-female:hair-color:7,players,0,0,-1,-1,hair-color,NONE,Character\Gnome\Female\GnomeFemaleSkin00_00.blp,Character\Gnome\Female\GnomeFemaleSkin00_00.blp,texture.MPQ,false,NONE,NONE,false,NONE,,Character\Gnome\Female\GnomeFemale.m2,patch.MPQ,7,1,0,0,0,7,0,,0:0;0:2;4:1;7:2;13:1;15:1,NONE,NONE,0,NONE,NONE,NONE,0,NONE,NONE,none-authored,NONE,1,skin=id2871@row3209/flags0x0|face=id2876@row3216/flags0x0|hair=id2918@row3258/flags0x0|facial=NONE,Ready,5776,148.7535,157.0269,hair style 0/7 -> geoset variant 2 (DBC match)
player:gnome-female:hair-color:8,player:gnome-female:hair-color:8,players,0,0,-1,-1,hair-color,NONE,Character\Gnome\Female\GnomeFemaleSkin00_00.blp,Character\Gnome\Female\GnomeFemaleSkin00_00.blp,texture.MPQ,false,NONE,NONE,false,NONE,,Character\Gnome\Female\GnomeFemale.m2,patch.MPQ,7,1,0,0,0,8,0,,0:0;0:2;4:1;7:2;13:1;15:1,NONE,NONE,0,NONE,NONE,NONE,0,NONE,NONE,none-authored,NONE,1,skin=id2871@row3209/flags0x0|face=id2876@row3216/flags0x0|hair=id2919@row3259/flags0x0|facial=NONE,Ready,5776,155.8759,150.7462,hair style 0/8 -> geoset variant 2 (DBC match)
player:gnome-female:facial-hair:1,player:gnome-female:facial-hair:1,players,0,0,-1,-1,facial-hair,NONE,Character\Gnome\Female\GnomeFemaleSkin00_00.blp,Character\Gnome\Female\GnomeFemaleSkin00_00.blp,texture.MPQ,false,NONE,NONE,false,NONE,,Character\Gnome\Female\GnomeFemale.m2,patch.MPQ,7,1,0,0,0,0,1,,0:0;0:2;4:1;7:2;13:1;15:1,NONE,NONE,0,NONE,NONE,NONE,0,NONE,NONE,none-authored,NONE,1,skin=id2871@row3209/flags0x0|face=id2876@row3216/flags0x0|hair=id2911@row3251/flags0x0|facial=NONE,Ready,5776,142.0149,151.1741,hair style 0/0 -> geoset variant 2 (DBC match)
player:gnome-female:facial-hair:2,player:gnome-female:facial-hair:2,players,0,0,-1,-1,facial-hair,NONE,Character\Gnome\Female\GnomeFemaleSkin00_00.blp,Character\Gnome\Female\GnomeFemaleSkin00_00.blp,texture.MPQ,false,NONE,NONE,false,NONE,,Character\Gnome\Female\GnomeFemale.m2,patch.MPQ,7,1,0,0,0,0,2,,0:0;0:2;4:1;7:2;13:1;15:1,NONE,NONE,0,NONE,NONE,NONE,0,NONE,NONE,none-authored,NONE,1,skin=id2871@row3209/flags0x0|face=id2876@row3216/flags0x0|hair=id2911@row3251/flags0x0|facial=NONE,Ready,5776,142.0149,150.5877,hair style 0/0 -> geoset variant 2 (DBC match)
player:gnome-female:facial-hair:3,player:gnome-female:facial-hair:3,players,0,0,-1,-1,facial-hair,NONE,Character\Gnome\Female\GnomeFemaleSkin00_00.blp,Character\Gnome\Female\GnomeFemaleSkin00_00.blp,texture.MPQ,false,NONE,NONE,false,NONE,,Character\Gnome\Female\GnomeFemale.m2,patch.MPQ,7,1,0,0,0,0,3,,0:0;0:2;4:1;7:2;13:1;15:1,NONE,NONE,0,NONE,NONE,NONE,0,NONE,NONE,none-authored,NONE,1,skin=id2871@row3209/flags0x0|face=id2876@row3216/flags0x0|hair=id2911@row3251/flags0x0|facial=NONE,Ready,5776,142.0149,148.925,hair style 0/0 -> geoset variant 2 (DBC match)
player:gnome-female:facial-hair:4,player:gnome-female:facial-hair:4,players,0,0,-1,-1,facial-hair,NONE,Character\Gnome\Female\GnomeFemaleSkin00_00.blp,Character\Gnome\Female\GnomeFemaleSkin00_00.blp,texture.MPQ,false,NONE,NONE,false,NONE,,Character\Gnome\Female\GnomeFemale.m2,patch.MPQ,7,1,0,0,0,0,4,,0:0;0:2;4:1;7:2;13:1;15:1,NONE,NONE,0,NONE,NONE,NONE,0,NONE,NONE,none-authored,NONE,1,skin=id2871@row3209/flags0x0|face=id2876@row3216/flags0x0|hair=id2911@row3251/flags0x0|facial=NONE,Ready,5776,142.0149,150.2002,hair style 0/0 -> geoset variant 2 (DBC match)
player:gnome-female:facial-hair:5,player:gnome-female:facial-hair:5,players,0,0,-1,-1,facial-hair,NONE,Character\Gnome\Female\GnomeFemaleSkin00_00.blp,Character\Gnome\Female\GnomeFemaleSkin00_00.blp,texture.MPQ,false,NONE,NONE,false,NONE,,Character\Gnome\Female\GnomeFemale.m2,patch.MPQ,7,1,0,0,0,0,5,,0:0;0:2;4:1;7:2;13:1;15:1,NONE,NONE,0,NONE,NONE,NONE,0,NONE,NONE,none-authored,NONE,1,skin=id2871@row3209/flags0x0|face=id2876@row3216/flags0x0|hair=id2911@row3251/flags0x0|facial=NONE,Ready,5776,142.0149,159.8686,hair style 0/0 -> geoset variant 2 (DBC match)
player:gnome-female:facial-hair:6,player:gnome-female:facial-hair:6,players,0,0,-1,-1,facial-hair,NONE,Character\Gnome\Female\GnomeFemaleSkin00_00.blp,Character\Gnome\Female\GnomeFemaleSkin00_00.blp,texture.MPQ,false,NONE,NONE,false,NONE,,Character\Gnome\Female\GnomeFemale.m2,patch.MPQ,7,1,0,0,0,0,6,,0:0;0:2;4:1;7:2;13:1;15:1,NONE,NONE,0,NONE,NONE,NONE,0,NONE,NONE,none-authored,NONE,1,skin=id2871@row3209/flags0x0|face=id2876@row3216/flags0x0|hair=id2911@row3251/flags0x0|facial=NONE,Ready,5776,142.0149,161.0045,hair style 0/0 -> geoset variant 2 (DBC match)
player:troll-male:base,player:troll-male:base,players,0,0,-1,-1,base,NONE,Character\Troll\Male\TrollMaleSkin00_00.blp,Character\Troll\Male\TrollMaleSkin00_00.blp,texture.MPQ,false,NONE,NONE,false,NONE,,Character\Troll\Male\TrollMale.m2,patch.MPQ,8,0,0,0,0,0,0,,0:0;0:1;4:1;5:1;7:2;13:1;15:1,NONE,NONE,0,NONE,NONE,NONE,0,NONE,NONE,none-authored,NONE,1,skin=id4217@row3319/flags0x0|face=id3003@row3334/flags0x0|hair=id3108@row3474/flags0x0|hair-substitute=id3033@row3484/flags0x0|facial=id4577@row3364/flags0x0,Ready,27498,100.2332,165.2353,hair style 0/0 -> geoset variant 1 (fallback - may not cover the scalp)
player:troll-male:skin:1,player:troll-male:skin:1,players,0,0,-1,-1,skin,NONE,Character\Troll\Male\TrollMaleSkin00_01.blp,Character\Troll\Male\TrollMaleSkin00_01.blp,texture.MPQ,false,NONE,NONE,false,NONE,,Character\Troll\Male\TrollMale.m2,patch.MPQ,8,0,1,0,0,0,0,,0:0;0:1;4:1;5:1;7:2;13:1;15:1,NONE,NONE,0,NONE,NONE,NONE,0,NONE,NONE,none-authored,NONE,1,skin=id4218@row3320/flags0x0|face=id3004@row3335/flags0x0|hair=id3108@row3474/flags0x0|hair-substitute=id3033@row3484/flags0x0|facial=id4577@row3364/flags0x0,Ready,27498,97.7212,151.453,hair style 0/0 -> geoset variant 1 (fallback - may not cover the scalp)
player:troll-male:skin:2,player:troll-male:skin:2,players,0,0,-1,-1,skin,NONE,Character\Troll\Male\TrollMaleSkin00_02.blp,Character\Troll\Male\TrollMaleSkin00_02.blp,texture.MPQ,false,NONE,NONE,false,NONE,,Character\Troll\Male\TrollMale.m2,patch.MPQ,8,0,2,0,0,0,0,,0:0;0:1;4:1;5:1;7:2;13:1;15:1,NONE,NONE,0,NONE,NONE,NONE,0,NONE,NONE,none-authored,NONE,1,skin=id4219@row3321/flags0x0|face=id3005@row3336/flags0x0|hair=id3108@row3474/flags0x0|hair-substitute=id3033@row3484/flags0x0|facial=id4577@row3364/flags0x0,Ready,27498,96.7103,149.994,hair style 0/0 -> geoset variant 1 (fallback - may not cover the scalp)
player:troll-male:skin:3,player:troll-male:skin:3,players,0,0,-1,-1,skin,NONE,Character\Troll\Male\TrollMaleSkin00_03.blp,Character\Troll\Male\TrollMaleSkin00_03.blp,texture.MPQ,false,NONE,NONE,false,NONE,,Character\Troll\Male\TrollMale.m2,patch.MPQ,8,0,3,0,0,0,0,,0:0;0:1;4:1;5:1;7:2;13:1;15:1,NONE,NONE,0,NONE,NONE,NONE,0,NONE,NONE,none-authored,NONE,1,skin=id4220@row3322/flags0x0|face=id3006@row3337/flags0x0|hair=id3108@row3474/flags0x0|hair-substitute=id3033@row3484/flags0x0|facial=id4577@row3364/flags0x0,Ready,27498,114.3485,152.1115,hair style 0/0 -> geoset variant 1 (fallback - may not cover the scalp)
player:troll-male:skin:4,player:troll-male:skin:4,players,0,0,-1,-1,skin,NONE,Character\Troll\Male\TrollMaleSkin00_04.blp,Character\Troll\Male\TrollMaleSkin00_04.blp,texture.MPQ,false,NONE,NONE,false,NONE,,Character\Troll\Male\TrollMale.m2,patch.MPQ,8,0,4,0,0,0,0,,0:0;0:1;4:1;5:1;7:2;13:1;15:1,NONE,NONE,0,NONE,NONE,NONE,0,NONE,NONE,none-authored,NONE,1,skin=id4221@row3323/flags0x0|face=id3007@row3338/flags0x0|hair=id3108@row3474/flags0x0|hair-substitute=id3033@row3484/flags0x0|facial=id4577@row3364/flags0x0,Ready,27498,114.1406,151.8779,hair style 0/0 -> geoset variant 1 (fallback - may not cover the scalp)
player:troll-male:skin:5,player:troll-male:skin:5,players,0,0,-1,-1,skin,NONE,Character\Troll\Male\TrollMaleSkin00_05.blp,Character\Troll\Male\TrollMaleSkin00_05.blp,texture.MPQ,false,NONE,NONE,false,NONE,,Character\Troll\Male\TrollMale.m2,patch.MPQ,8,0,5,0,0,0,0,,0:0;0:1;4:1;5:1;7:2;13:1;15:1,NONE,NONE,0,NONE,NONE,NONE,0,NONE,NONE,none-authored,NONE,1,skin=id4222@row3324/flags0x0|face=id3008@row3339/flags0x0|hair=id3108@row3474/flags0x0|hair-substitute=id3033@row3484/flags0x0|facial=id4577@row3364/flags0x0,Ready,27498,99.591,153.0843,hair style 0/0 -> geoset variant 1 (fallback - may not cover the scalp)
player:troll-male:skin:6,player:troll-male:skin:6,players,0,0,-1,-1,skin,NONE,Character\Troll\Male\TrollMaleSkin00_106.blp,Character\Troll\Male\TrollMaleSkin00_106.blp,texture.MPQ,false,NONE,NONE,false,NONE,,Character\Troll\Male\TrollMale.m2,patch.MPQ,8,0,6,0,0,0,0,,0:0;0:1;4:1;5:1;7:2;13:1;15:1,NONE,NONE,0,NONE,NONE,NONE,0,NONE,NONE,none-authored,NONE,0,skin=id4229@row3331/flags0x1|face=NONE|hair=id3108@row3474/flags0x0|hair-substitute=id3033@row3484/flags0x0|facial=id4577@row3364/flags0x0,Ready,27498,114.0604,159.0502,hair style 0/0 -> geoset variant 1 (fallback - may not cover the scalp)
player:troll-male:skin:7,player:troll-male:skin:7,players,0,0,-1,-1,skin,NONE,Character\Troll\Male\TrollMaleSkin00_107.blp,Character\Troll\Male\TrollMaleSkin00_107.blp,texture.MPQ,false,NONE,NONE,false,NONE,,Character\Troll\Male\TrollMale.m2,patch.MPQ,8,0,7,0,0,0,0,,0:0;0:1;4:1;5:1;7:2;13:1;15:1,NONE,NONE,0,NONE,NONE,NONE,0,NONE,NONE,none-authored,NONE,0,skin=id4230@row3332/flags0x1|face=NONE|hair=id3108@row3474/flags0x0|hair-substitute=id3033@row3484/flags0x0|facial=id4577@row3364/flags0x0,Ready,27498,92.749,154.0388,hair style 0/0 -> geoset variant 1 (fallback - may not cover the scalp)
player:troll-male:skin:8,player:troll-male:skin:8,players,0,0,-1,-1,skin,NONE,Character\Troll\Male\TrollMaleSkin00_108.blp,Character\Troll\Male\TrollMaleSkin00_108.blp,texture.MPQ,false,NONE,NONE,false,NONE,,Character\Troll\Male\TrollMale.m2,patch.MPQ,8,0,8,0,0,0,0,,0:0;0:1;4:1;5:1;7:2;13:1;15:1,NONE,NONE,0,NONE,NONE,NONE,0,NONE,NONE,none-authored,NONE,0,skin=id4231@row3333/flags0x1|face=NONE|hair=id3108@row3474/flags0x0|hair-substitute=id3033@row3484/flags0x0|facial=id4577@row3364/flags0x0,Ready,27498,90.0414,151.8993,hair style 0/0 -> geoset variant 1 (fallback - may not cover the scalp)
player:troll-male:face:1,player:troll-male:face:1,players,0,0,-1,-1,face,NONE,Character\Troll\Male\TrollMaleSkin00_00.blp,Character\Troll\Male\TrollMaleSkin00_00.blp,texture.MPQ,false,NONE,NONE,false,NONE,,Character\Troll\Male\TrollMale.m2,patch.MPQ,8,0,0,1,0,0,0,,0:0;0:1;4:1;5:1;7:2;13:1;15:1,NONE,NONE,0,NONE,NONE,NONE,0,NONE,NONE,none-authored,NONE,1,skin=id4217@row3319/flags0x0|face=id3009@row3340/flags0x0|hair=id3108@row3474/flags0x0|hair-substitute=id3033@row3484/flags0x0|facial=id4577@row3364/flags0x0,Ready,27498,100.1801,151.9876,hair style 0/0 -> geoset variant 1 (fallback - may not cover the scalp)
player:troll-male:face:2,player:troll-male:face:2,players,0,0,-1,-1,face,NONE,Character\Troll\Male\TrollMaleSkin00_00.blp,Character\Troll\Male\TrollMaleSkin00_00.blp,texture.MPQ,false,NONE,NONE,false,NONE,,Character\Troll\Male\TrollMale.m2,patch.MPQ,8,0,0,2,0,0,0,,0:0;0:1;4:1;5:1;7:2;13:1;15:1,NONE,NONE,0,NONE,NONE,NONE,0,NONE,NONE,none-authored,NONE,1,skin=id4217@row3319/flags0x0|face=id3015@row3346/flags0x0|hair=id3108@row3474/flags0x0|hair-substitute=id3033@row3484/flags0x0|facial=id4577@row3364/flags0x0,Ready,27498,100.2302,3120.0293,hair style 0/0 -> geoset variant 1 (fallback - may not cover the scalp)
player:troll-male:face:3,player:troll-male:face:3,players,0,0,-1,-1,face,NONE,Character\Troll\Male\TrollMaleSkin00_00.blp,Character\Troll\Male\TrollMaleSkin00_00.blp,texture.MPQ,false,NONE,NONE,false,NONE,,Character\Troll\Male\TrollMale.m2,patch.MPQ,8,0,0,3,0,0,0,,0:0;0:1;4:1;5:1;7:2;13:1;15:1,NONE,NONE,0,NONE,NONE,NONE,0,NONE,NONE,none-authored,NONE,1,skin=id4217@row3319/flags0x0|face=id3021@row3352/flags0x0|hair=id3108@row3474/flags0x0|hair-substitute=id3033@row3484/flags0x0|facial=id4577@row3364/flags0x0,Ready,27498,100.1497,151.7879,hair style 0/0 -> geoset variant 1 (fallback - may not cover the scalp)
player:troll-male:face:4,player:troll-male:face:4,players,0,0,-1,-1,face,NONE,Character\Troll\Male\TrollMaleSkin00_00.blp,Character\Troll\Male\TrollMaleSkin00_00.blp,texture.MPQ,false,NONE,NONE,false,NONE,,Character\Troll\Male\TrollMale.m2,patch.MPQ,8,0,0,4,0,0,0,,0:0;0:1;4:1;5:1;7:2;13:1;15:1,NONE,NONE,0,NONE,NONE,NONE,0,NONE,NONE,none-authored,NONE,1,skin=id4217@row3319/flags0x0|face=id3027@row3358/flags0x0|hair=id3108@row3474/flags0x0|hair-substitute=id3033@row3484/flags0x0|facial=id4577@row3364/flags0x0,Ready,27498,100.117,153.0882,hair style 0/0 -> geoset variant 1 (fallback - may not cover the scalp)
player:troll-male:hair-style:1,player:troll-male:hair-style:1,players,0,0,-1,-1,hair-style,NONE,Character\Troll\Male\TrollMaleSkin00_00.blp,Character\Troll\Male\TrollMaleSkin00_00.blp,texture.MPQ,false,NONE,NONE,false,NONE,,Character\Troll\Male\TrollMale.m2,patch.MPQ,8,0,0,0,1,0,0,,0:0;0:2;4:1;5:1;7:2;13:1;15:1,NONE,NONE,0,NONE,NONE,NONE,0,NONE,NONE,none-authored,NONE,1,skin=id4217@row3319/flags0x0|face=id3003@row3334/flags0x0|hair=id3033@row3484/flags0x0|facial=id4577@row3364/flags0x0,Ready,27779,96.8494,153.7211,hair style 1/0 -> geoset variant 2 (DBC match)
player:troll-male:hair-style:2,player:troll-male:hair-style:2,players,0,0,-1,-1,hair-style,NONE,Character\Troll\Male\TrollMaleSkin00_00.blp,Character\Troll\Male\TrollMaleSkin00_00.blp,texture.MPQ,false,NONE,NONE,false,NONE,,Character\Troll\Male\TrollMale.m2,patch.MPQ,8,0,0,0,2,0,0,,0:0;0:3;4:1;5:1;7:2;13:1;15:1,NONE,NONE,0,NONE,NONE,NONE,0,NONE,NONE,none-authored,NONE,1,skin=id4217@row3319/flags0x0|face=id3003@row3334/flags0x0|hair=id3073@row3494/flags0x0|facial=id4577@row3364/flags0x0,Ready,29117,96.9639,161.2451,hair style 2/0 -> geoset variant 3 (DBC match)
player:troll-male:hair-style:3,player:troll-male:hair-style:3,players,0,0,-1,-1,hair-style,NONE,Character\Troll\Male\TrollMaleSkin00_00.blp,Character\Troll\Male\TrollMaleSkin00_00.blp,texture.MPQ,false,NONE,NONE,false,NONE,,Character\Troll\Male\TrollMale.m2,patch.MPQ,8,0,0,0,3,0,0,,0:0;0:4;4:1;5:1;7:2;13:1;15:1,NONE,NONE,0,NONE,NONE,NONE,0,NONE,NONE,none-authored,NONE,1,skin=id4217@row3319/flags0x0|face=id3003@row3334/flags0x0|hair=id3043@row3504/flags0x0|facial=id4577@row3364/flags0x0,Ready,29440,96.852,152.4773,hair style 3/0 -> geoset variant 4 (DBC match)
player:troll-male:hair-style:4,player:troll-male:hair-style:4,players,0,0,-1,-1,hair-style,NONE,Character\Troll\Male\TrollMaleSkin00_00.blp,Character\Troll\Male\TrollMaleSkin00_00.blp,texture.MPQ,false,NONE,NONE,false,NONE,,Character\Troll\Male\TrollMale.m2,patch.MPQ,8,0,0,0,4,0,0,,0:0;0:5;4:1;5:1;7:2;13:1;15:1,NONE,NONE,0,NONE,NONE,NONE,0,NONE,NONE,none-authored,NONE,1,skin=id4217@row3319/flags0x0|face=id3003@row3334/flags0x0|hair=id3083@row3514/flags0x0|facial=id4577@row3364/flags0x0,Ready,28008,99.3546,153.567,hair style 4/0 -> geoset variant 5 (DBC match)
player:troll-male:hair-style:5,player:troll-male:hair-style:5,players,0,0,-1,-1,hair-style,NONE,Character\Troll\Male\TrollMaleSkin00_00.blp,Character\Troll\Male\TrollMaleSkin00_00.blp,texture.MPQ,false,NONE,NONE,false,NONE,,Character\Troll\Male\TrollMale.m2,patch.MPQ,8,0,0,0,5,0,0,,0:0;0:6;4:1;5:1;7:2;13:1;15:1,NONE,NONE,0,NONE,NONE,NONE,0,NONE,NONE,none-authored,NONE,1,skin=id4217@row3319/flags0x0|face=id3003@row3334/flags0x0|hair=id3053@row3524/flags0x0|facial=id4577@row3364/flags0x0,Ready,27753,97.6718,153.4538,hair style 5/0 -> geoset variant 6 (DBC match)
player:troll-male:hair-color:1,player:troll-male:hair-color:1,players,0,0,-1,-1,hair-color,NONE,Character\Troll\Male\TrollMaleSkin00_00.blp,Character\Troll\Male\TrollMaleSkin00_00.blp,texture.MPQ,false,NONE,NONE,false,NONE,,Character\Troll\Male\TrollMale.m2,patch.MPQ,8,0,0,0,0,1,0,,0:0;0:1;4:1;5:1;7:2;13:1;15:1,NONE,NONE,0,NONE,NONE,NONE,0,NONE,NONE,none-authored,NONE,1,skin=id4217@row3319/flags0x0|face=id3003@row3334/flags0x0|hair=id3109@row3475/flags0x0|hair-substitute=id3034@row3485/flags0x0|facial=id4578@row3365/flags0x0,Ready,27498,100.2332,152.9727,hair style 0/1 -> geoset variant 1 (fallback - may not cover the scalp)
player:troll-male:hair-color:2,player:troll-male:hair-color:2,players,0,0,-1,-1,hair-color,NONE,Character\Troll\Male\TrollMaleSkin00_00.blp,Character\Troll\Male\TrollMaleSkin00_00.blp,texture.MPQ,false,NONE,NONE,false,NONE,,Character\Troll\Male\TrollMale.m2,patch.MPQ,8,0,0,0,0,2,0,,0:0;0:1;4:1;5:1;7:2;13:1;15:1,NONE,NONE,0,NONE,NONE,NONE,0,NONE,NONE,none-authored,NONE,1,skin=id4217@row3319/flags0x0|face=id3003@row3334/flags0x0|hair=id3110@row3476/flags0x0|hair-substitute=id3035@row3486/flags0x0|facial=id4579@row3366/flags0x0,Ready,27498,100.2332,151.7521,hair style 0/2 -> geoset variant 1 (fallback - may not cover the scalp)
player:troll-male:hair-color:3,player:troll-male:hair-color:3,players,0,0,-1,-1,hair-color,NONE,Character\Troll\Male\TrollMaleSkin00_00.blp,Character\Troll\Male\TrollMaleSkin00_00.blp,texture.MPQ,false,NONE,NONE,false,NONE,,Character\Troll\Male\TrollMale.m2,patch.MPQ,8,0,0,0,0,3,0,,0:0;0:1;4:1;5:1;7:2;13:1;15:1,NONE,NONE,0,NONE,NONE,NONE,0,NONE,NONE,none-authored,NONE,1,skin=id4217@row3319/flags0x0|face=id3003@row3334/flags0x0|hair=id3111@row3477/flags0x0|hair-substitute=id3036@row3487/flags0x0|facial=id4580@row3367/flags0x0,Ready,27498,100.2332,158.6177,hair style 0/3 -> geoset variant 1 (fallback - may not cover the scalp)
player:troll-male:hair-color:4,player:troll-male:hair-color:4,players,0,0,-1,-1,hair-color,NONE,Character\Troll\Male\TrollMaleSkin00_00.blp,Character\Troll\Male\TrollMaleSkin00_00.blp,texture.MPQ,false,NONE,NONE,false,NONE,,Character\Troll\Male\TrollMale.m2,patch.MPQ,8,0,0,0,0,4,0,,0:0;0:1;4:1;5:1;7:2;13:1;15:1,NONE,NONE,0,NONE,NONE,NONE,0,NONE,NONE,none-authored,NONE,1,skin=id4217@row3319/flags0x0|face=id3003@row3334/flags0x0|hair=id3112@row3478/flags0x0|hair-substitute=id3037@row3488/flags0x0|facial=id4581@row3368/flags0x0,Ready,27498,100.2332,153.1574,hair style 0/4 -> geoset variant 1 (fallback - may not cover the scalp)
player:troll-male:hair-color:5,player:troll-male:hair-color:5,players,0,0,-1,-1,hair-color,NONE,Character\Troll\Male\TrollMaleSkin00_00.blp,Character\Troll\Male\TrollMaleSkin00_00.blp,texture.MPQ,false,NONE,NONE,false,NONE,,Character\Troll\Male\TrollMale.m2,patch.MPQ,8,0,0,0,0,5,0,,0:0;0:1;4:1;5:1;7:2;13:1;15:1,NONE,NONE,0,NONE,NONE,NONE,0,NONE,NONE,none-authored,NONE,1,skin=id4217@row3319/flags0x0|face=id3003@row3334/flags0x0|hair=id3113@row3479/flags0x0|hair-substitute=id3038@row3489/flags0x0|facial=id4582@row3369/flags0x0,Ready,27498,100.2332,153.0263,hair style 0/5 -> geoset variant 1 (fallback - may not cover the scalp)
player:troll-male:hair-color:6,player:troll-male:hair-color:6,players,0,0,-1,-1,hair-color,NONE,Character\Troll\Male\TrollMaleSkin00_00.blp,Character\Troll\Male\TrollMaleSkin00_00.blp,texture.MPQ,false,NONE,NONE,false,NONE,,Character\Troll\Male\TrollMale.m2,patch.MPQ,8,0,0,0,0,6,0,,0:0;0:1;4:1;5:1;7:2;13:1;15:1,NONE,NONE,0,NONE,NONE,NONE,0,NONE,NONE,none-authored,NONE,1,skin=id4217@row3319/flags0x0|face=id3003@row3334/flags0x0|hair=id3114@row3480/flags0x0|hair-substitute=id3039@row3490/flags0x0|facial=id4583@row3370/flags0x0,Ready,27498,100.2332,152.8866,hair style 0/6 -> geoset variant 1 (fallback - may not cover the scalp)
player:troll-male:hair-color:7,player:troll-male:hair-color:7,players,0,0,-1,-1,hair-color,NONE,Character\Troll\Male\TrollMaleSkin00_00.blp,Character\Troll\Male\TrollMaleSkin00_00.blp,texture.MPQ,false,NONE,NONE,false,NONE,,Character\Troll\Male\TrollMale.m2,patch.MPQ,8,0,0,0,0,7,0,,0:0;0:1;4:1;5:1;7:2;13:1;15:1,NONE,NONE,0,NONE,NONE,NONE,0,NONE,NONE,none-authored,NONE,1,skin=id4217@row3319/flags0x0|face=id3003@row3334/flags0x0|hair=id3115@row3481/flags0x0|hair-substitute=id3040@row3491/flags0x0|facial=id4584@row3371/flags0x0,Ready,27498,100.2332,154.4095,hair style 0/7 -> geoset variant 1 (fallback - may not cover the scalp)
player:troll-male:hair-color:8,player:troll-male:hair-color:8,players,0,0,-1,-1,hair-color,NONE,Character\Troll\Male\TrollMaleSkin00_00.blp,Character\Troll\Male\TrollMaleSkin00_00.blp,texture.MPQ,false,NONE,NONE,false,NONE,,Character\Troll\Male\TrollMale.m2,patch.MPQ,8,0,0,0,0,8,0,,0:0;0:1;4:1;5:1;7:2;13:1;15:1,NONE,NONE,0,NONE,NONE,NONE,0,NONE,NONE,none-authored,NONE,1,skin=id4217@row3319/flags0x0|face=id3003@row3334/flags0x0|hair=id3116@row3482/flags0x0|hair-substitute=id3041@row3492/flags0x0|facial=id4585@row3372/flags0x0,Ready,27498,100.2332,159.762,hair style 0/8 -> geoset variant 1 (fallback - may not cover the scalp)
player:troll-male:hair-color:9,player:troll-male:hair-color:9,players,0,0,-1,-1,hair-color,NONE,Character\Troll\Male\TrollMaleSkin00_00.blp,Character\Troll\Male\TrollMaleSkin00_00.blp,texture.MPQ,false,NONE,NONE,false,NONE,,Character\Troll\Male\TrollMale.m2,patch.MPQ,8,0,0,0,0,9,0,,0:0;0:1;4:1;5:1;7:2;13:1;15:1,NONE,NONE,0,NONE,NONE,NONE,0,NONE,NONE,none-authored,NONE,1,skin=id4217@row3319/flags0x0|face=id3003@row3334/flags0x0|hair=id3117@row3483/flags0x0|hair-substitute=id3042@row3493/flags0x0|facial=id4586@row3373/flags0x0,Ready,27498,100.2332,151.6479,hair style 0/9 -> geoset variant 1 (fallback - may not cover the scalp)
player:troll-male:facial-hair:1,player:troll-male:facial-hair:1,players,0,0,-1,-1,facial-hair,NONE,Character\Troll\Male\TrollMaleSkin00_00.blp,Character\Troll\Male\TrollMaleSkin00_00.blp,texture.MPQ,false,NONE,NONE,false,NONE,,Character\Troll\Male\TrollMale.m2,patch.MPQ,8,0,0,0,0,0,1,,0:0;0:1;4:1;5:1;7:2;13:1;15:1,NONE,NONE,0,NONE,NONE,NONE,0,NONE,NONE,none-authored,NONE,1,skin=id4217@row3319/flags0x0|face=id3003@row3334/flags0x0|hair=id3108@row3474/flags0x0|hair-substitute=id3033@row3484/flags0x0|facial=id4587@row3374/flags0x0,Ready,27498,100.2332,158.887,hair style 0/0 -> geoset variant 1 (fallback - may not cover the scalp)
player:troll-male:facial-hair:2,player:troll-male:facial-hair:2,players,0,0,-1,-1,facial-hair,NONE,Character\Troll\Male\TrollMaleSkin00_00.blp,Character\Troll\Male\TrollMaleSkin00_00.blp,texture.MPQ,false,NONE,NONE,false,NONE,,Character\Troll\Male\TrollMale.m2,patch.MPQ,8,0,0,0,0,0,2,,0:0;0:1;4:1;5:1;7:2;13:1;15:1,NONE,NONE,0,NONE,NONE,NONE,0,NONE,NONE,none-authored,NONE,1,skin=id4217@row3319/flags0x0|face=id3003@row3334/flags0x0|hair=id3108@row3474/flags0x0|hair-substitute=id3033@row3484/flags0x0|facial=id4597@row3384/flags0x0,Ready,27498,100.2332,153.2773,hair style 0/0 -> geoset variant 1 (fallback - may not cover the scalp)
player:troll-male:facial-hair:3,player:troll-male:facial-hair:3,players,0,0,-1,-1,facial-hair,NONE,Character\Troll\Male\TrollMaleSkin00_00.blp,Character\Troll\Male\TrollMaleSkin00_00.blp,texture.MPQ,false,NONE,NONE,false,NONE,,Character\Troll\Male\TrollMale.m2,patch.MPQ,8,0,0,0,0,0,3,,0:0;0:1;4:1;5:1;7:2;13:1;15:1,NONE,NONE,0,NONE,NONE,NONE,0,NONE,NONE,none-authored,NONE,1,skin=id4217@row3319/flags0x0|face=id3003@row3334/flags0x0|hair=id3108@row3474/flags0x0|hair-substitute=id3033@row3484/flags0x0|facial=id4607@row3394/flags0x0,Ready,27498,100.2332,150.6341,hair style 0/0 -> geoset variant 1 (fallback - may not cover the scalp)
player:troll-male:facial-hair:4,player:troll-male:facial-hair:4,players,0,0,-1,-1,facial-hair,NONE,Character\Troll\Male\TrollMaleSkin00_00.blp,Character\Troll\Male\TrollMaleSkin00_00.blp,texture.MPQ,false,NONE,NONE,false,NONE,,Character\Troll\Male\TrollMale.m2,patch.MPQ,8,0,0,0,0,0,4,,0:0;0:1;4:1;5:1;7:2;13:1;15:1,NONE,NONE,0,NONE,NONE,NONE,0,NONE,NONE,none-authored,NONE,1,skin=id4217@row3319/flags0x0|face=id3003@row3334/flags0x0|hair=id3108@row3474/flags0x0|hair-substitute=id3033@row3484/flags0x0|facial=id4617@row3404/flags0x0,Ready,27498,100.2332,153.1302,hair style 0/0 -> geoset variant 1 (fallback - may not cover the scalp)
player:troll-male:facial-hair:5,player:troll-male:facial-hair:5,players,0,0,-1,-1,facial-hair,NONE,Character\Troll\Male\TrollMaleSkin00_00.blp,Character\Troll\Male\TrollMaleSkin00_00.blp,texture.MPQ,false,NONE,NONE,false,NONE,,Character\Troll\Male\TrollMale.m2,patch.MPQ,8,0,0,0,0,0,5,,0:0;0:1;4:1;5:1;7:2;13:1;15:1,NONE,NONE,0,NONE,NONE,NONE,0,NONE,NONE,none-authored,NONE,1,skin=id4217@row3319/flags0x0|face=id3003@row3334/flags0x0|hair=id3108@row3474/flags0x0|hair-substitute=id3033@row3484/flags0x0|facial=id4517@row3414/flags0x0,Ready,27498,100.4259,153.3761,hair style 0/0 -> geoset variant 1 (fallback - may not cover the scalp)
player:troll-male:facial-hair:6,player:troll-male:facial-hair:6,players,0,0,-1,-1,facial-hair,NONE,Character\Troll\Male\TrollMaleSkin00_00.blp,Character\Troll\Male\TrollMaleSkin00_00.blp,texture.MPQ,false,NONE,NONE,false,NONE,,Character\Troll\Male\TrollMale.m2,patch.MPQ,8,0,0,0,0,0,6,,0:0;0:1;4:1;5:1;7:2;13:1;15:1,NONE,NONE,0,NONE,NONE,NONE,0,NONE,NONE,none-authored,NONE,1,skin=id4217@row3319/flags0x0|face=id3003@row3334/flags0x0|hair=id3108@row3474/flags0x0|hair-substitute=id3033@row3484/flags0x0|facial=id4527@row3424/flags0x0,Ready,27498,100.3121,154.2111,hair style 0/0 -> geoset variant 1 (fallback - may not cover the scalp)
player:troll-male:facial-hair:7,player:troll-male:facial-hair:7,players,0,0,-1,-1,facial-hair,NONE,Character\Troll\Male\TrollMaleSkin00_00.blp,Character\Troll\Male\TrollMaleSkin00_00.blp,texture.MPQ,false,NONE,NONE,false,NONE,,Character\Troll\Male\TrollMale.m2,patch.MPQ,8,0,0,0,0,0,7,,0:0;0:1;4:1;5:1;7:2;13:1;15:1,NONE,NONE,0,NONE,NONE,NONE,0,NONE,NONE,none-authored,NONE,1,skin=id4217@row3319/flags0x0|face=id3003@row3334/flags0x0|hair=id3108@row3474/flags0x0|hair-substitute=id3033@row3484/flags0x0|facial=id4537@row3434/flags0x0,Ready,27498,99.4409,159.4733,hair style 0/0 -> geoset variant 1 (fallback - may not cover the scalp)
player:troll-male:facial-hair:8,player:troll-male:facial-hair:8,players,0,0,-1,-1,facial-hair,NONE,Character\Troll\Male\TrollMaleSkin00_00.blp,Character\Troll\Male\TrollMaleSkin00_00.blp,texture.MPQ,false,NONE,NONE,false,NONE,,Character\Troll\Male\TrollMale.m2,patch.MPQ,8,0,0,0,0,0,8,,0:0;0:1;4:1;5:1;7:2;13:1;15:1,NONE,NONE,0,NONE,NONE,NONE,0,NONE,NONE,none-authored,NONE,1,skin=id4217@row3319/flags0x0|face=id3003@row3334/flags0x0|hair=id3108@row3474/flags0x0|hair-substitute=id3033@row3484/flags0x0|facial=id4547@row3444/flags0x0,Ready,27498,100.1688,152.8597,hair style 0/0 -> geoset variant 1 (fallback - may not cover the scalp)
player:troll-male:facial-hair:9,player:troll-male:facial-hair:9,players,0,0,-1,-1,facial-hair,NONE,Character\Troll\Male\TrollMaleSkin00_00.blp,Character\Troll\Male\TrollMaleSkin00_00.blp,texture.MPQ,false,NONE,NONE,false,NONE,,Character\Troll\Male\TrollMale.m2,patch.MPQ,8,0,0,0,0,0,9,,0:0;0:1;4:1;5:1;7:2;13:1;15:1,NONE,NONE,0,NONE,NONE,NONE,0,NONE,NONE,none-authored,NONE,1,skin=id4217@row3319/flags0x0|face=id3003@row3334/flags0x0|hair=id3108@row3474/flags0x0|hair-substitute=id3033@row3484/flags0x0|facial=id4557@row3454/flags0x0,Ready,27498,100.0033,152.7502,hair style 0/0 -> geoset variant 1 (fallback - may not cover the scalp)
player:troll-male:facial-hair:10,player:troll-male:facial-hair:10,players,0,0,-1,-1,facial-hair,NONE,Character\Troll\Male\TrollMaleSkin00_00.blp,Character\Troll\Male\TrollMaleSkin00_00.blp,texture.MPQ,false,NONE,NONE,false,NONE,,Character\Troll\Male\TrollMale.m2,patch.MPQ,8,0,0,0,0,0,10,,0:0;0:1;4:1;5:1;7:2;13:1;15:1,NONE,NONE,0,NONE,NONE,NONE,0,NONE,NONE,none-authored,NONE,1,skin=id4217@row3319/flags0x0|face=id3003@row3334/flags0x0|hair=id3108@row3474/flags0x0|hair-substitute=id3033@row3484/flags0x0|facial=id4567@row3464/flags0x0,Ready,27498,100.1607,153.0355,hair style 0/0 -> geoset variant 1 (fallback - may not cover the scalp)
player:troll-female:base,player:troll-female:base,players,0,0,-1,-1,base,NONE,Character\Troll\Female\TrollFemaleSkin00_00.blp,Character\Troll\Female\TrollFemaleSkin00_00.blp,texture.MPQ,false,NONE,NONE,false,NONE,,Character\Troll\Female\TrollFemale.m2,patch.MPQ,8,1,0,0,0,0,0,,0:0;0:2;5:1;7:2;13:1;15:1,NONE,NONE,0,NONE,NONE,NONE,0,NONE,NONE,none-authored,NONE,1,skin=id4387@row3549/flags0x0|face=id4747@row3564/flags0x0|hair=id3172@row3600/flags0x0|facial=NONE,Ready,19107,120.2816,166.8095,hair style 0/0 -> geoset variant 2 (DBC match)
player:troll-female:skin:1,player:troll-female:skin:1,players,0,0,-1,-1,skin,NONE,Character\Troll\Female\TrollFemaleSkin00_01.blp,Character\Troll\Female\TrollFemaleSkin00_01.blp,texture.MPQ,false,NONE,NONE,false,NONE,,Character\Troll\Female\TrollFemale.m2,patch.MPQ,8,1,1,0,0,0,0,,0:0;0:2;5:1;7:2;13:1;15:1,NONE,NONE,0,NONE,NONE,NONE,0,NONE,NONE,none-authored,NONE,1,skin=id4388@row3550/flags0x0|face=id4748@row3565/flags0x0|hair=id3172@row3600/flags0x0|facial=NONE,Ready,19107,114.3606,151.3921,hair style 0/0 -> geoset variant 2 (DBC match)
player:troll-female:skin:2,player:troll-female:skin:2,players,0,0,-1,-1,skin,NONE,Character\Troll\Female\TrollFemaleSkin00_02.blp,Character\Troll\Female\TrollFemaleSkin00_02.blp,texture.MPQ,false,NONE,NONE,false,NONE,,Character\Troll\Female\TrollFemale.m2,patch.MPQ,8,1,2,0,0,0,0,,0:0;0:2;5:1;7:2;13:1;15:1,NONE,NONE,0,NONE,NONE,NONE,0,NONE,NONE,none-authored,NONE,1,skin=id4389@row3551/flags0x0|face=id4749@row3566/flags0x0|hair=id3172@row3600/flags0x0|facial=NONE,Ready,19107,108.3243,152.2812,hair style 0/0 -> geoset variant 2 (DBC match)
player:troll-female:skin:3,player:troll-female:skin:3,players,0,0,-1,-1,skin,NONE,Character\Troll\Female\TrollFemaleSkin00_03.blp,Character\Troll\Female\TrollFemaleSkin00_03.blp,texture.MPQ,false,NONE,NONE,false,NONE,,Character\Troll\Female\TrollFemale.m2,patch.MPQ,8,1,3,0,0,0,0,,0:0;0:2;5:1;7:2;13:1;15:1,NONE,NONE,0,NONE,NONE,NONE,0,NONE,NONE,none-authored,NONE,1,skin=id4390@row3552/flags0x0|face=id4750@row3567/flags0x0|hair=id3172@row3600/flags0x0|facial=NONE,Ready,19107,122.5431,152.7786,hair style 0/0 -> geoset variant 2 (DBC match)
player:troll-female:skin:4,player:troll-female:skin:4,players,0,0,-1,-1,skin,NONE,Character\Troll\Female\TrollFemaleSkin00_04.blp,Character\Troll\Female\TrollFemaleSkin00_04.blp,texture.MPQ,false,NONE,NONE,false,NONE,,Character\Troll\Female\TrollFemale.m2,patch.MPQ,8,1,4,0,0,0,0,,0:0;0:2;5:1;7:2;13:1;15:1,NONE,NONE,0,NONE,NONE,NONE,0,NONE,NONE,none-authored,NONE,1,skin=id4391@row3553/flags0x0|face=id4751@row3568/flags0x0|hair=id3172@row3600/flags0x0|facial=NONE,Ready,19107,121.4927,152.7856,hair style 0/0 -> geoset variant 2 (DBC match)
player:troll-female:skin:5,player:troll-female:skin:5,players,0,0,-1,-1,skin,NONE,Character\Troll\Female\TrollFemaleSkin00_05.blp,Character\Troll\Female\TrollFemaleSkin00_05.blp,texture.MPQ,false,NONE,NONE,false,NONE,,Character\Troll\Female\TrollFemale.m2,patch.MPQ,8,1,5,0,0,0,0,,0:0;0:2;5:1;7:2;13:1;15:1,NONE,NONE,0,NONE,NONE,NONE,0,NONE,NONE,none-authored,NONE,1,skin=id4392@row3554/flags0x0|face=id4752@row3569/flags0x0|hair=id3172@row3600/flags0x0|facial=NONE,Ready,19107,113.0845,152.3445,hair style 0/0 -> geoset variant 2 (DBC match)
player:troll-female:skin:6,player:troll-female:skin:6,players,0,0,-1,-1,skin,NONE,Character\Troll\Female\TrollFemaleSkin00_106.blp,Character\Troll\Female\TrollFemaleSkin00_106.blp,texture.MPQ,false,NONE,NONE,false,NONE,,Character\Troll\Female\TrollFemale.m2,patch.MPQ,8,1,6,0,0,0,0,,0:0;0:2;5:1;7:2;13:1;15:1,NONE,NONE,0,NONE,NONE,NONE,0,NONE,NONE,none-authored,NONE,0,skin=id4368@row3561/flags0x1|face=NONE|hair=id3172@row3600/flags0x0|facial=NONE,Ready,19107,119.8661,153.0055,hair style 0/0 -> geoset variant 2 (DBC match)
player:troll-female:skin:7,player:troll-female:skin:7,players,0,0,-1,-1,skin,NONE,Character\Troll\Female\TrollFemaleSkin00_107.blp,Character\Troll\Female\TrollFemaleSkin00_107.blp,texture.MPQ,false,NONE,NONE,false,NONE,,Character\Troll\Female\TrollFemale.m2,patch.MPQ,8,1,7,0,0,0,0,,0:0;0:2;5:1;7:2;13:1;15:1,NONE,NONE,0,NONE,NONE,NONE,0,NONE,NONE,none-authored,NONE,0,skin=id4369@row3562/flags0x1|face=NONE|hair=id3172@row3600/flags0x0|facial=NONE,Ready,19107,96.6452,150.9388,hair style 0/0 -> geoset variant 2 (DBC match)
player:troll-female:skin:8,player:troll-female:skin:8,players,0,0,-1,-1,skin,NONE,Character\Troll\Female\TrollFemaleSkin00_108.blp,Character\Troll\Female\TrollFemaleSkin00_108.blp,texture.MPQ,false,NONE,NONE,false,NONE,,Character\Troll\Female\TrollFemale.m2,patch.MPQ,8,1,8,0,0,0,0,,0:0;0:2;5:1;7:2;13:1;15:1,NONE,NONE,0,NONE,NONE,NONE,0,NONE,NONE,none-authored,NONE,0,skin=id4370@row3563/flags0x1|face=NONE|hair=id3172@row3600/flags0x0|facial=NONE,Ready,19107,99.0681,150.8936,hair style 0/0 -> geoset variant 2 (DBC match)
player:troll-female:face:1,player:troll-female:face:1,players,0,0,-1,-1,face,NONE,Character\Troll\Female\TrollFemaleSkin00_00.blp,Character\Troll\Female\TrollFemaleSkin00_00.blp,texture.MPQ,false,NONE,NONE,false,NONE,,Character\Troll\Female\TrollFemale.m2,patch.MPQ,8,1,0,1,0,0,0,,0:0;0:2;5:1;7:2;13:1;15:1,NONE,NONE,0,NONE,NONE,NONE,0,NONE,NONE,none-authored,NONE,1,skin=id4387@row3549/flags0x0|face=id4753@row3570/flags0x0|hair=id3172@row3600/flags0x0|facial=NONE,Ready,19107,120.3716,152.467,hair style 0/0 -> geoset variant 2 (DBC match)
player:troll-female:face:2,player:troll-female:face:2,players,0,0,-1,-1,face,NONE,Character\Troll\Female\TrollFemaleSkin00_00.blp,Character\Troll\Female\TrollFemaleSkin00_00.blp,texture.MPQ,false,NONE,NONE,false,NONE,,Character\Troll\Female\TrollFemale.m2,patch.MPQ,8,1,0,2,0,0,0,,0:0;0:2;5:1;7:2;13:1;15:1,NONE,NONE,0,NONE,NONE,NONE,0,NONE,NONE,none-authored,NONE,1,skin=id4387@row3549/flags0x0|face=id4759@row3576/flags0x0|hair=id3172@row3600/flags0x0|facial=NONE,Ready,19107,120.2874,152.6581,hair style 0/0 -> geoset variant 2 (DBC match)
player:troll-female:face:3,player:troll-female:face:3,players,0,0,-1,-1,face,NONE,Character\Troll\Female\TrollFemaleSkin00_00.blp,Character\Troll\Female\TrollFemaleSkin00_00.blp,texture.MPQ,false,NONE,NONE,false,NONE,,Character\Troll\Female\TrollFemale.m2,patch.MPQ,8,1,0,3,0,0,0,,0:0;0:2;5:1;7:2;13:1;15:1,NONE,NONE,0,NONE,NONE,NONE,0,NONE,NONE,none-authored,NONE,1,skin=id4387@row3549/flags0x0|face=id4765@row3582/flags0x0|hair=id3172@row3600/flags0x0|facial=NONE,Ready,19107,120.1628,157.8491,hair style 0/0 -> geoset variant 2 (DBC match)
player:troll-female:face:4,player:troll-female:face:4,players,0,0,-1,-1,face,NONE,Character\Troll\Female\TrollFemaleSkin00_00.blp,Character\Troll\Female\TrollFemaleSkin00_00.blp,texture.MPQ,false,NONE,NONE,false,NONE,,Character\Troll\Female\TrollFemale.m2,patch.MPQ,8,1,0,4,0,0,0,,0:0;0:2;5:1;7:2;13:1;15:1,NONE,NONE,0,NONE,NONE,NONE,0,NONE,NONE,none-authored,NONE,1,skin=id4387@row3549/flags0x0|face=id4771@row3588/flags0x0|hair=id3172@row3600/flags0x0|facial=NONE,Ready,19107,120.235,151.1312,hair style 0/0 -> geoset variant 2 (DBC match)
player:troll-female:face:5,player:troll-female:face:5,players,0,0,-1,-1,face,NONE,Character\Troll\Female\TrollFemaleSkin00_00.blp,Character\Troll\Female\TrollFemaleSkin00_00.blp,texture.MPQ,false,NONE,NONE,false,NONE,,Character\Troll\Female\TrollFemale.m2,patch.MPQ,8,1,0,5,0,0,0,,0:0;0:2;5:1;7:2;13:1;15:1,NONE,NONE,0,NONE,NONE,NONE,0,NONE,NONE,none-authored,NONE,1,skin=id4387@row3549/flags0x0|face=id4777@row3594/flags0x0|hair=id3172@row3600/flags0x0|facial=NONE,Ready,19107,120.435,150.8426,hair style 0/0 -> geoset variant 2 (DBC match)
player:troll-female:hair-style:1,player:troll-female:hair-style:1,players,0,0,-1,-1,hair-style,NONE,Character\Troll\Female\TrollFemaleSkin00_00.blp,Character\Troll\Female\TrollFemaleSkin00_00.blp,texture.MPQ,false,NONE,NONE,false,NONE,,Character\Troll\Female\TrollFemale.m2,patch.MPQ,8,1,0,0,1,0,0,,0:0;0:3;5:1;7:2;13:1;15:1,NONE,NONE,0,NONE,NONE,NONE,0,NONE,NONE,none-authored,NONE,1,skin=id4387@row3549/flags0x0|face=id4747@row3564/flags0x0|hair=id3182@row3610/flags0x0|facial=NONE,Ready,19863,118.8586,151.221,hair style 1/0 -> geoset variant 3 (DBC match)
player:troll-female:hair-style:2,player:troll-female:hair-style:2,players,0,0,-1,-1,hair-style,NONE,Character\Troll\Female\TrollFemaleSkin00_00.blp,Character\Troll\Female\TrollFemaleSkin00_00.blp,texture.MPQ,false,NONE,NONE,false,NONE,,Character\Troll\Female\TrollFemale.m2,patch.MPQ,8,1,0,0,2,0,0,,0:0;0:4;5:1;7:2;13:1;15:1,NONE,NONE,0,NONE,NONE,NONE,0,NONE,NONE,none-authored,NONE,1,skin=id4387@row3549/flags0x0|face=id4747@row3564/flags0x0|hair=id3192@row3620/flags0x0|facial=NONE,Ready,19152,117.918,168.6475,hair style 2/0 -> geoset variant 4 (DBC match)
player:troll-female:hair-style:3,player:troll-female:hair-style:3,players,0,0,-1,-1,hair-style,NONE,Character\Troll\Female\TrollFemaleSkin00_00.blp,Character\Troll\Female\TrollFemaleSkin00_00.blp,texture.MPQ,false,NONE,NONE,false,NONE,,Character\Troll\Female\TrollFemale.m2,patch.MPQ,8,1,0,0,3,0,0,,0:0;0:5;5:1;7:2;13:1;15:1,NONE,NONE,0,NONE,NONE,NONE,0,NONE,NONE,none-authored,NONE,1,skin=id4387@row3549/flags0x0|face=id4747@row3564/flags0x0|hair=id3202@row3630/flags0x0|facial=NONE,Ready,19785,119.0087,151.4657,hair style 3/0 -> geoset variant 5 (DBC match)
player:troll-female:hair-style:4,player:troll-female:hair-style:4,players,0,0,-1,-1,hair-style,NONE,Character\Troll\Female\TrollFemaleSkin00_00.blp,Character\Troll\Female\TrollFemaleSkin00_00.blp,texture.MPQ,false,NONE,NONE,false,NONE,,Character\Troll\Female\TrollFemale.m2,patch.MPQ,8,1,0,0,4,0,0,,0:0;0:6;5:1;7:2;13:1;15:1,NONE,NONE,0,NONE,NONE,NONE,0,NONE,NONE,none-authored,NONE,1,skin=id4387@row3549/flags0x0|face=id4747@row3564/flags0x0|hair=id3212@row3640/flags0x0|facial=NONE,Ready,19792,114.4426,157.8277,hair style 4/0 -> geoset variant 6 (DBC match)
player:troll-female:hair-color:1,player:troll-female:hair-color:1,players,0,0,-1,-1,hair-color,NONE,Character\Troll\Female\TrollFemaleSkin00_00.blp,Character\Troll\Female\TrollFemaleSkin00_00.blp,texture.MPQ,false,NONE,NONE,false,NONE,,Character\Troll\Female\TrollFemale.m2,patch.MPQ,8,1,0,0,0,1,0,,0:0;0:2;5:1;7:2;13:1;15:1,NONE,NONE,0,NONE,NONE,NONE,0,NONE,NONE,none-authored,NONE,1,skin=id4387@row3549/flags0x0|face=id4747@row3564/flags0x0|hair=id3173@row3601/flags0x0|facial=NONE,Ready,19107,119.633,150.6218,hair style 0/1 -> geoset variant 2 (DBC match)
player:troll-female:hair-color:2,player:troll-female:hair-color:2,players,0,0,-1,-1,hair-color,NONE,Character\Troll\Female\TrollFemaleSkin00_00.blp,Character\Troll\Female\TrollFemaleSkin00_00.blp,texture.MPQ,false,NONE,NONE,false,NONE,,Character\Troll\Female\TrollFemale.m2,patch.MPQ,8,1,0,0,0,2,0,,0:0;0:2;5:1;7:2;13:1;15:1,NONE,NONE,0,NONE,NONE,NONE,0,NONE,NONE,none-authored,NONE,1,skin=id4387@row3549/flags0x0|face=id4747@row3564/flags0x0|hair=id3174@row3602/flags0x0|facial=NONE,Ready,19107,120.1922,152.0758,hair style 0/2 -> geoset variant 2 (DBC match)
player:troll-female:hair-color:3,player:troll-female:hair-color:3,players,0,0,-1,-1,hair-color,NONE,Character\Troll\Female\TrollFemaleSkin00_00.blp,Character\Troll\Female\TrollFemaleSkin00_00.blp,texture.MPQ,false,NONE,NONE,false,NONE,,Character\Troll\Female\TrollFemale.m2,patch.MPQ,8,1,0,0,0,3,0,,0:0;0:2;5:1;7:2;13:1;15:1,NONE,NONE,0,NONE,NONE,NONE,0,NONE,NONE,none-authored,NONE,1,skin=id4387@row3549/flags0x0|face=id4747@row3564/flags0x0|hair=id3175@row3603/flags0x0|facial=NONE,Ready,19107,120.6508,152.1605,hair style 0/3 -> geoset variant 2 (DBC match)
player:troll-female:hair-color:4,player:troll-female:hair-color:4,players,0,0,-1,-1,hair-color,NONE,Character\Troll\Female\TrollFemaleSkin00_00.blp,Character\Troll\Female\TrollFemaleSkin00_00.blp,texture.MPQ,false,NONE,NONE,false,NONE,,Character\Troll\Female\TrollFemale.m2,patch.MPQ,8,1,0,0,0,4,0,,0:0;0:2;5:1;7:2;13:1;15:1,NONE,NONE,0,NONE,NONE,NONE,0,NONE,NONE,none-authored,NONE,1,skin=id4387@row3549/flags0x0|face=id4747@row3564/flags0x0|hair=id3176@row3604/flags0x0|facial=NONE,Ready,19107,119.9855,152.0911,hair style 0/4 -> geoset variant 2 (DBC match)
player:troll-female:hair-color:5,player:troll-female:hair-color:5,players,0,0,-1,-1,hair-color,NONE,Character\Troll\Female\TrollFemaleSkin00_00.blp,Character\Troll\Female\TrollFemaleSkin00_00.blp,texture.MPQ,false,NONE,NONE,false,NONE,,Character\Troll\Female\TrollFemale.m2,patch.MPQ,8,1,0,0,0,5,0,,0:0;0:2;5:1;7:2;13:1;15:1,NONE,NONE,0,NONE,NONE,NONE,0,NONE,NONE,none-authored,NONE,1,skin=id4387@row3549/flags0x0|face=id4747@row3564/flags0x0|hair=id3177@row3605/flags0x0|facial=NONE,Ready,19107,120.2712,153.0448,hair style 0/5 -> geoset variant 2 (DBC match)
player:troll-female:hair-color:6,player:troll-female:hair-color:6,players,0,0,-1,-1,hair-color,NONE,Character\Troll\Female\TrollFemaleSkin00_00.blp,Character\Troll\Female\TrollFemaleSkin00_00.blp,texture.MPQ,false,NONE,NONE,false,NONE,,Character\Troll\Female\TrollFemale.m2,patch.MPQ,8,1,0,0,0,6,0,,0:0;0:2;5:1;7:2;13:1;15:1,NONE,NONE,0,NONE,NONE,NONE,0,NONE,NONE,none-authored,NONE,1,skin=id4387@row3549/flags0x0|face=id4747@row3564/flags0x0|hair=id3178@row3606/flags0x0|facial=NONE,Ready,19107,120.5817,158.759,hair style 0/6 -> geoset variant 2 (DBC match)
player:troll-female:hair-color:7,player:troll-female:hair-color:7,players,0,0,-1,-1,hair-color,NONE,Character\Troll\Female\TrollFemaleSkin00_00.blp,Character\Troll\Female\TrollFemaleSkin00_00.blp,texture.MPQ,false,NONE,NONE,false,NONE,,Character\Troll\Female\TrollFemale.m2,patch.MPQ,8,1,0,0,0,7,0,,0:0;0:2;5:1;7:2;13:1;15:1,NONE,NONE,0,NONE,NONE,NONE,0,NONE,NONE,none-authored,NONE,1,skin=id4387@row3549/flags0x0|face=id4747@row3564/flags0x0|hair=id3179@row3607/flags0x0|facial=NONE,Ready,19107,119.7034,151.1941,hair style 0/7 -> geoset variant 2 (DBC match)
player:troll-female:hair-color:8,player:troll-female:hair-color:8,players,0,0,-1,-1,hair-color,NONE,Character\Troll\Female\TrollFemaleSkin00_00.blp,Character\Troll\Female\TrollFemaleSkin00_00.blp,texture.MPQ,false,NONE,NONE,false,NONE,,Character\Troll\Female\TrollFemale.m2,patch.MPQ,8,1,0,0,0,8,0,,0:0;0:2;5:1;7:2;13:1;15:1,NONE,NONE,0,NONE,NONE,NONE,0,NONE,NONE,none-authored,NONE,1,skin=id4387@row3549/flags0x0|face=id4747@row3564/flags0x0|hair=id3180@row3608/flags0x0|facial=NONE,Ready,19107,121.1819,150.7315,hair style 0/8 -> geoset variant 2 (DBC match)
player:troll-female:hair-color:9,player:troll-female:hair-color:9,players,0,0,-1,-1,hair-color,NONE,Character\Troll\Female\TrollFemaleSkin00_00.blp,Character\Troll\Female\TrollFemaleSkin00_00.blp,texture.MPQ,false,NONE,NONE,false,NONE,,Character\Troll\Female\TrollFemale.m2,patch.MPQ,8,1,0,0,0,9,0,,0:0;0:2;5:1;7:2;13:1;15:1,NONE,NONE,0,NONE,NONE,NONE,0,NONE,NONE,none-authored,NONE,1,skin=id4387@row3549/flags0x0|face=id4747@row3564/flags0x0|hair=id3181@row3609/flags0x0|facial=NONE,Ready,19107,122.8566,151.4614,hair style 0/9 -> geoset variant 2 (DBC match)
player:troll-female:facial-hair:1,player:troll-female:facial-hair:1,players,0,0,-1,-1,facial-hair,NONE,Character\Troll\Female\TrollFemaleSkin00_00.blp,Character\Troll\Female\TrollFemaleSkin00_00.blp,texture.MPQ,false,NONE,NONE,false,NONE,,Character\Troll\Female\TrollFemale.m2,patch.MPQ,8,1,0,0,0,0,1,,0:0;0:2;5:1;7:2;13:1;15:1,NONE,NONE,0,NONE,NONE,NONE,0,NONE,NONE,none-authored,NONE,1,skin=id4387@row3549/flags0x0|face=id4747@row3564/flags0x0|hair=id3172@row3600/flags0x0|facial=NONE,Ready,19107,120.2816,152.4273,hair style 0/0 -> geoset variant 2 (DBC match)
player:troll-female:facial-hair:2,player:troll-female:facial-hair:2,players,0,0,-1,-1,facial-hair,NONE,Character\Troll\Female\TrollFemaleSkin00_00.blp,Character\Troll\Female\TrollFemaleSkin00_00.blp,texture.MPQ,false,NONE,NONE,false,NONE,,Character\Troll\Female\TrollFemale.m2,patch.MPQ,8,1,0,0,0,0,2,,0:0;0:2;5:1;7:2;13:1;15:1,NONE,NONE,0,NONE,NONE,NONE,0,NONE,NONE,none-authored,NONE,1,skin=id4387@row3549/flags0x0|face=id4747@row3564/flags0x0|hair=id3172@row3600/flags0x0|facial=NONE,Ready,19107,120.2816,152.2467,hair style 0/0 -> geoset variant 2 (DBC match)
player:troll-female:facial-hair:3,player:troll-female:facial-hair:3,players,0,0,-1,-1,facial-hair,NONE,Character\Troll\Female\TrollFemaleSkin00_00.blp,Character\Troll\Female\TrollFemaleSkin00_00.blp,texture.MPQ,false,NONE,NONE,false,NONE,,Character\Troll\Female\TrollFemale.m2,patch.MPQ,8,1,0,0,0,0,3,,0:0;0:2;5:1;7:2;13:1;15:1,NONE,NONE,0,NONE,NONE,NONE,0,NONE,NONE,none-authored,NONE,1,skin=id4387@row3549/flags0x0|face=id4747@row3564/flags0x0|hair=id3172@row3600/flags0x0|facial=NONE,Ready,19107,120.2816,151.7573,hair style 0/0 -> geoset variant 2 (DBC match)
player:troll-female:facial-hair:4,player:troll-female:facial-hair:4,players,0,0,-1,-1,facial-hair,NONE,Character\Troll\Female\TrollFemaleSkin00_00.blp,Character\Troll\Female\TrollFemaleSkin00_00.blp,texture.MPQ,false,NONE,NONE,false,NONE,,Character\Troll\Female\TrollFemale.m2,patch.MPQ,8,1,0,0,0,0,4,,0:0;0:2;5:1;7:2;13:1;15:1,NONE,NONE,0,NONE,NONE,NONE,0,NONE,NONE,none-authored,NONE,1,skin=id4387@row3549/flags0x0|face=id4747@row3564/flags0x0|hair=id3172@row3600/flags0x0|facial=NONE,Ready,19107,120.2816,158.2757,hair style 0/0 -> geoset variant 2 (DBC match)
player:troll-female:facial-hair:5,player:troll-female:facial-hair:5,players,0,0,-1,-1,facial-hair,NONE,Character\Troll\Female\TrollFemaleSkin00_00.blp,Character\Troll\Female\TrollFemaleSkin00_00.blp,texture.MPQ,false,NONE,NONE,false,NONE,,Character\Troll\Female\TrollFemale.m2,patch.MPQ,8,1,0,0,0,0,5,,0:0;0:2;5:1;7:2;13:1;15:1,NONE,NONE,0,NONE,NONE,NONE,0,NONE,NONE,none-authored,NONE,1,skin=id4387@row3549/flags0x0|face=id4747@row3564/flags0x0|hair=id3172@row3600/flags0x0|facial=NONE,Ready,19107,120.2816,152.6138,hair style 0/0 -> geoset variant 2 (DBC match)
