"panel","element","expectedStrata","expectedLayer","actual","verdict","evidence"
"action-bar","ExhaustionLevelFillBar","","BORDER","NO-VERDICT","NO-VERDICT","live-runs\N2-0-2-3-action-bars-20260801-162500\action-bar-full-diff.csv"
"action-bar","MainMenuBar","","","|","PASS","live-runs\N2-0-2-3-action-bars-20260801-162500\action-bar-full-diff.csv"
"action-bar","MainMenuBarArtFrame","","","NO-VERDICT","NO-VERDICT","live-runs\N2-0-2-3-action-bars-20260801-162500\action-bar-full-diff.csv"
"action-bar","MainMenuBarExpText","DIALOG","ARTWORK","NO-VERDICT","NO-VERDICT","live-runs\N2-0-2-3-action-bars-20260801-162500\action-bar-full-diff.csv"
"action-bar","MainMenuBarLeftEndCap","","OVERLAY","|OVERLAY","PASS","live-runs\N2-0-2-3-action-bars-20260801-162500\action-bar-full-diff.csv"
"action-bar","MainMenuBarOverlayFrame","DIALOG","","NO-VERDICT","NO-VERDICT","live-runs\N2-0-2-3-action-bars-20260801-162500\action-bar-full-diff.csv"
"action-bar","MainMenuBarPageNumber","","OVERLAY","NO-VERDICT","NO-VERDICT","live-runs\N2-0-2-3-action-bars-20260801-162500\action-bar-full-diff.csv"
"action-bar","MainMenuBarPerformanceBar","LOW","BACKGROUND","LOW|BACKGROUND","PASS","live-runs\N2-0-2-3-action-bars-20260801-162500\action-bar-full-diff.csv"
"action-bar","MainMenuBarPerformanceBarFrame","LOW","","LOW|","PASS","live-runs\N2-0-2-3-action-bars-20260801-162500\action-bar-full-diff.csv"
"action-bar","MainMenuBarPerformanceBarFrameButton","HIGH","","NO-VERDICT","NO-VERDICT","live-runs\N2-0-2-3-action-bars-20260801-162500\action-bar-full-diff.csv"
"action-bar","MainMenuBarRightEndCap","","OVERLAY","|OVERLAY","PASS","live-runs\N2-0-2-3-action-bars-20260801-162500\action-bar-full-diff.csv"
"action-bar","MainMenuBarTexture0","","ARTWORK","|ARTWORK","PASS","live-runs\N2-0-2-3-action-bars-20260801-162500\action-bar-full-diff.csv"
"action-bar","MainMenuBarTexture1","","ARTWORK","|ARTWORK","PASS","live-runs\N2-0-2-3-action-bars-20260801-162500\action-bar-full-diff.csv"
"action-bar","MainMenuBarTexture2","","ARTWORK","|ARTWORK","PASS","live-runs\N2-0-2-3-action-bars-20260801-162500\action-bar-full-diff.csv"
"action-bar","MainMenuBarTexture3","","ARTWORK","|ARTWORK","PASS","live-runs\N2-0-2-3-action-bars-20260801-162500\action-bar-full-diff.csv"
"action-bar","MainMenuExpBar","","","|","PASS","live-runs\N2-0-2-3-action-bars-20260801-162500\action-bar-full-diff.csv"
"action-bar","MainMenuExpBar/Texture","","BACKGROUND","NO-VERDICT","NO-VERDICT","live-runs\N2-0-2-3-action-bars-20260801-162500\action-bar-full-diff.csv"
"action-bar","MainMenuXPBarTexture0","","OVERLAY","|OVERLAY","PASS","live-runs\N2-0-2-3-action-bars-20260801-162500\action-bar-full-diff.csv"
"action-bar","MainMenuXPBarTexture1","","OVERLAY","|OVERLAY","PASS","live-runs\N2-0-2-3-action-bars-20260801-162500\action-bar-full-diff.csv"
"action-bar","MainMenuXPBarTexture2","","OVERLAY","|OVERLAY","PASS","live-runs\N2-0-2-3-action-bars-20260801-162500\action-bar-full-diff.csv"
"action-bar","MainMenuXPBarTexture3","","OVERLAY","|OVERLAY","PASS","live-runs\N2-0-2-3-action-bars-20260801-162500\action-bar-full-diff.csv"
"auction","AuctionFrame","","","IMGUI_WINDOW|IMGUI_HOST","DELTA","live-runs\N2-0-3-9-auction-20260801-210000\auction-diff.csv"
"auction","AuctionFrameBid","","","NOT-DRAWN","NOT-DRAWN","live-runs\N2-0-3-9-auction-20260801-210000\auction-diff.csv"
"auction","AuctionFrameBot","","ARTWORK","IMGUI_WINDOW|IMGUI_IMAGE","DELTA","live-runs\N2-0-3-9-auction-20260801-210000\auction-diff.csv"
"auction","AuctionFrameBotLeft","","ARTWORK","IMGUI_WINDOW|IMGUI_IMAGE","DELTA","live-runs\N2-0-3-9-auction-20260801-210000\auction-diff.csv"
"auction","AuctionFrameBotRight","","ARTWORK","IMGUI_WINDOW|IMGUI_IMAGE","DELTA","live-runs\N2-0-3-9-auction-20260801-210000\auction-diff.csv"
"auction","AuctionFrameCloseButton","","","NOT-DRAWN","NOT-DRAWN","live-runs\N2-0-3-9-auction-20260801-210000\auction-diff.csv"
"auction","AuctionFrameCloseButton/HighlightTexture","","","NOT-DRAWN","NOT-DRAWN","live-runs\N2-0-3-9-auction-20260801-210000\auction-diff.csv"
"auction","AuctionFrameCloseButton/NormalTexture","","","NOT-DRAWN","NOT-DRAWN","live-runs\N2-0-3-9-auction-20260801-210000\auction-diff.csv"
"auction","AuctionFrameCloseButton/PushedTexture","","","NOT-DRAWN","NOT-DRAWN","live-runs\N2-0-3-9-auction-20260801-210000\auction-diff.csv"
"auction","AuctionFrameMoneyFrame","","","NOT-DRAWN","NOT-DRAWN","live-runs\N2-0-3-9-auction-20260801-210000\auction-diff.csv"
"auction","AuctionFrameTab1","","","NOT-DRAWN","NOT-DRAWN","live-runs\N2-0-3-9-auction-20260801-210000\auction-diff.csv"
"auction","AuctionFrameTab2","","","NOT-DRAWN","NOT-DRAWN","live-runs\N2-0-3-9-auction-20260801-210000\auction-diff.csv"
"auction","AuctionFrameTab3","","","NOT-DRAWN","NOT-DRAWN","live-runs\N2-0-3-9-auction-20260801-210000\auction-diff.csv"
"auction","AuctionFrameTop","","ARTWORK","IMGUI_WINDOW|IMGUI_IMAGE","DELTA","live-runs\N2-0-3-9-auction-20260801-210000\auction-diff.csv"
"auction","AuctionFrameTopLeft","","ARTWORK","IMGUI_WINDOW|IMGUI_IMAGE","DELTA","live-runs\N2-0-3-9-auction-20260801-210000\auction-diff.csv"
"auction","AuctionFrameTopRight","","ARTWORK","IMGUI_WINDOW|IMGUI_IMAGE","DELTA","live-runs\N2-0-3-9-auction-20260801-210000\auction-diff.csv"
"auction","AuctionPortraitTexture","","BACKGROUND","NOT-DRAWN","NOT-DRAWN","live-runs\N2-0-3-9-auction-20260801-210000\auction-diff.csv"
"auction","BidBidButton","","","NOT-DRAWN","NOT-DRAWN","live-runs\N2-0-3-9-auction-20260801-210000\auction-diff.csv"
"auction","BidBidButton/DisabledTexture","","","NOT-DRAWN","NOT-DRAWN","live-runs\N2-0-3-9-auction-20260801-210000\auction-diff.csv"
"auction","BidBidButton/HighlightTexture","","","NOT-DRAWN","NOT-DRAWN","live-runs\N2-0-3-9-auction-20260801-210000\auction-diff.csv"
"auction","BidBidButton/NormalTexture","","","NOT-DRAWN","NOT-DRAWN","live-runs\N2-0-3-9-auction-20260801-210000\auction-diff.csv"
"auction","BidBidButton/PushedTexture","","","NOT-DRAWN","NOT-DRAWN","live-runs\N2-0-3-9-auction-20260801-210000\auction-diff.csv"
"auction","BidBidPrice","","","NOT-DRAWN","NOT-DRAWN","live-runs\N2-0-3-9-auction-20260801-210000\auction-diff.csv"
"auction","BidBidSort","","","NOT-DRAWN","NOT-DRAWN","live-runs\N2-0-3-9-auction-20260801-210000\auction-diff.csv"
"auction","BidBidSort/HighlightTexture","","","NOT-DRAWN","NOT-DRAWN","live-runs\N2-0-3-9-auction-20260801-210000\auction-diff.csv"
"auction","BidBidSortArrow","","","NOT-DRAWN","NOT-DRAWN","live-runs\N2-0-3-9-auction-20260801-210000\auction-diff.csv"
"auction","BidBidSortLeft","","BACKGROUND","NOT-DRAWN","NOT-DRAWN","live-runs\N2-0-3-9-auction-20260801-210000\auction-diff.csv"
"auction","BidBidSortMiddle","","BACKGROUND","NOT-DRAWN","NOT-DRAWN","live-runs\N2-0-3-9-auction-20260801-210000\auction-diff.csv"
"auction","BidBidSortRight","","BACKGROUND","NOT-DRAWN","NOT-DRAWN","live-runs\N2-0-3-9-auction-20260801-210000\auction-diff.csv"
"auction","BidBidText","","ARTWORK","NOT-DRAWN","NOT-DRAWN","live-runs\N2-0-3-9-auction-20260801-210000\auction-diff.csv"
"auction","BidButton1","","","NOT-DRAWN","NOT-DRAWN","live-runs\N2-0-3-9-auction-20260801-210000\auction-diff.csv"
"auction","BidButton1/HighlightTexture","","","NOT-DRAWN","NOT-DRAWN","live-runs\N2-0-3-9-auction-20260801-210000\auction-diff.csv"
"auction","BidButton1/Texture","","BACKGROUND","NOT-DRAWN","NOT-DRAWN","live-runs\N2-0-3-9-auction-20260801-210000\auction-diff.csv"
"auction","BidButton1BidStatus","","BACKGROUND","NOT-DRAWN","NOT-DRAWN","live-runs\N2-0-3-9-auction-20260801-210000\auction-diff.csv"
"auction","BidButton1BuyoutMoneyFrame","","","NOT-DRAWN","NOT-DRAWN","live-runs\N2-0-3-9-auction-20260801-210000\auction-diff.csv"
"auction","BidButton1ClosingTime","","","NOT-DRAWN","NOT-DRAWN","live-runs\N2-0-3-9-auction-20260801-210000\auction-diff.csv"
"auction","BidButton1ClosingTimeText","","BACKGROUND","NOT-DRAWN","NOT-DRAWN","live-runs\N2-0-3-9-auction-20260801-210000\auction-diff.csv"
"auction","BidButton1CurrentBidMoneyFrame","","","NOT-DRAWN","NOT-DRAWN","live-runs\N2-0-3-9-auction-20260801-210000\auction-diff.csv"
"auction","BidButton1Item","","","NOT-DRAWN","NOT-DRAWN","live-runs\N2-0-3-9-auction-20260801-210000\auction-diff.csv"
"auction","BidButton1Item/HighlightTexture","","","NOT-DRAWN","NOT-DRAWN","live-runs\N2-0-3-9-auction-20260801-210000\auction-diff.csv"
"auction","BidButton1Item/PushedTexture","","","NOT-DRAWN","NOT-DRAWN","live-runs\N2-0-3-9-auction-20260801-210000\auction-diff.csv"
"auction","BidButton1ItemIconTexture","","BORDER","NOT-DRAWN","NOT-DRAWN","live-runs\N2-0-3-9-auction-20260801-210000\auction-diff.csv"
"auction","BidButton1ItemNormalTexture","","","NOT-DRAWN","NOT-DRAWN","live-runs\N2-0-3-9-auction-20260801-210000\auction-diff.csv"
"auction","BidButton1Left","","BACKGROUND","NOT-DRAWN","NOT-DRAWN","live-runs\N2-0-3-9-auction-20260801-210000\auction-diff.csv"
"auction","BidButton1Level","","BACKGROUND","NOT-DRAWN","NOT-DRAWN","live-runs\N2-0-3-9-auction-20260801-210000\auction-diff.csv"
"auction","BidButton1Name","","BACKGROUND","NOT-DRAWN","NOT-DRAWN","live-runs\N2-0-3-9-auction-20260801-210000\auction-diff.csv"
"auction","BidButton1Right","","BACKGROUND","NOT-DRAWN","NOT-DRAWN","live-runs\N2-0-3-9-auction-20260801-210000\auction-diff.csv"
"auction","BidButton2","","","NOT-DRAWN","NOT-DRAWN","live-runs\N2-0-3-9-auction-20260801-210000\auction-diff.csv"
"auction","BidButton2/HighlightTexture","","","NOT-DRAWN","NOT-DRAWN","live-runs\N2-0-3-9-auction-20260801-210000\auction-diff.csv"
"auction","BidButton2/Texture","","BACKGROUND","NOT-DRAWN","NOT-DRAWN","live-runs\N2-0-3-9-auction-20260801-210000\auction-diff.csv"
"auction","BidButton2BidStatus","","BACKGROUND","NOT-DRAWN","NOT-DRAWN","live-runs\N2-0-3-9-auction-20260801-210000\auction-diff.csv"
"auction","BidButton2BuyoutMoneyFrame","","","NOT-DRAWN","NOT-DRAWN","live-runs\N2-0-3-9-auction-20260801-210000\auction-diff.csv"
"auction","BidButton2ClosingTime","","","NOT-DRAWN","NOT-DRAWN","live-runs\N2-0-3-9-auction-20260801-210000\auction-diff.csv"
"auction","BidButton2ClosingTimeText","","BACKGROUND","NOT-DRAWN","NOT-DRAWN","live-runs\N2-0-3-9-auction-20260801-210000\auction-diff.csv"
"auction","BidButton2CurrentBidMoneyFrame","","","NOT-DRAWN","NOT-DRAWN","live-runs\N2-0-3-9-auction-20260801-210000\auction-diff.csv"
"auction","BidButton2Item","","","NOT-DRAWN","NOT-DRAWN","live-runs\N2-0-3-9-auction-20260801-210000\auction-diff.csv"
"auction","BidButton2Item/HighlightTexture","","","NOT-DRAWN","NOT-DRAWN","live-runs\N2-0-3-9-auction-20260801-210000\auction-diff.csv"
"auction","BidButton2Item/PushedTexture","","","NOT-DRAWN","NOT-DRAWN","live-runs\N2-0-3-9-auction-20260801-210000\auction-diff.csv"
"auction","BidButton2ItemIconTexture","","BORDER","NOT-DRAWN","NOT-DRAWN","live-runs\N2-0-3-9-auction-20260801-210000\auction-diff.csv"
"auction","BidButton2ItemNormalTexture","","","NOT-DRAWN","NOT-DRAWN","live-runs\N2-0-3-9-auction-20260801-210000\auction-diff.csv"
"auction","BidButton2Left","","BACKGROUND","NOT-DRAWN","NOT-DRAWN","live-runs\N2-0-3-9-auction-20260801-210000\auction-diff.csv"
"auction","BidButton2Level","","BACKGROUND","NOT-DRAWN","NOT-DRAWN","live-runs\N2-0-3-9-auction-20260801-210000\auction-diff.csv"
"auction","BidButton2Name","","BACKGROUND","NOT-DRAWN","NOT-DRAWN","live-runs\N2-0-3-9-auction-20260801-210000\auction-diff.csv"
"auction","BidButton2Right","","BACKGROUND","NOT-DRAWN","NOT-DRAWN","live-runs\N2-0-3-9-auction-20260801-210000\auction-diff.csv"
"auction","BidButton3","","","NOT-DRAWN","NOT-DRAWN","live-runs\N2-0-3-9-auction-20260801-210000\auction-diff.csv"
"auction","BidButton3/HighlightTexture","","","NOT-DRAWN","NOT-DRAWN","live-runs\N2-0-3-9-auction-20260801-210000\auction-diff.csv"
"auction","BidButton3/Texture","","BACKGROUND","NOT-DRAWN","NOT-DRAWN","live-runs\N2-0-3-9-auction-20260801-210000\auction-diff.csv"
"auction","BidButton3BidStatus","","BACKGROUND","NOT-DRAWN","NOT-DRAWN","live-runs\N2-0-3-9-auction-20260801-210000\auction-diff.csv"
"auction","BidButton3BuyoutMoneyFrame","","","NOT-DRAWN","NOT-DRAWN","live-runs\N2-0-3-9-auction-20260801-210000\auction-diff.csv"
"auction","BidButton3ClosingTime","","","NOT-DRAWN","NOT-DRAWN","live-runs\N2-0-3-9-auction-20260801-210000\auction-diff.csv"
"auction","BidButton3ClosingTimeText","","BACKGROUND","NOT-DRAWN","NOT-DRAWN","live-runs\N2-0-3-9-auction-20260801-210000\auction-diff.csv"
"auction","BidButton3CurrentBidMoneyFrame","","","NOT-DRAWN","NOT-DRAWN","live-runs\N2-0-3-9-auction-20260801-210000\auction-diff.csv"
"auction","BidButton3Item","","","NOT-DRAWN","NOT-DRAWN","live-runs\N2-0-3-9-auction-20260801-210000\auction-diff.csv"
"auction","BidButton3Item/HighlightTexture","","","NOT-DRAWN","NOT-DRAWN","live-runs\N2-0-3-9-auction-20260801-210000\auction-diff.csv"
"auction","BidButton3Item/PushedTexture","","","NOT-DRAWN","NOT-DRAWN","live-runs\N2-0-3-9-auction-20260801-210000\auction-diff.csv"
"auction","BidButton3ItemIconTexture","","BORDER","NOT-DRAWN","NOT-DRAWN","live-runs\N2-0-3-9-auction-20260801-210000\auction-diff.csv"
"auction","BidButton3ItemNormalTexture","","","NOT-DRAWN","NOT-DRAWN","live-runs\N2-0-3-9-auction-20260801-210000\auction-diff.csv"
"auction","BidButton3Left","","BACKGROUND","NOT-DRAWN","NOT-DRAWN","live-runs\N2-0-3-9-auction-20260801-210000\auction-diff.csv"
"auction","BidButton3Level","","BACKGROUND","NOT-DRAWN","NOT-DRAWN","live-runs\N2-0-3-9-auction-20260801-210000\auction-diff.csv"
"auction","BidButton3Name","","BACKGROUND","NOT-DRAWN","NOT-DRAWN","live-runs\N2-0-3-9-auction-20260801-210000\auction-diff.csv"
"auction","BidButton3Right","","BACKGROUND","NOT-DRAWN","NOT-DRAWN","live-runs\N2-0-3-9-auction-20260801-210000\auction-diff.csv"
"auction","BidButton4","","","NOT-DRAWN","NOT-DRAWN","live-runs\N2-0-3-9-auction-20260801-210000\auction-diff.csv"
"auction","BidButton4/HighlightTexture","","","NOT-DRAWN","NOT-DRAWN","live-runs\N2-0-3-9-auction-20260801-210000\auction-diff.csv"
"auction","BidButton4/Texture","","BACKGROUND","NOT-DRAWN","NOT-DRAWN","live-runs\N2-0-3-9-auction-20260801-210000\auction-diff.csv"
"auction","BidButton4BidStatus","","BACKGROUND","NOT-DRAWN","NOT-DRAWN","live-runs\N2-0-3-9-auction-20260801-210000\auction-diff.csv"
"auction","BidButton4BuyoutMoneyFrame","","","NOT-DRAWN","NOT-DRAWN","live-runs\N2-0-3-9-auction-20260801-210000\auction-diff.csv"
"auction","BidButton4ClosingTime","","","NOT-DRAWN","NOT-DRAWN","live-runs\N2-0-3-9-auction-20260801-210000\auction-diff.csv"
"auction","BidButton4ClosingTimeText","","BACKGROUND","NOT-DRAWN","NOT-DRAWN","live-runs\N2-0-3-9-auction-20260801-210000\auction-diff.csv"
"auction","BidButton4CurrentBidMoneyFrame","","","NOT-DRAWN","NOT-DRAWN","live-runs\N2-0-3-9-auction-20260801-210000\auction-diff.csv"
"auction","BidButton4Item","","","NOT-DRAWN","NOT-DRAWN","live-runs\N2-0-3-9-auction-20260801-210000\auction-diff.csv"
"auction","BidButton4Item/HighlightTexture","","","NOT-DRAWN","NOT-DRAWN","live-runs\N2-0-3-9-auction-20260801-210000\auction-diff.csv"
"auction","BidButton4Item/PushedTexture","","","NOT-DRAWN","NOT-DRAWN","live-runs\N2-0-3-9-auction-20260801-210000\auction-diff.csv"
"auction","BidButton4ItemIconTexture","","BORDER","NOT-DRAWN","NOT-DRAWN","live-runs\N2-0-3-9-auction-20260801-210000\auction-diff.csv"
"auction","BidButton4ItemNormalTexture","","","NOT-DRAWN","NOT-DRAWN","live-runs\N2-0-3-9-auction-20260801-210000\auction-diff.csv"
"auction","BidButton4Left","","BACKGROUND","NOT-DRAWN","NOT-DRAWN","live-runs\N2-0-3-9-auction-20260801-210000\auction-diff.csv"
"auction","BidButton4Level","","BACKGROUND","NOT-DRAWN","NOT-DRAWN","live-runs\N2-0-3-9-auction-20260801-210000\auction-diff.csv"
"auction","BidButton4Name","","BACKGROUND","NOT-DRAWN","NOT-DRAWN","live-runs\N2-0-3-9-auction-20260801-210000\auction-diff.csv"
"auction","BidButton4Right","","BACKGROUND","NOT-DRAWN","NOT-DRAWN","live-runs\N2-0-3-9-auction-20260801-210000\auction-diff.csv"
"auction","BidButton5","","","NOT-DRAWN","NOT-DRAWN","live-runs\N2-0-3-9-auction-20260801-210000\auction-diff.csv"
"auction","BidButton5/HighlightTexture","","","NOT-DRAWN","NOT-DRAWN","live-runs\N2-0-3-9-auction-20260801-210000\auction-diff.csv"
"auction","BidButton5/Texture","","BACKGROUND","NOT-DRAWN","NOT-DRAWN","live-runs\N2-0-3-9-auction-20260801-210000\auction-diff.csv"
"auction","BidButton5BidStatus","","BACKGROUND","NOT-DRAWN","NOT-DRAWN","live-runs\N2-0-3-9-auction-20260801-210000\auction-diff.csv"
"auction","BidButton5BuyoutMoneyFrame","","","NOT-DRAWN","NOT-DRAWN","live-runs\N2-0-3-9-auction-20260801-210000\auction-diff.csv"
"auction","BidButton5ClosingTime","","","NOT-DRAWN","NOT-DRAWN","live-runs\N2-0-3-9-auction-20260801-210000\auction-diff.csv"
"auction","BidButton5ClosingTimeText","","BACKGROUND","NOT-DRAWN","NOT-DRAWN","live-runs\N2-0-3-9-auction-20260801-210000\auction-diff.csv"
"auction","BidButton5CurrentBidMoneyFrame","","","NOT-DRAWN","NOT-DRAWN","live-runs\N2-0-3-9-auction-20260801-210000\auction-diff.csv"
"auction","BidButton5Item","","","NOT-DRAWN","NOT-DRAWN","live-runs\N2-0-3-9-auction-20260801-210000\auction-diff.csv"
"auction","BidButton5Item/HighlightTexture","","","NOT-DRAWN","NOT-DRAWN","live-runs\N2-0-3-9-auction-20260801-210000\auction-diff.csv"
"auction","BidButton5Item/PushedTexture","","","NOT-DRAWN","NOT-DRAWN","live-runs\N2-0-3-9-auction-20260801-210000\auction-diff.csv"
"auction","BidButton5ItemIconTexture","","BORDER","NOT-DRAWN","NOT-DRAWN","live-runs\N2-0-3-9-auction-20260801-210000\auction-diff.csv"
"auction","BidButton5ItemNormalTexture","","","NOT-DRAWN","NOT-DRAWN","live-runs\N2-0-3-9-auction-20260801-210000\auction-diff.csv"
"auction","BidButton5Left","","BACKGROUND","NOT-DRAWN","NOT-DRAWN","live-runs\N2-0-3-9-auction-20260801-210000\auction-diff.csv"
"auction","BidButton5Level","","BACKGROUND","NOT-DRAWN","NOT-DRAWN","live-runs\N2-0-3-9-auction-20260801-210000\auction-diff.csv"
"auction","BidButton5Name","","BACKGROUND","NOT-DRAWN","NOT-DRAWN","live-runs\N2-0-3-9-auction-20260801-210000\auction-diff.csv"
"auction","BidButton5Right","","BACKGROUND","NOT-DRAWN","NOT-DRAWN","live-runs\N2-0-3-9-auction-20260801-210000\auction-diff.csv"
"auction","BidButton6","","","NOT-DRAWN","NOT-DRAWN","live-runs\N2-0-3-9-auction-20260801-210000\auction-diff.csv"
"auction","BidButton6/HighlightTexture","","","NOT-DRAWN","NOT-DRAWN","live-runs\N2-0-3-9-auction-20260801-210000\auction-diff.csv"
"auction","BidButton6/Texture","","BACKGROUND","NOT-DRAWN","NOT-DRAWN","live-runs\N2-0-3-9-auction-20260801-210000\auction-diff.csv"
"auction","BidButton6BidStatus","","BACKGROUND","NOT-DRAWN","NOT-DRAWN","live-runs\N2-0-3-9-auction-20260801-210000\auction-diff.csv"
"auction","BidButton6BuyoutMoneyFrame","","","NOT-DRAWN","NOT-DRAWN","live-runs\N2-0-3-9-auction-20260801-210000\auction-diff.csv"
"auction","BidButton6ClosingTime","","","NOT-DRAWN","NOT-DRAWN","live-runs\N2-0-3-9-auction-20260801-210000\auction-diff.csv"
"auction","BidButton6ClosingTimeText","","BACKGROUND","NOT-DRAWN","NOT-DRAWN","live-runs\N2-0-3-9-auction-20260801-210000\auction-diff.csv"
"auction","BidButton6CurrentBidMoneyFrame","","","NOT-DRAWN","NOT-DRAWN","live-runs\N2-0-3-9-auction-20260801-210000\auction-diff.csv"
"auction","BidButton6Item","","","NOT-DRAWN","NOT-DRAWN","live-runs\N2-0-3-9-auction-20260801-210000\auction-diff.csv"
"auction","BidButton6Item/HighlightTexture","","","NOT-DRAWN","NOT-DRAWN","live-runs\N2-0-3-9-auction-20260801-210000\auction-diff.csv"
"auction","BidButton6Item/PushedTexture","","","NOT-DRAWN","NOT-DRAWN","live-runs\N2-0-3-9-auction-20260801-210000\auction-diff.csv"
"auction","BidButton6ItemIconTexture","","BORDER","NOT-DRAWN","NOT-DRAWN","live-runs\N2-0-3-9-auction-20260801-210000\auction-diff.csv"
"auction","BidButton6ItemNormalTexture","","","NOT-DRAWN","NOT-DRAWN","live-runs\N2-0-3-9-auction-20260801-210000\auction-diff.csv"
"auction","BidButton6Left","","BACKGROUND","NOT-DRAWN","NOT-DRAWN","live-runs\N2-0-3-9-auction-20260801-210000\auction-diff.csv"
"auction","BidButton6Level","","BACKGROUND","NOT-DRAWN","NOT-DRAWN","live-runs\N2-0-3-9-auction-20260801-210000\auction-diff.csv"
"auction","BidButton6Name","","BACKGROUND","NOT-DRAWN","NOT-DRAWN","live-runs\N2-0-3-9-auction-20260801-210000\auction-diff.csv"
"auction","BidButton6Right","","BACKGROUND","NOT-DRAWN","NOT-DRAWN","live-runs\N2-0-3-9-auction-20260801-210000\auction-diff.csv"
"auction","BidButton7","","","NOT-DRAWN","NOT-DRAWN","live-runs\N2-0-3-9-auction-20260801-210000\auction-diff.csv"
"auction","BidButton7/HighlightTexture","","","NOT-DRAWN","NOT-DRAWN","live-runs\N2-0-3-9-auction-20260801-210000\auction-diff.csv"
"auction","BidButton7/Texture","","BACKGROUND","NOT-DRAWN","NOT-DRAWN","live-runs\N2-0-3-9-auction-20260801-210000\auction-diff.csv"
"auction","BidButton7BidStatus","","BACKGROUND","NOT-DRAWN","NOT-DRAWN","live-runs\N2-0-3-9-auction-20260801-210000\auction-diff.csv"
"auction","BidButton7BuyoutMoneyFrame","","","NOT-DRAWN","NOT-DRAWN","live-runs\N2-0-3-9-auction-20260801-210000\auction-diff.csv"
"auction","BidButton7ClosingTime","","","NOT-DRAWN","NOT-DRAWN","live-runs\N2-0-3-9-auction-20260801-210000\auction-diff.csv"
"auction","BidButton7ClosingTimeText","","BACKGROUND","NOT-DRAWN","NOT-DRAWN","live-runs\N2-0-3-9-auction-20260801-210000\auction-diff.csv"
"auction","BidButton7CurrentBidMoneyFrame","","","NOT-DRAWN","NOT-DRAWN","live-runs\N2-0-3-9-auction-20260801-210000\auction-diff.csv"
"auction","BidButton7Item","","","NOT-DRAWN","NOT-DRAWN","live-runs\N2-0-3-9-auction-20260801-210000\auction-diff.csv"
"auction","BidButton7Item/HighlightTexture","","","NOT-DRAWN","NOT-DRAWN","live-runs\N2-0-3-9-auction-20260801-210000\auction-diff.csv"
"auction","BidButton7Item/PushedTexture","","","NOT-DRAWN","NOT-DRAWN","live-runs\N2-0-3-9-auction-20260801-210000\auction-diff.csv"
"auction","BidButton7ItemIconTexture","","BORDER","NOT-DRAWN","NOT-DRAWN","live-runs\N2-0-3-9-auction-20260801-210000\auction-diff.csv"
"auction","BidButton7ItemNormalTexture","","","NOT-DRAWN","NOT-DRAWN","live-runs\N2-0-3-9-auction-20260801-210000\auction-diff.csv"
"auction","BidButton7Left","","BACKGROUND","NOT-DRAWN","NOT-DRAWN","live-runs\N2-0-3-9-auction-20260801-210000\auction-diff.csv"
"auction","BidButton7Level","","BACKGROUND","NOT-DRAWN","NOT-DRAWN","live-runs\N2-0-3-9-auction-20260801-210000\auction-diff.csv"
"auction","BidButton7Name","","BACKGROUND","NOT-DRAWN","NOT-DRAWN","live-runs\N2-0-3-9-auction-20260801-210000\auction-diff.csv"
"auction","BidButton7Right","","BACKGROUND","NOT-DRAWN","NOT-DRAWN","live-runs\N2-0-3-9-auction-20260801-210000\auction-diff.csv"
"auction","BidButton8","","","NOT-DRAWN","NOT-DRAWN","live-runs\N2-0-3-9-auction-20260801-210000\auction-diff.csv"
"auction","BidButton8/HighlightTexture","","","NOT-DRAWN","NOT-DRAWN","live-runs\N2-0-3-9-auction-20260801-210000\auction-diff.csv"
"auction","BidButton8/Texture","","BACKGROUND","NOT-DRAWN","NOT-DRAWN","live-runs\N2-0-3-9-auction-20260801-210000\auction-diff.csv"
"auction","BidButton8BidStatus","","BACKGROUND","NOT-DRAWN","NOT-DRAWN","live-runs\N2-0-3-9-auction-20260801-210000\auction-diff.csv"
"auction","BidButton8BuyoutMoneyFrame","","","NOT-DRAWN","NOT-DRAWN","live-runs\N2-0-3-9-auction-20260801-210000\auction-diff.csv"
"auction","BidButton8ClosingTime","","","NOT-DRAWN","NOT-DRAWN","live-runs\N2-0-3-9-auction-20260801-210000\auction-diff.csv"
"auction","BidButton8ClosingTimeText","","BACKGROUND","NOT-DRAWN","NOT-DRAWN","live-runs\N2-0-3-9-auction-20260801-210000\auction-diff.csv"
"auction","BidButton8CurrentBidMoneyFrame","","","NOT-DRAWN","NOT-DRAWN","live-runs\N2-0-3-9-auction-20260801-210000\auction-diff.csv"
"auction","BidButton8Item","","","NOT-DRAWN","NOT-DRAWN","live-runs\N2-0-3-9-auction-20260801-210000\auction-diff.csv"
"auction","BidButton8Item/HighlightTexture","","","NOT-DRAWN","NOT-DRAWN","live-runs\N2-0-3-9-auction-20260801-210000\auction-diff.csv"
"auction","BidButton8Item/PushedTexture","","","NOT-DRAWN","NOT-DRAWN","live-runs\N2-0-3-9-auction-20260801-210000\auction-diff.csv"
"auction","BidButton8ItemIconTexture","","BORDER","NOT-DRAWN","NOT-DRAWN","live-runs\N2-0-3-9-auction-20260801-210000\auction-diff.csv"
"auction","BidButton8ItemNormalTexture","","","NOT-DRAWN","NOT-DRAWN","live-runs\N2-0-3-9-auction-20260801-210000\auction-diff.csv"
"auction","BidButton8Left","","BACKGROUND","NOT-DRAWN","NOT-DRAWN","live-runs\N2-0-3-9-auction-20260801-210000\auction-diff.csv"
"auction","BidButton8Level","","BACKGROUND","NOT-DRAWN","NOT-DRAWN","live-runs\N2-0-3-9-auction-20260801-210000\auction-diff.csv"
"auction","BidButton8Name","","BACKGROUND","NOT-DRAWN","NOT-DRAWN","live-runs\N2-0-3-9-auction-20260801-210000\auction-diff.csv"
"auction","BidButton8Right","","BACKGROUND","NOT-DRAWN","NOT-DRAWN","live-runs\N2-0-3-9-auction-20260801-210000\auction-diff.csv"
"auction","BidButton9","","","NOT-DRAWN","NOT-DRAWN","live-runs\N2-0-3-9-auction-20260801-210000\auction-diff.csv"
"auction","BidButton9/HighlightTexture","","","NOT-DRAWN","NOT-DRAWN","live-runs\N2-0-3-9-auction-20260801-210000\auction-diff.csv"
"auction","BidButton9/Texture","","BACKGROUND","NOT-DRAWN","NOT-DRAWN","live-runs\N2-0-3-9-auction-20260801-210000\auction-diff.csv"
"auction","BidButton9BidStatus","","BACKGROUND","NOT-DRAWN","NOT-DRAWN","live-runs\N2-0-3-9-auction-20260801-210000\auction-diff.csv"
"auction","BidButton9BuyoutMoneyFrame","","","NOT-DRAWN","NOT-DRAWN","live-runs\N2-0-3-9-auction-20260801-210000\auction-diff.csv"
"auction","BidButton9ClosingTime","","","NOT-DRAWN","NOT-DRAWN","live-runs\N2-0-3-9-auction-20260801-210000\auction-diff.csv"
"auction","BidButton9ClosingTimeText","","BACKGROUND","NOT-DRAWN","NOT-DRAWN","live-runs\N2-0-3-9-auction-20260801-210000\auction-diff.csv"
"auction","BidButton9CurrentBidMoneyFrame","","","NOT-DRAWN","NOT-DRAWN","live-runs\N2-0-3-9-auction-20260801-210000\auction-diff.csv"
"auction","BidButton9Item","","","NOT-DRAWN","NOT-DRAWN","live-runs\N2-0-3-9-auction-20260801-210000\auction-diff.csv"
"auction","BidButton9Item/HighlightTexture","","","NOT-DRAWN","NOT-DRAWN","live-runs\N2-0-3-9-auction-20260801-210000\auction-diff.csv"
"auction","BidButton9Item/PushedTexture","","","NOT-DRAWN","NOT-DRAWN","live-runs\N2-0-3-9-auction-20260801-210000\auction-diff.csv"
"auction","BidButton9ItemIconTexture","","BORDER","NOT-DRAWN","NOT-DRAWN","live-runs\N2-0-3-9-auction-20260801-210000\auction-diff.csv"
"auction","BidButton9ItemNormalTexture","","","NOT-DRAWN","NOT-DRAWN","live-runs\N2-0-3-9-auction-20260801-210000\auction-diff.csv"
"auction","BidButton9Left","","BACKGROUND","NOT-DRAWN","NOT-DRAWN","live-runs\N2-0-3-9-auction-20260801-210000\auction-diff.csv"
"auction","BidButton9Level","","BACKGROUND","NOT-DRAWN","NOT-DRAWN","live-runs\N2-0-3-9-auction-20260801-210000\auction-diff.csv"
"auction","BidButton9Name","","BACKGROUND","NOT-DRAWN","NOT-DRAWN","live-runs\N2-0-3-9-auction-20260801-210000\auction-diff.csv"
"auction","BidButton9Right","","BACKGROUND","NOT-DRAWN","NOT-DRAWN","live-runs\N2-0-3-9-auction-20260801-210000\auction-diff.csv"
"auction","BidBuyoutButton","","","NOT-DRAWN","NOT-DRAWN","live-runs\N2-0-3-9-auction-20260801-210000\auction-diff.csv"
"auction","BidBuyoutButton/DisabledTexture","","","NOT-DRAWN","NOT-DRAWN","live-runs\N2-0-3-9-auction-20260801-210000\auction-diff.csv"
"auction","BidBuyoutButton/HighlightTexture","","","NOT-DRAWN","NOT-DRAWN","live-runs\N2-0-3-9-auction-20260801-210000\auction-diff.csv"
"auction","BidBuyoutButton/NormalTexture","","","NOT-DRAWN","NOT-DRAWN","live-runs\N2-0-3-9-auction-20260801-210000\auction-diff.csv"
"auction","BidBuyoutButton/PushedTexture","","","NOT-DRAWN","NOT-DRAWN","live-runs\N2-0-3-9-auction-20260801-210000\auction-diff.csv"
"auction","BidBuyoutSort","","","NOT-DRAWN","NOT-DRAWN","live-runs\N2-0-3-9-auction-20260801-210000\auction-diff.csv"
"auction","BidBuyoutSort/HighlightTexture","","","NOT-DRAWN","NOT-DRAWN","live-runs\N2-0-3-9-auction-20260801-210000\auction-diff.csv"
"auction","BidBuyoutSortArrow","","","NOT-DRAWN","NOT-DRAWN","live-runs\N2-0-3-9-auction-20260801-210000\auction-diff.csv"
"auction","BidBuyoutSortLeft","","BACKGROUND","NOT-DRAWN","NOT-DRAWN","live-runs\N2-0-3-9-auction-20260801-210000\auction-diff.csv"
"auction","BidBuyoutSortMiddle","","BACKGROUND","NOT-DRAWN","NOT-DRAWN","live-runs\N2-0-3-9-auction-20260801-210000\auction-diff.csv"
"auction","BidBuyoutSortRight","","BACKGROUND","NOT-DRAWN","NOT-DRAWN","live-runs\N2-0-3-9-auction-20260801-210000\auction-diff.csv"
"auction","BidCloseButton","","","NOT-DRAWN","NOT-DRAWN","live-runs\N2-0-3-9-auction-20260801-210000\auction-diff.csv"
"auction","BidCloseButton/DisabledTexture","","","NOT-DRAWN","NOT-DRAWN","live-runs\N2-0-3-9-auction-20260801-210000\auction-diff.csv"
"auction","BidCloseButton/HighlightTexture","","","NOT-DRAWN","NOT-DRAWN","live-runs\N2-0-3-9-auction-20260801-210000\auction-diff.csv"
"auction","BidCloseButton/NormalTexture","","","NOT-DRAWN","NOT-DRAWN","live-runs\N2-0-3-9-auction-20260801-210000\auction-diff.csv"
"auction","BidCloseButton/PushedTexture","","","NOT-DRAWN","NOT-DRAWN","live-runs\N2-0-3-9-auction-20260801-210000\auction-diff.csv"
"auction","BidDurationSort","","","NOT-DRAWN","NOT-DRAWN","live-runs\N2-0-3-9-auction-20260801-210000\auction-diff.csv"
"auction","BidDurationSort/HighlightTexture","","","NOT-DRAWN","NOT-DRAWN","live-runs\N2-0-3-9-auction-20260801-210000\auction-diff.csv"
"auction","BidDurationSortArrow","","","NOT-DRAWN","NOT-DRAWN","live-runs\N2-0-3-9-auction-20260801-210000\auction-diff.csv"
"auction","BidDurationSortLeft","","BACKGROUND","NOT-DRAWN","NOT-DRAWN","live-runs\N2-0-3-9-auction-20260801-210000\auction-diff.csv"
"auction","BidDurationSortMiddle","","BACKGROUND","NOT-DRAWN","NOT-DRAWN","live-runs\N2-0-3-9-auction-20260801-210000\auction-diff.csv"
"auction","BidDurationSortRight","","BACKGROUND","NOT-DRAWN","NOT-DRAWN","live-runs\N2-0-3-9-auction-20260801-210000\auction-diff.csv"
"auction","BidLevelSort","","","NOT-DRAWN","NOT-DRAWN","live-runs\N2-0-3-9-auction-20260801-210000\auction-diff.csv"
"auction","BidLevelSort/HighlightTexture","","","NOT-DRAWN","NOT-DRAWN","live-runs\N2-0-3-9-auction-20260801-210000\auction-diff.csv"
"auction","BidLevelSortArrow","","","NOT-DRAWN","NOT-DRAWN","live-runs\N2-0-3-9-auction-20260801-210000\auction-diff.csv"
"auction","BidLevelSortLeft","","BACKGROUND","NOT-DRAWN","NOT-DRAWN","live-runs\N2-0-3-9-auction-20260801-210000\auction-diff.csv"
"auction","BidLevelSortMiddle","","BACKGROUND","NOT-DRAWN","NOT-DRAWN","live-runs\N2-0-3-9-auction-20260801-210000\auction-diff.csv"
"auction","BidLevelSortRight","","BACKGROUND","NOT-DRAWN","NOT-DRAWN","live-runs\N2-0-3-9-auction-20260801-210000\auction-diff.csv"
"auction","BidQualitySort","","","NOT-DRAWN","NOT-DRAWN","live-runs\N2-0-3-9-auction-20260801-210000\auction-diff.csv"
"auction","BidQualitySort/HighlightTexture","","","NOT-DRAWN","NOT-DRAWN","live-runs\N2-0-3-9-auction-20260801-210000\auction-diff.csv"
"auction","BidQualitySortArrow","","","NOT-DRAWN","NOT-DRAWN","live-runs\N2-0-3-9-auction-20260801-210000\auction-diff.csv"
"auction","BidQualitySortLeft","","BACKGROUND","NOT-DRAWN","NOT-DRAWN","live-runs\N2-0-3-9-auction-20260801-210000\auction-diff.csv"
"auction","BidQualitySortMiddle","","BACKGROUND","NOT-DRAWN","NOT-DRAWN","live-runs\N2-0-3-9-auction-20260801-210000\auction-diff.csv"
"auction","BidQualitySortRight","","BACKGROUND","NOT-DRAWN","NOT-DRAWN","live-runs\N2-0-3-9-auction-20260801-210000\auction-diff.csv"
"auction","BidSearchCountText","","ARTWORK","NOT-DRAWN","NOT-DRAWN","live-runs\N2-0-3-9-auction-20260801-210000\auction-diff.csv"
"auction","BidStatusSort","","","NOT-DRAWN","NOT-DRAWN","live-runs\N2-0-3-9-auction-20260801-210000\auction-diff.csv"
"auction","BidStatusSort/HighlightTexture","","","NOT-DRAWN","NOT-DRAWN","live-runs\N2-0-3-9-auction-20260801-210000\auction-diff.csv"
"auction","BidStatusSortArrow","","","NOT-DRAWN","NOT-DRAWN","live-runs\N2-0-3-9-auction-20260801-210000\auction-diff.csv"
"auction","BidStatusSortLeft","","BACKGROUND","NOT-DRAWN","NOT-DRAWN","live-runs\N2-0-3-9-auction-20260801-210000\auction-diff.csv"
"auction","BidStatusSortMiddle","","BACKGROUND","NOT-DRAWN","NOT-DRAWN","live-runs\N2-0-3-9-auction-20260801-210000\auction-diff.csv"
"auction","BidStatusSortRight","","BACKGROUND","NOT-DRAWN","NOT-DRAWN","live-runs\N2-0-3-9-auction-20260801-210000\auction-diff.csv"
"auction","BidTitle","","BACKGROUND","NOT-DRAWN","NOT-DRAWN","live-runs\N2-0-3-9-auction-20260801-210000\auction-diff.csv"
"backpack","ContainerFrame1","MEDIUM","","MEDIUM|","PASS","live-runs\N2-0-2-9-backpack-20260801-181000\backpack-diff.csv"
"backpack","ContainerFrame1BackgroundTop","MEDIUM","ARTWORK","MEDIUM|ARTWORK","PASS","live-runs\N2-0-2-9-backpack-20260801-181000\backpack-diff.csv"
"backpack","ContainerFrame1CloseButton","MEDIUM","","MEDIUM|","PASS","live-runs\N2-0-2-9-backpack-20260801-181000\backpack-diff.csv"
"backpack","ContainerFrame1CloseButton/NormalTexture","MEDIUM","","MEDIUM|","PASS","live-runs\N2-0-2-9-backpack-20260801-181000\backpack-diff.csv"
"backpack","ContainerFrame1Item1","MEDIUM","","MEDIUM|","PASS","live-runs\N2-0-2-9-backpack-20260801-181000\backpack-diff.csv"
"backpack","ContainerFrame1Item1NormalTexture","MEDIUM","","MEDIUM|","PASS","live-runs\N2-0-2-9-backpack-20260801-181000\backpack-diff.csv"
"backpack","ContainerFrame1Name","MEDIUM","ARTWORK","MEDIUM|ARTWORK","PASS","live-runs\N2-0-2-9-backpack-20260801-181000\backpack-diff.csv"
"backpack","ContainerFrame1Portrait","MEDIUM","BACKGROUND","MEDIUM|BACKGROUND","PASS","live-runs\N2-0-2-9-backpack-20260801-181000\backpack-diff.csv"
"bank","BankCloseButton","","","NOT-DRAWN","NOT-DRAWN","live-runs\N2-0-3-7-bank-20260801-203000\bank-diff.csv"
"bank","BankCloseButton/HighlightTexture","","","NOT-DRAWN","NOT-DRAWN","live-runs\N2-0-3-7-bank-20260801-203000\bank-diff.csv"
"bank","BankCloseButton/NormalTexture","","","NOT-DRAWN","NOT-DRAWN","live-runs\N2-0-3-7-bank-20260801-203000\bank-diff.csv"
"bank","BankCloseButton/PushedTexture","","","NOT-DRAWN","NOT-DRAWN","live-runs\N2-0-3-7-bank-20260801-203000\bank-diff.csv"
"bank","BankFrame","","","IMGUI_WINDOW|IMGUI_HOST","DELTA","live-runs\N2-0-3-7-bank-20260801-203000\bank-diff.csv"
"bank","BankFrame/FontString","","ARTWORK","NOT-DRAWN","NOT-DRAWN","live-runs\N2-0-3-7-bank-20260801-203000\bank-diff.csv"
"bank","BankFrame/FontString#2","","ARTWORK","NOT-DRAWN","NOT-DRAWN","live-runs\N2-0-3-7-bank-20260801-203000\bank-diff.csv"
"bank","BankFrame/Texture","","ARTWORK","IMGUI_WINDOW|IMGUI_IMAGE","DELTA","live-runs\N2-0-3-7-bank-20260801-203000\bank-diff.csv"
"bank","BankFrame/Texture#2","","ARTWORK","IMGUI_WINDOW|IMGUI_IMAGE","DELTA","live-runs\N2-0-3-7-bank-20260801-203000\bank-diff.csv"
"bank","BankFrame/Texture#3","","ARTWORK","IMGUI_WINDOW|IMGUI_IMAGE","DELTA","live-runs\N2-0-3-7-bank-20260801-203000\bank-diff.csv"
"bank","BankFrame/Texture#4","","ARTWORK","IMGUI_WINDOW|IMGUI_IMAGE","DELTA","live-runs\N2-0-3-7-bank-20260801-203000\bank-diff.csv"
"bank","BankFrameBag1","","","NOT-DRAWN","NOT-DRAWN","live-runs\N2-0-3-7-bank-20260801-203000\bank-diff.csv"
"bank","BankFrameBag1HighlightFrame","","","NOT-DRAWN","NOT-DRAWN","live-runs\N2-0-3-7-bank-20260801-203000\bank-diff.csv"
"bank","BankFrameBag2","","","NOT-DRAWN","NOT-DRAWN","live-runs\N2-0-3-7-bank-20260801-203000\bank-diff.csv"
"bank","BankFrameBag2HighlightFrame","","","NOT-DRAWN","NOT-DRAWN","live-runs\N2-0-3-7-bank-20260801-203000\bank-diff.csv"
"bank","BankFrameBag3","","","NOT-DRAWN","NOT-DRAWN","live-runs\N2-0-3-7-bank-20260801-203000\bank-diff.csv"
"bank","BankFrameBag3HighlightFrame","","","NOT-DRAWN","NOT-DRAWN","live-runs\N2-0-3-7-bank-20260801-203000\bank-diff.csv"
"bank","BankFrameBag4","","","NOT-DRAWN","NOT-DRAWN","live-runs\N2-0-3-7-bank-20260801-203000\bank-diff.csv"
"bank","BankFrameBag4HighlightFrame","","","NOT-DRAWN","NOT-DRAWN","live-runs\N2-0-3-7-bank-20260801-203000\bank-diff.csv"
"bank","BankFrameBag5","","","NOT-DRAWN","NOT-DRAWN","live-runs\N2-0-3-7-bank-20260801-203000\bank-diff.csv"
"bank","BankFrameBag5HighlightFrame","","","NOT-DRAWN","NOT-DRAWN","live-runs\N2-0-3-7-bank-20260801-203000\bank-diff.csv"
"bank","BankFrameBag6","","","NOT-DRAWN","NOT-DRAWN","live-runs\N2-0-3-7-bank-20260801-203000\bank-diff.csv"
"bank","BankFrameBag6HighlightFrame","","","NOT-DRAWN","NOT-DRAWN","live-runs\N2-0-3-7-bank-20260801-203000\bank-diff.csv"
"bank","BankFrameDetailMoneyFrame","","","NOT-DRAWN","NOT-DRAWN","live-runs\N2-0-3-7-bank-20260801-203000\bank-diff.csv"
"bank","BankFrameItem1","","","NOT-DRAWN","NOT-DRAWN","live-runs\N2-0-3-7-bank-20260801-203000\bank-diff.csv"
"bank","BankFrameItem10","","","NOT-DRAWN","NOT-DRAWN","live-runs\N2-0-3-7-bank-20260801-203000\bank-diff.csv"
"bank","BankFrameItem11","","","NOT-DRAWN","NOT-DRAWN","live-runs\N2-0-3-7-bank-20260801-203000\bank-diff.csv"
"bank","BankFrameItem12","","","NOT-DRAWN","NOT-DRAWN","live-runs\N2-0-3-7-bank-20260801-203000\bank-diff.csv"
"bank","BankFrameItem13","","","NOT-DRAWN","NOT-DRAWN","live-runs\N2-0-3-7-bank-20260801-203000\bank-diff.csv"
"bank","BankFrameItem14","","","NOT-DRAWN","NOT-DRAWN","live-runs\N2-0-3-7-bank-20260801-203000\bank-diff.csv"
"bank","BankFrameItem15","","","NOT-DRAWN","NOT-DRAWN","live-runs\N2-0-3-7-bank-20260801-203000\bank-diff.csv"
"bank","BankFrameItem16","","","NOT-DRAWN","NOT-DRAWN","live-runs\N2-0-3-7-bank-20260801-203000\bank-diff.csv"
"bank","BankFrameItem17","","","NOT-DRAWN","NOT-DRAWN","live-runs\N2-0-3-7-bank-20260801-203000\bank-diff.csv"
"bank","BankFrameItem18","","","NOT-DRAWN","NOT-DRAWN","live-runs\N2-0-3-7-bank-20260801-203000\bank-diff.csv"
"bank","BankFrameItem19","","","NOT-DRAWN","NOT-DRAWN","live-runs\N2-0-3-7-bank-20260801-203000\bank-diff.csv"
"bank","BankFrameItem2","","","NOT-DRAWN","NOT-DRAWN","live-runs\N2-0-3-7-bank-20260801-203000\bank-diff.csv"
"bank","BankFrameItem20","","","NOT-DRAWN","NOT-DRAWN","live-runs\N2-0-3-7-bank-20260801-203000\bank-diff.csv"
"bank","BankFrameItem21","","","NOT-DRAWN","NOT-DRAWN","live-runs\N2-0-3-7-bank-20260801-203000\bank-diff.csv"
"bank","BankFrameItem22","","","NOT-DRAWN","NOT-DRAWN","live-runs\N2-0-3-7-bank-20260801-203000\bank-diff.csv"
"bank","BankFrameItem23","","","NOT-DRAWN","NOT-DRAWN","live-runs\N2-0-3-7-bank-20260801-203000\bank-diff.csv"
"bank","BankFrameItem24","","","NOT-DRAWN","NOT-DRAWN","live-runs\N2-0-3-7-bank-20260801-203000\bank-diff.csv"
"bank","BankFrameItem3","","","NOT-DRAWN","NOT-DRAWN","live-runs\N2-0-3-7-bank-20260801-203000\bank-diff.csv"
"bank","BankFrameItem4","","","NOT-DRAWN","NOT-DRAWN","live-runs\N2-0-3-7-bank-20260801-203000\bank-diff.csv"
"bank","BankFrameItem5","","","NOT-DRAWN","NOT-DRAWN","live-runs\N2-0-3-7-bank-20260801-203000\bank-diff.csv"
"bank","BankFrameItem6","","","NOT-DRAWN","NOT-DRAWN","live-runs\N2-0-3-7-bank-20260801-203000\bank-diff.csv"
"bank","BankFrameItem7","","","NOT-DRAWN","NOT-DRAWN","live-runs\N2-0-3-7-bank-20260801-203000\bank-diff.csv"
"bank","BankFrameItem8","","","NOT-DRAWN","NOT-DRAWN","live-runs\N2-0-3-7-bank-20260801-203000\bank-diff.csv"
"bank","BankFrameItem9","","","NOT-DRAWN","NOT-DRAWN","live-runs\N2-0-3-7-bank-20260801-203000\bank-diff.csv"
"bank","BankFrameMoneyFrame","","","NOT-DRAWN","NOT-DRAWN","live-runs\N2-0-3-7-bank-20260801-203000\bank-diff.csv"
"bank","BankFramePurchaseInfo","","","NOT-DRAWN","NOT-DRAWN","live-runs\N2-0-3-7-bank-20260801-203000\bank-diff.csv"
"bank","BankFramePurchaseInfo/FontString","","BACKGROUND","NOT-DRAWN","NOT-DRAWN","live-runs\N2-0-3-7-bank-20260801-203000\bank-diff.csv"
"bank","BankFramePurchaseInfoPurchaseButton","","","NOT-DRAWN","NOT-DRAWN","live-runs\N2-0-3-7-bank-20260801-203000\bank-diff.csv"
"bank","BankFramePurchaseInfoPurchaseButton/DisabledTexture","","","NOT-DRAWN","NOT-DRAWN","live-runs\N2-0-3-7-bank-20260801-203000\bank-diff.csv"
"bank","BankFramePurchaseInfoPurchaseButton/HighlightTexture","","","NOT-DRAWN","NOT-DRAWN","live-runs\N2-0-3-7-bank-20260801-203000\bank-diff.csv"
"bank","BankFramePurchaseInfoPurchaseButton/NormalTexture","","","NOT-DRAWN","NOT-DRAWN","live-runs\N2-0-3-7-bank-20260801-203000\bank-diff.csv"
"bank","BankFramePurchaseInfoPurchaseButton/PushedTexture","","","NOT-DRAWN","NOT-DRAWN","live-runs\N2-0-3-7-bank-20260801-203000\bank-diff.csv"
"bank","BankFrameSlotCost","","BACKGROUND","NOT-DRAWN","NOT-DRAWN","live-runs\N2-0-3-7-bank-20260801-203000\bank-diff.csv"
"bank","BankFrameTitleText","","ARTWORK","NOT-DRAWN","NOT-DRAWN","live-runs\N2-0-3-7-bank-20260801-203000\bank-diff.csv"
"bank","BankPortraitTexture","","BACKGROUND","NOT-DRAWN","NOT-DRAWN","live-runs\N2-0-3-7-bank-20260801-203000\bank-diff.csv"
"buff-frame","BuffButton0","LOW","","LOW|","PASS","live-runs\N2-0-2-5-buff-frame-20260801-165500\buff-frame-full-diff.csv"
"buff-frame","BuffButton0Count","LOW","BACKGROUND","NO-VERDICT","NO-VERDICT","live-runs\N2-0-2-5-buff-frame-20260801-165500\buff-frame-full-diff.csv"
"buff-frame","BuffButton0Duration","LOW","ARTWORK","LOW|ARTWORK","PASS","live-runs\N2-0-2-5-buff-frame-20260801-165500\buff-frame-full-diff.csv"
"buff-frame","BuffButton0Icon","LOW","BACKGROUND","LOW|BACKGROUND","PASS","live-runs\N2-0-2-5-buff-frame-20260801-165500\buff-frame-full-diff.csv"
"buff-frame","BuffButton1","LOW","","NO-VERDICT","NO-VERDICT","live-runs\N2-0-2-5-buff-frame-20260801-165500\buff-frame-full-diff.csv"
"buff-frame","BuffButton10","LOW","","NO-VERDICT","NO-VERDICT","live-runs\N2-0-2-5-buff-frame-20260801-165500\buff-frame-full-diff.csv"
"buff-frame","BuffButton10Count","LOW","BACKGROUND","NO-VERDICT","NO-VERDICT","live-runs\N2-0-2-5-buff-frame-20260801-165500\buff-frame-full-diff.csv"
"buff-frame","BuffButton10Duration","LOW","ARTWORK","NO-VERDICT","NO-VERDICT","live-runs\N2-0-2-5-buff-frame-20260801-165500\buff-frame-full-diff.csv"
"buff-frame","BuffButton10Icon","LOW","BACKGROUND","NO-VERDICT","NO-VERDICT","live-runs\N2-0-2-5-buff-frame-20260801-165500\buff-frame-full-diff.csv"
"buff-frame","BuffButton11","LOW","","NO-VERDICT","NO-VERDICT","live-runs\N2-0-2-5-buff-frame-20260801-165500\buff-frame-full-diff.csv"
"buff-frame","BuffButton11Count","LOW","BACKGROUND","NO-VERDICT","NO-VERDICT","live-runs\N2-0-2-5-buff-frame-20260801-165500\buff-frame-full-diff.csv"
"buff-frame","BuffButton11Duration","LOW","ARTWORK","NO-VERDICT","NO-VERDICT","live-runs\N2-0-2-5-buff-frame-20260801-165500\buff-frame-full-diff.csv"
"buff-frame","BuffButton11Icon","LOW","BACKGROUND","NO-VERDICT","NO-VERDICT","live-runs\N2-0-2-5-buff-frame-20260801-165500\buff-frame-full-diff.csv"
"buff-frame","BuffButton12","LOW","","NO-VERDICT","NO-VERDICT","live-runs\N2-0-2-5-buff-frame-20260801-165500\buff-frame-full-diff.csv"
"buff-frame","BuffButton12Count","LOW","BACKGROUND","NO-VERDICT","NO-VERDICT","live-runs\N2-0-2-5-buff-frame-20260801-165500\buff-frame-full-diff.csv"
"buff-frame","BuffButton12Duration","LOW","ARTWORK","NO-VERDICT","NO-VERDICT","live-runs\N2-0-2-5-buff-frame-20260801-165500\buff-frame-full-diff.csv"
"buff-frame","BuffButton12Icon","LOW","BACKGROUND","NO-VERDICT","NO-VERDICT","live-runs\N2-0-2-5-buff-frame-20260801-165500\buff-frame-full-diff.csv"
"buff-frame","BuffButton13","LOW","","NO-VERDICT","NO-VERDICT","live-runs\N2-0-2-5-buff-frame-20260801-165500\buff-frame-full-diff.csv"
"buff-frame","BuffButton13Count","LOW","BACKGROUND","NO-VERDICT","NO-VERDICT","live-runs\N2-0-2-5-buff-frame-20260801-165500\buff-frame-full-diff.csv"
"buff-frame","BuffButton13Duration","LOW","ARTWORK","NO-VERDICT","NO-VERDICT","live-runs\N2-0-2-5-buff-frame-20260801-165500\buff-frame-full-diff.csv"
"buff-frame","BuffButton13Icon","LOW","BACKGROUND","NO-VERDICT","NO-VERDICT","live-runs\N2-0-2-5-buff-frame-20260801-165500\buff-frame-full-diff.csv"
"buff-frame","BuffButton14","LOW","","NO-VERDICT","NO-VERDICT","live-runs\N2-0-2-5-buff-frame-20260801-165500\buff-frame-full-diff.csv"
"buff-frame","BuffButton14Count","LOW","BACKGROUND","NO-VERDICT","NO-VERDICT","live-runs\N2-0-2-5-buff-frame-20260801-165500\buff-frame-full-diff.csv"
"buff-frame","BuffButton14Duration","LOW","ARTWORK","NO-VERDICT","NO-VERDICT","live-runs\N2-0-2-5-buff-frame-20260801-165500\buff-frame-full-diff.csv"
"buff-frame","BuffButton14Icon","LOW","BACKGROUND","NO-VERDICT","NO-VERDICT","live-runs\N2-0-2-5-buff-frame-20260801-165500\buff-frame-full-diff.csv"
"buff-frame","BuffButton15","LOW","","NO-VERDICT","NO-VERDICT","live-runs\N2-0-2-5-buff-frame-20260801-165500\buff-frame-full-diff.csv"
"buff-frame","BuffButton15Count","LOW","BACKGROUND","NO-VERDICT","NO-VERDICT","live-runs\N2-0-2-5-buff-frame-20260801-165500\buff-frame-full-diff.csv"
"buff-frame","BuffButton15Duration","LOW","ARTWORK","NO-VERDICT","NO-VERDICT","live-runs\N2-0-2-5-buff-frame-20260801-165500\buff-frame-full-diff.csv"
"buff-frame","BuffButton15Icon","LOW","BACKGROUND","NO-VERDICT","NO-VERDICT","live-runs\N2-0-2-5-buff-frame-20260801-165500\buff-frame-full-diff.csv"
"buff-frame","BuffButton16","LOW","","NO-VERDICT","NO-VERDICT","live-runs\N2-0-2-5-buff-frame-20260801-165500\buff-frame-full-diff.csv"
"buff-frame","BuffButton16Border","LOW","OVERLAY","NO-VERDICT","NO-VERDICT","live-runs\N2-0-2-5-buff-frame-20260801-165500\buff-frame-full-diff.csv"
"buff-frame","BuffButton16Count","LOW","BACKGROUND","NO-VERDICT","NO-VERDICT","live-runs\N2-0-2-5-buff-frame-20260801-165500\buff-frame-full-diff.csv"
"buff-frame","BuffButton16Duration","LOW","ARTWORK","NO-VERDICT","NO-VERDICT","live-runs\N2-0-2-5-buff-frame-20260801-165500\buff-frame-full-diff.csv"
"buff-frame","BuffButton16Icon","LOW","BACKGROUND","NO-VERDICT","NO-VERDICT","live-runs\N2-0-2-5-buff-frame-20260801-165500\buff-frame-full-diff.csv"
"buff-frame","BuffButton17","LOW","","NO-VERDICT","NO-VERDICT","live-runs\N2-0-2-5-buff-frame-20260801-165500\buff-frame-full-diff.csv"
"buff-frame","BuffButton17Border","LOW","OVERLAY","NO-VERDICT","NO-VERDICT","live-runs\N2-0-2-5-buff-frame-20260801-165500\buff-frame-full-diff.csv"
"buff-frame","BuffButton17Count","LOW","BACKGROUND","NO-VERDICT","NO-VERDICT","live-runs\N2-0-2-5-buff-frame-20260801-165500\buff-frame-full-diff.csv"
"buff-frame","BuffButton17Duration","LOW","ARTWORK","NO-VERDICT","NO-VERDICT","live-runs\N2-0-2-5-buff-frame-20260801-165500\buff-frame-full-diff.csv"
"buff-frame","BuffButton17Icon","LOW","BACKGROUND","NO-VERDICT","NO-VERDICT","live-runs\N2-0-2-5-buff-frame-20260801-165500\buff-frame-full-diff.csv"
"buff-frame","BuffButton18","LOW","","NO-VERDICT","NO-VERDICT","live-runs\N2-0-2-5-buff-frame-20260801-165500\buff-frame-full-diff.csv"
"buff-frame","BuffButton18Border","LOW","OVERLAY","NO-VERDICT","NO-VERDICT","live-runs\N2-0-2-5-buff-frame-20260801-165500\buff-frame-full-diff.csv"
"buff-frame","BuffButton18Count","LOW","BACKGROUND","NO-VERDICT","NO-VERDICT","live-runs\N2-0-2-5-buff-frame-20260801-165500\buff-frame-full-diff.csv"
"buff-frame","BuffButton18Duration","LOW","ARTWORK","NO-VERDICT","NO-VERDICT","live-runs\N2-0-2-5-buff-frame-20260801-165500\buff-frame-full-diff.csv"
"buff-frame","BuffButton18Icon","LOW","BACKGROUND","NO-VERDICT","NO-VERDICT","live-runs\N2-0-2-5-buff-frame-20260801-165500\buff-frame-full-diff.csv"
"buff-frame","BuffButton19","LOW","","NO-VERDICT","NO-VERDICT","live-runs\N2-0-2-5-buff-frame-20260801-165500\buff-frame-full-diff.csv"
"buff-frame","BuffButton19Border","LOW","OVERLAY","NO-VERDICT","NO-VERDICT","live-runs\N2-0-2-5-buff-frame-20260801-165500\buff-frame-full-diff.csv"
"buff-frame","BuffButton19Count","LOW","BACKGROUND","NO-VERDICT","NO-VERDICT","live-runs\N2-0-2-5-buff-frame-20260801-165500\buff-frame-full-diff.csv"
"buff-frame","BuffButton19Duration","LOW","ARTWORK","NO-VERDICT","NO-VERDICT","live-runs\N2-0-2-5-buff-frame-20260801-165500\buff-frame-full-diff.csv"
"buff-frame","BuffButton19Icon","LOW","BACKGROUND","NO-VERDICT","NO-VERDICT","live-runs\N2-0-2-5-buff-frame-20260801-165500\buff-frame-full-diff.csv"
"buff-frame","BuffButton1Count","LOW","BACKGROUND","NO-VERDICT","NO-VERDICT","live-runs\N2-0-2-5-buff-frame-20260801-165500\buff-frame-full-diff.csv"
"buff-frame","BuffButton1Duration","LOW","ARTWORK","NO-VERDICT","NO-VERDICT","live-runs\N2-0-2-5-buff-frame-20260801-165500\buff-frame-full-diff.csv"
"buff-frame","BuffButton1Icon","LOW","BACKGROUND","NO-VERDICT","NO-VERDICT","live-runs\N2-0-2-5-buff-frame-20260801-165500\buff-frame-full-diff.csv"
"buff-frame","BuffButton2","LOW","","NO-VERDICT","NO-VERDICT","live-runs\N2-0-2-5-buff-frame-20260801-165500\buff-frame-full-diff.csv"
"buff-frame","BuffButton20","LOW","","NO-VERDICT","NO-VERDICT","live-runs\N2-0-2-5-buff-frame-20260801-165500\buff-frame-full-diff.csv"
"buff-frame","BuffButton20Border","LOW","OVERLAY","NO-VERDICT","NO-VERDICT","live-runs\N2-0-2-5-buff-frame-20260801-165500\buff-frame-full-diff.csv"
"buff-frame","BuffButton20Count","LOW","BACKGROUND","NO-VERDICT","NO-VERDICT","live-runs\N2-0-2-5-buff-frame-20260801-165500\buff-frame-full-diff.csv"
"buff-frame","BuffButton20Duration","LOW","ARTWORK","NO-VERDICT","NO-VERDICT","live-runs\N2-0-2-5-buff-frame-20260801-165500\buff-frame-full-diff.csv"
"buff-frame","BuffButton20Icon","LOW","BACKGROUND","NO-VERDICT","NO-VERDICT","live-runs\N2-0-2-5-buff-frame-20260801-165500\buff-frame-full-diff.csv"
"buff-frame","BuffButton21","LOW","","NO-VERDICT","NO-VERDICT","live-runs\N2-0-2-5-buff-frame-20260801-165500\buff-frame-full-diff.csv"
"buff-frame","BuffButton21Border","LOW","OVERLAY","NO-VERDICT","NO-VERDICT","live-runs\N2-0-2-5-buff-frame-20260801-165500\buff-frame-full-diff.csv"
"buff-frame","BuffButton21Count","LOW","BACKGROUND","NO-VERDICT","NO-VERDICT","live-runs\N2-0-2-5-buff-frame-20260801-165500\buff-frame-full-diff.csv"
"buff-frame","BuffButton21Duration","LOW","ARTWORK","NO-VERDICT","NO-VERDICT","live-runs\N2-0-2-5-buff-frame-20260801-165500\buff-frame-full-diff.csv"
"buff-frame","BuffButton21Icon","LOW","BACKGROUND","NO-VERDICT","NO-VERDICT","live-runs\N2-0-2-5-buff-frame-20260801-165500\buff-frame-full-diff.csv"
"buff-frame","BuffButton22","LOW","","NO-VERDICT","NO-VERDICT","live-runs\N2-0-2-5-buff-frame-20260801-165500\buff-frame-full-diff.csv"
"buff-frame","BuffButton22Border","LOW","OVERLAY","NO-VERDICT","NO-VERDICT","live-runs\N2-0-2-5-buff-frame-20260801-165500\buff-frame-full-diff.csv"
"buff-frame","BuffButton22Count","LOW","BACKGROUND","NO-VERDICT","NO-VERDICT","live-runs\N2-0-2-5-buff-frame-20260801-165500\buff-frame-full-diff.csv"
"buff-frame","BuffButton22Duration","LOW","ARTWORK","NO-VERDICT","NO-VERDICT","live-runs\N2-0-2-5-buff-frame-20260801-165500\buff-frame-full-diff.csv"
"buff-frame","BuffButton22Icon","LOW","BACKGROUND","NO-VERDICT","NO-VERDICT","live-runs\N2-0-2-5-buff-frame-20260801-165500\buff-frame-full-diff.csv"
"buff-frame","BuffButton23","LOW","","NO-VERDICT","NO-VERDICT","live-runs\N2-0-2-5-buff-frame-20260801-165500\buff-frame-full-diff.csv"
"buff-frame","BuffButton23Border","LOW","OVERLAY","NO-VERDICT","NO-VERDICT","live-runs\N2-0-2-5-buff-frame-20260801-165500\buff-frame-full-diff.csv"
"buff-frame","BuffButton23Count","LOW","BACKGROUND","NO-VERDICT","NO-VERDICT","live-runs\N2-0-2-5-buff-frame-20260801-165500\buff-frame-full-diff.csv"
"buff-frame","BuffButton23Duration","LOW","ARTWORK","NO-VERDICT","NO-VERDICT","live-runs\N2-0-2-5-buff-frame-20260801-165500\buff-frame-full-diff.csv"
"buff-frame","BuffButton23Icon","LOW","BACKGROUND","NO-VERDICT","NO-VERDICT","live-runs\N2-0-2-5-buff-frame-20260801-165500\buff-frame-full-diff.csv"
"buff-frame","BuffButton2Count","LOW","BACKGROUND","NO-VERDICT","NO-VERDICT","live-runs\N2-0-2-5-buff-frame-20260801-165500\buff-frame-full-diff.csv"
"buff-frame","BuffButton2Duration","LOW","ARTWORK","NO-VERDICT","NO-VERDICT","live-runs\N2-0-2-5-buff-frame-20260801-165500\buff-frame-full-diff.csv"
"buff-frame","BuffButton2Icon","LOW","BACKGROUND","NO-VERDICT","NO-VERDICT","live-runs\N2-0-2-5-buff-frame-20260801-165500\buff-frame-full-diff.csv"
"buff-frame","BuffButton3","LOW","","NO-VERDICT","NO-VERDICT","live-runs\N2-0-2-5-buff-frame-20260801-165500\buff-frame-full-diff.csv"
"buff-frame","BuffButton3Count","LOW","BACKGROUND","NO-VERDICT","NO-VERDICT","live-runs\N2-0-2-5-buff-frame-20260801-165500\buff-frame-full-diff.csv"
"buff-frame","BuffButton3Duration","LOW","ARTWORK","NO-VERDICT","NO-VERDICT","live-runs\N2-0-2-5-buff-frame-20260801-165500\buff-frame-full-diff.csv"
"buff-frame","BuffButton3Icon","LOW","BACKGROUND","NO-VERDICT","NO-VERDICT","live-runs\N2-0-2-5-buff-frame-20260801-165500\buff-frame-full-diff.csv"
"buff-frame","BuffButton4","LOW","","NO-VERDICT","NO-VERDICT","live-runs\N2-0-2-5-buff-frame-20260801-165500\buff-frame-full-diff.csv"
"buff-frame","BuffButton4Count","LOW","BACKGROUND","NO-VERDICT","NO-VERDICT","live-runs\N2-0-2-5-buff-frame-20260801-165500\buff-frame-full-diff.csv"
"buff-frame","BuffButton4Duration","LOW","ARTWORK","NO-VERDICT","NO-VERDICT","live-runs\N2-0-2-5-buff-frame-20260801-165500\buff-frame-full-diff.csv"
"buff-frame","BuffButton4Icon","LOW","BACKGROUND","NO-VERDICT","NO-VERDICT","live-runs\N2-0-2-5-buff-frame-20260801-165500\buff-frame-full-diff.csv"
"buff-frame","BuffButton5","LOW","","NO-VERDICT","NO-VERDICT","live-runs\N2-0-2-5-buff-frame-20260801-165500\buff-frame-full-diff.csv"
"buff-frame","BuffButton5Count","LOW","BACKGROUND","NO-VERDICT","NO-VERDICT","live-runs\N2-0-2-5-buff-frame-20260801-165500\buff-frame-full-diff.csv"
"buff-frame","BuffButton5Duration","LOW","ARTWORK","NO-VERDICT","NO-VERDICT","live-runs\N2-0-2-5-buff-frame-20260801-165500\buff-frame-full-diff.csv"
"buff-frame","BuffButton5Icon","LOW","BACKGROUND","NO-VERDICT","NO-VERDICT","live-runs\N2-0-2-5-buff-frame-20260801-165500\buff-frame-full-diff.csv"
"buff-frame","BuffButton6","LOW","","NO-VERDICT","NO-VERDICT","live-runs\N2-0-2-5-buff-frame-20260801-165500\buff-frame-full-diff.csv"
"buff-frame","BuffButton6Count","LOW","BACKGROUND","NO-VERDICT","NO-VERDICT","live-runs\N2-0-2-5-buff-frame-20260801-165500\buff-frame-full-diff.csv"
"buff-frame","BuffButton6Duration","LOW","ARTWORK","NO-VERDICT","NO-VERDICT","live-runs\N2-0-2-5-buff-frame-20260801-165500\buff-frame-full-diff.csv"
"buff-frame","BuffButton6Icon","LOW","BACKGROUND","NO-VERDICT","NO-VERDICT","live-runs\N2-0-2-5-buff-frame-20260801-165500\buff-frame-full-diff.csv"
"buff-frame","BuffButton7","LOW","","NO-VERDICT","NO-VERDICT","live-runs\N2-0-2-5-buff-frame-20260801-165500\buff-frame-full-diff.csv"
"buff-frame","BuffButton7Count","LOW","BACKGROUND","NO-VERDICT","NO-VERDICT","live-runs\N2-0-2-5-buff-frame-20260801-165500\buff-frame-full-diff.csv"
"buff-frame","BuffButton7Duration","LOW","ARTWORK","NO-VERDICT","NO-VERDICT","live-runs\N2-0-2-5-buff-frame-20260801-165500\buff-frame-full-diff.csv"
"buff-frame","BuffButton7Icon","LOW","BACKGROUND","NO-VERDICT","NO-VERDICT","live-runs\N2-0-2-5-buff-frame-20260801-165500\buff-frame-full-diff.csv"
"buff-frame","BuffButton8","LOW","","NO-VERDICT","NO-VERDICT","live-runs\N2-0-2-5-buff-frame-20260801-165500\buff-frame-full-diff.csv"
"buff-frame","BuffButton8Count","LOW","BACKGROUND","NO-VERDICT","NO-VERDICT","live-runs\N2-0-2-5-buff-frame-20260801-165500\buff-frame-full-diff.csv"
"buff-frame","BuffButton8Duration","LOW","ARTWORK","NO-VERDICT","NO-VERDICT","live-runs\N2-0-2-5-buff-frame-20260801-165500\buff-frame-full-diff.csv"
"buff-frame","BuffButton8Icon","LOW","BACKGROUND","NO-VERDICT","NO-VERDICT","live-runs\N2-0-2-5-buff-frame-20260801-165500\buff-frame-full-diff.csv"
"buff-frame","BuffButton9","LOW","","NO-VERDICT","NO-VERDICT","live-runs\N2-0-2-5-buff-frame-20260801-165500\buff-frame-full-diff.csv"
"buff-frame","BuffButton9Count","LOW","BACKGROUND","NO-VERDICT","NO-VERDICT","live-runs\N2-0-2-5-buff-frame-20260801-165500\buff-frame-full-diff.csv"
"buff-frame","BuffButton9Duration","LOW","ARTWORK","NO-VERDICT","NO-VERDICT","live-runs\N2-0-2-5-buff-frame-20260801-165500\buff-frame-full-diff.csv"
"buff-frame","BuffButton9Icon","LOW","BACKGROUND","NO-VERDICT","NO-VERDICT","live-runs\N2-0-2-5-buff-frame-20260801-165500\buff-frame-full-diff.csv"
"buff-frame","BuffFrame","LOW","","LOW|","PASS","live-runs\N2-0-2-5-buff-frame-20260801-165500\buff-frame-full-diff.csv"
"cast-bar","CastingBarBorder","","ARTWORK","|ARTWORK","PASS","live-runs\N2-0-2-4-cast-bar-20260801-164000\cast-bar-full-diff.csv"
"cast-bar","CastingBarFlash","","OVERLAY","NO-VERDICT","NO-VERDICT","live-runs\N2-0-2-4-cast-bar-20260801-164000\cast-bar-full-diff.csv"
"cast-bar","CastingBarFrame","","BORDER","|BORDER","PASS","live-runs\N2-0-2-4-cast-bar-20260801-164000\cast-bar-full-diff.csv"
"cast-bar","CastingBarFrame/Texture","","BACKGROUND","NO-VERDICT","NO-VERDICT","live-runs\N2-0-2-4-cast-bar-20260801-164000\cast-bar-full-diff.csv"
"cast-bar","CastingBarSpark","","OVERLAY","|OVERLAY","PASS","live-runs\N2-0-2-4-cast-bar-20260801-164000\cast-bar-full-diff.csv"
"cast-bar","CastingBarText","","ARTWORK","|ARTWORK","PASS","live-runs\N2-0-2-4-cast-bar-20260801-164000\cast-bar-full-diff.csv"
"character-frame","CharacterFrame","","","IMGUI_WINDOW|IMGUI_HOST","DELTA","live-runs\N2-0-3-1-character-frame-20260801-190000\character-frame-diff.csv"
"character-frame","CharacterFrameCloseButton","","","NOT-DRAWN","NOT-DRAWN","live-runs\N2-0-3-1-character-frame-20260801-190000\character-frame-diff.csv"
"character-frame","CharacterFrameCloseButton/HighlightTexture","","","NOT-DRAWN","NOT-DRAWN","live-runs\N2-0-3-1-character-frame-20260801-190000\character-frame-diff.csv"
"character-frame","CharacterFrameCloseButton/NormalTexture","","","NOT-DRAWN","NOT-DRAWN","live-runs\N2-0-3-1-character-frame-20260801-190000\character-frame-diff.csv"
"character-frame","CharacterFrameCloseButton/PushedTexture","","","NOT-DRAWN","NOT-DRAWN","live-runs\N2-0-3-1-character-frame-20260801-190000\character-frame-diff.csv"
"character-frame","CharacterFramePortrait","","ARTWORK","NOT-DRAWN","NOT-DRAWN","live-runs\N2-0-3-1-character-frame-20260801-190000\character-frame-diff.csv"
"character-frame","CharacterFrameTab1","","","NOT-DRAWN","NOT-DRAWN","live-runs\N2-0-3-1-character-frame-20260801-190000\character-frame-diff.csv"
"character-frame","CharacterFrameTab2","","","NOT-DRAWN","NOT-DRAWN","live-runs\N2-0-3-1-character-frame-20260801-190000\character-frame-diff.csv"
"character-frame","CharacterFrameTab3","","","NOT-DRAWN","NOT-DRAWN","live-runs\N2-0-3-1-character-frame-20260801-190000\character-frame-diff.csv"
"character-frame","CharacterFrameTab4","","","NOT-DRAWN","NOT-DRAWN","live-runs\N2-0-3-1-character-frame-20260801-190000\character-frame-diff.csv"
"character-frame","CharacterFrameTab5","","","NOT-DRAWN","NOT-DRAWN","live-runs\N2-0-3-1-character-frame-20260801-190000\character-frame-diff.csv"
"character-frame","CharacterNameFrame","","","NOT-DRAWN","NOT-DRAWN","live-runs\N2-0-3-1-character-frame-20260801-190000\character-frame-diff.csv"
"character-frame","CharacterNameText","","","NOT-DRAWN","NOT-DRAWN","live-runs\N2-0-3-1-character-frame-20260801-190000\character-frame-diff.csv"
"chat-edit","ChatFrameEditBox","DIALOG","","NO-VERDICT","NO-VERDICT","live-runs\N2-0-2-7-chat-frame-20260801-173500\chat-frame-full-diff.csv"
"chat-edit","ChatFrameEditBox/FontString","DIALOG","","NO-VERDICT","NO-VERDICT","live-runs\N2-0-2-7-chat-frame-20260801-173500\chat-frame-full-diff.csv"
"chat-edit","ChatFrameEditBox/Texture","DIALOG","BACKGROUND","NO-VERDICT","NO-VERDICT","live-runs\N2-0-2-7-chat-frame-20260801-173500\chat-frame-full-diff.csv"
"chat-edit","ChatFrameEditBoxHeader","DIALOG","ARTWORK","NO-VERDICT","NO-VERDICT","live-runs\N2-0-2-7-chat-frame-20260801-173500\chat-frame-full-diff.csv"
"chat-edit","ChatFrameEditBoxLeft","DIALOG","BACKGROUND","NO-VERDICT","NO-VERDICT","live-runs\N2-0-2-7-chat-frame-20260801-173500\chat-frame-full-diff.csv"
"chat-edit","ChatFrameEditBoxRight","DIALOG","BACKGROUND","NO-VERDICT","NO-VERDICT","live-runs\N2-0-2-7-chat-frame-20260801-173500\chat-frame-full-diff.csv"
"game-menu","GameMenuButtonContinue","DIALOG","","IMGUI_WINDOW|IMGUI_BUTTON","DELTA","live-runs\N2-0-4-1-game-menu-20260801-223000\game-menu-diff.csv"
"game-menu","GameMenuButtonContinue/DisabledTexture","DIALOG","","NOT-DRAWN","NOT-DRAWN","live-runs\N2-0-4-1-game-menu-20260801-223000\game-menu-diff.csv"
"game-menu","GameMenuButtonContinue/HighlightTexture","DIALOG","","NOT-DRAWN","NOT-DRAWN","live-runs\N2-0-4-1-game-menu-20260801-223000\game-menu-diff.csv"
"game-menu","GameMenuButtonContinue/NormalTexture","DIALOG","","NOT-DRAWN","NOT-DRAWN","live-runs\N2-0-4-1-game-menu-20260801-223000\game-menu-diff.csv"
"game-menu","GameMenuButtonContinue/PushedTexture","DIALOG","","NOT-DRAWN","NOT-DRAWN","live-runs\N2-0-4-1-game-menu-20260801-223000\game-menu-diff.csv"
"game-menu","GameMenuButtonKeybindings","DIALOG","","IMGUI_WINDOW|IMGUI_BUTTON","DELTA","live-runs\N2-0-4-1-game-menu-20260801-223000\game-menu-diff.csv"
"game-menu","GameMenuButtonKeybindings/DisabledTexture","DIALOG","","NOT-DRAWN","NOT-DRAWN","live-runs\N2-0-4-1-game-menu-20260801-223000\game-menu-diff.csv"
"game-menu","GameMenuButtonKeybindings/HighlightTexture","DIALOG","","NOT-DRAWN","NOT-DRAWN","live-runs\N2-0-4-1-game-menu-20260801-223000\game-menu-diff.csv"
"game-menu","GameMenuButtonKeybindings/NormalTexture","DIALOG","","NOT-DRAWN","NOT-DRAWN","live-runs\N2-0-4-1-game-menu-20260801-223000\game-menu-diff.csv"
"game-menu","GameMenuButtonKeybindings/PushedTexture","DIALOG","","NOT-DRAWN","NOT-DRAWN","live-runs\N2-0-4-1-game-menu-20260801-223000\game-menu-diff.csv"
"game-menu","GameMenuButtonLogout","DIALOG","","IMGUI_WINDOW|IMGUI_BUTTON","DELTA","live-runs\N2-0-4-1-game-menu-20260801-223000\game-menu-diff.csv"
"game-menu","GameMenuButtonLogout/DisabledTexture","DIALOG","","NOT-DRAWN","NOT-DRAWN","live-runs\N2-0-4-1-game-menu-20260801-223000\game-menu-diff.csv"
"game-menu","GameMenuButtonLogout/HighlightTexture","DIALOG","","NOT-DRAWN","NOT-DRAWN","live-runs\N2-0-4-1-game-menu-20260801-223000\game-menu-diff.csv"
"game-menu","GameMenuButtonLogout/NormalTexture","DIALOG","","NOT-DRAWN","NOT-DRAWN","live-runs\N2-0-4-1-game-menu-20260801-223000\game-menu-diff.csv"
"game-menu","GameMenuButtonLogout/PushedTexture","DIALOG","","NOT-DRAWN","NOT-DRAWN","live-runs\N2-0-4-1-game-menu-20260801-223000\game-menu-diff.csv"
"game-menu","GameMenuButtonMacros","DIALOG","","IMGUI_WINDOW|IMGUI_BUTTON","DELTA","live-runs\N2-0-4-1-game-menu-20260801-223000\game-menu-diff.csv"
"game-menu","GameMenuButtonMacros/DisabledTexture","DIALOG","","NOT-DRAWN","NOT-DRAWN","live-runs\N2-0-4-1-game-menu-20260801-223000\game-menu-diff.csv"
"game-menu","GameMenuButtonMacros/HighlightTexture","DIALOG","","NOT-DRAWN","NOT-DRAWN","live-runs\N2-0-4-1-game-menu-20260801-223000\game-menu-diff.csv"
"game-menu","GameMenuButtonMacros/NormalTexture","DIALOG","","NOT-DRAWN","NOT-DRAWN","live-runs\N2-0-4-1-game-menu-20260801-223000\game-menu-diff.csv"
"game-menu","GameMenuButtonMacros/PushedTexture","DIALOG","","NOT-DRAWN","NOT-DRAWN","live-runs\N2-0-4-1-game-menu-20260801-223000\game-menu-diff.csv"
"game-menu","GameMenuButtonOptions","DIALOG","","IMGUI_WINDOW|IMGUI_BUTTON","DELTA","live-runs\N2-0-4-1-game-menu-20260801-223000\game-menu-diff.csv"
"game-menu","GameMenuButtonOptions/DisabledTexture","DIALOG","","NOT-DRAWN","NOT-DRAWN","live-runs\N2-0-4-1-game-menu-20260801-223000\game-menu-diff.csv"
"game-menu","GameMenuButtonOptions/HighlightTexture","DIALOG","","NOT-DRAWN","NOT-DRAWN","live-runs\N2-0-4-1-game-menu-20260801-223000\game-menu-diff.csv"
"game-menu","GameMenuButtonOptions/NormalTexture","DIALOG","","NOT-DRAWN","NOT-DRAWN","live-runs\N2-0-4-1-game-menu-20260801-223000\game-menu-diff.csv"
"game-menu","GameMenuButtonOptions/PushedTexture","DIALOG","","NOT-DRAWN","NOT-DRAWN","live-runs\N2-0-4-1-game-menu-20260801-223000\game-menu-diff.csv"
"game-menu","GameMenuButtonQuit","DIALOG","","IMGUI_WINDOW|IMGUI_BUTTON","DELTA","live-runs\N2-0-4-1-game-menu-20260801-223000\game-menu-diff.csv"
"game-menu","GameMenuButtonQuit/DisabledTexture","DIALOG","","NOT-DRAWN","NOT-DRAWN","live-runs\N2-0-4-1-game-menu-20260801-223000\game-menu-diff.csv"
"game-menu","GameMenuButtonQuit/HighlightTexture","DIALOG","","NOT-DRAWN","NOT-DRAWN","live-runs\N2-0-4-1-game-menu-20260801-223000\game-menu-diff.csv"
"game-menu","GameMenuButtonQuit/NormalTexture","DIALOG","","NOT-DRAWN","NOT-DRAWN","live-runs\N2-0-4-1-game-menu-20260801-223000\game-menu-diff.csv"
"game-menu","GameMenuButtonQuit/PushedTexture","DIALOG","","NOT-DRAWN","NOT-DRAWN","live-runs\N2-0-4-1-game-menu-20260801-223000\game-menu-diff.csv"
"game-menu","GameMenuButtonSoundOptions","DIALOG","","IMGUI_WINDOW|IMGUI_BUTTON","DELTA","live-runs\N2-0-4-1-game-menu-20260801-223000\game-menu-diff.csv"
"game-menu","GameMenuButtonSoundOptions/DisabledTexture","DIALOG","","NOT-DRAWN","NOT-DRAWN","live-runs\N2-0-4-1-game-menu-20260801-223000\game-menu-diff.csv"
"game-menu","GameMenuButtonSoundOptions/HighlightTexture","DIALOG","","NOT-DRAWN","NOT-DRAWN","live-runs\N2-0-4-1-game-menu-20260801-223000\game-menu-diff.csv"
"game-menu","GameMenuButtonSoundOptions/NormalTexture","DIALOG","","NOT-DRAWN","NOT-DRAWN","live-runs\N2-0-4-1-game-menu-20260801-223000\game-menu-diff.csv"
"game-menu","GameMenuButtonSoundOptions/PushedTexture","DIALOG","","NOT-DRAWN","NOT-DRAWN","live-runs\N2-0-4-1-game-menu-20260801-223000\game-menu-diff.csv"
"game-menu","GameMenuButtonUIOptions","DIALOG","","IMGUI_WINDOW|IMGUI_BUTTON","DELTA","live-runs\N2-0-4-1-game-menu-20260801-223000\game-menu-diff.csv"
"game-menu","GameMenuButtonUIOptions/DisabledTexture","DIALOG","","NOT-DRAWN","NOT-DRAWN","live-runs\N2-0-4-1-game-menu-20260801-223000\game-menu-diff.csv"
"game-menu","GameMenuButtonUIOptions/HighlightTexture","DIALOG","","NOT-DRAWN","NOT-DRAWN","live-runs\N2-0-4-1-game-menu-20260801-223000\game-menu-diff.csv"
"game-menu","GameMenuButtonUIOptions/NormalTexture","DIALOG","","NOT-DRAWN","NOT-DRAWN","live-runs\N2-0-4-1-game-menu-20260801-223000\game-menu-diff.csv"
"game-menu","GameMenuButtonUIOptions/PushedTexture","DIALOG","","NOT-DRAWN","NOT-DRAWN","live-runs\N2-0-4-1-game-menu-20260801-223000\game-menu-diff.csv"
"game-menu","GameMenuFrame","DIALOG","","IMGUI_WINDOW|IMGUI_HOST","DELTA","live-runs\N2-0-4-1-game-menu-20260801-223000\game-menu-diff.csv"
"game-menu","GameMenuFrame/FontString","DIALOG","ARTWORK","NOT-DRAWN","NOT-DRAWN","live-runs\N2-0-4-1-game-menu-20260801-223000\game-menu-diff.csv"
"game-menu","GameMenuFrameHeader","DIALOG","ARTWORK","IMGUI_WINDOW|IMGUI_IMAGE","DELTA","live-runs\N2-0-4-1-game-menu-20260801-223000\game-menu-diff.csv"
"gossip","GossipFrame","","","IMGUI_WINDOW|IMGUI_HOST","DELTA","live-runs\N2-0-3-12-gossip-20260801-214500\gossip-diff.csv"
"gossip","GossipFrameCloseButton","","","NOT-DRAWN","NOT-DRAWN","live-runs\N2-0-3-12-gossip-20260801-214500\gossip-diff.csv"
"gossip","GossipFrameCloseButton/HighlightTexture","","","NOT-DRAWN","NOT-DRAWN","live-runs\N2-0-3-12-gossip-20260801-214500\gossip-diff.csv"
"gossip","GossipFrameCloseButton/NormalTexture","","","NOT-DRAWN","NOT-DRAWN","live-runs\N2-0-3-12-gossip-20260801-214500\gossip-diff.csv"
"gossip","GossipFrameCloseButton/PushedTexture","","","NOT-DRAWN","NOT-DRAWN","live-runs\N2-0-3-12-gossip-20260801-214500\gossip-diff.csv"
"gossip","GossipFrameGreetingGoodbyeButton","","","NOT-DRAWN","NOT-DRAWN","live-runs\N2-0-3-12-gossip-20260801-214500\gossip-diff.csv"
"gossip","GossipFrameGreetingGoodbyeButton/DisabledTexture","","","NOT-DRAWN","NOT-DRAWN","live-runs\N2-0-3-12-gossip-20260801-214500\gossip-diff.csv"
"gossip","GossipFrameGreetingGoodbyeButton/HighlightTexture","","","NOT-DRAWN","NOT-DRAWN","live-runs\N2-0-3-12-gossip-20260801-214500\gossip-diff.csv"
"gossip","GossipFrameGreetingGoodbyeButton/NormalTexture","","","NOT-DRAWN","NOT-DRAWN","live-runs\N2-0-3-12-gossip-20260801-214500\gossip-diff.csv"
"gossip","GossipFrameGreetingGoodbyeButton/PushedTexture","","","NOT-DRAWN","NOT-DRAWN","live-runs\N2-0-3-12-gossip-20260801-214500\gossip-diff.csv"
"gossip","GossipFrameGreetingPanel","","","NOT-DRAWN","NOT-DRAWN","live-runs\N2-0-3-12-gossip-20260801-214500\gossip-diff.csv"
"gossip","GossipFrameGreetingPanel/Texture","","BACKGROUND","IMGUI_WINDOW|IMGUI_IMAGE","DELTA","live-runs\N2-0-3-12-gossip-20260801-214500\gossip-diff.csv"
"gossip","GossipFrameGreetingPanel/Texture#2","","BACKGROUND","IMGUI_WINDOW|IMGUI_IMAGE","DELTA","live-runs\N2-0-3-12-gossip-20260801-214500\gossip-diff.csv"
"gossip","GossipFrameGreetingPanel/Texture#3","","BACKGROUND","IMGUI_WINDOW|IMGUI_IMAGE","DELTA","live-runs\N2-0-3-12-gossip-20260801-214500\gossip-diff.csv"
"gossip","GossipFrameGreetingPanel/Texture#4","","BACKGROUND","IMGUI_WINDOW|IMGUI_IMAGE","DELTA","live-runs\N2-0-3-12-gossip-20260801-214500\gossip-diff.csv"
"gossip","GossipFrameGreetingPanel/Texture#5","","ARTWORK","IMGUI_WINDOW|IMGUI_IMAGE","DELTA","live-runs\N2-0-3-12-gossip-20260801-214500\gossip-diff.csv"
"gossip","GossipFrameGreetingPanelMaterialBotLeft","","BORDER","NOT-DRAWN","NOT-DRAWN","live-runs\N2-0-3-12-gossip-20260801-214500\gossip-diff.csv"
"gossip","GossipFrameGreetingPanelMaterialBotRight","","BORDER","NOT-DRAWN","NOT-DRAWN","live-runs\N2-0-3-12-gossip-20260801-214500\gossip-diff.csv"
"gossip","GossipFrameGreetingPanelMaterialTopLeft","","BORDER","NOT-DRAWN","NOT-DRAWN","live-runs\N2-0-3-12-gossip-20260801-214500\gossip-diff.csv"
"gossip","GossipFrameGreetingPanelMaterialTopRight","","BORDER","NOT-DRAWN","NOT-DRAWN","live-runs\N2-0-3-12-gossip-20260801-214500\gossip-diff.csv"
"gossip","GossipFrameNpcNameText","","BACKGROUND","NOT-DRAWN","NOT-DRAWN","live-runs\N2-0-3-12-gossip-20260801-214500\gossip-diff.csv"
"gossip","GossipFramePortrait","","ARTWORK","NOT-DRAWN","NOT-DRAWN","live-runs\N2-0-3-12-gossip-20260801-214500\gossip-diff.csv"
"gossip","GossipNpcNameFrame","","","NOT-DRAWN","NOT-DRAWN","live-runs\N2-0-3-12-gossip-20260801-214500\gossip-diff.csv"
"guild","GuildFrame","","","IMGUI_WINDOW|IMGUI_HOST","DELTA","live-runs\N2-0-3-11-guild-20260801-213000\guild-diff.csv"
"guild","GuildFrameAddMemberButton","","","NOT-DRAWN","NOT-DRAWN","live-runs\N2-0-3-11-guild-20260801-213000\guild-diff.csv"
"guild","GuildFrameAddMemberButton/DisabledTexture","","","NOT-DRAWN","NOT-DRAWN","live-runs\N2-0-3-11-guild-20260801-213000\guild-diff.csv"
"guild","GuildFrameAddMemberButton/HighlightTexture","","","NOT-DRAWN","NOT-DRAWN","live-runs\N2-0-3-11-guild-20260801-213000\guild-diff.csv"
"guild","GuildFrameAddMemberButton/NormalTexture","","","NOT-DRAWN","NOT-DRAWN","live-runs\N2-0-3-11-guild-20260801-213000\guild-diff.csv"
"guild","GuildFrameAddMemberButton/PushedTexture","","","NOT-DRAWN","NOT-DRAWN","live-runs\N2-0-3-11-guild-20260801-213000\guild-diff.csv"
"guild","GuildFrameControlButton","","","NOT-DRAWN","NOT-DRAWN","live-runs\N2-0-3-11-guild-20260801-213000\guild-diff.csv"
"guild","GuildFrameControlButton/DisabledTexture","","","NOT-DRAWN","NOT-DRAWN","live-runs\N2-0-3-11-guild-20260801-213000\guild-diff.csv"
"guild","GuildFrameControlButton/HighlightTexture","","","NOT-DRAWN","NOT-DRAWN","live-runs\N2-0-3-11-guild-20260801-213000\guild-diff.csv"
"guild","GuildFrameControlButton/NormalTexture","","","NOT-DRAWN","NOT-DRAWN","live-runs\N2-0-3-11-guild-20260801-213000\guild-diff.csv"
"guild","GuildFrameControlButton/PushedTexture","","","NOT-DRAWN","NOT-DRAWN","live-runs\N2-0-3-11-guild-20260801-213000\guild-diff.csv"
"guild","GuildFrameDemoteButton","","","NOT-DRAWN","NOT-DRAWN","live-runs\N2-0-3-11-guild-20260801-213000\guild-diff.csv"
"guild","GuildFrameDemoteButton/DisabledTexture","","","NOT-DRAWN","NOT-DRAWN","live-runs\N2-0-3-11-guild-20260801-213000\guild-diff.csv"
"guild","GuildFrameDemoteButton/HighlightTexture","","","NOT-DRAWN","NOT-DRAWN","live-runs\N2-0-3-11-guild-20260801-213000\guild-diff.csv"
"guild","GuildFrameDemoteButton/NormalTexture","","","NOT-DRAWN","NOT-DRAWN","live-runs\N2-0-3-11-guild-20260801-213000\guild-diff.csv"
"guild","GuildFrameDemoteButton/PushedTexture","","","NOT-DRAWN","NOT-DRAWN","live-runs\N2-0-3-11-guild-20260801-213000\guild-diff.csv"
"guild","GuildFrameEditBox","","","NOT-DRAWN","NOT-DRAWN","live-runs\N2-0-3-11-guild-20260801-213000\guild-diff.csv"
"guild","GuildFrameEditBoxText","","BACKGROUND","NOT-DRAWN","NOT-DRAWN","live-runs\N2-0-3-11-guild-20260801-213000\guild-diff.csv"
"guild","GuildFrameGroupInviteButton","","","NOT-DRAWN","NOT-DRAWN","live-runs\N2-0-3-11-guild-20260801-213000\guild-diff.csv"
"guild","GuildFrameGroupInviteButton/DisabledTexture","","","NOT-DRAWN","NOT-DRAWN","live-runs\N2-0-3-11-guild-20260801-213000\guild-diff.csv"
"guild","GuildFrameGroupInviteButton/HighlightTexture","","","NOT-DRAWN","NOT-DRAWN","live-runs\N2-0-3-11-guild-20260801-213000\guild-diff.csv"
"guild","GuildFrameGroupInviteButton/NormalTexture","","","NOT-DRAWN","NOT-DRAWN","live-runs\N2-0-3-11-guild-20260801-213000\guild-diff.csv"
"guild","GuildFrameGroupInviteButton/PushedTexture","","","NOT-DRAWN","NOT-DRAWN","live-runs\N2-0-3-11-guild-20260801-213000\guild-diff.csv"
"guild","GuildFrameGuildListToggleButton","","","NOT-DRAWN","NOT-DRAWN","live-runs\N2-0-3-11-guild-20260801-213000\guild-diff.csv"
"guild","GuildFrameGuildListToggleButton/DisabledTexture","","","NOT-DRAWN","NOT-DRAWN","live-runs\N2-0-3-11-guild-20260801-213000\guild-diff.csv"
"guild","GuildFrameGuildListToggleButton/HighlightTexture","","","NOT-DRAWN","NOT-DRAWN","live-runs\N2-0-3-11-guild-20260801-213000\guild-diff.csv"
"guild","GuildFrameGuildListToggleButton/NormalTexture","","","NOT-DRAWN","NOT-DRAWN","live-runs\N2-0-3-11-guild-20260801-213000\guild-diff.csv"
"guild","GuildFrameGuildListToggleButton/PushedTexture","","","NOT-DRAWN","NOT-DRAWN","live-runs\N2-0-3-11-guild-20260801-213000\guild-diff.csv"
"guild","GuildFrameGuildMOTDToggleButton","","","NOT-DRAWN","NOT-DRAWN","live-runs\N2-0-3-11-guild-20260801-213000\guild-diff.csv"
"guild","GuildFrameGuildMOTDToggleButton/DisabledTexture","","","NOT-DRAWN","NOT-DRAWN","live-runs\N2-0-3-11-guild-20260801-213000\guild-diff.csv"
"guild","GuildFrameGuildMOTDToggleButton/HighlightTexture","","","NOT-DRAWN","NOT-DRAWN","live-runs\N2-0-3-11-guild-20260801-213000\guild-diff.csv"
"guild","GuildFrameGuildMOTDToggleButton/NormalTexture","","","NOT-DRAWN","NOT-DRAWN","live-runs\N2-0-3-11-guild-20260801-213000\guild-diff.csv"
"guild","GuildFrameLFGButton","","","NOT-DRAWN","NOT-DRAWN","live-runs\N2-0-3-11-guild-20260801-213000\guild-diff.csv"
"guild","GuildFrameLFGButton/CheckedTexture","","","NOT-DRAWN","NOT-DRAWN","live-runs\N2-0-3-11-guild-20260801-213000\guild-diff.csv"
"guild","GuildFrameLFGButton/HighlightTexture","","","NOT-DRAWN","NOT-DRAWN","live-runs\N2-0-3-11-guild-20260801-213000\guild-diff.csv"
"guild","GuildFrameLFGButton/NormalTexture","","","NOT-DRAWN","NOT-DRAWN","live-runs\N2-0-3-11-guild-20260801-213000\guild-diff.csv"
"guild","GuildFrameLFGButton/PushedTexture","","","NOT-DRAWN","NOT-DRAWN","live-runs\N2-0-3-11-guild-20260801-213000\guild-diff.csv"
"guild","GuildFrameLFGButtonText","","ARTWORK","NOT-DRAWN","NOT-DRAWN","live-runs\N2-0-3-11-guild-20260801-213000\guild-diff.csv"
"guild","GuildFrameLFGFrame","","","NOT-DRAWN","NOT-DRAWN","live-runs\N2-0-3-11-guild-20260801-213000\guild-diff.csv"
"guild","GuildFrameLFGFrameLeft","","BACKGROUND","NOT-DRAWN","NOT-DRAWN","live-runs\N2-0-3-11-guild-20260801-213000\guild-diff.csv"
"guild","GuildFrameLFGFrameMiddle","","BACKGROUND","NOT-DRAWN","NOT-DRAWN","live-runs\N2-0-3-11-guild-20260801-213000\guild-diff.csv"
"guild","GuildFrameLFGFrameRight","","BACKGROUND","NOT-DRAWN","NOT-DRAWN","live-runs\N2-0-3-11-guild-20260801-213000\guild-diff.csv"
"guild","GuildFrameNotesLabel","","ARTWORK","NOT-DRAWN","NOT-DRAWN","live-runs\N2-0-3-11-guild-20260801-213000\guild-diff.csv"
"guild","GuildFrameOfficerNoteToggleButton","","","NOT-DRAWN","NOT-DRAWN","live-runs\N2-0-3-11-guild-20260801-213000\guild-diff.csv"
"guild","GuildFrameOfficerNoteToggleButton/DisabledTexture","","","NOT-DRAWN","NOT-DRAWN","live-runs\N2-0-3-11-guild-20260801-213000\guild-diff.csv"
"guild","GuildFrameOfficerNoteToggleButton/HighlightTexture","","","NOT-DRAWN","NOT-DRAWN","live-runs\N2-0-3-11-guild-20260801-213000\guild-diff.csv"
"guild","GuildFrameOfficerNoteToggleButton/NormalTexture","","","NOT-DRAWN","NOT-DRAWN","live-runs\N2-0-3-11-guild-20260801-213000\guild-diff.csv"
"guild","GuildFrameOnlineTotals","","ARTWORK","NOT-DRAWN","NOT-DRAWN","live-runs\N2-0-3-11-guild-20260801-213000\guild-diff.csv"
"guild","GuildFramePromoteButton","","","NOT-DRAWN","NOT-DRAWN","live-runs\N2-0-3-11-guild-20260801-213000\guild-diff.csv"
"guild","GuildFramePromoteButton/DisabledTexture","","","NOT-DRAWN","NOT-DRAWN","live-runs\N2-0-3-11-guild-20260801-213000\guild-diff.csv"
"guild","GuildFramePromoteButton/HighlightTexture","","","NOT-DRAWN","NOT-DRAWN","live-runs\N2-0-3-11-guild-20260801-213000\guild-diff.csv"
"guild","GuildFramePromoteButton/NormalTexture","","","NOT-DRAWN","NOT-DRAWN","live-runs\N2-0-3-11-guild-20260801-213000\guild-diff.csv"
"guild","GuildFramePromoteButton/PushedTexture","","","NOT-DRAWN","NOT-DRAWN","live-runs\N2-0-3-11-guild-20260801-213000\guild-diff.csv"
"guild","GuildFramePublicNoteToggleButton","","","NOT-DRAWN","NOT-DRAWN","live-runs\N2-0-3-11-guild-20260801-213000\guild-diff.csv"
"guild","GuildFramePublicNoteToggleButton/DisabledTexture","","","NOT-DRAWN","NOT-DRAWN","live-runs\N2-0-3-11-guild-20260801-213000\guild-diff.csv"
"guild","GuildFramePublicNoteToggleButton/HighlightTexture","","","NOT-DRAWN","NOT-DRAWN","live-runs\N2-0-3-11-guild-20260801-213000\guild-diff.csv"
"guild","GuildFramePublicNoteToggleButton/NormalTexture","","","NOT-DRAWN","NOT-DRAWN","live-runs\N2-0-3-11-guild-20260801-213000\guild-diff.csv"
"guild","GuildFrameRemoveMemberButton","","","NOT-DRAWN","NOT-DRAWN","live-runs\N2-0-3-11-guild-20260801-213000\guild-diff.csv"
"guild","GuildFrameRemoveMemberButton/DisabledTexture","","","NOT-DRAWN","NOT-DRAWN","live-runs\N2-0-3-11-guild-20260801-213000\guild-diff.csv"
"guild","GuildFrameRemoveMemberButton/HighlightTexture","","","NOT-DRAWN","NOT-DRAWN","live-runs\N2-0-3-11-guild-20260801-213000\guild-diff.csv"
"guild","GuildFrameRemoveMemberButton/NormalTexture","","","NOT-DRAWN","NOT-DRAWN","live-runs\N2-0-3-11-guild-20260801-213000\guild-diff.csv"
"guild","GuildFrameRemoveMemberButton/PushedTexture","","","NOT-DRAWN","NOT-DRAWN","live-runs\N2-0-3-11-guild-20260801-213000\guild-diff.csv"
"guild","GuildFrameTotals","","ARTWORK","NOT-DRAWN","NOT-DRAWN","live-runs\N2-0-3-11-guild-20260801-213000\guild-diff.csv"
"keybindings","KeyBindingFrame","DIALOG","","IMGUI_WINDOW|IMGUI_HOST","DELTA","live-runs\N2-0-4-3-keybindings-20260801-230000\keybindings-diff.csv"
"keybindings","KeyBindingFrame/FontString","DIALOG","ARTWORK","NOT-DRAWN","NOT-DRAWN","live-runs\N2-0-4-3-keybindings-20260801-230000\keybindings-diff.csv"
"keybindings","KeyBindingFrame/Texture","DIALOG","BACKGROUND","IMGUI_WINDOW|IMGUI_IMAGE","DELTA","live-runs\N2-0-4-3-keybindings-20260801-230000\keybindings-diff.csv"
"keybindings","KeyBindingFrame/Texture#2","DIALOG","BACKGROUND","IMGUI_WINDOW|IMGUI_IMAGE","DELTA","live-runs\N2-0-4-3-keybindings-20260801-230000\keybindings-diff.csv"
"keybindings","KeyBindingFrame/Texture#3","DIALOG","BACKGROUND","IMGUI_WINDOW|IMGUI_IMAGE","DELTA","live-runs\N2-0-4-3-keybindings-20260801-230000\keybindings-diff.csv"
"keybindings","KeyBindingFrame/Texture#4","DIALOG","BACKGROUND","IMGUI_WINDOW|IMGUI_IMAGE","DELTA","live-runs\N2-0-4-3-keybindings-20260801-230000\keybindings-diff.csv"
"keybindings","KeyBindingFrame/Texture#5","DIALOG","BACKGROUND","IMGUI_WINDOW|IMGUI_IMAGE","DELTA","live-runs\N2-0-4-3-keybindings-20260801-230000\keybindings-diff.csv"
"keybindings","KeyBindingFrame/Texture#6","DIALOG","BACKGROUND","IMGUI_WINDOW|IMGUI_IMAGE","DELTA","live-runs\N2-0-4-3-keybindings-20260801-230000\keybindings-diff.csv"
"keybindings","KeyBindingFrameBinding1","DIALOG","","NOT-DRAWN","NOT-DRAWN","live-runs\N2-0-4-3-keybindings-20260801-230000\keybindings-diff.csv"
"keybindings","KeyBindingFrameBinding10","DIALOG","","NOT-DRAWN","NOT-DRAWN","live-runs\N2-0-4-3-keybindings-20260801-230000\keybindings-diff.csv"
"keybindings","KeyBindingFrameBinding10Description","DIALOG","BACKGROUND","NOT-DRAWN","NOT-DRAWN","live-runs\N2-0-4-3-keybindings-20260801-230000\keybindings-diff.csv"
"keybindings","KeyBindingFrameBinding10Header","DIALOG","BACKGROUND","NOT-DRAWN","NOT-DRAWN","live-runs\N2-0-4-3-keybindings-20260801-230000\keybindings-diff.csv"
"keybindings","KeyBindingFrameBinding10Key1Button","DIALOG","","NOT-DRAWN","NOT-DRAWN","live-runs\N2-0-4-3-keybindings-20260801-230000\keybindings-diff.csv"
"keybindings","KeyBindingFrameBinding10Key1Button/DisabledTexture","DIALOG","","NOT-DRAWN","NOT-DRAWN","live-runs\N2-0-4-3-keybindings-20260801-230000\keybindings-diff.csv"
"keybindings","KeyBindingFrameBinding10Key1Button/HighlightTexture","DIALOG","","NOT-DRAWN","NOT-DRAWN","live-runs\N2-0-4-3-keybindings-20260801-230000\keybindings-diff.csv"
"keybindings","KeyBindingFrameBinding10Key1ButtonNormalTexture","DIALOG","","NOT-DRAWN","NOT-DRAWN","live-runs\N2-0-4-3-keybindings-20260801-230000\keybindings-diff.csv"
"keybindings","KeyBindingFrameBinding10Key1ButtonPushedTexture","DIALOG","","NOT-DRAWN","NOT-DRAWN","live-runs\N2-0-4-3-keybindings-20260801-230000\keybindings-diff.csv"
"keybindings","KeyBindingFrameBinding10Key2Button","DIALOG","","NOT-DRAWN","NOT-DRAWN","live-runs\N2-0-4-3-keybindings-20260801-230000\keybindings-diff.csv"
"keybindings","KeyBindingFrameBinding10Key2Button/DisabledTexture","DIALOG","","NOT-DRAWN","NOT-DRAWN","live-runs\N2-0-4-3-keybindings-20260801-230000\keybindings-diff.csv"
"keybindings","KeyBindingFrameBinding10Key2Button/HighlightTexture","DIALOG","","NOT-DRAWN","NOT-DRAWN","live-runs\N2-0-4-3-keybindings-20260801-230000\keybindings-diff.csv"
"keybindings","KeyBindingFrameBinding10Key2ButtonNormalTexture","DIALOG","","NOT-DRAWN","NOT-DRAWN","live-runs\N2-0-4-3-keybindings-20260801-230000\keybindings-diff.csv"
"keybindings","KeyBindingFrameBinding10Key2ButtonPushedTexture","DIALOG","","NOT-DRAWN","NOT-DRAWN","live-runs\N2-0-4-3-keybindings-20260801-230000\keybindings-diff.csv"
"keybindings","KeyBindingFrameBinding11","DIALOG","","NOT-DRAWN","NOT-DRAWN","live-runs\N2-0-4-3-keybindings-20260801-230000\keybindings-diff.csv"
"keybindings","KeyBindingFrameBinding11Description","DIALOG","BACKGROUND","NOT-DRAWN","NOT-DRAWN","live-runs\N2-0-4-3-keybindings-20260801-230000\keybindings-diff.csv"
"keybindings","KeyBindingFrameBinding11Header","DIALOG","BACKGROUND","NOT-DRAWN","NOT-DRAWN","live-runs\N2-0-4-3-keybindings-20260801-230000\keybindings-diff.csv"
"keybindings","KeyBindingFrameBinding11Key1Button","DIALOG","","NOT-DRAWN","NOT-DRAWN","live-runs\N2-0-4-3-keybindings-20260801-230000\keybindings-diff.csv"
"keybindings","KeyBindingFrameBinding11Key1Button/DisabledTexture","DIALOG","","NOT-DRAWN","NOT-DRAWN","live-runs\N2-0-4-3-keybindings-20260801-230000\keybindings-diff.csv"
"keybindings","KeyBindingFrameBinding11Key1Button/HighlightTexture","DIALOG","","NOT-DRAWN","NOT-DRAWN","live-runs\N2-0-4-3-keybindings-20260801-230000\keybindings-diff.csv"
"keybindings","KeyBindingFrameBinding11Key1ButtonNormalTexture","DIALOG","","NOT-DRAWN","NOT-DRAWN","live-runs\N2-0-4-3-keybindings-20260801-230000\keybindings-diff.csv"
"keybindings","KeyBindingFrameBinding11Key1ButtonPushedTexture","DIALOG","","NOT-DRAWN","NOT-DRAWN","live-runs\N2-0-4-3-keybindings-20260801-230000\keybindings-diff.csv"
"keybindings","KeyBindingFrameBinding11Key2Button","DIALOG","","NOT-DRAWN","NOT-DRAWN","live-runs\N2-0-4-3-keybindings-20260801-230000\keybindings-diff.csv"
"keybindings","KeyBindingFrameBinding11Key2Button/DisabledTexture","DIALOG","","NOT-DRAWN","NOT-DRAWN","live-runs\N2-0-4-3-keybindings-20260801-230000\keybindings-diff.csv"
"keybindings","KeyBindingFrameBinding11Key2Button/HighlightTexture","DIALOG","","NOT-DRAWN","NOT-DRAWN","live-runs\N2-0-4-3-keybindings-20260801-230000\keybindings-diff.csv"
"keybindings","KeyBindingFrameBinding11Key2ButtonNormalTexture","DIALOG","","NOT-DRAWN","NOT-DRAWN","live-runs\N2-0-4-3-keybindings-20260801-230000\keybindings-diff.csv"
"keybindings","KeyBindingFrameBinding11Key2ButtonPushedTexture","DIALOG","","NOT-DRAWN","NOT-DRAWN","live-runs\N2-0-4-3-keybindings-20260801-230000\keybindings-diff.csv"
"keybindings","KeyBindingFrameBinding12","DIALOG","","NOT-DRAWN","NOT-DRAWN","live-runs\N2-0-4-3-keybindings-20260801-230000\keybindings-diff.csv"
"keybindings","KeyBindingFrameBinding12Description","DIALOG","BACKGROUND","NOT-DRAWN","NOT-DRAWN","live-runs\N2-0-4-3-keybindings-20260801-230000\keybindings-diff.csv"
"keybindings","KeyBindingFrameBinding12Header","DIALOG","BACKGROUND","NOT-DRAWN","NOT-DRAWN","live-runs\N2-0-4-3-keybindings-20260801-230000\keybindings-diff.csv"
"keybindings","KeyBindingFrameBinding12Key1Button","DIALOG","","NOT-DRAWN","NOT-DRAWN","live-runs\N2-0-4-3-keybindings-20260801-230000\keybindings-diff.csv"
"keybindings","KeyBindingFrameBinding12Key1Button/DisabledTexture","DIALOG","","NOT-DRAWN","NOT-DRAWN","live-runs\N2-0-4-3-keybindings-20260801-230000\keybindings-diff.csv"
"keybindings","KeyBindingFrameBinding12Key1Button/HighlightTexture","DIALOG","","NOT-DRAWN","NOT-DRAWN","live-runs\N2-0-4-3-keybindings-20260801-230000\keybindings-diff.csv"
"keybindings","KeyBindingFrameBinding12Key1ButtonNormalTexture","DIALOG","","NOT-DRAWN","NOT-DRAWN","live-runs\N2-0-4-3-keybindings-20260801-230000\keybindings-diff.csv"
"keybindings","KeyBindingFrameBinding12Key1ButtonPushedTexture","DIALOG","","NOT-DRAWN","NOT-DRAWN","live-runs\N2-0-4-3-keybindings-20260801-230000\keybindings-diff.csv"
"keybindings","KeyBindingFrameBinding12Key2Button","DIALOG","","NOT-DRAWN","NOT-DRAWN","live-runs\N2-0-4-3-keybindings-20260801-230000\keybindings-diff.csv"
"keybindings","KeyBindingFrameBinding12Key2Button/DisabledTexture","DIALOG","","NOT-DRAWN","NOT-DRAWN","live-runs\N2-0-4-3-keybindings-20260801-230000\keybindings-diff.csv"
"keybindings","KeyBindingFrameBinding12Key2Button/HighlightTexture","DIALOG","","NOT-DRAWN","NOT-DRAWN","live-runs\N2-0-4-3-keybindings-20260801-230000\keybindings-diff.csv"
"keybindings","KeyBindingFrameBinding12Key2ButtonNormalTexture","DIALOG","","NOT-DRAWN","NOT-DRAWN","live-runs\N2-0-4-3-keybindings-20260801-230000\keybindings-diff.csv"
"keybindings","KeyBindingFrameBinding12Key2ButtonPushedTexture","DIALOG","","NOT-DRAWN","NOT-DRAWN","live-runs\N2-0-4-3-keybindings-20260801-230000\keybindings-diff.csv"
"keybindings","KeyBindingFrameBinding13","DIALOG","","NOT-DRAWN","NOT-DRAWN","live-runs\N2-0-4-3-keybindings-20260801-230000\keybindings-diff.csv"
"keybindings","KeyBindingFrameBinding13Description","DIALOG","BACKGROUND","NOT-DRAWN","NOT-DRAWN","live-runs\N2-0-4-3-keybindings-20260801-230000\keybindings-diff.csv"
"keybindings","KeyBindingFrameBinding13Header","DIALOG","BACKGROUND","NOT-DRAWN","NOT-DRAWN","live-runs\N2-0-4-3-keybindings-20260801-230000\keybindings-diff.csv"
"keybindings","KeyBindingFrameBinding13Key1Button","DIALOG","","NOT-DRAWN","NOT-DRAWN","live-runs\N2-0-4-3-keybindings-20260801-230000\keybindings-diff.csv"
"keybindings","KeyBindingFrameBinding13Key1Button/DisabledTexture","DIALOG","","NOT-DRAWN","NOT-DRAWN","live-runs\N2-0-4-3-keybindings-20260801-230000\keybindings-diff.csv"
"keybindings","KeyBindingFrameBinding13Key1Button/HighlightTexture","DIALOG","","NOT-DRAWN","NOT-DRAWN","live-runs\N2-0-4-3-keybindings-20260801-230000\keybindings-diff.csv"
"keybindings","KeyBindingFrameBinding13Key1ButtonNormalTexture","DIALOG","","NOT-DRAWN","NOT-DRAWN","live-runs\N2-0-4-3-keybindings-20260801-230000\keybindings-diff.csv"
"keybindings","KeyBindingFrameBinding13Key1ButtonPushedTexture","DIALOG","","NOT-DRAWN","NOT-DRAWN","live-runs\N2-0-4-3-keybindings-20260801-230000\keybindings-diff.csv"
"keybindings","KeyBindingFrameBinding13Key2Button","DIALOG","","NOT-DRAWN","NOT-DRAWN","live-runs\N2-0-4-3-keybindings-20260801-230000\keybindings-diff.csv"
"keybindings","KeyBindingFrameBinding13Key2Button/DisabledTexture","DIALOG","","NOT-DRAWN","NOT-DRAWN","live-runs\N2-0-4-3-keybindings-20260801-230000\keybindings-diff.csv"
"keybindings","KeyBindingFrameBinding13Key2Button/HighlightTexture","DIALOG","","NOT-DRAWN","NOT-DRAWN","live-runs\N2-0-4-3-keybindings-20260801-230000\keybindings-diff.csv"
"keybindings","KeyBindingFrameBinding13Key2ButtonNormalTexture","DIALOG","","NOT-DRAWN","NOT-DRAWN","live-runs\N2-0-4-3-keybindings-20260801-230000\keybindings-diff.csv"
"keybindings","KeyBindingFrameBinding13Key2ButtonPushedTexture","DIALOG","","NOT-DRAWN","NOT-DRAWN","live-runs\N2-0-4-3-keybindings-20260801-230000\keybindings-diff.csv"
"keybindings","KeyBindingFrameBinding14","DIALOG","","NOT-DRAWN","NOT-DRAWN","live-runs\N2-0-4-3-keybindings-20260801-230000\keybindings-diff.csv"
"keybindings","KeyBindingFrameBinding14Description","DIALOG","BACKGROUND","NOT-DRAWN","NOT-DRAWN","live-runs\N2-0-4-3-keybindings-20260801-230000\keybindings-diff.csv"
"keybindings","KeyBindingFrameBinding14Header","DIALOG","BACKGROUND","NOT-DRAWN","NOT-DRAWN","live-runs\N2-0-4-3-keybindings-20260801-230000\keybindings-diff.csv"
"keybindings","KeyBindingFrameBinding14Key1Button","DIALOG","","NOT-DRAWN","NOT-DRAWN","live-runs\N2-0-4-3-keybindings-20260801-230000\keybindings-diff.csv"
"keybindings","KeyBindingFrameBinding14Key1Button/DisabledTexture","DIALOG","","NOT-DRAWN","NOT-DRAWN","live-runs\N2-0-4-3-keybindings-20260801-230000\keybindings-diff.csv"
"keybindings","KeyBindingFrameBinding14Key1Button/HighlightTexture","DIALOG","","NOT-DRAWN","NOT-DRAWN","live-runs\N2-0-4-3-keybindings-20260801-230000\keybindings-diff.csv"
"keybindings","KeyBindingFrameBinding14Key1ButtonNormalTexture","DIALOG","","NOT-DRAWN","NOT-DRAWN","live-runs\N2-0-4-3-keybindings-20260801-230000\keybindings-diff.csv"
"keybindings","KeyBindingFrameBinding14Key1ButtonPushedTexture","DIALOG","","NOT-DRAWN","NOT-DRAWN","live-runs\N2-0-4-3-keybindings-20260801-230000\keybindings-diff.csv"
"keybindings","KeyBindingFrameBinding14Key2Button","DIALOG","","NOT-DRAWN","NOT-DRAWN","live-runs\N2-0-4-3-keybindings-20260801-230000\keybindings-diff.csv"
"keybindings","KeyBindingFrameBinding14Key2Button/DisabledTexture","DIALOG","","NOT-DRAWN","NOT-DRAWN","live-runs\N2-0-4-3-keybindings-20260801-230000\keybindings-diff.csv"
"keybindings","KeyBindingFrameBinding14Key2Button/HighlightTexture","DIALOG","","NOT-DRAWN","NOT-DRAWN","live-runs\N2-0-4-3-keybindings-20260801-230000\keybindings-diff.csv"
"keybindings","KeyBindingFrameBinding14Key2ButtonNormalTexture","DIALOG","","NOT-DRAWN","NOT-DRAWN","live-runs\N2-0-4-3-keybindings-20260801-230000\keybindings-diff.csv"
"keybindings","KeyBindingFrameBinding14Key2ButtonPushedTexture","DIALOG","","NOT-DRAWN","NOT-DRAWN","live-runs\N2-0-4-3-keybindings-20260801-230000\keybindings-diff.csv"
"keybindings","KeyBindingFrameBinding15","DIALOG","","NOT-DRAWN","NOT-DRAWN","live-runs\N2-0-4-3-keybindings-20260801-230000\keybindings-diff.csv"
"keybindings","KeyBindingFrameBinding15Description","DIALOG","BACKGROUND","NOT-DRAWN","NOT-DRAWN","live-runs\N2-0-4-3-keybindings-20260801-230000\keybindings-diff.csv"
"keybindings","KeyBindingFrameBinding15Header","DIALOG","BACKGROUND","NOT-DRAWN","NOT-DRAWN","live-runs\N2-0-4-3-keybindings-20260801-230000\keybindings-diff.csv"
"keybindings","KeyBindingFrameBinding15Key1Button","DIALOG","","NOT-DRAWN","NOT-DRAWN","live-runs\N2-0-4-3-keybindings-20260801-230000\keybindings-diff.csv"
"keybindings","KeyBindingFrameBinding15Key1Button/DisabledTexture","DIALOG","","NOT-DRAWN","NOT-DRAWN","live-runs\N2-0-4-3-keybindings-20260801-230000\keybindings-diff.csv"
"keybindings","KeyBindingFrameBinding15Key1Button/HighlightTexture","DIALOG","","NOT-DRAWN","NOT-DRAWN","live-runs\N2-0-4-3-keybindings-20260801-230000\keybindings-diff.csv"
"keybindings","KeyBindingFrameBinding15Key1ButtonNormalTexture","DIALOG","","NOT-DRAWN","NOT-DRAWN","live-runs\N2-0-4-3-keybindings-20260801-230000\keybindings-diff.csv"
"keybindings","KeyBindingFrameBinding15Key1ButtonPushedTexture","DIALOG","","NOT-DRAWN","NOT-DRAWN","live-runs\N2-0-4-3-keybindings-20260801-230000\keybindings-diff.csv"
"keybindings","KeyBindingFrameBinding15Key2Button","DIALOG","","NOT-DRAWN","NOT-DRAWN","live-runs\N2-0-4-3-keybindings-20260801-230000\keybindings-diff.csv"
"keybindings","KeyBindingFrameBinding15Key2Button/DisabledTexture","DIALOG","","NOT-DRAWN","NOT-DRAWN","live-runs\N2-0-4-3-keybindings-20260801-230000\keybindings-diff.csv"
"keybindings","KeyBindingFrameBinding15Key2Button/HighlightTexture","DIALOG","","NOT-DRAWN","NOT-DRAWN","live-runs\N2-0-4-3-keybindings-20260801-230000\keybindings-diff.csv"
"keybindings","KeyBindingFrameBinding15Key2ButtonNormalTexture","DIALOG","","NOT-DRAWN","NOT-DRAWN","live-runs\N2-0-4-3-keybindings-20260801-230000\keybindings-diff.csv"
"keybindings","KeyBindingFrameBinding15Key2ButtonPushedTexture","DIALOG","","NOT-DRAWN","NOT-DRAWN","live-runs\N2-0-4-3-keybindings-20260801-230000\keybindings-diff.csv"
"keybindings","KeyBindingFrameBinding16","DIALOG","","NOT-DRAWN","NOT-DRAWN","live-runs\N2-0-4-3-keybindings-20260801-230000\keybindings-diff.csv"
"keybindings","KeyBindingFrameBinding16Description","DIALOG","BACKGROUND","NOT-DRAWN","NOT-DRAWN","live-runs\N2-0-4-3-keybindings-20260801-230000\keybindings-diff.csv"
"keybindings","KeyBindingFrameBinding16Header","DIALOG","BACKGROUND","NOT-DRAWN","NOT-DRAWN","live-runs\N2-0-4-3-keybindings-20260801-230000\keybindings-diff.csv"
"keybindings","KeyBindingFrameBinding16Key1Button","DIALOG","","NOT-DRAWN","NOT-DRAWN","live-runs\N2-0-4-3-keybindings-20260801-230000\keybindings-diff.csv"
"keybindings","KeyBindingFrameBinding16Key1Button/DisabledTexture","DIALOG","","NOT-DRAWN","NOT-DRAWN","live-runs\N2-0-4-3-keybindings-20260801-230000\keybindings-diff.csv"
"keybindings","KeyBindingFrameBinding16Key1Button/HighlightTexture","DIALOG","","NOT-DRAWN","NOT-DRAWN","live-runs\N2-0-4-3-keybindings-20260801-230000\keybindings-diff.csv"
"keybindings","KeyBindingFrameBinding16Key1ButtonNormalTexture","DIALOG","","NOT-DRAWN","NOT-DRAWN","live-runs\N2-0-4-3-keybindings-20260801-230000\keybindings-diff.csv"
"keybindings","KeyBindingFrameBinding16Key1ButtonPushedTexture","DIALOG","","NOT-DRAWN","NOT-DRAWN","live-runs\N2-0-4-3-keybindings-20260801-230000\keybindings-diff.csv"
"keybindings","KeyBindingFrameBinding16Key2Button","DIALOG","","NOT-DRAWN","NOT-DRAWN","live-runs\N2-0-4-3-keybindings-20260801-230000\keybindings-diff.csv"
"keybindings","KeyBindingFrameBinding16Key2Button/DisabledTexture","DIALOG","","NOT-DRAWN","NOT-DRAWN","live-runs\N2-0-4-3-keybindings-20260801-230000\keybindings-diff.csv"
"keybindings","KeyBindingFrameBinding16Key2Button/HighlightTexture","DIALOG","","NOT-DRAWN","NOT-DRAWN","live-runs\N2-0-4-3-keybindings-20260801-230000\keybindings-diff.csv"
"keybindings","KeyBindingFrameBinding16Key2ButtonNormalTexture","DIALOG","","NOT-DRAWN","NOT-DRAWN","live-runs\N2-0-4-3-keybindings-20260801-230000\keybindings-diff.csv"
"keybindings","KeyBindingFrameBinding16Key2ButtonPushedTexture","DIALOG","","NOT-DRAWN","NOT-DRAWN","live-runs\N2-0-4-3-keybindings-20260801-230000\keybindings-diff.csv"
"keybindings","KeyBindingFrameBinding17","DIALOG","","NOT-DRAWN","NOT-DRAWN","live-runs\N2-0-4-3-keybindings-20260801-230000\keybindings-diff.csv"
"keybindings","KeyBindingFrameBinding17Description","DIALOG","BACKGROUND","NOT-DRAWN","NOT-DRAWN","live-runs\N2-0-4-3-keybindings-20260801-230000\keybindings-diff.csv"
"keybindings","KeyBindingFrameBinding17Header","DIALOG","BACKGROUND","NOT-DRAWN","NOT-DRAWN","live-runs\N2-0-4-3-keybindings-20260801-230000\keybindings-diff.csv"
"keybindings","KeyBindingFrameBinding17Key1Button","DIALOG","","NOT-DRAWN","NOT-DRAWN","live-runs\N2-0-4-3-keybindings-20260801-230000\keybindings-diff.csv"
"keybindings","KeyBindingFrameBinding17Key1Button/DisabledTexture","DIALOG","","NOT-DRAWN","NOT-DRAWN","live-runs\N2-0-4-3-keybindings-20260801-230000\keybindings-diff.csv"
"keybindings","KeyBindingFrameBinding17Key1Button/HighlightTexture","DIALOG","","NOT-DRAWN","NOT-DRAWN","live-runs\N2-0-4-3-keybindings-20260801-230000\keybindings-diff.csv"
"keybindings","KeyBindingFrameBinding17Key1ButtonNormalTexture","DIALOG","","NOT-DRAWN","NOT-DRAWN","live-runs\N2-0-4-3-keybindings-20260801-230000\keybindings-diff.csv"
"keybindings","KeyBindingFrameBinding17Key1ButtonPushedTexture","DIALOG","","NOT-DRAWN","NOT-DRAWN","live-runs\N2-0-4-3-keybindings-20260801-230000\keybindings-diff.csv"
"keybindings","KeyBindingFrameBinding17Key2Button","DIALOG","","NOT-DRAWN","NOT-DRAWN","live-runs\N2-0-4-3-keybindings-20260801-230000\keybindings-diff.csv"
"keybindings","KeyBindingFrameBinding17Key2Button/DisabledTexture","DIALOG","","NOT-DRAWN","NOT-DRAWN","live-runs\N2-0-4-3-keybindings-20260801-230000\keybindings-diff.csv"
"keybindings","KeyBindingFrameBinding17Key2Button/HighlightTexture","DIALOG","","NOT-DRAWN","NOT-DRAWN","live-runs\N2-0-4-3-keybindings-20260801-230000\keybindings-diff.csv"
"keybindings","KeyBindingFrameBinding17Key2ButtonNormalTexture","DIALOG","","NOT-DRAWN","NOT-DRAWN","live-runs\N2-0-4-3-keybindings-20260801-230000\keybindings-diff.csv"
"keybindings","KeyBindingFrameBinding17Key2ButtonPushedTexture","DIALOG","","NOT-DRAWN","NOT-DRAWN","live-runs\N2-0-4-3-keybindings-20260801-230000\keybindings-diff.csv"
"keybindings","KeyBindingFrameBinding1Description","DIALOG","BACKGROUND","NOT-DRAWN","NOT-DRAWN","live-runs\N2-0-4-3-keybindings-20260801-230000\keybindings-diff.csv"
"keybindings","KeyBindingFrameBinding1Header","DIALOG","BACKGROUND","NOT-DRAWN","NOT-DRAWN","live-runs\N2-0-4-3-keybindings-20260801-230000\keybindings-diff.csv"
"keybindings","KeyBindingFrameBinding1Key1Button","DIALOG","","NOT-DRAWN","NOT-DRAWN","live-runs\N2-0-4-3-keybindings-20260801-230000\keybindings-diff.csv"
"keybindings","KeyBindingFrameBinding1Key1Button/DisabledTexture","DIALOG","","NOT-DRAWN","NOT-DRAWN","live-runs\N2-0-4-3-keybindings-20260801-230000\keybindings-diff.csv"
"keybindings","KeyBindingFrameBinding1Key1Button/HighlightTexture","DIALOG","","NOT-DRAWN","NOT-DRAWN","live-runs\N2-0-4-3-keybindings-20260801-230000\keybindings-diff.csv"
"keybindings","KeyBindingFrameBinding1Key1ButtonNormalTexture","DIALOG","","NOT-DRAWN","NOT-DRAWN","live-runs\N2-0-4-3-keybindings-20260801-230000\keybindings-diff.csv"
"keybindings","KeyBindingFrameBinding1Key1ButtonPushedTexture","DIALOG","","NOT-DRAWN","NOT-DRAWN","live-runs\N2-0-4-3-keybindings-20260801-230000\keybindings-diff.csv"
"keybindings","KeyBindingFrameBinding1Key2Button","DIALOG","","NOT-DRAWN","NOT-DRAWN","live-runs\N2-0-4-3-keybindings-20260801-230000\keybindings-diff.csv"
"keybindings","KeyBindingFrameBinding1Key2Button/DisabledTexture","DIALOG","","NOT-DRAWN","NOT-DRAWN","live-runs\N2-0-4-3-keybindings-20260801-230000\keybindings-diff.csv"
"keybindings","KeyBindingFrameBinding1Key2Button/HighlightTexture","DIALOG","","NOT-DRAWN","NOT-DRAWN","live-runs\N2-0-4-3-keybindings-20260801-230000\keybindings-diff.csv"
"keybindings","KeyBindingFrameBinding1Key2ButtonNormalTexture","DIALOG","","NOT-DRAWN","NOT-DRAWN","live-runs\N2-0-4-3-keybindings-20260801-230000\keybindings-diff.csv"
"keybindings","KeyBindingFrameBinding1Key2ButtonPushedTexture","DIALOG","","NOT-DRAWN","NOT-DRAWN","live-runs\N2-0-4-3-keybindings-20260801-230000\keybindings-diff.csv"
"keybindings","KeyBindingFrameBinding2","DIALOG","","NOT-DRAWN","NOT-DRAWN","live-runs\N2-0-4-3-keybindings-20260801-230000\keybindings-diff.csv"
"keybindings","KeyBindingFrameBinding2Description","DIALOG","BACKGROUND","NOT-DRAWN","NOT-DRAWN","live-runs\N2-0-4-3-keybindings-20260801-230000\keybindings-diff.csv"
"keybindings","KeyBindingFrameBinding2Header","DIALOG","BACKGROUND","NOT-DRAWN","NOT-DRAWN","live-runs\N2-0-4-3-keybindings-20260801-230000\keybindings-diff.csv"
"keybindings","KeyBindingFrameBinding2Key1Button","DIALOG","","NOT-DRAWN","NOT-DRAWN","live-runs\N2-0-4-3-keybindings-20260801-230000\keybindings-diff.csv"
"keybindings","KeyBindingFrameBinding2Key1Button/DisabledTexture","DIALOG","","NOT-DRAWN","NOT-DRAWN","live-runs\N2-0-4-3-keybindings-20260801-230000\keybindings-diff.csv"
"keybindings","KeyBindingFrameBinding2Key1Button/HighlightTexture","DIALOG","","NOT-DRAWN","NOT-DRAWN","live-runs\N2-0-4-3-keybindings-20260801-230000\keybindings-diff.csv"
"keybindings","KeyBindingFrameBinding2Key1ButtonNormalTexture","DIALOG","","NOT-DRAWN","NOT-DRAWN","live-runs\N2-0-4-3-keybindings-20260801-230000\keybindings-diff.csv"
"keybindings","KeyBindingFrameBinding2Key1ButtonPushedTexture","DIALOG","","NOT-DRAWN","NOT-DRAWN","live-runs\N2-0-4-3-keybindings-20260801-230000\keybindings-diff.csv"
"keybindings","KeyBindingFrameBinding2Key2Button","DIALOG","","NOT-DRAWN","NOT-DRAWN","live-runs\N2-0-4-3-keybindings-20260801-230000\keybindings-diff.csv"
"keybindings","KeyBindingFrameBinding2Key2Button/DisabledTexture","DIALOG","","NOT-DRAWN","NOT-DRAWN","live-runs\N2-0-4-3-keybindings-20260801-230000\keybindings-diff.csv"
"keybindings","KeyBindingFrameBinding2Key2Button/HighlightTexture","DIALOG","","NOT-DRAWN","NOT-DRAWN","live-runs\N2-0-4-3-keybindings-20260801-230000\keybindings-diff.csv"
"keybindings","KeyBindingFrameBinding2Key2ButtonNormalTexture","DIALOG","","NOT-DRAWN","NOT-DRAWN","live-runs\N2-0-4-3-keybindings-20260801-230000\keybindings-diff.csv"
"keybindings","KeyBindingFrameBinding2Key2ButtonPushedTexture","DIALOG","","NOT-DRAWN","NOT-DRAWN","live-runs\N2-0-4-3-keybindings-20260801-230000\keybindings-diff.csv"
"keybindings","KeyBindingFrameBinding3","DIALOG","","NOT-DRAWN","NOT-DRAWN","live-runs\N2-0-4-3-keybindings-20260801-230000\keybindings-diff.csv"
"keybindings","KeyBindingFrameBinding3Description","DIALOG","BACKGROUND","NOT-DRAWN","NOT-DRAWN","live-runs\N2-0-4-3-keybindings-20260801-230000\keybindings-diff.csv"
"keybindings","KeyBindingFrameBinding3Header","DIALOG","BACKGROUND","NOT-DRAWN","NOT-DRAWN","live-runs\N2-0-4-3-keybindings-20260801-230000\keybindings-diff.csv"
"keybindings","KeyBindingFrameBinding3Key1Button","DIALOG","","NOT-DRAWN","NOT-DRAWN","live-runs\N2-0-4-3-keybindings-20260801-230000\keybindings-diff.csv"
"keybindings","KeyBindingFrameBinding3Key1Button/DisabledTexture","DIALOG","","NOT-DRAWN","NOT-DRAWN","live-runs\N2-0-4-3-keybindings-20260801-230000\keybindings-diff.csv"
"keybindings","KeyBindingFrameBinding3Key1Button/HighlightTexture","DIALOG","","NOT-DRAWN","NOT-DRAWN","live-runs\N2-0-4-3-keybindings-20260801-230000\keybindings-diff.csv"
"keybindings","KeyBindingFrameBinding3Key1ButtonNormalTexture","DIALOG","","NOT-DRAWN","NOT-DRAWN","live-runs\N2-0-4-3-keybindings-20260801-230000\keybindings-diff.csv"
"keybindings","KeyBindingFrameBinding3Key1ButtonPushedTexture","DIALOG","","NOT-DRAWN","NOT-DRAWN","live-runs\N2-0-4-3-keybindings-20260801-230000\keybindings-diff.csv"
"keybindings","KeyBindingFrameBinding3Key2Button","DIALOG","","NOT-DRAWN","NOT-DRAWN","live-runs\N2-0-4-3-keybindings-20260801-230000\keybindings-diff.csv"
"keybindings","KeyBindingFrameBinding3Key2Button/DisabledTexture","DIALOG","","NOT-DRAWN","NOT-DRAWN","live-runs\N2-0-4-3-keybindings-20260801-230000\keybindings-diff.csv"
"keybindings","KeyBindingFrameBinding3Key2Button/HighlightTexture","DIALOG","","NOT-DRAWN","NOT-DRAWN","live-runs\N2-0-4-3-keybindings-20260801-230000\keybindings-diff.csv"
"keybindings","KeyBindingFrameBinding3Key2ButtonNormalTexture","DIALOG","","NOT-DRAWN","NOT-DRAWN","live-runs\N2-0-4-3-keybindings-20260801-230000\keybindings-diff.csv"
"keybindings","KeyBindingFrameBinding3Key2ButtonPushedTexture","DIALOG","","NOT-DRAWN","NOT-DRAWN","live-runs\N2-0-4-3-keybindings-20260801-230000\keybindings-diff.csv"
"keybindings","KeyBindingFrameBinding4","DIALOG","","NOT-DRAWN","NOT-DRAWN","live-runs\N2-0-4-3-keybindings-20260801-230000\keybindings-diff.csv"
"keybindings","KeyBindingFrameBinding4Description","DIALOG","BACKGROUND","NOT-DRAWN","NOT-DRAWN","live-runs\N2-0-4-3-keybindings-20260801-230000\keybindings-diff.csv"
"keybindings","KeyBindingFrameBinding4Header","DIALOG","BACKGROUND","NOT-DRAWN","NOT-DRAWN","live-runs\N2-0-4-3-keybindings-20260801-230000\keybindings-diff.csv"
"keybindings","KeyBindingFrameBinding4Key1Button","DIALOG","","NOT-DRAWN","NOT-DRAWN","live-runs\N2-0-4-3-keybindings-20260801-230000\keybindings-diff.csv"
"keybindings","KeyBindingFrameBinding4Key1Button/DisabledTexture","DIALOG","","NOT-DRAWN","NOT-DRAWN","live-runs\N2-0-4-3-keybindings-20260801-230000\keybindings-diff.csv"
"keybindings","KeyBindingFrameBinding4Key1Button/HighlightTexture","DIALOG","","NOT-DRAWN","NOT-DRAWN","live-runs\N2-0-4-3-keybindings-20260801-230000\keybindings-diff.csv"
"keybindings","KeyBindingFrameBinding4Key1ButtonNormalTexture","DIALOG","","NOT-DRAWN","NOT-DRAWN","live-runs\N2-0-4-3-keybindings-20260801-230000\keybindings-diff.csv"
"keybindings","KeyBindingFrameBinding4Key1ButtonPushedTexture","DIALOG","","NOT-DRAWN","NOT-DRAWN","live-runs\N2-0-4-3-keybindings-20260801-230000\keybindings-diff.csv"
"keybindings","KeyBindingFrameBinding4Key2Button","DIALOG","","NOT-DRAWN","NOT-DRAWN","live-runs\N2-0-4-3-keybindings-20260801-230000\keybindings-diff.csv"
"keybindings","KeyBindingFrameBinding4Key2Button/DisabledTexture","DIALOG","","NOT-DRAWN","NOT-DRAWN","live-runs\N2-0-4-3-keybindings-20260801-230000\keybindings-diff.csv"
"keybindings","KeyBindingFrameBinding4Key2Button/HighlightTexture","DIALOG","","NOT-DRAWN","NOT-DRAWN","live-runs\N2-0-4-3-keybindings-20260801-230000\keybindings-diff.csv"
"keybindings","KeyBindingFrameBinding4Key2ButtonNormalTexture","DIALOG","","NOT-DRAWN","NOT-DRAWN","live-runs\N2-0-4-3-keybindings-20260801-230000\keybindings-diff.csv"
"keybindings","KeyBindingFrameBinding4Key2ButtonPushedTexture","DIALOG","","NOT-DRAWN","NOT-DRAWN","live-runs\N2-0-4-3-keybindings-20260801-230000\keybindings-diff.csv"
"keybindings","KeyBindingFrameBinding5","DIALOG","","NOT-DRAWN","NOT-DRAWN","live-runs\N2-0-4-3-keybindings-20260801-230000\keybindings-diff.csv"
"keybindings","KeyBindingFrameBinding5Description","DIALOG","BACKGROUND","NOT-DRAWN","NOT-DRAWN","live-runs\N2-0-4-3-keybindings-20260801-230000\keybindings-diff.csv"
"keybindings","KeyBindingFrameBinding5Header","DIALOG","BACKGROUND","NOT-DRAWN","NOT-DRAWN","live-runs\N2-0-4-3-keybindings-20260801-230000\keybindings-diff.csv"
"keybindings","KeyBindingFrameBinding5Key1Button","DIALOG","","NOT-DRAWN","NOT-DRAWN","live-runs\N2-0-4-3-keybindings-20260801-230000\keybindings-diff.csv"
"keybindings","KeyBindingFrameBinding5Key1Button/DisabledTexture","DIALOG","","NOT-DRAWN","NOT-DRAWN","live-runs\N2-0-4-3-keybindings-20260801-230000\keybindings-diff.csv"
"keybindings","KeyBindingFrameBinding5Key1Button/HighlightTexture","DIALOG","","NOT-DRAWN","NOT-DRAWN","live-runs\N2-0-4-3-keybindings-20260801-230000\keybindings-diff.csv"
"keybindings","KeyBindingFrameBinding5Key1ButtonNormalTexture","DIALOG","","NOT-DRAWN","NOT-DRAWN","live-runs\N2-0-4-3-keybindings-20260801-230000\keybindings-diff.csv"
"keybindings","KeyBindingFrameBinding5Key1ButtonPushedTexture","DIALOG","","NOT-DRAWN","NOT-DRAWN","live-runs\N2-0-4-3-keybindings-20260801-230000\keybindings-diff.csv"
"keybindings","KeyBindingFrameBinding5Key2Button","DIALOG","","NOT-DRAWN","NOT-DRAWN","live-runs\N2-0-4-3-keybindings-20260801-230000\keybindings-diff.csv"
"keybindings","KeyBindingFrameBinding5Key2Button/DisabledTexture","DIALOG","","NOT-DRAWN","NOT-DRAWN","live-runs\N2-0-4-3-keybindings-20260801-230000\keybindings-diff.csv"
"keybindings","KeyBindingFrameBinding5Key2Button/HighlightTexture","DIALOG","","NOT-DRAWN","NOT-DRAWN","live-runs\N2-0-4-3-keybindings-20260801-230000\keybindings-diff.csv"
"keybindings","KeyBindingFrameBinding5Key2ButtonNormalTexture","DIALOG","","NOT-DRAWN","NOT-DRAWN","live-runs\N2-0-4-3-keybindings-20260801-230000\keybindings-diff.csv"
"keybindings","KeyBindingFrameBinding5Key2ButtonPushedTexture","DIALOG","","NOT-DRAWN","NOT-DRAWN","live-runs\N2-0-4-3-keybindings-20260801-230000\keybindings-diff.csv"
"keybindings","KeyBindingFrameBinding6","DIALOG","","NOT-DRAWN","NOT-DRAWN","live-runs\N2-0-4-3-keybindings-20260801-230000\keybindings-diff.csv"
"keybindings","KeyBindingFrameBinding6Description","DIALOG","BACKGROUND","NOT-DRAWN","NOT-DRAWN","live-runs\N2-0-4-3-keybindings-20260801-230000\keybindings-diff.csv"
"keybindings","KeyBindingFrameBinding6Header","DIALOG","BACKGROUND","NOT-DRAWN","NOT-DRAWN","live-runs\N2-0-4-3-keybindings-20260801-230000\keybindings-diff.csv"
"keybindings","KeyBindingFrameBinding6Key1Button","DIALOG","","NOT-DRAWN","NOT-DRAWN","live-runs\N2-0-4-3-keybindings-20260801-230000\keybindings-diff.csv"
"keybindings","KeyBindingFrameBinding6Key1Button/DisabledTexture","DIALOG","","NOT-DRAWN","NOT-DRAWN","live-runs\N2-0-4-3-keybindings-20260801-230000\keybindings-diff.csv"
"keybindings","KeyBindingFrameBinding6Key1Button/HighlightTexture","DIALOG","","NOT-DRAWN","NOT-DRAWN","live-runs\N2-0-4-3-keybindings-20260801-230000\keybindings-diff.csv"
"keybindings","KeyBindingFrameBinding6Key1ButtonNormalTexture","DIALOG","","NOT-DRAWN","NOT-DRAWN","live-runs\N2-0-4-3-keybindings-20260801-230000\keybindings-diff.csv"
"keybindings","KeyBindingFrameBinding6Key1ButtonPushedTexture","DIALOG","","NOT-DRAWN","NOT-DRAWN","live-runs\N2-0-4-3-keybindings-20260801-230000\keybindings-diff.csv"
"keybindings","KeyBindingFrameBinding6Key2Button","DIALOG","","NOT-DRAWN","NOT-DRAWN","live-runs\N2-0-4-3-keybindings-20260801-230000\keybindings-diff.csv"
"keybindings","KeyBindingFrameBinding6Key2Button/DisabledTexture","DIALOG","","NOT-DRAWN","NOT-DRAWN","live-runs\N2-0-4-3-keybindings-20260801-230000\keybindings-diff.csv"
"keybindings","KeyBindingFrameBinding6Key2Button/HighlightTexture","DIALOG","","NOT-DRAWN","NOT-DRAWN","live-runs\N2-0-4-3-keybindings-20260801-230000\keybindings-diff.csv"
"keybindings","KeyBindingFrameBinding6Key2ButtonNormalTexture","DIALOG","","NOT-DRAWN","NOT-DRAWN","live-runs\N2-0-4-3-keybindings-20260801-230000\keybindings-diff.csv"
"keybindings","KeyBindingFrameBinding6Key2ButtonPushedTexture","DIALOG","","NOT-DRAWN","NOT-DRAWN","live-runs\N2-0-4-3-keybindings-20260801-230000\keybindings-diff.csv"
"keybindings","KeyBindingFrameBinding7","DIALOG","","NOT-DRAWN","NOT-DRAWN","live-runs\N2-0-4-3-keybindings-20260801-230000\keybindings-diff.csv"
"keybindings","KeyBindingFrameBinding7Description","DIALOG","BACKGROUND","NOT-DRAWN","NOT-DRAWN","live-runs\N2-0-4-3-keybindings-20260801-230000\keybindings-diff.csv"
"keybindings","KeyBindingFrameBinding7Header","DIALOG","BACKGROUND","NOT-DRAWN","NOT-DRAWN","live-runs\N2-0-4-3-keybindings-20260801-230000\keybindings-diff.csv"
"keybindings","KeyBindingFrameBinding7Key1Button","DIALOG","","NOT-DRAWN","NOT-DRAWN","live-runs\N2-0-4-3-keybindings-20260801-230000\keybindings-diff.csv"
"keybindings","KeyBindingFrameBinding7Key1Button/DisabledTexture","DIALOG","","NOT-DRAWN","NOT-DRAWN","live-runs\N2-0-4-3-keybindings-20260801-230000\keybindings-diff.csv"
"keybindings","KeyBindingFrameBinding7Key1Button/HighlightTexture","DIALOG","","NOT-DRAWN","NOT-DRAWN","live-runs\N2-0-4-3-keybindings-20260801-230000\keybindings-diff.csv"
"keybindings","KeyBindingFrameBinding7Key1ButtonNormalTexture","DIALOG","","NOT-DRAWN","NOT-DRAWN","live-runs\N2-0-4-3-keybindings-20260801-230000\keybindings-diff.csv"
"keybindings","KeyBindingFrameBinding7Key1ButtonPushedTexture","DIALOG","","NOT-DRAWN","NOT-DRAWN","live-runs\N2-0-4-3-keybindings-20260801-230000\keybindings-diff.csv"
"keybindings","KeyBindingFrameBinding7Key2Button","DIALOG","","NOT-DRAWN","NOT-DRAWN","live-runs\N2-0-4-3-keybindings-20260801-230000\keybindings-diff.csv"
"keybindings","KeyBindingFrameBinding7Key2Button/DisabledTexture","DIALOG","","NOT-DRAWN","NOT-DRAWN","live-runs\N2-0-4-3-keybindings-20260801-230000\keybindings-diff.csv"
"keybindings","KeyBindingFrameBinding7Key2Button/HighlightTexture","DIALOG","","NOT-DRAWN","NOT-DRAWN","live-runs\N2-0-4-3-keybindings-20260801-230000\keybindings-diff.csv"
"keybindings","KeyBindingFrameBinding7Key2ButtonNormalTexture","DIALOG","","NOT-DRAWN","NOT-DRAWN","live-runs\N2-0-4-3-keybindings-20260801-230000\keybindings-diff.csv"
"keybindings","KeyBindingFrameBinding7Key2ButtonPushedTexture","DIALOG","","NOT-DRAWN","NOT-DRAWN","live-runs\N2-0-4-3-keybindings-20260801-230000\keybindings-diff.csv"
"keybindings","KeyBindingFrameBinding8","DIALOG","","NOT-DRAWN","NOT-DRAWN","live-runs\N2-0-4-3-keybindings-20260801-230000\keybindings-diff.csv"
"keybindings","KeyBindingFrameBinding8Description","DIALOG","BACKGROUND","NOT-DRAWN","NOT-DRAWN","live-runs\N2-0-4-3-keybindings-20260801-230000\keybindings-diff.csv"
"keybindings","KeyBindingFrameBinding8Header","DIALOG","BACKGROUND","NOT-DRAWN","NOT-DRAWN","live-runs\N2-0-4-3-keybindings-20260801-230000\keybindings-diff.csv"
"keybindings","KeyBindingFrameBinding8Key1Button","DIALOG","","NOT-DRAWN","NOT-DRAWN","live-runs\N2-0-4-3-keybindings-20260801-230000\keybindings-diff.csv"
"keybindings","KeyBindingFrameBinding8Key1Button/DisabledTexture","DIALOG","","NOT-DRAWN","NOT-DRAWN","live-runs\N2-0-4-3-keybindings-20260801-230000\keybindings-diff.csv"
"keybindings","KeyBindingFrameBinding8Key1Button/HighlightTexture","DIALOG","","NOT-DRAWN","NOT-DRAWN","live-runs\N2-0-4-3-keybindings-20260801-230000\keybindings-diff.csv"
"keybindings","KeyBindingFrameBinding8Key1ButtonNormalTexture","DIALOG","","NOT-DRAWN","NOT-DRAWN","live-runs\N2-0-4-3-keybindings-20260801-230000\keybindings-diff.csv"
"keybindings","KeyBindingFrameBinding8Key1ButtonPushedTexture","DIALOG","","NOT-DRAWN","NOT-DRAWN","live-runs\N2-0-4-3-keybindings-20260801-230000\keybindings-diff.csv"
"keybindings","KeyBindingFrameBinding8Key2Button","DIALOG","","NOT-DRAWN","NOT-DRAWN","live-runs\N2-0-4-3-keybindings-20260801-230000\keybindings-diff.csv"
"keybindings","KeyBindingFrameBinding8Key2Button/DisabledTexture","DIALOG","","NOT-DRAWN","NOT-DRAWN","live-runs\N2-0-4-3-keybindings-20260801-230000\keybindings-diff.csv"
"keybindings","KeyBindingFrameBinding8Key2Button/HighlightTexture","DIALOG","","NOT-DRAWN","NOT-DRAWN","live-runs\N2-0-4-3-keybindings-20260801-230000\keybindings-diff.csv"
"keybindings","KeyBindingFrameBinding8Key2ButtonNormalTexture","DIALOG","","NOT-DRAWN","NOT-DRAWN","live-runs\N2-0-4-3-keybindings-20260801-230000\keybindings-diff.csv"
"keybindings","KeyBindingFrameBinding8Key2ButtonPushedTexture","DIALOG","","NOT-DRAWN","NOT-DRAWN","live-runs\N2-0-4-3-keybindings-20260801-230000\keybindings-diff.csv"
"keybindings","KeyBindingFrameBinding9","DIALOG","","NOT-DRAWN","NOT-DRAWN","live-runs\N2-0-4-3-keybindings-20260801-230000\keybindings-diff.csv"
"keybindings","KeyBindingFrameBinding9Description","DIALOG","BACKGROUND","NOT-DRAWN","NOT-DRAWN","live-runs\N2-0-4-3-keybindings-20260801-230000\keybindings-diff.csv"
"keybindings","KeyBindingFrameBinding9Header","DIALOG","BACKGROUND","NOT-DRAWN","NOT-DRAWN","live-runs\N2-0-4-3-keybindings-20260801-230000\keybindings-diff.csv"
"keybindings","KeyBindingFrameBinding9Key1Button","DIALOG","","NOT-DRAWN","NOT-DRAWN","live-runs\N2-0-4-3-keybindings-20260801-230000\keybindings-diff.csv"
"keybindings","KeyBindingFrameBinding9Key1Button/DisabledTexture","DIALOG","","NOT-DRAWN","NOT-DRAWN","live-runs\N2-0-4-3-keybindings-20260801-230000\keybindings-diff.csv"
"keybindings","KeyBindingFrameBinding9Key1Button/HighlightTexture","DIALOG","","NOT-DRAWN","NOT-DRAWN","live-runs\N2-0-4-3-keybindings-20260801-230000\keybindings-diff.csv"
"keybindings","KeyBindingFrameBinding9Key1ButtonNormalTexture","DIALOG","","NOT-DRAWN","NOT-DRAWN","live-runs\N2-0-4-3-keybindings-20260801-230000\keybindings-diff.csv"
"keybindings","KeyBindingFrameBinding9Key1ButtonPushedTexture","DIALOG","","NOT-DRAWN","NOT-DRAWN","live-runs\N2-0-4-3-keybindings-20260801-230000\keybindings-diff.csv"
"keybindings","KeyBindingFrameBinding9Key2Button","DIALOG","","NOT-DRAWN","NOT-DRAWN","live-runs\N2-0-4-3-keybindings-20260801-230000\keybindings-diff.csv"
"keybindings","KeyBindingFrameBinding9Key2Button/DisabledTexture","DIALOG","","NOT-DRAWN","NOT-DRAWN","live-runs\N2-0-4-3-keybindings-20260801-230000\keybindings-diff.csv"
"keybindings","KeyBindingFrameBinding9Key2Button/HighlightTexture","DIALOG","","NOT-DRAWN","NOT-DRAWN","live-runs\N2-0-4-3-keybindings-20260801-230000\keybindings-diff.csv"
"keybindings","KeyBindingFrameBinding9Key2ButtonNormalTexture","DIALOG","","NOT-DRAWN","NOT-DRAWN","live-runs\N2-0-4-3-keybindings-20260801-230000\keybindings-diff.csv"
"keybindings","KeyBindingFrameBinding9Key2ButtonPushedTexture","DIALOG","","NOT-DRAWN","NOT-DRAWN","live-runs\N2-0-4-3-keybindings-20260801-230000\keybindings-diff.csv"
"keybindings","KeyBindingFrameCancelButton","DIALOG","","NOT-DRAWN","NOT-DRAWN","live-runs\N2-0-4-3-keybindings-20260801-230000\keybindings-diff.csv"
"keybindings","KeyBindingFrameCancelButton/DisabledTexture","DIALOG","","NOT-DRAWN","NOT-DRAWN","live-runs\N2-0-4-3-keybindings-20260801-230000\keybindings-diff.csv"
"keybindings","KeyBindingFrameCancelButton/HighlightTexture","DIALOG","","NOT-DRAWN","NOT-DRAWN","live-runs\N2-0-4-3-keybindings-20260801-230000\keybindings-diff.csv"
"keybindings","KeyBindingFrameCancelButton/NormalTexture","DIALOG","","NOT-DRAWN","NOT-DRAWN","live-runs\N2-0-4-3-keybindings-20260801-230000\keybindings-diff.csv"
"keybindings","KeyBindingFrameCancelButton/PushedTexture","DIALOG","","NOT-DRAWN","NOT-DRAWN","live-runs\N2-0-4-3-keybindings-20260801-230000\keybindings-diff.csv"
"keybindings","KeyBindingFrameCommandLabel","DIALOG","BACKGROUND","NOT-DRAWN","NOT-DRAWN","live-runs\N2-0-4-3-keybindings-20260801-230000\keybindings-diff.csv"
"keybindings","KeyBindingFrameDefaultButton","DIALOG","","NOT-DRAWN","NOT-DRAWN","live-runs\N2-0-4-3-keybindings-20260801-230000\keybindings-diff.csv"
"keybindings","KeyBindingFrameDefaultButton/DisabledTexture","DIALOG","","NOT-DRAWN","NOT-DRAWN","live-runs\N2-0-4-3-keybindings-20260801-230000\keybindings-diff.csv"
"keybindings","KeyBindingFrameDefaultButton/HighlightTexture","DIALOG","","NOT-DRAWN","NOT-DRAWN","live-runs\N2-0-4-3-keybindings-20260801-230000\keybindings-diff.csv"
"keybindings","KeyBindingFrameDefaultButton/NormalTexture","DIALOG","","NOT-DRAWN","NOT-DRAWN","live-runs\N2-0-4-3-keybindings-20260801-230000\keybindings-diff.csv"
"keybindings","KeyBindingFrameDefaultButton/PushedTexture","DIALOG","","NOT-DRAWN","NOT-DRAWN","live-runs\N2-0-4-3-keybindings-20260801-230000\keybindings-diff.csv"
"keybindings","KeyBindingFrameHeader","DIALOG","ARTWORK","NOT-DRAWN","NOT-DRAWN","live-runs\N2-0-4-3-keybindings-20260801-230000\keybindings-diff.csv"
"keybindings","KeyBindingFrameKey1Label","DIALOG","BACKGROUND","NOT-DRAWN","NOT-DRAWN","live-runs\N2-0-4-3-keybindings-20260801-230000\keybindings-diff.csv"
"keybindings","KeyBindingFrameKey2Label","DIALOG","BACKGROUND","NOT-DRAWN","NOT-DRAWN","live-runs\N2-0-4-3-keybindings-20260801-230000\keybindings-diff.csv"
"keybindings","KeyBindingFrameOkayButton","DIALOG","","NOT-DRAWN","NOT-DRAWN","live-runs\N2-0-4-3-keybindings-20260801-230000\keybindings-diff.csv"
"keybindings","KeyBindingFrameOkayButton/DisabledTexture","DIALOG","","NOT-DRAWN","NOT-DRAWN","live-runs\N2-0-4-3-keybindings-20260801-230000\keybindings-diff.csv"
"keybindings","KeyBindingFrameOkayButton/HighlightTexture","DIALOG","","NOT-DRAWN","NOT-DRAWN","live-runs\N2-0-4-3-keybindings-20260801-230000\keybindings-diff.csv"
"keybindings","KeyBindingFrameOkayButton/NormalTexture","DIALOG","","NOT-DRAWN","NOT-DRAWN","live-runs\N2-0-4-3-keybindings-20260801-230000\keybindings-diff.csv"
"keybindings","KeyBindingFrameOkayButton/PushedTexture","DIALOG","","NOT-DRAWN","NOT-DRAWN","live-runs\N2-0-4-3-keybindings-20260801-230000\keybindings-diff.csv"
"keybindings","KeyBindingFrameOutputText","DIALOG","BACKGROUND","NOT-DRAWN","NOT-DRAWN","live-runs\N2-0-4-3-keybindings-20260801-230000\keybindings-diff.csv"
"loot","LootCloseButton","","","IMGUI_WINDOW|IMGUI_IMAGE","DELTA","live-runs\N2-0-3-10-loot-20260801-211500\loot-diff.csv"
"loot","LootCloseButton/HighlightTexture","","","NOT-DRAWN","NOT-DRAWN","live-runs\N2-0-3-10-loot-20260801-211500\loot-diff.csv"
"loot","LootCloseButton/NormalTexture","","","NOT-DRAWN","NOT-DRAWN","live-runs\N2-0-3-10-loot-20260801-211500\loot-diff.csv"
"loot","LootCloseButton/PushedTexture","","","NOT-DRAWN","NOT-DRAWN","live-runs\N2-0-3-10-loot-20260801-211500\loot-diff.csv"
"loot","LootFrame","","","IMGUI_WINDOW|IMGUI_HOST","DELTA","live-runs\N2-0-3-10-loot-20260801-211500\loot-diff.csv"
"loot","LootFrame/FontString","","ARTWORK","NOT-DRAWN","NOT-DRAWN","live-runs\N2-0-3-10-loot-20260801-211500\loot-diff.csv"
"loot","LootFrame/Texture","","ARTWORK","IMGUI_WINDOW|IMGUI_IMAGE","DELTA","live-runs\N2-0-3-10-loot-20260801-211500\loot-diff.csv"
"loot","LootFrameDownButton","","","NOT-DRAWN","NOT-DRAWN","live-runs\N2-0-3-10-loot-20260801-211500\loot-diff.csv"
"loot","LootFrameDownButton/DisabledTexture","","","NOT-DRAWN","NOT-DRAWN","live-runs\N2-0-3-10-loot-20260801-211500\loot-diff.csv"
"loot","LootFrameDownButton/HighlightTexture","","","NOT-DRAWN","NOT-DRAWN","live-runs\N2-0-3-10-loot-20260801-211500\loot-diff.csv"
"loot","LootFrameDownButton/NormalTexture","","","NOT-DRAWN","NOT-DRAWN","live-runs\N2-0-3-10-loot-20260801-211500\loot-diff.csv"
"loot","LootFrameDownButton/PushedTexture","","","NOT-DRAWN","NOT-DRAWN","live-runs\N2-0-3-10-loot-20260801-211500\loot-diff.csv"
"loot","LootFrameNext","","ARTWORK","NOT-DRAWN","NOT-DRAWN","live-runs\N2-0-3-10-loot-20260801-211500\loot-diff.csv"
"loot","LootFramePortraitOverlay","","BORDER","IMGUI_WINDOW|IMGUI_IMAGE","DELTA","live-runs\N2-0-3-10-loot-20260801-211500\loot-diff.csv"
"loot","LootFramePrev","","ARTWORK","NOT-DRAWN","NOT-DRAWN","live-runs\N2-0-3-10-loot-20260801-211500\loot-diff.csv"
"loot","LootFrameUpButton","","","NOT-DRAWN","NOT-DRAWN","live-runs\N2-0-3-10-loot-20260801-211500\loot-diff.csv"
"loot","LootFrameUpButton/DisabledTexture","","","NOT-DRAWN","NOT-DRAWN","live-runs\N2-0-3-10-loot-20260801-211500\loot-diff.csv"
"loot","LootFrameUpButton/HighlightTexture","","","NOT-DRAWN","NOT-DRAWN","live-runs\N2-0-3-10-loot-20260801-211500\loot-diff.csv"
"loot","LootFrameUpButton/NormalTexture","","","NOT-DRAWN","NOT-DRAWN","live-runs\N2-0-3-10-loot-20260801-211500\loot-diff.csv"
"loot","LootFrameUpButton/PushedTexture","","","NOT-DRAWN","NOT-DRAWN","live-runs\N2-0-3-10-loot-20260801-211500\loot-diff.csv"
"macro","MacroButton1","","","NOT-DRAWN","NOT-DRAWN","live-runs\N2-0-4-4-macro-20260801-231500\macro-diff.csv"
"macro","MacroButton1/CheckedTexture","","","NOT-DRAWN","NOT-DRAWN","live-runs\N2-0-4-4-macro-20260801-231500\macro-diff.csv"
"macro","MacroButton1/HighlightTexture","","","NOT-DRAWN","NOT-DRAWN","live-runs\N2-0-4-4-macro-20260801-231500\macro-diff.csv"
"macro","MacroButton1/Texture","","BACKGROUND","NOT-DRAWN","NOT-DRAWN","live-runs\N2-0-4-4-macro-20260801-231500\macro-diff.csv"
"macro","MacroButton10","","","NOT-DRAWN","NOT-DRAWN","live-runs\N2-0-4-4-macro-20260801-231500\macro-diff.csv"
"macro","MacroButton10/CheckedTexture","","","NOT-DRAWN","NOT-DRAWN","live-runs\N2-0-4-4-macro-20260801-231500\macro-diff.csv"
"macro","MacroButton10/HighlightTexture","","","NOT-DRAWN","NOT-DRAWN","live-runs\N2-0-4-4-macro-20260801-231500\macro-diff.csv"
"macro","MacroButton10/Texture","","BACKGROUND","NOT-DRAWN","NOT-DRAWN","live-runs\N2-0-4-4-macro-20260801-231500\macro-diff.csv"
"macro","MacroButton10Icon","","","NOT-DRAWN","NOT-DRAWN","live-runs\N2-0-4-4-macro-20260801-231500\macro-diff.csv"
"macro","MacroButton10Name","","OVERLAY","NOT-DRAWN","NOT-DRAWN","live-runs\N2-0-4-4-macro-20260801-231500\macro-diff.csv"
"macro","MacroButton11","","","NOT-DRAWN","NOT-DRAWN","live-runs\N2-0-4-4-macro-20260801-231500\macro-diff.csv"
"macro","MacroButton11/CheckedTexture","","","NOT-DRAWN","NOT-DRAWN","live-runs\N2-0-4-4-macro-20260801-231500\macro-diff.csv"
"macro","MacroButton11/HighlightTexture","","","NOT-DRAWN","NOT-DRAWN","live-runs\N2-0-4-4-macro-20260801-231500\macro-diff.csv"
"macro","MacroButton11/Texture","","BACKGROUND","NOT-DRAWN","NOT-DRAWN","live-runs\N2-0-4-4-macro-20260801-231500\macro-diff.csv"
"macro","MacroButton11Icon","","","NOT-DRAWN","NOT-DRAWN","live-runs\N2-0-4-4-macro-20260801-231500\macro-diff.csv"
"macro","MacroButton11Name","","OVERLAY","NOT-DRAWN","NOT-DRAWN","live-runs\N2-0-4-4-macro-20260801-231500\macro-diff.csv"
"macro","MacroButton12","","","NOT-DRAWN","NOT-DRAWN","live-runs\N2-0-4-4-macro-20260801-231500\macro-diff.csv"
"macro","MacroButton12/CheckedTexture","","","NOT-DRAWN","NOT-DRAWN","live-runs\N2-0-4-4-macro-20260801-231500\macro-diff.csv"
"macro","MacroButton12/HighlightTexture","","","NOT-DRAWN","NOT-DRAWN","live-runs\N2-0-4-4-macro-20260801-231500\macro-diff.csv"
"macro","MacroButton12/Texture","","BACKGROUND","NOT-DRAWN","NOT-DRAWN","live-runs\N2-0-4-4-macro-20260801-231500\macro-diff.csv"
"macro","MacroButton12Icon","","","NOT-DRAWN","NOT-DRAWN","live-runs\N2-0-4-4-macro-20260801-231500\macro-diff.csv"
"macro","MacroButton12Name","","OVERLAY","NOT-DRAWN","NOT-DRAWN","live-runs\N2-0-4-4-macro-20260801-231500\macro-diff.csv"
"macro","MacroButton13","","","NOT-DRAWN","NOT-DRAWN","live-runs\N2-0-4-4-macro-20260801-231500\macro-diff.csv"
"macro","MacroButton13/CheckedTexture","","","NOT-DRAWN","NOT-DRAWN","live-runs\N2-0-4-4-macro-20260801-231500\macro-diff.csv"
"macro","MacroButton13/HighlightTexture","","","NOT-DRAWN","NOT-DRAWN","live-runs\N2-0-4-4-macro-20260801-231500\macro-diff.csv"
"macro","MacroButton13/Texture","","BACKGROUND","NOT-DRAWN","NOT-DRAWN","live-runs\N2-0-4-4-macro-20260801-231500\macro-diff.csv"
"macro","MacroButton13Icon","","","NOT-DRAWN","NOT-DRAWN","live-runs\N2-0-4-4-macro-20260801-231500\macro-diff.csv"
"macro","MacroButton13Name","","OVERLAY","NOT-DRAWN","NOT-DRAWN","live-runs\N2-0-4-4-macro-20260801-231500\macro-diff.csv"
"macro","MacroButton14","","","NOT-DRAWN","NOT-DRAWN","live-runs\N2-0-4-4-macro-20260801-231500\macro-diff.csv"
"macro","MacroButton14/CheckedTexture","","","NOT-DRAWN","NOT-DRAWN","live-runs\N2-0-4-4-macro-20260801-231500\macro-diff.csv"
"macro","MacroButton14/HighlightTexture","","","NOT-DRAWN","NOT-DRAWN","live-runs\N2-0-4-4-macro-20260801-231500\macro-diff.csv"
"macro","MacroButton14/Texture","","BACKGROUND","NOT-DRAWN","NOT-DRAWN","live-runs\N2-0-4-4-macro-20260801-231500\macro-diff.csv"
"macro","MacroButton14Icon","","","NOT-DRAWN","NOT-DRAWN","live-runs\N2-0-4-4-macro-20260801-231500\macro-diff.csv"
"macro","MacroButton14Name","","OVERLAY","NOT-DRAWN","NOT-DRAWN","live-runs\N2-0-4-4-macro-20260801-231500\macro-diff.csv"
"macro","MacroButton15","","","NOT-DRAWN","NOT-DRAWN","live-runs\N2-0-4-4-macro-20260801-231500\macro-diff.csv"
"macro","MacroButton15/CheckedTexture","","","NOT-DRAWN","NOT-DRAWN","live-runs\N2-0-4-4-macro-20260801-231500\macro-diff.csv"
"macro","MacroButton15/HighlightTexture","","","NOT-DRAWN","NOT-DRAWN","live-runs\N2-0-4-4-macro-20260801-231500\macro-diff.csv"
"macro","MacroButton15/Texture","","BACKGROUND","NOT-DRAWN","NOT-DRAWN","live-runs\N2-0-4-4-macro-20260801-231500\macro-diff.csv"
"macro","MacroButton15Icon","","","NOT-DRAWN","NOT-DRAWN","live-runs\N2-0-4-4-macro-20260801-231500\macro-diff.csv"
"macro","MacroButton15Name","","OVERLAY","NOT-DRAWN","NOT-DRAWN","live-runs\N2-0-4-4-macro-20260801-231500\macro-diff.csv"
"macro","MacroButton16","","","NOT-DRAWN","NOT-DRAWN","live-runs\N2-0-4-4-macro-20260801-231500\macro-diff.csv"
"macro","MacroButton16/CheckedTexture","","","NOT-DRAWN","NOT-DRAWN","live-runs\N2-0-4-4-macro-20260801-231500\macro-diff.csv"
"macro","MacroButton16/HighlightTexture","","","NOT-DRAWN","NOT-DRAWN","live-runs\N2-0-4-4-macro-20260801-231500\macro-diff.csv"
"macro","MacroButton16/Texture","","BACKGROUND","NOT-DRAWN","NOT-DRAWN","live-runs\N2-0-4-4-macro-20260801-231500\macro-diff.csv"
"macro","MacroButton16Icon","","","NOT-DRAWN","NOT-DRAWN","live-runs\N2-0-4-4-macro-20260801-231500\macro-diff.csv"
"macro","MacroButton16Name","","OVERLAY","NOT-DRAWN","NOT-DRAWN","live-runs\N2-0-4-4-macro-20260801-231500\macro-diff.csv"
"macro","MacroButton17","","","NOT-DRAWN","NOT-DRAWN","live-runs\N2-0-4-4-macro-20260801-231500\macro-diff.csv"
"macro","MacroButton17/CheckedTexture","","","NOT-DRAWN","NOT-DRAWN","live-runs\N2-0-4-4-macro-20260801-231500\macro-diff.csv"
"macro","MacroButton17/HighlightTexture","","","NOT-DRAWN","NOT-DRAWN","live-runs\N2-0-4-4-macro-20260801-231500\macro-diff.csv"
"macro","MacroButton17/Texture","","BACKGROUND","NOT-DRAWN","NOT-DRAWN","live-runs\N2-0-4-4-macro-20260801-231500\macro-diff.csv"
"macro","MacroButton17Icon","","","NOT-DRAWN","NOT-DRAWN","live-runs\N2-0-4-4-macro-20260801-231500\macro-diff.csv"
"macro","MacroButton17Name","","OVERLAY","NOT-DRAWN","NOT-DRAWN","live-runs\N2-0-4-4-macro-20260801-231500\macro-diff.csv"
"macro","MacroButton18","","","NOT-DRAWN","NOT-DRAWN","live-runs\N2-0-4-4-macro-20260801-231500\macro-diff.csv"
"macro","MacroButton18/CheckedTexture","","","NOT-DRAWN","NOT-DRAWN","live-runs\N2-0-4-4-macro-20260801-231500\macro-diff.csv"
"macro","MacroButton18/HighlightTexture","","","NOT-DRAWN","NOT-DRAWN","live-runs\N2-0-4-4-macro-20260801-231500\macro-diff.csv"
"macro","MacroButton18/Texture","","BACKGROUND","NOT-DRAWN","NOT-DRAWN","live-runs\N2-0-4-4-macro-20260801-231500\macro-diff.csv"
"macro","MacroButton18Icon","","","NOT-DRAWN","NOT-DRAWN","live-runs\N2-0-4-4-macro-20260801-231500\macro-diff.csv"
"macro","MacroButton18Name","","OVERLAY","NOT-DRAWN","NOT-DRAWN","live-runs\N2-0-4-4-macro-20260801-231500\macro-diff.csv"
"macro","MacroButton1Icon","","","NOT-DRAWN","NOT-DRAWN","live-runs\N2-0-4-4-macro-20260801-231500\macro-diff.csv"
"macro","MacroButton1Name","","OVERLAY","NOT-DRAWN","NOT-DRAWN","live-runs\N2-0-4-4-macro-20260801-231500\macro-diff.csv"
"macro","MacroButton2","","","NOT-DRAWN","NOT-DRAWN","live-runs\N2-0-4-4-macro-20260801-231500\macro-diff.csv"
"macro","MacroButton2/CheckedTexture","","","NOT-DRAWN","NOT-DRAWN","live-runs\N2-0-4-4-macro-20260801-231500\macro-diff.csv"
"macro","MacroButton2/HighlightTexture","","","NOT-DRAWN","NOT-DRAWN","live-runs\N2-0-4-4-macro-20260801-231500\macro-diff.csv"
"macro","MacroButton2/Texture","","BACKGROUND","NOT-DRAWN","NOT-DRAWN","live-runs\N2-0-4-4-macro-20260801-231500\macro-diff.csv"
"macro","MacroButton2Icon","","","NOT-DRAWN","NOT-DRAWN","live-runs\N2-0-4-4-macro-20260801-231500\macro-diff.csv"
"macro","MacroButton2Name","","OVERLAY","NOT-DRAWN","NOT-DRAWN","live-runs\N2-0-4-4-macro-20260801-231500\macro-diff.csv"
"macro","MacroButton3","","","NOT-DRAWN","NOT-DRAWN","live-runs\N2-0-4-4-macro-20260801-231500\macro-diff.csv"
"macro","MacroButton3/CheckedTexture","","","NOT-DRAWN","NOT-DRAWN","live-runs\N2-0-4-4-macro-20260801-231500\macro-diff.csv"
"macro","MacroButton3/HighlightTexture","","","NOT-DRAWN","NOT-DRAWN","live-runs\N2-0-4-4-macro-20260801-231500\macro-diff.csv"
"macro","MacroButton3/Texture","","BACKGROUND","NOT-DRAWN","NOT-DRAWN","live-runs\N2-0-4-4-macro-20260801-231500\macro-diff.csv"
"macro","MacroButton3Icon","","","NOT-DRAWN","NOT-DRAWN","live-runs\N2-0-4-4-macro-20260801-231500\macro-diff.csv"
"macro","MacroButton3Name","","OVERLAY","NOT-DRAWN","NOT-DRAWN","live-runs\N2-0-4-4-macro-20260801-231500\macro-diff.csv"
"macro","MacroButton4","","","NOT-DRAWN","NOT-DRAWN","live-runs\N2-0-4-4-macro-20260801-231500\macro-diff.csv"
"macro","MacroButton4/CheckedTexture","","","NOT-DRAWN","NOT-DRAWN","live-runs\N2-0-4-4-macro-20260801-231500\macro-diff.csv"
"macro","MacroButton4/HighlightTexture","","","NOT-DRAWN","NOT-DRAWN","live-runs\N2-0-4-4-macro-20260801-231500\macro-diff.csv"
"macro","MacroButton4/Texture","","BACKGROUND","NOT-DRAWN","NOT-DRAWN","live-runs\N2-0-4-4-macro-20260801-231500\macro-diff.csv"
"macro","MacroButton4Icon","","","NOT-DRAWN","NOT-DRAWN","live-runs\N2-0-4-4-macro-20260801-231500\macro-diff.csv"
"macro","MacroButton4Name","","OVERLAY","NOT-DRAWN","NOT-DRAWN","live-runs\N2-0-4-4-macro-20260801-231500\macro-diff.csv"
"macro","MacroButton5","","","NOT-DRAWN","NOT-DRAWN","live-runs\N2-0-4-4-macro-20260801-231500\macro-diff.csv"
"macro","MacroButton5/CheckedTexture","","","NOT-DRAWN","NOT-DRAWN","live-runs\N2-0-4-4-macro-20260801-231500\macro-diff.csv"
"macro","MacroButton5/HighlightTexture","","","NOT-DRAWN","NOT-DRAWN","live-runs\N2-0-4-4-macro-20260801-231500\macro-diff.csv"
"macro","MacroButton5/Texture","","BACKGROUND","NOT-DRAWN","NOT-DRAWN","live-runs\N2-0-4-4-macro-20260801-231500\macro-diff.csv"
"macro","MacroButton5Icon","","","NOT-DRAWN","NOT-DRAWN","live-runs\N2-0-4-4-macro-20260801-231500\macro-diff.csv"
"macro","MacroButton5Name","","OVERLAY","NOT-DRAWN","NOT-DRAWN","live-runs\N2-0-4-4-macro-20260801-231500\macro-diff.csv"
"macro","MacroButton6","","","NOT-DRAWN","NOT-DRAWN","live-runs\N2-0-4-4-macro-20260801-231500\macro-diff.csv"
"macro","MacroButton6/CheckedTexture","","","NOT-DRAWN","NOT-DRAWN","live-runs\N2-0-4-4-macro-20260801-231500\macro-diff.csv"
"macro","MacroButton6/HighlightTexture","","","NOT-DRAWN","NOT-DRAWN","live-runs\N2-0-4-4-macro-20260801-231500\macro-diff.csv"
"macro","MacroButton6/Texture","","BACKGROUND","NOT-DRAWN","NOT-DRAWN","live-runs\N2-0-4-4-macro-20260801-231500\macro-diff.csv"
"macro","MacroButton6Icon","","","NOT-DRAWN","NOT-DRAWN","live-runs\N2-0-4-4-macro-20260801-231500\macro-diff.csv"
"macro","MacroButton6Name","","OVERLAY","NOT-DRAWN","NOT-DRAWN","live-runs\N2-0-4-4-macro-20260801-231500\macro-diff.csv"
"macro","MacroButton7","","","NOT-DRAWN","NOT-DRAWN","live-runs\N2-0-4-4-macro-20260801-231500\macro-diff.csv"
"macro","MacroButton7/CheckedTexture","","","NOT-DRAWN","NOT-DRAWN","live-runs\N2-0-4-4-macro-20260801-231500\macro-diff.csv"
"macro","MacroButton7/HighlightTexture","","","NOT-DRAWN","NOT-DRAWN","live-runs\N2-0-4-4-macro-20260801-231500\macro-diff.csv"
"macro","MacroButton7/Texture","","BACKGROUND","NOT-DRAWN","NOT-DRAWN","live-runs\N2-0-4-4-macro-20260801-231500\macro-diff.csv"
"macro","MacroButton7Icon","","","NOT-DRAWN","NOT-DRAWN","live-runs\N2-0-4-4-macro-20260801-231500\macro-diff.csv"
"macro","MacroButton7Name","","OVERLAY","NOT-DRAWN","NOT-DRAWN","live-runs\N2-0-4-4-macro-20260801-231500\macro-diff.csv"
"macro","MacroButton8","","","NOT-DRAWN","NOT-DRAWN","live-runs\N2-0-4-4-macro-20260801-231500\macro-diff.csv"
"macro","MacroButton8/CheckedTexture","","","NOT-DRAWN","NOT-DRAWN","live-runs\N2-0-4-4-macro-20260801-231500\macro-diff.csv"
"macro","MacroButton8/HighlightTexture","","","NOT-DRAWN","NOT-DRAWN","live-runs\N2-0-4-4-macro-20260801-231500\macro-diff.csv"
"macro","MacroButton8/Texture","","BACKGROUND","NOT-DRAWN","NOT-DRAWN","live-runs\N2-0-4-4-macro-20260801-231500\macro-diff.csv"
"macro","MacroButton8Icon","","","NOT-DRAWN","NOT-DRAWN","live-runs\N2-0-4-4-macro-20260801-231500\macro-diff.csv"
"macro","MacroButton8Name","","OVERLAY","NOT-DRAWN","NOT-DRAWN","live-runs\N2-0-4-4-macro-20260801-231500\macro-diff.csv"
"macro","MacroButton9","","","NOT-DRAWN","NOT-DRAWN","live-runs\N2-0-4-4-macro-20260801-231500\macro-diff.csv"
"macro","MacroButton9/CheckedTexture","","","NOT-DRAWN","NOT-DRAWN","live-runs\N2-0-4-4-macro-20260801-231500\macro-diff.csv"
"macro","MacroButton9/HighlightTexture","","","NOT-DRAWN","NOT-DRAWN","live-runs\N2-0-4-4-macro-20260801-231500\macro-diff.csv"
"macro","MacroButton9/Texture","","BACKGROUND","NOT-DRAWN","NOT-DRAWN","live-runs\N2-0-4-4-macro-20260801-231500\macro-diff.csv"
"macro","MacroButton9Icon","","","NOT-DRAWN","NOT-DRAWN","live-runs\N2-0-4-4-macro-20260801-231500\macro-diff.csv"
"macro","MacroButton9Name","","OVERLAY","NOT-DRAWN","NOT-DRAWN","live-runs\N2-0-4-4-macro-20260801-231500\macro-diff.csv"
"macro","MacroDeleteButton","","","NOT-DRAWN","NOT-DRAWN","live-runs\N2-0-4-4-macro-20260801-231500\macro-diff.csv"
"macro","MacroDeleteButton/DisabledTexture","","","NOT-DRAWN","NOT-DRAWN","live-runs\N2-0-4-4-macro-20260801-231500\macro-diff.csv"
"macro","MacroDeleteButton/HighlightTexture","","","NOT-DRAWN","NOT-DRAWN","live-runs\N2-0-4-4-macro-20260801-231500\macro-diff.csv"
"macro","MacroDeleteButton/NormalTexture","","","NOT-DRAWN","NOT-DRAWN","live-runs\N2-0-4-4-macro-20260801-231500\macro-diff.csv"
"macro","MacroDeleteButton/PushedTexture","","","NOT-DRAWN","NOT-DRAWN","live-runs\N2-0-4-4-macro-20260801-231500\macro-diff.csv"
"macro","MacroEditButton","","","NOT-DRAWN","NOT-DRAWN","live-runs\N2-0-4-4-macro-20260801-231500\macro-diff.csv"
"macro","MacroEditButton/DisabledTexture","","","NOT-DRAWN","NOT-DRAWN","live-runs\N2-0-4-4-macro-20260801-231500\macro-diff.csv"
"macro","MacroEditButton/HighlightTexture","","","NOT-DRAWN","NOT-DRAWN","live-runs\N2-0-4-4-macro-20260801-231500\macro-diff.csv"
"macro","MacroEditButton/NormalTexture","","","NOT-DRAWN","NOT-DRAWN","live-runs\N2-0-4-4-macro-20260801-231500\macro-diff.csv"
"macro","MacroEditButton/PushedTexture","","","NOT-DRAWN","NOT-DRAWN","live-runs\N2-0-4-4-macro-20260801-231500\macro-diff.csv"
"macro","MacroExitButton","","","NOT-DRAWN","NOT-DRAWN","live-runs\N2-0-4-4-macro-20260801-231500\macro-diff.csv"
"macro","MacroExitButton/DisabledTexture","","","NOT-DRAWN","NOT-DRAWN","live-runs\N2-0-4-4-macro-20260801-231500\macro-diff.csv"
"macro","MacroExitButton/HighlightTexture","","","NOT-DRAWN","NOT-DRAWN","live-runs\N2-0-4-4-macro-20260801-231500\macro-diff.csv"
"macro","MacroExitButton/NormalTexture","","","NOT-DRAWN","NOT-DRAWN","live-runs\N2-0-4-4-macro-20260801-231500\macro-diff.csv"
"macro","MacroExitButton/PushedTexture","","","NOT-DRAWN","NOT-DRAWN","live-runs\N2-0-4-4-macro-20260801-231500\macro-diff.csv"
"macro","MacroFrame","","","IMGUI_WINDOW|IMGUI_HOST","DELTA","live-runs\N2-0-4-4-macro-20260801-231500\macro-diff.csv"
"macro","MacroFrame/FontString","","BORDER","NOT-DRAWN","NOT-DRAWN","live-runs\N2-0-4-4-macro-20260801-231500\macro-diff.csv"
"macro","MacroFrame/Texture","","BORDER","IMGUI_WINDOW|IMGUI_IMAGE","DELTA","live-runs\N2-0-4-4-macro-20260801-231500\macro-diff.csv"
"macro","MacroFrame/Texture#2","","BORDER","IMGUI_WINDOW|IMGUI_IMAGE","DELTA","live-runs\N2-0-4-4-macro-20260801-231500\macro-diff.csv"
"macro","MacroFrame/Texture#3","","BORDER","IMGUI_WINDOW|IMGUI_IMAGE","DELTA","live-runs\N2-0-4-4-macro-20260801-231500\macro-diff.csv"
"macro","MacroFrame/Texture#4","","BORDER","IMGUI_WINDOW|IMGUI_IMAGE","DELTA","live-runs\N2-0-4-4-macro-20260801-231500\macro-diff.csv"
"macro","MacroFrame/Texture#5","","ARTWORK","NOT-DRAWN","NOT-DRAWN","live-runs\N2-0-4-4-macro-20260801-231500\macro-diff.csv"
"macro","MacroFrameCharLimitText","","ARTWORK","NOT-DRAWN","NOT-DRAWN","live-runs\N2-0-4-4-macro-20260801-231500\macro-diff.csv"
"macro","MacroFrameCloseButton","","","NOT-DRAWN","NOT-DRAWN","live-runs\N2-0-4-4-macro-20260801-231500\macro-diff.csv"
"macro","MacroFrameCloseButton/HighlightTexture","","","NOT-DRAWN","NOT-DRAWN","live-runs\N2-0-4-4-macro-20260801-231500\macro-diff.csv"
"macro","MacroFrameCloseButton/NormalTexture","","","NOT-DRAWN","NOT-DRAWN","live-runs\N2-0-4-4-macro-20260801-231500\macro-diff.csv"
"macro","MacroFrameCloseButton/PushedTexture","","","NOT-DRAWN","NOT-DRAWN","live-runs\N2-0-4-4-macro-20260801-231500\macro-diff.csv"
"macro","MacroFrameEnterMacroText","","ARTWORK","NOT-DRAWN","NOT-DRAWN","live-runs\N2-0-4-4-macro-20260801-231500\macro-diff.csv"
"macro","MacroFramePortrait","","BACKGROUND","IMGUI_WINDOW|IMGUI_IMAGE","DELTA","live-runs\N2-0-4-4-macro-20260801-231500\macro-diff.csv"
"macro","MacroFrameSelectedMacroBackground","","ARTWORK","NOT-DRAWN","NOT-DRAWN","live-runs\N2-0-4-4-macro-20260801-231500\macro-diff.csv"
"macro","MacroFrameSelectedMacroButton","","","NOT-DRAWN","NOT-DRAWN","live-runs\N2-0-4-4-macro-20260801-231500\macro-diff.csv"
"macro","MacroFrameSelectedMacroButton/CheckedTexture","","","NOT-DRAWN","NOT-DRAWN","live-runs\N2-0-4-4-macro-20260801-231500\macro-diff.csv"
"macro","MacroFrameSelectedMacroButton/HighlightTexture","","","NOT-DRAWN","NOT-DRAWN","live-runs\N2-0-4-4-macro-20260801-231500\macro-diff.csv"
"macro","MacroFrameSelectedMacroButton/Texture","","BACKGROUND","NOT-DRAWN","NOT-DRAWN","live-runs\N2-0-4-4-macro-20260801-231500\macro-diff.csv"
"macro","MacroFrameSelectedMacroButtonIcon","","","NOT-DRAWN","NOT-DRAWN","live-runs\N2-0-4-4-macro-20260801-231500\macro-diff.csv"
"macro","MacroFrameSelectedMacroButtonName","","OVERLAY","NOT-DRAWN","NOT-DRAWN","live-runs\N2-0-4-4-macro-20260801-231500\macro-diff.csv"
"macro","MacroFrameSelectedMacroName","","ARTWORK","NOT-DRAWN","NOT-DRAWN","live-runs\N2-0-4-4-macro-20260801-231500\macro-diff.csv"
"macro","MacroFrameTab","","","NOT-DRAWN","NOT-DRAWN","live-runs\N2-0-4-4-macro-20260801-231500\macro-diff.csv"
"macro","MacroFrameTabLeft","","BACKGROUND","NOT-DRAWN","NOT-DRAWN","live-runs\N2-0-4-4-macro-20260801-231500\macro-diff.csv"
"macro","MacroFrameTabMiddle","","BACKGROUND","NOT-DRAWN","NOT-DRAWN","live-runs\N2-0-4-4-macro-20260801-231500\macro-diff.csv"
"macro","MacroFrameTabRight","","BACKGROUND","NOT-DRAWN","NOT-DRAWN","live-runs\N2-0-4-4-macro-20260801-231500\macro-diff.csv"
"macro","MacroFrameTabText","","BACKGROUND","NOT-DRAWN","NOT-DRAWN","live-runs\N2-0-4-4-macro-20260801-231500\macro-diff.csv"
"macro","MacroFrameTextBackground","","","NOT-DRAWN","NOT-DRAWN","live-runs\N2-0-4-4-macro-20260801-231500\macro-diff.csv"
"macro","MacroFrameTextButton","","","NOT-DRAWN","NOT-DRAWN","live-runs\N2-0-4-4-macro-20260801-231500\macro-diff.csv"
"macro","MacroHorizontalBarLeft","","ARTWORK","NOT-DRAWN","NOT-DRAWN","live-runs\N2-0-4-4-macro-20260801-231500\macro-diff.csv"
"macro","MacroNewButton","","","NOT-DRAWN","NOT-DRAWN","live-runs\N2-0-4-4-macro-20260801-231500\macro-diff.csv"
"macro","MacroNewButton/DisabledTexture","","","NOT-DRAWN","NOT-DRAWN","live-runs\N2-0-4-4-macro-20260801-231500\macro-diff.csv"
"macro","MacroNewButton/HighlightTexture","","","NOT-DRAWN","NOT-DRAWN","live-runs\N2-0-4-4-macro-20260801-231500\macro-diff.csv"
"macro","MacroNewButton/NormalTexture","","","NOT-DRAWN","NOT-DRAWN","live-runs\N2-0-4-4-macro-20260801-231500\macro-diff.csv"
"macro","MacroNewButton/PushedTexture","","","NOT-DRAWN","NOT-DRAWN","live-runs\N2-0-4-4-macro-20260801-231500\macro-diff.csv"
"mail","InboxCloseButton","","","NOT-DRAWN","NOT-DRAWN","live-runs\N2-0-3-8-mail-20260801-204500\mail-diff.csv"
"mail","InboxCloseButton/HighlightTexture","","","NOT-DRAWN","NOT-DRAWN","live-runs\N2-0-3-8-mail-20260801-204500\mail-diff.csv"
"mail","InboxCloseButton/NormalTexture","","","NOT-DRAWN","NOT-DRAWN","live-runs\N2-0-3-8-mail-20260801-204500\mail-diff.csv"
"mail","InboxCloseButton/PushedTexture","","","NOT-DRAWN","NOT-DRAWN","live-runs\N2-0-3-8-mail-20260801-204500\mail-diff.csv"
"mail","InboxCurrentPage","","ARTWORK","NOT-DRAWN","NOT-DRAWN","live-runs\N2-0-3-8-mail-20260801-204500\mail-diff.csv"
"mail","InboxFrame","","","NOT-DRAWN","NOT-DRAWN","live-runs\N2-0-3-8-mail-20260801-204500\mail-diff.csv"
"mail","InboxNextPageButton","","","NOT-DRAWN","NOT-DRAWN","live-runs\N2-0-3-8-mail-20260801-204500\mail-diff.csv"
"mail","InboxNextPageButton/DisabledTexture","","","NOT-DRAWN","NOT-DRAWN","live-runs\N2-0-3-8-mail-20260801-204500\mail-diff.csv"
"mail","InboxNextPageButton/FontString","","ARTWORK","NOT-DRAWN","NOT-DRAWN","live-runs\N2-0-3-8-mail-20260801-204500\mail-diff.csv"
"mail","InboxNextPageButton/HighlightTexture","","","NOT-DRAWN","NOT-DRAWN","live-runs\N2-0-3-8-mail-20260801-204500\mail-diff.csv"
"mail","InboxNextPageButton/NormalTexture","","","NOT-DRAWN","NOT-DRAWN","live-runs\N2-0-3-8-mail-20260801-204500\mail-diff.csv"
"mail","InboxNextPageButton/PushedTexture","","","NOT-DRAWN","NOT-DRAWN","live-runs\N2-0-3-8-mail-20260801-204500\mail-diff.csv"
"mail","InboxPrevPageButton","","","NOT-DRAWN","NOT-DRAWN","live-runs\N2-0-3-8-mail-20260801-204500\mail-diff.csv"
"mail","InboxPrevPageButton/DisabledTexture","","","NOT-DRAWN","NOT-DRAWN","live-runs\N2-0-3-8-mail-20260801-204500\mail-diff.csv"
"mail","InboxPrevPageButton/FontString","","ARTWORK","NOT-DRAWN","NOT-DRAWN","live-runs\N2-0-3-8-mail-20260801-204500\mail-diff.csv"
"mail","InboxPrevPageButton/HighlightTexture","","","NOT-DRAWN","NOT-DRAWN","live-runs\N2-0-3-8-mail-20260801-204500\mail-diff.csv"
"mail","InboxPrevPageButton/NormalTexture","","","NOT-DRAWN","NOT-DRAWN","live-runs\N2-0-3-8-mail-20260801-204500\mail-diff.csv"
"mail","InboxPrevPageButton/PushedTexture","","","NOT-DRAWN","NOT-DRAWN","live-runs\N2-0-3-8-mail-20260801-204500\mail-diff.csv"
"mail","InboxTitleText","","ARTWORK","NOT-DRAWN","NOT-DRAWN","live-runs\N2-0-3-8-mail-20260801-204500\mail-diff.csv"
"mail","MailFrame","","","IMGUI_WINDOW|IMGUI_HOST","DELTA","live-runs\N2-0-3-8-mail-20260801-204500\mail-diff.csv"
"mail","MailFrame/Texture","","BACKGROUND","IMGUI_WINDOW|IMGUI_IMAGE","DELTA","live-runs\N2-0-3-8-mail-20260801-204500\mail-diff.csv"
"mail","MailFrameBotLeft","","BORDER","IMGUI_WINDOW|IMGUI_IMAGE","DELTA","live-runs\N2-0-3-8-mail-20260801-204500\mail-diff.csv"
"mail","MailFrameBotRight","","BORDER","IMGUI_WINDOW|IMGUI_IMAGE","DELTA","live-runs\N2-0-3-8-mail-20260801-204500\mail-diff.csv"
"mail","MailFrameTab1","","","NOT-DRAWN","NOT-DRAWN","live-runs\N2-0-3-8-mail-20260801-204500\mail-diff.csv"
"mail","MailFrameTab2","","","NOT-DRAWN","NOT-DRAWN","live-runs\N2-0-3-8-mail-20260801-204500\mail-diff.csv"
"mail","MailFrameTopLeft","","BORDER","IMGUI_WINDOW|IMGUI_IMAGE","DELTA","live-runs\N2-0-3-8-mail-20260801-204500\mail-diff.csv"
"mail","MailFrameTopRight","","BORDER","IMGUI_WINDOW|IMGUI_IMAGE","DELTA","live-runs\N2-0-3-8-mail-20260801-204500\mail-diff.csv"
"mail","MailItem1","","","NOT-DRAWN","NOT-DRAWN","live-runs\N2-0-3-8-mail-20260801-204500\mail-diff.csv"
"mail","MailItem1/Texture","","BACKGROUND","NOT-DRAWN","NOT-DRAWN","live-runs\N2-0-3-8-mail-20260801-204500\mail-diff.csv"
"mail","MailItem1/Texture#2","","BACKGROUND","NOT-DRAWN","NOT-DRAWN","live-runs\N2-0-3-8-mail-20260801-204500\mail-diff.csv"
"mail","MailItem1/Texture#3","","BACKGROUND","NOT-DRAWN","NOT-DRAWN","live-runs\N2-0-3-8-mail-20260801-204500\mail-diff.csv"
"mail","MailItem1ExpireTime","","","NOT-DRAWN","NOT-DRAWN","live-runs\N2-0-3-8-mail-20260801-204500\mail-diff.csv"
"mail","MailItem1Sender","","BACKGROUND","NOT-DRAWN","NOT-DRAWN","live-runs\N2-0-3-8-mail-20260801-204500\mail-diff.csv"
"mail","MailItem1Subject","","BACKGROUND","NOT-DRAWN","NOT-DRAWN","live-runs\N2-0-3-8-mail-20260801-204500\mail-diff.csv"
"mail","MailItem2","","","NOT-DRAWN","NOT-DRAWN","live-runs\N2-0-3-8-mail-20260801-204500\mail-diff.csv"
"mail","MailItem2/Texture","","BACKGROUND","NOT-DRAWN","NOT-DRAWN","live-runs\N2-0-3-8-mail-20260801-204500\mail-diff.csv"
"mail","MailItem2/Texture#2","","BACKGROUND","NOT-DRAWN","NOT-DRAWN","live-runs\N2-0-3-8-mail-20260801-204500\mail-diff.csv"
"mail","MailItem2/Texture#3","","BACKGROUND","NOT-DRAWN","NOT-DRAWN","live-runs\N2-0-3-8-mail-20260801-204500\mail-diff.csv"
"mail","MailItem2ExpireTime","","","NOT-DRAWN","NOT-DRAWN","live-runs\N2-0-3-8-mail-20260801-204500\mail-diff.csv"
"mail","MailItem2Sender","","BACKGROUND","NOT-DRAWN","NOT-DRAWN","live-runs\N2-0-3-8-mail-20260801-204500\mail-diff.csv"
"mail","MailItem2Subject","","BACKGROUND","NOT-DRAWN","NOT-DRAWN","live-runs\N2-0-3-8-mail-20260801-204500\mail-diff.csv"
"mail","MailItem3","","","NOT-DRAWN","NOT-DRAWN","live-runs\N2-0-3-8-mail-20260801-204500\mail-diff.csv"
"mail","MailItem3/Texture","","BACKGROUND","NOT-DRAWN","NOT-DRAWN","live-runs\N2-0-3-8-mail-20260801-204500\mail-diff.csv"
"mail","MailItem3/Texture#2","","BACKGROUND","NOT-DRAWN","NOT-DRAWN","live-runs\N2-0-3-8-mail-20260801-204500\mail-diff.csv"
"mail","MailItem3/Texture#3","","BACKGROUND","NOT-DRAWN","NOT-DRAWN","live-runs\N2-0-3-8-mail-20260801-204500\mail-diff.csv"
"mail","MailItem3ExpireTime","","","NOT-DRAWN","NOT-DRAWN","live-runs\N2-0-3-8-mail-20260801-204500\mail-diff.csv"
"mail","MailItem3Sender","","BACKGROUND","NOT-DRAWN","NOT-DRAWN","live-runs\N2-0-3-8-mail-20260801-204500\mail-diff.csv"
"mail","MailItem3Subject","","BACKGROUND","NOT-DRAWN","NOT-DRAWN","live-runs\N2-0-3-8-mail-20260801-204500\mail-diff.csv"
"mail","MailItem4","","","NOT-DRAWN","NOT-DRAWN","live-runs\N2-0-3-8-mail-20260801-204500\mail-diff.csv"
"mail","MailItem4/Texture","","BACKGROUND","NOT-DRAWN","NOT-DRAWN","live-runs\N2-0-3-8-mail-20260801-204500\mail-diff.csv"
"mail","MailItem4/Texture#2","","BACKGROUND","NOT-DRAWN","NOT-DRAWN","live-runs\N2-0-3-8-mail-20260801-204500\mail-diff.csv"
"mail","MailItem4/Texture#3","","BACKGROUND","NOT-DRAWN","NOT-DRAWN","live-runs\N2-0-3-8-mail-20260801-204500\mail-diff.csv"
"mail","MailItem4ExpireTime","","","NOT-DRAWN","NOT-DRAWN","live-runs\N2-0-3-8-mail-20260801-204500\mail-diff.csv"
"mail","MailItem4Sender","","BACKGROUND","NOT-DRAWN","NOT-DRAWN","live-runs\N2-0-3-8-mail-20260801-204500\mail-diff.csv"
"mail","MailItem4Subject","","BACKGROUND","NOT-DRAWN","NOT-DRAWN","live-runs\N2-0-3-8-mail-20260801-204500\mail-diff.csv"
"mail","MailItem5","","","NOT-DRAWN","NOT-DRAWN","live-runs\N2-0-3-8-mail-20260801-204500\mail-diff.csv"
"mail","MailItem5/Texture","","BACKGROUND","NOT-DRAWN","NOT-DRAWN","live-runs\N2-0-3-8-mail-20260801-204500\mail-diff.csv"
"mail","MailItem5/Texture#2","","BACKGROUND","NOT-DRAWN","NOT-DRAWN","live-runs\N2-0-3-8-mail-20260801-204500\mail-diff.csv"
"mail","MailItem5/Texture#3","","BACKGROUND","NOT-DRAWN","NOT-DRAWN","live-runs\N2-0-3-8-mail-20260801-204500\mail-diff.csv"
"mail","MailItem5ExpireTime","","","NOT-DRAWN","NOT-DRAWN","live-runs\N2-0-3-8-mail-20260801-204500\mail-diff.csv"
"mail","MailItem5Sender","","BACKGROUND","NOT-DRAWN","NOT-DRAWN","live-runs\N2-0-3-8-mail-20260801-204500\mail-diff.csv"
"mail","MailItem5Subject","","BACKGROUND","NOT-DRAWN","NOT-DRAWN","live-runs\N2-0-3-8-mail-20260801-204500\mail-diff.csv"
"mail","MailItem6","","","NOT-DRAWN","NOT-DRAWN","live-runs\N2-0-3-8-mail-20260801-204500\mail-diff.csv"
"mail","MailItem6/Texture","","BACKGROUND","NOT-DRAWN","NOT-DRAWN","live-runs\N2-0-3-8-mail-20260801-204500\mail-diff.csv"
"mail","MailItem6/Texture#2","","BACKGROUND","NOT-DRAWN","NOT-DRAWN","live-runs\N2-0-3-8-mail-20260801-204500\mail-diff.csv"
"mail","MailItem6/Texture#3","","BACKGROUND","NOT-DRAWN","NOT-DRAWN","live-runs\N2-0-3-8-mail-20260801-204500\mail-diff.csv"
"mail","MailItem6ExpireTime","","","NOT-DRAWN","NOT-DRAWN","live-runs\N2-0-3-8-mail-20260801-204500\mail-diff.csv"
"mail","MailItem6Sender","","BACKGROUND","NOT-DRAWN","NOT-DRAWN","live-runs\N2-0-3-8-mail-20260801-204500\mail-diff.csv"
"mail","MailItem6Subject","","BACKGROUND","NOT-DRAWN","NOT-DRAWN","live-runs\N2-0-3-8-mail-20260801-204500\mail-diff.csv"
"mail","MailItem7","","","NOT-DRAWN","NOT-DRAWN","live-runs\N2-0-3-8-mail-20260801-204500\mail-diff.csv"
"mail","MailItem7/Texture","","BACKGROUND","NOT-DRAWN","NOT-DRAWN","live-runs\N2-0-3-8-mail-20260801-204500\mail-diff.csv"
"mail","MailItem7/Texture#2","","BACKGROUND","NOT-DRAWN","NOT-DRAWN","live-runs\N2-0-3-8-mail-20260801-204500\mail-diff.csv"
"mail","MailItem7/Texture#3","","BACKGROUND","NOT-DRAWN","NOT-DRAWN","live-runs\N2-0-3-8-mail-20260801-204500\mail-diff.csv"
"mail","MailItem7ExpireTime","","","NOT-DRAWN","NOT-DRAWN","live-runs\N2-0-3-8-mail-20260801-204500\mail-diff.csv"
"mail","MailItem7Sender","","BACKGROUND","NOT-DRAWN","NOT-DRAWN","live-runs\N2-0-3-8-mail-20260801-204500\mail-diff.csv"
"mail","MailItem7Subject","","BACKGROUND","NOT-DRAWN","NOT-DRAWN","live-runs\N2-0-3-8-mail-20260801-204500\mail-diff.csv"
"merchant","BuybackFrameBotLeft","","ARTWORK","NOT-DRAWN","NOT-DRAWN","live-runs\N2-0-3-5-merchant-20260801-200000\merchant-diff.csv"
"merchant","BuybackFrameBotRight","","ARTWORK","NOT-DRAWN","NOT-DRAWN","live-runs\N2-0-3-5-merchant-20260801-200000\merchant-diff.csv"
"merchant","BuybackFrameTopLeft","","ARTWORK","NOT-DRAWN","NOT-DRAWN","live-runs\N2-0-3-5-merchant-20260801-200000\merchant-diff.csv"
"merchant","BuybackFrameTopRight","","ARTWORK","NOT-DRAWN","NOT-DRAWN","live-runs\N2-0-3-5-merchant-20260801-200000\merchant-diff.csv"
"merchant","MerchantBuyBackItem","","","NOT-DRAWN","NOT-DRAWN","live-runs\N2-0-3-5-merchant-20260801-200000\merchant-diff.csv"
"merchant","MerchantBuyBackItemItemButton","","","NOT-DRAWN","NOT-DRAWN","live-runs\N2-0-3-5-merchant-20260801-200000\merchant-diff.csv"
"merchant","MerchantBuyBackItemMoneyFrame","","","NOT-DRAWN","NOT-DRAWN","live-runs\N2-0-3-5-merchant-20260801-200000\merchant-diff.csv"
"merchant","MerchantBuyBackItemName","","BACKGROUND","NOT-DRAWN","NOT-DRAWN","live-runs\N2-0-3-5-merchant-20260801-200000\merchant-diff.csv"
"merchant","MerchantBuyBackItemNameFrame","","BACKGROUND","NOT-DRAWN","NOT-DRAWN","live-runs\N2-0-3-5-merchant-20260801-200000\merchant-diff.csv"
"merchant","MerchantBuyBackItemSlotTexture","","BACKGROUND","NOT-DRAWN","NOT-DRAWN","live-runs\N2-0-3-5-merchant-20260801-200000\merchant-diff.csv"
"merchant","MerchantFrame","","","IMGUI_WINDOW|IMGUI_HOST","DELTA","live-runs\N2-0-3-5-merchant-20260801-200000\merchant-diff.csv"
"merchant","MerchantFrame/Texture","","BORDER","IMGUI_WINDOW|IMGUI_IMAGE","DELTA","live-runs\N2-0-3-5-merchant-20260801-200000\merchant-diff.csv"
"merchant","MerchantFrame/Texture#2","","BORDER","IMGUI_WINDOW|IMGUI_IMAGE","DELTA","live-runs\N2-0-3-5-merchant-20260801-200000\merchant-diff.csv"
"merchant","MerchantFrame/Texture#3","","BORDER","IMGUI_WINDOW|IMGUI_IMAGE","DELTA","live-runs\N2-0-3-5-merchant-20260801-200000\merchant-diff.csv"
"merchant","MerchantFrame/Texture#4","","BORDER","IMGUI_WINDOW|IMGUI_IMAGE","DELTA","live-runs\N2-0-3-5-merchant-20260801-200000\merchant-diff.csv"
"merchant","MerchantFrameBottomLeftBorder","","OVERLAY","NOT-DRAWN","NOT-DRAWN","live-runs\N2-0-3-5-merchant-20260801-200000\merchant-diff.csv"
"merchant","MerchantFrameBottomRightBorder","","OVERLAY","NOT-DRAWN","NOT-DRAWN","live-runs\N2-0-3-5-merchant-20260801-200000\merchant-diff.csv"
"merchant","MerchantFrameCloseButton","","","NOT-DRAWN","NOT-DRAWN","live-runs\N2-0-3-5-merchant-20260801-200000\merchant-diff.csv"
"merchant","MerchantFrameCloseButton/HighlightTexture","","","NOT-DRAWN","NOT-DRAWN","live-runs\N2-0-3-5-merchant-20260801-200000\merchant-diff.csv"
"merchant","MerchantFrameCloseButton/NormalTexture","","","NOT-DRAWN","NOT-DRAWN","live-runs\N2-0-3-5-merchant-20260801-200000\merchant-diff.csv"
"merchant","MerchantFrameCloseButton/PushedTexture","","","NOT-DRAWN","NOT-DRAWN","live-runs\N2-0-3-5-merchant-20260801-200000\merchant-diff.csv"
"merchant","MerchantFramePortrait","","BACKGROUND","NOT-DRAWN","NOT-DRAWN","live-runs\N2-0-3-5-merchant-20260801-200000\merchant-diff.csv"
"merchant","MerchantFrameTab1","","","NOT-DRAWN","NOT-DRAWN","live-runs\N2-0-3-5-merchant-20260801-200000\merchant-diff.csv"
"merchant","MerchantFrameTab2","","","NOT-DRAWN","NOT-DRAWN","live-runs\N2-0-3-5-merchant-20260801-200000\merchant-diff.csv"
"merchant","MerchantItem1","","","NOT-DRAWN","NOT-DRAWN","live-runs\N2-0-3-5-merchant-20260801-200000\merchant-diff.csv"
"merchant","MerchantItem10","","","NOT-DRAWN","NOT-DRAWN","live-runs\N2-0-3-5-merchant-20260801-200000\merchant-diff.csv"
"merchant","MerchantItem10ItemButton","","","NOT-DRAWN","NOT-DRAWN","live-runs\N2-0-3-5-merchant-20260801-200000\merchant-diff.csv"
"merchant","MerchantItem10MoneyFrame","","","NOT-DRAWN","NOT-DRAWN","live-runs\N2-0-3-5-merchant-20260801-200000\merchant-diff.csv"
"merchant","MerchantItem10Name","","BACKGROUND","NOT-DRAWN","NOT-DRAWN","live-runs\N2-0-3-5-merchant-20260801-200000\merchant-diff.csv"
"merchant","MerchantItem10NameFrame","","BACKGROUND","NOT-DRAWN","NOT-DRAWN","live-runs\N2-0-3-5-merchant-20260801-200000\merchant-diff.csv"
"merchant","MerchantItem10SlotTexture","","BACKGROUND","NOT-DRAWN","NOT-DRAWN","live-runs\N2-0-3-5-merchant-20260801-200000\merchant-diff.csv"
"merchant","MerchantItem11","","","NOT-DRAWN","NOT-DRAWN","live-runs\N2-0-3-5-merchant-20260801-200000\merchant-diff.csv"
"merchant","MerchantItem11ItemButton","","","NOT-DRAWN","NOT-DRAWN","live-runs\N2-0-3-5-merchant-20260801-200000\merchant-diff.csv"
"merchant","MerchantItem11MoneyFrame","","","NOT-DRAWN","NOT-DRAWN","live-runs\N2-0-3-5-merchant-20260801-200000\merchant-diff.csv"
"merchant","MerchantItem11Name","","BACKGROUND","NOT-DRAWN","NOT-DRAWN","live-runs\N2-0-3-5-merchant-20260801-200000\merchant-diff.csv"
"merchant","MerchantItem11NameFrame","","BACKGROUND","NOT-DRAWN","NOT-DRAWN","live-runs\N2-0-3-5-merchant-20260801-200000\merchant-diff.csv"
"merchant","MerchantItem11SlotTexture","","BACKGROUND","NOT-DRAWN","NOT-DRAWN","live-runs\N2-0-3-5-merchant-20260801-200000\merchant-diff.csv"
"merchant","MerchantItem12","","","NOT-DRAWN","NOT-DRAWN","live-runs\N2-0-3-5-merchant-20260801-200000\merchant-diff.csv"
"merchant","MerchantItem12ItemButton","","","NOT-DRAWN","NOT-DRAWN","live-runs\N2-0-3-5-merchant-20260801-200000\merchant-diff.csv"
"merchant","MerchantItem12MoneyFrame","","","NOT-DRAWN","NOT-DRAWN","live-runs\N2-0-3-5-merchant-20260801-200000\merchant-diff.csv"
"merchant","MerchantItem12Name","","BACKGROUND","NOT-DRAWN","NOT-DRAWN","live-runs\N2-0-3-5-merchant-20260801-200000\merchant-diff.csv"
"merchant","MerchantItem12NameFrame","","BACKGROUND","NOT-DRAWN","NOT-DRAWN","live-runs\N2-0-3-5-merchant-20260801-200000\merchant-diff.csv"
"merchant","MerchantItem12SlotTexture","","BACKGROUND","NOT-DRAWN","NOT-DRAWN","live-runs\N2-0-3-5-merchant-20260801-200000\merchant-diff.csv"
"merchant","MerchantItem1ItemButton","","","NOT-DRAWN","NOT-DRAWN","live-runs\N2-0-3-5-merchant-20260801-200000\merchant-diff.csv"
"merchant","MerchantItem1MoneyFrame","","","NOT-DRAWN","NOT-DRAWN","live-runs\N2-0-3-5-merchant-20260801-200000\merchant-diff.csv"
"merchant","MerchantItem1Name","","BACKGROUND","NOT-DRAWN","NOT-DRAWN","live-runs\N2-0-3-5-merchant-20260801-200000\merchant-diff.csv"
"merchant","MerchantItem1NameFrame","","BACKGROUND","NOT-DRAWN","NOT-DRAWN","live-runs\N2-0-3-5-merchant-20260801-200000\merchant-diff.csv"
"merchant","MerchantItem1SlotTexture","","BACKGROUND","NOT-DRAWN","NOT-DRAWN","live-runs\N2-0-3-5-merchant-20260801-200000\merchant-diff.csv"
"merchant","MerchantItem2","","","NOT-DRAWN","NOT-DRAWN","live-runs\N2-0-3-5-merchant-20260801-200000\merchant-diff.csv"
"merchant","MerchantItem2ItemButton","","","NOT-DRAWN","NOT-DRAWN","live-runs\N2-0-3-5-merchant-20260801-200000\merchant-diff.csv"
"merchant","MerchantItem2MoneyFrame","","","NOT-DRAWN","NOT-DRAWN","live-runs\N2-0-3-5-merchant-20260801-200000\merchant-diff.csv"
"merchant","MerchantItem2Name","","BACKGROUND","NOT-DRAWN","NOT-DRAWN","live-runs\N2-0-3-5-merchant-20260801-200000\merchant-diff.csv"
"merchant","MerchantItem2NameFrame","","BACKGROUND","NOT-DRAWN","NOT-DRAWN","live-runs\N2-0-3-5-merchant-20260801-200000\merchant-diff.csv"
"merchant","MerchantItem2SlotTexture","","BACKGROUND","NOT-DRAWN","NOT-DRAWN","live-runs\N2-0-3-5-merchant-20260801-200000\merchant-diff.csv"
"merchant","MerchantItem3","","","NOT-DRAWN","NOT-DRAWN","live-runs\N2-0-3-5-merchant-20260801-200000\merchant-diff.csv"
"merchant","MerchantItem3ItemButton","","","NOT-DRAWN","NOT-DRAWN","live-runs\N2-0-3-5-merchant-20260801-200000\merchant-diff.csv"
"merchant","MerchantItem3MoneyFrame","","","NOT-DRAWN","NOT-DRAWN","live-runs\N2-0-3-5-merchant-20260801-200000\merchant-diff.csv"
"merchant","MerchantItem3Name","","BACKGROUND","NOT-DRAWN","NOT-DRAWN","live-runs\N2-0-3-5-merchant-20260801-200000\merchant-diff.csv"
"merchant","MerchantItem3NameFrame","","BACKGROUND","NOT-DRAWN","NOT-DRAWN","live-runs\N2-0-3-5-merchant-20260801-200000\merchant-diff.csv"
"merchant","MerchantItem3SlotTexture","","BACKGROUND","NOT-DRAWN","NOT-DRAWN","live-runs\N2-0-3-5-merchant-20260801-200000\merchant-diff.csv"
"merchant","MerchantItem4","","","NOT-DRAWN","NOT-DRAWN","live-runs\N2-0-3-5-merchant-20260801-200000\merchant-diff.csv"
"merchant","MerchantItem4ItemButton","","","NOT-DRAWN","NOT-DRAWN","live-runs\N2-0-3-5-merchant-20260801-200000\merchant-diff.csv"
"merchant","MerchantItem4MoneyFrame","","","NOT-DRAWN","NOT-DRAWN","live-runs\N2-0-3-5-merchant-20260801-200000\merchant-diff.csv"
"merchant","MerchantItem4Name","","BACKGROUND","NOT-DRAWN","NOT-DRAWN","live-runs\N2-0-3-5-merchant-20260801-200000\merchant-diff.csv"
"merchant","MerchantItem4NameFrame","","BACKGROUND","NOT-DRAWN","NOT-DRAWN","live-runs\N2-0-3-5-merchant-20260801-200000\merchant-diff.csv"
"merchant","MerchantItem4SlotTexture","","BACKGROUND","NOT-DRAWN","NOT-DRAWN","live-runs\N2-0-3-5-merchant-20260801-200000\merchant-diff.csv"
"merchant","MerchantItem5","","","NOT-DRAWN","NOT-DRAWN","live-runs\N2-0-3-5-merchant-20260801-200000\merchant-diff.csv"
"merchant","MerchantItem5ItemButton","","","NOT-DRAWN","NOT-DRAWN","live-runs\N2-0-3-5-merchant-20260801-200000\merchant-diff.csv"
"merchant","MerchantItem5MoneyFrame","","","NOT-DRAWN","NOT-DRAWN","live-runs\N2-0-3-5-merchant-20260801-200000\merchant-diff.csv"
"merchant","MerchantItem5Name","","BACKGROUND","NOT-DRAWN","NOT-DRAWN","live-runs\N2-0-3-5-merchant-20260801-200000\merchant-diff.csv"
"merchant","MerchantItem5NameFrame","","BACKGROUND","NOT-DRAWN","NOT-DRAWN","live-runs\N2-0-3-5-merchant-20260801-200000\merchant-diff.csv"
"merchant","MerchantItem5SlotTexture","","BACKGROUND","NOT-DRAWN","NOT-DRAWN","live-runs\N2-0-3-5-merchant-20260801-200000\merchant-diff.csv"
"merchant","MerchantItem6","","","NOT-DRAWN","NOT-DRAWN","live-runs\N2-0-3-5-merchant-20260801-200000\merchant-diff.csv"
"merchant","MerchantItem6ItemButton","","","NOT-DRAWN","NOT-DRAWN","live-runs\N2-0-3-5-merchant-20260801-200000\merchant-diff.csv"
"merchant","MerchantItem6MoneyFrame","","","NOT-DRAWN","NOT-DRAWN","live-runs\N2-0-3-5-merchant-20260801-200000\merchant-diff.csv"
"merchant","MerchantItem6Name","","BACKGROUND","NOT-DRAWN","NOT-DRAWN","live-runs\N2-0-3-5-merchant-20260801-200000\merchant-diff.csv"
"merchant","MerchantItem6NameFrame","","BACKGROUND","NOT-DRAWN","NOT-DRAWN","live-runs\N2-0-3-5-merchant-20260801-200000\merchant-diff.csv"
"merchant","MerchantItem6SlotTexture","","BACKGROUND","NOT-DRAWN","NOT-DRAWN","live-runs\N2-0-3-5-merchant-20260801-200000\merchant-diff.csv"
"merchant","MerchantItem7","","","NOT-DRAWN","NOT-DRAWN","live-runs\N2-0-3-5-merchant-20260801-200000\merchant-diff.csv"
"merchant","MerchantItem7ItemButton","","","NOT-DRAWN","NOT-DRAWN","live-runs\N2-0-3-5-merchant-20260801-200000\merchant-diff.csv"
"merchant","MerchantItem7MoneyFrame","","","NOT-DRAWN","NOT-DRAWN","live-runs\N2-0-3-5-merchant-20260801-200000\merchant-diff.csv"
"merchant","MerchantItem7Name","","BACKGROUND","NOT-DRAWN","NOT-DRAWN","live-runs\N2-0-3-5-merchant-20260801-200000\merchant-diff.csv"
"merchant","MerchantItem7NameFrame","","BACKGROUND","NOT-DRAWN","NOT-DRAWN","live-runs\N2-0-3-5-merchant-20260801-200000\merchant-diff.csv"
"merchant","MerchantItem7SlotTexture","","BACKGROUND","NOT-DRAWN","NOT-DRAWN","live-runs\N2-0-3-5-merchant-20260801-200000\merchant-diff.csv"
"merchant","MerchantItem8","","","NOT-DRAWN","NOT-DRAWN","live-runs\N2-0-3-5-merchant-20260801-200000\merchant-diff.csv"
"merchant","MerchantItem8ItemButton","","","NOT-DRAWN","NOT-DRAWN","live-runs\N2-0-3-5-merchant-20260801-200000\merchant-diff.csv"
"merchant","MerchantItem8MoneyFrame","","","NOT-DRAWN","NOT-DRAWN","live-runs\N2-0-3-5-merchant-20260801-200000\merchant-diff.csv"
"merchant","MerchantItem8Name","","BACKGROUND","NOT-DRAWN","NOT-DRAWN","live-runs\N2-0-3-5-merchant-20260801-200000\merchant-diff.csv"
"merchant","MerchantItem8NameFrame","","BACKGROUND","NOT-DRAWN","NOT-DRAWN","live-runs\N2-0-3-5-merchant-20260801-200000\merchant-diff.csv"
"merchant","MerchantItem8SlotTexture","","BACKGROUND","NOT-DRAWN","NOT-DRAWN","live-runs\N2-0-3-5-merchant-20260801-200000\merchant-diff.csv"
"merchant","MerchantItem9","","","NOT-DRAWN","NOT-DRAWN","live-runs\N2-0-3-5-merchant-20260801-200000\merchant-diff.csv"
"merchant","MerchantItem9ItemButton","","","NOT-DRAWN","NOT-DRAWN","live-runs\N2-0-3-5-merchant-20260801-200000\merchant-diff.csv"
"merchant","MerchantItem9MoneyFrame","","","NOT-DRAWN","NOT-DRAWN","live-runs\N2-0-3-5-merchant-20260801-200000\merchant-diff.csv"
"merchant","MerchantItem9Name","","BACKGROUND","NOT-DRAWN","NOT-DRAWN","live-runs\N2-0-3-5-merchant-20260801-200000\merchant-diff.csv"
"merchant","MerchantItem9NameFrame","","BACKGROUND","NOT-DRAWN","NOT-DRAWN","live-runs\N2-0-3-5-merchant-20260801-200000\merchant-diff.csv"
"merchant","MerchantItem9SlotTexture","","BACKGROUND","NOT-DRAWN","NOT-DRAWN","live-runs\N2-0-3-5-merchant-20260801-200000\merchant-diff.csv"
"merchant","MerchantMoneyFrame","","","NOT-DRAWN","NOT-DRAWN","live-runs\N2-0-3-5-merchant-20260801-200000\merchant-diff.csv"
"merchant","MerchantNameText","","BORDER","NOT-DRAWN","NOT-DRAWN","live-runs\N2-0-3-5-merchant-20260801-200000\merchant-diff.csv"
"merchant","MerchantNextPageButton","","","NOT-DRAWN","NOT-DRAWN","live-runs\N2-0-3-5-merchant-20260801-200000\merchant-diff.csv"
"merchant","MerchantNextPageButton/DisabledTexture","","","NOT-DRAWN","NOT-DRAWN","live-runs\N2-0-3-5-merchant-20260801-200000\merchant-diff.csv"
"merchant","MerchantNextPageButton/FontString","","BACKGROUND","NOT-DRAWN","NOT-DRAWN","live-runs\N2-0-3-5-merchant-20260801-200000\merchant-diff.csv"
"merchant","MerchantNextPageButton/HighlightTexture","","","NOT-DRAWN","NOT-DRAWN","live-runs\N2-0-3-5-merchant-20260801-200000\merchant-diff.csv"
"merchant","MerchantNextPageButton/NormalTexture","","","NOT-DRAWN","NOT-DRAWN","live-runs\N2-0-3-5-merchant-20260801-200000\merchant-diff.csv"
"merchant","MerchantNextPageButton/PushedTexture","","","NOT-DRAWN","NOT-DRAWN","live-runs\N2-0-3-5-merchant-20260801-200000\merchant-diff.csv"
"merchant","MerchantNextPageButton/Texture","","BACKGROUND","NOT-DRAWN","NOT-DRAWN","live-runs\N2-0-3-5-merchant-20260801-200000\merchant-diff.csv"
"merchant","MerchantPageText","","BORDER","NOT-DRAWN","NOT-DRAWN","live-runs\N2-0-3-5-merchant-20260801-200000\merchant-diff.csv"
"merchant","MerchantPrevPageButton","","","NOT-DRAWN","NOT-DRAWN","live-runs\N2-0-3-5-merchant-20260801-200000\merchant-diff.csv"
"merchant","MerchantPrevPageButton/DisabledTexture","","","NOT-DRAWN","NOT-DRAWN","live-runs\N2-0-3-5-merchant-20260801-200000\merchant-diff.csv"
"merchant","MerchantPrevPageButton/FontString","","BACKGROUND","NOT-DRAWN","NOT-DRAWN","live-runs\N2-0-3-5-merchant-20260801-200000\merchant-diff.csv"
"merchant","MerchantPrevPageButton/HighlightTexture","","","NOT-DRAWN","NOT-DRAWN","live-runs\N2-0-3-5-merchant-20260801-200000\merchant-diff.csv"
"merchant","MerchantPrevPageButton/NormalTexture","","","NOT-DRAWN","NOT-DRAWN","live-runs\N2-0-3-5-merchant-20260801-200000\merchant-diff.csv"
"merchant","MerchantPrevPageButton/PushedTexture","","","NOT-DRAWN","NOT-DRAWN","live-runs\N2-0-3-5-merchant-20260801-200000\merchant-diff.csv"
"merchant","MerchantPrevPageButton/Texture","","BACKGROUND","NOT-DRAWN","NOT-DRAWN","live-runs\N2-0-3-5-merchant-20260801-200000\merchant-diff.csv"
"merchant","MerchantRepairAllButton","","","NOT-DRAWN","NOT-DRAWN","live-runs\N2-0-3-5-merchant-20260801-200000\merchant-diff.csv"
"merchant","MerchantRepairAllButton/HighlightTexture","","","NOT-DRAWN","NOT-DRAWN","live-runs\N2-0-3-5-merchant-20260801-200000\merchant-diff.csv"
"merchant","MerchantRepairAllButton/NormalTexture","","","NOT-DRAWN","NOT-DRAWN","live-runs\N2-0-3-5-merchant-20260801-200000\merchant-diff.csv"
"merchant","MerchantRepairAllButton/PushedTexture","","","NOT-DRAWN","NOT-DRAWN","live-runs\N2-0-3-5-merchant-20260801-200000\merchant-diff.csv"
"merchant","MerchantRepairAllIcon","","BORDER","NOT-DRAWN","NOT-DRAWN","live-runs\N2-0-3-5-merchant-20260801-200000\merchant-diff.csv"
"merchant","MerchantRepairItemButton","","","NOT-DRAWN","NOT-DRAWN","live-runs\N2-0-3-5-merchant-20260801-200000\merchant-diff.csv"
"merchant","MerchantRepairItemButton/HighlightTexture","","","NOT-DRAWN","NOT-DRAWN","live-runs\N2-0-3-5-merchant-20260801-200000\merchant-diff.csv"
"merchant","MerchantRepairItemButton/NormalTexture","","","NOT-DRAWN","NOT-DRAWN","live-runs\N2-0-3-5-merchant-20260801-200000\merchant-diff.csv"
"merchant","MerchantRepairItemButton/PushedTexture","","","NOT-DRAWN","NOT-DRAWN","live-runs\N2-0-3-5-merchant-20260801-200000\merchant-diff.csv"
"merchant","MerchantRepairItemButton/Texture","","BORDER","NOT-DRAWN","NOT-DRAWN","live-runs\N2-0-3-5-merchant-20260801-200000\merchant-diff.csv"
"merchant","MerchantRepairText","","BORDER","NOT-DRAWN","NOT-DRAWN","live-runs\N2-0-3-5-merchant-20260801-200000\merchant-diff.csv"
"minimap","Minimap","BACKGROUND","","BACKGROUND|","PASS","live-runs\N2-0-2-6-minimap-20260801-171500\minimap-full-diff.csv"
"minimap","MinimapBackdrop","BACKGROUND","","BACKGROUND|","PASS","live-runs\N2-0-2-6-minimap-20260801-171500\minimap-full-diff.csv"
"minimap","MinimapBorder","BACKGROUND","ARTWORK","BACKGROUND|ARTWORK","PASS","live-runs\N2-0-2-6-minimap-20260801-171500\minimap-full-diff.csv"
"minimap","MinimapBorderTop","BACKGROUND","ARTWORK","BACKGROUND|ARTWORK","PASS","live-runs\N2-0-2-6-minimap-20260801-171500\minimap-full-diff.csv"
"minimap","MinimapCluster","BACKGROUND","","BACKGROUND|","PASS","live-runs\N2-0-2-6-minimap-20260801-171500\minimap-full-diff.csv"
"minimap","MinimapToggleButton","BACKGROUND","","BACKGROUND|","PASS","live-runs\N2-0-2-6-minimap-20260801-171500\minimap-full-diff.csv"
"minimap","MinimapToggleButton/HighlightTexture","BACKGROUND","","NO-VERDICT","NO-VERDICT","live-runs\N2-0-2-6-minimap-20260801-171500\minimap-full-diff.csv"
"minimap","MinimapToggleButton/NormalTexture","BACKGROUND","","BACKGROUND|","PASS","live-runs\N2-0-2-6-minimap-20260801-171500\minimap-full-diff.csv"
"minimap","MinimapToggleButton/PushedTexture","BACKGROUND","","NO-VERDICT","NO-VERDICT","live-runs\N2-0-2-6-minimap-20260801-171500\minimap-full-diff.csv"
"minimap","MinimapZoneText","BACKGROUND","BACKGROUND","BACKGROUND|BACKGROUND","PASS","live-runs\N2-0-2-6-minimap-20260801-171500\minimap-full-diff.csv"
"minimap","MinimapZoneTextButton","BACKGROUND","","BACKGROUND|","PASS","live-runs\N2-0-2-6-minimap-20260801-171500\minimap-full-diff.csv"
"minimap","MinimapZoomIn","BACKGROUND","","BACKGROUND|","PASS","live-runs\N2-0-2-6-minimap-20260801-171500\minimap-full-diff.csv"
"minimap","MinimapZoomIn/DisabledTexture","BACKGROUND","","NO-VERDICT","NO-VERDICT","live-runs\N2-0-2-6-minimap-20260801-171500\minimap-full-diff.csv"
"minimap","MinimapZoomIn/HighlightTexture","BACKGROUND","","NO-VERDICT","NO-VERDICT","live-runs\N2-0-2-6-minimap-20260801-171500\minimap-full-diff.csv"
"minimap","MinimapZoomIn/NormalTexture","BACKGROUND","","BACKGROUND|","PASS","live-runs\N2-0-2-6-minimap-20260801-171500\minimap-full-diff.csv"
"minimap","MinimapZoomIn/PushedTexture","BACKGROUND","","NO-VERDICT","NO-VERDICT","live-runs\N2-0-2-6-minimap-20260801-171500\minimap-full-diff.csv"
"minimap","MinimapZoomOut","BACKGROUND","","BACKGROUND|","PASS","live-runs\N2-0-2-6-minimap-20260801-171500\minimap-full-diff.csv"
"minimap","MinimapZoomOut/DisabledTexture","BACKGROUND","","NO-VERDICT","NO-VERDICT","live-runs\N2-0-2-6-minimap-20260801-171500\minimap-full-diff.csv"
"minimap","MinimapZoomOut/HighlightTexture","BACKGROUND","","NO-VERDICT","NO-VERDICT","live-runs\N2-0-2-6-minimap-20260801-171500\minimap-full-diff.csv"
"minimap","MinimapZoomOut/NormalTexture","BACKGROUND","","BACKGROUND|","PASS","live-runs\N2-0-2-6-minimap-20260801-171500\minimap-full-diff.csv"
"minimap","MinimapZoomOut/PushedTexture","BACKGROUND","","NO-VERDICT","NO-VERDICT","live-runs\N2-0-2-6-minimap-20260801-171500\minimap-full-diff.csv"
"options","OptionsFrame","DIALOG","","IMGUI_WINDOW|IMGUI_HOST","DELTA","live-runs\N2-0-4-2-options-20260801-224500\options-diff.csv"
"options","OptionsFrame/FontString","DIALOG","ARTWORK","NOT-DRAWN","NOT-DRAWN","live-runs\N2-0-4-2-options-20260801-224500\options-diff.csv"
"options","OptionsFrame/Texture","DIALOG","ARTWORK","NOT-DRAWN","NOT-DRAWN","live-runs\N2-0-4-2-options-20260801-224500\options-diff.csv"
"options","OptionsFrameBrightness","DIALOG","","NOT-DRAWN","NOT-DRAWN","live-runs\N2-0-4-2-options-20260801-224500\options-diff.csv"
"options","OptionsFrameBrightness/Texture","DIALOG","ARTWORK","NOT-DRAWN","NOT-DRAWN","live-runs\N2-0-4-2-options-20260801-224500\options-diff.csv"
"options","OptionsFrameBrightnessTitle","DIALOG","BACKGROUND","NOT-DRAWN","NOT-DRAWN","live-runs\N2-0-4-2-options-20260801-224500\options-diff.csv"
"options","OptionsFrameCancel","DIALOG","","NOT-DRAWN","NOT-DRAWN","live-runs\N2-0-4-2-options-20260801-224500\options-diff.csv"
"options","OptionsFrameCancel/DisabledTexture","DIALOG","","NOT-DRAWN","NOT-DRAWN","live-runs\N2-0-4-2-options-20260801-224500\options-diff.csv"
"options","OptionsFrameCancel/HighlightTexture","DIALOG","","NOT-DRAWN","NOT-DRAWN","live-runs\N2-0-4-2-options-20260801-224500\options-diff.csv"
"options","OptionsFrameCancel/NormalTexture","DIALOG","","NOT-DRAWN","NOT-DRAWN","live-runs\N2-0-4-2-options-20260801-224500\options-diff.csv"
"options","OptionsFrameCancel/PushedTexture","DIALOG","","NOT-DRAWN","NOT-DRAWN","live-runs\N2-0-4-2-options-20260801-224500\options-diff.csv"
"options","OptionsFrameCheckButton1","DIALOG","","NOT-DRAWN","NOT-DRAWN","live-runs\N2-0-4-2-options-20260801-224500\options-diff.csv"
"options","OptionsFrameCheckButton1/CheckedTexture","DIALOG","","NOT-DRAWN","NOT-DRAWN","live-runs\N2-0-4-2-options-20260801-224500\options-diff.csv"
"options","OptionsFrameCheckButton1/HighlightTexture","DIALOG","","NOT-DRAWN","NOT-DRAWN","live-runs\N2-0-4-2-options-20260801-224500\options-diff.csv"
"options","OptionsFrameCheckButton1/NormalTexture","DIALOG","","NOT-DRAWN","NOT-DRAWN","live-runs\N2-0-4-2-options-20260801-224500\options-diff.csv"
"options","OptionsFrameCheckButton1/PushedTexture","DIALOG","","NOT-DRAWN","NOT-DRAWN","live-runs\N2-0-4-2-options-20260801-224500\options-diff.csv"
"options","OptionsFrameCheckButton10","DIALOG","","NOT-DRAWN","NOT-DRAWN","live-runs\N2-0-4-2-options-20260801-224500\options-diff.csv"
"options","OptionsFrameCheckButton10/CheckedTexture","DIALOG","","NOT-DRAWN","NOT-DRAWN","live-runs\N2-0-4-2-options-20260801-224500\options-diff.csv"
"options","OptionsFrameCheckButton10/HighlightTexture","DIALOG","","NOT-DRAWN","NOT-DRAWN","live-runs\N2-0-4-2-options-20260801-224500\options-diff.csv"
"options","OptionsFrameCheckButton10/NormalTexture","DIALOG","","NOT-DRAWN","NOT-DRAWN","live-runs\N2-0-4-2-options-20260801-224500\options-diff.csv"
"options","OptionsFrameCheckButton10/PushedTexture","DIALOG","","NOT-DRAWN","NOT-DRAWN","live-runs\N2-0-4-2-options-20260801-224500\options-diff.csv"
"options","OptionsFrameCheckButton10Text","DIALOG","ARTWORK","NOT-DRAWN","NOT-DRAWN","live-runs\N2-0-4-2-options-20260801-224500\options-diff.csv"
"options","OptionsFrameCheckButton11","DIALOG","","NOT-DRAWN","NOT-DRAWN","live-runs\N2-0-4-2-options-20260801-224500\options-diff.csv"
"options","OptionsFrameCheckButton11/CheckedTexture","DIALOG","","NOT-DRAWN","NOT-DRAWN","live-runs\N2-0-4-2-options-20260801-224500\options-diff.csv"
"options","OptionsFrameCheckButton11/HighlightTexture","DIALOG","","NOT-DRAWN","NOT-DRAWN","live-runs\N2-0-4-2-options-20260801-224500\options-diff.csv"
"options","OptionsFrameCheckButton11/NormalTexture","DIALOG","","NOT-DRAWN","NOT-DRAWN","live-runs\N2-0-4-2-options-20260801-224500\options-diff.csv"
"options","OptionsFrameCheckButton11/PushedTexture","DIALOG","","NOT-DRAWN","NOT-DRAWN","live-runs\N2-0-4-2-options-20260801-224500\options-diff.csv"
"options","OptionsFrameCheckButton11Text","DIALOG","ARTWORK","NOT-DRAWN","NOT-DRAWN","live-runs\N2-0-4-2-options-20260801-224500\options-diff.csv"
"options","OptionsFrameCheckButton12","DIALOG","","NOT-DRAWN","NOT-DRAWN","live-runs\N2-0-4-2-options-20260801-224500\options-diff.csv"
"options","OptionsFrameCheckButton12/CheckedTexture","DIALOG","","NOT-DRAWN","NOT-DRAWN","live-runs\N2-0-4-2-options-20260801-224500\options-diff.csv"
"options","OptionsFrameCheckButton12/HighlightTexture","DIALOG","","NOT-DRAWN","NOT-DRAWN","live-runs\N2-0-4-2-options-20260801-224500\options-diff.csv"
"options","OptionsFrameCheckButton12/NormalTexture","DIALOG","","NOT-DRAWN","NOT-DRAWN","live-runs\N2-0-4-2-options-20260801-224500\options-diff.csv"
"options","OptionsFrameCheckButton12/PushedTexture","DIALOG","","NOT-DRAWN","NOT-DRAWN","live-runs\N2-0-4-2-options-20260801-224500\options-diff.csv"
"options","OptionsFrameCheckButton12Text","DIALOG","ARTWORK","NOT-DRAWN","NOT-DRAWN","live-runs\N2-0-4-2-options-20260801-224500\options-diff.csv"
"options","OptionsFrameCheckButton13","DIALOG","","NOT-DRAWN","NOT-DRAWN","live-runs\N2-0-4-2-options-20260801-224500\options-diff.csv"
"options","OptionsFrameCheckButton13/CheckedTexture","DIALOG","","NOT-DRAWN","NOT-DRAWN","live-runs\N2-0-4-2-options-20260801-224500\options-diff.csv"
"options","OptionsFrameCheckButton13/HighlightTexture","DIALOG","","NOT-DRAWN","NOT-DRAWN","live-runs\N2-0-4-2-options-20260801-224500\options-diff.csv"
"options","OptionsFrameCheckButton13/NormalTexture","DIALOG","","NOT-DRAWN","NOT-DRAWN","live-runs\N2-0-4-2-options-20260801-224500\options-diff.csv"
"options","OptionsFrameCheckButton13/PushedTexture","DIALOG","","NOT-DRAWN","NOT-DRAWN","live-runs\N2-0-4-2-options-20260801-224500\options-diff.csv"
"options","OptionsFrameCheckButton13Text","DIALOG","ARTWORK","NOT-DRAWN","NOT-DRAWN","live-runs\N2-0-4-2-options-20260801-224500\options-diff.csv"
"options","OptionsFrameCheckButton14","DIALOG","","NOT-DRAWN","NOT-DRAWN","live-runs\N2-0-4-2-options-20260801-224500\options-diff.csv"
"options","OptionsFrameCheckButton14/CheckedTexture","DIALOG","","NOT-DRAWN","NOT-DRAWN","live-runs\N2-0-4-2-options-20260801-224500\options-diff.csv"
"options","OptionsFrameCheckButton14/HighlightTexture","DIALOG","","NOT-DRAWN","NOT-DRAWN","live-runs\N2-0-4-2-options-20260801-224500\options-diff.csv"
"options","OptionsFrameCheckButton14/NormalTexture","DIALOG","","NOT-DRAWN","NOT-DRAWN","live-runs\N2-0-4-2-options-20260801-224500\options-diff.csv"
"options","OptionsFrameCheckButton14/PushedTexture","DIALOG","","NOT-DRAWN","NOT-DRAWN","live-runs\N2-0-4-2-options-20260801-224500\options-diff.csv"
"options","OptionsFrameCheckButton14Text","DIALOG","ARTWORK","NOT-DRAWN","NOT-DRAWN","live-runs\N2-0-4-2-options-20260801-224500\options-diff.csv"
"options","OptionsFrameCheckButton15","DIALOG","","NOT-DRAWN","NOT-DRAWN","live-runs\N2-0-4-2-options-20260801-224500\options-diff.csv"
"options","OptionsFrameCheckButton15/CheckedTexture","DIALOG","","NOT-DRAWN","NOT-DRAWN","live-runs\N2-0-4-2-options-20260801-224500\options-diff.csv"
"options","OptionsFrameCheckButton15/HighlightTexture","DIALOG","","NOT-DRAWN","NOT-DRAWN","live-runs\N2-0-4-2-options-20260801-224500\options-diff.csv"
"options","OptionsFrameCheckButton15/NormalTexture","DIALOG","","NOT-DRAWN","NOT-DRAWN","live-runs\N2-0-4-2-options-20260801-224500\options-diff.csv"
"options","OptionsFrameCheckButton15/PushedTexture","DIALOG","","NOT-DRAWN","NOT-DRAWN","live-runs\N2-0-4-2-options-20260801-224500\options-diff.csv"
"options","OptionsFrameCheckButton15Text","DIALOG","ARTWORK","NOT-DRAWN","NOT-DRAWN","live-runs\N2-0-4-2-options-20260801-224500\options-diff.csv"
"options","OptionsFrameCheckButton16","DIALOG","","NOT-DRAWN","NOT-DRAWN","live-runs\N2-0-4-2-options-20260801-224500\options-diff.csv"
"options","OptionsFrameCheckButton16/CheckedTexture","DIALOG","","NOT-DRAWN","NOT-DRAWN","live-runs\N2-0-4-2-options-20260801-224500\options-diff.csv"
"options","OptionsFrameCheckButton16/HighlightTexture","DIALOG","","NOT-DRAWN","NOT-DRAWN","live-runs\N2-0-4-2-options-20260801-224500\options-diff.csv"
"options","OptionsFrameCheckButton16/NormalTexture","DIALOG","","NOT-DRAWN","NOT-DRAWN","live-runs\N2-0-4-2-options-20260801-224500\options-diff.csv"
"options","OptionsFrameCheckButton16/PushedTexture","DIALOG","","NOT-DRAWN","NOT-DRAWN","live-runs\N2-0-4-2-options-20260801-224500\options-diff.csv"
"options","OptionsFrameCheckButton16Text","DIALOG","ARTWORK","NOT-DRAWN","NOT-DRAWN","live-runs\N2-0-4-2-options-20260801-224500\options-diff.csv"
"options","OptionsFrameCheckButton17","DIALOG","","NOT-DRAWN","NOT-DRAWN","live-runs\N2-0-4-2-options-20260801-224500\options-diff.csv"
"options","OptionsFrameCheckButton17/CheckedTexture","DIALOG","","NOT-DRAWN","NOT-DRAWN","live-runs\N2-0-4-2-options-20260801-224500\options-diff.csv"
"options","OptionsFrameCheckButton17/HighlightTexture","DIALOG","","NOT-DRAWN","NOT-DRAWN","live-runs\N2-0-4-2-options-20260801-224500\options-diff.csv"
"options","OptionsFrameCheckButton17/NormalTexture","DIALOG","","NOT-DRAWN","NOT-DRAWN","live-runs\N2-0-4-2-options-20260801-224500\options-diff.csv"
"options","OptionsFrameCheckButton17/PushedTexture","DIALOG","","NOT-DRAWN","NOT-DRAWN","live-runs\N2-0-4-2-options-20260801-224500\options-diff.csv"
"options","OptionsFrameCheckButton17Text","DIALOG","ARTWORK","NOT-DRAWN","NOT-DRAWN","live-runs\N2-0-4-2-options-20260801-224500\options-diff.csv"
"options","OptionsFrameCheckButton18","DIALOG","","NOT-DRAWN","NOT-DRAWN","live-runs\N2-0-4-2-options-20260801-224500\options-diff.csv"
"options","OptionsFrameCheckButton18/CheckedTexture","DIALOG","","NOT-DRAWN","NOT-DRAWN","live-runs\N2-0-4-2-options-20260801-224500\options-diff.csv"
"options","OptionsFrameCheckButton18/HighlightTexture","DIALOG","","NOT-DRAWN","NOT-DRAWN","live-runs\N2-0-4-2-options-20260801-224500\options-diff.csv"
"options","OptionsFrameCheckButton18/NormalTexture","DIALOG","","NOT-DRAWN","NOT-DRAWN","live-runs\N2-0-4-2-options-20260801-224500\options-diff.csv"
"options","OptionsFrameCheckButton18/PushedTexture","DIALOG","","NOT-DRAWN","NOT-DRAWN","live-runs\N2-0-4-2-options-20260801-224500\options-diff.csv"
"options","OptionsFrameCheckButton18Text","DIALOG","ARTWORK","NOT-DRAWN","NOT-DRAWN","live-runs\N2-0-4-2-options-20260801-224500\options-diff.csv"
"options","OptionsFrameCheckButton1Text","DIALOG","ARTWORK","NOT-DRAWN","NOT-DRAWN","live-runs\N2-0-4-2-options-20260801-224500\options-diff.csv"
"options","OptionsFrameCheckButton2","DIALOG","","NOT-DRAWN","NOT-DRAWN","live-runs\N2-0-4-2-options-20260801-224500\options-diff.csv"
"options","OptionsFrameCheckButton2/CheckedTexture","DIALOG","","NOT-DRAWN","NOT-DRAWN","live-runs\N2-0-4-2-options-20260801-224500\options-diff.csv"
"options","OptionsFrameCheckButton2/HighlightTexture","DIALOG","","NOT-DRAWN","NOT-DRAWN","live-runs\N2-0-4-2-options-20260801-224500\options-diff.csv"
"options","OptionsFrameCheckButton2/NormalTexture","DIALOG","","NOT-DRAWN","NOT-DRAWN","live-runs\N2-0-4-2-options-20260801-224500\options-diff.csv"
"options","OptionsFrameCheckButton2/PushedTexture","DIALOG","","NOT-DRAWN","NOT-DRAWN","live-runs\N2-0-4-2-options-20260801-224500\options-diff.csv"
"options","OptionsFrameCheckButton2Text","DIALOG","ARTWORK","NOT-DRAWN","NOT-DRAWN","live-runs\N2-0-4-2-options-20260801-224500\options-diff.csv"
"options","OptionsFrameCheckButton3","DIALOG","","NOT-DRAWN","NOT-DRAWN","live-runs\N2-0-4-2-options-20260801-224500\options-diff.csv"
"options","OptionsFrameCheckButton3/CheckedTexture","DIALOG","","NOT-DRAWN","NOT-DRAWN","live-runs\N2-0-4-2-options-20260801-224500\options-diff.csv"
"options","OptionsFrameCheckButton3/HighlightTexture","DIALOG","","NOT-DRAWN","NOT-DRAWN","live-runs\N2-0-4-2-options-20260801-224500\options-diff.csv"
"options","OptionsFrameCheckButton3/NormalTexture","DIALOG","","NOT-DRAWN","NOT-DRAWN","live-runs\N2-0-4-2-options-20260801-224500\options-diff.csv"
"options","OptionsFrameCheckButton3/PushedTexture","DIALOG","","NOT-DRAWN","NOT-DRAWN","live-runs\N2-0-4-2-options-20260801-224500\options-diff.csv"
"options","OptionsFrameCheckButton3Text","DIALOG","ARTWORK","NOT-DRAWN","NOT-DRAWN","live-runs\N2-0-4-2-options-20260801-224500\options-diff.csv"
"options","OptionsFrameCheckButton4","DIALOG","","NOT-DRAWN","NOT-DRAWN","live-runs\N2-0-4-2-options-20260801-224500\options-diff.csv"
"options","OptionsFrameCheckButton4/CheckedTexture","DIALOG","","NOT-DRAWN","NOT-DRAWN","live-runs\N2-0-4-2-options-20260801-224500\options-diff.csv"
"options","OptionsFrameCheckButton4/HighlightTexture","DIALOG","","NOT-DRAWN","NOT-DRAWN","live-runs\N2-0-4-2-options-20260801-224500\options-diff.csv"
"options","OptionsFrameCheckButton4/NormalTexture","DIALOG","","NOT-DRAWN","NOT-DRAWN","live-runs\N2-0-4-2-options-20260801-224500\options-diff.csv"
"options","OptionsFrameCheckButton4/PushedTexture","DIALOG","","NOT-DRAWN","NOT-DRAWN","live-runs\N2-0-4-2-options-20260801-224500\options-diff.csv"
"options","OptionsFrameCheckButton4Text","DIALOG","ARTWORK","NOT-DRAWN","NOT-DRAWN","live-runs\N2-0-4-2-options-20260801-224500\options-diff.csv"
"options","OptionsFrameCheckButton5","DIALOG","","NOT-DRAWN","NOT-DRAWN","live-runs\N2-0-4-2-options-20260801-224500\options-diff.csv"
"options","OptionsFrameCheckButton5/CheckedTexture","DIALOG","","NOT-DRAWN","NOT-DRAWN","live-runs\N2-0-4-2-options-20260801-224500\options-diff.csv"
"options","OptionsFrameCheckButton5/HighlightTexture","DIALOG","","NOT-DRAWN","NOT-DRAWN","live-runs\N2-0-4-2-options-20260801-224500\options-diff.csv"
"options","OptionsFrameCheckButton5/NormalTexture","DIALOG","","NOT-DRAWN","NOT-DRAWN","live-runs\N2-0-4-2-options-20260801-224500\options-diff.csv"
"options","OptionsFrameCheckButton5/PushedTexture","DIALOG","","NOT-DRAWN","NOT-DRAWN","live-runs\N2-0-4-2-options-20260801-224500\options-diff.csv"
"options","OptionsFrameCheckButton5Text","DIALOG","ARTWORK","NOT-DRAWN","NOT-DRAWN","live-runs\N2-0-4-2-options-20260801-224500\options-diff.csv"
"options","OptionsFrameCheckButton6","DIALOG","","NOT-DRAWN","NOT-DRAWN","live-runs\N2-0-4-2-options-20260801-224500\options-diff.csv"
"options","OptionsFrameCheckButton6/CheckedTexture","DIALOG","","NOT-DRAWN","NOT-DRAWN","live-runs\N2-0-4-2-options-20260801-224500\options-diff.csv"
"options","OptionsFrameCheckButton6/HighlightTexture","DIALOG","","NOT-DRAWN","NOT-DRAWN","live-runs\N2-0-4-2-options-20260801-224500\options-diff.csv"
"options","OptionsFrameCheckButton6/NormalTexture","DIALOG","","NOT-DRAWN","NOT-DRAWN","live-runs\N2-0-4-2-options-20260801-224500\options-diff.csv"
"options","OptionsFrameCheckButton6/PushedTexture","DIALOG","","NOT-DRAWN","NOT-DRAWN","live-runs\N2-0-4-2-options-20260801-224500\options-diff.csv"
"options","OptionsFrameCheckButton6Text","DIALOG","ARTWORK","NOT-DRAWN","NOT-DRAWN","live-runs\N2-0-4-2-options-20260801-224500\options-diff.csv"
"options","OptionsFrameCheckButton7","DIALOG","","NOT-DRAWN","NOT-DRAWN","live-runs\N2-0-4-2-options-20260801-224500\options-diff.csv"
"options","OptionsFrameCheckButton7/CheckedTexture","DIALOG","","NOT-DRAWN","NOT-DRAWN","live-runs\N2-0-4-2-options-20260801-224500\options-diff.csv"
"options","OptionsFrameCheckButton7/HighlightTexture","DIALOG","","NOT-DRAWN","NOT-DRAWN","live-runs\N2-0-4-2-options-20260801-224500\options-diff.csv"
"options","OptionsFrameCheckButton7/NormalTexture","DIALOG","","NOT-DRAWN","NOT-DRAWN","live-runs\N2-0-4-2-options-20260801-224500\options-diff.csv"
"options","OptionsFrameCheckButton7/PushedTexture","DIALOG","","NOT-DRAWN","NOT-DRAWN","live-runs\N2-0-4-2-options-20260801-224500\options-diff.csv"
"options","OptionsFrameCheckButton7Text","DIALOG","ARTWORK","NOT-DRAWN","NOT-DRAWN","live-runs\N2-0-4-2-options-20260801-224500\options-diff.csv"
"options","OptionsFrameCheckButton8","DIALOG","","NOT-DRAWN","NOT-DRAWN","live-runs\N2-0-4-2-options-20260801-224500\options-diff.csv"
"options","OptionsFrameCheckButton8/CheckedTexture","DIALOG","","NOT-DRAWN","NOT-DRAWN","live-runs\N2-0-4-2-options-20260801-224500\options-diff.csv"
"options","OptionsFrameCheckButton8/HighlightTexture","DIALOG","","NOT-DRAWN","NOT-DRAWN","live-runs\N2-0-4-2-options-20260801-224500\options-diff.csv"
"options","OptionsFrameCheckButton8/NormalTexture","DIALOG","","NOT-DRAWN","NOT-DRAWN","live-runs\N2-0-4-2-options-20260801-224500\options-diff.csv"
"options","OptionsFrameCheckButton8/PushedTexture","DIALOG","","NOT-DRAWN","NOT-DRAWN","live-runs\N2-0-4-2-options-20260801-224500\options-diff.csv"
"options","OptionsFrameCheckButton8Text","DIALOG","ARTWORK","NOT-DRAWN","NOT-DRAWN","live-runs\N2-0-4-2-options-20260801-224500\options-diff.csv"
"options","OptionsFrameCheckButton9","DIALOG","","NOT-DRAWN","NOT-DRAWN","live-runs\N2-0-4-2-options-20260801-224500\options-diff.csv"
"options","OptionsFrameCheckButton9/CheckedTexture","DIALOG","","NOT-DRAWN","NOT-DRAWN","live-runs\N2-0-4-2-options-20260801-224500\options-diff.csv"
"options","OptionsFrameCheckButton9/HighlightTexture","DIALOG","","NOT-DRAWN","NOT-DRAWN","live-runs\N2-0-4-2-options-20260801-224500\options-diff.csv"
"options","OptionsFrameCheckButton9/NormalTexture","DIALOG","","NOT-DRAWN","NOT-DRAWN","live-runs\N2-0-4-2-options-20260801-224500\options-diff.csv"
"options","OptionsFrameCheckButton9/PushedTexture","DIALOG","","NOT-DRAWN","NOT-DRAWN","live-runs\N2-0-4-2-options-20260801-224500\options-diff.csv"
"options","OptionsFrameCheckButton9Text","DIALOG","ARTWORK","NOT-DRAWN","NOT-DRAWN","live-runs\N2-0-4-2-options-20260801-224500\options-diff.csv"
"options","OptionsFrameDefaults","DIALOG","","NOT-DRAWN","NOT-DRAWN","live-runs\N2-0-4-2-options-20260801-224500\options-diff.csv"
"options","OptionsFrameDefaults/DisabledTexture","DIALOG","","NOT-DRAWN","NOT-DRAWN","live-runs\N2-0-4-2-options-20260801-224500\options-diff.csv"
"options","OptionsFrameDefaults/HighlightTexture","DIALOG","","NOT-DRAWN","NOT-DRAWN","live-runs\N2-0-4-2-options-20260801-224500\options-diff.csv"
"options","OptionsFrameDefaults/NormalTexture","DIALOG","","NOT-DRAWN","NOT-DRAWN","live-runs\N2-0-4-2-options-20260801-224500\options-diff.csv"
"options","OptionsFrameDefaults/PushedTexture","DIALOG","","NOT-DRAWN","NOT-DRAWN","live-runs\N2-0-4-2-options-20260801-224500\options-diff.csv"
"options","OptionsFrameDisplay","DIALOG","","NOT-DRAWN","NOT-DRAWN","live-runs\N2-0-4-2-options-20260801-224500\options-diff.csv"
"options","OptionsFrameDisplayTitle","DIALOG","BACKGROUND","NOT-DRAWN","NOT-DRAWN","live-runs\N2-0-4-2-options-20260801-224500\options-diff.csv"
"options","OptionsFrameHeader","DIALOG","ARTWORK","IMGUI_WINDOW|IMGUI_IMAGE","DELTA","live-runs\N2-0-4-2-options-20260801-224500\options-diff.csv"
"options","OptionsFrameMiscellaneous","DIALOG","","NOT-DRAWN","NOT-DRAWN","live-runs\N2-0-4-2-options-20260801-224500\options-diff.csv"
"options","OptionsFrameMiscellaneousTitle","DIALOG","BACKGROUND","NOT-DRAWN","NOT-DRAWN","live-runs\N2-0-4-2-options-20260801-224500\options-diff.csv"
"options","OptionsFrameMultiSampleDropDown","DIALOG","","NOT-DRAWN","NOT-DRAWN","live-runs\N2-0-4-2-options-20260801-224500\options-diff.csv"
"options","OptionsFrameMultiSampleDropDownLabel","DIALOG","BACKGROUND","NOT-DRAWN","NOT-DRAWN","live-runs\N2-0-4-2-options-20260801-224500\options-diff.csv"
"options","OptionsFrameOkay","DIALOG","","NOT-DRAWN","NOT-DRAWN","live-runs\N2-0-4-2-options-20260801-224500\options-diff.csv"
"options","OptionsFrameOkay/DisabledTexture","DIALOG","","NOT-DRAWN","NOT-DRAWN","live-runs\N2-0-4-2-options-20260801-224500\options-diff.csv"
"options","OptionsFrameOkay/HighlightTexture","DIALOG","","NOT-DRAWN","NOT-DRAWN","live-runs\N2-0-4-2-options-20260801-224500\options-diff.csv"
"options","OptionsFrameOkay/NormalTexture","DIALOG","","NOT-DRAWN","NOT-DRAWN","live-runs\N2-0-4-2-options-20260801-224500\options-diff.csv"
"options","OptionsFrameOkay/PushedTexture","DIALOG","","NOT-DRAWN","NOT-DRAWN","live-runs\N2-0-4-2-options-20260801-224500\options-diff.csv"
"options","OptionsFramePixelShaders","DIALOG","","NOT-DRAWN","NOT-DRAWN","live-runs\N2-0-4-2-options-20260801-224500\options-diff.csv"
"options","OptionsFramePixelShadersTitle","DIALOG","BACKGROUND","NOT-DRAWN","NOT-DRAWN","live-runs\N2-0-4-2-options-20260801-224500\options-diff.csv"
"options","OptionsFrameRefreshDropDown","DIALOG","","NOT-DRAWN","NOT-DRAWN","live-runs\N2-0-4-2-options-20260801-224500\options-diff.csv"
"options","OptionsFrameRefreshDropDownLabel","DIALOG","BACKGROUND","NOT-DRAWN","NOT-DRAWN","live-runs\N2-0-4-2-options-20260801-224500\options-diff.csv"
"options","OptionsFrameResolutionDropDown","DIALOG","","NOT-DRAWN","NOT-DRAWN","live-runs\N2-0-4-2-options-20260801-224500\options-diff.csv"
"options","OptionsFrameResolutionDropDownLabel","DIALOG","BACKGROUND","NOT-DRAWN","NOT-DRAWN","live-runs\N2-0-4-2-options-20260801-224500\options-diff.csv"
"options","OptionsFrameSlider1","DIALOG","","NOT-DRAWN","NOT-DRAWN","live-runs\N2-0-4-2-options-20260801-224500\options-diff.csv"
"options","OptionsFrameSlider1High","DIALOG","ARTWORK","NOT-DRAWN","NOT-DRAWN","live-runs\N2-0-4-2-options-20260801-224500\options-diff.csv"
"options","OptionsFrameSlider1Low","DIALOG","ARTWORK","NOT-DRAWN","NOT-DRAWN","live-runs\N2-0-4-2-options-20260801-224500\options-diff.csv"
"options","OptionsFrameSlider1Text","DIALOG","ARTWORK","NOT-DRAWN","NOT-DRAWN","live-runs\N2-0-4-2-options-20260801-224500\options-diff.csv"
"options","OptionsFrameSlider2","DIALOG","","NOT-DRAWN","NOT-DRAWN","live-runs\N2-0-4-2-options-20260801-224500\options-diff.csv"
"options","OptionsFrameSlider2High","DIALOG","ARTWORK","NOT-DRAWN","NOT-DRAWN","live-runs\N2-0-4-2-options-20260801-224500\options-diff.csv"
"options","OptionsFrameSlider2Low","DIALOG","ARTWORK","NOT-DRAWN","NOT-DRAWN","live-runs\N2-0-4-2-options-20260801-224500\options-diff.csv"
"options","OptionsFrameSlider2Text","DIALOG","ARTWORK","NOT-DRAWN","NOT-DRAWN","live-runs\N2-0-4-2-options-20260801-224500\options-diff.csv"
"options","OptionsFrameSlider3","DIALOG","","NOT-DRAWN","NOT-DRAWN","live-runs\N2-0-4-2-options-20260801-224500\options-diff.csv"
"options","OptionsFrameSlider3High","DIALOG","ARTWORK","NOT-DRAWN","NOT-DRAWN","live-runs\N2-0-4-2-options-20260801-224500\options-diff.csv"
"options","OptionsFrameSlider3Low","DIALOG","ARTWORK","NOT-DRAWN","NOT-DRAWN","live-runs\N2-0-4-2-options-20260801-224500\options-diff.csv"
"options","OptionsFrameSlider3Text","DIALOG","ARTWORK","NOT-DRAWN","NOT-DRAWN","live-runs\N2-0-4-2-options-20260801-224500\options-diff.csv"
"options","OptionsFrameSlider4","DIALOG","","NOT-DRAWN","NOT-DRAWN","live-runs\N2-0-4-2-options-20260801-224500\options-diff.csv"
"options","OptionsFrameSlider4High","DIALOG","ARTWORK","NOT-DRAWN","NOT-DRAWN","live-runs\N2-0-4-2-options-20260801-224500\options-diff.csv"
"options","OptionsFrameSlider4Low","DIALOG","ARTWORK","NOT-DRAWN","NOT-DRAWN","live-runs\N2-0-4-2-options-20260801-224500\options-diff.csv"
"options","OptionsFrameSlider4Text","DIALOG","ARTWORK","NOT-DRAWN","NOT-DRAWN","live-runs\N2-0-4-2-options-20260801-224500\options-diff.csv"
"options","OptionsFrameSlider5","DIALOG","","NOT-DRAWN","NOT-DRAWN","live-runs\N2-0-4-2-options-20260801-224500\options-diff.csv"
"options","OptionsFrameSlider5High","DIALOG","ARTWORK","NOT-DRAWN","NOT-DRAWN","live-runs\N2-0-4-2-options-20260801-224500\options-diff.csv"
"options","OptionsFrameSlider5Low","DIALOG","ARTWORK","NOT-DRAWN","NOT-DRAWN","live-runs\N2-0-4-2-options-20260801-224500\options-diff.csv"
"options","OptionsFrameSlider5Text","DIALOG","ARTWORK","NOT-DRAWN","NOT-DRAWN","live-runs\N2-0-4-2-options-20260801-224500\options-diff.csv"
"options","OptionsFrameSlider6","DIALOG","","NOT-DRAWN","NOT-DRAWN","live-runs\N2-0-4-2-options-20260801-224500\options-diff.csv"
"options","OptionsFrameSlider6High","DIALOG","ARTWORK","NOT-DRAWN","NOT-DRAWN","live-runs\N2-0-4-2-options-20260801-224500\options-diff.csv"
"options","OptionsFrameSlider6Low","DIALOG","ARTWORK","NOT-DRAWN","NOT-DRAWN","live-runs\N2-0-4-2-options-20260801-224500\options-diff.csv"
"options","OptionsFrameSlider6Text","DIALOG","ARTWORK","NOT-DRAWN","NOT-DRAWN","live-runs\N2-0-4-2-options-20260801-224500\options-diff.csv"
"options","OptionsFrameSlider7","DIALOG","","NOT-DRAWN","NOT-DRAWN","live-runs\N2-0-4-2-options-20260801-224500\options-diff.csv"
"options","OptionsFrameSlider7High","DIALOG","ARTWORK","NOT-DRAWN","NOT-DRAWN","live-runs\N2-0-4-2-options-20260801-224500\options-diff.csv"
"options","OptionsFrameSlider7Low","DIALOG","ARTWORK","NOT-DRAWN","NOT-DRAWN","live-runs\N2-0-4-2-options-20260801-224500\options-diff.csv"
"options","OptionsFrameSlider7Text","DIALOG","ARTWORK","NOT-DRAWN","NOT-DRAWN","live-runs\N2-0-4-2-options-20260801-224500\options-diff.csv"
"options","OptionsFrameSlider8","DIALOG","","NOT-DRAWN","NOT-DRAWN","live-runs\N2-0-4-2-options-20260801-224500\options-diff.csv"
"options","OptionsFrameSlider8High","DIALOG","ARTWORK","NOT-DRAWN","NOT-DRAWN","live-runs\N2-0-4-2-options-20260801-224500\options-diff.csv"
"options","OptionsFrameSlider8Low","DIALOG","ARTWORK","NOT-DRAWN","NOT-DRAWN","live-runs\N2-0-4-2-options-20260801-224500\options-diff.csv"
"options","OptionsFrameSlider8Text","DIALOG","ARTWORK","NOT-DRAWN","NOT-DRAWN","live-runs\N2-0-4-2-options-20260801-224500\options-diff.csv"
"options","OptionsFrameSlider9","DIALOG","","NOT-DRAWN","NOT-DRAWN","live-runs\N2-0-4-2-options-20260801-224500\options-diff.csv"
"options","OptionsFrameSlider9High","DIALOG","ARTWORK","NOT-DRAWN","NOT-DRAWN","live-runs\N2-0-4-2-options-20260801-224500\options-diff.csv"
"options","OptionsFrameSlider9Low","DIALOG","ARTWORK","NOT-DRAWN","NOT-DRAWN","live-runs\N2-0-4-2-options-20260801-224500\options-diff.csv"
"options","OptionsFrameSlider9Text","DIALOG","ARTWORK","NOT-DRAWN","NOT-DRAWN","live-runs\N2-0-4-2-options-20260801-224500\options-diff.csv"
"options","OptionsFrameWorldAppearance","DIALOG","","NOT-DRAWN","NOT-DRAWN","live-runs\N2-0-4-2-options-20260801-224500\options-diff.csv"
"options","OptionsFrameWorldAppearanceTitle","DIALOG","BACKGROUND","NOT-DRAWN","NOT-DRAWN","live-runs\N2-0-4-2-options-20260801-224500\options-diff.csv"
"party-frame","PartyMemberFrame1","LOW","","LOW|","PASS","live-runs\N2-0-2-2-party-frames-20260801-160500\party-frame-full-diff.csv"
"party-frame","PartyMemberFrame1/Frame","LOW","","NO-VERDICT","NO-VERDICT","live-runs\N2-0-2-2-party-frames-20260801-160500\party-frame-full-diff.csv"
"party-frame","PartyMemberFrame1/Frame/Frame","LOW","","NO-VERDICT","NO-VERDICT","live-runs\N2-0-2-2-party-frames-20260801-160500\party-frame-full-diff.csv"
"party-frame","PartyMemberFrame1/Frame/FrameName","LOW","BACKGROUND","NO-VERDICT","NO-VERDICT","live-runs\N2-0-2-2-party-frames-20260801-160500\party-frame-full-diff.csv"
"party-frame","PartyMemberFrame1/Frame/FrameTexture","LOW","BACKGROUND","LOW|BACKGROUND","PASS","live-runs\N2-0-2-2-party-frames-20260801-160500\party-frame-full-diff.csv"
"party-frame","PartyMemberFrame1Debuff1","LOW","","NO-VERDICT","NO-VERDICT","live-runs\N2-0-2-2-party-frames-20260801-160500\party-frame-full-diff.csv"
"party-frame","PartyMemberFrame1Debuff1Border","LOW","OVERLAY","NO-VERDICT","NO-VERDICT","live-runs\N2-0-2-2-party-frames-20260801-160500\party-frame-full-diff.csv"
"party-frame","PartyMemberFrame1Debuff1Icon","LOW","ARTWORK","NO-VERDICT","NO-VERDICT","live-runs\N2-0-2-2-party-frames-20260801-160500\party-frame-full-diff.csv"
"party-frame","PartyMemberFrame1Debuff2","LOW","","NO-VERDICT","NO-VERDICT","live-runs\N2-0-2-2-party-frames-20260801-160500\party-frame-full-diff.csv"
"party-frame","PartyMemberFrame1Debuff2Border","LOW","OVERLAY","NO-VERDICT","NO-VERDICT","live-runs\N2-0-2-2-party-frames-20260801-160500\party-frame-full-diff.csv"
"party-frame","PartyMemberFrame1Debuff2Icon","LOW","ARTWORK","NO-VERDICT","NO-VERDICT","live-runs\N2-0-2-2-party-frames-20260801-160500\party-frame-full-diff.csv"
"party-frame","PartyMemberFrame1Debuff3","LOW","","NO-VERDICT","NO-VERDICT","live-runs\N2-0-2-2-party-frames-20260801-160500\party-frame-full-diff.csv"
"party-frame","PartyMemberFrame1Debuff3Border","LOW","OVERLAY","NO-VERDICT","NO-VERDICT","live-runs\N2-0-2-2-party-frames-20260801-160500\party-frame-full-diff.csv"
"party-frame","PartyMemberFrame1Debuff3Icon","LOW","ARTWORK","NO-VERDICT","NO-VERDICT","live-runs\N2-0-2-2-party-frames-20260801-160500\party-frame-full-diff.csv"
"party-frame","PartyMemberFrame1Debuff4","LOW","","NO-VERDICT","NO-VERDICT","live-runs\N2-0-2-2-party-frames-20260801-160500\party-frame-full-diff.csv"
"party-frame","PartyMemberFrame1Debuff4Border","LOW","OVERLAY","NO-VERDICT","NO-VERDICT","live-runs\N2-0-2-2-party-frames-20260801-160500\party-frame-full-diff.csv"
"party-frame","PartyMemberFrame1Debuff4Icon","LOW","ARTWORK","NO-VERDICT","NO-VERDICT","live-runs\N2-0-2-2-party-frames-20260801-160500\party-frame-full-diff.csv"
"party-frame","PartyMemberFrame1HealthBar","LOW","","LOW|","PASS","live-runs\N2-0-2-2-party-frames-20260801-160500\party-frame-full-diff.csv"
"party-frame","PartyMemberFrame1ManaBar","LOW","","LOW|","PASS","live-runs\N2-0-2-2-party-frames-20260801-160500\party-frame-full-diff.csv"
"party-frame","PartyMemberFrame1PetFrame","LOW","","LOW|","PASS","live-runs\N2-0-2-2-party-frames-20260801-160500\party-frame-full-diff.csv"
"party-frame","PartyMemberFrame1PetFrame/Frame","LOW","","NO-VERDICT","NO-VERDICT","live-runs\N2-0-2-2-party-frames-20260801-160500\party-frame-full-diff.csv"
"party-frame","PartyMemberFrame1PetFrame/Frame/Frame","LOW","","NO-VERDICT","NO-VERDICT","live-runs\N2-0-2-2-party-frames-20260801-160500\party-frame-full-diff.csv"
"party-frame","PartyMemberFrame1PetFrame/Frame/FrameName","LOW","ARTWORK","NO-VERDICT","NO-VERDICT","live-runs\N2-0-2-2-party-frames-20260801-160500\party-frame-full-diff.csv"
"party-frame","PartyMemberFrame1PetFrame/Frame/FrameTexture","LOW","ARTWORK","NO-VERDICT","NO-VERDICT","live-runs\N2-0-2-2-party-frames-20260801-160500\party-frame-full-diff.csv"
"party-frame","PartyMemberFrame1PetFrameDebuff1","LOW","","NO-VERDICT","NO-VERDICT","live-runs\N2-0-2-2-party-frames-20260801-160500\party-frame-full-diff.csv"
"party-frame","PartyMemberFrame1PetFrameDebuff1Border","LOW","OVERLAY","NO-VERDICT","NO-VERDICT","live-runs\N2-0-2-2-party-frames-20260801-160500\party-frame-full-diff.csv"
"party-frame","PartyMemberFrame1PetFrameDebuff1Icon","LOW","ARTWORK","NO-VERDICT","NO-VERDICT","live-runs\N2-0-2-2-party-frames-20260801-160500\party-frame-full-diff.csv"
"party-frame","PartyMemberFrame1PetFrameDebuff2","LOW","","NO-VERDICT","NO-VERDICT","live-runs\N2-0-2-2-party-frames-20260801-160500\party-frame-full-diff.csv"
"party-frame","PartyMemberFrame1PetFrameDebuff2Border","LOW","OVERLAY","NO-VERDICT","NO-VERDICT","live-runs\N2-0-2-2-party-frames-20260801-160500\party-frame-full-diff.csv"
"party-frame","PartyMemberFrame1PetFrameDebuff2Icon","LOW","ARTWORK","NO-VERDICT","NO-VERDICT","live-runs\N2-0-2-2-party-frames-20260801-160500\party-frame-full-diff.csv"
"party-frame","PartyMemberFrame1PetFrameDebuff3","LOW","","NO-VERDICT","NO-VERDICT","live-runs\N2-0-2-2-party-frames-20260801-160500\party-frame-full-diff.csv"
"party-frame","PartyMemberFrame1PetFrameDebuff3Border","LOW","OVERLAY","NO-VERDICT","NO-VERDICT","live-runs\N2-0-2-2-party-frames-20260801-160500\party-frame-full-diff.csv"
"party-frame","PartyMemberFrame1PetFrameDebuff3Icon","LOW","ARTWORK","NO-VERDICT","NO-VERDICT","live-runs\N2-0-2-2-party-frames-20260801-160500\party-frame-full-diff.csv"
"party-frame","PartyMemberFrame1PetFrameDebuff4","LOW","","NO-VERDICT","NO-VERDICT","live-runs\N2-0-2-2-party-frames-20260801-160500\party-frame-full-diff.csv"
"party-frame","PartyMemberFrame1PetFrameDebuff4Border","LOW","OVERLAY","NO-VERDICT","NO-VERDICT","live-runs\N2-0-2-2-party-frames-20260801-160500\party-frame-full-diff.csv"
"party-frame","PartyMemberFrame1PetFrameDebuff4Icon","LOW","ARTWORK","NO-VERDICT","NO-VERDICT","live-runs\N2-0-2-2-party-frames-20260801-160500\party-frame-full-diff.csv"
"party-frame","PartyMemberFrame1PetFrameHealthBar","LOW","","NO-VERDICT","NO-VERDICT","live-runs\N2-0-2-2-party-frames-20260801-160500\party-frame-full-diff.csv"
"party-frame","PartyMemberFrame1PetFramePortrait","LOW","ARTWORK","NO-VERDICT","NO-VERDICT","live-runs\N2-0-2-2-party-frames-20260801-160500\party-frame-full-diff.csv"
"party-frame","PartyMemberFrame1Portrait","LOW","BACKGROUND","LOW|BACKGROUND","PASS","live-runs\N2-0-2-2-party-frames-20260801-160500\party-frame-full-diff.csv"
"player-frame","PlayerAttackBackground","BACKGROUND","ARTWORK","NO-VERDICT","NO-VERDICT","live-runs\N2-0-2-1-unit-frames-20260801-154500\player-frame-diff.csv"
"player-frame","PlayerAttackBackground","BACKGROUND","ARTWORK","NO-VERDICT","NO-VERDICT","live-runs\N2-0-2-1-unit-frames-20260801-155000\player-frame-diff.csv"
"player-frame","PlayerAttackBackground","BACKGROUND","ARTWORK","NO-VERDICT","NO-VERDICT","live-runs\N2-0-2-1-unit-frames-20260801-155500\player-frame-diff.csv"
"player-frame","PlayerAttackGlow","BACKGROUND","OVERLAY","NO-VERDICT","NO-VERDICT","live-runs\N2-0-2-1-unit-frames-20260801-154500\player-frame-diff.csv"
"player-frame","PlayerAttackGlow","BACKGROUND","OVERLAY","NO-VERDICT","NO-VERDICT","live-runs\N2-0-2-1-unit-frames-20260801-155000\player-frame-diff.csv"
"player-frame","PlayerAttackGlow","BACKGROUND","OVERLAY","NO-VERDICT","NO-VERDICT","live-runs\N2-0-2-1-unit-frames-20260801-155500\player-frame-diff.csv"
"player-frame","PlayerAttackIcon","BACKGROUND","OVERLAY","NO-VERDICT","NO-VERDICT","live-runs\N2-0-2-1-unit-frames-20260801-154500\player-frame-diff.csv"
"player-frame","PlayerAttackIcon","BACKGROUND","OVERLAY","NO-VERDICT","NO-VERDICT","live-runs\N2-0-2-1-unit-frames-20260801-155000\player-frame-diff.csv"
"player-frame","PlayerAttackIcon","BACKGROUND","OVERLAY","NO-VERDICT","NO-VERDICT","live-runs\N2-0-2-1-unit-frames-20260801-155500\player-frame-diff.csv"
"player-frame","PlayerFrame","BACKGROUND","","LOW|","DELTA","live-runs\N2-0-2-1-unit-frames-20260801-154500\player-frame-diff.csv"
"player-frame","PlayerFrame","BACKGROUND","","BACKGROUND|","PASS","live-runs\N2-0-2-1-unit-frames-20260801-155000\player-frame-diff.csv"
"player-frame","PlayerFrame","BACKGROUND","","BACKGROUND|","PASS","live-runs\N2-0-2-1-unit-frames-20260801-155500\player-frame-diff.csv"
"player-frame","PlayerFrame/Frame","BACKGROUND","","NO-VERDICT","NO-VERDICT","live-runs\N2-0-2-1-unit-frames-20260801-154500\player-frame-diff.csv"
"player-frame","PlayerFrame/Frame","BACKGROUND","","NO-VERDICT","NO-VERDICT","live-runs\N2-0-2-1-unit-frames-20260801-155000\player-frame-diff.csv"
"player-frame","PlayerFrame/Frame","BACKGROUND","","NO-VERDICT","NO-VERDICT","live-runs\N2-0-2-1-unit-frames-20260801-155500\player-frame-diff.csv"
"player-frame","PlayerFrame/Frame/Frame","BACKGROUND","","NO-VERDICT","NO-VERDICT","live-runs\N2-0-2-1-unit-frames-20260801-154500\player-frame-diff.csv"
"player-frame","PlayerFrame/Frame/Frame","BACKGROUND","","NO-VERDICT","NO-VERDICT","live-runs\N2-0-2-1-unit-frames-20260801-155000\player-frame-diff.csv"
"player-frame","PlayerFrame/Frame/Frame","BACKGROUND","","NO-VERDICT","NO-VERDICT","live-runs\N2-0-2-1-unit-frames-20260801-155500\player-frame-diff.csv"
"player-frame","PlayerFrameBackground","BACKGROUND","BACKGROUND","LOW|BACKGROUND","DELTA","live-runs\N2-0-2-1-unit-frames-20260801-154500\player-frame-diff.csv"
"player-frame","PlayerFrameBackground","BACKGROUND","BACKGROUND","BACKGROUND|BACKGROUND","PASS","live-runs\N2-0-2-1-unit-frames-20260801-155000\player-frame-diff.csv"
"player-frame","PlayerFrameBackground","BACKGROUND","BACKGROUND","BACKGROUND|BACKGROUND","PASS","live-runs\N2-0-2-1-unit-frames-20260801-155500\player-frame-diff.csv"
"player-frame","PlayerFrameDropDown","BACKGROUND","","NO-VERDICT","NO-VERDICT","live-runs\N2-0-2-1-unit-frames-20260801-154500\player-frame-diff.csv"
"player-frame","PlayerFrameDropDown","BACKGROUND","","NO-VERDICT","NO-VERDICT","live-runs\N2-0-2-1-unit-frames-20260801-155000\player-frame-diff.csv"
"player-frame","PlayerFrameDropDown","BACKGROUND","","NO-VERDICT","NO-VERDICT","live-runs\N2-0-2-1-unit-frames-20260801-155500\player-frame-diff.csv"
"player-frame","PlayerFrameGroupIndicator","BACKGROUND","","NO-VERDICT","NO-VERDICT","live-runs\N2-0-2-1-unit-frames-20260801-154500\player-frame-diff.csv"
"player-frame","PlayerFrameGroupIndicator","BACKGROUND","","NO-VERDICT","NO-VERDICT","live-runs\N2-0-2-1-unit-frames-20260801-155000\player-frame-diff.csv"
"player-frame","PlayerFrameGroupIndicator","BACKGROUND","","NO-VERDICT","NO-VERDICT","live-runs\N2-0-2-1-unit-frames-20260801-155500\player-frame-diff.csv"
"player-frame","PlayerFrameGroupIndicatorLeft","BACKGROUND","BACKGROUND","NO-VERDICT","NO-VERDICT","live-runs\N2-0-2-1-unit-frames-20260801-154500\player-frame-diff.csv"
"player-frame","PlayerFrameGroupIndicatorLeft","BACKGROUND","BACKGROUND","NO-VERDICT","NO-VERDICT","live-runs\N2-0-2-1-unit-frames-20260801-155000\player-frame-diff.csv"
"player-frame","PlayerFrameGroupIndicatorLeft","BACKGROUND","BACKGROUND","NO-VERDICT","NO-VERDICT","live-runs\N2-0-2-1-unit-frames-20260801-155500\player-frame-diff.csv"
"player-frame","PlayerFrameGroupIndicatorMiddle","BACKGROUND","BACKGROUND","NO-VERDICT","NO-VERDICT","live-runs\N2-0-2-1-unit-frames-20260801-154500\player-frame-diff.csv"
"player-frame","PlayerFrameGroupIndicatorMiddle","BACKGROUND","BACKGROUND","NO-VERDICT","NO-VERDICT","live-runs\N2-0-2-1-unit-frames-20260801-155000\player-frame-diff.csv"
"player-frame","PlayerFrameGroupIndicatorMiddle","BACKGROUND","BACKGROUND","NO-VERDICT","NO-VERDICT","live-runs\N2-0-2-1-unit-frames-20260801-155500\player-frame-diff.csv"
"player-frame","PlayerFrameGroupIndicatorRight","BACKGROUND","BACKGROUND","NO-VERDICT","NO-VERDICT","live-runs\N2-0-2-1-unit-frames-20260801-154500\player-frame-diff.csv"
"player-frame","PlayerFrameGroupIndicatorRight","BACKGROUND","BACKGROUND","NO-VERDICT","NO-VERDICT","live-runs\N2-0-2-1-unit-frames-20260801-155000\player-frame-diff.csv"
"player-frame","PlayerFrameGroupIndicatorRight","BACKGROUND","BACKGROUND","NO-VERDICT","NO-VERDICT","live-runs\N2-0-2-1-unit-frames-20260801-155500\player-frame-diff.csv"
"player-frame","PlayerFrameGroupIndicatorText","BACKGROUND","BACKGROUND","NO-VERDICT","NO-VERDICT","live-runs\N2-0-2-1-unit-frames-20260801-154500\player-frame-diff.csv"
"player-frame","PlayerFrameGroupIndicatorText","BACKGROUND","BACKGROUND","NO-VERDICT","NO-VERDICT","live-runs\N2-0-2-1-unit-frames-20260801-155000\player-frame-diff.csv"
"player-frame","PlayerFrameGroupIndicatorText","BACKGROUND","BACKGROUND","NO-VERDICT","NO-VERDICT","live-runs\N2-0-2-1-unit-frames-20260801-155500\player-frame-diff.csv"
"player-frame","PlayerFrameHealthBarText","BACKGROUND","BACKGROUND","NO-VERDICT","NO-VERDICT","live-runs\N2-0-2-1-unit-frames-20260801-154500\player-frame-diff.csv"
"player-frame","PlayerFrameHealthBarText","BACKGROUND","BACKGROUND","NO-VERDICT","NO-VERDICT","live-runs\N2-0-2-1-unit-frames-20260801-155000\player-frame-diff.csv"
"player-frame","PlayerFrameHealthBarText","BACKGROUND","BACKGROUND","NO-VERDICT","NO-VERDICT","live-runs\N2-0-2-1-unit-frames-20260801-155500\player-frame-diff.csv"
"player-frame","PlayerFrameManaBarText","BACKGROUND","BACKGROUND","NO-VERDICT","NO-VERDICT","live-runs\N2-0-2-1-unit-frames-20260801-154500\player-frame-diff.csv"
"player-frame","PlayerFrameManaBarText","BACKGROUND","BACKGROUND","NO-VERDICT","NO-VERDICT","live-runs\N2-0-2-1-unit-frames-20260801-155000\player-frame-diff.csv"
"player-frame","PlayerFrameManaBarText","BACKGROUND","BACKGROUND","NO-VERDICT","NO-VERDICT","live-runs\N2-0-2-1-unit-frames-20260801-155500\player-frame-diff.csv"
"player-frame","PlayerFrameTexture","BACKGROUND","BACKGROUND","NO-VERDICT","NO-VERDICT","live-runs\N2-0-2-1-unit-frames-20260801-154500\player-frame-diff.csv"
"player-frame","PlayerFrameTexture","BACKGROUND","BACKGROUND","NO-VERDICT","NO-VERDICT","live-runs\N2-0-2-1-unit-frames-20260801-155000\player-frame-diff.csv"
"player-frame","PlayerFrameTexture","BACKGROUND","BACKGROUND","NO-VERDICT","NO-VERDICT","live-runs\N2-0-2-1-unit-frames-20260801-155500\player-frame-diff.csv"
"player-frame","PlayerHitIndicator","BACKGROUND","OVERLAY","NO-VERDICT","NO-VERDICT","live-runs\N2-0-2-1-unit-frames-20260801-154500\player-frame-diff.csv"
"player-frame","PlayerHitIndicator","BACKGROUND","OVERLAY","NO-VERDICT","NO-VERDICT","live-runs\N2-0-2-1-unit-frames-20260801-155000\player-frame-diff.csv"
"player-frame","PlayerHitIndicator","BACKGROUND","OVERLAY","NO-VERDICT","NO-VERDICT","live-runs\N2-0-2-1-unit-frames-20260801-155500\player-frame-diff.csv"
"player-frame","PlayerLeaderIcon","BACKGROUND","OVERLAY","NO-VERDICT","NO-VERDICT","live-runs\N2-0-2-1-unit-frames-20260801-154500\player-frame-diff.csv"
"player-frame","PlayerLeaderIcon","BACKGROUND","OVERLAY","NO-VERDICT","NO-VERDICT","live-runs\N2-0-2-1-unit-frames-20260801-155000\player-frame-diff.csv"
"player-frame","PlayerLeaderIcon","BACKGROUND","OVERLAY","NO-VERDICT","NO-VERDICT","live-runs\N2-0-2-1-unit-frames-20260801-155500\player-frame-diff.csv"
"player-frame","PlayerLevelText","BACKGROUND","BACKGROUND","NO-VERDICT","NO-VERDICT","live-runs\N2-0-2-1-unit-frames-20260801-154500\player-frame-diff.csv"
"player-frame","PlayerLevelText","BACKGROUND","BACKGROUND","NO-VERDICT","NO-VERDICT","live-runs\N2-0-2-1-unit-frames-20260801-155000\player-frame-diff.csv"
"player-frame","PlayerLevelText","BACKGROUND","BACKGROUND","NO-VERDICT","NO-VERDICT","live-runs\N2-0-2-1-unit-frames-20260801-155500\player-frame-diff.csv"
"player-frame","PlayerMasterIcon","BACKGROUND","OVERLAY","NO-VERDICT","NO-VERDICT","live-runs\N2-0-2-1-unit-frames-20260801-154500\player-frame-diff.csv"
"player-frame","PlayerMasterIcon","BACKGROUND","OVERLAY","NO-VERDICT","NO-VERDICT","live-runs\N2-0-2-1-unit-frames-20260801-155000\player-frame-diff.csv"
"player-frame","PlayerMasterIcon","BACKGROUND","OVERLAY","NO-VERDICT","NO-VERDICT","live-runs\N2-0-2-1-unit-frames-20260801-155500\player-frame-diff.csv"
"player-frame","PlayerName","BACKGROUND","BACKGROUND","NO-VERDICT","NO-VERDICT","live-runs\N2-0-2-1-unit-frames-20260801-154500\player-frame-diff.csv"
"player-frame","PlayerName","BACKGROUND","BACKGROUND","NO-VERDICT","NO-VERDICT","live-runs\N2-0-2-1-unit-frames-20260801-155000\player-frame-diff.csv"
"player-frame","PlayerName","BACKGROUND","BACKGROUND","NO-VERDICT","NO-VERDICT","live-runs\N2-0-2-1-unit-frames-20260801-155500\player-frame-diff.csv"
"player-frame","PlayerPlayTime","BACKGROUND","","NO-VERDICT","NO-VERDICT","live-runs\N2-0-2-1-unit-frames-20260801-154500\player-frame-diff.csv"
"player-frame","PlayerPlayTime","BACKGROUND","","NO-VERDICT","NO-VERDICT","live-runs\N2-0-2-1-unit-frames-20260801-155000\player-frame-diff.csv"
"player-frame","PlayerPlayTime","BACKGROUND","","NO-VERDICT","NO-VERDICT","live-runs\N2-0-2-1-unit-frames-20260801-155500\player-frame-diff.csv"
"player-frame","PlayerPlayTimeIcon","BACKGROUND","BACKGROUND","NO-VERDICT","NO-VERDICT","live-runs\N2-0-2-1-unit-frames-20260801-154500\player-frame-diff.csv"
"player-frame","PlayerPlayTimeIcon","BACKGROUND","BACKGROUND","NO-VERDICT","NO-VERDICT","live-runs\N2-0-2-1-unit-frames-20260801-155000\player-frame-diff.csv"
"player-frame","PlayerPlayTimeIcon","BACKGROUND","BACKGROUND","NO-VERDICT","NO-VERDICT","live-runs\N2-0-2-1-unit-frames-20260801-155500\player-frame-diff.csv"
"player-frame","PlayerPortrait","BACKGROUND","ARTWORK","LOW|BACKGROUND","DELTA","live-runs\N2-0-2-1-unit-frames-20260801-154500\player-frame-diff.csv"
"player-frame","PlayerPortrait","BACKGROUND","ARTWORK","BACKGROUND|ARTWORK","PASS","live-runs\N2-0-2-1-unit-frames-20260801-155000\player-frame-diff.csv"
"player-frame","PlayerPortrait","BACKGROUND","ARTWORK","BACKGROUND|ARTWORK","PASS","live-runs\N2-0-2-1-unit-frames-20260801-155500\player-frame-diff.csv"
"player-frame","PlayerPVPIcon","BACKGROUND","ARTWORK","NO-VERDICT","NO-VERDICT","live-runs\N2-0-2-1-unit-frames-20260801-154500\player-frame-diff.csv"
"player-frame","PlayerPVPIcon","BACKGROUND","ARTWORK","NO-VERDICT","NO-VERDICT","live-runs\N2-0-2-1-unit-frames-20260801-155000\player-frame-diff.csv"
"player-frame","PlayerPVPIcon","BACKGROUND","ARTWORK","NO-VERDICT","NO-VERDICT","live-runs\N2-0-2-1-unit-frames-20260801-155500\player-frame-diff.csv"
"player-frame","PlayerPVPIconHitArea","BACKGROUND","","NO-VERDICT","NO-VERDICT","live-runs\N2-0-2-1-unit-frames-20260801-154500\player-frame-diff.csv"
"player-frame","PlayerPVPIconHitArea","BACKGROUND","","NO-VERDICT","NO-VERDICT","live-runs\N2-0-2-1-unit-frames-20260801-155000\player-frame-diff.csv"
"player-frame","PlayerPVPIconHitArea","BACKGROUND","","NO-VERDICT","NO-VERDICT","live-runs\N2-0-2-1-unit-frames-20260801-155500\player-frame-diff.csv"
"player-frame","PlayerRestGlow","BACKGROUND","OVERLAY","NO-VERDICT","NO-VERDICT","live-runs\N2-0-2-1-unit-frames-20260801-154500\player-frame-diff.csv"
"player-frame","PlayerRestGlow","BACKGROUND","OVERLAY","NO-VERDICT","NO-VERDICT","live-runs\N2-0-2-1-unit-frames-20260801-155000\player-frame-diff.csv"
"player-frame","PlayerRestGlow","BACKGROUND","OVERLAY","NO-VERDICT","NO-VERDICT","live-runs\N2-0-2-1-unit-frames-20260801-155500\player-frame-diff.csv"
"player-frame","PlayerRestIcon","BACKGROUND","OVERLAY","NO-VERDICT","NO-VERDICT","live-runs\N2-0-2-1-unit-frames-20260801-154500\player-frame-diff.csv"
"player-frame","PlayerRestIcon","BACKGROUND","OVERLAY","NO-VERDICT","NO-VERDICT","live-runs\N2-0-2-1-unit-frames-20260801-155000\player-frame-diff.csv"
"player-frame","PlayerRestIcon","BACKGROUND","OVERLAY","NO-VERDICT","NO-VERDICT","live-runs\N2-0-2-1-unit-frames-20260801-155500\player-frame-diff.csv"
"player-frame","PlayerStatusGlow","BACKGROUND","","NO-VERDICT","NO-VERDICT","live-runs\N2-0-2-1-unit-frames-20260801-154500\player-frame-diff.csv"
"player-frame","PlayerStatusGlow","BACKGROUND","","NO-VERDICT","NO-VERDICT","live-runs\N2-0-2-1-unit-frames-20260801-155000\player-frame-diff.csv"
"player-frame","PlayerStatusGlow","BACKGROUND","","NO-VERDICT","NO-VERDICT","live-runs\N2-0-2-1-unit-frames-20260801-155500\player-frame-diff.csv"
"player-frame","PlayerStatusTexture","BACKGROUND","ARTWORK","NO-VERDICT","NO-VERDICT","live-runs\N2-0-2-1-unit-frames-20260801-154500\player-frame-diff.csv"
"player-frame","PlayerStatusTexture","BACKGROUND","ARTWORK","NO-VERDICT","NO-VERDICT","live-runs\N2-0-2-1-unit-frames-20260801-155000\player-frame-diff.csv"
"player-frame","PlayerStatusTexture","BACKGROUND","ARTWORK","NO-VERDICT","NO-VERDICT","live-runs\N2-0-2-1-unit-frames-20260801-155500\player-frame-diff.csv"
"quest-log","QuestFrameExitButton","","","NOT-DRAWN","NOT-DRAWN","live-runs\N2-0-3-4-quest-log-20260801-194500\quest-log-diff.csv"
"quest-log","QuestFrameExitButton/DisabledTexture","","","NOT-DRAWN","NOT-DRAWN","live-runs\N2-0-3-4-quest-log-20260801-194500\quest-log-diff.csv"
"quest-log","QuestFrameExitButton/HighlightTexture","","","NOT-DRAWN","NOT-DRAWN","live-runs\N2-0-3-4-quest-log-20260801-194500\quest-log-diff.csv"
"quest-log","QuestFrameExitButton/NormalTexture","","","NOT-DRAWN","NOT-DRAWN","live-runs\N2-0-3-4-quest-log-20260801-194500\quest-log-diff.csv"
"quest-log","QuestFrameExitButton/PushedTexture","","","NOT-DRAWN","NOT-DRAWN","live-runs\N2-0-3-4-quest-log-20260801-194500\quest-log-diff.csv"
"quest-log","QuestFramePushQuestButton","","","NOT-DRAWN","NOT-DRAWN","live-runs\N2-0-3-4-quest-log-20260801-194500\quest-log-diff.csv"
"quest-log","QuestFramePushQuestButton/DisabledTexture","","","NOT-DRAWN","NOT-DRAWN","live-runs\N2-0-3-4-quest-log-20260801-194500\quest-log-diff.csv"
"quest-log","QuestFramePushQuestButton/HighlightTexture","","","NOT-DRAWN","NOT-DRAWN","live-runs\N2-0-3-4-quest-log-20260801-194500\quest-log-diff.csv"
"quest-log","QuestFramePushQuestButton/NormalTexture","","","NOT-DRAWN","NOT-DRAWN","live-runs\N2-0-3-4-quest-log-20260801-194500\quest-log-diff.csv"
"quest-log","QuestFramePushQuestButton/PushedTexture","","","NOT-DRAWN","NOT-DRAWN","live-runs\N2-0-3-4-quest-log-20260801-194500\quest-log-diff.csv"
"quest-log","QuestLogCollapseAllButton","","","NOT-DRAWN","NOT-DRAWN","live-runs\N2-0-3-4-quest-log-20260801-194500\quest-log-diff.csv"
"quest-log","QuestLogCollapseAllButton/NormalTexture","","","NOT-DRAWN","NOT-DRAWN","live-runs\N2-0-3-4-quest-log-20260801-194500\quest-log-diff.csv"
"quest-log","QuestLogCollapseAllButton/Texture","","BACKGROUND","NOT-DRAWN","NOT-DRAWN","live-runs\N2-0-3-4-quest-log-20260801-194500\quest-log-diff.csv"
"quest-log","QuestLogCollapseAllButtonGroupMates","","BACKGROUND","NOT-DRAWN","NOT-DRAWN","live-runs\N2-0-3-4-quest-log-20260801-194500\quest-log-diff.csv"
"quest-log","QuestLogCollapseAllButtonHighlight","","","NOT-DRAWN","NOT-DRAWN","live-runs\N2-0-3-4-quest-log-20260801-194500\quest-log-diff.csv"
"quest-log","QuestLogCollapseAllButtonTag","","BACKGROUND","NOT-DRAWN","NOT-DRAWN","live-runs\N2-0-3-4-quest-log-20260801-194500\quest-log-diff.csv"
"quest-log","QuestLogCountLeft","","OVERLAY","NOT-DRAWN","NOT-DRAWN","live-runs\N2-0-3-4-quest-log-20260801-194500\quest-log-diff.csv"
"quest-log","QuestLogCountMiddle","","OVERLAY","NOT-DRAWN","NOT-DRAWN","live-runs\N2-0-3-4-quest-log-20260801-194500\quest-log-diff.csv"
"quest-log","QuestLogCountRight","","OVERLAY","NOT-DRAWN","NOT-DRAWN","live-runs\N2-0-3-4-quest-log-20260801-194500\quest-log-diff.csv"
"quest-log","QuestLogExpandButtonFrame","","","NOT-DRAWN","NOT-DRAWN","live-runs\N2-0-3-4-quest-log-20260801-194500\quest-log-diff.csv"
"quest-log","QuestLogExpandTabLeft","","BACKGROUND","NOT-DRAWN","NOT-DRAWN","live-runs\N2-0-3-4-quest-log-20260801-194500\quest-log-diff.csv"
"quest-log","QuestLogExpandTabMiddle","","BACKGROUND","NOT-DRAWN","NOT-DRAWN","live-runs\N2-0-3-4-quest-log-20260801-194500\quest-log-diff.csv"
"quest-log","QuestLogFrame","","","IMGUI_WINDOW|IMGUI_HOST","DELTA","live-runs\N2-0-3-4-quest-log-20260801-194500\quest-log-diff.csv"
"quest-log","QuestLogFrame/Texture","","BACKGROUND","IMGUI_WINDOW|IMGUI_IMAGE","DELTA","live-runs\N2-0-3-4-quest-log-20260801-194500\quest-log-diff.csv"
"quest-log","QuestLogFrame/Texture#2","","ARTWORK","IMGUI_WINDOW|IMGUI_IMAGE","DELTA","live-runs\N2-0-3-4-quest-log-20260801-194500\quest-log-diff.csv"
"quest-log","QuestLogFrame/Texture#3","","ARTWORK","IMGUI_WINDOW|IMGUI_IMAGE","DELTA","live-runs\N2-0-3-4-quest-log-20260801-194500\quest-log-diff.csv"
"quest-log","QuestLogFrame/Texture#4","","ARTWORK","IMGUI_WINDOW|IMGUI_IMAGE","DELTA","live-runs\N2-0-3-4-quest-log-20260801-194500\quest-log-diff.csv"
"quest-log","QuestLogFrame/Texture#5","","ARTWORK","IMGUI_WINDOW|IMGUI_IMAGE","DELTA","live-runs\N2-0-3-4-quest-log-20260801-194500\quest-log-diff.csv"
"quest-log","QuestLogFrameAbandonButton","","","NOT-DRAWN","NOT-DRAWN","live-runs\N2-0-3-4-quest-log-20260801-194500\quest-log-diff.csv"
"quest-log","QuestLogFrameAbandonButton/DisabledTexture","","","NOT-DRAWN","NOT-DRAWN","live-runs\N2-0-3-4-quest-log-20260801-194500\quest-log-diff.csv"
"quest-log","QuestLogFrameAbandonButton/HighlightTexture","","","NOT-DRAWN","NOT-DRAWN","live-runs\N2-0-3-4-quest-log-20260801-194500\quest-log-diff.csv"
"quest-log","QuestLogFrameAbandonButton/NormalTexture","","","NOT-DRAWN","NOT-DRAWN","live-runs\N2-0-3-4-quest-log-20260801-194500\quest-log-diff.csv"
"quest-log","QuestLogFrameAbandonButton/PushedTexture","","","NOT-DRAWN","NOT-DRAWN","live-runs\N2-0-3-4-quest-log-20260801-194500\quest-log-diff.csv"
"quest-log","QuestLogFrameCloseButton","","","NOT-DRAWN","NOT-DRAWN","live-runs\N2-0-3-4-quest-log-20260801-194500\quest-log-diff.csv"
"quest-log","QuestLogFrameCloseButton/HighlightTexture","","","NOT-DRAWN","NOT-DRAWN","live-runs\N2-0-3-4-quest-log-20260801-194500\quest-log-diff.csv"
"quest-log","QuestLogFrameCloseButton/NormalTexture","","","NOT-DRAWN","NOT-DRAWN","live-runs\N2-0-3-4-quest-log-20260801-194500\quest-log-diff.csv"
"quest-log","QuestLogFrameCloseButton/PushedTexture","","","NOT-DRAWN","NOT-DRAWN","live-runs\N2-0-3-4-quest-log-20260801-194500\quest-log-diff.csv"
"quest-log","QuestLogQuestCount","","OVERLAY","NOT-DRAWN","NOT-DRAWN","live-runs\N2-0-3-4-quest-log-20260801-194500\quest-log-diff.csv"
"quest-log","QuestLogTitleText","","ARTWORK","NOT-DRAWN","NOT-DRAWN","live-runs\N2-0-3-4-quest-log-20260801-194500\quest-log-diff.csv"
"quest-log","QuestLogTrack","","","NOT-DRAWN","NOT-DRAWN","live-runs\N2-0-3-4-quest-log-20260801-194500\quest-log-diff.csv"
"quest-log","QuestLogTrack/Texture","","BACKGROUND","NOT-DRAWN","NOT-DRAWN","live-runs\N2-0-3-4-quest-log-20260801-194500\quest-log-diff.csv"
"quest-log","QuestLogTrackTitle","","BACKGROUND","NOT-DRAWN","NOT-DRAWN","live-runs\N2-0-3-4-quest-log-20260801-194500\quest-log-diff.csv"
"quest-log","QuestLogTrackTracking","","BACKGROUND","NOT-DRAWN","NOT-DRAWN","live-runs\N2-0-3-4-quest-log-20260801-194500\quest-log-diff.csv"
"reputation-bar","ReputationWatchBar","","","|","PASS","live-runs\N2-0-2-8-xp-reputation-20260801-175000\reputation-bar-diff.csv"
"reputation-bar","ReputationWatchBarOverlayFrame","DIALOG","","DIALOG|","PASS","live-runs\N2-0-2-8-xp-reputation-20260801-175000\reputation-bar-diff.csv"
"reputation-bar","ReputationWatchBarTexture0","","OVERLAY","|OVERLAY","PASS","live-runs\N2-0-2-8-xp-reputation-20260801-175000\reputation-bar-diff.csv"
"reputation-bar","ReputationWatchBarTexture1","","OVERLAY","|OVERLAY","PASS","live-runs\N2-0-2-8-xp-reputation-20260801-175000\reputation-bar-diff.csv"
"reputation-bar","ReputationWatchBarTexture2","","OVERLAY","|OVERLAY","PASS","live-runs\N2-0-2-8-xp-reputation-20260801-175000\reputation-bar-diff.csv"
"reputation-bar","ReputationWatchBarTexture3","","OVERLAY","|OVERLAY","PASS","live-runs\N2-0-2-8-xp-reputation-20260801-175000\reputation-bar-diff.csv"
"reputation-bar","ReputationWatchStatusBar","","ARTWORK","|ARTWORK","PASS","live-runs\N2-0-2-8-xp-reputation-20260801-175000\reputation-bar-diff.csv"
"reputation-bar","ReputationWatchStatusBarBackground","","BACKGROUND","|BACKGROUND","PASS","live-runs\N2-0-2-8-xp-reputation-20260801-175000\reputation-bar-diff.csv"
"reputation-bar","ReputationXPBarTexture0","","OVERLAY","|OVERLAY","PASS","live-runs\N2-0-2-8-xp-reputation-20260801-175000\reputation-bar-diff.csv"
"reputation-bar","ReputationXPBarTexture1","","OVERLAY","|OVERLAY","PASS","live-runs\N2-0-2-8-xp-reputation-20260801-175000\reputation-bar-diff.csv"
"reputation-bar","ReputationXPBarTexture2","","OVERLAY","|OVERLAY","PASS","live-runs\N2-0-2-8-xp-reputation-20260801-175000\reputation-bar-diff.csv"
"reputation-bar","ReputationXPBarTexture3","","OVERLAY","|OVERLAY","PASS","live-runs\N2-0-2-8-xp-reputation-20260801-175000\reputation-bar-diff.csv"
"spellbook","SpellBookCloseButton","","","NOT-DRAWN","NOT-DRAWN","live-runs\N2-0-3-2-spellbook-20260801-191500\spellbook-diff.csv"
"spellbook","SpellBookCloseButton/HighlightTexture","","","NOT-DRAWN","NOT-DRAWN","live-runs\N2-0-3-2-spellbook-20260801-191500\spellbook-diff.csv"
"spellbook","SpellBookCloseButton/NormalTexture","","","NOT-DRAWN","NOT-DRAWN","live-runs\N2-0-3-2-spellbook-20260801-191500\spellbook-diff.csv"
"spellbook","SpellBookCloseButton/PushedTexture","","","NOT-DRAWN","NOT-DRAWN","live-runs\N2-0-3-2-spellbook-20260801-191500\spellbook-diff.csv"
"spellbook","SpellBookFrame","","","IMGUI_WINDOW|IMGUI_HOST","DELTA","live-runs\N2-0-3-2-spellbook-20260801-191500\spellbook-diff.csv"
"spellbook","SpellBookFrame/Texture","","BACKGROUND","IMGUI_WINDOW|IMGUI_IMAGE","DELTA","live-runs\N2-0-3-2-spellbook-20260801-191500\spellbook-diff.csv"
"spellbook","SpellBookFrame/Texture#2","","ARTWORK","IMGUI_WINDOW|IMGUI_IMAGE","DELTA","live-runs\N2-0-3-2-spellbook-20260801-191500\spellbook-diff.csv"
"spellbook","SpellBookFrame/Texture#3","","ARTWORK","IMGUI_WINDOW|IMGUI_IMAGE","DELTA","live-runs\N2-0-3-2-spellbook-20260801-191500\spellbook-diff.csv"
"spellbook","SpellBookFrame/Texture#4","","ARTWORK","IMGUI_WINDOW|IMGUI_IMAGE","DELTA","live-runs\N2-0-3-2-spellbook-20260801-191500\spellbook-diff.csv"
"spellbook","SpellBookFrame/Texture#5","","ARTWORK","IMGUI_WINDOW|IMGUI_IMAGE","DELTA","live-runs\N2-0-3-2-spellbook-20260801-191500\spellbook-diff.csv"
"spellbook","SpellBookFrameTabButton1","","","NOT-DRAWN","NOT-DRAWN","live-runs\N2-0-3-2-spellbook-20260801-191500\spellbook-diff.csv"
"spellbook","SpellBookFrameTabButton1/DisabledTexture","","","NOT-DRAWN","NOT-DRAWN","live-runs\N2-0-3-2-spellbook-20260801-191500\spellbook-diff.csv"
"spellbook","SpellBookFrameTabButton1/HighlightTexture","","","NOT-DRAWN","NOT-DRAWN","live-runs\N2-0-3-2-spellbook-20260801-191500\spellbook-diff.csv"
"spellbook","SpellBookFrameTabButton1/NormalTexture","","","NOT-DRAWN","NOT-DRAWN","live-runs\N2-0-3-2-spellbook-20260801-191500\spellbook-diff.csv"
"spellbook","SpellBookFrameTabButton2","","","NOT-DRAWN","NOT-DRAWN","live-runs\N2-0-3-2-spellbook-20260801-191500\spellbook-diff.csv"
"spellbook","SpellBookFrameTabButton2/DisabledTexture","","","NOT-DRAWN","NOT-DRAWN","live-runs\N2-0-3-2-spellbook-20260801-191500\spellbook-diff.csv"
"spellbook","SpellBookFrameTabButton2/HighlightTexture","","","NOT-DRAWN","NOT-DRAWN","live-runs\N2-0-3-2-spellbook-20260801-191500\spellbook-diff.csv"
"spellbook","SpellBookFrameTabButton2/NormalTexture","","","NOT-DRAWN","NOT-DRAWN","live-runs\N2-0-3-2-spellbook-20260801-191500\spellbook-diff.csv"
"spellbook","SpellBookFrameTabButton3","","","NOT-DRAWN","NOT-DRAWN","live-runs\N2-0-3-2-spellbook-20260801-191500\spellbook-diff.csv"
"spellbook","SpellBookFrameTabButton3/DisabledTexture","","","NOT-DRAWN","NOT-DRAWN","live-runs\N2-0-3-2-spellbook-20260801-191500\spellbook-diff.csv"
"spellbook","SpellBookFrameTabButton3/HighlightTexture","","","NOT-DRAWN","NOT-DRAWN","live-runs\N2-0-3-2-spellbook-20260801-191500\spellbook-diff.csv"
"spellbook","SpellBookFrameTabButton3/NormalTexture","","","NOT-DRAWN","NOT-DRAWN","live-runs\N2-0-3-2-spellbook-20260801-191500\spellbook-diff.csv"
"spellbook","SpellBookNextPageButton","","","NOT-DRAWN","NOT-DRAWN","live-runs\N2-0-3-2-spellbook-20260801-191500\spellbook-diff.csv"
"spellbook","SpellBookNextPageButton/DisabledTexture","","","NOT-DRAWN","NOT-DRAWN","live-runs\N2-0-3-2-spellbook-20260801-191500\spellbook-diff.csv"
"spellbook","SpellBookNextPageButton/FontString","","BACKGROUND","NOT-DRAWN","NOT-DRAWN","live-runs\N2-0-3-2-spellbook-20260801-191500\spellbook-diff.csv"
"spellbook","SpellBookNextPageButton/HighlightTexture","","","NOT-DRAWN","NOT-DRAWN","live-runs\N2-0-3-2-spellbook-20260801-191500\spellbook-diff.csv"
"spellbook","SpellBookNextPageButton/NormalTexture","","","NOT-DRAWN","NOT-DRAWN","live-runs\N2-0-3-2-spellbook-20260801-191500\spellbook-diff.csv"
"spellbook","SpellBookNextPageButton/PushedTexture","","","NOT-DRAWN","NOT-DRAWN","live-runs\N2-0-3-2-spellbook-20260801-191500\spellbook-diff.csv"
"spellbook","SpellBookPageText","","ARTWORK","NOT-DRAWN","NOT-DRAWN","live-runs\N2-0-3-2-spellbook-20260801-191500\spellbook-diff.csv"
"spellbook","SpellBookPrevPageButton","","","NOT-DRAWN","NOT-DRAWN","live-runs\N2-0-3-2-spellbook-20260801-191500\spellbook-diff.csv"
"spellbook","SpellBookPrevPageButton/DisabledTexture","","","NOT-DRAWN","NOT-DRAWN","live-runs\N2-0-3-2-spellbook-20260801-191500\spellbook-diff.csv"
"spellbook","SpellBookPrevPageButton/FontString","","BACKGROUND","NOT-DRAWN","NOT-DRAWN","live-runs\N2-0-3-2-spellbook-20260801-191500\spellbook-diff.csv"
"spellbook","SpellBookPrevPageButton/HighlightTexture","","","NOT-DRAWN","NOT-DRAWN","live-runs\N2-0-3-2-spellbook-20260801-191500\spellbook-diff.csv"
"spellbook","SpellBookPrevPageButton/NormalTexture","","","NOT-DRAWN","NOT-DRAWN","live-runs\N2-0-3-2-spellbook-20260801-191500\spellbook-diff.csv"
"spellbook","SpellBookPrevPageButton/PushedTexture","","","NOT-DRAWN","NOT-DRAWN","live-runs\N2-0-3-2-spellbook-20260801-191500\spellbook-diff.csv"
"spellbook","SpellBookSkillLineTab1","","","NOT-DRAWN","NOT-DRAWN","live-runs\N2-0-3-2-spellbook-20260801-191500\spellbook-diff.csv"
"spellbook","SpellBookSkillLineTab1/CheckedTexture","","","NOT-DRAWN","NOT-DRAWN","live-runs\N2-0-3-2-spellbook-20260801-191500\spellbook-diff.csv"
"spellbook","SpellBookSkillLineTab1/HighlightTexture","","","NOT-DRAWN","NOT-DRAWN","live-runs\N2-0-3-2-spellbook-20260801-191500\spellbook-diff.csv"
"spellbook","SpellBookSkillLineTab1/NormalTexture","","","NOT-DRAWN","NOT-DRAWN","live-runs\N2-0-3-2-spellbook-20260801-191500\spellbook-diff.csv"
"spellbook","SpellBookSkillLineTab1/Texture","","BACKGROUND","NOT-DRAWN","NOT-DRAWN","live-runs\N2-0-3-2-spellbook-20260801-191500\spellbook-diff.csv"
"spellbook","SpellBookSkillLineTab2","","","NOT-DRAWN","NOT-DRAWN","live-runs\N2-0-3-2-spellbook-20260801-191500\spellbook-diff.csv"
"spellbook","SpellBookSkillLineTab2/CheckedTexture","","","NOT-DRAWN","NOT-DRAWN","live-runs\N2-0-3-2-spellbook-20260801-191500\spellbook-diff.csv"
"spellbook","SpellBookSkillLineTab2/HighlightTexture","","","NOT-DRAWN","NOT-DRAWN","live-runs\N2-0-3-2-spellbook-20260801-191500\spellbook-diff.csv"
"spellbook","SpellBookSkillLineTab2/NormalTexture","","","NOT-DRAWN","NOT-DRAWN","live-runs\N2-0-3-2-spellbook-20260801-191500\spellbook-diff.csv"
"spellbook","SpellBookSkillLineTab2/Texture","","BACKGROUND","NOT-DRAWN","NOT-DRAWN","live-runs\N2-0-3-2-spellbook-20260801-191500\spellbook-diff.csv"
"spellbook","SpellBookSkillLineTab3","","","NOT-DRAWN","NOT-DRAWN","live-runs\N2-0-3-2-spellbook-20260801-191500\spellbook-diff.csv"
"spellbook","SpellBookSkillLineTab3/CheckedTexture","","","NOT-DRAWN","NOT-DRAWN","live-runs\N2-0-3-2-spellbook-20260801-191500\spellbook-diff.csv"
"spellbook","SpellBookSkillLineTab3/HighlightTexture","","","NOT-DRAWN","NOT-DRAWN","live-runs\N2-0-3-2-spellbook-20260801-191500\spellbook-diff.csv"
"spellbook","SpellBookSkillLineTab3/NormalTexture","","","NOT-DRAWN","NOT-DRAWN","live-runs\N2-0-3-2-spellbook-20260801-191500\spellbook-diff.csv"
"spellbook","SpellBookSkillLineTab3/Texture","","BACKGROUND","NOT-DRAWN","NOT-DRAWN","live-runs\N2-0-3-2-spellbook-20260801-191500\spellbook-diff.csv"
"spellbook","SpellBookSkillLineTab4","","","NOT-DRAWN","NOT-DRAWN","live-runs\N2-0-3-2-spellbook-20260801-191500\spellbook-diff.csv"
"spellbook","SpellBookSkillLineTab4/CheckedTexture","","","NOT-DRAWN","NOT-DRAWN","live-runs\N2-0-3-2-spellbook-20260801-191500\spellbook-diff.csv"
"spellbook","SpellBookSkillLineTab4/HighlightTexture","","","NOT-DRAWN","NOT-DRAWN","live-runs\N2-0-3-2-spellbook-20260801-191500\spellbook-diff.csv"
"spellbook","SpellBookSkillLineTab4/NormalTexture","","","NOT-DRAWN","NOT-DRAWN","live-runs\N2-0-3-2-spellbook-20260801-191500\spellbook-diff.csv"
"spellbook","SpellBookSkillLineTab4/Texture","","BACKGROUND","NOT-DRAWN","NOT-DRAWN","live-runs\N2-0-3-2-spellbook-20260801-191500\spellbook-diff.csv"
"spellbook","SpellBookSkillLineTab5","","","NOT-DRAWN","NOT-DRAWN","live-runs\N2-0-3-2-spellbook-20260801-191500\spellbook-diff.csv"
"spellbook","SpellBookSkillLineTab5/CheckedTexture","","","NOT-DRAWN","NOT-DRAWN","live-runs\N2-0-3-2-spellbook-20260801-191500\spellbook-diff.csv"
"spellbook","SpellBookSkillLineTab5/HighlightTexture","","","NOT-DRAWN","NOT-DRAWN","live-runs\N2-0-3-2-spellbook-20260801-191500\spellbook-diff.csv"
"spellbook","SpellBookSkillLineTab5/NormalTexture","","","NOT-DRAWN","NOT-DRAWN","live-runs\N2-0-3-2-spellbook-20260801-191500\spellbook-diff.csv"
"spellbook","SpellBookSkillLineTab5/Texture","","BACKGROUND","NOT-DRAWN","NOT-DRAWN","live-runs\N2-0-3-2-spellbook-20260801-191500\spellbook-diff.csv"
"spellbook","SpellBookSkillLineTab6","","","NOT-DRAWN","NOT-DRAWN","live-runs\N2-0-3-2-spellbook-20260801-191500\spellbook-diff.csv"
"spellbook","SpellBookSkillLineTab6/CheckedTexture","","","NOT-DRAWN","NOT-DRAWN","live-runs\N2-0-3-2-spellbook-20260801-191500\spellbook-diff.csv"
"spellbook","SpellBookSkillLineTab6/HighlightTexture","","","NOT-DRAWN","NOT-DRAWN","live-runs\N2-0-3-2-spellbook-20260801-191500\spellbook-diff.csv"
"spellbook","SpellBookSkillLineTab6/NormalTexture","","","NOT-DRAWN","NOT-DRAWN","live-runs\N2-0-3-2-spellbook-20260801-191500\spellbook-diff.csv"
"spellbook","SpellBookSkillLineTab6/Texture","","BACKGROUND","NOT-DRAWN","NOT-DRAWN","live-runs\N2-0-3-2-spellbook-20260801-191500\spellbook-diff.csv"
"spellbook","SpellBookSkillLineTab7","","","NOT-DRAWN","NOT-DRAWN","live-runs\N2-0-3-2-spellbook-20260801-191500\spellbook-diff.csv"
"spellbook","SpellBookSkillLineTab7/CheckedTexture","","","NOT-DRAWN","NOT-DRAWN","live-runs\N2-0-3-2-spellbook-20260801-191500\spellbook-diff.csv"
"spellbook","SpellBookSkillLineTab7/HighlightTexture","","","NOT-DRAWN","NOT-DRAWN","live-runs\N2-0-3-2-spellbook-20260801-191500\spellbook-diff.csv"
"spellbook","SpellBookSkillLineTab7/NormalTexture","","","NOT-DRAWN","NOT-DRAWN","live-runs\N2-0-3-2-spellbook-20260801-191500\spellbook-diff.csv"
"spellbook","SpellBookSkillLineTab7/Texture","","BACKGROUND","NOT-DRAWN","NOT-DRAWN","live-runs\N2-0-3-2-spellbook-20260801-191500\spellbook-diff.csv"
"spellbook","SpellBookSkillLineTab8","","","NOT-DRAWN","NOT-DRAWN","live-runs\N2-0-3-2-spellbook-20260801-191500\spellbook-diff.csv"
"spellbook","SpellBookSkillLineTab8/CheckedTexture","","","NOT-DRAWN","NOT-DRAWN","live-runs\N2-0-3-2-spellbook-20260801-191500\spellbook-diff.csv"
"spellbook","SpellBookSkillLineTab8/HighlightTexture","","","NOT-DRAWN","NOT-DRAWN","live-runs\N2-0-3-2-spellbook-20260801-191500\spellbook-diff.csv"
"spellbook","SpellBookSkillLineTab8/NormalTexture","","","NOT-DRAWN","NOT-DRAWN","live-runs\N2-0-3-2-spellbook-20260801-191500\spellbook-diff.csv"
"spellbook","SpellBookSkillLineTab8/Texture","","BACKGROUND","NOT-DRAWN","NOT-DRAWN","live-runs\N2-0-3-2-spellbook-20260801-191500\spellbook-diff.csv"
"spellbook","SpellBookTitleText","","ARTWORK","NOT-DRAWN","NOT-DRAWN","live-runs\N2-0-3-2-spellbook-20260801-191500\spellbook-diff.csv"
"spellbook","SpellButton1","","","NOT-DRAWN","NOT-DRAWN","live-runs\N2-0-3-2-spellbook-20260801-191500\spellbook-diff.csv"
"spellbook","SpellButton1/CheckedTexture","","","NOT-DRAWN","NOT-DRAWN","live-runs\N2-0-3-2-spellbook-20260801-191500\spellbook-diff.csv"
"spellbook","SpellButton1/PushedTexture","","","NOT-DRAWN","NOT-DRAWN","live-runs\N2-0-3-2-spellbook-20260801-191500\spellbook-diff.csv"
"spellbook","SpellButton10","","","NOT-DRAWN","NOT-DRAWN","live-runs\N2-0-3-2-spellbook-20260801-191500\spellbook-diff.csv"
"spellbook","SpellButton10/CheckedTexture","","","NOT-DRAWN","NOT-DRAWN","live-runs\N2-0-3-2-spellbook-20260801-191500\spellbook-diff.csv"
"spellbook","SpellButton10/PushedTexture","","","NOT-DRAWN","NOT-DRAWN","live-runs\N2-0-3-2-spellbook-20260801-191500\spellbook-diff.csv"
"spellbook","SpellButton10Background","","BACKGROUND","NOT-DRAWN","NOT-DRAWN","live-runs\N2-0-3-2-spellbook-20260801-191500\spellbook-diff.csv"
"spellbook","SpellButton10Cooldown","","","NOT-DRAWN","NOT-DRAWN","live-runs\N2-0-3-2-spellbook-20260801-191500\spellbook-diff.csv"
"spellbook","SpellButton10Highlight","","","NOT-DRAWN","NOT-DRAWN","live-runs\N2-0-3-2-spellbook-20260801-191500\spellbook-diff.csv"
"spellbook","SpellButton10NormalTexture","","","NOT-DRAWN","NOT-DRAWN","live-runs\N2-0-3-2-spellbook-20260801-191500\spellbook-diff.csv"
"spellbook","SpellButton11","","","NOT-DRAWN","NOT-DRAWN","live-runs\N2-0-3-2-spellbook-20260801-191500\spellbook-diff.csv"
"spellbook","SpellButton11/CheckedTexture","","","NOT-DRAWN","NOT-DRAWN","live-runs\N2-0-3-2-spellbook-20260801-191500\spellbook-diff.csv"
"spellbook","SpellButton11/PushedTexture","","","NOT-DRAWN","NOT-DRAWN","live-runs\N2-0-3-2-spellbook-20260801-191500\spellbook-diff.csv"
"spellbook","SpellButton11Background","","BACKGROUND","NOT-DRAWN","NOT-DRAWN","live-runs\N2-0-3-2-spellbook-20260801-191500\spellbook-diff.csv"
"spellbook","SpellButton11Cooldown","","","NOT-DRAWN","NOT-DRAWN","live-runs\N2-0-3-2-spellbook-20260801-191500\spellbook-diff.csv"
"spellbook","SpellButton11Highlight","","","NOT-DRAWN","NOT-DRAWN","live-runs\N2-0-3-2-spellbook-20260801-191500\spellbook-diff.csv"
"spellbook","SpellButton11NormalTexture","","","NOT-DRAWN","NOT-DRAWN","live-runs\N2-0-3-2-spellbook-20260801-191500\spellbook-diff.csv"
"spellbook","SpellButton12","","","NOT-DRAWN","NOT-DRAWN","live-runs\N2-0-3-2-spellbook-20260801-191500\spellbook-diff.csv"
"spellbook","SpellButton12/CheckedTexture","","","NOT-DRAWN","NOT-DRAWN","live-runs\N2-0-3-2-spellbook-20260801-191500\spellbook-diff.csv"
"spellbook","SpellButton12/PushedTexture","","","NOT-DRAWN","NOT-DRAWN","live-runs\N2-0-3-2-spellbook-20260801-191500\spellbook-diff.csv"
"spellbook","SpellButton12Background","","BACKGROUND","NOT-DRAWN","NOT-DRAWN","live-runs\N2-0-3-2-spellbook-20260801-191500\spellbook-diff.csv"
"spellbook","SpellButton12Cooldown","","","NOT-DRAWN","NOT-DRAWN","live-runs\N2-0-3-2-spellbook-20260801-191500\spellbook-diff.csv"
"spellbook","SpellButton12Highlight","","","NOT-DRAWN","NOT-DRAWN","live-runs\N2-0-3-2-spellbook-20260801-191500\spellbook-diff.csv"
"spellbook","SpellButton12NormalTexture","","","NOT-DRAWN","NOT-DRAWN","live-runs\N2-0-3-2-spellbook-20260801-191500\spellbook-diff.csv"
"spellbook","SpellButton1Background","","BACKGROUND","NOT-DRAWN","NOT-DRAWN","live-runs\N2-0-3-2-spellbook-20260801-191500\spellbook-diff.csv"
"spellbook","SpellButton1Cooldown","","","NOT-DRAWN","NOT-DRAWN","live-runs\N2-0-3-2-spellbook-20260801-191500\spellbook-diff.csv"
"spellbook","SpellButton1Highlight","","","NOT-DRAWN","NOT-DRAWN","live-runs\N2-0-3-2-spellbook-20260801-191500\spellbook-diff.csv"
"spellbook","SpellButton1NormalTexture","","","NOT-DRAWN","NOT-DRAWN","live-runs\N2-0-3-2-spellbook-20260801-191500\spellbook-diff.csv"
"spellbook","SpellButton2","","","NOT-DRAWN","NOT-DRAWN","live-runs\N2-0-3-2-spellbook-20260801-191500\spellbook-diff.csv"
"spellbook","SpellButton2/CheckedTexture","","","NOT-DRAWN","NOT-DRAWN","live-runs\N2-0-3-2-spellbook-20260801-191500\spellbook-diff.csv"
"spellbook","SpellButton2/PushedTexture","","","NOT-DRAWN","NOT-DRAWN","live-runs\N2-0-3-2-spellbook-20260801-191500\spellbook-diff.csv"
"spellbook","SpellButton2Background","","BACKGROUND","NOT-DRAWN","NOT-DRAWN","live-runs\N2-0-3-2-spellbook-20260801-191500\spellbook-diff.csv"
"spellbook","SpellButton2Cooldown","","","NOT-DRAWN","NOT-DRAWN","live-runs\N2-0-3-2-spellbook-20260801-191500\spellbook-diff.csv"
"spellbook","SpellButton2Highlight","","","NOT-DRAWN","NOT-DRAWN","live-runs\N2-0-3-2-spellbook-20260801-191500\spellbook-diff.csv"
"spellbook","SpellButton2NormalTexture","","","NOT-DRAWN","NOT-DRAWN","live-runs\N2-0-3-2-spellbook-20260801-191500\spellbook-diff.csv"
"spellbook","SpellButton3","","","NOT-DRAWN","NOT-DRAWN","live-runs\N2-0-3-2-spellbook-20260801-191500\spellbook-diff.csv"
"spellbook","SpellButton3/CheckedTexture","","","NOT-DRAWN","NOT-DRAWN","live-runs\N2-0-3-2-spellbook-20260801-191500\spellbook-diff.csv"
"spellbook","SpellButton3/PushedTexture","","","NOT-DRAWN","NOT-DRAWN","live-runs\N2-0-3-2-spellbook-20260801-191500\spellbook-diff.csv"
"spellbook","SpellButton3Background","","BACKGROUND","NOT-DRAWN","NOT-DRAWN","live-runs\N2-0-3-2-spellbook-20260801-191500\spellbook-diff.csv"
"spellbook","SpellButton3Cooldown","","","NOT-DRAWN","NOT-DRAWN","live-runs\N2-0-3-2-spellbook-20260801-191500\spellbook-diff.csv"
"spellbook","SpellButton3Highlight","","","NOT-DRAWN","NOT-DRAWN","live-runs\N2-0-3-2-spellbook-20260801-191500\spellbook-diff.csv"
"spellbook","SpellButton3NormalTexture","","","NOT-DRAWN","NOT-DRAWN","live-runs\N2-0-3-2-spellbook-20260801-191500\spellbook-diff.csv"
"spellbook","SpellButton4","","","NOT-DRAWN","NOT-DRAWN","live-runs\N2-0-3-2-spellbook-20260801-191500\spellbook-diff.csv"
"spellbook","SpellButton4/CheckedTexture","","","NOT-DRAWN","NOT-DRAWN","live-runs\N2-0-3-2-spellbook-20260801-191500\spellbook-diff.csv"
"spellbook","SpellButton4/PushedTexture","","","NOT-DRAWN","NOT-DRAWN","live-runs\N2-0-3-2-spellbook-20260801-191500\spellbook-diff.csv"
"spellbook","SpellButton4Background","","BACKGROUND","NOT-DRAWN","NOT-DRAWN","live-runs\N2-0-3-2-spellbook-20260801-191500\spellbook-diff.csv"
"spellbook","SpellButton4Cooldown","","","NOT-DRAWN","NOT-DRAWN","live-runs\N2-0-3-2-spellbook-20260801-191500\spellbook-diff.csv"
"spellbook","SpellButton4Highlight","","","NOT-DRAWN","NOT-DRAWN","live-runs\N2-0-3-2-spellbook-20260801-191500\spellbook-diff.csv"
"spellbook","SpellButton4NormalTexture","","","NOT-DRAWN","NOT-DRAWN","live-runs\N2-0-3-2-spellbook-20260801-191500\spellbook-diff.csv"
"spellbook","SpellButton5","","","NOT-DRAWN","NOT-DRAWN","live-runs\N2-0-3-2-spellbook-20260801-191500\spellbook-diff.csv"
"spellbook","SpellButton5/CheckedTexture","","","NOT-DRAWN","NOT-DRAWN","live-runs\N2-0-3-2-spellbook-20260801-191500\spellbook-diff.csv"
"spellbook","SpellButton5/PushedTexture","","","NOT-DRAWN","NOT-DRAWN","live-runs\N2-0-3-2-spellbook-20260801-191500\spellbook-diff.csv"
"spellbook","SpellButton5Background","","BACKGROUND","NOT-DRAWN","NOT-DRAWN","live-runs\N2-0-3-2-spellbook-20260801-191500\spellbook-diff.csv"
"spellbook","SpellButton5Cooldown","","","NOT-DRAWN","NOT-DRAWN","live-runs\N2-0-3-2-spellbook-20260801-191500\spellbook-diff.csv"
"spellbook","SpellButton5Highlight","","","NOT-DRAWN","NOT-DRAWN","live-runs\N2-0-3-2-spellbook-20260801-191500\spellbook-diff.csv"
"spellbook","SpellButton5NormalTexture","","","NOT-DRAWN","NOT-DRAWN","live-runs\N2-0-3-2-spellbook-20260801-191500\spellbook-diff.csv"
"spellbook","SpellButton6","","","NOT-DRAWN","NOT-DRAWN","live-runs\N2-0-3-2-spellbook-20260801-191500\spellbook-diff.csv"
"spellbook","SpellButton6/CheckedTexture","","","NOT-DRAWN","NOT-DRAWN","live-runs\N2-0-3-2-spellbook-20260801-191500\spellbook-diff.csv"
"spellbook","SpellButton6/PushedTexture","","","NOT-DRAWN","NOT-DRAWN","live-runs\N2-0-3-2-spellbook-20260801-191500\spellbook-diff.csv"
"spellbook","SpellButton6Background","","BACKGROUND","NOT-DRAWN","NOT-DRAWN","live-runs\N2-0-3-2-spellbook-20260801-191500\spellbook-diff.csv"
"spellbook","SpellButton6Cooldown","","","NOT-DRAWN","NOT-DRAWN","live-runs\N2-0-3-2-spellbook-20260801-191500\spellbook-diff.csv"
"spellbook","SpellButton6Highlight","","","NOT-DRAWN","NOT-DRAWN","live-runs\N2-0-3-2-spellbook-20260801-191500\spellbook-diff.csv"
"spellbook","SpellButton6NormalTexture","","","NOT-DRAWN","NOT-DRAWN","live-runs\N2-0-3-2-spellbook-20260801-191500\spellbook-diff.csv"
"spellbook","SpellButton7","","","NOT-DRAWN","NOT-DRAWN","live-runs\N2-0-3-2-spellbook-20260801-191500\spellbook-diff.csv"
"spellbook","SpellButton7/CheckedTexture","","","NOT-DRAWN","NOT-DRAWN","live-runs\N2-0-3-2-spellbook-20260801-191500\spellbook-diff.csv"
"spellbook","SpellButton7/PushedTexture","","","NOT-DRAWN","NOT-DRAWN","live-runs\N2-0-3-2-spellbook-20260801-191500\spellbook-diff.csv"
"spellbook","SpellButton7Background","","BACKGROUND","NOT-DRAWN","NOT-DRAWN","live-runs\N2-0-3-2-spellbook-20260801-191500\spellbook-diff.csv"
"spellbook","SpellButton7Cooldown","","","NOT-DRAWN","NOT-DRAWN","live-runs\N2-0-3-2-spellbook-20260801-191500\spellbook-diff.csv"
"spellbook","SpellButton7Highlight","","","NOT-DRAWN","NOT-DRAWN","live-runs\N2-0-3-2-spellbook-20260801-191500\spellbook-diff.csv"
"spellbook","SpellButton7NormalTexture","","","NOT-DRAWN","NOT-DRAWN","live-runs\N2-0-3-2-spellbook-20260801-191500\spellbook-diff.csv"
"spellbook","SpellButton8","","","NOT-DRAWN","NOT-DRAWN","live-runs\N2-0-3-2-spellbook-20260801-191500\spellbook-diff.csv"
"spellbook","SpellButton8/CheckedTexture","","","NOT-DRAWN","NOT-DRAWN","live-runs\N2-0-3-2-spellbook-20260801-191500\spellbook-diff.csv"
"spellbook","SpellButton8/PushedTexture","","","NOT-DRAWN","NOT-DRAWN","live-runs\N2-0-3-2-spellbook-20260801-191500\spellbook-diff.csv"
"spellbook","SpellButton8Background","","BACKGROUND","NOT-DRAWN","NOT-DRAWN","live-runs\N2-0-3-2-spellbook-20260801-191500\spellbook-diff.csv"
"spellbook","SpellButton8Cooldown","","","NOT-DRAWN","NOT-DRAWN","live-runs\N2-0-3-2-spellbook-20260801-191500\spellbook-diff.csv"
"spellbook","SpellButton8Highlight","","","NOT-DRAWN","NOT-DRAWN","live-runs\N2-0-3-2-spellbook-20260801-191500\spellbook-diff.csv"
"spellbook","SpellButton8NormalTexture","","","NOT-DRAWN","NOT-DRAWN","live-runs\N2-0-3-2-spellbook-20260801-191500\spellbook-diff.csv"
"spellbook","SpellButton9","","","NOT-DRAWN","NOT-DRAWN","live-runs\N2-0-3-2-spellbook-20260801-191500\spellbook-diff.csv"
"spellbook","SpellButton9/CheckedTexture","","","NOT-DRAWN","NOT-DRAWN","live-runs\N2-0-3-2-spellbook-20260801-191500\spellbook-diff.csv"
"spellbook","SpellButton9/PushedTexture","","","NOT-DRAWN","NOT-DRAWN","live-runs\N2-0-3-2-spellbook-20260801-191500\spellbook-diff.csv"
"spellbook","SpellButton9Background","","BACKGROUND","NOT-DRAWN","NOT-DRAWN","live-runs\N2-0-3-2-spellbook-20260801-191500\spellbook-diff.csv"
"spellbook","SpellButton9Cooldown","","","NOT-DRAWN","NOT-DRAWN","live-runs\N2-0-3-2-spellbook-20260801-191500\spellbook-diff.csv"
"spellbook","SpellButton9Highlight","","","NOT-DRAWN","NOT-DRAWN","live-runs\N2-0-3-2-spellbook-20260801-191500\spellbook-diff.csv"
"spellbook","SpellButton9NormalTexture","","","NOT-DRAWN","NOT-DRAWN","live-runs\N2-0-3-2-spellbook-20260801-191500\spellbook-diff.csv"
"static-popup","StaticPopup1","DIALOG","","IMGUI_WINDOW|IMGUI_HOST","DELTA","live-runs\N2-0-4-7-static-popup-20260802-000000\static-popup-diff.csv"
"static-popup","StaticPopup1AlertIcon","DIALOG","ARTWORK","IMGUI_WINDOW|IMGUI_IMAGE","DELTA","live-runs\N2-0-4-7-static-popup-20260802-000000\static-popup-diff.csv"
"static-popup","StaticPopup1Button1","DIALOG","","IMGUI_WINDOW|IMGUI_BUTTON","DELTA","live-runs\N2-0-4-7-static-popup-20260802-000000\static-popup-diff.csv"
"static-popup","StaticPopup1Button1/DisabledTexture","DIALOG","","NOT-DRAWN","NOT-DRAWN","live-runs\N2-0-4-7-static-popup-20260802-000000\static-popup-diff.csv"
"static-popup","StaticPopup1Button1/HighlightTexture","DIALOG","","NOT-DRAWN","NOT-DRAWN","live-runs\N2-0-4-7-static-popup-20260802-000000\static-popup-diff.csv"
"static-popup","StaticPopup1Button1/NormalTexture","DIALOG","","NOT-DRAWN","NOT-DRAWN","live-runs\N2-0-4-7-static-popup-20260802-000000\static-popup-diff.csv"
"static-popup","StaticPopup1Button1/PushedTexture","DIALOG","","NOT-DRAWN","NOT-DRAWN","live-runs\N2-0-4-7-static-popup-20260802-000000\static-popup-diff.csv"
"static-popup","StaticPopup1Button2","DIALOG","","IMGUI_WINDOW|IMGUI_BUTTON","DELTA","live-runs\N2-0-4-7-static-popup-20260802-000000\static-popup-diff.csv"
"static-popup","StaticPopup1Button2/DisabledTexture","DIALOG","","NOT-DRAWN","NOT-DRAWN","live-runs\N2-0-4-7-static-popup-20260802-000000\static-popup-diff.csv"
"static-popup","StaticPopup1Button2/HighlightTexture","DIALOG","","NOT-DRAWN","NOT-DRAWN","live-runs\N2-0-4-7-static-popup-20260802-000000\static-popup-diff.csv"
"static-popup","StaticPopup1Button2/NormalTexture","DIALOG","","NOT-DRAWN","NOT-DRAWN","live-runs\N2-0-4-7-static-popup-20260802-000000\static-popup-diff.csv"
"static-popup","StaticPopup1Button2/PushedTexture","DIALOG","","NOT-DRAWN","NOT-DRAWN","live-runs\N2-0-4-7-static-popup-20260802-000000\static-popup-diff.csv"
"static-popup","StaticPopup1CloseButton","DIALOG","","NOT-DRAWN","NOT-DRAWN","live-runs\N2-0-4-7-static-popup-20260802-000000\static-popup-diff.csv"
"static-popup","StaticPopup1CloseButton/HighlightTexture","DIALOG","","NOT-DRAWN","NOT-DRAWN","live-runs\N2-0-4-7-static-popup-20260802-000000\static-popup-diff.csv"
"static-popup","StaticPopup1CloseButton/NormalTexture","DIALOG","","NOT-DRAWN","NOT-DRAWN","live-runs\N2-0-4-7-static-popup-20260802-000000\static-popup-diff.csv"
"static-popup","StaticPopup1CloseButton/PushedTexture","DIALOG","","NOT-DRAWN","NOT-DRAWN","live-runs\N2-0-4-7-static-popup-20260802-000000\static-popup-diff.csv"
"static-popup","StaticPopup1Text","DIALOG","ARTWORK","IMGUI_WINDOW|IMGUI_TEXT","DELTA","live-runs\N2-0-4-7-static-popup-20260802-000000\static-popup-diff.csv"
"talent-frame","TalentFrame","","","IMGUI_WINDOW|IMGUI_HOST","DELTA","live-runs\N2-0-3-3-talent-frame-20260801-193000\talent-frame-diff.csv"
"talent-frame","TalentFrame/Texture","","BORDER","IMGUI_WINDOW|IMGUI_IMAGE","DELTA","live-runs\N2-0-3-3-talent-frame-20260801-193000\talent-frame-diff.csv"
"talent-frame","TalentFrame/Texture#2","","BORDER","IMGUI_WINDOW|IMGUI_IMAGE","DELTA","live-runs\N2-0-3-3-talent-frame-20260801-193000\talent-frame-diff.csv"
"talent-frame","TalentFrame/Texture#3","","BORDER","IMGUI_WINDOW|IMGUI_IMAGE","DELTA","live-runs\N2-0-3-3-talent-frame-20260801-193000\talent-frame-diff.csv"
"talent-frame","TalentFrame/Texture#4","","BORDER","IMGUI_WINDOW|IMGUI_IMAGE","DELTA","live-runs\N2-0-3-3-talent-frame-20260801-193000\talent-frame-diff.csv"
"talent-frame","TalentFrameBackgroundBottomLeft","","ARTWORK","IMGUI_WINDOW|IMGUI_IMAGE","DELTA","live-runs\N2-0-3-3-talent-frame-20260801-193000\talent-frame-diff.csv"
"talent-frame","TalentFrameBackgroundBottomRight","","ARTWORK","IMGUI_WINDOW|IMGUI_IMAGE","DELTA","live-runs\N2-0-3-3-talent-frame-20260801-193000\talent-frame-diff.csv"
"talent-frame","TalentFrameBackgroundTopLeft","","ARTWORK","IMGUI_WINDOW|IMGUI_IMAGE","DELTA","live-runs\N2-0-3-3-talent-frame-20260801-193000\talent-frame-diff.csv"
"talent-frame","TalentFrameBackgroundTopRight","","ARTWORK","IMGUI_WINDOW|IMGUI_IMAGE","DELTA","live-runs\N2-0-3-3-talent-frame-20260801-193000\talent-frame-diff.csv"
"talent-frame","TalentFrameCancelButton","","","NOT-DRAWN","NOT-DRAWN","live-runs\N2-0-3-3-talent-frame-20260801-193000\talent-frame-diff.csv"
"talent-frame","TalentFrameCancelButton/DisabledTexture","","","NOT-DRAWN","NOT-DRAWN","live-runs\N2-0-3-3-talent-frame-20260801-193000\talent-frame-diff.csv"
"talent-frame","TalentFrameCancelButton/HighlightTexture","","","NOT-DRAWN","NOT-DRAWN","live-runs\N2-0-3-3-talent-frame-20260801-193000\talent-frame-diff.csv"
"talent-frame","TalentFrameCancelButton/NormalTexture","","","NOT-DRAWN","NOT-DRAWN","live-runs\N2-0-3-3-talent-frame-20260801-193000\talent-frame-diff.csv"
"talent-frame","TalentFrameCancelButton/PushedTexture","","","NOT-DRAWN","NOT-DRAWN","live-runs\N2-0-3-3-talent-frame-20260801-193000\talent-frame-diff.csv"
"talent-frame","TalentFrameCloseButton","","","NOT-DRAWN","NOT-DRAWN","live-runs\N2-0-3-3-talent-frame-20260801-193000\talent-frame-diff.csv"
"talent-frame","TalentFrameCloseButton/HighlightTexture","","","NOT-DRAWN","NOT-DRAWN","live-runs\N2-0-3-3-talent-frame-20260801-193000\talent-frame-diff.csv"
"talent-frame","TalentFrameCloseButton/NormalTexture","","","NOT-DRAWN","NOT-DRAWN","live-runs\N2-0-3-3-talent-frame-20260801-193000\talent-frame-diff.csv"
"talent-frame","TalentFrameCloseButton/PushedTexture","","","NOT-DRAWN","NOT-DRAWN","live-runs\N2-0-3-3-talent-frame-20260801-193000\talent-frame-diff.csv"
"talent-frame","TalentFramePointsLeft","","OVERLAY","NOT-DRAWN","NOT-DRAWN","live-runs\N2-0-3-3-talent-frame-20260801-193000\talent-frame-diff.csv"
"talent-frame","TalentFramePointsMiddle","","OVERLAY","NOT-DRAWN","NOT-DRAWN","live-runs\N2-0-3-3-talent-frame-20260801-193000\talent-frame-diff.csv"
"talent-frame","TalentFramePointsRight","","OVERLAY","NOT-DRAWN","NOT-DRAWN","live-runs\N2-0-3-3-talent-frame-20260801-193000\talent-frame-diff.csv"
"talent-frame","TalentFramePortrait","","BACKGROUND","NOT-DRAWN","NOT-DRAWN","live-runs\N2-0-3-3-talent-frame-20260801-193000\talent-frame-diff.csv"
"talent-frame","TalentFrameSpentPoints","","OVERLAY","NOT-DRAWN","NOT-DRAWN","live-runs\N2-0-3-3-talent-frame-20260801-193000\talent-frame-diff.csv"
"talent-frame","TalentFrameTab1","","","NOT-DRAWN","NOT-DRAWN","live-runs\N2-0-3-3-talent-frame-20260801-193000\talent-frame-diff.csv"
"talent-frame","TalentFrameTab2","","","NOT-DRAWN","NOT-DRAWN","live-runs\N2-0-3-3-talent-frame-20260801-193000\talent-frame-diff.csv"
"talent-frame","TalentFrameTab3","","","NOT-DRAWN","NOT-DRAWN","live-runs\N2-0-3-3-talent-frame-20260801-193000\talent-frame-diff.csv"
"talent-frame","TalentFrameTab4","","","NOT-DRAWN","NOT-DRAWN","live-runs\N2-0-3-3-talent-frame-20260801-193000\talent-frame-diff.csv"
"talent-frame","TalentFrameTab5","","","NOT-DRAWN","NOT-DRAWN","live-runs\N2-0-3-3-talent-frame-20260801-193000\talent-frame-diff.csv"
"talent-frame","TalentFrameTalentPoints","","OVERLAY","NOT-DRAWN","NOT-DRAWN","live-runs\N2-0-3-3-talent-frame-20260801-193000\talent-frame-diff.csv"
"talent-frame","TalentFrameTalentPointsText","","OVERLAY","NOT-DRAWN","NOT-DRAWN","live-runs\N2-0-3-3-talent-frame-20260801-193000\talent-frame-diff.csv"
"talent-frame","TalentFrameTitleText","","OVERLAY","NOT-DRAWN","NOT-DRAWN","live-runs\N2-0-3-3-talent-frame-20260801-193000\talent-frame-diff.csv"
"taxi","TaxiCloseButton","","","NOT-DRAWN","NOT-DRAWN","live-runs\N2-0-3-13-taxi-20260801-220000\taxi-diff.csv"
"taxi","TaxiCloseButton/HighlightTexture","","","NOT-DRAWN","NOT-DRAWN","live-runs\N2-0-3-13-taxi-20260801-220000\taxi-diff.csv"
"taxi","TaxiCloseButton/NormalTexture","","","NOT-DRAWN","NOT-DRAWN","live-runs\N2-0-3-13-taxi-20260801-220000\taxi-diff.csv"
"taxi","TaxiCloseButton/PushedTexture","","","NOT-DRAWN","NOT-DRAWN","live-runs\N2-0-3-13-taxi-20260801-220000\taxi-diff.csv"
"taxi","TaxiFrame","","","IMGUI_WINDOW|IMGUI_HOST","DELTA","live-runs\N2-0-3-13-taxi-20260801-220000\taxi-diff.csv"
"taxi","TaxiFrame/Texture","","ARTWORK","IMGUI_WINDOW|IMGUI_IMAGE","DELTA","live-runs\N2-0-3-13-taxi-20260801-220000\taxi-diff.csv"
"taxi","TaxiFrame/Texture#2","","ARTWORK","IMGUI_WINDOW|IMGUI_IMAGE","DELTA","live-runs\N2-0-3-13-taxi-20260801-220000\taxi-diff.csv"
"taxi","TaxiFrame/Texture#3","","ARTWORK","IMGUI_WINDOW|IMGUI_IMAGE","DELTA","live-runs\N2-0-3-13-taxi-20260801-220000\taxi-diff.csv"
"taxi","TaxiFrame/Texture#4","","ARTWORK","IMGUI_WINDOW|IMGUI_IMAGE","DELTA","live-runs\N2-0-3-13-taxi-20260801-220000\taxi-diff.csv"
"taxi","TaxiMap","","OVERLAY","NOT-DRAWN","NOT-DRAWN","live-runs\N2-0-3-13-taxi-20260801-220000\taxi-diff.csv"
"taxi","TaxiMerchant","","ARTWORK","NOT-DRAWN","NOT-DRAWN","live-runs\N2-0-3-13-taxi-20260801-220000\taxi-diff.csv"
"taxi","TaxiPortrait","","BACKGROUND","NOT-DRAWN","NOT-DRAWN","live-runs\N2-0-3-13-taxi-20260801-220000\taxi-diff.csv"
"tooltip","GameTooltip","TOOLTIP","","IMGUI_WINDOW|IMGUI_HOST","DELTA","live-runs\N2-0-4-5-tooltip-20260801-233000\tooltip-diff.csv"
"trade","TradeFrame","","","IMGUI_WINDOW|IMGUI_HOST","DELTA","live-runs\N2-0-3-14-trade-20260801-221500\trade-diff.csv"
"trade","TradeFrame/Texture","","ARTWORK","IMGUI_WINDOW|IMGUI_IMAGE","DELTA","live-runs\N2-0-3-14-trade-20260801-221500\trade-diff.csv"
"trade","TradeFrame/Texture#2","","ARTWORK","IMGUI_WINDOW|IMGUI_IMAGE","DELTA","live-runs\N2-0-3-14-trade-20260801-221500\trade-diff.csv"
"trade","TradeFrame/Texture#3","","ARTWORK","IMGUI_WINDOW|IMGUI_IMAGE","DELTA","live-runs\N2-0-3-14-trade-20260801-221500\trade-diff.csv"
"trade","TradeFrame/Texture#4","","ARTWORK","IMGUI_WINDOW|IMGUI_IMAGE","DELTA","live-runs\N2-0-3-14-trade-20260801-221500\trade-diff.csv"
"trade","TradeFrameCancelButton","","","NOT-DRAWN","NOT-DRAWN","live-runs\N2-0-3-14-trade-20260801-221500\trade-diff.csv"
"trade","TradeFrameCancelButton/DisabledTexture","","","NOT-DRAWN","NOT-DRAWN","live-runs\N2-0-3-14-trade-20260801-221500\trade-diff.csv"
"trade","TradeFrameCancelButton/HighlightTexture","","","NOT-DRAWN","NOT-DRAWN","live-runs\N2-0-3-14-trade-20260801-221500\trade-diff.csv"
"trade","TradeFrameCancelButton/NormalTexture","","","NOT-DRAWN","NOT-DRAWN","live-runs\N2-0-3-14-trade-20260801-221500\trade-diff.csv"
"trade","TradeFrameCancelButton/PushedTexture","","","NOT-DRAWN","NOT-DRAWN","live-runs\N2-0-3-14-trade-20260801-221500\trade-diff.csv"
"trade","TradeFrameCloseButton","","","NOT-DRAWN","NOT-DRAWN","live-runs\N2-0-3-14-trade-20260801-221500\trade-diff.csv"
"trade","TradeFrameCloseButton/HighlightTexture","","","NOT-DRAWN","NOT-DRAWN","live-runs\N2-0-3-14-trade-20260801-221500\trade-diff.csv"
"trade","TradeFrameCloseButton/NormalTexture","","","NOT-DRAWN","NOT-DRAWN","live-runs\N2-0-3-14-trade-20260801-221500\trade-diff.csv"
"trade","TradeFrameCloseButton/PushedTexture","","","NOT-DRAWN","NOT-DRAWN","live-runs\N2-0-3-14-trade-20260801-221500\trade-diff.csv"
"trade","TradeFramePlayerEnchantText","","ARTWORK","NOT-DRAWN","NOT-DRAWN","live-runs\N2-0-3-14-trade-20260801-221500\trade-diff.csv"
"trade","TradeFramePlayerNameText","","ARTWORK","NOT-DRAWN","NOT-DRAWN","live-runs\N2-0-3-14-trade-20260801-221500\trade-diff.csv"
"trade","TradeFramePlayerPortrait","","BACKGROUND","NOT-DRAWN","NOT-DRAWN","live-runs\N2-0-3-14-trade-20260801-221500\trade-diff.csv"
"trade","TradeFrameRecipientEnchantText","","ARTWORK","NOT-DRAWN","NOT-DRAWN","live-runs\N2-0-3-14-trade-20260801-221500\trade-diff.csv"
"trade","TradeFrameRecipientNameText","","ARTWORK","NOT-DRAWN","NOT-DRAWN","live-runs\N2-0-3-14-trade-20260801-221500\trade-diff.csv"
"trade","TradeFrameRecipientPortrait","","BACKGROUND","NOT-DRAWN","NOT-DRAWN","live-runs\N2-0-3-14-trade-20260801-221500\trade-diff.csv"
"trade","TradeFrameTradeButton","","","NOT-DRAWN","NOT-DRAWN","live-runs\N2-0-3-14-trade-20260801-221500\trade-diff.csv"
"trade","TradeFrameTradeButton/DisabledTexture","","","NOT-DRAWN","NOT-DRAWN","live-runs\N2-0-3-14-trade-20260801-221500\trade-diff.csv"
"trade","TradeFrameTradeButton/HighlightTexture","","","NOT-DRAWN","NOT-DRAWN","live-runs\N2-0-3-14-trade-20260801-221500\trade-diff.csv"
"trade","TradeFrameTradeButton/NormalTexture","","","NOT-DRAWN","NOT-DRAWN","live-runs\N2-0-3-14-trade-20260801-221500\trade-diff.csv"
"trade","TradeFrameTradeButton/PushedTexture","","","NOT-DRAWN","NOT-DRAWN","live-runs\N2-0-3-14-trade-20260801-221500\trade-diff.csv"
"trade","TradeHighlightPlayer","","","NOT-DRAWN","NOT-DRAWN","live-runs\N2-0-3-14-trade-20260801-221500\trade-diff.csv"
"trade","TradeHighlightPlayerBottom","","BACKGROUND","NOT-DRAWN","NOT-DRAWN","live-runs\N2-0-3-14-trade-20260801-221500\trade-diff.csv"
"trade","TradeHighlightPlayerEnchant","","","NOT-DRAWN","NOT-DRAWN","live-runs\N2-0-3-14-trade-20260801-221500\trade-diff.csv"
"trade","TradeHighlightPlayerEnchantBottom","","BACKGROUND","NOT-DRAWN","NOT-DRAWN","live-runs\N2-0-3-14-trade-20260801-221500\trade-diff.csv"
"trade","TradeHighlightPlayerEnchantMiddle","","BACKGROUND","NOT-DRAWN","NOT-DRAWN","live-runs\N2-0-3-14-trade-20260801-221500\trade-diff.csv"
"trade","TradeHighlightPlayerEnchantTop","","BACKGROUND","NOT-DRAWN","NOT-DRAWN","live-runs\N2-0-3-14-trade-20260801-221500\trade-diff.csv"
"trade","TradeHighlightPlayerMiddle","","BACKGROUND","NOT-DRAWN","NOT-DRAWN","live-runs\N2-0-3-14-trade-20260801-221500\trade-diff.csv"
"trade","TradeHighlightPlayerTop","","BACKGROUND","NOT-DRAWN","NOT-DRAWN","live-runs\N2-0-3-14-trade-20260801-221500\trade-diff.csv"
"trade","TradeHighlightRecipient","","","NOT-DRAWN","NOT-DRAWN","live-runs\N2-0-3-14-trade-20260801-221500\trade-diff.csv"
"trade","TradeHighlightRecipientBottom","","BACKGROUND","NOT-DRAWN","NOT-DRAWN","live-runs\N2-0-3-14-trade-20260801-221500\trade-diff.csv"
"trade","TradeHighlightRecipientEnchant","","","NOT-DRAWN","NOT-DRAWN","live-runs\N2-0-3-14-trade-20260801-221500\trade-diff.csv"
"trade","TradeHighlightRecipientEnchantBottom","","BACKGROUND","NOT-DRAWN","NOT-DRAWN","live-runs\N2-0-3-14-trade-20260801-221500\trade-diff.csv"
"trade","TradeHighlightRecipientEnchantMiddle","","BACKGROUND","NOT-DRAWN","NOT-DRAWN","live-runs\N2-0-3-14-trade-20260801-221500\trade-diff.csv"
"trade","TradeHighlightRecipientEnchantTop","","BACKGROUND","NOT-DRAWN","NOT-DRAWN","live-runs\N2-0-3-14-trade-20260801-221500\trade-diff.csv"
"trade","TradeHighlightRecipientMiddle","","BACKGROUND","NOT-DRAWN","NOT-DRAWN","live-runs\N2-0-3-14-trade-20260801-221500\trade-diff.csv"
"trade","TradeHighlightRecipientTop","","BACKGROUND","NOT-DRAWN","NOT-DRAWN","live-runs\N2-0-3-14-trade-20260801-221500\trade-diff.csv"
"trade","TradePlayerInputMoneyFrame","","","NOT-DRAWN","NOT-DRAWN","live-runs\N2-0-3-14-trade-20260801-221500\trade-diff.csv"
"trade","TradePlayerItem1","","","NOT-DRAWN","NOT-DRAWN","live-runs\N2-0-3-14-trade-20260801-221500\trade-diff.csv"
"trade","TradePlayerItem1ItemButton","","","NOT-DRAWN","NOT-DRAWN","live-runs\N2-0-3-14-trade-20260801-221500\trade-diff.csv"
"trade","TradePlayerItem1ItemButton/NormalTexture","","","NOT-DRAWN","NOT-DRAWN","live-runs\N2-0-3-14-trade-20260801-221500\trade-diff.csv"
"trade","TradePlayerItem1Name","","BACKGROUND","NOT-DRAWN","NOT-DRAWN","live-runs\N2-0-3-14-trade-20260801-221500\trade-diff.csv"
"trade","TradePlayerItem1NameFrame","","BACKGROUND","NOT-DRAWN","NOT-DRAWN","live-runs\N2-0-3-14-trade-20260801-221500\trade-diff.csv"
"trade","TradePlayerItem1SlotTexture","","BACKGROUND","NOT-DRAWN","NOT-DRAWN","live-runs\N2-0-3-14-trade-20260801-221500\trade-diff.csv"
"trade","TradePlayerItem2","","","NOT-DRAWN","NOT-DRAWN","live-runs\N2-0-3-14-trade-20260801-221500\trade-diff.csv"
"trade","TradePlayerItem2ItemButton","","","NOT-DRAWN","NOT-DRAWN","live-runs\N2-0-3-14-trade-20260801-221500\trade-diff.csv"
"trade","TradePlayerItem2ItemButton/NormalTexture","","","NOT-DRAWN","NOT-DRAWN","live-runs\N2-0-3-14-trade-20260801-221500\trade-diff.csv"
"trade","TradePlayerItem2Name","","BACKGROUND","NOT-DRAWN","NOT-DRAWN","live-runs\N2-0-3-14-trade-20260801-221500\trade-diff.csv"
"trade","TradePlayerItem2NameFrame","","BACKGROUND","NOT-DRAWN","NOT-DRAWN","live-runs\N2-0-3-14-trade-20260801-221500\trade-diff.csv"
"trade","TradePlayerItem2SlotTexture","","BACKGROUND","NOT-DRAWN","NOT-DRAWN","live-runs\N2-0-3-14-trade-20260801-221500\trade-diff.csv"
"trade","TradePlayerItem3","","","NOT-DRAWN","NOT-DRAWN","live-runs\N2-0-3-14-trade-20260801-221500\trade-diff.csv"
"trade","TradePlayerItem3ItemButton","","","NOT-DRAWN","NOT-DRAWN","live-runs\N2-0-3-14-trade-20260801-221500\trade-diff.csv"
"trade","TradePlayerItem3ItemButton/NormalTexture","","","NOT-DRAWN","NOT-DRAWN","live-runs\N2-0-3-14-trade-20260801-221500\trade-diff.csv"
"trade","TradePlayerItem3Name","","BACKGROUND","NOT-DRAWN","NOT-DRAWN","live-runs\N2-0-3-14-trade-20260801-221500\trade-diff.csv"
"trade","TradePlayerItem3NameFrame","","BACKGROUND","NOT-DRAWN","NOT-DRAWN","live-runs\N2-0-3-14-trade-20260801-221500\trade-diff.csv"
"trade","TradePlayerItem3SlotTexture","","BACKGROUND","NOT-DRAWN","NOT-DRAWN","live-runs\N2-0-3-14-trade-20260801-221500\trade-diff.csv"
"trade","TradePlayerItem4","","","NOT-DRAWN","NOT-DRAWN","live-runs\N2-0-3-14-trade-20260801-221500\trade-diff.csv"
"trade","TradePlayerItem4ItemButton","","","NOT-DRAWN","NOT-DRAWN","live-runs\N2-0-3-14-trade-20260801-221500\trade-diff.csv"
"trade","TradePlayerItem4ItemButton/NormalTexture","","","NOT-DRAWN","NOT-DRAWN","live-runs\N2-0-3-14-trade-20260801-221500\trade-diff.csv"
"trade","TradePlayerItem4Name","","BACKGROUND","NOT-DRAWN","NOT-DRAWN","live-runs\N2-0-3-14-trade-20260801-221500\trade-diff.csv"
"trade","TradePlayerItem4NameFrame","","BACKGROUND","NOT-DRAWN","NOT-DRAWN","live-runs\N2-0-3-14-trade-20260801-221500\trade-diff.csv"
"trade","TradePlayerItem4SlotTexture","","BACKGROUND","NOT-DRAWN","NOT-DRAWN","live-runs\N2-0-3-14-trade-20260801-221500\trade-diff.csv"
"trade","TradePlayerItem5","","","NOT-DRAWN","NOT-DRAWN","live-runs\N2-0-3-14-trade-20260801-221500\trade-diff.csv"
"trade","TradePlayerItem5ItemButton","","","NOT-DRAWN","NOT-DRAWN","live-runs\N2-0-3-14-trade-20260801-221500\trade-diff.csv"
"trade","TradePlayerItem5ItemButton/NormalTexture","","","NOT-DRAWN","NOT-DRAWN","live-runs\N2-0-3-14-trade-20260801-221500\trade-diff.csv"
"trade","TradePlayerItem5Name","","BACKGROUND","NOT-DRAWN","NOT-DRAWN","live-runs\N2-0-3-14-trade-20260801-221500\trade-diff.csv"
"trade","TradePlayerItem5NameFrame","","BACKGROUND","NOT-DRAWN","NOT-DRAWN","live-runs\N2-0-3-14-trade-20260801-221500\trade-diff.csv"
"trade","TradePlayerItem5SlotTexture","","BACKGROUND","NOT-DRAWN","NOT-DRAWN","live-runs\N2-0-3-14-trade-20260801-221500\trade-diff.csv"
"trade","TradePlayerItem6","","","NOT-DRAWN","NOT-DRAWN","live-runs\N2-0-3-14-trade-20260801-221500\trade-diff.csv"
"trade","TradePlayerItem6ItemButton","","","NOT-DRAWN","NOT-DRAWN","live-runs\N2-0-3-14-trade-20260801-221500\trade-diff.csv"
"trade","TradePlayerItem6ItemButton/NormalTexture","","","NOT-DRAWN","NOT-DRAWN","live-runs\N2-0-3-14-trade-20260801-221500\trade-diff.csv"
"trade","TradePlayerItem6Name","","BACKGROUND","NOT-DRAWN","NOT-DRAWN","live-runs\N2-0-3-14-trade-20260801-221500\trade-diff.csv"
"trade","TradePlayerItem6NameFrame","","BACKGROUND","NOT-DRAWN","NOT-DRAWN","live-runs\N2-0-3-14-trade-20260801-221500\trade-diff.csv"
"trade","TradePlayerItem6SlotTexture","","BACKGROUND","NOT-DRAWN","NOT-DRAWN","live-runs\N2-0-3-14-trade-20260801-221500\trade-diff.csv"
"trade","TradePlayerItem7","","","NOT-DRAWN","NOT-DRAWN","live-runs\N2-0-3-14-trade-20260801-221500\trade-diff.csv"
"trade","TradePlayerItem7/Texture","","ARTWORK","NOT-DRAWN","NOT-DRAWN","live-runs\N2-0-3-14-trade-20260801-221500\trade-diff.csv"
"trade","TradePlayerItem7ItemButton","","","NOT-DRAWN","NOT-DRAWN","live-runs\N2-0-3-14-trade-20260801-221500\trade-diff.csv"
"trade","TradePlayerItem7ItemButton/NormalTexture","","","NOT-DRAWN","NOT-DRAWN","live-runs\N2-0-3-14-trade-20260801-221500\trade-diff.csv"
"trade","TradePlayerItem7Name","","BACKGROUND","NOT-DRAWN","NOT-DRAWN","live-runs\N2-0-3-14-trade-20260801-221500\trade-diff.csv"
"trade","TradePlayerItem7NameFrame","","BACKGROUND","NOT-DRAWN","NOT-DRAWN","live-runs\N2-0-3-14-trade-20260801-221500\trade-diff.csv"
"trade","TradePlayerItem7SlotTexture","","BACKGROUND","NOT-DRAWN","NOT-DRAWN","live-runs\N2-0-3-14-trade-20260801-221500\trade-diff.csv"
"trade","TradeRecipientItem1","","","NOT-DRAWN","NOT-DRAWN","live-runs\N2-0-3-14-trade-20260801-221500\trade-diff.csv"
"trade","TradeRecipientItem1ItemButton","","","NOT-DRAWN","NOT-DRAWN","live-runs\N2-0-3-14-trade-20260801-221500\trade-diff.csv"
"trade","TradeRecipientItem1ItemButton/NormalTexture","","","NOT-DRAWN","NOT-DRAWN","live-runs\N2-0-3-14-trade-20260801-221500\trade-diff.csv"
"trade","TradeRecipientItem1Name","","BACKGROUND","NOT-DRAWN","NOT-DRAWN","live-runs\N2-0-3-14-trade-20260801-221500\trade-diff.csv"
"trade","TradeRecipientItem1NameFrame","","BACKGROUND","NOT-DRAWN","NOT-DRAWN","live-runs\N2-0-3-14-trade-20260801-221500\trade-diff.csv"
"trade","TradeRecipientItem1SlotTexture","","BACKGROUND","NOT-DRAWN","NOT-DRAWN","live-runs\N2-0-3-14-trade-20260801-221500\trade-diff.csv"
"trade","TradeRecipientItem2","","","NOT-DRAWN","NOT-DRAWN","live-runs\N2-0-3-14-trade-20260801-221500\trade-diff.csv"
"trade","TradeRecipientItem2ItemButton","","","NOT-DRAWN","NOT-DRAWN","live-runs\N2-0-3-14-trade-20260801-221500\trade-diff.csv"
"trade","TradeRecipientItem2ItemButton/NormalTexture","","","NOT-DRAWN","NOT-DRAWN","live-runs\N2-0-3-14-trade-20260801-221500\trade-diff.csv"
"trade","TradeRecipientItem2Name","","BACKGROUND","NOT-DRAWN","NOT-DRAWN","live-runs\N2-0-3-14-trade-20260801-221500\trade-diff.csv"
"trade","TradeRecipientItem2NameFrame","","BACKGROUND","NOT-DRAWN","NOT-DRAWN","live-runs\N2-0-3-14-trade-20260801-221500\trade-diff.csv"
"trade","TradeRecipientItem2SlotTexture","","BACKGROUND","NOT-DRAWN","NOT-DRAWN","live-runs\N2-0-3-14-trade-20260801-221500\trade-diff.csv"
"trade","TradeRecipientItem3","","","NOT-DRAWN","NOT-DRAWN","live-runs\N2-0-3-14-trade-20260801-221500\trade-diff.csv"
"trade","TradeRecipientItem3ItemButton","","","NOT-DRAWN","NOT-DRAWN","live-runs\N2-0-3-14-trade-20260801-221500\trade-diff.csv"
"trade","TradeRecipientItem3ItemButton/NormalTexture","","","NOT-DRAWN","NOT-DRAWN","live-runs\N2-0-3-14-trade-20260801-221500\trade-diff.csv"
"trade","TradeRecipientItem3Name","","BACKGROUND","NOT-DRAWN","NOT-DRAWN","live-runs\N2-0-3-14-trade-20260801-221500\trade-diff.csv"
"trade","TradeRecipientItem3NameFrame","","BACKGROUND","NOT-DRAWN","NOT-DRAWN","live-runs\N2-0-3-14-trade-20260801-221500\trade-diff.csv"
"trade","TradeRecipientItem3SlotTexture","","BACKGROUND","NOT-DRAWN","NOT-DRAWN","live-runs\N2-0-3-14-trade-20260801-221500\trade-diff.csv"
"trade","TradeRecipientItem4","","","NOT-DRAWN","NOT-DRAWN","live-runs\N2-0-3-14-trade-20260801-221500\trade-diff.csv"
"trade","TradeRecipientItem4ItemButton","","","NOT-DRAWN","NOT-DRAWN","live-runs\N2-0-3-14-trade-20260801-221500\trade-diff.csv"
"trade","TradeRecipientItem4ItemButton/NormalTexture","","","NOT-DRAWN","NOT-DRAWN","live-runs\N2-0-3-14-trade-20260801-221500\trade-diff.csv"
"trade","TradeRecipientItem4Name","","BACKGROUND","NOT-DRAWN","NOT-DRAWN","live-runs\N2-0-3-14-trade-20260801-221500\trade-diff.csv"
"trade","TradeRecipientItem4NameFrame","","BACKGROUND","NOT-DRAWN","NOT-DRAWN","live-runs\N2-0-3-14-trade-20260801-221500\trade-diff.csv"
"trade","TradeRecipientItem4SlotTexture","","BACKGROUND","NOT-DRAWN","NOT-DRAWN","live-runs\N2-0-3-14-trade-20260801-221500\trade-diff.csv"
"trade","TradeRecipientItem5","","","NOT-DRAWN","NOT-DRAWN","live-runs\N2-0-3-14-trade-20260801-221500\trade-diff.csv"
"trade","TradeRecipientItem5ItemButton","","","NOT-DRAWN","NOT-DRAWN","live-runs\N2-0-3-14-trade-20260801-221500\trade-diff.csv"
"trade","TradeRecipientItem5ItemButton/NormalTexture","","","NOT-DRAWN","NOT-DRAWN","live-runs\N2-0-3-14-trade-20260801-221500\trade-diff.csv"
"trade","TradeRecipientItem5Name","","BACKGROUND","NOT-DRAWN","NOT-DRAWN","live-runs\N2-0-3-14-trade-20260801-221500\trade-diff.csv"
"trade","TradeRecipientItem5NameFrame","","BACKGROUND","NOT-DRAWN","NOT-DRAWN","live-runs\N2-0-3-14-trade-20260801-221500\trade-diff.csv"
"trade","TradeRecipientItem5SlotTexture","","BACKGROUND","NOT-DRAWN","NOT-DRAWN","live-runs\N2-0-3-14-trade-20260801-221500\trade-diff.csv"
"trade","TradeRecipientItem6","","","NOT-DRAWN","NOT-DRAWN","live-runs\N2-0-3-14-trade-20260801-221500\trade-diff.csv"
"trade","TradeRecipientItem6ItemButton","","","NOT-DRAWN","NOT-DRAWN","live-runs\N2-0-3-14-trade-20260801-221500\trade-diff.csv"
"trade","TradeRecipientItem6ItemButton/NormalTexture","","","NOT-DRAWN","NOT-DRAWN","live-runs\N2-0-3-14-trade-20260801-221500\trade-diff.csv"
"trade","TradeRecipientItem6Name","","BACKGROUND","NOT-DRAWN","NOT-DRAWN","live-runs\N2-0-3-14-trade-20260801-221500\trade-diff.csv"
"trade","TradeRecipientItem6NameFrame","","BACKGROUND","NOT-DRAWN","NOT-DRAWN","live-runs\N2-0-3-14-trade-20260801-221500\trade-diff.csv"
"trade","TradeRecipientItem6SlotTexture","","BACKGROUND","NOT-DRAWN","NOT-DRAWN","live-runs\N2-0-3-14-trade-20260801-221500\trade-diff.csv"
"trade","TradeRecipientItem7","","","NOT-DRAWN","NOT-DRAWN","live-runs\N2-0-3-14-trade-20260801-221500\trade-diff.csv"
"trade","TradeRecipientItem7/Texture","","ARTWORK","NOT-DRAWN","NOT-DRAWN","live-runs\N2-0-3-14-trade-20260801-221500\trade-diff.csv"
"trade","TradeRecipientItem7ItemButton","","","NOT-DRAWN","NOT-DRAWN","live-runs\N2-0-3-14-trade-20260801-221500\trade-diff.csv"
"trade","TradeRecipientItem7ItemButton/NormalTexture","","","NOT-DRAWN","NOT-DRAWN","live-runs\N2-0-3-14-trade-20260801-221500\trade-diff.csv"
"trade","TradeRecipientItem7Name","","BACKGROUND","NOT-DRAWN","NOT-DRAWN","live-runs\N2-0-3-14-trade-20260801-221500\trade-diff.csv"
"trade","TradeRecipientItem7NameFrame","","BACKGROUND","NOT-DRAWN","NOT-DRAWN","live-runs\N2-0-3-14-trade-20260801-221500\trade-diff.csv"
"trade","TradeRecipientItem7SlotTexture","","BACKGROUND","NOT-DRAWN","NOT-DRAWN","live-runs\N2-0-3-14-trade-20260801-221500\trade-diff.csv"
"trade","TradeRecipientMoneyFrame","","","NOT-DRAWN","NOT-DRAWN","live-runs\N2-0-3-14-trade-20260801-221500\trade-diff.csv"
"trainer","ClassTrainerAvailableButton","","","NOT-DRAWN","NOT-DRAWN","live-runs\N2-0-3-6-trainer-20260801-201500\trainer-diff.csv"
"trainer","ClassTrainerAvailableButton/CheckedTexture","","","NOT-DRAWN","NOT-DRAWN","live-runs\N2-0-3-6-trainer-20260801-201500\trainer-diff.csv"
"trainer","ClassTrainerAvailableButton/HighlightTexture","","","NOT-DRAWN","NOT-DRAWN","live-runs\N2-0-3-6-trainer-20260801-201500\trainer-diff.csv"
"trainer","ClassTrainerAvailableButton/NormalTexture","","","NOT-DRAWN","NOT-DRAWN","live-runs\N2-0-3-6-trainer-20260801-201500\trainer-diff.csv"
"trainer","ClassTrainerAvailableButton/PushedTexture","","","NOT-DRAWN","NOT-DRAWN","live-runs\N2-0-3-6-trainer-20260801-201500\trainer-diff.csv"
"trainer","ClassTrainerAvailableButtonText","","ARTWORK","NOT-DRAWN","NOT-DRAWN","live-runs\N2-0-3-6-trainer-20260801-201500\trainer-diff.csv"
"trainer","ClassTrainerCancelButton","","","NOT-DRAWN","NOT-DRAWN","live-runs\N2-0-3-6-trainer-20260801-201500\trainer-diff.csv"
"trainer","ClassTrainerCancelButton/DisabledTexture","","","NOT-DRAWN","NOT-DRAWN","live-runs\N2-0-3-6-trainer-20260801-201500\trainer-diff.csv"
"trainer","ClassTrainerCancelButton/HighlightTexture","","","NOT-DRAWN","NOT-DRAWN","live-runs\N2-0-3-6-trainer-20260801-201500\trainer-diff.csv"
"trainer","ClassTrainerCancelButton/NormalTexture","","","NOT-DRAWN","NOT-DRAWN","live-runs\N2-0-3-6-trainer-20260801-201500\trainer-diff.csv"
"trainer","ClassTrainerCancelButton/PushedTexture","","","NOT-DRAWN","NOT-DRAWN","live-runs\N2-0-3-6-trainer-20260801-201500\trainer-diff.csv"
"trainer","ClassTrainerCollapseAllButton","","","NOT-DRAWN","NOT-DRAWN","live-runs\N2-0-3-6-trainer-20260801-201500\trainer-diff.csv"
"trainer","ClassTrainerCollapseAllButton/DisabledTexture","","","NOT-DRAWN","NOT-DRAWN","live-runs\N2-0-3-6-trainer-20260801-201500\trainer-diff.csv"
"trainer","ClassTrainerCollapseAllButton/NormalTexture","","","NOT-DRAWN","NOT-DRAWN","live-runs\N2-0-3-6-trainer-20260801-201500\trainer-diff.csv"
"trainer","ClassTrainerCollapseAllButtonHighlight","","","NOT-DRAWN","NOT-DRAWN","live-runs\N2-0-3-6-trainer-20260801-201500\trainer-diff.csv"
"trainer","ClassTrainerCollapseAllButtonSubText","","BACKGROUND","NOT-DRAWN","NOT-DRAWN","live-runs\N2-0-3-6-trainer-20260801-201500\trainer-diff.csv"
"trainer","ClassTrainerExpandButtonFrame","","","NOT-DRAWN","NOT-DRAWN","live-runs\N2-0-3-6-trainer-20260801-201500\trainer-diff.csv"
"trainer","ClassTrainerExpandButtonFrame/Texture","","BACKGROUND","NOT-DRAWN","NOT-DRAWN","live-runs\N2-0-3-6-trainer-20260801-201500\trainer-diff.csv"
"trainer","ClassTrainerExpandTabLeft","","BACKGROUND","NOT-DRAWN","NOT-DRAWN","live-runs\N2-0-3-6-trainer-20260801-201500\trainer-diff.csv"
"trainer","ClassTrainerExpandTabMiddle","","BACKGROUND","NOT-DRAWN","NOT-DRAWN","live-runs\N2-0-3-6-trainer-20260801-201500\trainer-diff.csv"
"trainer","ClassTrainerFrame","","","IMGUI_WINDOW|IMGUI_HOST","DELTA","live-runs\N2-0-3-6-trainer-20260801-201500\trainer-diff.csv"
"trainer","ClassTrainerFrame/Texture","","BORDER","IMGUI_WINDOW|IMGUI_IMAGE","DELTA","live-runs\N2-0-3-6-trainer-20260801-201500\trainer-diff.csv"
"trainer","ClassTrainerFrame/Texture#2","","BORDER","IMGUI_WINDOW|IMGUI_IMAGE","DELTA","live-runs\N2-0-3-6-trainer-20260801-201500\trainer-diff.csv"
"trainer","ClassTrainerFrame/Texture#3","","ARTWORK","NOT-DRAWN","NOT-DRAWN","live-runs\N2-0-3-6-trainer-20260801-201500\trainer-diff.csv"
"trainer","ClassTrainerFrameBottomLeft","","BORDER","IMGUI_WINDOW|IMGUI_IMAGE","DELTA","live-runs\N2-0-3-6-trainer-20260801-201500\trainer-diff.csv"
"trainer","ClassTrainerFrameBottomRight","","BORDER","IMGUI_WINDOW|IMGUI_IMAGE","DELTA","live-runs\N2-0-3-6-trainer-20260801-201500\trainer-diff.csv"
"trainer","ClassTrainerFrameCloseButton","","","NOT-DRAWN","NOT-DRAWN","live-runs\N2-0-3-6-trainer-20260801-201500\trainer-diff.csv"
"trainer","ClassTrainerFrameCloseButton/HighlightTexture","","","NOT-DRAWN","NOT-DRAWN","live-runs\N2-0-3-6-trainer-20260801-201500\trainer-diff.csv"
"trainer","ClassTrainerFrameCloseButton/NormalTexture","","","NOT-DRAWN","NOT-DRAWN","live-runs\N2-0-3-6-trainer-20260801-201500\trainer-diff.csv"
"trainer","ClassTrainerFrameCloseButton/PushedTexture","","","NOT-DRAWN","NOT-DRAWN","live-runs\N2-0-3-6-trainer-20260801-201500\trainer-diff.csv"
"trainer","ClassTrainerFramePortrait","","BACKGROUND","NOT-DRAWN","NOT-DRAWN","live-runs\N2-0-3-6-trainer-20260801-201500\trainer-diff.csv"
"trainer","ClassTrainerGreetingText","","BORDER","NOT-DRAWN","NOT-DRAWN","live-runs\N2-0-3-6-trainer-20260801-201500\trainer-diff.csv"
"trainer","ClassTrainerHorizontalBarLeft","","ARTWORK","NOT-DRAWN","NOT-DRAWN","live-runs\N2-0-3-6-trainer-20260801-201500\trainer-diff.csv"
"trainer","ClassTrainerMoneyFrame","","","NOT-DRAWN","NOT-DRAWN","live-runs\N2-0-3-6-trainer-20260801-201500\trainer-diff.csv"
"trainer","ClassTrainerNameText","","BORDER","NOT-DRAWN","NOT-DRAWN","live-runs\N2-0-3-6-trainer-20260801-201500\trainer-diff.csv"
"trainer","ClassTrainerSkill1","","","NOT-DRAWN","NOT-DRAWN","live-runs\N2-0-3-6-trainer-20260801-201500\trainer-diff.csv"
"trainer","ClassTrainerSkill1/DisabledTexture","","","NOT-DRAWN","NOT-DRAWN","live-runs\N2-0-3-6-trainer-20260801-201500\trainer-diff.csv"
"trainer","ClassTrainerSkill1/NormalTexture","","","NOT-DRAWN","NOT-DRAWN","live-runs\N2-0-3-6-trainer-20260801-201500\trainer-diff.csv"
"trainer","ClassTrainerSkill10","","","NOT-DRAWN","NOT-DRAWN","live-runs\N2-0-3-6-trainer-20260801-201500\trainer-diff.csv"
"trainer","ClassTrainerSkill10/DisabledTexture","","","NOT-DRAWN","NOT-DRAWN","live-runs\N2-0-3-6-trainer-20260801-201500\trainer-diff.csv"
"trainer","ClassTrainerSkill10/NormalTexture","","","NOT-DRAWN","NOT-DRAWN","live-runs\N2-0-3-6-trainer-20260801-201500\trainer-diff.csv"
"trainer","ClassTrainerSkill10Highlight","","","NOT-DRAWN","NOT-DRAWN","live-runs\N2-0-3-6-trainer-20260801-201500\trainer-diff.csv"
"trainer","ClassTrainerSkill10SubText","","BACKGROUND","NOT-DRAWN","NOT-DRAWN","live-runs\N2-0-3-6-trainer-20260801-201500\trainer-diff.csv"
"trainer","ClassTrainerSkill11","","","NOT-DRAWN","NOT-DRAWN","live-runs\N2-0-3-6-trainer-20260801-201500\trainer-diff.csv"
"trainer","ClassTrainerSkill11/DisabledTexture","","","NOT-DRAWN","NOT-DRAWN","live-runs\N2-0-3-6-trainer-20260801-201500\trainer-diff.csv"
"trainer","ClassTrainerSkill11/NormalTexture","","","NOT-DRAWN","NOT-DRAWN","live-runs\N2-0-3-6-trainer-20260801-201500\trainer-diff.csv"
"trainer","ClassTrainerSkill11Highlight","","","NOT-DRAWN","NOT-DRAWN","live-runs\N2-0-3-6-trainer-20260801-201500\trainer-diff.csv"
"trainer","ClassTrainerSkill11SubText","","BACKGROUND","NOT-DRAWN","NOT-DRAWN","live-runs\N2-0-3-6-trainer-20260801-201500\trainer-diff.csv"
"trainer","ClassTrainerSkill1Highlight","","","NOT-DRAWN","NOT-DRAWN","live-runs\N2-0-3-6-trainer-20260801-201500\trainer-diff.csv"
"trainer","ClassTrainerSkill1SubText","","BACKGROUND","NOT-DRAWN","NOT-DRAWN","live-runs\N2-0-3-6-trainer-20260801-201500\trainer-diff.csv"
"trainer","ClassTrainerSkill2","","","NOT-DRAWN","NOT-DRAWN","live-runs\N2-0-3-6-trainer-20260801-201500\trainer-diff.csv"
"trainer","ClassTrainerSkill2/DisabledTexture","","","NOT-DRAWN","NOT-DRAWN","live-runs\N2-0-3-6-trainer-20260801-201500\trainer-diff.csv"
"trainer","ClassTrainerSkill2/NormalTexture","","","NOT-DRAWN","NOT-DRAWN","live-runs\N2-0-3-6-trainer-20260801-201500\trainer-diff.csv"
"trainer","ClassTrainerSkill2Highlight","","","NOT-DRAWN","NOT-DRAWN","live-runs\N2-0-3-6-trainer-20260801-201500\trainer-diff.csv"
"trainer","ClassTrainerSkill2SubText","","BACKGROUND","NOT-DRAWN","NOT-DRAWN","live-runs\N2-0-3-6-trainer-20260801-201500\trainer-diff.csv"
"trainer","ClassTrainerSkill3","","","NOT-DRAWN","NOT-DRAWN","live-runs\N2-0-3-6-trainer-20260801-201500\trainer-diff.csv"
"trainer","ClassTrainerSkill3/DisabledTexture","","","NOT-DRAWN","NOT-DRAWN","live-runs\N2-0-3-6-trainer-20260801-201500\trainer-diff.csv"
"trainer","ClassTrainerSkill3/NormalTexture","","","NOT-DRAWN","NOT-DRAWN","live-runs\N2-0-3-6-trainer-20260801-201500\trainer-diff.csv"
"trainer","ClassTrainerSkill3Highlight","","","NOT-DRAWN","NOT-DRAWN","live-runs\N2-0-3-6-trainer-20260801-201500\trainer-diff.csv"
"trainer","ClassTrainerSkill3SubText","","BACKGROUND","NOT-DRAWN","NOT-DRAWN","live-runs\N2-0-3-6-trainer-20260801-201500\trainer-diff.csv"
"trainer","ClassTrainerSkill4","","","NOT-DRAWN","NOT-DRAWN","live-runs\N2-0-3-6-trainer-20260801-201500\trainer-diff.csv"
"trainer","ClassTrainerSkill4/DisabledTexture","","","NOT-DRAWN","NOT-DRAWN","live-runs\N2-0-3-6-trainer-20260801-201500\trainer-diff.csv"
"trainer","ClassTrainerSkill4/NormalTexture","","","NOT-DRAWN","NOT-DRAWN","live-runs\N2-0-3-6-trainer-20260801-201500\trainer-diff.csv"
"trainer","ClassTrainerSkill4Highlight","","","NOT-DRAWN","NOT-DRAWN","live-runs\N2-0-3-6-trainer-20260801-201500\trainer-diff.csv"
"trainer","ClassTrainerSkill4SubText","","BACKGROUND","NOT-DRAWN","NOT-DRAWN","live-runs\N2-0-3-6-trainer-20260801-201500\trainer-diff.csv"
"trainer","ClassTrainerSkill5","","","NOT-DRAWN","NOT-DRAWN","live-runs\N2-0-3-6-trainer-20260801-201500\trainer-diff.csv"
"trainer","ClassTrainerSkill5/DisabledTexture","","","NOT-DRAWN","NOT-DRAWN","live-runs\N2-0-3-6-trainer-20260801-201500\trainer-diff.csv"
"trainer","ClassTrainerSkill5/NormalTexture","","","NOT-DRAWN","NOT-DRAWN","live-runs\N2-0-3-6-trainer-20260801-201500\trainer-diff.csv"
"trainer","ClassTrainerSkill5Highlight","","","NOT-DRAWN","NOT-DRAWN","live-runs\N2-0-3-6-trainer-20260801-201500\trainer-diff.csv"
"trainer","ClassTrainerSkill5SubText","","BACKGROUND","NOT-DRAWN","NOT-DRAWN","live-runs\N2-0-3-6-trainer-20260801-201500\trainer-diff.csv"
"trainer","ClassTrainerSkill6","","","NOT-DRAWN","NOT-DRAWN","live-runs\N2-0-3-6-trainer-20260801-201500\trainer-diff.csv"
"trainer","ClassTrainerSkill6/DisabledTexture","","","NOT-DRAWN","NOT-DRAWN","live-runs\N2-0-3-6-trainer-20260801-201500\trainer-diff.csv"
"trainer","ClassTrainerSkill6/NormalTexture","","","NOT-DRAWN","NOT-DRAWN","live-runs\N2-0-3-6-trainer-20260801-201500\trainer-diff.csv"
"trainer","ClassTrainerSkill6Highlight","","","NOT-DRAWN","NOT-DRAWN","live-runs\N2-0-3-6-trainer-20260801-201500\trainer-diff.csv"
"trainer","ClassTrainerSkill6SubText","","BACKGROUND","NOT-DRAWN","NOT-DRAWN","live-runs\N2-0-3-6-trainer-20260801-201500\trainer-diff.csv"
"trainer","ClassTrainerSkill7","","","NOT-DRAWN","NOT-DRAWN","live-runs\N2-0-3-6-trainer-20260801-201500\trainer-diff.csv"
"trainer","ClassTrainerSkill7/DisabledTexture","","","NOT-DRAWN","NOT-DRAWN","live-runs\N2-0-3-6-trainer-20260801-201500\trainer-diff.csv"
"trainer","ClassTrainerSkill7/NormalTexture","","","NOT-DRAWN","NOT-DRAWN","live-runs\N2-0-3-6-trainer-20260801-201500\trainer-diff.csv"
"trainer","ClassTrainerSkill7Highlight","","","NOT-DRAWN","NOT-DRAWN","live-runs\N2-0-3-6-trainer-20260801-201500\trainer-diff.csv"
"trainer","ClassTrainerSkill7SubText","","BACKGROUND","NOT-DRAWN","NOT-DRAWN","live-runs\N2-0-3-6-trainer-20260801-201500\trainer-diff.csv"
"trainer","ClassTrainerSkill8","","","NOT-DRAWN","NOT-DRAWN","live-runs\N2-0-3-6-trainer-20260801-201500\trainer-diff.csv"
"trainer","ClassTrainerSkill8/DisabledTexture","","","NOT-DRAWN","NOT-DRAWN","live-runs\N2-0-3-6-trainer-20260801-201500\trainer-diff.csv"
"trainer","ClassTrainerSkill8/NormalTexture","","","NOT-DRAWN","NOT-DRAWN","live-runs\N2-0-3-6-trainer-20260801-201500\trainer-diff.csv"
"trainer","ClassTrainerSkill8Highlight","","","NOT-DRAWN","NOT-DRAWN","live-runs\N2-0-3-6-trainer-20260801-201500\trainer-diff.csv"
"trainer","ClassTrainerSkill8SubText","","BACKGROUND","NOT-DRAWN","NOT-DRAWN","live-runs\N2-0-3-6-trainer-20260801-201500\trainer-diff.csv"
"trainer","ClassTrainerSkill9","","","NOT-DRAWN","NOT-DRAWN","live-runs\N2-0-3-6-trainer-20260801-201500\trainer-diff.csv"
"trainer","ClassTrainerSkill9/DisabledTexture","","","NOT-DRAWN","NOT-DRAWN","live-runs\N2-0-3-6-trainer-20260801-201500\trainer-diff.csv"
"trainer","ClassTrainerSkill9/NormalTexture","","","NOT-DRAWN","NOT-DRAWN","live-runs\N2-0-3-6-trainer-20260801-201500\trainer-diff.csv"
"trainer","ClassTrainerSkill9Highlight","","","NOT-DRAWN","NOT-DRAWN","live-runs\N2-0-3-6-trainer-20260801-201500\trainer-diff.csv"
"trainer","ClassTrainerSkill9SubText","","BACKGROUND","NOT-DRAWN","NOT-DRAWN","live-runs\N2-0-3-6-trainer-20260801-201500\trainer-diff.csv"
"trainer","ClassTrainerSortFrame","","","NOT-DRAWN","NOT-DRAWN","live-runs\N2-0-3-6-trainer-20260801-201500\trainer-diff.csv"
"trainer","ClassTrainerSortFrameLeft","","BACKGROUND","NOT-DRAWN","NOT-DRAWN","live-runs\N2-0-3-6-trainer-20260801-201500\trainer-diff.csv"
"trainer","ClassTrainerSortFrameMiddle","","BACKGROUND","NOT-DRAWN","NOT-DRAWN","live-runs\N2-0-3-6-trainer-20260801-201500\trainer-diff.csv"
"trainer","ClassTrainerSortFrameRight","","BACKGROUND","NOT-DRAWN","NOT-DRAWN","live-runs\N2-0-3-6-trainer-20260801-201500\trainer-diff.csv"
"trainer","ClassTrainerTrainButton","","","NOT-DRAWN","NOT-DRAWN","live-runs\N2-0-3-6-trainer-20260801-201500\trainer-diff.csv"
"trainer","ClassTrainerTrainButton/DisabledTexture","","","NOT-DRAWN","NOT-DRAWN","live-runs\N2-0-3-6-trainer-20260801-201500\trainer-diff.csv"
"trainer","ClassTrainerTrainButton/HighlightTexture","","","NOT-DRAWN","NOT-DRAWN","live-runs\N2-0-3-6-trainer-20260801-201500\trainer-diff.csv"
"trainer","ClassTrainerTrainButton/NormalTexture","","","NOT-DRAWN","NOT-DRAWN","live-runs\N2-0-3-6-trainer-20260801-201500\trainer-diff.csv"
"trainer","ClassTrainerTrainButton/PushedTexture","","","NOT-DRAWN","NOT-DRAWN","live-runs\N2-0-3-6-trainer-20260801-201500\trainer-diff.csv"
"trainer","ClassTrainerUnavailableButton","","","NOT-DRAWN","NOT-DRAWN","live-runs\N2-0-3-6-trainer-20260801-201500\trainer-diff.csv"
"trainer","ClassTrainerUnavailableButton/CheckedTexture","","","NOT-DRAWN","NOT-DRAWN","live-runs\N2-0-3-6-trainer-20260801-201500\trainer-diff.csv"
"trainer","ClassTrainerUnavailableButton/HighlightTexture","","","NOT-DRAWN","NOT-DRAWN","live-runs\N2-0-3-6-trainer-20260801-201500\trainer-diff.csv"
"trainer","ClassTrainerUnavailableButton/NormalTexture","","","NOT-DRAWN","NOT-DRAWN","live-runs\N2-0-3-6-trainer-20260801-201500\trainer-diff.csv"
"trainer","ClassTrainerUnavailableButton/PushedTexture","","","NOT-DRAWN","NOT-DRAWN","live-runs\N2-0-3-6-trainer-20260801-201500\trainer-diff.csv"
"trainer","ClassTrainerUnavailableButtonText","","ARTWORK","NOT-DRAWN","NOT-DRAWN","live-runs\N2-0-3-6-trainer-20260801-201500\trainer-diff.csv"
"trainer","ClassTrainerUsedButton","","","NOT-DRAWN","NOT-DRAWN","live-runs\N2-0-3-6-trainer-20260801-201500\trainer-diff.csv"
"trainer","ClassTrainerUsedButton/CheckedTexture","","","NOT-DRAWN","NOT-DRAWN","live-runs\N2-0-3-6-trainer-20260801-201500\trainer-diff.csv"
"trainer","ClassTrainerUsedButton/HighlightTexture","","","NOT-DRAWN","NOT-DRAWN","live-runs\N2-0-3-6-trainer-20260801-201500\trainer-diff.csv"
"trainer","ClassTrainerUsedButton/NormalTexture","","","NOT-DRAWN","NOT-DRAWN","live-runs\N2-0-3-6-trainer-20260801-201500\trainer-diff.csv"
"trainer","ClassTrainerUsedButton/PushedTexture","","","NOT-DRAWN","NOT-DRAWN","live-runs\N2-0-3-6-trainer-20260801-201500\trainer-diff.csv"
"trainer","ClassTrainerUsedButtonText","","ARTWORK","NOT-DRAWN","NOT-DRAWN","live-runs\N2-0-3-6-trainer-20260801-201500\trainer-diff.csv"
"ui-errors","UIErrorsFrame","HIGH","","IMGUI_WINDOW|IMGUI_FOREGROUND","DELTA","live-runs\N2-0-4-6-ui-errors-20260801-234500\ui-errors-diff.csv"
"ui-errors","UIErrorsFrame/FontString","HIGH","","IMGUI_WINDOW|IMGUI_FOREGROUND","DELTA","live-runs\N2-0-4-6-ui-errors-20260801-234500\ui-errors-diff.csv"
